typicalDate,typicalTime,track,sample,year,month,day,hour,lat,lon,pressureReducedToMeanSeaLevel,base_dt,valid_dt,pressure
20260704,000000,10W,1,2026,7,4,0,20.5,107.8,98700.0,2026-07-04,2026-07-04,987.0
20260704,000000,10W,1,2026,7,4,0,21.2,108.0,98600.0,2026-07-04,2026-07-04,986.0
20260704,000000,10W,1,2026,7,4,0,22.0,107.7,99300.0,2026-07-04,2026-07-04,993.0
20260704,000000,10W,1,2026,7,4,0,22.7,108.0,99500.0,2026-07-04,2026-07-04,995.0
20260704,000000,10W,1,2026,7,4,0,23.3,108.10000000000001,99400.0,2026-07-04,2026-07-04,994.0
20260704,000000,10W,1,2026,7,4,0,24.3,108.4,99500.0,2026-07-04,2026-07-04,995.0
20260704,000000,10W,1,2026,7,4,0,25.2,108.4,99800.0,2026-07-04,2026-07-04,998.0
20260704,000000,10W,1,2026,7,4,0,26.2,109.10000000000001,99700.0,2026-07-04,2026-07-04,997.0
20260704,000000,10W,1,2026,7,4,0,27.400000000000002,109.8,99500.0,2026-07-04,2026-07-04,995.0
20260704,000000,10W,1,2026,7,4,0,28.2,109.8,99500.0,2026-07-04,2026-07-04,995.0
20260704,000000,10W,1,2026,7,4,0,29.0,111.0,99400.0,2026-07-04,2026-07-04,994.0
20260704,000000,10W,1,2026,7,4,0,30.2,112.8,99100.0,2026-07-04,2026-07-04,991.0
20260704,000000,10W,1,2026,7,4,0,31.2,114.0,99100.0,2026-07-04,2026-07-04,991.0
20260704,000000,10W,1,2026,7,4,0,32.4,116.10000000000001,99200.0,2026-07-04,2026-07-04,992.0
20260704,000000,10W,1,2026,7,4,0,33.5,118.2,99100.0,2026-07-04,2026-07-04,991.0
20260704,000000,10W,1,2026,7,4,0,34.9,120.8,99000.0,2026-07-04,2026-07-04,990.0
20260704,000000,10W,1,2026,7,4,0,36.5,122.9,99000.0,2026-07-04,2026-07-04,990.0
20260704,000000,10W,1,2026,7,4,0,38.0,124.9,99400.0,2026-07-04,2026-07-04,994.0
20260704,000000,10W,1,2026,7,4,0,38.6,128.2,99700.0,2026-07-04,2026-07-04,997.0
20260704,000000,10W,2,2026,7,4,0,20.7,107.7,99400.0,2026-07-04,2026-07-04,994.0
20260704,000000,10W,2,2026,7,4,0,21.400000000000002,107.8,99400.0,2026-07-04,2026-07-04,994.0
20260704,000000,10W,2,2026,7,4,0,22.3,107.5,99500.0,2026-07-04,2026-07-04,995.0
20260704,000000,10W,2,2026,7,4,0,22.8,108.0,99500.0,2026-07-04,2026-07-04,995.0
20260704,000000,10W,2,2026,7,4,0,23.3,108.2,99500.0,2026-07-04,2026-07-04,995.0
20260704,000000,10W,2,2026,7,4,0,24.7,108.60000000000001,99600.0,2026-07-04,2026-07-04,996.0
20260704,000000,10W,2,2026,7,4,0,25.6,109.0,99800.0,2026-07-04,2026-07-04,998.0
20260704,000000,10W,2,2026,7,4,0,26.3,109.5,99600.0,2026-07-04,2026-07-04,996.0
20260704,000000,10W,2,2026,7,4,0,27.6,109.8,99500.0,2026-07-04,2026-07-04,995.0
20260704,000000,10W,2,2026,7,4,0,28.2,110.3,99500.0,2026-07-04,2026-07-04,995.0
20260704,000000,10W,2,2026,7,4,0,29.2,111.4,99200.0,2026-07-04,2026-07-04,992.0
20260704,000000,10W,2,2026,7,4,0,30.0,112.7,99100.0,2026-07-04,2026-07-04,991.0
20260704,000000,10W,2,2026,7,4,0,30.900000000000002,114.10000000000001,99300.0,2026-07-04,2026-07-04,993.0
20260704,000000,10W,2,2026,7,4,0,32.1,116.0,99400.0,2026-07-04,2026-07-04,994.0
20260704,000000,10W,2,2026,7,4,0,34.1,118.8,99300.0,2026-07-04,2026-07-04,993.0
20260704,000000,10W,2,2026,7,4,0,35.800000000000004,121.3,98500.0,2026-07-04,2026-07-04,985.0
20260704,000000,10W,2,2026,7,4,0,37.7,122.9,98400.0,2026-07-04,2026-07-04,984.0
20260704,000000,10W,2,2026,7,4,0,39.4,124.5,98800.0,2026-07-04,2026-07-04,988.0
20260704,000000,10W,2,2026,7,4,0,40.9,126.60000000000001,99500.0,2026-07-04,2026-07-04,995.0
20260704,000000,10W,2,2026,7,4,0,43.7,128.8,100000.0,2026-07-04,2026-07-04,1000.0
20260704,000000,10W,2,2026,7,4,0,45.300000000000004,128.1,100300.0,2026-07-04,2026-07-04,1003.0
20260704,000000,10W,2,2026,7,4,0,46.0,129.3,100400.0,2026-07-04,2026-07-04,1004.0
20260704,000000,10W,2,2026,7,4,0,46.0,129.4,100400.0,2026-07-04,2026-07-04,1004.0
20260704,000000,10W,3,2026,7,4,0,20.400000000000002,107.7,99500.0,2026-07-04,2026-07-04,995.0
20260704,000000,10W,3,2026,7,4,0,21.5,107.8,99600.0,2026-07-04,2026-07-04,996.0
20260704,000000,10W,3,2026,7,4,0,22.3,107.2,99800.0,2026-07-04,2026-07-04,998.0
20260704,000000,10W,3,2026,7,4,0,22.6,107.9,99700.0,2026-07-04,2026-07-04,997.0
20260704,000000,10W,3,2026,7,4,0,23.5,107.7,99700.0,2026-07-04,2026-07-04,997.0
20260704,000000,10W,3,2026,7,4,0,24.400000000000002,108.2,99800.0,2026-07-04,2026-07-04,998.0
20260704,000000,10W,3,2026,7,4,0,25.900000000000002,108.4,99900.0,2026-07-04,2026-07-04,999.0
20260704,000000,10W,3,2026,7,4,0,26.8,108.9,99800.0,2026-07-04,2026-07-04,998.0
20260704,000000,10W,3,2026,7,4,0,27.8,109.8,99300.0,2026-07-04,2026-07-04,993.0
20260704,000000,10W,3,2026,7,4,0,28.7,111.10000000000001,99400.0,2026-07-04,2026-07-04,994.0
20260704,000000,10W,3,2026,7,4,0,29.8,112.10000000000001,98900.0,2026-07-04,2026-07-04,989.0
20260704,000000,10W,3,2026,7,4,0,31.0,114.3,98200.0,2026-07-04,2026-07-04,982.0
20260704,000000,10W,3,2026,7,4,0,32.0,116.7,98700.0,2026-07-04,2026-07-04,987.0
20260704,000000,10W,3,2026,7,4,0,33.4,119.3,98500.0,2026-07-04,2026-07-04,985.0
20260704,000000,10W,3,2026,7,4,0,35.2,121.9,98400.0,2026-07-04,2026-07-04,984.0
20260704,000000,10W,3,2026,7,4,0,37.5,124.10000000000001,98300.0,2026-07-04,2026-07-04,983.0
20260704,000000,10W,3,2026,7,4,0,39.5,125.5,98600.0,2026-07-04,2026-07-04,986.0
20260704,000000,10W,3,2026,7,4,0,44.300000000000004,129.0,100000.0,2026-07-04,2026-07-04,1000.0
20260704,000000,10W,4,2026,7,4,0,20.6,107.9,99600.0,2026-07-04,2026-07-04,996.0
20260704,000000,10W,4,2026,7,4,0,22.0,107.7,99800.0,2026-07-04,2026-07-04,998.0
20260704,000000,10W,4,2026,7,4,0,22.8,107.9,99700.0,2026-07-04,2026-07-04,997.0
20260704,000000,10W,4,2026,7,4,0,23.3,108.10000000000001,99800.0,2026-07-04,2026-07-04,998.0
20260704,000000,10W,4,2026,7,4,0,24.400000000000002,108.60000000000001,99700.0,2026-07-04,2026-07-04,997.0
20260704,000000,10W,4,2026,7,4,0,25.7,109.60000000000001,99700.0,2026-07-04,2026-07-04,997.0
20260704,000000,10W,4,2026,7,4,0,26.6,110.0,99600.0,2026-07-04,2026-07-04,996.0
20260704,000000,10W,4,2026,7,4,0,27.7,111.3,99400.0,2026-07-04,2026-07-04,994.0
20260704,000000,10W,4,2026,7,4,0,28.5,111.7,99100.0,2026-07-04,2026-07-04,991.0
20260704,000000,10W,4,2026,7,4,0,29.6,113.0,99000.0,2026-07-04,2026-07-04,990.0
20260704,000000,10W,4,2026,7,4,0,30.7,114.7,99000.0,2026-07-04,2026-07-04,990.0
20260704,000000,10W,4,2026,7,4,0,32.0,117.4,99100.0,2026-07-04,2026-07-04,991.0
20260704,000000,10W,4,2026,7,4,0,34.0,120.3,98900.0,2026-07-04,2026-07-04,989.0
20260704,000000,10W,4,2026,7,4,0,36.1,122.4,99100.0,2026-07-04,2026-07-04,991.0
20260704,000000,10W,4,2026,7,4,0,38.9,123.5,98900.0,2026-07-04,2026-07-04,989.0
20260704,000000,10W,4,2026,7,4,0,41.9,124.3,99500.0,2026-07-04,2026-07-04,995.0
20260704,000000,10W,4,2026,7,4,0,47.5,125.7,99300.0,2026-07-04,2026-07-04,993.0
20260704,000000,10W,4,2026,7,4,0,48.5,125.60000000000001,99500.0,2026-07-04,2026-07-04,995.0
20260704,000000,10W,4,2026,7,4,0,49.5,125.10000000000001,99500.0,2026-07-04,2026-07-04,995.0
20260704,000000,10W,4,2026,7,4,0,50.2,124.8,99600.0,2026-07-04,2026-07-04,996.0
20260704,000000,10W,4,2026,7,4,0,51.300000000000004,125.2,99700.0,2026-07-04,2026-07-04,997.0
20260704,000000,10W,5,2026,7,4,0,20.6,107.4,99000.0,2026-07-04,2026-07-04,990.0
20260704,000000,10W,5,2026,7,4,0,21.2,107.5,99100.0,2026-07-04,2026-07-04,991.0
20260704,000000,10W,5,2026,7,4,0,21.900000000000002,107.7,99200.0,2026-07-04,2026-07-04,992.0
20260704,000000,10W,5,2026,7,4,0,22.6,107.8,99300.0,2026-07-04,2026-07-04,993.0
20260704,000000,10W,5,2026,7,4,0,23.1,108.2,99400.0,2026-07-04,2026-07-04,994.0
20260704,000000,10W,5,2026,7,4,0,24.3,108.5,99600.0,2026-07-04,2026-07-04,996.0
20260704,000000,10W,5,2026,7,4,0,25.0,108.10000000000001,99700.0,2026-07-04,2026-07-04,997.0
20260704,000000,10W,5,2026,7,4,0,25.6,108.9,99700.0,2026-07-04,2026-07-04,997.0
20260704,000000,10W,5,2026,7,4,0,26.6,109.10000000000001,99700.0,2026-07-04,2026-07-04,997.0
20260704,000000,10W,5,2026,7,4,0,27.3,109.60000000000001,99500.0,2026-07-04,2026-07-04,995.0
20260704,000000,10W,5,2026,7,4,0,27.900000000000002,110.60000000000001,99600.0,2026-07-04,2026-07-04,996.0
20260704,000000,10W,5,2026,7,4,0,29.1,112.0,99400.0,2026-07-04,2026-07-04,994.0
20260704,000000,10W,5,2026,7,4,0,29.400000000000002,112.8,99400.0,2026-07-04,2026-07-04,994.0
20260704,000000,10W,5,2026,7,4,0,30.400000000000002,113.7,99600.0,2026-07-04,2026-07-04,996.0
20260704,000000,10W,6,2026,7,4,0,20.6,107.9,98700.0,2026-07-04,2026-07-04,987.0
20260704,000000,10W,6,2026,7,4,0,21.400000000000002,108.0,99100.0,2026-07-04,2026-07-04,991.0
20260704,000000,10W,6,2026,7,4,0,22.0,107.60000000000001,99500.0,2026-07-04,2026-07-04,995.0
20260704,000000,10W,6,2026,7,4,0,22.3,107.8,99400.0,2026-07-04,2026-07-04,994.0
20260704,000000,10W,6,2026,7,4,0,22.900000000000002,107.9,99400.0,2026-07-04,2026-07-04,994.0
20260704,000000,10W,6,2026,7,4,0,23.7,108.2,99400.0,2026-07-04,2026-07-04,994.0
20260704,000000,10W,6,2026,7,4,0,24.7,108.2,99400.0,2026-07-04,2026-07-04,994.0
20260704,000000,10W,6,2026,7,4,0,25.400000000000002,108.2,99600.0,2026-07-04,2026-07-04,996.0
20260704,000000,10W,6,2026,7,4,0,25.900000000000002,108.4,99600.0,2026-07-04,2026-07-04,996.0
20260704,000000,10W,6,2026,7,4,0,27.2,108.9,99600.0,2026-07-04,2026-07-04,996.0
20260704,000000,10W,6,2026,7,4,0,27.3,109.0,99600.0,2026-07-04,2026-07-04,996.0
20260704,000000,10W,6,2026,7,4,0,27.900000000000002,110.60000000000001,99600.0,2026-07-04,2026-07-04,996.0
20260704,000000,10W,6,2026,7,4,0,28.7,111.3,99500.0,2026-07-04,2026-07-04,995.0
20260704,000000,10W,6,2026,7,4,0,30.5,112.4,99400.0,2026-07-04,2026-07-04,994.0
20260704,000000,10W,6,2026,7,4,0,30.3,112.10000000000001,99300.0,2026-07-04,2026-07-04,993.0
20260704,000000,10W,6,2026,7,4,0,31.3,112.7,99500.0,2026-07-04,2026-07-04,995.0
20260704,000000,10W,6,2026,7,4,0,31.8,113.4,99500.0,2026-07-04,2026-07-04,995.0
20260704,000000,10W,6,2026,7,4,0,32.7,114.5,99600.0,2026-07-04,2026-07-04,996.0
20260704,000000,10W,6,2026,7,4,0,33.4,115.5,99700.0,2026-07-04,2026-07-04,997.0
20260704,000000,10W,6,2026,7,4,0,34.4,116.9,99600.0,2026-07-04,2026-07-04,996.0
20260704,000000,10W,6,2026,7,4,0,35.2,118.0,99700.0,2026-07-04,2026-07-04,997.0
20260704,000000,10W,6,2026,7,4,0,36.2,119.7,100000.0,2026-07-04,2026-07-04,1000.0
20260704,000000,10W,6,2026,7,4,0,37.7,121.5,100000.0,2026-07-04,2026-07-04,1000.0
20260704,000000,10W,6,2026,7,4,0,38.9,122.9,100200.0,2026-07-04,2026-07-04,1002.0
20260704,000000,10W,7,2026,7,4,0,20.6,108.10000000000001,98700.0,2026-07-04,2026-07-04,987.0
20260704,000000,10W,7,2026,7,4,0,21.900000000000002,107.60000000000001,99400.0,2026-07-04,2026-07-04,994.0
20260704,000000,10W,7,2026,7,4,0,22.0,107.60000000000001,99500.0,2026-07-04,2026-07-04,995.0
20260704,000000,10W,7,2026,7,4,0,22.400000000000002,107.8,99400.0,2026-07-04,2026-07-04,994.0
20260704,000000,10W,7,2026,7,4,0,23.1,108.0,99500.0,2026-07-04,2026-07-04,995.0
20260704,000000,10W,7,2026,7,4,0,23.5,107.9,99800.0,2026-07-04,2026-07-04,998.0
20260704,000000,10W,7,2026,7,4,0,24.5,108.7,99800.0,2026-07-04,2026-07-04,998.0
20260704,000000,10W,7,2026,7,4,0,24.5,108.2,99800.0,2026-07-04,2026-07-04,998.0
20260704,000000,10W,7,2026,7,4,0,23.7,106.9,99700.0,2026-07-04,2026-07-04,997.0
20260704,000000,10W,7,2026,7,4,0,25.0,108.10000000000001,99900.0,2026-07-04,2026-07-04,999.0
20260704,000000,10W,7,2026,7,4,0,23.7,106.7,99900.0,2026-07-04,2026-07-04,999.0
20260704,000000,10W,7,2026,7,4,0,23.7,106.8,99900.0,2026-07-04,2026-07-04,999.0
20260704,000000,10W,7,2026,7,4,0,24.400000000000002,109.3,100100.0,2026-07-04,2026-07-04,1001.0
20260704,000000,10W,7,2026,7,4,0,22.8,109.0,100000.0,2026-07-04,2026-07-04,1000.0
20260704,000000,10W,7,2026,7,4,0,24.400000000000002,109.3,100100.0,2026-07-04,2026-07-04,1001.0
20260704,000000,10W,7,2026,7,4,0,24.900000000000002,109.0,100100.0,2026-07-04,2026-07-04,1001.0
20260704,000000,10W,7,2026,7,4,0,28.0,110.10000000000001,99800.0,2026-07-04,2026-07-04,998.0
20260704,000000,10W,8,2026,7,4,0,20.6,108.0,99300.0,2026-07-04,2026-07-04,993.0
20260704,000000,10W,8,2026,7,4,0,21.400000000000002,107.10000000000001,99500.0,2026-07-04,2026-07-04,995.0
20260704,000000,10W,8,2026,7,4,0,22.0,107.0,99400.0,2026-07-04,2026-07-04,994.0
20260704,000000,10W,8,2026,7,4,0,22.3,106.8,99000.0,2026-07-04,2026-07-04,990.0
20260704,000000,10W,8,2026,7,4,0,22.6,106.60000000000001,99200.0,2026-07-04,2026-07-04,992.0
20260704,000000,10W,8,2026,7,4,0,23.0,106.8,99100.0,2026-07-04,2026-07-04,991.0
20260704,000000,10W,8,2026,7,4,0,23.7,106.9,98900.0,2026-07-04,2026-07-04,989.0
20260704,000000,10W,8,2026,7,4,0,24.0,106.5,99100.0,2026-07-04,2026-07-04,991.0
20260704,000000,10W,8,2026,7,4,0,24.7,106.10000000000001,99200.0,2026-07-04,2026-07-04,992.0
20260704,000000,10W,8,2026,7,4,0,24.8,105.4,99400.0,2026-07-04,2026-07-04,994.0
20260704,000000,10W,8,2026,7,4,0,24.2,105.8,99400.0,2026-07-04,2026-07-04,994.0
20260704,000000,10W,8,2026,7,4,0,23.8,106.10000000000001,99500.0,2026-07-04,2026-07-04,995.0
20260704,000000,10W,8,2026,7,4,0,23.7,106.9,99500.0,2026-07-04,2026-07-04,995.0
20260704,000000,10W,8,2026,7,4,0,23.3,106.8,99500.0,2026-07-04,2026-07-04,995.0
20260704,000000,10W,8,2026,7,4,0,22.6,106.10000000000001,99500.0,2026-07-04,2026-07-04,995.0
20260704,000000,10W,8,2026,7,4,0,23.2,106.9,99500.0,2026-07-04,2026-07-04,995.0
20260704,000000,10W,8,2026,7,4,0,23.7,107.0,99400.0,2026-07-04,2026-07-04,994.0
20260704,000000,10W,8,2026,7,4,0,23.7,107.0,99400.0,2026-07-04,2026-07-04,994.0
20260704,000000,10W,8,2026,7,4,0,23.900000000000002,106.5,99400.0,2026-07-04,2026-07-04,994.0
20260704,000000,10W,8,2026,7,4,0,23.8,106.10000000000001,99500.0,2026-07-04,2026-07-04,995.0
20260704,000000,10W,8,2026,7,4,0,24.2,105.7,99500.0,2026-07-04,2026-07-04,995.0
20260704,000000,10W,8,2026,7,4,0,24.0,105.4,99800.0,2026-07-04,2026-07-04,998.0
20260704,000000,10W,9,2026,7,4,0,20.5,107.9,99400.0,2026-07-04,2026-07-04,994.0
20260704,000000,10W,9,2026,7,4,0,21.2,107.60000000000001,99500.0,2026-07-04,2026-07-04,995.0
20260704,000000,10W,9,2026,7,4,0,22.0,107.60000000000001,99700.0,2026-07-04,2026-07-04,997.0
20260704,000000,10W,9,2026,7,4,0,22.400000000000002,107.4,99600.0,2026-07-04,2026-07-04,996.0
20260704,000000,10W,9,2026,7,4,0,22.6,107.5,99600.0,2026-07-04,2026-07-04,996.0
20260704,000000,10W,9,2026,7,4,0,23.3,107.60000000000001,99700.0,2026-07-04,2026-07-04,997.0
20260704,000000,10W,9,2026,7,4,0,24.2,108.0,99800.0,2026-07-04,2026-07-04,998.0
20260704,000000,10W,9,2026,7,4,0,25.0,108.10000000000001,99800.0,2026-07-04,2026-07-04,998.0
20260704,000000,10W,9,2026,7,4,0,26.0,107.8,99800.0,2026-07-04,2026-07-04,998.0
20260704,000000,10W,9,2026,7,4,0,27.900000000000002,110.10000000000001,99900.0,2026-07-04,2026-07-04,999.0
20260704,000000,10W,9,2026,7,4,0,28.400000000000002,110.3,100000.0,2026-07-04,2026-07-04,1000.0
20260704,000000,10W,10,2026,7,4,0,20.7,107.5,99400.0,2026-07-04,2026-07-04,994.0
20260704,000000,10W,10,2026,7,4,0,21.2,108.0,99400.0,2026-07-04,2026-07-04,994.0
20260704,000000,10W,10,2026,7,4,0,22.400000000000002,107.9,99600.0,2026-07-04,2026-07-04,996.0
20260704,000000,10W,10,2026,7,4,0,22.8,108.10000000000001,99500.0,2026-07-04,2026-07-04,995.0
20260704,000000,10W,10,2026,7,4,0,23.400000000000002,108.10000000000001,99600.0,2026-07-04,2026-07-04,996.0
20260704,000000,10W,10,2026,7,4,0,24.2,109.2,99700.0,2026-07-04,2026-07-04,997.0
20260704,000000,10W,10,2026,7,4,0,25.6,108.9,99700.0,2026-07-04,2026-07-04,997.0
20260704,000000,10W,10,2026,7,4,0,25.7,109.60000000000001,99700.0,2026-07-04,2026-07-04,997.0
20260704,000000,10W,10,2026,7,4,0,26.6,109.60000000000001,99700.0,2026-07-04,2026-07-04,997.0
20260704,000000,10W,10,2026,7,4,0,27.900000000000002,110.10000000000001,99700.0,2026-07-04,2026-07-04,997.0
20260704,000000,10W,10,2026,7,4,0,28.7,111.3,99800.0,2026-07-04,2026-07-04,998.0
20260704,000000,10W,10,2026,7,4,0,28.8,112.60000000000001,99700.0,2026-07-04,2026-07-04,997.0
20260704,000000,10W,10,2026,7,4,0,31.5,112.4,99700.0,2026-07-04,2026-07-04,997.0
20260704,000000,10W,10,2026,7,4,0,31.6,112.0,99700.0,2026-07-04,2026-07-04,997.0
20260704,000000,10W,11,2026,7,4,0,20.6,108.0,98900.0,2026-07-04,2026-07-04,989.0
20260704,000000,10W,11,2026,7,4,0,21.2,107.8,99200.0,2026-07-04,2026-07-04,992.0
20260704,000000,10W,11,2026,7,4,0,21.5,107.7,99600.0,2026-07-04,2026-07-04,996.0
20260704,000000,10W,11,2026,7,4,0,22.3,107.5,99500.0,2026-07-04,2026-07-04,995.0
20260704,000000,10W,11,2026,7,4,0,22.900000000000002,107.8,99400.0,2026-07-04,2026-07-04,994.0
20260704,000000,10W,11,2026,7,4,0,23.5,107.9,99500.0,2026-07-04,2026-07-04,995.0
20260704,000000,10W,11,2026,7,4,0,24.400000000000002,108.2,99600.0,2026-07-04,2026-07-04,996.0
20260704,000000,10W,11,2026,7,4,0,25.2,108.0,99700.0,2026-07-04,2026-07-04,997.0
20260704,000000,10W,11,2026,7,4,0,27.0,109.3,99900.0,2026-07-04,2026-07-04,999.0
20260704,000000,10W,11,2026,7,4,0,27.7,109.60000000000001,99700.0,2026-07-04,2026-07-04,997.0
20260704,000000,10W,11,2026,7,4,0,28.7,111.3,99800.0,2026-07-04,2026-07-04,998.0
20260704,000000,10W,11,2026,7,4,0,29.400000000000002,112.3,99600.0,2026-07-04,2026-07-04,996.0
20260704,000000,10W,11,2026,7,4,0,30.8,113.2,99400.0,2026-07-04,2026-07-04,994.0
20260704,000000,10W,11,2026,7,4,0,32.4,114.60000000000001,99500.0,2026-07-04,2026-07-04,995.0
20260704,000000,10W,11,2026,7,4,0,33.7,116.10000000000001,99600.0,2026-07-04,2026-07-04,996.0
20260704,000000,10W,11,2026,7,4,0,36.2,117.4,99600.0,2026-07-04,2026-07-04,996.0
20260704,000000,10W,11,2026,7,4,0,38.0,119.3,99600.0,2026-07-04,2026-07-04,996.0
20260704,000000,10W,11,2026,7,4,0,40.7,121.9,99600.0,2026-07-04,2026-07-04,996.0
20260704,000000,10W,12,2026,7,4,0,20.7,107.7,99400.0,2026-07-04,2026-07-04,994.0
20260704,000000,10W,12,2026,7,4,0,21.2,107.5,99400.0,2026-07-04,2026-07-04,994.0
20260704,000000,10W,12,2026,7,4,0,21.5,107.7,99600.0,2026-07-04,2026-07-04,996.0
20260704,000000,10W,12,2026,7,4,0,22.6,107.7,99600.0,2026-07-04,2026-07-04,996.0
20260704,000000,10W,12,2026,7,4,0,22.6,107.7,99600.0,2026-07-04,2026-07-04,996.0
20260704,000000,10W,12,2026,7,4,0,23.3,108.10000000000001,99600.0,2026-07-04,2026-07-04,996.0
20260704,000000,10W,12,2026,7,4,0,24.7,108.5,99500.0,2026-07-04,2026-07-04,995.0
20260704,000000,10W,12,2026,7,4,0,25.6,108.9,99600.0,2026-07-04,2026-07-04,996.0
20260704,000000,10W,12,2026,7,4,0,26.6,109.10000000000001,99500.0,2026-07-04,2026-07-04,995.0
20260704,000000,10W,12,2026,7,4,0,27.400000000000002,109.8,99400.0,2026-07-04,2026-07-04,994.0
20260704,000000,10W,12,2026,7,4,0,28.5,110.3,99600.0,2026-07-04,2026-07-04,996.0
20260704,000000,10W,12,2026,7,4,0,28.900000000000002,111.3,99400.0,2026-07-04,2026-07-04,994.0
20260704,000000,10W,12,2026,7,4,0,29.6,112.0,99400.0,2026-07-04,2026-07-04,994.0
20260704,000000,10W,12,2026,7,4,0,30.0,112.9,99400.0,2026-07-04,2026-07-04,994.0
20260704,000000,10W,12,2026,7,4,0,31.3,114.4,99300.0,2026-07-04,2026-07-04,993.0
20260704,000000,10W,12,2026,7,4,0,32.5,116.5,99500.0,2026-07-04,2026-07-04,995.0
20260704,000000,10W,12,2026,7,4,0,33.7,118.7,99700.0,2026-07-04,2026-07-04,997.0
20260704,000000,10W,12,2026,7,4,0,34.800000000000004,120.2,99700.0,2026-07-04,2026-07-04,997.0
20260704,000000,10W,12,2026,7,4,0,37.2,123.10000000000001,99700.0,2026-07-04,2026-07-04,997.0
20260704,000000,10W,12,2026,7,4,0,38.800000000000004,125.10000000000001,99400.0,2026-07-04,2026-07-04,994.0
20260704,000000,10W,12,2026,7,4,0,39.1,128.3,99800.0,2026-07-04,2026-07-04,998.0
20260704,000000,10W,13,2026,7,4,0,20.900000000000002,107.8,99000.0,2026-07-04,2026-07-04,990.0
20260704,000000,10W,13,2026,7,4,0,21.3,107.60000000000001,99300.0,2026-07-04,2026-07-04,993.0
20260704,000000,10W,13,2026,7,4,0,22.3,107.5,99300.0,2026-07-04,2026-07-04,993.0
20260704,000000,10W,13,2026,7,4,0,22.400000000000002,107.60000000000001,99100.0,2026-07-04,2026-07-04,991.0
20260704,000000,10W,13,2026,7,4,0,23.0,107.8,99300.0,2026-07-04,2026-07-04,993.0
20260704,000000,10W,13,2026,7,4,0,23.7,108.0,99600.0,2026-07-04,2026-07-04,996.0
20260704,000000,10W,13,2026,7,4,0,25.0,108.10000000000001,99700.0,2026-07-04,2026-07-04,997.0
20260704,000000,10W,13,2026,7,4,0,23.7,108.0,99800.0,2026-07-04,2026-07-04,998.0
20260704,000000,10W,13,2026,7,4,0,26.0,108.4,99700.0,2026-07-04,2026-07-04,997.0
20260704,000000,10W,13,2026,7,4,0,24.900000000000002,108.2,99600.0,2026-07-04,2026-07-04,996.0
20260704,000000,10W,13,2026,7,4,0,27.8,109.7,99600.0,2026-07-04,2026-07-04,996.0
20260704,000000,10W,13,2026,7,4,0,27.900000000000002,110.10000000000001,99600.0,2026-07-04,2026-07-04,996.0
20260704,000000,10W,13,2026,7,4,0,29.2,111.8,99700.0,2026-07-04,2026-07-04,997.0
20260704,000000,10W,13,2026,7,4,0,28.900000000000002,111.7,99600.0,2026-07-04,2026-07-04,996.0
20260704,000000,10W,13,2026,7,4,0,29.8,112.5,99700.0,2026-07-04,2026-07-04,997.0
20260704,000000,10W,13,2026,7,4,0,30.6,113.2,99700.0,2026-07-04,2026-07-04,997.0
20260704,000000,10W,14,2026,7,4,0,20.3,107.4,99400.0,2026-07-04,2026-07-04,994.0
20260704,000000,10W,14,2026,7,4,0,21.2,107.7,99500.0,2026-07-04,2026-07-04,995.0
20260704,000000,10W,14,2026,7,4,0,22.3,107.5,99700.0,2026-07-04,2026-07-04,997.0
20260704,000000,10W,14,2026,7,4,0,22.3,107.5,99800.0,2026-07-04,2026-07-04,998.0
20260704,000000,10W,14,2026,7,4,0,23.0,108.10000000000001,99700.0,2026-07-04,2026-07-04,997.0
20260704,000000,10W,14,2026,7,4,0,23.8,108.10000000000001,100000.0,2026-07-04,2026-07-04,1000.0
20260704,000000,10W,14,2026,7,4,0,24.6,108.2,100000.0,2026-07-04,2026-07-04,1000.0
20260704,000000,10W,14,2026,7,4,0,25.6,109.0,100100.0,2026-07-04,2026-07-04,1001.0
20260704,000000,10W,14,2026,7,4,0,27.7,108.2,99800.0,2026-07-04,2026-07-04,998.0
20260704,000000,10W,15,2026,7,4,0,20.900000000000002,107.9,99400.0,2026-07-04,2026-07-04,994.0
20260704,000000,10W,15,2026,7,4,0,21.5,107.8,99600.0,2026-07-04,2026-07-04,996.0
20260704,000000,10W,15,2026,7,4,0,22.3,107.5,99600.0,2026-07-04,2026-07-04,996.0
20260704,000000,10W,15,2026,7,4,0,22.6,107.7,99500.0,2026-07-04,2026-07-04,995.0
20260704,000000,10W,15,2026,7,4,0,23.3,107.60000000000001,99600.0,2026-07-04,2026-07-04,996.0
20260704,000000,10W,15,2026,7,4,0,24.400000000000002,108.3,99500.0,2026-07-04,2026-07-04,995.0
20260704,000000,10W,15,2026,7,4,0,25.3,108.2,99800.0,2026-07-04,2026-07-04,998.0
20260704,000000,10W,15,2026,7,4,0,26.3,109.0,99800.0,2026-07-04,2026-07-04,998.0
20260704,000000,10W,15,2026,7,4,0,27.3,109.0,99600.0,2026-07-04,2026-07-04,996.0
20260704,000000,10W,15,2026,7,4,0,27.7,109.60000000000001,99700.0,2026-07-04,2026-07-04,997.0
20260704,000000,10W,15,2026,7,4,0,28.400000000000002,110.3,99500.0,2026-07-04,2026-07-04,995.0
20260704,000000,10W,15,2026,7,4,0,28.900000000000002,111.5,99500.0,2026-07-04,2026-07-04,995.0
20260704,000000,10W,15,2026,7,4,0,29.6,112.2,99500.0,2026-07-04,2026-07-04,995.0
20260704,000000,10W,15,2026,7,4,0,30.1,112.8,99600.0,2026-07-04,2026-07-04,996.0
20260704,000000,10W,15,2026,7,4,0,31.0,114.3,99600.0,2026-07-04,2026-07-04,996.0
20260704,000000,10W,15,2026,7,4,0,32.2,115.8,99900.0,2026-07-04,2026-07-04,999.0
20260704,000000,10W,16,2026,7,4,0,20.7,107.5,99300.0,2026-07-04,2026-07-04,993.0
20260704,000000,10W,16,2026,7,4,0,21.3,107.8,99300.0,2026-07-04,2026-07-04,993.0
20260704,000000,10W,16,2026,7,4,0,22.0,107.7,99600.0,2026-07-04,2026-07-04,996.0
20260704,000000,10W,16,2026,7,4,0,22.400000000000002,108.10000000000001,99400.0,2026-07-04,2026-07-04,994.0
20260704,000000,10W,16,2026,7,4,0,23.3,108.7,99400.0,2026-07-04,2026-07-04,994.0
20260704,000000,10W,16,2026,7,4,0,24.400000000000002,108.9,99500.0,2026-07-04,2026-07-04,995.0
20260704,000000,10W,16,2026,7,4,0,25.2,109.3,99500.0,2026-07-04,2026-07-04,995.0
20260704,000000,10W,16,2026,7,4,0,26.3,110.3,99500.0,2026-07-04,2026-07-04,995.0
20260704,000000,10W,16,2026,7,4,0,27.900000000000002,110.60000000000001,99500.0,2026-07-04,2026-07-04,995.0
20260704,000000,10W,16,2026,7,4,0,28.7,111.3,99500.0,2026-07-04,2026-07-04,995.0
20260704,000000,10W,16,2026,7,4,0,29.5,112.3,99400.0,2026-07-04,2026-07-04,994.0
20260704,000000,10W,16,2026,7,4,0,30.400000000000002,113.7,99400.0,2026-07-04,2026-07-04,994.0
20260704,000000,10W,16,2026,7,4,0,31.7,116.0,99400.0,2026-07-04,2026-07-04,994.0
20260704,000000,10W,16,2026,7,4,0,33.1,117.5,99200.0,2026-07-04,2026-07-04,992.0
20260704,000000,10W,16,2026,7,4,0,34.800000000000004,120.0,98700.0,2026-07-04,2026-07-04,987.0
20260704,000000,10W,16,2026,7,4,0,37.0,122.9,98800.0,2026-07-04,2026-07-04,988.0
20260704,000000,10W,16,2026,7,4,0,39.4,124.2,98900.0,2026-07-04,2026-07-04,989.0
20260704,000000,10W,16,2026,7,4,0,42.300000000000004,125.7,99000.0,2026-07-04,2026-07-04,990.0
20260704,000000,10W,16,2026,7,4,0,45.800000000000004,127.60000000000001,99700.0,2026-07-04,2026-07-04,997.0
20260704,000000,10W,16,2026,7,4,0,46.1,127.9,99600.0,2026-07-04,2026-07-04,996.0
20260704,000000,10W,16,2026,7,4,0,46.800000000000004,126.9,99900.0,2026-07-04,2026-07-04,999.0
20260704,000000,10W,16,2026,7,4,0,47.7,126.7,100000.0,2026-07-04,2026-07-04,1000.0
20260704,000000,10W,17,2026,7,4,0,20.6,107.9,99500.0,2026-07-04,2026-07-04,995.0
20260704,000000,10W,17,2026,7,4,0,21.2,107.4,99700.0,2026-07-04,2026-07-04,997.0
20260704,000000,10W,17,2026,7,4,0,21.2,107.2,99700.0,2026-07-04,2026-07-04,997.0
20260704,000000,10W,17,2026,7,4,0,21.900000000000002,107.60000000000001,99600.0,2026-07-04,2026-07-04,996.0
20260704,000000,10W,17,2026,7,4,0,22.3,107.5,99500.0,2026-07-04,2026-07-04,995.0
20260704,000000,10W,17,2026,7,4,0,23.3,107.60000000000001,99700.0,2026-07-04,2026-07-04,997.0
20260704,000000,10W,17,2026,7,4,0,24.0,107.5,99900.0,2026-07-04,2026-07-04,999.0
20260704,000000,10W,17,2026,7,4,0,24.7,107.8,100000.0,2026-07-04,2026-07-04,1000.0
20260704,000000,10W,17,2026,7,4,0,25.400000000000002,105.8,99800.0,2026-07-04,2026-07-04,998.0
20260704,000000,10W,17,2026,7,4,0,23.7,106.9,100200.0,2026-07-04,2026-07-04,1002.0
20260704,000000,10W,18,2026,7,4,0,20.6,108.2,99200.0,2026-07-04,2026-07-04,992.0
20260704,000000,10W,18,2026,7,4,0,21.400000000000002,107.7,99300.0,2026-07-04,2026-07-04,993.0
20260704,000000,10W,18,2026,7,4,0,22.3,107.8,99300.0,2026-07-04,2026-07-04,993.0
20260704,000000,10W,18,2026,7,4,0,22.8,108.2,99200.0,2026-07-04,2026-07-04,992.0
20260704,000000,10W,18,2026,7,4,0,23.5,108.2,99300.0,2026-07-04,2026-07-04,993.0
20260704,000000,10W,18,2026,7,4,0,24.5,108.8,99200.0,2026-07-04,2026-07-04,992.0
20260704,000000,10W,18,2026,7,4,0,26.2,109.2,99200.0,2026-07-04,2026-07-04,992.0
20260704,000000,10W,18,2026,7,4,0,26.8,109.9,99300.0,2026-07-04,2026-07-04,993.0
20260704,000000,10W,18,2026,7,4,0,28.0,110.7,99400.0,2026-07-04,2026-07-04,994.0
20260704,000000,10W,18,2026,7,4,0,29.1,111.7,99300.0,2026-07-04,2026-07-04,993.0
20260704,000000,10W,18,2026,7,4,0,30.1,112.8,99300.0,2026-07-04,2026-07-04,993.0
20260704,000000,10W,18,2026,7,4,0,30.6,114.5,99400.0,2026-07-04,2026-07-04,994.0
20260704,000000,10W,18,2026,7,4,0,31.400000000000002,117.10000000000001,99400.0,2026-07-04,2026-07-04,994.0
20260704,000000,10W,18,2026,7,4,0,32.9,119.60000000000001,99300.0,2026-07-04,2026-07-04,993.0
20260704,000000,10W,18,2026,7,4,0,34.800000000000004,122.0,99100.0,2026-07-04,2026-07-04,991.0
20260704,000000,10W,18,2026,7,4,0,37.7,124.0,98800.0,2026-07-04,2026-07-04,988.0
20260704,000000,10W,18,2026,7,4,0,44.9,123.7,100000.0,2026-07-04,2026-07-04,1000.0
20260704,000000,10W,19,2026,7,4,0,20.400000000000002,107.8,99400.0,2026-07-04,2026-07-04,994.0
20260704,000000,10W,19,2026,7,4,0,21.5,107.8,99500.0,2026-07-04,2026-07-04,995.0
20260704,000000,10W,19,2026,7,4,0,22.3,107.5,99600.0,2026-07-04,2026-07-04,996.0
20260704,000000,10W,19,2026,7,4,0,22.3,107.2,99500.0,2026-07-04,2026-07-04,995.0
20260704,000000,10W,19,2026,7,4,0,22.6,107.5,99600.0,2026-07-04,2026-07-04,996.0
20260704,000000,10W,19,2026,7,4,0,22.3,107.8,99600.0,2026-07-04,2026-07-04,996.0
20260704,000000,10W,19,2026,7,4,0,23.7,107.8,99600.0,2026-07-04,2026-07-04,996.0
20260704,000000,10W,19,2026,7,4,0,24.5,108.2,99400.0,2026-07-04,2026-07-04,994.0
20260704,000000,10W,19,2026,7,4,0,25.400000000000002,108.10000000000001,99600.0,2026-07-04,2026-07-04,996.0
20260704,000000,10W,19,2026,7,4,0,26.0,107.9,99600.0,2026-07-04,2026-07-04,996.0
20260704,000000,10W,19,2026,7,4,0,26.3,108.4,99800.0,2026-07-04,2026-07-04,998.0
20260704,000000,10W,19,2026,7,4,0,27.1,108.8,99900.0,2026-07-04,2026-07-04,999.0
20260704,000000,10W,19,2026,7,4,0,27.1,109.60000000000001,99800.0,2026-07-04,2026-07-04,998.0
20260704,000000,10W,19,2026,7,4,0,28.3,111.3,99700.0,2026-07-04,2026-07-04,997.0
20260704,000000,10W,19,2026,7,4,0,29.5,111.9,99600.0,2026-07-04,2026-07-04,996.0
20260704,000000,10W,19,2026,7,4,0,30.2,113.10000000000001,99700.0,2026-07-04,2026-07-04,997.0
20260704,000000,10W,20,2026,7,4,0,21.1,108.4,99300.0,2026-07-04,2026-07-04,993.0
20260704,000000,10W,20,2026,7,4,0,22.3,107.60000000000001,99400.0,2026-07-04,2026-07-04,994.0
20260704,000000,10W,20,2026,7,4,0,22.900000000000002,107.9,99500.0,2026-07-04,2026-07-04,995.0
20260704,000000,10W,20,2026,7,4,0,23.7,108.0,99600.0,2026-07-04,2026-07-04,996.0
20260704,000000,10W,20,2026,7,4,0,24.400000000000002,108.2,99500.0,2026-07-04,2026-07-04,995.0
20260704,000000,10W,20,2026,7,4,0,24.900000000000002,109.0,99500.0,2026-07-04,2026-07-04,995.0
20260704,000000,10W,20,2026,7,4,0,26.6,109.10000000000001,99300.0,2026-07-04,2026-07-04,993.0
20260704,000000,10W,20,2026,7,4,0,26.900000000000002,109.3,99500.0,2026-07-04,2026-07-04,995.0
20260704,000000,10W,20,2026,7,4,0,27.900000000000002,110.10000000000001,99300.0,2026-07-04,2026-07-04,993.0
20260704,000000,10W,20,2026,7,4,0,28.7,111.3,99500.0,2026-07-04,2026-07-04,995.0
20260704,000000,10W,20,2026,7,4,0,30.400000000000002,112.60000000000001,99300.0,2026-07-04,2026-07-04,993.0
20260704,000000,10W,20,2026,7,4,0,32.0,115.7,99200.0,2026-07-04,2026-07-04,992.0
20260704,000000,10W,20,2026,7,4,0,33.7,118.10000000000001,99200.0,2026-07-04,2026-07-04,992.0
20260704,000000,10W,20,2026,7,4,0,35.9,120.3,99100.0,2026-07-04,2026-07-04,991.0
20260704,000000,10W,20,2026,7,4,0,39.300000000000004,120.9,98700.0,2026-07-04,2026-07-04,987.0
20260704,000000,10W,20,2026,7,4,0,41.0,121.7,99000.0,2026-07-04,2026-07-04,990.0
20260704,000000,10W,20,2026,7,4,0,43.5,122.60000000000001,98800.0,2026-07-04,2026-07-04,988.0
20260704,000000,10W,20,2026,7,4,0,44.6,123.0,98300.0,2026-07-04,2026-07-04,983.0
20260704,000000,10W,20,2026,7,4,0,46.2,123.8,98500.0,2026-07-04,2026-07-04,985.0
20260704,000000,10W,20,2026,7,4,0,47.9,124.2,98800.0,2026-07-04,2026-07-04,988.0
20260704,000000,10W,20,2026,7,4,0,48.800000000000004,124.0,99000.0,2026-07-04,2026-07-04,990.0
20260704,000000,10W,20,2026,7,4,0,49.5,124.0,99400.0,2026-07-04,2026-07-04,994.0
20260704,000000,10W,20,2026,7,4,0,50.5,123.7,99500.0,2026-07-04,2026-07-04,995.0
20260704,000000,10W,20,2026,7,4,0,50.5,123.60000000000001,99700.0,2026-07-04,2026-07-04,997.0
20260704,000000,10W,20,2026,7,4,0,52.1,124.0,99900.0,2026-07-04,2026-07-04,999.0
20260704,000000,10W,21,2026,7,4,0,20.8,108.3,99100.0,2026-07-04,2026-07-04,991.0
20260704,000000,10W,21,2026,7,4,0,21.5,107.7,99300.0,2026-07-04,2026-07-04,993.0
20260704,000000,10W,21,2026,7,4,0,22.1,107.4,99100.0,2026-07-04,2026-07-04,991.0
20260704,000000,10W,21,2026,7,4,0,22.6,107.5,99000.0,2026-07-04,2026-07-04,990.0
20260704,000000,10W,21,2026,7,4,0,23.3,107.60000000000001,99100.0,2026-07-04,2026-07-04,991.0
20260704,000000,10W,21,2026,7,4,0,24.400000000000002,107.7,99200.0,2026-07-04,2026-07-04,992.0
20260704,000000,10W,21,2026,7,4,0,25.2,108.0,99200.0,2026-07-04,2026-07-04,992.0
20260704,000000,10W,21,2026,7,4,0,26.0,107.9,99400.0,2026-07-04,2026-07-04,994.0
20260704,000000,10W,21,2026,7,4,0,27.1,108.7,99500.0,2026-07-04,2026-07-04,995.0
20260704,000000,10W,21,2026,7,4,0,27.7,109.0,99500.0,2026-07-04,2026-07-04,995.0
20260704,000000,10W,21,2026,7,4,0,27.8,109.60000000000001,99600.0,2026-07-04,2026-07-04,996.0
20260704,000000,10W,21,2026,7,4,0,27.900000000000002,110.10000000000001,99700.0,2026-07-04,2026-07-04,997.0
20260704,000000,10W,21,2026,7,4,0,29.0,111.3,99700.0,2026-07-04,2026-07-04,997.0
20260704,000000,10W,21,2026,7,4,0,28.7,111.3,99700.0,2026-07-04,2026-07-04,997.0
20260704,000000,10W,21,2026,7,4,0,31.0,114.8,99900.0,2026-07-04,2026-07-04,999.0
20260704,000000,10W,22,2026,7,4,0,20.5,107.9,97800.0,2026-07-04,2026-07-04,978.0
20260704,000000,10W,22,2026,7,4,0,21.400000000000002,108.0,97900.0,2026-07-04,2026-07-04,979.0
20260704,000000,10W,22,2026,7,4,0,22.0,107.60000000000001,98900.0,2026-07-04,2026-07-04,989.0
20260704,000000,10W,22,2026,7,4,0,22.6,107.8,99000.0,2026-07-04,2026-07-04,990.0
20260704,000000,10W,22,2026,7,4,0,23.0,108.0,99200.0,2026-07-04,2026-07-04,992.0
20260704,000000,10W,22,2026,7,4,0,24.1,108.4,99600.0,2026-07-04,2026-07-04,996.0
20260704,000000,10W,22,2026,7,4,0,25.0,108.10000000000001,99800.0,2026-07-04,2026-07-04,998.0
20260704,000000,10W,22,2026,7,4,0,25.6,109.0,99900.0,2026-07-04,2026-07-04,999.0
20260704,000000,10W,22,2026,7,4,0,26.900000000000002,109.4,99700.0,2026-07-04,2026-07-04,997.0
20260704,000000,10W,22,2026,7,4,0,27.900000000000002,110.10000000000001,99800.0,2026-07-04,2026-07-04,998.0
20260704,000000,10W,22,2026,7,4,0,31.0,112.5,99800.0,2026-07-04,2026-07-04,998.0
20260704,000000,10W,22,2026,7,4,0,32.4,114.9,99500.0,2026-07-04,2026-07-04,995.0
20260704,000000,10W,23,2026,7,4,0,21.0,107.9,99400.0,2026-07-04,2026-07-04,994.0
20260704,000000,10W,23,2026,7,4,0,22.0,107.7,99600.0,2026-07-04,2026-07-04,996.0
20260704,000000,10W,23,2026,7,4,0,22.6,107.5,99700.0,2026-07-04,2026-07-04,997.0
20260704,000000,10W,23,2026,7,4,0,23.6,107.9,99700.0,2026-07-04,2026-07-04,997.0
20260704,000000,10W,23,2026,7,4,0,24.7,108.10000000000001,99700.0,2026-07-04,2026-07-04,997.0
20260704,000000,10W,23,2026,7,4,0,25.900000000000002,108.4,99700.0,2026-07-04,2026-07-04,997.0
20260704,000000,10W,23,2026,7,4,0,27.3,109.60000000000001,99500.0,2026-07-04,2026-07-04,995.0
20260704,000000,10W,23,2026,7,4,0,27.5,110.2,99500.0,2026-07-04,2026-07-04,995.0
20260704,000000,10W,23,2026,7,4,0,28.900000000000002,111.4,99200.0,2026-07-04,2026-07-04,992.0
20260704,000000,10W,23,2026,7,4,0,29.900000000000002,112.10000000000001,99300.0,2026-07-04,2026-07-04,993.0
20260704,000000,10W,23,2026,7,4,0,31.1,113.60000000000001,99200.0,2026-07-04,2026-07-04,992.0
20260704,000000,10W,23,2026,7,4,0,32.3,116.60000000000001,98800.0,2026-07-04,2026-07-04,988.0
20260704,000000,10W,23,2026,7,4,0,33.8,119.60000000000001,98900.0,2026-07-04,2026-07-04,989.0
20260704,000000,10W,23,2026,7,4,0,37.7,122.0,98800.0,2026-07-04,2026-07-04,988.0
20260704,000000,10W,23,2026,7,4,0,39.5,123.3,98600.0,2026-07-04,2026-07-04,986.0
20260704,000000,10W,23,2026,7,4,0,40.9,126.7,99900.0,2026-07-04,2026-07-04,999.0
20260704,000000,10W,24,2026,7,4,0,20.5,108.10000000000001,99700.0,2026-07-04,2026-07-04,997.0
20260704,000000,10W,24,2026,7,4,0,21.3,107.7,99800.0,2026-07-04,2026-07-04,998.0
20260704,000000,10W,24,2026,7,4,0,21.3,107.7,99900.0,2026-07-04,2026-07-04,999.0
20260704,000000,10W,24,2026,7,4,0,21.5,107.8,99900.0,2026-07-04,2026-07-04,999.0
20260704,000000,10W,24,2026,7,4,0,22.3,107.60000000000001,99800.0,2026-07-04,2026-07-04,998.0
20260704,000000,10W,24,2026,7,4,0,23.0,107.8,99800.0,2026-07-04,2026-07-04,998.0
20260704,000000,10W,24,2026,7,4,0,23.3,108.2,99900.0,2026-07-04,2026-07-04,999.0
20260704,000000,10W,24,2026,7,4,0,24.3,108.0,99800.0,2026-07-04,2026-07-04,998.0
20260704,000000,10W,24,2026,7,4,0,23.7,106.8,99600.0,2026-07-04,2026-07-04,996.0
20260704,000000,10W,24,2026,7,4,0,26.7,109.60000000000001,99500.0,2026-07-04,2026-07-04,995.0
20260704,000000,10W,24,2026,7,4,0,26.8,110.0,99600.0,2026-07-04,2026-07-04,996.0
20260704,000000,10W,24,2026,7,4,0,27.7,111.2,99400.0,2026-07-04,2026-07-04,994.0
20260704,000000,10W,24,2026,7,4,0,28.400000000000002,111.7,99400.0,2026-07-04,2026-07-04,994.0
20260704,000000,10W,24,2026,7,4,0,28.900000000000002,112.10000000000001,99400.0,2026-07-04,2026-07-04,994.0
20260704,000000,10W,24,2026,7,4,0,29.5,112.9,99400.0,2026-07-04,2026-07-04,994.0
20260704,000000,10W,24,2026,7,4,0,30.2,113.9,99500.0,2026-07-04,2026-07-04,995.0
20260704,000000,10W,24,2026,7,4,0,30.900000000000002,114.4,99700.0,2026-07-04,2026-07-04,997.0
20260704,000000,10W,24,2026,7,4,0,31.8,115.9,99900.0,2026-07-04,2026-07-04,999.0
20260704,000000,10W,24,2026,7,4,0,33.0,117.8,100000.0,2026-07-04,2026-07-04,1000.0
20260704,000000,10W,24,2026,7,4,0,35.800000000000004,121.0,99800.0,2026-07-04,2026-07-04,998.0
20260704,000000,10W,24,2026,7,4,0,36.800000000000004,121.5,100100.0,2026-07-04,2026-07-04,1001.0
20260704,000000,10W,24,2026,7,4,0,38.800000000000004,124.60000000000001,100300.0,2026-07-04,2026-07-04,1003.0
20260704,000000,10W,24,2026,7,4,0,39.6,127.60000000000001,100500.0,2026-07-04,2026-07-04,1005.0
20260704,000000,10W,24,2026,7,4,0,40.5,129.5,100400.0,2026-07-04,2026-07-04,1004.0
20260704,000000,10W,24,2026,7,4,0,42.6,135.7,100600.0,2026-07-04,2026-07-04,1006.0
20260704,000000,10W,24,2026,7,4,0,42.4,139.4,100400.0,2026-07-04,2026-07-04,1004.0
20260704,000000,10W,24,2026,7,4,0,43.2,140.8,100500.0,2026-07-04,2026-07-04,1005.0
20260704,000000,10W,24,2026,7,4,0,42.4,147.4,100000.0,2026-07-04,2026-07-04,1000.0
20260704,000000,10W,25,2026,7,4,0,20.5,107.7,99300.0,2026-07-04,2026-07-04,993.0
20260704,000000,10W,25,2026,7,4,0,21.5,107.8,99500.0,2026-07-04,2026-07-04,995.0
20260704,000000,10W,25,2026,7,4,0,22.3,107.5,99500.0,2026-07-04,2026-07-04,995.0
20260704,000000,10W,25,2026,7,4,0,23.3,108.0,99500.0,2026-07-04,2026-07-04,995.0
20260704,000000,10W,25,2026,7,4,0,23.900000000000002,108.0,99600.0,2026-07-04,2026-07-04,996.0
20260704,000000,10W,25,2026,7,4,0,25.0,108.10000000000001,99600.0,2026-07-04,2026-07-04,996.0
20260704,000000,10W,25,2026,7,4,0,26.6,110.0,99500.0,2026-07-04,2026-07-04,995.0
20260704,000000,10W,25,2026,7,4,0,27.400000000000002,110.3,99300.0,2026-07-04,2026-07-04,993.0
20260704,000000,10W,25,2026,7,4,0,27.7,111.2,99100.0,2026-07-04,2026-07-04,991.0
20260704,000000,10W,25,2026,7,4,0,29.0,112.5,98900.0,2026-07-04,2026-07-04,989.0
20260704,000000,10W,25,2026,7,4,0,30.5,114.3,98800.0,2026-07-04,2026-07-04,988.0
20260704,000000,10W,25,2026,7,4,0,32.2,116.7,98700.0,2026-07-04,2026-07-04,987.0
20260704,000000,10W,25,2026,7,4,0,34.2,119.4,98600.0,2026-07-04,2026-07-04,986.0
20260704,000000,10W,25,2026,7,4,0,36.800000000000004,121.5,98200.0,2026-07-04,2026-07-04,982.0
20260704,000000,10W,25,2026,7,4,0,39.2,122.4,98100.0,2026-07-04,2026-07-04,981.0
20260704,000000,10W,25,2026,7,4,0,41.800000000000004,122.9,98500.0,2026-07-04,2026-07-04,985.0
20260704,000000,10W,25,2026,7,4,0,43.6,123.0,98400.0,2026-07-04,2026-07-04,984.0
20260704,000000,10W,25,2026,7,4,0,45.300000000000004,124.3,98500.0,2026-07-04,2026-07-04,985.0
20260704,000000,10W,25,2026,7,4,0,46.800000000000004,124.3,98500.0,2026-07-04,2026-07-04,985.0
20260704,000000,10W,25,2026,7,4,0,47.9,124.3,98800.0,2026-07-04,2026-07-04,988.0
20260704,000000,10W,25,2026,7,4,0,48.9,124.5,99100.0,2026-07-04,2026-07-04,991.0
20260704,000000,10W,25,2026,7,4,0,50.0,124.3,99400.0,2026-07-04,2026-07-04,994.0
20260704,000000,10W,26,2026,7,4,0,20.6,108.0,99600.0,2026-07-04,2026-07-04,996.0
20260704,000000,10W,26,2026,7,4,0,21.5,107.9,99700.0,2026-07-04,2026-07-04,997.0
20260704,000000,10W,26,2026,7,4,0,22.7,107.9,99800.0,2026-07-04,2026-07-04,998.0
20260704,000000,10W,26,2026,7,4,0,23.3,108.7,99700.0,2026-07-04,2026-07-04,997.0
20260704,000000,10W,26,2026,7,4,0,24.900000000000002,108.9,99700.0,2026-07-04,2026-07-04,997.0
20260704,000000,10W,26,2026,7,4,0,25.6,109.4,99700.0,2026-07-04,2026-07-04,997.0
20260704,000000,10W,26,2026,7,4,0,27.2,110.10000000000001,99600.0,2026-07-04,2026-07-04,996.0
20260704,000000,10W,26,2026,7,4,0,28.0,112.10000000000001,99400.0,2026-07-04,2026-07-04,994.0
20260704,000000,10W,26,2026,7,4,0,29.5,113.10000000000001,99200.0,2026-07-04,2026-07-04,992.0
20260704,000000,10W,26,2026,7,4,0,31.1,114.60000000000001,99200.0,2026-07-04,2026-07-04,992.0
20260704,000000,10W,26,2026,7,4,0,32.4,117.3,99000.0,2026-07-04,2026-07-04,990.0
20260704,000000,10W,26,2026,7,4,0,34.4,120.3,98300.0,2026-07-04,2026-07-04,983.0
20260704,000000,10W,26,2026,7,4,0,36.0,122.3,98300.0,2026-07-04,2026-07-04,983.0
20260704,000000,10W,26,2026,7,4,0,38.4,124.2,98800.0,2026-07-04,2026-07-04,988.0
20260704,000000,10W,26,2026,7,4,0,41.6,126.10000000000001,99300.0,2026-07-04,2026-07-04,993.0
20260704,000000,10W,27,2026,7,4,0,20.5,107.5,99500.0,2026-07-04,2026-07-04,995.0
20260704,000000,10W,27,2026,7,4,0,21.6,108.0,99600.0,2026-07-04,2026-07-04,996.0
20260704,000000,10W,27,2026,7,4,0,22.7,108.3,99600.0,2026-07-04,2026-07-04,996.0
20260704,000000,10W,27,2026,7,4,0,23.900000000000002,108.5,99600.0,2026-07-04,2026-07-04,996.0
20260704,000000,10W,27,2026,7,4,0,24.7,109.10000000000001,99600.0,2026-07-04,2026-07-04,996.0
20260704,000000,10W,27,2026,7,4,0,26.8,110.0,99500.0,2026-07-04,2026-07-04,995.0
20260704,000000,10W,27,2026,7,4,0,27.900000000000002,111.3,99400.0,2026-07-04,2026-07-04,994.0
20260704,000000,10W,27,2026,7,4,0,28.900000000000002,112.0,99100.0,2026-07-04,2026-07-04,991.0
20260704,000000,10W,27,2026,7,4,0,30.1,113.10000000000001,99000.0,2026-07-04,2026-07-04,990.0
20260704,000000,10W,27,2026,7,4,0,31.3,114.4,99400.0,2026-07-04,2026-07-04,994.0
20260704,000000,10W,27,2026,7,4,0,34.2,117.8,98900.0,2026-07-04,2026-07-04,989.0
20260704,000000,10W,27,2026,7,4,0,34.6,119.60000000000001,98500.0,2026-07-04,2026-07-04,985.0
20260704,000000,10W,27,2026,7,4,0,36.300000000000004,122.2,98500.0,2026-07-04,2026-07-04,985.0
20260704,000000,10W,27,2026,7,4,0,37.800000000000004,124.2,98700.0,2026-07-04,2026-07-04,987.0
20260704,000000,10W,27,2026,7,4,0,43.6,128.1,99600.0,2026-07-04,2026-07-04,996.0
20260704,000000,10W,27,2026,7,4,0,46.7,130.5,100500.0,2026-07-04,2026-07-04,1005.0
20260704,000000,10W,27,2026,7,4,0,46.9,131.8,100400.0,2026-07-04,2026-07-04,1004.0
20260704,000000,10W,28,2026,7,4,0,20.7,108.0,99400.0,2026-07-04,2026-07-04,994.0
20260704,000000,10W,28,2026,7,4,0,21.5,108.10000000000001,99500.0,2026-07-04,2026-07-04,995.0
20260704,000000,10W,28,2026,7,4,0,22.400000000000002,107.7,99800.0,2026-07-04,2026-07-04,998.0
20260704,000000,10W,28,2026,7,4,0,22.900000000000002,108.0,99600.0,2026-07-04,2026-07-04,996.0
20260704,000000,10W,28,2026,7,4,0,23.8,108.0,99700.0,2026-07-04,2026-07-04,997.0
20260704,000000,10W,28,2026,7,4,0,23.0,107.8,99800.0,2026-07-04,2026-07-04,998.0
20260704,000000,10W,28,2026,7,4,0,24.3,108.5,99600.0,2026-07-04,2026-07-04,996.0
20260704,000000,10W,28,2026,7,4,0,25.900000000000002,108.4,99400.0,2026-07-04,2026-07-04,994.0
20260704,000000,10W,28,2026,7,4,0,27.0,108.2,99500.0,2026-07-04,2026-07-04,995.0
20260704,000000,10W,28,2026,7,4,0,27.7,108.10000000000001,99500.0,2026-07-04,2026-07-04,995.0
20260704,000000,10W,28,2026,7,4,0,27.7,108.0,99700.0,2026-07-04,2026-07-04,997.0
20260704,000000,10W,28,2026,7,4,0,26.6,108.0,99800.0,2026-07-04,2026-07-04,998.0
20260704,000000,10W,28,2026,7,4,0,25.900000000000002,108.4,99700.0,2026-07-04,2026-07-04,997.0
20260704,000000,10W,28,2026,7,4,0,25.900000000000002,108.4,99900.0,2026-07-04,2026-07-04,999.0
20260704,000000,10W,28,2026,7,4,0,27.1,108.8,99900.0,2026-07-04,2026-07-04,999.0
20260704,000000,10W,28,2026,7,4,0,27.2,108.9,99900.0,2026-07-04,2026-07-04,999.0
20260704,000000,10W,28,2026,7,4,0,27.2,109.60000000000001,99900.0,2026-07-04,2026-07-04,999.0
20260704,000000,10W,28,2026,7,4,0,27.900000000000002,110.10000000000001,99900.0,2026-07-04,2026-07-04,999.0
20260704,000000,10W,28,2026,7,4,0,28.7,111.3,99900.0,2026-07-04,2026-07-04,999.0
20260704,000000,10W,28,2026,7,4,0,28.7,111.2,100000.0,2026-07-04,2026-07-04,1000.0
20260704,000000,10W,29,2026,7,4,0,20.7,108.0,99500.0,2026-07-04,2026-07-04,995.0
20260704,000000,10W,29,2026,7,4,0,21.5,107.8,99600.0,2026-07-04,2026-07-04,996.0
20260704,000000,10W,29,2026,7,4,0,22.0,107.5,99900.0,2026-07-04,2026-07-04,999.0
20260704,000000,10W,29,2026,7,4,0,22.400000000000002,107.9,99900.0,2026-07-04,2026-07-04,999.0
20260704,000000,10W,29,2026,7,4,0,23.2,108.0,99800.0,2026-07-04,2026-07-04,998.0
20260704,000000,10W,29,2026,7,4,0,23.8,108.0,99900.0,2026-07-04,2026-07-04,999.0
20260704,000000,10W,29,2026,7,4,0,24.900000000000002,109.10000000000001,100000.0,2026-07-04,2026-07-04,1000.0
20260704,000000,10W,29,2026,7,4,0,26.7,109.60000000000001,100000.0,2026-07-04,2026-07-04,1000.0
20260704,000000,10W,29,2026,7,4,0,28.0,110.10000000000001,99900.0,2026-07-04,2026-07-04,999.0
20260704,000000,10W,29,2026,7,4,0,30.400000000000002,111.4,99800.0,2026-07-04,2026-07-04,998.0
20260704,000000,10W,29,2026,7,4,0,28.8,111.8,99700.0,2026-07-04,2026-07-04,997.0
20260704,000000,10W,29,2026,7,4,0,27.7,111.2,99700.0,2026-07-04,2026-07-04,997.0
20260704,000000,10W,30,2026,7,4,0,20.7,107.60000000000001,99600.0,2026-07-04,2026-07-04,996.0
20260704,000000,10W,30,2026,7,4,0,21.1,107.5,99700.0,2026-07-04,2026-07-04,997.0
20260704,000000,10W,30,2026,7,4,0,21.2,107.7,99700.0,2026-07-04,2026-07-04,997.0
20260704,000000,10W,30,2026,7,4,0,22.5,107.60000000000001,99700.0,2026-07-04,2026-07-04,997.0
20260704,000000,10W,30,2026,7,4,0,23.0,107.5,99700.0,2026-07-04,2026-07-04,997.0
20260704,000000,10W,30,2026,7,4,0,23.7,107.9,99700.0,2026-07-04,2026-07-04,997.0
20260704,000000,10W,30,2026,7,4,0,24.7,108.0,99900.0,2026-07-04,2026-07-04,999.0
20260704,000000,10W,30,2026,7,4,0,25.900000000000002,108.4,99900.0,2026-07-04,2026-07-04,999.0
20260704,000000,10W,30,2026,7,4,0,26.6,109.2,99900.0,2026-07-04,2026-07-04,999.0
20260704,000000,10W,30,2026,7,4,0,28.0,110.10000000000001,99900.0,2026-07-04,2026-07-04,999.0
20260704,000000,10W,30,2026,7,4,0,28.7,111.3,99900.0,2026-07-04,2026-07-04,999.0
20260704,000000,10W,30,2026,7,4,0,29.900000000000002,112.3,99800.0,2026-07-04,2026-07-04,998.0
20260704,000000,10W,30,2026,7,4,0,30.6,113.4,99700.0,2026-07-04,2026-07-04,997.0
20260704,000000,10W,31,2026,7,4,0,20.7,107.60000000000001,99500.0,2026-07-04,2026-07-04,995.0
20260704,000000,10W,31,2026,7,4,0,21.3,107.2,99500.0,2026-07-04,2026-07-04,995.0
20260704,000000,10W,31,2026,7,4,0,22.3,107.2,99600.0,2026-07-04,2026-07-04,996.0
20260704,000000,10W,31,2026,7,4,0,23.3,106.9,99700.0,2026-07-04,2026-07-04,997.0
20260704,000000,10W,31,2026,7,4,0,23.7,106.8,99700.0,2026-07-04,2026-07-04,997.0
20260704,000000,10W,31,2026,7,4,0,24.8,107.2,99900.0,2026-07-04,2026-07-04,999.0
20260704,000000,10W,31,2026,7,4,0,25.400000000000002,106.8,99800.0,2026-07-04,2026-07-04,998.0
20260704,000000,10W,31,2026,7,4,0,25.1,108.0,99700.0,2026-07-04,2026-07-04,997.0
20260704,000000,10W,31,2026,7,4,0,26.7,107.7,99600.0,2026-07-04,2026-07-04,996.0
20260704,000000,10W,31,2026,7,4,0,27.8,109.0,99700.0,2026-07-04,2026-07-04,997.0
20260704,000000,10W,31,2026,7,4,0,28.400000000000002,110.3,99600.0,2026-07-04,2026-07-04,996.0
20260704,000000,10W,31,2026,7,4,0,28.400000000000002,110.3,99600.0,2026-07-04,2026-07-04,996.0
20260704,000000,10W,31,2026,7,4,0,29.2,111.4,99600.0,2026-07-04,2026-07-04,996.0
20260704,000000,10W,31,2026,7,4,0,31.5,113.60000000000001,99800.0,2026-07-04,2026-07-04,998.0
20260704,000000,10W,31,2026,7,4,0,32.2,115.4,99900.0,2026-07-04,2026-07-04,999.0
20260704,000000,10W,32,2026,7,4,0,21.1,108.8,99400.0,2026-07-04,2026-07-04,994.0
20260704,000000,10W,32,2026,7,4,0,21.6,108.4,99400.0,2026-07-04,2026-07-04,994.0
20260704,000000,10W,32,2026,7,4,0,22.6,108.0,99600.0,2026-07-04,2026-07-04,996.0
20260704,000000,10W,32,2026,7,4,0,23.0,108.0,99700.0,2026-07-04,2026-07-04,997.0
20260704,000000,10W,32,2026,7,4,0,24.0,108.7,99800.0,2026-07-04,2026-07-04,998.0
20260704,000000,10W,32,2026,7,4,0,25.0,108.10000000000001,99900.0,2026-07-04,2026-07-04,999.0
20260704,000000,10W,32,2026,7,4,0,26.2,109.7,99900.0,2026-07-04,2026-07-04,999.0
20260704,000000,10W,32,2026,7,4,0,26.8,110.7,99800.0,2026-07-04,2026-07-04,998.0
20260704,000000,10W,32,2026,7,4,0,28.0,112.10000000000001,99700.0,2026-07-04,2026-07-04,997.0
20260704,000000,10W,32,2026,7,4,0,29.900000000000002,113.0,99400.0,2026-07-04,2026-07-04,994.0
20260704,000000,10W,32,2026,7,4,0,31.1,113.9,99300.0,2026-07-04,2026-07-04,993.0
20260704,000000,10W,32,2026,7,4,0,32.0,116.0,99200.0,2026-07-04,2026-07-04,992.0
20260704,000000,10W,32,2026,7,4,0,33.2,118.10000000000001,98900.0,2026-07-04,2026-07-04,989.0
20260704,000000,10W,32,2026,7,4,0,34.1,119.9,99400.0,2026-07-04,2026-07-04,994.0
20260704,000000,10W,32,2026,7,4,0,36.800000000000004,121.9,99000.0,2026-07-04,2026-07-04,990.0
20260704,000000,10W,32,2026,7,4,0,39.4,124.2,98900.0,2026-07-04,2026-07-04,989.0
20260704,000000,10W,32,2026,7,4,0,41.7,126.10000000000001,99200.0,2026-07-04,2026-07-04,992.0
20260704,000000,10W,32,2026,7,4,0,43.6,128.5,99500.0,2026-07-04,2026-07-04,995.0
20260704,000000,10W,32,2026,7,4,0,44.9,130.6,99700.0,2026-07-04,2026-07-04,997.0
20260704,000000,10W,32,2026,7,4,0,46.2,132.2,99900.0,2026-07-04,2026-07-04,999.0
20260704,000000,10W,32,2026,7,4,0,47.2,133.3,99900.0,2026-07-04,2026-07-04,999.0
20260704,000000,10W,32,2026,7,4,0,48.4,133.6,100100.0,2026-07-04,2026-07-04,1001.0
20260704,000000,10W,32,2026,7,4,0,49.0,133.2,100200.0,2026-07-04,2026-07-04,1002.0
20260704,000000,10W,32,2026,7,4,0,50.9,134.5,100300.0,2026-07-04,2026-07-04,1003.0
20260704,000000,10W,32,2026,7,4,0,51.0,136.0,100100.0,2026-07-04,2026-07-04,1001.0
20260704,000000,10W,33,2026,7,4,0,20.7,108.0,99300.0,2026-07-04,2026-07-04,993.0
20260704,000000,10W,33,2026,7,4,0,22.0,107.7,99400.0,2026-07-04,2026-07-04,994.0
20260704,000000,10W,33,2026,7,4,0,22.7,107.8,99400.0,2026-07-04,2026-07-04,994.0
20260704,000000,10W,33,2026,7,4,0,23.2,108.2,99200.0,2026-07-04,2026-07-04,992.0
20260704,000000,10W,33,2026,7,4,0,24.0,108.3,99300.0,2026-07-04,2026-07-04,993.0
20260704,000000,10W,33,2026,7,4,0,24.900000000000002,109.10000000000001,99300.0,2026-07-04,2026-07-04,993.0
20260704,000000,10W,33,2026,7,4,0,25.7,109.60000000000001,99200.0,2026-07-04,2026-07-04,992.0
20260704,000000,10W,33,2026,7,4,0,27.2,110.10000000000001,99300.0,2026-07-04,2026-07-04,993.0
20260704,000000,10W,33,2026,7,4,0,28.0,110.60000000000001,99300.0,2026-07-04,2026-07-04,993.0
20260704,000000,10W,33,2026,7,4,0,29.1,111.7,99300.0,2026-07-04,2026-07-04,993.0
20260704,000000,10W,33,2026,7,4,0,30.0,112.3,99400.0,2026-07-04,2026-07-04,994.0
20260704,000000,10W,33,2026,7,4,0,31.3,114.3,99500.0,2026-07-04,2026-07-04,995.0
20260704,000000,10W,33,2026,7,4,0,32.3,116.2,99500.0,2026-07-04,2026-07-04,995.0
20260704,000000,10W,33,2026,7,4,0,35.4,118.4,99500.0,2026-07-04,2026-07-04,995.0
20260704,000000,10W,33,2026,7,4,0,37.5,122.4,99200.0,2026-07-04,2026-07-04,992.0
20260704,000000,10W,33,2026,7,4,0,39.4,123.60000000000001,98900.0,2026-07-04,2026-07-04,989.0
20260704,000000,10W,34,2026,7,4,0,20.5,107.5,99500.0,2026-07-04,2026-07-04,995.0
20260704,000000,10W,34,2026,7,4,0,20.900000000000002,107.7,99600.0,2026-07-04,2026-07-04,996.0
20260704,000000,10W,34,2026,7,4,0,21.3,107.7,99700.0,2026-07-04,2026-07-04,997.0
20260704,000000,10W,34,2026,7,4,0,22.0,107.60000000000001,99700.0,2026-07-04,2026-07-04,997.0
20260704,000000,10W,34,2026,7,4,0,22.7,108.0,99700.0,2026-07-04,2026-07-04,997.0
20260704,000000,10W,34,2026,7,4,0,23.7,108.0,99900.0,2026-07-04,2026-07-04,999.0
20260704,000000,10W,34,2026,7,4,0,24.900000000000002,108.2,100000.0,2026-07-04,2026-07-04,1000.0
20260704,000000,10W,34,2026,7,4,0,25.0,108.10000000000001,100000.0,2026-07-04,2026-07-04,1000.0
20260704,000000,10W,34,2026,7,4,0,27.2,110.10000000000001,99900.0,2026-07-04,2026-07-04,999.0
20260704,000000,10W,34,2026,7,4,0,29.7,112.9,99800.0,2026-07-04,2026-07-04,998.0
20260704,000000,10W,34,2026,7,4,0,30.6,114.3,99700.0,2026-07-04,2026-07-04,997.0
20260704,000000,10W,35,2026,7,4,0,20.6,107.7,99500.0,2026-07-04,2026-07-04,995.0
20260704,000000,10W,35,2026,7,4,0,20.400000000000002,107.5,99400.0,2026-07-04,2026-07-04,994.0
20260704,000000,10W,35,2026,7,4,0,22.0,107.0,99600.0,2026-07-04,2026-07-04,996.0
20260704,000000,10W,35,2026,7,4,0,22.3,107.2,99400.0,2026-07-04,2026-07-04,994.0
20260704,000000,10W,35,2026,7,4,0,22.6,107.5,99200.0,2026-07-04,2026-07-04,992.0
20260704,000000,10W,35,2026,7,4,0,23.6,108.0,99200.0,2026-07-04,2026-07-04,992.0
20260704,000000,10W,35,2026,7,4,0,24.3,108.4,99100.0,2026-07-04,2026-07-04,991.0
20260704,000000,10W,35,2026,7,4,0,25.1,109.2,99300.0,2026-07-04,2026-07-04,993.0
20260704,000000,10W,35,2026,7,4,0,26.8,109.9,99400.0,2026-07-04,2026-07-04,994.0
20260704,000000,10W,35,2026,7,4,0,27.1,110.8,99400.0,2026-07-04,2026-07-04,994.0
20260704,000000,10W,35,2026,7,4,0,29.0,111.5,99400.0,2026-07-04,2026-07-04,994.0
20260704,000000,10W,35,2026,7,4,0,29.7,112.7,99300.0,2026-07-04,2026-07-04,993.0
20260704,000000,10W,35,2026,7,4,0,30.6,114.7,99300.0,2026-07-04,2026-07-04,993.0
20260704,000000,10W,35,2026,7,4,0,32.1,116.7,99300.0,2026-07-04,2026-07-04,993.0
20260704,000000,10W,35,2026,7,4,0,33.4,118.5,98600.0,2026-07-04,2026-07-04,986.0
20260704,000000,10W,35,2026,7,4,0,35.0,121.5,98900.0,2026-07-04,2026-07-04,989.0
20260704,000000,10W,35,2026,7,4,0,37.7,123.60000000000001,98900.0,2026-07-04,2026-07-04,989.0
20260704,000000,10W,35,2026,7,4,0,40.9,126.5,99300.0,2026-07-04,2026-07-04,993.0
20260704,000000,10W,36,2026,7,4,0,20.7,107.9,99500.0,2026-07-04,2026-07-04,995.0
20260704,000000,10W,36,2026,7,4,0,21.3,108.0,99600.0,2026-07-04,2026-07-04,996.0
20260704,000000,10W,36,2026,7,4,0,22.0,107.7,99800.0,2026-07-04,2026-07-04,998.0
20260704,000000,10W,36,2026,7,4,0,22.5,108.10000000000001,99800.0,2026-07-04,2026-07-04,998.0
20260704,000000,10W,36,2026,7,4,0,23.2,108.2,99800.0,2026-07-04,2026-07-04,998.0
20260704,000000,10W,36,2026,7,4,0,24.400000000000002,108.60000000000001,99900.0,2026-07-04,2026-07-04,999.0
20260704,000000,10W,36,2026,7,4,0,25.3,109.4,100000.0,2026-07-04,2026-07-04,1000.0
20260704,000000,10W,36,2026,7,4,0,26.7,109.60000000000001,100000.0,2026-07-04,2026-07-04,1000.0
20260704,000000,10W,36,2026,7,4,0,28.7,111.10000000000001,100000.0,2026-07-04,2026-07-04,1000.0
20260704,000000,10W,36,2026,7,4,0,30.400000000000002,111.8,99800.0,2026-07-04,2026-07-04,998.0
20260704,000000,10W,37,2026,7,4,0,20.7,107.60000000000001,99100.0,2026-07-04,2026-07-04,991.0
20260704,000000,10W,37,2026,7,4,0,21.400000000000002,107.9,98800.0,2026-07-04,2026-07-04,988.0
20260704,000000,10W,37,2026,7,4,0,22.8,107.9,99300.0,2026-07-04,2026-07-04,993.0
20260704,000000,10W,37,2026,7,4,0,24.0,107.5,99700.0,2026-07-04,2026-07-04,997.0
20260704,000000,10W,37,2026,7,4,0,23.8,106.5,99700.0,2026-07-04,2026-07-04,997.0
20260704,000000,10W,37,2026,7,4,0,24.7,108.10000000000001,99700.0,2026-07-04,2026-07-04,997.0
20260704,000000,10W,37,2026,7,4,0,25.900000000000002,108.4,99700.0,2026-07-04,2026-07-04,997.0
20260704,000000,10W,37,2026,7,4,0,27.0,109.2,99400.0,2026-07-04,2026-07-04,994.0
20260704,000000,10W,37,2026,7,4,0,28.0,109.8,99300.0,2026-07-04,2026-07-04,993.0
20260704,000000,10W,37,2026,7,4,0,29.1,110.3,99500.0,2026-07-04,2026-07-04,995.0
20260704,000000,10W,37,2026,7,4,0,29.6,111.5,99400.0,2026-07-04,2026-07-04,994.0
20260704,000000,10W,37,2026,7,4,0,30.6,113.2,99300.0,2026-07-04,2026-07-04,993.0
20260704,000000,10W,37,2026,7,4,0,31.3,114.4,99300.0,2026-07-04,2026-07-04,993.0
20260704,000000,10W,37,2026,7,4,0,32.4,116.9,99400.0,2026-07-04,2026-07-04,994.0
20260704,000000,10W,37,2026,7,4,0,35.800000000000004,120.10000000000001,99100.0,2026-07-04,2026-07-04,991.0
20260704,000000,10W,37,2026,7,4,0,37.6,122.9,99000.0,2026-07-04,2026-07-04,990.0
20260704,000000,10W,38,2026,7,4,0,21.1,108.2,99500.0,2026-07-04,2026-07-04,995.0
20260704,000000,10W,38,2026,7,4,0,21.3,107.7,99500.0,2026-07-04,2026-07-04,995.0
20260704,000000,10W,38,2026,7,4,0,22.6,107.8,99500.0,2026-07-04,2026-07-04,995.0
20260704,000000,10W,38,2026,7,4,0,23.0,107.7,99500.0,2026-07-04,2026-07-04,995.0
20260704,000000,10W,38,2026,7,4,0,23.900000000000002,108.0,99600.0,2026-07-04,2026-07-04,996.0
20260704,000000,10W,38,2026,7,4,0,24.900000000000002,108.2,99600.0,2026-07-04,2026-07-04,996.0
20260704,000000,10W,38,2026,7,4,0,25.6,108.9,99500.0,2026-07-04,2026-07-04,995.0
20260704,000000,10W,38,2026,7,4,0,26.8,108.9,99500.0,2026-07-04,2026-07-04,995.0
20260704,000000,10W,38,2026,7,4,0,27.8,109.7,99500.0,2026-07-04,2026-07-04,995.0
20260704,000000,10W,38,2026,7,4,0,28.400000000000002,110.2,99600.0,2026-07-04,2026-07-04,996.0
20260704,000000,10W,38,2026,7,4,0,29.0,111.3,99600.0,2026-07-04,2026-07-04,996.0
20260704,000000,10W,38,2026,7,4,0,30.2,111.7,99500.0,2026-07-04,2026-07-04,995.0
20260704,000000,10W,38,2026,7,4,0,30.3,111.9,99500.0,2026-07-04,2026-07-04,995.0
20260704,000000,10W,38,2026,7,4,0,30.8,112.5,99600.0,2026-07-04,2026-07-04,996.0
20260704,000000,10W,39,2026,7,4,0,20.7,108.2,99500.0,2026-07-04,2026-07-04,995.0
20260704,000000,10W,39,2026,7,4,0,21.8,108.3,99700.0,2026-07-04,2026-07-04,997.0
20260704,000000,10W,39,2026,7,4,0,22.3,107.8,99700.0,2026-07-04,2026-07-04,997.0
20260704,000000,10W,39,2026,7,4,0,22.7,107.8,99600.0,2026-07-04,2026-07-04,996.0
20260704,000000,10W,39,2026,7,4,0,23.400000000000002,107.7,99600.0,2026-07-04,2026-07-04,996.0
20260704,000000,10W,39,2026,7,4,0,24.6,108.0,99700.0,2026-07-04,2026-07-04,997.0
20260704,000000,10W,39,2026,7,4,0,25.0,108.10000000000001,99700.0,2026-07-04,2026-07-04,997.0
20260704,000000,10W,39,2026,7,4,0,26.1,109.2,99800.0,2026-07-04,2026-07-04,998.0
20260704,000000,10W,39,2026,7,4,0,26.7,109.60000000000001,99900.0,2026-07-04,2026-07-04,999.0
20260704,000000,10W,39,2026,7,4,0,28.0,110.10000000000001,99900.0,2026-07-04,2026-07-04,999.0
20260704,000000,10W,39,2026,7,4,0,29.0,111.5,99800.0,2026-07-04,2026-07-04,998.0
20260704,000000,10W,39,2026,7,4,0,29.2,111.9,99900.0,2026-07-04,2026-07-04,999.0
20260704,000000,10W,40,2026,7,4,0,21.0,108.0,99000.0,2026-07-04,2026-07-04,990.0
20260704,000000,10W,40,2026,7,4,0,20.6,107.5,99200.0,2026-07-04,2026-07-04,992.0
20260704,000000,10W,40,2026,7,4,0,22.0,107.10000000000001,99000.0,2026-07-04,2026-07-04,990.0
20260704,000000,10W,40,2026,7,4,0,22.400000000000002,107.0,99300.0,2026-07-04,2026-07-04,993.0
20260704,000000,10W,40,2026,7,4,0,22.7,107.2,99200.0,2026-07-04,2026-07-04,992.0
20260704,000000,10W,40,2026,7,4,0,23.400000000000002,107.3,99000.0,2026-07-04,2026-07-04,990.0
20260704,000000,10W,40,2026,7,4,0,24.1,107.2,99100.0,2026-07-04,2026-07-04,991.0
20260704,000000,10W,40,2026,7,4,0,24.6,107.2,99300.0,2026-07-04,2026-07-04,993.0
20260704,000000,10W,40,2026,7,4,0,25.2,107.7,99200.0,2026-07-04,2026-07-04,992.0
20260704,000000,10W,40,2026,7,4,0,25.5,107.5,99200.0,2026-07-04,2026-07-04,992.0
20260704,000000,10W,40,2026,7,4,0,25.5,107.8,98900.0,2026-07-04,2026-07-04,989.0
20260704,000000,10W,40,2026,7,4,0,26.0,108.4,99200.0,2026-07-04,2026-07-04,992.0
20260704,000000,10W,40,2026,7,4,0,26.0,108.4,99400.0,2026-07-04,2026-07-04,994.0
20260704,000000,10W,40,2026,7,4,0,26.0,107.9,99600.0,2026-07-04,2026-07-04,996.0
20260704,000000,10W,40,2026,7,4,0,23.900000000000002,108.0,99500.0,2026-07-04,2026-07-04,995.0
20260704,000000,10W,40,2026,7,4,0,25.6,108.9,99600.0,2026-07-04,2026-07-04,996.0
20260704,000000,10W,40,2026,7,4,0,24.3,109.2,99700.0,2026-07-04,2026-07-04,997.0
20260704,000000,10W,40,2026,7,4,0,22.1,107.2,99700.0,2026-07-04,2026-07-04,997.0
20260704,000000,10W,41,2026,7,4,0,20.3,107.60000000000001,99200.0,2026-07-04,2026-07-04,992.0
20260704,000000,10W,41,2026,7,4,0,21.0,107.3,99100.0,2026-07-04,2026-07-04,991.0
20260704,000000,10W,41,2026,7,4,0,21.3,107.2,98700.0,2026-07-04,2026-07-04,987.0
20260704,000000,10W,41,2026,7,4,0,22.0,107.10000000000001,99000.0,2026-07-04,2026-07-04,990.0
20260704,000000,10W,41,2026,7,4,0,22.3,107.2,99100.0,2026-07-04,2026-07-04,991.0
20260704,000000,10W,41,2026,7,4,0,22.6,107.5,99300.0,2026-07-04,2026-07-04,993.0
20260704,000000,10W,41,2026,7,4,0,23.3,107.5,99100.0,2026-07-04,2026-07-04,991.0
20260704,000000,10W,41,2026,7,4,0,23.6,107.0,99000.0,2026-07-04,2026-07-04,990.0
20260704,000000,10W,41,2026,7,4,0,23.7,107.0,99200.0,2026-07-04,2026-07-04,992.0
20260704,000000,10W,41,2026,7,4,0,24.2,107.2,99400.0,2026-07-04,2026-07-04,994.0
20260704,000000,10W,41,2026,7,4,0,23.8,106.5,99600.0,2026-07-04,2026-07-04,996.0
20260704,000000,10W,41,2026,7,4,0,23.7,106.9,99600.0,2026-07-04,2026-07-04,996.0
20260704,000000,10W,41,2026,7,4,0,23.8,106.5,99600.0,2026-07-04,2026-07-04,996.0
20260704,000000,10W,41,2026,7,4,0,23.7,106.9,99600.0,2026-07-04,2026-07-04,996.0
20260704,000000,10W,41,2026,7,4,0,23.6,107.0,99600.0,2026-07-04,2026-07-04,996.0
20260704,000000,10W,41,2026,7,4,0,23.5,107.2,99700.0,2026-07-04,2026-07-04,997.0
20260704,000000,10W,41,2026,7,4,0,23.7,108.0,99600.0,2026-07-04,2026-07-04,996.0
20260704,000000,10W,41,2026,7,4,0,23.7,106.8,99700.0,2026-07-04,2026-07-04,997.0
20260704,000000,10W,41,2026,7,4,0,23.5,107.0,99800.0,2026-07-04,2026-07-04,998.0
20260704,000000,10W,41,2026,7,4,0,23.8,106.60000000000001,99900.0,2026-07-04,2026-07-04,999.0
20260704,000000,10W,41,2026,7,4,0,22.6,106.10000000000001,99700.0,2026-07-04,2026-07-04,997.0
20260704,000000,10W,41,2026,7,4,0,23.7,106.8,99800.0,2026-07-04,2026-07-04,998.0
20260704,000000,10W,41,2026,7,4,0,23.2,108.10000000000001,99900.0,2026-07-04,2026-07-04,999.0
20260704,000000,10W,42,2026,7,4,0,20.400000000000002,107.5,98700.0,2026-07-04,2026-07-04,987.0
20260704,000000,10W,42,2026,7,4,0,21.1,107.5,98900.0,2026-07-04,2026-07-04,989.0
20260704,000000,10W,42,2026,7,4,0,22.0,107.3,99500.0,2026-07-04,2026-07-04,995.0
20260704,000000,10W,42,2026,7,4,0,22.400000000000002,107.3,99400.0,2026-07-04,2026-07-04,994.0
20260704,000000,10W,42,2026,7,4,0,23.0,107.5,99200.0,2026-07-04,2026-07-04,992.0
20260704,000000,10W,42,2026,7,4,0,23.7,107.9,99100.0,2026-07-04,2026-07-04,991.0
20260704,000000,10W,42,2026,7,4,0,24.7,108.3,98700.0,2026-07-04,2026-07-04,987.0
20260704,000000,10W,42,2026,7,4,0,25.900000000000002,108.9,99300.0,2026-07-04,2026-07-04,993.0
20260704,000000,10W,42,2026,7,4,0,26.900000000000002,109.2,99500.0,2026-07-04,2026-07-04,995.0
20260704,000000,10W,42,2026,7,4,0,27.900000000000002,110.10000000000001,99600.0,2026-07-04,2026-07-04,996.0
20260704,000000,10W,42,2026,7,4,0,28.5,110.60000000000001,99500.0,2026-07-04,2026-07-04,995.0
20260704,000000,10W,42,2026,7,4,0,29.6,111.7,99400.0,2026-07-04,2026-07-04,994.0
20260704,000000,10W,42,2026,7,4,0,30.3,112.5,99300.0,2026-07-04,2026-07-04,993.0
20260704,000000,10W,42,2026,7,4,0,31.8,115.0,99000.0,2026-07-04,2026-07-04,990.0
20260704,000000,10W,42,2026,7,4,0,32.6,116.4,98800.0,2026-07-04,2026-07-04,988.0
20260704,000000,10W,42,2026,7,4,0,34.2,119.2,98700.0,2026-07-04,2026-07-04,987.0
20260704,000000,10W,42,2026,7,4,0,35.4,121.8,98500.0,2026-07-04,2026-07-04,985.0
20260704,000000,10W,42,2026,7,4,0,37.5,124.0,98700.0,2026-07-04,2026-07-04,987.0
20260704,000000,10W,42,2026,7,4,0,38.9,125.10000000000001,98900.0,2026-07-04,2026-07-04,989.0
20260704,000000,10W,42,2026,7,4,0,39.7,127.5,99500.0,2026-07-04,2026-07-04,995.0
20260704,000000,10W,42,2026,7,4,0,42.0,130.8,99900.0,2026-07-04,2026-07-04,999.0
20260704,000000,10W,42,2026,7,4,0,41.6,134.0,100300.0,2026-07-04,2026-07-04,1003.0
20260704,000000,10W,43,2026,7,4,0,20.5,107.8,99100.0,2026-07-04,2026-07-04,991.0
20260704,000000,10W,43,2026,7,4,0,21.2,108.0,99000.0,2026-07-04,2026-07-04,990.0
20260704,000000,10W,43,2026,7,4,0,22.1,108.0,99400.0,2026-07-04,2026-07-04,994.0
20260704,000000,10W,43,2026,7,4,0,22.6,108.2,99200.0,2026-07-04,2026-07-04,992.0
20260704,000000,10W,43,2026,7,4,0,23.900000000000002,108.5,99400.0,2026-07-04,2026-07-04,994.0
20260704,000000,10W,43,2026,7,4,0,24.900000000000002,109.0,99400.0,2026-07-04,2026-07-04,994.0
20260704,000000,10W,43,2026,7,4,0,25.900000000000002,108.9,99500.0,2026-07-04,2026-07-04,995.0
20260704,000000,10W,43,2026,7,4,0,27.1,110.0,99300.0,2026-07-04,2026-07-04,993.0
20260704,000000,10W,43,2026,7,4,0,28.1,110.2,99300.0,2026-07-04,2026-07-04,993.0
20260704,000000,10W,43,2026,7,4,0,29.0,111.3,99300.0,2026-07-04,2026-07-04,993.0
20260704,000000,10W,43,2026,7,4,0,30.3,112.3,99000.0,2026-07-04,2026-07-04,990.0
20260704,000000,10W,43,2026,7,4,0,31.3,113.8,99100.0,2026-07-04,2026-07-04,991.0
20260704,000000,10W,43,2026,7,4,0,32.5,116.0,99000.0,2026-07-04,2026-07-04,990.0
20260704,000000,10W,43,2026,7,4,0,34.2,118.4,99100.0,2026-07-04,2026-07-04,991.0
20260704,000000,10W,43,2026,7,4,0,36.300000000000004,121.2,98000.0,2026-07-04,2026-07-04,980.0
20260704,000000,10W,43,2026,7,4,0,38.1,123.60000000000001,98300.0,2026-07-04,2026-07-04,983.0
20260704,000000,10W,43,2026,7,4,0,39.6,125.5,99000.0,2026-07-04,2026-07-04,990.0
20260704,000000,10W,44,2026,7,4,0,20.6,108.2,99300.0,2026-07-04,2026-07-04,993.0
20260704,000000,10W,44,2026,7,4,0,21.400000000000002,107.8,99300.0,2026-07-04,2026-07-04,993.0
20260704,000000,10W,44,2026,7,4,0,22.3,107.7,99300.0,2026-07-04,2026-07-04,993.0
20260704,000000,10W,44,2026,7,4,0,22.400000000000002,107.9,99000.0,2026-07-04,2026-07-04,990.0
20260704,000000,10W,44,2026,7,4,0,23.2,108.10000000000001,99200.0,2026-07-04,2026-07-04,992.0
20260704,000000,10W,44,2026,7,4,0,23.900000000000002,108.0,99300.0,2026-07-04,2026-07-04,993.0
20260704,000000,10W,44,2026,7,4,0,24.6,108.3,99000.0,2026-07-04,2026-07-04,990.0
20260704,000000,10W,44,2026,7,4,0,25.6,109.60000000000001,99300.0,2026-07-04,2026-07-04,993.0
20260704,000000,10W,44,2026,7,4,0,26.5,109.10000000000001,99300.0,2026-07-04,2026-07-04,993.0
20260704,000000,10W,44,2026,7,4,0,27.900000000000002,110.10000000000001,99500.0,2026-07-04,2026-07-04,995.0
20260704,000000,10W,44,2026,7,4,0,28.2,109.60000000000001,99500.0,2026-07-04,2026-07-04,995.0
20260704,000000,10W,44,2026,7,4,0,28.7,111.3,99700.0,2026-07-04,2026-07-04,997.0
20260704,000000,10W,44,2026,7,4,0,29.900000000000002,112.7,99900.0,2026-07-04,2026-07-04,999.0
20260704,000000,10W,45,2026,7,4,0,20.900000000000002,107.8,99100.0,2026-07-04,2026-07-04,991.0
20260704,000000,10W,45,2026,7,4,0,22.0,107.5,99300.0,2026-07-04,2026-07-04,993.0
20260704,000000,10W,45,2026,7,4,0,22.3,107.2,99300.0,2026-07-04,2026-07-04,993.0
20260704,000000,10W,45,2026,7,4,0,22.7,107.2,99200.0,2026-07-04,2026-07-04,992.0
20260704,000000,10W,45,2026,7,4,0,23.2,107.60000000000001,99200.0,2026-07-04,2026-07-04,992.0
20260704,000000,10W,45,2026,7,4,0,24.0,108.0,99100.0,2026-07-04,2026-07-04,991.0
20260704,000000,10W,45,2026,7,4,0,25.2,108.3,99100.0,2026-07-04,2026-07-04,991.0
20260704,000000,10W,45,2026,7,4,0,26.3,109.0,99400.0,2026-07-04,2026-07-04,994.0
20260704,000000,10W,45,2026,7,4,0,27.2,109.60000000000001,99200.0,2026-07-04,2026-07-04,992.0
20260704,000000,10W,45,2026,7,4,0,28.5,110.3,99300.0,2026-07-04,2026-07-04,993.0
20260704,000000,10W,45,2026,7,4,0,29.3,111.5,99300.0,2026-07-04,2026-07-04,993.0
20260704,000000,10W,45,2026,7,4,0,30.3,113.4,99400.0,2026-07-04,2026-07-04,994.0
20260704,000000,10W,45,2026,7,4,0,31.2,115.0,99400.0,2026-07-04,2026-07-04,994.0
20260704,000000,10W,45,2026,7,4,0,33.5,117.9,99400.0,2026-07-04,2026-07-04,994.0
20260704,000000,10W,45,2026,7,4,0,35.300000000000004,121.0,99400.0,2026-07-04,2026-07-04,994.0
20260704,000000,10W,45,2026,7,4,0,37.5,122.9,99100.0,2026-07-04,2026-07-04,991.0
20260704,000000,10W,45,2026,7,4,0,38.9,127.9,99800.0,2026-07-04,2026-07-04,998.0
20260704,000000,10W,46,2026,7,4,0,20.6,107.3,99300.0,2026-07-04,2026-07-04,993.0
20260704,000000,10W,46,2026,7,4,0,21.2,107.2,99500.0,2026-07-04,2026-07-04,995.0
20260704,000000,10W,46,2026,7,4,0,21.8,107.5,99400.0,2026-07-04,2026-07-04,994.0
20260704,000000,10W,46,2026,7,4,0,22.6,107.5,99300.0,2026-07-04,2026-07-04,993.0
20260704,000000,10W,46,2026,7,4,0,23.5,107.8,99400.0,2026-07-04,2026-07-04,994.0
20260704,000000,10W,46,2026,7,4,0,24.6,108.0,99400.0,2026-07-04,2026-07-04,994.0
20260704,000000,10W,46,2026,7,4,0,25.6,107.9,99500.0,2026-07-04,2026-07-04,995.0
20260704,000000,10W,46,2026,7,4,0,26.6,108.2,99500.0,2026-07-04,2026-07-04,995.0
20260704,000000,10W,46,2026,7,4,0,27.1,108.60000000000001,99300.0,2026-07-04,2026-07-04,993.0
20260704,000000,10W,46,2026,7,4,0,27.7,109.10000000000001,99300.0,2026-07-04,2026-07-04,993.0
20260704,000000,10W,46,2026,7,4,0,28.7,109.8,99400.0,2026-07-04,2026-07-04,994.0
20260704,000000,10W,46,2026,7,4,0,29.8,110.9,99400.0,2026-07-04,2026-07-04,994.0
20260704,000000,10W,46,2026,7,4,0,29.7,111.7,99300.0,2026-07-04,2026-07-04,993.0
20260704,000000,10W,46,2026,7,4,0,30.5,112.8,99300.0,2026-07-04,2026-07-04,993.0
20260704,000000,10W,46,2026,7,4,0,31.3,114.4,99300.0,2026-07-04,2026-07-04,993.0
20260704,000000,10W,46,2026,7,4,0,32.3,116.8,99300.0,2026-07-04,2026-07-04,993.0
20260704,000000,10W,46,2026,7,4,0,34.4,118.8,99100.0,2026-07-04,2026-07-04,991.0
20260704,000000,10W,46,2026,7,4,0,36.2,121.7,99100.0,2026-07-04,2026-07-04,991.0
20260704,000000,10W,46,2026,7,4,0,37.9,123.0,98400.0,2026-07-04,2026-07-04,984.0
20260704,000000,10W,46,2026,7,4,0,39.6,123.7,98600.0,2026-07-04,2026-07-04,986.0
20260704,000000,10W,46,2026,7,4,0,40.5,124.10000000000001,98800.0,2026-07-04,2026-07-04,988.0
20260704,000000,10W,46,2026,7,4,0,42.0,124.7,99200.0,2026-07-04,2026-07-04,992.0
20260704,000000,10W,46,2026,7,4,0,42.9,125.7,99500.0,2026-07-04,2026-07-04,995.0
20260704,000000,10W,46,2026,7,4,0,43.9,126.5,99800.0,2026-07-04,2026-07-04,998.0
20260704,000000,10W,46,2026,7,4,0,44.9,126.8,100000.0,2026-07-04,2026-07-04,1000.0
20260704,000000,10W,46,2026,7,4,0,45.0,126.7,100200.0,2026-07-04,2026-07-04,1002.0
20260704,000000,10W,46,2026,7,4,0,46.0,127.3,100400.0,2026-07-04,2026-07-04,1004.0
20260704,000000,10W,47,2026,7,4,0,20.400000000000002,107.8,99300.0,2026-07-04,2026-07-04,993.0
20260704,000000,10W,47,2026,7,4,0,21.2,107.5,99200.0,2026-07-04,2026-07-04,992.0
20260704,000000,10W,47,2026,7,4,0,21.1,107.8,98300.0,2026-07-04,2026-07-04,983.0
20260704,000000,10W,47,2026,7,4,0,22.1,107.5,98300.0,2026-07-04,2026-07-04,983.0
20260704,000000,10W,47,2026,7,4,0,22.7,107.7,98300.0,2026-07-04,2026-07-04,983.0
20260704,000000,10W,47,2026,7,4,0,23.3,107.8,97400.0,2026-07-04,2026-07-04,974.0
20260704,000000,10W,47,2026,7,4,0,24.2,108.0,98200.0,2026-07-04,2026-07-04,982.0
20260704,000000,10W,47,2026,7,4,0,25.2,108.10000000000001,98300.0,2026-07-04,2026-07-04,983.0
20260704,000000,10W,47,2026,7,4,0,26.3,108.4,98700.0,2026-07-04,2026-07-04,987.0
20260704,000000,10W,47,2026,7,4,0,27.0,108.5,98900.0,2026-07-04,2026-07-04,989.0
20260704,000000,10W,47,2026,7,4,0,27.2,108.7,99100.0,2026-07-04,2026-07-04,991.0
20260704,000000,10W,47,2026,7,4,0,27.2,109.60000000000001,99200.0,2026-07-04,2026-07-04,992.0
20260704,000000,10W,47,2026,7,4,0,27.900000000000002,110.10000000000001,99200.0,2026-07-04,2026-07-04,992.0
20260704,000000,10W,47,2026,7,4,0,28.2,110.9,99300.0,2026-07-04,2026-07-04,993.0
20260704,000000,10W,47,2026,7,4,0,28.5,111.7,99200.0,2026-07-04,2026-07-04,992.0
20260704,000000,10W,47,2026,7,4,0,29.0,112.5,99300.0,2026-07-04,2026-07-04,993.0
20260704,000000,10W,47,2026,7,4,0,30.0,113.60000000000001,99300.0,2026-07-04,2026-07-04,993.0
20260704,000000,10W,47,2026,7,4,0,30.6,114.10000000000001,99400.0,2026-07-04,2026-07-04,994.0
20260704,000000,10W,47,2026,7,4,0,31.2,114.5,99400.0,2026-07-04,2026-07-04,994.0
20260704,000000,10W,47,2026,7,4,0,31.8,116.0,99500.0,2026-07-04,2026-07-04,995.0
20260704,000000,10W,47,2026,7,4,0,33.0,116.5,99500.0,2026-07-04,2026-07-04,995.0
20260704,000000,10W,47,2026,7,4,0,33.6,116.3,99700.0,2026-07-04,2026-07-04,997.0
20260704,000000,10W,47,2026,7,4,0,34.300000000000004,116.5,99800.0,2026-07-04,2026-07-04,998.0
20260704,000000,10W,47,2026,7,4,0,34.6,116.60000000000001,99900.0,2026-07-04,2026-07-04,999.0
20260704,000000,10W,47,2026,7,4,0,33.7,114.8,100100.0,2026-07-04,2026-07-04,1001.0
20260704,000000,10W,48,2026,7,4,0,20.400000000000002,107.60000000000001,99100.0,2026-07-04,2026-07-04,991.0
20260704,000000,10W,48,2026,7,4,0,21.2,107.7,99200.0,2026-07-04,2026-07-04,992.0
20260704,000000,10W,48,2026,7,4,0,22.0,107.7,99600.0,2026-07-04,2026-07-04,996.0
20260704,000000,10W,48,2026,7,4,0,23.0,107.7,99700.0,2026-07-04,2026-07-04,997.0
20260704,000000,10W,48,2026,7,4,0,23.1,108.0,99500.0,2026-07-04,2026-07-04,995.0
20260704,000000,10W,48,2026,7,4,0,24.400000000000002,108.7,99600.0,2026-07-04,2026-07-04,996.0
20260704,000000,10W,48,2026,7,4,0,26.3,109.8,99700.0,2026-07-04,2026-07-04,997.0
20260704,000000,10W,48,2026,7,4,0,26.7,109.60000000000001,99500.0,2026-07-04,2026-07-04,995.0
20260704,000000,10W,48,2026,7,4,0,27.900000000000002,110.60000000000001,99600.0,2026-07-04,2026-07-04,996.0
20260704,000000,10W,48,2026,7,4,0,28.8,111.60000000000001,99300.0,2026-07-04,2026-07-04,993.0
20260704,000000,10W,48,2026,7,4,0,30.1,113.0,99300.0,2026-07-04,2026-07-04,993.0
20260704,000000,10W,48,2026,7,4,0,30.8,114.7,99400.0,2026-07-04,2026-07-04,994.0
20260704,000000,10W,48,2026,7,4,0,32.3,117.7,99100.0,2026-07-04,2026-07-04,991.0
20260704,000000,10W,48,2026,7,4,0,34.7,120.10000000000001,99000.0,2026-07-04,2026-07-04,990.0
20260704,000000,10W,48,2026,7,4,0,37.1,122.10000000000001,98800.0,2026-07-04,2026-07-04,988.0
20260704,000000,10W,48,2026,7,4,0,39.800000000000004,123.2,98800.0,2026-07-04,2026-07-04,988.0
20260704,000000,10W,48,2026,7,4,0,42.5,124.3,98600.0,2026-07-04,2026-07-04,986.0
20260704,000000,10W,48,2026,7,4,0,45.0,125.5,98800.0,2026-07-04,2026-07-04,988.0
20260704,000000,10W,48,2026,7,4,0,47.1,126.4,98900.0,2026-07-04,2026-07-04,989.0
20260704,000000,10W,48,2026,7,4,0,48.7,126.9,99200.0,2026-07-04,2026-07-04,992.0
20260704,000000,10W,48,2026,7,4,0,50.300000000000004,127.4,99000.0,2026-07-04,2026-07-04,990.0
20260704,000000,10W,49,2026,7,4,0,20.7,107.8,99500.0,2026-07-04,2026-07-04,995.0
20260704,000000,10W,49,2026,7,4,0,22.1,107.2,99600.0,2026-07-04,2026-07-04,996.0
20260704,000000,10W,49,2026,7,4,0,22.0,107.10000000000001,99400.0,2026-07-04,2026-07-04,994.0
20260704,000000,10W,49,2026,7,4,0,22.6,107.2,99300.0,2026-07-04,2026-07-04,993.0
20260704,000000,10W,49,2026,7,4,0,23.5,107.10000000000001,99400.0,2026-07-04,2026-07-04,994.0
20260704,000000,10W,49,2026,7,4,0,24.5,107.2,99500.0,2026-07-04,2026-07-04,995.0
20260704,000000,10W,49,2026,7,4,0,25.400000000000002,106.8,99400.0,2026-07-04,2026-07-04,994.0
20260704,000000,10W,49,2026,7,4,0,25.6,107.2,99600.0,2026-07-04,2026-07-04,996.0
20260704,000000,10W,49,2026,7,4,0,26.0,107.9,99600.0,2026-07-04,2026-07-04,996.0
20260704,000000,10W,49,2026,7,4,0,26.6,108.5,99700.0,2026-07-04,2026-07-04,997.0
20260704,000000,10W,49,2026,7,4,0,27.400000000000002,109.8,99700.0,2026-07-04,2026-07-04,997.0
20260704,000000,10W,49,2026,7,4,0,27.7,109.60000000000001,99700.0,2026-07-04,2026-07-04,997.0
20260704,000000,10W,49,2026,7,4,0,28.7,111.3,99800.0,2026-07-04,2026-07-04,998.0
20260704,000000,10W,49,2026,7,4,0,28.7,111.3,99800.0,2026-07-04,2026-07-04,998.0
20260704,000000,10W,49,2026,7,4,0,29.2,112.5,99700.0,2026-07-04,2026-07-04,997.0
20260704,000000,10W,49,2026,7,4,0,30.6,113.60000000000001,99800.0,2026-07-04,2026-07-04,998.0
20260704,000000,10W,49,2026,7,4,0,31.6,113.60000000000001,99800.0,2026-07-04,2026-07-04,998.0
20260704,000000,10W,49,2026,7,4,0,33.0,114.2,100000.0,2026-07-04,2026-07-04,1000.0
20260704,000000,10W,50,2026,7,4,0,20.8,107.7,99400.0,2026-07-04,2026-07-04,994.0
20260704,000000,10W,50,2026,7,4,0,21.3,107.2,99700.0,2026-07-04,2026-07-04,997.0
20260704,000000,10W,50,2026,7,4,0,22.3,107.2,99600.0,2026-07-04,2026-07-04,996.0
20260704,000000,10W,50,2026,7,4,0,22.400000000000002,107.2,99600.0,2026-07-04,2026-07-04,996.0
20260704,000000,10W,50,2026,7,4,0,23.5,107.10000000000001,99500.0,2026-07-04,2026-07-04,995.0
20260704,000000,10W,50,2026,7,4,0,23.900000000000002,107.3,99600.0,2026-07-04,2026-07-04,996.0
20260704,000000,10W,50,2026,7,4,0,24.7,107.2,99800.0,2026-07-04,2026-07-04,998.0
20260704,000000,10W,50,2026,7,4,0,25.400000000000002,106.8,99800.0,2026-07-04,2026-07-04,998.0
20260704,000000,10W,50,2026,7,4,0,25.400000000000002,106.60000000000001,99700.0,2026-07-04,2026-07-04,997.0
20260704,000000,10W,50,2026,7,4,0,25.400000000000002,105.8,99900.0,2026-07-04,2026-07-04,999.0
20260704,000000,10W,50,2026,7,4,0,23.8,106.60000000000001,100000.0,2026-07-04,2026-07-04,1000.0
20260704,000000,10W,50,2026,7,4,0,24.900000000000002,106.10000000000001,100100.0,2026-07-04,2026-07-04,1001.0
20260704,000000,10W,51,2026,7,4,0,20.6,108.0,99300.0,2026-07-04,2026-07-04,993.0
20260704,000000,10W,51,2026,7,4,0,21.3,107.7,99500.0,2026-07-04,2026-07-04,995.0
20260704,000000,10W,51,2026,7,4,0,22.0,107.60000000000001,99600.0,2026-07-04,2026-07-04,996.0
20260704,000000,10W,51,2026,7,4,0,22.7,107.8,99400.0,2026-07-04,2026-07-04,994.0
20260704,000000,10W,51,2026,7,4,0,23.400000000000002,107.9,99500.0,2026-07-04,2026-07-04,995.0
20260704,000000,10W,51,2026,7,4,0,24.400000000000002,108.0,99500.0,2026-07-04,2026-07-04,995.0
20260704,000000,10W,51,2026,7,4,0,25.0,108.10000000000001,99700.0,2026-07-04,2026-07-04,997.0
20260704,000000,10W,51,2026,7,4,0,25.900000000000002,108.4,99500.0,2026-07-04,2026-07-04,995.0
20260704,000000,10W,51,2026,7,4,0,26.400000000000002,109.10000000000001,99500.0,2026-07-04,2026-07-04,995.0
20260704,000000,10W,51,2026,7,4,0,27.3,108.9,99400.0,2026-07-04,2026-07-04,994.0
20260704,000000,10W,51,2026,7,4,0,27.8,109.60000000000001,99500.0,2026-07-04,2026-07-04,995.0
20260704,000000,10W,51,2026,7,4,0,28.400000000000002,110.3,99500.0,2026-07-04,2026-07-04,995.0
20260704,000000,10W,51,2026,7,4,0,29.0,111.5,99500.0,2026-07-04,2026-07-04,995.0
20260704,000000,10W,51,2026,7,4,0,30.1,112.7,99600.0,2026-07-04,2026-07-04,996.0
20260704,000000,10W,51,2026,7,4,0,31.1,113.4,99600.0,2026-07-04,2026-07-04,996.0
20260704,000000,10W,51,2026,7,4,0,33.8,116.7,99800.0,2026-07-04,2026-07-04,998.0
20260704,000000,10W,51,2026,7,4,0,35.300000000000004,119.3,99700.0,2026-07-04,2026-07-04,997.0
20260704,000000,11W,1,2026,7,4,0,12.3,151.6,97800.0,2026-07-04,2026-07-04,978.0
20260704,000000,11W,1,2026,7,4,0,12.4,150.8,97500.0,2026-07-04,2026-07-04,975.0
20260704,000000,11W,1,2026,7,4,0,12.700000000000001,150.5,96600.0,2026-07-04,2026-07-04,966.0
20260704,000000,11W,1,2026,7,4,0,13.1,149.5,95000.0,2026-07-04,2026-07-04,950.0
20260704,000000,11W,1,2026,7,4,0,13.3,148.70000000000002,93300.0,2026-07-04,2026-07-04,933.0
20260704,000000,11W,1,2026,7,4,0,13.700000000000001,147.9,91800.0,2026-07-04,2026-07-04,918.0
20260704,000000,11W,1,2026,7,4,0,14.5,146.9,91200.0,2026-07-04,2026-07-04,912.0
20260704,000000,11W,1,2026,7,4,0,14.9,145.8,91200.0,2026-07-04,2026-07-04,912.0
20260704,000000,11W,1,2026,7,4,0,15.5,144.5,90800.0,2026-07-04,2026-07-04,908.0
20260704,000000,11W,1,2026,7,4,0,15.9,143.0,91100.0,2026-07-04,2026-07-04,911.0
20260704,000000,11W,1,2026,7,4,0,16.2,141.5,90900.0,2026-07-04,2026-07-04,909.0
20260704,000000,11W,1,2026,7,4,0,16.4,139.9,90800.0,2026-07-04,2026-07-04,908.0
20260704,000000,11W,1,2026,7,4,0,16.7,138.3,90600.0,2026-07-04,2026-07-04,906.0
20260704,000000,11W,1,2026,7,4,0,17.1,136.8,91400.0,2026-07-04,2026-07-04,914.0
20260704,000000,11W,1,2026,7,4,0,17.5,135.2,91800.0,2026-07-04,2026-07-04,918.0
20260704,000000,11W,1,2026,7,4,0,17.8,133.6,92200.0,2026-07-04,2026-07-04,922.0
20260704,000000,11W,1,2026,7,4,0,18.400000000000002,132.1,92100.0,2026-07-04,2026-07-04,921.0
20260704,000000,11W,1,2026,7,4,0,18.5,130.7,92300.0,2026-07-04,2026-07-04,923.0
20260704,000000,11W,1,2026,7,4,0,18.8,129.5,92200.0,2026-07-04,2026-07-04,922.0
20260704,000000,11W,1,2026,7,4,0,19.5,128.6,92400.0,2026-07-04,2026-07-04,924.0
20260704,000000,11W,1,2026,7,4,0,20.2,127.5,92100.0,2026-07-04,2026-07-04,921.0
20260704,000000,11W,1,2026,7,4,0,20.8,126.7,92700.0,2026-07-04,2026-07-04,927.0
20260704,000000,11W,1,2026,7,4,0,21.7,126.0,93600.0,2026-07-04,2026-07-04,936.0
20260704,000000,11W,1,2026,7,4,0,22.900000000000002,125.5,94300.0,2026-07-04,2026-07-04,943.0
20260704,000000,11W,1,2026,7,4,0,24.1,124.60000000000001,94600.0,2026-07-04,2026-07-04,946.0
20260704,000000,11W,1,2026,7,4,0,25.2,123.7,94900.0,2026-07-04,2026-07-04,949.0
20260704,000000,11W,1,2026,7,4,0,26.2,122.60000000000001,95000.0,2026-07-04,2026-07-04,950.0
20260704,000000,11W,1,2026,7,4,0,27.5,121.7,95200.0,2026-07-04,2026-07-04,952.0
20260704,000000,11W,1,2026,7,4,0,29.1,120.9,96000.0,2026-07-04,2026-07-04,960.0
20260704,000000,11W,1,2026,7,4,0,30.2,119.60000000000001,96900.0,2026-07-04,2026-07-04,969.0
20260704,000000,11W,1,2026,7,4,0,31.2,118.4,97500.0,2026-07-04,2026-07-04,975.0
20260704,000000,11W,1,2026,7,4,0,31.900000000000002,117.8,98000.0,2026-07-04,2026-07-04,980.0
20260704,000000,11W,1,2026,7,4,0,32.8,117.5,98400.0,2026-07-04,2026-07-04,984.0
20260704,000000,11W,1,2026,7,4,0,33.6,117.10000000000001,98700.0,2026-07-04,2026-07-04,987.0
20260704,000000,11W,1,2026,7,4,0,34.300000000000004,116.7,98800.0,2026-07-04,2026-07-04,988.0
20260704,000000,11W,1,2026,7,4,0,36.800000000000004,117.0,99000.0,2026-07-04,2026-07-04,990.0
20260704,000000,11W,1,2026,7,4,0,38.0,118.0,98800.0,2026-07-04,2026-07-04,988.0
20260704,000000,11W,1,2026,7,4,0,38.0,119.5,98700.0,2026-07-04,2026-07-04,987.0
20260704,000000,11W,1,2026,7,4,0,39.7,121.2,98600.0,2026-07-04,2026-07-04,986.0
20260704,000000,11W,1,2026,7,4,0,41.1,122.8,98500.0,2026-07-04,2026-07-04,985.0
20260704,000000,11W,1,2026,7,4,0,42.9,125.2,98700.0,2026-07-04,2026-07-04,987.0
20260704,000000,11W,1,2026,7,4,0,43.7,127.4,98800.0,2026-07-04,2026-07-04,988.0
20260704,000000,11W,1,2026,7,4,0,42.7,131.6,99000.0,2026-07-04,2026-07-04,990.0
20260704,000000,11W,1,2026,7,4,0,42.4,134.5,99300.0,2026-07-04,2026-07-04,993.0
20260704,000000,11W,2,2026,7,4,0,12.4,151.3,97200.0,2026-07-04,2026-07-04,972.0
20260704,000000,11W,2,2026,7,4,0,12.6,150.6,97300.0,2026-07-04,2026-07-04,973.0
20260704,000000,11W,2,2026,7,4,0,12.8,149.70000000000002,96700.0,2026-07-04,2026-07-04,967.0
20260704,000000,11W,2,2026,7,4,0,13.1,148.8,96200.0,2026-07-04,2026-07-04,962.0
20260704,000000,11W,2,2026,7,4,0,13.3,148.0,94700.0,2026-07-04,2026-07-04,947.0
20260704,000000,11W,2,2026,7,4,0,13.3,146.9,93500.0,2026-07-04,2026-07-04,935.0
20260704,000000,11W,2,2026,7,4,0,13.6,146.0,92000.0,2026-07-04,2026-07-04,920.0
20260704,000000,11W,2,2026,7,4,0,13.9,145.1,91800.0,2026-07-04,2026-07-04,918.0
20260704,000000,11W,2,2026,7,4,0,14.4,144.20000000000002,91000.0,2026-07-04,2026-07-04,910.0
20260704,000000,11W,2,2026,7,4,0,14.9,143.1,90600.0,2026-07-04,2026-07-04,906.0
20260704,000000,11W,2,2026,7,4,0,15.200000000000001,141.8,90300.0,2026-07-04,2026-07-04,903.0
20260704,000000,11W,2,2026,7,4,0,15.5,140.5,89200.0,2026-07-04,2026-07-04,892.0
20260704,000000,11W,2,2026,7,4,0,15.9,139.1,89400.0,2026-07-04,2026-07-04,894.0
20260704,000000,11W,2,2026,7,4,0,16.2,137.8,89100.0,2026-07-04,2026-07-04,891.0
20260704,000000,11W,2,2026,7,4,0,16.7,136.2,89600.0,2026-07-04,2026-07-04,896.0
20260704,000000,11W,2,2026,7,4,0,17.1,135.0,89200.0,2026-07-04,2026-07-04,892.0
20260704,000000,11W,2,2026,7,4,0,17.7,133.8,88500.0,2026-07-04,2026-07-04,885.0
20260704,000000,11W,2,2026,7,4,0,18.2,132.6,88700.0,2026-07-04,2026-07-04,887.0
20260704,000000,11W,2,2026,7,4,0,18.6,131.4,87700.0,2026-07-04,2026-07-04,877.0
20260704,000000,11W,2,2026,7,4,0,19.3,130.2,87000.0,2026-07-04,2026-07-04,870.0
20260704,000000,11W,2,2026,7,4,0,19.900000000000002,129.3,87000.0,2026-07-04,2026-07-04,870.0
20260704,000000,11W,2,2026,7,4,0,20.7,128.5,88000.0,2026-07-04,2026-07-04,880.0
20260704,000000,11W,2,2026,7,4,0,21.5,127.5,87300.0,2026-07-04,2026-07-04,873.0
20260704,000000,11W,2,2026,7,4,0,22.400000000000002,127.0,88200.0,2026-07-04,2026-07-04,882.0
20260704,000000,11W,2,2026,7,4,0,23.7,126.5,88200.0,2026-07-04,2026-07-04,882.0
20260704,000000,11W,2,2026,7,4,0,25.2,125.8,88700.0,2026-07-04,2026-07-04,887.0
20260704,000000,11W,2,2026,7,4,0,26.6,125.0,89500.0,2026-07-04,2026-07-04,895.0
20260704,000000,11W,2,2026,7,4,0,28.2,124.3,90000.0,2026-07-04,2026-07-04,900.0
20260704,000000,11W,2,2026,7,4,0,29.6,123.8,90300.0,2026-07-04,2026-07-04,903.0
20260704,000000,11W,2,2026,7,4,0,31.2,123.3,91100.0,2026-07-04,2026-07-04,911.0
20260704,000000,11W,2,2026,7,4,0,32.5,122.7,92200.0,2026-07-04,2026-07-04,922.0
20260704,000000,11W,2,2026,7,4,0,33.4,122.9,93800.0,2026-07-04,2026-07-04,938.0
20260704,000000,11W,2,2026,7,4,0,34.4,123.5,95100.0,2026-07-04,2026-07-04,951.0
20260704,000000,11W,2,2026,7,4,0,35.5,124.5,96200.0,2026-07-04,2026-07-04,962.0
20260704,000000,11W,2,2026,7,4,0,36.5,125.8,97000.0,2026-07-04,2026-07-04,970.0
20260704,000000,11W,2,2026,7,4,0,37.7,128.8,98100.0,2026-07-04,2026-07-04,981.0
20260704,000000,11W,2,2026,7,4,0,39.1,130.5,98100.0,2026-07-04,2026-07-04,981.0
20260704,000000,11W,2,2026,7,4,0,40.2,132.5,98100.0,2026-07-04,2026-07-04,981.0
20260704,000000,11W,2,2026,7,4,0,41.6,134.1,97800.0,2026-07-04,2026-07-04,978.0
20260704,000000,11W,2,2026,7,4,0,42.7,135.7,97700.0,2026-07-04,2026-07-04,977.0
20260704,000000,11W,2,2026,7,4,0,43.5,137.20000000000002,97500.0,2026-07-04,2026-07-04,975.0
20260704,000000,11W,2,2026,7,4,0,44.1,138.6,97700.0,2026-07-04,2026-07-04,977.0
20260704,000000,11W,2,2026,7,4,0,44.9,140.6,98000.0,2026-07-04,2026-07-04,980.0
20260704,000000,11W,2,2026,7,4,0,45.800000000000004,143.4,98600.0,2026-07-04,2026-07-04,986.0
20260704,000000,11W,2,2026,7,4,0,48.1,146.9,99000.0,2026-07-04,2026-07-04,990.0
20260704,000000,11W,3,2026,7,4,0,12.6,151.1,93200.0,2026-07-04,2026-07-04,932.0
20260704,000000,11W,3,2026,7,4,0,12.9,150.4,93300.0,2026-07-04,2026-07-04,933.0
20260704,000000,11W,3,2026,7,4,0,13.1,149.8,92100.0,2026-07-04,2026-07-04,921.0
20260704,000000,11W,3,2026,7,4,0,13.3,148.9,92000.0,2026-07-04,2026-07-04,920.0
20260704,000000,11W,3,2026,7,4,0,13.4,148.1,91400.0,2026-07-04,2026-07-04,914.0
20260704,000000,11W,3,2026,7,4,0,13.700000000000001,147.3,92100.0,2026-07-04,2026-07-04,921.0
20260704,000000,11W,3,2026,7,4,0,14.1,146.1,92400.0,2026-07-04,2026-07-04,924.0
20260704,000000,11W,3,2026,7,4,0,14.3,145.20000000000002,91800.0,2026-07-04,2026-07-04,918.0
20260704,000000,11W,3,2026,7,4,0,14.700000000000001,144.1,90500.0,2026-07-04,2026-07-04,905.0
20260704,000000,11W,3,2026,7,4,0,15.0,143.0,90800.0,2026-07-04,2026-07-04,908.0
20260704,000000,11W,3,2026,7,4,0,15.5,141.6,90800.0,2026-07-04,2026-07-04,908.0
20260704,000000,11W,3,2026,7,4,0,15.9,140.20000000000002,90000.0,2026-07-04,2026-07-04,900.0
20260704,000000,11W,3,2026,7,4,0,16.1,139.0,90300.0,2026-07-04,2026-07-04,903.0
20260704,000000,11W,3,2026,7,4,0,16.4,137.4,91300.0,2026-07-04,2026-07-04,913.0
20260704,000000,11W,3,2026,7,4,0,16.4,136.1,91500.0,2026-07-04,2026-07-04,915.0
20260704,000000,11W,3,2026,7,4,0,16.6,135.0,92300.0,2026-07-04,2026-07-04,923.0
20260704,000000,11W,3,2026,7,4,0,16.8,134.0,92700.0,2026-07-04,2026-07-04,927.0
20260704,000000,11W,3,2026,7,4,0,17.1,133.1,93200.0,2026-07-04,2026-07-04,932.0
20260704,000000,11W,3,2026,7,4,0,17.7,132.2,93400.0,2026-07-04,2026-07-04,934.0
20260704,000000,11W,3,2026,7,4,0,18.3,131.3,93700.0,2026-07-04,2026-07-04,937.0
20260704,000000,11W,3,2026,7,4,0,18.8,130.5,93700.0,2026-07-04,2026-07-04,937.0
20260704,000000,11W,3,2026,7,4,0,19.3,129.8,93600.0,2026-07-04,2026-07-04,936.0
20260704,000000,11W,3,2026,7,4,0,20.0,129.0,93600.0,2026-07-04,2026-07-04,936.0
20260704,000000,11W,3,2026,7,4,0,20.900000000000002,128.6,93700.0,2026-07-04,2026-07-04,937.0
20260704,000000,11W,3,2026,7,4,0,22.1,128.0,93300.0,2026-07-04,2026-07-04,933.0
20260704,000000,11W,3,2026,7,4,0,23.2,127.2,93200.0,2026-07-04,2026-07-04,932.0
20260704,000000,11W,3,2026,7,4,0,24.5,126.2,93600.0,2026-07-04,2026-07-04,936.0
20260704,000000,11W,3,2026,7,4,0,25.6,125.60000000000001,94100.0,2026-07-04,2026-07-04,941.0
20260704,000000,11W,3,2026,7,4,0,26.900000000000002,124.7,94000.0,2026-07-04,2026-07-04,940.0
20260704,000000,11W,3,2026,7,4,0,27.8,124.3,94200.0,2026-07-04,2026-07-04,942.0
20260704,000000,11W,3,2026,7,4,0,29.0,123.8,94600.0,2026-07-04,2026-07-04,946.0
20260704,000000,11W,3,2026,7,4,0,29.900000000000002,123.4,95000.0,2026-07-04,2026-07-04,950.0
20260704,000000,11W,3,2026,7,4,0,31.1,123.0,95300.0,2026-07-04,2026-07-04,953.0
20260704,000000,11W,3,2026,7,4,0,31.5,122.60000000000001,95900.0,2026-07-04,2026-07-04,959.0
20260704,000000,11W,3,2026,7,4,0,32.1,122.2,96400.0,2026-07-04,2026-07-04,964.0
20260704,000000,11W,3,2026,7,4,0,32.3,122.2,97100.0,2026-07-04,2026-07-04,971.0
20260704,000000,11W,3,2026,7,4,0,32.5,122.2,97500.0,2026-07-04,2026-07-04,975.0
20260704,000000,11W,3,2026,7,4,0,32.7,122.5,98000.0,2026-07-04,2026-07-04,980.0
20260704,000000,11W,3,2026,7,4,0,33.3,122.60000000000001,98300.0,2026-07-04,2026-07-04,983.0
20260704,000000,11W,3,2026,7,4,0,33.9,122.5,98600.0,2026-07-04,2026-07-04,986.0
20260704,000000,11W,3,2026,7,4,0,34.2,122.60000000000001,98700.0,2026-07-04,2026-07-04,987.0
20260704,000000,11W,3,2026,7,4,0,34.4,122.9,99100.0,2026-07-04,2026-07-04,991.0
20260704,000000,11W,3,2026,7,4,0,34.9,123.4,99200.0,2026-07-04,2026-07-04,992.0
20260704,000000,11W,3,2026,7,4,0,35.800000000000004,124.10000000000001,99300.0,2026-07-04,2026-07-04,993.0
20260704,000000,11W,3,2026,7,4,0,36.5,124.8,99400.0,2026-07-04,2026-07-04,994.0
20260704,000000,11W,3,2026,7,4,0,37.0,125.2,99600.0,2026-07-04,2026-07-04,996.0
20260704,000000,11W,3,2026,7,4,0,37.1,125.5,99600.0,2026-07-04,2026-07-04,996.0
20260704,000000,11W,3,2026,7,4,0,37.0,126.0,99700.0,2026-07-04,2026-07-04,997.0
20260704,000000,11W,3,2026,7,4,0,38.2,126.4,99500.0,2026-07-04,2026-07-04,995.0
20260704,000000,11W,3,2026,7,4,0,39.4,125.3,99600.0,2026-07-04,2026-07-04,996.0
20260704,000000,11W,3,2026,7,4,0,39.2,125.2,99700.0,2026-07-04,2026-07-04,997.0
20260704,000000,11W,3,2026,7,4,0,39.1,124.8,99800.0,2026-07-04,2026-07-04,998.0
20260704,000000,11W,4,2026,7,4,0,12.6,151.5,95800.0,2026-07-04,2026-07-04,958.0
20260704,000000,11W,4,2026,7,4,0,12.8,150.70000000000002,96400.0,2026-07-04,2026-07-04,964.0
20260704,000000,11W,4,2026,7,4,0,12.8,149.9,96000.0,2026-07-04,2026-07-04,960.0
20260704,000000,11W,4,2026,7,4,0,12.8,149.70000000000002,95200.0,2026-07-04,2026-07-04,952.0
20260704,000000,11W,4,2026,7,4,0,13.4,149.0,95200.0,2026-07-04,2026-07-04,952.0
20260704,000000,11W,4,2026,7,4,0,13.5,148.4,95600.0,2026-07-04,2026-07-04,956.0
20260704,000000,11W,4,2026,7,4,0,14.4,147.70000000000002,95500.0,2026-07-04,2026-07-04,955.0
20260704,000000,11W,4,2026,7,4,0,15.0,146.70000000000002,95700.0,2026-07-04,2026-07-04,957.0
20260704,000000,11W,4,2026,7,4,0,15.200000000000001,145.6,94900.0,2026-07-04,2026-07-04,949.0
20260704,000000,11W,4,2026,7,4,0,15.5,144.4,94500.0,2026-07-04,2026-07-04,945.0
20260704,000000,11W,4,2026,7,4,0,15.9,142.8,93700.0,2026-07-04,2026-07-04,937.0
20260704,000000,11W,4,2026,7,4,0,15.9,141.3,93700.0,2026-07-04,2026-07-04,937.0
20260704,000000,11W,4,2026,7,4,0,16.1,140.3,93500.0,2026-07-04,2026-07-04,935.0
20260704,000000,11W,4,2026,7,4,0,16.4,139.0,93300.0,2026-07-04,2026-07-04,933.0
20260704,000000,11W,4,2026,7,4,0,16.6,137.6,93300.0,2026-07-04,2026-07-04,933.0
20260704,000000,11W,4,2026,7,4,0,16.9,136.5,93800.0,2026-07-04,2026-07-04,938.0
20260704,000000,11W,4,2026,7,4,0,17.3,135.2,93700.0,2026-07-04,2026-07-04,937.0
20260704,000000,11W,4,2026,7,4,0,17.2,134.2,93700.0,2026-07-04,2026-07-04,937.0
20260704,000000,11W,4,2026,7,4,0,17.6,133.1,93700.0,2026-07-04,2026-07-04,937.0
20260704,000000,11W,4,2026,7,4,0,18.3,132.5,93400.0,2026-07-04,2026-07-04,934.0
20260704,000000,11W,4,2026,7,4,0,18.900000000000002,131.5,93300.0,2026-07-04,2026-07-04,933.0
20260704,000000,11W,4,2026,7,4,0,19.900000000000002,130.5,93200.0,2026-07-04,2026-07-04,932.0
20260704,000000,11W,4,2026,7,4,0,21.1,129.5,93300.0,2026-07-04,2026-07-04,933.0
20260704,000000,11W,4,2026,7,4,0,22.1,128.6,93600.0,2026-07-04,2026-07-04,936.0
20260704,000000,11W,4,2026,7,4,0,23.1,127.8,93400.0,2026-07-04,2026-07-04,934.0
20260704,000000,11W,4,2026,7,4,0,24.5,126.60000000000001,93500.0,2026-07-04,2026-07-04,935.0
20260704,000000,11W,4,2026,7,4,0,25.900000000000002,125.5,94000.0,2026-07-04,2026-07-04,940.0
20260704,000000,11W,4,2026,7,4,0,27.2,124.8,94500.0,2026-07-04,2026-07-04,945.0
20260704,000000,11W,4,2026,7,4,0,28.7,124.0,94700.0,2026-07-04,2026-07-04,947.0
20260704,000000,11W,4,2026,7,4,0,30.3,123.3,95000.0,2026-07-04,2026-07-04,950.0
20260704,000000,11W,4,2026,7,4,0,31.900000000000002,122.4,95300.0,2026-07-04,2026-07-04,953.0
20260704,000000,11W,4,2026,7,4,0,33.0,122.0,95800.0,2026-07-04,2026-07-04,958.0
20260704,000000,11W,4,2026,7,4,0,34.300000000000004,121.9,96200.0,2026-07-04,2026-07-04,962.0
20260704,000000,11W,4,2026,7,4,0,35.0,122.0,96600.0,2026-07-04,2026-07-04,966.0
20260704,000000,11W,4,2026,7,4,0,35.9,122.60000000000001,96900.0,2026-07-04,2026-07-04,969.0
20260704,000000,11W,4,2026,7,4,0,36.800000000000004,123.7,97200.0,2026-07-04,2026-07-04,972.0
20260704,000000,11W,4,2026,7,4,0,37.5,124.9,97400.0,2026-07-04,2026-07-04,974.0
20260704,000000,11W,4,2026,7,4,0,38.2,126.4,98100.0,2026-07-04,2026-07-04,981.0
20260704,000000,11W,4,2026,7,4,0,39.5,128.6,98400.0,2026-07-04,2026-07-04,984.0
20260704,000000,11W,4,2026,7,4,0,41.1,130.9,98400.0,2026-07-04,2026-07-04,984.0
20260704,000000,11W,4,2026,7,4,0,43.5,132.1,98200.0,2026-07-04,2026-07-04,982.0
20260704,000000,11W,4,2026,7,4,0,44.2,135.7,98500.0,2026-07-04,2026-07-04,985.0
20260704,000000,11W,4,2026,7,4,0,46.7,138.1,98500.0,2026-07-04,2026-07-04,985.0
20260704,000000,11W,5,2026,7,4,0,12.200000000000001,151.3,95400.0,2026-07-04,2026-07-04,954.0
20260704,000000,11W,5,2026,7,4,0,12.6,150.4,95600.0,2026-07-04,2026-07-04,956.0
20260704,000000,11W,5,2026,7,4,0,12.8,149.6,95000.0,2026-07-04,2026-07-04,950.0
20260704,000000,11W,5,2026,7,4,0,13.0,148.70000000000002,95000.0,2026-07-04,2026-07-04,950.0
20260704,000000,11W,5,2026,7,4,0,13.200000000000001,147.70000000000002,94200.0,2026-07-04,2026-07-04,942.0
20260704,000000,11W,5,2026,7,4,0,13.3,146.8,94000.0,2026-07-04,2026-07-04,940.0
20260704,000000,11W,5,2026,7,4,0,13.6,145.8,93600.0,2026-07-04,2026-07-04,936.0
20260704,000000,11W,5,2026,7,4,0,14.5,144.70000000000002,93500.0,2026-07-04,2026-07-04,935.0
20260704,000000,11W,5,2026,7,4,0,14.8,143.6,93000.0,2026-07-04,2026-07-04,930.0
20260704,000000,11W,5,2026,7,4,0,15.1,142.1,93000.0,2026-07-04,2026-07-04,930.0
20260704,000000,11W,5,2026,7,4,0,15.200000000000001,140.8,92800.0,2026-07-04,2026-07-04,928.0
20260704,000000,11W,5,2026,7,4,0,15.5,139.3,92600.0,2026-07-04,2026-07-04,926.0
20260704,000000,11W,5,2026,7,4,0,15.8,138.0,93100.0,2026-07-04,2026-07-04,931.0
20260704,000000,11W,5,2026,7,4,0,16.2,136.6,93200.0,2026-07-04,2026-07-04,932.0
20260704,000000,11W,5,2026,7,4,0,16.8,135.0,93200.0,2026-07-04,2026-07-04,932.0
20260704,000000,11W,5,2026,7,4,0,17.1,133.4,93500.0,2026-07-04,2026-07-04,935.0
20260704,000000,11W,5,2026,7,4,0,17.400000000000002,132.0,92500.0,2026-07-04,2026-07-04,925.0
20260704,000000,11W,5,2026,7,4,0,18.0,130.7,92100.0,2026-07-04,2026-07-04,921.0
20260704,000000,11W,5,2026,7,4,0,18.3,129.4,92100.0,2026-07-04,2026-07-04,921.0
20260704,000000,11W,5,2026,7,4,0,19.1,128.3,92900.0,2026-07-04,2026-07-04,929.0
20260704,000000,11W,5,2026,7,4,0,19.7,127.60000000000001,93200.0,2026-07-04,2026-07-04,932.0
20260704,000000,11W,5,2026,7,4,0,20.400000000000002,126.60000000000001,94000.0,2026-07-04,2026-07-04,940.0
20260704,000000,11W,5,2026,7,4,0,21.400000000000002,125.8,94400.0,2026-07-04,2026-07-04,944.0
20260704,000000,11W,5,2026,7,4,0,22.5,124.8,94600.0,2026-07-04,2026-07-04,946.0
20260704,000000,11W,5,2026,7,4,0,23.5,123.8,94600.0,2026-07-04,2026-07-04,946.0
20260704,000000,11W,5,2026,7,4,0,24.7,122.60000000000001,95300.0,2026-07-04,2026-07-04,953.0
20260704,000000,11W,5,2026,7,4,0,25.2,121.2,95500.0,2026-07-04,2026-07-04,955.0
20260704,000000,11W,5,2026,7,4,0,26.3,120.5,95700.0,2026-07-04,2026-07-04,957.0
20260704,000000,11W,5,2026,7,4,0,27.0,119.2,97300.0,2026-07-04,2026-07-04,973.0
20260704,000000,11W,5,2026,7,4,0,28.5,118.5,98100.0,2026-07-04,2026-07-04,981.0
20260704,000000,11W,5,2026,7,4,0,29.3,117.8,98500.0,2026-07-04,2026-07-04,985.0
20260704,000000,11W,5,2026,7,4,0,31.0,117.3,98600.0,2026-07-04,2026-07-04,986.0
20260704,000000,11W,5,2026,7,4,0,31.8,117.2,98800.0,2026-07-04,2026-07-04,988.0
20260704,000000,11W,5,2026,7,4,0,32.3,116.8,98900.0,2026-07-04,2026-07-04,989.0
20260704,000000,11W,5,2026,7,4,0,33.2,116.9,99000.0,2026-07-04,2026-07-04,990.0
20260704,000000,11W,5,2026,7,4,0,33.4,117.7,99100.0,2026-07-04,2026-07-04,991.0
20260704,000000,11W,5,2026,7,4,0,34.4,118.10000000000001,99100.0,2026-07-04,2026-07-04,991.0
20260704,000000,11W,5,2026,7,4,0,34.6,118.10000000000001,99200.0,2026-07-04,2026-07-04,992.0
20260704,000000,11W,5,2026,7,4,0,34.300000000000004,118.8,99200.0,2026-07-04,2026-07-04,992.0
20260704,000000,11W,5,2026,7,4,0,35.2,120.0,99200.0,2026-07-04,2026-07-04,992.0
20260704,000000,11W,5,2026,7,4,0,36.0,120.0,99200.0,2026-07-04,2026-07-04,992.0
20260704,000000,11W,5,2026,7,4,0,37.0,122.5,99500.0,2026-07-04,2026-07-04,995.0
20260704,000000,11W,5,2026,7,4,0,37.2,123.5,99600.0,2026-07-04,2026-07-04,996.0
20260704,000000,11W,5,2026,7,4,0,38.7,125.2,99600.0,2026-07-04,2026-07-04,996.0
20260704,000000,11W,6,2026,7,4,0,12.6,151.20000000000002,97900.0,2026-07-04,2026-07-04,979.0
20260704,000000,11W,6,2026,7,4,0,12.700000000000001,150.4,97500.0,2026-07-04,2026-07-04,975.0
20260704,000000,11W,6,2026,7,4,0,12.8,149.70000000000002,96400.0,2026-07-04,2026-07-04,964.0
20260704,000000,11W,6,2026,7,4,0,12.9,148.9,95300.0,2026-07-04,2026-07-04,953.0
20260704,000000,11W,6,2026,7,4,0,13.3,148.0,94000.0,2026-07-04,2026-07-04,940.0
20260704,000000,11W,6,2026,7,4,0,13.700000000000001,147.1,93200.0,2026-07-04,2026-07-04,932.0
20260704,000000,11W,6,2026,7,4,0,14.200000000000001,146.20000000000002,93600.0,2026-07-04,2026-07-04,936.0
20260704,000000,11W,6,2026,7,4,0,14.700000000000001,145.1,94100.0,2026-07-04,2026-07-04,941.0
20260704,000000,11W,6,2026,7,4,0,15.3,143.70000000000002,94100.0,2026-07-04,2026-07-04,941.0
20260704,000000,11W,6,2026,7,4,0,15.700000000000001,142.6,94500.0,2026-07-04,2026-07-04,945.0
20260704,000000,11W,6,2026,7,4,0,16.1,141.1,94100.0,2026-07-04,2026-07-04,941.0
20260704,000000,11W,6,2026,7,4,0,16.4,139.70000000000002,93700.0,2026-07-04,2026-07-04,937.0
20260704,000000,11W,6,2026,7,4,0,16.8,137.8,92900.0,2026-07-04,2026-07-04,929.0
20260704,000000,11W,6,2026,7,4,0,17.0,136.1,92500.0,2026-07-04,2026-07-04,925.0
20260704,000000,11W,6,2026,7,4,0,17.400000000000002,134.6,91800.0,2026-07-04,2026-07-04,918.0
20260704,000000,11W,6,2026,7,4,0,18.0,133.0,91800.0,2026-07-04,2026-07-04,918.0
20260704,000000,11W,6,2026,7,4,0,18.6,131.6,92000.0,2026-07-04,2026-07-04,920.0
20260704,000000,11W,6,2026,7,4,0,19.0,130.3,91600.0,2026-07-04,2026-07-04,916.0
20260704,000000,11W,6,2026,7,4,0,19.5,128.9,91900.0,2026-07-04,2026-07-04,919.0
20260704,000000,11W,6,2026,7,4,0,20.0,127.9,91900.0,2026-07-04,2026-07-04,919.0
20260704,000000,11W,6,2026,7,4,0,20.8,126.7,92200.0,2026-07-04,2026-07-04,922.0
20260704,000000,11W,6,2026,7,4,0,21.5,126.2,92200.0,2026-07-04,2026-07-04,922.0
20260704,000000,11W,6,2026,7,4,0,22.5,125.7,92900.0,2026-07-04,2026-07-04,929.0
20260704,000000,11W,6,2026,7,4,0,23.7,125.10000000000001,93700.0,2026-07-04,2026-07-04,937.0
20260704,000000,11W,6,2026,7,4,0,25.2,124.2,94000.0,2026-07-04,2026-07-04,940.0
20260704,000000,11W,6,2026,7,4,0,26.3,123.3,94600.0,2026-07-04,2026-07-04,946.0
20260704,000000,11W,6,2026,7,4,0,27.900000000000002,122.60000000000001,95000.0,2026-07-04,2026-07-04,950.0
20260704,000000,11W,6,2026,7,4,0,29.3,121.60000000000001,95800.0,2026-07-04,2026-07-04,958.0
20260704,000000,11W,6,2026,7,4,0,30.5,121.10000000000001,96300.0,2026-07-04,2026-07-04,963.0
20260704,000000,11W,6,2026,7,4,0,31.8,120.7,96900.0,2026-07-04,2026-07-04,969.0
20260704,000000,11W,6,2026,7,4,0,32.6,120.5,97300.0,2026-07-04,2026-07-04,973.0
20260704,000000,11W,6,2026,7,4,0,33.7,120.5,97600.0,2026-07-04,2026-07-04,976.0
20260704,000000,11W,6,2026,7,4,0,34.4,120.8,97800.0,2026-07-04,2026-07-04,978.0
20260704,000000,11W,6,2026,7,4,0,35.4,121.5,98000.0,2026-07-04,2026-07-04,980.0
20260704,000000,11W,6,2026,7,4,0,36.4,122.2,98100.0,2026-07-04,2026-07-04,981.0
20260704,000000,11W,6,2026,7,4,0,37.1,123.10000000000001,98200.0,2026-07-04,2026-07-04,982.0
20260704,000000,11W,6,2026,7,4,0,37.6,124.3,98300.0,2026-07-04,2026-07-04,983.0
20260704,000000,11W,6,2026,7,4,0,37.7,125.5,98500.0,2026-07-04,2026-07-04,985.0
20260704,000000,11W,6,2026,7,4,0,37.6,126.9,98900.0,2026-07-04,2026-07-04,989.0
20260704,000000,11W,7,2026,7,4,0,12.1,151.1,97000.0,2026-07-04,2026-07-04,970.0
20260704,000000,11W,7,2026,7,4,0,12.3,150.5,96700.0,2026-07-04,2026-07-04,967.0
20260704,000000,11W,7,2026,7,4,0,12.4,149.8,95900.0,2026-07-04,2026-07-04,959.0
20260704,000000,11W,7,2026,7,4,0,12.5,148.9,95200.0,2026-07-04,2026-07-04,952.0
20260704,000000,11W,7,2026,7,4,0,12.9,148.0,94000.0,2026-07-04,2026-07-04,940.0
20260704,000000,11W,7,2026,7,4,0,13.3,147.5,94000.0,2026-07-04,2026-07-04,940.0
20260704,000000,11W,7,2026,7,4,0,13.700000000000001,146.6,93800.0,2026-07-04,2026-07-04,938.0
20260704,000000,11W,7,2026,7,4,0,14.200000000000001,145.3,93900.0,2026-07-04,2026-07-04,939.0
20260704,000000,11W,7,2026,7,4,0,14.700000000000001,144.1,93700.0,2026-07-04,2026-07-04,937.0
20260704,000000,11W,7,2026,7,4,0,15.200000000000001,142.6,93900.0,2026-07-04,2026-07-04,939.0
20260704,000000,11W,7,2026,7,4,0,15.4,141.1,93500.0,2026-07-04,2026-07-04,935.0
20260704,000000,11W,7,2026,7,4,0,15.5,139.6,93300.0,2026-07-04,2026-07-04,933.0
20260704,000000,11W,7,2026,7,4,0,15.700000000000001,138.1,92600.0,2026-07-04,2026-07-04,926.0
20260704,000000,11W,7,2026,7,4,0,16.0,136.8,93200.0,2026-07-04,2026-07-04,932.0
20260704,000000,11W,7,2026,7,4,0,16.4,135.2,93300.0,2026-07-04,2026-07-04,933.0
20260704,000000,11W,7,2026,7,4,0,16.6,133.8,93400.0,2026-07-04,2026-07-04,934.0
20260704,000000,11W,7,2026,7,4,0,17.1,132.6,93000.0,2026-07-04,2026-07-04,930.0
20260704,000000,11W,7,2026,7,4,0,17.5,131.2,93100.0,2026-07-04,2026-07-04,931.0
20260704,000000,11W,7,2026,7,4,0,18.1,129.8,93100.0,2026-07-04,2026-07-04,931.0
20260704,000000,11W,7,2026,7,4,0,18.5,128.6,93300.0,2026-07-04,2026-07-04,933.0
20260704,000000,11W,7,2026,7,4,0,19.2,127.5,93100.0,2026-07-04,2026-07-04,931.0
20260704,000000,11W,7,2026,7,4,0,19.8,126.3,93000.0,2026-07-04,2026-07-04,930.0
20260704,000000,11W,7,2026,7,4,0,20.400000000000002,125.10000000000001,92900.0,2026-07-04,2026-07-04,929.0
20260704,000000,11W,7,2026,7,4,0,21.3,124.0,92900.0,2026-07-04,2026-07-04,929.0
20260704,000000,11W,7,2026,7,4,0,22.3,122.9,92500.0,2026-07-04,2026-07-04,925.0
20260704,000000,11W,7,2026,7,4,0,23.0,121.60000000000001,93600.0,2026-07-04,2026-07-04,936.0
20260704,000000,11W,7,2026,7,4,0,23.7,120.0,94900.0,2026-07-04,2026-07-04,949.0
20260704,000000,11W,7,2026,7,4,0,24.900000000000002,119.2,95400.0,2026-07-04,2026-07-04,954.0
20260704,000000,11W,7,2026,7,4,0,25.7,117.5,96400.0,2026-07-04,2026-07-04,964.0
20260704,000000,11W,7,2026,7,4,0,26.7,116.7,97100.0,2026-07-04,2026-07-04,971.0
20260704,000000,11W,7,2026,7,4,0,27.6,115.4,97500.0,2026-07-04,2026-07-04,975.0
20260704,000000,11W,7,2026,7,4,0,28.3,114.8,98000.0,2026-07-04,2026-07-04,980.0
20260704,000000,11W,7,2026,7,4,0,29.400000000000002,113.9,98400.0,2026-07-04,2026-07-04,984.0
20260704,000000,11W,7,2026,7,4,0,29.7,113.10000000000001,98600.0,2026-07-04,2026-07-04,986.0
20260704,000000,11W,7,2026,7,4,0,30.6,112.8,98800.0,2026-07-04,2026-07-04,988.0
20260704,000000,11W,7,2026,7,4,0,31.6,112.3,99000.0,2026-07-04,2026-07-04,990.0
20260704,000000,11W,7,2026,7,4,0,32.3,111.7,99100.0,2026-07-04,2026-07-04,991.0
20260704,000000,11W,7,2026,7,4,0,32.6,111.0,99200.0,2026-07-04,2026-07-04,992.0
20260704,000000,11W,7,2026,7,4,0,32.6,111.0,99300.0,2026-07-04,2026-07-04,993.0
20260704,000000,11W,7,2026,7,4,0,33.0,111.4,99400.0,2026-07-04,2026-07-04,994.0
20260704,000000,11W,7,2026,7,4,0,34.6,112.5,99200.0,2026-07-04,2026-07-04,992.0
20260704,000000,11W,7,2026,7,4,0,34.6,112.7,99200.0,2026-07-04,2026-07-04,992.0
20260704,000000,11W,7,2026,7,4,0,37.2,115.8,98900.0,2026-07-04,2026-07-04,989.0
20260704,000000,11W,7,2026,7,4,0,37.0,117.4,98800.0,2026-07-04,2026-07-04,988.0
20260704,000000,11W,8,2026,7,4,0,12.4,151.0,97600.0,2026-07-04,2026-07-04,976.0
20260704,000000,11W,8,2026,7,4,0,12.6,150.6,97400.0,2026-07-04,2026-07-04,974.0
20260704,000000,11W,8,2026,7,4,0,12.6,150.1,96300.0,2026-07-04,2026-07-04,963.0
20260704,000000,11W,8,2026,7,4,0,13.200000000000001,149.4,95500.0,2026-07-04,2026-07-04,955.0
20260704,000000,11W,8,2026,7,4,0,13.6,148.70000000000002,94000.0,2026-07-04,2026-07-04,940.0
20260704,000000,11W,8,2026,7,4,0,13.8,147.70000000000002,93400.0,2026-07-04,2026-07-04,934.0
20260704,000000,11W,8,2026,7,4,0,14.3,146.9,92200.0,2026-07-04,2026-07-04,922.0
20260704,000000,11W,8,2026,7,4,0,14.9,145.8,91500.0,2026-07-04,2026-07-04,915.0
20260704,000000,11W,8,2026,7,4,0,15.3,144.8,90900.0,2026-07-04,2026-07-04,909.0
20260704,000000,11W,8,2026,7,4,0,15.700000000000001,143.6,91300.0,2026-07-04,2026-07-04,913.0
20260704,000000,11W,8,2026,7,4,0,16.0,142.20000000000002,91600.0,2026-07-04,2026-07-04,916.0
20260704,000000,11W,8,2026,7,4,0,16.3,140.8,91800.0,2026-07-04,2026-07-04,918.0
20260704,000000,11W,8,2026,7,4,0,16.9,139.5,91700.0,2026-07-04,2026-07-04,917.0
20260704,000000,11W,8,2026,7,4,0,17.3,137.9,92000.0,2026-07-04,2026-07-04,920.0
20260704,000000,11W,8,2026,7,4,0,17.7,136.3,92300.0,2026-07-04,2026-07-04,923.0
20260704,000000,11W,8,2026,7,4,0,18.1,134.6,92500.0,2026-07-04,2026-07-04,925.0
20260704,000000,11W,8,2026,7,4,0,18.5,133.1,92000.0,2026-07-04,2026-07-04,920.0
20260704,000000,11W,8,2026,7,4,0,18.900000000000002,131.4,91700.0,2026-07-04,2026-07-04,917.0
20260704,000000,11W,8,2026,7,4,0,19.400000000000002,129.8,91500.0,2026-07-04,2026-07-04,915.0
20260704,000000,11W,8,2026,7,4,0,19.5,128.3,91400.0,2026-07-04,2026-07-04,914.0
20260704,000000,11W,8,2026,7,4,0,20.2,127.10000000000001,91100.0,2026-07-04,2026-07-04,911.0
20260704,000000,11W,8,2026,7,4,0,20.7,125.8,91500.0,2026-07-04,2026-07-04,915.0
20260704,000000,11W,8,2026,7,4,0,21.400000000000002,124.7,92100.0,2026-07-04,2026-07-04,921.0
20260704,000000,11W,8,2026,7,4,0,22.400000000000002,123.8,92900.0,2026-07-04,2026-07-04,929.0
20260704,000000,11W,8,2026,7,4,0,23.5,122.60000000000001,93100.0,2026-07-04,2026-07-04,931.0
20260704,000000,11W,8,2026,7,4,0,24.3,120.8,95700.0,2026-07-04,2026-07-04,957.0
20260704,000000,11W,8,2026,7,4,0,25.400000000000002,120.4,95800.0,2026-07-04,2026-07-04,958.0
20260704,000000,11W,8,2026,7,4,0,26.3,119.5,96900.0,2026-07-04,2026-07-04,969.0
20260704,000000,11W,8,2026,7,4,0,28.0,119.0,97900.0,2026-07-04,2026-07-04,979.0
20260704,000000,11W,8,2026,7,4,0,29.3,117.9,98700.0,2026-07-04,2026-07-04,987.0
20260704,000000,11W,8,2026,7,4,0,30.7,117.4,99000.0,2026-07-04,2026-07-04,990.0
20260704,000000,11W,8,2026,7,4,0,31.400000000000002,117.4,99300.0,2026-07-04,2026-07-04,993.0
20260704,000000,11W,8,2026,7,4,0,32.1,117.0,99300.0,2026-07-04,2026-07-04,993.0
20260704,000000,11W,8,2026,7,4,0,31.900000000000002,117.0,99300.0,2026-07-04,2026-07-04,993.0
20260704,000000,11W,8,2026,7,4,0,31.8,118.3,99300.0,2026-07-04,2026-07-04,993.0
20260704,000000,11W,8,2026,7,4,0,32.4,118.7,99300.0,2026-07-04,2026-07-04,993.0
20260704,000000,11W,8,2026,7,4,0,32.7,118.8,99200.0,2026-07-04,2026-07-04,992.0
20260704,000000,11W,8,2026,7,4,0,33.0,119.60000000000001,99200.0,2026-07-04,2026-07-04,992.0
20260704,000000,11W,8,2026,7,4,0,33.4,119.60000000000001,99100.0,2026-07-04,2026-07-04,991.0
20260704,000000,11W,8,2026,7,4,0,34.2,120.7,99000.0,2026-07-04,2026-07-04,990.0
20260704,000000,11W,8,2026,7,4,0,34.7,120.7,98900.0,2026-07-04,2026-07-04,989.0
20260704,000000,11W,9,2026,7,4,0,12.5,150.70000000000002,97600.0,2026-07-04,2026-07-04,976.0
20260704,000000,11W,9,2026,7,4,0,12.700000000000001,150.20000000000002,97500.0,2026-07-04,2026-07-04,975.0
20260704,000000,11W,9,2026,7,4,0,12.9,149.5,96700.0,2026-07-04,2026-07-04,967.0
20260704,000000,11W,9,2026,7,4,0,13.1,148.70000000000002,96300.0,2026-07-04,2026-07-04,963.0
20260704,000000,11W,9,2026,7,4,0,13.700000000000001,147.8,95200.0,2026-07-04,2026-07-04,952.0
20260704,000000,11W,9,2026,7,4,0,13.700000000000001,146.6,93600.0,2026-07-04,2026-07-04,936.0
20260704,000000,11W,9,2026,7,4,0,14.1,145.4,92000.0,2026-07-04,2026-07-04,920.0
20260704,000000,11W,9,2026,7,4,0,14.5,144.1,91500.0,2026-07-04,2026-07-04,915.0
20260704,000000,11W,9,2026,7,4,0,14.700000000000001,142.8,91000.0,2026-07-04,2026-07-04,910.0
20260704,000000,11W,9,2026,7,4,0,15.1,141.5,90800.0,2026-07-04,2026-07-04,908.0
20260704,000000,11W,9,2026,7,4,0,15.5,139.9,90300.0,2026-07-04,2026-07-04,903.0
20260704,000000,11W,9,2026,7,4,0,15.9,138.5,91000.0,2026-07-04,2026-07-04,910.0
20260704,000000,11W,9,2026,7,4,0,16.3,137.0,92100.0,2026-07-04,2026-07-04,921.0
20260704,000000,11W,9,2026,7,4,0,16.7,135.4,92900.0,2026-07-04,2026-07-04,929.0
20260704,000000,11W,9,2026,7,4,0,17.2,133.8,93000.0,2026-07-04,2026-07-04,930.0
20260704,000000,11W,9,2026,7,4,0,17.6,132.3,92700.0,2026-07-04,2026-07-04,927.0
20260704,000000,11W,9,2026,7,4,0,18.1,130.8,92000.0,2026-07-04,2026-07-04,920.0
20260704,000000,11W,9,2026,7,4,0,18.5,129.6,91700.0,2026-07-04,2026-07-04,917.0
20260704,000000,11W,9,2026,7,4,0,19.2,128.1,91400.0,2026-07-04,2026-07-04,914.0
20260704,000000,11W,9,2026,7,4,0,19.8,127.10000000000001,91600.0,2026-07-04,2026-07-04,916.0
20260704,000000,11W,9,2026,7,4,0,20.7,126.2,91500.0,2026-07-04,2026-07-04,915.0
20260704,000000,11W,9,2026,7,4,0,21.8,125.4,91400.0,2026-07-04,2026-07-04,914.0
20260704,000000,11W,9,2026,7,4,0,22.8,124.7,92100.0,2026-07-04,2026-07-04,921.0
20260704,000000,11W,9,2026,7,4,0,24.1,123.8,92800.0,2026-07-04,2026-07-04,928.0
20260704,000000,11W,9,2026,7,4,0,25.2,123.0,92700.0,2026-07-04,2026-07-04,927.0
20260704,000000,11W,9,2026,7,4,0,26.400000000000002,122.2,92900.0,2026-07-04,2026-07-04,929.0
20260704,000000,11W,9,2026,7,4,0,27.6,121.2,93600.0,2026-07-04,2026-07-04,936.0
20260704,000000,11W,9,2026,7,4,0,29.1,120.9,95200.0,2026-07-04,2026-07-04,952.0
20260704,000000,11W,9,2026,7,4,0,30.1,120.3,95900.0,2026-07-04,2026-07-04,959.0
20260704,000000,11W,9,2026,7,4,0,31.2,119.5,96600.0,2026-07-04,2026-07-04,966.0
20260704,000000,11W,9,2026,7,4,0,31.8,118.8,97000.0,2026-07-04,2026-07-04,970.0
20260704,000000,11W,9,2026,7,4,0,32.7,118.4,97400.0,2026-07-04,2026-07-04,974.0
20260704,000000,11W,9,2026,7,4,0,33.4,117.9,97800.0,2026-07-04,2026-07-04,978.0
20260704,000000,11W,9,2026,7,4,0,33.9,117.9,98100.0,2026-07-04,2026-07-04,981.0
20260704,000000,11W,9,2026,7,4,0,34.6,117.8,98300.0,2026-07-04,2026-07-04,983.0
20260704,000000,11W,9,2026,7,4,0,35.1,118.60000000000001,98500.0,2026-07-04,2026-07-04,985.0
20260704,000000,11W,9,2026,7,4,0,36.0,119.4,98500.0,2026-07-04,2026-07-04,985.0
20260704,000000,11W,9,2026,7,4,0,36.5,121.0,98700.0,2026-07-04,2026-07-04,987.0
20260704,000000,11W,9,2026,7,4,0,37.7,121.5,98700.0,2026-07-04,2026-07-04,987.0
20260704,000000,11W,9,2026,7,4,0,37.800000000000004,123.3,98700.0,2026-07-04,2026-07-04,987.0
20260704,000000,11W,9,2026,7,4,0,38.7,124.8,98700.0,2026-07-04,2026-07-04,987.0
20260704,000000,11W,9,2026,7,4,0,39.2,127.5,98900.0,2026-07-04,2026-07-04,989.0
20260704,000000,11W,9,2026,7,4,0,40.300000000000004,129.7,98700.0,2026-07-04,2026-07-04,987.0
20260704,000000,11W,9,2026,7,4,0,41.7,132.3,98600.0,2026-07-04,2026-07-04,986.0
20260704,000000,11W,9,2026,7,4,0,44.9,133.8,98500.0,2026-07-04,2026-07-04,985.0
20260704,000000,11W,10,2026,7,4,0,12.200000000000001,151.8,96200.0,2026-07-04,2026-07-04,962.0
20260704,000000,11W,10,2026,7,4,0,12.6,151.20000000000002,96200.0,2026-07-04,2026-07-04,962.0
20260704,000000,11W,10,2026,7,4,0,13.3,150.20000000000002,95600.0,2026-07-04,2026-07-04,956.0
20260704,000000,11W,10,2026,7,4,0,13.5,149.3,95300.0,2026-07-04,2026-07-04,953.0
20260704,000000,11W,10,2026,7,4,0,13.9,148.4,94500.0,2026-07-04,2026-07-04,945.0
20260704,000000,11W,10,2026,7,4,0,14.1,147.3,94400.0,2026-07-04,2026-07-04,944.0
20260704,000000,11W,10,2026,7,4,0,14.3,146.3,94300.0,2026-07-04,2026-07-04,943.0
20260704,000000,11W,10,2026,7,4,0,14.700000000000001,145.1,94700.0,2026-07-04,2026-07-04,947.0
20260704,000000,11W,10,2026,7,4,0,15.200000000000001,144.1,94300.0,2026-07-04,2026-07-04,943.0
20260704,000000,11W,10,2026,7,4,0,15.200000000000001,142.8,94700.0,2026-07-04,2026-07-04,947.0
20260704,000000,11W,10,2026,7,4,0,15.6,141.5,94800.0,2026-07-04,2026-07-04,948.0
20260704,000000,11W,10,2026,7,4,0,16.0,140.1,94900.0,2026-07-04,2026-07-04,949.0
20260704,000000,11W,10,2026,7,4,0,16.2,138.70000000000002,94000.0,2026-07-04,2026-07-04,940.0
20260704,000000,11W,10,2026,7,4,0,16.6,137.4,93500.0,2026-07-04,2026-07-04,935.0
20260704,000000,11W,10,2026,7,4,0,16.6,136.2,93300.0,2026-07-04,2026-07-04,933.0
20260704,000000,11W,10,2026,7,4,0,16.9,135.0,93600.0,2026-07-04,2026-07-04,936.0
20260704,000000,11W,10,2026,7,4,0,17.7,134.2,93600.0,2026-07-04,2026-07-04,936.0
20260704,000000,11W,10,2026,7,4,0,17.8,132.9,94000.0,2026-07-04,2026-07-04,940.0
20260704,000000,11W,10,2026,7,4,0,18.5,132.1,94300.0,2026-07-04,2026-07-04,943.0
20260704,000000,11W,10,2026,7,4,0,19.3,130.9,94700.0,2026-07-04,2026-07-04,947.0
20260704,000000,11W,10,2026,7,4,0,19.8,130.2,94500.0,2026-07-04,2026-07-04,945.0
20260704,000000,11W,10,2026,7,4,0,20.8,129.5,94600.0,2026-07-04,2026-07-04,946.0
20260704,000000,11W,10,2026,7,4,0,21.6,128.4,94500.0,2026-07-04,2026-07-04,945.0
20260704,000000,11W,10,2026,7,4,0,22.6,127.9,94500.0,2026-07-04,2026-07-04,945.0
20260704,000000,11W,10,2026,7,4,0,23.7,127.0,94000.0,2026-07-04,2026-07-04,940.0
20260704,000000,11W,10,2026,7,4,0,24.900000000000002,126.10000000000001,94100.0,2026-07-04,2026-07-04,941.0
20260704,000000,11W,10,2026,7,4,0,26.1,125.10000000000001,94500.0,2026-07-04,2026-07-04,945.0
20260704,000000,11W,10,2026,7,4,0,27.1,124.4,94700.0,2026-07-04,2026-07-04,947.0
20260704,000000,11W,10,2026,7,4,0,28.1,123.4,94600.0,2026-07-04,2026-07-04,946.0
20260704,000000,11W,10,2026,7,4,0,29.400000000000002,122.9,94700.0,2026-07-04,2026-07-04,947.0
20260704,000000,11W,10,2026,7,4,0,30.7,122.2,95400.0,2026-07-04,2026-07-04,954.0
20260704,000000,11W,10,2026,7,4,0,31.6,121.4,96300.0,2026-07-04,2026-07-04,963.0
20260704,000000,11W,10,2026,7,4,0,32.4,120.7,96700.0,2026-07-04,2026-07-04,967.0
20260704,000000,11W,10,2026,7,4,0,32.9,120.5,97300.0,2026-07-04,2026-07-04,973.0
20260704,000000,11W,10,2026,7,4,0,33.6,120.10000000000001,97800.0,2026-07-04,2026-07-04,978.0
20260704,000000,11W,10,2026,7,4,0,34.2,120.0,98200.0,2026-07-04,2026-07-04,982.0
20260704,000000,11W,10,2026,7,4,0,34.5,119.9,98500.0,2026-07-04,2026-07-04,985.0
20260704,000000,11W,10,2026,7,4,0,35.0,120.0,98800.0,2026-07-04,2026-07-04,988.0
20260704,000000,11W,10,2026,7,4,0,35.300000000000004,120.0,99000.0,2026-07-04,2026-07-04,990.0
20260704,000000,11W,10,2026,7,4,0,35.300000000000004,120.10000000000001,99300.0,2026-07-04,2026-07-04,993.0
20260704,000000,11W,10,2026,7,4,0,35.4,120.3,99400.0,2026-07-04,2026-07-04,994.0
20260704,000000,11W,10,2026,7,4,0,35.6,120.5,99600.0,2026-07-04,2026-07-04,996.0
20260704,000000,11W,10,2026,7,4,0,36.300000000000004,120.8,99700.0,2026-07-04,2026-07-04,997.0
20260704,000000,11W,10,2026,7,4,0,36.6,120.7,99800.0,2026-07-04,2026-07-04,998.0
20260704,000000,11W,11,2026,7,4,0,12.3,150.70000000000002,94800.0,2026-07-04,2026-07-04,948.0
20260704,000000,11W,11,2026,7,4,0,12.4,150.1,94100.0,2026-07-04,2026-07-04,941.0
20260704,000000,11W,11,2026,7,4,0,12.5,149.4,93600.0,2026-07-04,2026-07-04,936.0
20260704,000000,11W,11,2026,7,4,0,12.5,148.8,92900.0,2026-07-04,2026-07-04,929.0
20260704,000000,11W,11,2026,7,4,0,12.8,148.3,92200.0,2026-07-04,2026-07-04,922.0
20260704,000000,11W,11,2026,7,4,0,13.3,147.5,92400.0,2026-07-04,2026-07-04,924.0
20260704,000000,11W,11,2026,7,4,0,13.700000000000001,146.6,92700.0,2026-07-04,2026-07-04,927.0
20260704,000000,11W,11,2026,7,4,0,14.0,145.70000000000002,92800.0,2026-07-04,2026-07-04,928.0
20260704,000000,11W,11,2026,7,4,0,14.6,144.6,92900.0,2026-07-04,2026-07-04,929.0
20260704,000000,11W,11,2026,7,4,0,14.9,143.20000000000002,92900.0,2026-07-04,2026-07-04,929.0
20260704,000000,11W,11,2026,7,4,0,15.1,141.6,93000.0,2026-07-04,2026-07-04,930.0
20260704,000000,11W,11,2026,7,4,0,15.3,139.9,93500.0,2026-07-04,2026-07-04,935.0
20260704,000000,11W,11,2026,7,4,0,15.5,138.5,93000.0,2026-07-04,2026-07-04,930.0
20260704,000000,11W,11,2026,7,4,0,15.700000000000001,136.9,93600.0,2026-07-04,2026-07-04,936.0
20260704,000000,11W,11,2026,7,4,0,15.9,135.7,93700.0,2026-07-04,2026-07-04,937.0
20260704,000000,11W,11,2026,7,4,0,16.3,135.0,94300.0,2026-07-04,2026-07-04,943.0
20260704,000000,11W,11,2026,7,4,0,16.9,133.8,94500.0,2026-07-04,2026-07-04,945.0
20260704,000000,11W,11,2026,7,4,0,17.1,133.1,94900.0,2026-07-04,2026-07-04,949.0
20260704,000000,11W,11,2026,7,4,0,18.3,131.9,94800.0,2026-07-04,2026-07-04,948.0
20260704,000000,11W,11,2026,7,4,0,19.2,131.6,94900.0,2026-07-04,2026-07-04,949.0
20260704,000000,11W,11,2026,7,4,0,20.1,130.5,94700.0,2026-07-04,2026-07-04,947.0
20260704,000000,11W,11,2026,7,4,0,21.3,129.7,94700.0,2026-07-04,2026-07-04,947.0
20260704,000000,11W,11,2026,7,4,0,22.3,128.9,94300.0,2026-07-04,2026-07-04,943.0
20260704,000000,11W,11,2026,7,4,0,23.3,128.3,94100.0,2026-07-04,2026-07-04,941.0
20260704,000000,11W,11,2026,7,4,0,24.5,127.5,93900.0,2026-07-04,2026-07-04,939.0
20260704,000000,11W,11,2026,7,4,0,25.5,126.60000000000001,94100.0,2026-07-04,2026-07-04,941.0
20260704,000000,11W,11,2026,7,4,0,26.900000000000002,125.4,94300.0,2026-07-04,2026-07-04,943.0
20260704,000000,11W,11,2026,7,4,0,28.2,124.9,94500.0,2026-07-04,2026-07-04,945.0
20260704,000000,11W,11,2026,7,4,0,29.2,124.3,94500.0,2026-07-04,2026-07-04,945.0
20260704,000000,11W,11,2026,7,4,0,30.6,123.2,95100.0,2026-07-04,2026-07-04,951.0
20260704,000000,11W,11,2026,7,4,0,31.5,122.9,95600.0,2026-07-04,2026-07-04,956.0
20260704,000000,11W,11,2026,7,4,0,32.9,122.10000000000001,96200.0,2026-07-04,2026-07-04,962.0
20260704,000000,11W,11,2026,7,4,0,33.4,122.0,96500.0,2026-07-04,2026-07-04,965.0
20260704,000000,11W,11,2026,7,4,0,34.2,121.7,96900.0,2026-07-04,2026-07-04,969.0
20260704,000000,11W,11,2026,7,4,0,35.300000000000004,121.9,97200.0,2026-07-04,2026-07-04,972.0
20260704,000000,11W,11,2026,7,4,0,36.2,121.7,97400.0,2026-07-04,2026-07-04,974.0
20260704,000000,11W,11,2026,7,4,0,36.5,121.9,97600.0,2026-07-04,2026-07-04,976.0
20260704,000000,11W,11,2026,7,4,0,36.800000000000004,122.9,97900.0,2026-07-04,2026-07-04,979.0
20260704,000000,11W,11,2026,7,4,0,37.5,123.9,97900.0,2026-07-04,2026-07-04,979.0
20260704,000000,11W,11,2026,7,4,0,38.0,125.0,98100.0,2026-07-04,2026-07-04,981.0
20260704,000000,11W,11,2026,7,4,0,38.300000000000004,126.7,98400.0,2026-07-04,2026-07-04,984.0
20260704,000000,11W,11,2026,7,4,0,39.300000000000004,128.7,98700.0,2026-07-04,2026-07-04,987.0
20260704,000000,11W,11,2026,7,4,0,40.6,129.8,98700.0,2026-07-04,2026-07-04,987.0
20260704,000000,11W,11,2026,7,4,0,41.5,131.6,99000.0,2026-07-04,2026-07-04,990.0
20260704,000000,11W,11,2026,7,4,0,42.2,132.9,99200.0,2026-07-04,2026-07-04,992.0
20260704,000000,11W,11,2026,7,4,0,42.4,134.0,99500.0,2026-07-04,2026-07-04,995.0
20260704,000000,11W,11,2026,7,4,0,43.2,135.4,99600.0,2026-07-04,2026-07-04,996.0
20260704,000000,11W,11,2026,7,4,0,46.0,137.4,100000.0,2026-07-04,2026-07-04,1000.0
20260704,000000,11W,12,2026,7,4,0,12.4,151.1,97200.0,2026-07-04,2026-07-04,972.0
20260704,000000,11W,12,2026,7,4,0,12.700000000000001,150.4,97000.0,2026-07-04,2026-07-04,970.0
20260704,000000,11W,12,2026,7,4,0,12.8,149.6,96500.0,2026-07-04,2026-07-04,965.0
20260704,000000,11W,12,2026,7,4,0,12.9,148.9,95700.0,2026-07-04,2026-07-04,957.0
20260704,000000,11W,12,2026,7,4,0,13.3,148.1,94600.0,2026-07-04,2026-07-04,946.0
20260704,000000,11W,12,2026,7,4,0,13.5,147.20000000000002,94300.0,2026-07-04,2026-07-04,943.0
20260704,000000,11W,12,2026,7,4,0,14.1,146.4,93700.0,2026-07-04,2026-07-04,937.0
20260704,000000,11W,12,2026,7,4,0,14.700000000000001,145.4,93300.0,2026-07-04,2026-07-04,933.0
20260704,000000,11W,12,2026,7,4,0,15.1,143.9,93100.0,2026-07-04,2026-07-04,931.0
20260704,000000,11W,12,2026,7,4,0,15.3,142.5,92800.0,2026-07-04,2026-07-04,928.0
20260704,000000,11W,12,2026,7,4,0,15.6,140.70000000000002,92500.0,2026-07-04,2026-07-04,925.0
20260704,000000,11W,12,2026,7,4,0,15.700000000000001,139.20000000000002,92300.0,2026-07-04,2026-07-04,923.0
20260704,000000,11W,12,2026,7,4,0,16.0,137.70000000000002,91500.0,2026-07-04,2026-07-04,915.0
20260704,000000,11W,12,2026,7,4,0,16.2,136.1,91200.0,2026-07-04,2026-07-04,912.0
20260704,000000,11W,12,2026,7,4,0,16.4,134.9,91000.0,2026-07-04,2026-07-04,910.0
20260704,000000,11W,12,2026,7,4,0,16.8,133.5,91400.0,2026-07-04,2026-07-04,914.0
20260704,000000,11W,12,2026,7,4,0,17.0,132.6,91600.0,2026-07-04,2026-07-04,916.0
20260704,000000,11W,12,2026,7,4,0,17.6,131.4,92100.0,2026-07-04,2026-07-04,921.0
20260704,000000,11W,12,2026,7,4,0,18.1,130.2,92300.0,2026-07-04,2026-07-04,923.0
20260704,000000,11W,12,2026,7,4,0,18.6,129.3,92400.0,2026-07-04,2026-07-04,924.0
20260704,000000,11W,12,2026,7,4,0,19.3,128.5,92100.0,2026-07-04,2026-07-04,921.0
20260704,000000,11W,12,2026,7,4,0,19.900000000000002,127.7,92100.0,2026-07-04,2026-07-04,921.0
20260704,000000,11W,12,2026,7,4,0,21.0,127.0,92800.0,2026-07-04,2026-07-04,928.0
20260704,000000,11W,12,2026,7,4,0,22.3,126.0,93000.0,2026-07-04,2026-07-04,930.0
20260704,000000,11W,12,2026,7,4,0,23.0,125.3,92600.0,2026-07-04,2026-07-04,926.0
20260704,000000,11W,12,2026,7,4,0,24.0,124.4,93100.0,2026-07-04,2026-07-04,931.0
20260704,000000,11W,12,2026,7,4,0,25.400000000000002,123.3,93900.0,2026-07-04,2026-07-04,939.0
20260704,000000,11W,12,2026,7,4,0,26.5,122.60000000000001,93900.0,2026-07-04,2026-07-04,939.0
20260704,000000,11W,12,2026,7,4,0,28.1,121.5,94200.0,2026-07-04,2026-07-04,942.0
20260704,000000,11W,12,2026,7,4,0,29.5,120.60000000000001,95900.0,2026-07-04,2026-07-04,959.0
20260704,000000,11W,12,2026,7,4,0,30.6,120.0,97000.0,2026-07-04,2026-07-04,970.0
20260704,000000,11W,12,2026,7,4,0,32.1,119.8,97300.0,2026-07-04,2026-07-04,973.0
20260704,000000,11W,12,2026,7,4,0,33.3,119.60000000000001,97600.0,2026-07-04,2026-07-04,976.0
20260704,000000,11W,12,2026,7,4,0,34.6,119.7,97700.0,2026-07-04,2026-07-04,977.0
20260704,000000,11W,12,2026,7,4,0,35.0,120.4,97900.0,2026-07-04,2026-07-04,979.0
20260704,000000,11W,12,2026,7,4,0,36.5,120.8,98000.0,2026-07-04,2026-07-04,980.0
20260704,000000,11W,12,2026,7,4,0,37.6,122.0,98000.0,2026-07-04,2026-07-04,980.0
20260704,000000,11W,12,2026,7,4,0,38.9,123.3,98200.0,2026-07-04,2026-07-04,982.0
20260704,000000,11W,12,2026,7,4,0,39.9,124.8,98500.0,2026-07-04,2026-07-04,985.0
20260704,000000,11W,12,2026,7,4,0,40.800000000000004,129.2,98600.0,2026-07-04,2026-07-04,986.0
20260704,000000,11W,13,2026,7,4,0,12.4,151.1,93800.0,2026-07-04,2026-07-04,938.0
20260704,000000,11W,13,2026,7,4,0,12.6,150.8,94500.0,2026-07-04,2026-07-04,945.0
20260704,000000,11W,13,2026,7,4,0,13.1,150.1,94900.0,2026-07-04,2026-07-04,949.0
20260704,000000,11W,13,2026,7,4,0,13.3,149.3,95100.0,2026-07-04,2026-07-04,951.0
20260704,000000,11W,13,2026,7,4,0,13.700000000000001,148.9,94300.0,2026-07-04,2026-07-04,943.0
20260704,000000,11W,13,2026,7,4,0,14.0,148.0,93700.0,2026-07-04,2026-07-04,937.0
20260704,000000,11W,13,2026,7,4,0,14.4,147.1,93200.0,2026-07-04,2026-07-04,932.0
20260704,000000,11W,13,2026,7,4,0,15.200000000000001,146.4,92700.0,2026-07-04,2026-07-04,927.0
20260704,000000,11W,13,2026,7,4,0,16.1,145.0,92100.0,2026-07-04,2026-07-04,921.0
20260704,000000,11W,13,2026,7,4,0,16.3,143.8,91800.0,2026-07-04,2026-07-04,918.0
20260704,000000,11W,13,2026,7,4,0,16.9,142.3,90800.0,2026-07-04,2026-07-04,908.0
20260704,000000,11W,13,2026,7,4,0,17.400000000000002,140.9,90600.0,2026-07-04,2026-07-04,906.0
20260704,000000,11W,13,2026,7,4,0,17.8,139.4,90400.0,2026-07-04,2026-07-04,904.0
20260704,000000,11W,13,2026,7,4,0,18.0,137.9,90500.0,2026-07-04,2026-07-04,905.0
20260704,000000,11W,13,2026,7,4,0,18.3,136.5,90300.0,2026-07-04,2026-07-04,903.0
20260704,000000,11W,13,2026,7,4,0,18.7,135.2,90500.0,2026-07-04,2026-07-04,905.0
20260704,000000,11W,13,2026,7,4,0,19.2,134.0,91100.0,2026-07-04,2026-07-04,911.0
20260704,000000,11W,13,2026,7,4,0,19.7,132.6,92100.0,2026-07-04,2026-07-04,921.0
20260704,000000,11W,13,2026,7,4,0,19.900000000000002,131.3,92400.0,2026-07-04,2026-07-04,924.0
20260704,000000,11W,13,2026,7,4,0,20.3,130.0,92800.0,2026-07-04,2026-07-04,928.0
20260704,000000,11W,13,2026,7,4,0,20.8,129.2,92400.0,2026-07-04,2026-07-04,924.0
20260704,000000,11W,13,2026,7,4,0,21.1,128.3,92700.0,2026-07-04,2026-07-04,927.0
20260704,000000,11W,13,2026,7,4,0,21.5,127.4,93000.0,2026-07-04,2026-07-04,930.0
20260704,000000,11W,13,2026,7,4,0,22.2,126.9,93300.0,2026-07-04,2026-07-04,933.0
20260704,000000,11W,13,2026,7,4,0,23.0,126.3,93400.0,2026-07-04,2026-07-04,934.0
20260704,000000,11W,13,2026,7,4,0,23.900000000000002,125.7,93700.0,2026-07-04,2026-07-04,937.0
20260704,000000,11W,13,2026,7,4,0,25.2,124.8,94100.0,2026-07-04,2026-07-04,941.0
20260704,000000,11W,13,2026,7,4,0,26.3,124.3,94400.0,2026-07-04,2026-07-04,944.0
20260704,000000,11W,13,2026,7,4,0,27.3,123.2,94500.0,2026-07-04,2026-07-04,945.0
20260704,000000,11W,13,2026,7,4,0,28.8,122.7,95100.0,2026-07-04,2026-07-04,951.0
20260704,000000,11W,13,2026,7,4,0,30.1,121.60000000000001,95600.0,2026-07-04,2026-07-04,956.0
20260704,000000,11W,13,2026,7,4,0,31.0,121.2,96200.0,2026-07-04,2026-07-04,962.0
20260704,000000,11W,13,2026,7,4,0,32.2,120.9,96900.0,2026-07-04,2026-07-04,969.0
20260704,000000,11W,13,2026,7,4,0,33.0,120.3,97500.0,2026-07-04,2026-07-04,975.0
20260704,000000,11W,13,2026,7,4,0,33.7,119.8,97900.0,2026-07-04,2026-07-04,979.0
20260704,000000,11W,13,2026,7,4,0,34.0,119.8,98200.0,2026-07-04,2026-07-04,982.0
20260704,000000,11W,13,2026,7,4,0,34.2,120.10000000000001,98300.0,2026-07-04,2026-07-04,983.0
20260704,000000,11W,13,2026,7,4,0,34.4,121.0,98500.0,2026-07-04,2026-07-04,985.0
20260704,000000,11W,13,2026,7,4,0,34.7,121.60000000000001,98500.0,2026-07-04,2026-07-04,985.0
20260704,000000,11W,13,2026,7,4,0,35.1,122.3,98600.0,2026-07-04,2026-07-04,986.0
20260704,000000,11W,13,2026,7,4,0,35.300000000000004,123.3,98600.0,2026-07-04,2026-07-04,986.0
20260704,000000,11W,13,2026,7,4,0,36.0,124.0,98900.0,2026-07-04,2026-07-04,989.0
20260704,000000,11W,13,2026,7,4,0,36.800000000000004,123.9,98800.0,2026-07-04,2026-07-04,988.0
20260704,000000,11W,13,2026,7,4,0,37.4,124.0,99000.0,2026-07-04,2026-07-04,990.0
20260704,000000,11W,13,2026,7,4,0,37.6,124.10000000000001,99100.0,2026-07-04,2026-07-04,991.0
20260704,000000,11W,13,2026,7,4,0,37.5,124.4,99300.0,2026-07-04,2026-07-04,993.0
20260704,000000,11W,13,2026,7,4,0,37.800000000000004,125.0,99400.0,2026-07-04,2026-07-04,994.0
20260704,000000,11W,13,2026,7,4,0,38.4,125.60000000000001,99600.0,2026-07-04,2026-07-04,996.0
20260704,000000,11W,13,2026,7,4,0,38.4,125.5,99600.0,2026-07-04,2026-07-04,996.0
20260704,000000,11W,13,2026,7,4,0,38.4,125.60000000000001,99800.0,2026-07-04,2026-07-04,998.0
20260704,000000,11W,13,2026,7,4,0,37.6,125.60000000000001,99800.0,2026-07-04,2026-07-04,998.0
20260704,000000,11W,13,2026,7,4,0,38.4,125.5,100000.0,2026-07-04,2026-07-04,1000.0
20260704,000000,11W,14,2026,7,4,0,12.700000000000001,150.8,97400.0,2026-07-04,2026-07-04,974.0
20260704,000000,11W,14,2026,7,4,0,12.6,150.1,96500.0,2026-07-04,2026-07-04,965.0
20260704,000000,11W,14,2026,7,4,0,12.9,149.4,95300.0,2026-07-04,2026-07-04,953.0
20260704,000000,11W,14,2026,7,4,0,13.3,148.3,93700.0,2026-07-04,2026-07-04,937.0
20260704,000000,11W,14,2026,7,4,0,13.6,147.3,93400.0,2026-07-04,2026-07-04,934.0
20260704,000000,11W,14,2026,7,4,0,13.8,146.1,93600.0,2026-07-04,2026-07-04,936.0
20260704,000000,11W,14,2026,7,4,0,14.1,144.9,93500.0,2026-07-04,2026-07-04,935.0
20260704,000000,11W,14,2026,7,4,0,14.6,143.6,93800.0,2026-07-04,2026-07-04,938.0
20260704,000000,11W,14,2026,7,4,0,15.0,142.3,93500.0,2026-07-04,2026-07-04,935.0
20260704,000000,11W,14,2026,7,4,0,15.1,140.9,93000.0,2026-07-04,2026-07-04,930.0
20260704,000000,11W,14,2026,7,4,0,15.5,139.20000000000002,92300.0,2026-07-04,2026-07-04,923.0
20260704,000000,11W,14,2026,7,4,0,15.700000000000001,137.8,91900.0,2026-07-04,2026-07-04,919.0
20260704,000000,11W,14,2026,7,4,0,15.9,136.6,90800.0,2026-07-04,2026-07-04,908.0
20260704,000000,11W,14,2026,7,4,0,16.3,135.2,90100.0,2026-07-04,2026-07-04,901.0
20260704,000000,11W,14,2026,7,4,0,16.6,133.7,89700.0,2026-07-04,2026-07-04,897.0
20260704,000000,11W,14,2026,7,4,0,17.1,132.5,90300.0,2026-07-04,2026-07-04,903.0
20260704,000000,11W,14,2026,7,4,0,17.6,131.3,90200.0,2026-07-04,2026-07-04,902.0
20260704,000000,11W,14,2026,7,4,0,18.0,130.2,90500.0,2026-07-04,2026-07-04,905.0
20260704,000000,11W,14,2026,7,4,0,18.5,129.3,91100.0,2026-07-04,2026-07-04,911.0
20260704,000000,11W,14,2026,7,4,0,19.400000000000002,128.5,91500.0,2026-07-04,2026-07-04,915.0
20260704,000000,11W,14,2026,7,4,0,20.3,127.5,91500.0,2026-07-04,2026-07-04,915.0
20260704,000000,11W,14,2026,7,4,0,21.400000000000002,126.4,92000.0,2026-07-04,2026-07-04,920.0
20260704,000000,11W,14,2026,7,4,0,22.6,125.5,92600.0,2026-07-04,2026-07-04,926.0
20260704,000000,11W,14,2026,7,4,0,23.8,124.7,93000.0,2026-07-04,2026-07-04,930.0
20260704,000000,11W,14,2026,7,4,0,25.2,123.8,93000.0,2026-07-04,2026-07-04,930.0
20260704,000000,11W,14,2026,7,4,0,26.1,122.8,93200.0,2026-07-04,2026-07-04,932.0
20260704,000000,11W,14,2026,7,4,0,27.5,122.2,93400.0,2026-07-04,2026-07-04,934.0
20260704,000000,11W,14,2026,7,4,0,28.6,121.3,94200.0,2026-07-04,2026-07-04,942.0
20260704,000000,11W,14,2026,7,4,0,29.7,120.3,95000.0,2026-07-04,2026-07-04,950.0
20260704,000000,11W,14,2026,7,4,0,30.2,119.5,96300.0,2026-07-04,2026-07-04,963.0
20260704,000000,11W,14,2026,7,4,0,30.900000000000002,118.3,96900.0,2026-07-04,2026-07-04,969.0
20260704,000000,11W,14,2026,7,4,0,31.1,117.7,97500.0,2026-07-04,2026-07-04,975.0
20260704,000000,11W,14,2026,7,4,0,31.400000000000002,116.7,97800.0,2026-07-04,2026-07-04,978.0
20260704,000000,11W,14,2026,7,4,0,31.5,116.10000000000001,98300.0,2026-07-04,2026-07-04,983.0
20260704,000000,11W,14,2026,7,4,0,31.5,115.7,98600.0,2026-07-04,2026-07-04,986.0
20260704,000000,11W,14,2026,7,4,0,31.8,115.8,98600.0,2026-07-04,2026-07-04,986.0
20260704,000000,11W,14,2026,7,4,0,32.1,116.2,98700.0,2026-07-04,2026-07-04,987.0
20260704,000000,11W,14,2026,7,4,0,32.4,116.0,98900.0,2026-07-04,2026-07-04,989.0
20260704,000000,11W,14,2026,7,4,0,32.7,116.2,98900.0,2026-07-04,2026-07-04,989.0
20260704,000000,11W,14,2026,7,4,0,33.4,116.9,98900.0,2026-07-04,2026-07-04,989.0
20260704,000000,11W,14,2026,7,4,0,34.2,116.8,98800.0,2026-07-04,2026-07-04,988.0
20260704,000000,11W,14,2026,7,4,0,34.6,117.0,98900.0,2026-07-04,2026-07-04,989.0
20260704,000000,11W,14,2026,7,4,0,34.800000000000004,117.9,98900.0,2026-07-04,2026-07-04,989.0
20260704,000000,11W,14,2026,7,4,0,36.4,118.9,98800.0,2026-07-04,2026-07-04,988.0
20260704,000000,11W,14,2026,7,4,0,36.0,119.2,98800.0,2026-07-04,2026-07-04,988.0
20260704,000000,11W,14,2026,7,4,0,35.800000000000004,121.0,99000.0,2026-07-04,2026-07-04,990.0
20260704,000000,11W,14,2026,7,4,0,38.300000000000004,122.4,98900.0,2026-07-04,2026-07-04,989.0
20260704,000000,11W,14,2026,7,4,0,38.4,123.5,98900.0,2026-07-04,2026-07-04,989.0
20260704,000000,11W,14,2026,7,4,0,38.800000000000004,124.60000000000001,99000.0,2026-07-04,2026-07-04,990.0
20260704,000000,11W,14,2026,7,4,0,38.9,125.7,99400.0,2026-07-04,2026-07-04,994.0
20260704,000000,11W,14,2026,7,4,0,40.1,129.4,99700.0,2026-07-04,2026-07-04,997.0
20260704,000000,11W,15,2026,7,4,0,12.5,151.3,98000.0,2026-07-04,2026-07-04,980.0
20260704,000000,11W,15,2026,7,4,0,12.8,150.8,98000.0,2026-07-04,2026-07-04,980.0
20260704,000000,11W,15,2026,7,4,0,13.0,149.9,97500.0,2026-07-04,2026-07-04,975.0
20260704,000000,11W,15,2026,7,4,0,13.1,149.0,97500.0,2026-07-04,2026-07-04,975.0
20260704,000000,11W,15,2026,7,4,0,13.4,148.3,97100.0,2026-07-04,2026-07-04,971.0
20260704,000000,11W,15,2026,7,4,0,13.8,147.5,97000.0,2026-07-04,2026-07-04,970.0
20260704,000000,11W,15,2026,7,4,0,14.1,146.3,96700.0,2026-07-04,2026-07-04,967.0
20260704,000000,11W,15,2026,7,4,0,14.3,145.1,96900.0,2026-07-04,2026-07-04,969.0
20260704,000000,11W,15,2026,7,4,0,14.5,144.0,96600.0,2026-07-04,2026-07-04,966.0
20260704,000000,11W,15,2026,7,4,0,14.700000000000001,142.70000000000002,96500.0,2026-07-04,2026-07-04,965.0
20260704,000000,11W,15,2026,7,4,0,14.8,141.1,96400.0,2026-07-04,2026-07-04,964.0
20260704,000000,11W,15,2026,7,4,0,14.700000000000001,139.70000000000002,96400.0,2026-07-04,2026-07-04,964.0
20260704,000000,11W,15,2026,7,4,0,14.8,138.5,95900.0,2026-07-04,2026-07-04,959.0
20260704,000000,11W,15,2026,7,4,0,15.0,137.20000000000002,95700.0,2026-07-04,2026-07-04,957.0
20260704,000000,11W,15,2026,7,4,0,15.3,135.8,95100.0,2026-07-04,2026-07-04,951.0
20260704,000000,11W,15,2026,7,4,0,15.5,134.5,95000.0,2026-07-04,2026-07-04,950.0
20260704,000000,11W,15,2026,7,4,0,16.0,133.3,94500.0,2026-07-04,2026-07-04,945.0
20260704,000000,11W,15,2026,7,4,0,16.2,131.9,94200.0,2026-07-04,2026-07-04,942.0
20260704,000000,11W,15,2026,7,4,0,16.6,130.7,93900.0,2026-07-04,2026-07-04,939.0
20260704,000000,11W,15,2026,7,4,0,17.1,129.7,93700.0,2026-07-04,2026-07-04,937.0
20260704,000000,11W,15,2026,7,4,0,17.6,128.8,93600.0,2026-07-04,2026-07-04,936.0
20260704,000000,11W,15,2026,7,4,0,18.2,127.7,93200.0,2026-07-04,2026-07-04,932.0
20260704,000000,11W,15,2026,7,4,0,18.8,127.0,93100.0,2026-07-04,2026-07-04,931.0
20260704,000000,11W,15,2026,7,4,0,19.6,126.0,93600.0,2026-07-04,2026-07-04,936.0
20260704,000000,11W,15,2026,7,4,0,20.6,125.0,93300.0,2026-07-04,2026-07-04,933.0
20260704,000000,11W,15,2026,7,4,0,21.400000000000002,124.10000000000001,92900.0,2026-07-04,2026-07-04,929.0
20260704,000000,11W,15,2026,7,4,0,22.2,122.8,92800.0,2026-07-04,2026-07-04,928.0
20260704,000000,11W,15,2026,7,4,0,23.7,121.9,93400.0,2026-07-04,2026-07-04,934.0
20260704,000000,11W,15,2026,7,4,0,24.400000000000002,120.10000000000001,94300.0,2026-07-04,2026-07-04,943.0
20260704,000000,11W,15,2026,7,4,0,24.900000000000002,119.2,95000.0,2026-07-04,2026-07-04,950.0
20260704,000000,11W,15,2026,7,4,0,25.900000000000002,118.10000000000001,96500.0,2026-07-04,2026-07-04,965.0
20260704,000000,11W,15,2026,7,4,0,26.8,117.2,97400.0,2026-07-04,2026-07-04,974.0
20260704,000000,11W,15,2026,7,4,0,28.0,116.4,97700.0,2026-07-04,2026-07-04,977.0
20260704,000000,11W,15,2026,7,4,0,28.400000000000002,115.7,98000.0,2026-07-04,2026-07-04,980.0
20260704,000000,11W,15,2026,7,4,0,28.7,115.3,98300.0,2026-07-04,2026-07-04,983.0
20260704,000000,11W,15,2026,7,4,0,29.3,115.3,98400.0,2026-07-04,2026-07-04,984.0
20260704,000000,11W,15,2026,7,4,0,29.8,115.10000000000001,98500.0,2026-07-04,2026-07-04,985.0
20260704,000000,11W,15,2026,7,4,0,30.2,114.5,98600.0,2026-07-04,2026-07-04,986.0
20260704,000000,11W,15,2026,7,4,0,30.7,114.2,98700.0,2026-07-04,2026-07-04,987.0
20260704,000000,11W,15,2026,7,4,0,31.2,113.9,98900.0,2026-07-04,2026-07-04,989.0
20260704,000000,11W,15,2026,7,4,0,31.6,113.60000000000001,98900.0,2026-07-04,2026-07-04,989.0
20260704,000000,11W,15,2026,7,4,0,32.5,112.9,99100.0,2026-07-04,2026-07-04,991.0
20260704,000000,11W,15,2026,7,4,0,33.4,113.60000000000001,99200.0,2026-07-04,2026-07-04,992.0
20260704,000000,11W,15,2026,7,4,0,33.6,113.9,99300.0,2026-07-04,2026-07-04,993.0
20260704,000000,11W,15,2026,7,4,0,36.0,114.3,99200.0,2026-07-04,2026-07-04,992.0
20260704,000000,11W,16,2026,7,4,0,12.6,150.8,96900.0,2026-07-04,2026-07-04,969.0
20260704,000000,11W,16,2026,7,4,0,12.700000000000001,150.20000000000002,96900.0,2026-07-04,2026-07-04,969.0
20260704,000000,11W,16,2026,7,4,0,12.8,149.6,96500.0,2026-07-04,2026-07-04,965.0
20260704,000000,11W,16,2026,7,4,0,13.0,148.70000000000002,96400.0,2026-07-04,2026-07-04,964.0
20260704,000000,11W,16,2026,7,4,0,13.3,148.0,96000.0,2026-07-04,2026-07-04,960.0
20260704,000000,11W,16,2026,7,4,0,13.5,146.9,96000.0,2026-07-04,2026-07-04,960.0
20260704,000000,11W,16,2026,7,4,0,13.8,146.0,95700.0,2026-07-04,2026-07-04,957.0
20260704,000000,11W,16,2026,7,4,0,14.0,145.1,95800.0,2026-07-04,2026-07-04,958.0
20260704,000000,11W,16,2026,7,4,0,14.6,144.1,95700.0,2026-07-04,2026-07-04,957.0
20260704,000000,11W,16,2026,7,4,0,15.1,142.8,95900.0,2026-07-04,2026-07-04,959.0
20260704,000000,11W,16,2026,7,4,0,15.5,141.20000000000002,95500.0,2026-07-04,2026-07-04,955.0
20260704,000000,11W,16,2026,7,4,0,15.700000000000001,139.6,95400.0,2026-07-04,2026-07-04,954.0
20260704,000000,11W,16,2026,7,4,0,15.9,138.1,95000.0,2026-07-04,2026-07-04,950.0
20260704,000000,11W,16,2026,7,4,0,16.2,136.6,95000.0,2026-07-04,2026-07-04,950.0
20260704,000000,11W,16,2026,7,4,0,16.3,135.0,95000.0,2026-07-04,2026-07-04,950.0
20260704,000000,11W,16,2026,7,4,0,16.5,133.5,95300.0,2026-07-04,2026-07-04,953.0
20260704,000000,11W,16,2026,7,4,0,16.8,132.1,95100.0,2026-07-04,2026-07-04,951.0
20260704,000000,11W,16,2026,7,4,0,16.9,130.9,94700.0,2026-07-04,2026-07-04,947.0
20260704,000000,11W,16,2026,7,4,0,17.0,129.6,94200.0,2026-07-04,2026-07-04,942.0
20260704,000000,11W,16,2026,7,4,0,17.3,128.6,94200.0,2026-07-04,2026-07-04,942.0
20260704,000000,11W,16,2026,7,4,0,17.7,127.60000000000001,94000.0,2026-07-04,2026-07-04,940.0
20260704,000000,11W,16,2026,7,4,0,18.0,126.7,93800.0,2026-07-04,2026-07-04,938.0
20260704,000000,11W,16,2026,7,4,0,18.6,126.10000000000001,93700.0,2026-07-04,2026-07-04,937.0
20260704,000000,11W,16,2026,7,4,0,19.0,125.5,94100.0,2026-07-04,2026-07-04,941.0
20260704,000000,11W,16,2026,7,4,0,19.6,125.0,94200.0,2026-07-04,2026-07-04,942.0
20260704,000000,11W,16,2026,7,4,0,20.400000000000002,123.9,94300.0,2026-07-04,2026-07-04,943.0
20260704,000000,11W,16,2026,7,4,0,21.0,122.9,94200.0,2026-07-04,2026-07-04,942.0
20260704,000000,11W,16,2026,7,4,0,21.8,122.2,94600.0,2026-07-04,2026-07-04,946.0
20260704,000000,11W,16,2026,7,4,0,22.8,121.2,95900.0,2026-07-04,2026-07-04,959.0
20260704,000000,11W,16,2026,7,4,0,23.0,119.60000000000001,97000.0,2026-07-04,2026-07-04,970.0
20260704,000000,11W,16,2026,7,4,0,24.0,119.10000000000001,97600.0,2026-07-04,2026-07-04,976.0
20260704,000000,11W,16,2026,7,4,0,25.3,118.0,98400.0,2026-07-04,2026-07-04,984.0
20260704,000000,11W,16,2026,7,4,0,27.1,116.5,98600.0,2026-07-04,2026-07-04,986.0
20260704,000000,11W,16,2026,7,4,0,26.6,114.7,98900.0,2026-07-04,2026-07-04,989.0
20260704,000000,11W,16,2026,7,4,0,27.1,112.8,99100.0,2026-07-04,2026-07-04,991.0
20260704,000000,11W,16,2026,7,4,0,27.0,112.4,99300.0,2026-07-04,2026-07-04,993.0
20260704,000000,11W,16,2026,7,4,0,25.400000000000002,110.10000000000001,99400.0,2026-07-04,2026-07-04,994.0
20260704,000000,11W,16,2026,7,4,0,27.900000000000002,110.10000000000001,99900.0,2026-07-04,2026-07-04,999.0
20260704,000000,11W,16,2026,7,4,0,32.2,111.5,99600.0,2026-07-04,2026-07-04,996.0
20260704,000000,11W,16,2026,7,4,0,33.7,113.60000000000001,99900.0,2026-07-04,2026-07-04,999.0
20260704,000000,11W,16,2026,7,4,0,34.4,115.7,99700.0,2026-07-04,2026-07-04,997.0
20260704,000000,11W,16,2026,7,4,0,32.3,115.2,100000.0,2026-07-04,2026-07-04,1000.0
20260704,000000,11W,17,2026,7,4,0,12.4,151.1,95900.0,2026-07-04,2026-07-04,959.0
20260704,000000,11W,17,2026,7,4,0,12.8,150.70000000000002,95700.0,2026-07-04,2026-07-04,957.0
20260704,000000,11W,17,2026,7,4,0,13.200000000000001,149.6,95600.0,2026-07-04,2026-07-04,956.0
20260704,000000,11W,17,2026,7,4,0,13.3,148.5,95800.0,2026-07-04,2026-07-04,958.0
20260704,000000,11W,17,2026,7,4,0,13.6,147.5,95500.0,2026-07-04,2026-07-04,955.0
20260704,000000,11W,17,2026,7,4,0,13.9,146.4,95800.0,2026-07-04,2026-07-04,958.0
20260704,000000,11W,17,2026,7,4,0,14.3,145.1,95800.0,2026-07-04,2026-07-04,958.0
20260704,000000,11W,17,2026,7,4,0,14.5,144.0,95800.0,2026-07-04,2026-07-04,958.0
20260704,000000,11W,17,2026,7,4,0,14.9,142.6,95100.0,2026-07-04,2026-07-04,951.0
20260704,000000,11W,17,2026,7,4,0,15.1,141.1,95100.0,2026-07-04,2026-07-04,951.0
20260704,000000,11W,17,2026,7,4,0,15.4,139.6,94200.0,2026-07-04,2026-07-04,942.0
20260704,000000,11W,17,2026,7,4,0,15.5,138.0,94700.0,2026-07-04,2026-07-04,947.0
20260704,000000,11W,17,2026,7,4,0,15.700000000000001,136.4,94300.0,2026-07-04,2026-07-04,943.0
20260704,000000,11W,17,2026,7,4,0,15.8,134.6,94100.0,2026-07-04,2026-07-04,941.0
20260704,000000,11W,17,2026,7,4,0,15.700000000000001,132.8,93200.0,2026-07-04,2026-07-04,932.0
20260704,000000,11W,17,2026,7,4,0,15.9,131.5,93200.0,2026-07-04,2026-07-04,932.0
20260704,000000,11W,17,2026,7,4,0,16.1,130.3,92800.0,2026-07-04,2026-07-04,928.0
20260704,000000,11W,17,2026,7,4,0,16.2,129.2,92600.0,2026-07-04,2026-07-04,926.0
20260704,000000,11W,17,2026,7,4,0,16.8,128.2,92500.0,2026-07-04,2026-07-04,925.0
20260704,000000,11W,17,2026,7,4,0,17.400000000000002,127.2,92800.0,2026-07-04,2026-07-04,928.0
20260704,000000,11W,17,2026,7,4,0,18.2,126.3,92900.0,2026-07-04,2026-07-04,929.0
20260704,000000,11W,17,2026,7,4,0,18.900000000000002,125.3,93400.0,2026-07-04,2026-07-04,934.0
20260704,000000,11W,17,2026,7,4,0,19.3,124.5,93800.0,2026-07-04,2026-07-04,938.0
20260704,000000,11W,17,2026,7,4,0,20.1,123.8,94300.0,2026-07-04,2026-07-04,943.0
20260704,000000,11W,17,2026,7,4,0,21.0,123.2,94300.0,2026-07-04,2026-07-04,943.0
20260704,000000,11W,17,2026,7,4,0,22.2,122.3,94900.0,2026-07-04,2026-07-04,949.0
20260704,000000,11W,17,2026,7,4,0,23.900000000000002,121.0,95700.0,2026-07-04,2026-07-04,957.0
20260704,000000,11W,17,2026,7,4,0,23.5,119.8,96400.0,2026-07-04,2026-07-04,964.0
20260704,000000,11W,17,2026,7,4,0,24.6,119.8,96600.0,2026-07-04,2026-07-04,966.0
20260704,000000,11W,17,2026,7,4,0,25.3,118.60000000000001,97200.0,2026-07-04,2026-07-04,972.0
20260704,000000,11W,17,2026,7,4,0,26.400000000000002,117.8,97600.0,2026-07-04,2026-07-04,976.0
20260704,000000,11W,17,2026,7,4,0,28.1,117.10000000000001,97900.0,2026-07-04,2026-07-04,979.0
20260704,000000,11W,17,2026,7,4,0,28.5,116.2,98100.0,2026-07-04,2026-07-04,981.0
20260704,000000,11W,17,2026,7,4,0,29.1,116.2,98300.0,2026-07-04,2026-07-04,983.0
20260704,000000,11W,17,2026,7,4,0,30.400000000000002,114.9,98700.0,2026-07-04,2026-07-04,987.0
20260704,000000,11W,17,2026,7,4,0,30.900000000000002,114.5,98900.0,2026-07-04,2026-07-04,989.0
20260704,000000,11W,17,2026,7,4,0,31.8,114.5,99000.0,2026-07-04,2026-07-04,990.0
20260704,000000,11W,17,2026,7,4,0,31.400000000000002,113.9,99200.0,2026-07-04,2026-07-04,992.0
20260704,000000,11W,17,2026,7,4,0,31.8,114.8,99200.0,2026-07-04,2026-07-04,992.0
20260704,000000,11W,17,2026,7,4,0,33.0,115.5,99300.0,2026-07-04,2026-07-04,993.0
20260704,000000,11W,17,2026,7,4,0,33.8,116.0,99100.0,2026-07-04,2026-07-04,991.0
20260704,000000,11W,17,2026,7,4,0,34.6,116.7,99000.0,2026-07-04,2026-07-04,990.0
20260704,000000,11W,17,2026,7,4,0,34.5,117.4,98900.0,2026-07-04,2026-07-04,989.0
20260704,000000,11W,17,2026,7,4,0,34.800000000000004,119.2,99100.0,2026-07-04,2026-07-04,991.0
20260704,000000,11W,17,2026,7,4,0,36.800000000000004,121.5,99100.0,2026-07-04,2026-07-04,991.0
20260704,000000,11W,17,2026,7,4,0,36.0,122.60000000000001,99400.0,2026-07-04,2026-07-04,994.0
20260704,000000,11W,17,2026,7,4,0,37.2,124.2,99400.0,2026-07-04,2026-07-04,994.0
20260704,000000,11W,18,2026,7,4,0,12.4,151.3,95100.0,2026-07-04,2026-07-04,951.0
20260704,000000,11W,18,2026,7,4,0,12.8,150.8,94600.0,2026-07-04,2026-07-04,946.0
20260704,000000,11W,18,2026,7,4,0,13.1,149.8,94400.0,2026-07-04,2026-07-04,944.0
20260704,000000,11W,18,2026,7,4,0,13.1,148.9,94200.0,2026-07-04,2026-07-04,942.0
20260704,000000,11W,18,2026,7,4,0,13.6,148.1,93600.0,2026-07-04,2026-07-04,936.0
20260704,000000,11W,18,2026,7,4,0,13.8,147.1,94100.0,2026-07-04,2026-07-04,941.0
20260704,000000,11W,18,2026,7,4,0,14.3,146.0,94200.0,2026-07-04,2026-07-04,942.0
20260704,000000,11W,18,2026,7,4,0,14.6,144.9,94800.0,2026-07-04,2026-07-04,948.0
20260704,000000,11W,18,2026,7,4,0,15.0,143.5,94800.0,2026-07-04,2026-07-04,948.0
20260704,000000,11W,18,2026,7,4,0,15.4,142.1,95100.0,2026-07-04,2026-07-04,951.0
20260704,000000,11W,18,2026,7,4,0,15.700000000000001,140.6,94600.0,2026-07-04,2026-07-04,946.0
20260704,000000,11W,18,2026,7,4,0,15.9,139.1,94700.0,2026-07-04,2026-07-04,947.0
20260704,000000,11W,18,2026,7,4,0,16.5,137.6,94500.0,2026-07-04,2026-07-04,945.0
20260704,000000,11W,18,2026,7,4,0,16.8,135.9,94200.0,2026-07-04,2026-07-04,942.0
20260704,000000,11W,18,2026,7,4,0,17.3,134.2,93200.0,2026-07-04,2026-07-04,932.0
20260704,000000,11W,18,2026,7,4,0,17.7,132.8,92500.0,2026-07-04,2026-07-04,925.0
20260704,000000,11W,18,2026,7,4,0,18.1,131.4,91800.0,2026-07-04,2026-07-04,918.0
20260704,000000,11W,18,2026,7,4,0,18.3,130.0,90700.0,2026-07-04,2026-07-04,907.0
20260704,000000,11W,18,2026,7,4,0,18.6,128.9,91200.0,2026-07-04,2026-07-04,912.0
20260704,000000,11W,18,2026,7,4,0,19.0,127.60000000000001,90300.0,2026-07-04,2026-07-04,903.0
20260704,000000,11W,18,2026,7,4,0,19.5,126.9,90600.0,2026-07-04,2026-07-04,906.0
20260704,000000,11W,18,2026,7,4,0,20.3,126.10000000000001,90500.0,2026-07-04,2026-07-04,905.0
20260704,000000,11W,18,2026,7,4,0,21.1,125.10000000000001,90700.0,2026-07-04,2026-07-04,907.0
20260704,000000,11W,18,2026,7,4,0,22.0,124.3,89800.0,2026-07-04,2026-07-04,898.0
20260704,000000,11W,18,2026,7,4,0,23.5,123.5,90300.0,2026-07-04,2026-07-04,903.0
20260704,000000,11W,18,2026,7,4,0,24.900000000000002,122.2,92300.0,2026-07-04,2026-07-04,923.0
20260704,000000,11W,18,2026,7,4,0,25.400000000000002,120.8,93100.0,2026-07-04,2026-07-04,931.0
20260704,000000,11W,18,2026,7,4,0,26.3,119.9,93900.0,2026-07-04,2026-07-04,939.0
20260704,000000,11W,18,2026,7,4,0,27.6,118.7,96600.0,2026-07-04,2026-07-04,966.0
20260704,000000,11W,18,2026,7,4,0,28.900000000000002,117.4,97800.0,2026-07-04,2026-07-04,978.0
20260704,000000,11W,18,2026,7,4,0,30.0,116.5,98300.0,2026-07-04,2026-07-04,983.0
20260704,000000,11W,18,2026,7,4,0,31.7,116.0,98800.0,2026-07-04,2026-07-04,988.0
20260704,000000,11W,18,2026,7,4,0,32.1,114.4,98900.0,2026-07-04,2026-07-04,989.0
20260704,000000,11W,18,2026,7,4,0,32.3,113.60000000000001,99100.0,2026-07-04,2026-07-04,991.0
20260704,000000,11W,18,2026,7,4,0,32.9,113.10000000000001,99200.0,2026-07-04,2026-07-04,992.0
20260704,000000,11W,18,2026,7,4,0,33.9,113.10000000000001,99400.0,2026-07-04,2026-07-04,994.0
20260704,000000,11W,18,2026,7,4,0,34.800000000000004,112.9,99300.0,2026-07-04,2026-07-04,993.0
20260704,000000,11W,18,2026,7,4,0,35.0,112.7,99400.0,2026-07-04,2026-07-04,994.0
20260704,000000,11W,18,2026,7,4,0,35.9,114.3,99300.0,2026-07-04,2026-07-04,993.0
20260704,000000,11W,18,2026,7,4,0,38.300000000000004,115.3,99300.0,2026-07-04,2026-07-04,993.0
20260704,000000,11W,18,2026,7,4,0,38.6,118.3,99000.0,2026-07-04,2026-07-04,990.0
20260704,000000,11W,18,2026,7,4,0,39.6,122.5,98800.0,2026-07-04,2026-07-04,988.0
20260704,000000,11W,19,2026,7,4,0,12.4,151.3,95900.0,2026-07-04,2026-07-04,959.0
20260704,000000,11W,19,2026,7,4,0,12.8,150.8,95900.0,2026-07-04,2026-07-04,959.0
20260704,000000,11W,19,2026,7,4,0,13.200000000000001,149.8,94800.0,2026-07-04,2026-07-04,948.0
20260704,000000,11W,19,2026,7,4,0,13.3,148.8,93100.0,2026-07-04,2026-07-04,931.0
20260704,000000,11W,19,2026,7,4,0,13.700000000000001,147.8,92100.0,2026-07-04,2026-07-04,921.0
20260704,000000,11W,19,2026,7,4,0,14.0,146.5,92000.0,2026-07-04,2026-07-04,920.0
20260704,000000,11W,19,2026,7,4,0,14.3,145.1,92100.0,2026-07-04,2026-07-04,921.0
20260704,000000,11W,19,2026,7,4,0,14.700000000000001,144.0,92500.0,2026-07-04,2026-07-04,925.0
20260704,000000,11W,19,2026,7,4,0,15.1,142.4,92300.0,2026-07-04,2026-07-04,923.0
20260704,000000,11W,19,2026,7,4,0,15.3,140.8,92700.0,2026-07-04,2026-07-04,927.0
20260704,000000,11W,19,2026,7,4,0,15.5,139.1,93000.0,2026-07-04,2026-07-04,930.0
20260704,000000,11W,19,2026,7,4,0,15.5,137.3,93400.0,2026-07-04,2026-07-04,934.0
20260704,000000,11W,19,2026,7,4,0,15.700000000000001,135.9,92600.0,2026-07-04,2026-07-04,926.0
20260704,000000,11W,19,2026,7,4,0,15.9,134.1,92200.0,2026-07-04,2026-07-04,922.0
20260704,000000,11W,19,2026,7,4,0,15.9,132.6,92100.0,2026-07-04,2026-07-04,921.0
20260704,000000,11W,19,2026,7,4,0,16.3,131.4,92300.0,2026-07-04,2026-07-04,923.0
20260704,000000,11W,19,2026,7,4,0,16.8,130.2,91700.0,2026-07-04,2026-07-04,917.0
20260704,000000,11W,19,2026,7,4,0,17.3,128.8,92100.0,2026-07-04,2026-07-04,921.0
20260704,000000,11W,19,2026,7,4,0,18.0,127.7,92800.0,2026-07-04,2026-07-04,928.0
20260704,000000,11W,19,2026,7,4,0,18.8,126.7,93500.0,2026-07-04,2026-07-04,935.0
20260704,000000,11W,19,2026,7,4,0,19.7,125.4,93300.0,2026-07-04,2026-07-04,933.0
20260704,000000,11W,19,2026,7,4,0,20.7,124.3,93300.0,2026-07-04,2026-07-04,933.0
20260704,000000,11W,19,2026,7,4,0,21.6,123.3,93400.0,2026-07-04,2026-07-04,934.0
20260704,000000,11W,19,2026,7,4,0,22.900000000000002,122.60000000000001,93300.0,2026-07-04,2026-07-04,933.0
20260704,000000,11W,19,2026,7,4,0,24.2,120.7,95700.0,2026-07-04,2026-07-04,957.0
20260704,000000,11W,19,2026,7,4,0,25.3,120.2,96100.0,2026-07-04,2026-07-04,961.0
20260704,000000,11W,19,2026,7,4,0,26.8,119.0,97400.0,2026-07-04,2026-07-04,974.0
20260704,000000,11W,19,2026,7,4,0,28.3,117.9,98100.0,2026-07-04,2026-07-04,981.0
20260704,000000,11W,19,2026,7,4,0,29.5,116.7,98600.0,2026-07-04,2026-07-04,986.0
20260704,000000,11W,19,2026,7,4,0,30.5,115.10000000000001,99000.0,2026-07-04,2026-07-04,990.0
20260704,000000,11W,19,2026,7,4,0,32.4,114.7,99200.0,2026-07-04,2026-07-04,992.0
20260704,000000,11W,19,2026,7,4,0,32.6,113.9,99500.0,2026-07-04,2026-07-04,995.0
20260704,000000,11W,19,2026,7,4,0,32.7,113.2,99500.0,2026-07-04,2026-07-04,995.0
20260704,000000,11W,19,2026,7,4,0,32.5,112.0,99900.0,2026-07-04,2026-07-04,999.0
20260704,000000,11W,20,2026,7,4,0,12.6,152.0,97200.0,2026-07-04,2026-07-04,972.0
20260704,000000,11W,20,2026,7,4,0,12.700000000000001,151.3,97200.0,2026-07-04,2026-07-04,972.0
20260704,000000,11W,20,2026,7,4,0,12.9,150.8,96300.0,2026-07-04,2026-07-04,963.0
20260704,000000,11W,20,2026,7,4,0,13.3,149.9,95000.0,2026-07-04,2026-07-04,950.0
20260704,000000,11W,20,2026,7,4,0,14.0,149.4,94100.0,2026-07-04,2026-07-04,941.0
20260704,000000,11W,20,2026,7,4,0,14.700000000000001,148.6,94600.0,2026-07-04,2026-07-04,946.0
20260704,000000,11W,20,2026,7,4,0,15.3,147.5,94600.0,2026-07-04,2026-07-04,946.0
20260704,000000,11W,20,2026,7,4,0,15.6,146.5,94900.0,2026-07-04,2026-07-04,949.0
20260704,000000,11W,20,2026,7,4,0,16.2,145.0,94900.0,2026-07-04,2026-07-04,949.0
20260704,000000,11W,20,2026,7,4,0,16.5,143.6,94900.0,2026-07-04,2026-07-04,949.0
20260704,000000,11W,20,2026,7,4,0,16.9,142.3,94100.0,2026-07-04,2026-07-04,941.0
20260704,000000,11W,20,2026,7,4,0,17.2,140.9,93800.0,2026-07-04,2026-07-04,938.0
20260704,000000,11W,20,2026,7,4,0,17.6,139.9,93400.0,2026-07-04,2026-07-04,934.0
20260704,000000,11W,20,2026,7,4,0,17.8,138.3,92900.0,2026-07-04,2026-07-04,929.0
20260704,000000,11W,20,2026,7,4,0,18.400000000000002,137.0,92900.0,2026-07-04,2026-07-04,929.0
20260704,000000,11W,20,2026,7,4,0,18.900000000000002,135.9,92700.0,2026-07-04,2026-07-04,927.0
20260704,000000,11W,20,2026,7,4,0,19.5,134.6,92800.0,2026-07-04,2026-07-04,928.0
20260704,000000,11W,20,2026,7,4,0,19.900000000000002,133.3,93300.0,2026-07-04,2026-07-04,933.0
20260704,000000,11W,20,2026,7,4,0,20.0,131.7,93600.0,2026-07-04,2026-07-04,936.0
20260704,000000,11W,20,2026,7,4,0,20.8,130.9,94000.0,2026-07-04,2026-07-04,940.0
20260704,000000,11W,20,2026,7,4,0,21.400000000000002,129.8,94300.0,2026-07-04,2026-07-04,943.0
20260704,000000,11W,20,2026,7,4,0,21.5,128.7,94800.0,2026-07-04,2026-07-04,948.0
20260704,000000,11W,20,2026,7,4,0,22.1,127.4,95000.0,2026-07-04,2026-07-04,950.0
20260704,000000,11W,20,2026,7,4,0,22.400000000000002,126.7,95200.0,2026-07-04,2026-07-04,952.0
20260704,000000,11W,20,2026,7,4,0,23.400000000000002,125.5,95500.0,2026-07-04,2026-07-04,955.0
20260704,000000,11W,20,2026,7,4,0,24.400000000000002,124.8,96000.0,2026-07-04,2026-07-04,960.0
20260704,000000,11W,20,2026,7,4,0,25.400000000000002,122.9,96200.0,2026-07-04,2026-07-04,962.0
20260704,000000,11W,20,2026,7,4,0,26.1,121.9,96500.0,2026-07-04,2026-07-04,965.0
20260704,000000,11W,20,2026,7,4,0,27.5,120.60000000000001,96900.0,2026-07-04,2026-07-04,969.0
20260704,000000,11W,20,2026,7,4,0,28.6,118.5,97800.0,2026-07-04,2026-07-04,978.0
20260704,000000,11W,20,2026,7,4,0,28.900000000000002,117.2,98200.0,2026-07-04,2026-07-04,982.0
20260704,000000,11W,20,2026,7,4,0,30.3,116.9,98600.0,2026-07-04,2026-07-04,986.0
20260704,000000,11W,20,2026,7,4,0,31.0,114.8,98800.0,2026-07-04,2026-07-04,988.0
20260704,000000,11W,20,2026,7,4,0,31.0,114.4,99000.0,2026-07-04,2026-07-04,990.0
20260704,000000,11W,20,2026,7,4,0,32.3,113.8,99200.0,2026-07-04,2026-07-04,992.0
20260704,000000,11W,20,2026,7,4,0,32.7,112.9,99400.0,2026-07-04,2026-07-04,994.0
20260704,000000,11W,20,2026,7,4,0,33.7,113.60000000000001,99500.0,2026-07-04,2026-07-04,995.0
20260704,000000,11W,20,2026,7,4,0,33.7,112.7,99600.0,2026-07-04,2026-07-04,996.0
20260704,000000,11W,20,2026,7,4,0,34.4,112.4,99800.0,2026-07-04,2026-07-04,998.0
20260704,000000,11W,20,2026,7,4,0,34.6,109.8,99900.0,2026-07-04,2026-07-04,999.0
20260704,000000,11W,21,2026,7,4,0,12.4,151.1,97200.0,2026-07-04,2026-07-04,972.0
20260704,000000,11W,21,2026,7,4,0,12.6,150.6,97000.0,2026-07-04,2026-07-04,970.0
20260704,000000,11W,21,2026,7,4,0,12.700000000000001,149.70000000000002,96300.0,2026-07-04,2026-07-04,963.0
20260704,000000,11W,21,2026,7,4,0,12.700000000000001,148.9,96200.0,2026-07-04,2026-07-04,962.0
20260704,000000,11W,21,2026,7,4,0,13.0,148.20000000000002,95800.0,2026-07-04,2026-07-04,958.0
20260704,000000,11W,21,2026,7,4,0,13.3,147.3,95800.0,2026-07-04,2026-07-04,958.0
20260704,000000,11W,21,2026,7,4,0,13.5,146.4,95500.0,2026-07-04,2026-07-04,955.0
20260704,000000,11W,21,2026,7,4,0,13.8,145.5,95700.0,2026-07-04,2026-07-04,957.0
20260704,000000,11W,21,2026,7,4,0,14.200000000000001,144.70000000000002,95300.0,2026-07-04,2026-07-04,953.0
20260704,000000,11W,21,2026,7,4,0,14.700000000000001,143.5,95400.0,2026-07-04,2026-07-04,954.0
20260704,000000,11W,21,2026,7,4,0,15.1,142.1,95000.0,2026-07-04,2026-07-04,950.0
20260704,000000,11W,21,2026,7,4,0,15.5,140.5,95000.0,2026-07-04,2026-07-04,950.0
20260704,000000,11W,21,2026,7,4,0,15.700000000000001,139.1,94300.0,2026-07-04,2026-07-04,943.0
20260704,000000,11W,21,2026,7,4,0,16.1,137.8,94300.0,2026-07-04,2026-07-04,943.0
20260704,000000,11W,21,2026,7,4,0,16.4,136.3,94100.0,2026-07-04,2026-07-04,941.0
20260704,000000,11W,21,2026,7,4,0,16.7,134.9,94500.0,2026-07-04,2026-07-04,945.0
20260704,000000,11W,21,2026,7,4,0,17.2,133.5,94200.0,2026-07-04,2026-07-04,942.0
20260704,000000,11W,21,2026,7,4,0,17.400000000000002,132.1,94200.0,2026-07-04,2026-07-04,942.0
20260704,000000,11W,21,2026,7,4,0,17.8,130.9,94300.0,2026-07-04,2026-07-04,943.0
20260704,000000,11W,21,2026,7,4,0,18.1,129.7,94500.0,2026-07-04,2026-07-04,945.0
20260704,000000,11W,21,2026,7,4,0,18.7,128.6,94200.0,2026-07-04,2026-07-04,942.0
20260704,000000,11W,21,2026,7,4,0,19.1,127.5,94400.0,2026-07-04,2026-07-04,944.0
20260704,000000,11W,21,2026,7,4,0,19.7,126.5,94500.0,2026-07-04,2026-07-04,945.0
20260704,000000,11W,21,2026,7,4,0,20.5,125.7,94200.0,2026-07-04,2026-07-04,942.0
20260704,000000,11W,21,2026,7,4,0,21.6,124.7,94200.0,2026-07-04,2026-07-04,942.0
20260704,000000,11W,21,2026,7,4,0,22.7,123.60000000000001,94500.0,2026-07-04,2026-07-04,945.0
20260704,000000,11W,21,2026,7,4,0,23.8,122.4,94500.0,2026-07-04,2026-07-04,945.0
20260704,000000,11W,21,2026,7,4,0,24.400000000000002,120.5,95400.0,2026-07-04,2026-07-04,954.0
20260704,000000,11W,21,2026,7,4,0,25.0,119.60000000000001,95800.0,2026-07-04,2026-07-04,958.0
20260704,000000,11W,21,2026,7,4,0,25.8,117.9,97900.0,2026-07-04,2026-07-04,979.0
20260704,000000,11W,21,2026,7,4,0,26.2,116.2,98800.0,2026-07-04,2026-07-04,988.0
20260704,000000,11W,21,2026,7,4,0,27.3,115.4,99100.0,2026-07-04,2026-07-04,991.0
20260704,000000,11W,21,2026,7,4,0,27.8,115.10000000000001,99200.0,2026-07-04,2026-07-04,992.0
20260704,000000,11W,21,2026,7,4,0,28.6,113.0,99300.0,2026-07-04,2026-07-04,993.0
20260704,000000,11W,21,2026,7,4,0,28.8,112.0,99500.0,2026-07-04,2026-07-04,995.0
20260704,000000,11W,21,2026,7,4,0,28.3,111.3,99400.0,2026-07-04,2026-07-04,994.0
20260704,000000,11W,21,2026,7,4,0,28.7,111.3,99400.0,2026-07-04,2026-07-04,994.0
20260704,000000,11W,22,2026,7,4,0,12.3,151.0,95500.0,2026-07-04,2026-07-04,955.0
20260704,000000,11W,22,2026,7,4,0,12.5,150.4,94800.0,2026-07-04,2026-07-04,948.0
20260704,000000,11W,22,2026,7,4,0,12.9,149.70000000000002,93200.0,2026-07-04,2026-07-04,932.0
20260704,000000,11W,22,2026,7,4,0,13.1,148.8,92000.0,2026-07-04,2026-07-04,920.0
20260704,000000,11W,22,2026,7,4,0,13.6,147.8,90600.0,2026-07-04,2026-07-04,906.0
20260704,000000,11W,22,2026,7,4,0,13.9,146.8,90400.0,2026-07-04,2026-07-04,904.0
20260704,000000,11W,22,2026,7,4,0,14.3,145.8,89600.0,2026-07-04,2026-07-04,896.0
20260704,000000,11W,22,2026,7,4,0,14.700000000000001,144.6,90300.0,2026-07-04,2026-07-04,903.0
20260704,000000,11W,22,2026,7,4,0,15.200000000000001,143.20000000000002,90300.0,2026-07-04,2026-07-04,903.0
20260704,000000,11W,22,2026,7,4,0,15.5,141.6,90700.0,2026-07-04,2026-07-04,907.0
20260704,000000,11W,22,2026,7,4,0,15.700000000000001,140.20000000000002,92100.0,2026-07-04,2026-07-04,921.0
20260704,000000,11W,22,2026,7,4,0,15.700000000000001,138.6,92600.0,2026-07-04,2026-07-04,926.0
20260704,000000,11W,22,2026,7,4,0,15.6,137.3,92500.0,2026-07-04,2026-07-04,925.0
20260704,000000,11W,22,2026,7,4,0,15.700000000000001,136.3,93500.0,2026-07-04,2026-07-04,935.0
20260704,000000,11W,22,2026,7,4,0,15.9,135.1,93700.0,2026-07-04,2026-07-04,937.0
20260704,000000,11W,22,2026,7,4,0,16.2,134.2,93900.0,2026-07-04,2026-07-04,939.0
20260704,000000,11W,22,2026,7,4,0,16.5,133.3,94000.0,2026-07-04,2026-07-04,940.0
20260704,000000,11W,22,2026,7,4,0,17.1,132.6,94000.0,2026-07-04,2026-07-04,940.0
20260704,000000,11W,22,2026,7,4,0,18.0,131.9,93600.0,2026-07-04,2026-07-04,936.0
20260704,000000,11W,22,2026,7,4,0,19.1,131.0,93500.0,2026-07-04,2026-07-04,935.0
20260704,000000,11W,22,2026,7,4,0,20.2,129.8,92700.0,2026-07-04,2026-07-04,927.0
20260704,000000,11W,22,2026,7,4,0,21.2,128.7,92900.0,2026-07-04,2026-07-04,929.0
20260704,000000,11W,22,2026,7,4,0,22.2,127.5,93400.0,2026-07-04,2026-07-04,934.0
20260704,000000,11W,22,2026,7,4,0,23.3,126.8,93900.0,2026-07-04,2026-07-04,939.0
20260704,000000,11W,22,2026,7,4,0,24.5,125.9,93800.0,2026-07-04,2026-07-04,938.0
20260704,000000,11W,22,2026,7,4,0,25.7,125.2,94000.0,2026-07-04,2026-07-04,940.0
20260704,000000,11W,22,2026,7,4,0,27.0,124.3,94400.0,2026-07-04,2026-07-04,944.0
20260704,000000,11W,22,2026,7,4,0,28.6,123.9,94700.0,2026-07-04,2026-07-04,947.0
20260704,000000,11W,22,2026,7,4,0,30.2,123.2,94600.0,2026-07-04,2026-07-04,946.0
20260704,000000,11W,22,2026,7,4,0,31.400000000000002,122.8,95200.0,2026-07-04,2026-07-04,952.0
20260704,000000,11W,22,2026,7,4,0,32.4,122.4,96100.0,2026-07-04,2026-07-04,961.0
20260704,000000,11W,22,2026,7,4,0,33.2,122.0,96500.0,2026-07-04,2026-07-04,965.0
20260704,000000,11W,22,2026,7,4,0,34.0,122.0,96900.0,2026-07-04,2026-07-04,969.0
20260704,000000,11W,22,2026,7,4,0,34.9,122.3,97400.0,2026-07-04,2026-07-04,974.0
20260704,000000,11W,22,2026,7,4,0,35.7,122.10000000000001,97600.0,2026-07-04,2026-07-04,976.0
20260704,000000,11W,22,2026,7,4,0,36.300000000000004,122.4,97900.0,2026-07-04,2026-07-04,979.0
20260704,000000,11W,22,2026,7,4,0,37.2,123.0,98000.0,2026-07-04,2026-07-04,980.0
20260704,000000,11W,22,2026,7,4,0,38.0,123.8,98300.0,2026-07-04,2026-07-04,983.0
20260704,000000,11W,22,2026,7,4,0,39.1,124.5,98500.0,2026-07-04,2026-07-04,985.0
20260704,000000,11W,22,2026,7,4,0,40.0,125.8,99100.0,2026-07-04,2026-07-04,991.0
20260704,000000,11W,23,2026,7,4,0,12.1,151.3,94900.0,2026-07-04,2026-07-04,949.0
20260704,000000,11W,23,2026,7,4,0,12.4,150.9,94900.0,2026-07-04,2026-07-04,949.0
20260704,000000,11W,23,2026,7,4,0,12.3,150.1,94500.0,2026-07-04,2026-07-04,945.0
20260704,000000,11W,23,2026,7,4,0,12.3,150.0,93600.0,2026-07-04,2026-07-04,936.0
20260704,000000,11W,23,2026,7,4,0,12.6,149.4,93600.0,2026-07-04,2026-07-04,936.0
20260704,000000,11W,23,2026,7,4,0,12.9,148.6,94000.0,2026-07-04,2026-07-04,940.0
20260704,000000,11W,23,2026,7,4,0,13.3,148.0,93600.0,2026-07-04,2026-07-04,936.0
20260704,000000,11W,23,2026,7,4,0,13.700000000000001,147.0,93900.0,2026-07-04,2026-07-04,939.0
20260704,000000,11W,23,2026,7,4,0,14.200000000000001,146.4,93600.0,2026-07-04,2026-07-04,936.0
20260704,000000,11W,23,2026,7,4,0,14.6,144.9,94200.0,2026-07-04,2026-07-04,942.0
20260704,000000,11W,23,2026,7,4,0,15.0,143.70000000000002,93900.0,2026-07-04,2026-07-04,939.0
20260704,000000,11W,23,2026,7,4,0,15.200000000000001,142.3,94200.0,2026-07-04,2026-07-04,942.0
20260704,000000,11W,23,2026,7,4,0,15.5,141.1,93700.0,2026-07-04,2026-07-04,937.0
20260704,000000,11W,23,2026,7,4,0,15.9,140.1,93600.0,2026-07-04,2026-07-04,936.0
20260704,000000,11W,23,2026,7,4,0,16.2,138.8,93200.0,2026-07-04,2026-07-04,932.0
20260704,000000,11W,23,2026,7,4,0,16.6,137.8,93500.0,2026-07-04,2026-07-04,935.0
20260704,000000,11W,23,2026,7,4,0,17.2,136.2,93000.0,2026-07-04,2026-07-04,930.0
20260704,000000,11W,23,2026,7,4,0,17.8,135.4,92900.0,2026-07-04,2026-07-04,929.0
20260704,000000,11W,23,2026,7,4,0,18.1,133.9,92700.0,2026-07-04,2026-07-04,927.0
20260704,000000,11W,23,2026,7,4,0,18.6,132.9,92400.0,2026-07-04,2026-07-04,924.0
20260704,000000,11W,23,2026,7,4,0,19.2,131.3,91700.0,2026-07-04,2026-07-04,917.0
20260704,000000,11W,23,2026,7,4,0,19.5,130.2,91400.0,2026-07-04,2026-07-04,914.0
20260704,000000,11W,23,2026,7,4,0,20.2,129.1,91000.0,2026-07-04,2026-07-04,910.0
20260704,000000,11W,23,2026,7,4,0,20.8,128.6,91200.0,2026-07-04,2026-07-04,912.0
20260704,000000,11W,23,2026,7,4,0,21.6,127.4,91200.0,2026-07-04,2026-07-04,912.0
20260704,000000,11W,23,2026,7,4,0,22.400000000000002,126.4,91700.0,2026-07-04,2026-07-04,917.0
20260704,000000,11W,23,2026,7,4,0,23.3,125.5,92400.0,2026-07-04,2026-07-04,924.0
20260704,000000,11W,23,2026,7,4,0,24.7,124.7,93200.0,2026-07-04,2026-07-04,932.0
20260704,000000,11W,23,2026,7,4,0,25.900000000000002,123.10000000000001,93600.0,2026-07-04,2026-07-04,936.0
20260704,000000,11W,23,2026,7,4,0,26.7,122.2,94100.0,2026-07-04,2026-07-04,941.0
20260704,000000,11W,23,2026,7,4,0,27.8,121.0,94900.0,2026-07-04,2026-07-04,949.0
20260704,000000,11W,23,2026,7,4,0,28.8,119.7,96800.0,2026-07-04,2026-07-04,968.0
20260704,000000,11W,23,2026,7,4,0,29.7,118.2,97900.0,2026-07-04,2026-07-04,979.0
20260704,000000,11W,23,2026,7,4,0,30.2,116.7,98300.0,2026-07-04,2026-07-04,983.0
20260704,000000,11W,23,2026,7,4,0,31.0,114.8,98700.0,2026-07-04,2026-07-04,987.0
20260704,000000,11W,23,2026,7,4,0,31.3,114.3,98900.0,2026-07-04,2026-07-04,989.0
20260704,000000,11W,23,2026,7,4,0,31.7,113.2,99000.0,2026-07-04,2026-07-04,990.0
20260704,000000,11W,23,2026,7,4,0,31.6,113.2,99200.0,2026-07-04,2026-07-04,992.0
20260704,000000,11W,23,2026,7,4,0,32.1,112.0,99400.0,2026-07-04,2026-07-04,994.0
20260704,000000,11W,23,2026,7,4,0,32.4,111.7,99500.0,2026-07-04,2026-07-04,995.0
20260704,000000,11W,23,2026,7,4,0,34.6,110.8,99600.0,2026-07-04,2026-07-04,996.0
20260704,000000,11W,23,2026,7,4,0,34.6,109.7,99700.0,2026-07-04,2026-07-04,997.0
20260704,000000,11W,24,2026,7,4,0,12.5,150.6,95500.0,2026-07-04,2026-07-04,955.0
20260704,000000,11W,24,2026,7,4,0,12.6,150.1,95400.0,2026-07-04,2026-07-04,954.0
20260704,000000,11W,24,2026,7,4,0,12.8,149.4,94500.0,2026-07-04,2026-07-04,945.0
20260704,000000,11W,24,2026,7,4,0,13.0,148.6,93500.0,2026-07-04,2026-07-04,935.0
20260704,000000,11W,24,2026,7,4,0,13.5,148.0,93100.0,2026-07-04,2026-07-04,931.0
20260704,000000,11W,24,2026,7,4,0,14.0,147.20000000000002,93600.0,2026-07-04,2026-07-04,936.0
20260704,000000,11W,24,2026,7,4,0,14.4,146.3,94000.0,2026-07-04,2026-07-04,940.0
20260704,000000,11W,24,2026,7,4,0,15.200000000000001,145.1,94400.0,2026-07-04,2026-07-04,944.0
20260704,000000,11W,24,2026,7,4,0,15.700000000000001,143.8,94500.0,2026-07-04,2026-07-04,945.0
20260704,000000,11W,24,2026,7,4,0,16.2,142.20000000000002,94600.0,2026-07-04,2026-07-04,946.0
20260704,000000,11W,24,2026,7,4,0,16.4,140.6,93900.0,2026-07-04,2026-07-04,939.0
20260704,000000,11W,24,2026,7,4,0,16.4,139.20000000000002,93400.0,2026-07-04,2026-07-04,934.0
20260704,000000,11W,24,2026,7,4,0,16.5,137.6,92300.0,2026-07-04,2026-07-04,923.0
20260704,000000,11W,24,2026,7,4,0,16.8,136.6,92000.0,2026-07-04,2026-07-04,920.0
20260704,000000,11W,24,2026,7,4,0,17.0,135.2,91800.0,2026-07-04,2026-07-04,918.0
20260704,000000,11W,24,2026,7,4,0,17.5,134.1,91100.0,2026-07-04,2026-07-04,911.0
20260704,000000,11W,24,2026,7,4,0,18.0,132.8,91100.0,2026-07-04,2026-07-04,911.0
20260704,000000,11W,24,2026,7,4,0,18.6,131.6,91600.0,2026-07-04,2026-07-04,916.0
20260704,000000,11W,24,2026,7,4,0,19.3,130.2,91600.0,2026-07-04,2026-07-04,916.0
20260704,000000,11W,24,2026,7,4,0,19.900000000000002,129.0,91900.0,2026-07-04,2026-07-04,919.0
20260704,000000,11W,24,2026,7,4,0,20.6,127.8,92100.0,2026-07-04,2026-07-04,921.0
20260704,000000,11W,24,2026,7,4,0,21.3,127.0,91800.0,2026-07-04,2026-07-04,918.0
20260704,000000,11W,24,2026,7,4,0,22.5,126.10000000000001,92500.0,2026-07-04,2026-07-04,925.0
20260704,000000,11W,24,2026,7,4,0,23.1,125.3,92700.0,2026-07-04,2026-07-04,927.0
20260704,000000,11W,24,2026,7,4,0,24.2,124.3,92600.0,2026-07-04,2026-07-04,926.0
20260704,000000,11W,24,2026,7,4,0,25.400000000000002,123.4,93300.0,2026-07-04,2026-07-04,933.0
20260704,000000,11W,24,2026,7,4,0,26.7,122.7,93300.0,2026-07-04,2026-07-04,933.0
20260704,000000,11W,24,2026,7,4,0,28.1,121.60000000000001,93700.0,2026-07-04,2026-07-04,937.0
20260704,000000,11W,24,2026,7,4,0,29.7,121.10000000000001,94900.0,2026-07-04,2026-07-04,949.0
20260704,000000,11W,24,2026,7,4,0,30.900000000000002,120.3,96000.0,2026-07-04,2026-07-04,960.0
20260704,000000,11W,24,2026,7,4,0,32.0,119.5,96800.0,2026-07-04,2026-07-04,968.0
20260704,000000,11W,24,2026,7,4,0,33.2,119.4,97300.0,2026-07-04,2026-07-04,973.0
20260704,000000,11W,24,2026,7,4,0,33.9,119.3,97700.0,2026-07-04,2026-07-04,977.0
20260704,000000,11W,24,2026,7,4,0,34.6,119.8,98000.0,2026-07-04,2026-07-04,980.0
20260704,000000,11W,24,2026,7,4,0,35.6,119.9,98200.0,2026-07-04,2026-07-04,982.0
20260704,000000,11W,24,2026,7,4,0,36.300000000000004,120.7,98400.0,2026-07-04,2026-07-04,984.0
20260704,000000,11W,24,2026,7,4,0,37.0,121.10000000000001,98500.0,2026-07-04,2026-07-04,985.0
20260704,000000,11W,24,2026,7,4,0,37.5,122.3,98700.0,2026-07-04,2026-07-04,987.0
20260704,000000,11W,24,2026,7,4,0,38.1,122.5,98600.0,2026-07-04,2026-07-04,986.0
20260704,000000,11W,24,2026,7,4,0,37.800000000000004,124.0,98700.0,2026-07-04,2026-07-04,987.0
20260704,000000,11W,24,2026,7,4,0,38.4,125.5,98700.0,2026-07-04,2026-07-04,987.0
20260704,000000,11W,25,2026,7,4,0,12.1,151.9,95600.0,2026-07-04,2026-07-04,956.0
20260704,000000,11W,25,2026,7,4,0,12.5,151.4,95300.0,2026-07-04,2026-07-04,953.0
20260704,000000,11W,25,2026,7,4,0,12.6,150.8,94700.0,2026-07-04,2026-07-04,947.0
20260704,000000,11W,25,2026,7,4,0,12.9,150.3,94300.0,2026-07-04,2026-07-04,943.0
20260704,000000,11W,25,2026,7,4,0,13.5,149.5,93700.0,2026-07-04,2026-07-04,937.0
20260704,000000,11W,25,2026,7,4,0,14.0,148.70000000000002,94100.0,2026-07-04,2026-07-04,941.0
20260704,000000,11W,25,2026,7,4,0,14.700000000000001,147.70000000000002,94200.0,2026-07-04,2026-07-04,942.0
20260704,000000,11W,25,2026,7,4,0,15.0,146.5,94400.0,2026-07-04,2026-07-04,944.0
20260704,000000,11W,25,2026,7,4,0,15.5,145.4,93300.0,2026-07-04,2026-07-04,933.0
20260704,000000,11W,25,2026,7,4,0,16.1,143.9,92800.0,2026-07-04,2026-07-04,928.0
20260704,000000,11W,25,2026,7,4,0,16.2,142.3,92500.0,2026-07-04,2026-07-04,925.0
20260704,000000,11W,25,2026,7,4,0,16.4,140.8,92900.0,2026-07-04,2026-07-04,929.0
20260704,000000,11W,25,2026,7,4,0,16.7,139.20000000000002,93200.0,2026-07-04,2026-07-04,932.0
20260704,000000,11W,25,2026,7,4,0,16.6,137.9,93600.0,2026-07-04,2026-07-04,936.0
20260704,000000,11W,25,2026,7,4,0,17.0,136.8,93700.0,2026-07-04,2026-07-04,937.0
20260704,000000,11W,25,2026,7,4,0,17.3,135.2,94400.0,2026-07-04,2026-07-04,944.0
20260704,000000,11W,25,2026,7,4,0,17.3,134.2,94100.0,2026-07-04,2026-07-04,941.0
20260704,000000,11W,25,2026,7,4,0,17.1,133.3,94800.0,2026-07-04,2026-07-04,948.0
20260704,000000,11W,25,2026,7,4,0,17.8,132.6,94800.0,2026-07-04,2026-07-04,948.0
20260704,000000,11W,25,2026,7,4,0,18.5,132.3,95500.0,2026-07-04,2026-07-04,955.0
20260704,000000,11W,25,2026,7,4,0,19.1,131.8,95600.0,2026-07-04,2026-07-04,956.0
20260704,000000,11W,25,2026,7,4,0,20.1,130.9,96200.0,2026-07-04,2026-07-04,962.0
20260704,000000,11W,25,2026,7,4,0,20.400000000000002,130.1,96400.0,2026-07-04,2026-07-04,964.0
20260704,000000,11W,25,2026,7,4,0,21.0,130.2,96700.0,2026-07-04,2026-07-04,967.0
20260704,000000,11W,25,2026,7,4,0,22.5,130.3,96900.0,2026-07-04,2026-07-04,969.0
20260704,000000,11W,25,2026,7,4,0,24.6,126.9,97500.0,2026-07-04,2026-07-04,975.0
20260704,000000,11W,25,2026,7,4,0,24.900000000000002,127.10000000000001,97900.0,2026-07-04,2026-07-04,979.0
20260704,000000,11W,25,2026,7,4,0,26.6,127.60000000000001,98000.0,2026-07-04,2026-07-04,980.0
20260704,000000,11W,25,2026,7,4,0,28.2,127.10000000000001,98300.0,2026-07-04,2026-07-04,983.0
20260704,000000,11W,25,2026,7,4,0,29.1,126.7,98300.0,2026-07-04,2026-07-04,983.0
20260704,000000,11W,25,2026,7,4,0,31.3,126.2,98400.0,2026-07-04,2026-07-04,984.0
20260704,000000,11W,25,2026,7,4,0,32.6,125.8,98600.0,2026-07-04,2026-07-04,986.0
20260704,000000,11W,25,2026,7,4,0,33.7,125.4,98700.0,2026-07-04,2026-07-04,987.0
20260704,000000,11W,25,2026,7,4,0,34.6,124.5,98800.0,2026-07-04,2026-07-04,988.0
20260704,000000,11W,25,2026,7,4,0,34.0,123.9,98800.0,2026-07-04,2026-07-04,988.0
20260704,000000,11W,25,2026,7,4,0,33.4,124.60000000000001,99000.0,2026-07-04,2026-07-04,990.0
20260704,000000,11W,25,2026,7,4,0,34.4,125.8,99000.0,2026-07-04,2026-07-04,990.0
20260704,000000,11W,25,2026,7,4,0,35.0,126.2,99200.0,2026-07-04,2026-07-04,992.0
20260704,000000,11W,25,2026,7,4,0,35.4,126.4,99100.0,2026-07-04,2026-07-04,991.0
20260704,000000,11W,25,2026,7,4,0,36.1,124.9,99300.0,2026-07-04,2026-07-04,993.0
20260704,000000,11W,25,2026,7,4,0,35.9,124.5,99300.0,2026-07-04,2026-07-04,993.0
20260704,000000,11W,25,2026,7,4,0,35.300000000000004,123.8,99400.0,2026-07-04,2026-07-04,994.0
20260704,000000,11W,25,2026,7,4,0,33.8,124.8,99800.0,2026-07-04,2026-07-04,998.0
20260704,000000,11W,25,2026,7,4,0,34.0,125.0,99800.0,2026-07-04,2026-07-04,998.0
20260704,000000,11W,25,2026,7,4,0,34.4,125.0,99900.0,2026-07-04,2026-07-04,999.0
20260704,000000,11W,25,2026,7,4,0,33.4,124.4,100000.0,2026-07-04,2026-07-04,1000.0
20260704,000000,11W,25,2026,7,4,0,32.1,125.3,100000.0,2026-07-04,2026-07-04,1000.0
20260704,000000,11W,25,2026,7,4,0,32.4,124.8,100000.0,2026-07-04,2026-07-04,1000.0
20260704,000000,11W,25,2026,7,4,0,32.5,126.10000000000001,100000.0,2026-07-04,2026-07-04,1000.0
20260704,000000,11W,25,2026,7,4,0,33.6,126.5,100100.0,2026-07-04,2026-07-04,1001.0
20260704,000000,11W,25,2026,7,4,0,33.2,125.10000000000001,100000.0,2026-07-04,2026-07-04,1000.0
20260704,000000,11W,25,2026,7,4,0,33.4,124.9,100100.0,2026-07-04,2026-07-04,1001.0
20260704,000000,11W,25,2026,7,4,0,33.5,126.3,100200.0,2026-07-04,2026-07-04,1002.0
20260704,000000,11W,26,2026,7,4,0,12.5,150.8,96600.0,2026-07-04,2026-07-04,966.0
20260704,000000,11W,26,2026,7,4,0,12.700000000000001,150.20000000000002,96500.0,2026-07-04,2026-07-04,965.0
20260704,000000,11W,26,2026,7,4,0,12.8,149.4,96000.0,2026-07-04,2026-07-04,960.0
20260704,000000,11W,26,2026,7,4,0,13.1,148.5,95800.0,2026-07-04,2026-07-04,958.0
20260704,000000,11W,26,2026,7,4,0,13.4,147.70000000000002,95400.0,2026-07-04,2026-07-04,954.0
20260704,000000,11W,26,2026,7,4,0,13.9,146.6,95500.0,2026-07-04,2026-07-04,955.0
20260704,000000,11W,26,2026,7,4,0,14.3,145.4,95700.0,2026-07-04,2026-07-04,957.0
20260704,000000,11W,26,2026,7,4,0,14.5,144.1,96100.0,2026-07-04,2026-07-04,961.0
20260704,000000,11W,26,2026,7,4,0,14.6,142.8,95600.0,2026-07-04,2026-07-04,956.0
20260704,000000,11W,26,2026,7,4,0,14.700000000000001,141.8,95400.0,2026-07-04,2026-07-04,954.0
20260704,000000,11W,26,2026,7,4,0,15.0,140.5,95000.0,2026-07-04,2026-07-04,950.0
20260704,000000,11W,26,2026,7,4,0,15.200000000000001,139.20000000000002,94900.0,2026-07-04,2026-07-04,949.0
20260704,000000,11W,26,2026,7,4,0,15.5,137.8,94300.0,2026-07-04,2026-07-04,943.0
20260704,000000,11W,26,2026,7,4,0,15.700000000000001,136.4,94000.0,2026-07-04,2026-07-04,940.0
20260704,000000,11W,26,2026,7,4,0,16.0,135.0,93300.0,2026-07-04,2026-07-04,933.0
20260704,000000,11W,26,2026,7,4,0,16.4,133.5,92900.0,2026-07-04,2026-07-04,929.0
20260704,000000,11W,26,2026,7,4,0,16.6,131.9,91600.0,2026-07-04,2026-07-04,916.0
20260704,000000,11W,26,2026,7,4,0,16.9,130.5,92000.0,2026-07-04,2026-07-04,920.0
20260704,000000,11W,26,2026,7,4,0,17.0,129.3,91200.0,2026-07-04,2026-07-04,912.0
20260704,000000,11W,26,2026,7,4,0,17.3,128.2,89800.0,2026-07-04,2026-07-04,898.0
20260704,000000,11W,26,2026,7,4,0,17.8,127.60000000000001,88700.0,2026-07-04,2026-07-04,887.0
20260704,000000,11W,26,2026,7,4,0,18.5,126.7,89100.0,2026-07-04,2026-07-04,891.0
20260704,000000,11W,26,2026,7,4,0,19.2,125.8,89300.0,2026-07-04,2026-07-04,893.0
20260704,000000,11W,26,2026,7,4,0,19.900000000000002,125.10000000000001,89500.0,2026-07-04,2026-07-04,895.0
20260704,000000,11W,26,2026,7,4,0,20.7,124.3,88900.0,2026-07-04,2026-07-04,889.0
20260704,000000,11W,26,2026,7,4,0,21.5,123.60000000000001,90100.0,2026-07-04,2026-07-04,901.0
20260704,000000,11W,26,2026,7,4,0,22.3,122.60000000000001,89600.0,2026-07-04,2026-07-04,896.0
20260704,000000,11W,26,2026,7,4,0,23.5,121.5,92900.0,2026-07-04,2026-07-04,929.0
20260704,000000,11W,26,2026,7,4,0,24.0,119.8,95300.0,2026-07-04,2026-07-04,953.0
20260704,000000,11W,26,2026,7,4,0,25.0,119.10000000000001,96200.0,2026-07-04,2026-07-04,962.0
20260704,000000,11W,26,2026,7,4,0,25.900000000000002,117.9,97700.0,2026-07-04,2026-07-04,977.0
20260704,000000,11W,26,2026,7,4,0,27.3,116.9,98400.0,2026-07-04,2026-07-04,984.0
20260704,000000,11W,26,2026,7,4,0,28.2,115.8,98700.0,2026-07-04,2026-07-04,987.0
20260704,000000,11W,26,2026,7,4,0,28.8,115.4,99100.0,2026-07-04,2026-07-04,991.0
20260704,000000,11W,26,2026,7,4,0,29.900000000000002,114.10000000000001,99100.0,2026-07-04,2026-07-04,991.0
20260704,000000,11W,26,2026,7,4,0,29.900000000000002,114.10000000000001,99300.0,2026-07-04,2026-07-04,993.0
20260704,000000,11W,26,2026,7,4,0,30.6,114.0,99300.0,2026-07-04,2026-07-04,993.0
20260704,000000,11W,26,2026,7,4,0,31.1,113.8,99400.0,2026-07-04,2026-07-04,994.0
20260704,000000,11W,26,2026,7,4,0,31.5,113.7,99500.0,2026-07-04,2026-07-04,995.0
20260704,000000,11W,26,2026,7,4,0,31.400000000000002,114.4,99600.0,2026-07-04,2026-07-04,996.0
20260704,000000,11W,26,2026,7,4,0,32.0,114.10000000000001,99700.0,2026-07-04,2026-07-04,997.0
20260704,000000,11W,26,2026,7,4,0,32.0,114.0,99900.0,2026-07-04,2026-07-04,999.0
20260704,000000,11W,26,2026,7,4,0,32.2,113.9,99900.0,2026-07-04,2026-07-04,999.0
20260704,000000,11W,26,2026,7,4,0,33.9,116.3,100100.0,2026-07-04,2026-07-04,1001.0
20260704,000000,11W,26,2026,7,4,0,36.5,116.5,99700.0,2026-07-04,2026-07-04,997.0
20260704,000000,11W,26,2026,7,4,0,36.4,116.4,99500.0,2026-07-04,2026-07-04,995.0
20260704,000000,11W,26,2026,7,4,0,37.9,117.7,99500.0,2026-07-04,2026-07-04,995.0
20260704,000000,11W,26,2026,7,4,0,38.0,118.2,99100.0,2026-07-04,2026-07-04,991.0
20260704,000000,11W,26,2026,7,4,0,39.1,119.2,98900.0,2026-07-04,2026-07-04,989.0
20260704,000000,11W,26,2026,7,4,0,40.5,120.3,98900.0,2026-07-04,2026-07-04,989.0
20260704,000000,11W,26,2026,7,4,0,43.4,122.4,99000.0,2026-07-04,2026-07-04,990.0
20260704,000000,11W,26,2026,7,4,0,43.300000000000004,122.9,99000.0,2026-07-04,2026-07-04,990.0
20260704,000000,11W,26,2026,7,4,0,43.6,123.8,99300.0,2026-07-04,2026-07-04,993.0
20260704,000000,11W,26,2026,7,4,0,43.6,124.10000000000001,99700.0,2026-07-04,2026-07-04,997.0
20260704,000000,11W,26,2026,7,4,0,43.9,124.9,100000.0,2026-07-04,2026-07-04,1000.0
20260704,000000,11W,27,2026,7,4,0,12.200000000000001,151.9,98500.0,2026-07-04,2026-07-04,985.0
20260704,000000,11W,27,2026,7,4,0,12.6,151.6,98400.0,2026-07-04,2026-07-04,984.0
20260704,000000,11W,27,2026,7,4,0,13.200000000000001,150.4,97400.0,2026-07-04,2026-07-04,974.0
20260704,000000,11W,27,2026,7,4,0,13.6,150.0,96800.0,2026-07-04,2026-07-04,968.0
20260704,000000,11W,27,2026,7,4,0,13.5,148.8,95400.0,2026-07-04,2026-07-04,954.0
20260704,000000,11W,27,2026,7,4,0,13.8,147.5,95000.0,2026-07-04,2026-07-04,950.0
20260704,000000,11W,27,2026,7,4,0,14.0,146.4,94600.0,2026-07-04,2026-07-04,946.0
20260704,000000,11W,27,2026,7,4,0,14.3,145.6,94900.0,2026-07-04,2026-07-04,949.0
20260704,000000,11W,27,2026,7,4,0,14.9,144.9,95300.0,2026-07-04,2026-07-04,953.0
20260704,000000,11W,27,2026,7,4,0,15.5,143.70000000000002,95900.0,2026-07-04,2026-07-04,959.0
20260704,000000,11W,27,2026,7,4,0,16.2,142.3,95800.0,2026-07-04,2026-07-04,958.0
20260704,000000,11W,27,2026,7,4,0,15.9,141.6,96000.0,2026-07-04,2026-07-04,960.0
20260704,000000,11W,27,2026,7,4,0,17.0,140.1,95700.0,2026-07-04,2026-07-04,957.0
20260704,000000,11W,27,2026,7,4,0,17.3,138.8,95700.0,2026-07-04,2026-07-04,957.0
20260704,000000,11W,27,2026,7,4,0,17.8,137.5,95300.0,2026-07-04,2026-07-04,953.0
20260704,000000,11W,27,2026,7,4,0,19.0,136.1,95300.0,2026-07-04,2026-07-04,953.0
20260704,000000,11W,27,2026,7,4,0,19.1,134.6,95100.0,2026-07-04,2026-07-04,951.0
20260704,000000,11W,27,2026,7,4,0,19.0,133.4,95000.0,2026-07-04,2026-07-04,950.0
20260704,000000,11W,27,2026,7,4,0,20.0,132.0,94600.0,2026-07-04,2026-07-04,946.0
20260704,000000,11W,27,2026,7,4,0,21.0,131.0,94600.0,2026-07-04,2026-07-04,946.0
20260704,000000,11W,27,2026,7,4,0,21.6,130.0,94200.0,2026-07-04,2026-07-04,942.0
20260704,000000,11W,27,2026,7,4,0,22.7,128.7,93900.0,2026-07-04,2026-07-04,939.0
20260704,000000,11W,27,2026,7,4,0,23.6,128.1,94000.0,2026-07-04,2026-07-04,940.0
20260704,000000,11W,27,2026,7,4,0,25.3,127.5,94400.0,2026-07-04,2026-07-04,944.0
20260704,000000,11W,27,2026,7,4,0,26.8,126.8,94200.0,2026-07-04,2026-07-04,942.0
20260704,000000,11W,27,2026,7,4,0,28.2,126.3,94700.0,2026-07-04,2026-07-04,947.0
20260704,000000,11W,27,2026,7,4,0,30.1,125.5,95000.0,2026-07-04,2026-07-04,950.0
20260704,000000,11W,27,2026,7,4,0,31.2,125.10000000000001,95600.0,2026-07-04,2026-07-04,956.0
20260704,000000,11W,27,2026,7,4,0,32.7,125.10000000000001,96200.0,2026-07-04,2026-07-04,962.0
20260704,000000,11W,27,2026,7,4,0,33.9,125.4,96900.0,2026-07-04,2026-07-04,969.0
20260704,000000,11W,27,2026,7,4,0,34.4,125.7,97500.0,2026-07-04,2026-07-04,975.0
20260704,000000,11W,27,2026,7,4,0,35.0,126.9,98300.0,2026-07-04,2026-07-04,983.0
20260704,000000,11W,27,2026,7,4,0,35.300000000000004,128.4,98700.0,2026-07-04,2026-07-04,987.0
20260704,000000,11W,27,2026,7,4,0,35.800000000000004,129.7,99000.0,2026-07-04,2026-07-04,990.0
20260704,000000,11W,27,2026,7,4,0,35.7,129.6,99200.0,2026-07-04,2026-07-04,992.0
20260704,000000,11W,27,2026,7,4,0,35.0,129.9,99500.0,2026-07-04,2026-07-04,995.0
20260704,000000,11W,27,2026,7,4,0,34.6,130.0,99600.0,2026-07-04,2026-07-04,996.0
20260704,000000,11W,27,2026,7,4,0,33.8,129.7,99800.0,2026-07-04,2026-07-04,998.0
20260704,000000,11W,27,2026,7,4,0,32.9,130.3,99700.0,2026-07-04,2026-07-04,997.0
20260704,000000,11W,28,2026,7,4,0,12.700000000000001,151.5,96300.0,2026-07-04,2026-07-04,963.0
20260704,000000,11W,28,2026,7,4,0,13.0,150.8,95800.0,2026-07-04,2026-07-04,958.0
20260704,000000,11W,28,2026,7,4,0,13.3,149.9,95000.0,2026-07-04,2026-07-04,950.0
20260704,000000,11W,28,2026,7,4,0,13.5,149.1,94700.0,2026-07-04,2026-07-04,947.0
20260704,000000,11W,28,2026,7,4,0,13.8,148.0,94300.0,2026-07-04,2026-07-04,943.0
20260704,000000,11W,28,2026,7,4,0,14.1,147.0,94700.0,2026-07-04,2026-07-04,947.0
20260704,000000,11W,28,2026,7,4,0,14.4,146.1,94800.0,2026-07-04,2026-07-04,948.0
20260704,000000,11W,28,2026,7,4,0,14.700000000000001,144.9,95100.0,2026-07-04,2026-07-04,951.0
20260704,000000,11W,28,2026,7,4,0,15.1,143.6,94800.0,2026-07-04,2026-07-04,948.0
20260704,000000,11W,28,2026,7,4,0,15.4,142.3,94700.0,2026-07-04,2026-07-04,947.0
20260704,000000,11W,28,2026,7,4,0,15.5,140.9,94100.0,2026-07-04,2026-07-04,941.0
20260704,000000,11W,28,2026,7,4,0,15.700000000000001,139.70000000000002,93800.0,2026-07-04,2026-07-04,938.0
20260704,000000,11W,28,2026,7,4,0,16.1,138.20000000000002,92900.0,2026-07-04,2026-07-04,929.0
20260704,000000,11W,28,2026,7,4,0,16.4,136.70000000000002,92200.0,2026-07-04,2026-07-04,922.0
20260704,000000,11W,28,2026,7,4,0,16.6,135.2,91600.0,2026-07-04,2026-07-04,916.0
20260704,000000,11W,28,2026,7,4,0,17.1,133.7,92000.0,2026-07-04,2026-07-04,920.0
20260704,000000,11W,28,2026,7,4,0,17.400000000000002,132.2,91600.0,2026-07-04,2026-07-04,916.0
20260704,000000,11W,28,2026,7,4,0,17.8,130.8,91600.0,2026-07-04,2026-07-04,916.0
20260704,000000,11W,28,2026,7,4,0,18.1,129.3,91700.0,2026-07-04,2026-07-04,917.0
20260704,000000,11W,28,2026,7,4,0,18.5,128.5,91900.0,2026-07-04,2026-07-04,919.0
20260704,000000,11W,28,2026,7,4,0,19.0,127.5,91900.0,2026-07-04,2026-07-04,919.0
20260704,000000,11W,28,2026,7,4,0,19.7,126.60000000000001,92100.0,2026-07-04,2026-07-04,921.0
20260704,000000,11W,28,2026,7,4,0,20.5,125.8,92700.0,2026-07-04,2026-07-04,927.0
20260704,000000,11W,28,2026,7,4,0,21.3,125.10000000000001,92800.0,2026-07-04,2026-07-04,928.0
20260704,000000,11W,28,2026,7,4,0,22.400000000000002,124.5,92800.0,2026-07-04,2026-07-04,928.0
20260704,000000,11W,28,2026,7,4,0,23.5,123.5,93400.0,2026-07-04,2026-07-04,934.0
20260704,000000,11W,28,2026,7,4,0,24.0,122.3,94500.0,2026-07-04,2026-07-04,945.0
20260704,000000,11W,28,2026,7,4,0,25.3,121.7,95200.0,2026-07-04,2026-07-04,952.0
20260704,000000,11W,28,2026,7,4,0,26.3,120.7,95100.0,2026-07-04,2026-07-04,951.0
20260704,000000,11W,28,2026,7,4,0,26.900000000000002,120.10000000000001,95900.0,2026-07-04,2026-07-04,959.0
20260704,000000,11W,28,2026,7,4,0,28.400000000000002,119.7,96600.0,2026-07-04,2026-07-04,966.0
20260704,000000,11W,28,2026,7,4,0,29.900000000000002,119.3,97100.0,2026-07-04,2026-07-04,971.0
20260704,000000,11W,28,2026,7,4,0,31.1,119.10000000000001,97300.0,2026-07-04,2026-07-04,973.0
20260704,000000,11W,28,2026,7,4,0,32.3,119.2,97700.0,2026-07-04,2026-07-04,977.0
20260704,000000,11W,28,2026,7,4,0,33.2,118.7,97800.0,2026-07-04,2026-07-04,978.0
20260704,000000,11W,28,2026,7,4,0,33.2,119.3,98100.0,2026-07-04,2026-07-04,981.0
20260704,000000,11W,28,2026,7,4,0,34.5,119.8,98200.0,2026-07-04,2026-07-04,982.0
20260704,000000,11W,28,2026,7,4,0,34.4,120.0,98400.0,2026-07-04,2026-07-04,984.0
20260704,000000,11W,28,2026,7,4,0,35.300000000000004,121.2,98500.0,2026-07-04,2026-07-04,985.0
20260704,000000,11W,28,2026,7,4,0,36.0,122.3,98600.0,2026-07-04,2026-07-04,986.0
20260704,000000,11W,28,2026,7,4,0,36.800000000000004,123.60000000000001,98600.0,2026-07-04,2026-07-04,986.0
20260704,000000,11W,28,2026,7,4,0,37.4,124.9,98800.0,2026-07-04,2026-07-04,988.0
20260704,000000,11W,28,2026,7,4,0,37.9,126.3,98800.0,2026-07-04,2026-07-04,988.0
20260704,000000,11W,28,2026,7,4,0,38.6,128.4,98800.0,2026-07-04,2026-07-04,988.0
20260704,000000,11W,28,2026,7,4,0,39.4,130.0,98800.0,2026-07-04,2026-07-04,988.0
20260704,000000,11W,28,2026,7,4,0,40.2,130.5,98800.0,2026-07-04,2026-07-04,988.0
20260704,000000,11W,28,2026,7,4,0,40.6,130.5,98800.0,2026-07-04,2026-07-04,988.0
20260704,000000,11W,29,2026,7,4,0,12.4,150.4,96500.0,2026-07-04,2026-07-04,965.0
20260704,000000,11W,29,2026,7,4,0,12.4,150.0,96200.0,2026-07-04,2026-07-04,962.0
20260704,000000,11W,29,2026,7,4,0,12.6,149.4,95100.0,2026-07-04,2026-07-04,951.0
20260704,000000,11W,29,2026,7,4,0,12.8,148.6,94400.0,2026-07-04,2026-07-04,944.0
20260704,000000,11W,29,2026,7,4,0,13.3,147.8,93100.0,2026-07-04,2026-07-04,931.0
20260704,000000,11W,29,2026,7,4,0,13.8,146.9,92800.0,2026-07-04,2026-07-04,928.0
20260704,000000,11W,29,2026,7,4,0,14.3,145.8,93000.0,2026-07-04,2026-07-04,930.0
20260704,000000,11W,29,2026,7,4,0,14.5,144.6,93600.0,2026-07-04,2026-07-04,936.0
20260704,000000,11W,29,2026,7,4,0,15.0,143.20000000000002,93600.0,2026-07-04,2026-07-04,936.0
20260704,000000,11W,29,2026,7,4,0,15.4,142.0,93800.0,2026-07-04,2026-07-04,938.0
20260704,000000,11W,29,2026,7,4,0,15.700000000000001,140.4,93300.0,2026-07-04,2026-07-04,933.0
20260704,000000,11W,29,2026,7,4,0,15.9,138.8,92900.0,2026-07-04,2026-07-04,929.0
20260704,000000,11W,29,2026,7,4,0,16.3,137.3,92100.0,2026-07-04,2026-07-04,921.0
20260704,000000,11W,29,2026,7,4,0,16.6,135.7,92000.0,2026-07-04,2026-07-04,920.0
20260704,000000,11W,29,2026,7,4,0,16.9,134.0,91500.0,2026-07-04,2026-07-04,915.0
20260704,000000,11W,29,2026,7,4,0,17.0,132.7,91400.0,2026-07-04,2026-07-04,914.0
20260704,000000,11W,29,2026,7,4,0,17.1,131.4,90700.0,2026-07-04,2026-07-04,907.0
20260704,000000,11W,29,2026,7,4,0,17.3,130.1,90600.0,2026-07-04,2026-07-04,906.0
20260704,000000,11W,29,2026,7,4,0,17.8,129.1,90400.0,2026-07-04,2026-07-04,904.0
20260704,000000,11W,29,2026,7,4,0,18.1,128.3,90500.0,2026-07-04,2026-07-04,905.0
20260704,000000,11W,29,2026,7,4,0,18.8,127.4,90300.0,2026-07-04,2026-07-04,903.0
20260704,000000,11W,29,2026,7,4,0,19.5,126.60000000000001,90800.0,2026-07-04,2026-07-04,908.0
20260704,000000,11W,29,2026,7,4,0,20.400000000000002,126.0,91600.0,2026-07-04,2026-07-04,916.0
20260704,000000,11W,29,2026,7,4,0,21.400000000000002,125.2,92400.0,2026-07-04,2026-07-04,924.0
20260704,000000,11W,29,2026,7,4,0,22.6,124.5,92600.0,2026-07-04,2026-07-04,926.0
20260704,000000,11W,29,2026,7,4,0,23.7,123.7,93000.0,2026-07-04,2026-07-04,930.0
20260704,000000,11W,29,2026,7,4,0,24.8,122.9,93500.0,2026-07-04,2026-07-04,935.0
20260704,000000,11W,29,2026,7,4,0,25.8,122.4,93600.0,2026-07-04,2026-07-04,936.0
20260704,000000,11W,29,2026,7,4,0,26.8,121.4,93400.0,2026-07-04,2026-07-04,934.0
20260704,000000,11W,29,2026,7,4,0,27.8,120.8,94400.0,2026-07-04,2026-07-04,944.0
20260704,000000,11W,29,2026,7,4,0,28.400000000000002,119.9,95900.0,2026-07-04,2026-07-04,959.0
20260704,000000,11W,29,2026,7,4,0,29.6,120.2,96700.0,2026-07-04,2026-07-04,967.0
20260704,000000,11W,29,2026,7,4,0,30.6,120.0,97200.0,2026-07-04,2026-07-04,972.0
20260704,000000,11W,29,2026,7,4,0,31.5,120.0,97600.0,2026-07-04,2026-07-04,976.0
20260704,000000,11W,29,2026,7,4,0,32.8,119.7,97900.0,2026-07-04,2026-07-04,979.0
20260704,000000,11W,29,2026,7,4,0,33.7,119.7,98100.0,2026-07-04,2026-07-04,981.0
20260704,000000,11W,29,2026,7,4,0,34.6,119.9,98100.0,2026-07-04,2026-07-04,981.0
20260704,000000,11W,29,2026,7,4,0,35.5,120.10000000000001,98200.0,2026-07-04,2026-07-04,982.0
20260704,000000,11W,29,2026,7,4,0,36.5,121.0,98200.0,2026-07-04,2026-07-04,982.0
20260704,000000,11W,29,2026,7,4,0,37.9,122.0,98100.0,2026-07-04,2026-07-04,981.0
20260704,000000,11W,29,2026,7,4,0,39.4,121.8,98100.0,2026-07-04,2026-07-04,981.0
20260704,000000,11W,29,2026,7,4,0,41.1,122.4,98100.0,2026-07-04,2026-07-04,981.0
20260704,000000,11W,29,2026,7,4,0,42.9,123.0,97900.0,2026-07-04,2026-07-04,979.0
20260704,000000,11W,29,2026,7,4,0,44.7,124.10000000000001,97700.0,2026-07-04,2026-07-04,977.0
20260704,000000,11W,29,2026,7,4,0,46.7,125.10000000000001,97500.0,2026-07-04,2026-07-04,975.0
20260704,000000,11W,29,2026,7,4,0,48.4,124.9,97200.0,2026-07-04,2026-07-04,972.0
20260704,000000,11W,29,2026,7,4,0,49.7,125.2,97100.0,2026-07-04,2026-07-04,971.0
20260704,000000,11W,29,2026,7,4,0,51.1,125.4,97400.0,2026-07-04,2026-07-04,974.0
20260704,000000,11W,30,2026,7,4,0,12.4,151.0,96200.0,2026-07-04,2026-07-04,962.0
20260704,000000,11W,30,2026,7,4,0,12.6,150.6,96200.0,2026-07-04,2026-07-04,962.0
20260704,000000,11W,30,2026,7,4,0,13.1,149.8,95800.0,2026-07-04,2026-07-04,958.0
20260704,000000,11W,30,2026,7,4,0,13.3,148.8,95600.0,2026-07-04,2026-07-04,956.0
20260704,000000,11W,30,2026,7,4,0,13.3,147.70000000000002,95100.0,2026-07-04,2026-07-04,951.0
20260704,000000,11W,30,2026,7,4,0,13.6,146.70000000000002,95000.0,2026-07-04,2026-07-04,950.0
20260704,000000,11W,30,2026,7,4,0,13.700000000000001,145.5,94500.0,2026-07-04,2026-07-04,945.0
20260704,000000,11W,30,2026,7,4,0,14.200000000000001,144.3,94500.0,2026-07-04,2026-07-04,945.0
20260704,000000,11W,30,2026,7,4,0,14.3,143.20000000000002,93700.0,2026-07-04,2026-07-04,937.0
20260704,000000,11W,30,2026,7,4,0,14.9,141.8,93500.0,2026-07-04,2026-07-04,935.0
20260704,000000,11W,30,2026,7,4,0,14.9,140.3,93200.0,2026-07-04,2026-07-04,932.0
20260704,000000,11W,30,2026,7,4,0,15.200000000000001,138.8,93000.0,2026-07-04,2026-07-04,930.0
20260704,000000,11W,30,2026,7,4,0,15.5,137.1,92700.0,2026-07-04,2026-07-04,927.0
20260704,000000,11W,30,2026,7,4,0,15.6,135.7,92300.0,2026-07-04,2026-07-04,923.0
20260704,000000,11W,30,2026,7,4,0,16.0,134.2,92300.0,2026-07-04,2026-07-04,923.0
20260704,000000,11W,30,2026,7,4,0,16.2,132.8,92800.0,2026-07-04,2026-07-04,928.0
20260704,000000,11W,30,2026,7,4,0,16.6,131.4,92600.0,2026-07-04,2026-07-04,926.0
20260704,000000,11W,30,2026,7,4,0,16.9,130.2,92900.0,2026-07-04,2026-07-04,929.0
20260704,000000,11W,30,2026,7,4,0,17.3,129.1,93000.0,2026-07-04,2026-07-04,930.0
20260704,000000,11W,30,2026,7,4,0,17.8,128.0,93300.0,2026-07-04,2026-07-04,933.0
20260704,000000,11W,30,2026,7,4,0,18.400000000000002,127.10000000000001,93100.0,2026-07-04,2026-07-04,931.0
20260704,000000,11W,30,2026,7,4,0,19.1,126.3,93200.0,2026-07-04,2026-07-04,932.0
20260704,000000,11W,30,2026,7,4,0,20.1,125.3,93900.0,2026-07-04,2026-07-04,939.0
20260704,000000,11W,30,2026,7,4,0,21.1,124.4,94300.0,2026-07-04,2026-07-04,943.0
20260704,000000,11W,30,2026,7,4,0,22.3,123.3,94200.0,2026-07-04,2026-07-04,942.0
20260704,000000,11W,30,2026,7,4,0,23.3,122.3,94800.0,2026-07-04,2026-07-04,948.0
20260704,000000,11W,30,2026,7,4,0,22.8,121.10000000000001,95200.0,2026-07-04,2026-07-04,952.0
20260704,000000,11W,31,2026,7,4,0,12.6,150.8,92100.0,2026-07-04,2026-07-04,921.0
20260704,000000,11W,31,2026,7,4,0,12.6,150.1,92800.0,2026-07-04,2026-07-04,928.0
20260704,000000,11W,31,2026,7,4,0,12.8,149.6,92800.0,2026-07-04,2026-07-04,928.0
20260704,000000,11W,31,2026,7,4,0,13.1,148.70000000000002,92900.0,2026-07-04,2026-07-04,929.0
20260704,000000,11W,31,2026,7,4,0,13.5,148.0,93200.0,2026-07-04,2026-07-04,932.0
20260704,000000,11W,31,2026,7,4,0,13.700000000000001,147.0,94200.0,2026-07-04,2026-07-04,942.0
20260704,000000,11W,31,2026,7,4,0,14.1,145.9,94400.0,2026-07-04,2026-07-04,944.0
20260704,000000,11W,31,2026,7,4,0,14.3,144.8,94900.0,2026-07-04,2026-07-04,949.0
20260704,000000,11W,31,2026,7,4,0,14.5,143.6,94700.0,2026-07-04,2026-07-04,947.0
20260704,000000,11W,31,2026,7,4,0,14.8,142.3,95000.0,2026-07-04,2026-07-04,950.0
20260704,000000,11W,31,2026,7,4,0,15.0,140.9,94800.0,2026-07-04,2026-07-04,948.0
20260704,000000,11W,31,2026,7,4,0,15.1,139.5,94400.0,2026-07-04,2026-07-04,944.0
20260704,000000,11W,31,2026,7,4,0,15.5,138.1,93800.0,2026-07-04,2026-07-04,938.0
20260704,000000,11W,31,2026,7,4,0,15.6,136.6,93600.0,2026-07-04,2026-07-04,936.0
20260704,000000,11W,31,2026,7,4,0,16.0,135.3,93200.0,2026-07-04,2026-07-04,932.0
20260704,000000,11W,31,2026,7,4,0,16.4,133.8,93200.0,2026-07-04,2026-07-04,932.0
20260704,000000,11W,31,2026,7,4,0,17.0,132.3,92500.0,2026-07-04,2026-07-04,925.0
20260704,000000,11W,31,2026,7,4,0,17.1,130.9,92600.0,2026-07-04,2026-07-04,926.0
20260704,000000,11W,31,2026,7,4,0,17.6,129.7,92500.0,2026-07-04,2026-07-04,925.0
20260704,000000,11W,31,2026,7,4,0,18.0,128.7,92900.0,2026-07-04,2026-07-04,929.0
20260704,000000,11W,31,2026,7,4,0,18.5,127.7,92700.0,2026-07-04,2026-07-04,927.0
20260704,000000,11W,31,2026,7,4,0,19.2,126.7,92600.0,2026-07-04,2026-07-04,926.0
20260704,000000,11W,31,2026,7,4,0,19.8,126.0,92700.0,2026-07-04,2026-07-04,927.0
20260704,000000,11W,31,2026,7,4,0,20.7,125.4,92900.0,2026-07-04,2026-07-04,929.0
20260704,000000,11W,31,2026,7,4,0,21.6,124.7,93000.0,2026-07-04,2026-07-04,930.0
20260704,000000,11W,31,2026,7,4,0,22.900000000000002,124.0,93600.0,2026-07-04,2026-07-04,936.0
20260704,000000,11W,31,2026,7,4,0,24.5,122.9,94200.0,2026-07-04,2026-07-04,942.0
20260704,000000,11W,31,2026,7,4,0,25.1,121.2,94800.0,2026-07-04,2026-07-04,948.0
20260704,000000,11W,31,2026,7,4,0,26.2,120.7,95300.0,2026-07-04,2026-07-04,953.0
20260704,000000,11W,31,2026,7,4,0,27.400000000000002,119.8,96900.0,2026-07-04,2026-07-04,969.0
20260704,000000,11W,31,2026,7,4,0,28.900000000000002,118.8,97900.0,2026-07-04,2026-07-04,979.0
20260704,000000,11W,31,2026,7,4,0,29.7,118.3,98500.0,2026-07-04,2026-07-04,985.0
20260704,000000,11W,31,2026,7,4,0,31.0,117.7,98700.0,2026-07-04,2026-07-04,987.0
20260704,000000,11W,31,2026,7,4,0,31.3,117.0,98800.0,2026-07-04,2026-07-04,988.0
20260704,000000,11W,31,2026,7,4,0,32.5,116.5,98800.0,2026-07-04,2026-07-04,988.0
20260704,000000,11W,31,2026,7,4,0,33.0,116.60000000000001,98700.0,2026-07-04,2026-07-04,987.0
20260704,000000,11W,31,2026,7,4,0,33.4,116.9,98700.0,2026-07-04,2026-07-04,987.0
20260704,000000,11W,31,2026,7,4,0,33.8,116.60000000000001,98600.0,2026-07-04,2026-07-04,986.0
20260704,000000,11W,31,2026,7,4,0,33.4,117.10000000000001,98600.0,2026-07-04,2026-07-04,986.0
20260704,000000,11W,31,2026,7,4,0,34.0,119.2,98500.0,2026-07-04,2026-07-04,985.0
20260704,000000,11W,31,2026,7,4,0,36.800000000000004,120.3,98400.0,2026-07-04,2026-07-04,984.0
20260704,000000,11W,31,2026,7,4,0,37.7,120.10000000000001,98100.0,2026-07-04,2026-07-04,981.0
20260704,000000,11W,31,2026,7,4,0,38.5,120.4,97900.0,2026-07-04,2026-07-04,979.0
20260704,000000,11W,31,2026,7,4,0,38.7,119.9,97500.0,2026-07-04,2026-07-04,975.0
20260704,000000,11W,31,2026,7,4,0,38.9,120.10000000000001,97800.0,2026-07-04,2026-07-04,978.0
20260704,000000,11W,31,2026,7,4,0,39.800000000000004,119.9,98400.0,2026-07-04,2026-07-04,984.0
20260704,000000,11W,31,2026,7,4,0,40.0,120.10000000000001,99200.0,2026-07-04,2026-07-04,992.0
20260704,000000,11W,31,2026,7,4,0,40.1,119.9,99500.0,2026-07-04,2026-07-04,995.0
20260704,000000,11W,32,2026,7,4,0,12.8,150.8,96200.0,2026-07-04,2026-07-04,962.0
20260704,000000,11W,32,2026,7,4,0,13.1,150.1,95700.0,2026-07-04,2026-07-04,957.0
20260704,000000,11W,32,2026,7,4,0,13.3,149.20000000000002,95000.0,2026-07-04,2026-07-04,950.0
20260704,000000,11W,32,2026,7,4,0,13.700000000000001,148.20000000000002,94800.0,2026-07-04,2026-07-04,948.0
20260704,000000,11W,32,2026,7,4,0,14.0,147.3,93700.0,2026-07-04,2026-07-04,937.0
20260704,000000,11W,32,2026,7,4,0,14.5,146.1,93100.0,2026-07-04,2026-07-04,931.0
20260704,000000,11W,32,2026,7,4,0,14.700000000000001,144.9,92300.0,2026-07-04,2026-07-04,923.0
20260704,000000,11W,32,2026,7,4,0,14.9,143.5,92100.0,2026-07-04,2026-07-04,921.0
20260704,000000,11W,32,2026,7,4,0,15.4,142.20000000000002,91700.0,2026-07-04,2026-07-04,917.0
20260704,000000,11W,32,2026,7,4,0,15.700000000000001,140.6,92000.0,2026-07-04,2026-07-04,920.0
20260704,000000,11W,32,2026,7,4,0,15.9,139.1,91400.0,2026-07-04,2026-07-04,914.0
20260704,000000,11W,32,2026,7,4,0,16.2,137.6,91500.0,2026-07-04,2026-07-04,915.0
20260704,000000,11W,32,2026,7,4,0,16.5,136.1,91000.0,2026-07-04,2026-07-04,910.0
20260704,000000,11W,32,2026,7,4,0,16.8,134.6,89300.0,2026-07-04,2026-07-04,893.0
20260704,000000,11W,32,2026,7,4,0,17.1,133.3,89200.0,2026-07-04,2026-07-04,892.0
20260704,000000,11W,32,2026,7,4,0,17.400000000000002,131.9,89300.0,2026-07-04,2026-07-04,893.0
20260704,000000,11W,32,2026,7,4,0,17.8,130.6,88900.0,2026-07-04,2026-07-04,889.0
20260704,000000,11W,32,2026,7,4,0,18.3,129.4,88900.0,2026-07-04,2026-07-04,889.0
20260704,000000,11W,32,2026,7,4,0,18.8,128.1,89400.0,2026-07-04,2026-07-04,894.0
20260704,000000,11W,32,2026,7,4,0,19.5,127.2,89300.0,2026-07-04,2026-07-04,893.0
20260704,000000,11W,32,2026,7,4,0,20.400000000000002,126.10000000000001,89100.0,2026-07-04,2026-07-04,891.0
20260704,000000,11W,32,2026,7,4,0,21.1,125.10000000000001,89900.0,2026-07-04,2026-07-04,899.0
20260704,000000,11W,32,2026,7,4,0,22.1,124.0,90200.0,2026-07-04,2026-07-04,902.0
20260704,000000,11W,32,2026,7,4,0,23.5,123.10000000000001,90800.0,2026-07-04,2026-07-04,908.0
20260704,000000,11W,32,2026,7,4,0,24.7,121.10000000000001,93100.0,2026-07-04,2026-07-04,931.0
20260704,000000,11W,32,2026,7,4,0,25.2,120.4,94100.0,2026-07-04,2026-07-04,941.0
20260704,000000,11W,32,2026,7,4,0,26.1,119.2,95700.0,2026-07-04,2026-07-04,957.0
20260704,000000,11W,32,2026,7,4,0,27.6,118.0,97100.0,2026-07-04,2026-07-04,971.0
20260704,000000,11W,32,2026,7,4,0,28.900000000000002,117.10000000000001,97700.0,2026-07-04,2026-07-04,977.0
20260704,000000,11W,32,2026,7,4,0,29.900000000000002,116.60000000000001,98200.0,2026-07-04,2026-07-04,982.0
20260704,000000,11W,32,2026,7,4,0,31.400000000000002,116.2,98500.0,2026-07-04,2026-07-04,985.0
20260704,000000,11W,32,2026,7,4,0,32.3,115.3,98700.0,2026-07-04,2026-07-04,987.0
20260704,000000,11W,32,2026,7,4,0,32.1,115.0,98700.0,2026-07-04,2026-07-04,987.0
20260704,000000,11W,32,2026,7,4,0,32.7,115.5,99000.0,2026-07-04,2026-07-04,990.0
20260704,000000,11W,32,2026,7,4,0,33.7,115.8,98900.0,2026-07-04,2026-07-04,989.0
20260704,000000,11W,32,2026,7,4,0,34.6,116.60000000000001,98900.0,2026-07-04,2026-07-04,989.0
20260704,000000,11W,32,2026,7,4,0,35.5,117.60000000000001,98800.0,2026-07-04,2026-07-04,988.0
20260704,000000,11W,32,2026,7,4,0,36.800000000000004,119.3,98700.0,2026-07-04,2026-07-04,987.0
20260704,000000,11W,32,2026,7,4,0,39.2,121.5,98300.0,2026-07-04,2026-07-04,983.0
20260704,000000,11W,32,2026,7,4,0,41.800000000000004,124.3,98300.0,2026-07-04,2026-07-04,983.0
20260704,000000,11W,32,2026,7,4,0,43.7,127.4,98500.0,2026-07-04,2026-07-04,985.0
20260704,000000,11W,32,2026,7,4,0,46.0,130.2,98400.0,2026-07-04,2026-07-04,984.0
20260704,000000,11W,32,2026,7,4,0,47.1,132.1,98500.0,2026-07-04,2026-07-04,985.0
20260704,000000,11W,32,2026,7,4,0,48.6,134.1,98800.0,2026-07-04,2026-07-04,988.0
20260704,000000,11W,33,2026,7,4,0,12.6,151.4,97900.0,2026-07-04,2026-07-04,979.0
20260704,000000,11W,33,2026,7,4,0,12.8,150.5,98000.0,2026-07-04,2026-07-04,980.0
20260704,000000,11W,33,2026,7,4,0,12.8,149.70000000000002,97800.0,2026-07-04,2026-07-04,978.0
20260704,000000,11W,33,2026,7,4,0,12.9,149.0,97700.0,2026-07-04,2026-07-04,977.0
20260704,000000,11W,33,2026,7,4,0,13.3,148.3,97400.0,2026-07-04,2026-07-04,974.0
20260704,000000,11W,33,2026,7,4,0,13.8,147.3,97400.0,2026-07-04,2026-07-04,974.0
20260704,000000,11W,33,2026,7,4,0,14.1,146.20000000000002,97200.0,2026-07-04,2026-07-04,972.0
20260704,000000,11W,33,2026,7,4,0,14.5,145.0,97300.0,2026-07-04,2026-07-04,973.0
20260704,000000,11W,33,2026,7,4,0,14.700000000000001,143.8,97000.0,2026-07-04,2026-07-04,970.0
20260704,000000,11W,33,2026,7,4,0,15.0,142.5,97000.0,2026-07-04,2026-07-04,970.0
20260704,000000,11W,33,2026,7,4,0,15.3,141.3,96700.0,2026-07-04,2026-07-04,967.0
20260704,000000,11W,33,2026,7,4,0,15.5,139.8,96600.0,2026-07-04,2026-07-04,966.0
20260704,000000,11W,33,2026,7,4,0,15.5,138.3,96000.0,2026-07-04,2026-07-04,960.0
20260704,000000,11W,33,2026,7,4,0,15.700000000000001,137.3,95300.0,2026-07-04,2026-07-04,953.0
20260704,000000,11W,33,2026,7,4,0,16.2,135.8,94900.0,2026-07-04,2026-07-04,949.0
20260704,000000,11W,33,2026,7,4,0,16.5,134.8,94600.0,2026-07-04,2026-07-04,946.0
20260704,000000,11W,33,2026,7,4,0,17.1,133.3,94500.0,2026-07-04,2026-07-04,945.0
20260704,000000,11W,33,2026,7,4,0,17.400000000000002,132.4,94500.0,2026-07-04,2026-07-04,945.0
20260704,000000,11W,33,2026,7,4,0,17.400000000000002,130.9,94600.0,2026-07-04,2026-07-04,946.0
20260704,000000,11W,33,2026,7,4,0,18.1,130.2,94600.0,2026-07-04,2026-07-04,946.0
20260704,000000,11W,33,2026,7,4,0,18.400000000000002,129.7,94100.0,2026-07-04,2026-07-04,941.0
20260704,000000,11W,33,2026,7,4,0,19.1,128.9,94400.0,2026-07-04,2026-07-04,944.0
20260704,000000,11W,33,2026,7,4,0,20.5,128.5,94700.0,2026-07-04,2026-07-04,947.0
20260704,000000,11W,33,2026,7,4,0,21.400000000000002,127.9,95100.0,2026-07-04,2026-07-04,951.0
20260704,000000,11W,33,2026,7,4,0,23.1,127.0,95200.0,2026-07-04,2026-07-04,952.0
20260704,000000,11W,33,2026,7,4,0,24.2,126.0,95500.0,2026-07-04,2026-07-04,955.0
20260704,000000,11W,33,2026,7,4,0,25.900000000000002,125.2,95900.0,2026-07-04,2026-07-04,959.0
20260704,000000,11W,33,2026,7,4,0,26.900000000000002,124.2,96200.0,2026-07-04,2026-07-04,962.0
20260704,000000,11W,33,2026,7,4,0,28.5,123.60000000000001,96400.0,2026-07-04,2026-07-04,964.0
20260704,000000,11W,33,2026,7,4,0,29.3,122.60000000000001,96800.0,2026-07-04,2026-07-04,968.0
20260704,000000,11W,33,2026,7,4,0,30.8,122.4,97100.0,2026-07-04,2026-07-04,971.0
20260704,000000,11W,33,2026,7,4,0,32.1,121.5,97400.0,2026-07-04,2026-07-04,974.0
20260704,000000,11W,33,2026,7,4,0,32.7,121.0,97700.0,2026-07-04,2026-07-04,977.0
20260704,000000,11W,33,2026,7,4,0,33.7,120.9,97900.0,2026-07-04,2026-07-04,979.0
20260704,000000,11W,33,2026,7,4,0,34.4,120.2,98200.0,2026-07-04,2026-07-04,982.0
20260704,000000,11W,33,2026,7,4,0,34.7,120.5,98400.0,2026-07-04,2026-07-04,984.0
20260704,000000,11W,33,2026,7,4,0,35.5,120.7,98600.0,2026-07-04,2026-07-04,986.0
20260704,000000,11W,33,2026,7,4,0,36.300000000000004,120.8,99000.0,2026-07-04,2026-07-04,990.0
20260704,000000,11W,33,2026,7,4,0,37.0,120.7,99200.0,2026-07-04,2026-07-04,992.0
20260704,000000,11W,33,2026,7,4,0,37.9,121.2,99300.0,2026-07-04,2026-07-04,993.0
20260704,000000,11W,33,2026,7,4,0,38.2,121.8,99400.0,2026-07-04,2026-07-04,994.0
20260704,000000,11W,33,2026,7,4,0,38.2,122.5,99700.0,2026-07-04,2026-07-04,997.0
20260704,000000,11W,33,2026,7,4,0,38.1,123.2,99700.0,2026-07-04,2026-07-04,997.0
20260704,000000,11W,33,2026,7,4,0,37.9,124.0,100000.0,2026-07-04,2026-07-04,1000.0
20260704,000000,11W,33,2026,7,4,0,39.800000000000004,125.4,99900.0,2026-07-04,2026-07-04,999.0
20260704,000000,11W,34,2026,7,4,0,12.6,150.3,96600.0,2026-07-04,2026-07-04,966.0
20260704,000000,11W,34,2026,7,4,0,12.4,149.70000000000002,96100.0,2026-07-04,2026-07-04,961.0
20260704,000000,11W,34,2026,7,4,0,12.5,149.20000000000002,94800.0,2026-07-04,2026-07-04,948.0
20260704,000000,11W,34,2026,7,4,0,12.700000000000001,148.4,94000.0,2026-07-04,2026-07-04,940.0
20260704,000000,11W,34,2026,7,4,0,13.0,147.5,93300.0,2026-07-04,2026-07-04,933.0
20260704,000000,11W,34,2026,7,4,0,13.5,147.0,93700.0,2026-07-04,2026-07-04,937.0
20260704,000000,11W,34,2026,7,4,0,14.200000000000001,145.9,93400.0,2026-07-04,2026-07-04,934.0
20260704,000000,11W,34,2026,7,4,0,14.700000000000001,144.6,93400.0,2026-07-04,2026-07-04,934.0
20260704,000000,11W,34,2026,7,4,0,15.3,143.3,92600.0,2026-07-04,2026-07-04,926.0
20260704,000000,11W,34,2026,7,4,0,15.5,141.8,92400.0,2026-07-04,2026-07-04,924.0
20260704,000000,11W,34,2026,7,4,0,15.9,140.4,92100.0,2026-07-04,2026-07-04,921.0
20260704,000000,11W,34,2026,7,4,0,16.2,139.0,92100.0,2026-07-04,2026-07-04,921.0
20260704,000000,11W,34,2026,7,4,0,16.6,137.4,92000.0,2026-07-04,2026-07-04,920.0
20260704,000000,11W,34,2026,7,4,0,17.0,135.8,92300.0,2026-07-04,2026-07-04,923.0
20260704,000000,11W,34,2026,7,4,0,17.2,134.3,92600.0,2026-07-04,2026-07-04,926.0
20260704,000000,11W,34,2026,7,4,0,17.6,133.1,93100.0,2026-07-04,2026-07-04,931.0
20260704,000000,11W,34,2026,7,4,0,18.0,131.8,92600.0,2026-07-04,2026-07-04,926.0
20260704,000000,11W,34,2026,7,4,0,18.5,130.6,92700.0,2026-07-04,2026-07-04,927.0
20260704,000000,11W,34,2026,7,4,0,18.6,129.5,92900.0,2026-07-04,2026-07-04,929.0
20260704,000000,11W,34,2026,7,4,0,19.3,128.7,93100.0,2026-07-04,2026-07-04,931.0
20260704,000000,11W,34,2026,7,4,0,20.2,127.4,93200.0,2026-07-04,2026-07-04,932.0
20260704,000000,11W,34,2026,7,4,0,20.8,126.7,93400.0,2026-07-04,2026-07-04,934.0
20260704,000000,11W,34,2026,7,4,0,22.1,125.10000000000001,93500.0,2026-07-04,2026-07-04,935.0
20260704,000000,11W,34,2026,7,4,0,23.3,124.10000000000001,93700.0,2026-07-04,2026-07-04,937.0
20260704,000000,11W,34,2026,7,4,0,24.6,123.2,94000.0,2026-07-04,2026-07-04,940.0
20260704,000000,11W,34,2026,7,4,0,25.2,121.7,94500.0,2026-07-04,2026-07-04,945.0
20260704,000000,11W,34,2026,7,4,0,26.1,120.9,94700.0,2026-07-04,2026-07-04,947.0
20260704,000000,11W,34,2026,7,4,0,27.5,120.0,96100.0,2026-07-04,2026-07-04,961.0
20260704,000000,11W,34,2026,7,4,0,28.900000000000002,118.9,97500.0,2026-07-04,2026-07-04,975.0
20260704,000000,11W,34,2026,7,4,0,30.3,118.10000000000001,98400.0,2026-07-04,2026-07-04,984.0
20260704,000000,11W,34,2026,7,4,0,31.5,117.2,98600.0,2026-07-04,2026-07-04,986.0
20260704,000000,11W,34,2026,7,4,0,31.900000000000002,116.7,98900.0,2026-07-04,2026-07-04,989.0
20260704,000000,11W,34,2026,7,4,0,32.3,117.3,98800.0,2026-07-04,2026-07-04,988.0
20260704,000000,11W,34,2026,7,4,0,33.3,117.9,99000.0,2026-07-04,2026-07-04,990.0
20260704,000000,11W,34,2026,7,4,0,34.4,118.60000000000001,99000.0,2026-07-04,2026-07-04,990.0
20260704,000000,11W,34,2026,7,4,0,35.6,119.60000000000001,98800.0,2026-07-04,2026-07-04,988.0
20260704,000000,11W,34,2026,7,4,0,37.300000000000004,120.0,98500.0,2026-07-04,2026-07-04,985.0
20260704,000000,11W,34,2026,7,4,0,38.4,122.4,98500.0,2026-07-04,2026-07-04,985.0
20260704,000000,11W,34,2026,7,4,0,40.5,125.2,98300.0,2026-07-04,2026-07-04,983.0
20260704,000000,11W,34,2026,7,4,0,44.1,129.4,98100.0,2026-07-04,2026-07-04,981.0
20260704,000000,11W,35,2026,7,4,0,12.4,150.9,96400.0,2026-07-04,2026-07-04,964.0
20260704,000000,11W,35,2026,7,4,0,12.5,150.3,96400.0,2026-07-04,2026-07-04,964.0
20260704,000000,11W,35,2026,7,4,0,12.6,149.6,95900.0,2026-07-04,2026-07-04,959.0
20260704,000000,11W,35,2026,7,4,0,12.8,149.0,95200.0,2026-07-04,2026-07-04,952.0
20260704,000000,11W,35,2026,7,4,0,12.9,148.0,94600.0,2026-07-04,2026-07-04,946.0
20260704,000000,11W,35,2026,7,4,0,13.3,147.3,94500.0,2026-07-04,2026-07-04,945.0
20260704,000000,11W,35,2026,7,4,0,13.6,146.4,94500.0,2026-07-04,2026-07-04,945.0
20260704,000000,11W,35,2026,7,4,0,14.0,145.20000000000002,94600.0,2026-07-04,2026-07-04,946.0
20260704,000000,11W,35,2026,7,4,0,14.5,143.9,94400.0,2026-07-04,2026-07-04,944.0
20260704,000000,11W,35,2026,7,4,0,14.6,142.3,93900.0,2026-07-04,2026-07-04,939.0
20260704,000000,11W,35,2026,7,4,0,14.700000000000001,141.1,94200.0,2026-07-04,2026-07-04,942.0
20260704,000000,11W,35,2026,7,4,0,15.0,139.70000000000002,94600.0,2026-07-04,2026-07-04,946.0
20260704,000000,11W,35,2026,7,4,0,15.5,138.3,94600.0,2026-07-04,2026-07-04,946.0
20260704,000000,11W,35,2026,7,4,0,15.700000000000001,137.1,94800.0,2026-07-04,2026-07-04,948.0
20260704,000000,11W,35,2026,7,4,0,15.8,135.9,94700.0,2026-07-04,2026-07-04,947.0
20260704,000000,11W,35,2026,7,4,0,16.2,134.8,94500.0,2026-07-04,2026-07-04,945.0
20260704,000000,11W,35,2026,7,4,0,17.0,134.2,94600.0,2026-07-04,2026-07-04,946.0
20260704,000000,11W,35,2026,7,4,0,17.6,133.3,95000.0,2026-07-04,2026-07-04,950.0
20260704,000000,11W,35,2026,7,4,0,18.6,132.7,95100.0,2026-07-04,2026-07-04,951.0
20260704,000000,11W,35,2026,7,4,0,19.3,131.8,95200.0,2026-07-04,2026-07-04,952.0
20260704,000000,11W,35,2026,7,4,0,20.2,131.1,94900.0,2026-07-04,2026-07-04,949.0
20260704,000000,11W,35,2026,7,4,0,21.3,130.0,94800.0,2026-07-04,2026-07-04,948.0
20260704,000000,11W,35,2026,7,4,0,22.5,129.8,94400.0,2026-07-04,2026-07-04,944.0
20260704,000000,11W,35,2026,7,4,0,23.400000000000002,128.8,94500.0,2026-07-04,2026-07-04,945.0
20260704,000000,11W,35,2026,7,4,0,24.400000000000002,127.8,94500.0,2026-07-04,2026-07-04,945.0
20260704,000000,11W,35,2026,7,4,0,25.7,127.5,94700.0,2026-07-04,2026-07-04,947.0
20260704,000000,11W,35,2026,7,4,0,26.6,126.4,94600.0,2026-07-04,2026-07-04,946.0
20260704,000000,11W,35,2026,7,4,0,27.900000000000002,126.3,94700.0,2026-07-04,2026-07-04,947.0
20260704,000000,11W,35,2026,7,4,0,29.7,125.4,95100.0,2026-07-04,2026-07-04,951.0
20260704,000000,11W,35,2026,7,4,0,31.2,125.8,95500.0,2026-07-04,2026-07-04,955.0
20260704,000000,11W,35,2026,7,4,0,32.3,125.60000000000001,96200.0,2026-07-04,2026-07-04,962.0
20260704,000000,11W,35,2026,7,4,0,33.7,126.5,96900.0,2026-07-04,2026-07-04,969.0
20260704,000000,11W,35,2026,7,4,0,34.5,126.10000000000001,97400.0,2026-07-04,2026-07-04,974.0
20260704,000000,11W,35,2026,7,4,0,34.9,126.7,98000.0,2026-07-04,2026-07-04,980.0
20260704,000000,11W,35,2026,7,4,0,35.9,127.0,98400.0,2026-07-04,2026-07-04,984.0
20260704,000000,11W,35,2026,7,4,0,36.5,128.2,98700.0,2026-07-04,2026-07-04,987.0
20260704,000000,11W,35,2026,7,4,0,36.800000000000004,129.5,98800.0,2026-07-04,2026-07-04,988.0
20260704,000000,11W,35,2026,7,4,0,37.7,130.2,99100.0,2026-07-04,2026-07-04,991.0
20260704,000000,11W,35,2026,7,4,0,38.2,130.9,99000.0,2026-07-04,2026-07-04,990.0
20260704,000000,11W,35,2026,7,4,0,39.5,132.1,99100.0,2026-07-04,2026-07-04,991.0
20260704,000000,11W,35,2026,7,4,0,39.9,132.6,99100.0,2026-07-04,2026-07-04,991.0
20260704,000000,11W,35,2026,7,4,0,40.1,134.6,99200.0,2026-07-04,2026-07-04,992.0
20260704,000000,11W,35,2026,7,4,0,40.7,136.4,99100.0,2026-07-04,2026-07-04,991.0
20260704,000000,11W,35,2026,7,4,0,41.5,138.5,99200.0,2026-07-04,2026-07-04,992.0
20260704,000000,11W,36,2026,7,4,0,12.4,151.20000000000002,95300.0,2026-07-04,2026-07-04,953.0
20260704,000000,11W,36,2026,7,4,0,12.6,150.8,95100.0,2026-07-04,2026-07-04,951.0
20260704,000000,11W,36,2026,7,4,0,12.8,149.9,94900.0,2026-07-04,2026-07-04,949.0
20260704,000000,11W,36,2026,7,4,0,13.1,149.20000000000002,95200.0,2026-07-04,2026-07-04,952.0
20260704,000000,11W,36,2026,7,4,0,13.4,148.3,95200.0,2026-07-04,2026-07-04,952.0
20260704,000000,11W,36,2026,7,4,0,13.8,147.20000000000002,95200.0,2026-07-04,2026-07-04,952.0
20260704,000000,11W,36,2026,7,4,0,14.0,146.20000000000002,94200.0,2026-07-04,2026-07-04,942.0
20260704,000000,11W,36,2026,7,4,0,14.4,145.1,93700.0,2026-07-04,2026-07-04,937.0
20260704,000000,11W,36,2026,7,4,0,14.8,144.20000000000002,93600.0,2026-07-04,2026-07-04,936.0
20260704,000000,11W,36,2026,7,4,0,15.200000000000001,143.1,92700.0,2026-07-04,2026-07-04,927.0
20260704,000000,11W,36,2026,7,4,0,15.700000000000001,141.6,92200.0,2026-07-04,2026-07-04,922.0
20260704,000000,11W,36,2026,7,4,0,16.0,140.20000000000002,92700.0,2026-07-04,2026-07-04,927.0
20260704,000000,11W,36,2026,7,4,0,16.2,138.6,91500.0,2026-07-04,2026-07-04,915.0
20260704,000000,11W,36,2026,7,4,0,16.5,137.20000000000002,91000.0,2026-07-04,2026-07-04,910.0
20260704,000000,11W,36,2026,7,4,0,16.9,135.4,90900.0,2026-07-04,2026-07-04,909.0
20260704,000000,11W,36,2026,7,4,0,17.3,134.2,91300.0,2026-07-04,2026-07-04,913.0
20260704,000000,11W,36,2026,7,4,0,17.6,132.8,90500.0,2026-07-04,2026-07-04,905.0
20260704,000000,11W,36,2026,7,4,0,17.8,131.6,90800.0,2026-07-04,2026-07-04,908.0
20260704,000000,11W,36,2026,7,4,0,18.5,130.3,91500.0,2026-07-04,2026-07-04,915.0
20260704,000000,11W,36,2026,7,4,0,19.2,129.3,91800.0,2026-07-04,2026-07-04,918.0
20260704,000000,11W,36,2026,7,4,0,19.8,128.3,92000.0,2026-07-04,2026-07-04,920.0
20260704,000000,11W,36,2026,7,4,0,20.8,127.2,92200.0,2026-07-04,2026-07-04,922.0
20260704,000000,11W,36,2026,7,4,0,21.7,126.2,92400.0,2026-07-04,2026-07-04,924.0
20260704,000000,11W,36,2026,7,4,0,22.6,125.3,92600.0,2026-07-04,2026-07-04,926.0
20260704,000000,11W,36,2026,7,4,0,23.900000000000002,124.60000000000001,92800.0,2026-07-04,2026-07-04,928.0
20260704,000000,11W,36,2026,7,4,0,25.3,123.60000000000001,93100.0,2026-07-04,2026-07-04,931.0
20260704,000000,11W,36,2026,7,4,0,26.6,122.9,93500.0,2026-07-04,2026-07-04,935.0
20260704,000000,11W,36,2026,7,4,0,28.0,122.2,93700.0,2026-07-04,2026-07-04,937.0
20260704,000000,11W,36,2026,7,4,0,29.3,121.60000000000001,94100.0,2026-07-04,2026-07-04,941.0
20260704,000000,11W,36,2026,7,4,0,30.400000000000002,121.10000000000001,94700.0,2026-07-04,2026-07-04,947.0
20260704,000000,11W,36,2026,7,4,0,31.3,120.7,95600.0,2026-07-04,2026-07-04,956.0
20260704,000000,11W,36,2026,7,4,0,32.2,120.5,96300.0,2026-07-04,2026-07-04,963.0
20260704,000000,11W,36,2026,7,4,0,33.0,120.2,96800.0,2026-07-04,2026-07-04,968.0
20260704,000000,11W,36,2026,7,4,0,33.2,120.0,97300.0,2026-07-04,2026-07-04,973.0
20260704,000000,11W,36,2026,7,4,0,33.5,120.0,97700.0,2026-07-04,2026-07-04,977.0
20260704,000000,11W,36,2026,7,4,0,34.0,120.3,98000.0,2026-07-04,2026-07-04,980.0
20260704,000000,11W,36,2026,7,4,0,34.4,120.60000000000001,98200.0,2026-07-04,2026-07-04,982.0
20260704,000000,11W,36,2026,7,4,0,34.7,120.7,98500.0,2026-07-04,2026-07-04,985.0
20260704,000000,11W,36,2026,7,4,0,35.1,121.0,98600.0,2026-07-04,2026-07-04,986.0
20260704,000000,11W,36,2026,7,4,0,35.6,121.60000000000001,98900.0,2026-07-04,2026-07-04,989.0
20260704,000000,11W,36,2026,7,4,0,36.300000000000004,122.2,98900.0,2026-07-04,2026-07-04,989.0
20260704,000000,11W,36,2026,7,4,0,37.2,122.8,99200.0,2026-07-04,2026-07-04,992.0
20260704,000000,11W,36,2026,7,4,0,38.4,123.3,99100.0,2026-07-04,2026-07-04,991.0
20260704,000000,11W,36,2026,7,4,0,38.800000000000004,124.10000000000001,99300.0,2026-07-04,2026-07-04,993.0
20260704,000000,11W,36,2026,7,4,0,39.6,125.7,99300.0,2026-07-04,2026-07-04,993.0
20260704,000000,11W,36,2026,7,4,0,39.800000000000004,130.2,99400.0,2026-07-04,2026-07-04,994.0
20260704,000000,11W,36,2026,7,4,0,39.7,130.9,99600.0,2026-07-04,2026-07-04,996.0
20260704,000000,11W,37,2026,7,4,0,12.6,151.1,97200.0,2026-07-04,2026-07-04,972.0
20260704,000000,11W,37,2026,7,4,0,13.0,150.4,97300.0,2026-07-04,2026-07-04,973.0
20260704,000000,11W,37,2026,7,4,0,13.1,149.4,96700.0,2026-07-04,2026-07-04,967.0
20260704,000000,11W,37,2026,7,4,0,13.4,148.5,96000.0,2026-07-04,2026-07-04,960.0
20260704,000000,11W,37,2026,7,4,0,13.4,147.8,95000.0,2026-07-04,2026-07-04,950.0
20260704,000000,11W,37,2026,7,4,0,13.700000000000001,146.8,94900.0,2026-07-04,2026-07-04,949.0
20260704,000000,11W,37,2026,7,4,0,13.9,145.8,94700.0,2026-07-04,2026-07-04,947.0
20260704,000000,11W,37,2026,7,4,0,14.200000000000001,144.6,94700.0,2026-07-04,2026-07-04,947.0
20260704,000000,11W,37,2026,7,4,0,14.5,143.70000000000002,94100.0,2026-07-04,2026-07-04,941.0
20260704,000000,11W,37,2026,7,4,0,14.5,142.8,93700.0,2026-07-04,2026-07-04,937.0
20260704,000000,11W,37,2026,7,4,0,15.0,141.4,93300.0,2026-07-04,2026-07-04,933.0
20260704,000000,11W,37,2026,7,4,0,14.8,140.4,93100.0,2026-07-04,2026-07-04,931.0
20260704,000000,11W,37,2026,7,4,0,15.0,139.4,92300.0,2026-07-04,2026-07-04,923.0
20260704,000000,11W,37,2026,7,4,0,15.5,138.20000000000002,92400.0,2026-07-04,2026-07-04,924.0
20260704,000000,11W,37,2026,7,4,0,15.9,137.0,92300.0,2026-07-04,2026-07-04,923.0
20260704,000000,11W,37,2026,7,4,0,16.2,135.7,92200.0,2026-07-04,2026-07-04,922.0
20260704,000000,11W,37,2026,7,4,0,16.5,134.5,91600.0,2026-07-04,2026-07-04,916.0
20260704,000000,11W,37,2026,7,4,0,17.1,134.0,91300.0,2026-07-04,2026-07-04,913.0
20260704,000000,11W,37,2026,7,4,0,17.8,132.8,91400.0,2026-07-04,2026-07-04,914.0
20260704,000000,11W,37,2026,7,4,0,18.7,132.0,91800.0,2026-07-04,2026-07-04,918.0
20260704,000000,11W,37,2026,7,4,0,19.7,130.9,91700.0,2026-07-04,2026-07-04,917.0
20260704,000000,11W,37,2026,7,4,0,20.5,130.2,91900.0,2026-07-04,2026-07-04,919.0
20260704,000000,11W,37,2026,7,4,0,21.1,129.0,92100.0,2026-07-04,2026-07-04,921.0
20260704,000000,11W,37,2026,7,4,0,22.3,128.1,92600.0,2026-07-04,2026-07-04,926.0
20260704,000000,11W,37,2026,7,4,0,23.3,127.3,92600.0,2026-07-04,2026-07-04,926.0
20260704,000000,11W,37,2026,7,4,0,24.1,126.60000000000001,92800.0,2026-07-04,2026-07-04,928.0
20260704,000000,11W,37,2026,7,4,0,25.2,125.7,93300.0,2026-07-04,2026-07-04,933.0
20260704,000000,11W,37,2026,7,4,0,26.5,124.7,93500.0,2026-07-04,2026-07-04,935.0
20260704,000000,11W,37,2026,7,4,0,27.8,123.9,93800.0,2026-07-04,2026-07-04,938.0
20260704,000000,11W,37,2026,7,4,0,28.900000000000002,123.2,94300.0,2026-07-04,2026-07-04,943.0
20260704,000000,11W,37,2026,7,4,0,29.8,122.10000000000001,95200.0,2026-07-04,2026-07-04,952.0
20260704,000000,11W,37,2026,7,4,0,30.5,121.5,95600.0,2026-07-04,2026-07-04,956.0
20260704,000000,11W,37,2026,7,4,0,31.6,121.8,95800.0,2026-07-04,2026-07-04,958.0
20260704,000000,11W,37,2026,7,4,0,32.7,122.10000000000001,96100.0,2026-07-04,2026-07-04,961.0
20260704,000000,11W,37,2026,7,4,0,33.8,122.2,96300.0,2026-07-04,2026-07-04,963.0
20260704,000000,11W,37,2026,7,4,0,34.9,122.7,96500.0,2026-07-04,2026-07-04,965.0
20260704,000000,11W,37,2026,7,4,0,35.9,123.9,96600.0,2026-07-04,2026-07-04,966.0
20260704,000000,11W,37,2026,7,4,0,37.300000000000004,124.60000000000001,96800.0,2026-07-04,2026-07-04,968.0
20260704,000000,11W,37,2026,7,4,0,38.300000000000004,125.5,97000.0,2026-07-04,2026-07-04,970.0
20260704,000000,11W,37,2026,7,4,0,39.300000000000004,125.8,97300.0,2026-07-04,2026-07-04,973.0
20260704,000000,11W,37,2026,7,4,0,40.0,125.9,97600.0,2026-07-04,2026-07-04,976.0
20260704,000000,11W,37,2026,7,4,0,40.7,125.8,98200.0,2026-07-04,2026-07-04,982.0
20260704,000000,11W,37,2026,7,4,0,40.9,125.8,98700.0,2026-07-04,2026-07-04,987.0
20260704,000000,11W,37,2026,7,4,0,42.9,126.8,99100.0,2026-07-04,2026-07-04,991.0
20260704,000000,11W,37,2026,7,4,0,43.9,126.2,99400.0,2026-07-04,2026-07-04,994.0
20260704,000000,11W,37,2026,7,4,0,46.300000000000004,124.8,99500.0,2026-07-04,2026-07-04,995.0
20260704,000000,11W,37,2026,7,4,0,48.1,124.10000000000001,99800.0,2026-07-04,2026-07-04,998.0
20260704,000000,11W,37,2026,7,4,0,47.5,123.2,100000.0,2026-07-04,2026-07-04,1000.0
20260704,000000,11W,37,2026,7,4,0,47.6,123.3,100400.0,2026-07-04,2026-07-04,1004.0
20260704,000000,11W,37,2026,7,4,0,46.2,123.0,100600.0,2026-07-04,2026-07-04,1006.0
20260704,000000,11W,38,2026,7,4,0,12.700000000000001,150.6,95100.0,2026-07-04,2026-07-04,951.0
20260704,000000,11W,38,2026,7,4,0,12.5,149.8,95000.0,2026-07-04,2026-07-04,950.0
20260704,000000,11W,38,2026,7,4,0,12.8,149.3,94100.0,2026-07-04,2026-07-04,941.0
20260704,000000,11W,38,2026,7,4,0,13.1,148.5,93200.0,2026-07-04,2026-07-04,932.0
20260704,000000,11W,38,2026,7,4,0,13.5,147.6,92800.0,2026-07-04,2026-07-04,928.0
20260704,000000,11W,38,2026,7,4,0,14.0,146.8,92400.0,2026-07-04,2026-07-04,924.0
20260704,000000,11W,38,2026,7,4,0,14.4,145.6,92400.0,2026-07-04,2026-07-04,924.0
20260704,000000,11W,38,2026,7,4,0,14.700000000000001,144.4,92800.0,2026-07-04,2026-07-04,928.0
20260704,000000,11W,38,2026,7,4,0,15.1,143.0,93000.0,2026-07-04,2026-07-04,930.0
20260704,000000,11W,38,2026,7,4,0,15.1,141.6,92700.0,2026-07-04,2026-07-04,927.0
20260704,000000,11W,38,2026,7,4,0,15.4,140.20000000000002,92000.0,2026-07-04,2026-07-04,920.0
20260704,000000,11W,38,2026,7,4,0,15.4,139.0,91900.0,2026-07-04,2026-07-04,919.0
20260704,000000,11W,38,2026,7,4,0,15.6,137.70000000000002,91500.0,2026-07-04,2026-07-04,915.0
20260704,000000,11W,38,2026,7,4,0,15.700000000000001,136.6,91500.0,2026-07-04,2026-07-04,915.0
20260704,000000,11W,38,2026,7,4,0,15.9,135.5,91200.0,2026-07-04,2026-07-04,912.0
20260704,000000,11W,38,2026,7,4,0,16.2,134.4,91700.0,2026-07-04,2026-07-04,917.0
20260704,000000,11W,38,2026,7,4,0,16.7,133.5,91900.0,2026-07-04,2026-07-04,919.0
20260704,000000,11W,38,2026,7,4,0,17.2,132.5,92000.0,2026-07-04,2026-07-04,920.0
20260704,000000,11W,38,2026,7,4,0,17.8,131.6,91800.0,2026-07-04,2026-07-04,918.0
20260704,000000,11W,38,2026,7,4,0,18.6,130.7,92200.0,2026-07-04,2026-07-04,922.0
20260704,000000,11W,38,2026,7,4,0,19.5,129.8,92100.0,2026-07-04,2026-07-04,921.0
20260704,000000,11W,38,2026,7,4,0,20.3,128.8,92100.0,2026-07-04,2026-07-04,921.0
20260704,000000,11W,38,2026,7,4,0,21.1,127.9,92100.0,2026-07-04,2026-07-04,921.0
20260704,000000,11W,38,2026,7,4,0,22.1,127.0,92600.0,2026-07-04,2026-07-04,926.0
20260704,000000,11W,38,2026,7,4,0,23.3,126.0,92700.0,2026-07-04,2026-07-04,927.0
20260704,000000,11W,38,2026,7,4,0,24.2,125.0,93100.0,2026-07-04,2026-07-04,931.0
20260704,000000,11W,38,2026,7,4,0,25.400000000000002,124.10000000000001,93600.0,2026-07-04,2026-07-04,936.0
20260704,000000,11W,38,2026,7,4,0,26.7,122.60000000000001,93800.0,2026-07-04,2026-07-04,938.0
20260704,000000,11W,38,2026,7,4,0,27.7,121.3,93900.0,2026-07-04,2026-07-04,939.0
20260704,000000,11W,38,2026,7,4,0,28.7,120.0,94900.0,2026-07-04,2026-07-04,949.0
20260704,000000,11W,38,2026,7,4,0,29.6,118.60000000000001,96300.0,2026-07-04,2026-07-04,963.0
20260704,000000,11W,38,2026,7,4,0,30.400000000000002,117.4,97200.0,2026-07-04,2026-07-04,972.0
20260704,000000,11W,38,2026,7,4,0,31.2,116.7,97800.0,2026-07-04,2026-07-04,978.0
20260704,000000,11W,38,2026,7,4,0,31.400000000000002,116.2,98200.0,2026-07-04,2026-07-04,982.0
20260704,000000,11W,38,2026,7,4,0,31.900000000000002,115.60000000000001,98300.0,2026-07-04,2026-07-04,983.0
20260704,000000,11W,38,2026,7,4,0,32.1,115.2,98500.0,2026-07-04,2026-07-04,985.0
20260704,000000,11W,38,2026,7,4,0,32.3,115.4,98500.0,2026-07-04,2026-07-04,985.0
20260704,000000,11W,38,2026,7,4,0,32.4,115.60000000000001,98600.0,2026-07-04,2026-07-04,986.0
20260704,000000,11W,38,2026,7,4,0,33.1,116.0,98700.0,2026-07-04,2026-07-04,987.0
20260704,000000,11W,38,2026,7,4,0,33.2,115.5,98800.0,2026-07-04,2026-07-04,988.0
20260704,000000,11W,38,2026,7,4,0,33.0,115.7,98800.0,2026-07-04,2026-07-04,988.0
20260704,000000,11W,38,2026,7,4,0,33.4,116.10000000000001,98900.0,2026-07-04,2026-07-04,989.0
20260704,000000,11W,38,2026,7,4,0,33.6,115.8,99000.0,2026-07-04,2026-07-04,990.0
20260704,000000,11W,38,2026,7,4,0,33.2,115.60000000000001,99000.0,2026-07-04,2026-07-04,990.0
20260704,000000,11W,38,2026,7,4,0,33.6,116.10000000000001,99000.0,2026-07-04,2026-07-04,990.0
20260704,000000,11W,38,2026,7,4,0,33.5,116.4,99100.0,2026-07-04,2026-07-04,991.0
20260704,000000,11W,38,2026,7,4,0,34.5,117.8,99100.0,2026-07-04,2026-07-04,991.0
20260704,000000,11W,38,2026,7,4,0,34.9,117.9,99100.0,2026-07-04,2026-07-04,991.0
20260704,000000,11W,38,2026,7,4,0,34.6,118.0,98900.0,2026-07-04,2026-07-04,989.0
20260704,000000,11W,38,2026,7,4,0,35.0,120.2,99100.0,2026-07-04,2026-07-04,991.0
20260704,000000,11W,38,2026,7,4,0,38.2,121.9,98600.0,2026-07-04,2026-07-04,986.0
20260704,000000,11W,38,2026,7,4,0,39.1,124.2,98500.0,2026-07-04,2026-07-04,985.0
20260704,000000,11W,38,2026,7,4,0,39.300000000000004,125.5,98600.0,2026-07-04,2026-07-04,986.0
20260704,000000,11W,38,2026,7,4,0,38.9,127.9,99300.0,2026-07-04,2026-07-04,993.0
20260704,000000,11W,39,2026,7,4,0,12.1,151.0,96100.0,2026-07-04,2026-07-04,961.0
20260704,000000,11W,39,2026,7,4,0,12.5,150.5,96000.0,2026-07-04,2026-07-04,960.0
20260704,000000,11W,39,2026,7,4,0,12.8,149.9,95300.0,2026-07-04,2026-07-04,953.0
20260704,000000,11W,39,2026,7,4,0,13.1,148.9,94700.0,2026-07-04,2026-07-04,947.0
20260704,000000,11W,39,2026,7,4,0,13.4,148.20000000000002,94400.0,2026-07-04,2026-07-04,944.0
20260704,000000,11W,39,2026,7,4,0,13.8,147.1,94400.0,2026-07-04,2026-07-04,944.0
20260704,000000,11W,39,2026,7,4,0,14.1,146.1,94300.0,2026-07-04,2026-07-04,943.0
20260704,000000,11W,39,2026,7,4,0,14.5,145.0,94700.0,2026-07-04,2026-07-04,947.0
20260704,000000,11W,39,2026,7,4,0,14.8,143.70000000000002,94400.0,2026-07-04,2026-07-04,944.0
20260704,000000,11W,39,2026,7,4,0,15.0,142.5,94700.0,2026-07-04,2026-07-04,947.0
20260704,000000,11W,39,2026,7,4,0,15.3,141.0,94600.0,2026-07-04,2026-07-04,946.0
20260704,000000,11W,39,2026,7,4,0,15.6,139.8,94600.0,2026-07-04,2026-07-04,946.0
20260704,000000,11W,39,2026,7,4,0,16.1,138.3,94300.0,2026-07-04,2026-07-04,943.0
20260704,000000,11W,39,2026,7,4,0,16.2,136.70000000000002,94200.0,2026-07-04,2026-07-04,942.0
20260704,000000,11W,39,2026,7,4,0,16.5,135.2,93800.0,2026-07-04,2026-07-04,938.0
20260704,000000,11W,39,2026,7,4,0,16.9,133.8,94100.0,2026-07-04,2026-07-04,941.0
20260704,000000,11W,39,2026,7,4,0,17.3,132.4,94000.0,2026-07-04,2026-07-04,940.0
20260704,000000,11W,39,2026,7,4,0,17.8,131.0,94100.0,2026-07-04,2026-07-04,941.0
20260704,000000,11W,39,2026,7,4,0,18.2,129.7,94100.0,2026-07-04,2026-07-04,941.0
20260704,000000,11W,39,2026,7,4,0,18.7,128.6,94400.0,2026-07-04,2026-07-04,944.0
20260704,000000,11W,39,2026,7,4,0,19.2,127.5,94200.0,2026-07-04,2026-07-04,942.0
20260704,000000,11W,39,2026,7,4,0,19.7,126.60000000000001,94100.0,2026-07-04,2026-07-04,941.0
20260704,000000,11W,39,2026,7,4,0,20.7,125.7,94100.0,2026-07-04,2026-07-04,941.0
20260704,000000,11W,39,2026,7,4,0,21.6,124.7,94000.0,2026-07-04,2026-07-04,940.0
20260704,000000,11W,39,2026,7,4,0,22.8,123.8,93700.0,2026-07-04,2026-07-04,937.0
20260704,000000,11W,39,2026,7,4,0,24.400000000000002,122.60000000000001,94500.0,2026-07-04,2026-07-04,945.0
20260704,000000,11W,39,2026,7,4,0,24.900000000000002,120.60000000000001,94900.0,2026-07-04,2026-07-04,949.0
20260704,000000,11W,39,2026,7,4,0,26.0,119.8,95400.0,2026-07-04,2026-07-04,954.0
20260704,000000,11W,39,2026,7,4,0,27.400000000000002,118.2,97700.0,2026-07-04,2026-07-04,977.0
20260704,000000,11W,39,2026,7,4,0,28.900000000000002,117.2,98700.0,2026-07-04,2026-07-04,987.0
20260704,000000,11W,39,2026,7,4,0,30.0,116.10000000000001,99100.0,2026-07-04,2026-07-04,991.0
20260704,000000,11W,39,2026,7,4,0,31.900000000000002,115.5,99400.0,2026-07-04,2026-07-04,994.0
20260704,000000,11W,39,2026,7,4,0,32.6,114.4,99600.0,2026-07-04,2026-07-04,996.0
20260704,000000,11W,39,2026,7,4,0,32.7,113.3,99700.0,2026-07-04,2026-07-04,997.0
20260704,000000,11W,39,2026,7,4,0,32.7,112.9,99700.0,2026-07-04,2026-07-04,997.0
20260704,000000,11W,39,2026,7,4,0,32.9,113.0,99700.0,2026-07-04,2026-07-04,997.0
20260704,000000,11W,40,2026,7,4,0,12.4,150.20000000000002,97000.0,2026-07-04,2026-07-04,970.0
20260704,000000,11W,40,2026,7,4,0,12.8,149.6,97000.0,2026-07-04,2026-07-04,970.0
20260704,000000,11W,40,2026,7,4,0,13.1,148.6,96200.0,2026-07-04,2026-07-04,962.0
20260704,000000,11W,40,2026,7,4,0,13.1,147.70000000000002,95200.0,2026-07-04,2026-07-04,952.0
20260704,000000,11W,40,2026,7,4,0,13.3,146.70000000000002,93600.0,2026-07-04,2026-07-04,936.0
20260704,000000,11W,40,2026,7,4,0,13.8,145.6,93200.0,2026-07-04,2026-07-04,932.0
20260704,000000,11W,40,2026,7,4,0,14.3,144.1,92600.0,2026-07-04,2026-07-04,926.0
20260704,000000,11W,40,2026,7,4,0,14.6,142.8,93200.0,2026-07-04,2026-07-04,932.0
20260704,000000,11W,40,2026,7,4,0,14.9,141.3,92900.0,2026-07-04,2026-07-04,929.0
20260704,000000,11W,40,2026,7,4,0,15.1,139.8,93200.0,2026-07-04,2026-07-04,932.0
20260704,000000,11W,40,2026,7,4,0,15.1,138.20000000000002,92900.0,2026-07-04,2026-07-04,929.0
20260704,000000,11W,40,2026,7,4,0,15.1,137.0,92100.0,2026-07-04,2026-07-04,921.0
20260704,000000,11W,40,2026,7,4,0,15.1,135.7,90600.0,2026-07-04,2026-07-04,906.0
20260704,000000,11W,40,2026,7,4,0,15.4,134.5,90100.0,2026-07-04,2026-07-04,901.0
20260704,000000,11W,40,2026,7,4,0,15.8,133.1,90100.0,2026-07-04,2026-07-04,901.0
20260704,000000,11W,40,2026,7,4,0,16.2,132.1,91000.0,2026-07-04,2026-07-04,910.0
20260704,000000,11W,40,2026,7,4,0,16.8,131.0,91300.0,2026-07-04,2026-07-04,913.0
20260704,000000,11W,40,2026,7,4,0,17.3,130.1,91900.0,2026-07-04,2026-07-04,919.0
20260704,000000,11W,40,2026,7,4,0,18.1,129.0,92600.0,2026-07-04,2026-07-04,926.0
20260704,000000,11W,40,2026,7,4,0,19.0,128.1,93200.0,2026-07-04,2026-07-04,932.0
20260704,000000,11W,40,2026,7,4,0,20.0,127.10000000000001,93400.0,2026-07-04,2026-07-04,934.0
20260704,000000,11W,40,2026,7,4,0,20.900000000000002,126.0,93900.0,2026-07-04,2026-07-04,939.0
20260704,000000,11W,40,2026,7,4,0,21.6,125.2,93800.0,2026-07-04,2026-07-04,938.0
20260704,000000,11W,40,2026,7,4,0,22.7,123.8,94300.0,2026-07-04,2026-07-04,943.0
20260704,000000,11W,40,2026,7,4,0,24.1,123.10000000000001,94900.0,2026-07-04,2026-07-04,949.0
20260704,000000,11W,40,2026,7,4,0,25.2,121.2,96000.0,2026-07-04,2026-07-04,960.0
20260704,000000,11W,40,2026,7,4,0,26.6,120.7,96200.0,2026-07-04,2026-07-04,962.0
20260704,000000,11W,40,2026,7,4,0,27.3,119.60000000000001,97000.0,2026-07-04,2026-07-04,970.0
20260704,000000,11W,40,2026,7,4,0,28.900000000000002,118.9,97500.0,2026-07-04,2026-07-04,975.0
20260704,000000,11W,40,2026,7,4,0,30.400000000000002,117.2,98000.0,2026-07-04,2026-07-04,980.0
20260704,000000,11W,40,2026,7,4,0,31.3,116.8,98300.0,2026-07-04,2026-07-04,983.0
20260704,000000,11W,40,2026,7,4,0,32.1,115.8,98600.0,2026-07-04,2026-07-04,986.0
20260704,000000,11W,40,2026,7,4,0,32.4,114.8,98700.0,2026-07-04,2026-07-04,987.0
20260704,000000,11W,40,2026,7,4,0,32.8,114.3,98900.0,2026-07-04,2026-07-04,989.0
20260704,000000,11W,40,2026,7,4,0,33.1,113.9,99100.0,2026-07-04,2026-07-04,991.0
20260704,000000,11W,40,2026,7,4,0,33.4,113.60000000000001,99100.0,2026-07-04,2026-07-04,991.0
20260704,000000,11W,40,2026,7,4,0,33.4,113.60000000000001,99100.0,2026-07-04,2026-07-04,991.0
20260704,000000,11W,40,2026,7,4,0,33.6,113.2,99200.0,2026-07-04,2026-07-04,992.0
20260704,000000,11W,40,2026,7,4,0,32.4,111.60000000000001,99300.0,2026-07-04,2026-07-04,993.0
20260704,000000,11W,40,2026,7,4,0,32.5,112.9,99400.0,2026-07-04,2026-07-04,994.0
20260704,000000,11W,40,2026,7,4,0,33.0,113.8,99300.0,2026-07-04,2026-07-04,993.0
20260704,000000,11W,40,2026,7,4,0,33.3,113.7,99600.0,2026-07-04,2026-07-04,996.0
20260704,000000,11W,41,2026,7,4,0,12.1,150.9,96500.0,2026-07-04,2026-07-04,965.0
20260704,000000,11W,41,2026,7,4,0,12.6,150.6,96100.0,2026-07-04,2026-07-04,961.0
20260704,000000,11W,41,2026,7,4,0,12.6,150.1,94200.0,2026-07-04,2026-07-04,942.0
20260704,000000,11W,41,2026,7,4,0,12.8,149.20000000000002,93500.0,2026-07-04,2026-07-04,935.0
20260704,000000,11W,41,2026,7,4,0,13.200000000000001,148.4,92500.0,2026-07-04,2026-07-04,925.0
20260704,000000,11W,41,2026,7,4,0,13.6,147.6,92300.0,2026-07-04,2026-07-04,923.0
20260704,000000,11W,41,2026,7,4,0,14.0,146.70000000000002,91500.0,2026-07-04,2026-07-04,915.0
20260704,000000,11W,41,2026,7,4,0,14.5,145.9,92500.0,2026-07-04,2026-07-04,925.0
20260704,000000,11W,41,2026,7,4,0,15.200000000000001,144.70000000000002,92900.0,2026-07-04,2026-07-04,929.0
20260704,000000,11W,41,2026,7,4,0,15.5,143.3,93100.0,2026-07-04,2026-07-04,931.0
20260704,000000,11W,41,2026,7,4,0,15.9,141.70000000000002,93100.0,2026-07-04,2026-07-04,931.0
20260704,000000,11W,41,2026,7,4,0,16.1,140.20000000000002,93400.0,2026-07-04,2026-07-04,934.0
20260704,000000,11W,41,2026,7,4,0,16.3,139.20000000000002,92800.0,2026-07-04,2026-07-04,928.0
20260704,000000,11W,41,2026,7,4,0,16.6,137.8,92400.0,2026-07-04,2026-07-04,924.0
20260704,000000,11W,41,2026,7,4,0,17.3,136.6,91200.0,2026-07-04,2026-07-04,912.0
20260704,000000,11W,41,2026,7,4,0,17.6,135.7,91400.0,2026-07-04,2026-07-04,914.0
20260704,000000,11W,41,2026,7,4,0,18.5,134.1,90500.0,2026-07-04,2026-07-04,905.0
20260704,000000,11W,41,2026,7,4,0,19.0,133.1,90700.0,2026-07-04,2026-07-04,907.0
20260704,000000,11W,41,2026,7,4,0,19.6,131.8,90600.0,2026-07-04,2026-07-04,906.0
20260704,000000,11W,41,2026,7,4,0,20.2,130.8,91100.0,2026-07-04,2026-07-04,911.0
20260704,000000,11W,41,2026,7,4,0,20.900000000000002,130.3,90900.0,2026-07-04,2026-07-04,909.0
20260704,000000,11W,41,2026,7,4,0,21.900000000000002,129.3,91300.0,2026-07-04,2026-07-04,913.0
20260704,000000,11W,41,2026,7,4,0,22.6,128.3,91400.0,2026-07-04,2026-07-04,914.0
20260704,000000,11W,41,2026,7,4,0,23.7,127.4,91900.0,2026-07-04,2026-07-04,919.0
20260704,000000,11W,41,2026,7,4,0,25.2,126.9,92100.0,2026-07-04,2026-07-04,921.0
20260704,000000,11W,41,2026,7,4,0,26.400000000000002,126.4,92500.0,2026-07-04,2026-07-04,925.0
20260704,000000,11W,41,2026,7,4,0,27.7,125.8,93100.0,2026-07-04,2026-07-04,931.0
20260704,000000,11W,41,2026,7,4,0,29.1,125.3,93600.0,2026-07-04,2026-07-04,936.0
20260704,000000,11W,41,2026,7,4,0,30.6,125.0,93900.0,2026-07-04,2026-07-04,939.0
20260704,000000,11W,41,2026,7,4,0,31.5,124.60000000000001,94500.0,2026-07-04,2026-07-04,945.0
20260704,000000,11W,41,2026,7,4,0,32.3,124.4,95000.0,2026-07-04,2026-07-04,950.0
20260704,000000,11W,41,2026,7,4,0,32.8,124.8,95700.0,2026-07-04,2026-07-04,957.0
20260704,000000,11W,41,2026,7,4,0,33.3,125.2,96200.0,2026-07-04,2026-07-04,962.0
20260704,000000,11W,41,2026,7,4,0,33.7,125.60000000000001,96700.0,2026-07-04,2026-07-04,967.0
20260704,000000,11W,41,2026,7,4,0,34.2,126.4,97200.0,2026-07-04,2026-07-04,972.0
20260704,000000,11W,41,2026,7,4,0,34.2,127.3,97600.0,2026-07-04,2026-07-04,976.0
20260704,000000,11W,41,2026,7,4,0,34.5,128.4,97900.0,2026-07-04,2026-07-04,979.0
20260704,000000,11W,41,2026,7,4,0,34.300000000000004,129.5,98200.0,2026-07-04,2026-07-04,982.0
20260704,000000,11W,41,2026,7,4,0,34.6,130.7,98400.0,2026-07-04,2026-07-04,984.0
20260704,000000,11W,41,2026,7,4,0,35.4,133.3,98800.0,2026-07-04,2026-07-04,988.0
20260704,000000,11W,42,2026,7,4,0,12.4,151.3,96100.0,2026-07-04,2026-07-04,961.0
20260704,000000,11W,42,2026,7,4,0,12.5,150.6,95400.0,2026-07-04,2026-07-04,954.0
20260704,000000,11W,42,2026,7,4,0,12.8,150.0,94100.0,2026-07-04,2026-07-04,941.0
20260704,000000,11W,42,2026,7,4,0,13.0,149.3,92900.0,2026-07-04,2026-07-04,929.0
20260704,000000,11W,42,2026,7,4,0,13.200000000000001,148.6,91600.0,2026-07-04,2026-07-04,916.0
20260704,000000,11W,42,2026,7,4,0,13.5,148.0,90900.0,2026-07-04,2026-07-04,909.0
20260704,000000,11W,42,2026,7,4,0,13.9,147.20000000000002,89600.0,2026-07-04,2026-07-04,896.0
20260704,000000,11W,42,2026,7,4,0,14.200000000000001,146.3,88700.0,2026-07-04,2026-07-04,887.0
20260704,000000,11W,42,2026,7,4,0,14.700000000000001,145.4,88800.0,2026-07-04,2026-07-04,888.0
20260704,000000,11W,42,2026,7,4,0,15.3,144.1,90000.0,2026-07-04,2026-07-04,900.0
20260704,000000,11W,42,2026,7,4,0,15.700000000000001,142.70000000000002,89500.0,2026-07-04,2026-07-04,895.0
20260704,000000,11W,42,2026,7,4,0,16.2,141.20000000000002,88700.0,2026-07-04,2026-07-04,887.0
20260704,000000,11W,42,2026,7,4,0,16.8,139.70000000000002,89400.0,2026-07-04,2026-07-04,894.0
20260704,000000,11W,42,2026,7,4,0,17.3,137.9,90900.0,2026-07-04,2026-07-04,909.0
20260704,000000,11W,42,2026,7,4,0,17.7,136.0,91400.0,2026-07-04,2026-07-04,914.0
20260704,000000,11W,42,2026,7,4,0,17.900000000000002,134.2,92000.0,2026-07-04,2026-07-04,920.0
20260704,000000,11W,42,2026,7,4,0,18.1,132.6,91000.0,2026-07-04,2026-07-04,910.0
20260704,000000,11W,42,2026,7,4,0,18.3,131.0,92000.0,2026-07-04,2026-07-04,920.0
20260704,000000,11W,42,2026,7,4,0,18.3,129.7,92800.0,2026-07-04,2026-07-04,928.0
20260704,000000,11W,42,2026,7,4,0,18.6,128.6,93400.0,2026-07-04,2026-07-04,934.0
20260704,000000,11W,42,2026,7,4,0,19.0,127.9,93700.0,2026-07-04,2026-07-04,937.0
20260704,000000,11W,42,2026,7,4,0,19.400000000000002,127.3,94200.0,2026-07-04,2026-07-04,942.0
20260704,000000,11W,42,2026,7,4,0,20.3,126.4,94700.0,2026-07-04,2026-07-04,947.0
20260704,000000,11W,42,2026,7,4,0,21.1,125.5,94800.0,2026-07-04,2026-07-04,948.0
20260704,000000,11W,42,2026,7,4,0,22.0,124.9,94500.0,2026-07-04,2026-07-04,945.0
20260704,000000,11W,42,2026,7,4,0,22.6,124.10000000000001,94800.0,2026-07-04,2026-07-04,948.0
20260704,000000,11W,42,2026,7,4,0,24.3,122.9,94900.0,2026-07-04,2026-07-04,949.0
20260704,000000,11W,42,2026,7,4,0,25.3,121.0,95900.0,2026-07-04,2026-07-04,959.0
20260704,000000,11W,42,2026,7,4,0,25.6,120.8,96500.0,2026-07-04,2026-07-04,965.0
20260704,000000,11W,42,2026,7,4,0,26.7,119.60000000000001,97500.0,2026-07-04,2026-07-04,975.0
20260704,000000,11W,42,2026,7,4,0,28.400000000000002,117.7,98100.0,2026-07-04,2026-07-04,981.0
20260704,000000,11W,42,2026,7,4,0,29.3,116.60000000000001,98500.0,2026-07-04,2026-07-04,985.0
20260704,000000,11W,42,2026,7,4,0,30.5,116.5,98700.0,2026-07-04,2026-07-04,987.0
20260704,000000,11W,42,2026,7,4,0,30.900000000000002,114.8,98900.0,2026-07-04,2026-07-04,989.0
20260704,000000,11W,42,2026,7,4,0,32.4,115.5,99100.0,2026-07-04,2026-07-04,991.0
20260704,000000,11W,42,2026,7,4,0,33.2,115.2,99200.0,2026-07-04,2026-07-04,992.0
20260704,000000,11W,42,2026,7,4,0,33.6,115.5,99200.0,2026-07-04,2026-07-04,992.0
20260704,000000,11W,42,2026,7,4,0,33.7,116.0,99400.0,2026-07-04,2026-07-04,994.0
20260704,000000,11W,42,2026,7,4,0,34.4,116.8,99300.0,2026-07-04,2026-07-04,993.0
20260704,000000,11W,42,2026,7,4,0,34.6,117.60000000000001,99400.0,2026-07-04,2026-07-04,994.0
20260704,000000,11W,42,2026,7,4,0,34.9,118.4,99300.0,2026-07-04,2026-07-04,993.0
20260704,000000,11W,42,2026,7,4,0,36.2,119.2,99300.0,2026-07-04,2026-07-04,993.0
20260704,000000,11W,42,2026,7,4,0,36.5,121.5,99000.0,2026-07-04,2026-07-04,990.0
20260704,000000,11W,42,2026,7,4,0,37.7,121.7,98500.0,2026-07-04,2026-07-04,985.0
20260704,000000,11W,42,2026,7,4,0,37.2,122.9,98600.0,2026-07-04,2026-07-04,986.0
20260704,000000,11W,42,2026,7,4,0,37.300000000000004,124.3,98700.0,2026-07-04,2026-07-04,987.0
20260704,000000,11W,42,2026,7,4,0,38.6,128.7,98700.0,2026-07-04,2026-07-04,987.0
20260704,000000,11W,42,2026,7,4,0,40.4,129.9,98500.0,2026-07-04,2026-07-04,985.0
20260704,000000,11W,42,2026,7,4,0,40.9,131.2,98200.0,2026-07-04,2026-07-04,982.0
20260704,000000,11W,42,2026,7,4,0,41.9,132.2,98300.0,2026-07-04,2026-07-04,983.0
20260704,000000,11W,42,2026,7,4,0,42.800000000000004,134.2,98500.0,2026-07-04,2026-07-04,985.0
20260704,000000,11W,42,2026,7,4,0,43.9,135.6,98700.0,2026-07-04,2026-07-04,987.0
20260704,000000,11W,43,2026,7,4,0,12.700000000000001,150.5,97500.0,2026-07-04,2026-07-04,975.0
20260704,000000,11W,43,2026,7,4,0,12.6,149.8,97400.0,2026-07-04,2026-07-04,974.0
20260704,000000,11W,43,2026,7,4,0,12.1,149.20000000000002,96500.0,2026-07-04,2026-07-04,965.0
20260704,000000,11W,43,2026,7,4,0,12.700000000000001,148.5,95700.0,2026-07-04,2026-07-04,957.0
20260704,000000,11W,43,2026,7,4,0,12.6,147.70000000000002,94000.0,2026-07-04,2026-07-04,940.0
20260704,000000,11W,43,2026,7,4,0,13.1,147.0,93900.0,2026-07-04,2026-07-04,939.0
20260704,000000,11W,43,2026,7,4,0,13.3,146.1,92200.0,2026-07-04,2026-07-04,922.0
20260704,000000,11W,43,2026,7,4,0,13.6,145.1,92000.0,2026-07-04,2026-07-04,920.0
20260704,000000,11W,43,2026,7,4,0,14.0,144.1,90400.0,2026-07-04,2026-07-04,904.0
20260704,000000,11W,43,2026,7,4,0,14.3,142.8,91000.0,2026-07-04,2026-07-04,910.0
20260704,000000,11W,43,2026,7,4,0,14.700000000000001,141.3,90700.0,2026-07-04,2026-07-04,907.0
20260704,000000,11W,43,2026,7,4,0,14.9,139.9,90000.0,2026-07-04,2026-07-04,900.0
20260704,000000,11W,43,2026,7,4,0,15.1,138.3,89500.0,2026-07-04,2026-07-04,895.0
20260704,000000,11W,43,2026,7,4,0,15.3,136.9,89500.0,2026-07-04,2026-07-04,895.0
20260704,000000,11W,43,2026,7,4,0,15.700000000000001,135.4,88100.0,2026-07-04,2026-07-04,881.0
20260704,000000,11W,43,2026,7,4,0,16.0,133.9,89100.0,2026-07-04,2026-07-04,891.0
20260704,000000,11W,43,2026,7,4,0,16.3,132.5,88500.0,2026-07-04,2026-07-04,885.0
20260704,000000,11W,43,2026,7,4,0,16.7,131.2,88300.0,2026-07-04,2026-07-04,883.0
20260704,000000,11W,43,2026,7,4,0,17.3,129.8,88900.0,2026-07-04,2026-07-04,889.0
20260704,000000,11W,43,2026,7,4,0,17.6,128.6,89800.0,2026-07-04,2026-07-04,898.0
20260704,000000,11W,43,2026,7,4,0,18.3,127.3,90000.0,2026-07-04,2026-07-04,900.0
20260704,000000,11W,43,2026,7,4,0,18.8,126.4,90800.0,2026-07-04,2026-07-04,908.0
20260704,000000,11W,43,2026,7,4,0,19.6,125.3,91600.0,2026-07-04,2026-07-04,916.0
20260704,000000,11W,43,2026,7,4,0,20.400000000000002,124.5,92400.0,2026-07-04,2026-07-04,924.0
20260704,000000,11W,43,2026,7,4,0,21.5,123.7,92400.0,2026-07-04,2026-07-04,924.0
20260704,000000,11W,43,2026,7,4,0,22.5,122.60000000000001,92800.0,2026-07-04,2026-07-04,928.0
20260704,000000,11W,43,2026,7,4,0,24.0,120.60000000000001,95200.0,2026-07-04,2026-07-04,952.0
20260704,000000,11W,43,2026,7,4,0,24.7,120.10000000000001,96000.0,2026-07-04,2026-07-04,960.0
20260704,000000,11W,43,2026,7,4,0,25.900000000000002,119.3,96800.0,2026-07-04,2026-07-04,968.0
20260704,000000,11W,43,2026,7,4,0,27.1,118.4,98000.0,2026-07-04,2026-07-04,980.0
20260704,000000,11W,43,2026,7,4,0,28.900000000000002,117.4,98700.0,2026-07-04,2026-07-04,987.0
20260704,000000,11W,43,2026,7,4,0,30.7,117.4,99100.0,2026-07-04,2026-07-04,991.0
20260704,000000,11W,43,2026,7,4,0,31.900000000000002,116.5,99200.0,2026-07-04,2026-07-04,992.0
20260704,000000,11W,43,2026,7,4,0,32.7,116.2,99400.0,2026-07-04,2026-07-04,994.0
20260704,000000,11W,43,2026,7,4,0,33.8,116.4,99600.0,2026-07-04,2026-07-04,996.0
20260704,000000,11W,43,2026,7,4,0,35.300000000000004,116.7,99700.0,2026-07-04,2026-07-04,997.0
20260704,000000,11W,43,2026,7,4,0,36.800000000000004,117.8,99500.0,2026-07-04,2026-07-04,995.0
20260704,000000,11W,43,2026,7,4,0,37.800000000000004,118.60000000000001,99600.0,2026-07-04,2026-07-04,996.0
20260704,000000,11W,43,2026,7,4,0,38.5,120.7,99500.0,2026-07-04,2026-07-04,995.0
20260704,000000,11W,44,2026,7,4,0,13.1,150.9,97600.0,2026-07-04,2026-07-04,976.0
20260704,000000,11W,44,2026,7,4,0,13.3,149.8,97600.0,2026-07-04,2026-07-04,976.0
20260704,000000,11W,44,2026,7,4,0,13.6,149.20000000000002,96400.0,2026-07-04,2026-07-04,964.0
20260704,000000,11W,44,2026,7,4,0,13.3,148.3,95400.0,2026-07-04,2026-07-04,954.0
20260704,000000,11W,44,2026,7,4,0,13.8,147.70000000000002,94500.0,2026-07-04,2026-07-04,945.0
20260704,000000,11W,44,2026,7,4,0,14.200000000000001,146.70000000000002,94200.0,2026-07-04,2026-07-04,942.0
20260704,000000,11W,44,2026,7,4,0,14.700000000000001,145.4,93600.0,2026-07-04,2026-07-04,936.0
20260704,000000,11W,44,2026,7,4,0,15.1,144.4,93800.0,2026-07-04,2026-07-04,938.0
20260704,000000,11W,44,2026,7,4,0,15.6,143.20000000000002,93400.0,2026-07-04,2026-07-04,934.0
20260704,000000,11W,44,2026,7,4,0,15.700000000000001,141.70000000000002,93800.0,2026-07-04,2026-07-04,938.0
20260704,000000,11W,44,2026,7,4,0,16.2,140.20000000000002,93600.0,2026-07-04,2026-07-04,936.0
20260704,000000,11W,44,2026,7,4,0,16.2,138.8,93200.0,2026-07-04,2026-07-04,932.0
20260704,000000,11W,44,2026,7,4,0,16.4,137.0,91900.0,2026-07-04,2026-07-04,919.0
20260704,000000,11W,44,2026,7,4,0,16.6,135.9,91100.0,2026-07-04,2026-07-04,911.0
20260704,000000,11W,44,2026,7,4,0,17.1,134.2,90800.0,2026-07-04,2026-07-04,908.0
20260704,000000,11W,44,2026,7,4,0,17.1,132.9,91300.0,2026-07-04,2026-07-04,913.0
20260704,000000,11W,44,2026,7,4,0,17.6,131.6,91100.0,2026-07-04,2026-07-04,911.0
20260704,000000,11W,44,2026,7,4,0,18.0,130.2,90400.0,2026-07-04,2026-07-04,904.0
20260704,000000,11W,44,2026,7,4,0,18.400000000000002,129.1,90800.0,2026-07-04,2026-07-04,908.0
20260704,000000,11W,44,2026,7,4,0,19.0,128.2,91000.0,2026-07-04,2026-07-04,910.0
20260704,000000,11W,44,2026,7,4,0,19.900000000000002,127.5,90800.0,2026-07-04,2026-07-04,908.0
20260704,000000,11W,44,2026,7,4,0,21.1,126.7,91500.0,2026-07-04,2026-07-04,915.0
20260704,000000,11W,44,2026,7,4,0,22.7,125.7,92200.0,2026-07-04,2026-07-04,922.0
20260704,000000,11W,44,2026,7,4,0,24.3,124.7,93100.0,2026-07-04,2026-07-04,931.0
20260704,000000,11W,44,2026,7,4,0,25.8,123.4,93200.0,2026-07-04,2026-07-04,932.0
20260704,000000,11W,44,2026,7,4,0,26.900000000000002,122.3,93400.0,2026-07-04,2026-07-04,934.0
20260704,000000,11W,44,2026,7,4,0,28.2,121.2,94800.0,2026-07-04,2026-07-04,948.0
20260704,000000,11W,44,2026,7,4,0,29.0,120.2,96300.0,2026-07-04,2026-07-04,963.0
20260704,000000,11W,44,2026,7,4,0,29.900000000000002,119.8,97100.0,2026-07-04,2026-07-04,971.0
20260704,000000,11W,44,2026,7,4,0,30.8,119.3,97600.0,2026-07-04,2026-07-04,976.0
20260704,000000,11W,44,2026,7,4,0,31.400000000000002,119.4,97900.0,2026-07-04,2026-07-04,979.0
20260704,000000,11W,44,2026,7,4,0,31.8,119.60000000000001,98200.0,2026-07-04,2026-07-04,982.0
20260704,000000,11W,44,2026,7,4,0,32.6,120.0,98300.0,2026-07-04,2026-07-04,983.0
20260704,000000,11W,44,2026,7,4,0,33.0,120.8,98400.0,2026-07-04,2026-07-04,984.0
20260704,000000,11W,44,2026,7,4,0,34.0,121.2,98400.0,2026-07-04,2026-07-04,984.0
20260704,000000,11W,44,2026,7,4,0,34.0,122.0,98400.0,2026-07-04,2026-07-04,984.0
20260704,000000,11W,44,2026,7,4,0,34.4,123.4,98300.0,2026-07-04,2026-07-04,983.0
20260704,000000,11W,44,2026,7,4,0,34.7,124.10000000000001,98400.0,2026-07-04,2026-07-04,984.0
20260704,000000,11W,44,2026,7,4,0,34.9,125.7,98400.0,2026-07-04,2026-07-04,984.0
20260704,000000,11W,44,2026,7,4,0,34.800000000000004,127.5,98600.0,2026-07-04,2026-07-04,986.0
20260704,000000,11W,44,2026,7,4,0,35.300000000000004,129.3,98500.0,2026-07-04,2026-07-04,985.0
20260704,000000,11W,44,2026,7,4,0,35.800000000000004,130.7,98600.0,2026-07-04,2026-07-04,986.0
20260704,000000,11W,44,2026,7,4,0,36.300000000000004,131.0,98600.0,2026-07-04,2026-07-04,986.0
20260704,000000,11W,44,2026,7,4,0,36.5,130.9,98600.0,2026-07-04,2026-07-04,986.0
20260704,000000,11W,44,2026,7,4,0,36.5,131.3,98500.0,2026-07-04,2026-07-04,985.0
20260704,000000,11W,44,2026,7,4,0,36.300000000000004,131.6,98600.0,2026-07-04,2026-07-04,986.0
20260704,000000,11W,44,2026,7,4,0,36.2,132.2,98600.0,2026-07-04,2026-07-04,986.0
20260704,000000,11W,44,2026,7,4,0,36.300000000000004,132.9,98800.0,2026-07-04,2026-07-04,988.0
20260704,000000,11W,44,2026,7,4,0,36.7,134.0,98900.0,2026-07-04,2026-07-04,989.0
20260704,000000,11W,44,2026,7,4,0,36.800000000000004,134.7,99200.0,2026-07-04,2026-07-04,992.0
20260704,000000,11W,44,2026,7,4,0,37.2,135.0,99300.0,2026-07-04,2026-07-04,993.0
20260704,000000,11W,44,2026,7,4,0,37.0,135.7,99400.0,2026-07-04,2026-07-04,994.0
20260704,000000,11W,44,2026,7,4,0,37.4,136.5,99500.0,2026-07-04,2026-07-04,995.0
20260704,000000,11W,45,2026,7,4,0,12.700000000000001,151.1,97100.0,2026-07-04,2026-07-04,971.0
20260704,000000,11W,45,2026,7,4,0,12.8,150.5,97300.0,2026-07-04,2026-07-04,973.0
20260704,000000,11W,45,2026,7,4,0,13.3,149.8,97100.0,2026-07-04,2026-07-04,971.0
20260704,000000,11W,45,2026,7,4,0,13.700000000000001,148.8,97000.0,2026-07-04,2026-07-04,970.0
20260704,000000,11W,45,2026,7,4,0,13.9,147.5,96500.0,2026-07-04,2026-07-04,965.0
20260704,000000,11W,45,2026,7,4,0,13.8,146.3,96200.0,2026-07-04,2026-07-04,962.0
20260704,000000,11W,45,2026,7,4,0,14.1,145.4,95600.0,2026-07-04,2026-07-04,956.0
20260704,000000,11W,45,2026,7,4,0,14.3,144.20000000000002,95400.0,2026-07-04,2026-07-04,954.0
20260704,000000,11W,45,2026,7,4,0,14.5,143.1,95000.0,2026-07-04,2026-07-04,950.0
20260704,000000,11W,45,2026,7,4,0,14.9,141.70000000000002,93600.0,2026-07-04,2026-07-04,936.0
20260704,000000,11W,45,2026,7,4,0,15.200000000000001,140.1,93100.0,2026-07-04,2026-07-04,931.0
20260704,000000,11W,45,2026,7,4,0,15.3,138.3,93000.0,2026-07-04,2026-07-04,930.0
20260704,000000,11W,45,2026,7,4,0,15.4,136.70000000000002,92900.0,2026-07-04,2026-07-04,929.0
20260704,000000,11W,45,2026,7,4,0,15.5,135.4,93000.0,2026-07-04,2026-07-04,930.0
20260704,000000,11W,45,2026,7,4,0,15.700000000000001,133.8,93100.0,2026-07-04,2026-07-04,931.0
20260704,000000,11W,45,2026,7,4,0,15.700000000000001,132.5,93100.0,2026-07-04,2026-07-04,931.0
20260704,000000,11W,45,2026,7,4,0,15.9,131.6,92500.0,2026-07-04,2026-07-04,925.0
20260704,000000,11W,45,2026,7,4,0,16.3,130.4,92200.0,2026-07-04,2026-07-04,922.0
20260704,000000,11W,45,2026,7,4,0,16.8,129.3,92300.0,2026-07-04,2026-07-04,923.0
20260704,000000,11W,45,2026,7,4,0,17.6,128.3,92900.0,2026-07-04,2026-07-04,929.0
20260704,000000,11W,45,2026,7,4,0,18.400000000000002,127.60000000000001,92900.0,2026-07-04,2026-07-04,929.0
20260704,000000,11W,45,2026,7,4,0,19.2,126.4,93100.0,2026-07-04,2026-07-04,931.0
20260704,000000,11W,45,2026,7,4,0,19.900000000000002,125.60000000000001,93400.0,2026-07-04,2026-07-04,934.0
20260704,000000,11W,45,2026,7,4,0,20.900000000000002,124.8,93800.0,2026-07-04,2026-07-04,938.0
20260704,000000,11W,45,2026,7,4,0,21.900000000000002,124.3,93600.0,2026-07-04,2026-07-04,936.0
20260704,000000,11W,45,2026,7,4,0,23.1,123.60000000000001,93500.0,2026-07-04,2026-07-04,935.0
20260704,000000,11W,45,2026,7,4,0,24.400000000000002,122.60000000000001,93800.0,2026-07-04,2026-07-04,938.0
20260704,000000,11W,45,2026,7,4,0,25.400000000000002,121.9,94100.0,2026-07-04,2026-07-04,941.0
20260704,000000,11W,45,2026,7,4,0,26.7,121.0,93900.0,2026-07-04,2026-07-04,939.0
20260704,000000,11W,45,2026,7,4,0,27.7,120.4,94700.0,2026-07-04,2026-07-04,947.0
20260704,000000,11W,45,2026,7,4,0,28.900000000000002,120.0,96500.0,2026-07-04,2026-07-04,965.0
20260704,000000,11W,45,2026,7,4,0,30.400000000000002,120.0,97300.0,2026-07-04,2026-07-04,973.0
20260704,000000,11W,45,2026,7,4,0,31.400000000000002,119.9,97600.0,2026-07-04,2026-07-04,976.0
20260704,000000,11W,45,2026,7,4,0,32.3,119.8,97900.0,2026-07-04,2026-07-04,979.0
20260704,000000,11W,45,2026,7,4,0,33.0,119.5,98100.0,2026-07-04,2026-07-04,981.0
20260704,000000,11W,45,2026,7,4,0,33.9,120.0,98400.0,2026-07-04,2026-07-04,984.0
20260704,000000,11W,45,2026,7,4,0,34.6,120.3,98600.0,2026-07-04,2026-07-04,986.0
20260704,000000,11W,45,2026,7,4,0,35.7,121.0,98800.0,2026-07-04,2026-07-04,988.0
20260704,000000,11W,45,2026,7,4,0,36.300000000000004,121.7,98900.0,2026-07-04,2026-07-04,989.0
20260704,000000,11W,45,2026,7,4,0,37.4,123.3,99000.0,2026-07-04,2026-07-04,990.0
20260704,000000,11W,45,2026,7,4,0,38.6,125.0,99000.0,2026-07-04,2026-07-04,990.0
20260704,000000,11W,46,2026,7,4,0,12.4,151.20000000000002,97100.0,2026-07-04,2026-07-04,971.0
20260704,000000,11W,46,2026,7,4,0,12.4,150.6,96700.0,2026-07-04,2026-07-04,967.0
20260704,000000,11W,46,2026,7,4,0,12.9,150.1,95600.0,2026-07-04,2026-07-04,956.0
20260704,000000,11W,46,2026,7,4,0,12.6,149.20000000000002,94500.0,2026-07-04,2026-07-04,945.0
20260704,000000,11W,46,2026,7,4,0,13.6,148.70000000000002,94000.0,2026-07-04,2026-07-04,940.0
20260704,000000,11W,46,2026,7,4,0,13.8,148.20000000000002,94100.0,2026-07-04,2026-07-04,941.0
20260704,000000,11W,46,2026,7,4,0,14.200000000000001,147.20000000000002,93700.0,2026-07-04,2026-07-04,937.0
20260704,000000,11W,46,2026,7,4,0,14.700000000000001,146.0,94000.0,2026-07-04,2026-07-04,940.0
20260704,000000,11W,46,2026,7,4,0,15.200000000000001,144.8,93600.0,2026-07-04,2026-07-04,936.0
20260704,000000,11W,46,2026,7,4,0,15.5,143.5,93600.0,2026-07-04,2026-07-04,936.0
20260704,000000,11W,46,2026,7,4,0,15.9,142.20000000000002,93100.0,2026-07-04,2026-07-04,931.0
20260704,000000,11W,46,2026,7,4,0,16.2,140.70000000000002,93500.0,2026-07-04,2026-07-04,935.0
20260704,000000,11W,46,2026,7,4,0,16.5,139.3,92700.0,2026-07-04,2026-07-04,927.0
20260704,000000,11W,46,2026,7,4,0,16.8,137.9,92500.0,2026-07-04,2026-07-04,925.0
20260704,000000,11W,46,2026,7,4,0,17.2,136.3,92000.0,2026-07-04,2026-07-04,920.0
20260704,000000,11W,46,2026,7,4,0,17.6,135.0,92000.0,2026-07-04,2026-07-04,920.0
20260704,000000,11W,46,2026,7,4,0,18.3,133.5,91400.0,2026-07-04,2026-07-04,914.0
20260704,000000,11W,46,2026,7,4,0,18.5,132.1,91700.0,2026-07-04,2026-07-04,917.0
20260704,000000,11W,46,2026,7,4,0,19.1,130.9,91600.0,2026-07-04,2026-07-04,916.0
20260704,000000,11W,46,2026,7,4,0,19.6,130.0,92000.0,2026-07-04,2026-07-04,920.0
20260704,000000,11W,46,2026,7,4,0,20.2,129.3,92100.0,2026-07-04,2026-07-04,921.0
20260704,000000,11W,46,2026,7,4,0,20.7,128.4,92500.0,2026-07-04,2026-07-04,925.0
20260704,000000,11W,46,2026,7,4,0,21.3,127.7,92800.0,2026-07-04,2026-07-04,928.0
20260704,000000,11W,46,2026,7,4,0,22.3,127.4,93200.0,2026-07-04,2026-07-04,932.0
20260704,000000,11W,46,2026,7,4,0,23.5,127.0,93000.0,2026-07-04,2026-07-04,930.0
20260704,000000,11W,46,2026,7,4,0,24.900000000000002,126.2,93500.0,2026-07-04,2026-07-04,935.0
20260704,000000,11W,46,2026,7,4,0,26.2,125.8,93700.0,2026-07-04,2026-07-04,937.0
20260704,000000,11W,46,2026,7,4,0,27.6,125.3,94000.0,2026-07-04,2026-07-04,940.0
20260704,000000,11W,46,2026,7,4,0,29.1,124.9,93700.0,2026-07-04,2026-07-04,937.0
20260704,000000,11W,46,2026,7,4,0,30.400000000000002,124.7,94300.0,2026-07-04,2026-07-04,943.0
20260704,000000,11W,46,2026,7,4,0,31.8,125.0,95000.0,2026-07-04,2026-07-04,950.0
20260704,000000,11W,46,2026,7,4,0,32.8,125.10000000000001,95900.0,2026-07-04,2026-07-04,959.0
20260704,000000,11W,46,2026,7,4,0,34.2,125.9,96500.0,2026-07-04,2026-07-04,965.0
20260704,000000,11W,46,2026,7,4,0,34.6,126.4,97300.0,2026-07-04,2026-07-04,973.0
20260704,000000,11W,46,2026,7,4,0,35.1,127.9,97900.0,2026-07-04,2026-07-04,979.0
20260704,000000,11W,46,2026,7,4,0,35.6,129.7,98300.0,2026-07-04,2026-07-04,983.0
20260704,000000,11W,46,2026,7,4,0,36.1,131.8,98300.0,2026-07-04,2026-07-04,983.0
20260704,000000,11W,46,2026,7,4,0,36.800000000000004,133.5,98500.0,2026-07-04,2026-07-04,985.0
20260704,000000,11W,46,2026,7,4,0,37.7,135.1,98500.0,2026-07-04,2026-07-04,985.0
20260704,000000,11W,47,2026,7,4,0,12.6,151.0,96600.0,2026-07-04,2026-07-04,966.0
20260704,000000,11W,47,2026,7,4,0,12.8,150.6,96400.0,2026-07-04,2026-07-04,964.0
20260704,000000,11W,47,2026,7,4,0,13.0,150.1,95100.0,2026-07-04,2026-07-04,951.0
20260704,000000,11W,47,2026,7,4,0,13.3,149.4,94700.0,2026-07-04,2026-07-04,947.0
20260704,000000,11W,47,2026,7,4,0,13.6,148.6,93700.0,2026-07-04,2026-07-04,937.0
20260704,000000,11W,47,2026,7,4,0,14.200000000000001,147.9,93100.0,2026-07-04,2026-07-04,931.0
20260704,000000,11W,47,2026,7,4,0,14.5,146.8,92600.0,2026-07-04,2026-07-04,926.0
20260704,000000,11W,47,2026,7,4,0,14.8,145.8,92400.0,2026-07-04,2026-07-04,924.0
20260704,000000,11W,47,2026,7,4,0,15.3,144.6,92100.0,2026-07-04,2026-07-04,921.0
20260704,000000,11W,47,2026,7,4,0,15.700000000000001,143.3,93000.0,2026-07-04,2026-07-04,930.0
20260704,000000,11W,47,2026,7,4,0,16.1,141.8,93200.0,2026-07-04,2026-07-04,932.0
20260704,000000,11W,47,2026,7,4,0,16.4,140.4,93500.0,2026-07-04,2026-07-04,935.0
20260704,000000,11W,47,2026,7,4,0,16.9,138.9,93400.0,2026-07-04,2026-07-04,934.0
20260704,000000,11W,47,2026,7,4,0,17.3,137.4,93700.0,2026-07-04,2026-07-04,937.0
20260704,000000,11W,47,2026,7,4,0,17.5,135.8,93600.0,2026-07-04,2026-07-04,936.0
20260704,000000,11W,47,2026,7,4,0,17.900000000000002,134.5,94000.0,2026-07-04,2026-07-04,940.0
20260704,000000,11W,47,2026,7,4,0,18.400000000000002,133.2,93900.0,2026-07-04,2026-07-04,939.0
20260704,000000,11W,47,2026,7,4,0,18.900000000000002,132.1,94100.0,2026-07-04,2026-07-04,941.0
20260704,000000,11W,47,2026,7,4,0,19.400000000000002,130.8,94100.0,2026-07-04,2026-07-04,941.0
20260704,000000,11W,47,2026,7,4,0,20.0,129.7,94300.0,2026-07-04,2026-07-04,943.0
20260704,000000,11W,47,2026,7,4,0,20.7,128.8,94100.0,2026-07-04,2026-07-04,941.0
20260704,000000,11W,47,2026,7,4,0,21.400000000000002,127.9,93900.0,2026-07-04,2026-07-04,939.0
20260704,000000,11W,47,2026,7,4,0,22.1,127.0,94100.0,2026-07-04,2026-07-04,941.0
20260704,000000,11W,47,2026,7,4,0,23.3,126.4,94300.0,2026-07-04,2026-07-04,943.0
20260704,000000,11W,47,2026,7,4,0,24.400000000000002,125.8,94200.0,2026-07-04,2026-07-04,942.0
20260704,000000,11W,47,2026,7,4,0,25.6,124.9,94400.0,2026-07-04,2026-07-04,944.0
20260704,000000,11W,47,2026,7,4,0,27.1,124.4,94400.0,2026-07-04,2026-07-04,944.0
20260704,000000,11W,47,2026,7,4,0,28.400000000000002,123.5,94600.0,2026-07-04,2026-07-04,946.0
20260704,000000,11W,47,2026,7,4,0,30.0,123.0,94700.0,2026-07-04,2026-07-04,947.0
20260704,000000,11W,47,2026,7,4,0,31.1,122.4,95300.0,2026-07-04,2026-07-04,953.0
20260704,000000,11W,47,2026,7,4,0,32.5,121.8,95800.0,2026-07-04,2026-07-04,958.0
20260704,000000,11W,47,2026,7,4,0,33.4,121.60000000000001,96100.0,2026-07-04,2026-07-04,961.0
20260704,000000,11W,47,2026,7,4,0,34.300000000000004,121.3,96200.0,2026-07-04,2026-07-04,962.0
20260704,000000,11W,47,2026,7,4,0,34.800000000000004,121.3,96800.0,2026-07-04,2026-07-04,968.0
20260704,000000,11W,47,2026,7,4,0,35.6,121.5,97200.0,2026-07-04,2026-07-04,972.0
20260704,000000,11W,47,2026,7,4,0,36.5,121.7,97600.0,2026-07-04,2026-07-04,976.0
20260704,000000,11W,47,2026,7,4,0,37.0,121.4,98000.0,2026-07-04,2026-07-04,980.0
20260704,000000,11W,47,2026,7,4,0,37.0,121.8,98400.0,2026-07-04,2026-07-04,984.0
20260704,000000,11W,47,2026,7,4,0,37.6,122.10000000000001,98600.0,2026-07-04,2026-07-04,986.0
20260704,000000,11W,47,2026,7,4,0,37.7,122.60000000000001,98800.0,2026-07-04,2026-07-04,988.0
20260704,000000,11W,47,2026,7,4,0,37.6,123.3,99000.0,2026-07-04,2026-07-04,990.0
20260704,000000,11W,47,2026,7,4,0,37.800000000000004,124.10000000000001,99200.0,2026-07-04,2026-07-04,992.0
20260704,000000,11W,47,2026,7,4,0,37.800000000000004,124.7,99200.0,2026-07-04,2026-07-04,992.0
20260704,000000,11W,47,2026,7,4,0,37.5,125.7,99400.0,2026-07-04,2026-07-04,994.0
20260704,000000,11W,47,2026,7,4,0,37.7,126.2,99400.0,2026-07-04,2026-07-04,994.0
20260704,000000,11W,47,2026,7,4,0,38.9,125.7,99400.0,2026-07-04,2026-07-04,994.0
20260704,000000,11W,48,2026,7,4,0,12.9,150.4,95800.0,2026-07-04,2026-07-04,958.0
20260704,000000,11W,48,2026,7,4,0,12.6,150.1,95400.0,2026-07-04,2026-07-04,954.0
20260704,000000,11W,48,2026,7,4,0,13.1,149.6,94000.0,2026-07-04,2026-07-04,940.0
20260704,000000,11W,48,2026,7,4,0,13.6,148.70000000000002,92400.0,2026-07-04,2026-07-04,924.0
20260704,000000,11W,48,2026,7,4,0,13.8,147.70000000000002,91700.0,2026-07-04,2026-07-04,917.0
20260704,000000,11W,48,2026,7,4,0,14.3,147.0,92500.0,2026-07-04,2026-07-04,925.0
20260704,000000,11W,48,2026,7,4,0,15.0,145.9,92300.0,2026-07-04,2026-07-04,923.0
20260704,000000,11W,48,2026,7,4,0,15.700000000000001,144.4,93000.0,2026-07-04,2026-07-04,930.0
20260704,000000,11W,48,2026,7,4,0,16.1,142.9,92600.0,2026-07-04,2026-07-04,926.0
20260704,000000,11W,48,2026,7,4,0,16.3,141.20000000000002,92200.0,2026-07-04,2026-07-04,922.0
20260704,000000,11W,48,2026,7,4,0,16.6,139.6,90800.0,2026-07-04,2026-07-04,908.0
20260704,000000,11W,48,2026,7,4,0,16.7,138.20000000000002,90100.0,2026-07-04,2026-07-04,901.0
20260704,000000,11W,48,2026,7,4,0,17.0,136.6,89700.0,2026-07-04,2026-07-04,897.0
20260704,000000,11W,48,2026,7,4,0,17.3,135.2,90700.0,2026-07-04,2026-07-04,907.0
20260704,000000,11W,48,2026,7,4,0,17.5,133.8,91300.0,2026-07-04,2026-07-04,913.0
20260704,000000,11W,48,2026,7,4,0,17.8,132.3,91900.0,2026-07-04,2026-07-04,919.0
20260704,000000,11W,48,2026,7,4,0,18.2,131.2,91700.0,2026-07-04,2026-07-04,917.0
20260704,000000,11W,48,2026,7,4,0,18.400000000000002,129.7,91800.0,2026-07-04,2026-07-04,918.0
20260704,000000,11W,48,2026,7,4,0,18.7,128.6,91800.0,2026-07-04,2026-07-04,918.0
20260704,000000,11W,48,2026,7,4,0,19.2,127.60000000000001,92300.0,2026-07-04,2026-07-04,923.0
20260704,000000,11W,48,2026,7,4,0,19.900000000000002,126.7,92500.0,2026-07-04,2026-07-04,925.0
20260704,000000,11W,48,2026,7,4,0,20.400000000000002,125.8,93000.0,2026-07-04,2026-07-04,930.0
20260704,000000,11W,48,2026,7,4,0,21.2,125.0,93300.0,2026-07-04,2026-07-04,933.0
20260704,000000,11W,48,2026,7,4,0,22.3,124.3,93400.0,2026-07-04,2026-07-04,934.0
20260704,000000,11W,48,2026,7,4,0,23.3,123.3,93400.0,2026-07-04,2026-07-04,934.0
20260704,000000,11W,48,2026,7,4,0,24.1,121.9,94300.0,2026-07-04,2026-07-04,943.0
20260704,000000,11W,48,2026,7,4,0,24.7,120.8,95500.0,2026-07-04,2026-07-04,955.0
20260704,000000,11W,48,2026,7,4,0,25.900000000000002,120.0,96100.0,2026-07-04,2026-07-04,961.0
20260704,000000,11W,48,2026,7,4,0,26.7,118.8,97300.0,2026-07-04,2026-07-04,973.0
20260704,000000,11W,48,2026,7,4,0,28.3,117.5,98100.0,2026-07-04,2026-07-04,981.0
20260704,000000,11W,48,2026,7,4,0,28.7,116.3,98500.0,2026-07-04,2026-07-04,985.0
20260704,000000,11W,48,2026,7,4,0,29.900000000000002,115.60000000000001,98900.0,2026-07-04,2026-07-04,989.0
20260704,000000,11W,48,2026,7,4,0,30.7,114.4,99100.0,2026-07-04,2026-07-04,991.0
20260704,000000,11W,48,2026,7,4,0,31.0,112.60000000000001,99300.0,2026-07-04,2026-07-04,993.0
20260704,000000,11W,48,2026,7,4,0,30.900000000000002,111.8,99500.0,2026-07-04,2026-07-04,995.0
20260704,000000,11W,48,2026,7,4,0,31.6,112.0,99700.0,2026-07-04,2026-07-04,997.0
20260704,000000,11W,49,2026,7,4,0,12.700000000000001,150.70000000000002,94800.0,2026-07-04,2026-07-04,948.0
20260704,000000,11W,49,2026,7,4,0,12.5,150.0,94100.0,2026-07-04,2026-07-04,941.0
20260704,000000,11W,49,2026,7,4,0,12.8,149.4,92700.0,2026-07-04,2026-07-04,927.0
20260704,000000,11W,49,2026,7,4,0,13.0,149.1,91900.0,2026-07-04,2026-07-04,919.0
20260704,000000,11W,49,2026,7,4,0,13.700000000000001,148.4,91400.0,2026-07-04,2026-07-04,914.0
20260704,000000,11W,49,2026,7,4,0,14.1,147.6,92000.0,2026-07-04,2026-07-04,920.0
20260704,000000,11W,49,2026,7,4,0,14.5,146.5,92200.0,2026-07-04,2026-07-04,922.0
20260704,000000,11W,49,2026,7,4,0,15.0,145.4,92500.0,2026-07-04,2026-07-04,925.0
20260704,000000,11W,49,2026,7,4,0,15.5,144.20000000000002,92000.0,2026-07-04,2026-07-04,920.0
20260704,000000,11W,49,2026,7,4,0,15.9,142.8,91700.0,2026-07-04,2026-07-04,917.0
20260704,000000,11W,49,2026,7,4,0,16.5,141.4,91200.0,2026-07-04,2026-07-04,912.0
20260704,000000,11W,49,2026,7,4,0,16.9,140.0,91100.0,2026-07-04,2026-07-04,911.0
20260704,000000,11W,49,2026,7,4,0,17.400000000000002,138.5,90600.0,2026-07-04,2026-07-04,906.0
20260704,000000,11W,49,2026,7,4,0,17.7,137.0,90900.0,2026-07-04,2026-07-04,909.0
20260704,000000,11W,49,2026,7,4,0,18.1,135.4,90900.0,2026-07-04,2026-07-04,909.0
20260704,000000,11W,49,2026,7,4,0,18.5,133.9,91500.0,2026-07-04,2026-07-04,915.0
20260704,000000,11W,49,2026,7,4,0,18.8,132.3,91300.0,2026-07-04,2026-07-04,913.0
20260704,000000,11W,49,2026,7,4,0,19.2,131.0,91900.0,2026-07-04,2026-07-04,919.0
20260704,000000,11W,49,2026,7,4,0,19.7,129.7,92300.0,2026-07-04,2026-07-04,923.0
20260704,000000,11W,49,2026,7,4,0,20.400000000000002,128.6,92700.0,2026-07-04,2026-07-04,927.0
20260704,000000,11W,49,2026,7,4,0,21.0,127.4,92500.0,2026-07-04,2026-07-04,925.0
20260704,000000,11W,49,2026,7,4,0,21.6,126.5,92800.0,2026-07-04,2026-07-04,928.0
20260704,000000,11W,49,2026,7,4,0,22.400000000000002,125.5,93300.0,2026-07-04,2026-07-04,933.0
20260704,000000,11W,49,2026,7,4,0,23.6,124.60000000000001,93800.0,2026-07-04,2026-07-04,938.0
20260704,000000,11W,49,2026,7,4,0,24.5,123.8,94200.0,2026-07-04,2026-07-04,942.0
20260704,000000,11W,49,2026,7,4,0,25.6,122.60000000000001,94800.0,2026-07-04,2026-07-04,948.0
20260704,000000,11W,49,2026,7,4,0,26.8,121.7,95000.0,2026-07-04,2026-07-04,950.0
20260704,000000,11W,49,2026,7,4,0,27.8,120.5,95600.0,2026-07-04,2026-07-04,956.0
20260704,000000,11W,49,2026,7,4,0,28.8,119.60000000000001,96800.0,2026-07-04,2026-07-04,968.0
20260704,000000,11W,49,2026,7,4,0,30.400000000000002,118.8,97800.0,2026-07-04,2026-07-04,978.0
20260704,000000,11W,49,2026,7,4,0,31.400000000000002,117.4,98100.0,2026-07-04,2026-07-04,981.0
20260704,000000,11W,49,2026,7,4,0,32.4,116.7,98600.0,2026-07-04,2026-07-04,986.0
20260704,000000,11W,49,2026,7,4,0,33.1,116.0,98800.0,2026-07-04,2026-07-04,988.0
20260704,000000,11W,49,2026,7,4,0,33.7,115.60000000000001,99100.0,2026-07-04,2026-07-04,991.0
20260704,000000,11W,49,2026,7,4,0,34.6,116.0,99200.0,2026-07-04,2026-07-04,992.0
20260704,000000,11W,49,2026,7,4,0,35.800000000000004,116.2,99400.0,2026-07-04,2026-07-04,994.0
20260704,000000,11W,49,2026,7,4,0,37.0,116.5,99300.0,2026-07-04,2026-07-04,993.0
20260704,000000,11W,49,2026,7,4,0,37.5,116.7,99300.0,2026-07-04,2026-07-04,993.0
20260704,000000,11W,49,2026,7,4,0,38.0,117.5,99200.0,2026-07-04,2026-07-04,992.0
20260704,000000,11W,49,2026,7,4,0,39.1,117.9,99000.0,2026-07-04,2026-07-04,990.0
20260704,000000,11W,49,2026,7,4,0,38.2,119.10000000000001,99000.0,2026-07-04,2026-07-04,990.0
20260704,000000,11W,49,2026,7,4,0,39.6,120.7,99200.0,2026-07-04,2026-07-04,992.0
20260704,000000,11W,49,2026,7,4,0,39.4,121.4,99200.0,2026-07-04,2026-07-04,992.0
20260704,000000,11W,49,2026,7,4,0,40.4,122.4,99400.0,2026-07-04,2026-07-04,994.0
20260704,000000,11W,49,2026,7,4,0,39.1,123.60000000000001,99800.0,2026-07-04,2026-07-04,998.0
20260704,000000,11W,49,2026,7,4,0,39.300000000000004,123.7,99800.0,2026-07-04,2026-07-04,998.0
20260704,000000,11W,49,2026,7,4,0,38.800000000000004,124.3,99900.0,2026-07-04,2026-07-04,999.0
20260704,000000,11W,49,2026,7,4,0,39.9,124.3,100100.0,2026-07-04,2026-07-04,1001.0
20260704,000000,11W,50,2026,7,4,0,12.3,151.3,98000.0,2026-07-04,2026-07-04,980.0
20260704,000000,11W,50,2026,7,4,0,12.5,150.6,97900.0,2026-07-04,2026-07-04,979.0
20260704,000000,11W,50,2026,7,4,0,12.5,150.20000000000002,97100.0,2026-07-04,2026-07-04,971.0
20260704,000000,11W,50,2026,7,4,0,12.8,149.4,96700.0,2026-07-04,2026-07-04,967.0
20260704,000000,11W,50,2026,7,4,0,13.3,148.70000000000002,96200.0,2026-07-04,2026-07-04,962.0
20260704,000000,11W,50,2026,7,4,0,13.700000000000001,147.70000000000002,96100.0,2026-07-04,2026-07-04,961.0
20260704,000000,11W,50,2026,7,4,0,14.3,146.8,95700.0,2026-07-04,2026-07-04,957.0
20260704,000000,11W,50,2026,7,4,0,14.8,145.8,95700.0,2026-07-04,2026-07-04,957.0
20260704,000000,11W,50,2026,7,4,0,15.200000000000001,144.4,95400.0,2026-07-04,2026-07-04,954.0
20260704,000000,11W,50,2026,7,4,0,15.8,143.0,95200.0,2026-07-04,2026-07-04,952.0
20260704,000000,11W,50,2026,7,4,0,16.2,141.9,94500.0,2026-07-04,2026-07-04,945.0
20260704,000000,11W,50,2026,7,4,0,16.5,140.4,94400.0,2026-07-04,2026-07-04,944.0
20260704,000000,11W,50,2026,7,4,0,16.5,139.1,93800.0,2026-07-04,2026-07-04,938.0
20260704,000000,11W,50,2026,7,4,0,17.0,137.6,93700.0,2026-07-04,2026-07-04,937.0
20260704,000000,11W,50,2026,7,4,0,17.1,136.2,93600.0,2026-07-04,2026-07-04,936.0
20260704,000000,11W,50,2026,7,4,0,17.400000000000002,135.0,93900.0,2026-07-04,2026-07-04,939.0
20260704,000000,11W,50,2026,7,4,0,17.5,133.9,93500.0,2026-07-04,2026-07-04,935.0
20260704,000000,11W,50,2026,7,4,0,17.8,132.8,93400.0,2026-07-04,2026-07-04,934.0
20260704,000000,11W,50,2026,7,4,0,18.5,131.6,93100.0,2026-07-04,2026-07-04,931.0
20260704,000000,11W,50,2026,7,4,0,19.0,130.7,93200.0,2026-07-04,2026-07-04,932.0
20260704,000000,11W,50,2026,7,4,0,19.400000000000002,129.7,92700.0,2026-07-04,2026-07-04,927.0
20260704,000000,11W,50,2026,7,4,0,20.1,128.6,93000.0,2026-07-04,2026-07-04,930.0
20260704,000000,11W,50,2026,7,4,0,20.8,127.5,93300.0,2026-07-04,2026-07-04,933.0
20260704,000000,11W,50,2026,7,4,0,21.8,126.60000000000001,93700.0,2026-07-04,2026-07-04,937.0
20260704,000000,11W,50,2026,7,4,0,23.0,125.8,93800.0,2026-07-04,2026-07-04,938.0
20260704,000000,11W,50,2026,7,4,0,24.3,124.7,94300.0,2026-07-04,2026-07-04,943.0
20260704,000000,11W,50,2026,7,4,0,25.900000000000002,123.5,94700.0,2026-07-04,2026-07-04,947.0
20260704,000000,11W,50,2026,7,4,0,27.400000000000002,122.7,94600.0,2026-07-04,2026-07-04,946.0
20260704,000000,11W,50,2026,7,4,0,28.7,122.2,94700.0,2026-07-04,2026-07-04,947.0
20260704,000000,11W,50,2026,7,4,0,30.3,121.5,95100.0,2026-07-04,2026-07-04,951.0
20260704,000000,11W,50,2026,7,4,0,31.8,121.0,95700.0,2026-07-04,2026-07-04,957.0
20260704,000000,11W,50,2026,7,4,0,33.0,120.7,96300.0,2026-07-04,2026-07-04,963.0
20260704,000000,11W,50,2026,7,4,0,33.7,120.9,96500.0,2026-07-04,2026-07-04,965.0
20260704,000000,11W,50,2026,7,4,0,34.6,120.9,96700.0,2026-07-04,2026-07-04,967.0
20260704,000000,11W,50,2026,7,4,0,35.1,120.8,96900.0,2026-07-04,2026-07-04,969.0
20260704,000000,11W,50,2026,7,4,0,35.7,121.0,97200.0,2026-07-04,2026-07-04,972.0
20260704,000000,11W,50,2026,7,4,0,36.0,121.5,97400.0,2026-07-04,2026-07-04,974.0
20260704,000000,11W,50,2026,7,4,0,36.5,122.0,97800.0,2026-07-04,2026-07-04,978.0
20260704,000000,11W,50,2026,7,4,0,37.1,122.3,98100.0,2026-07-04,2026-07-04,981.0
20260704,000000,11W,50,2026,7,4,0,37.9,123.10000000000001,98300.0,2026-07-04,2026-07-04,983.0
20260704,000000,11W,50,2026,7,4,0,38.4,123.60000000000001,98500.0,2026-07-04,2026-07-04,985.0
20260704,000000,11W,50,2026,7,4,0,39.0,124.60000000000001,98800.0,2026-07-04,2026-07-04,988.0
20260704,000000,11W,50,2026,7,4,0,39.300000000000004,127.4,99200.0,2026-07-04,2026-07-04,992.0
20260704,000000,11W,50,2026,7,4,0,39.7,127.5,99100.0,2026-07-04,2026-07-04,991.0
20260704,000000,11W,50,2026,7,4,0,40.300000000000004,129.1,99000.0,2026-07-04,2026-07-04,990.0
20260704,000000,11W,50,2026,7,4,0,41.5,130.8,99100.0,2026-07-04,2026-07-04,991.0
20260704,000000,11W,50,2026,7,4,0,41.300000000000004,134.6,98800.0,2026-07-04,2026-07-04,988.0
20260704,000000,11W,50,2026,7,4,0,41.1,136.2,99000.0,2026-07-04,2026-07-04,990.0
20260704,000000,11W,51,2026,7,4,0,12.6,151.1,96900.0,2026-07-04,2026-07-04,969.0
20260704,000000,11W,51,2026,7,4,0,12.6,150.5,96600.0,2026-07-04,2026-07-04,966.0
20260704,000000,11W,51,2026,7,4,0,12.9,149.70000000000002,95700.0,2026-07-04,2026-07-04,957.0
20260704,000000,11W,51,2026,7,4,0,13.1,149.0,95000.0,2026-07-04,2026-07-04,950.0
20260704,000000,11W,51,2026,7,4,0,13.6,148.1,94500.0,2026-07-04,2026-07-04,945.0
20260704,000000,11W,51,2026,7,4,0,13.9,147.1,94300.0,2026-07-04,2026-07-04,943.0
20260704,000000,11W,51,2026,7,4,0,14.1,146.0,93500.0,2026-07-04,2026-07-04,935.0
20260704,000000,11W,51,2026,7,4,0,14.6,144.9,93400.0,2026-07-04,2026-07-04,934.0
20260704,000000,11W,51,2026,7,4,0,14.8,143.5,92800.0,2026-07-04,2026-07-04,928.0
20260704,000000,11W,51,2026,7,4,0,15.200000000000001,142.3,92600.0,2026-07-04,2026-07-04,926.0
20260704,000000,11W,51,2026,7,4,0,15.5,140.8,92100.0,2026-07-04,2026-07-04,921.0
20260704,000000,11W,51,2026,7,4,0,15.700000000000001,139.3,92200.0,2026-07-04,2026-07-04,922.0
20260704,000000,11W,51,2026,7,4,0,16.0,137.9,91800.0,2026-07-04,2026-07-04,918.0
20260704,000000,11W,51,2026,7,4,0,16.2,136.5,91900.0,2026-07-04,2026-07-04,919.0
20260704,000000,11W,51,2026,7,4,0,16.6,135.0,91700.0,2026-07-04,2026-07-04,917.0
20260704,000000,11W,51,2026,7,4,0,16.9,133.8,91800.0,2026-07-04,2026-07-04,918.0
20260704,000000,11W,51,2026,7,4,0,17.400000000000002,132.3,91400.0,2026-07-04,2026-07-04,914.0
20260704,000000,11W,51,2026,7,4,0,17.7,131.1,91300.0,2026-07-04,2026-07-04,913.0
20260704,000000,11W,51,2026,7,4,0,18.3,130.0,91500.0,2026-07-04,2026-07-04,915.0
20260704,000000,11W,51,2026,7,4,0,18.6,129.0,92000.0,2026-07-04,2026-07-04,920.0
20260704,000000,11W,51,2026,7,4,0,19.5,128.1,91800.0,2026-07-04,2026-07-04,918.0
20260704,000000,11W,51,2026,7,4,0,20.2,126.9,92000.0,2026-07-04,2026-07-04,920.0
20260704,000000,11W,51,2026,7,4,0,21.0,125.9,92500.0,2026-07-04,2026-07-04,925.0
20260704,000000,11W,51,2026,7,4,0,22.1,125.10000000000001,92900.0,2026-07-04,2026-07-04,929.0
20260704,000000,11W,51,2026,7,4,0,23.3,124.0,92800.0,2026-07-04,2026-07-04,928.0
20260704,000000,11W,51,2026,7,4,0,24.5,122.7,93500.0,2026-07-04,2026-07-04,935.0
20260704,000000,11W,51,2026,7,4,0,25.2,121.2,94300.0,2026-07-04,2026-07-04,943.0
20260704,000000,11W,51,2026,7,4,0,26.5,120.3,94800.0,2026-07-04,2026-07-04,948.0
20260704,000000,11W,51,2026,7,4,0,27.900000000000002,118.60000000000001,96400.0,2026-07-04,2026-07-04,964.0
20260704,000000,11W,51,2026,7,4,0,29.0,117.7,97400.0,2026-07-04,2026-07-04,974.0
20260704,000000,11W,51,2026,7,4,0,30.1,116.4,98000.0,2026-07-04,2026-07-04,980.0
20260704,000000,11W,51,2026,7,4,0,31.1,115.0,98500.0,2026-07-04,2026-07-04,985.0
20260704,000000,11W,51,2026,7,4,0,31.1,114.60000000000001,98700.0,2026-07-04,2026-07-04,987.0
20260704,000000,11W,51,2026,7,4,0,31.8,114.60000000000001,99000.0,2026-07-04,2026-07-04,990.0
20260704,000000,11W,51,2026,7,4,0,32.6,114.4,99100.0,2026-07-04,2026-07-04,991.0
20260704,000000,11W,51,2026,7,4,0,33.2,114.60000000000001,99200.0,2026-07-04,2026-07-04,992.0
20260704,000000,11W,51,2026,7,4,0,34.1,114.60000000000001,99200.0,2026-07-04,2026-07-04,992.0
20260704,000000,11W,51,2026,7,4,0,35.4,115.10000000000001,99400.0,2026-07-04,2026-07-04,994.0
20260704,000000,11W,51,2026,7,4,0,36.800000000000004,115.4,99300.0,2026-07-04,2026-07-04,993.0
20260704,000000,11W,51,2026,7,4,0,38.1,116.5,99100.0,2026-07-04,2026-07-04,991.0
20260704,000000,11W,51,2026,7,4,0,38.5,117.9,98900.0,2026-07-04,2026-07-04,989.0
20260704,000000,11W,51,2026,7,4,0,38.9,119.0,98800.0,2026-07-04,2026-07-04,988.0
20260704,000000,11W,51,2026,7,4,0,40.5,121.9,99400.0,2026-07-04,2026-07-04,994.0
20260704,000000,11W,51,2026,7,4,0,45.5,127.9,100000.0,2026-07-04,2026-07-04,1000.0
20260704,000000,70W,1,2026,7,4,0,20.5,107.8,98700.0,2026-07-04,2026-07-04,987.0
20260704,000000,70W,1,2026,7,4,0,21.2,108.0,98600.0,2026-07-04,2026-07-04,986.0
20260704,000000,70W,1,2026,7,4,0,22.0,107.7,99300.0,2026-07-04,2026-07-04,993.0
20260704,000000,70W,1,2026,7,4,0,22.7,108.0,99500.0,2026-07-04,2026-07-04,995.0
20260704,000000,70W,1,2026,7,4,0,23.3,108.10000000000001,99400.0,2026-07-04,2026-07-04,994.0
20260704,000000,70W,1,2026,7,4,0,24.3,108.4,99500.0,2026-07-04,2026-07-04,995.0
20260704,000000,70W,1,2026,7,4,0,25.2,108.4,99800.0,2026-07-04,2026-07-04,998.0
20260704,000000,70W,1,2026,7,4,0,26.2,109.10000000000001,99700.0,2026-07-04,2026-07-04,997.0
20260704,000000,70W,1,2026,7,4,0,27.400000000000002,109.8,99500.0,2026-07-04,2026-07-04,995.0
20260704,000000,70W,1,2026,7,4,0,28.2,109.8,99500.0,2026-07-04,2026-07-04,995.0
20260704,000000,70W,1,2026,7,4,0,29.0,111.0,99400.0,2026-07-04,2026-07-04,994.0
20260704,000000,70W,1,2026,7,4,0,30.2,112.8,99100.0,2026-07-04,2026-07-04,991.0
20260704,000000,70W,1,2026,7,4,0,31.2,114.0,99100.0,2026-07-04,2026-07-04,991.0
20260704,000000,70W,1,2026,7,4,0,32.4,116.10000000000001,99200.0,2026-07-04,2026-07-04,992.0
20260704,000000,70W,1,2026,7,4,0,33.5,118.2,99100.0,2026-07-04,2026-07-04,991.0
20260704,000000,70W,1,2026,7,4,0,34.9,120.8,99000.0,2026-07-04,2026-07-04,990.0
20260704,000000,70W,1,2026,7,4,0,36.5,122.9,99000.0,2026-07-04,2026-07-04,990.0
20260704,000000,70W,1,2026,7,4,0,38.0,124.9,99400.0,2026-07-04,2026-07-04,994.0
20260704,000000,70W,1,2026,7,4,0,38.6,128.2,99700.0,2026-07-04,2026-07-04,997.0
20260704,000000,70W,2,2026,7,4,0,20.7,107.7,99400.0,2026-07-04,2026-07-04,994.0
20260704,000000,70W,2,2026,7,4,0,21.400000000000002,107.8,99400.0,2026-07-04,2026-07-04,994.0
20260704,000000,70W,2,2026,7,4,0,22.3,107.5,99500.0,2026-07-04,2026-07-04,995.0
20260704,000000,70W,2,2026,7,4,0,22.8,108.0,99500.0,2026-07-04,2026-07-04,995.0
20260704,000000,70W,2,2026,7,4,0,23.3,108.2,99500.0,2026-07-04,2026-07-04,995.0
20260704,000000,70W,2,2026,7,4,0,24.7,108.60000000000001,99600.0,2026-07-04,2026-07-04,996.0
20260704,000000,70W,2,2026,7,4,0,25.6,109.0,99800.0,2026-07-04,2026-07-04,998.0
20260704,000000,70W,2,2026,7,4,0,26.3,109.5,99600.0,2026-07-04,2026-07-04,996.0
20260704,000000,70W,2,2026,7,4,0,27.6,109.8,99500.0,2026-07-04,2026-07-04,995.0
20260704,000000,70W,2,2026,7,4,0,28.2,110.3,99500.0,2026-07-04,2026-07-04,995.0
20260704,000000,70W,2,2026,7,4,0,29.2,111.4,99200.0,2026-07-04,2026-07-04,992.0
20260704,000000,70W,2,2026,7,4,0,30.0,112.7,99100.0,2026-07-04,2026-07-04,991.0
20260704,000000,70W,2,2026,7,4,0,30.900000000000002,114.10000000000001,99300.0,2026-07-04,2026-07-04,993.0
20260704,000000,70W,2,2026,7,4,0,32.1,116.0,99400.0,2026-07-04,2026-07-04,994.0
20260704,000000,70W,2,2026,7,4,0,34.1,118.8,99300.0,2026-07-04,2026-07-04,993.0
20260704,000000,70W,2,2026,7,4,0,35.800000000000004,121.3,98500.0,2026-07-04,2026-07-04,985.0
20260704,000000,70W,2,2026,7,4,0,37.7,122.9,98400.0,2026-07-04,2026-07-04,984.0
20260704,000000,70W,2,2026,7,4,0,39.4,124.5,98800.0,2026-07-04,2026-07-04,988.0
20260704,000000,70W,2,2026,7,4,0,40.9,126.60000000000001,99500.0,2026-07-04,2026-07-04,995.0
20260704,000000,70W,2,2026,7,4,0,43.7,128.8,100000.0,2026-07-04,2026-07-04,1000.0
20260704,000000,70W,2,2026,7,4,0,45.300000000000004,128.1,100300.0,2026-07-04,2026-07-04,1003.0
20260704,000000,70W,2,2026,7,4,0,46.0,129.3,100400.0,2026-07-04,2026-07-04,1004.0
20260704,000000,70W,2,2026,7,4,0,46.0,129.4,100400.0,2026-07-04,2026-07-04,1004.0
20260704,000000,70W,3,2026,7,4,0,20.400000000000002,107.7,99500.0,2026-07-04,2026-07-04,995.0
20260704,000000,70W,3,2026,7,4,0,21.5,107.8,99600.0,2026-07-04,2026-07-04,996.0
20260704,000000,70W,3,2026,7,4,0,22.3,107.2,99800.0,2026-07-04,2026-07-04,998.0
20260704,000000,70W,3,2026,7,4,0,22.6,107.9,99700.0,2026-07-04,2026-07-04,997.0
20260704,000000,70W,3,2026,7,4,0,23.5,107.7,99700.0,2026-07-04,2026-07-04,997.0
20260704,000000,70W,3,2026,7,4,0,24.400000000000002,108.2,99800.0,2026-07-04,2026-07-04,998.0
20260704,000000,70W,3,2026,7,4,0,25.900000000000002,108.4,99900.0,2026-07-04,2026-07-04,999.0
20260704,000000,70W,3,2026,7,4,0,26.8,108.9,99800.0,2026-07-04,2026-07-04,998.0
20260704,000000,70W,3,2026,7,4,0,27.8,109.8,99300.0,2026-07-04,2026-07-04,993.0
20260704,000000,70W,3,2026,7,4,0,28.7,111.10000000000001,99400.0,2026-07-04,2026-07-04,994.0
20260704,000000,70W,3,2026,7,4,0,29.8,112.10000000000001,98900.0,2026-07-04,2026-07-04,989.0
20260704,000000,70W,3,2026,7,4,0,31.0,114.3,98200.0,2026-07-04,2026-07-04,982.0
20260704,000000,70W,3,2026,7,4,0,32.0,116.7,98700.0,2026-07-04,2026-07-04,987.0
20260704,000000,70W,3,2026,7,4,0,33.4,119.3,98500.0,2026-07-04,2026-07-04,985.0
20260704,000000,70W,3,2026,7,4,0,35.2,121.9,98400.0,2026-07-04,2026-07-04,984.0
20260704,000000,70W,3,2026,7,4,0,37.5,124.10000000000001,98300.0,2026-07-04,2026-07-04,983.0
20260704,000000,70W,3,2026,7,4,0,39.5,125.5,98600.0,2026-07-04,2026-07-04,986.0
20260704,000000,70W,3,2026,7,4,0,44.300000000000004,129.0,100000.0,2026-07-04,2026-07-04,1000.0
20260704,000000,70W,4,2026,7,4,0,20.6,107.9,99600.0,2026-07-04,2026-07-04,996.0
20260704,000000,70W,4,2026,7,4,0,22.0,107.7,99800.0,2026-07-04,2026-07-04,998.0
20260704,000000,70W,4,2026,7,4,0,22.8,107.9,99700.0,2026-07-04,2026-07-04,997.0
20260704,000000,70W,4,2026,7,4,0,23.3,108.10000000000001,99800.0,2026-07-04,2026-07-04,998.0
20260704,000000,70W,4,2026,7,4,0,24.400000000000002,108.60000000000001,99700.0,2026-07-04,2026-07-04,997.0
20260704,000000,70W,4,2026,7,4,0,25.7,109.60000000000001,99700.0,2026-07-04,2026-07-04,997.0
20260704,000000,70W,4,2026,7,4,0,26.6,110.0,99600.0,2026-07-04,2026-07-04,996.0
20260704,000000,70W,4,2026,7,4,0,27.7,111.3,99400.0,2026-07-04,2026-07-04,994.0
20260704,000000,70W,4,2026,7,4,0,28.5,111.7,99100.0,2026-07-04,2026-07-04,991.0
20260704,000000,70W,4,2026,7,4,0,29.6,113.0,99000.0,2026-07-04,2026-07-04,990.0
20260704,000000,70W,4,2026,7,4,0,30.7,114.7,99000.0,2026-07-04,2026-07-04,990.0
20260704,000000,70W,4,2026,7,4,0,32.0,117.4,99100.0,2026-07-04,2026-07-04,991.0
20260704,000000,70W,4,2026,7,4,0,34.0,120.3,98900.0,2026-07-04,2026-07-04,989.0
20260704,000000,70W,4,2026,7,4,0,36.1,122.4,99100.0,2026-07-04,2026-07-04,991.0
20260704,000000,70W,4,2026,7,4,0,38.9,123.5,98900.0,2026-07-04,2026-07-04,989.0
20260704,000000,70W,4,2026,7,4,0,41.9,124.3,99500.0,2026-07-04,2026-07-04,995.0
20260704,000000,70W,4,2026,7,4,0,47.5,125.7,99300.0,2026-07-04,2026-07-04,993.0
20260704,000000,70W,4,2026,7,4,0,48.5,125.60000000000001,99500.0,2026-07-04,2026-07-04,995.0
20260704,000000,70W,4,2026,7,4,0,49.5,125.10000000000001,99500.0,2026-07-04,2026-07-04,995.0
20260704,000000,70W,4,2026,7,4,0,50.2,124.8,99600.0,2026-07-04,2026-07-04,996.0
20260704,000000,70W,4,2026,7,4,0,51.300000000000004,125.2,99700.0,2026-07-04,2026-07-04,997.0
20260704,000000,70W,5,2026,7,4,0,20.6,107.4,99000.0,2026-07-04,2026-07-04,990.0
20260704,000000,70W,5,2026,7,4,0,21.2,107.5,99100.0,2026-07-04,2026-07-04,991.0
20260704,000000,70W,5,2026,7,4,0,21.900000000000002,107.7,99200.0,2026-07-04,2026-07-04,992.0
20260704,000000,70W,5,2026,7,4,0,22.6,107.8,99300.0,2026-07-04,2026-07-04,993.0
20260704,000000,70W,5,2026,7,4,0,23.1,108.2,99400.0,2026-07-04,2026-07-04,994.0
20260704,000000,70W,5,2026,7,4,0,24.3,108.5,99600.0,2026-07-04,2026-07-04,996.0
20260704,000000,70W,5,2026,7,4,0,25.0,108.10000000000001,99700.0,2026-07-04,2026-07-04,997.0
20260704,000000,70W,5,2026,7,4,0,25.6,108.9,99700.0,2026-07-04,2026-07-04,997.0
20260704,000000,70W,5,2026,7,4,0,26.6,109.10000000000001,99700.0,2026-07-04,2026-07-04,997.0
20260704,000000,70W,5,2026,7,4,0,27.3,109.60000000000001,99500.0,2026-07-04,2026-07-04,995.0
20260704,000000,70W,5,2026,7,4,0,27.900000000000002,110.60000000000001,99600.0,2026-07-04,2026-07-04,996.0
20260704,000000,70W,5,2026,7,4,0,29.1,112.0,99400.0,2026-07-04,2026-07-04,994.0
20260704,000000,70W,5,2026,7,4,0,29.400000000000002,112.8,99400.0,2026-07-04,2026-07-04,994.0
20260704,000000,70W,5,2026,7,4,0,30.400000000000002,113.7,99600.0,2026-07-04,2026-07-04,996.0
20260704,000000,70W,6,2026,7,4,0,20.6,107.9,98700.0,2026-07-04,2026-07-04,987.0
20260704,000000,70W,6,2026,7,4,0,21.400000000000002,108.0,99100.0,2026-07-04,2026-07-04,991.0
20260704,000000,70W,6,2026,7,4,0,22.0,107.60000000000001,99500.0,2026-07-04,2026-07-04,995.0
20260704,000000,70W,6,2026,7,4,0,22.3,107.8,99400.0,2026-07-04,2026-07-04,994.0
20260704,000000,70W,6,2026,7,4,0,22.900000000000002,107.9,99400.0,2026-07-04,2026-07-04,994.0
20260704,000000,70W,6,2026,7,4,0,23.7,108.2,99400.0,2026-07-04,2026-07-04,994.0
20260704,000000,70W,6,2026,7,4,0,24.7,108.2,99400.0,2026-07-04,2026-07-04,994.0
20260704,000000,70W,6,2026,7,4,0,25.400000000000002,108.2,99600.0,2026-07-04,2026-07-04,996.0
20260704,000000,70W,6,2026,7,4,0,25.900000000000002,108.4,99600.0,2026-07-04,2026-07-04,996.0
20260704,000000,70W,6,2026,7,4,0,27.2,108.9,99600.0,2026-07-04,2026-07-04,996.0
20260704,000000,70W,6,2026,7,4,0,27.3,109.0,99600.0,2026-07-04,2026-07-04,996.0
20260704,000000,70W,6,2026,7,4,0,27.900000000000002,110.60000000000001,99600.0,2026-07-04,2026-07-04,996.0
20260704,000000,70W,6,2026,7,4,0,28.7,111.3,99500.0,2026-07-04,2026-07-04,995.0
20260704,000000,70W,6,2026,7,4,0,30.5,112.4,99400.0,2026-07-04,2026-07-04,994.0
20260704,000000,70W,6,2026,7,4,0,30.3,112.10000000000001,99300.0,2026-07-04,2026-07-04,993.0
20260704,000000,70W,6,2026,7,4,0,31.3,112.7,99500.0,2026-07-04,2026-07-04,995.0
20260704,000000,70W,6,2026,7,4,0,31.8,113.4,99500.0,2026-07-04,2026-07-04,995.0
20260704,000000,70W,6,2026,7,4,0,32.7,114.5,99600.0,2026-07-04,2026-07-04,996.0
20260704,000000,70W,6,2026,7,4,0,33.4,115.5,99700.0,2026-07-04,2026-07-04,997.0
20260704,000000,70W,6,2026,7,4,0,34.4,116.9,99600.0,2026-07-04,2026-07-04,996.0
20260704,000000,70W,6,2026,7,4,0,35.2,118.0,99700.0,2026-07-04,2026-07-04,997.0
20260704,000000,70W,6,2026,7,4,0,36.2,119.7,100000.0,2026-07-04,2026-07-04,1000.0
20260704,000000,70W,6,2026,7,4,0,37.7,121.5,100000.0,2026-07-04,2026-07-04,1000.0
20260704,000000,70W,6,2026,7,4,0,38.9,122.9,100200.0,2026-07-04,2026-07-04,1002.0
20260704,000000,70W,7,2026,7,4,0,20.6,108.10000000000001,98700.0,2026-07-04,2026-07-04,987.0
20260704,000000,70W,7,2026,7,4,0,21.900000000000002,107.60000000000001,99400.0,2026-07-04,2026-07-04,994.0
20260704,000000,70W,7,2026,7,4,0,22.0,107.60000000000001,99500.0,2026-07-04,2026-07-04,995.0
20260704,000000,70W,7,2026,7,4,0,22.400000000000002,107.8,99400.0,2026-07-04,2026-07-04,994.0
20260704,000000,70W,7,2026,7,4,0,23.1,108.0,99500.0,2026-07-04,2026-07-04,995.0
20260704,000000,70W,7,2026,7,4,0,23.5,107.9,99800.0,2026-07-04,2026-07-04,998.0
20260704,000000,70W,7,2026,7,4,0,24.5,108.7,99800.0,2026-07-04,2026-07-04,998.0
20260704,000000,70W,7,2026,7,4,0,24.5,108.2,99800.0,2026-07-04,2026-07-04,998.0
20260704,000000,70W,7,2026,7,4,0,23.7,106.9,99700.0,2026-07-04,2026-07-04,997.0
20260704,000000,70W,7,2026,7,4,0,25.0,108.10000000000001,99900.0,2026-07-04,2026-07-04,999.0
20260704,000000,70W,7,2026,7,4,0,23.7,106.7,99900.0,2026-07-04,2026-07-04,999.0
20260704,000000,70W,7,2026,7,4,0,23.7,106.8,99900.0,2026-07-04,2026-07-04,999.0
20260704,000000,70W,7,2026,7,4,0,24.400000000000002,109.3,100100.0,2026-07-04,2026-07-04,1001.0
20260704,000000,70W,7,2026,7,4,0,22.8,109.0,100000.0,2026-07-04,2026-07-04,1000.0
20260704,000000,70W,7,2026,7,4,0,24.400000000000002,109.3,100100.0,2026-07-04,2026-07-04,1001.0
20260704,000000,70W,7,2026,7,4,0,24.900000000000002,109.0,100100.0,2026-07-04,2026-07-04,1001.0
20260704,000000,70W,7,2026,7,4,0,28.0,110.10000000000001,99800.0,2026-07-04,2026-07-04,998.0
20260704,000000,70W,8,2026,7,4,0,20.6,108.0,99300.0,2026-07-04,2026-07-04,993.0
20260704,000000,70W,8,2026,7,4,0,21.400000000000002,107.10000000000001,99500.0,2026-07-04,2026-07-04,995.0
20260704,000000,70W,8,2026,7,4,0,22.0,107.0,99400.0,2026-07-04,2026-07-04,994.0
20260704,000000,70W,8,2026,7,4,0,22.3,106.8,99000.0,2026-07-04,2026-07-04,990.0
20260704,000000,70W,8,2026,7,4,0,22.6,106.60000000000001,99200.0,2026-07-04,2026-07-04,992.0
20260704,000000,70W,8,2026,7,4,0,23.0,106.8,99100.0,2026-07-04,2026-07-04,991.0
20260704,000000,70W,8,2026,7,4,0,23.7,106.9,98900.0,2026-07-04,2026-07-04,989.0
20260704,000000,70W,8,2026,7,4,0,24.0,106.5,99100.0,2026-07-04,2026-07-04,991.0
20260704,000000,70W,8,2026,7,4,0,24.7,106.10000000000001,99200.0,2026-07-04,2026-07-04,992.0
20260704,000000,70W,8,2026,7,4,0,24.8,105.4,99400.0,2026-07-04,2026-07-04,994.0
20260704,000000,70W,8,2026,7,4,0,24.2,105.8,99400.0,2026-07-04,2026-07-04,994.0
20260704,000000,70W,8,2026,7,4,0,23.8,106.10000000000001,99500.0,2026-07-04,2026-07-04,995.0
20260704,000000,70W,8,2026,7,4,0,23.7,106.9,99500.0,2026-07-04,2026-07-04,995.0
20260704,000000,70W,8,2026,7,4,0,23.3,106.8,99500.0,2026-07-04,2026-07-04,995.0
20260704,000000,70W,8,2026,7,4,0,22.6,106.10000000000001,99500.0,2026-07-04,2026-07-04,995.0
20260704,000000,70W,8,2026,7,4,0,23.2,106.9,99500.0,2026-07-04,2026-07-04,995.0
20260704,000000,70W,8,2026,7,4,0,23.7,107.0,99400.0,2026-07-04,2026-07-04,994.0
20260704,000000,70W,8,2026,7,4,0,23.7,107.0,99400.0,2026-07-04,2026-07-04,994.0
20260704,000000,70W,8,2026,7,4,0,23.900000000000002,106.5,99400.0,2026-07-04,2026-07-04,994.0
20260704,000000,70W,8,2026,7,4,0,23.8,106.10000000000001,99500.0,2026-07-04,2026-07-04,995.0
20260704,000000,70W,8,2026,7,4,0,24.2,105.7,99500.0,2026-07-04,2026-07-04,995.0
20260704,000000,70W,8,2026,7,4,0,24.0,105.4,99800.0,2026-07-04,2026-07-04,998.0
20260704,000000,70W,9,2026,7,4,0,20.5,107.9,99400.0,2026-07-04,2026-07-04,994.0
20260704,000000,70W,9,2026,7,4,0,21.2,107.60000000000001,99500.0,2026-07-04,2026-07-04,995.0
20260704,000000,70W,9,2026,7,4,0,22.0,107.60000000000001,99700.0,2026-07-04,2026-07-04,997.0
20260704,000000,70W,9,2026,7,4,0,22.400000000000002,107.4,99600.0,2026-07-04,2026-07-04,996.0
20260704,000000,70W,9,2026,7,4,0,22.6,107.5,99600.0,2026-07-04,2026-07-04,996.0
20260704,000000,70W,9,2026,7,4,0,23.3,107.60000000000001,99700.0,2026-07-04,2026-07-04,997.0
20260704,000000,70W,9,2026,7,4,0,24.2,108.0,99800.0,2026-07-04,2026-07-04,998.0
20260704,000000,70W,9,2026,7,4,0,25.0,108.10000000000001,99800.0,2026-07-04,2026-07-04,998.0
20260704,000000,70W,9,2026,7,4,0,26.0,107.8,99800.0,2026-07-04,2026-07-04,998.0
20260704,000000,70W,9,2026,7,4,0,27.900000000000002,110.10000000000001,99900.0,2026-07-04,2026-07-04,999.0
20260704,000000,70W,9,2026,7,4,0,28.400000000000002,110.3,100000.0,2026-07-04,2026-07-04,1000.0
20260704,000000,70W,10,2026,7,4,0,20.7,107.5,99400.0,2026-07-04,2026-07-04,994.0
20260704,000000,70W,10,2026,7,4,0,21.2,108.0,99400.0,2026-07-04,2026-07-04,994.0
20260704,000000,70W,10,2026,7,4,0,22.400000000000002,107.9,99600.0,2026-07-04,2026-07-04,996.0
20260704,000000,70W,10,2026,7,4,0,22.8,108.10000000000001,99500.0,2026-07-04,2026-07-04,995.0
20260704,000000,70W,10,2026,7,4,0,23.400000000000002,108.10000000000001,99600.0,2026-07-04,2026-07-04,996.0
20260704,000000,70W,10,2026,7,4,0,24.2,109.2,99700.0,2026-07-04,2026-07-04,997.0
20260704,000000,70W,10,2026,7,4,0,25.6,108.9,99700.0,2026-07-04,2026-07-04,997.0
20260704,000000,70W,10,2026,7,4,0,25.7,109.60000000000001,99700.0,2026-07-04,2026-07-04,997.0
20260704,000000,70W,10,2026,7,4,0,26.6,109.60000000000001,99700.0,2026-07-04,2026-07-04,997.0
20260704,000000,70W,10,2026,7,4,0,27.900000000000002,110.10000000000001,99700.0,2026-07-04,2026-07-04,997.0
20260704,000000,70W,10,2026,7,4,0,28.7,111.3,99800.0,2026-07-04,2026-07-04,998.0
20260704,000000,70W,10,2026,7,4,0,28.8,112.60000000000001,99700.0,2026-07-04,2026-07-04,997.0
20260704,000000,70W,10,2026,7,4,0,31.5,112.4,99700.0,2026-07-04,2026-07-04,997.0
20260704,000000,70W,10,2026,7,4,0,31.6,112.0,99700.0,2026-07-04,2026-07-04,997.0
20260704,000000,70W,11,2026,7,4,0,20.6,108.0,98900.0,2026-07-04,2026-07-04,989.0
20260704,000000,70W,11,2026,7,4,0,21.2,107.8,99200.0,2026-07-04,2026-07-04,992.0
20260704,000000,70W,11,2026,7,4,0,21.5,107.7,99600.0,2026-07-04,2026-07-04,996.0
20260704,000000,70W,11,2026,7,4,0,22.3,107.5,99500.0,2026-07-04,2026-07-04,995.0
20260704,000000,70W,11,2026,7,4,0,22.900000000000002,107.8,99400.0,2026-07-04,2026-07-04,994.0
20260704,000000,70W,11,2026,7,4,0,23.5,107.9,99500.0,2026-07-04,2026-07-04,995.0
20260704,000000,70W,11,2026,7,4,0,24.400000000000002,108.2,99600.0,2026-07-04,2026-07-04,996.0
20260704,000000,70W,11,2026,7,4,0,25.2,108.0,99700.0,2026-07-04,2026-07-04,997.0
20260704,000000,70W,11,2026,7,4,0,27.0,109.3,99900.0,2026-07-04,2026-07-04,999.0
20260704,000000,70W,11,2026,7,4,0,27.7,109.60000000000001,99700.0,2026-07-04,2026-07-04,997.0
20260704,000000,70W,11,2026,7,4,0,28.7,111.3,99800.0,2026-07-04,2026-07-04,998.0
20260704,000000,70W,11,2026,7,4,0,29.400000000000002,112.3,99600.0,2026-07-04,2026-07-04,996.0
20260704,000000,70W,11,2026,7,4,0,30.8,113.2,99400.0,2026-07-04,2026-07-04,994.0
20260704,000000,70W,11,2026,7,4,0,32.4,114.60000000000001,99500.0,2026-07-04,2026-07-04,995.0
20260704,000000,70W,11,2026,7,4,0,33.7,116.10000000000001,99600.0,2026-07-04,2026-07-04,996.0
20260704,000000,70W,11,2026,7,4,0,36.2,117.4,99600.0,2026-07-04,2026-07-04,996.0
20260704,000000,70W,11,2026,7,4,0,38.0,119.3,99600.0,2026-07-04,2026-07-04,996.0
20260704,000000,70W,11,2026,7,4,0,40.7,121.9,99600.0,2026-07-04,2026-07-04,996.0
20260704,000000,70W,12,2026,7,4,0,20.7,107.7,99400.0,2026-07-04,2026-07-04,994.0
20260704,000000,70W,12,2026,7,4,0,21.2,107.5,99400.0,2026-07-04,2026-07-04,994.0
20260704,000000,70W,12,2026,7,4,0,21.5,107.7,99600.0,2026-07-04,2026-07-04,996.0
20260704,000000,70W,12,2026,7,4,0,22.6,107.7,99600.0,2026-07-04,2026-07-04,996.0
20260704,000000,70W,12,2026,7,4,0,22.6,107.7,99600.0,2026-07-04,2026-07-04,996.0
20260704,000000,70W,12,2026,7,4,0,23.3,108.10000000000001,99600.0,2026-07-04,2026-07-04,996.0
20260704,000000,70W,12,2026,7,4,0,24.7,108.5,99500.0,2026-07-04,2026-07-04,995.0
20260704,000000,70W,12,2026,7,4,0,25.6,108.9,99600.0,2026-07-04,2026-07-04,996.0
20260704,000000,70W,12,2026,7,4,0,26.6,109.10000000000001,99500.0,2026-07-04,2026-07-04,995.0
20260704,000000,70W,12,2026,7,4,0,27.400000000000002,109.8,99400.0,2026-07-04,2026-07-04,994.0
20260704,000000,70W,12,2026,7,4,0,28.5,110.3,99600.0,2026-07-04,2026-07-04,996.0
20260704,000000,70W,12,2026,7,4,0,28.900000000000002,111.3,99400.0,2026-07-04,2026-07-04,994.0
20260704,000000,70W,12,2026,7,4,0,29.6,112.0,99400.0,2026-07-04,2026-07-04,994.0
20260704,000000,70W,12,2026,7,4,0,30.0,112.9,99400.0,2026-07-04,2026-07-04,994.0
20260704,000000,70W,12,2026,7,4,0,31.3,114.4,99300.0,2026-07-04,2026-07-04,993.0
20260704,000000,70W,12,2026,7,4,0,32.5,116.5,99500.0,2026-07-04,2026-07-04,995.0
20260704,000000,70W,12,2026,7,4,0,33.7,118.7,99700.0,2026-07-04,2026-07-04,997.0
20260704,000000,70W,12,2026,7,4,0,34.800000000000004,120.2,99700.0,2026-07-04,2026-07-04,997.0
20260704,000000,70W,12,2026,7,4,0,37.2,123.10000000000001,99700.0,2026-07-04,2026-07-04,997.0
20260704,000000,70W,12,2026,7,4,0,38.800000000000004,125.10000000000001,99400.0,2026-07-04,2026-07-04,994.0
20260704,000000,70W,12,2026,7,4,0,39.1,128.3,99800.0,2026-07-04,2026-07-04,998.0
20260704,000000,70W,13,2026,7,4,0,20.900000000000002,107.8,99000.0,2026-07-04,2026-07-04,990.0
20260704,000000,70W,13,2026,7,4,0,21.3,107.60000000000001,99300.0,2026-07-04,2026-07-04,993.0
20260704,000000,70W,13,2026,7,4,0,22.3,107.5,99300.0,2026-07-04,2026-07-04,993.0
20260704,000000,70W,13,2026,7,4,0,22.400000000000002,107.60000000000001,99100.0,2026-07-04,2026-07-04,991.0
20260704,000000,70W,13,2026,7,4,0,23.0,107.8,99300.0,2026-07-04,2026-07-04,993.0
20260704,000000,70W,13,2026,7,4,0,23.7,108.0,99600.0,2026-07-04,2026-07-04,996.0
20260704,000000,70W,13,2026,7,4,0,25.0,108.10000000000001,99700.0,2026-07-04,2026-07-04,997.0
20260704,000000,70W,13,2026,7,4,0,23.7,108.0,99800.0,2026-07-04,2026-07-04,998.0
20260704,000000,70W,13,2026,7,4,0,26.0,108.4,99700.0,2026-07-04,2026-07-04,997.0
20260704,000000,70W,13,2026,7,4,0,24.900000000000002,108.2,99600.0,2026-07-04,2026-07-04,996.0
20260704,000000,70W,13,2026,7,4,0,27.8,109.7,99600.0,2026-07-04,2026-07-04,996.0
20260704,000000,70W,13,2026,7,4,0,27.900000000000002,110.10000000000001,99600.0,2026-07-04,2026-07-04,996.0
20260704,000000,70W,13,2026,7,4,0,29.2,111.8,99700.0,2026-07-04,2026-07-04,997.0
20260704,000000,70W,13,2026,7,4,0,28.900000000000002,111.7,99600.0,2026-07-04,2026-07-04,996.0
20260704,000000,70W,13,2026,7,4,0,29.8,112.5,99700.0,2026-07-04,2026-07-04,997.0
20260704,000000,70W,13,2026,7,4,0,30.6,113.2,99700.0,2026-07-04,2026-07-04,997.0
20260704,000000,70W,14,2026,7,4,0,20.3,107.4,99400.0,2026-07-04,2026-07-04,994.0
20260704,000000,70W,14,2026,7,4,0,21.2,107.7,99500.0,2026-07-04,2026-07-04,995.0
20260704,000000,70W,14,2026,7,4,0,22.3,107.5,99700.0,2026-07-04,2026-07-04,997.0
20260704,000000,70W,14,2026,7,4,0,22.3,107.5,99800.0,2026-07-04,2026-07-04,998.0
20260704,000000,70W,14,2026,7,4,0,23.0,108.10000000000001,99700.0,2026-07-04,2026-07-04,997.0
20260704,000000,70W,14,2026,7,4,0,23.8,108.10000000000001,100000.0,2026-07-04,2026-07-04,1000.0
20260704,000000,70W,14,2026,7,4,0,24.6,108.2,100000.0,2026-07-04,2026-07-04,1000.0
20260704,000000,70W,14,2026,7,4,0,25.6,109.0,100100.0,2026-07-04,2026-07-04,1001.0
20260704,000000,70W,14,2026,7,4,0,27.7,108.2,99800.0,2026-07-04,2026-07-04,998.0
20260704,000000,70W,15,2026,7,4,0,20.900000000000002,107.9,99400.0,2026-07-04,2026-07-04,994.0
20260704,000000,70W,15,2026,7,4,0,21.5,107.8,99600.0,2026-07-04,2026-07-04,996.0
20260704,000000,70W,15,2026,7,4,0,22.3,107.5,99600.0,2026-07-04,2026-07-04,996.0
20260704,000000,70W,15,2026,7,4,0,22.6,107.7,99500.0,2026-07-04,2026-07-04,995.0
20260704,000000,70W,15,2026,7,4,0,23.3,107.60000000000001,99600.0,2026-07-04,2026-07-04,996.0
20260704,000000,70W,15,2026,7,4,0,24.400000000000002,108.3,99500.0,2026-07-04,2026-07-04,995.0
20260704,000000,70W,15,2026,7,4,0,25.3,108.2,99800.0,2026-07-04,2026-07-04,998.0
20260704,000000,70W,15,2026,7,4,0,26.3,109.0,99800.0,2026-07-04,2026-07-04,998.0
20260704,000000,70W,15,2026,7,4,0,27.3,109.0,99600.0,2026-07-04,2026-07-04,996.0
20260704,000000,70W,15,2026,7,4,0,27.7,109.60000000000001,99700.0,2026-07-04,2026-07-04,997.0
20260704,000000,70W,15,2026,7,4,0,28.400000000000002,110.3,99500.0,2026-07-04,2026-07-04,995.0
20260704,000000,70W,15,2026,7,4,0,28.900000000000002,111.5,99500.0,2026-07-04,2026-07-04,995.0
20260704,000000,70W,15,2026,7,4,0,29.6,112.2,99500.0,2026-07-04,2026-07-04,995.0
20260704,000000,70W,15,2026,7,4,0,30.1,112.8,99600.0,2026-07-04,2026-07-04,996.0
20260704,000000,70W,15,2026,7,4,0,31.0,114.3,99600.0,2026-07-04,2026-07-04,996.0
20260704,000000,70W,15,2026,7,4,0,32.2,115.8,99900.0,2026-07-04,2026-07-04,999.0
20260704,000000,70W,16,2026,7,4,0,20.7,107.5,99300.0,2026-07-04,2026-07-04,993.0
20260704,000000,70W,16,2026,7,4,0,21.3,107.8,99300.0,2026-07-04,2026-07-04,993.0
20260704,000000,70W,16,2026,7,4,0,22.0,107.7,99600.0,2026-07-04,2026-07-04,996.0
20260704,000000,70W,16,2026,7,4,0,22.400000000000002,108.10000000000001,99400.0,2026-07-04,2026-07-04,994.0
20260704,000000,70W,16,2026,7,4,0,23.3,108.7,99400.0,2026-07-04,2026-07-04,994.0
20260704,000000,70W,16,2026,7,4,0,24.400000000000002,108.9,99500.0,2026-07-04,2026-07-04,995.0
20260704,000000,70W,16,2026,7,4,0,25.2,109.3,99500.0,2026-07-04,2026-07-04,995.0
20260704,000000,70W,16,2026,7,4,0,26.3,110.3,99500.0,2026-07-04,2026-07-04,995.0
20260704,000000,70W,16,2026,7,4,0,27.900000000000002,110.60000000000001,99500.0,2026-07-04,2026-07-04,995.0
20260704,000000,70W,16,2026,7,4,0,28.7,111.3,99500.0,2026-07-04,2026-07-04,995.0
20260704,000000,70W,16,2026,7,4,0,29.5,112.3,99400.0,2026-07-04,2026-07-04,994.0
20260704,000000,70W,16,2026,7,4,0,30.400000000000002,113.7,99400.0,2026-07-04,2026-07-04,994.0
20260704,000000,70W,16,2026,7,4,0,31.7,116.0,99400.0,2026-07-04,2026-07-04,994.0
20260704,000000,70W,16,2026,7,4,0,33.1,117.5,99200.0,2026-07-04,2026-07-04,992.0
20260704,000000,70W,16,2026,7,4,0,34.800000000000004,120.0,98700.0,2026-07-04,2026-07-04,987.0
20260704,000000,70W,16,2026,7,4,0,37.0,122.9,98800.0,2026-07-04,2026-07-04,988.0
20260704,000000,70W,16,2026,7,4,0,39.4,124.2,98900.0,2026-07-04,2026-07-04,989.0
20260704,000000,70W,16,2026,7,4,0,42.300000000000004,125.7,99000.0,2026-07-04,2026-07-04,990.0
20260704,000000,70W,16,2026,7,4,0,45.800000000000004,127.60000000000001,99700.0,2026-07-04,2026-07-04,997.0
20260704,000000,70W,16,2026,7,4,0,46.1,127.9,99600.0,2026-07-04,2026-07-04,996.0
20260704,000000,70W,16,2026,7,4,0,46.800000000000004,126.9,99900.0,2026-07-04,2026-07-04,999.0
20260704,000000,70W,16,2026,7,4,0,47.7,126.7,100000.0,2026-07-04,2026-07-04,1000.0
20260704,000000,70W,17,2026,7,4,0,20.6,107.9,99500.0,2026-07-04,2026-07-04,995.0
20260704,000000,70W,17,2026,7,4,0,21.2,107.4,99700.0,2026-07-04,2026-07-04,997.0
20260704,000000,70W,17,2026,7,4,0,21.2,107.2,99700.0,2026-07-04,2026-07-04,997.0
20260704,000000,70W,17,2026,7,4,0,21.900000000000002,107.60000000000001,99600.0,2026-07-04,2026-07-04,996.0
20260704,000000,70W,17,2026,7,4,0,22.3,107.5,99500.0,2026-07-04,2026-07-04,995.0
20260704,000000,70W,17,2026,7,4,0,23.3,107.60000000000001,99700.0,2026-07-04,2026-07-04,997.0
20260704,000000,70W,17,2026,7,4,0,24.0,107.5,99900.0,2026-07-04,2026-07-04,999.0
20260704,000000,70W,17,2026,7,4,0,24.7,107.8,100000.0,2026-07-04,2026-07-04,1000.0
20260704,000000,70W,17,2026,7,4,0,25.400000000000002,105.8,99800.0,2026-07-04,2026-07-04,998.0
20260704,000000,70W,17,2026,7,4,0,23.7,106.9,100200.0,2026-07-04,2026-07-04,1002.0
20260704,000000,70W,18,2026,7,4,0,20.6,108.2,99200.0,2026-07-04,2026-07-04,992.0
20260704,000000,70W,18,2026,7,4,0,21.400000000000002,107.7,99300.0,2026-07-04,2026-07-04,993.0
20260704,000000,70W,18,2026,7,4,0,22.3,107.8,99300.0,2026-07-04,2026-07-04,993.0
20260704,000000,70W,18,2026,7,4,0,22.8,108.2,99200.0,2026-07-04,2026-07-04,992.0
20260704,000000,70W,18,2026,7,4,0,23.5,108.2,99300.0,2026-07-04,2026-07-04,993.0
20260704,000000,70W,18,2026,7,4,0,24.5,108.8,99200.0,2026-07-04,2026-07-04,992.0
20260704,000000,70W,18,2026,7,4,0,26.2,109.2,99200.0,2026-07-04,2026-07-04,992.0
20260704,000000,70W,18,2026,7,4,0,26.8,109.9,99300.0,2026-07-04,2026-07-04,993.0
20260704,000000,70W,18,2026,7,4,0,28.0,110.7,99400.0,2026-07-04,2026-07-04,994.0
20260704,000000,70W,18,2026,7,4,0,29.1,111.7,99300.0,2026-07-04,2026-07-04,993.0
20260704,000000,70W,18,2026,7,4,0,30.1,112.8,99300.0,2026-07-04,2026-07-04,993.0
20260704,000000,70W,18,2026,7,4,0,30.6,114.5,99400.0,2026-07-04,2026-07-04,994.0
20260704,000000,70W,18,2026,7,4,0,31.400000000000002,117.10000000000001,99400.0,2026-07-04,2026-07-04,994.0
20260704,000000,70W,18,2026,7,4,0,32.9,119.60000000000001,99300.0,2026-07-04,2026-07-04,993.0
20260704,000000,70W,18,2026,7,4,0,34.800000000000004,122.0,99100.0,2026-07-04,2026-07-04,991.0
20260704,000000,70W,18,2026,7,4,0,37.7,124.0,98800.0,2026-07-04,2026-07-04,988.0
20260704,000000,70W,18,2026,7,4,0,44.9,123.7,100000.0,2026-07-04,2026-07-04,1000.0
20260704,000000,70W,19,2026,7,4,0,20.400000000000002,107.8,99400.0,2026-07-04,2026-07-04,994.0
20260704,000000,70W,19,2026,7,4,0,21.5,107.8,99500.0,2026-07-04,2026-07-04,995.0
20260704,000000,70W,19,2026,7,4,0,22.3,107.5,99600.0,2026-07-04,2026-07-04,996.0
20260704,000000,70W,19,2026,7,4,0,22.3,107.2,99500.0,2026-07-04,2026-07-04,995.0
20260704,000000,70W,19,2026,7,4,0,22.6,107.5,99600.0,2026-07-04,2026-07-04,996.0
20260704,000000,70W,19,2026,7,4,0,22.3,107.8,99600.0,2026-07-04,2026-07-04,996.0
20260704,000000,70W,19,2026,7,4,0,23.7,107.8,99600.0,2026-07-04,2026-07-04,996.0
20260704,000000,70W,19,2026,7,4,0,24.5,108.2,99400.0,2026-07-04,2026-07-04,994.0
20260704,000000,70W,19,2026,7,4,0,25.400000000000002,108.10000000000001,99600.0,2026-07-04,2026-07-04,996.0
20260704,000000,70W,19,2026,7,4,0,26.0,107.9,99600.0,2026-07-04,2026-07-04,996.0
20260704,000000,70W,19,2026,7,4,0,26.3,108.4,99800.0,2026-07-04,2026-07-04,998.0
20260704,000000,70W,19,2026,7,4,0,27.1,108.8,99900.0,2026-07-04,2026-07-04,999.0
20260704,000000,70W,19,2026,7,4,0,27.1,109.60000000000001,99800.0,2026-07-04,2026-07-04,998.0
20260704,000000,70W,19,2026,7,4,0,28.3,111.3,99700.0,2026-07-04,2026-07-04,997.0
20260704,000000,70W,19,2026,7,4,0,29.5,111.9,99600.0,2026-07-04,2026-07-04,996.0
20260704,000000,70W,19,2026,7,4,0,30.2,113.10000000000001,99700.0,2026-07-04,2026-07-04,997.0
20260704,000000,70W,20,2026,7,4,0,21.1,108.4,99300.0,2026-07-04,2026-07-04,993.0
20260704,000000,70W,20,2026,7,4,0,22.3,107.60000000000001,99400.0,2026-07-04,2026-07-04,994.0
20260704,000000,70W,20,2026,7,4,0,22.900000000000002,107.9,99500.0,2026-07-04,2026-07-04,995.0
20260704,000000,70W,20,2026,7,4,0,23.7,108.0,99600.0,2026-07-04,2026-07-04,996.0
20260704,000000,70W,20,2026,7,4,0,24.400000000000002,108.2,99500.0,2026-07-04,2026-07-04,995.0
20260704,000000,70W,20,2026,7,4,0,24.900000000000002,109.0,99500.0,2026-07-04,2026-07-04,995.0
20260704,000000,70W,20,2026,7,4,0,26.6,109.10000000000001,99300.0,2026-07-04,2026-07-04,993.0
20260704,000000,70W,20,2026,7,4,0,26.900000000000002,109.3,99500.0,2026-07-04,2026-07-04,995.0
20260704,000000,70W,20,2026,7,4,0,27.900000000000002,110.10000000000001,99300.0,2026-07-04,2026-07-04,993.0
20260704,000000,70W,20,2026,7,4,0,28.7,111.3,99500.0,2026-07-04,2026-07-04,995.0
20260704,000000,70W,20,2026,7,4,0,30.400000000000002,112.60000000000001,99300.0,2026-07-04,2026-07-04,993.0
20260704,000000,70W,20,2026,7,4,0,32.0,115.7,99200.0,2026-07-04,2026-07-04,992.0
20260704,000000,70W,20,2026,7,4,0,33.7,118.10000000000001,99200.0,2026-07-04,2026-07-04,992.0
20260704,000000,70W,20,2026,7,4,0,35.9,120.3,99100.0,2026-07-04,2026-07-04,991.0
20260704,000000,70W,20,2026,7,4,0,39.300000000000004,120.9,98700.0,2026-07-04,2026-07-04,987.0
20260704,000000,70W,20,2026,7,4,0,41.0,121.7,99000.0,2026-07-04,2026-07-04,990.0
20260704,000000,70W,20,2026,7,4,0,43.5,122.60000000000001,98800.0,2026-07-04,2026-07-04,988.0
20260704,000000,70W,20,2026,7,4,0,44.6,123.0,98300.0,2026-07-04,2026-07-04,983.0
20260704,000000,70W,20,2026,7,4,0,46.2,123.8,98500.0,2026-07-04,2026-07-04,985.0
20260704,000000,70W,20,2026,7,4,0,47.9,124.2,98800.0,2026-07-04,2026-07-04,988.0
20260704,000000,70W,20,2026,7,4,0,48.800000000000004,124.0,99000.0,2026-07-04,2026-07-04,990.0
20260704,000000,70W,20,2026,7,4,0,49.5,124.0,99400.0,2026-07-04,2026-07-04,994.0
20260704,000000,70W,20,2026,7,4,0,50.5,123.7,99500.0,2026-07-04,2026-07-04,995.0
20260704,000000,70W,20,2026,7,4,0,50.5,123.60000000000001,99700.0,2026-07-04,2026-07-04,997.0
20260704,000000,70W,20,2026,7,4,0,52.1,124.0,99900.0,2026-07-04,2026-07-04,999.0
20260704,000000,70W,21,2026,7,4,0,20.8,108.3,99100.0,2026-07-04,2026-07-04,991.0
20260704,000000,70W,21,2026,7,4,0,21.5,107.7,99300.0,2026-07-04,2026-07-04,993.0
20260704,000000,70W,21,2026,7,4,0,22.1,107.4,99100.0,2026-07-04,2026-07-04,991.0
20260704,000000,70W,21,2026,7,4,0,22.6,107.5,99000.0,2026-07-04,2026-07-04,990.0
20260704,000000,70W,21,2026,7,4,0,23.3,107.60000000000001,99100.0,2026-07-04,2026-07-04,991.0
20260704,000000,70W,21,2026,7,4,0,24.400000000000002,107.7,99200.0,2026-07-04,2026-07-04,992.0
20260704,000000,70W,21,2026,7,4,0,25.2,108.0,99200.0,2026-07-04,2026-07-04,992.0
20260704,000000,70W,21,2026,7,4,0,26.0,107.9,99400.0,2026-07-04,2026-07-04,994.0
20260704,000000,70W,21,2026,7,4,0,27.1,108.7,99500.0,2026-07-04,2026-07-04,995.0
20260704,000000,70W,21,2026,7,4,0,27.7,109.0,99500.0,2026-07-04,2026-07-04,995.0
20260704,000000,70W,21,2026,7,4,0,27.8,109.60000000000001,99600.0,2026-07-04,2026-07-04,996.0
20260704,000000,70W,21,2026,7,4,0,27.900000000000002,110.10000000000001,99700.0,2026-07-04,2026-07-04,997.0
20260704,000000,70W,21,2026,7,4,0,29.0,111.3,99700.0,2026-07-04,2026-07-04,997.0
20260704,000000,70W,21,2026,7,4,0,28.7,111.3,99700.0,2026-07-04,2026-07-04,997.0
20260704,000000,70W,21,2026,7,4,0,31.0,114.8,99900.0,2026-07-04,2026-07-04,999.0
20260704,000000,70W,22,2026,7,4,0,20.5,107.9,97800.0,2026-07-04,2026-07-04,978.0
20260704,000000,70W,22,2026,7,4,0,21.400000000000002,108.0,97900.0,2026-07-04,2026-07-04,979.0
20260704,000000,70W,22,2026,7,4,0,22.0,107.60000000000001,98900.0,2026-07-04,2026-07-04,989.0
20260704,000000,70W,22,2026,7,4,0,22.6,107.8,99000.0,2026-07-04,2026-07-04,990.0
20260704,000000,70W,22,2026,7,4,0,23.0,108.0,99200.0,2026-07-04,2026-07-04,992.0
20260704,000000,70W,22,2026,7,4,0,24.1,108.4,99600.0,2026-07-04,2026-07-04,996.0
20260704,000000,70W,22,2026,7,4,0,25.0,108.10000000000001,99800.0,2026-07-04,2026-07-04,998.0
20260704,000000,70W,22,2026,7,4,0,25.6,109.0,99900.0,2026-07-04,2026-07-04,999.0
20260704,000000,70W,22,2026,7,4,0,26.900000000000002,109.4,99700.0,2026-07-04,2026-07-04,997.0
20260704,000000,70W,22,2026,7,4,0,27.900000000000002,110.10000000000001,99800.0,2026-07-04,2026-07-04,998.0
20260704,000000,70W,22,2026,7,4,0,31.0,112.5,99800.0,2026-07-04,2026-07-04,998.0
20260704,000000,70W,22,2026,7,4,0,32.4,114.9,99500.0,2026-07-04,2026-07-04,995.0
20260704,000000,70W,23,2026,7,4,0,21.0,107.9,99400.0,2026-07-04,2026-07-04,994.0
20260704,000000,70W,23,2026,7,4,0,22.0,107.7,99600.0,2026-07-04,2026-07-04,996.0
20260704,000000,70W,23,2026,7,4,0,22.6,107.5,99700.0,2026-07-04,2026-07-04,997.0
20260704,000000,70W,23,2026,7,4,0,23.6,107.9,99700.0,2026-07-04,2026-07-04,997.0
20260704,000000,70W,23,2026,7,4,0,24.7,108.10000000000001,99700.0,2026-07-04,2026-07-04,997.0
20260704,000000,70W,23,2026,7,4,0,25.900000000000002,108.4,99700.0,2026-07-04,2026-07-04,997.0
20260704,000000,70W,23,2026,7,4,0,27.3,109.60000000000001,99500.0,2026-07-04,2026-07-04,995.0
20260704,000000,70W,23,2026,7,4,0,27.5,110.2,99500.0,2026-07-04,2026-07-04,995.0
20260704,000000,70W,23,2026,7,4,0,28.900000000000002,111.4,99200.0,2026-07-04,2026-07-04,992.0
20260704,000000,70W,23,2026,7,4,0,29.900000000000002,112.10000000000001,99300.0,2026-07-04,2026-07-04,993.0
20260704,000000,70W,23,2026,7,4,0,31.1,113.60000000000001,99200.0,2026-07-04,2026-07-04,992.0
20260704,000000,70W,23,2026,7,4,0,32.3,116.60000000000001,98800.0,2026-07-04,2026-07-04,988.0
20260704,000000,70W,23,2026,7,4,0,33.8,119.60000000000001,98900.0,2026-07-04,2026-07-04,989.0
20260704,000000,70W,23,2026,7,4,0,37.7,122.0,98800.0,2026-07-04,2026-07-04,988.0
20260704,000000,70W,23,2026,7,4,0,39.5,123.3,98600.0,2026-07-04,2026-07-04,986.0
20260704,000000,70W,23,2026,7,4,0,40.9,126.7,99900.0,2026-07-04,2026-07-04,999.0
20260704,000000,70W,24,2026,7,4,0,20.5,108.10000000000001,99700.0,2026-07-04,2026-07-04,997.0
20260704,000000,70W,24,2026,7,4,0,21.3,107.7,99800.0,2026-07-04,2026-07-04,998.0
20260704,000000,70W,24,2026,7,4,0,21.3,107.7,99900.0,2026-07-04,2026-07-04,999.0
20260704,000000,70W,24,2026,7,4,0,21.5,107.8,99900.0,2026-07-04,2026-07-04,999.0
20260704,000000,70W,24,2026,7,4,0,22.3,107.60000000000001,99800.0,2026-07-04,2026-07-04,998.0
20260704,000000,70W,24,2026,7,4,0,23.0,107.8,99800.0,2026-07-04,2026-07-04,998.0
20260704,000000,70W,24,2026,7,4,0,23.3,108.2,99900.0,2026-07-04,2026-07-04,999.0
20260704,000000,70W,24,2026,7,4,0,24.3,108.0,99800.0,2026-07-04,2026-07-04,998.0
20260704,000000,70W,24,2026,7,4,0,23.7,106.8,99600.0,2026-07-04,2026-07-04,996.0
20260704,000000,70W,24,2026,7,4,0,26.7,109.60000000000001,99500.0,2026-07-04,2026-07-04,995.0
20260704,000000,70W,24,2026,7,4,0,26.8,110.0,99600.0,2026-07-04,2026-07-04,996.0
20260704,000000,70W,24,2026,7,4,0,27.7,111.2,99400.0,2026-07-04,2026-07-04,994.0
20260704,000000,70W,24,2026,7,4,0,28.400000000000002,111.7,99400.0,2026-07-04,2026-07-04,994.0
20260704,000000,70W,24,2026,7,4,0,28.900000000000002,112.10000000000001,99400.0,2026-07-04,2026-07-04,994.0
20260704,000000,70W,24,2026,7,4,0,29.5,112.9,99400.0,2026-07-04,2026-07-04,994.0
20260704,000000,70W,24,2026,7,4,0,30.2,113.9,99500.0,2026-07-04,2026-07-04,995.0
20260704,000000,70W,24,2026,7,4,0,30.900000000000002,114.4,99700.0,2026-07-04,2026-07-04,997.0
20260704,000000,70W,24,2026,7,4,0,31.8,115.9,99900.0,2026-07-04,2026-07-04,999.0
20260704,000000,70W,24,2026,7,4,0,33.0,117.8,100000.0,2026-07-04,2026-07-04,1000.0
20260704,000000,70W,24,2026,7,4,0,35.800000000000004,121.0,99800.0,2026-07-04,2026-07-04,998.0
20260704,000000,70W,24,2026,7,4,0,36.800000000000004,121.5,100100.0,2026-07-04,2026-07-04,1001.0
20260704,000000,70W,24,2026,7,4,0,38.800000000000004,124.60000000000001,100300.0,2026-07-04,2026-07-04,1003.0
20260704,000000,70W,24,2026,7,4,0,39.6,127.60000000000001,100500.0,2026-07-04,2026-07-04,1005.0
20260704,000000,70W,24,2026,7,4,0,40.5,129.5,100400.0,2026-07-04,2026-07-04,1004.0
20260704,000000,70W,24,2026,7,4,0,42.6,135.7,100600.0,2026-07-04,2026-07-04,1006.0
20260704,000000,70W,24,2026,7,4,0,42.4,139.4,100400.0,2026-07-04,2026-07-04,1004.0
20260704,000000,70W,24,2026,7,4,0,43.2,140.8,100500.0,2026-07-04,2026-07-04,1005.0
20260704,000000,70W,24,2026,7,4,0,42.4,147.4,100000.0,2026-07-04,2026-07-04,1000.0
20260704,000000,70W,25,2026,7,4,0,20.5,107.7,99300.0,2026-07-04,2026-07-04,993.0
20260704,000000,70W,25,2026,7,4,0,21.5,107.8,99500.0,2026-07-04,2026-07-04,995.0
20260704,000000,70W,25,2026,7,4,0,22.3,107.5,99500.0,2026-07-04,2026-07-04,995.0
20260704,000000,70W,25,2026,7,4,0,23.3,108.0,99500.0,2026-07-04,2026-07-04,995.0
20260704,000000,70W,25,2026,7,4,0,23.900000000000002,108.0,99600.0,2026-07-04,2026-07-04,996.0
20260704,000000,70W,25,2026,7,4,0,25.0,108.10000000000001,99600.0,2026-07-04,2026-07-04,996.0
20260704,000000,70W,25,2026,7,4,0,26.6,110.0,99500.0,2026-07-04,2026-07-04,995.0
20260704,000000,70W,25,2026,7,4,0,27.400000000000002,110.3,99300.0,2026-07-04,2026-07-04,993.0
20260704,000000,70W,25,2026,7,4,0,27.7,111.2,99100.0,2026-07-04,2026-07-04,991.0
20260704,000000,70W,25,2026,7,4,0,29.0,112.5,98900.0,2026-07-04,2026-07-04,989.0
20260704,000000,70W,25,2026,7,4,0,30.5,114.3,98800.0,2026-07-04,2026-07-04,988.0
20260704,000000,70W,25,2026,7,4,0,32.2,116.7,98700.0,2026-07-04,2026-07-04,987.0
20260704,000000,70W,25,2026,7,4,0,34.2,119.4,98600.0,2026-07-04,2026-07-04,986.0
20260704,000000,70W,25,2026,7,4,0,36.800000000000004,121.5,98200.0,2026-07-04,2026-07-04,982.0
20260704,000000,70W,25,2026,7,4,0,39.2,122.4,98100.0,2026-07-04,2026-07-04,981.0
20260704,000000,70W,25,2026,7,4,0,41.800000000000004,122.9,98500.0,2026-07-04,2026-07-04,985.0
20260704,000000,70W,25,2026,7,4,0,43.6,123.0,98400.0,2026-07-04,2026-07-04,984.0
20260704,000000,70W,25,2026,7,4,0,45.300000000000004,124.3,98500.0,2026-07-04,2026-07-04,985.0
20260704,000000,70W,25,2026,7,4,0,46.800000000000004,124.3,98500.0,2026-07-04,2026-07-04,985.0
20260704,000000,70W,25,2026,7,4,0,47.9,124.3,98800.0,2026-07-04,2026-07-04,988.0
20260704,000000,70W,25,2026,7,4,0,48.9,124.5,99100.0,2026-07-04,2026-07-04,991.0
20260704,000000,70W,25,2026,7,4,0,50.0,124.3,99400.0,2026-07-04,2026-07-04,994.0
20260704,000000,70W,26,2026,7,4,0,20.6,108.0,99600.0,2026-07-04,2026-07-04,996.0
20260704,000000,70W,26,2026,7,4,0,21.5,107.9,99700.0,2026-07-04,2026-07-04,997.0
20260704,000000,70W,26,2026,7,4,0,22.7,107.9,99800.0,2026-07-04,2026-07-04,998.0
20260704,000000,70W,26,2026,7,4,0,23.3,108.7,99700.0,2026-07-04,2026-07-04,997.0
20260704,000000,70W,26,2026,7,4,0,24.900000000000002,108.9,99700.0,2026-07-04,2026-07-04,997.0
20260704,000000,70W,26,2026,7,4,0,25.6,109.4,99700.0,2026-07-04,2026-07-04,997.0
20260704,000000,70W,26,2026,7,4,0,27.2,110.10000000000001,99600.0,2026-07-04,2026-07-04,996.0
20260704,000000,70W,26,2026,7,4,0,28.0,112.10000000000001,99400.0,2026-07-04,2026-07-04,994.0
20260704,000000,70W,26,2026,7,4,0,29.5,113.10000000000001,99200.0,2026-07-04,2026-07-04,992.0
20260704,000000,70W,26,2026,7,4,0,31.1,114.60000000000001,99200.0,2026-07-04,2026-07-04,992.0
20260704,000000,70W,26,2026,7,4,0,32.4,117.3,99000.0,2026-07-04,2026-07-04,990.0
20260704,000000,70W,26,2026,7,4,0,34.4,120.3,98300.0,2026-07-04,2026-07-04,983.0
20260704,000000,70W,26,2026,7,4,0,36.0,122.3,98300.0,2026-07-04,2026-07-04,983.0
20260704,000000,70W,26,2026,7,4,0,38.4,124.2,98800.0,2026-07-04,2026-07-04,988.0
20260704,000000,70W,26,2026,7,4,0,41.6,126.10000000000001,99300.0,2026-07-04,2026-07-04,993.0
20260704,000000,70W,27,2026,7,4,0,20.5,107.5,99500.0,2026-07-04,2026-07-04,995.0
20260704,000000,70W,27,2026,7,4,0,21.6,108.0,99600.0,2026-07-04,2026-07-04,996.0
20260704,000000,70W,27,2026,7,4,0,22.7,108.3,99600.0,2026-07-04,2026-07-04,996.0
20260704,000000,70W,27,2026,7,4,0,23.900000000000002,108.5,99600.0,2026-07-04,2026-07-04,996.0
20260704,000000,70W,27,2026,7,4,0,24.7,109.10000000000001,99600.0,2026-07-04,2026-07-04,996.0
20260704,000000,70W,27,2026,7,4,0,26.8,110.0,99500.0,2026-07-04,2026-07-04,995.0
20260704,000000,70W,27,2026,7,4,0,27.900000000000002,111.3,99400.0,2026-07-04,2026-07-04,994.0
20260704,000000,70W,27,2026,7,4,0,28.900000000000002,112.0,99100.0,2026-07-04,2026-07-04,991.0
20260704,000000,70W,27,2026,7,4,0,30.1,113.10000000000001,99000.0,2026-07-04,2026-07-04,990.0
20260704,000000,70W,27,2026,7,4,0,31.3,114.4,99400.0,2026-07-04,2026-07-04,994.0
20260704,000000,70W,27,2026,7,4,0,34.2,117.8,98900.0,2026-07-04,2026-07-04,989.0
20260704,000000,70W,27,2026,7,4,0,34.6,119.60000000000001,98500.0,2026-07-04,2026-07-04,985.0
20260704,000000,70W,27,2026,7,4,0,36.300000000000004,122.2,98500.0,2026-07-04,2026-07-04,985.0
20260704,000000,70W,27,2026,7,4,0,37.800000000000004,124.2,98700.0,2026-07-04,2026-07-04,987.0
20260704,000000,70W,27,2026,7,4,0,43.6,128.1,99600.0,2026-07-04,2026-07-04,996.0
20260704,000000,70W,27,2026,7,4,0,46.7,130.5,100500.0,2026-07-04,2026-07-04,1005.0
20260704,000000,70W,27,2026,7,4,0,46.9,131.8,100400.0,2026-07-04,2026-07-04,1004.0
20260704,000000,70W,28,2026,7,4,0,20.7,108.0,99400.0,2026-07-04,2026-07-04,994.0
20260704,000000,70W,28,2026,7,4,0,21.5,108.10000000000001,99500.0,2026-07-04,2026-07-04,995.0
20260704,000000,70W,28,2026,7,4,0,22.400000000000002,107.7,99800.0,2026-07-04,2026-07-04,998.0
20260704,000000,70W,28,2026,7,4,0,22.900000000000002,108.0,99600.0,2026-07-04,2026-07-04,996.0
20260704,000000,70W,28,2026,7,4,0,23.8,108.0,99700.0,2026-07-04,2026-07-04,997.0
20260704,000000,70W,28,2026,7,4,0,23.0,107.8,99800.0,2026-07-04,2026-07-04,998.0
20260704,000000,70W,28,2026,7,4,0,24.3,108.5,99600.0,2026-07-04,2026-07-04,996.0
20260704,000000,70W,28,2026,7,4,0,25.900000000000002,108.4,99400.0,2026-07-04,2026-07-04,994.0
20260704,000000,70W,28,2026,7,4,0,27.0,108.2,99500.0,2026-07-04,2026-07-04,995.0
20260704,000000,70W,28,2026,7,4,0,27.7,108.10000000000001,99500.0,2026-07-04,2026-07-04,995.0
20260704,000000,70W,28,2026,7,4,0,27.7,108.0,99700.0,2026-07-04,2026-07-04,997.0
20260704,000000,70W,28,2026,7,4,0,26.6,108.0,99800.0,2026-07-04,2026-07-04,998.0
20260704,000000,70W,28,2026,7,4,0,25.900000000000002,108.4,99700.0,2026-07-04,2026-07-04,997.0
20260704,000000,70W,28,2026,7,4,0,25.900000000000002,108.4,99900.0,2026-07-04,2026-07-04,999.0
20260704,000000,70W,28,2026,7,4,0,27.1,108.8,99900.0,2026-07-04,2026-07-04,999.0
20260704,000000,70W,28,2026,7,4,0,27.2,108.9,99900.0,2026-07-04,2026-07-04,999.0
20260704,000000,70W,28,2026,7,4,0,27.2,109.60000000000001,99900.0,2026-07-04,2026-07-04,999.0
20260704,000000,70W,28,2026,7,4,0,27.900000000000002,110.10000000000001,99900.0,2026-07-04,2026-07-04,999.0
20260704,000000,70W,28,2026,7,4,0,28.7,111.3,99900.0,2026-07-04,2026-07-04,999.0
20260704,000000,70W,28,2026,7,4,0,28.7,111.2,100000.0,2026-07-04,2026-07-04,1000.0
20260704,000000,70W,29,2026,7,4,0,20.7,108.0,99500.0,2026-07-04,2026-07-04,995.0
20260704,000000,70W,29,2026,7,4,0,21.5,107.8,99600.0,2026-07-04,2026-07-04,996.0
20260704,000000,70W,29,2026,7,4,0,22.0,107.5,99900.0,2026-07-04,2026-07-04,999.0
20260704,000000,70W,29,2026,7,4,0,22.400000000000002,107.9,99900.0,2026-07-04,2026-07-04,999.0
20260704,000000,70W,29,2026,7,4,0,23.2,108.0,99800.0,2026-07-04,2026-07-04,998.0
20260704,000000,70W,29,2026,7,4,0,23.8,108.0,99900.0,2026-07-04,2026-07-04,999.0
20260704,000000,70W,29,2026,7,4,0,24.900000000000002,109.10000000000001,100000.0,2026-07-04,2026-07-04,1000.0
20260704,000000,70W,29,2026,7,4,0,26.7,109.60000000000001,100000.0,2026-07-04,2026-07-04,1000.0
20260704,000000,70W,29,2026,7,4,0,28.0,110.10000000000001,99900.0,2026-07-04,2026-07-04,999.0
20260704,000000,70W,29,2026,7,4,0,30.400000000000002,111.4,99800.0,2026-07-04,2026-07-04,998.0
20260704,000000,70W,29,2026,7,4,0,28.8,111.8,99700.0,2026-07-04,2026-07-04,997.0
20260704,000000,70W,29,2026,7,4,0,27.7,111.2,99700.0,2026-07-04,2026-07-04,997.0
20260704,000000,70W,30,2026,7,4,0,20.7,107.60000000000001,99600.0,2026-07-04,2026-07-04,996.0
20260704,000000,70W,30,2026,7,4,0,21.1,107.5,99700.0,2026-07-04,2026-07-04,997.0
20260704,000000,70W,30,2026,7,4,0,21.2,107.7,99700.0,2026-07-04,2026-07-04,997.0
20260704,000000,70W,30,2026,7,4,0,22.5,107.60000000000001,99700.0,2026-07-04,2026-07-04,997.0
20260704,000000,70W,30,2026,7,4,0,23.0,107.5,99700.0,2026-07-04,2026-07-04,997.0
20260704,000000,70W,30,2026,7,4,0,23.7,107.9,99700.0,2026-07-04,2026-07-04,997.0
20260704,000000,70W,30,2026,7,4,0,24.7,108.0,99900.0,2026-07-04,2026-07-04,999.0
20260704,000000,70W,30,2026,7,4,0,25.900000000000002,108.4,99900.0,2026-07-04,2026-07-04,999.0
20260704,000000,70W,30,2026,7,4,0,26.6,109.2,99900.0,2026-07-04,2026-07-04,999.0
20260704,000000,70W,30,2026,7,4,0,28.0,110.10000000000001,99900.0,2026-07-04,2026-07-04,999.0
20260704,000000,70W,30,2026,7,4,0,28.7,111.3,99900.0,2026-07-04,2026-07-04,999.0
20260704,000000,70W,30,2026,7,4,0,29.900000000000002,112.3,99800.0,2026-07-04,2026-07-04,998.0
20260704,000000,70W,30,2026,7,4,0,30.6,113.4,99700.0,2026-07-04,2026-07-04,997.0
20260704,000000,70W,31,2026,7,4,0,20.7,107.60000000000001,99500.0,2026-07-04,2026-07-04,995.0
20260704,000000,70W,31,2026,7,4,0,21.3,107.2,99500.0,2026-07-04,2026-07-04,995.0
20260704,000000,70W,31,2026,7,4,0,22.3,107.2,99600.0,2026-07-04,2026-07-04,996.0
20260704,000000,70W,31,2026,7,4,0,23.3,106.9,99700.0,2026-07-04,2026-07-04,997.0
20260704,000000,70W,31,2026,7,4,0,23.7,106.8,99700.0,2026-07-04,2026-07-04,997.0
20260704,000000,70W,31,2026,7,4,0,24.8,107.2,99900.0,2026-07-04,2026-07-04,999.0
20260704,000000,70W,31,2026,7,4,0,25.400000000000002,106.8,99800.0,2026-07-04,2026-07-04,998.0
20260704,000000,70W,31,2026,7,4,0,25.1,108.0,99700.0,2026-07-04,2026-07-04,997.0
20260704,000000,70W,31,2026,7,4,0,26.7,107.7,99600.0,2026-07-04,2026-07-04,996.0
20260704,000000,70W,31,2026,7,4,0,27.8,109.0,99700.0,2026-07-04,2026-07-04,997.0
20260704,000000,70W,31,2026,7,4,0,28.400000000000002,110.3,99600.0,2026-07-04,2026-07-04,996.0
20260704,000000,70W,31,2026,7,4,0,28.400000000000002,110.3,99600.0,2026-07-04,2026-07-04,996.0
20260704,000000,70W,31,2026,7,4,0,29.2,111.4,99600.0,2026-07-04,2026-07-04,996.0
20260704,000000,70W,31,2026,7,4,0,31.5,113.60000000000001,99800.0,2026-07-04,2026-07-04,998.0
20260704,000000,70W,31,2026,7,4,0,32.2,115.4,99900.0,2026-07-04,2026-07-04,999.0
20260704,000000,70W,32,2026,7,4,0,21.1,108.8,99400.0,2026-07-04,2026-07-04,994.0
20260704,000000,70W,32,2026,7,4,0,21.6,108.4,99400.0,2026-07-04,2026-07-04,994.0
20260704,000000,70W,32,2026,7,4,0,22.6,108.0,99600.0,2026-07-04,2026-07-04,996.0
20260704,000000,70W,32,2026,7,4,0,23.0,108.0,99700.0,2026-07-04,2026-07-04,997.0
20260704,000000,70W,32,2026,7,4,0,24.0,108.7,99800.0,2026-07-04,2026-07-04,998.0
20260704,000000,70W,32,2026,7,4,0,25.0,108.10000000000001,99900.0,2026-07-04,2026-07-04,999.0
20260704,000000,70W,32,2026,7,4,0,26.2,109.7,99900.0,2026-07-04,2026-07-04,999.0
20260704,000000,70W,32,2026,7,4,0,26.8,110.7,99800.0,2026-07-04,2026-07-04,998.0
20260704,000000,70W,32,2026,7,4,0,28.0,112.10000000000001,99700.0,2026-07-04,2026-07-04,997.0
20260704,000000,70W,32,2026,7,4,0,29.900000000000002,113.0,99400.0,2026-07-04,2026-07-04,994.0
20260704,000000,70W,32,2026,7,4,0,31.1,113.9,99300.0,2026-07-04,2026-07-04,993.0
20260704,000000,70W,32,2026,7,4,0,32.0,116.0,99200.0,2026-07-04,2026-07-04,992.0
20260704,000000,70W,32,2026,7,4,0,33.2,118.10000000000001,98900.0,2026-07-04,2026-07-04,989.0
20260704,000000,70W,32,2026,7,4,0,34.1,119.9,99400.0,2026-07-04,2026-07-04,994.0
20260704,000000,70W,32,2026,7,4,0,36.800000000000004,121.9,99000.0,2026-07-04,2026-07-04,990.0
20260704,000000,70W,32,2026,7,4,0,39.4,124.2,98900.0,2026-07-04,2026-07-04,989.0
20260704,000000,70W,32,2026,7,4,0,41.7,126.10000000000001,99200.0,2026-07-04,2026-07-04,992.0
20260704,000000,70W,32,2026,7,4,0,43.6,128.5,99500.0,2026-07-04,2026-07-04,995.0
20260704,000000,70W,32,2026,7,4,0,44.9,130.6,99700.0,2026-07-04,2026-07-04,997.0
20260704,000000,70W,32,2026,7,4,0,46.2,132.2,99900.0,2026-07-04,2026-07-04,999.0
20260704,000000,70W,32,2026,7,4,0,47.2,133.3,99900.0,2026-07-04,2026-07-04,999.0
20260704,000000,70W,32,2026,7,4,0,48.4,133.6,100100.0,2026-07-04,2026-07-04,1001.0
20260704,000000,70W,32,2026,7,4,0,49.0,133.2,100200.0,2026-07-04,2026-07-04,1002.0
20260704,000000,70W,32,2026,7,4,0,50.9,134.5,100300.0,2026-07-04,2026-07-04,1003.0
20260704,000000,70W,32,2026,7,4,0,51.0,136.0,100100.0,2026-07-04,2026-07-04,1001.0
20260704,000000,70W,33,2026,7,4,0,20.7,108.0,99300.0,2026-07-04,2026-07-04,993.0
20260704,000000,70W,33,2026,7,4,0,22.0,107.7,99400.0,2026-07-04,2026-07-04,994.0
20260704,000000,70W,33,2026,7,4,0,22.7,107.8,99400.0,2026-07-04,2026-07-04,994.0
20260704,000000,70W,33,2026,7,4,0,23.2,108.2,99200.0,2026-07-04,2026-07-04,992.0
20260704,000000,70W,33,2026,7,4,0,24.0,108.3,99300.0,2026-07-04,2026-07-04,993.0
20260704,000000,70W,33,2026,7,4,0,24.900000000000002,109.10000000000001,99300.0,2026-07-04,2026-07-04,993.0
20260704,000000,70W,33,2026,7,4,0,25.7,109.60000000000001,99200.0,2026-07-04,2026-07-04,992.0
20260704,000000,70W,33,2026,7,4,0,27.2,110.10000000000001,99300.0,2026-07-04,2026-07-04,993.0
20260704,000000,70W,33,2026,7,4,0,28.0,110.60000000000001,99300.0,2026-07-04,2026-07-04,993.0
20260704,000000,70W,33,2026,7,4,0,29.1,111.7,99300.0,2026-07-04,2026-07-04,993.0
20260704,000000,70W,33,2026,7,4,0,30.0,112.3,99400.0,2026-07-04,2026-07-04,994.0
20260704,000000,70W,33,2026,7,4,0,31.3,114.3,99500.0,2026-07-04,2026-07-04,995.0
20260704,000000,70W,33,2026,7,4,0,32.3,116.2,99500.0,2026-07-04,2026-07-04,995.0
20260704,000000,70W,33,2026,7,4,0,35.4,118.4,99500.0,2026-07-04,2026-07-04,995.0
20260704,000000,70W,33,2026,7,4,0,37.5,122.4,99200.0,2026-07-04,2026-07-04,992.0
20260704,000000,70W,33,2026,7,4,0,39.4,123.60000000000001,98900.0,2026-07-04,2026-07-04,989.0
20260704,000000,70W,34,2026,7,4,0,20.5,107.5,99500.0,2026-07-04,2026-07-04,995.0
20260704,000000,70W,34,2026,7,4,0,20.900000000000002,107.7,99600.0,2026-07-04,2026-07-04,996.0
20260704,000000,70W,34,2026,7,4,0,21.3,107.7,99700.0,2026-07-04,2026-07-04,997.0
20260704,000000,70W,34,2026,7,4,0,22.0,107.60000000000001,99700.0,2026-07-04,2026-07-04,997.0
20260704,000000,70W,34,2026,7,4,0,22.7,108.0,99700.0,2026-07-04,2026-07-04,997.0
20260704,000000,70W,34,2026,7,4,0,23.7,108.0,99900.0,2026-07-04,2026-07-04,999.0
20260704,000000,70W,34,2026,7,4,0,24.900000000000002,108.2,100000.0,2026-07-04,2026-07-04,1000.0
20260704,000000,70W,34,2026,7,4,0,25.0,108.10000000000001,100000.0,2026-07-04,2026-07-04,1000.0
20260704,000000,70W,34,2026,7,4,0,27.2,110.10000000000001,99900.0,2026-07-04,2026-07-04,999.0
20260704,000000,70W,34,2026,7,4,0,29.7,112.9,99800.0,2026-07-04,2026-07-04,998.0
20260704,000000,70W,34,2026,7,4,0,30.6,114.3,99700.0,2026-07-04,2026-07-04,997.0
20260704,000000,70W,35,2026,7,4,0,20.6,107.7,99500.0,2026-07-04,2026-07-04,995.0
20260704,000000,70W,35,2026,7,4,0,20.400000000000002,107.5,99400.0,2026-07-04,2026-07-04,994.0
20260704,000000,70W,35,2026,7,4,0,22.0,107.0,99600.0,2026-07-04,2026-07-04,996.0
20260704,000000,70W,35,2026,7,4,0,22.3,107.2,99400.0,2026-07-04,2026-07-04,994.0
20260704,000000,70W,35,2026,7,4,0,22.6,107.5,99200.0,2026-07-04,2026-07-04,992.0
20260704,000000,70W,35,2026,7,4,0,23.6,108.0,99200.0,2026-07-04,2026-07-04,992.0
20260704,000000,70W,35,2026,7,4,0,24.3,108.4,99100.0,2026-07-04,2026-07-04,991.0
20260704,000000,70W,35,2026,7,4,0,25.1,109.2,99300.0,2026-07-04,2026-07-04,993.0
20260704,000000,70W,35,2026,7,4,0,26.8,109.9,99400.0,2026-07-04,2026-07-04,994.0
20260704,000000,70W,35,2026,7,4,0,27.1,110.8,99400.0,2026-07-04,2026-07-04,994.0
20260704,000000,70W,35,2026,7,4,0,29.0,111.5,99400.0,2026-07-04,2026-07-04,994.0
20260704,000000,70W,35,2026,7,4,0,29.7,112.7,99300.0,2026-07-04,2026-07-04,993.0
20260704,000000,70W,35,2026,7,4,0,30.6,114.7,99300.0,2026-07-04,2026-07-04,993.0
20260704,000000,70W,35,2026,7,4,0,32.1,116.7,99300.0,2026-07-04,2026-07-04,993.0
20260704,000000,70W,35,2026,7,4,0,33.4,118.5,98600.0,2026-07-04,2026-07-04,986.0
20260704,000000,70W,35,2026,7,4,0,35.0,121.5,98900.0,2026-07-04,2026-07-04,989.0
20260704,000000,70W,35,2026,7,4,0,37.7,123.60000000000001,98900.0,2026-07-04,2026-07-04,989.0
20260704,000000,70W,35,2026,7,4,0,40.9,126.5,99300.0,2026-07-04,2026-07-04,993.0
20260704,000000,70W,36,2026,7,4,0,20.7,107.9,99500.0,2026-07-04,2026-07-04,995.0
20260704,000000,70W,36,2026,7,4,0,21.3,108.0,99600.0,2026-07-04,2026-07-04,996.0
20260704,000000,70W,36,2026,7,4,0,22.0,107.7,99800.0,2026-07-04,2026-07-04,998.0
20260704,000000,70W,36,2026,7,4,0,22.5,108.10000000000001,99800.0,2026-07-04,2026-07-04,998.0
20260704,000000,70W,36,2026,7,4,0,23.2,108.2,99800.0,2026-07-04,2026-07-04,998.0
20260704,000000,70W,36,2026,7,4,0,24.400000000000002,108.60000000000001,99900.0,2026-07-04,2026-07-04,999.0
20260704,000000,70W,36,2026,7,4,0,25.3,109.4,100000.0,2026-07-04,2026-07-04,1000.0
20260704,000000,70W,36,2026,7,4,0,26.7,109.60000000000001,100000.0,2026-07-04,2026-07-04,1000.0
20260704,000000,70W,36,2026,7,4,0,28.7,111.10000000000001,100000.0,2026-07-04,2026-07-04,1000.0
20260704,000000,70W,36,2026,7,4,0,30.400000000000002,111.8,99800.0,2026-07-04,2026-07-04,998.0
20260704,000000,70W,37,2026,7,4,0,20.7,107.60000000000001,99100.0,2026-07-04,2026-07-04,991.0
20260704,000000,70W,37,2026,7,4,0,21.400000000000002,107.9,98800.0,2026-07-04,2026-07-04,988.0
20260704,000000,70W,37,2026,7,4,0,22.8,107.9,99300.0,2026-07-04,2026-07-04,993.0
20260704,000000,70W,37,2026,7,4,0,24.0,107.5,99700.0,2026-07-04,2026-07-04,997.0
20260704,000000,70W,37,2026,7,4,0,23.8,106.5,99700.0,2026-07-04,2026-07-04,997.0
20260704,000000,70W,37,2026,7,4,0,24.7,108.10000000000001,99700.0,2026-07-04,2026-07-04,997.0
20260704,000000,70W,37,2026,7,4,0,25.900000000000002,108.4,99700.0,2026-07-04,2026-07-04,997.0
20260704,000000,70W,37,2026,7,4,0,27.0,109.2,99400.0,2026-07-04,2026-07-04,994.0
20260704,000000,70W,37,2026,7,4,0,28.0,109.8,99300.0,2026-07-04,2026-07-04,993.0
20260704,000000,70W,37,2026,7,4,0,29.1,110.3,99500.0,2026-07-04,2026-07-04,995.0
20260704,000000,70W,37,2026,7,4,0,29.6,111.5,99400.0,2026-07-04,2026-07-04,994.0
20260704,000000,70W,37,2026,7,4,0,30.6,113.2,99300.0,2026-07-04,2026-07-04,993.0
20260704,000000,70W,37,2026,7,4,0,31.3,114.4,99300.0,2026-07-04,2026-07-04,993.0
20260704,000000,70W,37,2026,7,4,0,32.4,116.9,99400.0,2026-07-04,2026-07-04,994.0
20260704,000000,70W,37,2026,7,4,0,35.800000000000004,120.10000000000001,99100.0,2026-07-04,2026-07-04,991.0
20260704,000000,70W,37,2026,7,4,0,37.6,122.9,99000.0,2026-07-04,2026-07-04,990.0
20260704,000000,70W,38,2026,7,4,0,21.1,108.2,99500.0,2026-07-04,2026-07-04,995.0
20260704,000000,70W,38,2026,7,4,0,21.3,107.7,99500.0,2026-07-04,2026-07-04,995.0
20260704,000000,70W,38,2026,7,4,0,22.6,107.8,99500.0,2026-07-04,2026-07-04,995.0
20260704,000000,70W,38,2026,7,4,0,23.0,107.7,99500.0,2026-07-04,2026-07-04,995.0
20260704,000000,70W,38,2026,7,4,0,23.900000000000002,108.0,99600.0,2026-07-04,2026-07-04,996.0
20260704,000000,70W,38,2026,7,4,0,24.900000000000002,108.2,99600.0,2026-07-04,2026-07-04,996.0
20260704,000000,70W,38,2026,7,4,0,25.6,108.9,99500.0,2026-07-04,2026-07-04,995.0
20260704,000000,70W,38,2026,7,4,0,26.8,108.9,99500.0,2026-07-04,2026-07-04,995.0
20260704,000000,70W,38,2026,7,4,0,27.8,109.7,99500.0,2026-07-04,2026-07-04,995.0
20260704,000000,70W,38,2026,7,4,0,28.400000000000002,110.2,99600.0,2026-07-04,2026-07-04,996.0
20260704,000000,70W,38,2026,7,4,0,29.0,111.3,99600.0,2026-07-04,2026-07-04,996.0
20260704,000000,70W,38,2026,7,4,0,30.2,111.7,99500.0,2026-07-04,2026-07-04,995.0
20260704,000000,70W,38,2026,7,4,0,30.3,111.9,99500.0,2026-07-04,2026-07-04,995.0
20260704,000000,70W,38,2026,7,4,0,30.8,112.5,99600.0,2026-07-04,2026-07-04,996.0
20260704,000000,70W,39,2026,7,4,0,20.7,108.2,99500.0,2026-07-04,2026-07-04,995.0
20260704,000000,70W,39,2026,7,4,0,21.8,108.3,99700.0,2026-07-04,2026-07-04,997.0
20260704,000000,70W,39,2026,7,4,0,22.3,107.8,99700.0,2026-07-04,2026-07-04,997.0
20260704,000000,70W,39,2026,7,4,0,22.7,107.8,99600.0,2026-07-04,2026-07-04,996.0
20260704,000000,70W,39,2026,7,4,0,23.400000000000002,107.7,99600.0,2026-07-04,2026-07-04,996.0
20260704,000000,70W,39,2026,7,4,0,24.6,108.0,99700.0,2026-07-04,2026-07-04,997.0
20260704,000000,70W,39,2026,7,4,0,25.0,108.10000000000001,99700.0,2026-07-04,2026-07-04,997.0
20260704,000000,70W,39,2026,7,4,0,26.1,109.2,99800.0,2026-07-04,2026-07-04,998.0
20260704,000000,70W,39,2026,7,4,0,26.7,109.60000000000001,99900.0,2026-07-04,2026-07-04,999.0
20260704,000000,70W,39,2026,7,4,0,28.0,110.10000000000001,99900.0,2026-07-04,2026-07-04,999.0
20260704,000000,70W,39,2026,7,4,0,29.0,111.5,99800.0,2026-07-04,2026-07-04,998.0
20260704,000000,70W,39,2026,7,4,0,29.2,111.9,99900.0,2026-07-04,2026-07-04,999.0
20260704,000000,70W,40,2026,7,4,0,21.0,108.0,99000.0,2026-07-04,2026-07-04,990.0
20260704,000000,70W,40,2026,7,4,0,20.6,107.5,99200.0,2026-07-04,2026-07-04,992.0
20260704,000000,70W,40,2026,7,4,0,22.0,107.10000000000001,99000.0,2026-07-04,2026-07-04,990.0
20260704,000000,70W,40,2026,7,4,0,22.400000000000002,107.0,99300.0,2026-07-04,2026-07-04,993.0
20260704,000000,70W,40,2026,7,4,0,22.7,107.2,99200.0,2026-07-04,2026-07-04,992.0
20260704,000000,70W,40,2026,7,4,0,23.400000000000002,107.3,99000.0,2026-07-04,2026-07-04,990.0
20260704,000000,70W,40,2026,7,4,0,24.1,107.2,99100.0,2026-07-04,2026-07-04,991.0
20260704,000000,70W,40,2026,7,4,0,24.6,107.2,99300.0,2026-07-04,2026-07-04,993.0
20260704,000000,70W,40,2026,7,4,0,25.2,107.7,99200.0,2026-07-04,2026-07-04,992.0
20260704,000000,70W,40,2026,7,4,0,25.5,107.5,99200.0,2026-07-04,2026-07-04,992.0
20260704,000000,70W,40,2026,7,4,0,25.5,107.8,98900.0,2026-07-04,2026-07-04,989.0
20260704,000000,70W,40,2026,7,4,0,26.0,108.4,99200.0,2026-07-04,2026-07-04,992.0
20260704,000000,70W,40,2026,7,4,0,26.0,108.4,99400.0,2026-07-04,2026-07-04,994.0
20260704,000000,70W,40,2026,7,4,0,26.0,107.9,99600.0,2026-07-04,2026-07-04,996.0
20260704,000000,70W,40,2026,7,4,0,23.900000000000002,108.0,99500.0,2026-07-04,2026-07-04,995.0
20260704,000000,70W,40,2026,7,4,0,25.6,108.9,99600.0,2026-07-04,2026-07-04,996.0
20260704,000000,70W,40,2026,7,4,0,24.3,109.2,99700.0,2026-07-04,2026-07-04,997.0
20260704,000000,70W,40,2026,7,4,0,22.1,107.2,99700.0,2026-07-04,2026-07-04,997.0
20260704,000000,70W,41,2026,7,4,0,20.3,107.60000000000001,99200.0,2026-07-04,2026-07-04,992.0
20260704,000000,70W,41,2026,7,4,0,21.0,107.3,99100.0,2026-07-04,2026-07-04,991.0
20260704,000000,70W,41,2026,7,4,0,21.3,107.2,98700.0,2026-07-04,2026-07-04,987.0
20260704,000000,70W,41,2026,7,4,0,22.0,107.10000000000001,99000.0,2026-07-04,2026-07-04,990.0
20260704,000000,70W,41,2026,7,4,0,22.3,107.2,99100.0,2026-07-04,2026-07-04,991.0
20260704,000000,70W,41,2026,7,4,0,22.6,107.5,99300.0,2026-07-04,2026-07-04,993.0
20260704,000000,70W,41,2026,7,4,0,23.3,107.5,99100.0,2026-07-04,2026-07-04,991.0
20260704,000000,70W,41,2026,7,4,0,23.6,107.0,99000.0,2026-07-04,2026-07-04,990.0
20260704,000000,70W,41,2026,7,4,0,23.7,107.0,99200.0,2026-07-04,2026-07-04,992.0
20260704,000000,70W,41,2026,7,4,0,24.2,107.2,99400.0,2026-07-04,2026-07-04,994.0
20260704,000000,70W,41,2026,7,4,0,23.8,106.5,99600.0,2026-07-04,2026-07-04,996.0
20260704,000000,70W,41,2026,7,4,0,23.7,106.9,99600.0,2026-07-04,2026-07-04,996.0
20260704,000000,70W,41,2026,7,4,0,23.8,106.5,99600.0,2026-07-04,2026-07-04,996.0
20260704,000000,70W,41,2026,7,4,0,23.7,106.9,99600.0,2026-07-04,2026-07-04,996.0
20260704,000000,70W,41,2026,7,4,0,23.6,107.0,99600.0,2026-07-04,2026-07-04,996.0
20260704,000000,70W,41,2026,7,4,0,23.5,107.2,99700.0,2026-07-04,2026-07-04,997.0
20260704,000000,70W,41,2026,7,4,0,23.7,108.0,99600.0,2026-07-04,2026-07-04,996.0
20260704,000000,70W,41,2026,7,4,0,23.7,106.8,99700.0,2026-07-04,2026-07-04,997.0
20260704,000000,70W,41,2026,7,4,0,23.5,107.0,99800.0,2026-07-04,2026-07-04,998.0
20260704,000000,70W,41,2026,7,4,0,23.8,106.60000000000001,99900.0,2026-07-04,2026-07-04,999.0
20260704,000000,70W,41,2026,7,4,0,22.6,106.10000000000001,99700.0,2026-07-04,2026-07-04,997.0
20260704,000000,70W,41,2026,7,4,0,23.7,106.8,99800.0,2026-07-04,2026-07-04,998.0
20260704,000000,70W,41,2026,7,4,0,23.2,108.10000000000001,99900.0,2026-07-04,2026-07-04,999.0
20260704,000000,70W,42,2026,7,4,0,20.400000000000002,107.5,98700.0,2026-07-04,2026-07-04,987.0
20260704,000000,70W,42,2026,7,4,0,21.1,107.5,98900.0,2026-07-04,2026-07-04,989.0
20260704,000000,70W,42,2026,7,4,0,22.0,107.3,99500.0,2026-07-04,2026-07-04,995.0
20260704,000000,70W,42,2026,7,4,0,22.400000000000002,107.3,99400.0,2026-07-04,2026-07-04,994.0
20260704,000000,70W,42,2026,7,4,0,23.0,107.5,99200.0,2026-07-04,2026-07-04,992.0
20260704,000000,70W,42,2026,7,4,0,23.7,107.9,99100.0,2026-07-04,2026-07-04,991.0
20260704,000000,70W,42,2026,7,4,0,24.7,108.3,98700.0,2026-07-04,2026-07-04,987.0
20260704,000000,70W,42,2026,7,4,0,25.900000000000002,108.9,99300.0,2026-07-04,2026-07-04,993.0
20260704,000000,70W,42,2026,7,4,0,26.900000000000002,109.2,99500.0,2026-07-04,2026-07-04,995.0
20260704,000000,70W,42,2026,7,4,0,27.900000000000002,110.10000000000001,99600.0,2026-07-04,2026-07-04,996.0
20260704,000000,70W,42,2026,7,4,0,28.5,110.60000000000001,99500.0,2026-07-04,2026-07-04,995.0
20260704,000000,70W,42,2026,7,4,0,29.6,111.7,99400.0,2026-07-04,2026-07-04,994.0
20260704,000000,70W,42,2026,7,4,0,30.3,112.5,99300.0,2026-07-04,2026-07-04,993.0
20260704,000000,70W,42,2026,7,4,0,31.8,115.0,99000.0,2026-07-04,2026-07-04,990.0
20260704,000000,70W,42,2026,7,4,0,32.6,116.4,98800.0,2026-07-04,2026-07-04,988.0
20260704,000000,70W,42,2026,7,4,0,34.2,119.2,98700.0,2026-07-04,2026-07-04,987.0
20260704,000000,70W,42,2026,7,4,0,35.4,121.8,98500.0,2026-07-04,2026-07-04,985.0
20260704,000000,70W,42,2026,7,4,0,37.5,124.0,98700.0,2026-07-04,2026-07-04,987.0
20260704,000000,70W,42,2026,7,4,0,38.9,125.10000000000001,98900.0,2026-07-04,2026-07-04,989.0
20260704,000000,70W,42,2026,7,4,0,39.7,127.5,99500.0,2026-07-04,2026-07-04,995.0
20260704,000000,70W,42,2026,7,4,0,42.0,130.8,99900.0,2026-07-04,2026-07-04,999.0
20260704,000000,70W,42,2026,7,4,0,41.6,134.0,100300.0,2026-07-04,2026-07-04,1003.0
20260704,000000,70W,43,2026,7,4,0,20.5,107.8,99100.0,2026-07-04,2026-07-04,991.0
20260704,000000,70W,43,2026,7,4,0,21.2,108.0,99000.0,2026-07-04,2026-07-04,990.0
20260704,000000,70W,43,2026,7,4,0,22.1,108.0,99400.0,2026-07-04,2026-07-04,994.0
20260704,000000,70W,43,2026,7,4,0,22.6,108.2,99200.0,2026-07-04,2026-07-04,992.0
20260704,000000,70W,43,2026,7,4,0,23.900000000000002,108.5,99400.0,2026-07-04,2026-07-04,994.0
20260704,000000,70W,43,2026,7,4,0,24.900000000000002,109.0,99400.0,2026-07-04,2026-07-04,994.0
20260704,000000,70W,43,2026,7,4,0,25.900000000000002,108.9,99500.0,2026-07-04,2026-07-04,995.0
20260704,000000,70W,43,2026,7,4,0,27.1,110.0,99300.0,2026-07-04,2026-07-04,993.0
20260704,000000,70W,43,2026,7,4,0,28.1,110.2,99300.0,2026-07-04,2026-07-04,993.0
20260704,000000,70W,43,2026,7,4,0,29.0,111.3,99300.0,2026-07-04,2026-07-04,993.0
20260704,000000,70W,43,2026,7,4,0,30.3,112.3,99000.0,2026-07-04,2026-07-04,990.0
20260704,000000,70W,43,2026,7,4,0,31.3,113.8,99100.0,2026-07-04,2026-07-04,991.0
20260704,000000,70W,43,2026,7,4,0,32.5,116.0,99000.0,2026-07-04,2026-07-04,990.0
20260704,000000,70W,43,2026,7,4,0,34.2,118.4,99100.0,2026-07-04,2026-07-04,991.0
20260704,000000,70W,43,2026,7,4,0,36.300000000000004,121.2,98000.0,2026-07-04,2026-07-04,980.0
20260704,000000,70W,43,2026,7,4,0,38.1,123.60000000000001,98300.0,2026-07-04,2026-07-04,983.0
20260704,000000,70W,43,2026,7,4,0,39.6,125.5,99000.0,2026-07-04,2026-07-04,990.0
20260704,000000,70W,44,2026,7,4,0,20.6,108.2,99300.0,2026-07-04,2026-07-04,993.0
20260704,000000,70W,44,2026,7,4,0,21.400000000000002,107.8,99300.0,2026-07-04,2026-07-04,993.0
20260704,000000,70W,44,2026,7,4,0,22.3,107.7,99300.0,2026-07-04,2026-07-04,993.0
20260704,000000,70W,44,2026,7,4,0,22.400000000000002,107.9,99000.0,2026-07-04,2026-07-04,990.0
20260704,000000,70W,44,2026,7,4,0,23.2,108.10000000000001,99200.0,2026-07-04,2026-07-04,992.0
20260704,000000,70W,44,2026,7,4,0,23.900000000000002,108.0,99300.0,2026-07-04,2026-07-04,993.0
20260704,000000,70W,44,2026,7,4,0,24.6,108.3,99000.0,2026-07-04,2026-07-04,990.0
20260704,000000,70W,44,2026,7,4,0,25.6,109.60000000000001,99300.0,2026-07-04,2026-07-04,993.0
20260704,000000,70W,44,2026,7,4,0,26.5,109.10000000000001,99300.0,2026-07-04,2026-07-04,993.0
20260704,000000,70W,44,2026,7,4,0,27.900000000000002,110.10000000000001,99500.0,2026-07-04,2026-07-04,995.0
20260704,000000,70W,44,2026,7,4,0,28.2,109.60000000000001,99500.0,2026-07-04,2026-07-04,995.0
20260704,000000,70W,44,2026,7,4,0,28.7,111.3,99700.0,2026-07-04,2026-07-04,997.0
20260704,000000,70W,44,2026,7,4,0,29.900000000000002,112.7,99900.0,2026-07-04,2026-07-04,999.0
20260704,000000,70W,45,2026,7,4,0,20.900000000000002,107.8,99100.0,2026-07-04,2026-07-04,991.0
20260704,000000,70W,45,2026,7,4,0,22.0,107.5,99300.0,2026-07-04,2026-07-04,993.0
20260704,000000,70W,45,2026,7,4,0,22.3,107.2,99300.0,2026-07-04,2026-07-04,993.0
20260704,000000,70W,45,2026,7,4,0,22.7,107.2,99200.0,2026-07-04,2026-07-04,992.0
20260704,000000,70W,45,2026,7,4,0,23.2,107.60000000000001,99200.0,2026-07-04,2026-07-04,992.0
20260704,000000,70W,45,2026,7,4,0,24.0,108.0,99100.0,2026-07-04,2026-07-04,991.0
20260704,000000,70W,45,2026,7,4,0,25.2,108.3,99100.0,2026-07-04,2026-07-04,991.0
20260704,000000,70W,45,2026,7,4,0,26.3,109.0,99400.0,2026-07-04,2026-07-04,994.0
20260704,000000,70W,45,2026,7,4,0,27.2,109.60000000000001,99200.0,2026-07-04,2026-07-04,992.0
20260704,000000,70W,45,2026,7,4,0,28.5,110.3,99300.0,2026-07-04,2026-07-04,993.0
20260704,000000,70W,45,2026,7,4,0,29.3,111.5,99300.0,2026-07-04,2026-07-04,993.0
20260704,000000,70W,45,2026,7,4,0,30.3,113.4,99400.0,2026-07-04,2026-07-04,994.0
20260704,000000,70W,45,2026,7,4,0,31.2,115.0,99400.0,2026-07-04,2026-07-04,994.0
20260704,000000,70W,45,2026,7,4,0,33.5,117.9,99400.0,2026-07-04,2026-07-04,994.0
20260704,000000,70W,45,2026,7,4,0,35.300000000000004,121.0,99400.0,2026-07-04,2026-07-04,994.0
20260704,000000,70W,45,2026,7,4,0,37.5,122.9,99100.0,2026-07-04,2026-07-04,991.0
20260704,000000,70W,45,2026,7,4,0,38.9,127.9,99800.0,2026-07-04,2026-07-04,998.0
20260704,000000,70W,46,2026,7,4,0,20.6,107.3,99300.0,2026-07-04,2026-07-04,993.0
20260704,000000,70W,46,2026,7,4,0,21.2,107.2,99500.0,2026-07-04,2026-07-04,995.0
20260704,000000,70W,46,2026,7,4,0,21.8,107.5,99400.0,2026-07-04,2026-07-04,994.0
20260704,000000,70W,46,2026,7,4,0,22.6,107.5,99300.0,2026-07-04,2026-07-04,993.0
20260704,000000,70W,46,2026,7,4,0,23.5,107.8,99400.0,2026-07-04,2026-07-04,994.0
20260704,000000,70W,46,2026,7,4,0,24.6,108.0,99400.0,2026-07-04,2026-07-04,994.0
20260704,000000,70W,46,2026,7,4,0,25.6,107.9,99500.0,2026-07-04,2026-07-04,995.0
20260704,000000,70W,46,2026,7,4,0,26.6,108.2,99500.0,2026-07-04,2026-07-04,995.0
20260704,000000,70W,46,2026,7,4,0,27.1,108.60000000000001,99300.0,2026-07-04,2026-07-04,993.0
20260704,000000,70W,46,2026,7,4,0,27.7,109.10000000000001,99300.0,2026-07-04,2026-07-04,993.0
20260704,000000,70W,46,2026,7,4,0,28.7,109.8,99400.0,2026-07-04,2026-07-04,994.0
20260704,000000,70W,46,2026,7,4,0,29.8,110.9,99400.0,2026-07-04,2026-07-04,994.0
20260704,000000,70W,46,2026,7,4,0,29.7,111.7,99300.0,2026-07-04,2026-07-04,993.0
20260704,000000,70W,46,2026,7,4,0,30.5,112.8,99300.0,2026-07-04,2026-07-04,993.0
20260704,000000,70W,46,2026,7,4,0,31.3,114.4,99300.0,2026-07-04,2026-07-04,993.0
20260704,000000,70W,46,2026,7,4,0,32.3,116.8,99300.0,2026-07-04,2026-07-04,993.0
20260704,000000,70W,46,2026,7,4,0,34.4,118.8,99100.0,2026-07-04,2026-07-04,991.0
20260704,000000,70W,46,2026,7,4,0,36.2,121.7,99100.0,2026-07-04,2026-07-04,991.0
20260704,000000,70W,46,2026,7,4,0,37.9,123.0,98400.0,2026-07-04,2026-07-04,984.0
20260704,000000,70W,46,2026,7,4,0,39.6,123.7,98600.0,2026-07-04,2026-07-04,986.0
20260704,000000,70W,46,2026,7,4,0,40.5,124.10000000000001,98800.0,2026-07-04,2026-07-04,988.0
20260704,000000,70W,46,2026,7,4,0,42.0,124.7,99200.0,2026-07-04,2026-07-04,992.0
20260704,000000,70W,46,2026,7,4,0,42.9,125.7,99500.0,2026-07-04,2026-07-04,995.0
20260704,000000,70W,46,2026,7,4,0,43.9,126.5,99800.0,2026-07-04,2026-07-04,998.0
20260704,000000,70W,46,2026,7,4,0,44.9,126.8,100000.0,2026-07-04,2026-07-04,1000.0
20260704,000000,70W,46,2026,7,4,0,45.0,126.7,100200.0,2026-07-04,2026-07-04,1002.0
20260704,000000,70W,46,2026,7,4,0,46.0,127.3,100400.0,2026-07-04,2026-07-04,1004.0
20260704,000000,70W,47,2026,7,4,0,20.400000000000002,107.8,99300.0,2026-07-04,2026-07-04,993.0
20260704,000000,70W,47,2026,7,4,0,21.2,107.5,99200.0,2026-07-04,2026-07-04,992.0
20260704,000000,70W,47,2026,7,4,0,21.1,107.8,98300.0,2026-07-04,2026-07-04,983.0
20260704,000000,70W,47,2026,7,4,0,22.1,107.5,98300.0,2026-07-04,2026-07-04,983.0
20260704,000000,70W,47,2026,7,4,0,22.7,107.7,98300.0,2026-07-04,2026-07-04,983.0
20260704,000000,70W,47,2026,7,4,0,23.3,107.8,97400.0,2026-07-04,2026-07-04,974.0
20260704,000000,70W,47,2026,7,4,0,24.2,108.0,98200.0,2026-07-04,2026-07-04,982.0
20260704,000000,70W,47,2026,7,4,0,25.2,108.10000000000001,98300.0,2026-07-04,2026-07-04,983.0
20260704,000000,70W,47,2026,7,4,0,26.3,108.4,98700.0,2026-07-04,2026-07-04,987.0
20260704,000000,70W,47,2026,7,4,0,27.0,108.5,98900.0,2026-07-04,2026-07-04,989.0
20260704,000000,70W,47,2026,7,4,0,27.2,108.7,99100.0,2026-07-04,2026-07-04,991.0
20260704,000000,70W,47,2026,7,4,0,27.2,109.60000000000001,99200.0,2026-07-04,2026-07-04,992.0
20260704,000000,70W,47,2026,7,4,0,27.900000000000002,110.10000000000001,99200.0,2026-07-04,2026-07-04,992.0
20260704,000000,70W,47,2026,7,4,0,28.2,110.9,99300.0,2026-07-04,2026-07-04,993.0
20260704,000000,70W,47,2026,7,4,0,28.5,111.7,99200.0,2026-07-04,2026-07-04,992.0
20260704,000000,70W,47,2026,7,4,0,29.0,112.5,99300.0,2026-07-04,2026-07-04,993.0
20260704,000000,70W,47,2026,7,4,0,30.0,113.60000000000001,99300.0,2026-07-04,2026-07-04,993.0
20260704,000000,70W,47,2026,7,4,0,30.6,114.10000000000001,99400.0,2026-07-04,2026-07-04,994.0
20260704,000000,70W,47,2026,7,4,0,31.2,114.5,99400.0,2026-07-04,2026-07-04,994.0
20260704,000000,70W,47,2026,7,4,0,31.8,116.0,99500.0,2026-07-04,2026-07-04,995.0
20260704,000000,70W,47,2026,7,4,0,33.0,116.5,99500.0,2026-07-04,2026-07-04,995.0
20260704,000000,70W,47,2026,7,4,0,33.6,116.3,99700.0,2026-07-04,2026-07-04,997.0
20260704,000000,70W,47,2026,7,4,0,34.300000000000004,116.5,99800.0,2026-07-04,2026-07-04,998.0
20260704,000000,70W,47,2026,7,4,0,34.6,116.60000000000001,99900.0,2026-07-04,2026-07-04,999.0
20260704,000000,70W,47,2026,7,4,0,33.7,114.8,100100.0,2026-07-04,2026-07-04,1001.0
20260704,000000,70W,48,2026,7,4,0,20.400000000000002,107.60000000000001,99100.0,2026-07-04,2026-07-04,991.0
20260704,000000,70W,48,2026,7,4,0,21.2,107.7,99200.0,2026-07-04,2026-07-04,992.0
20260704,000000,70W,48,2026,7,4,0,22.0,107.7,99600.0,2026-07-04,2026-07-04,996.0
20260704,000000,70W,48,2026,7,4,0,23.0,107.7,99700.0,2026-07-04,2026-07-04,997.0
20260704,000000,70W,48,2026,7,4,0,23.1,108.0,99500.0,2026-07-04,2026-07-04,995.0
20260704,000000,70W,48,2026,7,4,0,24.400000000000002,108.7,99600.0,2026-07-04,2026-07-04,996.0
20260704,000000,70W,48,2026,7,4,0,26.3,109.8,99700.0,2026-07-04,2026-07-04,997.0
20260704,000000,70W,48,2026,7,4,0,26.7,109.60000000000001,99500.0,2026-07-04,2026-07-04,995.0
20260704,000000,70W,48,2026,7,4,0,27.900000000000002,110.60000000000001,99600.0,2026-07-04,2026-07-04,996.0
20260704,000000,70W,48,2026,7,4,0,28.8,111.60000000000001,99300.0,2026-07-04,2026-07-04,993.0
20260704,000000,70W,48,2026,7,4,0,30.1,113.0,99300.0,2026-07-04,2026-07-04,993.0
20260704,000000,70W,48,2026,7,4,0,30.8,114.7,99400.0,2026-07-04,2026-07-04,994.0
20260704,000000,70W,48,2026,7,4,0,32.3,117.7,99100.0,2026-07-04,2026-07-04,991.0
20260704,000000,70W,48,2026,7,4,0,34.7,120.10000000000001,99000.0,2026-07-04,2026-07-04,990.0
20260704,000000,70W,48,2026,7,4,0,37.1,122.10000000000001,98800.0,2026-07-04,2026-07-04,988.0
20260704,000000,70W,48,2026,7,4,0,39.800000000000004,123.2,98800.0,2026-07-04,2026-07-04,988.0
20260704,000000,70W,48,2026,7,4,0,42.5,124.3,98600.0,2026-07-04,2026-07-04,986.0
20260704,000000,70W,48,2026,7,4,0,45.0,125.5,98800.0,2026-07-04,2026-07-04,988.0
20260704,000000,70W,48,2026,7,4,0,47.1,126.4,98900.0,2026-07-04,2026-07-04,989.0
20260704,000000,70W,48,2026,7,4,0,48.7,126.9,99200.0,2026-07-04,2026-07-04,992.0
20260704,000000,70W,48,2026,7,4,0,50.300000000000004,127.4,99000.0,2026-07-04,2026-07-04,990.0
20260704,000000,70W,49,2026,7,4,0,20.7,107.8,99500.0,2026-07-04,2026-07-04,995.0
20260704,000000,70W,49,2026,7,4,0,22.1,107.2,99600.0,2026-07-04,2026-07-04,996.0
20260704,000000,70W,49,2026,7,4,0,22.0,107.10000000000001,99400.0,2026-07-04,2026-07-04,994.0
20260704,000000,70W,49,2026,7,4,0,22.6,107.2,99300.0,2026-07-04,2026-07-04,993.0
20260704,000000,70W,49,2026,7,4,0,23.5,107.10000000000001,99400.0,2026-07-04,2026-07-04,994.0
20260704,000000,70W,49,2026,7,4,0,24.5,107.2,99500.0,2026-07-04,2026-07-04,995.0
20260704,000000,70W,49,2026,7,4,0,25.400000000000002,106.8,99400.0,2026-07-04,2026-07-04,994.0
20260704,000000,70W,49,2026,7,4,0,25.6,107.2,99600.0,2026-07-04,2026-07-04,996.0
20260704,000000,70W,49,2026,7,4,0,26.0,107.9,99600.0,2026-07-04,2026-07-04,996.0
20260704,000000,70W,49,2026,7,4,0,26.6,108.5,99700.0,2026-07-04,2026-07-04,997.0
20260704,000000,70W,49,2026,7,4,0,27.400000000000002,109.8,99700.0,2026-07-04,2026-07-04,997.0
20260704,000000,70W,49,2026,7,4,0,27.7,109.60000000000001,99700.0,2026-07-04,2026-07-04,997.0
20260704,000000,70W,49,2026,7,4,0,28.7,111.3,99800.0,2026-07-04,2026-07-04,998.0
20260704,000000,70W,49,2026,7,4,0,28.7,111.3,99800.0,2026-07-04,2026-07-04,998.0
20260704,000000,70W,49,2026,7,4,0,29.2,112.5,99700.0,2026-07-04,2026-07-04,997.0
20260704,000000,70W,49,2026,7,4,0,30.6,113.60000000000001,99800.0,2026-07-04,2026-07-04,998.0
20260704,000000,70W,49,2026,7,4,0,31.6,113.60000000000001,99800.0,2026-07-04,2026-07-04,998.0
20260704,000000,70W,49,2026,7,4,0,33.0,114.2,100000.0,2026-07-04,2026-07-04,1000.0
20260704,000000,70W,50,2026,7,4,0,20.8,107.7,99400.0,2026-07-04,2026-07-04,994.0
20260704,000000,70W,50,2026,7,4,0,21.3,107.2,99700.0,2026-07-04,2026-07-04,997.0
20260704,000000,70W,50,2026,7,4,0,22.3,107.2,99600.0,2026-07-04,2026-07-04,996.0
20260704,000000,70W,50,2026,7,4,0,22.400000000000002,107.2,99600.0,2026-07-04,2026-07-04,996.0
20260704,000000,70W,50,2026,7,4,0,23.5,107.10000000000001,99500.0,2026-07-04,2026-07-04,995.0
20260704,000000,70W,50,2026,7,4,0,23.900000000000002,107.3,99600.0,2026-07-04,2026-07-04,996.0
20260704,000000,70W,50,2026,7,4,0,24.7,107.2,99800.0,2026-07-04,2026-07-04,998.0
20260704,000000,70W,50,2026,7,4,0,25.400000000000002,106.8,99800.0,2026-07-04,2026-07-04,998.0
20260704,000000,70W,50,2026,7,4,0,25.400000000000002,106.60000000000001,99700.0,2026-07-04,2026-07-04,997.0
20260704,000000,70W,50,2026,7,4,0,25.400000000000002,105.8,99900.0,2026-07-04,2026-07-04,999.0
20260704,000000,70W,50,2026,7,4,0,23.8,106.60000000000001,100000.0,2026-07-04,2026-07-04,1000.0
20260704,000000,70W,50,2026,7,4,0,24.900000000000002,106.10000000000001,100100.0,2026-07-04,2026-07-04,1001.0
20260704,000000,70W,51,2026,7,4,0,20.6,108.0,99300.0,2026-07-04,2026-07-04,993.0
20260704,000000,70W,51,2026,7,4,0,21.3,107.7,99500.0,2026-07-04,2026-07-04,995.0
20260704,000000,70W,51,2026,7,4,0,22.0,107.60000000000001,99600.0,2026-07-04,2026-07-04,996.0
20260704,000000,70W,51,2026,7,4,0,22.7,107.8,99400.0,2026-07-04,2026-07-04,994.0
20260704,000000,70W,51,2026,7,4,0,23.400000000000002,107.9,99500.0,2026-07-04,2026-07-04,995.0
20260704,000000,70W,51,2026,7,4,0,24.400000000000002,108.0,99500.0,2026-07-04,2026-07-04,995.0
20260704,000000,70W,51,2026,7,4,0,25.0,108.10000000000001,99700.0,2026-07-04,2026-07-04,997.0
20260704,000000,70W,51,2026,7,4,0,25.900000000000002,108.4,99500.0,2026-07-04,2026-07-04,995.0
20260704,000000,70W,51,2026,7,4,0,26.400000000000002,109.10000000000001,99500.0,2026-07-04,2026-07-04,995.0
20260704,000000,70W,51,2026,7,4,0,27.3,108.9,99400.0,2026-07-04,2026-07-04,994.0
20260704,000000,70W,51,2026,7,4,0,27.8,109.60000000000001,99500.0,2026-07-04,2026-07-04,995.0
20260704,000000,70W,51,2026,7,4,0,28.400000000000002,110.3,99500.0,2026-07-04,2026-07-04,995.0
20260704,000000,70W,51,2026,7,4,0,29.0,111.5,99500.0,2026-07-04,2026-07-04,995.0
20260704,000000,70W,51,2026,7,4,0,30.1,112.7,99600.0,2026-07-04,2026-07-04,996.0
20260704,000000,70W,51,2026,7,4,0,31.1,113.4,99600.0,2026-07-04,2026-07-04,996.0
20260704,000000,70W,51,2026,7,4,0,33.8,116.7,99800.0,2026-07-04,2026-07-04,998.0
20260704,000000,70W,51,2026,7,4,0,35.300000000000004,119.3,99700.0,2026-07-04,2026-07-04,997.0
20260704,000000,71W,1,2026,7,4,0,12.3,151.6,97800.0,2026-07-04,2026-07-04,978.0
20260704,000000,71W,1,2026,7,4,0,12.4,150.8,97500.0,2026-07-04,2026-07-04,975.0
20260704,000000,71W,1,2026,7,4,0,12.700000000000001,150.5,96600.0,2026-07-04,2026-07-04,966.0
20260704,000000,71W,1,2026,7,4,0,13.1,149.5,95000.0,2026-07-04,2026-07-04,950.0
20260704,000000,71W,1,2026,7,4,0,13.3,148.70000000000002,93300.0,2026-07-04,2026-07-04,933.0
20260704,000000,71W,1,2026,7,4,0,13.700000000000001,147.9,91800.0,2026-07-04,2026-07-04,918.0
20260704,000000,71W,1,2026,7,4,0,14.5,146.9,91200.0,2026-07-04,2026-07-04,912.0
20260704,000000,71W,1,2026,7,4,0,14.9,145.8,91200.0,2026-07-04,2026-07-04,912.0
20260704,000000,71W,1,2026,7,4,0,15.5,144.5,90800.0,2026-07-04,2026-07-04,908.0
20260704,000000,71W,1,2026,7,4,0,15.9,143.0,91100.0,2026-07-04,2026-07-04,911.0
20260704,000000,71W,1,2026,7,4,0,16.2,141.5,90900.0,2026-07-04,2026-07-04,909.0
20260704,000000,71W,1,2026,7,4,0,16.4,139.9,90800.0,2026-07-04,2026-07-04,908.0
20260704,000000,71W,1,2026,7,4,0,16.7,138.3,90600.0,2026-07-04,2026-07-04,906.0
20260704,000000,71W,1,2026,7,4,0,17.1,136.8,91400.0,2026-07-04,2026-07-04,914.0
20260704,000000,71W,1,2026,7,4,0,17.5,135.2,91800.0,2026-07-04,2026-07-04,918.0
20260704,000000,71W,1,2026,7,4,0,17.8,133.6,92200.0,2026-07-04,2026-07-04,922.0
20260704,000000,71W,1,2026,7,4,0,18.400000000000002,132.1,92100.0,2026-07-04,2026-07-04,921.0
20260704,000000,71W,1,2026,7,4,0,18.5,130.7,92300.0,2026-07-04,2026-07-04,923.0
20260704,000000,71W,1,2026,7,4,0,18.8,129.5,92200.0,2026-07-04,2026-07-04,922.0
20260704,000000,71W,1,2026,7,4,0,19.5,128.6,92400.0,2026-07-04,2026-07-04,924.0
20260704,000000,71W,1,2026,7,4,0,20.2,127.5,92100.0,2026-07-04,2026-07-04,921.0
20260704,000000,71W,1,2026,7,4,0,20.8,126.7,92700.0,2026-07-04,2026-07-04,927.0
20260704,000000,71W,1,2026,7,4,0,21.7,126.0,93600.0,2026-07-04,2026-07-04,936.0
20260704,000000,71W,1,2026,7,4,0,22.900000000000002,125.5,94300.0,2026-07-04,2026-07-04,943.0
20260704,000000,71W,1,2026,7,4,0,24.1,124.60000000000001,94600.0,2026-07-04,2026-07-04,946.0
20260704,000000,71W,1,2026,7,4,0,25.2,123.7,94900.0,2026-07-04,2026-07-04,949.0
20260704,000000,71W,1,2026,7,4,0,26.2,122.60000000000001,95000.0,2026-07-04,2026-07-04,950.0
20260704,000000,71W,1,2026,7,4,0,27.5,121.7,95200.0,2026-07-04,2026-07-04,952.0
20260704,000000,71W,1,2026,7,4,0,29.1,120.9,96000.0,2026-07-04,2026-07-04,960.0
20260704,000000,71W,1,2026,7,4,0,30.2,119.60000000000001,96900.0,2026-07-04,2026-07-04,969.0
20260704,000000,71W,1,2026,7,4,0,31.2,118.4,97500.0,2026-07-04,2026-07-04,975.0
20260704,000000,71W,1,2026,7,4,0,31.900000000000002,117.8,98000.0,2026-07-04,2026-07-04,980.0
20260704,000000,71W,1,2026,7,4,0,32.8,117.5,98400.0,2026-07-04,2026-07-04,984.0
20260704,000000,71W,1,2026,7,4,0,33.6,117.10000000000001,98700.0,2026-07-04,2026-07-04,987.0
20260704,000000,71W,1,2026,7,4,0,34.300000000000004,116.7,98800.0,2026-07-04,2026-07-04,988.0
20260704,000000,71W,1,2026,7,4,0,36.800000000000004,117.0,99000.0,2026-07-04,2026-07-04,990.0
20260704,000000,71W,1,2026,7,4,0,38.0,118.0,98800.0,2026-07-04,2026-07-04,988.0
20260704,000000,71W,1,2026,7,4,0,38.0,119.5,98700.0,2026-07-04,2026-07-04,987.0
20260704,000000,71W,1,2026,7,4,0,39.7,121.2,98600.0,2026-07-04,2026-07-04,986.0
20260704,000000,71W,1,2026,7,4,0,41.1,122.8,98500.0,2026-07-04,2026-07-04,985.0
20260704,000000,71W,1,2026,7,4,0,42.9,125.2,98700.0,2026-07-04,2026-07-04,987.0
20260704,000000,71W,1,2026,7,4,0,43.7,127.4,98800.0,2026-07-04,2026-07-04,988.0
20260704,000000,71W,1,2026,7,4,0,42.7,131.6,99000.0,2026-07-04,2026-07-04,990.0
20260704,000000,71W,1,2026,7,4,0,42.4,134.5,99300.0,2026-07-04,2026-07-04,993.0
20260704,000000,71W,2,2026,7,4,0,12.4,151.3,97200.0,2026-07-04,2026-07-04,972.0
20260704,000000,71W,2,2026,7,4,0,12.6,150.6,97300.0,2026-07-04,2026-07-04,973.0
20260704,000000,71W,2,2026,7,4,0,12.8,149.70000000000002,96700.0,2026-07-04,2026-07-04,967.0
20260704,000000,71W,2,2026,7,4,0,13.1,148.8,96200.0,2026-07-04,2026-07-04,962.0
20260704,000000,71W,2,2026,7,4,0,13.3,148.0,94700.0,2026-07-04,2026-07-04,947.0
20260704,000000,71W,2,2026,7,4,0,13.3,146.9,93500.0,2026-07-04,2026-07-04,935.0
20260704,000000,71W,2,2026,7,4,0,13.6,146.0,92000.0,2026-07-04,2026-07-04,920.0
20260704,000000,71W,2,2026,7,4,0,13.9,145.1,91800.0,2026-07-04,2026-07-04,918.0
20260704,000000,71W,2,2026,7,4,0,14.4,144.20000000000002,91000.0,2026-07-04,2026-07-04,910.0
20260704,000000,71W,2,2026,7,4,0,14.9,143.1,90600.0,2026-07-04,2026-07-04,906.0
20260704,000000,71W,2,2026,7,4,0,15.200000000000001,141.8,90300.0,2026-07-04,2026-07-04,903.0
20260704,000000,71W,2,2026,7,4,0,15.5,140.5,89200.0,2026-07-04,2026-07-04,892.0
20260704,000000,71W,2,2026,7,4,0,15.9,139.1,89400.0,2026-07-04,2026-07-04,894.0
20260704,000000,71W,2,2026,7,4,0,16.2,137.8,89100.0,2026-07-04,2026-07-04,891.0
20260704,000000,71W,2,2026,7,4,0,16.7,136.2,89600.0,2026-07-04,2026-07-04,896.0
20260704,000000,71W,2,2026,7,4,0,17.1,135.0,89200.0,2026-07-04,2026-07-04,892.0
20260704,000000,71W,2,2026,7,4,0,17.7,133.8,88500.0,2026-07-04,2026-07-04,885.0
20260704,000000,71W,2,2026,7,4,0,18.2,132.6,88700.0,2026-07-04,2026-07-04,887.0
20260704,000000,71W,2,2026,7,4,0,18.6,131.4,87700.0,2026-07-04,2026-07-04,877.0
20260704,000000,71W,2,2026,7,4,0,19.3,130.2,87000.0,2026-07-04,2026-07-04,870.0
20260704,000000,71W,2,2026,7,4,0,19.900000000000002,129.3,87000.0,2026-07-04,2026-07-04,870.0
20260704,000000,71W,2,2026,7,4,0,20.7,128.5,88000.0,2026-07-04,2026-07-04,880.0
20260704,000000,71W,2,2026,7,4,0,21.5,127.5,87300.0,2026-07-04,2026-07-04,873.0
20260704,000000,71W,2,2026,7,4,0,22.400000000000002,127.0,88200.0,2026-07-04,2026-07-04,882.0
20260704,000000,71W,2,2026,7,4,0,23.7,126.5,88200.0,2026-07-04,2026-07-04,882.0
20260704,000000,71W,2,2026,7,4,0,25.2,125.8,88700.0,2026-07-04,2026-07-04,887.0
20260704,000000,71W,2,2026,7,4,0,26.6,125.0,89500.0,2026-07-04,2026-07-04,895.0
20260704,000000,71W,2,2026,7,4,0,28.2,124.3,90000.0,2026-07-04,2026-07-04,900.0
20260704,000000,71W,2,2026,7,4,0,29.6,123.8,90300.0,2026-07-04,2026-07-04,903.0
20260704,000000,71W,2,2026,7,4,0,31.2,123.3,91100.0,2026-07-04,2026-07-04,911.0
20260704,000000,71W,2,2026,7,4,0,32.5,122.7,92200.0,2026-07-04,2026-07-04,922.0
20260704,000000,71W,2,2026,7,4,0,33.4,122.9,93800.0,2026-07-04,2026-07-04,938.0
20260704,000000,71W,2,2026,7,4,0,34.4,123.5,95100.0,2026-07-04,2026-07-04,951.0
20260704,000000,71W,2,2026,7,4,0,35.5,124.5,96200.0,2026-07-04,2026-07-04,962.0
20260704,000000,71W,2,2026,7,4,0,36.5,125.8,97000.0,2026-07-04,2026-07-04,970.0
20260704,000000,71W,2,2026,7,4,0,37.7,128.8,98100.0,2026-07-04,2026-07-04,981.0
20260704,000000,71W,2,2026,7,4,0,39.1,130.5,98100.0,2026-07-04,2026-07-04,981.0
20260704,000000,71W,2,2026,7,4,0,40.2,132.5,98100.0,2026-07-04,2026-07-04,981.0
20260704,000000,71W,2,2026,7,4,0,41.6,134.1,97800.0,2026-07-04,2026-07-04,978.0
20260704,000000,71W,2,2026,7,4,0,42.7,135.7,97700.0,2026-07-04,2026-07-04,977.0
20260704,000000,71W,2,2026,7,4,0,43.5,137.20000000000002,97500.0,2026-07-04,2026-07-04,975.0
20260704,000000,71W,2,2026,7,4,0,44.1,138.6,97700.0,2026-07-04,2026-07-04,977.0
20260704,000000,71W,2,2026,7,4,0,44.9,140.6,98000.0,2026-07-04,2026-07-04,980.0
20260704,000000,71W,2,2026,7,4,0,45.800000000000004,143.4,98600.0,2026-07-04,2026-07-04,986.0
20260704,000000,71W,2,2026,7,4,0,48.1,146.9,99000.0,2026-07-04,2026-07-04,990.0
20260704,000000,71W,3,2026,7,4,0,12.6,151.1,93200.0,2026-07-04,2026-07-04,932.0
20260704,000000,71W,3,2026,7,4,0,12.9,150.4,93300.0,2026-07-04,2026-07-04,933.0
20260704,000000,71W,3,2026,7,4,0,13.1,149.8,92100.0,2026-07-04,2026-07-04,921.0
20260704,000000,71W,3,2026,7,4,0,13.3,148.9,92000.0,2026-07-04,2026-07-04,920.0
20260704,000000,71W,3,2026,7,4,0,13.4,148.1,91400.0,2026-07-04,2026-07-04,914.0
20260704,000000,71W,3,2026,7,4,0,13.700000000000001,147.3,92100.0,2026-07-04,2026-07-04,921.0
20260704,000000,71W,3,2026,7,4,0,14.1,146.1,92400.0,2026-07-04,2026-07-04,924.0
20260704,000000,71W,3,2026,7,4,0,14.3,145.20000000000002,91800.0,2026-07-04,2026-07-04,918.0
20260704,000000,71W,3,2026,7,4,0,14.700000000000001,144.1,90500.0,2026-07-04,2026-07-04,905.0
20260704,000000,71W,3,2026,7,4,0,15.0,143.0,90800.0,2026-07-04,2026-07-04,908.0
20260704,000000,71W,3,2026,7,4,0,15.5,141.6,90800.0,2026-07-04,2026-07-04,908.0
20260704,000000,71W,3,2026,7,4,0,15.9,140.20000000000002,90000.0,2026-07-04,2026-07-04,900.0
20260704,000000,71W,3,2026,7,4,0,16.1,139.0,90300.0,2026-07-04,2026-07-04,903.0
20260704,000000,71W,3,2026,7,4,0,16.4,137.4,91300.0,2026-07-04,2026-07-04,913.0
20260704,000000,71W,3,2026,7,4,0,16.4,136.1,91500.0,2026-07-04,2026-07-04,915.0
20260704,000000,71W,3,2026,7,4,0,16.6,135.0,92300.0,2026-07-04,2026-07-04,923.0
20260704,000000,71W,3,2026,7,4,0,16.8,134.0,92700.0,2026-07-04,2026-07-04,927.0
20260704,000000,71W,3,2026,7,4,0,17.1,133.1,93200.0,2026-07-04,2026-07-04,932.0
20260704,000000,71W,3,2026,7,4,0,17.7,132.2,93400.0,2026-07-04,2026-07-04,934.0
20260704,000000,71W,3,2026,7,4,0,18.3,131.3,93700.0,2026-07-04,2026-07-04,937.0
20260704,000000,71W,3,2026,7,4,0,18.8,130.5,93700.0,2026-07-04,2026-07-04,937.0
20260704,000000,71W,3,2026,7,4,0,19.3,129.8,93600.0,2026-07-04,2026-07-04,936.0
20260704,000000,71W,3,2026,7,4,0,20.0,129.0,93600.0,2026-07-04,2026-07-04,936.0
20260704,000000,71W,3,2026,7,4,0,20.900000000000002,128.6,93700.0,2026-07-04,2026-07-04,937.0
20260704,000000,71W,3,2026,7,4,0,22.1,128.0,93300.0,2026-07-04,2026-07-04,933.0
20260704,000000,71W,3,2026,7,4,0,23.2,127.2,93200.0,2026-07-04,2026-07-04,932.0
20260704,000000,71W,3,2026,7,4,0,24.5,126.2,93600.0,2026-07-04,2026-07-04,936.0
20260704,000000,71W,3,2026,7,4,0,25.6,125.60000000000001,94100.0,2026-07-04,2026-07-04,941.0
20260704,000000,71W,3,2026,7,4,0,26.900000000000002,124.7,94000.0,2026-07-04,2026-07-04,940.0
20260704,000000,71W,3,2026,7,4,0,27.8,124.3,94200.0,2026-07-04,2026-07-04,942.0
20260704,000000,71W,3,2026,7,4,0,29.0,123.8,94600.0,2026-07-04,2026-07-04,946.0
20260704,000000,71W,3,2026,7,4,0,29.900000000000002,123.4,95000.0,2026-07-04,2026-07-04,950.0
20260704,000000,71W,3,2026,7,4,0,31.1,123.0,95300.0,2026-07-04,2026-07-04,953.0
20260704,000000,71W,3,2026,7,4,0,31.5,122.60000000000001,95900.0,2026-07-04,2026-07-04,959.0
20260704,000000,71W,3,2026,7,4,0,32.1,122.2,96400.0,2026-07-04,2026-07-04,964.0
20260704,000000,71W,3,2026,7,4,0,32.3,122.2,97100.0,2026-07-04,2026-07-04,971.0
20260704,000000,71W,3,2026,7,4,0,32.5,122.2,97500.0,2026-07-04,2026-07-04,975.0
20260704,000000,71W,3,2026,7,4,0,32.7,122.5,98000.0,2026-07-04,2026-07-04,980.0
20260704,000000,71W,3,2026,7,4,0,33.3,122.60000000000001,98300.0,2026-07-04,2026-07-04,983.0
20260704,000000,71W,3,2026,7,4,0,33.9,122.5,98600.0,2026-07-04,2026-07-04,986.0
20260704,000000,71W,3,2026,7,4,0,34.2,122.60000000000001,98700.0,2026-07-04,2026-07-04,987.0
20260704,000000,71W,3,2026,7,4,0,34.4,122.9,99100.0,2026-07-04,2026-07-04,991.0
20260704,000000,71W,3,2026,7,4,0,34.9,123.4,99200.0,2026-07-04,2026-07-04,992.0
20260704,000000,71W,3,2026,7,4,0,35.800000000000004,124.10000000000001,99300.0,2026-07-04,2026-07-04,993.0
20260704,000000,71W,3,2026,7,4,0,36.5,124.8,99400.0,2026-07-04,2026-07-04,994.0
20260704,000000,71W,3,2026,7,4,0,37.0,125.2,99600.0,2026-07-04,2026-07-04,996.0
20260704,000000,71W,3,2026,7,4,0,37.1,125.5,99600.0,2026-07-04,2026-07-04,996.0
20260704,000000,71W,3,2026,7,4,0,37.0,126.0,99700.0,2026-07-04,2026-07-04,997.0
20260704,000000,71W,3,2026,7,4,0,38.2,126.4,99500.0,2026-07-04,2026-07-04,995.0
20260704,000000,71W,3,2026,7,4,0,39.4,125.3,99600.0,2026-07-04,2026-07-04,996.0
20260704,000000,71W,3,2026,7,4,0,39.2,125.2,99700.0,2026-07-04,2026-07-04,997.0
20260704,000000,71W,3,2026,7,4,0,39.1,124.8,99800.0,2026-07-04,2026-07-04,998.0
20260704,000000,71W,4,2026,7,4,0,12.6,151.5,95800.0,2026-07-04,2026-07-04,958.0
20260704,000000,71W,4,2026,7,4,0,12.8,150.70000000000002,96400.0,2026-07-04,2026-07-04,964.0
20260704,000000,71W,4,2026,7,4,0,12.8,149.9,96000.0,2026-07-04,2026-07-04,960.0
20260704,000000,71W,4,2026,7,4,0,12.8,149.70000000000002,95200.0,2026-07-04,2026-07-04,952.0
20260704,000000,71W,4,2026,7,4,0,13.4,149.0,95200.0,2026-07-04,2026-07-04,952.0
20260704,000000,71W,4,2026,7,4,0,13.5,148.4,95600.0,2026-07-04,2026-07-04,956.0
20260704,000000,71W,4,2026,7,4,0,14.4,147.70000000000002,95500.0,2026-07-04,2026-07-04,955.0
20260704,000000,71W,4,2026,7,4,0,15.0,146.70000000000002,95700.0,2026-07-04,2026-07-04,957.0
20260704,000000,71W,4,2026,7,4,0,15.200000000000001,145.6,94900.0,2026-07-04,2026-07-04,949.0
20260704,000000,71W,4,2026,7,4,0,15.5,144.4,94500.0,2026-07-04,2026-07-04,945.0
20260704,000000,71W,4,2026,7,4,0,15.9,142.8,93700.0,2026-07-04,2026-07-04,937.0
20260704,000000,71W,4,2026,7,4,0,15.9,141.3,93700.0,2026-07-04,2026-07-04,937.0
20260704,000000,71W,4,2026,7,4,0,16.1,140.3,93500.0,2026-07-04,2026-07-04,935.0
20260704,000000,71W,4,2026,7,4,0,16.4,139.0,93300.0,2026-07-04,2026-07-04,933.0
20260704,000000,71W,4,2026,7,4,0,16.6,137.6,93300.0,2026-07-04,2026-07-04,933.0
20260704,000000,71W,4,2026,7,4,0,16.9,136.5,93800.0,2026-07-04,2026-07-04,938.0
20260704,000000,71W,4,2026,7,4,0,17.3,135.2,93700.0,2026-07-04,2026-07-04,937.0
20260704,000000,71W,4,2026,7,4,0,17.2,134.2,93700.0,2026-07-04,2026-07-04,937.0
20260704,000000,71W,4,2026,7,4,0,17.6,133.1,93700.0,2026-07-04,2026-07-04,937.0
20260704,000000,71W,4,2026,7,4,0,18.3,132.5,93400.0,2026-07-04,2026-07-04,934.0
20260704,000000,71W,4,2026,7,4,0,18.900000000000002,131.5,93300.0,2026-07-04,2026-07-04,933.0
20260704,000000,71W,4,2026,7,4,0,19.900000000000002,130.5,93200.0,2026-07-04,2026-07-04,932.0
20260704,000000,71W,4,2026,7,4,0,21.1,129.5,93300.0,2026-07-04,2026-07-04,933.0
20260704,000000,71W,4,2026,7,4,0,22.1,128.6,93600.0,2026-07-04,2026-07-04,936.0
20260704,000000,71W,4,2026,7,4,0,23.1,127.8,93400.0,2026-07-04,2026-07-04,934.0
20260704,000000,71W,4,2026,7,4,0,24.5,126.60000000000001,93500.0,2026-07-04,2026-07-04,935.0
20260704,000000,71W,4,2026,7,4,0,25.900000000000002,125.5,94000.0,2026-07-04,2026-07-04,940.0
20260704,000000,71W,4,2026,7,4,0,27.2,124.8,94500.0,2026-07-04,2026-07-04,945.0
20260704,000000,71W,4,2026,7,4,0,28.7,124.0,94700.0,2026-07-04,2026-07-04,947.0
20260704,000000,71W,4,2026,7,4,0,30.3,123.3,95000.0,2026-07-04,2026-07-04,950.0
20260704,000000,71W,4,2026,7,4,0,31.900000000000002,122.4,95300.0,2026-07-04,2026-07-04,953.0
20260704,000000,71W,4,2026,7,4,0,33.0,122.0,95800.0,2026-07-04,2026-07-04,958.0
20260704,000000,71W,4,2026,7,4,0,34.300000000000004,121.9,96200.0,2026-07-04,2026-07-04,962.0
20260704,000000,71W,4,2026,7,4,0,35.0,122.0,96600.0,2026-07-04,2026-07-04,966.0
20260704,000000,71W,4,2026,7,4,0,35.9,122.60000000000001,96900.0,2026-07-04,2026-07-04,969.0
20260704,000000,71W,4,2026,7,4,0,36.800000000000004,123.7,97200.0,2026-07-04,2026-07-04,972.0
20260704,000000,71W,4,2026,7,4,0,37.5,124.9,97400.0,2026-07-04,2026-07-04,974.0
20260704,000000,71W,4,2026,7,4,0,38.2,126.4,98100.0,2026-07-04,2026-07-04,981.0
20260704,000000,71W,4,2026,7,4,0,39.5,128.6,98400.0,2026-07-04,2026-07-04,984.0
20260704,000000,71W,4,2026,7,4,0,41.1,130.9,98400.0,2026-07-04,2026-07-04,984.0
20260704,000000,71W,4,2026,7,4,0,43.5,132.1,98200.0,2026-07-04,2026-07-04,982.0
20260704,000000,71W,4,2026,7,4,0,44.2,135.7,98500.0,2026-07-04,2026-07-04,985.0
20260704,000000,71W,4,2026,7,4,0,46.7,138.1,98500.0,2026-07-04,2026-07-04,985.0
20260704,000000,71W,5,2026,7,4,0,12.200000000000001,151.3,95400.0,2026-07-04,2026-07-04,954.0
20260704,000000,71W,5,2026,7,4,0,12.6,150.4,95600.0,2026-07-04,2026-07-04,956.0
20260704,000000,71W,5,2026,7,4,0,12.8,149.6,95000.0,2026-07-04,2026-07-04,950.0
20260704,000000,71W,5,2026,7,4,0,13.0,148.70000000000002,95000.0,2026-07-04,2026-07-04,950.0
20260704,000000,71W,5,2026,7,4,0,13.200000000000001,147.70000000000002,94200.0,2026-07-04,2026-07-04,942.0
20260704,000000,71W,5,2026,7,4,0,13.3,146.8,94000.0,2026-07-04,2026-07-04,940.0
20260704,000000,71W,5,2026,7,4,0,13.6,145.8,93600.0,2026-07-04,2026-07-04,936.0
20260704,000000,71W,5,2026,7,4,0,14.5,144.70000000000002,93500.0,2026-07-04,2026-07-04,935.0
20260704,000000,71W,5,2026,7,4,0,14.8,143.6,93000.0,2026-07-04,2026-07-04,930.0
20260704,000000,71W,5,2026,7,4,0,15.1,142.1,93000.0,2026-07-04,2026-07-04,930.0
20260704,000000,71W,5,2026,7,4,0,15.200000000000001,140.8,92800.0,2026-07-04,2026-07-04,928.0
20260704,000000,71W,5,2026,7,4,0,15.5,139.3,92600.0,2026-07-04,2026-07-04,926.0
20260704,000000,71W,5,2026,7,4,0,15.8,138.0,93100.0,2026-07-04,2026-07-04,931.0
20260704,000000,71W,5,2026,7,4,0,16.2,136.6,93200.0,2026-07-04,2026-07-04,932.0
20260704,000000,71W,5,2026,7,4,0,16.8,135.0,93200.0,2026-07-04,2026-07-04,932.0
20260704,000000,71W,5,2026,7,4,0,17.1,133.4,93500.0,2026-07-04,2026-07-04,935.0
20260704,000000,71W,5,2026,7,4,0,17.400000000000002,132.0,92500.0,2026-07-04,2026-07-04,925.0
20260704,000000,71W,5,2026,7,4,0,18.0,130.7,92100.0,2026-07-04,2026-07-04,921.0
20260704,000000,71W,5,2026,7,4,0,18.3,129.4,92100.0,2026-07-04,2026-07-04,921.0
20260704,000000,71W,5,2026,7,4,0,19.1,128.3,92900.0,2026-07-04,2026-07-04,929.0
20260704,000000,71W,5,2026,7,4,0,19.7,127.60000000000001,93200.0,2026-07-04,2026-07-04,932.0
20260704,000000,71W,5,2026,7,4,0,20.400000000000002,126.60000000000001,94000.0,2026-07-04,2026-07-04,940.0
20260704,000000,71W,5,2026,7,4,0,21.400000000000002,125.8,94400.0,2026-07-04,2026-07-04,944.0
20260704,000000,71W,5,2026,7,4,0,22.5,124.8,94600.0,2026-07-04,2026-07-04,946.0
20260704,000000,71W,5,2026,7,4,0,23.5,123.8,94600.0,2026-07-04,2026-07-04,946.0
20260704,000000,71W,5,2026,7,4,0,24.7,122.60000000000001,95300.0,2026-07-04,2026-07-04,953.0
20260704,000000,71W,5,2026,7,4,0,25.2,121.2,95500.0,2026-07-04,2026-07-04,955.0
20260704,000000,71W,5,2026,7,4,0,26.3,120.5,95700.0,2026-07-04,2026-07-04,957.0
20260704,000000,71W,5,2026,7,4,0,27.0,119.2,97300.0,2026-07-04,2026-07-04,973.0
20260704,000000,71W,5,2026,7,4,0,28.5,118.5,98100.0,2026-07-04,2026-07-04,981.0
20260704,000000,71W,5,2026,7,4,0,29.3,117.8,98500.0,2026-07-04,2026-07-04,985.0
20260704,000000,71W,5,2026,7,4,0,31.0,117.3,98600.0,2026-07-04,2026-07-04,986.0
20260704,000000,71W,5,2026,7,4,0,31.8,117.2,98800.0,2026-07-04,2026-07-04,988.0
20260704,000000,71W,5,2026,7,4,0,32.3,116.8,98900.0,2026-07-04,2026-07-04,989.0
20260704,000000,71W,5,2026,7,4,0,33.2,116.9,99000.0,2026-07-04,2026-07-04,990.0
20260704,000000,71W,5,2026,7,4,0,33.4,117.7,99100.0,2026-07-04,2026-07-04,991.0
20260704,000000,71W,5,2026,7,4,0,34.4,118.10000000000001,99100.0,2026-07-04,2026-07-04,991.0
20260704,000000,71W,5,2026,7,4,0,34.6,118.10000000000001,99200.0,2026-07-04,2026-07-04,992.0
20260704,000000,71W,5,2026,7,4,0,34.300000000000004,118.8,99200.0,2026-07-04,2026-07-04,992.0
20260704,000000,71W,5,2026,7,4,0,35.2,120.0,99200.0,2026-07-04,2026-07-04,992.0
20260704,000000,71W,5,2026,7,4,0,36.0,120.0,99200.0,2026-07-04,2026-07-04,992.0
20260704,000000,71W,5,2026,7,4,0,37.0,122.5,99500.0,2026-07-04,2026-07-04,995.0
20260704,000000,71W,5,2026,7,4,0,37.2,123.5,99600.0,2026-07-04,2026-07-04,996.0
20260704,000000,71W,5,2026,7,4,0,38.7,125.2,99600.0,2026-07-04,2026-07-04,996.0
20260704,000000,71W,6,2026,7,4,0,12.6,151.20000000000002,97900.0,2026-07-04,2026-07-04,979.0
20260704,000000,71W,6,2026,7,4,0,12.700000000000001,150.4,97500.0,2026-07-04,2026-07-04,975.0
20260704,000000,71W,6,2026,7,4,0,12.8,149.70000000000002,96400.0,2026-07-04,2026-07-04,964.0
20260704,000000,71W,6,2026,7,4,0,12.9,148.9,95300.0,2026-07-04,2026-07-04,953.0
20260704,000000,71W,6,2026,7,4,0,13.3,148.0,94000.0,2026-07-04,2026-07-04,940.0
20260704,000000,71W,6,2026,7,4,0,13.700000000000001,147.1,93200.0,2026-07-04,2026-07-04,932.0
20260704,000000,71W,6,2026,7,4,0,14.200000000000001,146.20000000000002,93600.0,2026-07-04,2026-07-04,936.0
20260704,000000,71W,6,2026,7,4,0,14.700000000000001,145.1,94100.0,2026-07-04,2026-07-04,941.0
20260704,000000,71W,6,2026,7,4,0,15.3,143.70000000000002,94100.0,2026-07-04,2026-07-04,941.0
20260704,000000,71W,6,2026,7,4,0,15.700000000000001,142.6,94500.0,2026-07-04,2026-07-04,945.0
20260704,000000,71W,6,2026,7,4,0,16.1,141.1,94100.0,2026-07-04,2026-07-04,941.0
20260704,000000,71W,6,2026,7,4,0,16.4,139.70000000000002,93700.0,2026-07-04,2026-07-04,937.0
20260704,000000,71W,6,2026,7,4,0,16.8,137.8,92900.0,2026-07-04,2026-07-04,929.0
20260704,000000,71W,6,2026,7,4,0,17.0,136.1,92500.0,2026-07-04,2026-07-04,925.0
20260704,000000,71W,6,2026,7,4,0,17.400000000000002,134.6,91800.0,2026-07-04,2026-07-04,918.0
20260704,000000,71W,6,2026,7,4,0,18.0,133.0,91800.0,2026-07-04,2026-07-04,918.0
20260704,000000,71W,6,2026,7,4,0,18.6,131.6,92000.0,2026-07-04,2026-07-04,920.0
20260704,000000,71W,6,2026,7,4,0,19.0,130.3,91600.0,2026-07-04,2026-07-04,916.0
20260704,000000,71W,6,2026,7,4,0,19.5,128.9,91900.0,2026-07-04,2026-07-04,919.0
20260704,000000,71W,6,2026,7,4,0,20.0,127.9,91900.0,2026-07-04,2026-07-04,919.0
20260704,000000,71W,6,2026,7,4,0,20.8,126.7,92200.0,2026-07-04,2026-07-04,922.0
20260704,000000,71W,6,2026,7,4,0,21.5,126.2,92200.0,2026-07-04,2026-07-04,922.0
20260704,000000,71W,6,2026,7,4,0,22.5,125.7,92900.0,2026-07-04,2026-07-04,929.0
20260704,000000,71W,6,2026,7,4,0,23.7,125.10000000000001,93700.0,2026-07-04,2026-07-04,937.0
20260704,000000,71W,6,2026,7,4,0,25.2,124.2,94000.0,2026-07-04,2026-07-04,940.0
20260704,000000,71W,6,2026,7,4,0,26.3,123.3,94600.0,2026-07-04,2026-07-04,946.0
20260704,000000,71W,6,2026,7,4,0,27.900000000000002,122.60000000000001,95000.0,2026-07-04,2026-07-04,950.0
20260704,000000,71W,6,2026,7,4,0,29.3,121.60000000000001,95800.0,2026-07-04,2026-07-04,958.0
20260704,000000,71W,6,2026,7,4,0,30.5,121.10000000000001,96300.0,2026-07-04,2026-07-04,963.0
20260704,000000,71W,6,2026,7,4,0,31.8,120.7,96900.0,2026-07-04,2026-07-04,969.0
20260704,000000,71W,6,2026,7,4,0,32.6,120.5,97300.0,2026-07-04,2026-07-04,973.0
20260704,000000,71W,6,2026,7,4,0,33.7,120.5,97600.0,2026-07-04,2026-07-04,976.0
20260704,000000,71W,6,2026,7,4,0,34.4,120.8,97800.0,2026-07-04,2026-07-04,978.0
20260704,000000,71W,6,2026,7,4,0,35.4,121.5,98000.0,2026-07-04,2026-07-04,980.0
20260704,000000,71W,6,2026,7,4,0,36.4,122.2,98100.0,2026-07-04,2026-07-04,981.0
20260704,000000,71W,6,2026,7,4,0,37.1,123.10000000000001,98200.0,2026-07-04,2026-07-04,982.0
20260704,000000,71W,6,2026,7,4,0,37.6,124.3,98300.0,2026-07-04,2026-07-04,983.0
20260704,000000,71W,6,2026,7,4,0,37.7,125.5,98500.0,2026-07-04,2026-07-04,985.0
20260704,000000,71W,6,2026,7,4,0,37.6,126.9,98900.0,2026-07-04,2026-07-04,989.0
20260704,000000,71W,7,2026,7,4,0,12.1,151.1,97000.0,2026-07-04,2026-07-04,970.0
20260704,000000,71W,7,2026,7,4,0,12.3,150.5,96700.0,2026-07-04,2026-07-04,967.0
20260704,000000,71W,7,2026,7,4,0,12.4,149.8,95900.0,2026-07-04,2026-07-04,959.0
20260704,000000,71W,7,2026,7,4,0,12.5,148.9,95200.0,2026-07-04,2026-07-04,952.0
20260704,000000,71W,7,2026,7,4,0,12.9,148.0,94000.0,2026-07-04,2026-07-04,940.0
20260704,000000,71W,7,2026,7,4,0,13.3,147.5,94000.0,2026-07-04,2026-07-04,940.0
20260704,000000,71W,7,2026,7,4,0,13.700000000000001,146.6,93800.0,2026-07-04,2026-07-04,938.0
20260704,000000,71W,7,2026,7,4,0,14.200000000000001,145.3,93900.0,2026-07-04,2026-07-04,939.0
20260704,000000,71W,7,2026,7,4,0,14.700000000000001,144.1,93700.0,2026-07-04,2026-07-04,937.0
20260704,000000,71W,7,2026,7,4,0,15.200000000000001,142.6,93900.0,2026-07-04,2026-07-04,939.0
20260704,000000,71W,7,2026,7,4,0,15.4,141.1,93500.0,2026-07-04,2026-07-04,935.0
20260704,000000,71W,7,2026,7,4,0,15.5,139.6,93300.0,2026-07-04,2026-07-04,933.0
20260704,000000,71W,7,2026,7,4,0,15.700000000000001,138.1,92600.0,2026-07-04,2026-07-04,926.0
20260704,000000,71W,7,2026,7,4,0,16.0,136.8,93200.0,2026-07-04,2026-07-04,932.0
20260704,000000,71W,7,2026,7,4,0,16.4,135.2,93300.0,2026-07-04,2026-07-04,933.0
20260704,000000,71W,7,2026,7,4,0,16.6,133.8,93400.0,2026-07-04,2026-07-04,934.0
20260704,000000,71W,7,2026,7,4,0,17.1,132.6,93000.0,2026-07-04,2026-07-04,930.0
20260704,000000,71W,7,2026,7,4,0,17.5,131.2,93100.0,2026-07-04,2026-07-04,931.0
20260704,000000,71W,7,2026,7,4,0,18.1,129.8,93100.0,2026-07-04,2026-07-04,931.0
20260704,000000,71W,7,2026,7,4,0,18.5,128.6,93300.0,2026-07-04,2026-07-04,933.0
20260704,000000,71W,7,2026,7,4,0,19.2,127.5,93100.0,2026-07-04,2026-07-04,931.0
20260704,000000,71W,7,2026,7,4,0,19.8,126.3,93000.0,2026-07-04,2026-07-04,930.0
20260704,000000,71W,7,2026,7,4,0,20.400000000000002,125.10000000000001,92900.0,2026-07-04,2026-07-04,929.0
20260704,000000,71W,7,2026,7,4,0,21.3,124.0,92900.0,2026-07-04,2026-07-04,929.0
20260704,000000,71W,7,2026,7,4,0,22.3,122.9,92500.0,2026-07-04,2026-07-04,925.0
20260704,000000,71W,7,2026,7,4,0,23.0,121.60000000000001,93600.0,2026-07-04,2026-07-04,936.0
20260704,000000,71W,7,2026,7,4,0,23.7,120.0,94900.0,2026-07-04,2026-07-04,949.0
20260704,000000,71W,7,2026,7,4,0,24.900000000000002,119.2,95400.0,2026-07-04,2026-07-04,954.0
20260704,000000,71W,7,2026,7,4,0,25.7,117.5,96400.0,2026-07-04,2026-07-04,964.0
20260704,000000,71W,7,2026,7,4,0,26.7,116.7,97100.0,2026-07-04,2026-07-04,971.0
20260704,000000,71W,7,2026,7,4,0,27.6,115.4,97500.0,2026-07-04,2026-07-04,975.0
20260704,000000,71W,7,2026,7,4,0,28.3,114.8,98000.0,2026-07-04,2026-07-04,980.0
20260704,000000,71W,7,2026,7,4,0,29.400000000000002,113.9,98400.0,2026-07-04,2026-07-04,984.0
20260704,000000,71W,7,2026,7,4,0,29.7,113.10000000000001,98600.0,2026-07-04,2026-07-04,986.0
20260704,000000,71W,7,2026,7,4,0,30.6,112.8,98800.0,2026-07-04,2026-07-04,988.0
20260704,000000,71W,7,2026,7,4,0,31.6,112.3,99000.0,2026-07-04,2026-07-04,990.0
20260704,000000,71W,7,2026,7,4,0,32.3,111.7,99100.0,2026-07-04,2026-07-04,991.0
20260704,000000,71W,7,2026,7,4,0,32.6,111.0,99200.0,2026-07-04,2026-07-04,992.0
20260704,000000,71W,7,2026,7,4,0,32.6,111.0,99300.0,2026-07-04,2026-07-04,993.0
20260704,000000,71W,7,2026,7,4,0,33.0,111.4,99400.0,2026-07-04,2026-07-04,994.0
20260704,000000,71W,7,2026,7,4,0,34.6,112.5,99200.0,2026-07-04,2026-07-04,992.0
20260704,000000,71W,7,2026,7,4,0,34.6,112.7,99200.0,2026-07-04,2026-07-04,992.0
20260704,000000,71W,7,2026,7,4,0,37.2,115.8,98900.0,2026-07-04,2026-07-04,989.0
20260704,000000,71W,7,2026,7,4,0,37.0,117.4,98800.0,2026-07-04,2026-07-04,988.0
20260704,000000,71W,8,2026,7,4,0,12.4,151.0,97600.0,2026-07-04,2026-07-04,976.0
20260704,000000,71W,8,2026,7,4,0,12.6,150.6,97400.0,2026-07-04,2026-07-04,974.0
20260704,000000,71W,8,2026,7,4,0,12.6,150.1,96300.0,2026-07-04,2026-07-04,963.0
20260704,000000,71W,8,2026,7,4,0,13.200000000000001,149.4,95500.0,2026-07-04,2026-07-04,955.0
20260704,000000,71W,8,2026,7,4,0,13.6,148.70000000000002,94000.0,2026-07-04,2026-07-04,940.0
20260704,000000,71W,8,2026,7,4,0,13.8,147.70000000000002,93400.0,2026-07-04,2026-07-04,934.0
20260704,000000,71W,8,2026,7,4,0,14.3,146.9,92200.0,2026-07-04,2026-07-04,922.0
20260704,000000,71W,8,2026,7,4,0,14.9,145.8,91500.0,2026-07-04,2026-07-04,915.0
20260704,000000,71W,8,2026,7,4,0,15.3,144.8,90900.0,2026-07-04,2026-07-04,909.0
20260704,000000,71W,8,2026,7,4,0,15.700000000000001,143.6,91300.0,2026-07-04,2026-07-04,913.0
20260704,000000,71W,8,2026,7,4,0,16.0,142.20000000000002,91600.0,2026-07-04,2026-07-04,916.0
20260704,000000,71W,8,2026,7,4,0,16.3,140.8,91800.0,2026-07-04,2026-07-04,918.0
20260704,000000,71W,8,2026,7,4,0,16.9,139.5,91700.0,2026-07-04,2026-07-04,917.0
20260704,000000,71W,8,2026,7,4,0,17.3,137.9,92000.0,2026-07-04,2026-07-04,920.0
20260704,000000,71W,8,2026,7,4,0,17.7,136.3,92300.0,2026-07-04,2026-07-04,923.0
20260704,000000,71W,8,2026,7,4,0,18.1,134.6,92500.0,2026-07-04,2026-07-04,925.0
20260704,000000,71W,8,2026,7,4,0,18.5,133.1,92000.0,2026-07-04,2026-07-04,920.0
20260704,000000,71W,8,2026,7,4,0,18.900000000000002,131.4,91700.0,2026-07-04,2026-07-04,917.0
20260704,000000,71W,8,2026,7,4,0,19.400000000000002,129.8,91500.0,2026-07-04,2026-07-04,915.0
20260704,000000,71W,8,2026,7,4,0,19.5,128.3,91400.0,2026-07-04,2026-07-04,914.0
20260704,000000,71W,8,2026,7,4,0,20.2,127.10000000000001,91100.0,2026-07-04,2026-07-04,911.0
20260704,000000,71W,8,2026,7,4,0,20.7,125.8,91500.0,2026-07-04,2026-07-04,915.0
20260704,000000,71W,8,2026,7,4,0,21.400000000000002,124.7,92100.0,2026-07-04,2026-07-04,921.0
20260704,000000,71W,8,2026,7,4,0,22.400000000000002,123.8,92900.0,2026-07-04,2026-07-04,929.0
20260704,000000,71W,8,2026,7,4,0,23.5,122.60000000000001,93100.0,2026-07-04,2026-07-04,931.0
20260704,000000,71W,8,2026,7,4,0,24.3,120.8,95700.0,2026-07-04,2026-07-04,957.0
20260704,000000,71W,8,2026,7,4,0,25.400000000000002,120.4,95800.0,2026-07-04,2026-07-04,958.0
20260704,000000,71W,8,2026,7,4,0,26.3,119.5,96900.0,2026-07-04,2026-07-04,969.0
20260704,000000,71W,8,2026,7,4,0,28.0,119.0,97900.0,2026-07-04,2026-07-04,979.0
20260704,000000,71W,8,2026,7,4,0,29.3,117.9,98700.0,2026-07-04,2026-07-04,987.0
20260704,000000,71W,8,2026,7,4,0,30.7,117.4,99000.0,2026-07-04,2026-07-04,990.0
20260704,000000,71W,8,2026,7,4,0,31.400000000000002,117.4,99300.0,2026-07-04,2026-07-04,993.0
20260704,000000,71W,8,2026,7,4,0,32.1,117.0,99300.0,2026-07-04,2026-07-04,993.0
20260704,000000,71W,8,2026,7,4,0,31.900000000000002,117.0,99300.0,2026-07-04,2026-07-04,993.0
20260704,000000,71W,8,2026,7,4,0,31.8,118.3,99300.0,2026-07-04,2026-07-04,993.0
20260704,000000,71W,8,2026,7,4,0,32.4,118.7,99300.0,2026-07-04,2026-07-04,993.0
20260704,000000,71W,8,2026,7,4,0,32.7,118.8,99200.0,2026-07-04,2026-07-04,992.0
20260704,000000,71W,8,2026,7,4,0,33.0,119.60000000000001,99200.0,2026-07-04,2026-07-04,992.0
20260704,000000,71W,8,2026,7,4,0,33.4,119.60000000000001,99100.0,2026-07-04,2026-07-04,991.0
20260704,000000,71W,8,2026,7,4,0,34.2,120.7,99000.0,2026-07-04,2026-07-04,990.0
20260704,000000,71W,8,2026,7,4,0,34.7,120.7,98900.0,2026-07-04,2026-07-04,989.0
20260704,000000,71W,9,2026,7,4,0,12.5,150.70000000000002,97600.0,2026-07-04,2026-07-04,976.0
20260704,000000,71W,9,2026,7,4,0,12.700000000000001,150.20000000000002,97500.0,2026-07-04,2026-07-04,975.0
20260704,000000,71W,9,2026,7,4,0,12.9,149.5,96700.0,2026-07-04,2026-07-04,967.0
20260704,000000,71W,9,2026,7,4,0,13.1,148.70000000000002,96300.0,2026-07-04,2026-07-04,963.0
20260704,000000,71W,9,2026,7,4,0,13.700000000000001,147.8,95200.0,2026-07-04,2026-07-04,952.0
20260704,000000,71W,9,2026,7,4,0,13.700000000000001,146.6,93600.0,2026-07-04,2026-07-04,936.0
20260704,000000,71W,9,2026,7,4,0,14.1,145.4,92000.0,2026-07-04,2026-07-04,920.0
20260704,000000,71W,9,2026,7,4,0,14.5,144.1,91500.0,2026-07-04,2026-07-04,915.0
20260704,000000,71W,9,2026,7,4,0,14.700000000000001,142.8,91000.0,2026-07-04,2026-07-04,910.0
20260704,000000,71W,9,2026,7,4,0,15.1,141.5,90800.0,2026-07-04,2026-07-04,908.0
20260704,000000,71W,9,2026,7,4,0,15.5,139.9,90300.0,2026-07-04,2026-07-04,903.0
20260704,000000,71W,9,2026,7,4,0,15.9,138.5,91000.0,2026-07-04,2026-07-04,910.0
20260704,000000,71W,9,2026,7,4,0,16.3,137.0,92100.0,2026-07-04,2026-07-04,921.0
20260704,000000,71W,9,2026,7,4,0,16.7,135.4,92900.0,2026-07-04,2026-07-04,929.0
20260704,000000,71W,9,2026,7,4,0,17.2,133.8,93000.0,2026-07-04,2026-07-04,930.0
20260704,000000,71W,9,2026,7,4,0,17.6,132.3,92700.0,2026-07-04,2026-07-04,927.0
20260704,000000,71W,9,2026,7,4,0,18.1,130.8,92000.0,2026-07-04,2026-07-04,920.0
20260704,000000,71W,9,2026,7,4,0,18.5,129.6,91700.0,2026-07-04,2026-07-04,917.0
20260704,000000,71W,9,2026,7,4,0,19.2,128.1,91400.0,2026-07-04,2026-07-04,914.0
20260704,000000,71W,9,2026,7,4,0,19.8,127.10000000000001,91600.0,2026-07-04,2026-07-04,916.0
20260704,000000,71W,9,2026,7,4,0,20.7,126.2,91500.0,2026-07-04,2026-07-04,915.0
20260704,000000,71W,9,2026,7,4,0,21.8,125.4,91400.0,2026-07-04,2026-07-04,914.0
20260704,000000,71W,9,2026,7,4,0,22.8,124.7,92100.0,2026-07-04,2026-07-04,921.0
20260704,000000,71W,9,2026,7,4,0,24.1,123.8,92800.0,2026-07-04,2026-07-04,928.0
20260704,000000,71W,9,2026,7,4,0,25.2,123.0,92700.0,2026-07-04,2026-07-04,927.0
20260704,000000,71W,9,2026,7,4,0,26.400000000000002,122.2,92900.0,2026-07-04,2026-07-04,929.0
20260704,000000,71W,9,2026,7,4,0,27.6,121.2,93600.0,2026-07-04,2026-07-04,936.0
20260704,000000,71W,9,2026,7,4,0,29.1,120.9,95200.0,2026-07-04,2026-07-04,952.0
20260704,000000,71W,9,2026,7,4,0,30.1,120.3,95900.0,2026-07-04,2026-07-04,959.0
20260704,000000,71W,9,2026,7,4,0,31.2,119.5,96600.0,2026-07-04,2026-07-04,966.0
20260704,000000,71W,9,2026,7,4,0,31.8,118.8,97000.0,2026-07-04,2026-07-04,970.0
20260704,000000,71W,9,2026,7,4,0,32.7,118.4,97400.0,2026-07-04,2026-07-04,974.0
20260704,000000,71W,9,2026,7,4,0,33.4,117.9,97800.0,2026-07-04,2026-07-04,978.0
20260704,000000,71W,9,2026,7,4,0,33.9,117.9,98100.0,2026-07-04,2026-07-04,981.0
20260704,000000,71W,9,2026,7,4,0,34.6,117.8,98300.0,2026-07-04,2026-07-04,983.0
20260704,000000,71W,9,2026,7,4,0,35.1,118.60000000000001,98500.0,2026-07-04,2026-07-04,985.0
20260704,000000,71W,9,2026,7,4,0,36.0,119.4,98500.0,2026-07-04,2026-07-04,985.0
20260704,000000,71W,9,2026,7,4,0,36.5,121.0,98700.0,2026-07-04,2026-07-04,987.0
20260704,000000,71W,9,2026,7,4,0,37.7,121.5,98700.0,2026-07-04,2026-07-04,987.0
20260704,000000,71W,9,2026,7,4,0,37.800000000000004,123.3,98700.0,2026-07-04,2026-07-04,987.0
20260704,000000,71W,9,2026,7,4,0,38.7,124.8,98700.0,2026-07-04,2026-07-04,987.0
20260704,000000,71W,9,2026,7,4,0,39.2,127.5,98900.0,2026-07-04,2026-07-04,989.0
20260704,000000,71W,9,2026,7,4,0,40.300000000000004,129.7,98700.0,2026-07-04,2026-07-04,987.0
20260704,000000,71W,9,2026,7,4,0,41.7,132.3,98600.0,2026-07-04,2026-07-04,986.0
20260704,000000,71W,9,2026,7,4,0,44.9,133.8,98500.0,2026-07-04,2026-07-04,985.0
20260704,000000,71W,10,2026,7,4,0,12.200000000000001,151.8,96200.0,2026-07-04,2026-07-04,962.0
20260704,000000,71W,10,2026,7,4,0,12.6,151.20000000000002,96200.0,2026-07-04,2026-07-04,962.0
20260704,000000,71W,10,2026,7,4,0,13.3,150.20000000000002,95600.0,2026-07-04,2026-07-04,956.0
20260704,000000,71W,10,2026,7,4,0,13.5,149.3,95300.0,2026-07-04,2026-07-04,953.0
20260704,000000,71W,10,2026,7,4,0,13.9,148.4,94500.0,2026-07-04,2026-07-04,945.0
20260704,000000,71W,10,2026,7,4,0,14.1,147.3,94400.0,2026-07-04,2026-07-04,944.0
20260704,000000,71W,10,2026,7,4,0,14.3,146.3,94300.0,2026-07-04,2026-07-04,943.0
20260704,000000,71W,10,2026,7,4,0,14.700000000000001,145.1,94700.0,2026-07-04,2026-07-04,947.0
20260704,000000,71W,10,2026,7,4,0,15.200000000000001,144.1,94300.0,2026-07-04,2026-07-04,943.0
20260704,000000,71W,10,2026,7,4,0,15.200000000000001,142.8,94700.0,2026-07-04,2026-07-04,947.0
20260704,000000,71W,10,2026,7,4,0,15.6,141.5,94800.0,2026-07-04,2026-07-04,948.0
20260704,000000,71W,10,2026,7,4,0,16.0,140.1,94900.0,2026-07-04,2026-07-04,949.0
20260704,000000,71W,10,2026,7,4,0,16.2,138.70000000000002,94000.0,2026-07-04,2026-07-04,940.0
20260704,000000,71W,10,2026,7,4,0,16.6,137.4,93500.0,2026-07-04,2026-07-04,935.0
20260704,000000,71W,10,2026,7,4,0,16.6,136.2,93300.0,2026-07-04,2026-07-04,933.0
20260704,000000,71W,10,2026,7,4,0,16.9,135.0,93600.0,2026-07-04,2026-07-04,936.0
20260704,000000,71W,10,2026,7,4,0,17.7,134.2,93600.0,2026-07-04,2026-07-04,936.0
20260704,000000,71W,10,2026,7,4,0,17.8,132.9,94000.0,2026-07-04,2026-07-04,940.0
20260704,000000,71W,10,2026,7,4,0,18.5,132.1,94300.0,2026-07-04,2026-07-04,943.0
20260704,000000,71W,10,2026,7,4,0,19.3,130.9,94700.0,2026-07-04,2026-07-04,947.0
20260704,000000,71W,10,2026,7,4,0,19.8,130.2,94500.0,2026-07-04,2026-07-04,945.0
20260704,000000,71W,10,2026,7,4,0,20.8,129.5,94600.0,2026-07-04,2026-07-04,946.0
20260704,000000,71W,10,2026,7,4,0,21.6,128.4,94500.0,2026-07-04,2026-07-04,945.0
20260704,000000,71W,10,2026,7,4,0,22.6,127.9,94500.0,2026-07-04,2026-07-04,945.0
20260704,000000,71W,10,2026,7,4,0,23.7,127.0,94000.0,2026-07-04,2026-07-04,940.0
20260704,000000,71W,10,2026,7,4,0,24.900000000000002,126.10000000000001,94100.0,2026-07-04,2026-07-04,941.0
20260704,000000,71W,10,2026,7,4,0,26.1,125.10000000000001,94500.0,2026-07-04,2026-07-04,945.0
20260704,000000,71W,10,2026,7,4,0,27.1,124.4,94700.0,2026-07-04,2026-07-04,947.0
20260704,000000,71W,10,2026,7,4,0,28.1,123.4,94600.0,2026-07-04,2026-07-04,946.0
20260704,000000,71W,10,2026,7,4,0,29.400000000000002,122.9,94700.0,2026-07-04,2026-07-04,947.0
20260704,000000,71W,10,2026,7,4,0,30.7,122.2,95400.0,2026-07-04,2026-07-04,954.0
20260704,000000,71W,10,2026,7,4,0,31.6,121.4,96300.0,2026-07-04,2026-07-04,963.0
20260704,000000,71W,10,2026,7,4,0,32.4,120.7,96700.0,2026-07-04,2026-07-04,967.0
20260704,000000,71W,10,2026,7,4,0,32.9,120.5,97300.0,2026-07-04,2026-07-04,973.0
20260704,000000,71W,10,2026,7,4,0,33.6,120.10000000000001,97800.0,2026-07-04,2026-07-04,978.0
20260704,000000,71W,10,2026,7,4,0,34.2,120.0,98200.0,2026-07-04,2026-07-04,982.0
20260704,000000,71W,10,2026,7,4,0,34.5,119.9,98500.0,2026-07-04,2026-07-04,985.0
20260704,000000,71W,10,2026,7,4,0,35.0,120.0,98800.0,2026-07-04,2026-07-04,988.0
20260704,000000,71W,10,2026,7,4,0,35.300000000000004,120.0,99000.0,2026-07-04,2026-07-04,990.0
20260704,000000,71W,10,2026,7,4,0,35.300000000000004,120.10000000000001,99300.0,2026-07-04,2026-07-04,993.0
20260704,000000,71W,10,2026,7,4,0,35.4,120.3,99400.0,2026-07-04,2026-07-04,994.0
20260704,000000,71W,10,2026,7,4,0,35.6,120.5,99600.0,2026-07-04,2026-07-04,996.0
20260704,000000,71W,10,2026,7,4,0,36.300000000000004,120.8,99700.0,2026-07-04,2026-07-04,997.0
20260704,000000,71W,10,2026,7,4,0,36.6,120.7,99800.0,2026-07-04,2026-07-04,998.0
20260704,000000,71W,11,2026,7,4,0,12.3,150.70000000000002,94800.0,2026-07-04,2026-07-04,948.0
20260704,000000,71W,11,2026,7,4,0,12.4,150.1,94100.0,2026-07-04,2026-07-04,941.0
20260704,000000,71W,11,2026,7,4,0,12.5,149.4,93600.0,2026-07-04,2026-07-04,936.0
20260704,000000,71W,11,2026,7,4,0,12.5,148.8,92900.0,2026-07-04,2026-07-04,929.0
20260704,000000,71W,11,2026,7,4,0,12.8,148.3,92200.0,2026-07-04,2026-07-04,922.0
20260704,000000,71W,11,2026,7,4,0,13.3,147.5,92400.0,2026-07-04,2026-07-04,924.0
20260704,000000,71W,11,2026,7,4,0,13.700000000000001,146.6,92700.0,2026-07-04,2026-07-04,927.0
20260704,000000,71W,11,2026,7,4,0,14.0,145.70000000000002,92800.0,2026-07-04,2026-07-04,928.0
20260704,000000,71W,11,2026,7,4,0,14.6,144.6,92900.0,2026-07-04,2026-07-04,929.0
20260704,000000,71W,11,2026,7,4,0,14.9,143.20000000000002,92900.0,2026-07-04,2026-07-04,929.0
20260704,000000,71W,11,2026,7,4,0,15.1,141.6,93000.0,2026-07-04,2026-07-04,930.0
20260704,000000,71W,11,2026,7,4,0,15.3,139.9,93500.0,2026-07-04,2026-07-04,935.0
20260704,000000,71W,11,2026,7,4,0,15.5,138.5,93000.0,2026-07-04,2026-07-04,930.0
20260704,000000,71W,11,2026,7,4,0,15.700000000000001,136.9,93600.0,2026-07-04,2026-07-04,936.0
20260704,000000,71W,11,2026,7,4,0,15.9,135.7,93700.0,2026-07-04,2026-07-04,937.0
20260704,000000,71W,11,2026,7,4,0,16.3,135.0,94300.0,2026-07-04,2026-07-04,943.0
20260704,000000,71W,11,2026,7,4,0,16.9,133.8,94500.0,2026-07-04,2026-07-04,945.0
20260704,000000,71W,11,2026,7,4,0,17.1,133.1,94900.0,2026-07-04,2026-07-04,949.0
20260704,000000,71W,11,2026,7,4,0,18.3,131.9,94800.0,2026-07-04,2026-07-04,948.0
20260704,000000,71W,11,2026,7,4,0,19.2,131.6,94900.0,2026-07-04,2026-07-04,949.0
20260704,000000,71W,11,2026,7,4,0,20.1,130.5,94700.0,2026-07-04,2026-07-04,947.0
20260704,000000,71W,11,2026,7,4,0,21.3,129.7,94700.0,2026-07-04,2026-07-04,947.0
20260704,000000,71W,11,2026,7,4,0,22.3,128.9,94300.0,2026-07-04,2026-07-04,943.0
20260704,000000,71W,11,2026,7,4,0,23.3,128.3,94100.0,2026-07-04,2026-07-04,941.0
20260704,000000,71W,11,2026,7,4,0,24.5,127.5,93900.0,2026-07-04,2026-07-04,939.0
20260704,000000,71W,11,2026,7,4,0,25.5,126.60000000000001,94100.0,2026-07-04,2026-07-04,941.0
20260704,000000,71W,11,2026,7,4,0,26.900000000000002,125.4,94300.0,2026-07-04,2026-07-04,943.0
20260704,000000,71W,11,2026,7,4,0,28.2,124.9,94500.0,2026-07-04,2026-07-04,945.0
20260704,000000,71W,11,2026,7,4,0,29.2,124.3,94500.0,2026-07-04,2026-07-04,945.0
20260704,000000,71W,11,2026,7,4,0,30.6,123.2,95100.0,2026-07-04,2026-07-04,951.0
20260704,000000,71W,11,2026,7,4,0,31.5,122.9,95600.0,2026-07-04,2026-07-04,956.0
20260704,000000,71W,11,2026,7,4,0,32.9,122.10000000000001,96200.0,2026-07-04,2026-07-04,962.0
20260704,000000,71W,11,2026,7,4,0,33.4,122.0,96500.0,2026-07-04,2026-07-04,965.0
20260704,000000,71W,11,2026,7,4,0,34.2,121.7,96900.0,2026-07-04,2026-07-04,969.0
20260704,000000,71W,11,2026,7,4,0,35.300000000000004,121.9,97200.0,2026-07-04,2026-07-04,972.0
20260704,000000,71W,11,2026,7,4,0,36.2,121.7,97400.0,2026-07-04,2026-07-04,974.0
20260704,000000,71W,11,2026,7,4,0,36.5,121.9,97600.0,2026-07-04,2026-07-04,976.0
20260704,000000,71W,11,2026,7,4,0,36.800000000000004,122.9,97900.0,2026-07-04,2026-07-04,979.0
20260704,000000,71W,11,2026,7,4,0,37.5,123.9,97900.0,2026-07-04,2026-07-04,979.0
20260704,000000,71W,11,2026,7,4,0,38.0,125.0,98100.0,2026-07-04,2026-07-04,981.0
20260704,000000,71W,11,2026,7,4,0,38.300000000000004,126.7,98400.0,2026-07-04,2026-07-04,984.0
20260704,000000,71W,11,2026,7,4,0,39.300000000000004,128.7,98700.0,2026-07-04,2026-07-04,987.0
20260704,000000,71W,11,2026,7,4,0,40.6,129.8,98700.0,2026-07-04,2026-07-04,987.0
20260704,000000,71W,11,2026,7,4,0,41.5,131.6,99000.0,2026-07-04,2026-07-04,990.0
20260704,000000,71W,11,2026,7,4,0,42.2,132.9,99200.0,2026-07-04,2026-07-04,992.0
20260704,000000,71W,11,2026,7,4,0,42.4,134.0,99500.0,2026-07-04,2026-07-04,995.0
20260704,000000,71W,11,2026,7,4,0,43.2,135.4,99600.0,2026-07-04,2026-07-04,996.0
20260704,000000,71W,11,2026,7,4,0,46.0,137.4,100000.0,2026-07-04,2026-07-04,1000.0
20260704,000000,71W,12,2026,7,4,0,12.4,151.1,97200.0,2026-07-04,2026-07-04,972.0
20260704,000000,71W,12,2026,7,4,0,12.700000000000001,150.4,97000.0,2026-07-04,2026-07-04,970.0
20260704,000000,71W,12,2026,7,4,0,12.8,149.6,96500.0,2026-07-04,2026-07-04,965.0
20260704,000000,71W,12,2026,7,4,0,12.9,148.9,95700.0,2026-07-04,2026-07-04,957.0
20260704,000000,71W,12,2026,7,4,0,13.3,148.1,94600.0,2026-07-04,2026-07-04,946.0
20260704,000000,71W,12,2026,7,4,0,13.5,147.20000000000002,94300.0,2026-07-04,2026-07-04,943.0
20260704,000000,71W,12,2026,7,4,0,14.1,146.4,93700.0,2026-07-04,2026-07-04,937.0
20260704,000000,71W,12,2026,7,4,0,14.700000000000001,145.4,93300.0,2026-07-04,2026-07-04,933.0
20260704,000000,71W,12,2026,7,4,0,15.1,143.9,93100.0,2026-07-04,2026-07-04,931.0
20260704,000000,71W,12,2026,7,4,0,15.3,142.5,92800.0,2026-07-04,2026-07-04,928.0
20260704,000000,71W,12,2026,7,4,0,15.6,140.70000000000002,92500.0,2026-07-04,2026-07-04,925.0
20260704,000000,71W,12,2026,7,4,0,15.700000000000001,139.20000000000002,92300.0,2026-07-04,2026-07-04,923.0
20260704,000000,71W,12,2026,7,4,0,16.0,137.70000000000002,91500.0,2026-07-04,2026-07-04,915.0
20260704,000000,71W,12,2026,7,4,0,16.2,136.1,91200.0,2026-07-04,2026-07-04,912.0
20260704,000000,71W,12,2026,7,4,0,16.4,134.9,91000.0,2026-07-04,2026-07-04,910.0
20260704,000000,71W,12,2026,7,4,0,16.8,133.5,91400.0,2026-07-04,2026-07-04,914.0
20260704,000000,71W,12,2026,7,4,0,17.0,132.6,91600.0,2026-07-04,2026-07-04,916.0
20260704,000000,71W,12,2026,7,4,0,17.6,131.4,92100.0,2026-07-04,2026-07-04,921.0
20260704,000000,71W,12,2026,7,4,0,18.1,130.2,92300.0,2026-07-04,2026-07-04,923.0
20260704,000000,71W,12,2026,7,4,0,18.6,129.3,92400.0,2026-07-04,2026-07-04,924.0
20260704,000000,71W,12,2026,7,4,0,19.3,128.5,92100.0,2026-07-04,2026-07-04,921.0
20260704,000000,71W,12,2026,7,4,0,19.900000000000002,127.7,92100.0,2026-07-04,2026-07-04,921.0
20260704,000000,71W,12,2026,7,4,0,21.0,127.0,92800.0,2026-07-04,2026-07-04,928.0
20260704,000000,71W,12,2026,7,4,0,22.3,126.0,93000.0,2026-07-04,2026-07-04,930.0
20260704,000000,71W,12,2026,7,4,0,23.0,125.3,92600.0,2026-07-04,2026-07-04,926.0
20260704,000000,71W,12,2026,7,4,0,24.0,124.4,93100.0,2026-07-04,2026-07-04,931.0
20260704,000000,71W,12,2026,7,4,0,25.400000000000002,123.3,93900.0,2026-07-04,2026-07-04,939.0
20260704,000000,71W,12,2026,7,4,0,26.5,122.60000000000001,93900.0,2026-07-04,2026-07-04,939.0
20260704,000000,71W,12,2026,7,4,0,28.1,121.5,94200.0,2026-07-04,2026-07-04,942.0
20260704,000000,71W,12,2026,7,4,0,29.5,120.60000000000001,95900.0,2026-07-04,2026-07-04,959.0
20260704,000000,71W,12,2026,7,4,0,30.6,120.0,97000.0,2026-07-04,2026-07-04,970.0
20260704,000000,71W,12,2026,7,4,0,32.1,119.8,97300.0,2026-07-04,2026-07-04,973.0
20260704,000000,71W,12,2026,7,4,0,33.3,119.60000000000001,97600.0,2026-07-04,2026-07-04,976.0
20260704,000000,71W,12,2026,7,4,0,34.6,119.7,97700.0,2026-07-04,2026-07-04,977.0
20260704,000000,71W,12,2026,7,4,0,35.0,120.4,97900.0,2026-07-04,2026-07-04,979.0
20260704,000000,71W,12,2026,7,4,0,36.5,120.8,98000.0,2026-07-04,2026-07-04,980.0
20260704,000000,71W,12,2026,7,4,0,37.6,122.0,98000.0,2026-07-04,2026-07-04,980.0
20260704,000000,71W,12,2026,7,4,0,38.9,123.3,98200.0,2026-07-04,2026-07-04,982.0
20260704,000000,71W,12,2026,7,4,0,39.9,124.8,98500.0,2026-07-04,2026-07-04,985.0
20260704,000000,71W,12,2026,7,4,0,40.800000000000004,129.2,98600.0,2026-07-04,2026-07-04,986.0
20260704,000000,71W,13,2026,7,4,0,12.4,151.1,93800.0,2026-07-04,2026-07-04,938.0
20260704,000000,71W,13,2026,7,4,0,12.6,150.8,94500.0,2026-07-04,2026-07-04,945.0
20260704,000000,71W,13,2026,7,4,0,13.1,150.1,94900.0,2026-07-04,2026-07-04,949.0
20260704,000000,71W,13,2026,7,4,0,13.3,149.3,95100.0,2026-07-04,2026-07-04,951.0
20260704,000000,71W,13,2026,7,4,0,13.700000000000001,148.9,94300.0,2026-07-04,2026-07-04,943.0
20260704,000000,71W,13,2026,7,4,0,14.0,148.0,93700.0,2026-07-04,2026-07-04,937.0
20260704,000000,71W,13,2026,7,4,0,14.4,147.1,93200.0,2026-07-04,2026-07-04,932.0
20260704,000000,71W,13,2026,7,4,0,15.200000000000001,146.4,92700.0,2026-07-04,2026-07-04,927.0
20260704,000000,71W,13,2026,7,4,0,16.1,145.0,92100.0,2026-07-04,2026-07-04,921.0
20260704,000000,71W,13,2026,7,4,0,16.3,143.8,91800.0,2026-07-04,2026-07-04,918.0
20260704,000000,71W,13,2026,7,4,0,16.9,142.3,90800.0,2026-07-04,2026-07-04,908.0
20260704,000000,71W,13,2026,7,4,0,17.400000000000002,140.9,90600.0,2026-07-04,2026-07-04,906.0
20260704,000000,71W,13,2026,7,4,0,17.8,139.4,90400.0,2026-07-04,2026-07-04,904.0
20260704,000000,71W,13,2026,7,4,0,18.0,137.9,90500.0,2026-07-04,2026-07-04,905.0
20260704,000000,71W,13,2026,7,4,0,18.3,136.5,90300.0,2026-07-04,2026-07-04,903.0
20260704,000000,71W,13,2026,7,4,0,18.7,135.2,90500.0,2026-07-04,2026-07-04,905.0
20260704,000000,71W,13,2026,7,4,0,19.2,134.0,91100.0,2026-07-04,2026-07-04,911.0
20260704,000000,71W,13,2026,7,4,0,19.7,132.6,92100.0,2026-07-04,2026-07-04,921.0
20260704,000000,71W,13,2026,7,4,0,19.900000000000002,131.3,92400.0,2026-07-04,2026-07-04,924.0
20260704,000000,71W,13,2026,7,4,0,20.3,130.0,92800.0,2026-07-04,2026-07-04,928.0
20260704,000000,71W,13,2026,7,4,0,20.8,129.2,92400.0,2026-07-04,2026-07-04,924.0
20260704,000000,71W,13,2026,7,4,0,21.1,128.3,92700.0,2026-07-04,2026-07-04,927.0
20260704,000000,71W,13,2026,7,4,0,21.5,127.4,93000.0,2026-07-04,2026-07-04,930.0
20260704,000000,71W,13,2026,7,4,0,22.2,126.9,93300.0,2026-07-04,2026-07-04,933.0
20260704,000000,71W,13,2026,7,4,0,23.0,126.3,93400.0,2026-07-04,2026-07-04,934.0
20260704,000000,71W,13,2026,7,4,0,23.900000000000002,125.7,93700.0,2026-07-04,2026-07-04,937.0
20260704,000000,71W,13,2026,7,4,0,25.2,124.8,94100.0,2026-07-04,2026-07-04,941.0
20260704,000000,71W,13,2026,7,4,0,26.3,124.3,94400.0,2026-07-04,2026-07-04,944.0
20260704,000000,71W,13,2026,7,4,0,27.3,123.2,94500.0,2026-07-04,2026-07-04,945.0
20260704,000000,71W,13,2026,7,4,0,28.8,122.7,95100.0,2026-07-04,2026-07-04,951.0
20260704,000000,71W,13,2026,7,4,0,30.1,121.60000000000001,95600.0,2026-07-04,2026-07-04,956.0
20260704,000000,71W,13,2026,7,4,0,31.0,121.2,96200.0,2026-07-04,2026-07-04,962.0
20260704,000000,71W,13,2026,7,4,0,32.2,120.9,96900.0,2026-07-04,2026-07-04,969.0
20260704,000000,71W,13,2026,7,4,0,33.0,120.3,97500.0,2026-07-04,2026-07-04,975.0
20260704,000000,71W,13,2026,7,4,0,33.7,119.8,97900.0,2026-07-04,2026-07-04,979.0
20260704,000000,71W,13,2026,7,4,0,34.0,119.8,98200.0,2026-07-04,2026-07-04,982.0
20260704,000000,71W,13,2026,7,4,0,34.2,120.10000000000001,98300.0,2026-07-04,2026-07-04,983.0
20260704,000000,71W,13,2026,7,4,0,34.4,121.0,98500.0,2026-07-04,2026-07-04,985.0
20260704,000000,71W,13,2026,7,4,0,34.7,121.60000000000001,98500.0,2026-07-04,2026-07-04,985.0
20260704,000000,71W,13,2026,7,4,0,35.1,122.3,98600.0,2026-07-04,2026-07-04,986.0
20260704,000000,71W,13,2026,7,4,0,35.300000000000004,123.3,98600.0,2026-07-04,2026-07-04,986.0
20260704,000000,71W,13,2026,7,4,0,36.0,124.0,98900.0,2026-07-04,2026-07-04,989.0
20260704,000000,71W,13,2026,7,4,0,36.800000000000004,123.9,98800.0,2026-07-04,2026-07-04,988.0
20260704,000000,71W,13,2026,7,4,0,37.4,124.0,99000.0,2026-07-04,2026-07-04,990.0
20260704,000000,71W,13,2026,7,4,0,37.6,124.10000000000001,99100.0,2026-07-04,2026-07-04,991.0
20260704,000000,71W,13,2026,7,4,0,37.5,124.4,99300.0,2026-07-04,2026-07-04,993.0
20260704,000000,71W,13,2026,7,4,0,37.800000000000004,125.0,99400.0,2026-07-04,2026-07-04,994.0
20260704,000000,71W,13,2026,7,4,0,38.4,125.60000000000001,99600.0,2026-07-04,2026-07-04,996.0
20260704,000000,71W,13,2026,7,4,0,38.4,125.5,99600.0,2026-07-04,2026-07-04,996.0
20260704,000000,71W,13,2026,7,4,0,38.4,125.60000000000001,99800.0,2026-07-04,2026-07-04,998.0
20260704,000000,71W,13,2026,7,4,0,37.6,125.60000000000001,99800.0,2026-07-04,2026-07-04,998.0
20260704,000000,71W,13,2026,7,4,0,38.4,125.5,100000.0,2026-07-04,2026-07-04,1000.0
20260704,000000,71W,14,2026,7,4,0,12.700000000000001,150.8,97400.0,2026-07-04,2026-07-04,974.0
20260704,000000,71W,14,2026,7,4,0,12.6,150.1,96500.0,2026-07-04,2026-07-04,965.0
20260704,000000,71W,14,2026,7,4,0,12.9,149.4,95300.0,2026-07-04,2026-07-04,953.0
20260704,000000,71W,14,2026,7,4,0,13.3,148.3,93700.0,2026-07-04,2026-07-04,937.0
20260704,000000,71W,14,2026,7,4,0,13.6,147.3,93400.0,2026-07-04,2026-07-04,934.0
20260704,000000,71W,14,2026,7,4,0,13.8,146.1,93600.0,2026-07-04,2026-07-04,936.0
20260704,000000,71W,14,2026,7,4,0,14.1,144.9,93500.0,2026-07-04,2026-07-04,935.0
20260704,000000,71W,14,2026,7,4,0,14.6,143.6,93800.0,2026-07-04,2026-07-04,938.0
20260704,000000,71W,14,2026,7,4,0,15.0,142.3,93500.0,2026-07-04,2026-07-04,935.0
20260704,000000,71W,14,2026,7,4,0,15.1,140.9,93000.0,2026-07-04,2026-07-04,930.0
20260704,000000,71W,14,2026,7,4,0,15.5,139.20000000000002,92300.0,2026-07-04,2026-07-04,923.0
20260704,000000,71W,14,2026,7,4,0,15.700000000000001,137.8,91900.0,2026-07-04,2026-07-04,919.0
20260704,000000,71W,14,2026,7,4,0,15.9,136.6,90800.0,2026-07-04,2026-07-04,908.0
20260704,000000,71W,14,2026,7,4,0,16.3,135.2,90100.0,2026-07-04,2026-07-04,901.0
20260704,000000,71W,14,2026,7,4,0,16.6,133.7,89700.0,2026-07-04,2026-07-04,897.0
20260704,000000,71W,14,2026,7,4,0,17.1,132.5,90300.0,2026-07-04,2026-07-04,903.0
20260704,000000,71W,14,2026,7,4,0,17.6,131.3,90200.0,2026-07-04,2026-07-04,902.0
20260704,000000,71W,14,2026,7,4,0,18.0,130.2,90500.0,2026-07-04,2026-07-04,905.0
20260704,000000,71W,14,2026,7,4,0,18.5,129.3,91100.0,2026-07-04,2026-07-04,911.0
20260704,000000,71W,14,2026,7,4,0,19.400000000000002,128.5,91500.0,2026-07-04,2026-07-04,915.0
20260704,000000,71W,14,2026,7,4,0,20.3,127.5,91500.0,2026-07-04,2026-07-04,915.0
20260704,000000,71W,14,2026,7,4,0,21.400000000000002,126.4,92000.0,2026-07-04,2026-07-04,920.0
20260704,000000,71W,14,2026,7,4,0,22.6,125.5,92600.0,2026-07-04,2026-07-04,926.0
20260704,000000,71W,14,2026,7,4,0,23.8,124.7,93000.0,2026-07-04,2026-07-04,930.0
20260704,000000,71W,14,2026,7,4,0,25.2,123.8,93000.0,2026-07-04,2026-07-04,930.0
20260704,000000,71W,14,2026,7,4,0,26.1,122.8,93200.0,2026-07-04,2026-07-04,932.0
20260704,000000,71W,14,2026,7,4,0,27.5,122.2,93400.0,2026-07-04,2026-07-04,934.0
20260704,000000,71W,14,2026,7,4,0,28.6,121.3,94200.0,2026-07-04,2026-07-04,942.0
20260704,000000,71W,14,2026,7,4,0,29.7,120.3,95000.0,2026-07-04,2026-07-04,950.0
20260704,000000,71W,14,2026,7,4,0,30.2,119.5,96300.0,2026-07-04,2026-07-04,963.0
20260704,000000,71W,14,2026,7,4,0,30.900000000000002,118.3,96900.0,2026-07-04,2026-07-04,969.0
20260704,000000,71W,14,2026,7,4,0,31.1,117.7,97500.0,2026-07-04,2026-07-04,975.0
20260704,000000,71W,14,2026,7,4,0,31.400000000000002,116.7,97800.0,2026-07-04,2026-07-04,978.0
20260704,000000,71W,14,2026,7,4,0,31.5,116.10000000000001,98300.0,2026-07-04,2026-07-04,983.0
20260704,000000,71W,14,2026,7,4,0,31.5,115.7,98600.0,2026-07-04,2026-07-04,986.0
20260704,000000,71W,14,2026,7,4,0,31.8,115.8,98600.0,2026-07-04,2026-07-04,986.0
20260704,000000,71W,14,2026,7,4,0,32.1,116.2,98700.0,2026-07-04,2026-07-04,987.0
20260704,000000,71W,14,2026,7,4,0,32.4,116.0,98900.0,2026-07-04,2026-07-04,989.0
20260704,000000,71W,14,2026,7,4,0,32.7,116.2,98900.0,2026-07-04,2026-07-04,989.0
20260704,000000,71W,14,2026,7,4,0,33.4,116.9,98900.0,2026-07-04,2026-07-04,989.0
20260704,000000,71W,14,2026,7,4,0,34.2,116.8,98800.0,2026-07-04,2026-07-04,988.0
20260704,000000,71W,14,2026,7,4,0,34.6,117.0,98900.0,2026-07-04,2026-07-04,989.0
20260704,000000,71W,14,2026,7,4,0,34.800000000000004,117.9,98900.0,2026-07-04,2026-07-04,989.0
20260704,000000,71W,14,2026,7,4,0,36.4,118.9,98800.0,2026-07-04,2026-07-04,988.0
20260704,000000,71W,14,2026,7,4,0,36.0,119.2,98800.0,2026-07-04,2026-07-04,988.0
20260704,000000,71W,14,2026,7,4,0,35.800000000000004,121.0,99000.0,2026-07-04,2026-07-04,990.0
20260704,000000,71W,14,2026,7,4,0,38.300000000000004,122.4,98900.0,2026-07-04,2026-07-04,989.0
20260704,000000,71W,14,2026,7,4,0,38.4,123.5,98900.0,2026-07-04,2026-07-04,989.0
20260704,000000,71W,14,2026,7,4,0,38.800000000000004,124.60000000000001,99000.0,2026-07-04,2026-07-04,990.0
20260704,000000,71W,14,2026,7,4,0,38.9,125.7,99400.0,2026-07-04,2026-07-04,994.0
20260704,000000,71W,14,2026,7,4,0,40.1,129.4,99700.0,2026-07-04,2026-07-04,997.0
20260704,000000,71W,15,2026,7,4,0,33.6,137.5,100500.0,2026-07-04,2026-07-04,1005.0
20260704,000000,71W,15,2026,7,4,0,33.0,138.5,100500.0,2026-07-04,2026-07-04,1005.0
20260704,000000,71W,15,2026,7,4,0,32.7,139.6,100500.0,2026-07-04,2026-07-04,1005.0
20260704,000000,71W,15,2026,7,4,0,32.2,140.1,100800.0,2026-07-04,2026-07-04,1008.0
20260704,000000,71W,15,2026,7,4,0,32.0,140.9,100800.0,2026-07-04,2026-07-04,1008.0
20260704,000000,71W,15,2026,7,4,0,31.8,141.9,100900.0,2026-07-04,2026-07-04,1009.0
20260704,000000,71W,16,2026,7,4,0,12.6,150.8,96900.0,2026-07-04,2026-07-04,969.0
20260704,000000,71W,16,2026,7,4,0,12.700000000000001,150.20000000000002,96900.0,2026-07-04,2026-07-04,969.0
20260704,000000,71W,16,2026,7,4,0,12.8,149.6,96500.0,2026-07-04,2026-07-04,965.0
20260704,000000,71W,16,2026,7,4,0,13.0,148.70000000000002,96400.0,2026-07-04,2026-07-04,964.0
20260704,000000,71W,16,2026,7,4,0,13.3,148.0,96000.0,2026-07-04,2026-07-04,960.0
20260704,000000,71W,16,2026,7,4,0,13.5,146.9,96000.0,2026-07-04,2026-07-04,960.0
20260704,000000,71W,16,2026,7,4,0,13.8,146.0,95700.0,2026-07-04,2026-07-04,957.0
20260704,000000,71W,16,2026,7,4,0,14.0,145.1,95800.0,2026-07-04,2026-07-04,958.0
20260704,000000,71W,16,2026,7,4,0,14.6,144.1,95700.0,2026-07-04,2026-07-04,957.0
20260704,000000,71W,16,2026,7,4,0,15.1,142.8,95900.0,2026-07-04,2026-07-04,959.0
20260704,000000,71W,16,2026,7,4,0,15.5,141.20000000000002,95500.0,2026-07-04,2026-07-04,955.0
20260704,000000,71W,16,2026,7,4,0,15.700000000000001,139.6,95400.0,2026-07-04,2026-07-04,954.0
20260704,000000,71W,16,2026,7,4,0,15.9,138.1,95000.0,2026-07-04,2026-07-04,950.0
20260704,000000,71W,16,2026,7,4,0,16.2,136.6,95000.0,2026-07-04,2026-07-04,950.0
20260704,000000,71W,16,2026,7,4,0,16.3,135.0,95000.0,2026-07-04,2026-07-04,950.0
20260704,000000,71W,16,2026,7,4,0,16.5,133.5,95300.0,2026-07-04,2026-07-04,953.0
20260704,000000,71W,16,2026,7,4,0,16.8,132.1,95100.0,2026-07-04,2026-07-04,951.0
20260704,000000,71W,16,2026,7,4,0,16.9,130.9,94700.0,2026-07-04,2026-07-04,947.0
20260704,000000,71W,16,2026,7,4,0,17.0,129.6,94200.0,2026-07-04,2026-07-04,942.0
20260704,000000,71W,16,2026,7,4,0,17.3,128.6,94200.0,2026-07-04,2026-07-04,942.0
20260704,000000,71W,16,2026,7,4,0,17.7,127.60000000000001,94000.0,2026-07-04,2026-07-04,940.0
20260704,000000,71W,16,2026,7,4,0,18.0,126.7,93800.0,2026-07-04,2026-07-04,938.0
20260704,000000,71W,16,2026,7,4,0,18.6,126.10000000000001,93700.0,2026-07-04,2026-07-04,937.0
20260704,000000,71W,16,2026,7,4,0,19.0,125.5,94100.0,2026-07-04,2026-07-04,941.0
20260704,000000,71W,16,2026,7,4,0,19.6,125.0,94200.0,2026-07-04,2026-07-04,942.0
20260704,000000,71W,16,2026,7,4,0,20.400000000000002,123.9,94300.0,2026-07-04,2026-07-04,943.0
20260704,000000,71W,16,2026,7,4,0,21.0,122.9,94200.0,2026-07-04,2026-07-04,942.0
20260704,000000,71W,16,2026,7,4,0,21.8,122.2,94600.0,2026-07-04,2026-07-04,946.0
20260704,000000,71W,16,2026,7,4,0,22.8,121.2,95900.0,2026-07-04,2026-07-04,959.0
20260704,000000,71W,16,2026,7,4,0,23.0,119.60000000000001,97000.0,2026-07-04,2026-07-04,970.0
20260704,000000,71W,16,2026,7,4,0,24.0,119.10000000000001,97600.0,2026-07-04,2026-07-04,976.0
20260704,000000,71W,16,2026,7,4,0,25.3,118.0,98400.0,2026-07-04,2026-07-04,984.0
20260704,000000,71W,16,2026,7,4,0,27.1,116.5,98600.0,2026-07-04,2026-07-04,986.0
20260704,000000,71W,16,2026,7,4,0,26.6,114.7,98900.0,2026-07-04,2026-07-04,989.0
20260704,000000,71W,16,2026,7,4,0,27.1,112.8,99100.0,2026-07-04,2026-07-04,991.0
20260704,000000,71W,16,2026,7,4,0,27.0,112.4,99300.0,2026-07-04,2026-07-04,993.0
20260704,000000,71W,16,2026,7,4,0,25.400000000000002,110.10000000000001,99400.0,2026-07-04,2026-07-04,994.0
20260704,000000,71W,16,2026,7,4,0,27.900000000000002,110.10000000000001,99900.0,2026-07-04,2026-07-04,999.0
20260704,000000,71W,16,2026,7,4,0,32.2,111.5,99600.0,2026-07-04,2026-07-04,996.0
20260704,000000,71W,16,2026,7,4,0,33.7,113.60000000000001,99900.0,2026-07-04,2026-07-04,999.0
20260704,000000,71W,16,2026,7,4,0,34.4,115.7,99700.0,2026-07-04,2026-07-04,997.0
20260704,000000,71W,16,2026,7,4,0,32.3,115.2,100000.0,2026-07-04,2026-07-04,1000.0
20260704,000000,71W,17,2026,7,4,0,12.4,151.1,95900.0,2026-07-04,2026-07-04,959.0
20260704,000000,71W,17,2026,7,4,0,12.8,150.70000000000002,95700.0,2026-07-04,2026-07-04,957.0
20260704,000000,71W,17,2026,7,4,0,13.200000000000001,149.6,95600.0,2026-07-04,2026-07-04,956.0
20260704,000000,71W,17,2026,7,4,0,13.3,148.5,95800.0,2026-07-04,2026-07-04,958.0
20260704,000000,71W,17,2026,7,4,0,13.6,147.5,95500.0,2026-07-04,2026-07-04,955.0
20260704,000000,71W,17,2026,7,4,0,13.9,146.4,95800.0,2026-07-04,2026-07-04,958.0
20260704,000000,71W,17,2026,7,4,0,14.3,145.1,95800.0,2026-07-04,2026-07-04,958.0
20260704,000000,71W,17,2026,7,4,0,14.5,144.0,95800.0,2026-07-04,2026-07-04,958.0
20260704,000000,71W,17,2026,7,4,0,14.9,142.6,95100.0,2026-07-04,2026-07-04,951.0
20260704,000000,71W,17,2026,7,4,0,15.1,141.1,95100.0,2026-07-04,2026-07-04,951.0
20260704,000000,71W,17,2026,7,4,0,15.4,139.6,94200.0,2026-07-04,2026-07-04,942.0
20260704,000000,71W,17,2026,7,4,0,15.5,138.0,94700.0,2026-07-04,2026-07-04,947.0
20260704,000000,71W,17,2026,7,4,0,15.700000000000001,136.4,94300.0,2026-07-04,2026-07-04,943.0
20260704,000000,71W,17,2026,7,4,0,15.8,134.6,94100.0,2026-07-04,2026-07-04,941.0
20260704,000000,71W,17,2026,7,4,0,15.700000000000001,132.8,93200.0,2026-07-04,2026-07-04,932.0
20260704,000000,71W,17,2026,7,4,0,15.9,131.5,93200.0,2026-07-04,2026-07-04,932.0
20260704,000000,71W,17,2026,7,4,0,16.1,130.3,92800.0,2026-07-04,2026-07-04,928.0
20260704,000000,71W,17,2026,7,4,0,16.2,129.2,92600.0,2026-07-04,2026-07-04,926.0
20260704,000000,71W,17,2026,7,4,0,16.8,128.2,92500.0,2026-07-04,2026-07-04,925.0
20260704,000000,71W,17,2026,7,4,0,17.400000000000002,127.2,92800.0,2026-07-04,2026-07-04,928.0
20260704,000000,71W,17,2026,7,4,0,18.2,126.3,92900.0,2026-07-04,2026-07-04,929.0
20260704,000000,71W,17,2026,7,4,0,18.900000000000002,125.3,93400.0,2026-07-04,2026-07-04,934.0
20260704,000000,71W,17,2026,7,4,0,19.3,124.5,93800.0,2026-07-04,2026-07-04,938.0
20260704,000000,71W,17,2026,7,4,0,20.1,123.8,94300.0,2026-07-04,2026-07-04,943.0
20260704,000000,71W,17,2026,7,4,0,21.0,123.2,94300.0,2026-07-04,2026-07-04,943.0
20260704,000000,71W,17,2026,7,4,0,22.2,122.3,94900.0,2026-07-04,2026-07-04,949.0
20260704,000000,71W,17,2026,7,4,0,23.900000000000002,121.0,95700.0,2026-07-04,2026-07-04,957.0
20260704,000000,71W,17,2026,7,4,0,23.5,119.8,96400.0,2026-07-04,2026-07-04,964.0
20260704,000000,71W,17,2026,7,4,0,24.6,119.8,96600.0,2026-07-04,2026-07-04,966.0
20260704,000000,71W,17,2026,7,4,0,25.3,118.60000000000001,97200.0,2026-07-04,2026-07-04,972.0
20260704,000000,71W,17,2026,7,4,0,26.400000000000002,117.8,97600.0,2026-07-04,2026-07-04,976.0
20260704,000000,71W,17,2026,7,4,0,28.1,117.10000000000001,97900.0,2026-07-04,2026-07-04,979.0
20260704,000000,71W,17,2026,7,4,0,28.5,116.2,98100.0,2026-07-04,2026-07-04,981.0
20260704,000000,71W,17,2026,7,4,0,29.1,116.2,98300.0,2026-07-04,2026-07-04,983.0
20260704,000000,71W,17,2026,7,4,0,30.400000000000002,114.9,98700.0,2026-07-04,2026-07-04,987.0
20260704,000000,71W,17,2026,7,4,0,30.900000000000002,114.5,98900.0,2026-07-04,2026-07-04,989.0
20260704,000000,71W,17,2026,7,4,0,31.8,114.5,99000.0,2026-07-04,2026-07-04,990.0
20260704,000000,71W,17,2026,7,4,0,31.400000000000002,113.9,99200.0,2026-07-04,2026-07-04,992.0
20260704,000000,71W,17,2026,7,4,0,31.8,114.8,99200.0,2026-07-04,2026-07-04,992.0
20260704,000000,71W,17,2026,7,4,0,33.0,115.5,99300.0,2026-07-04,2026-07-04,993.0
20260704,000000,71W,17,2026,7,4,0,33.8,116.0,99100.0,2026-07-04,2026-07-04,991.0
20260704,000000,71W,17,2026,7,4,0,34.6,116.7,99000.0,2026-07-04,2026-07-04,990.0
20260704,000000,71W,17,2026,7,4,0,34.5,117.4,98900.0,2026-07-04,2026-07-04,989.0
20260704,000000,71W,17,2026,7,4,0,34.800000000000004,119.2,99100.0,2026-07-04,2026-07-04,991.0
20260704,000000,71W,17,2026,7,4,0,36.800000000000004,121.5,99100.0,2026-07-04,2026-07-04,991.0
20260704,000000,71W,17,2026,7,4,0,36.0,122.60000000000001,99400.0,2026-07-04,2026-07-04,994.0
20260704,000000,71W,17,2026,7,4,0,37.2,124.2,99400.0,2026-07-04,2026-07-04,994.0
20260704,000000,71W,18,2026,7,4,0,12.4,151.3,95100.0,2026-07-04,2026-07-04,951.0
20260704,000000,71W,18,2026,7,4,0,12.8,150.8,94600.0,2026-07-04,2026-07-04,946.0
20260704,000000,71W,18,2026,7,4,0,13.1,149.8,94400.0,2026-07-04,2026-07-04,944.0
20260704,000000,71W,18,2026,7,4,0,13.1,148.9,94200.0,2026-07-04,2026-07-04,942.0
20260704,000000,71W,18,2026,7,4,0,13.6,148.1,93600.0,2026-07-04,2026-07-04,936.0
20260704,000000,71W,18,2026,7,4,0,13.8,147.1,94100.0,2026-07-04,2026-07-04,941.0
20260704,000000,71W,18,2026,7,4,0,14.3,146.0,94200.0,2026-07-04,2026-07-04,942.0
20260704,000000,71W,18,2026,7,4,0,14.6,144.9,94800.0,2026-07-04,2026-07-04,948.0
20260704,000000,71W,18,2026,7,4,0,15.0,143.5,94800.0,2026-07-04,2026-07-04,948.0
20260704,000000,71W,18,2026,7,4,0,15.4,142.1,95100.0,2026-07-04,2026-07-04,951.0
20260704,000000,71W,18,2026,7,4,0,15.700000000000001,140.6,94600.0,2026-07-04,2026-07-04,946.0
20260704,000000,71W,18,2026,7,4,0,15.9,139.1,94700.0,2026-07-04,2026-07-04,947.0
20260704,000000,71W,18,2026,7,4,0,16.5,137.6,94500.0,2026-07-04,2026-07-04,945.0
20260704,000000,71W,18,2026,7,4,0,16.8,135.9,94200.0,2026-07-04,2026-07-04,942.0
20260704,000000,71W,18,2026,7,4,0,17.3,134.2,93200.0,2026-07-04,2026-07-04,932.0
20260704,000000,71W,18,2026,7,4,0,17.7,132.8,92500.0,2026-07-04,2026-07-04,925.0
20260704,000000,71W,18,2026,7,4,0,18.1,131.4,91800.0,2026-07-04,2026-07-04,918.0
20260704,000000,71W,18,2026,7,4,0,18.3,130.0,90700.0,2026-07-04,2026-07-04,907.0
20260704,000000,71W,18,2026,7,4,0,18.6,128.9,91200.0,2026-07-04,2026-07-04,912.0
20260704,000000,71W,18,2026,7,4,0,19.0,127.60000000000001,90300.0,2026-07-04,2026-07-04,903.0
20260704,000000,71W,18,2026,7,4,0,19.5,126.9,90600.0,2026-07-04,2026-07-04,906.0
20260704,000000,71W,18,2026,7,4,0,20.3,126.10000000000001,90500.0,2026-07-04,2026-07-04,905.0
20260704,000000,71W,18,2026,7,4,0,21.1,125.10000000000001,90700.0,2026-07-04,2026-07-04,907.0
20260704,000000,71W,18,2026,7,4,0,22.0,124.3,89800.0,2026-07-04,2026-07-04,898.0
20260704,000000,71W,18,2026,7,4,0,23.5,123.5,90300.0,2026-07-04,2026-07-04,903.0
20260704,000000,71W,18,2026,7,4,0,24.900000000000002,122.2,92300.0,2026-07-04,2026-07-04,923.0
20260704,000000,71W,18,2026,7,4,0,25.400000000000002,120.8,93100.0,2026-07-04,2026-07-04,931.0
20260704,000000,71W,18,2026,7,4,0,26.3,119.9,93900.0,2026-07-04,2026-07-04,939.0
20260704,000000,71W,18,2026,7,4,0,27.6,118.7,96600.0,2026-07-04,2026-07-04,966.0
20260704,000000,71W,18,2026,7,4,0,28.900000000000002,117.4,97800.0,2026-07-04,2026-07-04,978.0
20260704,000000,71W,18,2026,7,4,0,30.0,116.5,98300.0,2026-07-04,2026-07-04,983.0
20260704,000000,71W,18,2026,7,4,0,31.7,116.0,98800.0,2026-07-04,2026-07-04,988.0
20260704,000000,71W,18,2026,7,4,0,32.1,114.4,98900.0,2026-07-04,2026-07-04,989.0
20260704,000000,71W,18,2026,7,4,0,32.3,113.60000000000001,99100.0,2026-07-04,2026-07-04,991.0
20260704,000000,71W,18,2026,7,4,0,32.9,113.10000000000001,99200.0,2026-07-04,2026-07-04,992.0
20260704,000000,71W,18,2026,7,4,0,33.9,113.10000000000001,99400.0,2026-07-04,2026-07-04,994.0
20260704,000000,71W,18,2026,7,4,0,34.800000000000004,112.9,99300.0,2026-07-04,2026-07-04,993.0
20260704,000000,71W,18,2026,7,4,0,35.0,112.7,99400.0,2026-07-04,2026-07-04,994.0
20260704,000000,71W,18,2026,7,4,0,35.9,114.3,99300.0,2026-07-04,2026-07-04,993.0
20260704,000000,71W,18,2026,7,4,0,38.300000000000004,115.3,99300.0,2026-07-04,2026-07-04,993.0
20260704,000000,71W,18,2026,7,4,0,38.6,118.3,99000.0,2026-07-04,2026-07-04,990.0
20260704,000000,71W,18,2026,7,4,0,39.6,122.5,98800.0,2026-07-04,2026-07-04,988.0
20260704,000000,71W,19,2026,7,4,0,12.4,151.3,95900.0,2026-07-04,2026-07-04,959.0
20260704,000000,71W,19,2026,7,4,0,12.8,150.8,95900.0,2026-07-04,2026-07-04,959.0
20260704,000000,71W,19,2026,7,4,0,13.200000000000001,149.8,94800.0,2026-07-04,2026-07-04,948.0
20260704,000000,71W,19,2026,7,4,0,13.3,148.8,93100.0,2026-07-04,2026-07-04,931.0
20260704,000000,71W,19,2026,7,4,0,13.700000000000001,147.8,92100.0,2026-07-04,2026-07-04,921.0
20260704,000000,71W,19,2026,7,4,0,14.0,146.5,92000.0,2026-07-04,2026-07-04,920.0
20260704,000000,71W,19,2026,7,4,0,14.3,145.1,92100.0,2026-07-04,2026-07-04,921.0
20260704,000000,71W,19,2026,7,4,0,14.700000000000001,144.0,92500.0,2026-07-04,2026-07-04,925.0
20260704,000000,71W,19,2026,7,4,0,15.1,142.4,92300.0,2026-07-04,2026-07-04,923.0
20260704,000000,71W,19,2026,7,4,0,15.3,140.8,92700.0,2026-07-04,2026-07-04,927.0
20260704,000000,71W,19,2026,7,4,0,15.5,139.1,93000.0,2026-07-04,2026-07-04,930.0
20260704,000000,71W,19,2026,7,4,0,15.5,137.3,93400.0,2026-07-04,2026-07-04,934.0
20260704,000000,71W,19,2026,7,4,0,15.700000000000001,135.9,92600.0,2026-07-04,2026-07-04,926.0
20260704,000000,71W,19,2026,7,4,0,15.9,134.1,92200.0,2026-07-04,2026-07-04,922.0
20260704,000000,71W,19,2026,7,4,0,15.9,132.6,92100.0,2026-07-04,2026-07-04,921.0
20260704,000000,71W,19,2026,7,4,0,16.3,131.4,92300.0,2026-07-04,2026-07-04,923.0
20260704,000000,71W,19,2026,7,4,0,16.8,130.2,91700.0,2026-07-04,2026-07-04,917.0
20260704,000000,71W,19,2026,7,4,0,17.3,128.8,92100.0,2026-07-04,2026-07-04,921.0
20260704,000000,71W,19,2026,7,4,0,18.0,127.7,92800.0,2026-07-04,2026-07-04,928.0
20260704,000000,71W,19,2026,7,4,0,18.8,126.7,93500.0,2026-07-04,2026-07-04,935.0
20260704,000000,71W,19,2026,7,4,0,19.7,125.4,93300.0,2026-07-04,2026-07-04,933.0
20260704,000000,71W,19,2026,7,4,0,20.7,124.3,93300.0,2026-07-04,2026-07-04,933.0
20260704,000000,71W,19,2026,7,4,0,21.6,123.3,93400.0,2026-07-04,2026-07-04,934.0
20260704,000000,71W,19,2026,7,4,0,22.900000000000002,122.60000000000001,93300.0,2026-07-04,2026-07-04,933.0
20260704,000000,71W,19,2026,7,4,0,24.2,120.7,95700.0,2026-07-04,2026-07-04,957.0
20260704,000000,71W,19,2026,7,4,0,25.3,120.2,96100.0,2026-07-04,2026-07-04,961.0
20260704,000000,71W,19,2026,7,4,0,26.8,119.0,97400.0,2026-07-04,2026-07-04,974.0
20260704,000000,71W,19,2026,7,4,0,28.3,117.9,98100.0,2026-07-04,2026-07-04,981.0
20260704,000000,71W,19,2026,7,4,0,29.5,116.7,98600.0,2026-07-04,2026-07-04,986.0
20260704,000000,71W,19,2026,7,4,0,30.5,115.10000000000001,99000.0,2026-07-04,2026-07-04,990.0
20260704,000000,71W,19,2026,7,4,0,32.4,114.7,99200.0,2026-07-04,2026-07-04,992.0
20260704,000000,71W,19,2026,7,4,0,32.6,113.9,99500.0,2026-07-04,2026-07-04,995.0
20260704,000000,71W,19,2026,7,4,0,32.7,113.2,99500.0,2026-07-04,2026-07-04,995.0
20260704,000000,71W,19,2026,7,4,0,32.5,112.0,99900.0,2026-07-04,2026-07-04,999.0
20260704,000000,71W,20,2026,7,4,0,12.6,152.0,97200.0,2026-07-04,2026-07-04,972.0
20260704,000000,71W,20,2026,7,4,0,12.700000000000001,151.3,97200.0,2026-07-04,2026-07-04,972.0
20260704,000000,71W,20,2026,7,4,0,12.9,150.8,96300.0,2026-07-04,2026-07-04,963.0
20260704,000000,71W,20,2026,7,4,0,13.3,149.9,95000.0,2026-07-04,2026-07-04,950.0
20260704,000000,71W,20,2026,7,4,0,14.0,149.4,94100.0,2026-07-04,2026-07-04,941.0
20260704,000000,71W,20,2026,7,4,0,14.700000000000001,148.6,94600.0,2026-07-04,2026-07-04,946.0
20260704,000000,71W,20,2026,7,4,0,15.3,147.5,94600.0,2026-07-04,2026-07-04,946.0
20260704,000000,71W,20,2026,7,4,0,15.6,146.5,94900.0,2026-07-04,2026-07-04,949.0
20260704,000000,71W,20,2026,7,4,0,16.2,145.0,94900.0,2026-07-04,2026-07-04,949.0
20260704,000000,71W,20,2026,7,4,0,16.5,143.6,94900.0,2026-07-04,2026-07-04,949.0
20260704,000000,71W,20,2026,7,4,0,16.9,142.3,94100.0,2026-07-04,2026-07-04,941.0
20260704,000000,71W,20,2026,7,4,0,17.2,140.9,93800.0,2026-07-04,2026-07-04,938.0
20260704,000000,71W,20,2026,7,4,0,17.6,139.9,93400.0,2026-07-04,2026-07-04,934.0
20260704,000000,71W,20,2026,7,4,0,17.8,138.3,92900.0,2026-07-04,2026-07-04,929.0
20260704,000000,71W,20,2026,7,4,0,18.400000000000002,137.0,92900.0,2026-07-04,2026-07-04,929.0
20260704,000000,71W,20,2026,7,4,0,18.900000000000002,135.9,92700.0,2026-07-04,2026-07-04,927.0
20260704,000000,71W,20,2026,7,4,0,19.5,134.6,92800.0,2026-07-04,2026-07-04,928.0
20260704,000000,71W,20,2026,7,4,0,19.900000000000002,133.3,93300.0,2026-07-04,2026-07-04,933.0
20260704,000000,71W,20,2026,7,4,0,20.0,131.7,93600.0,2026-07-04,2026-07-04,936.0
20260704,000000,71W,20,2026,7,4,0,20.8,130.9,94000.0,2026-07-04,2026-07-04,940.0
20260704,000000,71W,20,2026,7,4,0,21.400000000000002,129.8,94300.0,2026-07-04,2026-07-04,943.0
20260704,000000,71W,20,2026,7,4,0,21.5,128.7,94800.0,2026-07-04,2026-07-04,948.0
20260704,000000,71W,20,2026,7,4,0,22.1,127.4,95000.0,2026-07-04,2026-07-04,950.0
20260704,000000,71W,20,2026,7,4,0,22.400000000000002,126.7,95200.0,2026-07-04,2026-07-04,952.0
20260704,000000,71W,20,2026,7,4,0,23.400000000000002,125.5,95500.0,2026-07-04,2026-07-04,955.0
20260704,000000,71W,20,2026,7,4,0,24.400000000000002,124.8,96000.0,2026-07-04,2026-07-04,960.0
20260704,000000,71W,20,2026,7,4,0,25.400000000000002,122.9,96200.0,2026-07-04,2026-07-04,962.0
20260704,000000,71W,20,2026,7,4,0,26.1,121.9,96500.0,2026-07-04,2026-07-04,965.0
20260704,000000,71W,20,2026,7,4,0,27.5,120.60000000000001,96900.0,2026-07-04,2026-07-04,969.0
20260704,000000,71W,20,2026,7,4,0,28.6,118.5,97800.0,2026-07-04,2026-07-04,978.0
20260704,000000,71W,20,2026,7,4,0,28.900000000000002,117.2,98200.0,2026-07-04,2026-07-04,982.0
20260704,000000,71W,20,2026,7,4,0,30.3,116.9,98600.0,2026-07-04,2026-07-04,986.0
20260704,000000,71W,20,2026,7,4,0,31.0,114.8,98800.0,2026-07-04,2026-07-04,988.0
20260704,000000,71W,20,2026,7,4,0,31.0,114.4,99000.0,2026-07-04,2026-07-04,990.0
20260704,000000,71W,20,2026,7,4,0,32.3,113.8,99200.0,2026-07-04,2026-07-04,992.0
20260704,000000,71W,20,2026,7,4,0,32.7,112.9,99400.0,2026-07-04,2026-07-04,994.0
20260704,000000,71W,20,2026,7,4,0,33.7,113.60000000000001,99500.0,2026-07-04,2026-07-04,995.0
20260704,000000,71W,20,2026,7,4,0,33.7,112.7,99600.0,2026-07-04,2026-07-04,996.0
20260704,000000,71W,20,2026,7,4,0,34.4,112.4,99800.0,2026-07-04,2026-07-04,998.0
20260704,000000,71W,20,2026,7,4,0,34.6,109.8,99900.0,2026-07-04,2026-07-04,999.0
20260704,000000,71W,21,2026,7,4,0,12.4,151.1,97200.0,2026-07-04,2026-07-04,972.0
20260704,000000,71W,21,2026,7,4,0,12.6,150.6,97000.0,2026-07-04,2026-07-04,970.0
20260704,000000,71W,21,2026,7,4,0,12.700000000000001,149.70000000000002,96300.0,2026-07-04,2026-07-04,963.0
20260704,000000,71W,21,2026,7,4,0,12.700000000000001,148.9,96200.0,2026-07-04,2026-07-04,962.0
20260704,000000,71W,21,2026,7,4,0,13.0,148.20000000000002,95800.0,2026-07-04,2026-07-04,958.0
20260704,000000,71W,21,2026,7,4,0,13.3,147.3,95800.0,2026-07-04,2026-07-04,958.0
20260704,000000,71W,21,2026,7,4,0,13.5,146.4,95500.0,2026-07-04,2026-07-04,955.0
20260704,000000,71W,21,2026,7,4,0,13.8,145.5,95700.0,2026-07-04,2026-07-04,957.0
20260704,000000,71W,21,2026,7,4,0,14.200000000000001,144.70000000000002,95300.0,2026-07-04,2026-07-04,953.0
20260704,000000,71W,21,2026,7,4,0,14.700000000000001,143.5,95400.0,2026-07-04,2026-07-04,954.0
20260704,000000,71W,21,2026,7,4,0,15.1,142.1,95000.0,2026-07-04,2026-07-04,950.0
20260704,000000,71W,21,2026,7,4,0,15.5,140.5,95000.0,2026-07-04,2026-07-04,950.0
20260704,000000,71W,21,2026,7,4,0,15.700000000000001,139.1,94300.0,2026-07-04,2026-07-04,943.0
20260704,000000,71W,21,2026,7,4,0,16.1,137.8,94300.0,2026-07-04,2026-07-04,943.0
20260704,000000,71W,21,2026,7,4,0,16.4,136.3,94100.0,2026-07-04,2026-07-04,941.0
20260704,000000,71W,21,2026,7,4,0,16.7,134.9,94500.0,2026-07-04,2026-07-04,945.0
20260704,000000,71W,21,2026,7,4,0,17.2,133.5,94200.0,2026-07-04,2026-07-04,942.0
20260704,000000,71W,21,2026,7,4,0,17.400000000000002,132.1,94200.0,2026-07-04,2026-07-04,942.0
20260704,000000,71W,21,2026,7,4,0,17.8,130.9,94300.0,2026-07-04,2026-07-04,943.0
20260704,000000,71W,21,2026,7,4,0,18.1,129.7,94500.0,2026-07-04,2026-07-04,945.0
20260704,000000,71W,21,2026,7,4,0,18.7,128.6,94200.0,2026-07-04,2026-07-04,942.0
20260704,000000,71W,21,2026,7,4,0,19.1,127.5,94400.0,2026-07-04,2026-07-04,944.0
20260704,000000,71W,21,2026,7,4,0,19.7,126.5,94500.0,2026-07-04,2026-07-04,945.0
20260704,000000,71W,21,2026,7,4,0,20.5,125.7,94200.0,2026-07-04,2026-07-04,942.0
20260704,000000,71W,21,2026,7,4,0,21.6,124.7,94200.0,2026-07-04,2026-07-04,942.0
20260704,000000,71W,21,2026,7,4,0,22.7,123.60000000000001,94500.0,2026-07-04,2026-07-04,945.0
20260704,000000,71W,21,2026,7,4,0,23.8,122.4,94500.0,2026-07-04,2026-07-04,945.0
20260704,000000,71W,21,2026,7,4,0,24.400000000000002,120.5,95400.0,2026-07-04,2026-07-04,954.0
20260704,000000,71W,21,2026,7,4,0,25.0,119.60000000000001,95800.0,2026-07-04,2026-07-04,958.0
20260704,000000,71W,21,2026,7,4,0,25.8,117.9,97900.0,2026-07-04,2026-07-04,979.0
20260704,000000,71W,21,2026,7,4,0,26.2,116.2,98800.0,2026-07-04,2026-07-04,988.0
20260704,000000,71W,21,2026,7,4,0,27.3,115.4,99100.0,2026-07-04,2026-07-04,991.0
20260704,000000,71W,21,2026,7,4,0,27.8,115.10000000000001,99200.0,2026-07-04,2026-07-04,992.0
20260704,000000,71W,21,2026,7,4,0,28.6,113.0,99300.0,2026-07-04,2026-07-04,993.0
20260704,000000,71W,21,2026,7,4,0,28.8,112.0,99500.0,2026-07-04,2026-07-04,995.0
20260704,000000,71W,21,2026,7,4,0,28.3,111.3,99400.0,2026-07-04,2026-07-04,994.0
20260704,000000,71W,21,2026,7,4,0,28.7,111.3,99400.0,2026-07-04,2026-07-04,994.0
20260704,000000,71W,22,2026,7,4,0,12.3,151.0,95500.0,2026-07-04,2026-07-04,955.0
20260704,000000,71W,22,2026,7,4,0,12.5,150.4,94800.0,2026-07-04,2026-07-04,948.0
20260704,000000,71W,22,2026,7,4,0,12.9,149.70000000000002,93200.0,2026-07-04,2026-07-04,932.0
20260704,000000,71W,22,2026,7,4,0,13.1,148.8,92000.0,2026-07-04,2026-07-04,920.0
20260704,000000,71W,22,2026,7,4,0,13.6,147.8,90600.0,2026-07-04,2026-07-04,906.0
20260704,000000,71W,22,2026,7,4,0,13.9,146.8,90400.0,2026-07-04,2026-07-04,904.0
20260704,000000,71W,22,2026,7,4,0,14.3,145.8,89600.0,2026-07-04,2026-07-04,896.0
20260704,000000,71W,22,2026,7,4,0,14.700000000000001,144.6,90300.0,2026-07-04,2026-07-04,903.0
20260704,000000,71W,22,2026,7,4,0,15.200000000000001,143.20000000000002,90300.0,2026-07-04,2026-07-04,903.0
20260704,000000,71W,22,2026,7,4,0,15.5,141.6,90700.0,2026-07-04,2026-07-04,907.0
20260704,000000,71W,22,2026,7,4,0,15.700000000000001,140.20000000000002,92100.0,2026-07-04,2026-07-04,921.0
20260704,000000,71W,22,2026,7,4,0,15.700000000000001,138.6,92600.0,2026-07-04,2026-07-04,926.0
20260704,000000,71W,22,2026,7,4,0,15.6,137.3,92500.0,2026-07-04,2026-07-04,925.0
20260704,000000,71W,22,2026,7,4,0,15.700000000000001,136.3,93500.0,2026-07-04,2026-07-04,935.0
20260704,000000,71W,22,2026,7,4,0,15.9,135.1,93700.0,2026-07-04,2026-07-04,937.0
20260704,000000,71W,22,2026,7,4,0,16.2,134.2,93900.0,2026-07-04,2026-07-04,939.0
20260704,000000,71W,22,2026,7,4,0,16.5,133.3,94000.0,2026-07-04,2026-07-04,940.0
20260704,000000,71W,22,2026,7,4,0,17.1,132.6,94000.0,2026-07-04,2026-07-04,940.0
20260704,000000,71W,22,2026,7,4,0,18.0,131.9,93600.0,2026-07-04,2026-07-04,936.0
20260704,000000,71W,22,2026,7,4,0,19.1,131.0,93500.0,2026-07-04,2026-07-04,935.0
20260704,000000,71W,22,2026,7,4,0,20.2,129.8,92700.0,2026-07-04,2026-07-04,927.0
20260704,000000,71W,22,2026,7,4,0,21.2,128.7,92900.0,2026-07-04,2026-07-04,929.0
20260704,000000,71W,22,2026,7,4,0,22.2,127.5,93400.0,2026-07-04,2026-07-04,934.0
20260704,000000,71W,22,2026,7,4,0,23.3,126.8,93900.0,2026-07-04,2026-07-04,939.0
20260704,000000,71W,22,2026,7,4,0,24.5,125.9,93800.0,2026-07-04,2026-07-04,938.0
20260704,000000,71W,22,2026,7,4,0,25.7,125.2,94000.0,2026-07-04,2026-07-04,940.0
20260704,000000,71W,22,2026,7,4,0,27.0,124.3,94400.0,2026-07-04,2026-07-04,944.0
20260704,000000,71W,22,2026,7,4,0,28.6,123.9,94700.0,2026-07-04,2026-07-04,947.0
20260704,000000,71W,22,2026,7,4,0,30.2,123.2,94600.0,2026-07-04,2026-07-04,946.0
20260704,000000,71W,22,2026,7,4,0,31.400000000000002,122.8,95200.0,2026-07-04,2026-07-04,952.0
20260704,000000,71W,22,2026,7,4,0,32.4,122.4,96100.0,2026-07-04,2026-07-04,961.0
20260704,000000,71W,22,2026,7,4,0,33.2,122.0,96500.0,2026-07-04,2026-07-04,965.0
20260704,000000,71W,22,2026,7,4,0,34.0,122.0,96900.0,2026-07-04,2026-07-04,969.0
20260704,000000,71W,22,2026,7,4,0,34.9,122.3,97400.0,2026-07-04,2026-07-04,974.0
20260704,000000,71W,22,2026,7,4,0,35.7,122.10000000000001,97600.0,2026-07-04,2026-07-04,976.0
20260704,000000,71W,22,2026,7,4,0,36.300000000000004,122.4,97900.0,2026-07-04,2026-07-04,979.0
20260704,000000,71W,22,2026,7,4,0,37.2,123.0,98000.0,2026-07-04,2026-07-04,980.0
20260704,000000,71W,22,2026,7,4,0,38.0,123.8,98300.0,2026-07-04,2026-07-04,983.0
20260704,000000,71W,22,2026,7,4,0,39.1,124.5,98500.0,2026-07-04,2026-07-04,985.0
20260704,000000,71W,22,2026,7,4,0,40.0,125.8,99100.0,2026-07-04,2026-07-04,991.0
20260704,000000,71W,23,2026,7,4,0,12.1,151.3,94900.0,2026-07-04,2026-07-04,949.0
20260704,000000,71W,23,2026,7,4,0,12.4,150.9,94900.0,2026-07-04,2026-07-04,949.0
20260704,000000,71W,23,2026,7,4,0,12.3,150.1,94500.0,2026-07-04,2026-07-04,945.0
20260704,000000,71W,23,2026,7,4,0,12.3,150.0,93600.0,2026-07-04,2026-07-04,936.0
20260704,000000,71W,23,2026,7,4,0,12.6,149.4,93600.0,2026-07-04,2026-07-04,936.0
20260704,000000,71W,23,2026,7,4,0,12.9,148.6,94000.0,2026-07-04,2026-07-04,940.0
20260704,000000,71W,23,2026,7,4,0,13.3,148.0,93600.0,2026-07-04,2026-07-04,936.0
20260704,000000,71W,23,2026,7,4,0,13.700000000000001,147.0,93900.0,2026-07-04,2026-07-04,939.0
20260704,000000,71W,23,2026,7,4,0,14.200000000000001,146.4,93600.0,2026-07-04,2026-07-04,936.0
20260704,000000,71W,23,2026,7,4,0,14.6,144.9,94200.0,2026-07-04,2026-07-04,942.0
20260704,000000,71W,23,2026,7,4,0,15.0,143.70000000000002,93900.0,2026-07-04,2026-07-04,939.0
20260704,000000,71W,23,2026,7,4,0,15.200000000000001,142.3,94200.0,2026-07-04,2026-07-04,942.0
20260704,000000,71W,23,2026,7,4,0,15.5,141.1,93700.0,2026-07-04,2026-07-04,937.0
20260704,000000,71W,23,2026,7,4,0,15.9,140.1,93600.0,2026-07-04,2026-07-04,936.0
20260704,000000,71W,23,2026,7,4,0,16.2,138.8,93200.0,2026-07-04,2026-07-04,932.0
20260704,000000,71W,23,2026,7,4,0,16.6,137.8,93500.0,2026-07-04,2026-07-04,935.0
20260704,000000,71W,23,2026,7,4,0,17.2,136.2,93000.0,2026-07-04,2026-07-04,930.0
20260704,000000,71W,23,2026,7,4,0,17.8,135.4,92900.0,2026-07-04,2026-07-04,929.0
20260704,000000,71W,23,2026,7,4,0,18.1,133.9,92700.0,2026-07-04,2026-07-04,927.0
20260704,000000,71W,23,2026,7,4,0,18.6,132.9,92400.0,2026-07-04,2026-07-04,924.0
20260704,000000,71W,23,2026,7,4,0,19.2,131.3,91700.0,2026-07-04,2026-07-04,917.0
20260704,000000,71W,23,2026,7,4,0,19.5,130.2,91400.0,2026-07-04,2026-07-04,914.0
20260704,000000,71W,23,2026,7,4,0,20.2,129.1,91000.0,2026-07-04,2026-07-04,910.0
20260704,000000,71W,23,2026,7,4,0,20.8,128.6,91200.0,2026-07-04,2026-07-04,912.0
20260704,000000,71W,23,2026,7,4,0,21.6,127.4,91200.0,2026-07-04,2026-07-04,912.0
20260704,000000,71W,23,2026,7,4,0,22.400000000000002,126.4,91700.0,2026-07-04,2026-07-04,917.0
20260704,000000,71W,23,2026,7,4,0,23.3,125.5,92400.0,2026-07-04,2026-07-04,924.0
20260704,000000,71W,23,2026,7,4,0,24.7,124.7,93200.0,2026-07-04,2026-07-04,932.0
20260704,000000,71W,23,2026,7,4,0,25.900000000000002,123.10000000000001,93600.0,2026-07-04,2026-07-04,936.0
20260704,000000,71W,23,2026,7,4,0,26.7,122.2,94100.0,2026-07-04,2026-07-04,941.0
20260704,000000,71W,23,2026,7,4,0,27.8,121.0,94900.0,2026-07-04,2026-07-04,949.0
20260704,000000,71W,23,2026,7,4,0,28.8,119.7,96800.0,2026-07-04,2026-07-04,968.0
20260704,000000,71W,23,2026,7,4,0,29.7,118.2,97900.0,2026-07-04,2026-07-04,979.0
20260704,000000,71W,23,2026,7,4,0,30.2,116.7,98300.0,2026-07-04,2026-07-04,983.0
20260704,000000,71W,23,2026,7,4,0,31.0,114.8,98700.0,2026-07-04,2026-07-04,987.0
20260704,000000,71W,23,2026,7,4,0,31.3,114.3,98900.0,2026-07-04,2026-07-04,989.0
20260704,000000,71W,23,2026,7,4,0,31.7,113.2,99000.0,2026-07-04,2026-07-04,990.0
20260704,000000,71W,23,2026,7,4,0,31.6,113.2,99200.0,2026-07-04,2026-07-04,992.0
20260704,000000,71W,23,2026,7,4,0,32.1,112.0,99400.0,2026-07-04,2026-07-04,994.0
20260704,000000,71W,23,2026,7,4,0,32.4,111.7,99500.0,2026-07-04,2026-07-04,995.0
20260704,000000,71W,23,2026,7,4,0,34.6,110.8,99600.0,2026-07-04,2026-07-04,996.0
20260704,000000,71W,23,2026,7,4,0,34.6,109.7,99700.0,2026-07-04,2026-07-04,997.0
20260704,000000,71W,24,2026,7,4,0,12.5,150.6,95500.0,2026-07-04,2026-07-04,955.0
20260704,000000,71W,24,2026,7,4,0,12.6,150.1,95400.0,2026-07-04,2026-07-04,954.0
20260704,000000,71W,24,2026,7,4,0,12.8,149.4,94500.0,2026-07-04,2026-07-04,945.0
20260704,000000,71W,24,2026,7,4,0,13.0,148.6,93500.0,2026-07-04,2026-07-04,935.0
20260704,000000,71W,24,2026,7,4,0,13.5,148.0,93100.0,2026-07-04,2026-07-04,931.0
20260704,000000,71W,24,2026,7,4,0,14.0,147.20000000000002,93600.0,2026-07-04,2026-07-04,936.0
20260704,000000,71W,24,2026,7,4,0,14.4,146.3,94000.0,2026-07-04,2026-07-04,940.0
20260704,000000,71W,24,2026,7,4,0,15.200000000000001,145.1,94400.0,2026-07-04,2026-07-04,944.0
20260704,000000,71W,24,2026,7,4,0,15.700000000000001,143.8,94500.0,2026-07-04,2026-07-04,945.0
20260704,000000,71W,24,2026,7,4,0,16.2,142.20000000000002,94600.0,2026-07-04,2026-07-04,946.0
20260704,000000,71W,24,2026,7,4,0,16.4,140.6,93900.0,2026-07-04,2026-07-04,939.0
20260704,000000,71W,24,2026,7,4,0,16.4,139.20000000000002,93400.0,2026-07-04,2026-07-04,934.0
20260704,000000,71W,24,2026,7,4,0,16.5,137.6,92300.0,2026-07-04,2026-07-04,923.0
20260704,000000,71W,24,2026,7,4,0,16.8,136.6,92000.0,2026-07-04,2026-07-04,920.0
20260704,000000,71W,24,2026,7,4,0,17.0,135.2,91800.0,2026-07-04,2026-07-04,918.0
20260704,000000,71W,24,2026,7,4,0,17.5,134.1,91100.0,2026-07-04,2026-07-04,911.0
20260704,000000,71W,24,2026,7,4,0,18.0,132.8,91100.0,2026-07-04,2026-07-04,911.0
20260704,000000,71W,24,2026,7,4,0,18.6,131.6,91600.0,2026-07-04,2026-07-04,916.0
20260704,000000,71W,24,2026,7,4,0,19.3,130.2,91600.0,2026-07-04,2026-07-04,916.0
20260704,000000,71W,24,2026,7,4,0,19.900000000000002,129.0,91900.0,2026-07-04,2026-07-04,919.0
20260704,000000,71W,24,2026,7,4,0,20.6,127.8,92100.0,2026-07-04,2026-07-04,921.0
20260704,000000,71W,24,2026,7,4,0,21.3,127.0,91800.0,2026-07-04,2026-07-04,918.0
20260704,000000,71W,24,2026,7,4,0,22.5,126.10000000000001,92500.0,2026-07-04,2026-07-04,925.0
20260704,000000,71W,24,2026,7,4,0,23.1,125.3,92700.0,2026-07-04,2026-07-04,927.0
20260704,000000,71W,24,2026,7,4,0,24.2,124.3,92600.0,2026-07-04,2026-07-04,926.0
20260704,000000,71W,24,2026,7,4,0,25.400000000000002,123.4,93300.0,2026-07-04,2026-07-04,933.0
20260704,000000,71W,24,2026,7,4,0,26.7,122.7,93300.0,2026-07-04,2026-07-04,933.0
20260704,000000,71W,24,2026,7,4,0,28.1,121.60000000000001,93700.0,2026-07-04,2026-07-04,937.0
20260704,000000,71W,24,2026,7,4,0,29.7,121.10000000000001,94900.0,2026-07-04,2026-07-04,949.0
20260704,000000,71W,24,2026,7,4,0,30.900000000000002,120.3,96000.0,2026-07-04,2026-07-04,960.0
20260704,000000,71W,24,2026,7,4,0,32.0,119.5,96800.0,2026-07-04,2026-07-04,968.0
20260704,000000,71W,24,2026,7,4,0,33.2,119.4,97300.0,2026-07-04,2026-07-04,973.0
20260704,000000,71W,24,2026,7,4,0,33.9,119.3,97700.0,2026-07-04,2026-07-04,977.0
20260704,000000,71W,24,2026,7,4,0,34.6,119.8,98000.0,2026-07-04,2026-07-04,980.0
20260704,000000,71W,24,2026,7,4,0,35.6,119.9,98200.0,2026-07-04,2026-07-04,982.0
20260704,000000,71W,24,2026,7,4,0,36.300000000000004,120.7,98400.0,2026-07-04,2026-07-04,984.0
20260704,000000,71W,24,2026,7,4,0,37.0,121.10000000000001,98500.0,2026-07-04,2026-07-04,985.0
20260704,000000,71W,24,2026,7,4,0,37.5,122.3,98700.0,2026-07-04,2026-07-04,987.0
20260704,000000,71W,24,2026,7,4,0,38.1,122.5,98600.0,2026-07-04,2026-07-04,986.0
20260704,000000,71W,24,2026,7,4,0,37.800000000000004,124.0,98700.0,2026-07-04,2026-07-04,987.0
20260704,000000,71W,24,2026,7,4,0,38.4,125.5,98700.0,2026-07-04,2026-07-04,987.0
20260704,000000,71W,25,2026,7,4,0,12.1,151.9,95600.0,2026-07-04,2026-07-04,956.0
20260704,000000,71W,25,2026,7,4,0,12.5,151.4,95300.0,2026-07-04,2026-07-04,953.0
20260704,000000,71W,25,2026,7,4,0,12.6,150.8,94700.0,2026-07-04,2026-07-04,947.0
20260704,000000,71W,25,2026,7,4,0,12.9,150.3,94300.0,2026-07-04,2026-07-04,943.0
20260704,000000,71W,25,2026,7,4,0,13.5,149.5,93700.0,2026-07-04,2026-07-04,937.0
20260704,000000,71W,25,2026,7,4,0,14.0,148.70000000000002,94100.0,2026-07-04,2026-07-04,941.0
20260704,000000,71W,25,2026,7,4,0,14.700000000000001,147.70000000000002,94200.0,2026-07-04,2026-07-04,942.0
20260704,000000,71W,25,2026,7,4,0,15.0,146.5,94400.0,2026-07-04,2026-07-04,944.0
20260704,000000,71W,25,2026,7,4,0,15.5,145.4,93300.0,2026-07-04,2026-07-04,933.0
20260704,000000,71W,25,2026,7,4,0,16.1,143.9,92800.0,2026-07-04,2026-07-04,928.0
20260704,000000,71W,25,2026,7,4,0,16.2,142.3,92500.0,2026-07-04,2026-07-04,925.0
20260704,000000,71W,25,2026,7,4,0,16.4,140.8,92900.0,2026-07-04,2026-07-04,929.0
20260704,000000,71W,25,2026,7,4,0,16.7,139.20000000000002,93200.0,2026-07-04,2026-07-04,932.0
20260704,000000,71W,25,2026,7,4,0,16.6,137.9,93600.0,2026-07-04,2026-07-04,936.0
20260704,000000,71W,25,2026,7,4,0,17.0,136.8,93700.0,2026-07-04,2026-07-04,937.0
20260704,000000,71W,25,2026,7,4,0,17.3,135.2,94400.0,2026-07-04,2026-07-04,944.0
20260704,000000,71W,25,2026,7,4,0,17.3,134.2,94100.0,2026-07-04,2026-07-04,941.0
20260704,000000,71W,25,2026,7,4,0,17.1,133.3,94800.0,2026-07-04,2026-07-04,948.0
20260704,000000,71W,25,2026,7,4,0,17.8,132.6,94800.0,2026-07-04,2026-07-04,948.0
20260704,000000,71W,25,2026,7,4,0,18.5,132.3,95500.0,2026-07-04,2026-07-04,955.0
20260704,000000,71W,25,2026,7,4,0,19.1,131.8,95600.0,2026-07-04,2026-07-04,956.0
20260704,000000,71W,25,2026,7,4,0,20.1,130.9,96200.0,2026-07-04,2026-07-04,962.0
20260704,000000,71W,25,2026,7,4,0,20.400000000000002,130.1,96400.0,2026-07-04,2026-07-04,964.0
20260704,000000,71W,25,2026,7,4,0,21.0,130.2,96700.0,2026-07-04,2026-07-04,967.0
20260704,000000,71W,25,2026,7,4,0,22.5,130.3,96900.0,2026-07-04,2026-07-04,969.0
20260704,000000,71W,25,2026,7,4,0,24.6,126.9,97500.0,2026-07-04,2026-07-04,975.0
20260704,000000,71W,25,2026,7,4,0,24.900000000000002,127.10000000000001,97900.0,2026-07-04,2026-07-04,979.0
20260704,000000,71W,25,2026,7,4,0,26.6,127.60000000000001,98000.0,2026-07-04,2026-07-04,980.0
20260704,000000,71W,25,2026,7,4,0,28.2,127.10000000000001,98300.0,2026-07-04,2026-07-04,983.0
20260704,000000,71W,25,2026,7,4,0,29.1,126.7,98300.0,2026-07-04,2026-07-04,983.0
20260704,000000,71W,25,2026,7,4,0,31.3,126.2,98400.0,2026-07-04,2026-07-04,984.0
20260704,000000,71W,25,2026,7,4,0,32.6,125.8,98600.0,2026-07-04,2026-07-04,986.0
20260704,000000,71W,25,2026,7,4,0,33.7,125.4,98700.0,2026-07-04,2026-07-04,987.0
20260704,000000,71W,25,2026,7,4,0,34.6,124.5,98800.0,2026-07-04,2026-07-04,988.0
20260704,000000,71W,25,2026,7,4,0,34.0,123.9,98800.0,2026-07-04,2026-07-04,988.0
20260704,000000,71W,25,2026,7,4,0,33.4,124.60000000000001,99000.0,2026-07-04,2026-07-04,990.0
20260704,000000,71W,25,2026,7,4,0,34.4,125.8,99000.0,2026-07-04,2026-07-04,990.0
20260704,000000,71W,25,2026,7,4,0,35.0,126.2,99200.0,2026-07-04,2026-07-04,992.0
20260704,000000,71W,25,2026,7,4,0,35.4,126.4,99100.0,2026-07-04,2026-07-04,991.0
20260704,000000,71W,25,2026,7,4,0,36.1,124.9,99300.0,2026-07-04,2026-07-04,993.0
20260704,000000,71W,25,2026,7,4,0,35.9,124.5,99300.0,2026-07-04,2026-07-04,993.0
20260704,000000,71W,25,2026,7,4,0,35.300000000000004,123.8,99400.0,2026-07-04,2026-07-04,994.0
20260704,000000,71W,25,2026,7,4,0,33.8,124.8,99800.0,2026-07-04,2026-07-04,998.0
20260704,000000,71W,25,2026,7,4,0,34.0,125.0,99800.0,2026-07-04,2026-07-04,998.0
20260704,000000,71W,25,2026,7,4,0,34.4,125.0,99900.0,2026-07-04,2026-07-04,999.0
20260704,000000,71W,25,2026,7,4,0,33.4,124.4,100000.0,2026-07-04,2026-07-04,1000.0
20260704,000000,71W,25,2026,7,4,0,32.1,125.3,100000.0,2026-07-04,2026-07-04,1000.0
20260704,000000,71W,25,2026,7,4,0,32.4,124.8,100000.0,2026-07-04,2026-07-04,1000.0
20260704,000000,71W,25,2026,7,4,0,32.5,126.10000000000001,100000.0,2026-07-04,2026-07-04,1000.0
20260704,000000,71W,25,2026,7,4,0,33.6,126.5,100100.0,2026-07-04,2026-07-04,1001.0
20260704,000000,71W,25,2026,7,4,0,33.2,125.10000000000001,100000.0,2026-07-04,2026-07-04,1000.0
20260704,000000,71W,25,2026,7,4,0,33.4,124.9,100100.0,2026-07-04,2026-07-04,1001.0
20260704,000000,71W,25,2026,7,4,0,33.5,126.3,100200.0,2026-07-04,2026-07-04,1002.0
20260704,000000,71W,26,2026,7,4,0,12.5,150.8,96600.0,2026-07-04,2026-07-04,966.0
20260704,000000,71W,26,2026,7,4,0,12.700000000000001,150.20000000000002,96500.0,2026-07-04,2026-07-04,965.0
20260704,000000,71W,26,2026,7,4,0,12.8,149.4,96000.0,2026-07-04,2026-07-04,960.0
20260704,000000,71W,26,2026,7,4,0,13.1,148.5,95800.0,2026-07-04,2026-07-04,958.0
20260704,000000,71W,26,2026,7,4,0,13.4,147.70000000000002,95400.0,2026-07-04,2026-07-04,954.0
20260704,000000,71W,26,2026,7,4,0,13.9,146.6,95500.0,2026-07-04,2026-07-04,955.0
20260704,000000,71W,26,2026,7,4,0,14.3,145.4,95700.0,2026-07-04,2026-07-04,957.0
20260704,000000,71W,26,2026,7,4,0,14.5,144.1,96100.0,2026-07-04,2026-07-04,961.0
20260704,000000,71W,26,2026,7,4,0,14.6,142.8,95600.0,2026-07-04,2026-07-04,956.0
20260704,000000,71W,26,2026,7,4,0,14.700000000000001,141.8,95400.0,2026-07-04,2026-07-04,954.0
20260704,000000,71W,26,2026,7,4,0,15.0,140.5,95000.0,2026-07-04,2026-07-04,950.0
20260704,000000,71W,26,2026,7,4,0,15.200000000000001,139.20000000000002,94900.0,2026-07-04,2026-07-04,949.0
20260704,000000,71W,26,2026,7,4,0,15.5,137.8,94300.0,2026-07-04,2026-07-04,943.0
20260704,000000,71W,26,2026,7,4,0,15.700000000000001,136.4,94000.0,2026-07-04,2026-07-04,940.0
20260704,000000,71W,26,2026,7,4,0,16.0,135.0,93300.0,2026-07-04,2026-07-04,933.0
20260704,000000,71W,26,2026,7,4,0,16.4,133.5,92900.0,2026-07-04,2026-07-04,929.0
20260704,000000,71W,26,2026,7,4,0,16.6,131.9,91600.0,2026-07-04,2026-07-04,916.0
20260704,000000,71W,26,2026,7,4,0,16.9,130.5,92000.0,2026-07-04,2026-07-04,920.0
20260704,000000,71W,26,2026,7,4,0,17.0,129.3,91200.0,2026-07-04,2026-07-04,912.0
20260704,000000,71W,26,2026,7,4,0,17.3,128.2,89800.0,2026-07-04,2026-07-04,898.0
20260704,000000,71W,26,2026,7,4,0,17.8,127.60000000000001,88700.0,2026-07-04,2026-07-04,887.0
20260704,000000,71W,26,2026,7,4,0,18.5,126.7,89100.0,2026-07-04,2026-07-04,891.0
20260704,000000,71W,26,2026,7,4,0,19.2,125.8,89300.0,2026-07-04,2026-07-04,893.0
20260704,000000,71W,26,2026,7,4,0,19.900000000000002,125.10000000000001,89500.0,2026-07-04,2026-07-04,895.0
20260704,000000,71W,26,2026,7,4,0,20.7,124.3,88900.0,2026-07-04,2026-07-04,889.0
20260704,000000,71W,26,2026,7,4,0,21.5,123.60000000000001,90100.0,2026-07-04,2026-07-04,901.0
20260704,000000,71W,26,2026,7,4,0,22.3,122.60000000000001,89600.0,2026-07-04,2026-07-04,896.0
20260704,000000,71W,26,2026,7,4,0,23.5,121.5,92900.0,2026-07-04,2026-07-04,929.0
20260704,000000,71W,26,2026,7,4,0,24.0,119.8,95300.0,2026-07-04,2026-07-04,953.0
20260704,000000,71W,26,2026,7,4,0,25.0,119.10000000000001,96200.0,2026-07-04,2026-07-04,962.0
20260704,000000,71W,26,2026,7,4,0,25.900000000000002,117.9,97700.0,2026-07-04,2026-07-04,977.0
20260704,000000,71W,26,2026,7,4,0,27.3,116.9,98400.0,2026-07-04,2026-07-04,984.0
20260704,000000,71W,26,2026,7,4,0,28.2,115.8,98700.0,2026-07-04,2026-07-04,987.0
20260704,000000,71W,26,2026,7,4,0,28.8,115.4,99100.0,2026-07-04,2026-07-04,991.0
20260704,000000,71W,26,2026,7,4,0,29.900000000000002,114.10000000000001,99100.0,2026-07-04,2026-07-04,991.0
20260704,000000,71W,26,2026,7,4,0,29.900000000000002,114.10000000000001,99300.0,2026-07-04,2026-07-04,993.0
20260704,000000,71W,26,2026,7,4,0,30.6,114.0,99300.0,2026-07-04,2026-07-04,993.0
20260704,000000,71W,26,2026,7,4,0,31.1,113.8,99400.0,2026-07-04,2026-07-04,994.0
20260704,000000,71W,26,2026,7,4,0,31.5,113.7,99500.0,2026-07-04,2026-07-04,995.0
20260704,000000,71W,26,2026,7,4,0,31.400000000000002,114.4,99600.0,2026-07-04,2026-07-04,996.0
20260704,000000,71W,26,2026,7,4,0,32.0,114.10000000000001,99700.0,2026-07-04,2026-07-04,997.0
20260704,000000,71W,26,2026,7,4,0,32.0,114.0,99900.0,2026-07-04,2026-07-04,999.0
20260704,000000,71W,26,2026,7,4,0,32.2,113.9,99900.0,2026-07-04,2026-07-04,999.0
20260704,000000,71W,26,2026,7,4,0,33.9,116.3,100100.0,2026-07-04,2026-07-04,1001.0
20260704,000000,71W,26,2026,7,4,0,36.5,116.5,99700.0,2026-07-04,2026-07-04,997.0
20260704,000000,71W,26,2026,7,4,0,36.4,116.4,99500.0,2026-07-04,2026-07-04,995.0
20260704,000000,71W,26,2026,7,4,0,37.9,117.7,99500.0,2026-07-04,2026-07-04,995.0
20260704,000000,71W,26,2026,7,4,0,38.0,118.2,99100.0,2026-07-04,2026-07-04,991.0
20260704,000000,71W,26,2026,7,4,0,39.1,119.2,98900.0,2026-07-04,2026-07-04,989.0
20260704,000000,71W,26,2026,7,4,0,40.5,120.3,98900.0,2026-07-04,2026-07-04,989.0
20260704,000000,71W,26,2026,7,4,0,43.4,122.4,99000.0,2026-07-04,2026-07-04,990.0
20260704,000000,71W,26,2026,7,4,0,43.300000000000004,122.9,99000.0,2026-07-04,2026-07-04,990.0
20260704,000000,71W,26,2026,7,4,0,43.6,123.8,99300.0,2026-07-04,2026-07-04,993.0
20260704,000000,71W,26,2026,7,4,0,43.6,124.10000000000001,99700.0,2026-07-04,2026-07-04,997.0
20260704,000000,71W,26,2026,7,4,0,43.9,124.9,100000.0,2026-07-04,2026-07-04,1000.0
20260704,000000,71W,27,2026,7,4,0,12.200000000000001,151.9,98500.0,2026-07-04,2026-07-04,985.0
20260704,000000,71W,27,2026,7,4,0,12.6,151.6,98400.0,2026-07-04,2026-07-04,984.0
20260704,000000,71W,27,2026,7,4,0,13.200000000000001,150.4,97400.0,2026-07-04,2026-07-04,974.0
20260704,000000,71W,27,2026,7,4,0,13.6,150.0,96800.0,2026-07-04,2026-07-04,968.0
20260704,000000,71W,27,2026,7,4,0,13.5,148.8,95400.0,2026-07-04,2026-07-04,954.0
20260704,000000,71W,27,2026,7,4,0,13.8,147.5,95000.0,2026-07-04,2026-07-04,950.0
20260704,000000,71W,27,2026,7,4,0,14.0,146.4,94600.0,2026-07-04,2026-07-04,946.0
20260704,000000,71W,27,2026,7,4,0,14.3,145.6,94900.0,2026-07-04,2026-07-04,949.0
20260704,000000,71W,27,2026,7,4,0,14.9,144.9,95300.0,2026-07-04,2026-07-04,953.0
20260704,000000,71W,27,2026,7,4,0,15.5,143.70000000000002,95900.0,2026-07-04,2026-07-04,959.0
20260704,000000,71W,27,2026,7,4,0,16.2,142.3,95800.0,2026-07-04,2026-07-04,958.0
20260704,000000,71W,27,2026,7,4,0,15.9,141.6,96000.0,2026-07-04,2026-07-04,960.0
20260704,000000,71W,27,2026,7,4,0,17.0,140.1,95700.0,2026-07-04,2026-07-04,957.0
20260704,000000,71W,27,2026,7,4,0,17.3,138.8,95700.0,2026-07-04,2026-07-04,957.0
20260704,000000,71W,27,2026,7,4,0,17.8,137.5,95300.0,2026-07-04,2026-07-04,953.0
20260704,000000,71W,27,2026,7,4,0,19.0,136.1,95300.0,2026-07-04,2026-07-04,953.0
20260704,000000,71W,27,2026,7,4,0,19.1,134.6,95100.0,2026-07-04,2026-07-04,951.0
20260704,000000,71W,27,2026,7,4,0,19.0,133.4,95000.0,2026-07-04,2026-07-04,950.0
20260704,000000,71W,27,2026,7,4,0,20.0,132.0,94600.0,2026-07-04,2026-07-04,946.0
20260704,000000,71W,27,2026,7,4,0,21.0,131.0,94600.0,2026-07-04,2026-07-04,946.0
20260704,000000,71W,27,2026,7,4,0,21.6,130.0,94200.0,2026-07-04,2026-07-04,942.0
20260704,000000,71W,27,2026,7,4,0,22.7,128.7,93900.0,2026-07-04,2026-07-04,939.0
20260704,000000,71W,27,2026,7,4,0,23.6,128.1,94000.0,2026-07-04,2026-07-04,940.0
20260704,000000,71W,27,2026,7,4,0,25.3,127.5,94400.0,2026-07-04,2026-07-04,944.0
20260704,000000,71W,27,2026,7,4,0,26.8,126.8,94200.0,2026-07-04,2026-07-04,942.0
20260704,000000,71W,27,2026,7,4,0,28.2,126.3,94700.0,2026-07-04,2026-07-04,947.0
20260704,000000,71W,27,2026,7,4,0,30.1,125.5,95000.0,2026-07-04,2026-07-04,950.0
20260704,000000,71W,27,2026,7,4,0,31.2,125.10000000000001,95600.0,2026-07-04,2026-07-04,956.0
20260704,000000,71W,27,2026,7,4,0,32.7,125.10000000000001,96200.0,2026-07-04,2026-07-04,962.0
20260704,000000,71W,27,2026,7,4,0,33.9,125.4,96900.0,2026-07-04,2026-07-04,969.0
20260704,000000,71W,27,2026,7,4,0,34.4,125.7,97500.0,2026-07-04,2026-07-04,975.0
20260704,000000,71W,27,2026,7,4,0,35.0,126.9,98300.0,2026-07-04,2026-07-04,983.0
20260704,000000,71W,27,2026,7,4,0,35.300000000000004,128.4,98700.0,2026-07-04,2026-07-04,987.0
20260704,000000,71W,27,2026,7,4,0,35.800000000000004,129.7,99000.0,2026-07-04,2026-07-04,990.0
20260704,000000,71W,27,2026,7,4,0,35.7,129.6,99200.0,2026-07-04,2026-07-04,992.0
20260704,000000,71W,27,2026,7,4,0,35.0,129.9,99500.0,2026-07-04,2026-07-04,995.0
20260704,000000,71W,27,2026,7,4,0,34.6,130.0,99600.0,2026-07-04,2026-07-04,996.0
20260704,000000,71W,27,2026,7,4,0,33.8,129.7,99800.0,2026-07-04,2026-07-04,998.0
20260704,000000,71W,27,2026,7,4,0,32.9,130.3,99700.0,2026-07-04,2026-07-04,997.0
20260704,000000,71W,28,2026,7,4,0,12.700000000000001,151.5,96300.0,2026-07-04,2026-07-04,963.0
20260704,000000,71W,28,2026,7,4,0,13.0,150.8,95800.0,2026-07-04,2026-07-04,958.0
20260704,000000,71W,28,2026,7,4,0,13.3,149.9,95000.0,2026-07-04,2026-07-04,950.0
20260704,000000,71W,28,2026,7,4,0,13.5,149.1,94700.0,2026-07-04,2026-07-04,947.0
20260704,000000,71W,28,2026,7,4,0,13.8,148.0,94300.0,2026-07-04,2026-07-04,943.0
20260704,000000,71W,28,2026,7,4,0,14.1,147.0,94700.0,2026-07-04,2026-07-04,947.0
20260704,000000,71W,28,2026,7,4,0,14.4,146.1,94800.0,2026-07-04,2026-07-04,948.0
20260704,000000,71W,28,2026,7,4,0,14.700000000000001,144.9,95100.0,2026-07-04,2026-07-04,951.0
20260704,000000,71W,28,2026,7,4,0,15.1,143.6,94800.0,2026-07-04,2026-07-04,948.0
20260704,000000,71W,28,2026,7,4,0,15.4,142.3,94700.0,2026-07-04,2026-07-04,947.0
20260704,000000,71W,28,2026,7,4,0,15.5,140.9,94100.0,2026-07-04,2026-07-04,941.0
20260704,000000,71W,28,2026,7,4,0,15.700000000000001,139.70000000000002,93800.0,2026-07-04,2026-07-04,938.0
20260704,000000,71W,28,2026,7,4,0,16.1,138.20000000000002,92900.0,2026-07-04,2026-07-04,929.0
20260704,000000,71W,28,2026,7,4,0,16.4,136.70000000000002,92200.0,2026-07-04,2026-07-04,922.0
20260704,000000,71W,28,2026,7,4,0,16.6,135.2,91600.0,2026-07-04,2026-07-04,916.0
20260704,000000,71W,28,2026,7,4,0,17.1,133.7,92000.0,2026-07-04,2026-07-04,920.0
20260704,000000,71W,28,2026,7,4,0,17.400000000000002,132.2,91600.0,2026-07-04,2026-07-04,916.0
20260704,000000,71W,28,2026,7,4,0,17.8,130.8,91600.0,2026-07-04,2026-07-04,916.0
20260704,000000,71W,28,2026,7,4,0,18.1,129.3,91700.0,2026-07-04,2026-07-04,917.0
20260704,000000,71W,28,2026,7,4,0,18.5,128.5,91900.0,2026-07-04,2026-07-04,919.0
20260704,000000,71W,28,2026,7,4,0,19.0,127.5,91900.0,2026-07-04,2026-07-04,919.0
20260704,000000,71W,28,2026,7,4,0,19.7,126.60000000000001,92100.0,2026-07-04,2026-07-04,921.0
20260704,000000,71W,28,2026,7,4,0,20.5,125.8,92700.0,2026-07-04,2026-07-04,927.0
20260704,000000,71W,28,2026,7,4,0,21.3,125.10000000000001,92800.0,2026-07-04,2026-07-04,928.0
20260704,000000,71W,28,2026,7,4,0,22.400000000000002,124.5,92800.0,2026-07-04,2026-07-04,928.0
20260704,000000,71W,28,2026,7,4,0,23.5,123.5,93400.0,2026-07-04,2026-07-04,934.0
20260704,000000,71W,28,2026,7,4,0,24.0,122.3,94500.0,2026-07-04,2026-07-04,945.0
20260704,000000,71W,28,2026,7,4,0,25.3,121.7,95200.0,2026-07-04,2026-07-04,952.0
20260704,000000,71W,28,2026,7,4,0,26.3,120.7,95100.0,2026-07-04,2026-07-04,951.0
20260704,000000,71W,28,2026,7,4,0,26.900000000000002,120.10000000000001,95900.0,2026-07-04,2026-07-04,959.0
20260704,000000,71W,28,2026,7,4,0,28.400000000000002,119.7,96600.0,2026-07-04,2026-07-04,966.0
20260704,000000,71W,28,2026,7,4,0,29.900000000000002,119.3,97100.0,2026-07-04,2026-07-04,971.0
20260704,000000,71W,28,2026,7,4,0,31.1,119.10000000000001,97300.0,2026-07-04,2026-07-04,973.0
20260704,000000,71W,28,2026,7,4,0,32.3,119.2,97700.0,2026-07-04,2026-07-04,977.0
20260704,000000,71W,28,2026,7,4,0,33.2,118.7,97800.0,2026-07-04,2026-07-04,978.0
20260704,000000,71W,28,2026,7,4,0,33.2,119.3,98100.0,2026-07-04,2026-07-04,981.0
20260704,000000,71W,28,2026,7,4,0,34.5,119.8,98200.0,2026-07-04,2026-07-04,982.0
20260704,000000,71W,28,2026,7,4,0,34.4,120.0,98400.0,2026-07-04,2026-07-04,984.0
20260704,000000,71W,28,2026,7,4,0,35.300000000000004,121.2,98500.0,2026-07-04,2026-07-04,985.0
20260704,000000,71W,28,2026,7,4,0,36.0,122.3,98600.0,2026-07-04,2026-07-04,986.0
20260704,000000,71W,28,2026,7,4,0,36.800000000000004,123.60000000000001,98600.0,2026-07-04,2026-07-04,986.0
20260704,000000,71W,28,2026,7,4,0,37.4,124.9,98800.0,2026-07-04,2026-07-04,988.0
20260704,000000,71W,28,2026,7,4,0,37.9,126.3,98800.0,2026-07-04,2026-07-04,988.0
20260704,000000,71W,28,2026,7,4,0,38.6,128.4,98800.0,2026-07-04,2026-07-04,988.0
20260704,000000,71W,28,2026,7,4,0,39.4,130.0,98800.0,2026-07-04,2026-07-04,988.0
20260704,000000,71W,28,2026,7,4,0,40.2,130.5,98800.0,2026-07-04,2026-07-04,988.0
20260704,000000,71W,28,2026,7,4,0,40.6,130.5,98800.0,2026-07-04,2026-07-04,988.0
20260704,000000,71W,29,2026,7,4,0,12.4,150.4,96500.0,2026-07-04,2026-07-04,965.0
20260704,000000,71W,29,2026,7,4,0,12.4,150.0,96200.0,2026-07-04,2026-07-04,962.0
20260704,000000,71W,29,2026,7,4,0,12.6,149.4,95100.0,2026-07-04,2026-07-04,951.0
20260704,000000,71W,29,2026,7,4,0,12.8,148.6,94400.0,2026-07-04,2026-07-04,944.0
20260704,000000,71W,29,2026,7,4,0,13.3,147.8,93100.0,2026-07-04,2026-07-04,931.0
20260704,000000,71W,29,2026,7,4,0,13.8,146.9,92800.0,2026-07-04,2026-07-04,928.0
20260704,000000,71W,29,2026,7,4,0,14.3,145.8,93000.0,2026-07-04,2026-07-04,930.0
20260704,000000,71W,29,2026,7,4,0,14.5,144.6,93600.0,2026-07-04,2026-07-04,936.0
20260704,000000,71W,29,2026,7,4,0,15.0,143.20000000000002,93600.0,2026-07-04,2026-07-04,936.0
20260704,000000,71W,29,2026,7,4,0,15.4,142.0,93800.0,2026-07-04,2026-07-04,938.0
20260704,000000,71W,29,2026,7,4,0,15.700000000000001,140.4,93300.0,2026-07-04,2026-07-04,933.0
20260704,000000,71W,29,2026,7,4,0,15.9,138.8,92900.0,2026-07-04,2026-07-04,929.0
20260704,000000,71W,29,2026,7,4,0,16.3,137.3,92100.0,2026-07-04,2026-07-04,921.0
20260704,000000,71W,29,2026,7,4,0,16.6,135.7,92000.0,2026-07-04,2026-07-04,920.0
20260704,000000,71W,29,2026,7,4,0,16.9,134.0,91500.0,2026-07-04,2026-07-04,915.0
20260704,000000,71W,29,2026,7,4,0,17.0,132.7,91400.0,2026-07-04,2026-07-04,914.0
20260704,000000,71W,29,2026,7,4,0,17.1,131.4,90700.0,2026-07-04,2026-07-04,907.0
20260704,000000,71W,29,2026,7,4,0,17.3,130.1,90600.0,2026-07-04,2026-07-04,906.0
20260704,000000,71W,29,2026,7,4,0,17.8,129.1,90400.0,2026-07-04,2026-07-04,904.0
20260704,000000,71W,29,2026,7,4,0,18.1,128.3,90500.0,2026-07-04,2026-07-04,905.0
20260704,000000,71W,29,2026,7,4,0,18.8,127.4,90300.0,2026-07-04,2026-07-04,903.0
20260704,000000,71W,29,2026,7,4,0,19.5,126.60000000000001,90800.0,2026-07-04,2026-07-04,908.0
20260704,000000,71W,29,2026,7,4,0,20.400000000000002,126.0,91600.0,2026-07-04,2026-07-04,916.0
20260704,000000,71W,29,2026,7,4,0,21.400000000000002,125.2,92400.0,2026-07-04,2026-07-04,924.0
20260704,000000,71W,29,2026,7,4,0,22.6,124.5,92600.0,2026-07-04,2026-07-04,926.0
20260704,000000,71W,29,2026,7,4,0,23.7,123.7,93000.0,2026-07-04,2026-07-04,930.0
20260704,000000,71W,29,2026,7,4,0,24.8,122.9,93500.0,2026-07-04,2026-07-04,935.0
20260704,000000,71W,29,2026,7,4,0,25.8,122.4,93600.0,2026-07-04,2026-07-04,936.0
20260704,000000,71W,29,2026,7,4,0,26.8,121.4,93400.0,2026-07-04,2026-07-04,934.0
20260704,000000,71W,29,2026,7,4,0,27.8,120.8,94400.0,2026-07-04,2026-07-04,944.0
20260704,000000,71W,29,2026,7,4,0,28.400000000000002,119.9,95900.0,2026-07-04,2026-07-04,959.0
20260704,000000,71W,29,2026,7,4,0,29.6,120.2,96700.0,2026-07-04,2026-07-04,967.0
20260704,000000,71W,29,2026,7,4,0,30.6,120.0,97200.0,2026-07-04,2026-07-04,972.0
20260704,000000,71W,29,2026,7,4,0,31.5,120.0,97600.0,2026-07-04,2026-07-04,976.0
20260704,000000,71W,29,2026,7,4,0,32.8,119.7,97900.0,2026-07-04,2026-07-04,979.0
20260704,000000,71W,29,2026,7,4,0,33.7,119.7,98100.0,2026-07-04,2026-07-04,981.0
20260704,000000,71W,29,2026,7,4,0,34.6,119.9,98100.0,2026-07-04,2026-07-04,981.0
20260704,000000,71W,29,2026,7,4,0,35.5,120.10000000000001,98200.0,2026-07-04,2026-07-04,982.0
20260704,000000,71W,29,2026,7,4,0,36.5,121.0,98200.0,2026-07-04,2026-07-04,982.0
20260704,000000,71W,29,2026,7,4,0,37.9,122.0,98100.0,2026-07-04,2026-07-04,981.0
20260704,000000,71W,29,2026,7,4,0,39.4,121.8,98100.0,2026-07-04,2026-07-04,981.0
20260704,000000,71W,29,2026,7,4,0,41.1,122.4,98100.0,2026-07-04,2026-07-04,981.0
20260704,000000,71W,29,2026,7,4,0,42.9,123.0,97900.0,2026-07-04,2026-07-04,979.0
20260704,000000,71W,29,2026,7,4,0,44.7,124.10000000000001,97700.0,2026-07-04,2026-07-04,977.0
20260704,000000,71W,29,2026,7,4,0,46.7,125.10000000000001,97500.0,2026-07-04,2026-07-04,975.0
20260704,000000,71W,29,2026,7,4,0,48.4,124.9,97200.0,2026-07-04,2026-07-04,972.0
20260704,000000,71W,29,2026,7,4,0,49.7,125.2,97100.0,2026-07-04,2026-07-04,971.0
20260704,000000,71W,29,2026,7,4,0,51.1,125.4,97400.0,2026-07-04,2026-07-04,974.0
20260704,000000,71W,30,2026,7,4,0,12.4,151.0,96200.0,2026-07-04,2026-07-04,962.0
20260704,000000,71W,30,2026,7,4,0,12.6,150.6,96200.0,2026-07-04,2026-07-04,962.0
20260704,000000,71W,30,2026,7,4,0,13.1,149.8,95800.0,2026-07-04,2026-07-04,958.0
20260704,000000,71W,30,2026,7,4,0,13.3,148.8,95600.0,2026-07-04,2026-07-04,956.0
20260704,000000,71W,30,2026,7,4,0,13.3,147.70000000000002,95100.0,2026-07-04,2026-07-04,951.0
20260704,000000,71W,30,2026,7,4,0,13.6,146.70000000000002,95000.0,2026-07-04,2026-07-04,950.0
20260704,000000,71W,30,2026,7,4,0,13.700000000000001,145.5,94500.0,2026-07-04,2026-07-04,945.0
20260704,000000,71W,30,2026,7,4,0,14.200000000000001,144.3,94500.0,2026-07-04,2026-07-04,945.0
20260704,000000,71W,30,2026,7,4,0,14.3,143.20000000000002,93700.0,2026-07-04,2026-07-04,937.0
20260704,000000,71W,30,2026,7,4,0,14.9,141.8,93500.0,2026-07-04,2026-07-04,935.0
20260704,000000,71W,30,2026,7,4,0,14.9,140.3,93200.0,2026-07-04,2026-07-04,932.0
20260704,000000,71W,30,2026,7,4,0,15.200000000000001,138.8,93000.0,2026-07-04,2026-07-04,930.0
20260704,000000,71W,30,2026,7,4,0,15.5,137.1,92700.0,2026-07-04,2026-07-04,927.0
20260704,000000,71W,30,2026,7,4,0,15.6,135.7,92300.0,2026-07-04,2026-07-04,923.0
20260704,000000,71W,30,2026,7,4,0,16.0,134.2,92300.0,2026-07-04,2026-07-04,923.0
20260704,000000,71W,30,2026,7,4,0,16.2,132.8,92800.0,2026-07-04,2026-07-04,928.0
20260704,000000,71W,30,2026,7,4,0,16.6,131.4,92600.0,2026-07-04,2026-07-04,926.0
20260704,000000,71W,30,2026,7,4,0,16.9,130.2,92900.0,2026-07-04,2026-07-04,929.0
20260704,000000,71W,30,2026,7,4,0,17.3,129.1,93000.0,2026-07-04,2026-07-04,930.0
20260704,000000,71W,30,2026,7,4,0,17.8,128.0,93300.0,2026-07-04,2026-07-04,933.0
20260704,000000,71W,30,2026,7,4,0,18.400000000000002,127.10000000000001,93100.0,2026-07-04,2026-07-04,931.0
20260704,000000,71W,30,2026,7,4,0,19.1,126.3,93200.0,2026-07-04,2026-07-04,932.0
20260704,000000,71W,30,2026,7,4,0,20.1,125.3,93900.0,2026-07-04,2026-07-04,939.0
20260704,000000,71W,30,2026,7,4,0,21.1,124.4,94300.0,2026-07-04,2026-07-04,943.0
20260704,000000,71W,30,2026,7,4,0,22.3,123.3,94200.0,2026-07-04,2026-07-04,942.0
20260704,000000,71W,30,2026,7,4,0,23.3,122.3,94800.0,2026-07-04,2026-07-04,948.0
20260704,000000,71W,30,2026,7,4,0,22.8,121.10000000000001,95200.0,2026-07-04,2026-07-04,952.0
20260704,000000,71W,31,2026,7,4,0,12.6,150.8,92100.0,2026-07-04,2026-07-04,921.0
20260704,000000,71W,31,2026,7,4,0,12.6,150.1,92800.0,2026-07-04,2026-07-04,928.0
20260704,000000,71W,31,2026,7,4,0,12.8,149.6,92800.0,2026-07-04,2026-07-04,928.0
20260704,000000,71W,31,2026,7,4,0,13.1,148.70000000000002,92900.0,2026-07-04,2026-07-04,929.0
20260704,000000,71W,31,2026,7,4,0,13.5,148.0,93200.0,2026-07-04,2026-07-04,932.0
20260704,000000,71W,31,2026,7,4,0,13.700000000000001,147.0,94200.0,2026-07-04,2026-07-04,942.0
20260704,000000,71W,31,2026,7,4,0,14.1,145.9,94400.0,2026-07-04,2026-07-04,944.0
20260704,000000,71W,31,2026,7,4,0,14.3,144.8,94900.0,2026-07-04,2026-07-04,949.0
20260704,000000,71W,31,2026,7,4,0,14.5,143.6,94700.0,2026-07-04,2026-07-04,947.0
20260704,000000,71W,31,2026,7,4,0,14.8,142.3,95000.0,2026-07-04,2026-07-04,950.0
20260704,000000,71W,31,2026,7,4,0,15.0,140.9,94800.0,2026-07-04,2026-07-04,948.0
20260704,000000,71W,31,2026,7,4,0,15.1,139.5,94400.0,2026-07-04,2026-07-04,944.0
20260704,000000,71W,31,2026,7,4,0,15.5,138.1,93800.0,2026-07-04,2026-07-04,938.0
20260704,000000,71W,31,2026,7,4,0,15.6,136.6,93600.0,2026-07-04,2026-07-04,936.0
20260704,000000,71W,31,2026,7,4,0,16.0,135.3,93200.0,2026-07-04,2026-07-04,932.0
20260704,000000,71W,31,2026,7,4,0,16.4,133.8,93200.0,2026-07-04,2026-07-04,932.0
20260704,000000,71W,31,2026,7,4,0,17.0,132.3,92500.0,2026-07-04,2026-07-04,925.0
20260704,000000,71W,31,2026,7,4,0,17.1,130.9,92600.0,2026-07-04,2026-07-04,926.0
20260704,000000,71W,31,2026,7,4,0,17.6,129.7,92500.0,2026-07-04,2026-07-04,925.0
20260704,000000,71W,31,2026,7,4,0,18.0,128.7,92900.0,2026-07-04,2026-07-04,929.0
20260704,000000,71W,31,2026,7,4,0,18.5,127.7,92700.0,2026-07-04,2026-07-04,927.0
20260704,000000,71W,31,2026,7,4,0,19.2,126.7,92600.0,2026-07-04,2026-07-04,926.0
20260704,000000,71W,31,2026,7,4,0,19.8,126.0,92700.0,2026-07-04,2026-07-04,927.0
20260704,000000,71W,31,2026,7,4,0,20.7,125.4,92900.0,2026-07-04,2026-07-04,929.0
20260704,000000,71W,31,2026,7,4,0,21.6,124.7,93000.0,2026-07-04,2026-07-04,930.0
20260704,000000,71W,31,2026,7,4,0,22.900000000000002,124.0,93600.0,2026-07-04,2026-07-04,936.0
20260704,000000,71W,31,2026,7,4,0,24.5,122.9,94200.0,2026-07-04,2026-07-04,942.0
20260704,000000,71W,31,2026,7,4,0,25.1,121.2,94800.0,2026-07-04,2026-07-04,948.0
20260704,000000,71W,31,2026,7,4,0,26.2,120.7,95300.0,2026-07-04,2026-07-04,953.0
20260704,000000,71W,31,2026,7,4,0,27.400000000000002,119.8,96900.0,2026-07-04,2026-07-04,969.0
20260704,000000,71W,31,2026,7,4,0,28.900000000000002,118.8,97900.0,2026-07-04,2026-07-04,979.0
20260704,000000,71W,31,2026,7,4,0,29.7,118.3,98500.0,2026-07-04,2026-07-04,985.0
20260704,000000,71W,31,2026,7,4,0,31.0,117.7,98700.0,2026-07-04,2026-07-04,987.0
20260704,000000,71W,31,2026,7,4,0,31.3,117.0,98800.0,2026-07-04,2026-07-04,988.0
20260704,000000,71W,31,2026,7,4,0,32.5,116.5,98800.0,2026-07-04,2026-07-04,988.0
20260704,000000,71W,31,2026,7,4,0,33.0,116.60000000000001,98700.0,2026-07-04,2026-07-04,987.0
20260704,000000,71W,31,2026,7,4,0,33.4,116.9,98700.0,2026-07-04,2026-07-04,987.0
20260704,000000,71W,31,2026,7,4,0,33.8,116.60000000000001,98600.0,2026-07-04,2026-07-04,986.0
20260704,000000,71W,31,2026,7,4,0,33.4,117.10000000000001,98600.0,2026-07-04,2026-07-04,986.0
20260704,000000,71W,31,2026,7,4,0,34.0,119.2,98500.0,2026-07-04,2026-07-04,985.0
20260704,000000,71W,31,2026,7,4,0,36.800000000000004,120.3,98400.0,2026-07-04,2026-07-04,984.0
20260704,000000,71W,31,2026,7,4,0,37.7,120.10000000000001,98100.0,2026-07-04,2026-07-04,981.0
20260704,000000,71W,31,2026,7,4,0,38.5,120.4,97900.0,2026-07-04,2026-07-04,979.0
20260704,000000,71W,31,2026,7,4,0,38.7,119.9,97500.0,2026-07-04,2026-07-04,975.0
20260704,000000,71W,31,2026,7,4,0,38.9,120.10000000000001,97800.0,2026-07-04,2026-07-04,978.0
20260704,000000,71W,31,2026,7,4,0,39.800000000000004,119.9,98400.0,2026-07-04,2026-07-04,984.0
20260704,000000,71W,31,2026,7,4,0,40.0,120.10000000000001,99200.0,2026-07-04,2026-07-04,992.0
20260704,000000,71W,31,2026,7,4,0,40.1,119.9,99500.0,2026-07-04,2026-07-04,995.0
20260704,000000,71W,32,2026,7,4,0,12.8,150.8,96200.0,2026-07-04,2026-07-04,962.0
20260704,000000,71W,32,2026,7,4,0,13.1,150.1,95700.0,2026-07-04,2026-07-04,957.0
20260704,000000,71W,32,2026,7,4,0,13.3,149.20000000000002,95000.0,2026-07-04,2026-07-04,950.0
20260704,000000,71W,32,2026,7,4,0,13.700000000000001,148.20000000000002,94800.0,2026-07-04,2026-07-04,948.0
20260704,000000,71W,32,2026,7,4,0,14.0,147.3,93700.0,2026-07-04,2026-07-04,937.0
20260704,000000,71W,32,2026,7,4,0,14.5,146.1,93100.0,2026-07-04,2026-07-04,931.0
20260704,000000,71W,32,2026,7,4,0,14.700000000000001,144.9,92300.0,2026-07-04,2026-07-04,923.0
20260704,000000,71W,32,2026,7,4,0,14.9,143.5,92100.0,2026-07-04,2026-07-04,921.0
20260704,000000,71W,32,2026,7,4,0,15.4,142.20000000000002,91700.0,2026-07-04,2026-07-04,917.0
20260704,000000,71W,32,2026,7,4,0,15.700000000000001,140.6,92000.0,2026-07-04,2026-07-04,920.0
20260704,000000,71W,32,2026,7,4,0,15.9,139.1,91400.0,2026-07-04,2026-07-04,914.0
20260704,000000,71W,32,2026,7,4,0,16.2,137.6,91500.0,2026-07-04,2026-07-04,915.0
20260704,000000,71W,32,2026,7,4,0,16.5,136.1,91000.0,2026-07-04,2026-07-04,910.0
20260704,000000,71W,32,2026,7,4,0,16.8,134.6,89300.0,2026-07-04,2026-07-04,893.0
20260704,000000,71W,32,2026,7,4,0,17.1,133.3,89200.0,2026-07-04,2026-07-04,892.0
20260704,000000,71W,32,2026,7,4,0,17.400000000000002,131.9,89300.0,2026-07-04,2026-07-04,893.0
20260704,000000,71W,32,2026,7,4,0,17.8,130.6,88900.0,2026-07-04,2026-07-04,889.0
20260704,000000,71W,32,2026,7,4,0,18.3,129.4,88900.0,2026-07-04,2026-07-04,889.0
20260704,000000,71W,32,2026,7,4,0,18.8,128.1,89400.0,2026-07-04,2026-07-04,894.0
20260704,000000,71W,32,2026,7,4,0,19.5,127.2,89300.0,2026-07-04,2026-07-04,893.0
20260704,000000,71W,32,2026,7,4,0,20.400000000000002,126.10000000000001,89100.0,2026-07-04,2026-07-04,891.0
20260704,000000,71W,32,2026,7,4,0,21.1,125.10000000000001,89900.0,2026-07-04,2026-07-04,899.0
20260704,000000,71W,32,2026,7,4,0,22.1,124.0,90200.0,2026-07-04,2026-07-04,902.0
20260704,000000,71W,32,2026,7,4,0,23.5,123.10000000000001,90800.0,2026-07-04,2026-07-04,908.0
20260704,000000,71W,32,2026,7,4,0,24.7,121.10000000000001,93100.0,2026-07-04,2026-07-04,931.0
20260704,000000,71W,32,2026,7,4,0,25.2,120.4,94100.0,2026-07-04,2026-07-04,941.0
20260704,000000,71W,32,2026,7,4,0,26.1,119.2,95700.0,2026-07-04,2026-07-04,957.0
20260704,000000,71W,32,2026,7,4,0,27.6,118.0,97100.0,2026-07-04,2026-07-04,971.0
20260704,000000,71W,32,2026,7,4,0,28.900000000000002,117.10000000000001,97700.0,2026-07-04,2026-07-04,977.0
20260704,000000,71W,32,2026,7,4,0,29.900000000000002,116.60000000000001,98200.0,2026-07-04,2026-07-04,982.0
20260704,000000,71W,32,2026,7,4,0,31.400000000000002,116.2,98500.0,2026-07-04,2026-07-04,985.0
20260704,000000,71W,32,2026,7,4,0,32.3,115.3,98700.0,2026-07-04,2026-07-04,987.0
20260704,000000,71W,32,2026,7,4,0,32.1,115.0,98700.0,2026-07-04,2026-07-04,987.0
20260704,000000,71W,32,2026,7,4,0,32.7,115.5,99000.0,2026-07-04,2026-07-04,990.0
20260704,000000,71W,32,2026,7,4,0,33.7,115.8,98900.0,2026-07-04,2026-07-04,989.0
20260704,000000,71W,32,2026,7,4,0,34.6,116.60000000000001,98900.0,2026-07-04,2026-07-04,989.0
20260704,000000,71W,32,2026,7,4,0,35.5,117.60000000000001,98800.0,2026-07-04,2026-07-04,988.0
20260704,000000,71W,32,2026,7,4,0,36.800000000000004,119.3,98700.0,2026-07-04,2026-07-04,987.0
20260704,000000,71W,32,2026,7,4,0,39.2,121.5,98300.0,2026-07-04,2026-07-04,983.0
20260704,000000,71W,32,2026,7,4,0,41.800000000000004,124.3,98300.0,2026-07-04,2026-07-04,983.0
20260704,000000,71W,32,2026,7,4,0,43.7,127.4,98500.0,2026-07-04,2026-07-04,985.0
20260704,000000,71W,32,2026,7,4,0,46.0,130.2,98400.0,2026-07-04,2026-07-04,984.0
20260704,000000,71W,32,2026,7,4,0,47.1,132.1,98500.0,2026-07-04,2026-07-04,985.0
20260704,000000,71W,32,2026,7,4,0,48.6,134.1,98800.0,2026-07-04,2026-07-04,988.0
20260704,000000,71W,33,2026,7,4,0,12.6,151.4,97900.0,2026-07-04,2026-07-04,979.0
20260704,000000,71W,33,2026,7,4,0,12.8,150.5,98000.0,2026-07-04,2026-07-04,980.0
20260704,000000,71W,33,2026,7,4,0,12.8,149.70000000000002,97800.0,2026-07-04,2026-07-04,978.0
20260704,000000,71W,33,2026,7,4,0,12.9,149.0,97700.0,2026-07-04,2026-07-04,977.0
20260704,000000,71W,33,2026,7,4,0,13.3,148.3,97400.0,2026-07-04,2026-07-04,974.0
20260704,000000,71W,33,2026,7,4,0,13.8,147.3,97400.0,2026-07-04,2026-07-04,974.0
20260704,000000,71W,33,2026,7,4,0,14.1,146.20000000000002,97200.0,2026-07-04,2026-07-04,972.0
20260704,000000,71W,33,2026,7,4,0,14.5,145.0,97300.0,2026-07-04,2026-07-04,973.0
20260704,000000,71W,33,2026,7,4,0,14.700000000000001,143.8,97000.0,2026-07-04,2026-07-04,970.0
20260704,000000,71W,33,2026,7,4,0,15.0,142.5,97000.0,2026-07-04,2026-07-04,970.0
20260704,000000,71W,33,2026,7,4,0,15.3,141.3,96700.0,2026-07-04,2026-07-04,967.0
20260704,000000,71W,33,2026,7,4,0,15.5,139.8,96600.0,2026-07-04,2026-07-04,966.0
20260704,000000,71W,33,2026,7,4,0,15.5,138.3,96000.0,2026-07-04,2026-07-04,960.0
20260704,000000,71W,33,2026,7,4,0,15.700000000000001,137.3,95300.0,2026-07-04,2026-07-04,953.0
20260704,000000,71W,33,2026,7,4,0,16.2,135.8,94900.0,2026-07-04,2026-07-04,949.0
20260704,000000,71W,33,2026,7,4,0,16.5,134.8,94600.0,2026-07-04,2026-07-04,946.0
20260704,000000,71W,33,2026,7,4,0,17.1,133.3,94500.0,2026-07-04,2026-07-04,945.0
20260704,000000,71W,33,2026,7,4,0,17.400000000000002,132.4,94500.0,2026-07-04,2026-07-04,945.0
20260704,000000,71W,33,2026,7,4,0,17.400000000000002,130.9,94600.0,2026-07-04,2026-07-04,946.0
20260704,000000,71W,33,2026,7,4,0,18.1,130.2,94600.0,2026-07-04,2026-07-04,946.0
20260704,000000,71W,33,2026,7,4,0,18.400000000000002,129.7,94100.0,2026-07-04,2026-07-04,941.0
20260704,000000,71W,33,2026,7,4,0,19.1,128.9,94400.0,2026-07-04,2026-07-04,944.0
20260704,000000,71W,33,2026,7,4,0,20.5,128.5,94700.0,2026-07-04,2026-07-04,947.0
20260704,000000,71W,33,2026,7,4,0,21.400000000000002,127.9,95100.0,2026-07-04,2026-07-04,951.0
20260704,000000,71W,33,2026,7,4,0,23.1,127.0,95200.0,2026-07-04,2026-07-04,952.0
20260704,000000,71W,33,2026,7,4,0,24.2,126.0,95500.0,2026-07-04,2026-07-04,955.0
20260704,000000,71W,33,2026,7,4,0,25.900000000000002,125.2,95900.0,2026-07-04,2026-07-04,959.0
20260704,000000,71W,33,2026,7,4,0,26.900000000000002,124.2,96200.0,2026-07-04,2026-07-04,962.0
20260704,000000,71W,33,2026,7,4,0,28.5,123.60000000000001,96400.0,2026-07-04,2026-07-04,964.0
20260704,000000,71W,33,2026,7,4,0,29.3,122.60000000000001,96800.0,2026-07-04,2026-07-04,968.0
20260704,000000,71W,33,2026,7,4,0,30.8,122.4,97100.0,2026-07-04,2026-07-04,971.0
20260704,000000,71W,33,2026,7,4,0,32.1,121.5,97400.0,2026-07-04,2026-07-04,974.0
20260704,000000,71W,33,2026,7,4,0,32.7,121.0,97700.0,2026-07-04,2026-07-04,977.0
20260704,000000,71W,33,2026,7,4,0,33.7,120.9,97900.0,2026-07-04,2026-07-04,979.0
20260704,000000,71W,33,2026,7,4,0,34.4,120.2,98200.0,2026-07-04,2026-07-04,982.0
20260704,000000,71W,33,2026,7,4,0,34.7,120.5,98400.0,2026-07-04,2026-07-04,984.0
20260704,000000,71W,33,2026,7,4,0,35.5,120.7,98600.0,2026-07-04,2026-07-04,986.0
20260704,000000,71W,33,2026,7,4,0,36.300000000000004,120.8,99000.0,2026-07-04,2026-07-04,990.0
20260704,000000,71W,33,2026,7,4,0,37.0,120.7,99200.0,2026-07-04,2026-07-04,992.0
20260704,000000,71W,33,2026,7,4,0,37.9,121.2,99300.0,2026-07-04,2026-07-04,993.0
20260704,000000,71W,33,2026,7,4,0,38.2,121.8,99400.0,2026-07-04,2026-07-04,994.0
20260704,000000,71W,33,2026,7,4,0,38.2,122.5,99700.0,2026-07-04,2026-07-04,997.0
20260704,000000,71W,33,2026,7,4,0,38.1,123.2,99700.0,2026-07-04,2026-07-04,997.0
20260704,000000,71W,33,2026,7,4,0,37.9,124.0,100000.0,2026-07-04,2026-07-04,1000.0
20260704,000000,71W,33,2026,7,4,0,39.800000000000004,125.4,99900.0,2026-07-04,2026-07-04,999.0
20260704,000000,71W,34,2026,7,4,0,12.6,150.3,96600.0,2026-07-04,2026-07-04,966.0
20260704,000000,71W,34,2026,7,4,0,12.4,149.70000000000002,96100.0,2026-07-04,2026-07-04,961.0
20260704,000000,71W,34,2026,7,4,0,12.5,149.20000000000002,94800.0,2026-07-04,2026-07-04,948.0
20260704,000000,71W,34,2026,7,4,0,12.700000000000001,148.4,94000.0,2026-07-04,2026-07-04,940.0
20260704,000000,71W,34,2026,7,4,0,13.0,147.5,93300.0,2026-07-04,2026-07-04,933.0
20260704,000000,71W,34,2026,7,4,0,13.5,147.0,93700.0,2026-07-04,2026-07-04,937.0
20260704,000000,71W,34,2026,7,4,0,14.200000000000001,145.9,93400.0,2026-07-04,2026-07-04,934.0
20260704,000000,71W,34,2026,7,4,0,14.700000000000001,144.6,93400.0,2026-07-04,2026-07-04,934.0
20260704,000000,71W,34,2026,7,4,0,15.3,143.3,92600.0,2026-07-04,2026-07-04,926.0
20260704,000000,71W,34,2026,7,4,0,15.5,141.8,92400.0,2026-07-04,2026-07-04,924.0
20260704,000000,71W,34,2026,7,4,0,15.9,140.4,92100.0,2026-07-04,2026-07-04,921.0
20260704,000000,71W,34,2026,7,4,0,16.2,139.0,92100.0,2026-07-04,2026-07-04,921.0
20260704,000000,71W,34,2026,7,4,0,16.6,137.4,92000.0,2026-07-04,2026-07-04,920.0
20260704,000000,71W,34,2026,7,4,0,17.0,135.8,92300.0,2026-07-04,2026-07-04,923.0
20260704,000000,71W,34,2026,7,4,0,17.2,134.3,92600.0,2026-07-04,2026-07-04,926.0
20260704,000000,71W,34,2026,7,4,0,17.6,133.1,93100.0,2026-07-04,2026-07-04,931.0
20260704,000000,71W,34,2026,7,4,0,18.0,131.8,92600.0,2026-07-04,2026-07-04,926.0
20260704,000000,71W,34,2026,7,4,0,18.5,130.6,92700.0,2026-07-04,2026-07-04,927.0
20260704,000000,71W,34,2026,7,4,0,18.6,129.5,92900.0,2026-07-04,2026-07-04,929.0
20260704,000000,71W,34,2026,7,4,0,19.3,128.7,93100.0,2026-07-04,2026-07-04,931.0
20260704,000000,71W,34,2026,7,4,0,20.2,127.4,93200.0,2026-07-04,2026-07-04,932.0
20260704,000000,71W,34,2026,7,4,0,20.8,126.7,93400.0,2026-07-04,2026-07-04,934.0
20260704,000000,71W,34,2026,7,4,0,22.1,125.10000000000001,93500.0,2026-07-04,2026-07-04,935.0
20260704,000000,71W,34,2026,7,4,0,23.3,124.10000000000001,93700.0,2026-07-04,2026-07-04,937.0
20260704,000000,71W,34,2026,7,4,0,24.6,123.2,94000.0,2026-07-04,2026-07-04,940.0
20260704,000000,71W,34,2026,7,4,0,25.2,121.7,94500.0,2026-07-04,2026-07-04,945.0
20260704,000000,71W,34,2026,7,4,0,26.1,120.9,94700.0,2026-07-04,2026-07-04,947.0
20260704,000000,71W,34,2026,7,4,0,27.5,120.0,96100.0,2026-07-04,2026-07-04,961.0
20260704,000000,71W,34,2026,7,4,0,28.900000000000002,118.9,97500.0,2026-07-04,2026-07-04,975.0
20260704,000000,71W,34,2026,7,4,0,30.3,118.10000000000001,98400.0,2026-07-04,2026-07-04,984.0
20260704,000000,71W,34,2026,7,4,0,31.5,117.2,98600.0,2026-07-04,2026-07-04,986.0
20260704,000000,71W,34,2026,7,4,0,31.900000000000002,116.7,98900.0,2026-07-04,2026-07-04,989.0
20260704,000000,71W,34,2026,7,4,0,32.3,117.3,98800.0,2026-07-04,2026-07-04,988.0
20260704,000000,71W,34,2026,7,4,0,33.3,117.9,99000.0,2026-07-04,2026-07-04,990.0
20260704,000000,71W,34,2026,7,4,0,34.4,118.60000000000001,99000.0,2026-07-04,2026-07-04,990.0
20260704,000000,71W,34,2026,7,4,0,35.6,119.60000000000001,98800.0,2026-07-04,2026-07-04,988.0
20260704,000000,71W,34,2026,7,4,0,37.300000000000004,120.0,98500.0,2026-07-04,2026-07-04,985.0
20260704,000000,71W,34,2026,7,4,0,38.4,122.4,98500.0,2026-07-04,2026-07-04,985.0
20260704,000000,71W,34,2026,7,4,0,40.5,125.2,98300.0,2026-07-04,2026-07-04,983.0
20260704,000000,71W,34,2026,7,4,0,44.1,129.4,98100.0,2026-07-04,2026-07-04,981.0
20260704,000000,71W,35,2026,7,4,0,12.4,150.9,96400.0,2026-07-04,2026-07-04,964.0
20260704,000000,71W,35,2026,7,4,0,12.5,150.3,96400.0,2026-07-04,2026-07-04,964.0
20260704,000000,71W,35,2026,7,4,0,12.6,149.6,95900.0,2026-07-04,2026-07-04,959.0
20260704,000000,71W,35,2026,7,4,0,12.8,149.0,95200.0,2026-07-04,2026-07-04,952.0
20260704,000000,71W,35,2026,7,4,0,12.9,148.0,94600.0,2026-07-04,2026-07-04,946.0
20260704,000000,71W,35,2026,7,4,0,13.3,147.3,94500.0,2026-07-04,2026-07-04,945.0
20260704,000000,71W,35,2026,7,4,0,13.6,146.4,94500.0,2026-07-04,2026-07-04,945.0
20260704,000000,71W,35,2026,7,4,0,14.0,145.20000000000002,94600.0,2026-07-04,2026-07-04,946.0
20260704,000000,71W,35,2026,7,4,0,14.5,143.9,94400.0,2026-07-04,2026-07-04,944.0
20260704,000000,71W,35,2026,7,4,0,14.6,142.3,93900.0,2026-07-04,2026-07-04,939.0
20260704,000000,71W,35,2026,7,4,0,14.700000000000001,141.1,94200.0,2026-07-04,2026-07-04,942.0
20260704,000000,71W,35,2026,7,4,0,15.0,139.70000000000002,94600.0,2026-07-04,2026-07-04,946.0
20260704,000000,71W,35,2026,7,4,0,15.5,138.3,94600.0,2026-07-04,2026-07-04,946.0
20260704,000000,71W,35,2026,7,4,0,15.700000000000001,137.1,94800.0,2026-07-04,2026-07-04,948.0
20260704,000000,71W,35,2026,7,4,0,15.8,135.9,94700.0,2026-07-04,2026-07-04,947.0
20260704,000000,71W,35,2026,7,4,0,16.2,134.8,94500.0,2026-07-04,2026-07-04,945.0
20260704,000000,71W,35,2026,7,4,0,17.0,134.2,94600.0,2026-07-04,2026-07-04,946.0
20260704,000000,71W,35,2026,7,4,0,17.6,133.3,95000.0,2026-07-04,2026-07-04,950.0
20260704,000000,71W,35,2026,7,4,0,18.6,132.7,95100.0,2026-07-04,2026-07-04,951.0
20260704,000000,71W,35,2026,7,4,0,19.3,131.8,95200.0,2026-07-04,2026-07-04,952.0
20260704,000000,71W,35,2026,7,4,0,20.2,131.1,94900.0,2026-07-04,2026-07-04,949.0
20260704,000000,71W,35,2026,7,4,0,21.3,130.0,94800.0,2026-07-04,2026-07-04,948.0
20260704,000000,71W,35,2026,7,4,0,22.5,129.8,94400.0,2026-07-04,2026-07-04,944.0
20260704,000000,71W,35,2026,7,4,0,23.400000000000002,128.8,94500.0,2026-07-04,2026-07-04,945.0
20260704,000000,71W,35,2026,7,4,0,24.400000000000002,127.8,94500.0,2026-07-04,2026-07-04,945.0
20260704,000000,71W,35,2026,7,4,0,25.7,127.5,94700.0,2026-07-04,2026-07-04,947.0
20260704,000000,71W,35,2026,7,4,0,26.6,126.4,94600.0,2026-07-04,2026-07-04,946.0
20260704,000000,71W,35,2026,7,4,0,27.900000000000002,126.3,94700.0,2026-07-04,2026-07-04,947.0
20260704,000000,71W,35,2026,7,4,0,29.7,125.4,95100.0,2026-07-04,2026-07-04,951.0
20260704,000000,71W,35,2026,7,4,0,31.2,125.8,95500.0,2026-07-04,2026-07-04,955.0
20260704,000000,71W,35,2026,7,4,0,32.3,125.60000000000001,96200.0,2026-07-04,2026-07-04,962.0
20260704,000000,71W,35,2026,7,4,0,33.7,126.5,96900.0,2026-07-04,2026-07-04,969.0
20260704,000000,71W,35,2026,7,4,0,34.5,126.10000000000001,97400.0,2026-07-04,2026-07-04,974.0
20260704,000000,71W,35,2026,7,4,0,34.9,126.7,98000.0,2026-07-04,2026-07-04,980.0
20260704,000000,71W,35,2026,7,4,0,35.9,127.0,98400.0,2026-07-04,2026-07-04,984.0
20260704,000000,71W,35,2026,7,4,0,36.5,128.2,98700.0,2026-07-04,2026-07-04,987.0
20260704,000000,71W,35,2026,7,4,0,36.800000000000004,129.5,98800.0,2026-07-04,2026-07-04,988.0
20260704,000000,71W,35,2026,7,4,0,37.7,130.2,99100.0,2026-07-04,2026-07-04,991.0
20260704,000000,71W,35,2026,7,4,0,38.2,130.9,99000.0,2026-07-04,2026-07-04,990.0
20260704,000000,71W,35,2026,7,4,0,39.5,132.1,99100.0,2026-07-04,2026-07-04,991.0
20260704,000000,71W,35,2026,7,4,0,39.9,132.6,99100.0,2026-07-04,2026-07-04,991.0
20260704,000000,71W,35,2026,7,4,0,40.1,134.6,99200.0,2026-07-04,2026-07-04,992.0
20260704,000000,71W,35,2026,7,4,0,40.7,136.4,99100.0,2026-07-04,2026-07-04,991.0
20260704,000000,71W,35,2026,7,4,0,41.5,138.5,99200.0,2026-07-04,2026-07-04,992.0
20260704,000000,71W,36,2026,7,4,0,12.4,151.20000000000002,95300.0,2026-07-04,2026-07-04,953.0
20260704,000000,71W,36,2026,7,4,0,12.6,150.8,95100.0,2026-07-04,2026-07-04,951.0
20260704,000000,71W,36,2026,7,4,0,12.8,149.9,94900.0,2026-07-04,2026-07-04,949.0
20260704,000000,71W,36,2026,7,4,0,13.1,149.20000000000002,95200.0,2026-07-04,2026-07-04,952.0
20260704,000000,71W,36,2026,7,4,0,13.4,148.3,95200.0,2026-07-04,2026-07-04,952.0
20260704,000000,71W,36,2026,7,4,0,13.8,147.20000000000002,95200.0,2026-07-04,2026-07-04,952.0
20260704,000000,71W,36,2026,7,4,0,14.0,146.20000000000002,94200.0,2026-07-04,2026-07-04,942.0
20260704,000000,71W,36,2026,7,4,0,14.4,145.1,93700.0,2026-07-04,2026-07-04,937.0
20260704,000000,71W,36,2026,7,4,0,14.8,144.20000000000002,93600.0,2026-07-04,2026-07-04,936.0
20260704,000000,71W,36,2026,7,4,0,15.200000000000001,143.1,92700.0,2026-07-04,2026-07-04,927.0
20260704,000000,71W,36,2026,7,4,0,15.700000000000001,141.6,92200.0,2026-07-04,2026-07-04,922.0
20260704,000000,71W,36,2026,7,4,0,16.0,140.20000000000002,92700.0,2026-07-04,2026-07-04,927.0
20260704,000000,71W,36,2026,7,4,0,16.2,138.6,91500.0,2026-07-04,2026-07-04,915.0
20260704,000000,71W,36,2026,7,4,0,16.5,137.20000000000002,91000.0,2026-07-04,2026-07-04,910.0
20260704,000000,71W,36,2026,7,4,0,16.9,135.4,90900.0,2026-07-04,2026-07-04,909.0
20260704,000000,71W,36,2026,7,4,0,17.3,134.2,91300.0,2026-07-04,2026-07-04,913.0
20260704,000000,71W,36,2026,7,4,0,17.6,132.8,90500.0,2026-07-04,2026-07-04,905.0
20260704,000000,71W,36,2026,7,4,0,17.8,131.6,90800.0,2026-07-04,2026-07-04,908.0
20260704,000000,71W,36,2026,7,4,0,18.5,130.3,91500.0,2026-07-04,2026-07-04,915.0
20260704,000000,71W,36,2026,7,4,0,19.2,129.3,91800.0,2026-07-04,2026-07-04,918.0
20260704,000000,71W,36,2026,7,4,0,19.8,128.3,92000.0,2026-07-04,2026-07-04,920.0
20260704,000000,71W,36,2026,7,4,0,20.8,127.2,92200.0,2026-07-04,2026-07-04,922.0
20260704,000000,71W,36,2026,7,4,0,21.7,126.2,92400.0,2026-07-04,2026-07-04,924.0
20260704,000000,71W,36,2026,7,4,0,22.6,125.3,92600.0,2026-07-04,2026-07-04,926.0
20260704,000000,71W,36,2026,7,4,0,23.900000000000002,124.60000000000001,92800.0,2026-07-04,2026-07-04,928.0
20260704,000000,71W,36,2026,7,4,0,25.3,123.60000000000001,93100.0,2026-07-04,2026-07-04,931.0
20260704,000000,71W,36,2026,7,4,0,26.6,122.9,93500.0,2026-07-04,2026-07-04,935.0
20260704,000000,71W,36,2026,7,4,0,28.0,122.2,93700.0,2026-07-04,2026-07-04,937.0
20260704,000000,71W,36,2026,7,4,0,29.3,121.60000000000001,94100.0,2026-07-04,2026-07-04,941.0
20260704,000000,71W,36,2026,7,4,0,30.400000000000002,121.10000000000001,94700.0,2026-07-04,2026-07-04,947.0
20260704,000000,71W,36,2026,7,4,0,31.3,120.7,95600.0,2026-07-04,2026-07-04,956.0
20260704,000000,71W,36,2026,7,4,0,32.2,120.5,96300.0,2026-07-04,2026-07-04,963.0
20260704,000000,71W,36,2026,7,4,0,33.0,120.2,96800.0,2026-07-04,2026-07-04,968.0
20260704,000000,71W,36,2026,7,4,0,33.2,120.0,97300.0,2026-07-04,2026-07-04,973.0
20260704,000000,71W,36,2026,7,4,0,33.5,120.0,97700.0,2026-07-04,2026-07-04,977.0
20260704,000000,71W,36,2026,7,4,0,34.0,120.3,98000.0,2026-07-04,2026-07-04,980.0
20260704,000000,71W,36,2026,7,4,0,34.4,120.60000000000001,98200.0,2026-07-04,2026-07-04,982.0
20260704,000000,71W,36,2026,7,4,0,34.7,120.7,98500.0,2026-07-04,2026-07-04,985.0
20260704,000000,71W,36,2026,7,4,0,35.1,121.0,98600.0,2026-07-04,2026-07-04,986.0
20260704,000000,71W,36,2026,7,4,0,35.6,121.60000000000001,98900.0,2026-07-04,2026-07-04,989.0
20260704,000000,71W,36,2026,7,4,0,36.300000000000004,122.2,98900.0,2026-07-04,2026-07-04,989.0
20260704,000000,71W,36,2026,7,4,0,37.2,122.8,99200.0,2026-07-04,2026-07-04,992.0
20260704,000000,71W,36,2026,7,4,0,38.4,123.3,99100.0,2026-07-04,2026-07-04,991.0
20260704,000000,71W,36,2026,7,4,0,38.800000000000004,124.10000000000001,99300.0,2026-07-04,2026-07-04,993.0
20260704,000000,71W,36,2026,7,4,0,39.6,125.7,99300.0,2026-07-04,2026-07-04,993.0
20260704,000000,71W,36,2026,7,4,0,39.800000000000004,130.2,99400.0,2026-07-04,2026-07-04,994.0
20260704,000000,71W,36,2026,7,4,0,39.7,130.9,99600.0,2026-07-04,2026-07-04,996.0
20260704,000000,71W,37,2026,7,4,0,12.6,151.1,97200.0,2026-07-04,2026-07-04,972.0
20260704,000000,71W,37,2026,7,4,0,13.0,150.4,97300.0,2026-07-04,2026-07-04,973.0
20260704,000000,71W,37,2026,7,4,0,13.1,149.4,96700.0,2026-07-04,2026-07-04,967.0
20260704,000000,71W,37,2026,7,4,0,13.4,148.5,96000.0,2026-07-04,2026-07-04,960.0
20260704,000000,71W,37,2026,7,4,0,13.4,147.8,95000.0,2026-07-04,2026-07-04,950.0
20260704,000000,71W,37,2026,7,4,0,13.700000000000001,146.8,94900.0,2026-07-04,2026-07-04,949.0
20260704,000000,71W,37,2026,7,4,0,13.9,145.8,94700.0,2026-07-04,2026-07-04,947.0
20260704,000000,71W,37,2026,7,4,0,14.200000000000001,144.6,94700.0,2026-07-04,2026-07-04,947.0
20260704,000000,71W,37,2026,7,4,0,14.5,143.70000000000002,94100.0,2026-07-04,2026-07-04,941.0
20260704,000000,71W,37,2026,7,4,0,14.5,142.8,93700.0,2026-07-04,2026-07-04,937.0
20260704,000000,71W,37,2026,7,4,0,15.0,141.4,93300.0,2026-07-04,2026-07-04,933.0
20260704,000000,71W,37,2026,7,4,0,14.8,140.4,93100.0,2026-07-04,2026-07-04,931.0
20260704,000000,71W,37,2026,7,4,0,15.0,139.4,92300.0,2026-07-04,2026-07-04,923.0
20260704,000000,71W,37,2026,7,4,0,15.5,138.20000000000002,92400.0,2026-07-04,2026-07-04,924.0
20260704,000000,71W,37,2026,7,4,0,15.9,137.0,92300.0,2026-07-04,2026-07-04,923.0
20260704,000000,71W,37,2026,7,4,0,16.2,135.7,92200.0,2026-07-04,2026-07-04,922.0
20260704,000000,71W,37,2026,7,4,0,16.5,134.5,91600.0,2026-07-04,2026-07-04,916.0
20260704,000000,71W,37,2026,7,4,0,17.1,134.0,91300.0,2026-07-04,2026-07-04,913.0
20260704,000000,71W,37,2026,7,4,0,17.8,132.8,91400.0,2026-07-04,2026-07-04,914.0
20260704,000000,71W,37,2026,7,4,0,18.7,132.0,91800.0,2026-07-04,2026-07-04,918.0
20260704,000000,71W,37,2026,7,4,0,19.7,130.9,91700.0,2026-07-04,2026-07-04,917.0
20260704,000000,71W,37,2026,7,4,0,20.5,130.2,91900.0,2026-07-04,2026-07-04,919.0
20260704,000000,71W,37,2026,7,4,0,21.1,129.0,92100.0,2026-07-04,2026-07-04,921.0
20260704,000000,71W,37,2026,7,4,0,22.3,128.1,92600.0,2026-07-04,2026-07-04,926.0
20260704,000000,71W,37,2026,7,4,0,23.3,127.3,92600.0,2026-07-04,2026-07-04,926.0
20260704,000000,71W,37,2026,7,4,0,24.1,126.60000000000001,92800.0,2026-07-04,2026-07-04,928.0
20260704,000000,71W,37,2026,7,4,0,25.2,125.7,93300.0,2026-07-04,2026-07-04,933.0
20260704,000000,71W,37,2026,7,4,0,26.5,124.7,93500.0,2026-07-04,2026-07-04,935.0
20260704,000000,71W,37,2026,7,4,0,27.8,123.9,93800.0,2026-07-04,2026-07-04,938.0
20260704,000000,71W,37,2026,7,4,0,28.900000000000002,123.2,94300.0,2026-07-04,2026-07-04,943.0
20260704,000000,71W,37,2026,7,4,0,29.8,122.10000000000001,95200.0,2026-07-04,2026-07-04,952.0
20260704,000000,71W,37,2026,7,4,0,30.5,121.5,95600.0,2026-07-04,2026-07-04,956.0
20260704,000000,71W,37,2026,7,4,0,31.6,121.8,95800.0,2026-07-04,2026-07-04,958.0
20260704,000000,71W,37,2026,7,4,0,32.7,122.10000000000001,96100.0,2026-07-04,2026-07-04,961.0
20260704,000000,71W,37,2026,7,4,0,33.8,122.2,96300.0,2026-07-04,2026-07-04,963.0
20260704,000000,71W,37,2026,7,4,0,34.9,122.7,96500.0,2026-07-04,2026-07-04,965.0
20260704,000000,71W,37,2026,7,4,0,35.9,123.9,96600.0,2026-07-04,2026-07-04,966.0
20260704,000000,71W,37,2026,7,4,0,37.300000000000004,124.60000000000001,96800.0,2026-07-04,2026-07-04,968.0
20260704,000000,71W,37,2026,7,4,0,38.300000000000004,125.5,97000.0,2026-07-04,2026-07-04,970.0
20260704,000000,71W,37,2026,7,4,0,39.300000000000004,125.8,97300.0,2026-07-04,2026-07-04,973.0
20260704,000000,71W,37,2026,7,4,0,40.0,125.9,97600.0,2026-07-04,2026-07-04,976.0
20260704,000000,71W,37,2026,7,4,0,40.7,125.8,98200.0,2026-07-04,2026-07-04,982.0
20260704,000000,71W,37,2026,7,4,0,40.9,125.8,98700.0,2026-07-04,2026-07-04,987.0
20260704,000000,71W,37,2026,7,4,0,42.9,126.8,99100.0,2026-07-04,2026-07-04,991.0
20260704,000000,71W,37,2026,7,4,0,43.9,126.2,99400.0,2026-07-04,2026-07-04,994.0
20260704,000000,71W,37,2026,7,4,0,46.300000000000004,124.8,99500.0,2026-07-04,2026-07-04,995.0
20260704,000000,71W,37,2026,7,4,0,48.1,124.10000000000001,99800.0,2026-07-04,2026-07-04,998.0
20260704,000000,71W,37,2026,7,4,0,47.5,123.2,100000.0,2026-07-04,2026-07-04,1000.0
20260704,000000,71W,37,2026,7,4,0,47.6,123.3,100400.0,2026-07-04,2026-07-04,1004.0
20260704,000000,71W,37,2026,7,4,0,46.2,123.0,100600.0,2026-07-04,2026-07-04,1006.0
20260704,000000,71W,38,2026,7,4,0,12.700000000000001,150.6,95100.0,2026-07-04,2026-07-04,951.0
20260704,000000,71W,38,2026,7,4,0,12.5,149.8,95000.0,2026-07-04,2026-07-04,950.0
20260704,000000,71W,38,2026,7,4,0,12.8,149.3,94100.0,2026-07-04,2026-07-04,941.0
20260704,000000,71W,38,2026,7,4,0,13.1,148.5,93200.0,2026-07-04,2026-07-04,932.0
20260704,000000,71W,38,2026,7,4,0,13.5,147.6,92800.0,2026-07-04,2026-07-04,928.0
20260704,000000,71W,38,2026,7,4,0,14.0,146.8,92400.0,2026-07-04,2026-07-04,924.0
20260704,000000,71W,38,2026,7,4,0,14.4,145.6,92400.0,2026-07-04,2026-07-04,924.0
20260704,000000,71W,38,2026,7,4,0,14.700000000000001,144.4,92800.0,2026-07-04,2026-07-04,928.0
20260704,000000,71W,38,2026,7,4,0,15.1,143.0,93000.0,2026-07-04,2026-07-04,930.0
20260704,000000,71W,38,2026,7,4,0,15.1,141.6,92700.0,2026-07-04,2026-07-04,927.0
20260704,000000,71W,38,2026,7,4,0,15.4,140.20000000000002,92000.0,2026-07-04,2026-07-04,920.0
20260704,000000,71W,38,2026,7,4,0,15.4,139.0,91900.0,2026-07-04,2026-07-04,919.0
20260704,000000,71W,38,2026,7,4,0,15.6,137.70000000000002,91500.0,2026-07-04,2026-07-04,915.0
20260704,000000,71W,38,2026,7,4,0,15.700000000000001,136.6,91500.0,2026-07-04,2026-07-04,915.0
20260704,000000,71W,38,2026,7,4,0,15.9,135.5,91200.0,2026-07-04,2026-07-04,912.0
20260704,000000,71W,38,2026,7,4,0,16.2,134.4,91700.0,2026-07-04,2026-07-04,917.0
20260704,000000,71W,38,2026,7,4,0,16.7,133.5,91900.0,2026-07-04,2026-07-04,919.0
20260704,000000,71W,38,2026,7,4,0,17.2,132.5,92000.0,2026-07-04,2026-07-04,920.0
20260704,000000,71W,38,2026,7,4,0,17.8,131.6,91800.0,2026-07-04,2026-07-04,918.0
20260704,000000,71W,38,2026,7,4,0,18.6,130.7,92200.0,2026-07-04,2026-07-04,922.0
20260704,000000,71W,38,2026,7,4,0,19.5,129.8,92100.0,2026-07-04,2026-07-04,921.0
20260704,000000,71W,38,2026,7,4,0,20.3,128.8,92100.0,2026-07-04,2026-07-04,921.0
20260704,000000,71W,38,2026,7,4,0,21.1,127.9,92100.0,2026-07-04,2026-07-04,921.0
20260704,000000,71W,38,2026,7,4,0,22.1,127.0,92600.0,2026-07-04,2026-07-04,926.0
20260704,000000,71W,38,2026,7,4,0,23.3,126.0,92700.0,2026-07-04,2026-07-04,927.0
20260704,000000,71W,38,2026,7,4,0,24.2,125.0,93100.0,2026-07-04,2026-07-04,931.0
20260704,000000,71W,38,2026,7,4,0,25.400000000000002,124.10000000000001,93600.0,2026-07-04,2026-07-04,936.0
20260704,000000,71W,38,2026,7,4,0,26.7,122.60000000000001,93800.0,2026-07-04,2026-07-04,938.0
20260704,000000,71W,38,2026,7,4,0,27.7,121.3,93900.0,2026-07-04,2026-07-04,939.0
20260704,000000,71W,38,2026,7,4,0,28.7,120.0,94900.0,2026-07-04,2026-07-04,949.0
20260704,000000,71W,38,2026,7,4,0,29.6,118.60000000000001,96300.0,2026-07-04,2026-07-04,963.0
20260704,000000,71W,38,2026,7,4,0,30.400000000000002,117.4,97200.0,2026-07-04,2026-07-04,972.0
20260704,000000,71W,38,2026,7,4,0,31.2,116.7,97800.0,2026-07-04,2026-07-04,978.0
20260704,000000,71W,38,2026,7,4,0,31.400000000000002,116.2,98200.0,2026-07-04,2026-07-04,982.0
20260704,000000,71W,38,2026,7,4,0,31.900000000000002,115.60000000000001,98300.0,2026-07-04,2026-07-04,983.0
20260704,000000,71W,38,2026,7,4,0,32.1,115.2,98500.0,2026-07-04,2026-07-04,985.0
20260704,000000,71W,38,2026,7,4,0,32.3,115.4,98500.0,2026-07-04,2026-07-04,985.0
20260704,000000,71W,38,2026,7,4,0,32.4,115.60000000000001,98600.0,2026-07-04,2026-07-04,986.0
20260704,000000,71W,38,2026,7,4,0,33.1,116.0,98700.0,2026-07-04,2026-07-04,987.0
20260704,000000,71W,38,2026,7,4,0,33.2,115.5,98800.0,2026-07-04,2026-07-04,988.0
20260704,000000,71W,38,2026,7,4,0,33.0,115.7,98800.0,2026-07-04,2026-07-04,988.0
20260704,000000,71W,38,2026,7,4,0,33.4,116.10000000000001,98900.0,2026-07-04,2026-07-04,989.0
20260704,000000,71W,38,2026,7,4,0,33.6,115.8,99000.0,2026-07-04,2026-07-04,990.0
20260704,000000,71W,38,2026,7,4,0,33.2,115.60000000000001,99000.0,2026-07-04,2026-07-04,990.0
20260704,000000,71W,38,2026,7,4,0,33.6,116.10000000000001,99000.0,2026-07-04,2026-07-04,990.0
20260704,000000,71W,38,2026,7,4,0,33.5,116.4,99100.0,2026-07-04,2026-07-04,991.0
20260704,000000,71W,38,2026,7,4,0,34.5,117.8,99100.0,2026-07-04,2026-07-04,991.0
20260704,000000,71W,38,2026,7,4,0,34.9,117.9,99100.0,2026-07-04,2026-07-04,991.0
20260704,000000,71W,38,2026,7,4,0,34.6,118.0,98900.0,2026-07-04,2026-07-04,989.0
20260704,000000,71W,38,2026,7,4,0,35.0,120.2,99100.0,2026-07-04,2026-07-04,991.0
20260704,000000,71W,38,2026,7,4,0,38.2,121.9,98600.0,2026-07-04,2026-07-04,986.0
20260704,000000,71W,38,2026,7,4,0,39.1,124.2,98500.0,2026-07-04,2026-07-04,985.0
20260704,000000,71W,38,2026,7,4,0,39.300000000000004,125.5,98600.0,2026-07-04,2026-07-04,986.0
20260704,000000,71W,38,2026,7,4,0,38.9,127.9,99300.0,2026-07-04,2026-07-04,993.0
20260704,000000,71W,39,2026,7,4,0,12.1,151.0,96100.0,2026-07-04,2026-07-04,961.0
20260704,000000,71W,39,2026,7,4,0,12.5,150.5,96000.0,2026-07-04,2026-07-04,960.0
20260704,000000,71W,39,2026,7,4,0,12.8,149.9,95300.0,2026-07-04,2026-07-04,953.0
20260704,000000,71W,39,2026,7,4,0,13.1,148.9,94700.0,2026-07-04,2026-07-04,947.0
20260704,000000,71W,39,2026,7,4,0,13.4,148.20000000000002,94400.0,2026-07-04,2026-07-04,944.0
20260704,000000,71W,39,2026,7,4,0,13.8,147.1,94400.0,2026-07-04,2026-07-04,944.0
20260704,000000,71W,39,2026,7,4,0,14.1,146.1,94300.0,2026-07-04,2026-07-04,943.0
20260704,000000,71W,39,2026,7,4,0,14.5,145.0,94700.0,2026-07-04,2026-07-04,947.0
20260704,000000,71W,39,2026,7,4,0,14.8,143.70000000000002,94400.0,2026-07-04,2026-07-04,944.0
20260704,000000,71W,39,2026,7,4,0,15.0,142.5,94700.0,2026-07-04,2026-07-04,947.0
20260704,000000,71W,39,2026,7,4,0,15.3,141.0,94600.0,2026-07-04,2026-07-04,946.0
20260704,000000,71W,39,2026,7,4,0,15.6,139.8,94600.0,2026-07-04,2026-07-04,946.0
20260704,000000,71W,39,2026,7,4,0,16.1,138.3,94300.0,2026-07-04,2026-07-04,943.0
20260704,000000,71W,39,2026,7,4,0,16.2,136.70000000000002,94200.0,2026-07-04,2026-07-04,942.0
20260704,000000,71W,39,2026,7,4,0,16.5,135.2,93800.0,2026-07-04,2026-07-04,938.0
20260704,000000,71W,39,2026,7,4,0,16.9,133.8,94100.0,2026-07-04,2026-07-04,941.0
20260704,000000,71W,39,2026,7,4,0,17.3,132.4,94000.0,2026-07-04,2026-07-04,940.0
20260704,000000,71W,39,2026,7,4,0,17.8,131.0,94100.0,2026-07-04,2026-07-04,941.0
20260704,000000,71W,39,2026,7,4,0,18.2,129.7,94100.0,2026-07-04,2026-07-04,941.0
20260704,000000,71W,39,2026,7,4,0,18.7,128.6,94400.0,2026-07-04,2026-07-04,944.0
20260704,000000,71W,39,2026,7,4,0,19.2,127.5,94200.0,2026-07-04,2026-07-04,942.0
20260704,000000,71W,39,2026,7,4,0,19.7,126.60000000000001,94100.0,2026-07-04,2026-07-04,941.0
20260704,000000,71W,39,2026,7,4,0,20.7,125.7,94100.0,2026-07-04,2026-07-04,941.0
20260704,000000,71W,39,2026,7,4,0,21.6,124.7,94000.0,2026-07-04,2026-07-04,940.0
20260704,000000,71W,39,2026,7,4,0,22.8,123.8,93700.0,2026-07-04,2026-07-04,937.0
20260704,000000,71W,39,2026,7,4,0,24.400000000000002,122.60000000000001,94500.0,2026-07-04,2026-07-04,945.0
20260704,000000,71W,39,2026,7,4,0,24.900000000000002,120.60000000000001,94900.0,2026-07-04,2026-07-04,949.0
20260704,000000,71W,39,2026,7,4,0,26.0,119.8,95400.0,2026-07-04,2026-07-04,954.0
20260704,000000,71W,39,2026,7,4,0,27.400000000000002,118.2,97700.0,2026-07-04,2026-07-04,977.0
20260704,000000,71W,39,2026,7,4,0,28.900000000000002,117.2,98700.0,2026-07-04,2026-07-04,987.0
20260704,000000,71W,39,2026,7,4,0,30.0,116.10000000000001,99100.0,2026-07-04,2026-07-04,991.0
20260704,000000,71W,39,2026,7,4,0,31.900000000000002,115.5,99400.0,2026-07-04,2026-07-04,994.0
20260704,000000,71W,39,2026,7,4,0,32.6,114.4,99600.0,2026-07-04,2026-07-04,996.0
20260704,000000,71W,39,2026,7,4,0,32.7,113.3,99700.0,2026-07-04,2026-07-04,997.0
20260704,000000,71W,39,2026,7,4,0,32.7,112.9,99700.0,2026-07-04,2026-07-04,997.0
20260704,000000,71W,39,2026,7,4,0,32.9,113.0,99700.0,2026-07-04,2026-07-04,997.0
20260704,000000,71W,40,2026,7,4,0,12.4,150.20000000000002,97000.0,2026-07-04,2026-07-04,970.0
20260704,000000,71W,40,2026,7,4,0,12.8,149.6,97000.0,2026-07-04,2026-07-04,970.0
20260704,000000,71W,40,2026,7,4,0,13.1,148.6,96200.0,2026-07-04,2026-07-04,962.0
20260704,000000,71W,40,2026,7,4,0,13.1,147.70000000000002,95200.0,2026-07-04,2026-07-04,952.0
20260704,000000,71W,40,2026,7,4,0,13.3,146.70000000000002,93600.0,2026-07-04,2026-07-04,936.0
20260704,000000,71W,40,2026,7,4,0,13.8,145.6,93200.0,2026-07-04,2026-07-04,932.0
20260704,000000,71W,40,2026,7,4,0,14.3,144.1,92600.0,2026-07-04,2026-07-04,926.0
20260704,000000,71W,40,2026,7,4,0,14.6,142.8,93200.0,2026-07-04,2026-07-04,932.0
20260704,000000,71W,40,2026,7,4,0,14.9,141.3,92900.0,2026-07-04,2026-07-04,929.0
20260704,000000,71W,40,2026,7,4,0,15.1,139.8,93200.0,2026-07-04,2026-07-04,932.0
20260704,000000,71W,40,2026,7,4,0,15.1,138.20000000000002,92900.0,2026-07-04,2026-07-04,929.0
20260704,000000,71W,40,2026,7,4,0,15.1,137.0,92100.0,2026-07-04,2026-07-04,921.0
20260704,000000,71W,40,2026,7,4,0,15.1,135.7,90600.0,2026-07-04,2026-07-04,906.0
20260704,000000,71W,40,2026,7,4,0,15.4,134.5,90100.0,2026-07-04,2026-07-04,901.0
20260704,000000,71W,40,2026,7,4,0,15.8,133.1,90100.0,2026-07-04,2026-07-04,901.0
20260704,000000,71W,40,2026,7,4,0,16.2,132.1,91000.0,2026-07-04,2026-07-04,910.0
20260704,000000,71W,40,2026,7,4,0,16.8,131.0,91300.0,2026-07-04,2026-07-04,913.0
20260704,000000,71W,40,2026,7,4,0,17.3,130.1,91900.0,2026-07-04,2026-07-04,919.0
20260704,000000,71W,40,2026,7,4,0,18.1,129.0,92600.0,2026-07-04,2026-07-04,926.0
20260704,000000,71W,40,2026,7,4,0,19.0,128.1,93200.0,2026-07-04,2026-07-04,932.0
20260704,000000,71W,40,2026,7,4,0,20.0,127.10000000000001,93400.0,2026-07-04,2026-07-04,934.0
20260704,000000,71W,40,2026,7,4,0,20.900000000000002,126.0,93900.0,2026-07-04,2026-07-04,939.0
20260704,000000,71W,40,2026,7,4,0,21.6,125.2,93800.0,2026-07-04,2026-07-04,938.0
20260704,000000,71W,40,2026,7,4,0,22.7,123.8,94300.0,2026-07-04,2026-07-04,943.0
20260704,000000,71W,40,2026,7,4,0,24.1,123.10000000000001,94900.0,2026-07-04,2026-07-04,949.0
20260704,000000,71W,40,2026,7,4,0,25.2,121.2,96000.0,2026-07-04,2026-07-04,960.0
20260704,000000,71W,40,2026,7,4,0,26.6,120.7,96200.0,2026-07-04,2026-07-04,962.0
20260704,000000,71W,40,2026,7,4,0,27.3,119.60000000000001,97000.0,2026-07-04,2026-07-04,970.0
20260704,000000,71W,40,2026,7,4,0,28.900000000000002,118.9,97500.0,2026-07-04,2026-07-04,975.0
20260704,000000,71W,40,2026,7,4,0,30.400000000000002,117.2,98000.0,2026-07-04,2026-07-04,980.0
20260704,000000,71W,40,2026,7,4,0,31.3,116.8,98300.0,2026-07-04,2026-07-04,983.0
20260704,000000,71W,40,2026,7,4,0,32.1,115.8,98600.0,2026-07-04,2026-07-04,986.0
20260704,000000,71W,40,2026,7,4,0,32.4,114.8,98700.0,2026-07-04,2026-07-04,987.0
20260704,000000,71W,40,2026,7,4,0,32.8,114.3,98900.0,2026-07-04,2026-07-04,989.0
20260704,000000,71W,40,2026,7,4,0,33.1,113.9,99100.0,2026-07-04,2026-07-04,991.0
20260704,000000,71W,40,2026,7,4,0,33.4,113.60000000000001,99100.0,2026-07-04,2026-07-04,991.0
20260704,000000,71W,40,2026,7,4,0,33.4,113.60000000000001,99100.0,2026-07-04,2026-07-04,991.0
20260704,000000,71W,40,2026,7,4,0,33.6,113.2,99200.0,2026-07-04,2026-07-04,992.0
20260704,000000,71W,40,2026,7,4,0,32.4,111.60000000000001,99300.0,2026-07-04,2026-07-04,993.0
20260704,000000,71W,40,2026,7,4,0,32.5,112.9,99400.0,2026-07-04,2026-07-04,994.0
20260704,000000,71W,40,2026,7,4,0,33.0,113.8,99300.0,2026-07-04,2026-07-04,993.0
20260704,000000,71W,40,2026,7,4,0,33.3,113.7,99600.0,2026-07-04,2026-07-04,996.0
20260704,000000,71W,41,2026,7,4,0,12.1,150.9,96500.0,2026-07-04,2026-07-04,965.0
20260704,000000,71W,41,2026,7,4,0,12.6,150.6,96100.0,2026-07-04,2026-07-04,961.0
20260704,000000,71W,41,2026,7,4,0,12.6,150.1,94200.0,2026-07-04,2026-07-04,942.0
20260704,000000,71W,41,2026,7,4,0,12.8,149.20000000000002,93500.0,2026-07-04,2026-07-04,935.0
20260704,000000,71W,41,2026,7,4,0,13.200000000000001,148.4,92500.0,2026-07-04,2026-07-04,925.0
20260704,000000,71W,41,2026,7,4,0,13.6,147.6,92300.0,2026-07-04,2026-07-04,923.0
20260704,000000,71W,41,2026,7,4,0,14.0,146.70000000000002,91500.0,2026-07-04,2026-07-04,915.0
20260704,000000,71W,41,2026,7,4,0,14.5,145.9,92500.0,2026-07-04,2026-07-04,925.0
20260704,000000,71W,41,2026,7,4,0,15.200000000000001,144.70000000000002,92900.0,2026-07-04,2026-07-04,929.0
20260704,000000,71W,41,2026,7,4,0,15.5,143.3,93100.0,2026-07-04,2026-07-04,931.0
20260704,000000,71W,41,2026,7,4,0,15.9,141.70000000000002,93100.0,2026-07-04,2026-07-04,931.0
20260704,000000,71W,41,2026,7,4,0,16.1,140.20000000000002,93400.0,2026-07-04,2026-07-04,934.0
20260704,000000,71W,41,2026,7,4,0,16.3,139.20000000000002,92800.0,2026-07-04,2026-07-04,928.0
20260704,000000,71W,41,2026,7,4,0,16.6,137.8,92400.0,2026-07-04,2026-07-04,924.0
20260704,000000,71W,41,2026,7,4,0,17.3,136.6,91200.0,2026-07-04,2026-07-04,912.0
20260704,000000,71W,41,2026,7,4,0,17.6,135.7,91400.0,2026-07-04,2026-07-04,914.0
20260704,000000,71W,41,2026,7,4,0,18.5,134.1,90500.0,2026-07-04,2026-07-04,905.0
20260704,000000,71W,41,2026,7,4,0,19.0,133.1,90700.0,2026-07-04,2026-07-04,907.0
20260704,000000,71W,41,2026,7,4,0,19.6,131.8,90600.0,2026-07-04,2026-07-04,906.0
20260704,000000,71W,41,2026,7,4,0,20.2,130.8,91100.0,2026-07-04,2026-07-04,911.0
20260704,000000,71W,41,2026,7,4,0,20.900000000000002,130.3,90900.0,2026-07-04,2026-07-04,909.0
20260704,000000,71W,41,2026,7,4,0,21.900000000000002,129.3,91300.0,2026-07-04,2026-07-04,913.0
20260704,000000,71W,41,2026,7,4,0,22.6,128.3,91400.0,2026-07-04,2026-07-04,914.0
20260704,000000,71W,41,2026,7,4,0,23.7,127.4,91900.0,2026-07-04,2026-07-04,919.0
20260704,000000,71W,41,2026,7,4,0,25.2,126.9,92100.0,2026-07-04,2026-07-04,921.0
20260704,000000,71W,41,2026,7,4,0,26.400000000000002,126.4,92500.0,2026-07-04,2026-07-04,925.0
20260704,000000,71W,41,2026,7,4,0,27.7,125.8,93100.0,2026-07-04,2026-07-04,931.0
20260704,000000,71W,41,2026,7,4,0,29.1,125.3,93600.0,2026-07-04,2026-07-04,936.0
20260704,000000,71W,41,2026,7,4,0,30.6,125.0,93900.0,2026-07-04,2026-07-04,939.0
20260704,000000,71W,41,2026,7,4,0,31.5,124.60000000000001,94500.0,2026-07-04,2026-07-04,945.0
20260704,000000,71W,41,2026,7,4,0,32.3,124.4,95000.0,2026-07-04,2026-07-04,950.0
20260704,000000,71W,41,2026,7,4,0,32.8,124.8,95700.0,2026-07-04,2026-07-04,957.0
20260704,000000,71W,41,2026,7,4,0,33.3,125.2,96200.0,2026-07-04,2026-07-04,962.0
20260704,000000,71W,41,2026,7,4,0,33.7,125.60000000000001,96700.0,2026-07-04,2026-07-04,967.0
20260704,000000,71W,41,2026,7,4,0,34.2,126.4,97200.0,2026-07-04,2026-07-04,972.0
20260704,000000,71W,41,2026,7,4,0,34.2,127.3,97600.0,2026-07-04,2026-07-04,976.0
20260704,000000,71W,41,2026,7,4,0,34.5,128.4,97900.0,2026-07-04,2026-07-04,979.0
20260704,000000,71W,41,2026,7,4,0,34.300000000000004,129.5,98200.0,2026-07-04,2026-07-04,982.0
20260704,000000,71W,41,2026,7,4,0,34.6,130.7,98400.0,2026-07-04,2026-07-04,984.0
20260704,000000,71W,41,2026,7,4,0,35.4,133.3,98800.0,2026-07-04,2026-07-04,988.0
20260704,000000,71W,42,2026,7,4,0,12.4,151.3,96100.0,2026-07-04,2026-07-04,961.0
20260704,000000,71W,42,2026,7,4,0,12.5,150.6,95400.0,2026-07-04,2026-07-04,954.0
20260704,000000,71W,42,2026,7,4,0,12.8,150.0,94100.0,2026-07-04,2026-07-04,941.0
20260704,000000,71W,42,2026,7,4,0,13.0,149.3,92900.0,2026-07-04,2026-07-04,929.0
20260704,000000,71W,42,2026,7,4,0,13.200000000000001,148.6,91600.0,2026-07-04,2026-07-04,916.0
20260704,000000,71W,42,2026,7,4,0,13.5,148.0,90900.0,2026-07-04,2026-07-04,909.0
20260704,000000,71W,42,2026,7,4,0,13.9,147.20000000000002,89600.0,2026-07-04,2026-07-04,896.0
20260704,000000,71W,42,2026,7,4,0,14.200000000000001,146.3,88700.0,2026-07-04,2026-07-04,887.0
20260704,000000,71W,42,2026,7,4,0,14.700000000000001,145.4,88800.0,2026-07-04,2026-07-04,888.0
20260704,000000,71W,42,2026,7,4,0,15.3,144.1,90000.0,2026-07-04,2026-07-04,900.0
20260704,000000,71W,42,2026,7,4,0,15.700000000000001,142.70000000000002,89500.0,2026-07-04,2026-07-04,895.0
20260704,000000,71W,42,2026,7,4,0,16.2,141.20000000000002,88700.0,2026-07-04,2026-07-04,887.0
20260704,000000,71W,42,2026,7,4,0,16.8,139.70000000000002,89400.0,2026-07-04,2026-07-04,894.0
20260704,000000,71W,42,2026,7,4,0,17.3,137.9,90900.0,2026-07-04,2026-07-04,909.0
20260704,000000,71W,42,2026,7,4,0,17.7,136.0,91400.0,2026-07-04,2026-07-04,914.0
20260704,000000,71W,42,2026,7,4,0,17.900000000000002,134.2,92000.0,2026-07-04,2026-07-04,920.0
20260704,000000,71W,42,2026,7,4,0,18.1,132.6,91000.0,2026-07-04,2026-07-04,910.0
20260704,000000,71W,42,2026,7,4,0,18.3,131.0,92000.0,2026-07-04,2026-07-04,920.0
20260704,000000,71W,42,2026,7,4,0,18.3,129.7,92800.0,2026-07-04,2026-07-04,928.0
20260704,000000,71W,42,2026,7,4,0,18.6,128.6,93400.0,2026-07-04,2026-07-04,934.0
20260704,000000,71W,42,2026,7,4,0,19.0,127.9,93700.0,2026-07-04,2026-07-04,937.0
20260704,000000,71W,42,2026,7,4,0,19.400000000000002,127.3,94200.0,2026-07-04,2026-07-04,942.0
20260704,000000,71W,42,2026,7,4,0,20.3,126.4,94700.0,2026-07-04,2026-07-04,947.0
20260704,000000,71W,42,2026,7,4,0,21.1,125.5,94800.0,2026-07-04,2026-07-04,948.0
20260704,000000,71W,42,2026,7,4,0,22.0,124.9,94500.0,2026-07-04,2026-07-04,945.0
20260704,000000,71W,42,2026,7,4,0,22.6,124.10000000000001,94800.0,2026-07-04,2026-07-04,948.0
20260704,000000,71W,42,2026,7,4,0,24.3,122.9,94900.0,2026-07-04,2026-07-04,949.0
20260704,000000,71W,42,2026,7,4,0,25.3,121.0,95900.0,2026-07-04,2026-07-04,959.0
20260704,000000,71W,42,2026,7,4,0,25.6,120.8,96500.0,2026-07-04,2026-07-04,965.0
20260704,000000,71W,42,2026,7,4,0,26.7,119.60000000000001,97500.0,2026-07-04,2026-07-04,975.0
20260704,000000,71W,42,2026,7,4,0,28.400000000000002,117.7,98100.0,2026-07-04,2026-07-04,981.0
20260704,000000,71W,42,2026,7,4,0,29.3,116.60000000000001,98500.0,2026-07-04,2026-07-04,985.0
20260704,000000,71W,42,2026,7,4,0,30.5,116.5,98700.0,2026-07-04,2026-07-04,987.0
20260704,000000,71W,42,2026,7,4,0,30.900000000000002,114.8,98900.0,2026-07-04,2026-07-04,989.0
20260704,000000,71W,42,2026,7,4,0,32.4,115.5,99100.0,2026-07-04,2026-07-04,991.0
20260704,000000,71W,42,2026,7,4,0,33.2,115.2,99200.0,2026-07-04,2026-07-04,992.0
20260704,000000,71W,42,2026,7,4,0,33.6,115.5,99200.0,2026-07-04,2026-07-04,992.0
20260704,000000,71W,42,2026,7,4,0,33.7,116.0,99400.0,2026-07-04,2026-07-04,994.0
20260704,000000,71W,42,2026,7,4,0,34.4,116.8,99300.0,2026-07-04,2026-07-04,993.0
20260704,000000,71W,42,2026,7,4,0,34.6,117.60000000000001,99400.0,2026-07-04,2026-07-04,994.0
20260704,000000,71W,42,2026,7,4,0,34.9,118.4,99300.0,2026-07-04,2026-07-04,993.0
20260704,000000,71W,42,2026,7,4,0,36.2,119.2,99300.0,2026-07-04,2026-07-04,993.0
20260704,000000,71W,42,2026,7,4,0,36.5,121.5,99000.0,2026-07-04,2026-07-04,990.0
20260704,000000,71W,42,2026,7,4,0,37.7,121.7,98500.0,2026-07-04,2026-07-04,985.0
20260704,000000,71W,42,2026,7,4,0,37.2,122.9,98600.0,2026-07-04,2026-07-04,986.0
20260704,000000,71W,42,2026,7,4,0,37.300000000000004,124.3,98700.0,2026-07-04,2026-07-04,987.0
20260704,000000,71W,42,2026,7,4,0,38.6,128.7,98700.0,2026-07-04,2026-07-04,987.0
20260704,000000,71W,42,2026,7,4,0,40.4,129.9,98500.0,2026-07-04,2026-07-04,985.0
20260704,000000,71W,42,2026,7,4,0,40.9,131.2,98200.0,2026-07-04,2026-07-04,982.0
20260704,000000,71W,42,2026,7,4,0,41.9,132.2,98300.0,2026-07-04,2026-07-04,983.0
20260704,000000,71W,42,2026,7,4,0,42.800000000000004,134.2,98500.0,2026-07-04,2026-07-04,985.0
20260704,000000,71W,42,2026,7,4,0,43.9,135.6,98700.0,2026-07-04,2026-07-04,987.0
20260704,000000,71W,43,2026,7,4,0,12.700000000000001,150.5,97500.0,2026-07-04,2026-07-04,975.0
20260704,000000,71W,43,2026,7,4,0,12.6,149.8,97400.0,2026-07-04,2026-07-04,974.0
20260704,000000,71W,43,2026,7,4,0,12.1,149.20000000000002,96500.0,2026-07-04,2026-07-04,965.0
20260704,000000,71W,43,2026,7,4,0,12.700000000000001,148.5,95700.0,2026-07-04,2026-07-04,957.0
20260704,000000,71W,43,2026,7,4,0,12.6,147.70000000000002,94000.0,2026-07-04,2026-07-04,940.0
20260704,000000,71W,43,2026,7,4,0,13.1,147.0,93900.0,2026-07-04,2026-07-04,939.0
20260704,000000,71W,43,2026,7,4,0,13.3,146.1,92200.0,2026-07-04,2026-07-04,922.0
20260704,000000,71W,43,2026,7,4,0,13.6,145.1,92000.0,2026-07-04,2026-07-04,920.0
20260704,000000,71W,43,2026,7,4,0,14.0,144.1,90400.0,2026-07-04,2026-07-04,904.0
20260704,000000,71W,43,2026,7,4,0,14.3,142.8,91000.0,2026-07-04,2026-07-04,910.0
20260704,000000,71W,43,2026,7,4,0,14.700000000000001,141.3,90700.0,2026-07-04,2026-07-04,907.0
20260704,000000,71W,43,2026,7,4,0,14.9,139.9,90000.0,2026-07-04,2026-07-04,900.0
20260704,000000,71W,43,2026,7,4,0,15.1,138.3,89500.0,2026-07-04,2026-07-04,895.0
20260704,000000,71W,43,2026,7,4,0,15.3,136.9,89500.0,2026-07-04,2026-07-04,895.0
20260704,000000,71W,43,2026,7,4,0,15.700000000000001,135.4,88100.0,2026-07-04,2026-07-04,881.0
20260704,000000,71W,43,2026,7,4,0,16.0,133.9,89100.0,2026-07-04,2026-07-04,891.0
20260704,000000,71W,43,2026,7,4,0,16.3,132.5,88500.0,2026-07-04,2026-07-04,885.0
20260704,000000,71W,43,2026,7,4,0,16.7,131.2,88300.0,2026-07-04,2026-07-04,883.0
20260704,000000,71W,43,2026,7,4,0,17.3,129.8,88900.0,2026-07-04,2026-07-04,889.0
20260704,000000,71W,43,2026,7,4,0,17.6,128.6,89800.0,2026-07-04,2026-07-04,898.0
20260704,000000,71W,43,2026,7,4,0,18.3,127.3,90000.0,2026-07-04,2026-07-04,900.0
20260704,000000,71W,43,2026,7,4,0,18.8,126.4,90800.0,2026-07-04,2026-07-04,908.0
20260704,000000,71W,43,2026,7,4,0,19.6,125.3,91600.0,2026-07-04,2026-07-04,916.0
20260704,000000,71W,43,2026,7,4,0,20.400000000000002,124.5,92400.0,2026-07-04,2026-07-04,924.0
20260704,000000,71W,43,2026,7,4,0,21.5,123.7,92400.0,2026-07-04,2026-07-04,924.0
20260704,000000,71W,43,2026,7,4,0,22.5,122.60000000000001,92800.0,2026-07-04,2026-07-04,928.0
20260704,000000,71W,43,2026,7,4,0,24.0,120.60000000000001,95200.0,2026-07-04,2026-07-04,952.0
20260704,000000,71W,43,2026,7,4,0,24.7,120.10000000000001,96000.0,2026-07-04,2026-07-04,960.0
20260704,000000,71W,43,2026,7,4,0,25.900000000000002,119.3,96800.0,2026-07-04,2026-07-04,968.0
20260704,000000,71W,43,2026,7,4,0,27.1,118.4,98000.0,2026-07-04,2026-07-04,980.0
20260704,000000,71W,43,2026,7,4,0,28.900000000000002,117.4,98700.0,2026-07-04,2026-07-04,987.0
20260704,000000,71W,43,2026,7,4,0,30.7,117.4,99100.0,2026-07-04,2026-07-04,991.0
20260704,000000,71W,43,2026,7,4,0,31.900000000000002,116.5,99200.0,2026-07-04,2026-07-04,992.0
20260704,000000,71W,43,2026,7,4,0,32.7,116.2,99400.0,2026-07-04,2026-07-04,994.0
20260704,000000,71W,43,2026,7,4,0,33.8,116.4,99600.0,2026-07-04,2026-07-04,996.0
20260704,000000,71W,43,2026,7,4,0,35.300000000000004,116.7,99700.0,2026-07-04,2026-07-04,997.0
20260704,000000,71W,43,2026,7,4,0,36.800000000000004,117.8,99500.0,2026-07-04,2026-07-04,995.0
20260704,000000,71W,43,2026,7,4,0,37.800000000000004,118.60000000000001,99600.0,2026-07-04,2026-07-04,996.0
20260704,000000,71W,43,2026,7,4,0,38.5,120.7,99500.0,2026-07-04,2026-07-04,995.0
20260704,000000,71W,44,2026,7,4,0,13.1,150.9,97600.0,2026-07-04,2026-07-04,976.0
20260704,000000,71W,44,2026,7,4,0,13.3,149.8,97600.0,2026-07-04,2026-07-04,976.0
20260704,000000,71W,44,2026,7,4,0,13.6,149.20000000000002,96400.0,2026-07-04,2026-07-04,964.0
20260704,000000,71W,44,2026,7,4,0,13.3,148.3,95400.0,2026-07-04,2026-07-04,954.0
20260704,000000,71W,44,2026,7,4,0,13.8,147.70000000000002,94500.0,2026-07-04,2026-07-04,945.0
20260704,000000,71W,44,2026,7,4,0,14.200000000000001,146.70000000000002,94200.0,2026-07-04,2026-07-04,942.0
20260704,000000,71W,44,2026,7,4,0,14.700000000000001,145.4,93600.0,2026-07-04,2026-07-04,936.0
20260704,000000,71W,44,2026,7,4,0,15.1,144.4,93800.0,2026-07-04,2026-07-04,938.0
20260704,000000,71W,44,2026,7,4,0,15.6,143.20000000000002,93400.0,2026-07-04,2026-07-04,934.0
20260704,000000,71W,44,2026,7,4,0,15.700000000000001,141.70000000000002,93800.0,2026-07-04,2026-07-04,938.0
20260704,000000,71W,44,2026,7,4,0,16.2,140.20000000000002,93600.0,2026-07-04,2026-07-04,936.0
20260704,000000,71W,44,2026,7,4,0,16.2,138.8,93200.0,2026-07-04,2026-07-04,932.0
20260704,000000,71W,44,2026,7,4,0,16.4,137.0,91900.0,2026-07-04,2026-07-04,919.0
20260704,000000,71W,44,2026,7,4,0,16.6,135.9,91100.0,2026-07-04,2026-07-04,911.0
20260704,000000,71W,44,2026,7,4,0,17.1,134.2,90800.0,2026-07-04,2026-07-04,908.0
20260704,000000,71W,44,2026,7,4,0,17.1,132.9,91300.0,2026-07-04,2026-07-04,913.0
20260704,000000,71W,44,2026,7,4,0,17.6,131.6,91100.0,2026-07-04,2026-07-04,911.0
20260704,000000,71W,44,2026,7,4,0,18.0,130.2,90400.0,2026-07-04,2026-07-04,904.0
20260704,000000,71W,44,2026,7,4,0,18.400000000000002,129.1,90800.0,2026-07-04,2026-07-04,908.0
20260704,000000,71W,44,2026,7,4,0,19.0,128.2,91000.0,2026-07-04,2026-07-04,910.0
20260704,000000,71W,44,2026,7,4,0,19.900000000000002,127.5,90800.0,2026-07-04,2026-07-04,908.0
20260704,000000,71W,44,2026,7,4,0,21.1,126.7,91500.0,2026-07-04,2026-07-04,915.0
20260704,000000,71W,44,2026,7,4,0,22.7,125.7,92200.0,2026-07-04,2026-07-04,922.0
20260704,000000,71W,44,2026,7,4,0,24.3,124.7,93100.0,2026-07-04,2026-07-04,931.0
20260704,000000,71W,44,2026,7,4,0,25.8,123.4,93200.0,2026-07-04,2026-07-04,932.0
20260704,000000,71W,44,2026,7,4,0,26.900000000000002,122.3,93400.0,2026-07-04,2026-07-04,934.0
20260704,000000,71W,44,2026,7,4,0,28.2,121.2,94800.0,2026-07-04,2026-07-04,948.0
20260704,000000,71W,44,2026,7,4,0,29.0,120.2,96300.0,2026-07-04,2026-07-04,963.0
20260704,000000,71W,44,2026,7,4,0,29.900000000000002,119.8,97100.0,2026-07-04,2026-07-04,971.0
20260704,000000,71W,44,2026,7,4,0,30.8,119.3,97600.0,2026-07-04,2026-07-04,976.0
20260704,000000,71W,44,2026,7,4,0,31.400000000000002,119.4,97900.0,2026-07-04,2026-07-04,979.0
20260704,000000,71W,44,2026,7,4,0,31.8,119.60000000000001,98200.0,2026-07-04,2026-07-04,982.0
20260704,000000,71W,44,2026,7,4,0,32.6,120.0,98300.0,2026-07-04,2026-07-04,983.0
20260704,000000,71W,44,2026,7,4,0,33.0,120.8,98400.0,2026-07-04,2026-07-04,984.0
20260704,000000,71W,44,2026,7,4,0,34.0,121.2,98400.0,2026-07-04,2026-07-04,984.0
20260704,000000,71W,44,2026,7,4,0,34.0,122.0,98400.0,2026-07-04,2026-07-04,984.0
20260704,000000,71W,44,2026,7,4,0,34.4,123.4,98300.0,2026-07-04,2026-07-04,983.0
20260704,000000,71W,44,2026,7,4,0,34.7,124.10000000000001,98400.0,2026-07-04,2026-07-04,984.0
20260704,000000,71W,44,2026,7,4,0,34.9,125.7,98400.0,2026-07-04,2026-07-04,984.0
20260704,000000,71W,44,2026,7,4,0,34.800000000000004,127.5,98600.0,2026-07-04,2026-07-04,986.0
20260704,000000,71W,44,2026,7,4,0,35.300000000000004,129.3,98500.0,2026-07-04,2026-07-04,985.0
20260704,000000,71W,44,2026,7,4,0,35.800000000000004,130.7,98600.0,2026-07-04,2026-07-04,986.0
20260704,000000,71W,44,2026,7,4,0,36.300000000000004,131.0,98600.0,2026-07-04,2026-07-04,986.0
20260704,000000,71W,44,2026,7,4,0,36.5,130.9,98600.0,2026-07-04,2026-07-04,986.0
20260704,000000,71W,44,2026,7,4,0,36.5,131.3,98500.0,2026-07-04,2026-07-04,985.0
20260704,000000,71W,44,2026,7,4,0,36.300000000000004,131.6,98600.0,2026-07-04,2026-07-04,986.0
20260704,000000,71W,44,2026,7,4,0,36.2,132.2,98600.0,2026-07-04,2026-07-04,986.0
20260704,000000,71W,44,2026,7,4,0,36.300000000000004,132.9,98800.0,2026-07-04,2026-07-04,988.0
20260704,000000,71W,44,2026,7,4,0,36.7,134.0,98900.0,2026-07-04,2026-07-04,989.0
20260704,000000,71W,44,2026,7,4,0,36.800000000000004,134.7,99200.0,2026-07-04,2026-07-04,992.0
20260704,000000,71W,44,2026,7,4,0,37.2,135.0,99300.0,2026-07-04,2026-07-04,993.0
20260704,000000,71W,44,2026,7,4,0,37.0,135.7,99400.0,2026-07-04,2026-07-04,994.0
20260704,000000,71W,44,2026,7,4,0,37.4,136.5,99500.0,2026-07-04,2026-07-04,995.0
20260704,000000,71W,45,2026,7,4,0,41.7,121.4,99600.0,2026-07-04,2026-07-04,996.0
20260704,000000,71W,45,2026,7,4,0,44.800000000000004,123.10000000000001,99600.0,2026-07-04,2026-07-04,996.0
20260704,000000,71W,46,2026,7,4,0,12.4,151.20000000000002,97100.0,2026-07-04,2026-07-04,971.0
20260704,000000,71W,46,2026,7,4,0,12.4,150.6,96700.0,2026-07-04,2026-07-04,967.0
20260704,000000,71W,46,2026,7,4,0,12.9,150.1,95600.0,2026-07-04,2026-07-04,956.0
20260704,000000,71W,46,2026,7,4,0,12.6,149.20000000000002,94500.0,2026-07-04,2026-07-04,945.0
20260704,000000,71W,46,2026,7,4,0,13.6,148.70000000000002,94000.0,2026-07-04,2026-07-04,940.0
20260704,000000,71W,46,2026,7,4,0,13.8,148.20000000000002,94100.0,2026-07-04,2026-07-04,941.0
20260704,000000,71W,46,2026,7,4,0,14.200000000000001,147.20000000000002,93700.0,2026-07-04,2026-07-04,937.0
20260704,000000,71W,46,2026,7,4,0,14.700000000000001,146.0,94000.0,2026-07-04,2026-07-04,940.0
20260704,000000,71W,46,2026,7,4,0,15.200000000000001,144.8,93600.0,2026-07-04,2026-07-04,936.0
20260704,000000,71W,46,2026,7,4,0,15.5,143.5,93600.0,2026-07-04,2026-07-04,936.0
20260704,000000,71W,46,2026,7,4,0,15.9,142.20000000000002,93100.0,2026-07-04,2026-07-04,931.0
20260704,000000,71W,46,2026,7,4,0,16.2,140.70000000000002,93500.0,2026-07-04,2026-07-04,935.0
20260704,000000,71W,46,2026,7,4,0,16.5,139.3,92700.0,2026-07-04,2026-07-04,927.0
20260704,000000,71W,46,2026,7,4,0,16.8,137.9,92500.0,2026-07-04,2026-07-04,925.0
20260704,000000,71W,46,2026,7,4,0,17.2,136.3,92000.0,2026-07-04,2026-07-04,920.0
20260704,000000,71W,46,2026,7,4,0,17.6,135.0,92000.0,2026-07-04,2026-07-04,920.0
20260704,000000,71W,46,2026,7,4,0,18.3,133.5,91400.0,2026-07-04,2026-07-04,914.0
20260704,000000,71W,46,2026,7,4,0,18.5,132.1,91700.0,2026-07-04,2026-07-04,917.0
20260704,000000,71W,46,2026,7,4,0,19.1,130.9,91600.0,2026-07-04,2026-07-04,916.0
20260704,000000,71W,46,2026,7,4,0,19.6,130.0,92000.0,2026-07-04,2026-07-04,920.0
20260704,000000,71W,46,2026,7,4,0,20.2,129.3,92100.0,2026-07-04,2026-07-04,921.0
20260704,000000,71W,46,2026,7,4,0,20.7,128.4,92500.0,2026-07-04,2026-07-04,925.0
20260704,000000,71W,46,2026,7,4,0,21.3,127.7,92800.0,2026-07-04,2026-07-04,928.0
20260704,000000,71W,46,2026,7,4,0,22.3,127.4,93200.0,2026-07-04,2026-07-04,932.0
20260704,000000,71W,46,2026,7,4,0,23.5,127.0,93000.0,2026-07-04,2026-07-04,930.0
20260704,000000,71W,46,2026,7,4,0,24.900000000000002,126.2,93500.0,2026-07-04,2026-07-04,935.0
20260704,000000,71W,46,2026,7,4,0,26.2,125.8,93700.0,2026-07-04,2026-07-04,937.0
20260704,000000,71W,46,2026,7,4,0,27.6,125.3,94000.0,2026-07-04,2026-07-04,940.0
20260704,000000,71W,46,2026,7,4,0,29.1,124.9,93700.0,2026-07-04,2026-07-04,937.0
20260704,000000,71W,46,2026,7,4,0,30.400000000000002,124.7,94300.0,2026-07-04,2026-07-04,943.0
20260704,000000,71W,46,2026,7,4,0,31.8,125.0,95000.0,2026-07-04,2026-07-04,950.0
20260704,000000,71W,46,2026,7,4,0,32.8,125.10000000000001,95900.0,2026-07-04,2026-07-04,959.0
20260704,000000,71W,46,2026,7,4,0,34.2,125.9,96500.0,2026-07-04,2026-07-04,965.0
20260704,000000,71W,46,2026,7,4,0,34.6,126.4,97300.0,2026-07-04,2026-07-04,973.0
20260704,000000,71W,46,2026,7,4,0,35.1,127.9,97900.0,2026-07-04,2026-07-04,979.0
20260704,000000,71W,46,2026,7,4,0,35.6,129.7,98300.0,2026-07-04,2026-07-04,983.0
20260704,000000,71W,46,2026,7,4,0,36.1,131.8,98300.0,2026-07-04,2026-07-04,983.0
20260704,000000,71W,46,2026,7,4,0,36.800000000000004,133.5,98500.0,2026-07-04,2026-07-04,985.0
20260704,000000,71W,46,2026,7,4,0,37.7,135.1,98500.0,2026-07-04,2026-07-04,985.0
20260704,000000,71W,47,2026,7,4,0,12.6,151.0,96600.0,2026-07-04,2026-07-04,966.0
20260704,000000,71W,47,2026,7,4,0,12.8,150.6,96400.0,2026-07-04,2026-07-04,964.0
20260704,000000,71W,47,2026,7,4,0,13.0,150.1,95100.0,2026-07-04,2026-07-04,951.0
20260704,000000,71W,47,2026,7,4,0,13.3,149.4,94700.0,2026-07-04,2026-07-04,947.0
20260704,000000,71W,47,2026,7,4,0,13.6,148.6,93700.0,2026-07-04,2026-07-04,937.0
20260704,000000,71W,47,2026,7,4,0,14.200000000000001,147.9,93100.0,2026-07-04,2026-07-04,931.0
20260704,000000,71W,47,2026,7,4,0,14.5,146.8,92600.0,2026-07-04,2026-07-04,926.0
20260704,000000,71W,47,2026,7,4,0,14.8,145.8,92400.0,2026-07-04,2026-07-04,924.0
20260704,000000,71W,47,2026,7,4,0,15.3,144.6,92100.0,2026-07-04,2026-07-04,921.0
20260704,000000,71W,47,2026,7,4,0,15.700000000000001,143.3,93000.0,2026-07-04,2026-07-04,930.0
20260704,000000,71W,47,2026,7,4,0,16.1,141.8,93200.0,2026-07-04,2026-07-04,932.0
20260704,000000,71W,47,2026,7,4,0,16.4,140.4,93500.0,2026-07-04,2026-07-04,935.0
20260704,000000,71W,47,2026,7,4,0,16.9,138.9,93400.0,2026-07-04,2026-07-04,934.0
20260704,000000,71W,47,2026,7,4,0,17.3,137.4,93700.0,2026-07-04,2026-07-04,937.0
20260704,000000,71W,47,2026,7,4,0,17.5,135.8,93600.0,2026-07-04,2026-07-04,936.0
20260704,000000,71W,47,2026,7,4,0,17.900000000000002,134.5,94000.0,2026-07-04,2026-07-04,940.0
20260704,000000,71W,47,2026,7,4,0,18.400000000000002,133.2,93900.0,2026-07-04,2026-07-04,939.0
20260704,000000,71W,47,2026,7,4,0,18.900000000000002,132.1,94100.0,2026-07-04,2026-07-04,941.0
20260704,000000,71W,47,2026,7,4,0,19.400000000000002,130.8,94100.0,2026-07-04,2026-07-04,941.0
20260704,000000,71W,47,2026,7,4,0,20.0,129.7,94300.0,2026-07-04,2026-07-04,943.0
20260704,000000,71W,47,2026,7,4,0,20.7,128.8,94100.0,2026-07-04,2026-07-04,941.0
20260704,000000,71W,47,2026,7,4,0,21.400000000000002,127.9,93900.0,2026-07-04,2026-07-04,939.0
20260704,000000,71W,47,2026,7,4,0,22.1,127.0,94100.0,2026-07-04,2026-07-04,941.0
20260704,000000,71W,47,2026,7,4,0,23.3,126.4,94300.0,2026-07-04,2026-07-04,943.0
20260704,000000,71W,47,2026,7,4,0,24.400000000000002,125.8,94200.0,2026-07-04,2026-07-04,942.0
20260704,000000,71W,47,2026,7,4,0,25.6,124.9,94400.0,2026-07-04,2026-07-04,944.0
20260704,000000,71W,47,2026,7,4,0,27.1,124.4,94400.0,2026-07-04,2026-07-04,944.0
20260704,000000,71W,47,2026,7,4,0,28.400000000000002,123.5,94600.0,2026-07-04,2026-07-04,946.0
20260704,000000,71W,47,2026,7,4,0,30.0,123.0,94700.0,2026-07-04,2026-07-04,947.0
20260704,000000,71W,47,2026,7,4,0,31.1,122.4,95300.0,2026-07-04,2026-07-04,953.0
20260704,000000,71W,47,2026,7,4,0,32.5,121.8,95800.0,2026-07-04,2026-07-04,958.0
20260704,000000,71W,47,2026,7,4,0,33.4,121.60000000000001,96100.0,2026-07-04,2026-07-04,961.0
20260704,000000,71W,47,2026,7,4,0,34.300000000000004,121.3,96200.0,2026-07-04,2026-07-04,962.0
20260704,000000,71W,47,2026,7,4,0,34.800000000000004,121.3,96800.0,2026-07-04,2026-07-04,968.0
20260704,000000,71W,47,2026,7,4,0,35.6,121.5,97200.0,2026-07-04,2026-07-04,972.0
20260704,000000,71W,47,2026,7,4,0,36.5,121.7,97600.0,2026-07-04,2026-07-04,976.0
20260704,000000,71W,47,2026,7,4,0,37.0,121.4,98000.0,2026-07-04,2026-07-04,980.0
20260704,000000,71W,47,2026,7,4,0,37.0,121.8,98400.0,2026-07-04,2026-07-04,984.0
20260704,000000,71W,47,2026,7,4,0,37.6,122.10000000000001,98600.0,2026-07-04,2026-07-04,986.0
20260704,000000,71W,47,2026,7,4,0,37.7,122.60000000000001,98800.0,2026-07-04,2026-07-04,988.0
20260704,000000,71W,47,2026,7,4,0,37.6,123.3,99000.0,2026-07-04,2026-07-04,990.0
20260704,000000,71W,47,2026,7,4,0,37.800000000000004,124.10000000000001,99200.0,2026-07-04,2026-07-04,992.0
20260704,000000,71W,47,2026,7,4,0,37.800000000000004,124.7,99200.0,2026-07-04,2026-07-04,992.0
20260704,000000,71W,47,2026,7,4,0,37.5,125.7,99400.0,2026-07-04,2026-07-04,994.0
20260704,000000,71W,47,2026,7,4,0,37.7,126.2,99400.0,2026-07-04,2026-07-04,994.0
20260704,000000,71W,47,2026,7,4,0,38.9,125.7,99400.0,2026-07-04,2026-07-04,994.0
20260704,000000,71W,48,2026,7,4,0,12.9,150.4,95800.0,2026-07-04,2026-07-04,958.0
20260704,000000,71W,48,2026,7,4,0,12.6,150.1,95400.0,2026-07-04,2026-07-04,954.0
20260704,000000,71W,48,2026,7,4,0,13.1,149.6,94000.0,2026-07-04,2026-07-04,940.0
20260704,000000,71W,48,2026,7,4,0,13.6,148.70000000000002,92400.0,2026-07-04,2026-07-04,924.0
20260704,000000,71W,48,2026,7,4,0,13.8,147.70000000000002,91700.0,2026-07-04,2026-07-04,917.0
20260704,000000,71W,48,2026,7,4,0,14.3,147.0,92500.0,2026-07-04,2026-07-04,925.0
20260704,000000,71W,48,2026,7,4,0,15.0,145.9,92300.0,2026-07-04,2026-07-04,923.0
20260704,000000,71W,48,2026,7,4,0,15.700000000000001,144.4,93000.0,2026-07-04,2026-07-04,930.0
20260704,000000,71W,48,2026,7,4,0,16.1,142.9,92600.0,2026-07-04,2026-07-04,926.0
20260704,000000,71W,48,2026,7,4,0,16.3,141.20000000000002,92200.0,2026-07-04,2026-07-04,922.0
20260704,000000,71W,48,2026,7,4,0,16.6,139.6,90800.0,2026-07-04,2026-07-04,908.0
20260704,000000,71W,48,2026,7,4,0,16.7,138.20000000000002,90100.0,2026-07-04,2026-07-04,901.0
20260704,000000,71W,48,2026,7,4,0,17.0,136.6,89700.0,2026-07-04,2026-07-04,897.0
20260704,000000,71W,48,2026,7,4,0,17.3,135.2,90700.0,2026-07-04,2026-07-04,907.0
20260704,000000,71W,48,2026,7,4,0,17.5,133.8,91300.0,2026-07-04,2026-07-04,913.0
20260704,000000,71W,48,2026,7,4,0,17.8,132.3,91900.0,2026-07-04,2026-07-04,919.0
20260704,000000,71W,48,2026,7,4,0,18.2,131.2,91700.0,2026-07-04,2026-07-04,917.0
20260704,000000,71W,48,2026,7,4,0,18.400000000000002,129.7,91800.0,2026-07-04,2026-07-04,918.0
20260704,000000,71W,48,2026,7,4,0,18.7,128.6,91800.0,2026-07-04,2026-07-04,918.0
20260704,000000,71W,48,2026,7,4,0,19.2,127.60000000000001,92300.0,2026-07-04,2026-07-04,923.0
20260704,000000,71W,48,2026,7,4,0,19.900000000000002,126.7,92500.0,2026-07-04,2026-07-04,925.0
20260704,000000,71W,48,2026,7,4,0,20.400000000000002,125.8,93000.0,2026-07-04,2026-07-04,930.0
20260704,000000,71W,48,2026,7,4,0,21.2,125.0,93300.0,2026-07-04,2026-07-04,933.0
20260704,000000,71W,48,2026,7,4,0,22.3,124.3,93400.0,2026-07-04,2026-07-04,934.0
20260704,000000,71W,48,2026,7,4,0,23.3,123.3,93400.0,2026-07-04,2026-07-04,934.0
20260704,000000,71W,48,2026,7,4,0,24.1,121.9,94300.0,2026-07-04,2026-07-04,943.0
20260704,000000,71W,48,2026,7,4,0,24.7,120.8,95500.0,2026-07-04,2026-07-04,955.0
20260704,000000,71W,48,2026,7,4,0,25.900000000000002,120.0,96100.0,2026-07-04,2026-07-04,961.0
20260704,000000,71W,48,2026,7,4,0,26.7,118.8,97300.0,2026-07-04,2026-07-04,973.0
20260704,000000,71W,48,2026,7,4,0,28.3,117.5,98100.0,2026-07-04,2026-07-04,981.0
20260704,000000,71W,48,2026,7,4,0,28.7,116.3,98500.0,2026-07-04,2026-07-04,985.0
20260704,000000,71W,48,2026,7,4,0,29.900000000000002,115.60000000000001,98900.0,2026-07-04,2026-07-04,989.0
20260704,000000,71W,48,2026,7,4,0,30.7,114.4,99100.0,2026-07-04,2026-07-04,991.0
20260704,000000,71W,48,2026,7,4,0,31.0,112.60000000000001,99300.0,2026-07-04,2026-07-04,993.0
20260704,000000,71W,48,2026,7,4,0,30.900000000000002,111.8,99500.0,2026-07-04,2026-07-04,995.0
20260704,000000,71W,48,2026,7,4,0,31.6,112.0,99700.0,2026-07-04,2026-07-04,997.0
20260704,000000,71W,49,2026,7,4,0,12.700000000000001,150.70000000000002,94800.0,2026-07-04,2026-07-04,948.0
20260704,000000,71W,49,2026,7,4,0,12.5,150.0,94100.0,2026-07-04,2026-07-04,941.0
20260704,000000,71W,49,2026,7,4,0,12.8,149.4,92700.0,2026-07-04,2026-07-04,927.0
20260704,000000,71W,49,2026,7,4,0,13.0,149.1,91900.0,2026-07-04,2026-07-04,919.0
20260704,000000,71W,49,2026,7,4,0,13.700000000000001,148.4,91400.0,2026-07-04,2026-07-04,914.0
20260704,000000,71W,49,2026,7,4,0,14.1,147.6,92000.0,2026-07-04,2026-07-04,920.0
20260704,000000,71W,49,2026,7,4,0,14.5,146.5,92200.0,2026-07-04,2026-07-04,922.0
20260704,000000,71W,49,2026,7,4,0,15.0,145.4,92500.0,2026-07-04,2026-07-04,925.0
20260704,000000,71W,49,2026,7,4,0,15.5,144.20000000000002,92000.0,2026-07-04,2026-07-04,920.0
20260704,000000,71W,49,2026,7,4,0,15.9,142.8,91700.0,2026-07-04,2026-07-04,917.0
20260704,000000,71W,49,2026,7,4,0,16.5,141.4,91200.0,2026-07-04,2026-07-04,912.0
20260704,000000,71W,49,2026,7,4,0,16.9,140.0,91100.0,2026-07-04,2026-07-04,911.0
20260704,000000,71W,49,2026,7,4,0,17.400000000000002,138.5,90600.0,2026-07-04,2026-07-04,906.0
20260704,000000,71W,49,2026,7,4,0,17.7,137.0,90900.0,2026-07-04,2026-07-04,909.0
20260704,000000,71W,49,2026,7,4,0,18.1,135.4,90900.0,2026-07-04,2026-07-04,909.0
20260704,000000,71W,49,2026,7,4,0,18.5,133.9,91500.0,2026-07-04,2026-07-04,915.0
20260704,000000,71W,49,2026,7,4,0,18.8,132.3,91300.0,2026-07-04,2026-07-04,913.0
20260704,000000,71W,49,2026,7,4,0,19.2,131.0,91900.0,2026-07-04,2026-07-04,919.0
20260704,000000,71W,49,2026,7,4,0,19.7,129.7,92300.0,2026-07-04,2026-07-04,923.0
20260704,000000,71W,49,2026,7,4,0,20.400000000000002,128.6,92700.0,2026-07-04,2026-07-04,927.0
20260704,000000,71W,49,2026,7,4,0,21.0,127.4,92500.0,2026-07-04,2026-07-04,925.0
20260704,000000,71W,49,2026,7,4,0,21.6,126.5,92800.0,2026-07-04,2026-07-04,928.0
20260704,000000,71W,49,2026,7,4,0,22.400000000000002,125.5,93300.0,2026-07-04,2026-07-04,933.0
20260704,000000,71W,49,2026,7,4,0,23.6,124.60000000000001,93800.0,2026-07-04,2026-07-04,938.0
20260704,000000,71W,49,2026,7,4,0,24.5,123.8,94200.0,2026-07-04,2026-07-04,942.0
20260704,000000,71W,49,2026,7,4,0,25.6,122.60000000000001,94800.0,2026-07-04,2026-07-04,948.0
20260704,000000,71W,49,2026,7,4,0,26.8,121.7,95000.0,2026-07-04,2026-07-04,950.0
20260704,000000,71W,49,2026,7,4,0,27.8,120.5,95600.0,2026-07-04,2026-07-04,956.0
20260704,000000,71W,49,2026,7,4,0,28.8,119.60000000000001,96800.0,2026-07-04,2026-07-04,968.0
20260704,000000,71W,49,2026,7,4,0,30.400000000000002,118.8,97800.0,2026-07-04,2026-07-04,978.0
20260704,000000,71W,49,2026,7,4,0,31.400000000000002,117.4,98100.0,2026-07-04,2026-07-04,981.0
20260704,000000,71W,49,2026,7,4,0,32.4,116.7,98600.0,2026-07-04,2026-07-04,986.0
20260704,000000,71W,49,2026,7,4,0,33.1,116.0,98800.0,2026-07-04,2026-07-04,988.0
20260704,000000,71W,49,2026,7,4,0,33.7,115.60000000000001,99100.0,2026-07-04,2026-07-04,991.0
20260704,000000,71W,49,2026,7,4,0,34.6,116.0,99200.0,2026-07-04,2026-07-04,992.0
20260704,000000,71W,49,2026,7,4,0,35.800000000000004,116.2,99400.0,2026-07-04,2026-07-04,994.0
20260704,000000,71W,49,2026,7,4,0,37.0,116.5,99300.0,2026-07-04,2026-07-04,993.0
20260704,000000,71W,49,2026,7,4,0,37.5,116.7,99300.0,2026-07-04,2026-07-04,993.0
20260704,000000,71W,49,2026,7,4,0,38.0,117.5,99200.0,2026-07-04,2026-07-04,992.0
20260704,000000,71W,49,2026,7,4,0,39.1,117.9,99000.0,2026-07-04,2026-07-04,990.0
20260704,000000,71W,49,2026,7,4,0,38.2,119.10000000000001,99000.0,2026-07-04,2026-07-04,990.0
20260704,000000,71W,49,2026,7,4,0,39.6,120.7,99200.0,2026-07-04,2026-07-04,992.0
20260704,000000,71W,49,2026,7,4,0,39.4,121.4,99200.0,2026-07-04,2026-07-04,992.0
20260704,000000,71W,49,2026,7,4,0,40.4,122.4,99400.0,2026-07-04,2026-07-04,994.0
20260704,000000,71W,49,2026,7,4,0,39.1,123.60000000000001,99800.0,2026-07-04,2026-07-04,998.0
20260704,000000,71W,49,2026,7,4,0,39.300000000000004,123.7,99800.0,2026-07-04,2026-07-04,998.0
20260704,000000,71W,49,2026,7,4,0,38.800000000000004,124.3,99900.0,2026-07-04,2026-07-04,999.0
20260704,000000,71W,49,2026,7,4,0,39.9,124.3,100100.0,2026-07-04,2026-07-04,1001.0
20260704,000000,71W,50,2026,7,4,0,12.3,151.3,98000.0,2026-07-04,2026-07-04,980.0
20260704,000000,71W,50,2026,7,4,0,12.5,150.6,97900.0,2026-07-04,2026-07-04,979.0
20260704,000000,71W,50,2026,7,4,0,12.5,150.20000000000002,97100.0,2026-07-04,2026-07-04,971.0
20260704,000000,71W,50,2026,7,4,0,12.8,149.4,96700.0,2026-07-04,2026-07-04,967.0
20260704,000000,71W,50,2026,7,4,0,13.3,148.70000000000002,96200.0,2026-07-04,2026-07-04,962.0
20260704,000000,71W,50,2026,7,4,0,13.700000000000001,147.70000000000002,96100.0,2026-07-04,2026-07-04,961.0
20260704,000000,71W,50,2026,7,4,0,14.3,146.8,95700.0,2026-07-04,2026-07-04,957.0
20260704,000000,71W,50,2026,7,4,0,14.8,145.8,95700.0,2026-07-04,2026-07-04,957.0
20260704,000000,71W,50,2026,7,4,0,15.200000000000001,144.4,95400.0,2026-07-04,2026-07-04,954.0
20260704,000000,71W,50,2026,7,4,0,15.8,143.0,95200.0,2026-07-04,2026-07-04,952.0
20260704,000000,71W,50,2026,7,4,0,16.2,141.9,94500.0,2026-07-04,2026-07-04,945.0
20260704,000000,71W,50,2026,7,4,0,16.5,140.4,94400.0,2026-07-04,2026-07-04,944.0
20260704,000000,71W,50,2026,7,4,0,16.5,139.1,93800.0,2026-07-04,2026-07-04,938.0
20260704,000000,71W,50,2026,7,4,0,17.0,137.6,93700.0,2026-07-04,2026-07-04,937.0
20260704,000000,71W,50,2026,7,4,0,17.1,136.2,93600.0,2026-07-04,2026-07-04,936.0
20260704,000000,71W,50,2026,7,4,0,17.400000000000002,135.0,93900.0,2026-07-04,2026-07-04,939.0
20260704,000000,71W,50,2026,7,4,0,17.5,133.9,93500.0,2026-07-04,2026-07-04,935.0
20260704,000000,71W,50,2026,7,4,0,17.8,132.8,93400.0,2026-07-04,2026-07-04,934.0
20260704,000000,71W,50,2026,7,4,0,18.5,131.6,93100.0,2026-07-04,2026-07-04,931.0
20260704,000000,71W,50,2026,7,4,0,19.0,130.7,93200.0,2026-07-04,2026-07-04,932.0
20260704,000000,71W,50,2026,7,4,0,19.400000000000002,129.7,92700.0,2026-07-04,2026-07-04,927.0
20260704,000000,71W,50,2026,7,4,0,20.1,128.6,93000.0,2026-07-04,2026-07-04,930.0
20260704,000000,71W,50,2026,7,4,0,20.8,127.5,93300.0,2026-07-04,2026-07-04,933.0
20260704,000000,71W,50,2026,7,4,0,21.8,126.60000000000001,93700.0,2026-07-04,2026-07-04,937.0
20260704,000000,71W,50,2026,7,4,0,23.0,125.8,93800.0,2026-07-04,2026-07-04,938.0
20260704,000000,71W,50,2026,7,4,0,24.3,124.7,94300.0,2026-07-04,2026-07-04,943.0
20260704,000000,71W,50,2026,7,4,0,25.900000000000002,123.5,94700.0,2026-07-04,2026-07-04,947.0
20260704,000000,71W,50,2026,7,4,0,27.400000000000002,122.7,94600.0,2026-07-04,2026-07-04,946.0
20260704,000000,71W,50,2026,7,4,0,28.7,122.2,94700.0,2026-07-04,2026-07-04,947.0
20260704,000000,71W,50,2026,7,4,0,30.3,121.5,95100.0,2026-07-04,2026-07-04,951.0
20260704,000000,71W,50,2026,7,4,0,31.8,121.0,95700.0,2026-07-04,2026-07-04,957.0
20260704,000000,71W,50,2026,7,4,0,33.0,120.7,96300.0,2026-07-04,2026-07-04,963.0
20260704,000000,71W,50,2026,7,4,0,33.7,120.9,96500.0,2026-07-04,2026-07-04,965.0
20260704,000000,71W,50,2026,7,4,0,34.6,120.9,96700.0,2026-07-04,2026-07-04,967.0
20260704,000000,71W,50,2026,7,4,0,35.1,120.8,96900.0,2026-07-04,2026-07-04,969.0
20260704,000000,71W,50,2026,7,4,0,35.7,121.0,97200.0,2026-07-04,2026-07-04,972.0
20260704,000000,71W,50,2026,7,4,0,36.0,121.5,97400.0,2026-07-04,2026-07-04,974.0
20260704,000000,71W,50,2026,7,4,0,36.5,122.0,97800.0,2026-07-04,2026-07-04,978.0
20260704,000000,71W,50,2026,7,4,0,37.1,122.3,98100.0,2026-07-04,2026-07-04,981.0
20260704,000000,71W,50,2026,7,4,0,37.9,123.10000000000001,98300.0,2026-07-04,2026-07-04,983.0
20260704,000000,71W,50,2026,7,4,0,38.4,123.60000000000001,98500.0,2026-07-04,2026-07-04,985.0
20260704,000000,71W,50,2026,7,4,0,39.0,124.60000000000001,98800.0,2026-07-04,2026-07-04,988.0
20260704,000000,71W,50,2026,7,4,0,39.300000000000004,127.4,99200.0,2026-07-04,2026-07-04,992.0
20260704,000000,71W,50,2026,7,4,0,39.7,127.5,99100.0,2026-07-04,2026-07-04,991.0
20260704,000000,71W,50,2026,7,4,0,40.300000000000004,129.1,99000.0,2026-07-04,2026-07-04,990.0
20260704,000000,71W,50,2026,7,4,0,41.5,130.8,99100.0,2026-07-04,2026-07-04,991.0
20260704,000000,71W,50,2026,7,4,0,41.300000000000004,134.6,98800.0,2026-07-04,2026-07-04,988.0
20260704,000000,71W,50,2026,7,4,0,41.1,136.2,99000.0,2026-07-04,2026-07-04,990.0
20260704,000000,71W,51,2026,7,4,0,12.6,151.1,96900.0,2026-07-04,2026-07-04,969.0
20260704,000000,71W,51,2026,7,4,0,12.6,150.5,96600.0,2026-07-04,2026-07-04,966.0
20260704,000000,71W,51,2026,7,4,0,12.9,149.70000000000002,95700.0,2026-07-04,2026-07-04,957.0
20260704,000000,71W,51,2026,7,4,0,13.1,149.0,95000.0,2026-07-04,2026-07-04,950.0
20260704,000000,71W,51,2026,7,4,0,13.6,148.1,94500.0,2026-07-04,2026-07-04,945.0
20260704,000000,71W,51,2026,7,4,0,13.9,147.1,94300.0,2026-07-04,2026-07-04,943.0
20260704,000000,71W,51,2026,7,4,0,14.1,146.0,93500.0,2026-07-04,2026-07-04,935.0
20260704,000000,71W,51,2026,7,4,0,14.6,144.9,93400.0,2026-07-04,2026-07-04,934.0
20260704,000000,71W,51,2026,7,4,0,14.8,143.5,92800.0,2026-07-04,2026-07-04,928.0
20260704,000000,71W,51,2026,7,4,0,15.200000000000001,142.3,92600.0,2026-07-04,2026-07-04,926.0
20260704,000000,71W,51,2026,7,4,0,15.5,140.8,92100.0,2026-07-04,2026-07-04,921.0
20260704,000000,71W,51,2026,7,4,0,15.700000000000001,139.3,92200.0,2026-07-04,2026-07-04,922.0
20260704,000000,71W,51,2026,7,4,0,16.0,137.9,91800.0,2026-07-04,2026-07-04,918.0
20260704,000000,71W,51,2026,7,4,0,16.2,136.5,91900.0,2026-07-04,2026-07-04,919.0
20260704,000000,71W,51,2026,7,4,0,16.6,135.0,91700.0,2026-07-04,2026-07-04,917.0
20260704,000000,71W,51,2026,7,4,0,16.9,133.8,91800.0,2026-07-04,2026-07-04,918.0
20260704,000000,71W,51,2026,7,4,0,17.400000000000002,132.3,91400.0,2026-07-04,2026-07-04,914.0
20260704,000000,71W,51,2026,7,4,0,17.7,131.1,91300.0,2026-07-04,2026-07-04,913.0
20260704,000000,71W,51,2026,7,4,0,18.3,130.0,91500.0,2026-07-04,2026-07-04,915.0
20260704,000000,71W,51,2026,7,4,0,18.6,129.0,92000.0,2026-07-04,2026-07-04,920.0
20260704,000000,71W,51,2026,7,4,0,19.5,128.1,91800.0,2026-07-04,2026-07-04,918.0
20260704,000000,71W,51,2026,7,4,0,20.2,126.9,92000.0,2026-07-04,2026-07-04,920.0
20260704,000000,71W,51,2026,7,4,0,21.0,125.9,92500.0,2026-07-04,2026-07-04,925.0
20260704,000000,71W,51,2026,7,4,0,22.1,125.10000000000001,92900.0,2026-07-04,2026-07-04,929.0
20260704,000000,71W,51,2026,7,4,0,23.3,124.0,92800.0,2026-07-04,2026-07-04,928.0
20260704,000000,71W,51,2026,7,4,0,24.5,122.7,93500.0,2026-07-04,2026-07-04,935.0
20260704,000000,71W,51,2026,7,4,0,25.2,121.2,94300.0,2026-07-04,2026-07-04,943.0
20260704,000000,71W,51,2026,7,4,0,26.5,120.3,94800.0,2026-07-04,2026-07-04,948.0
20260704,000000,71W,51,2026,7,4,0,27.900000000000002,118.60000000000001,96400.0,2026-07-04,2026-07-04,964.0
20260704,000000,71W,51,2026,7,4,0,29.0,117.7,97400.0,2026-07-04,2026-07-04,974.0
20260704,000000,71W,51,2026,7,4,0,30.1,116.4,98000.0,2026-07-04,2026-07-04,980.0
20260704,000000,71W,51,2026,7,4,0,31.1,115.0,98500.0,2026-07-04,2026-07-04,985.0
20260704,000000,71W,51,2026,7,4,0,31.1,114.60000000000001,98700.0,2026-07-04,2026-07-04,987.0
20260704,000000,71W,51,2026,7,4,0,31.8,114.60000000000001,99000.0,2026-07-04,2026-07-04,990.0
20260704,000000,71W,51,2026,7,4,0,32.6,114.4,99100.0,2026-07-04,2026-07-04,991.0
20260704,000000,71W,51,2026,7,4,0,33.2,114.60000000000001,99200.0,2026-07-04,2026-07-04,992.0
20260704,000000,71W,51,2026,7,4,0,34.1,114.60000000000001,99200.0,2026-07-04,2026-07-04,992.0
20260704,000000,71W,51,2026,7,4,0,35.4,115.10000000000001,99400.0,2026-07-04,2026-07-04,994.0
20260704,000000,71W,51,2026,7,4,0,36.800000000000004,115.4,99300.0,2026-07-04,2026-07-04,993.0
20260704,000000,71W,51,2026,7,4,0,38.1,116.5,99100.0,2026-07-04,2026-07-04,991.0
20260704,000000,71W,51,2026,7,4,0,38.5,117.9,98900.0,2026-07-04,2026-07-04,989.0
20260704,000000,71W,51,2026,7,4,0,38.9,119.0,98800.0,2026-07-04,2026-07-04,988.0
20260704,000000,71W,51,2026,7,4,0,40.5,121.9,99400.0,2026-07-04,2026-07-04,994.0
20260704,000000,71W,51,2026,7,4,0,45.5,127.9,100000.0,2026-07-04,2026-07-04,1000.0
20260704,000000,72W,1,2026,7,4,0,6.8,176.6,101000.0,2026-07-04,2026-07-04,1010.0
20260704,000000,72W,1,2026,7,4,0,8.1,172.3,100800.0,2026-07-04,2026-07-04,1008.0
20260704,000000,72W,1,2026,7,4,0,8.9,169.1,101000.0,2026-07-04,2026-07-04,1010.0
20260704,000000,72W,1,2026,7,4,0,8.6,168.1,100800.0,2026-07-04,2026-07-04,1008.0
20260704,000000,72W,1,2026,7,4,0,8.4,166.20000000000002,100700.0,2026-07-04,2026-07-04,1007.0
20260704,000000,72W,1,2026,7,4,0,8.9,165.3,100900.0,2026-07-04,2026-07-04,1009.0
20260704,000000,72W,1,2026,7,4,0,9.6,164.3,100700.0,2026-07-04,2026-07-04,1007.0
20260704,000000,72W,1,2026,7,4,0,10.200000000000001,163.1,100500.0,2026-07-04,2026-07-04,1005.0
20260704,000000,72W,1,2026,7,4,0,10.5,162.20000000000002,100400.0,2026-07-04,2026-07-04,1004.0
20260704,000000,72W,1,2026,7,4,0,10.9,161.1,100700.0,2026-07-04,2026-07-04,1007.0
20260704,000000,72W,1,2026,7,4,0,11.200000000000001,160.0,100600.0,2026-07-04,2026-07-04,1006.0
20260704,000000,72W,1,2026,7,4,0,11.6,158.70000000000002,100900.0,2026-07-04,2026-07-04,1009.0
20260704,000000,72W,1,2026,7,4,0,12.200000000000001,157.5,100800.0,2026-07-04,2026-07-04,1008.0
20260704,000000,72W,1,2026,7,4,0,12.700000000000001,156.5,101100.0,2026-07-04,2026-07-04,1011.0
20260704,000000,72W,1,2026,7,4,0,13.700000000000001,155.70000000000002,101000.0,2026-07-04,2026-07-04,1010.0
20260704,000000,72W,1,2026,7,4,0,13.1,153.0,101000.0,2026-07-04,2026-07-04,1010.0
20260704,000000,72W,1,2026,7,4,0,14.700000000000001,152.20000000000002,101200.0,2026-07-04,2026-07-04,1012.0
20260704,000000,72W,1,2026,7,4,0,16.7,151.5,101000.0,2026-07-04,2026-07-04,1010.0
20260704,000000,72W,2,2026,7,4,0,33.6,136.8,100600.0,2026-07-04,2026-07-04,1006.0
20260704,000000,72W,2,2026,7,4,0,33.2,137.1,100700.0,2026-07-04,2026-07-04,1007.0
20260704,000000,72W,2,2026,7,4,0,32.7,138.0,100800.0,2026-07-04,2026-07-04,1008.0
20260704,000000,72W,2,2026,7,4,0,31.400000000000002,138.4,101000.0,2026-07-04,2026-07-04,1010.0
20260704,000000,72W,3,2026,7,4,0,7.2,172.70000000000002,100700.0,2026-07-04,2026-07-04,1007.0
20260704,000000,72W,4,2026,7,4,0,4.9,179.0,100800.0,2026-07-04,2026-07-04,1008.0
20260704,000000,72W,4,2026,7,4,0,7.1000000000000005,177.6,100800.0,2026-07-04,2026-07-04,1008.0
20260704,000000,72W,4,2026,7,4,0,7.2,177.3,100700.0,2026-07-04,2026-07-04,1007.0
20260704,000000,72W,4,2026,7,4,0,9.700000000000001,176.5,101000.0,2026-07-04,2026-07-04,1010.0
20260704,000000,72W,5,2026,7,4,0,21.5,105.10000000000001,99700.0,2026-07-04,2026-07-04,997.0
20260704,000000,72W,5,2026,7,4,0,21.5,105.10000000000001,99900.0,2026-07-04,2026-07-04,999.0
20260704,000000,72W,5,2026,7,4,0,20.900000000000002,105.60000000000001,99800.0,2026-07-04,2026-07-04,998.0
20260704,000000,72W,5,2026,7,4,0,20.7,107.60000000000001,100000.0,2026-07-04,2026-07-04,1000.0
20260704,000000,72W,5,2026,7,4,0,21.6,108.9,99900.0,2026-07-04,2026-07-04,999.0
20260704,000000,72W,5,2026,7,4,0,21.1,108.0,99900.0,2026-07-04,2026-07-04,999.0
20260704,000000,72W,6,2026,7,4,0,21.2,105.5,99800.0,2026-07-04,2026-07-04,998.0
20260704,000000,72W,6,2026,7,4,0,20.8,107.2,99800.0,2026-07-04,2026-07-04,998.0
20260704,000000,72W,6,2026,7,4,0,20.400000000000002,107.5,99700.0,2026-07-04,2026-07-04,997.0
20260704,000000,72W,6,2026,7,4,0,20.5,108.7,99600.0,2026-07-04,2026-07-04,996.0
20260704,000000,72W,6,2026,7,4,0,20.5,108.60000000000001,99700.0,2026-07-04,2026-07-04,997.0
20260704,000000,72W,6,2026,7,4,0,20.3,109.4,99700.0,2026-07-04,2026-07-04,997.0
20260704,000000,72W,6,2026,7,4,0,19.7,111.10000000000001,99700.0,2026-07-04,2026-07-04,997.0
20260704,000000,72W,6,2026,7,4,0,20.400000000000002,111.7,99700.0,2026-07-04,2026-07-04,997.0
20260704,000000,72W,6,2026,7,4,0,21.400000000000002,111.5,99800.0,2026-07-04,2026-07-04,998.0
20260704,000000,72W,6,2026,7,4,0,21.5,110.8,99900.0,2026-07-04,2026-07-04,999.0
20260704,000000,72W,6,2026,7,4,0,22.6,108.9,99800.0,2026-07-04,2026-07-04,998.0
20260704,000000,72W,6,2026,7,4,0,22.7,109.3,99800.0,2026-07-04,2026-07-04,998.0
20260704,000000,72W,6,2026,7,4,0,21.900000000000002,108.4,100000.0,2026-07-04,2026-07-04,1000.0
20260704,000000,72W,7,2026,7,4,0,33.9,138.70000000000002,100400.0,2026-07-04,2026-07-04,1004.0
20260704,000000,72W,7,2026,7,4,0,32.9,139.5,100400.0,2026-07-04,2026-07-04,1004.0
20260704,000000,72W,7,2026,7,4,0,32.2,140.70000000000002,100600.0,2026-07-04,2026-07-04,1006.0
20260704,000000,72W,7,2026,7,4,0,31.6,141.8,100600.0,2026-07-04,2026-07-04,1006.0
20260704,000000,72W,7,2026,7,4,0,31.3,142.5,100700.0,2026-07-04,2026-07-04,1007.0
20260704,000000,72W,7,2026,7,4,0,30.900000000000002,143.20000000000002,100600.0,2026-07-04,2026-07-04,1006.0
20260704,000000,72W,7,2026,7,4,0,31.0,143.8,100700.0,2026-07-04,2026-07-04,1007.0
20260704,000000,72W,7,2026,7,4,0,31.5,144.3,100700.0,2026-07-04,2026-07-04,1007.0
20260704,000000,72W,8,2026,7,4,0,6.2,177.3,100700.0,2026-07-04,2026-07-04,1007.0
20260704,000000,72W,8,2026,7,4,0,8.700000000000001,175.9,100700.0,2026-07-04,2026-07-04,1007.0
20260704,000000,72W,8,2026,7,4,0,10.4,171.9,100800.0,2026-07-04,2026-07-04,1008.0
20260704,000000,72W,8,2026,7,4,0,10.700000000000001,167.6,100600.0,2026-07-04,2026-07-04,1006.0
20260704,000000,72W,8,2026,7,4,0,10.5,164.3,100700.0,2026-07-04,2026-07-04,1007.0
20260704,000000,72W,8,2026,7,4,0,11.700000000000001,163.5,100700.0,2026-07-04,2026-07-04,1007.0
20260704,000000,72W,8,2026,7,4,0,11.700000000000001,161.9,100600.0,2026-07-04,2026-07-04,1006.0
20260704,000000,72W,8,2026,7,4,0,11.8,160.8,100900.0,2026-07-04,2026-07-04,1009.0
20260704,000000,72W,8,2026,7,4,0,11.9,158.70000000000002,100800.0,2026-07-04,2026-07-04,1008.0
20260704,000000,72W,8,2026,7,4,0,12.1,156.4,100900.0,2026-07-04,2026-07-04,1009.0
20260704,000000,72W,8,2026,7,4,0,12.1,155.6,100700.0,2026-07-04,2026-07-04,1007.0
20260704,000000,72W,8,2026,7,4,0,13.1,154.4,100900.0,2026-07-04,2026-07-04,1009.0
20260704,000000,72W,8,2026,7,4,0,13.5,153.6,100800.0,2026-07-04,2026-07-04,1008.0
20260704,000000,72W,8,2026,7,4,0,14.3,151.8,101100.0,2026-07-04,2026-07-04,1011.0
20260704,000000,72W,8,2026,7,4,0,15.9,150.8,100800.0,2026-07-04,2026-07-04,1008.0
20260704,000000,72W,8,2026,7,4,0,16.7,149.9,101100.0,2026-07-04,2026-07-04,1011.0
20260704,000000,72W,8,2026,7,4,0,17.1,148.9,100800.0,2026-07-04,2026-07-04,1008.0
20260704,000000,72W,8,2026,7,4,0,17.900000000000002,148.3,100900.0,2026-07-04,2026-07-04,1009.0
20260704,000000,72W,8,2026,7,4,0,18.8,147.6,100700.0,2026-07-04,2026-07-04,1007.0
20260704,000000,72W,8,2026,7,4,0,19.5,146.6,100900.0,2026-07-04,2026-07-04,1009.0
20260704,000000,72W,8,2026,7,4,0,19.5,146.1,100700.0,2026-07-04,2026-07-04,1007.0
20260704,000000,72W,8,2026,7,4,0,20.1,146.4,100800.0,2026-07-04,2026-07-04,1008.0
20260704,000000,72W,8,2026,7,4,0,20.900000000000002,145.8,100600.0,2026-07-04,2026-07-04,1006.0
20260704,000000,72W,8,2026,7,4,0,21.400000000000002,145.20000000000002,100900.0,2026-07-04,2026-07-04,1009.0
20260704,000000,72W,8,2026,7,4,0,21.8,144.9,100600.0,2026-07-04,2026-07-04,1006.0
20260704,000000,72W,8,2026,7,4,0,22.1,144.5,100600.0,2026-07-04,2026-07-04,1006.0
20260704,000000,72W,8,2026,7,4,0,22.3,144.4,100500.0,2026-07-04,2026-07-04,1005.0
20260704,000000,72W,8,2026,7,4,0,22.900000000000002,144.9,100600.0,2026-07-04,2026-07-04,1006.0
20260704,000000,72W,8,2026,7,4,0,24.0,145.3,100000.0,2026-07-04,2026-07-04,1000.0
20260704,000000,72W,8,2026,7,4,0,24.900000000000002,145.4,100100.0,2026-07-04,2026-07-04,1001.0
20260704,000000,72W,8,2026,7,4,0,25.900000000000002,145.70000000000002,99800.0,2026-07-04,2026-07-04,998.0
20260704,000000,72W,8,2026,7,4,0,27.400000000000002,146.6,99700.0,2026-07-04,2026-07-04,997.0
20260704,000000,72W,8,2026,7,4,0,28.7,147.5,99000.0,2026-07-04,2026-07-04,990.0
20260704,000000,72W,8,2026,7,4,0,30.2,148.70000000000002,99200.0,2026-07-04,2026-07-04,992.0
20260704,000000,72W,8,2026,7,4,0,32.7,149.6,98600.0,2026-07-04,2026-07-04,986.0
20260704,000000,72W,8,2026,7,4,0,35.0,149.9,99400.0,2026-07-04,2026-07-04,994.0
20260704,000000,72W,8,2026,7,4,0,37.300000000000004,149.20000000000002,99400.0,2026-07-04,2026-07-04,994.0
20260704,000000,72W,8,2026,7,4,0,39.0,148.5,99700.0,2026-07-04,2026-07-04,997.0
20260704,000000,72W,8,2026,7,4,0,39.9,147.3,99900.0,2026-07-04,2026-07-04,999.0
20260704,000000,72W,8,2026,7,4,0,40.1,146.8,100100.0,2026-07-04,2026-07-04,1001.0
20260704,000000,72W,8,2026,7,4,0,40.300000000000004,147.0,100200.0,2026-07-04,2026-07-04,1002.0
20260704,000000,72W,8,2026,7,4,0,40.6,147.70000000000002,100400.0,2026-07-04,2026-07-04,1004.0
20260704,000000,72W,8,2026,7,4,0,41.300000000000004,148.6,100400.0,2026-07-04,2026-07-04,1004.0
20260704,000000,72W,8,2026,7,4,0,42.0,149.70000000000002,100600.0,2026-07-04,2026-07-04,1006.0
20260704,000000,72W,9,2026,7,4,0,33.2,136.1,100700.0,2026-07-04,2026-07-04,1007.0
20260704,000000,72W,9,2026,7,4,0,33.1,140.9,100700.0,2026-07-04,2026-07-04,1007.0
20260704,000000,72W,9,2026,7,4,0,32.5,143.20000000000002,101100.0,2026-07-04,2026-07-04,1011.0
20260704,000000,72W,9,2026,7,4,0,31.2,147.5,101200.0,2026-07-04,2026-07-04,1012.0
20260704,000000,72W,10,2026,7,4,0,9.8,169.8,101000.0,2026-07-04,2026-07-04,1010.0
20260704,000000,72W,10,2026,7,4,0,10.200000000000001,168.6,100800.0,2026-07-04,2026-07-04,1008.0
20260704,000000,72W,10,2026,7,4,0,10.6,167.8,101000.0,2026-07-04,2026-07-04,1010.0
20260704,000000,72W,10,2026,7,4,0,11.200000000000001,167.20000000000002,100800.0,2026-07-04,2026-07-04,1008.0
20260704,000000,72W,10,2026,7,4,0,12.1,166.8,101000.0,2026-07-04,2026-07-04,1010.0
20260704,000000,72W,10,2026,7,4,0,13.1,166.5,100800.0,2026-07-04,2026-07-04,1008.0
20260704,000000,72W,10,2026,7,4,0,13.1,165.3,101000.0,2026-07-04,2026-07-04,1010.0
20260704,000000,72W,10,2026,7,4,0,13.6,164.3,100800.0,2026-07-04,2026-07-04,1008.0
20260704,000000,72W,10,2026,7,4,0,13.8,163.5,100800.0,2026-07-04,2026-07-04,1008.0
20260704,000000,72W,10,2026,7,4,0,12.4,161.70000000000002,100700.0,2026-07-04,2026-07-04,1007.0
20260704,000000,72W,10,2026,7,4,0,13.9,161.5,100800.0,2026-07-04,2026-07-04,1008.0
20260704,000000,72W,10,2026,7,4,0,14.1,159.4,100700.0,2026-07-04,2026-07-04,1007.0
20260704,000000,72W,10,2026,7,4,0,15.200000000000001,159.1,100800.0,2026-07-04,2026-07-04,1008.0
20260704,000000,72W,10,2026,7,4,0,16.1,157.8,100600.0,2026-07-04,2026-07-04,1006.0
20260704,000000,72W,10,2026,7,4,0,14.5,157.9,100800.0,2026-07-04,2026-07-04,1008.0
20260704,000000,72W,10,2026,7,4,0,15.5,158.20000000000002,100600.0,2026-07-04,2026-07-04,1006.0
20260704,000000,72W,10,2026,7,4,0,16.2,158.3,100800.0,2026-07-04,2026-07-04,1008.0
20260704,000000,72W,10,2026,7,4,0,15.700000000000001,158.4,100700.0,2026-07-04,2026-07-04,1007.0
20260704,000000,72W,10,2026,7,4,0,15.4,158.4,100900.0,2026-07-04,2026-07-04,1009.0
20260704,000000,72W,10,2026,7,4,0,15.6,157.5,100600.0,2026-07-04,2026-07-04,1006.0
20260704,000000,72W,10,2026,7,4,0,15.700000000000001,157.20000000000002,100700.0,2026-07-04,2026-07-04,1007.0
20260704,000000,72W,10,2026,7,4,0,15.6,156.5,100500.0,2026-07-04,2026-07-04,1005.0
20260704,000000,72W,10,2026,7,4,0,15.8,156.3,100700.0,2026-07-04,2026-07-04,1007.0
20260704,000000,72W,10,2026,7,4,0,16.1,155.20000000000002,100500.0,2026-07-04,2026-07-04,1005.0
20260704,000000,72W,10,2026,7,4,0,16.9,154.4,100600.0,2026-07-04,2026-07-04,1006.0
20260704,000000,72W,10,2026,7,4,0,16.8,153.9,100400.0,2026-07-04,2026-07-04,1004.0
20260704,000000,72W,10,2026,7,4,0,16.8,153.70000000000002,100600.0,2026-07-04,2026-07-04,1006.0
20260704,000000,72W,10,2026,7,4,0,17.1,153.5,100400.0,2026-07-04,2026-07-04,1004.0
20260704,000000,72W,10,2026,7,4,0,17.3,153.6,100500.0,2026-07-04,2026-07-04,1005.0
20260704,000000,72W,10,2026,7,4,0,17.8,153.5,100200.0,2026-07-04,2026-07-04,1002.0
20260704,000000,72W,10,2026,7,4,0,18.400000000000002,153.8,100300.0,2026-07-04,2026-07-04,1003.0
20260704,000000,72W,10,2026,7,4,0,18.8,153.6,99900.0,2026-07-04,2026-07-04,999.0
20260704,000000,72W,10,2026,7,4,0,19.1,153.4,99900.0,2026-07-04,2026-07-04,999.0
20260704,000000,72W,10,2026,7,4,0,19.5,153.3,99600.0,2026-07-04,2026-07-04,996.0
20260704,000000,72W,10,2026,7,4,0,19.900000000000002,153.6,99700.0,2026-07-04,2026-07-04,997.0
20260704,000000,72W,10,2026,7,4,0,20.2,153.5,99400.0,2026-07-04,2026-07-04,994.0
20260704,000000,72W,10,2026,7,4,0,20.5,153.70000000000002,99300.0,2026-07-04,2026-07-04,993.0
20260704,000000,72W,11,2026,7,4,0,9.3,156.0,100800.0,2026-07-04,2026-07-04,1008.0
20260704,000000,72W,11,2026,7,4,0,9.5,151.8,100900.0,2026-07-04,2026-07-04,1009.0
20260704,000000,72W,11,2026,7,4,0,8.8,149.70000000000002,100800.0,2026-07-04,2026-07-04,1008.0
20260704,000000,72W,11,2026,7,4,0,10.6,148.70000000000002,101000.0,2026-07-04,2026-07-04,1010.0
20260704,000000,72W,12,2026,7,4,0,8.1,158.20000000000002,100900.0,2026-07-04,2026-07-04,1009.0
20260704,000000,72W,12,2026,7,4,0,8.6,153.5,100800.0,2026-07-04,2026-07-04,1008.0
20260704,000000,72W,12,2026,7,4,0,10.200000000000001,148.8,101000.0,2026-07-04,2026-07-04,1010.0
20260704,000000,72W,12,2026,7,4,0,12.4,147.1,100900.0,2026-07-04,2026-07-04,1009.0
20260704,000000,72W,12,2026,7,4,0,11.1,147.0,101100.0,2026-07-04,2026-07-04,1011.0
20260704,000000,72W,12,2026,7,4,0,13.4,143.1,101100.0,2026-07-04,2026-07-04,1011.0
20260704,000000,72W,13,2026,7,4,0,34.300000000000004,134.0,100500.0,2026-07-04,2026-07-04,1005.0
20260704,000000,72W,13,2026,7,4,0,33.0,133.6,100700.0,2026-07-04,2026-07-04,1007.0
20260704,000000,72W,13,2026,7,4,0,32.4,138.3,100800.0,2026-07-04,2026-07-04,1008.0
20260704,000000,72W,14,2026,7,4,0,9.1,149.3,100600.0,2026-07-04,2026-07-04,1006.0
20260704,000000,72W,14,2026,7,4,0,9.3,148.8,100800.0,2026-07-04,2026-07-04,1008.0
20260704,000000,72W,14,2026,7,4,0,10.700000000000001,145.5,100700.0,2026-07-04,2026-07-04,1007.0
20260704,000000,72W,14,2026,7,4,0,11.4,142.9,100800.0,2026-07-04,2026-07-04,1008.0
20260704,000000,72W,14,2026,7,4,0,13.1,140.9,100800.0,2026-07-04,2026-07-04,1008.0
20260704,000000,72W,14,2026,7,4,0,13.4,139.70000000000002,100600.0,2026-07-04,2026-07-04,1006.0
20260704,000000,72W,14,2026,7,4,0,13.1,138.6,100800.0,2026-07-04,2026-07-04,1008.0
20260704,000000,72W,14,2026,7,4,0,13.6,137.8,100500.0,2026-07-04,2026-07-04,1005.0
20260704,000000,72W,14,2026,7,4,0,13.4,136.8,100700.0,2026-07-04,2026-07-04,1007.0
20260704,000000,72W,14,2026,7,4,0,13.6,136.1,100600.0,2026-07-04,2026-07-04,1006.0
20260704,000000,72W,14,2026,7,4,0,13.8,135.5,100800.0,2026-07-04,2026-07-04,1008.0
20260704,000000,72W,14,2026,7,4,0,13.700000000000001,135.5,100600.0,2026-07-04,2026-07-04,1006.0
20260704,000000,72W,14,2026,7,4,0,14.200000000000001,135.0,100800.0,2026-07-04,2026-07-04,1008.0
20260704,000000,72W,14,2026,7,4,0,14.700000000000001,134.9,100600.0,2026-07-04,2026-07-04,1006.0
20260704,000000,72W,14,2026,7,4,0,15.200000000000001,134.7,100800.0,2026-07-04,2026-07-04,1008.0
20260704,000000,72W,14,2026,7,4,0,15.6,133.3,100600.0,2026-07-04,2026-07-04,1006.0
20260704,000000,72W,14,2026,7,4,0,15.9,133.6,100800.0,2026-07-04,2026-07-04,1008.0
20260704,000000,72W,14,2026,7,4,0,15.9,132.6,100600.0,2026-07-04,2026-07-04,1006.0
20260704,000000,72W,14,2026,7,4,0,14.700000000000001,132.1,100400.0,2026-07-04,2026-07-04,1004.0
20260704,000000,72W,14,2026,7,4,0,15.9,132.7,100500.0,2026-07-04,2026-07-04,1005.0
20260704,000000,72W,14,2026,7,4,0,15.1,132.0,100300.0,2026-07-04,2026-07-04,1003.0
20260704,000000,72W,14,2026,7,4,0,16.8,133.5,100200.0,2026-07-04,2026-07-04,1002.0
20260704,000000,72W,14,2026,7,4,0,17.6,133.1,100100.0,2026-07-04,2026-07-04,1001.0
20260704,000000,72W,14,2026,7,4,0,18.7,132.9,100200.0,2026-07-04,2026-07-04,1002.0
20260704,000000,72W,14,2026,7,4,0,19.0,132.9,100000.0,2026-07-04,2026-07-04,1000.0
20260704,000000,72W,15,2026,7,4,0,12.5,151.3,98000.0,2026-07-04,2026-07-04,980.0
20260704,000000,72W,15,2026,7,4,0,12.8,150.8,98000.0,2026-07-04,2026-07-04,980.0
20260704,000000,72W,15,2026,7,4,0,13.0,149.9,97500.0,2026-07-04,2026-07-04,975.0
20260704,000000,72W,15,2026,7,4,0,13.1,149.0,97500.0,2026-07-04,2026-07-04,975.0
20260704,000000,72W,15,2026,7,4,0,13.4,148.3,97100.0,2026-07-04,2026-07-04,971.0
20260704,000000,72W,15,2026,7,4,0,13.8,147.5,97000.0,2026-07-04,2026-07-04,970.0
20260704,000000,72W,15,2026,7,4,0,14.1,146.3,96700.0,2026-07-04,2026-07-04,967.0
20260704,000000,72W,15,2026,7,4,0,14.3,145.1,96900.0,2026-07-04,2026-07-04,969.0
20260704,000000,72W,15,2026,7,4,0,14.5,144.0,96600.0,2026-07-04,2026-07-04,966.0
20260704,000000,72W,15,2026,7,4,0,14.700000000000001,142.70000000000002,96500.0,2026-07-04,2026-07-04,965.0
20260704,000000,72W,15,2026,7,4,0,14.8,141.1,96400.0,2026-07-04,2026-07-04,964.0
20260704,000000,72W,15,2026,7,4,0,14.700000000000001,139.70000000000002,96400.0,2026-07-04,2026-07-04,964.0
20260704,000000,72W,15,2026,7,4,0,14.8,138.5,95900.0,2026-07-04,2026-07-04,959.0
20260704,000000,72W,15,2026,7,4,0,15.0,137.20000000000002,95700.0,2026-07-04,2026-07-04,957.0
20260704,000000,72W,15,2026,7,4,0,15.3,135.8,95100.0,2026-07-04,2026-07-04,951.0
20260704,000000,72W,15,2026,7,4,0,15.5,134.5,95000.0,2026-07-04,2026-07-04,950.0
20260704,000000,72W,15,2026,7,4,0,16.0,133.3,94500.0,2026-07-04,2026-07-04,945.0
20260704,000000,72W,15,2026,7,4,0,16.2,131.9,94200.0,2026-07-04,2026-07-04,942.0
20260704,000000,72W,15,2026,7,4,0,16.6,130.7,93900.0,2026-07-04,2026-07-04,939.0
20260704,000000,72W,15,2026,7,4,0,17.1,129.7,93700.0,2026-07-04,2026-07-04,937.0
20260704,000000,72W,15,2026,7,4,0,17.6,128.8,93600.0,2026-07-04,2026-07-04,936.0
20260704,000000,72W,15,2026,7,4,0,18.2,127.7,93200.0,2026-07-04,2026-07-04,932.0
20260704,000000,72W,15,2026,7,4,0,18.8,127.0,93100.0,2026-07-04,2026-07-04,931.0
20260704,000000,72W,15,2026,7,4,0,19.6,126.0,93600.0,2026-07-04,2026-07-04,936.0
20260704,000000,72W,15,2026,7,4,0,20.6,125.0,93300.0,2026-07-04,2026-07-04,933.0
20260704,000000,72W,15,2026,7,4,0,21.400000000000002,124.10000000000001,92900.0,2026-07-04,2026-07-04,929.0
20260704,000000,72W,15,2026,7,4,0,22.2,122.8,92800.0,2026-07-04,2026-07-04,928.0
20260704,000000,72W,15,2026,7,4,0,23.7,121.9,93400.0,2026-07-04,2026-07-04,934.0
20260704,000000,72W,15,2026,7,4,0,24.400000000000002,120.10000000000001,94300.0,2026-07-04,2026-07-04,943.0
20260704,000000,72W,15,2026,7,4,0,24.900000000000002,119.2,95000.0,2026-07-04,2026-07-04,950.0
20260704,000000,72W,15,2026,7,4,0,25.900000000000002,118.10000000000001,96500.0,2026-07-04,2026-07-04,965.0
20260704,000000,72W,15,2026,7,4,0,26.8,117.2,97400.0,2026-07-04,2026-07-04,974.0
20260704,000000,72W,15,2026,7,4,0,28.0,116.4,97700.0,2026-07-04,2026-07-04,977.0
20260704,000000,72W,15,2026,7,4,0,28.400000000000002,115.7,98000.0,2026-07-04,2026-07-04,980.0
20260704,000000,72W,15,2026,7,4,0,28.7,115.3,98300.0,2026-07-04,2026-07-04,983.0
20260704,000000,72W,15,2026,7,4,0,29.3,115.3,98400.0,2026-07-04,2026-07-04,984.0
20260704,000000,72W,15,2026,7,4,0,29.8,115.10000000000001,98500.0,2026-07-04,2026-07-04,985.0
20260704,000000,72W,15,2026,7,4,0,30.2,114.5,98600.0,2026-07-04,2026-07-04,986.0
20260704,000000,72W,15,2026,7,4,0,30.7,114.2,98700.0,2026-07-04,2026-07-04,987.0
20260704,000000,72W,15,2026,7,4,0,31.2,113.9,98900.0,2026-07-04,2026-07-04,989.0
20260704,000000,72W,15,2026,7,4,0,31.6,113.60000000000001,98900.0,2026-07-04,2026-07-04,989.0
20260704,000000,72W,15,2026,7,4,0,32.5,112.9,99100.0,2026-07-04,2026-07-04,991.0
20260704,000000,72W,15,2026,7,4,0,33.4,113.60000000000001,99200.0,2026-07-04,2026-07-04,992.0
20260704,000000,72W,15,2026,7,4,0,33.6,113.9,99300.0,2026-07-04,2026-07-04,993.0
20260704,000000,72W,15,2026,7,4,0,36.0,114.3,99200.0,2026-07-04,2026-07-04,992.0
20260704,000000,72W,16,2026,7,4,0,33.8,136.70000000000002,100800.0,2026-07-04,2026-07-04,1008.0
20260704,000000,72W,16,2026,7,4,0,33.0,138.5,100800.0,2026-07-04,2026-07-04,1008.0
20260704,000000,72W,16,2026,7,4,0,31.8,140.9,100900.0,2026-07-04,2026-07-04,1009.0
20260704,000000,72W,17,2026,7,4,0,30.3,146.0,100800.0,2026-07-04,2026-07-04,1008.0
20260704,000000,72W,17,2026,7,4,0,30.0,151.6,100900.0,2026-07-04,2026-07-04,1009.0
20260704,000000,72W,17,2026,7,4,0,28.7,153.70000000000002,101000.0,2026-07-04,2026-07-04,1010.0
20260704,000000,72W,17,2026,7,4,0,28.6,153.8,101200.0,2026-07-04,2026-07-04,1012.0
20260704,000000,72W,18,2026,7,4,0,9.1,176.4,100700.0,2026-07-04,2026-07-04,1007.0
20260704,000000,72W,18,2026,7,4,0,9.5,172.70000000000002,100900.0,2026-07-04,2026-07-04,1009.0
20260704,000000,72W,18,2026,7,4,0,9.3,171.20000000000002,100700.0,2026-07-04,2026-07-04,1007.0
20260704,000000,72W,18,2026,7,4,0,9.3,170.0,100700.0,2026-07-04,2026-07-04,1007.0
20260704,000000,72W,18,2026,7,4,0,9.6,168.9,100200.0,2026-07-04,2026-07-04,1002.0
20260704,000000,72W,18,2026,7,4,0,10.1,167.4,100200.0,2026-07-04,2026-07-04,1002.0
20260704,000000,72W,18,2026,7,4,0,10.6,166.0,99900.0,2026-07-04,2026-07-04,999.0
20260704,000000,72W,18,2026,7,4,0,11.200000000000001,164.5,99700.0,2026-07-04,2026-07-04,997.0
20260704,000000,72W,18,2026,7,4,0,11.8,162.6,99400.0,2026-07-04,2026-07-04,994.0
20260704,000000,72W,18,2026,7,4,0,12.1,160.4,99500.0,2026-07-04,2026-07-04,995.0
20260704,000000,72W,18,2026,7,4,0,12.3,158.5,99300.0,2026-07-04,2026-07-04,993.0
20260704,000000,72W,18,2026,7,4,0,12.4,156.70000000000002,99400.0,2026-07-04,2026-07-04,994.0
20260704,000000,72W,18,2026,7,4,0,12.6,154.8,99100.0,2026-07-04,2026-07-04,991.0
20260704,000000,72W,18,2026,7,4,0,12.6,153.0,99000.0,2026-07-04,2026-07-04,990.0
20260704,000000,72W,18,2026,7,4,0,12.8,151.0,98600.0,2026-07-04,2026-07-04,986.0
20260704,000000,72W,18,2026,7,4,0,12.8,149.20000000000002,98800.0,2026-07-04,2026-07-04,988.0
20260704,000000,72W,18,2026,7,4,0,13.1,147.70000000000002,98600.0,2026-07-04,2026-07-04,986.0
20260704,000000,72W,18,2026,7,4,0,13.1,146.5,98600.0,2026-07-04,2026-07-04,986.0
20260704,000000,72W,18,2026,7,4,0,13.6,145.70000000000002,98700.0,2026-07-04,2026-07-04,987.0
20260704,000000,72W,18,2026,7,4,0,14.0,144.8,99300.0,2026-07-04,2026-07-04,993.0
20260704,000000,72W,18,2026,7,4,0,14.700000000000001,144.0,99300.0,2026-07-04,2026-07-04,993.0
20260704,000000,72W,18,2026,7,4,0,15.200000000000001,143.0,99800.0,2026-07-04,2026-07-04,998.0
20260704,000000,72W,18,2026,7,4,0,16.0,141.8,99800.0,2026-07-04,2026-07-04,998.0
20260704,000000,72W,18,2026,7,4,0,16.4,140.9,100000.0,2026-07-04,2026-07-04,1000.0
20260704,000000,72W,18,2026,7,4,0,17.1,140.70000000000002,99800.0,2026-07-04,2026-07-04,998.0
20260704,000000,72W,18,2026,7,4,0,17.8,140.6,100100.0,2026-07-04,2026-07-04,1001.0
20260704,000000,72W,18,2026,7,4,0,18.3,140.4,99900.0,2026-07-04,2026-07-04,999.0
20260704,000000,72W,18,2026,7,4,0,19.0,140.4,100000.0,2026-07-04,2026-07-04,1000.0
20260704,000000,72W,18,2026,7,4,0,19.7,140.4,99800.0,2026-07-04,2026-07-04,998.0
20260704,000000,72W,18,2026,7,4,0,20.2,140.4,100000.0,2026-07-04,2026-07-04,1000.0
20260704,000000,72W,18,2026,7,4,0,20.900000000000002,140.5,99700.0,2026-07-04,2026-07-04,997.0
20260704,000000,72W,18,2026,7,4,0,22.0,140.4,99800.0,2026-07-04,2026-07-04,998.0
20260704,000000,72W,18,2026,7,4,0,22.6,140.5,99600.0,2026-07-04,2026-07-04,996.0
20260704,000000,72W,18,2026,7,4,0,23.2,140.4,99700.0,2026-07-04,2026-07-04,997.0
20260704,000000,72W,18,2026,7,4,0,24.0,140.1,99500.0,2026-07-04,2026-07-04,995.0
20260704,000000,72W,18,2026,7,4,0,24.7,140.0,99600.0,2026-07-04,2026-07-04,996.0
20260704,000000,72W,18,2026,7,4,0,25.2,140.20000000000002,99500.0,2026-07-04,2026-07-04,995.0
20260704,000000,72W,18,2026,7,4,0,25.7,139.70000000000002,99700.0,2026-07-04,2026-07-04,997.0
20260704,000000,72W,18,2026,7,4,0,26.0,139.5,99500.0,2026-07-04,2026-07-04,995.0
20260704,000000,72W,18,2026,7,4,0,26.400000000000002,139.3,99600.0,2026-07-04,2026-07-04,996.0
20260704,000000,72W,18,2026,7,4,0,26.8,139.0,99400.0,2026-07-04,2026-07-04,994.0
20260704,000000,72W,18,2026,7,4,0,27.0,138.70000000000002,99600.0,2026-07-04,2026-07-04,996.0
20260704,000000,72W,18,2026,7,4,0,27.400000000000002,138.70000000000002,99500.0,2026-07-04,2026-07-04,995.0
20260704,000000,72W,18,2026,7,4,0,27.900000000000002,138.5,99500.0,2026-07-04,2026-07-04,995.0
20260704,000000,72W,18,2026,7,4,0,28.400000000000002,138.5,99500.0,2026-07-04,2026-07-04,995.0
20260704,000000,72W,18,2026,7,4,0,28.900000000000002,138.70000000000002,99700.0,2026-07-04,2026-07-04,997.0
20260704,000000,72W,18,2026,7,4,0,29.5,138.5,99700.0,2026-07-04,2026-07-04,997.0
20260704,000000,72W,18,2026,7,4,0,30.1,138.70000000000002,99800.0,2026-07-04,2026-07-04,998.0
20260704,000000,72W,19,2026,7,4,0,33.8,115.3,99500.0,2026-07-04,2026-07-04,995.0
20260704,000000,72W,19,2026,7,4,0,34.5,117.8,99300.0,2026-07-04,2026-07-04,993.0
20260704,000000,72W,19,2026,7,4,0,37.6,119.60000000000001,99300.0,2026-07-04,2026-07-04,993.0
20260704,000000,72W,19,2026,7,4,0,38.6,120.0,99000.0,2026-07-04,2026-07-04,990.0
20260704,000000,72W,19,2026,7,4,0,40.0,121.5,99100.0,2026-07-04,2026-07-04,991.0
20260704,000000,72W,19,2026,7,4,0,41.6,122.4,99200.0,2026-07-04,2026-07-04,992.0
20260704,000000,72W,19,2026,7,4,0,43.300000000000004,123.60000000000001,99500.0,2026-07-04,2026-07-04,995.0
20260704,000000,72W,19,2026,7,4,0,45.0,125.10000000000001,99600.0,2026-07-04,2026-07-04,996.0
20260704,000000,72W,19,2026,7,4,0,46.5,126.10000000000001,99900.0,2026-07-04,2026-07-04,999.0
20260704,000000,72W,19,2026,7,4,0,47.2,127.3,99900.0,2026-07-04,2026-07-04,999.0
20260704,000000,72W,19,2026,7,4,0,47.9,128.7,100100.0,2026-07-04,2026-07-04,1001.0
20260704,000000,72W,20,2026,7,4,0,6.4,164.20000000000002,100700.0,2026-07-04,2026-07-04,1007.0
20260704,000000,72W,20,2026,7,4,0,7.2,162.6,100500.0,2026-07-04,2026-07-04,1005.0
20260704,000000,72W,21,2026,7,4,0,30.6,163.6,100800.0,2026-07-04,2026-07-04,1008.0
20260704,000000,72W,21,2026,7,4,0,31.3,165.3,100300.0,2026-07-04,2026-07-04,1003.0
20260704,000000,72W,21,2026,7,4,0,31.7,166.70000000000002,100600.0,2026-07-04,2026-07-04,1006.0
20260704,000000,72W,21,2026,7,4,0,32.5,168.0,100500.0,2026-07-04,2026-07-04,1005.0
20260704,000000,72W,22,2026,7,4,0,36.4,120.3,99000.0,2026-07-04,2026-07-04,990.0
20260704,000000,72W,22,2026,7,4,0,37.800000000000004,121.7,99100.0,2026-07-04,2026-07-04,991.0
20260704,000000,72W,22,2026,7,4,0,39.300000000000004,123.60000000000001,99200.0,2026-07-04,2026-07-04,992.0
20260704,000000,72W,22,2026,7,4,0,41.7,125.7,99500.0,2026-07-04,2026-07-04,995.0
20260704,000000,72W,23,2026,7,4,0,7.5,179.0,100700.0,2026-07-04,2026-07-04,1007.0
20260704,000000,72W,23,2026,7,4,0,9.1,178.1,100700.0,2026-07-04,2026-07-04,1007.0
20260704,000000,72W,23,2026,7,4,0,7.9,177.4,100700.0,2026-07-04,2026-07-04,1007.0
20260704,000000,72W,23,2026,7,4,0,8.5,175.20000000000002,100600.0,2026-07-04,2026-07-04,1006.0
20260704,000000,72W,23,2026,7,4,0,8.2,174.3,100800.0,2026-07-04,2026-07-04,1008.0
20260704,000000,72W,23,2026,7,4,0,8.0,174.70000000000002,100600.0,2026-07-04,2026-07-04,1006.0
20260704,000000,72W,23,2026,7,4,0,8.6,173.1,100700.0,2026-07-04,2026-07-04,1007.0
20260704,000000,72W,23,2026,7,4,0,8.5,172.70000000000002,100500.0,2026-07-04,2026-07-04,1005.0
20260704,000000,72W,23,2026,7,4,0,8.4,171.9,100600.0,2026-07-04,2026-07-04,1006.0
20260704,000000,72W,23,2026,7,4,0,7.6000000000000005,170.1,100400.0,2026-07-04,2026-07-04,1004.0
20260704,000000,72W,23,2026,7,4,0,8.1,170.1,100600.0,2026-07-04,2026-07-04,1006.0
20260704,000000,72W,23,2026,7,4,0,10.3,169.1,100400.0,2026-07-04,2026-07-04,1004.0
20260704,000000,72W,23,2026,7,4,0,10.4,167.6,100300.0,2026-07-04,2026-07-04,1003.0
20260704,000000,72W,23,2026,7,4,0,10.4,166.6,100000.0,2026-07-04,2026-07-04,1000.0
20260704,000000,72W,23,2026,7,4,0,10.700000000000001,165.5,100100.0,2026-07-04,2026-07-04,1001.0
20260704,000000,72W,23,2026,7,4,0,10.8,164.9,100000.0,2026-07-04,2026-07-04,1000.0
20260704,000000,72W,23,2026,7,4,0,11.200000000000001,164.1,100300.0,2026-07-04,2026-07-04,1003.0
20260704,000000,72W,23,2026,7,4,0,11.9,162.70000000000002,99800.0,2026-07-04,2026-07-04,998.0
20260704,000000,72W,23,2026,7,4,0,12.1,160.9,100200.0,2026-07-04,2026-07-04,1002.0
20260704,000000,72W,23,2026,7,4,0,12.3,158.70000000000002,99900.0,2026-07-04,2026-07-04,999.0
20260704,000000,72W,23,2026,7,4,0,12.8,157.5,100200.0,2026-07-04,2026-07-04,1002.0
20260704,000000,72W,23,2026,7,4,0,13.200000000000001,156.1,100000.0,2026-07-04,2026-07-04,1000.0
20260704,000000,72W,23,2026,7,4,0,14.0,154.8,100300.0,2026-07-04,2026-07-04,1003.0
20260704,000000,72W,23,2026,7,4,0,14.9,153.4,100200.0,2026-07-04,2026-07-04,1002.0
20260704,000000,72W,23,2026,7,4,0,15.3,152.1,100400.0,2026-07-04,2026-07-04,1004.0
20260704,000000,72W,23,2026,7,4,0,15.700000000000001,150.8,100100.0,2026-07-04,2026-07-04,1001.0
20260704,000000,72W,23,2026,7,4,0,16.2,149.4,100400.0,2026-07-04,2026-07-04,1004.0
20260704,000000,72W,23,2026,7,4,0,16.9,148.3,100200.0,2026-07-04,2026-07-04,1002.0
20260704,000000,72W,23,2026,7,4,0,17.3,146.9,100500.0,2026-07-04,2026-07-04,1005.0
20260704,000000,72W,23,2026,7,4,0,17.8,145.6,100300.0,2026-07-04,2026-07-04,1003.0
20260704,000000,72W,23,2026,7,4,0,18.1,144.5,100500.0,2026-07-04,2026-07-04,1005.0
20260704,000000,72W,23,2026,7,4,0,18.1,143.20000000000002,100300.0,2026-07-04,2026-07-04,1003.0
20260704,000000,72W,23,2026,7,4,0,17.5,142.0,100400.0,2026-07-04,2026-07-04,1004.0
20260704,000000,72W,23,2026,7,4,0,17.1,141.4,100200.0,2026-07-04,2026-07-04,1002.0
20260704,000000,72W,23,2026,7,4,0,16.8,141.20000000000002,100300.0,2026-07-04,2026-07-04,1003.0
20260704,000000,72W,23,2026,7,4,0,16.2,141.1,100100.0,2026-07-04,2026-07-04,1001.0
20260704,000000,72W,23,2026,7,4,0,15.700000000000001,141.4,100200.0,2026-07-04,2026-07-04,1002.0
20260704,000000,72W,23,2026,7,4,0,15.6,142.3,99600.0,2026-07-04,2026-07-04,996.0
20260704,000000,72W,23,2026,7,4,0,16.2,142.9,99800.0,2026-07-04,2026-07-04,998.0
20260704,000000,72W,23,2026,7,4,0,17.3,143.0,99700.0,2026-07-04,2026-07-04,997.0
20260704,000000,72W,23,2026,7,4,0,18.8,142.3,100000.0,2026-07-04,2026-07-04,1000.0
20260704,000000,72W,23,2026,7,4,0,20.2,140.9,99900.0,2026-07-04,2026-07-04,999.0
20260704,000000,72W,23,2026,7,4,0,21.1,139.1,100100.0,2026-07-04,2026-07-04,1001.0
20260704,000000,72W,23,2026,7,4,0,22.0,137.8,100100.0,2026-07-04,2026-07-04,1001.0
20260704,000000,72W,23,2026,7,4,0,22.0,136.3,100300.0,2026-07-04,2026-07-04,1003.0
20260704,000000,72W,23,2026,7,4,0,21.8,135.4,100200.0,2026-07-04,2026-07-04,1002.0
20260704,000000,72W,23,2026,7,4,0,21.400000000000002,134.8,100500.0,2026-07-04,2026-07-04,1005.0
20260704,000000,72W,23,2026,7,4,0,20.900000000000002,134.8,100400.0,2026-07-04,2026-07-04,1004.0
20260704,000000,72W,23,2026,7,4,0,21.3,134.5,100500.0,2026-07-04,2026-07-04,1005.0
20260704,000000,72W,23,2026,7,4,0,21.6,133.5,100400.0,2026-07-04,2026-07-04,1004.0
20260704,000000,72W,23,2026,7,4,0,22.3,132.3,100600.0,2026-07-04,2026-07-04,1006.0
20260704,000000,72W,23,2026,7,4,0,24.5,132.2,100500.0,2026-07-04,2026-07-04,1005.0
20260704,000000,72W,23,2026,7,4,0,25.8,129.3,100600.0,2026-07-04,2026-07-04,1006.0
20260704,000000,72W,24,2026,7,4,0,4.2,176.9,100800.0,2026-07-04,2026-07-04,1008.0
20260704,000000,72W,24,2026,7,4,0,6.9,177.9,100700.0,2026-07-04,2026-07-04,1007.0
20260704,000000,72W,24,2026,7,4,0,7.9,174.5,100700.0,2026-07-04,2026-07-04,1007.0
20260704,000000,72W,24,2026,7,4,0,6.7,172.8,100800.0,2026-07-04,2026-07-04,1008.0
20260704,000000,72W,24,2026,7,4,0,7.6000000000000005,169.3,100800.0,2026-07-04,2026-07-04,1008.0
20260704,000000,72W,24,2026,7,4,0,8.4,167.0,100900.0,2026-07-04,2026-07-04,1009.0
20260704,000000,72W,25,2026,7,4,0,31.0,156.70000000000002,100500.0,2026-07-04,2026-07-04,1005.0
20260704,000000,72W,25,2026,7,4,0,31.8,158.20000000000002,99600.0,2026-07-04,2026-07-04,996.0
20260704,000000,72W,25,2026,7,4,0,32.2,159.9,99700.0,2026-07-04,2026-07-04,997.0
20260704,000000,72W,25,2026,7,4,0,32.6,162.0,100000.0,2026-07-04,2026-07-04,1000.0
20260704,000000,72W,26,2026,7,4,0,6.8,176.1,100800.0,2026-07-04,2026-07-04,1008.0
20260704,000000,72W,26,2026,7,4,0,8.1,174.20000000000002,100700.0,2026-07-04,2026-07-04,1007.0
20260704,000000,72W,26,2026,7,4,0,8.5,173.1,100800.0,2026-07-04,2026-07-04,1008.0
20260704,000000,72W,26,2026,7,4,0,8.6,172.0,100700.0,2026-07-04,2026-07-04,1007.0
20260704,000000,72W,26,2026,7,4,0,7.9,171.20000000000002,100800.0,2026-07-04,2026-07-04,1008.0
20260704,000000,72W,26,2026,7,4,0,7.8,170.70000000000002,100400.0,2026-07-04,2026-07-04,1004.0
20260704,000000,72W,26,2026,7,4,0,7.8,170.1,100600.0,2026-07-04,2026-07-04,1006.0
20260704,000000,72W,26,2026,7,4,0,8.1,169.3,100300.0,2026-07-04,2026-07-04,1003.0
20260704,000000,72W,26,2026,7,4,0,8.9,168.20000000000002,100100.0,2026-07-04,2026-07-04,1001.0
20260704,000000,72W,26,2026,7,4,0,9.8,167.1,100000.0,2026-07-04,2026-07-04,1000.0
20260704,000000,72W,26,2026,7,4,0,10.6,165.3,99900.0,2026-07-04,2026-07-04,999.0
20260704,000000,72W,26,2026,7,4,0,11.200000000000001,163.3,99500.0,2026-07-04,2026-07-04,995.0
20260704,000000,72W,26,2026,7,4,0,11.4,161.5,99600.0,2026-07-04,2026-07-04,996.0
20260704,000000,72W,26,2026,7,4,0,11.700000000000001,160.0,98900.0,2026-07-04,2026-07-04,989.0
20260704,000000,72W,26,2026,7,4,0,12.1,158.5,98400.0,2026-07-04,2026-07-04,984.0
20260704,000000,72W,26,2026,7,4,0,12.6,156.8,98000.0,2026-07-04,2026-07-04,980.0
20260704,000000,72W,26,2026,7,4,0,13.200000000000001,155.3,97900.0,2026-07-04,2026-07-04,979.0
20260704,000000,72W,26,2026,7,4,0,13.6,153.9,96800.0,2026-07-04,2026-07-04,968.0
20260704,000000,72W,26,2026,7,4,0,14.0,152.3,97300.0,2026-07-04,2026-07-04,973.0
20260704,000000,72W,26,2026,7,4,0,14.4,151.0,96700.0,2026-07-04,2026-07-04,967.0
20260704,000000,72W,26,2026,7,4,0,15.0,149.70000000000002,96200.0,2026-07-04,2026-07-04,962.0
20260704,000000,72W,26,2026,7,4,0,15.4,148.6,95500.0,2026-07-04,2026-07-04,955.0
20260704,000000,72W,26,2026,7,4,0,15.8,147.6,96000.0,2026-07-04,2026-07-04,960.0
20260704,000000,72W,26,2026,7,4,0,16.4,146.8,95300.0,2026-07-04,2026-07-04,953.0
20260704,000000,72W,26,2026,7,4,0,16.7,146.3,95600.0,2026-07-04,2026-07-04,956.0
20260704,000000,72W,26,2026,7,4,0,17.3,145.8,94900.0,2026-07-04,2026-07-04,949.0
20260704,000000,72W,26,2026,7,4,0,17.6,145.4,94500.0,2026-07-04,2026-07-04,945.0
20260704,000000,72W,26,2026,7,4,0,18.0,145.3,93900.0,2026-07-04,2026-07-04,939.0
20260704,000000,72W,26,2026,7,4,0,18.3,145.70000000000002,94000.0,2026-07-04,2026-07-04,940.0
20260704,000000,72W,26,2026,7,4,0,18.900000000000002,146.1,93700.0,2026-07-04,2026-07-04,937.0
20260704,000000,72W,26,2026,7,4,0,19.5,146.70000000000002,93800.0,2026-07-04,2026-07-04,938.0
20260704,000000,72W,26,2026,7,4,0,20.400000000000002,147.4,94200.0,2026-07-04,2026-07-04,942.0
20260704,000000,72W,26,2026,7,4,0,21.7,148.1,94200.0,2026-07-04,2026-07-04,942.0
20260704,000000,72W,26,2026,7,4,0,23.400000000000002,148.6,93500.0,2026-07-04,2026-07-04,935.0
20260704,000000,72W,26,2026,7,4,0,25.2,148.9,93500.0,2026-07-04,2026-07-04,935.0
20260704,000000,72W,26,2026,7,4,0,26.5,148.5,93200.0,2026-07-04,2026-07-04,932.0
20260704,000000,72W,26,2026,7,4,0,27.2,149.20000000000002,93700.0,2026-07-04,2026-07-04,937.0
20260704,000000,72W,26,2026,7,4,0,28.400000000000002,150.1,93500.0,2026-07-04,2026-07-04,935.0
20260704,000000,72W,26,2026,7,4,0,29.3,150.9,94300.0,2026-07-04,2026-07-04,943.0
20260704,000000,72W,26,2026,7,4,0,30.400000000000002,151.70000000000002,95200.0,2026-07-04,2026-07-04,952.0
20260704,000000,72W,26,2026,7,4,0,31.3,152.0,96000.0,2026-07-04,2026-07-04,960.0
20260704,000000,72W,26,2026,7,4,0,32.0,152.6,96300.0,2026-07-04,2026-07-04,963.0
20260704,000000,72W,26,2026,7,4,0,32.8,152.70000000000002,96900.0,2026-07-04,2026-07-04,969.0
20260704,000000,72W,26,2026,7,4,0,34.0,152.6,97100.0,2026-07-04,2026-07-04,971.0
20260704,000000,72W,26,2026,7,4,0,35.2,151.1,97400.0,2026-07-04,2026-07-04,974.0
20260704,000000,72W,26,2026,7,4,0,35.4,149.70000000000002,97600.0,2026-07-04,2026-07-04,976.0
20260704,000000,72W,26,2026,7,4,0,35.300000000000004,149.1,97900.0,2026-07-04,2026-07-04,979.0
20260704,000000,72W,26,2026,7,4,0,36.300000000000004,149.1,98100.0,2026-07-04,2026-07-04,981.0
20260704,000000,72W,26,2026,7,4,0,38.0,147.6,98500.0,2026-07-04,2026-07-04,985.0
20260704,000000,72W,27,2026,7,4,0,31.3,151.5,100800.0,2026-07-04,2026-07-04,1008.0
20260704,000000,72W,27,2026,7,4,0,31.400000000000002,153.0,100300.0,2026-07-04,2026-07-04,1003.0
20260704,000000,72W,27,2026,7,4,0,31.5,155.0,100300.0,2026-07-04,2026-07-04,1003.0
20260704,000000,72W,27,2026,7,4,0,31.5,157.1,100200.0,2026-07-04,2026-07-04,1002.0
20260704,000000,72W,27,2026,7,4,0,31.3,159.6,100500.0,2026-07-04,2026-07-04,1005.0
20260704,000000,72W,27,2026,7,4,0,32.4,162.5,100100.0,2026-07-04,2026-07-04,1001.0
20260704,000000,72W,27,2026,7,4,0,33.9,165.0,99800.0,2026-07-04,2026-07-04,998.0
20260704,000000,72W,27,2026,7,4,0,36.2,166.9,99700.0,2026-07-04,2026-07-04,997.0
20260704,000000,72W,27,2026,7,4,0,37.9,169.1,99700.0,2026-07-04,2026-07-04,997.0
20260704,000000,72W,28,2026,7,4,0,2.1,152.8,100800.0,2026-07-04,2026-07-04,1008.0
20260704,000000,72W,28,2026,7,4,0,2.9,151.9,100600.0,2026-07-04,2026-07-04,1006.0
20260704,000000,72W,29,2026,7,4,0,6.7,157.5,101000.0,2026-07-04,2026-07-04,1010.0
20260704,000000,72W,29,2026,7,4,0,7.9,155.1,100800.0,2026-07-04,2026-07-04,1008.0
20260704,000000,72W,29,2026,7,4,0,11.200000000000001,154.1,101000.0,2026-07-04,2026-07-04,1010.0
20260704,000000,72W,30,2026,7,4,0,33.3,133.8,100700.0,2026-07-04,2026-07-04,1007.0
20260704,000000,72W,30,2026,7,4,0,33.5,136.4,100500.0,2026-07-04,2026-07-04,1005.0
20260704,000000,72W,30,2026,7,4,0,33.0,137.6,100700.0,2026-07-04,2026-07-04,1007.0
20260704,000000,72W,30,2026,7,4,0,33.5,140.6,100600.0,2026-07-04,2026-07-04,1006.0
20260704,000000,72W,30,2026,7,4,0,32.7,141.1,100700.0,2026-07-04,2026-07-04,1007.0
20260704,000000,72W,30,2026,7,4,0,32.5,143.0,100700.0,2026-07-04,2026-07-04,1007.0
20260704,000000,72W,31,2026,7,4,0,34.6,134.3,100400.0,2026-07-04,2026-07-04,1004.0
20260704,000000,72W,31,2026,7,4,0,33.9,136.3,100400.0,2026-07-04,2026-07-04,1004.0
20260704,000000,72W,31,2026,7,4,0,34.1,139.70000000000002,100500.0,2026-07-04,2026-07-04,1005.0
20260704,000000,72W,31,2026,7,4,0,34.2,140.9,100200.0,2026-07-04,2026-07-04,1002.0
20260704,000000,72W,31,2026,7,4,0,33.6,142.0,100400.0,2026-07-04,2026-07-04,1004.0
20260704,000000,72W,32,2026,7,4,0,34.0,134.6,100700.0,2026-07-04,2026-07-04,1007.0
20260704,000000,72W,32,2026,7,4,0,33.4,135.8,100600.0,2026-07-04,2026-07-04,1006.0
20260704,000000,72W,32,2026,7,4,0,32.6,137.70000000000002,100800.0,2026-07-04,2026-07-04,1008.0
20260704,000000,72W,33,2026,7,4,0,1.8,179.3,100900.0,2026-07-04,2026-07-04,1009.0
20260704,000000,72W,33,2026,7,4,0,3.4,178.4,100800.0,2026-07-04,2026-07-04,1008.0
20260704,000000,72W,33,2026,7,4,0,5.3,175.5,100900.0,2026-07-04,2026-07-04,1009.0
20260704,000000,72W,33,2026,7,4,0,5.7,174.9,100800.0,2026-07-04,2026-07-04,1008.0
20260704,000000,72W,33,2026,7,4,0,6.4,173.6,100900.0,2026-07-04,2026-07-04,1009.0
20260704,000000,72W,33,2026,7,4,0,7.1000000000000005,173.3,101000.0,2026-07-04,2026-07-04,1010.0
20260704,000000,72W,33,2026,7,4,0,6.3,171.20000000000002,100900.0,2026-07-04,2026-07-04,1009.0
20260704,000000,72W,33,2026,7,4,0,7.4,170.8,100800.0,2026-07-04,2026-07-04,1008.0
20260704,000000,72W,33,2026,7,4,0,6.9,169.8,100900.0,2026-07-04,2026-07-04,1009.0
20260704,000000,72W,33,2026,7,4,0,8.0,167.6,100700.0,2026-07-04,2026-07-04,1007.0
20260704,000000,72W,33,2026,7,4,0,8.1,168.1,100800.0,2026-07-04,2026-07-04,1008.0
20260704,000000,72W,33,2026,7,4,0,8.1,168.1,100700.0,2026-07-04,2026-07-04,1007.0
20260704,000000,72W,33,2026,7,4,0,8.5,166.9,100800.0,2026-07-04,2026-07-04,1008.0
20260704,000000,72W,33,2026,7,4,0,8.700000000000001,165.6,100600.0,2026-07-04,2026-07-04,1006.0
20260704,000000,72W,33,2026,7,4,0,8.1,166.5,100700.0,2026-07-04,2026-07-04,1007.0
20260704,000000,72W,33,2026,7,4,0,8.3,164.5,100500.0,2026-07-04,2026-07-04,1005.0
20260704,000000,72W,33,2026,7,4,0,8.4,163.5,100600.0,2026-07-04,2026-07-04,1006.0
20260704,000000,72W,33,2026,7,4,0,9.200000000000001,162.5,100400.0,2026-07-04,2026-07-04,1004.0
20260704,000000,72W,33,2026,7,4,0,9.1,160.8,100500.0,2026-07-04,2026-07-04,1005.0
20260704,000000,72W,33,2026,7,4,0,8.8,159.3,100200.0,2026-07-04,2026-07-04,1002.0
20260704,000000,72W,33,2026,7,4,0,8.6,159.20000000000002,100300.0,2026-07-04,2026-07-04,1003.0
20260704,000000,72W,33,2026,7,4,0,9.8,159.0,100000.0,2026-07-04,2026-07-04,1000.0
20260704,000000,72W,33,2026,7,4,0,10.1,157.9,100100.0,2026-07-04,2026-07-04,1001.0
20260704,000000,72W,33,2026,7,4,0,10.5,157.3,99800.0,2026-07-04,2026-07-04,998.0
20260704,000000,72W,33,2026,7,4,0,11.5,156.9,99900.0,2026-07-04,2026-07-04,999.0
20260704,000000,72W,33,2026,7,4,0,11.700000000000001,155.9,99700.0,2026-07-04,2026-07-04,997.0
20260704,000000,72W,33,2026,7,4,0,12.1,155.5,99900.0,2026-07-04,2026-07-04,999.0
20260704,000000,72W,33,2026,7,4,0,12.4,155.0,99700.0,2026-07-04,2026-07-04,997.0
20260704,000000,72W,33,2026,7,4,0,12.9,154.70000000000002,99800.0,2026-07-04,2026-07-04,998.0
20260704,000000,72W,33,2026,7,4,0,13.6,154.6,99500.0,2026-07-04,2026-07-04,995.0
20260704,000000,72W,33,2026,7,4,0,14.200000000000001,154.8,99500.0,2026-07-04,2026-07-04,995.0
20260704,000000,72W,33,2026,7,4,0,15.200000000000001,155.0,99100.0,2026-07-04,2026-07-04,991.0
20260704,000000,72W,33,2026,7,4,0,15.700000000000001,155.5,99000.0,2026-07-04,2026-07-04,990.0
20260704,000000,72W,34,2026,7,4,0,30.7,143.6,101200.0,2026-07-04,2026-07-04,1012.0
20260704,000000,72W,34,2026,7,4,0,30.7,143.6,101300.0,2026-07-04,2026-07-04,1013.0
20260704,000000,72W,35,2026,7,4,0,9.8,166.20000000000002,100800.0,2026-07-04,2026-07-04,1008.0
20260704,000000,72W,35,2026,7,4,0,9.200000000000001,161.70000000000002,100600.0,2026-07-04,2026-07-04,1006.0
20260704,000000,72W,35,2026,7,4,0,8.5,160.70000000000002,100400.0,2026-07-04,2026-07-04,1004.0
20260704,000000,72W,35,2026,7,4,0,8.1,159.1,100600.0,2026-07-04,2026-07-04,1006.0
20260704,000000,72W,35,2026,7,4,0,8.1,157.70000000000002,100400.0,2026-07-04,2026-07-04,1004.0
20260704,000000,72W,35,2026,7,4,0,7.7,155.3,100600.0,2026-07-04,2026-07-04,1006.0
20260704,000000,72W,35,2026,7,4,0,8.2,154.5,100400.0,2026-07-04,2026-07-04,1004.0
20260704,000000,72W,35,2026,7,4,0,9.3,154.20000000000002,100600.0,2026-07-04,2026-07-04,1006.0
20260704,000000,72W,35,2026,7,4,0,9.4,151.3,100600.0,2026-07-04,2026-07-04,1006.0
20260704,000000,72W,35,2026,7,4,0,11.1,150.3,100500.0,2026-07-04,2026-07-04,1005.0
20260704,000000,72W,35,2026,7,4,0,11.9,149.3,100700.0,2026-07-04,2026-07-04,1007.0
20260704,000000,72W,35,2026,7,4,0,13.4,147.70000000000002,100500.0,2026-07-04,2026-07-04,1005.0
20260704,000000,72W,36,2026,7,4,0,35.4,121.10000000000001,99700.0,2026-07-04,2026-07-04,997.0
20260704,000000,72W,36,2026,7,4,0,37.2,123.10000000000001,99100.0,2026-07-04,2026-07-04,991.0
20260704,000000,72W,36,2026,7,4,0,39.1,124.5,99200.0,2026-07-04,2026-07-04,992.0
20260704,000000,72W,37,2026,7,4,0,5.0,169.3,100500.0,2026-07-04,2026-07-04,1005.0
20260704,000000,72W,37,2026,7,4,0,4.0,169.1,100800.0,2026-07-04,2026-07-04,1008.0
20260704,000000,72W,38,2026,7,4,0,8.8,173.1,100700.0,2026-07-04,2026-07-04,1007.0
20260704,000000,72W,38,2026,7,4,0,8.4,171.4,100700.0,2026-07-04,2026-07-04,1007.0
20260704,000000,72W,38,2026,7,4,0,9.1,170.0,100900.0,2026-07-04,2026-07-04,1009.0
20260704,000000,72W,38,2026,7,4,0,10.700000000000001,169.5,100700.0,2026-07-04,2026-07-04,1007.0
20260704,000000,72W,39,2026,7,4,0,29.900000000000002,157.5,101000.0,2026-07-04,2026-07-04,1010.0
20260704,000000,72W,39,2026,7,4,0,30.2,159.6,100800.0,2026-07-04,2026-07-04,1008.0
20260704,000000,72W,39,2026,7,4,0,30.400000000000002,161.0,100900.0,2026-07-04,2026-07-04,1009.0
20260704,000000,72W,39,2026,7,4,0,30.6,162.70000000000002,101000.0,2026-07-04,2026-07-04,1010.0
20260704,000000,72W,39,2026,7,4,0,32.7,167.4,101100.0,2026-07-04,2026-07-04,1011.0
20260704,000000,72W,40,2026,7,4,0,33.0,125.2,100300.0,2026-07-04,2026-07-04,1003.0
20260704,000000,72W,40,2026,7,4,0,33.4,127.9,100300.0,2026-07-04,2026-07-04,1003.0
20260704,000000,72W,40,2026,7,4,0,34.2,132.8,100400.0,2026-07-04,2026-07-04,1004.0
20260704,000000,72W,40,2026,7,4,0,32.9,135.7,100500.0,2026-07-04,2026-07-04,1005.0
20260704,000000,72W,40,2026,7,4,0,33.2,137.1,100400.0,2026-07-04,2026-07-04,1004.0
20260704,000000,72W,40,2026,7,4,0,33.5,140.4,100500.0,2026-07-04,2026-07-04,1005.0
20260704,000000,72W,40,2026,7,4,0,33.4,139.9,100400.0,2026-07-04,2026-07-04,1004.0
20260704,000000,72W,40,2026,7,4,0,32.0,140.1,100800.0,2026-07-04,2026-07-04,1008.0
20260704,000000,72W,40,2026,7,4,0,31.8,140.4,100800.0,2026-07-04,2026-07-04,1008.0
20260704,000000,72W,40,2026,7,4,0,31.400000000000002,140.4,101000.0,2026-07-04,2026-07-04,1010.0
20260704,000000,72W,41,2026,7,4,0,6.3,179.6,100800.0,2026-07-04,2026-07-04,1008.0
20260704,000000,72W,41,2026,7,4,0,6.9,179.0,100700.0,2026-07-04,2026-07-04,1007.0
20260704,000000,72W,41,2026,7,4,0,8.1,176.8,100600.0,2026-07-04,2026-07-04,1006.0
20260704,000000,72W,41,2026,7,4,0,8.0,174.70000000000002,100700.0,2026-07-04,2026-07-04,1007.0
20260704,000000,72W,41,2026,7,4,0,6.3,176.1,100800.0,2026-07-04,2026-07-04,1008.0
20260704,000000,72W,41,2026,7,4,0,8.3,175.1,100800.0,2026-07-04,2026-07-04,1008.0
20260704,000000,72W,41,2026,7,4,0,7.2,174.70000000000002,100700.0,2026-07-04,2026-07-04,1007.0
20260704,000000,72W,41,2026,7,4,0,8.0,173.4,100800.0,2026-07-04,2026-07-04,1008.0
20260704,000000,72W,41,2026,7,4,0,8.6,174.3,100600.0,2026-07-04,2026-07-04,1006.0
20260704,000000,72W,41,2026,7,4,0,9.3,173.0,100600.0,2026-07-04,2026-07-04,1006.0
20260704,000000,72W,41,2026,7,4,0,9.5,171.70000000000002,100100.0,2026-07-04,2026-07-04,1001.0
20260704,000000,72W,41,2026,7,4,0,9.9,169.8,100300.0,2026-07-04,2026-07-04,1003.0
20260704,000000,72W,41,2026,7,4,0,10.4,168.3,100000.0,2026-07-04,2026-07-04,1000.0
20260704,000000,72W,41,2026,7,4,0,10.9,166.4,100000.0,2026-07-04,2026-07-04,1000.0
20260704,000000,72W,41,2026,7,4,0,11.3,164.5,100100.0,2026-07-04,2026-07-04,1001.0
20260704,000000,72W,41,2026,7,4,0,11.700000000000001,162.5,100200.0,2026-07-04,2026-07-04,1002.0
20260704,000000,72W,41,2026,7,4,0,11.9,160.8,100200.0,2026-07-04,2026-07-04,1002.0
20260704,000000,72W,41,2026,7,4,0,12.6,158.1,100200.0,2026-07-04,2026-07-04,1002.0
20260704,000000,72W,41,2026,7,4,0,13.1,156.9,100500.0,2026-07-04,2026-07-04,1005.0
20260704,000000,72W,42,2026,7,4,0,26.3,156.5,101100.0,2026-07-04,2026-07-04,1011.0
20260704,000000,72W,42,2026,7,4,0,26.8,156.6,101200.0,2026-07-04,2026-07-04,1012.0
20260704,000000,72W,43,2026,7,4,0,8.2,175.9,100900.0,2026-07-04,2026-07-04,1009.0
20260704,000000,72W,43,2026,7,4,0,6.9,176.20000000000002,100800.0,2026-07-04,2026-07-04,1008.0
20260704,000000,72W,43,2026,7,4,0,6.4,173.20000000000002,100800.0,2026-07-04,2026-07-04,1008.0
20260704,000000,72W,43,2026,7,4,0,7.4,173.0,100900.0,2026-07-04,2026-07-04,1009.0
20260704,000000,72W,43,2026,7,4,0,9.3,169.5,100800.0,2026-07-04,2026-07-04,1008.0
20260704,000000,72W,43,2026,7,4,0,8.6,168.20000000000002,101000.0,2026-07-04,2026-07-04,1010.0
20260704,000000,72W,43,2026,7,4,0,9.3,166.20000000000002,100800.0,2026-07-04,2026-07-04,1008.0
20260704,000000,72W,43,2026,7,4,0,8.1,165.6,101000.0,2026-07-04,2026-07-04,1010.0
20260704,000000,72W,43,2026,7,4,0,9.8,164.70000000000002,100800.0,2026-07-04,2026-07-04,1008.0
20260704,000000,72W,43,2026,7,4,0,10.5,163.8,101000.0,2026-07-04,2026-07-04,1010.0
20260704,000000,72W,43,2026,7,4,0,10.9,161.1,100800.0,2026-07-04,2026-07-04,1008.0
20260704,000000,72W,43,2026,7,4,0,12.3,160.20000000000002,101000.0,2026-07-04,2026-07-04,1010.0
20260704,000000,72W,43,2026,7,4,0,13.1,158.4,100800.0,2026-07-04,2026-07-04,1008.0
20260704,000000,72W,43,2026,7,4,0,13.700000000000001,157.20000000000002,100800.0,2026-07-04,2026-07-04,1008.0
20260704,000000,72W,43,2026,7,4,0,14.200000000000001,155.8,100600.0,2026-07-04,2026-07-04,1006.0
20260704,000000,72W,43,2026,7,4,0,14.8,154.5,100800.0,2026-07-04,2026-07-04,1008.0
20260704,000000,72W,43,2026,7,4,0,15.700000000000001,152.9,100600.0,2026-07-04,2026-07-04,1006.0
20260704,000000,72W,43,2026,7,4,0,16.4,151.5,100700.0,2026-07-04,2026-07-04,1007.0
20260704,000000,72W,43,2026,7,4,0,17.400000000000002,150.3,100600.0,2026-07-04,2026-07-04,1006.0
20260704,000000,72W,43,2026,7,4,0,18.1,149.1,100700.0,2026-07-04,2026-07-04,1007.0
20260704,000000,72W,43,2026,7,4,0,19.0,148.1,100500.0,2026-07-04,2026-07-04,1005.0
20260704,000000,72W,43,2026,7,4,0,20.1,147.20000000000002,100700.0,2026-07-04,2026-07-04,1007.0
20260704,000000,72W,43,2026,7,4,0,21.3,146.70000000000002,100700.0,2026-07-04,2026-07-04,1007.0
20260704,000000,72W,43,2026,7,4,0,22.2,146.5,100900.0,2026-07-04,2026-07-04,1009.0
20260704,000000,72W,43,2026,7,4,0,23.8,146.1,100700.0,2026-07-04,2026-07-04,1007.0
20260704,000000,72W,43,2026,7,4,0,24.900000000000002,146.8,100700.0,2026-07-04,2026-07-04,1007.0
20260704,000000,72W,43,2026,7,4,0,24.900000000000002,148.70000000000002,100500.0,2026-07-04,2026-07-04,1005.0
20260704,000000,72W,43,2026,7,4,0,26.1,150.0,100600.0,2026-07-04,2026-07-04,1006.0
20260704,000000,72W,43,2026,7,4,0,28.0,152.4,100400.0,2026-07-04,2026-07-04,1004.0
20260704,000000,72W,43,2026,7,4,0,29.1,153.5,100300.0,2026-07-04,2026-07-04,1003.0
20260704,000000,72W,43,2026,7,4,0,31.1,154.6,99500.0,2026-07-04,2026-07-04,995.0
20260704,000000,72W,43,2026,7,4,0,32.4,155.20000000000002,100100.0,2026-07-04,2026-07-04,1001.0
20260704,000000,72W,43,2026,7,4,0,33.7,156.3,100200.0,2026-07-04,2026-07-04,1002.0
20260704,000000,72W,43,2026,7,4,0,36.300000000000004,157.9,100500.0,2026-07-04,2026-07-04,1005.0
20260704,000000,72W,43,2026,7,4,0,37.7,158.8,100900.0,2026-07-04,2026-07-04,1009.0
20260704,000000,72W,43,2026,7,4,0,38.9,159.5,100900.0,2026-07-04,2026-07-04,1009.0
20260704,000000,72W,43,2026,7,4,0,40.0,159.70000000000002,101200.0,2026-07-04,2026-07-04,1012.0
20260704,000000,72W,44,2026,7,4,0,33.4,137.1,100700.0,2026-07-04,2026-07-04,1007.0
20260704,000000,72W,44,2026,7,4,0,32.9,137.70000000000002,100700.0,2026-07-04,2026-07-04,1007.0
20260704,000000,72W,44,2026,7,4,0,31.3,138.20000000000002,101000.0,2026-07-04,2026-07-04,1010.0
20260704,000000,72W,45,2026,7,4,0,12.700000000000001,151.1,97100.0,2026-07-04,2026-07-04,971.0
20260704,000000,72W,45,2026,7,4,0,12.8,150.5,97300.0,2026-07-04,2026-07-04,973.0
20260704,000000,72W,45,2026,7,4,0,13.3,149.8,97100.0,2026-07-04,2026-07-04,971.0
20260704,000000,72W,45,2026,7,4,0,13.700000000000001,148.8,97000.0,2026-07-04,2026-07-04,970.0
20260704,000000,72W,45,2026,7,4,0,13.9,147.5,96500.0,2026-07-04,2026-07-04,965.0
20260704,000000,72W,45,2026,7,4,0,13.8,146.3,96200.0,2026-07-04,2026-07-04,962.0
20260704,000000,72W,45,2026,7,4,0,14.1,145.4,95600.0,2026-07-04,2026-07-04,956.0
20260704,000000,72W,45,2026,7,4,0,14.3,144.20000000000002,95400.0,2026-07-04,2026-07-04,954.0
20260704,000000,72W,45,2026,7,4,0,14.5,143.1,95000.0,2026-07-04,2026-07-04,950.0
20260704,000000,72W,45,2026,7,4,0,14.9,141.70000000000002,93600.0,2026-07-04,2026-07-04,936.0
20260704,000000,72W,45,2026,7,4,0,15.200000000000001,140.1,93100.0,2026-07-04,2026-07-04,931.0
20260704,000000,72W,45,2026,7,4,0,15.3,138.3,93000.0,2026-07-04,2026-07-04,930.0
20260704,000000,72W,45,2026,7,4,0,15.4,136.70000000000002,92900.0,2026-07-04,2026-07-04,929.0
20260704,000000,72W,45,2026,7,4,0,15.5,135.4,93000.0,2026-07-04,2026-07-04,930.0
20260704,000000,72W,45,2026,7,4,0,15.700000000000001,133.8,93100.0,2026-07-04,2026-07-04,931.0
20260704,000000,72W,45,2026,7,4,0,15.700000000000001,132.5,93100.0,2026-07-04,2026-07-04,931.0
20260704,000000,72W,45,2026,7,4,0,15.9,131.6,92500.0,2026-07-04,2026-07-04,925.0
20260704,000000,72W,45,2026,7,4,0,16.3,130.4,92200.0,2026-07-04,2026-07-04,922.0
20260704,000000,72W,45,2026,7,4,0,16.8,129.3,92300.0,2026-07-04,2026-07-04,923.0
20260704,000000,72W,45,2026,7,4,0,17.6,128.3,92900.0,2026-07-04,2026-07-04,929.0
20260704,000000,72W,45,2026,7,4,0,18.400000000000002,127.60000000000001,92900.0,2026-07-04,2026-07-04,929.0
20260704,000000,72W,45,2026,7,4,0,19.2,126.4,93100.0,2026-07-04,2026-07-04,931.0
20260704,000000,72W,45,2026,7,4,0,19.900000000000002,125.60000000000001,93400.0,2026-07-04,2026-07-04,934.0
20260704,000000,72W,45,2026,7,4,0,20.900000000000002,124.8,93800.0,2026-07-04,2026-07-04,938.0
20260704,000000,72W,45,2026,7,4,0,21.900000000000002,124.3,93600.0,2026-07-04,2026-07-04,936.0
20260704,000000,72W,45,2026,7,4,0,23.1,123.60000000000001,93500.0,2026-07-04,2026-07-04,935.0
20260704,000000,72W,45,2026,7,4,0,24.400000000000002,122.60000000000001,93800.0,2026-07-04,2026-07-04,938.0
20260704,000000,72W,45,2026,7,4,0,25.400000000000002,121.9,94100.0,2026-07-04,2026-07-04,941.0
20260704,000000,72W,45,2026,7,4,0,26.7,121.0,93900.0,2026-07-04,2026-07-04,939.0
20260704,000000,72W,45,2026,7,4,0,27.7,120.4,94700.0,2026-07-04,2026-07-04,947.0
20260704,000000,72W,45,2026,7,4,0,28.900000000000002,120.0,96500.0,2026-07-04,2026-07-04,965.0
20260704,000000,72W,45,2026,7,4,0,30.400000000000002,120.0,97300.0,2026-07-04,2026-07-04,973.0
20260704,000000,72W,45,2026,7,4,0,31.400000000000002,119.9,97600.0,2026-07-04,2026-07-04,976.0
20260704,000000,72W,45,2026,7,4,0,32.3,119.8,97900.0,2026-07-04,2026-07-04,979.0
20260704,000000,72W,45,2026,7,4,0,33.0,119.5,98100.0,2026-07-04,2026-07-04,981.0
20260704,000000,72W,45,2026,7,4,0,33.9,120.0,98400.0,2026-07-04,2026-07-04,984.0
20260704,000000,72W,45,2026,7,4,0,34.6,120.3,98600.0,2026-07-04,2026-07-04,986.0
20260704,000000,72W,45,2026,7,4,0,35.7,121.0,98800.0,2026-07-04,2026-07-04,988.0
20260704,000000,72W,45,2026,7,4,0,36.300000000000004,121.7,98900.0,2026-07-04,2026-07-04,989.0
20260704,000000,72W,45,2026,7,4,0,37.4,123.3,99000.0,2026-07-04,2026-07-04,990.0
20260704,000000,72W,45,2026,7,4,0,38.6,125.0,99000.0,2026-07-04,2026-07-04,990.0
20260704,000000,72W,46,2026,7,4,0,7.4,178.8,100800.0,2026-07-04,2026-07-04,1008.0
20260704,000000,72W,46,2026,7,4,0,7.5,176.9,100800.0,2026-07-04,2026-07-04,1008.0
20260704,000000,72W,46,2026,7,4,0,7.5,175.0,100900.0,2026-07-04,2026-07-04,1009.0
20260704,000000,72W,46,2026,7,4,0,7.6000000000000005,174.1,100600.0,2026-07-04,2026-07-04,1006.0
20260704,000000,72W,46,2026,7,4,0,7.5,172.70000000000002,100800.0,2026-07-04,2026-07-04,1008.0
20260704,000000,72W,46,2026,7,4,0,7.9,171.6,100600.0,2026-07-04,2026-07-04,1006.0
20260704,000000,72W,46,2026,7,4,0,8.700000000000001,170.4,100800.0,2026-07-04,2026-07-04,1008.0
20260704,000000,72W,46,2026,7,4,0,8.6,168.6,100700.0,2026-07-04,2026-07-04,1007.0
20260704,000000,72W,46,2026,7,4,0,8.9,167.4,100900.0,2026-07-04,2026-07-04,1009.0
20260704,000000,72W,46,2026,7,4,0,9.3,165.5,100700.0,2026-07-04,2026-07-04,1007.0
20260704,000000,72W,46,2026,7,4,0,9.700000000000001,163.20000000000002,100800.0,2026-07-04,2026-07-04,1008.0
20260704,000000,72W,46,2026,7,4,0,9.9,162.0,100500.0,2026-07-04,2026-07-04,1005.0
20260704,000000,72W,46,2026,7,4,0,10.0,160.5,100800.0,2026-07-04,2026-07-04,1008.0
20260704,000000,72W,46,2026,7,4,0,10.5,159.0,100600.0,2026-07-04,2026-07-04,1006.0
20260704,000000,72W,46,2026,7,4,0,10.5,157.6,100800.0,2026-07-04,2026-07-04,1008.0
20260704,000000,72W,46,2026,7,4,0,11.200000000000001,156.0,100700.0,2026-07-04,2026-07-04,1007.0
20260704,000000,72W,46,2026,7,4,0,11.200000000000001,154.70000000000002,100900.0,2026-07-04,2026-07-04,1009.0
20260704,000000,72W,46,2026,7,4,0,11.9,153.3,100600.0,2026-07-04,2026-07-04,1006.0
20260704,000000,72W,46,2026,7,4,0,12.6,152.1,100600.0,2026-07-04,2026-07-04,1006.0
20260704,000000,72W,46,2026,7,4,0,13.1,150.8,100500.0,2026-07-04,2026-07-04,1005.0
20260704,000000,72W,46,2026,7,4,0,13.5,149.4,100500.0,2026-07-04,2026-07-04,1005.0
20260704,000000,72W,46,2026,7,4,0,14.0,148.20000000000002,100400.0,2026-07-04,2026-07-04,1004.0
20260704,000000,72W,46,2026,7,4,0,14.6,146.9,100600.0,2026-07-04,2026-07-04,1006.0
20260704,000000,72W,46,2026,7,4,0,14.700000000000001,145.9,100300.0,2026-07-04,2026-07-04,1003.0
20260704,000000,72W,46,2026,7,4,0,15.4,144.9,100700.0,2026-07-04,2026-07-04,1007.0
20260704,000000,72W,46,2026,7,4,0,15.700000000000001,143.5,100600.0,2026-07-04,2026-07-04,1006.0
20260704,000000,72W,46,2026,7,4,0,16.1,142.5,100800.0,2026-07-04,2026-07-04,1008.0
20260704,000000,72W,46,2026,7,4,0,16.4,141.9,100700.0,2026-07-04,2026-07-04,1007.0
20260704,000000,72W,46,2026,7,4,0,17.0,141.8,100900.0,2026-07-04,2026-07-04,1009.0
20260704,000000,72W,46,2026,7,4,0,17.8,141.20000000000002,100700.0,2026-07-04,2026-07-04,1007.0
20260704,000000,72W,46,2026,7,4,0,18.0,140.6,100800.0,2026-07-04,2026-07-04,1008.0
20260704,000000,72W,46,2026,7,4,0,18.3,140.6,100700.0,2026-07-04,2026-07-04,1007.0
20260704,000000,72W,46,2026,7,4,0,18.8,140.70000000000002,100600.0,2026-07-04,2026-07-04,1006.0
20260704,000000,72W,46,2026,7,4,0,20.900000000000002,139.20000000000002,100900.0,2026-07-04,2026-07-04,1009.0
20260704,000000,72W,46,2026,7,4,0,20.1,138.8,100700.0,2026-07-04,2026-07-04,1007.0
20260704,000000,72W,46,2026,7,4,0,20.8,138.20000000000002,100800.0,2026-07-04,2026-07-04,1008.0
20260704,000000,72W,46,2026,7,4,0,21.1,138.1,100800.0,2026-07-04,2026-07-04,1008.0
20260704,000000,72W,46,2026,7,4,0,20.7,137.6,101000.0,2026-07-04,2026-07-04,1010.0
20260704,000000,72W,46,2026,7,4,0,21.5,137.0,100800.0,2026-07-04,2026-07-04,1008.0
20260704,000000,72W,47,2026,7,4,0,35.4,126.0,100400.0,2026-07-04,2026-07-04,1004.0
20260704,000000,72W,47,2026,7,4,0,35.6,131.9,100100.0,2026-07-04,2026-07-04,1001.0
20260704,000000,72W,48,2026,7,4,0,10.5,161.0,100700.0,2026-07-04,2026-07-04,1007.0
20260704,000000,72W,48,2026,7,4,0,9.8,161.8,100900.0,2026-07-04,2026-07-04,1009.0
20260704,000000,72W,48,2026,7,4,0,10.8,157.70000000000002,100800.0,2026-07-04,2026-07-04,1008.0
20260704,000000,72W,48,2026,7,4,0,10.700000000000001,155.3,100500.0,2026-07-04,2026-07-04,1005.0
20260704,000000,72W,48,2026,7,4,0,10.4,153.3,100600.0,2026-07-04,2026-07-04,1006.0
20260704,000000,72W,48,2026,7,4,0,10.200000000000001,152.0,100500.0,2026-07-04,2026-07-04,1005.0
20260704,000000,72W,48,2026,7,4,0,10.700000000000001,150.70000000000002,100700.0,2026-07-04,2026-07-04,1007.0
20260704,000000,72W,48,2026,7,4,0,10.5,149.0,100500.0,2026-07-04,2026-07-04,1005.0
20260704,000000,72W,48,2026,7,4,0,10.700000000000001,147.4,100700.0,2026-07-04,2026-07-04,1007.0
20260704,000000,72W,48,2026,7,4,0,11.1,146.1,100200.0,2026-07-04,2026-07-04,1002.0
20260704,000000,72W,48,2026,7,4,0,11.700000000000001,145.3,100600.0,2026-07-04,2026-07-04,1006.0
20260704,000000,72W,48,2026,7,4,0,12.1,144.0,100400.0,2026-07-04,2026-07-04,1004.0
20260704,000000,72W,48,2026,7,4,0,12.700000000000001,142.5,100800.0,2026-07-04,2026-07-04,1008.0
20260704,000000,72W,48,2026,7,4,0,12.8,140.8,100600.0,2026-07-04,2026-07-04,1006.0
20260704,000000,72W,48,2026,7,4,0,12.8,139.9,100900.0,2026-07-04,2026-07-04,1009.0
20260704,000000,72W,48,2026,7,4,0,13.4,138.6,100900.0,2026-07-04,2026-07-04,1009.0
20260704,000000,72W,48,2026,7,4,0,13.6,138.0,100900.0,2026-07-04,2026-07-04,1009.0
20260704,000000,72W,48,2026,7,4,0,14.5,138.0,100700.0,2026-07-04,2026-07-04,1007.0
20260704,000000,72W,48,2026,7,4,0,15.0,137.9,100900.0,2026-07-04,2026-07-04,1009.0
20260704,000000,72W,48,2026,7,4,0,15.1,137.4,100700.0,2026-07-04,2026-07-04,1007.0
20260704,000000,72W,48,2026,7,4,0,16.2,139.6,100900.0,2026-07-04,2026-07-04,1009.0
20260704,000000,72W,48,2026,7,4,0,16.2,139.0,100800.0,2026-07-04,2026-07-04,1008.0
20260704,000000,72W,48,2026,7,4,0,15.6,140.0,100600.0,2026-07-04,2026-07-04,1006.0
20260704,000000,72W,48,2026,7,4,0,17.0,139.20000000000002,100800.0,2026-07-04,2026-07-04,1008.0
20260704,000000,72W,48,2026,7,4,0,17.6,140.70000000000002,100600.0,2026-07-04,2026-07-04,1006.0
20260704,000000,72W,48,2026,7,4,0,16.8,141.20000000000002,100800.0,2026-07-04,2026-07-04,1008.0
20260704,000000,72W,48,2026,7,4,0,19.5,139.9,100600.0,2026-07-04,2026-07-04,1006.0
20260704,000000,72W,48,2026,7,4,0,18.8,138.70000000000002,100700.0,2026-07-04,2026-07-04,1007.0
20260704,000000,72W,49,2026,7,4,0,5.1000000000000005,158.8,100900.0,2026-07-04,2026-07-04,1009.0
20260704,000000,72W,49,2026,7,4,0,6.7,158.5,100700.0,2026-07-04,2026-07-04,1007.0
20260704,000000,72W,49,2026,7,4,0,5.5,157.70000000000002,100600.0,2026-07-04,2026-07-04,1006.0
20260704,000000,72W,49,2026,7,4,0,5.0,154.70000000000002,100800.0,2026-07-04,2026-07-04,1008.0
20260704,000000,72W,50,2026,7,4,0,11.700000000000001,155.3,100700.0,2026-07-04,2026-07-04,1007.0
20260704,000000,72W,50,2026,7,4,0,13.1,153.70000000000002,100800.0,2026-07-04,2026-07-04,1008.0
20260704,000000,72W,51,2026,7,4,0,7.7,175.3,100900.0,2026-07-04,2026-07-04,1009.0
20260704,000000,72W,51,2026,7,4,0,9.6,171.8,100900.0,2026-07-04,2026-07-04,1009.0
20260704,000000,72W,51,2026,7,4,0,9.6,169.8,100700.0,2026-07-04,2026-07-04,1007.0
20260704,000000,72W,51,2026,7,4,0,7.1000000000000005,169.3,100900.0,2026-07-04,2026-07-04,1009.0
20260704,000000,72W,51,2026,7,4,0,9.1,166.1,100900.0,2026-07-04,2026-07-04,1009.0
20260704,000000,72W,51,2026,7,4,0,9.9,165.70000000000002,100700.0,2026-07-04,2026-07-04,1007.0
20260704,000000,72W,51,2026,7,4,0,10.6,163.4,100900.0,2026-07-04,2026-07-04,1009.0
20260704,000000,72W,51,2026,7,4,0,10.6,162.70000000000002,100700.0,2026-07-04,2026-07-04,1007.0
20260704,000000,72W,51,2026,7,4,0,10.5,160.70000000000002,100900.0,2026-07-04,2026-07-04,1009.0
20260704,000000,72W,51,2026,7,4,0,11.3,159.4,100700.0,2026-07-04,2026-07-04,1007.0
20260704,000000,72W,51,2026,7,4,0,11.4,157.70000000000002,100800.0,2026-07-04,2026-07-04,1008.0
20260704,000000,72W,51,2026,7,4,0,11.200000000000001,156.3,100600.0,2026-07-04,2026-07-04,1006.0
20260704,000000,72W,51,2026,7,4,0,11.9,155.20000000000002,100800.0,2026-07-04,2026-07-04,1008.0
20260704,000000,72W,51,2026,7,4,0,12.0,153.70000000000002,100500.0,2026-07-04,2026-07-04,1005.0
20260704,000000,72W,51,2026,7,4,0,12.6,152.1,100700.0,2026-07-04,2026-07-04,1007.0
20260704,000000,72W,51,2026,7,4,0,12.9,151.3,100400.0,2026-07-04,2026-07-04,1004.0
20260704,000000,72W,51,2026,7,4,0,13.700000000000001,149.9,100500.0,2026-07-04,2026-07-04,1005.0
20260704,000000,72W,51,2026,7,4,0,14.3,148.8,100200.0,2026-07-04,2026-07-04,1002.0
20260704,000000,72W,51,2026,7,4,0,15.0,147.70000000000002,100200.0,2026-07-04,2026-07-04,1002.0
20260704,000000,72W,51,2026,7,4,0,15.9,147.0,99900.0,2026-07-04,2026-07-04,999.0
20260704,000000,72W,51,2026,7,4,0,16.7,146.3,99900.0,2026-07-04,2026-07-04,999.0
20260704,000000,72W,51,2026,7,4,0,17.7,145.6,99500.0,2026-07-04,2026-07-04,995.0
20260704,000000,72W,51,2026,7,4,0,18.7,145.20000000000002,99500.0,2026-07-04,2026-07-04,995.0
20260704,000000,72W,51,2026,7,4,0,19.8,145.0,99000.0,2026-07-04,2026-07-04,990.0
20260704,000000,72W,51,2026,7,4,0,20.900000000000002,144.9,99300.0,2026-07-04,2026-07-04,993.0
20260704,000000,72W,51,2026,7,4,0,22.3,144.9,99000.0,2026-07-04,2026-07-04,990.0
20260704,000000,72W,51,2026,7,4,0,23.8,145.1,98500.0,2026-07-04,2026-07-04,985.0
20260704,000000,72W,51,2026,7,4,0,25.3,145.20000000000002,97900.0,2026-07-04,2026-07-04,979.0
20260704,000000,72W,51,2026,7,4,0,26.6,145.4,97600.0,2026-07-04,2026-07-04,976.0
20260704,000000,72W,51,2026,7,4,0,27.7,145.6,97200.0,2026-07-04,2026-07-04,972.0
20260704,000000,72W,51,2026,7,4,0,28.5,145.8,97200.0,2026-07-04,2026-07-04,972.0
20260704,000000,72W,51,2026,7,4,0,29.1,146.1,97100.0,2026-07-04,2026-07-04,971.0
20260704,000000,72W,51,2026,7,4,0,29.400000000000002,146.5,97200.0,2026-07-04,2026-07-04,972.0
20260704,000000,72W,51,2026,7,4,0,29.5,146.8,97900.0,2026-07-04,2026-07-04,979.0
20260704,000000,72W,51,2026,7,4,0,29.400000000000002,147.0,98600.0,2026-07-04,2026-07-04,986.0
20260704,000000,72W,51,2026,7,4,0,29.3,147.5,98700.0,2026-07-04,2026-07-04,987.0
20260704,000000,72W,51,2026,7,4,0,28.900000000000002,147.6,99100.0,2026-07-04,2026-07-04,991.0
20260704,000000,72W,51,2026,7,4,0,28.7,148.1,99100.0,2026-07-04,2026-07-04,991.0
20260704,000000,72W,51,2026,7,4,0,28.400000000000002,148.5,99200.0,2026-07-04,2026-07-04,992.0
20260704,000000,72W,51,2026,7,4,0,28.400000000000002,149.0,98800.0,2026-07-04,2026-07-04,988.0
20260704,000000,72W,51,2026,7,4,0,28.2,149.4,99000.0,2026-07-04,2026-07-04,990.0
20260704,000000,72W,51,2026,7,4,0,28.7,149.4,98800.0,2026-07-04,2026-07-04,988.0
20260704,000000,72W,51,2026,7,4,0,29.2,149.3,98400.0,2026-07-04,2026-07-04,984.0
20260704,000000,72W,51,2026,7,4,0,29.6,149.70000000000002,98300.0,2026-07-04,2026-07-04,983.0
20260704,000000,72W,51,2026,7,4,0,29.900000000000002,149.8,98100.0,2026-07-04,2026-07-04,981.0
20260704,000000,72W,51,2026,7,4,0,30.400000000000002,150.1,98200.0,2026-07-04,2026-07-04,982.0
20260704,000000,72W,51,2026,7,4,0,31.0,150.3,98400.0,2026-07-04,2026-07-04,984.0
20260704,000000,73W,1,2026,7,4,0,8.1,175.0,101100.0,2026-07-04,2026-07-04,1011.0
20260704,000000,73W,1,2026,7,4,0,6.8,170.9,100900.0,2026-07-04,2026-07-04,1009.0
20260704,000000,73W,1,2026,7,4,0,5.7,171.6,101100.0,2026-07-04,2026-07-04,1011.0
20260704,000000,73W,1,2026,7,4,0,6.6000000000000005,170.5,100900.0,2026-07-04,2026-07-04,1009.0
20260704,000000,73W,1,2026,7,4,0,6.9,172.5,100800.0,2026-07-04,2026-07-04,1008.0
20260704,000000,73W,1,2026,7,4,0,8.0,171.20000000000002,100900.0,2026-07-04,2026-07-04,1009.0
20260704,000000,73W,1,2026,7,4,0,8.4,171.20000000000002,100500.0,2026-07-04,2026-07-04,1005.0
20260704,000000,73W,1,2026,7,4,0,8.2,170.70000000000002,100600.0,2026-07-04,2026-07-04,1006.0
20260704,000000,73W,1,2026,7,4,0,8.6,170.0,100300.0,2026-07-04,2026-07-04,1003.0
20260704,000000,73W,1,2026,7,4,0,9.200000000000001,169.20000000000002,100100.0,2026-07-04,2026-07-04,1001.0
20260704,000000,73W,1,2026,7,4,0,10.0,168.4,99700.0,2026-07-04,2026-07-04,997.0
20260704,000000,73W,1,2026,7,4,0,10.700000000000001,167.4,99700.0,2026-07-04,2026-07-04,997.0
20260704,000000,73W,1,2026,7,4,0,10.9,166.20000000000002,99100.0,2026-07-04,2026-07-04,991.0
20260704,000000,73W,1,2026,7,4,0,11.4,165.3,98500.0,2026-07-04,2026-07-04,985.0
20260704,000000,73W,1,2026,7,4,0,12.1,164.3,97700.0,2026-07-04,2026-07-04,977.0
20260704,000000,73W,1,2026,7,4,0,12.700000000000001,163.6,97200.0,2026-07-04,2026-07-04,972.0
20260704,000000,73W,1,2026,7,4,0,13.6,162.5,96300.0,2026-07-04,2026-07-04,963.0
20260704,000000,73W,1,2026,7,4,0,14.3,161.4,95100.0,2026-07-04,2026-07-04,951.0
20260704,000000,73W,1,2026,7,4,0,15.0,160.3,93900.0,2026-07-04,2026-07-04,939.0
20260704,000000,73W,1,2026,7,4,0,15.5,159.3,93600.0,2026-07-04,2026-07-04,936.0
20260704,000000,73W,1,2026,7,4,0,16.0,158.3,93400.0,2026-07-04,2026-07-04,934.0
20260704,000000,73W,1,2026,7,4,0,16.4,157.5,94900.0,2026-07-04,2026-07-04,949.0
20260704,000000,73W,1,2026,7,4,0,16.7,156.70000000000002,95600.0,2026-07-04,2026-07-04,956.0
20260704,000000,73W,1,2026,7,4,0,17.0,155.9,96100.0,2026-07-04,2026-07-04,961.0
20260704,000000,73W,1,2026,7,4,0,17.3,155.0,96100.0,2026-07-04,2026-07-04,961.0
20260704,000000,73W,1,2026,7,4,0,17.6,154.4,96100.0,2026-07-04,2026-07-04,961.0
20260704,000000,73W,1,2026,7,4,0,17.900000000000002,153.70000000000002,95700.0,2026-07-04,2026-07-04,957.0
20260704,000000,73W,1,2026,7,4,0,18.3,153.0,95800.0,2026-07-04,2026-07-04,958.0
20260704,000000,73W,1,2026,7,4,0,19.0,152.4,95700.0,2026-07-04,2026-07-04,957.0
20260704,000000,73W,1,2026,7,4,0,19.6,151.5,96200.0,2026-07-04,2026-07-04,962.0
20260704,000000,73W,2,2026,7,4,0,9.6,147.4,100700.0,2026-07-04,2026-07-04,1007.0
20260704,000000,73W,2,2026,7,4,0,9.5,146.70000000000002,100500.0,2026-07-04,2026-07-04,1005.0
20260704,000000,73W,2,2026,7,4,0,9.700000000000001,144.9,100700.0,2026-07-04,2026-07-04,1007.0
20260704,000000,73W,2,2026,7,4,0,9.9,145.1,100500.0,2026-07-04,2026-07-04,1005.0
20260704,000000,73W,2,2026,7,4,0,10.6,144.4,100700.0,2026-07-04,2026-07-04,1007.0
20260704,000000,73W,2,2026,7,4,0,11.200000000000001,143.9,100500.0,2026-07-04,2026-07-04,1005.0
20260704,000000,73W,2,2026,7,4,0,12.0,143.4,100800.0,2026-07-04,2026-07-04,1008.0
20260704,000000,73W,2,2026,7,4,0,12.1,143.0,100600.0,2026-07-04,2026-07-04,1006.0
20260704,000000,73W,2,2026,7,4,0,13.1,141.6,100700.0,2026-07-04,2026-07-04,1007.0
20260704,000000,73W,2,2026,7,4,0,12.3,141.1,100500.0,2026-07-04,2026-07-04,1005.0
20260704,000000,73W,2,2026,7,4,0,13.8,141.0,100700.0,2026-07-04,2026-07-04,1007.0
20260704,000000,73W,2,2026,7,4,0,13.200000000000001,140.20000000000002,100700.0,2026-07-04,2026-07-04,1007.0
20260704,000000,73W,2,2026,7,4,0,13.8,139.9,100500.0,2026-07-04,2026-07-04,1005.0
20260704,000000,73W,2,2026,7,4,0,14.3,140.3,100700.0,2026-07-04,2026-07-04,1007.0
20260704,000000,73W,2,2026,7,4,0,14.8,139.1,100500.0,2026-07-04,2026-07-04,1005.0
20260704,000000,73W,2,2026,7,4,0,14.3,139.70000000000002,100600.0,2026-07-04,2026-07-04,1006.0
20260704,000000,73W,2,2026,7,4,0,14.700000000000001,140.20000000000002,100400.0,2026-07-04,2026-07-04,1004.0
20260704,000000,73W,2,2026,7,4,0,15.0,140.6,100600.0,2026-07-04,2026-07-04,1006.0
20260704,000000,73W,2,2026,7,4,0,15.6,141.3,100400.0,2026-07-04,2026-07-04,1004.0
20260704,000000,73W,2,2026,7,4,0,16.5,141.3,100500.0,2026-07-04,2026-07-04,1005.0
20260704,000000,73W,2,2026,7,4,0,17.6,141.3,100200.0,2026-07-04,2026-07-04,1002.0
20260704,000000,73W,2,2026,7,4,0,18.1,140.9,100400.0,2026-07-04,2026-07-04,1004.0
20260704,000000,73W,2,2026,7,4,0,18.8,140.4,100100.0,2026-07-04,2026-07-04,1001.0
20260704,000000,73W,2,2026,7,4,0,19.6,139.70000000000002,100100.0,2026-07-04,2026-07-04,1001.0
20260704,000000,73W,2,2026,7,4,0,20.2,139.20000000000002,99900.0,2026-07-04,2026-07-04,999.0
20260704,000000,73W,2,2026,7,4,0,20.400000000000002,138.70000000000002,99700.0,2026-07-04,2026-07-04,997.0
20260704,000000,73W,2,2026,7,4,0,20.8,138.0,99300.0,2026-07-04,2026-07-04,993.0
20260704,000000,73W,2,2026,7,4,0,21.1,137.3,99200.0,2026-07-04,2026-07-04,992.0
20260704,000000,73W,2,2026,7,4,0,21.0,136.4,98900.0,2026-07-04,2026-07-04,989.0
20260704,000000,73W,2,2026,7,4,0,20.7,135.6,98100.0,2026-07-04,2026-07-04,981.0
20260704,000000,73W,2,2026,7,4,0,20.400000000000002,134.6,97200.0,2026-07-04,2026-07-04,972.0
20260704,000000,73W,2,2026,7,4,0,20.1,133.8,96600.0,2026-07-04,2026-07-04,966.0
20260704,000000,73W,3,2026,7,4,0,5.4,168.6,100600.0,2026-07-04,2026-07-04,1006.0
20260704,000000,73W,3,2026,7,4,0,3.0,168.20000000000002,100700.0,2026-07-04,2026-07-04,1007.0
20260704,000000,73W,4,2026,7,4,0,34.6,133.9,100500.0,2026-07-04,2026-07-04,1005.0
20260704,000000,73W,4,2026,7,4,0,33.5,134.5,100700.0,2026-07-04,2026-07-04,1007.0
20260704,000000,73W,4,2026,7,4,0,32.4,138.3,100800.0,2026-07-04,2026-07-04,1008.0
20260704,000000,73W,5,2026,7,4,0,11.200000000000001,165.70000000000002,100800.0,2026-07-04,2026-07-04,1008.0
20260704,000000,73W,5,2026,7,4,0,13.3,164.9,101000.0,2026-07-04,2026-07-04,1010.0
20260704,000000,73W,5,2026,7,4,0,14.8,160.5,101000.0,2026-07-04,2026-07-04,1010.0
20260704,000000,73W,5,2026,7,4,0,14.200000000000001,156.3,101000.0,2026-07-04,2026-07-04,1010.0
20260704,000000,73W,6,2026,7,4,0,5.7,176.3,100900.0,2026-07-04,2026-07-04,1009.0
20260704,000000,73W,6,2026,7,4,0,8.6,172.3,101000.0,2026-07-04,2026-07-04,1010.0
20260704,000000,73W,6,2026,7,4,0,8.9,168.8,100900.0,2026-07-04,2026-07-04,1009.0
20260704,000000,73W,6,2026,7,4,0,8.6,168.8,100800.0,2026-07-04,2026-07-04,1008.0
20260704,000000,73W,6,2026,7,4,0,11.200000000000001,167.8,100800.0,2026-07-04,2026-07-04,1008.0
20260704,000000,73W,6,2026,7,4,0,11.9,167.8,100900.0,2026-07-04,2026-07-04,1009.0
20260704,000000,73W,6,2026,7,4,0,11.4,166.20000000000002,100700.0,2026-07-04,2026-07-04,1007.0
20260704,000000,73W,6,2026,7,4,0,11.4,165.70000000000002,100800.0,2026-07-04,2026-07-04,1008.0
20260704,000000,73W,6,2026,7,4,0,11.700000000000001,165.0,100600.0,2026-07-04,2026-07-04,1006.0
20260704,000000,73W,6,2026,7,4,0,12.200000000000001,164.8,100700.0,2026-07-04,2026-07-04,1007.0
20260704,000000,73W,6,2026,7,4,0,12.9,164.0,100500.0,2026-07-04,2026-07-04,1005.0
20260704,000000,73W,6,2026,7,4,0,13.6,163.20000000000002,100700.0,2026-07-04,2026-07-04,1007.0
20260704,000000,73W,6,2026,7,4,0,13.6,162.3,100500.0,2026-07-04,2026-07-04,1005.0
20260704,000000,73W,6,2026,7,4,0,14.1,160.9,100700.0,2026-07-04,2026-07-04,1007.0
20260704,000000,73W,6,2026,7,4,0,14.3,159.4,100600.0,2026-07-04,2026-07-04,1006.0
20260704,000000,73W,6,2026,7,4,0,13.6,157.1,100600.0,2026-07-04,2026-07-04,1006.0
20260704,000000,73W,6,2026,7,4,0,12.4,158.4,100700.0,2026-07-04,2026-07-04,1007.0
20260704,000000,73W,6,2026,7,4,0,11.8,159.0,100300.0,2026-07-04,2026-07-04,1003.0
20260704,000000,73W,6,2026,7,4,0,12.5,158.70000000000002,100000.0,2026-07-04,2026-07-04,1000.0
20260704,000000,73W,6,2026,7,4,0,12.5,158.4,99000.0,2026-07-04,2026-07-04,990.0
20260704,000000,73W,6,2026,7,4,0,12.700000000000001,158.1,98500.0,2026-07-04,2026-07-04,985.0
20260704,000000,73W,7,2026,7,4,0,9.4,169.5,100800.0,2026-07-04,2026-07-04,1008.0
20260704,000000,73W,7,2026,7,4,0,10.0,169.5,100900.0,2026-07-04,2026-07-04,1009.0
20260704,000000,73W,7,2026,7,4,0,9.5,168.5,100700.0,2026-07-04,2026-07-04,1007.0
20260704,000000,73W,7,2026,7,4,0,9.5,168.5,100800.0,2026-07-04,2026-07-04,1008.0
20260704,000000,73W,7,2026,7,4,0,9.8,166.3,100700.0,2026-07-04,2026-07-04,1007.0
20260704,000000,73W,7,2026,7,4,0,9.1,166.5,100700.0,2026-07-04,2026-07-04,1007.0
20260704,000000,73W,7,2026,7,4,0,9.5,166.5,100500.0,2026-07-04,2026-07-04,1005.0
20260704,000000,73W,7,2026,7,4,0,9.6,166.1,100600.0,2026-07-04,2026-07-04,1006.0
20260704,000000,73W,7,2026,7,4,0,9.6,165.8,100400.0,2026-07-04,2026-07-04,1004.0
20260704,000000,73W,7,2026,7,4,0,9.4,165.4,100500.0,2026-07-04,2026-07-04,1005.0
20260704,000000,73W,7,2026,7,4,0,9.3,165.6,100200.0,2026-07-04,2026-07-04,1002.0
20260704,000000,73W,7,2026,7,4,0,9.3,165.3,100300.0,2026-07-04,2026-07-04,1003.0
20260704,000000,73W,7,2026,7,4,0,9.5,165.6,100000.0,2026-07-04,2026-07-04,1000.0
20260704,000000,73W,7,2026,7,4,0,9.700000000000001,165.3,100300.0,2026-07-04,2026-07-04,1003.0
20260704,000000,73W,7,2026,7,4,0,10.0,164.9,100100.0,2026-07-04,2026-07-04,1001.0
20260704,000000,73W,7,2026,7,4,0,10.0,164.5,100300.0,2026-07-04,2026-07-04,1003.0
20260704,000000,73W,7,2026,7,4,0,10.200000000000001,163.6,100100.0,2026-07-04,2026-07-04,1001.0
20260704,000000,73W,7,2026,7,4,0,10.3,162.9,100300.0,2026-07-04,2026-07-04,1003.0
20260704,000000,73W,7,2026,7,4,0,10.200000000000001,162.70000000000002,100000.0,2026-07-04,2026-07-04,1000.0
20260704,000000,73W,7,2026,7,4,0,10.0,162.4,100000.0,2026-07-04,2026-07-04,1000.0
20260704,000000,73W,7,2026,7,4,0,10.6,162.5,99800.0,2026-07-04,2026-07-04,998.0
20260704,000000,73W,7,2026,7,4,0,11.0,162.20000000000002,99900.0,2026-07-04,2026-07-04,999.0
20260704,000000,73W,7,2026,7,4,0,11.200000000000001,162.0,99700.0,2026-07-04,2026-07-04,997.0
20260704,000000,73W,7,2026,7,4,0,11.5,161.70000000000002,99800.0,2026-07-04,2026-07-04,998.0
20260704,000000,73W,7,2026,7,4,0,11.8,161.5,99500.0,2026-07-04,2026-07-04,995.0
20260704,000000,73W,7,2026,7,4,0,11.9,161.0,99600.0,2026-07-04,2026-07-04,996.0
20260704,000000,73W,7,2026,7,4,0,12.1,160.8,99300.0,2026-07-04,2026-07-04,993.0
20260704,000000,73W,7,2026,7,4,0,12.4,160.5,99200.0,2026-07-04,2026-07-04,992.0
20260704,000000,73W,7,2026,7,4,0,12.6,160.3,99000.0,2026-07-04,2026-07-04,990.0
20260704,000000,73W,7,2026,7,4,0,13.0,160.1,99100.0,2026-07-04,2026-07-04,991.0
20260704,000000,73W,7,2026,7,4,0,13.3,159.9,98700.0,2026-07-04,2026-07-04,987.0
20260704,000000,73W,7,2026,7,4,0,13.8,159.9,98800.0,2026-07-04,2026-07-04,988.0
20260704,000000,73W,8,2026,7,4,0,33.7,136.1,100600.0,2026-07-04,2026-07-04,1006.0
20260704,000000,73W,8,2026,7,4,0,33.7,137.8,100500.0,2026-07-04,2026-07-04,1005.0
20260704,000000,73W,8,2026,7,4,0,33.8,138.0,100500.0,2026-07-04,2026-07-04,1005.0
20260704,000000,73W,8,2026,7,4,0,33.3,138.3,100500.0,2026-07-04,2026-07-04,1005.0
20260704,000000,73W,9,2026,7,4,0,6.6000000000000005,174.0,100700.0,2026-07-04,2026-07-04,1007.0
20260704,000000,73W,9,2026,7,4,0,8.6,169.1,100700.0,2026-07-04,2026-07-04,1007.0
20260704,000000,73W,9,2026,7,4,0,8.6,168.5,100600.0,2026-07-04,2026-07-04,1006.0
20260704,000000,73W,9,2026,7,4,0,9.3,170.4,100700.0,2026-07-04,2026-07-04,1007.0
20260704,000000,73W,9,2026,7,4,0,7.0,169.9,100700.0,2026-07-04,2026-07-04,1007.0
20260704,000000,73W,9,2026,7,4,0,9.5,168.3,100600.0,2026-07-04,2026-07-04,1006.0
20260704,000000,73W,9,2026,7,4,0,10.1,166.70000000000002,100400.0,2026-07-04,2026-07-04,1004.0
20260704,000000,73W,9,2026,7,4,0,8.8,166.4,100600.0,2026-07-04,2026-07-04,1006.0
20260704,000000,73W,9,2026,7,4,0,11.1,166.0,100100.0,2026-07-04,2026-07-04,1001.0
20260704,000000,73W,9,2026,7,4,0,11.4,164.5,99700.0,2026-07-04,2026-07-04,997.0
20260704,000000,73W,9,2026,7,4,0,10.4,164.0,99600.0,2026-07-04,2026-07-04,996.0
20260704,000000,73W,9,2026,7,4,0,11.200000000000001,164.70000000000002,99000.0,2026-07-04,2026-07-04,990.0
20260704,000000,73W,9,2026,7,4,0,11.1,164.8,99000.0,2026-07-04,2026-07-04,990.0
20260704,000000,73W,9,2026,7,4,0,12.4,165.4,98700.0,2026-07-04,2026-07-04,987.0
20260704,000000,73W,9,2026,7,4,0,12.700000000000001,165.0,98100.0,2026-07-04,2026-07-04,981.0
20260704,000000,73W,9,2026,7,4,0,14.0,164.8,97500.0,2026-07-04,2026-07-04,975.0
20260704,000000,73W,9,2026,7,4,0,15.1,164.8,97300.0,2026-07-04,2026-07-04,973.0
20260704,000000,73W,9,2026,7,4,0,16.2,164.70000000000002,96800.0,2026-07-04,2026-07-04,968.0
20260704,000000,73W,9,2026,7,4,0,17.1,165.0,96500.0,2026-07-04,2026-07-04,965.0
20260704,000000,73W,9,2026,7,4,0,18.3,164.9,96200.0,2026-07-04,2026-07-04,962.0
20260704,000000,73W,9,2026,7,4,0,19.3,164.5,96100.0,2026-07-04,2026-07-04,961.0
20260704,000000,73W,9,2026,7,4,0,20.5,164.6,95700.0,2026-07-04,2026-07-04,957.0
20260704,000000,73W,9,2026,7,4,0,21.400000000000002,164.3,95600.0,2026-07-04,2026-07-04,956.0
20260704,000000,73W,9,2026,7,4,0,22.2,164.20000000000002,95600.0,2026-07-04,2026-07-04,956.0
20260704,000000,73W,9,2026,7,4,0,23.0,163.9,95700.0,2026-07-04,2026-07-04,957.0
20260704,000000,73W,10,2026,7,4,0,1.6,155.9,100800.0,2026-07-04,2026-07-04,1008.0
20260704,000000,73W,10,2026,7,4,0,4.1,154.3,101000.0,2026-07-04,2026-07-04,1010.0
20260704,000000,73W,10,2026,7,4,0,5.9,152.5,100700.0,2026-07-04,2026-07-04,1007.0
20260704,000000,73W,11,2026,7,4,0,9.3,145.8,100800.0,2026-07-04,2026-07-04,1008.0
20260704,000000,73W,11,2026,7,4,0,9.8,139.5,100800.0,2026-07-04,2026-07-04,1008.0
20260704,000000,73W,11,2026,7,4,0,9.6,137.9,100400.0,2026-07-04,2026-07-04,1004.0
20260704,000000,73W,11,2026,7,4,0,10.1,137.20000000000002,100500.0,2026-07-04,2026-07-04,1005.0
20260704,000000,73W,11,2026,7,4,0,10.5,136.0,99900.0,2026-07-04,2026-07-04,999.0
20260704,000000,73W,11,2026,7,4,0,11.200000000000001,135.7,100100.0,2026-07-04,2026-07-04,1001.0
20260704,000000,73W,11,2026,7,4,0,11.200000000000001,134.4,99700.0,2026-07-04,2026-07-04,997.0
20260704,000000,73W,11,2026,7,4,0,12.3,134.5,99900.0,2026-07-04,2026-07-04,999.0
20260704,000000,73W,11,2026,7,4,0,13.1,133.3,99500.0,2026-07-04,2026-07-04,995.0
20260704,000000,73W,11,2026,7,4,0,13.700000000000001,131.8,99200.0,2026-07-04,2026-07-04,992.0
20260704,000000,73W,11,2026,7,4,0,14.0,130.6,98500.0,2026-07-04,2026-07-04,985.0
20260704,000000,73W,11,2026,7,4,0,14.4,129.6,97000.0,2026-07-04,2026-07-04,970.0
20260704,000000,73W,11,2026,7,4,0,14.700000000000001,128.6,97000.0,2026-07-04,2026-07-04,970.0
20260704,000000,73W,11,2026,7,4,0,15.0,127.8,97000.0,2026-07-04,2026-07-04,970.0
20260704,000000,73W,11,2026,7,4,0,15.200000000000001,127.4,95500.0,2026-07-04,2026-07-04,955.0
20260704,000000,73W,11,2026,7,4,0,15.700000000000001,127.0,95400.0,2026-07-04,2026-07-04,954.0
20260704,000000,73W,11,2026,7,4,0,16.5,126.3,96500.0,2026-07-04,2026-07-04,965.0
20260704,000000,73W,11,2026,7,4,0,17.1,126.0,96700.0,2026-07-04,2026-07-04,967.0
20260704,000000,73W,11,2026,7,4,0,17.8,125.7,97300.0,2026-07-04,2026-07-04,973.0
20260704,000000,73W,11,2026,7,4,0,18.8,126.0,97800.0,2026-07-04,2026-07-04,978.0
20260704,000000,73W,11,2026,7,4,0,19.5,125.2,98000.0,2026-07-04,2026-07-04,980.0
20260704,000000,73W,11,2026,7,4,0,19.400000000000002,125.3,96800.0,2026-07-04,2026-07-04,968.0
20260704,000000,73W,11,2026,7,4,0,19.8,125.5,96400.0,2026-07-04,2026-07-04,964.0
20260704,000000,73W,11,2026,7,4,0,20.2,125.60000000000001,96900.0,2026-07-04,2026-07-04,969.0
20260704,000000,73W,11,2026,7,4,0,20.7,125.8,96800.0,2026-07-04,2026-07-04,968.0
20260704,000000,73W,11,2026,7,4,0,20.900000000000002,126.0,96800.0,2026-07-04,2026-07-04,968.0
20260704,000000,73W,11,2026,7,4,0,21.400000000000002,126.2,96300.0,2026-07-04,2026-07-04,963.0
20260704,000000,73W,11,2026,7,4,0,21.8,125.8,96500.0,2026-07-04,2026-07-04,965.0
20260704,000000,73W,11,2026,7,4,0,22.3,125.60000000000001,96500.0,2026-07-04,2026-07-04,965.0
20260704,000000,73W,11,2026,7,4,0,22.400000000000002,125.10000000000001,96400.0,2026-07-04,2026-07-04,964.0
20260704,000000,73W,12,2026,7,4,0,33.1,111.9,99900.0,2026-07-04,2026-07-04,999.0
20260704,000000,73W,12,2026,7,4,0,36.9,117.0,99500.0,2026-07-04,2026-07-04,995.0
20260704,000000,73W,12,2026,7,4,0,37.4,117.9,99500.0,2026-07-04,2026-07-04,995.0
20260704,000000,73W,12,2026,7,4,0,37.2,119.4,99500.0,2026-07-04,2026-07-04,995.0
20260704,000000,73W,12,2026,7,4,0,37.6,121.2,99300.0,2026-07-04,2026-07-04,993.0
20260704,000000,73W,12,2026,7,4,0,38.0,121.4,99300.0,2026-07-04,2026-07-04,993.0
20260704,000000,73W,12,2026,7,4,0,38.800000000000004,123.60000000000001,99400.0,2026-07-04,2026-07-04,994.0
20260704,000000,73W,12,2026,7,4,0,38.2,122.60000000000001,99600.0,2026-07-04,2026-07-04,996.0
20260704,000000,73W,13,2026,7,4,0,7.7,173.20000000000002,100900.0,2026-07-04,2026-07-04,1009.0
20260704,000000,73W,13,2026,7,4,0,10.8,168.6,100900.0,2026-07-04,2026-07-04,1009.0
20260704,000000,73W,13,2026,7,4,0,10.8,166.8,100700.0,2026-07-04,2026-07-04,1007.0
20260704,000000,73W,13,2026,7,4,0,10.6,165.70000000000002,100900.0,2026-07-04,2026-07-04,1009.0
20260704,000000,73W,13,2026,7,4,0,10.5,165.20000000000002,100700.0,2026-07-04,2026-07-04,1007.0
20260704,000000,73W,13,2026,7,4,0,11.200000000000001,164.9,100800.0,2026-07-04,2026-07-04,1008.0
20260704,000000,73W,13,2026,7,4,0,11.8,164.20000000000002,100500.0,2026-07-04,2026-07-04,1005.0
20260704,000000,73W,13,2026,7,4,0,12.4,163.6,100700.0,2026-07-04,2026-07-04,1007.0
20260704,000000,73W,13,2026,7,4,0,13.200000000000001,162.9,100400.0,2026-07-04,2026-07-04,1004.0
20260704,000000,73W,13,2026,7,4,0,14.1,161.5,100600.0,2026-07-04,2026-07-04,1006.0
20260704,000000,73W,13,2026,7,4,0,14.5,160.5,100400.0,2026-07-04,2026-07-04,1004.0
20260704,000000,73W,13,2026,7,4,0,14.3,159.8,100600.0,2026-07-04,2026-07-04,1006.0
20260704,000000,73W,13,2026,7,4,0,14.8,159.6,100300.0,2026-07-04,2026-07-04,1003.0
20260704,000000,73W,13,2026,7,4,0,15.6,159.5,100300.0,2026-07-04,2026-07-04,1003.0
20260704,000000,73W,13,2026,7,4,0,16.6,159.1,100000.0,2026-07-04,2026-07-04,1000.0
20260704,000000,73W,13,2026,7,4,0,17.900000000000002,158.20000000000002,99900.0,2026-07-04,2026-07-04,999.0
20260704,000000,73W,13,2026,7,4,0,19.3,158.4,99400.0,2026-07-04,2026-07-04,994.0
20260704,000000,73W,13,2026,7,4,0,20.7,158.3,99100.0,2026-07-04,2026-07-04,991.0
20260704,000000,73W,13,2026,7,4,0,22.6,158.3,98600.0,2026-07-04,2026-07-04,986.0
20260704,000000,73W,13,2026,7,4,0,24.6,158.5,98700.0,2026-07-04,2026-07-04,987.0
20260704,000000,73W,13,2026,7,4,0,26.8,158.6,98100.0,2026-07-04,2026-07-04,981.0
20260704,000000,73W,13,2026,7,4,0,29.1,159.1,97500.0,2026-07-04,2026-07-04,975.0
20260704,000000,73W,13,2026,7,4,0,31.5,159.3,97900.0,2026-07-04,2026-07-04,979.0
20260704,000000,73W,13,2026,7,4,0,33.7,159.9,98200.0,2026-07-04,2026-07-04,982.0
20260704,000000,73W,13,2026,7,4,0,35.6,160.8,98400.0,2026-07-04,2026-07-04,984.0
20260704,000000,73W,13,2026,7,4,0,36.800000000000004,162.0,98900.0,2026-07-04,2026-07-04,989.0
20260704,000000,73W,13,2026,7,4,0,37.4,162.9,99300.0,2026-07-04,2026-07-04,993.0
20260704,000000,73W,13,2026,7,4,0,37.7,164.3,99800.0,2026-07-04,2026-07-04,998.0
20260704,000000,73W,13,2026,7,4,0,38.0,165.3,100100.0,2026-07-04,2026-07-04,1001.0
20260704,000000,73W,13,2026,7,4,0,38.300000000000004,166.1,100400.0,2026-07-04,2026-07-04,1004.0
20260704,000000,73W,13,2026,7,4,0,38.6,166.70000000000002,100600.0,2026-07-04,2026-07-04,1006.0
20260704,000000,73W,13,2026,7,4,0,38.6,167.4,100900.0,2026-07-04,2026-07-04,1009.0
20260704,000000,73W,13,2026,7,4,0,38.7,168.20000000000002,101000.0,2026-07-04,2026-07-04,1010.0
20260704,000000,73W,13,2026,7,4,0,39.300000000000004,169.6,101100.0,2026-07-04,2026-07-04,1011.0
20260704,000000,73W,13,2026,7,4,0,39.800000000000004,170.5,101200.0,2026-07-04,2026-07-04,1012.0
20260704,000000,73W,13,2026,7,4,0,40.5,171.8,101200.0,2026-07-04,2026-07-04,1012.0
20260704,000000,73W,13,2026,7,4,0,41.4,173.1,101200.0,2026-07-04,2026-07-04,1012.0
20260704,000000,73W,14,2026,7,4,0,10.700000000000001,167.20000000000002,100800.0,2026-07-04,2026-07-04,1008.0
20260704,000000,73W,14,2026,7,4,0,10.200000000000001,163.4,100900.0,2026-07-04,2026-07-04,1009.0
20260704,000000,73W,14,2026,7,4,0,9.4,162.20000000000002,100700.0,2026-07-04,2026-07-04,1007.0
20260704,000000,73W,14,2026,7,4,0,10.4,162.20000000000002,100900.0,2026-07-04,2026-07-04,1009.0
20260704,000000,73W,14,2026,7,4,0,9.6,159.4,100700.0,2026-07-04,2026-07-04,1007.0
20260704,000000,73W,14,2026,7,4,0,9.6,158.8,100900.0,2026-07-04,2026-07-04,1009.0
20260704,000000,73W,14,2026,7,4,0,10.200000000000001,158.6,100700.0,2026-07-04,2026-07-04,1007.0
20260704,000000,73W,14,2026,7,4,0,10.6,158.4,100900.0,2026-07-04,2026-07-04,1009.0
20260704,000000,73W,14,2026,7,4,0,10.3,157.20000000000002,100700.0,2026-07-04,2026-07-04,1007.0
20260704,000000,73W,14,2026,7,4,0,10.5,156.4,100800.0,2026-07-04,2026-07-04,1008.0
20260704,000000,73W,14,2026,7,4,0,9.4,155.5,100600.0,2026-07-04,2026-07-04,1006.0
20260704,000000,73W,14,2026,7,4,0,9.200000000000001,155.0,100900.0,2026-07-04,2026-07-04,1009.0
20260704,000000,73W,14,2026,7,4,0,8.9,154.5,100600.0,2026-07-04,2026-07-04,1006.0
20260704,000000,73W,14,2026,7,4,0,9.1,154.1,100800.0,2026-07-04,2026-07-04,1008.0
20260704,000000,73W,14,2026,7,4,0,9.200000000000001,153.5,100500.0,2026-07-04,2026-07-04,1005.0
20260704,000000,73W,14,2026,7,4,0,9.6,152.8,100800.0,2026-07-04,2026-07-04,1008.0
20260704,000000,73W,14,2026,7,4,0,10.0,151.6,100500.0,2026-07-04,2026-07-04,1005.0
20260704,000000,73W,14,2026,7,4,0,9.6,151.5,100700.0,2026-07-04,2026-07-04,1007.0
20260704,000000,73W,14,2026,7,4,0,9.9,151.0,100500.0,2026-07-04,2026-07-04,1005.0
20260704,000000,73W,14,2026,7,4,0,10.1,150.5,100700.0,2026-07-04,2026-07-04,1007.0
20260704,000000,73W,14,2026,7,4,0,10.3,150.8,100500.0,2026-07-04,2026-07-04,1005.0
20260704,000000,73W,14,2026,7,4,0,10.4,150.70000000000002,100400.0,2026-07-04,2026-07-04,1004.0
20260704,000000,73W,14,2026,7,4,0,11.200000000000001,150.3,100700.0,2026-07-04,2026-07-04,1007.0
20260704,000000,73W,14,2026,7,4,0,10.8,149.3,100400.0,2026-07-04,2026-07-04,1004.0
20260704,000000,73W,14,2026,7,4,0,11.0,149.1,100600.0,2026-07-04,2026-07-04,1006.0
20260704,000000,73W,14,2026,7,4,0,11.0,149.3,100500.0,2026-07-04,2026-07-04,1005.0
20260704,000000,73W,14,2026,7,4,0,10.0,148.5,100700.0,2026-07-04,2026-07-04,1007.0
20260704,000000,73W,14,2026,7,4,0,9.8,148.9,100400.0,2026-07-04,2026-07-04,1004.0
20260704,000000,73W,14,2026,7,4,0,9.700000000000001,149.0,100600.0,2026-07-04,2026-07-04,1006.0
20260704,000000,73W,15,2026,7,4,0,10.5,172.8,100700.0,2026-07-04,2026-07-04,1007.0
20260704,000000,73W,15,2026,7,4,0,11.200000000000001,171.9,100400.0,2026-07-04,2026-07-04,1004.0
20260704,000000,73W,15,2026,7,4,0,11.6,170.20000000000002,100300.0,2026-07-04,2026-07-04,1003.0
20260704,000000,73W,15,2026,7,4,0,12.200000000000001,168.8,99900.0,2026-07-04,2026-07-04,999.0
20260704,000000,73W,15,2026,7,4,0,13.200000000000001,167.3,100000.0,2026-07-04,2026-07-04,1000.0
20260704,000000,73W,15,2026,7,4,0,13.700000000000001,165.20000000000002,99800.0,2026-07-04,2026-07-04,998.0
20260704,000000,73W,15,2026,7,4,0,14.0,163.3,99400.0,2026-07-04,2026-07-04,994.0
20260704,000000,73W,15,2026,7,4,0,14.0,161.8,98700.0,2026-07-04,2026-07-04,987.0
20260704,000000,73W,15,2026,7,4,0,14.0,160.4,99400.0,2026-07-04,2026-07-04,994.0
20260704,000000,73W,15,2026,7,4,0,14.1,159.0,98700.0,2026-07-04,2026-07-04,987.0
20260704,000000,73W,15,2026,7,4,0,14.3,157.9,98600.0,2026-07-04,2026-07-04,986.0
20260704,000000,73W,15,2026,7,4,0,14.700000000000001,156.8,98400.0,2026-07-04,2026-07-04,984.0
20260704,000000,73W,15,2026,7,4,0,15.200000000000001,155.6,98600.0,2026-07-04,2026-07-04,986.0
20260704,000000,73W,15,2026,7,4,0,15.8,154.4,98100.0,2026-07-04,2026-07-04,981.0
20260704,000000,73W,15,2026,7,4,0,16.6,153.20000000000002,97900.0,2026-07-04,2026-07-04,979.0
20260704,000000,73W,15,2026,7,4,0,17.1,151.9,97400.0,2026-07-04,2026-07-04,974.0
20260704,000000,73W,15,2026,7,4,0,17.6,150.70000000000002,97300.0,2026-07-04,2026-07-04,973.0
20260704,000000,73W,15,2026,7,4,0,18.3,149.6,97000.0,2026-07-04,2026-07-04,970.0
20260704,000000,73W,15,2026,7,4,0,18.8,148.6,97200.0,2026-07-04,2026-07-04,972.0
20260704,000000,73W,15,2026,7,4,0,19.400000000000002,147.5,97000.0,2026-07-04,2026-07-04,970.0
20260704,000000,73W,15,2026,7,4,0,19.900000000000002,146.6,97000.0,2026-07-04,2026-07-04,970.0
20260704,000000,73W,15,2026,7,4,0,20.400000000000002,145.8,96400.0,2026-07-04,2026-07-04,964.0
20260704,000000,73W,15,2026,7,4,0,21.0,145.1,95600.0,2026-07-04,2026-07-04,956.0
20260704,000000,73W,15,2026,7,4,0,21.5,144.5,95300.0,2026-07-04,2026-07-04,953.0
20260704,000000,73W,15,2026,7,4,0,21.8,144.20000000000002,95800.0,2026-07-04,2026-07-04,958.0
20260704,000000,73W,15,2026,7,4,0,22.3,144.0,95500.0,2026-07-04,2026-07-04,955.0
20260704,000000,73W,15,2026,7,4,0,23.0,144.0,95000.0,2026-07-04,2026-07-04,950.0
20260704,000000,73W,15,2026,7,4,0,23.7,143.70000000000002,94400.0,2026-07-04,2026-07-04,944.0
20260704,000000,73W,15,2026,7,4,0,24.400000000000002,143.5,94100.0,2026-07-04,2026-07-04,941.0
20260704,000000,73W,15,2026,7,4,0,25.2,143.20000000000002,94300.0,2026-07-04,2026-07-04,943.0
20260704,000000,73W,15,2026,7,4,0,26.2,142.9,94500.0,2026-07-04,2026-07-04,945.0
20260704,000000,73W,15,2026,7,4,0,27.400000000000002,142.8,94200.0,2026-07-04,2026-07-04,942.0
20260704,000000,73W,15,2026,7,4,0,28.6,142.5,94700.0,2026-07-04,2026-07-04,947.0
20260704,000000,73W,15,2026,7,4,0,29.900000000000002,142.4,95300.0,2026-07-04,2026-07-04,953.0
20260704,000000,73W,15,2026,7,4,0,31.2,142.20000000000002,96200.0,2026-07-04,2026-07-04,962.0
20260704,000000,73W,15,2026,7,4,0,32.5,141.9,96700.0,2026-07-04,2026-07-04,967.0
20260704,000000,73W,15,2026,7,4,0,33.5,141.70000000000002,97200.0,2026-07-04,2026-07-04,972.0
20260704,000000,73W,15,2026,7,4,0,34.4,141.6,97600.0,2026-07-04,2026-07-04,976.0
20260704,000000,73W,15,2026,7,4,0,35.1,141.8,98000.0,2026-07-04,2026-07-04,980.0
20260704,000000,73W,15,2026,7,4,0,36.0,141.70000000000002,98300.0,2026-07-04,2026-07-04,983.0
20260704,000000,73W,15,2026,7,4,0,36.7,141.6,98800.0,2026-07-04,2026-07-04,988.0
20260704,000000,73W,15,2026,7,4,0,37.2,141.3,99000.0,2026-07-04,2026-07-04,990.0
20260704,000000,73W,15,2026,7,4,0,37.5,141.3,99300.0,2026-07-04,2026-07-04,993.0
20260704,000000,73W,15,2026,7,4,0,36.300000000000004,139.8,99400.0,2026-07-04,2026-07-04,994.0
20260704,000000,73W,15,2026,7,4,0,37.800000000000004,141.4,99600.0,2026-07-04,2026-07-04,996.0
20260704,000000,73W,15,2026,7,4,0,37.800000000000004,141.5,99400.0,2026-07-04,2026-07-04,994.0
20260704,000000,73W,15,2026,7,4,0,37.9,141.8,99500.0,2026-07-04,2026-07-04,995.0
20260704,000000,73W,16,2026,7,4,0,35.1,116.7,99900.0,2026-07-04,2026-07-04,999.0
20260704,000000,73W,16,2026,7,4,0,33.9,117.7,99800.0,2026-07-04,2026-07-04,998.0
20260704,000000,73W,16,2026,7,4,0,33.8,121.0,99900.0,2026-07-04,2026-07-04,999.0
20260704,000000,73W,16,2026,7,4,0,34.7,122.10000000000001,100000.0,2026-07-04,2026-07-04,1000.0
20260704,000000,73W,16,2026,7,4,0,33.8,122.4,100300.0,2026-07-04,2026-07-04,1003.0
20260704,000000,73W,17,2026,7,4,0,4.4,171.1,100700.0,2026-07-04,2026-07-04,1007.0
20260704,000000,73W,17,2026,7,4,0,3.3000000000000003,170.0,100600.0,2026-07-04,2026-07-04,1006.0
20260704,000000,73W,17,2026,7,4,0,5.5,170.3,100400.0,2026-07-04,2026-07-04,1004.0
20260704,000000,73W,17,2026,7,4,0,4.6000000000000005,168.6,100400.0,2026-07-04,2026-07-04,1004.0
20260704,000000,73W,17,2026,7,4,0,5.3,165.9,100600.0,2026-07-04,2026-07-04,1006.0
20260704,000000,73W,17,2026,7,4,0,4.7,166.6,100300.0,2026-07-04,2026-07-04,1003.0
20260704,000000,73W,17,2026,7,4,0,5.0,167.4,100500.0,2026-07-04,2026-07-04,1005.0
20260704,000000,73W,17,2026,7,4,0,5.5,167.70000000000002,100200.0,2026-07-04,2026-07-04,1002.0
20260704,000000,73W,17,2026,7,4,0,6.7,170.8,100600.0,2026-07-04,2026-07-04,1006.0
20260704,000000,73W,17,2026,7,4,0,8.9,168.70000000000002,100500.0,2026-07-04,2026-07-04,1005.0
20260704,000000,73W,17,2026,7,4,0,9.1,167.70000000000002,100300.0,2026-07-04,2026-07-04,1003.0
20260704,000000,73W,17,2026,7,4,0,9.3,167.0,100500.0,2026-07-04,2026-07-04,1005.0
20260704,000000,73W,17,2026,7,4,0,9.200000000000001,165.0,100300.0,2026-07-04,2026-07-04,1003.0
20260704,000000,73W,17,2026,7,4,0,9.8,165.3,100400.0,2026-07-04,2026-07-04,1004.0
20260704,000000,73W,17,2026,7,4,0,10.5,166.20000000000002,100200.0,2026-07-04,2026-07-04,1002.0
20260704,000000,73W,17,2026,7,4,0,11.200000000000001,166.70000000000002,100400.0,2026-07-04,2026-07-04,1004.0
20260704,000000,73W,18,2026,7,4,0,7.6000000000000005,175.20000000000002,100900.0,2026-07-04,2026-07-04,1009.0
20260704,000000,73W,18,2026,7,4,0,8.3,172.4,100900.0,2026-07-04,2026-07-04,1009.0
20260704,000000,73W,18,2026,7,4,0,8.5,170.4,100700.0,2026-07-04,2026-07-04,1007.0
20260704,000000,73W,18,2026,7,4,0,8.4,168.1,100800.0,2026-07-04,2026-07-04,1008.0
20260704,000000,73W,18,2026,7,4,0,8.1,166.5,100500.0,2026-07-04,2026-07-04,1005.0
20260704,000000,73W,18,2026,7,4,0,8.1,165.4,100700.0,2026-07-04,2026-07-04,1007.0
20260704,000000,73W,18,2026,7,4,0,8.1,164.70000000000002,100500.0,2026-07-04,2026-07-04,1005.0
20260704,000000,73W,18,2026,7,4,0,8.2,163.9,100500.0,2026-07-04,2026-07-04,1005.0
20260704,000000,73W,18,2026,7,4,0,8.4,163.6,100300.0,2026-07-04,2026-07-04,1003.0
20260704,000000,73W,18,2026,7,4,0,8.5,163.1,100500.0,2026-07-04,2026-07-04,1005.0
20260704,000000,73W,18,2026,7,4,0,8.8,162.8,100300.0,2026-07-04,2026-07-04,1003.0
20260704,000000,73W,18,2026,7,4,0,9.200000000000001,162.5,100400.0,2026-07-04,2026-07-04,1004.0
20260704,000000,73W,18,2026,7,4,0,9.5,161.5,100100.0,2026-07-04,2026-07-04,1001.0
20260704,000000,73W,18,2026,7,4,0,9.5,160.20000000000002,100300.0,2026-07-04,2026-07-04,1003.0
20260704,000000,73W,18,2026,7,4,0,9.1,159.4,100000.0,2026-07-04,2026-07-04,1000.0
20260704,000000,73W,18,2026,7,4,0,9.3,159.0,100200.0,2026-07-04,2026-07-04,1002.0
20260704,000000,73W,18,2026,7,4,0,9.5,158.0,100000.0,2026-07-04,2026-07-04,1000.0
20260704,000000,73W,18,2026,7,4,0,9.1,157.20000000000002,100300.0,2026-07-04,2026-07-04,1003.0
20260704,000000,73W,18,2026,7,4,0,10.3,155.6,100400.0,2026-07-04,2026-07-04,1004.0
20260704,000000,73W,18,2026,7,4,0,10.200000000000001,155.3,100200.0,2026-07-04,2026-07-04,1002.0
20260704,000000,73W,18,2026,7,4,0,10.6,154.4,100600.0,2026-07-04,2026-07-04,1006.0
20260704,000000,73W,18,2026,7,4,0,11.700000000000001,153.3,100700.0,2026-07-04,2026-07-04,1007.0
20260704,000000,73W,18,2026,7,4,0,12.6,151.8,100800.0,2026-07-04,2026-07-04,1008.0
20260704,000000,73W,18,2026,7,4,0,13.6,150.9,100600.0,2026-07-04,2026-07-04,1006.0
20260704,000000,73W,19,2026,7,4,0,8.4,172.6,100900.0,2026-07-04,2026-07-04,1009.0
20260704,000000,73W,19,2026,7,4,0,8.8,171.4,100800.0,2026-07-04,2026-07-04,1008.0
20260704,000000,73W,19,2026,7,4,0,9.4,170.20000000000002,100800.0,2026-07-04,2026-07-04,1008.0
20260704,000000,73W,19,2026,7,4,0,9.1,169.6,100900.0,2026-07-04,2026-07-04,1009.0
20260704,000000,73W,19,2026,7,4,0,9.200000000000001,166.70000000000002,100700.0,2026-07-04,2026-07-04,1007.0
20260704,000000,73W,19,2026,7,4,0,9.700000000000001,167.20000000000002,100800.0,2026-07-04,2026-07-04,1008.0
20260704,000000,73W,19,2026,7,4,0,10.700000000000001,166.5,100600.0,2026-07-04,2026-07-04,1006.0
20260704,000000,73W,19,2026,7,4,0,11.4,163.9,100800.0,2026-07-04,2026-07-04,1008.0
20260704,000000,73W,19,2026,7,4,0,11.3,163.6,100600.0,2026-07-04,2026-07-04,1006.0
20260704,000000,73W,19,2026,7,4,0,11.9,162.6,100800.0,2026-07-04,2026-07-04,1008.0
20260704,000000,73W,19,2026,7,4,0,12.1,161.70000000000002,100600.0,2026-07-04,2026-07-04,1006.0
20260704,000000,73W,19,2026,7,4,0,11.700000000000001,160.3,100700.0,2026-07-04,2026-07-04,1007.0
20260704,000000,73W,19,2026,7,4,0,12.4,159.8,100500.0,2026-07-04,2026-07-04,1005.0
20260704,000000,73W,19,2026,7,4,0,11.9,159.3,100700.0,2026-07-04,2026-07-04,1007.0
20260704,000000,73W,19,2026,7,4,0,12.200000000000001,158.20000000000002,100600.0,2026-07-04,2026-07-04,1006.0
20260704,000000,73W,19,2026,7,4,0,12.1,158.0,100700.0,2026-07-04,2026-07-04,1007.0
20260704,000000,73W,19,2026,7,4,0,13.0,156.9,100400.0,2026-07-04,2026-07-04,1004.0
20260704,000000,73W,19,2026,7,4,0,13.0,155.8,100600.0,2026-07-04,2026-07-04,1006.0
20260704,000000,73W,19,2026,7,4,0,12.5,154.1,100200.0,2026-07-04,2026-07-04,1002.0
20260704,000000,73W,19,2026,7,4,0,12.700000000000001,153.70000000000002,100200.0,2026-07-04,2026-07-04,1002.0
20260704,000000,73W,19,2026,7,4,0,12.6,152.0,99900.0,2026-07-04,2026-07-04,999.0
20260704,000000,73W,19,2026,7,4,0,13.1,150.70000000000002,100100.0,2026-07-04,2026-07-04,1001.0
20260704,000000,73W,19,2026,7,4,0,13.1,150.4,99700.0,2026-07-04,2026-07-04,997.0
20260704,000000,73W,19,2026,7,4,0,13.200000000000001,148.5,99800.0,2026-07-04,2026-07-04,998.0
20260704,000000,73W,19,2026,7,4,0,13.6,147.70000000000002,99500.0,2026-07-04,2026-07-04,995.0
20260704,000000,73W,19,2026,7,4,0,14.1,146.6,99800.0,2026-07-04,2026-07-04,998.0
20260704,000000,73W,19,2026,7,4,0,14.6,145.3,99600.0,2026-07-04,2026-07-04,996.0
20260704,000000,73W,19,2026,7,4,0,15.0,144.3,99800.0,2026-07-04,2026-07-04,998.0
20260704,000000,73W,19,2026,7,4,0,15.6,143.3,99600.0,2026-07-04,2026-07-04,996.0
20260704,000000,73W,19,2026,7,4,0,15.6,142.0,99900.0,2026-07-04,2026-07-04,999.0
20260704,000000,73W,19,2026,7,4,0,16.1,141.6,99800.0,2026-07-04,2026-07-04,998.0
20260704,000000,73W,19,2026,7,4,0,16.7,140.8,100000.0,2026-07-04,2026-07-04,1000.0
20260704,000000,73W,19,2026,7,4,0,16.4,140.0,99800.0,2026-07-04,2026-07-04,998.0
20260704,000000,73W,19,2026,7,4,0,17.3,140.20000000000002,100100.0,2026-07-04,2026-07-04,1001.0
20260704,000000,73W,19,2026,7,4,0,16.2,139.8,99900.0,2026-07-04,2026-07-04,999.0
20260704,000000,73W,19,2026,7,4,0,16.7,141.1,100000.0,2026-07-04,2026-07-04,1000.0
20260704,000000,73W,19,2026,7,4,0,16.4,141.3,99800.0,2026-07-04,2026-07-04,998.0
20260704,000000,73W,19,2026,7,4,0,16.6,142.3,100000.0,2026-07-04,2026-07-04,1000.0
20260704,000000,73W,19,2026,7,4,0,18.7,141.8,99800.0,2026-07-04,2026-07-04,998.0
20260704,000000,73W,19,2026,7,4,0,18.8,142.70000000000002,100000.0,2026-07-04,2026-07-04,1000.0
20260704,000000,73W,20,2026,7,4,0,9.700000000000001,171.3,100700.0,2026-07-04,2026-07-04,1007.0
20260704,000000,73W,20,2026,7,4,0,9.8,169.1,100800.0,2026-07-04,2026-07-04,1008.0
20260704,000000,73W,20,2026,7,4,0,10.4,167.1,100700.0,2026-07-04,2026-07-04,1007.0
20260704,000000,73W,20,2026,7,4,0,10.200000000000001,165.3,100800.0,2026-07-04,2026-07-04,1008.0
20260704,000000,73W,20,2026,7,4,0,10.5,164.6,100600.0,2026-07-04,2026-07-04,1006.0
20260704,000000,73W,20,2026,7,4,0,9.9,160.8,100600.0,2026-07-04,2026-07-04,1006.0
20260704,000000,73W,20,2026,7,4,0,9.200000000000001,160.5,100600.0,2026-07-04,2026-07-04,1006.0
20260704,000000,73W,20,2026,7,4,0,10.3,158.6,100800.0,2026-07-04,2026-07-04,1008.0
20260704,000000,73W,20,2026,7,4,0,11.200000000000001,157.3,100700.0,2026-07-04,2026-07-04,1007.0
20260704,000000,73W,20,2026,7,4,0,9.5,156.1,100500.0,2026-07-04,2026-07-04,1005.0
20260704,000000,73W,20,2026,7,4,0,11.0,156.0,100800.0,2026-07-04,2026-07-04,1008.0
20260704,000000,73W,20,2026,7,4,0,11.9,152.0,100800.0,2026-07-04,2026-07-04,1008.0
20260704,000000,73W,20,2026,7,4,0,12.0,152.20000000000002,100600.0,2026-07-04,2026-07-04,1006.0
20260704,000000,73W,21,2026,7,4,0,4.7,154.8,100900.0,2026-07-04,2026-07-04,1009.0
20260704,000000,73W,21,2026,7,4,0,4.3,153.8,100700.0,2026-07-04,2026-07-04,1007.0
20260704,000000,73W,21,2026,7,4,0,5.6000000000000005,151.3,100700.0,2026-07-04,2026-07-04,1007.0
20260704,000000,73W,21,2026,7,4,0,8.4,150.0,101000.0,2026-07-04,2026-07-04,1010.0
20260704,000000,73W,21,2026,7,4,0,8.5,150.9,100700.0,2026-07-04,2026-07-04,1007.0
20260704,000000,73W,22,2026,7,4,0,7.4,177.6,100900.0,2026-07-04,2026-07-04,1009.0
20260704,000000,73W,22,2026,7,4,0,8.4,174.70000000000002,100900.0,2026-07-04,2026-07-04,1009.0
20260704,000000,73W,22,2026,7,4,0,7.2,170.20000000000002,101000.0,2026-07-04,2026-07-04,1010.0
20260704,000000,73W,22,2026,7,4,0,5.2,169.5,100800.0,2026-07-04,2026-07-04,1008.0
20260704,000000,73W,22,2026,7,4,0,6.1000000000000005,168.8,101000.0,2026-07-04,2026-07-04,1010.0
20260704,000000,73W,22,2026,7,4,0,4.9,167.6,100800.0,2026-07-04,2026-07-04,1008.0
20260704,000000,73W,23,2026,7,4,0,29.900000000000002,155.8,100900.0,2026-07-04,2026-07-04,1009.0
20260704,000000,73W,23,2026,7,4,0,29.8,157.70000000000002,100500.0,2026-07-04,2026-07-04,1005.0
20260704,000000,73W,24,2026,7,4,0,6.2,174.70000000000002,100600.0,2026-07-04,2026-07-04,1006.0
20260704,000000,73W,24,2026,7,4,0,4.8,172.6,100800.0,2026-07-04,2026-07-04,1008.0
20260704,000000,73W,24,2026,7,4,0,6.6000000000000005,172.20000000000002,100800.0,2026-07-04,2026-07-04,1008.0
20260704,000000,73W,24,2026,7,4,0,4.9,170.9,100600.0,2026-07-04,2026-07-04,1006.0
20260704,000000,73W,24,2026,7,4,0,6.0,172.4,100600.0,2026-07-04,2026-07-04,1006.0
20260704,000000,73W,24,2026,7,4,0,6.7,170.3,100800.0,2026-07-04,2026-07-04,1008.0
20260704,000000,73W,24,2026,7,4,0,6.0,170.5,100600.0,2026-07-04,2026-07-04,1006.0
20260704,000000,73W,24,2026,7,4,0,8.4,169.0,100700.0,2026-07-04,2026-07-04,1007.0
20260704,000000,73W,25,2026,7,4,0,19.900000000000002,107.2,99600.0,2026-07-04,2026-07-04,996.0
20260704,000000,73W,25,2026,7,4,0,20.900000000000002,107.0,99500.0,2026-07-04,2026-07-04,995.0
20260704,000000,73W,25,2026,7,4,0,20.900000000000002,105.60000000000001,99500.0,2026-07-04,2026-07-04,995.0
20260704,000000,73W,25,2026,7,4,0,19.2,107.0,99400.0,2026-07-04,2026-07-04,994.0
20260704,000000,73W,25,2026,7,4,0,18.5,107.60000000000001,99100.0,2026-07-04,2026-07-04,991.0
20260704,000000,73W,25,2026,7,4,0,18.1,109.10000000000001,99000.0,2026-07-04,2026-07-04,990.0
20260704,000000,73W,25,2026,7,4,0,18.6,108.60000000000001,99200.0,2026-07-04,2026-07-04,992.0
20260704,000000,73W,25,2026,7,4,0,18.400000000000002,108.9,99200.0,2026-07-04,2026-07-04,992.0
20260704,000000,73W,25,2026,7,4,0,18.2,109.7,98900.0,2026-07-04,2026-07-04,989.0
20260704,000000,73W,25,2026,7,4,0,18.1,110.5,99000.0,2026-07-04,2026-07-04,990.0
20260704,000000,73W,25,2026,7,4,0,18.5,111.10000000000001,98900.0,2026-07-04,2026-07-04,989.0
20260704,000000,73W,25,2026,7,4,0,18.5,111.7,98900.0,2026-07-04,2026-07-04,989.0
20260704,000000,73W,25,2026,7,4,0,18.3,111.7,98800.0,2026-07-04,2026-07-04,988.0
20260704,000000,73W,25,2026,7,4,0,18.8,112.5,98800.0,2026-07-04,2026-07-04,988.0
20260704,000000,73W,25,2026,7,4,0,19.5,112.5,98800.0,2026-07-04,2026-07-04,988.0
20260704,000000,73W,25,2026,7,4,0,20.1,112.4,98900.0,2026-07-04,2026-07-04,989.0
20260704,000000,73W,25,2026,7,4,0,20.7,112.7,98800.0,2026-07-04,2026-07-04,988.0
20260704,000000,73W,25,2026,7,4,0,21.1,112.9,98900.0,2026-07-04,2026-07-04,989.0
20260704,000000,73W,25,2026,7,4,0,22.2,112.4,98900.0,2026-07-04,2026-07-04,989.0
20260704,000000,73W,25,2026,7,4,0,22.8,111.7,99200.0,2026-07-04,2026-07-04,992.0
20260704,000000,73W,25,2026,7,4,0,23.3,111.10000000000001,99300.0,2026-07-04,2026-07-04,993.0
20260704,000000,73W,25,2026,7,4,0,23.2,110.10000000000001,99200.0,2026-07-04,2026-07-04,992.0
20260704,000000,73W,25,2026,7,4,0,23.900000000000002,109.5,99400.0,2026-07-04,2026-07-04,994.0
20260704,000000,73W,25,2026,7,4,0,23.8,108.5,99600.0,2026-07-04,2026-07-04,996.0
20260704,000000,73W,25,2026,7,4,0,23.900000000000002,108.0,99600.0,2026-07-04,2026-07-04,996.0
20260704,000000,73W,25,2026,7,4,0,23.7,106.8,99700.0,2026-07-04,2026-07-04,997.0
20260704,000000,73W,25,2026,7,4,0,25.0,106.5,99800.0,2026-07-04,2026-07-04,998.0
20260704,000000,73W,25,2026,7,4,0,25.6,105.7,99900.0,2026-07-04,2026-07-04,999.0
20260704,000000,73W,25,2026,7,4,0,25.0,105.9,100100.0,2026-07-04,2026-07-04,1001.0
20260704,000000,73W,25,2026,7,4,0,28.900000000000002,105.8,100000.0,2026-07-04,2026-07-04,1000.0
20260704,000000,73W,25,2026,7,4,0,29.1,106.10000000000001,100000.0,2026-07-04,2026-07-04,1000.0
20260704,000000,73W,25,2026,7,4,0,30.7,106.8,99900.0,2026-07-04,2026-07-04,999.0
20260704,000000,73W,25,2026,7,4,0,30.2,106.5,99900.0,2026-07-04,2026-07-04,999.0
20260704,000000,73W,25,2026,7,4,0,30.2,106.5,100000.0,2026-07-04,2026-07-04,1000.0
20260704,000000,73W,25,2026,7,4,0,31.3,105.7,100100.0,2026-07-04,2026-07-04,1001.0
20260704,000000,73W,26,2026,7,4,0,21.2,144.6,100900.0,2026-07-04,2026-07-04,1009.0
20260704,000000,73W,26,2026,7,4,0,19.0,144.0,100900.0,2026-07-04,2026-07-04,1009.0
20260704,000000,73W,26,2026,7,4,0,18.7,141.8,100800.0,2026-07-04,2026-07-04,1008.0
20260704,000000,73W,26,2026,7,4,0,16.9,142.3,101000.0,2026-07-04,2026-07-04,1010.0
20260704,000000,73W,26,2026,7,4,0,16.4,141.6,100700.0,2026-07-04,2026-07-04,1007.0
20260704,000000,73W,26,2026,7,4,0,15.9,141.0,100800.0,2026-07-04,2026-07-04,1008.0
20260704,000000,73W,26,2026,7,4,0,15.9,140.20000000000002,100600.0,2026-07-04,2026-07-04,1006.0
20260704,000000,73W,26,2026,7,4,0,15.9,139.20000000000002,100800.0,2026-07-04,2026-07-04,1008.0
20260704,000000,73W,26,2026,7,4,0,15.0,139.0,100500.0,2026-07-04,2026-07-04,1005.0
20260704,000000,73W,26,2026,7,4,0,14.1,138.8,100500.0,2026-07-04,2026-07-04,1005.0
20260704,000000,73W,26,2026,7,4,0,13.8,138.5,100200.0,2026-07-04,2026-07-04,1002.0
20260704,000000,73W,26,2026,7,4,0,14.1,136.4,100200.0,2026-07-04,2026-07-04,1002.0
20260704,000000,73W,26,2026,7,4,0,14.0,136.6,100000.0,2026-07-04,2026-07-04,1000.0
20260704,000000,73W,26,2026,7,4,0,14.3,135.9,99800.0,2026-07-04,2026-07-04,998.0
20260704,000000,73W,26,2026,7,4,0,14.5,135.3,99600.0,2026-07-04,2026-07-04,996.0
20260704,000000,73W,26,2026,7,4,0,15.1,135.0,99700.0,2026-07-04,2026-07-04,997.0
20260704,000000,73W,26,2026,7,4,0,15.6,134.4,99400.0,2026-07-04,2026-07-04,994.0
20260704,000000,73W,26,2026,7,4,0,15.8,134.2,99400.0,2026-07-04,2026-07-04,994.0
20260704,000000,73W,26,2026,7,4,0,16.2,134.3,99200.0,2026-07-04,2026-07-04,992.0
20260704,000000,73W,26,2026,7,4,0,16.3,134.7,99300.0,2026-07-04,2026-07-04,993.0
20260704,000000,73W,26,2026,7,4,0,16.6,135.4,99100.0,2026-07-04,2026-07-04,991.0
20260704,000000,73W,26,2026,7,4,0,16.9,136.4,99200.0,2026-07-04,2026-07-04,992.0
20260704,000000,73W,26,2026,7,4,0,17.3,137.5,99000.0,2026-07-04,2026-07-04,990.0
20260704,000000,73W,26,2026,7,4,0,17.6,138.70000000000002,99100.0,2026-07-04,2026-07-04,991.0
20260704,000000,73W,26,2026,7,4,0,18.3,139.8,98900.0,2026-07-04,2026-07-04,989.0
20260704,000000,73W,26,2026,7,4,0,19.1,140.9,99000.0,2026-07-04,2026-07-04,990.0
20260704,000000,73W,26,2026,7,4,0,20.2,141.8,98900.0,2026-07-04,2026-07-04,989.0
20260704,000000,73W,26,2026,7,4,0,21.2,143.1,99200.0,2026-07-04,2026-07-04,992.0
20260704,000000,73W,26,2026,7,4,0,22.3,144.0,99200.0,2026-07-04,2026-07-04,992.0
20260704,000000,73W,26,2026,7,4,0,23.1,145.4,99500.0,2026-07-04,2026-07-04,995.0
20260704,000000,73W,26,2026,7,4,0,23.8,147.0,99400.0,2026-07-04,2026-07-04,994.0
20260704,000000,73W,26,2026,7,4,0,24.7,149.1,99700.0,2026-07-04,2026-07-04,997.0
20260704,000000,73W,27,2026,7,4,0,8.0,146.4,101000.0,2026-07-04,2026-07-04,1010.0
20260704,000000,73W,27,2026,7,4,0,9.1,142.70000000000002,100700.0,2026-07-04,2026-07-04,1007.0
20260704,000000,73W,27,2026,7,4,0,10.0,141.5,100900.0,2026-07-04,2026-07-04,1009.0
20260704,000000,73W,27,2026,7,4,0,10.5,140.20000000000002,100600.0,2026-07-04,2026-07-04,1006.0
20260704,000000,73W,27,2026,7,4,0,12.3,139.70000000000002,100700.0,2026-07-04,2026-07-04,1007.0
20260704,000000,73W,27,2026,7,4,0,12.6,138.6,100500.0,2026-07-04,2026-07-04,1005.0
20260704,000000,73W,27,2026,7,4,0,14.1,138.0,100500.0,2026-07-04,2026-07-04,1005.0
20260704,000000,73W,27,2026,7,4,0,15.5,137.20000000000002,100600.0,2026-07-04,2026-07-04,1006.0
20260704,000000,73W,27,2026,7,4,0,16.2,137.1,100500.0,2026-07-04,2026-07-04,1005.0
20260704,000000,73W,27,2026,7,4,0,18.0,136.6,100400.0,2026-07-04,2026-07-04,1004.0
20260704,000000,73W,28,2026,7,4,0,17.6,114.7,100400.0,2026-07-04,2026-07-04,1004.0
20260704,000000,73W,28,2026,7,4,0,16.9,114.3,100500.0,2026-07-04,2026-07-04,1005.0
20260704,000000,73W,28,2026,7,4,0,18.900000000000002,116.4,100200.0,2026-07-04,2026-07-04,1002.0
20260704,000000,73W,28,2026,7,4,0,20.0,115.5,100200.0,2026-07-04,2026-07-04,1002.0
20260704,000000,73W,28,2026,7,4,0,18.5,117.0,100100.0,2026-07-04,2026-07-04,1001.0
20260704,000000,73W,28,2026,7,4,0,19.2,117.2,100100.0,2026-07-04,2026-07-04,1001.0
20260704,000000,73W,28,2026,7,4,0,19.2,117.0,100000.0,2026-07-04,2026-07-04,1000.0
20260704,000000,73W,28,2026,7,4,0,20.2,116.5,100000.0,2026-07-04,2026-07-04,1000.0
20260704,000000,73W,28,2026,7,4,0,19.900000000000002,116.60000000000001,99900.0,2026-07-04,2026-07-04,999.0
20260704,000000,73W,28,2026,7,4,0,20.3,115.10000000000001,99900.0,2026-07-04,2026-07-04,999.0
20260704,000000,73W,28,2026,7,4,0,20.400000000000002,114.8,99800.0,2026-07-04,2026-07-04,998.0
20260704,000000,73W,28,2026,7,4,0,20.400000000000002,114.7,99900.0,2026-07-04,2026-07-04,999.0
20260704,000000,73W,29,2026,7,4,0,8.700000000000001,139.9,100600.0,2026-07-04,2026-07-04,1006.0
20260704,000000,73W,29,2026,7,4,0,9.6,140.0,100700.0,2026-07-04,2026-07-04,1007.0
20260704,000000,73W,30,2026,7,4,0,5.9,148.20000000000002,100700.0,2026-07-04,2026-07-04,1007.0
20260704,000000,73W,30,2026,7,4,0,6.6000000000000005,146.9,100700.0,2026-07-04,2026-07-04,1007.0
20260704,000000,73W,30,2026,7,4,0,8.4,144.4,100900.0,2026-07-04,2026-07-04,1009.0
20260704,000000,73W,30,2026,7,4,0,9.0,140.8,100700.0,2026-07-04,2026-07-04,1007.0
20260704,000000,73W,30,2026,7,4,0,9.3,137.20000000000002,100900.0,2026-07-04,2026-07-04,1009.0
20260704,000000,73W,30,2026,7,4,0,10.0,136.0,100600.0,2026-07-04,2026-07-04,1006.0
20260704,000000,73W,30,2026,7,4,0,10.0,135.1,100800.0,2026-07-04,2026-07-04,1008.0
20260704,000000,73W,30,2026,7,4,0,10.0,134.7,100600.0,2026-07-04,2026-07-04,1006.0
20260704,000000,73W,30,2026,7,4,0,12.5,133.7,100800.0,2026-07-04,2026-07-04,1008.0
20260704,000000,73W,30,2026,7,4,0,13.0,133.7,100700.0,2026-07-04,2026-07-04,1007.0
20260704,000000,73W,30,2026,7,4,0,14.5,133.3,100500.0,2026-07-04,2026-07-04,1005.0
20260704,000000,73W,30,2026,7,4,0,14.3,132.4,100600.0,2026-07-04,2026-07-04,1006.0
20260704,000000,73W,30,2026,7,4,0,16.8,132.6,100300.0,2026-07-04,2026-07-04,1003.0
20260704,000000,73W,30,2026,7,4,0,16.9,131.7,100400.0,2026-07-04,2026-07-04,1004.0
20260704,000000,73W,30,2026,7,4,0,17.2,131.5,100200.0,2026-07-04,2026-07-04,1002.0
20260704,000000,73W,30,2026,7,4,0,17.3,131.3,100400.0,2026-07-04,2026-07-04,1004.0
20260704,000000,73W,30,2026,7,4,0,17.7,130.9,100200.0,2026-07-04,2026-07-04,1002.0
20260704,000000,73W,30,2026,7,4,0,17.6,130.9,100300.0,2026-07-04,2026-07-04,1003.0
20260704,000000,73W,30,2026,7,4,0,18.1,130.7,100200.0,2026-07-04,2026-07-04,1002.0
20260704,000000,73W,30,2026,7,4,0,18.8,130.7,100300.0,2026-07-04,2026-07-04,1003.0
20260704,000000,73W,30,2026,7,4,0,20.5,129.9,100200.0,2026-07-04,2026-07-04,1002.0
20260704,000000,73W,30,2026,7,4,0,21.5,129.0,100300.0,2026-07-04,2026-07-04,1003.0
20260704,000000,73W,30,2026,7,4,0,21.1,128.3,100200.0,2026-07-04,2026-07-04,1002.0
20260704,000000,73W,30,2026,7,4,0,22.3,127.10000000000001,100300.0,2026-07-04,2026-07-04,1003.0
20260704,000000,73W,30,2026,7,4,0,22.3,127.4,100200.0,2026-07-04,2026-07-04,1002.0
20260704,000000,73W,31,2026,7,4,0,2.2,153.5,101000.0,2026-07-04,2026-07-04,1010.0
20260704,000000,73W,31,2026,7,4,0,1.7,152.5,101100.0,2026-07-04,2026-07-04,1011.0
20260704,000000,73W,31,2026,7,4,0,-1.0,151.6,101000.0,2026-07-04,2026-07-04,1010.0
20260704,000000,73W,32,2026,7,4,0,4.6000000000000005,177.1,100600.0,2026-07-04,2026-07-04,1006.0
20260704,000000,73W,32,2026,7,4,0,5.5,-179.8,100700.0,2026-07-04,2026-07-04,1007.0
20260704,000000,73W,32,2026,7,4,0,4.7,-179.3,100700.0,2026-07-04,2026-07-04,1007.0
20260704,000000,73W,32,2026,7,4,0,2.8000000000000003,-177.1,100500.0,2026-07-04,2026-07-04,1005.0
20260704,000000,73W,33,2026,7,4,0,20.7,146.8,100700.0,2026-07-04,2026-07-04,1007.0
20260704,000000,73W,33,2026,7,4,0,21.7,146.6,100900.0,2026-07-04,2026-07-04,1009.0
20260704,000000,73W,33,2026,7,4,0,22.1,146.70000000000002,100700.0,2026-07-04,2026-07-04,1007.0
20260704,000000,73W,33,2026,7,4,0,23.400000000000002,146.20000000000002,100800.0,2026-07-04,2026-07-04,1008.0
20260704,000000,73W,33,2026,7,4,0,24.1,146.0,100600.0,2026-07-04,2026-07-04,1006.0
20260704,000000,73W,33,2026,7,4,0,26.1,146.3,100700.0,2026-07-04,2026-07-04,1007.0
20260704,000000,73W,33,2026,7,4,0,27.3,145.5,100700.0,2026-07-04,2026-07-04,1007.0
20260704,000000,73W,33,2026,7,4,0,27.8,145.70000000000002,100600.0,2026-07-04,2026-07-04,1006.0
20260704,000000,73W,33,2026,7,4,0,28.6,145.4,100800.0,2026-07-04,2026-07-04,1008.0
20260704,000000,73W,33,2026,7,4,0,29.2,144.1,100800.0,2026-07-04,2026-07-04,1008.0
20260704,000000,73W,33,2026,7,4,0,28.8,144.9,100700.0,2026-07-04,2026-07-04,1007.0
20260704,000000,73W,33,2026,7,4,0,29.400000000000002,144.0,100900.0,2026-07-04,2026-07-04,1009.0
20260704,000000,73W,34,2026,7,4,0,7.5,159.1,100800.0,2026-07-04,2026-07-04,1008.0
20260704,000000,73W,34,2026,7,4,0,7.3,155.4,100900.0,2026-07-04,2026-07-04,1009.0
20260704,000000,73W,34,2026,7,4,0,6.4,153.70000000000002,100700.0,2026-07-04,2026-07-04,1007.0
20260704,000000,73W,34,2026,7,4,0,8.0,150.6,100900.0,2026-07-04,2026-07-04,1009.0
20260704,000000,73W,34,2026,7,4,0,9.1,150.4,101000.0,2026-07-04,2026-07-04,1010.0
20260704,000000,73W,34,2026,7,4,0,10.700000000000001,146.70000000000002,101000.0,2026-07-04,2026-07-04,1010.0
20260704,000000,73W,34,2026,7,4,0,10.700000000000001,144.70000000000002,100800.0,2026-07-04,2026-07-04,1008.0
20260704,000000,73W,34,2026,7,4,0,11.5,143.70000000000002,100900.0,2026-07-04,2026-07-04,1009.0
20260704,000000,73W,34,2026,7,4,0,11.4,140.5,100700.0,2026-07-04,2026-07-04,1007.0
20260704,000000,73W,34,2026,7,4,0,12.1,138.8,100900.0,2026-07-04,2026-07-04,1009.0
20260704,000000,73W,34,2026,7,4,0,13.1,137.1,100800.0,2026-07-04,2026-07-04,1008.0
20260704,000000,73W,34,2026,7,4,0,13.5,135.4,100400.0,2026-07-04,2026-07-04,1004.0
20260704,000000,73W,34,2026,7,4,0,13.8,135.0,100600.0,2026-07-04,2026-07-04,1006.0
20260704,000000,73W,34,2026,7,4,0,14.1,134.9,100400.0,2026-07-04,2026-07-04,1004.0
20260704,000000,73W,34,2026,7,4,0,14.700000000000001,134.6,100600.0,2026-07-04,2026-07-04,1006.0
20260704,000000,73W,34,2026,7,4,0,15.5,135.0,100400.0,2026-07-04,2026-07-04,1004.0
20260704,000000,73W,34,2026,7,4,0,16.0,135.6,100700.0,2026-07-04,2026-07-04,1007.0
20260704,000000,73W,35,2026,7,4,0,5.5,178.8,100900.0,2026-07-04,2026-07-04,1009.0
20260704,000000,73W,35,2026,7,4,0,5.5,174.0,100800.0,2026-07-04,2026-07-04,1008.0
20260704,000000,73W,35,2026,7,4,0,4.5,174.0,100700.0,2026-07-04,2026-07-04,1007.0
20260704,000000,73W,36,2026,7,4,0,8.3,173.1,100800.0,2026-07-04,2026-07-04,1008.0
20260704,000000,73W,36,2026,7,4,0,8.1,173.4,100800.0,2026-07-04,2026-07-04,1008.0
20260704,000000,73W,36,2026,7,4,0,8.5,169.4,100900.0,2026-07-04,2026-07-04,1009.0
20260704,000000,73W,36,2026,7,4,0,9.3,163.4,101100.0,2026-07-04,2026-07-04,1011.0
20260704,000000,73W,37,2026,7,4,0,7.4,176.6,100800.0,2026-07-04,2026-07-04,1008.0
20260704,000000,73W,37,2026,7,4,0,8.6,175.70000000000002,100900.0,2026-07-04,2026-07-04,1009.0
20260704,000000,73W,37,2026,7,4,0,8.6,175.4,100700.0,2026-07-04,2026-07-04,1007.0
20260704,000000,73W,37,2026,7,4,0,9.3,174.0,100800.0,2026-07-04,2026-07-04,1008.0
20260704,000000,73W,37,2026,7,4,0,9.8,172.4,100400.0,2026-07-04,2026-07-04,1004.0
20260704,000000,73W,37,2026,7,4,0,9.8,171.0,100600.0,2026-07-04,2026-07-04,1006.0
20260704,000000,73W,37,2026,7,4,0,9.6,169.5,100100.0,2026-07-04,2026-07-04,1001.0
20260704,000000,73W,37,2026,7,4,0,9.9,168.6,100100.0,2026-07-04,2026-07-04,1001.0
20260704,000000,73W,37,2026,7,4,0,10.6,167.4,99700.0,2026-07-04,2026-07-04,997.0
20260704,000000,73W,37,2026,7,4,0,11.0,166.20000000000002,99700.0,2026-07-04,2026-07-04,997.0
20260704,000000,73W,37,2026,7,4,0,11.9,165.0,98800.0,2026-07-04,2026-07-04,988.0
20260704,000000,73W,37,2026,7,4,0,12.6,163.8,97800.0,2026-07-04,2026-07-04,978.0
20260704,000000,73W,37,2026,7,4,0,13.1,162.70000000000002,97500.0,2026-07-04,2026-07-04,975.0
20260704,000000,73W,37,2026,7,4,0,13.700000000000001,161.5,97500.0,2026-07-04,2026-07-04,975.0
20260704,000000,73W,37,2026,7,4,0,14.3,160.4,97400.0,2026-07-04,2026-07-04,974.0
20260704,000000,73W,37,2026,7,4,0,14.8,159.3,97200.0,2026-07-04,2026-07-04,972.0
20260704,000000,73W,37,2026,7,4,0,15.5,158.20000000000002,97900.0,2026-07-04,2026-07-04,979.0
20260704,000000,73W,37,2026,7,4,0,15.9,157.1,98300.0,2026-07-04,2026-07-04,983.0
20260704,000000,73W,37,2026,7,4,0,16.4,156.1,98100.0,2026-07-04,2026-07-04,981.0
20260704,000000,73W,37,2026,7,4,0,17.0,155.3,98200.0,2026-07-04,2026-07-04,982.0
20260704,000000,73W,37,2026,7,4,0,17.8,154.6,98000.0,2026-07-04,2026-07-04,980.0
20260704,000000,73W,37,2026,7,4,0,18.3,154.20000000000002,97900.0,2026-07-04,2026-07-04,979.0
20260704,000000,73W,37,2026,7,4,0,18.8,153.9,97200.0,2026-07-04,2026-07-04,972.0
20260704,000000,73W,37,2026,7,4,0,19.7,153.8,97300.0,2026-07-04,2026-07-04,973.0
20260704,000000,73W,37,2026,7,4,0,20.5,153.70000000000002,97200.0,2026-07-04,2026-07-04,972.0
20260704,000000,73W,37,2026,7,4,0,21.1,153.9,97000.0,2026-07-04,2026-07-04,970.0
20260704,000000,73W,37,2026,7,4,0,22.1,154.1,96300.0,2026-07-04,2026-07-04,963.0
20260704,000000,73W,37,2026,7,4,0,23.0,154.6,96200.0,2026-07-04,2026-07-04,962.0
20260704,000000,73W,37,2026,7,4,0,24.0,155.3,96400.0,2026-07-04,2026-07-04,964.0
20260704,000000,73W,37,2026,7,4,0,25.0,156.0,96100.0,2026-07-04,2026-07-04,961.0
20260704,000000,73W,37,2026,7,4,0,25.900000000000002,157.0,95000.0,2026-07-04,2026-07-04,950.0
20260704,000000,73W,37,2026,7,4,0,27.0,158.1,95100.0,2026-07-04,2026-07-04,951.0
20260704,000000,73W,37,2026,7,4,0,28.1,159.1,95000.0,2026-07-04,2026-07-04,950.0
20260704,000000,73W,37,2026,7,4,0,28.900000000000002,160.1,95700.0,2026-07-04,2026-07-04,957.0
20260704,000000,73W,37,2026,7,4,0,29.7,160.70000000000002,96500.0,2026-07-04,2026-07-04,965.0
20260704,000000,73W,37,2026,7,4,0,30.3,161.5,97600.0,2026-07-04,2026-07-04,976.0
20260704,000000,73W,37,2026,7,4,0,30.8,162.20000000000002,98100.0,2026-07-04,2026-07-04,981.0
20260704,000000,73W,37,2026,7,4,0,31.0,162.9,98800.0,2026-07-04,2026-07-04,988.0
20260704,000000,73W,37,2026,7,4,0,31.2,163.1,99000.0,2026-07-04,2026-07-04,990.0
20260704,000000,73W,37,2026,7,4,0,31.1,163.6,99300.0,2026-07-04,2026-07-04,993.0
20260704,000000,73W,37,2026,7,4,0,30.900000000000002,164.1,99400.0,2026-07-04,2026-07-04,994.0
20260704,000000,73W,37,2026,7,4,0,30.6,164.6,99700.0,2026-07-04,2026-07-04,997.0
20260704,000000,73W,37,2026,7,4,0,30.400000000000002,165.20000000000002,99700.0,2026-07-04,2026-07-04,997.0
20260704,000000,73W,37,2026,7,4,0,30.0,165.9,99900.0,2026-07-04,2026-07-04,999.0
20260704,000000,73W,37,2026,7,4,0,29.7,166.6,99800.0,2026-07-04,2026-07-04,998.0
20260704,000000,73W,37,2026,7,4,0,29.6,167.4,100000.0,2026-07-04,2026-07-04,1000.0
20260704,000000,73W,37,2026,7,4,0,29.900000000000002,168.3,100000.0,2026-07-04,2026-07-04,1000.0
20260704,000000,73W,37,2026,7,4,0,30.2,168.9,100200.0,2026-07-04,2026-07-04,1002.0
20260704,000000,73W,37,2026,7,4,0,30.8,169.6,100300.0,2026-07-04,2026-07-04,1003.0
20260704,000000,73W,37,2026,7,4,0,31.5,169.8,100500.0,2026-07-04,2026-07-04,1005.0
20260704,000000,73W,37,2026,7,4,0,32.6,170.0,100600.0,2026-07-04,2026-07-04,1006.0
20260704,000000,73W,38,2026,7,4,0,12.700000000000001,161.6,100900.0,2026-07-04,2026-07-04,1009.0
20260704,000000,73W,38,2026,7,4,0,12.6,160.1,100700.0,2026-07-04,2026-07-04,1007.0
20260704,000000,73W,38,2026,7,4,0,13.0,157.20000000000002,100700.0,2026-07-04,2026-07-04,1007.0
20260704,000000,73W,38,2026,7,4,0,13.8,156.3,100900.0,2026-07-04,2026-07-04,1009.0
20260704,000000,73W,38,2026,7,4,0,13.8,154.6,100700.0,2026-07-04,2026-07-04,1007.0
20260704,000000,73W,38,2026,7,4,0,14.0,153.3,100900.0,2026-07-04,2026-07-04,1009.0
20260704,000000,73W,38,2026,7,4,0,14.700000000000001,151.9,100600.0,2026-07-04,2026-07-04,1006.0
20260704,000000,73W,38,2026,7,4,0,15.1,150.1,100600.0,2026-07-04,2026-07-04,1006.0
20260704,000000,73W,38,2026,7,4,0,15.5,148.9,100400.0,2026-07-04,2026-07-04,1004.0
20260704,000000,73W,38,2026,7,4,0,15.9,147.3,100400.0,2026-07-04,2026-07-04,1004.0
20260704,000000,73W,38,2026,7,4,0,15.8,145.8,99800.0,2026-07-04,2026-07-04,998.0
20260704,000000,73W,38,2026,7,4,0,15.9,144.20000000000002,99800.0,2026-07-04,2026-07-04,998.0
20260704,000000,73W,38,2026,7,4,0,16.0,142.9,99300.0,2026-07-04,2026-07-04,993.0
20260704,000000,73W,38,2026,7,4,0,16.3,141.70000000000002,99400.0,2026-07-04,2026-07-04,994.0
20260704,000000,73W,38,2026,7,4,0,16.5,140.5,99000.0,2026-07-04,2026-07-04,990.0
20260704,000000,73W,38,2026,7,4,0,16.8,139.70000000000002,98700.0,2026-07-04,2026-07-04,987.0
20260704,000000,73W,38,2026,7,4,0,17.0,138.70000000000002,98300.0,2026-07-04,2026-07-04,983.0
20260704,000000,73W,38,2026,7,4,0,17.1,137.9,98100.0,2026-07-04,2026-07-04,981.0
20260704,000000,73W,38,2026,7,4,0,17.400000000000002,137.20000000000002,97900.0,2026-07-04,2026-07-04,979.0
20260704,000000,73W,38,2026,7,4,0,17.8,136.6,98100.0,2026-07-04,2026-07-04,981.0
20260704,000000,73W,38,2026,7,4,0,18.2,136.2,97900.0,2026-07-04,2026-07-04,979.0
20260704,000000,73W,38,2026,7,4,0,18.5,135.7,97900.0,2026-07-04,2026-07-04,979.0
20260704,000000,73W,38,2026,7,4,0,18.8,135.2,97700.0,2026-07-04,2026-07-04,977.0
20260704,000000,73W,38,2026,7,4,0,18.8,134.9,97300.0,2026-07-04,2026-07-04,973.0
20260704,000000,73W,38,2026,7,4,0,18.900000000000002,134.6,96300.0,2026-07-04,2026-07-04,963.0
20260704,000000,73W,38,2026,7,4,0,18.8,134.5,96500.0,2026-07-04,2026-07-04,965.0
20260704,000000,73W,38,2026,7,4,0,18.900000000000002,134.3,96100.0,2026-07-04,2026-07-04,961.0
20260704,000000,73W,38,2026,7,4,0,19.0,134.3,95400.0,2026-07-04,2026-07-04,954.0
20260704,000000,73W,38,2026,7,4,0,19.0,134.2,95000.0,2026-07-04,2026-07-04,950.0
20260704,000000,73W,38,2026,7,4,0,18.900000000000002,134.4,95400.0,2026-07-04,2026-07-04,954.0
20260704,000000,73W,38,2026,7,4,0,19.0,134.5,95300.0,2026-07-04,2026-07-04,953.0
20260704,000000,73W,38,2026,7,4,0,19.0,134.6,95500.0,2026-07-04,2026-07-04,955.0
20260704,000000,73W,38,2026,7,4,0,19.1,134.9,95100.0,2026-07-04,2026-07-04,951.0
20260704,000000,73W,38,2026,7,4,0,19.2,135.3,94500.0,2026-07-04,2026-07-04,945.0
20260704,000000,73W,38,2026,7,4,0,19.5,135.8,93600.0,2026-07-04,2026-07-04,936.0
20260704,000000,73W,38,2026,7,4,0,20.0,136.2,93800.0,2026-07-04,2026-07-04,938.0
20260704,000000,73W,38,2026,7,4,0,20.7,136.6,94200.0,2026-07-04,2026-07-04,942.0
20260704,000000,73W,38,2026,7,4,0,21.400000000000002,136.70000000000002,95100.0,2026-07-04,2026-07-04,951.0
20260704,000000,73W,38,2026,7,4,0,22.0,136.8,95200.0,2026-07-04,2026-07-04,952.0
20260704,000000,73W,38,2026,7,4,0,22.6,136.70000000000002,95600.0,2026-07-04,2026-07-04,956.0
20260704,000000,73W,39,2026,7,4,0,6.1000000000000005,179.4,100700.0,2026-07-04,2026-07-04,1007.0
20260704,000000,73W,39,2026,7,4,0,6.0,178.4,100700.0,2026-07-04,2026-07-04,1007.0
20260704,000000,73W,39,2026,7,4,0,6.3,173.4,100700.0,2026-07-04,2026-07-04,1007.0
20260704,000000,73W,39,2026,7,4,0,7.5,169.5,101000.0,2026-07-04,2026-07-04,1010.0
20260704,000000,73W,39,2026,7,4,0,7.8,168.0,100800.0,2026-07-04,2026-07-04,1008.0
20260704,000000,73W,39,2026,7,4,0,7.6000000000000005,168.6,100900.0,2026-07-04,2026-07-04,1009.0
20260704,000000,73W,39,2026,7,4,0,8.1,169.1,100700.0,2026-07-04,2026-07-04,1007.0
20260704,000000,73W,39,2026,7,4,0,9.1,170.20000000000002,100800.0,2026-07-04,2026-07-04,1008.0
20260704,000000,73W,39,2026,7,4,0,9.3,170.1,100700.0,2026-07-04,2026-07-04,1007.0
20260704,000000,73W,39,2026,7,4,0,9.3,170.3,100900.0,2026-07-04,2026-07-04,1009.0
20260704,000000,73W,39,2026,7,4,0,9.8,170.9,100600.0,2026-07-04,2026-07-04,1006.0
20260704,000000,73W,39,2026,7,4,0,10.200000000000001,171.0,100700.0,2026-07-04,2026-07-04,1007.0
20260704,000000,73W,39,2026,7,4,0,10.9,170.6,100500.0,2026-07-04,2026-07-04,1005.0
20260704,000000,73W,39,2026,7,4,0,11.200000000000001,169.6,100600.0,2026-07-04,2026-07-04,1006.0
20260704,000000,73W,39,2026,7,4,0,10.8,168.9,100400.0,2026-07-04,2026-07-04,1004.0
20260704,000000,73W,39,2026,7,4,0,10.9,168.3,100500.0,2026-07-04,2026-07-04,1005.0
20260704,000000,73W,39,2026,7,4,0,11.3,167.70000000000002,100300.0,2026-07-04,2026-07-04,1003.0
20260704,000000,73W,39,2026,7,4,0,11.6,167.1,100400.0,2026-07-04,2026-07-04,1004.0
20260704,000000,73W,39,2026,7,4,0,12.3,166.4,100100.0,2026-07-04,2026-07-04,1001.0
20260704,000000,73W,39,2026,7,4,0,12.8,165.20000000000002,99900.0,2026-07-04,2026-07-04,999.0
20260704,000000,73W,39,2026,7,4,0,13.700000000000001,164.0,99300.0,2026-07-04,2026-07-04,993.0
20260704,000000,73W,39,2026,7,4,0,13.8,163.0,99300.0,2026-07-04,2026-07-04,993.0
20260704,000000,73W,39,2026,7,4,0,14.4,162.0,98900.0,2026-07-04,2026-07-04,989.0
20260704,000000,73W,39,2026,7,4,0,15.200000000000001,161.4,98600.0,2026-07-04,2026-07-04,986.0
20260704,000000,73W,39,2026,7,4,0,15.700000000000001,160.6,98300.0,2026-07-04,2026-07-04,983.0
20260704,000000,73W,39,2026,7,4,0,16.2,159.6,98200.0,2026-07-04,2026-07-04,982.0
20260704,000000,73W,39,2026,7,4,0,16.5,158.9,97700.0,2026-07-04,2026-07-04,977.0
20260704,000000,73W,39,2026,7,4,0,16.9,158.20000000000002,97700.0,2026-07-04,2026-07-04,977.0
20260704,000000,73W,39,2026,7,4,0,17.1,157.5,97400.0,2026-07-04,2026-07-04,974.0
20260704,000000,73W,39,2026,7,4,0,17.3,156.9,97300.0,2026-07-04,2026-07-04,973.0
20260704,000000,73W,39,2026,7,4,0,17.400000000000002,156.0,97000.0,2026-07-04,2026-07-04,970.0
20260704,000000,73W,39,2026,7,4,0,17.6,155.5,96900.0,2026-07-04,2026-07-04,969.0
20260704,000000,73W,39,2026,7,4,0,17.8,154.70000000000002,96600.0,2026-07-04,2026-07-04,966.0
20260704,000000,73W,39,2026,7,4,0,17.900000000000002,154.1,96600.0,2026-07-04,2026-07-04,966.0
20260704,000000,73W,39,2026,7,4,0,18.1,153.4,96300.0,2026-07-04,2026-07-04,963.0
20260704,000000,73W,39,2026,7,4,0,18.6,153.0,96200.0,2026-07-04,2026-07-04,962.0
20260704,000000,73W,40,2026,7,4,0,28.900000000000002,153.4,100900.0,2026-07-04,2026-07-04,1009.0
20260704,000000,73W,40,2026,7,4,0,28.7,155.1,100700.0,2026-07-04,2026-07-04,1007.0
20260704,000000,73W,40,2026,7,4,0,28.5,157.70000000000002,100700.0,2026-07-04,2026-07-04,1007.0
20260704,000000,73W,40,2026,7,4,0,29.400000000000002,159.3,100600.0,2026-07-04,2026-07-04,1006.0
20260704,000000,73W,40,2026,7,4,0,29.7,160.8,100600.0,2026-07-04,2026-07-04,1006.0
20260704,000000,73W,40,2026,7,4,0,29.7,161.70000000000002,100500.0,2026-07-04,2026-07-04,1005.0
20260704,000000,73W,40,2026,7,4,0,33.0,166.0,100900.0,2026-07-04,2026-07-04,1009.0
20260704,000000,73W,41,2026,7,4,0,27.400000000000002,148.0,101000.0,2026-07-04,2026-07-04,1010.0
20260704,000000,73W,41,2026,7,4,0,23.8,148.20000000000002,101000.0,2026-07-04,2026-07-04,1010.0
20260704,000000,73W,41,2026,7,4,0,23.400000000000002,148.9,100400.0,2026-07-04,2026-07-04,1004.0
20260704,000000,73W,41,2026,7,4,0,22.7,149.20000000000002,100500.0,2026-07-04,2026-07-04,1005.0
20260704,000000,73W,41,2026,7,4,0,22.7,148.9,100300.0,2026-07-04,2026-07-04,1003.0
20260704,000000,73W,41,2026,7,4,0,22.400000000000002,148.70000000000002,100400.0,2026-07-04,2026-07-04,1004.0
20260704,000000,73W,41,2026,7,4,0,22.2,147.5,100300.0,2026-07-04,2026-07-04,1003.0
20260704,000000,73W,41,2026,7,4,0,21.8,146.8,100500.0,2026-07-04,2026-07-04,1005.0
20260704,000000,73W,41,2026,7,4,0,21.8,146.1,100400.0,2026-07-04,2026-07-04,1004.0
20260704,000000,73W,42,2026,7,4,0,7.4,145.8,100900.0,2026-07-04,2026-07-04,1009.0
20260704,000000,73W,42,2026,7,4,0,7.5,144.1,100700.0,2026-07-04,2026-07-04,1007.0
20260704,000000,73W,42,2026,7,4,0,7.9,141.1,100900.0,2026-07-04,2026-07-04,1009.0
20260704,000000,73W,42,2026,7,4,0,7.2,139.20000000000002,100700.0,2026-07-04,2026-07-04,1007.0
20260704,000000,73W,42,2026,7,4,0,6.9,137.6,100500.0,2026-07-04,2026-07-04,1005.0
20260704,000000,73W,42,2026,7,4,0,6.3,137.9,100600.0,2026-07-04,2026-07-04,1006.0
20260704,000000,73W,42,2026,7,4,0,7.5,138.0,100200.0,2026-07-04,2026-07-04,1002.0
20260704,000000,73W,42,2026,7,4,0,8.9,137.3,100300.0,2026-07-04,2026-07-04,1003.0
20260704,000000,73W,42,2026,7,4,0,9.4,136.3,99900.0,2026-07-04,2026-07-04,999.0
20260704,000000,73W,42,2026,7,4,0,10.6,136.2,100000.0,2026-07-04,2026-07-04,1000.0
20260704,000000,73W,42,2026,7,4,0,11.200000000000001,135.3,99700.0,2026-07-04,2026-07-04,997.0
20260704,000000,73W,42,2026,7,4,0,11.9,134.5,99700.0,2026-07-04,2026-07-04,997.0
20260704,000000,73W,42,2026,7,4,0,12.5,134.0,99400.0,2026-07-04,2026-07-04,994.0
20260704,000000,73W,42,2026,7,4,0,12.9,133.6,99500.0,2026-07-04,2026-07-04,995.0
20260704,000000,73W,42,2026,7,4,0,13.6,133.3,99300.0,2026-07-04,2026-07-04,993.0
20260704,000000,73W,42,2026,7,4,0,14.1,133.1,99200.0,2026-07-04,2026-07-04,992.0
20260704,000000,73W,42,2026,7,4,0,14.5,133.3,98200.0,2026-07-04,2026-07-04,982.0
20260704,000000,73W,42,2026,7,4,0,15.200000000000001,133.7,97300.0,2026-07-04,2026-07-04,973.0
20260704,000000,73W,42,2026,7,4,0,15.9,133.7,95800.0,2026-07-04,2026-07-04,958.0
20260704,000000,73W,42,2026,7,4,0,16.4,134.0,95200.0,2026-07-04,2026-07-04,952.0
20260704,000000,73W,42,2026,7,4,0,16.9,134.0,94500.0,2026-07-04,2026-07-04,945.0
20260704,000000,73W,42,2026,7,4,0,17.3,134.3,95400.0,2026-07-04,2026-07-04,954.0
20260704,000000,73W,42,2026,7,4,0,17.7,134.2,94500.0,2026-07-04,2026-07-04,945.0
20260704,000000,73W,42,2026,7,4,0,18.1,134.2,93800.0,2026-07-04,2026-07-04,938.0
20260704,000000,73W,42,2026,7,4,0,18.8,134.2,94100.0,2026-07-04,2026-07-04,941.0
20260704,000000,73W,42,2026,7,4,0,19.3,134.1,94900.0,2026-07-04,2026-07-04,949.0
20260704,000000,73W,42,2026,7,4,0,19.900000000000002,133.8,94900.0,2026-07-04,2026-07-04,949.0
20260704,000000,73W,42,2026,7,4,0,20.7,133.5,95100.0,2026-07-04,2026-07-04,951.0
20260704,000000,73W,42,2026,7,4,0,21.6,133.1,95100.0,2026-07-04,2026-07-04,951.0
20260704,000000,73W,42,2026,7,4,0,22.6,132.3,96000.0,2026-07-04,2026-07-04,960.0
20260704,000000,73W,42,2026,7,4,0,23.5,131.3,96100.0,2026-07-04,2026-07-04,961.0
20260704,000000,73W,42,2026,7,4,0,24.1,130.3,95800.0,2026-07-04,2026-07-04,958.0
20260704,000000,73W,43,2026,7,4,0,7.2,175.0,100900.0,2026-07-04,2026-07-04,1009.0
20260704,000000,73W,43,2026,7,4,0,6.7,173.1,101000.0,2026-07-04,2026-07-04,1010.0
20260704,000000,73W,43,2026,7,4,0,8.4,168.8,100800.0,2026-07-04,2026-07-04,1008.0
20260704,000000,73W,43,2026,7,4,0,9.1,167.5,100800.0,2026-07-04,2026-07-04,1008.0
20260704,000000,73W,43,2026,7,4,0,9.4,167.1,100900.0,2026-07-04,2026-07-04,1009.0
20260704,000000,73W,43,2026,7,4,0,9.1,166.0,100700.0,2026-07-04,2026-07-04,1007.0
20260704,000000,73W,43,2026,7,4,0,9.3,165.5,100900.0,2026-07-04,2026-07-04,1009.0
20260704,000000,73W,43,2026,7,4,0,9.4,164.0,100800.0,2026-07-04,2026-07-04,1008.0
20260704,000000,73W,43,2026,7,4,0,9.8,163.4,100900.0,2026-07-04,2026-07-04,1009.0
20260704,000000,73W,43,2026,7,4,0,9.6,161.1,100800.0,2026-07-04,2026-07-04,1008.0
20260704,000000,73W,43,2026,7,4,0,9.8,161.20000000000002,100600.0,2026-07-04,2026-07-04,1006.0
20260704,000000,73W,43,2026,7,4,0,9.700000000000001,160.1,100700.0,2026-07-04,2026-07-04,1007.0
20260704,000000,73W,43,2026,7,4,0,9.4,159.9,100500.0,2026-07-04,2026-07-04,1005.0
20260704,000000,73W,43,2026,7,4,0,10.700000000000001,159.6,100700.0,2026-07-04,2026-07-04,1007.0
20260704,000000,73W,43,2026,7,4,0,10.700000000000001,158.4,100400.0,2026-07-04,2026-07-04,1004.0
20260704,000000,73W,43,2026,7,4,0,11.9,157.3,100500.0,2026-07-04,2026-07-04,1005.0
20260704,000000,73W,43,2026,7,4,0,12.3,156.20000000000002,100300.0,2026-07-04,2026-07-04,1003.0
20260704,000000,73W,43,2026,7,4,0,12.5,155.3,100500.0,2026-07-04,2026-07-04,1005.0
20260704,000000,73W,43,2026,7,4,0,12.6,154.1,100200.0,2026-07-04,2026-07-04,1002.0
20260704,000000,73W,43,2026,7,4,0,12.6,153.70000000000002,100300.0,2026-07-04,2026-07-04,1003.0
20260704,000000,73W,43,2026,7,4,0,14.1,152.5,100100.0,2026-07-04,2026-07-04,1001.0
20260704,000000,73W,43,2026,7,4,0,13.700000000000001,151.0,99500.0,2026-07-04,2026-07-04,995.0
20260704,000000,73W,43,2026,7,4,0,14.3,150.1,99500.0,2026-07-04,2026-07-04,995.0
20260704,000000,73W,43,2026,7,4,0,14.5,148.70000000000002,99500.0,2026-07-04,2026-07-04,995.0
20260704,000000,73W,43,2026,7,4,0,14.9,148.20000000000002,98100.0,2026-07-04,2026-07-04,981.0
20260704,000000,73W,43,2026,7,4,0,15.0,147.5,98800.0,2026-07-04,2026-07-04,988.0
20260704,000000,73W,43,2026,7,4,0,15.200000000000001,147.0,98800.0,2026-07-04,2026-07-04,988.0
20260704,000000,73W,43,2026,7,4,0,15.1,146.1,98000.0,2026-07-04,2026-07-04,980.0
20260704,000000,73W,43,2026,7,4,0,15.3,145.3,98200.0,2026-07-04,2026-07-04,982.0
20260704,000000,73W,43,2026,7,4,0,15.4,144.70000000000002,97700.0,2026-07-04,2026-07-04,977.0
20260704,000000,73W,43,2026,7,4,0,15.9,144.3,96900.0,2026-07-04,2026-07-04,969.0
20260704,000000,73W,43,2026,7,4,0,16.6,143.9,97500.0,2026-07-04,2026-07-04,975.0
20260704,000000,73W,44,2026,7,4,0,34.0,118.10000000000001,99600.0,2026-07-04,2026-07-04,996.0
20260704,000000,73W,44,2026,7,4,0,35.2,119.3,99600.0,2026-07-04,2026-07-04,996.0
20260704,000000,73W,44,2026,7,4,0,36.5,121.2,99700.0,2026-07-04,2026-07-04,997.0
20260704,000000,73W,44,2026,7,4,0,38.4,124.7,99700.0,2026-07-04,2026-07-04,997.0
20260704,000000,73W,44,2026,7,4,0,39.6,125.7,100000.0,2026-07-04,2026-07-04,1000.0
20260704,000000,73W,45,2026,7,4,0,7.5,165.8,100800.0,2026-07-04,2026-07-04,1008.0
20260704,000000,73W,45,2026,7,4,0,6.4,167.6,101000.0,2026-07-04,2026-07-04,1010.0
20260704,000000,73W,45,2026,7,4,0,5.9,169.3,100800.0,2026-07-04,2026-07-04,1008.0
20260704,000000,73W,45,2026,7,4,0,6.3,172.6,101000.0,2026-07-04,2026-07-04,1010.0
20260704,000000,73W,45,2026,7,4,0,7.1000000000000005,174.3,100900.0,2026-07-04,2026-07-04,1009.0
20260704,000000,73W,45,2026,7,4,0,6.5,169.8,100900.0,2026-07-04,2026-07-04,1009.0
20260704,000000,73W,45,2026,7,4,0,6.3,166.0,100900.0,2026-07-04,2026-07-04,1009.0
20260704,000000,73W,45,2026,7,4,0,7.2,166.70000000000002,101100.0,2026-07-04,2026-07-04,1011.0
20260704,000000,73W,45,2026,7,4,0,8.0,166.20000000000002,101000.0,2026-07-04,2026-07-04,1010.0
20260704,000000,73W,46,2026,7,4,0,34.2,136.8,100400.0,2026-07-04,2026-07-04,1004.0
20260704,000000,73W,46,2026,7,4,0,33.5,138.9,100500.0,2026-07-04,2026-07-04,1005.0
20260704,000000,73W,46,2026,7,4,0,33.1,139.4,100700.0,2026-07-04,2026-07-04,1007.0
20260704,000000,73W,46,2026,7,4,0,33.1,140.0,100900.0,2026-07-04,2026-07-04,1009.0
20260704,000000,73W,46,2026,7,4,0,33.4,140.20000000000002,100800.0,2026-07-04,2026-07-04,1008.0
20260704,000000,73W,47,2026,7,4,0,32.5,136.1,100100.0,2026-07-04,2026-07-04,1001.0
20260704,000000,73W,47,2026,7,4,0,32.5,137.5,99800.0,2026-07-04,2026-07-04,998.0
20260704,000000,73W,47,2026,7,4,0,32.4,137.6,99500.0,2026-07-04,2026-07-04,995.0
20260704,000000,73W,47,2026,7,4,0,31.8,140.0,99900.0,2026-07-04,2026-07-04,999.0
20260704,000000,73W,47,2026,7,4,0,32.3,140.8,99300.0,2026-07-04,2026-07-04,993.0
20260704,000000,73W,48,2026,7,4,0,5.4,172.5,100800.0,2026-07-04,2026-07-04,1008.0
20260704,000000,73W,48,2026,7,4,0,6.6000000000000005,172.4,101000.0,2026-07-04,2026-07-04,1010.0
20260704,000000,73W,48,2026,7,4,0,7.9,171.4,100800.0,2026-07-04,2026-07-04,1008.0
20260704,000000,73W,48,2026,7,4,0,6.4,168.6,100700.0,2026-07-04,2026-07-04,1007.0
20260704,000000,73W,49,2026,7,4,0,16.4,112.10000000000001,99600.0,2026-07-04,2026-07-04,996.0
20260704,000000,73W,49,2026,7,4,0,16.6,113.9,99500.0,2026-07-04,2026-07-04,995.0
20260704,000000,73W,49,2026,7,4,0,16.3,115.10000000000001,99200.0,2026-07-04,2026-07-04,992.0
20260704,000000,73W,49,2026,7,4,0,17.7,116.0,99100.0,2026-07-04,2026-07-04,991.0
20260704,000000,73W,49,2026,7,4,0,18.6,116.60000000000001,98900.0,2026-07-04,2026-07-04,989.0
20260704,000000,73W,49,2026,7,4,0,19.1,116.60000000000001,99000.0,2026-07-04,2026-07-04,990.0
20260704,000000,73W,49,2026,7,4,0,19.7,116.4,98400.0,2026-07-04,2026-07-04,984.0
20260704,000000,73W,49,2026,7,4,0,20.2,116.5,97600.0,2026-07-04,2026-07-04,976.0
20260704,000000,73W,49,2026,7,4,0,21.1,116.2,97600.0,2026-07-04,2026-07-04,976.0
20260704,000000,73W,49,2026,7,4,0,22.0,115.9,98300.0,2026-07-04,2026-07-04,983.0
20260704,000000,73W,49,2026,7,4,0,23.0,115.4,99000.0,2026-07-04,2026-07-04,990.0
20260704,000000,73W,49,2026,7,4,0,24.2,114.4,99600.0,2026-07-04,2026-07-04,996.0
20260704,000000,73W,49,2026,7,4,0,25.2,114.3,99700.0,2026-07-04,2026-07-04,997.0
20260704,000000,73W,50,2026,7,4,0,9.700000000000001,141.1,100600.0,2026-07-04,2026-07-04,1006.0
20260704,000000,73W,50,2026,7,4,0,14.0,137.1,100500.0,2026-07-04,2026-07-04,1005.0
20260704,000000,73W,50,2026,7,4,0,16.3,134.5,100600.0,2026-07-04,2026-07-04,1006.0
20260704,000000,73W,50,2026,7,4,0,15.3,135.0,100500.0,2026-07-04,2026-07-04,1005.0
20260704,000000,73W,50,2026,7,4,0,15.9,132.8,100400.0,2026-07-04,2026-07-04,1004.0
20260704,000000,73W,50,2026,7,4,0,15.9,132.6,100600.0,2026-07-04,2026-07-04,1006.0
20260704,000000,73W,50,2026,7,4,0,16.2,132.4,100500.0,2026-07-04,2026-07-04,1005.0
20260704,000000,73W,50,2026,7,4,0,16.4,132.5,100700.0,2026-07-04,2026-07-04,1007.0
20260704,000000,73W,50,2026,7,4,0,16.9,133.3,100500.0,2026-07-04,2026-07-04,1005.0
20260704,000000,73W,50,2026,7,4,0,17.8,134.0,100700.0,2026-07-04,2026-07-04,1007.0
20260704,000000,73W,50,2026,7,4,0,19.7,134.5,100800.0,2026-07-04,2026-07-04,1008.0
20260704,000000,73W,50,2026,7,4,0,20.400000000000002,134.2,100600.0,2026-07-04,2026-07-04,1006.0
20260704,000000,73W,50,2026,7,4,0,20.7,134.3,100700.0,2026-07-04,2026-07-04,1007.0
20260704,000000,73W,50,2026,7,4,0,20.5,134.5,100500.0,2026-07-04,2026-07-04,1005.0
20260704,000000,73W,50,2026,7,4,0,20.8,134.7,100700.0,2026-07-04,2026-07-04,1007.0
20260704,000000,73W,50,2026,7,4,0,20.7,134.9,100500.0,2026-07-04,2026-07-04,1005.0
20260704,000000,73W,50,2026,7,4,0,20.900000000000002,135.3,100700.0,2026-07-04,2026-07-04,1007.0
20260704,000000,73W,50,2026,7,4,0,21.3,135.8,100500.0,2026-07-04,2026-07-04,1005.0
20260704,000000,73W,50,2026,7,4,0,22.3,135.2,100700.0,2026-07-04,2026-07-04,1007.0
20260704,000000,73W,51,2026,7,4,0,32.3,144.20000000000002,101000.0,2026-07-04,2026-07-04,1010.0
20260704,000000,73W,51,2026,7,4,0,30.7,147.3,101000.0,2026-07-04,2026-07-04,1010.0
20260704,000000,73W,51,2026,7,4,0,31.3,147.3,101100.0,2026-07-04,2026-07-04,1011.0
20260704,000000,73W,51,2026,7,4,0,30.3,148.3,101100.0,2026-07-04,2026-07-04,1011.0
20260704,000000,74W,1,2026,7,4,0,24.2,137.6,101000.0,2026-07-04,2026-07-04,1010.0
20260704,000000,74W,1,2026,7,4,0,24.0,137.5,100800.0,2026-07-04,2026-07-04,1008.0
20260704,000000,74W,1,2026,7,4,0,23.1,138.20000000000002,100300.0,2026-07-04,2026-07-04,1003.0
20260704,000000,74W,1,2026,7,4,0,24.3,137.8,100100.0,2026-07-04,2026-07-04,1001.0
20260704,000000,74W,1,2026,7,4,0,24.3,137.9,99700.0,2026-07-04,2026-07-04,997.0
20260704,000000,74W,1,2026,7,4,0,24.2,137.8,98900.0,2026-07-04,2026-07-04,989.0
20260704,000000,74W,1,2026,7,4,0,24.400000000000002,137.6,98400.0,2026-07-04,2026-07-04,984.0
20260704,000000,74W,1,2026,7,4,0,24.7,137.4,97700.0,2026-07-04,2026-07-04,977.0
20260704,000000,74W,1,2026,7,4,0,24.900000000000002,137.1,97900.0,2026-07-04,2026-07-04,979.0
20260704,000000,74W,1,2026,7,4,0,25.2,137.0,97900.0,2026-07-04,2026-07-04,979.0
20260704,000000,74W,1,2026,7,4,0,25.6,136.4,98000.0,2026-07-04,2026-07-04,980.0
20260704,000000,74W,1,2026,7,4,0,26.0,135.7,98000.0,2026-07-04,2026-07-04,980.0
20260704,000000,74W,1,2026,7,4,0,26.3,135.1,98200.0,2026-07-04,2026-07-04,982.0
20260704,000000,74W,1,2026,7,4,0,27.3,134.6,98300.0,2026-07-04,2026-07-04,983.0
20260704,000000,74W,1,2026,7,4,0,28.0,133.5,98400.0,2026-07-04,2026-07-04,984.0
20260704,000000,74W,1,2026,7,4,0,28.900000000000002,132.6,98800.0,2026-07-04,2026-07-04,988.0
20260704,000000,74W,1,2026,7,4,0,29.2,131.6,99000.0,2026-07-04,2026-07-04,990.0
20260704,000000,74W,1,2026,7,4,0,29.5,130.9,99200.0,2026-07-04,2026-07-04,992.0
20260704,000000,74W,1,2026,7,4,0,29.400000000000002,129.9,99200.0,2026-07-04,2026-07-04,992.0
20260704,000000,74W,1,2026,7,4,0,29.900000000000002,129.7,99000.0,2026-07-04,2026-07-04,990.0
20260704,000000,74W,1,2026,7,4,0,30.0,128.9,98900.0,2026-07-04,2026-07-04,989.0
20260704,000000,74W,1,2026,7,4,0,30.7,128.1,99200.0,2026-07-04,2026-07-04,992.0
20260704,000000,74W,1,2026,7,4,0,31.5,127.7,99200.0,2026-07-04,2026-07-04,992.0
20260704,000000,74W,1,2026,7,4,0,32.3,127.2,99400.0,2026-07-04,2026-07-04,994.0
20260704,000000,74W,1,2026,7,4,0,33.4,126.10000000000001,99500.0,2026-07-04,2026-07-04,995.0
20260704,000000,74W,1,2026,7,4,0,34.2,125.3,99800.0,2026-07-04,2026-07-04,998.0
20260704,000000,74W,1,2026,7,4,0,35.1,124.8,99800.0,2026-07-04,2026-07-04,998.0
20260704,000000,74W,1,2026,7,4,0,35.9,124.4,100000.0,2026-07-04,2026-07-04,1000.0
20260704,000000,74W,2,2026,7,4,0,16.6,147.3,100600.0,2026-07-04,2026-07-04,1006.0
20260704,000000,74W,2,2026,7,4,0,18.8,150.1,100700.0,2026-07-04,2026-07-04,1007.0
20260704,000000,74W,2,2026,7,4,0,22.6,149.6,100900.0,2026-07-04,2026-07-04,1009.0
20260704,000000,74W,2,2026,7,4,0,24.7,150.9,100700.0,2026-07-04,2026-07-04,1007.0
20260704,000000,74W,2,2026,7,4,0,26.0,150.20000000000002,100800.0,2026-07-04,2026-07-04,1008.0
20260704,000000,74W,2,2026,7,4,0,27.1,149.70000000000002,100900.0,2026-07-04,2026-07-04,1009.0
20260704,000000,74W,2,2026,7,4,0,27.8,149.5,100800.0,2026-07-04,2026-07-04,1008.0
20260704,000000,74W,2,2026,7,4,0,28.7,149.4,100900.0,2026-07-04,2026-07-04,1009.0
20260704,000000,74W,3,2026,7,4,0,33.6,134.2,100600.0,2026-07-04,2026-07-04,1006.0
20260704,000000,74W,3,2026,7,4,0,33.3,135.4,100500.0,2026-07-04,2026-07-04,1005.0
20260704,000000,74W,3,2026,7,4,0,32.7,137.70000000000002,100700.0,2026-07-04,2026-07-04,1007.0
20260704,000000,74W,3,2026,7,4,0,32.6,141.3,100500.0,2026-07-04,2026-07-04,1005.0
20260704,000000,74W,3,2026,7,4,0,32.5,143.0,100600.0,2026-07-04,2026-07-04,1006.0
20260704,000000,74W,4,2026,7,4,0,12.200000000000001,157.1,101100.0,2026-07-04,2026-07-04,1011.0
20260704,000000,74W,4,2026,7,4,0,12.9,154.4,101000.0,2026-07-04,2026-07-04,1010.0
20260704,000000,74W,4,2026,7,4,0,13.3,153.5,100800.0,2026-07-04,2026-07-04,1008.0
20260704,000000,74W,4,2026,7,4,0,13.6,152.3,100900.0,2026-07-04,2026-07-04,1009.0
20260704,000000,74W,4,2026,7,4,0,14.700000000000001,151.20000000000002,100600.0,2026-07-04,2026-07-04,1006.0
20260704,000000,74W,4,2026,7,4,0,15.1,150.4,100700.0,2026-07-04,2026-07-04,1007.0
20260704,000000,74W,4,2026,7,4,0,15.9,150.0,100400.0,2026-07-04,2026-07-04,1004.0
20260704,000000,74W,4,2026,7,4,0,16.6,150.1,100400.0,2026-07-04,2026-07-04,1004.0
20260704,000000,74W,4,2026,7,4,0,17.7,150.5,100000.0,2026-07-04,2026-07-04,1000.0
20260704,000000,74W,4,2026,7,4,0,19.3,151.5,100200.0,2026-07-04,2026-07-04,1002.0
20260704,000000,74W,4,2026,7,4,0,21.1,152.9,100000.0,2026-07-04,2026-07-04,1000.0
20260704,000000,74W,4,2026,7,4,0,23.3,154.5,100300.0,2026-07-04,2026-07-04,1003.0
20260704,000000,74W,4,2026,7,4,0,25.400000000000002,156.1,100200.0,2026-07-04,2026-07-04,1002.0
20260704,000000,74W,4,2026,7,4,0,28.5,159.9,100300.0,2026-07-04,2026-07-04,1003.0
20260704,000000,74W,4,2026,7,4,0,29.5,161.8,100500.0,2026-07-04,2026-07-04,1005.0
20260704,000000,74W,4,2026,7,4,0,30.400000000000002,162.70000000000002,100400.0,2026-07-04,2026-07-04,1004.0
20260704,000000,74W,4,2026,7,4,0,30.8,163.6,100500.0,2026-07-04,2026-07-04,1005.0
20260704,000000,74W,4,2026,7,4,0,31.1,164.0,100500.0,2026-07-04,2026-07-04,1005.0
20260704,000000,74W,4,2026,7,4,0,31.2,164.20000000000002,100700.0,2026-07-04,2026-07-04,1007.0
20260704,000000,74W,4,2026,7,4,0,30.8,163.9,100600.0,2026-07-04,2026-07-04,1006.0
20260704,000000,74W,5,2026,7,4,0,17.2,152.9,101000.0,2026-07-04,2026-07-04,1010.0
20260704,000000,74W,5,2026,7,4,0,17.3,152.20000000000002,100900.0,2026-07-04,2026-07-04,1009.0
20260704,000000,74W,5,2026,7,4,0,18.0,151.0,101000.0,2026-07-04,2026-07-04,1010.0
20260704,000000,74W,5,2026,7,4,0,18.1,149.9,100700.0,2026-07-04,2026-07-04,1007.0
20260704,000000,74W,5,2026,7,4,0,18.2,148.9,100700.0,2026-07-04,2026-07-04,1007.0
20260704,000000,74W,5,2026,7,4,0,18.400000000000002,148.20000000000002,100600.0,2026-07-04,2026-07-04,1006.0
20260704,000000,74W,5,2026,7,4,0,18.7,147.5,100800.0,2026-07-04,2026-07-04,1008.0
20260704,000000,74W,5,2026,7,4,0,18.900000000000002,147.1,100500.0,2026-07-04,2026-07-04,1005.0
20260704,000000,74W,5,2026,7,4,0,19.0,147.0,100600.0,2026-07-04,2026-07-04,1006.0
20260704,000000,74W,5,2026,7,4,0,19.2,146.8,100400.0,2026-07-04,2026-07-04,1004.0
20260704,000000,74W,5,2026,7,4,0,19.3,147.0,100500.0,2026-07-04,2026-07-04,1005.0
20260704,000000,74W,5,2026,7,4,0,19.7,147.1,100200.0,2026-07-04,2026-07-04,1002.0
20260704,000000,74W,5,2026,7,4,0,20.5,147.0,100400.0,2026-07-04,2026-07-04,1004.0
20260704,000000,74W,5,2026,7,4,0,21.1,146.9,100300.0,2026-07-04,2026-07-04,1003.0
20260704,000000,74W,5,2026,7,4,0,21.3,146.70000000000002,100400.0,2026-07-04,2026-07-04,1004.0
20260704,000000,74W,5,2026,7,4,0,21.5,146.1,100200.0,2026-07-04,2026-07-04,1002.0
20260704,000000,74W,5,2026,7,4,0,21.400000000000002,145.6,100300.0,2026-07-04,2026-07-04,1003.0
20260704,000000,74W,5,2026,7,4,0,21.3,145.20000000000002,99900.0,2026-07-04,2026-07-04,999.0
20260704,000000,74W,5,2026,7,4,0,21.3,144.5,99900.0,2026-07-04,2026-07-04,999.0
20260704,000000,74W,5,2026,7,4,0,20.900000000000002,143.70000000000002,99600.0,2026-07-04,2026-07-04,996.0
20260704,000000,74W,5,2026,7,4,0,20.7,143.20000000000002,99700.0,2026-07-04,2026-07-04,997.0
20260704,000000,74W,5,2026,7,4,0,20.6,142.8,99200.0,2026-07-04,2026-07-04,992.0
20260704,000000,74W,5,2026,7,4,0,20.400000000000002,142.20000000000002,99400.0,2026-07-04,2026-07-04,994.0
20260704,000000,74W,5,2026,7,4,0,20.3,141.5,98800.0,2026-07-04,2026-07-04,988.0
20260704,000000,74W,5,2026,7,4,0,20.1,140.9,98600.0,2026-07-04,2026-07-04,986.0
20260704,000000,74W,5,2026,7,4,0,19.8,140.4,98500.0,2026-07-04,2026-07-04,985.0
20260704,000000,74W,5,2026,7,4,0,19.400000000000002,140.3,98800.0,2026-07-04,2026-07-04,988.0
20260704,000000,74W,5,2026,7,4,0,19.1,139.5,97800.0,2026-07-04,2026-07-04,978.0
20260704,000000,74W,5,2026,7,4,0,19.0,139.20000000000002,98600.0,2026-07-04,2026-07-04,986.0
20260704,000000,74W,5,2026,7,4,0,19.0,139.1,98400.0,2026-07-04,2026-07-04,984.0
20260704,000000,74W,5,2026,7,4,0,18.900000000000002,138.20000000000002,98400.0,2026-07-04,2026-07-04,984.0
20260704,000000,74W,5,2026,7,4,0,18.8,137.70000000000002,98500.0,2026-07-04,2026-07-04,985.0
20260704,000000,74W,5,2026,7,4,0,19.2,137.1,98300.0,2026-07-04,2026-07-04,983.0
20260704,000000,74W,6,2026,7,4,0,37.6,115.5,99400.0,2026-07-04,2026-07-04,994.0
20260704,000000,74W,6,2026,7,4,0,37.6,118.9,99200.0,2026-07-04,2026-07-04,992.0
20260704,000000,74W,6,2026,7,4,0,37.5,121.5,99200.0,2026-07-04,2026-07-04,992.0
20260704,000000,74W,6,2026,7,4,0,37.6,122.7,99100.0,2026-07-04,2026-07-04,991.0
20260704,000000,74W,6,2026,7,4,0,37.9,124.5,99100.0,2026-07-04,2026-07-04,991.0
20260704,000000,74W,6,2026,7,4,0,39.5,130.9,99200.0,2026-07-04,2026-07-04,992.0
20260704,000000,74W,6,2026,7,4,0,40.1,134.9,99700.0,2026-07-04,2026-07-04,997.0
20260704,000000,74W,7,2026,7,4,0,7.1000000000000005,148.8,100800.0,2026-07-04,2026-07-04,1008.0
20260704,000000,74W,7,2026,7,4,0,8.8,147.8,100900.0,2026-07-04,2026-07-04,1009.0
20260704,000000,74W,7,2026,7,4,0,9.1,145.1,100600.0,2026-07-04,2026-07-04,1006.0
20260704,000000,74W,7,2026,7,4,0,10.9,145.1,100700.0,2026-07-04,2026-07-04,1007.0
20260704,000000,74W,7,2026,7,4,0,11.4,142.8,100300.0,2026-07-04,2026-07-04,1003.0
20260704,000000,74W,7,2026,7,4,0,11.6,142.20000000000002,100500.0,2026-07-04,2026-07-04,1005.0
20260704,000000,74W,7,2026,7,4,0,11.9,141.1,100400.0,2026-07-04,2026-07-04,1004.0
20260704,000000,74W,7,2026,7,4,0,13.200000000000001,140.5,100600.0,2026-07-04,2026-07-04,1006.0
20260704,000000,74W,7,2026,7,4,0,12.6,140.6,100400.0,2026-07-04,2026-07-04,1004.0
20260704,000000,74W,7,2026,7,4,0,13.200000000000001,139.9,100600.0,2026-07-04,2026-07-04,1006.0
20260704,000000,74W,7,2026,7,4,0,13.5,138.9,100400.0,2026-07-04,2026-07-04,1004.0
20260704,000000,74W,7,2026,7,4,0,13.8,138.5,100600.0,2026-07-04,2026-07-04,1006.0
20260704,000000,74W,7,2026,7,4,0,14.5,138.5,100400.0,2026-07-04,2026-07-04,1004.0
20260704,000000,74W,7,2026,7,4,0,14.4,137.9,100600.0,2026-07-04,2026-07-04,1006.0
20260704,000000,74W,7,2026,7,4,0,14.700000000000001,137.20000000000002,100300.0,2026-07-04,2026-07-04,1003.0
20260704,000000,74W,7,2026,7,4,0,14.5,136.9,100400.0,2026-07-04,2026-07-04,1004.0
20260704,000000,74W,7,2026,7,4,0,15.200000000000001,136.3,100100.0,2026-07-04,2026-07-04,1001.0
20260704,000000,74W,7,2026,7,4,0,14.700000000000001,135.1,100000.0,2026-07-04,2026-07-04,1000.0
20260704,000000,74W,7,2026,7,4,0,15.0,135.2,99800.0,2026-07-04,2026-07-04,998.0
20260704,000000,74W,7,2026,7,4,0,15.200000000000001,134.8,99600.0,2026-07-04,2026-07-04,996.0
20260704,000000,74W,7,2026,7,4,0,15.5,133.9,99300.0,2026-07-04,2026-07-04,993.0
20260704,000000,74W,7,2026,7,4,0,15.700000000000001,133.6,98600.0,2026-07-04,2026-07-04,986.0
20260704,000000,74W,7,2026,7,4,0,16.2,133.2,98500.0,2026-07-04,2026-07-04,985.0
20260704,000000,74W,7,2026,7,4,0,16.6,132.4,98800.0,2026-07-04,2026-07-04,988.0
20260704,000000,74W,7,2026,7,4,0,16.8,131.8,98200.0,2026-07-04,2026-07-04,982.0
20260704,000000,74W,7,2026,7,4,0,17.3,131.5,98500.0,2026-07-04,2026-07-04,985.0
20260704,000000,74W,7,2026,7,4,0,17.5,130.5,98300.0,2026-07-04,2026-07-04,983.0
20260704,000000,74W,7,2026,7,4,0,18.1,130.1,98100.0,2026-07-04,2026-07-04,981.0
20260704,000000,74W,8,2026,7,4,0,9.3,166.3,100700.0,2026-07-04,2026-07-04,1007.0
20260704,000000,74W,8,2026,7,4,0,8.0,165.0,100700.0,2026-07-04,2026-07-04,1007.0
20260704,000000,74W,8,2026,7,4,0,8.1,161.70000000000002,100700.0,2026-07-04,2026-07-04,1007.0
20260704,000000,74W,9,2026,7,4,0,8.1,154.20000000000002,100900.0,2026-07-04,2026-07-04,1009.0
20260704,000000,74W,9,2026,7,4,0,11.1,154.1,100800.0,2026-07-04,2026-07-04,1008.0
20260704,000000,74W,10,2026,7,4,0,19.5,106.4,99800.0,2026-07-04,2026-07-04,998.0
20260704,000000,74W,10,2026,7,4,0,19.2,106.4,99800.0,2026-07-04,2026-07-04,998.0
20260704,000000,74W,10,2026,7,4,0,19.6,106.0,99800.0,2026-07-04,2026-07-04,998.0
20260704,000000,74W,10,2026,7,4,0,20.1,106.3,99700.0,2026-07-04,2026-07-04,997.0
20260704,000000,74W,11,2026,7,4,0,7.0,166.0,101000.0,2026-07-04,2026-07-04,1010.0
20260704,000000,74W,11,2026,7,4,0,9.1,165.1,100900.0,2026-07-04,2026-07-04,1009.0
20260704,000000,74W,11,2026,7,4,0,9.0,162.4,100800.0,2026-07-04,2026-07-04,1008.0
20260704,000000,74W,11,2026,7,4,0,9.1,160.3,100900.0,2026-07-04,2026-07-04,1009.0
20260704,000000,74W,11,2026,7,4,0,8.9,159.5,101100.0,2026-07-04,2026-07-04,1011.0
20260704,000000,74W,11,2026,7,4,0,9.0,158.9,100700.0,2026-07-04,2026-07-04,1007.0
20260704,000000,74W,11,2026,7,4,0,9.200000000000001,158.20000000000002,100700.0,2026-07-04,2026-07-04,1007.0
20260704,000000,74W,11,2026,7,4,0,9.200000000000001,157.4,100200.0,2026-07-04,2026-07-04,1002.0
20260704,000000,74W,11,2026,7,4,0,9.3,156.5,100100.0,2026-07-04,2026-07-04,1001.0
20260704,000000,74W,11,2026,7,4,0,9.1,156.0,99900.0,2026-07-04,2026-07-04,999.0
20260704,000000,74W,11,2026,7,4,0,8.9,155.3,99700.0,2026-07-04,2026-07-04,997.0
20260704,000000,74W,11,2026,7,4,0,8.700000000000001,154.9,99500.0,2026-07-04,2026-07-04,995.0
20260704,000000,74W,11,2026,7,4,0,8.6,154.6,99900.0,2026-07-04,2026-07-04,999.0
20260704,000000,74W,11,2026,7,4,0,8.5,154.1,99600.0,2026-07-04,2026-07-04,996.0
20260704,000000,74W,11,2026,7,4,0,8.1,153.70000000000002,99100.0,2026-07-04,2026-07-04,991.0
20260704,000000,74W,11,2026,7,4,0,7.8,153.20000000000002,99600.0,2026-07-04,2026-07-04,996.0
20260704,000000,74W,11,2026,7,4,0,7.6000000000000005,152.70000000000002,99500.0,2026-07-04,2026-07-04,995.0
20260704,000000,74W,11,2026,7,4,0,7.6000000000000005,152.5,99100.0,2026-07-04,2026-07-04,991.0
20260704,000000,74W,11,2026,7,4,0,7.6000000000000005,152.1,99300.0,2026-07-04,2026-07-04,993.0
20260704,000000,74W,11,2026,7,4,0,7.9,152.0,99500.0,2026-07-04,2026-07-04,995.0
20260704,000000,74W,11,2026,7,4,0,8.6,151.8,99200.0,2026-07-04,2026-07-04,992.0
20260704,000000,74W,11,2026,7,4,0,9.3,151.9,99000.0,2026-07-04,2026-07-04,990.0
20260704,000000,74W,11,2026,7,4,0,9.700000000000001,152.3,99100.0,2026-07-04,2026-07-04,991.0
20260704,000000,74W,11,2026,7,4,0,10.4,151.8,97900.0,2026-07-04,2026-07-04,979.0
20260704,000000,74W,11,2026,7,4,0,11.4,151.70000000000002,98000.0,2026-07-04,2026-07-04,980.0
20260704,000000,74W,11,2026,7,4,0,12.4,151.4,98100.0,2026-07-04,2026-07-04,981.0
20260704,000000,74W,11,2026,7,4,0,13.200000000000001,150.3,98100.0,2026-07-04,2026-07-04,981.0
20260704,000000,74W,11,2026,7,4,0,14.200000000000001,149.20000000000002,97300.0,2026-07-04,2026-07-04,973.0
20260704,000000,74W,11,2026,7,4,0,14.700000000000001,147.0,97300.0,2026-07-04,2026-07-04,973.0
20260704,000000,74W,12,2026,7,4,0,15.0,153.4,100800.0,2026-07-04,2026-07-04,1008.0
20260704,000000,74W,12,2026,7,4,0,15.4,150.3,100500.0,2026-07-04,2026-07-04,1005.0
20260704,000000,74W,12,2026,7,4,0,14.3,150.4,100700.0,2026-07-04,2026-07-04,1007.0
20260704,000000,74W,12,2026,7,4,0,14.9,149.20000000000002,100500.0,2026-07-04,2026-07-04,1005.0
20260704,000000,74W,12,2026,7,4,0,14.9,149.70000000000002,100700.0,2026-07-04,2026-07-04,1007.0
20260704,000000,74W,12,2026,7,4,0,13.9,149.5,100500.0,2026-07-04,2026-07-04,1005.0
20260704,000000,74W,12,2026,7,4,0,15.4,147.8,100700.0,2026-07-04,2026-07-04,1007.0
20260704,000000,74W,13,2026,7,4,0,25.2,148.8,100000.0,2026-07-04,2026-07-04,1000.0
20260704,000000,74W,13,2026,7,4,0,25.400000000000002,149.6,100000.0,2026-07-04,2026-07-04,1000.0
20260704,000000,74W,13,2026,7,4,0,26.2,150.9,99500.0,2026-07-04,2026-07-04,995.0
20260704,000000,74W,13,2026,7,4,0,26.6,151.5,99400.0,2026-07-04,2026-07-04,994.0
20260704,000000,74W,13,2026,7,4,0,27.5,152.0,99100.0,2026-07-04,2026-07-04,991.0
20260704,000000,74W,13,2026,7,4,0,28.400000000000002,152.20000000000002,99400.0,2026-07-04,2026-07-04,994.0
20260704,000000,74W,13,2026,7,4,0,29.7,153.9,99200.0,2026-07-04,2026-07-04,992.0
20260704,000000,74W,13,2026,7,4,0,31.3,152.0,99000.0,2026-07-04,2026-07-04,990.0
20260704,000000,74W,13,2026,7,4,0,33.0,151.6,98600.0,2026-07-04,2026-07-04,986.0
20260704,000000,74W,13,2026,7,4,0,34.6,150.3,99000.0,2026-07-04,2026-07-04,990.0
20260704,000000,74W,13,2026,7,4,0,35.800000000000004,148.9,98900.0,2026-07-04,2026-07-04,989.0
20260704,000000,74W,13,2026,7,4,0,36.300000000000004,146.9,98900.0,2026-07-04,2026-07-04,989.0
20260704,000000,74W,13,2026,7,4,0,36.0,145.5,98800.0,2026-07-04,2026-07-04,988.0
20260704,000000,74W,13,2026,7,4,0,35.4,144.20000000000002,99000.0,2026-07-04,2026-07-04,990.0
20260704,000000,74W,13,2026,7,4,0,35.1,143.9,99000.0,2026-07-04,2026-07-04,990.0
20260704,000000,74W,13,2026,7,4,0,35.1,143.70000000000002,99200.0,2026-07-04,2026-07-04,992.0
20260704,000000,74W,13,2026,7,4,0,35.300000000000004,143.3,99300.0,2026-07-04,2026-07-04,993.0
20260704,000000,74W,13,2026,7,4,0,35.4,143.5,99500.0,2026-07-04,2026-07-04,995.0
20260704,000000,74W,13,2026,7,4,0,36.1,144.3,99500.0,2026-07-04,2026-07-04,995.0
20260704,000000,74W,13,2026,7,4,0,37.2,144.8,99700.0,2026-07-04,2026-07-04,997.0
20260704,000000,74W,13,2026,7,4,0,38.4,145.4,99700.0,2026-07-04,2026-07-04,997.0
20260704,000000,74W,13,2026,7,4,0,39.7,145.1,99900.0,2026-07-04,2026-07-04,999.0
20260704,000000,74W,15,2026,7,4,0,7.7,166.3,100600.0,2026-07-04,2026-07-04,1006.0
20260704,000000,74W,15,2026,7,4,0,9.5,167.70000000000002,100400.0,2026-07-04,2026-07-04,1004.0
20260704,000000,74W,15,2026,7,4,0,9.200000000000001,167.4,100400.0,2026-07-04,2026-07-04,1004.0
20260704,000000,74W,15,2026,7,4,0,10.6,167.4,99900.0,2026-07-04,2026-07-04,999.0
20260704,000000,74W,15,2026,7,4,0,10.700000000000001,166.9,99900.0,2026-07-04,2026-07-04,999.0
20260704,000000,74W,15,2026,7,4,0,11.200000000000001,166.70000000000002,99500.0,2026-07-04,2026-07-04,995.0
20260704,000000,74W,15,2026,7,4,0,12.200000000000001,166.5,99300.0,2026-07-04,2026-07-04,993.0
20260704,000000,74W,15,2026,7,4,0,13.1,166.20000000000002,98900.0,2026-07-04,2026-07-04,989.0
20260704,000000,74W,15,2026,7,4,0,14.1,165.70000000000002,98800.0,2026-07-04,2026-07-04,988.0
20260704,000000,74W,15,2026,7,4,0,14.6,165.4,98200.0,2026-07-04,2026-07-04,982.0
20260704,000000,74W,15,2026,7,4,0,15.4,165.70000000000002,98000.0,2026-07-04,2026-07-04,980.0
20260704,000000,74W,15,2026,7,4,0,15.8,166.1,97700.0,2026-07-04,2026-07-04,977.0
20260704,000000,74W,15,2026,7,4,0,16.8,167.20000000000002,97900.0,2026-07-04,2026-07-04,979.0
20260704,000000,74W,15,2026,7,4,0,18.1,168.1,97300.0,2026-07-04,2026-07-04,973.0
20260704,000000,74W,15,2026,7,4,0,18.7,168.70000000000002,96500.0,2026-07-04,2026-07-04,965.0
20260704,000000,74W,17,2026,7,4,0,13.200000000000001,138.20000000000002,100500.0,2026-07-04,2026-07-04,1005.0
20260704,000000,74W,17,2026,7,4,0,13.0,139.20000000000002,100400.0,2026-07-04,2026-07-04,1004.0
20260704,000000,74W,17,2026,7,4,0,14.0,137.9,100500.0,2026-07-04,2026-07-04,1005.0
20260704,000000,74W,17,2026,7,4,0,15.200000000000001,138.9,100200.0,2026-07-04,2026-07-04,1002.0
20260704,000000,74W,17,2026,7,4,0,15.9,139.9,100200.0,2026-07-04,2026-07-04,1002.0
20260704,000000,74W,17,2026,7,4,0,17.6,140.70000000000002,100000.0,2026-07-04,2026-07-04,1000.0
20260704,000000,74W,17,2026,7,4,0,17.8,139.70000000000002,99900.0,2026-07-04,2026-07-04,999.0
20260704,000000,74W,17,2026,7,4,0,19.3,140.70000000000002,99500.0,2026-07-04,2026-07-04,995.0
20260704,000000,74W,17,2026,7,4,0,19.5,139.6,99500.0,2026-07-04,2026-07-04,995.0
20260704,000000,74W,17,2026,7,4,0,21.1,139.5,99100.0,2026-07-04,2026-07-04,991.0
20260704,000000,74W,17,2026,7,4,0,20.0,139.70000000000002,99000.0,2026-07-04,2026-07-04,990.0
20260704,000000,74W,18,2026,7,4,0,22.3,148.20000000000002,100700.0,2026-07-04,2026-07-04,1007.0
20260704,000000,74W,18,2026,7,4,0,23.6,147.20000000000002,100500.0,2026-07-04,2026-07-04,1005.0
20260704,000000,74W,18,2026,7,4,0,25.6,149.5,100400.0,2026-07-04,2026-07-04,1004.0
20260704,000000,74W,18,2026,7,4,0,27.1,151.1,100400.0,2026-07-04,2026-07-04,1004.0
20260704,000000,74W,18,2026,7,4,0,28.7,153.4,100100.0,2026-07-04,2026-07-04,1001.0
20260704,000000,74W,18,2026,7,4,0,29.5,153.9,99900.0,2026-07-04,2026-07-04,999.0
20260704,000000,74W,19,2026,7,4,0,7.6000000000000005,177.1,100800.0,2026-07-04,2026-07-04,1008.0
20260704,000000,74W,19,2026,7,4,0,9.9,174.1,100900.0,2026-07-04,2026-07-04,1009.0
20260704,000000,74W,20,2026,7,4,0,20.7,105.9,99800.0,2026-07-04,2026-07-04,998.0
20260704,000000,74W,20,2026,7,4,0,19.7,106.2,99900.0,2026-07-04,2026-07-04,999.0
20260704,000000,74W,20,2026,7,4,0,19.7,106.60000000000001,99800.0,2026-07-04,2026-07-04,998.0
20260704,000000,74W,20,2026,7,4,0,20.400000000000002,107.9,99800.0,2026-07-04,2026-07-04,998.0
20260704,000000,74W,20,2026,7,4,0,20.3,108.4,99700.0,2026-07-04,2026-07-04,997.0
20260704,000000,74W,20,2026,7,4,0,19.5,108.5,99500.0,2026-07-04,2026-07-04,995.0
20260704,000000,74W,20,2026,7,4,0,20.900000000000002,110.2,99600.0,2026-07-04,2026-07-04,996.0
20260704,000000,74W,20,2026,7,4,0,19.2,111.4,99700.0,2026-07-04,2026-07-04,997.0
20260704,000000,74W,20,2026,7,4,0,21.3,111.7,99700.0,2026-07-04,2026-07-04,997.0
20260704,000000,74W,20,2026,7,4,0,20.7,112.60000000000001,99900.0,2026-07-04,2026-07-04,999.0
20260704,000000,74W,21,2026,7,4,0,6.2,154.0,101000.0,2026-07-04,2026-07-04,1010.0
20260704,000000,74W,21,2026,7,4,0,6.9,147.5,100900.0,2026-07-04,2026-07-04,1009.0
20260704,000000,74W,22,2026,7,4,0,33.0,118.9,100100.0,2026-07-04,2026-07-04,1001.0
20260704,000000,74W,22,2026,7,4,0,33.8,121.10000000000001,99900.0,2026-07-04,2026-07-04,999.0
20260704,000000,74W,22,2026,7,4,0,35.6,120.9,100200.0,2026-07-04,2026-07-04,1002.0
20260704,000000,74W,23,2026,7,4,0,20.400000000000002,107.8,99500.0,2026-07-04,2026-07-04,995.0
20260704,000000,74W,23,2026,7,4,0,20.400000000000002,107.9,99300.0,2026-07-04,2026-07-04,993.0
20260704,000000,74W,23,2026,7,4,0,20.3,108.2,99400.0,2026-07-04,2026-07-04,994.0
20260704,000000,74W,23,2026,7,4,0,20.400000000000002,107.8,99300.0,2026-07-04,2026-07-04,993.0
20260704,000000,74W,23,2026,7,4,0,19.1,108.5,99200.0,2026-07-04,2026-07-04,992.0
20260704,000000,74W,23,2026,7,4,0,19.1,110.3,99400.0,2026-07-04,2026-07-04,994.0
20260704,000000,74W,23,2026,7,4,0,18.8,110.2,99400.0,2026-07-04,2026-07-04,994.0
20260704,000000,74W,23,2026,7,4,0,19.6,111.0,99500.0,2026-07-04,2026-07-04,995.0
20260704,000000,74W,23,2026,7,4,0,20.5,111.3,99600.0,2026-07-04,2026-07-04,996.0
20260704,000000,74W,23,2026,7,4,0,20.7,110.8,99600.0,2026-07-04,2026-07-04,996.0
20260704,000000,74W,23,2026,7,4,0,21.3,111.3,99700.0,2026-07-04,2026-07-04,997.0
20260704,000000,74W,23,2026,7,4,0,21.1,109.60000000000001,99700.0,2026-07-04,2026-07-04,997.0
20260704,000000,74W,23,2026,7,4,0,22.0,110.10000000000001,99800.0,2026-07-04,2026-07-04,998.0
20260704,000000,74W,24,2026,7,4,0,5.8,151.8,100500.0,2026-07-04,2026-07-04,1005.0
20260704,000000,74W,24,2026,7,4,0,4.3,149.70000000000002,100700.0,2026-07-04,2026-07-04,1007.0
20260704,000000,74W,24,2026,7,4,0,5.7,148.5,100500.0,2026-07-04,2026-07-04,1005.0
20260704,000000,74W,24,2026,7,4,0,6.5,146.6,100500.0,2026-07-04,2026-07-04,1005.0
20260704,000000,74W,25,2026,7,4,0,7.4,143.1,100500.0,2026-07-04,2026-07-04,1005.0
20260704,000000,74W,25,2026,7,4,0,7.6000000000000005,143.0,100200.0,2026-07-04,2026-07-04,1002.0
20260704,000000,74W,25,2026,7,4,0,8.700000000000001,142.1,99500.0,2026-07-04,2026-07-04,995.0
20260704,000000,74W,25,2026,7,4,0,9.4,140.70000000000002,99300.0,2026-07-04,2026-07-04,993.0
20260704,000000,74W,25,2026,7,4,0,10.0,140.20000000000002,98700.0,2026-07-04,2026-07-04,987.0
20260704,000000,74W,25,2026,7,4,0,11.1,139.0,98600.0,2026-07-04,2026-07-04,986.0
20260704,000000,74W,25,2026,7,4,0,11.9,138.0,99100.0,2026-07-04,2026-07-04,991.0
20260704,000000,74W,25,2026,7,4,0,12.6,137.3,99400.0,2026-07-04,2026-07-04,994.0
20260704,000000,74W,25,2026,7,4,0,13.6,138.3,99400.0,2026-07-04,2026-07-04,994.0
20260704,000000,74W,25,2026,7,4,0,14.0,137.3,99300.0,2026-07-04,2026-07-04,993.0
20260704,000000,74W,25,2026,7,4,0,14.8,136.4,99300.0,2026-07-04,2026-07-04,993.0
20260704,000000,74W,25,2026,7,4,0,14.8,135.0,99500.0,2026-07-04,2026-07-04,995.0
20260704,000000,74W,25,2026,7,4,0,15.200000000000001,134.5,99100.0,2026-07-04,2026-07-04,991.0
20260704,000000,74W,25,2026,7,4,0,14.9,134.5,99100.0,2026-07-04,2026-07-04,991.0
20260704,000000,74W,25,2026,7,4,0,15.1,133.8,98600.0,2026-07-04,2026-07-04,986.0
20260704,000000,74W,25,2026,7,4,0,14.5,133.2,98400.0,2026-07-04,2026-07-04,984.0
20260704,000000,74W,25,2026,7,4,0,14.6,133.2,98500.0,2026-07-04,2026-07-04,985.0
20260704,000000,74W,25,2026,7,4,0,14.5,132.8,98500.0,2026-07-04,2026-07-04,985.0
20260704,000000,74W,25,2026,7,4,0,15.200000000000001,132.9,98800.0,2026-07-04,2026-07-04,988.0
20260704,000000,74W,25,2026,7,4,0,15.5,132.5,99200.0,2026-07-04,2026-07-04,992.0
20260704,000000,74W,25,2026,7,4,0,15.5,132.4,98900.0,2026-07-04,2026-07-04,989.0
20260704,000000,74W,25,2026,7,4,0,15.5,132.4,99200.0,2026-07-04,2026-07-04,992.0
20260704,000000,74W,25,2026,7,4,0,16.4,132.8,99300.0,2026-07-04,2026-07-04,993.0
20260704,000000,74W,25,2026,7,4,0,17.1,132.8,99600.0,2026-07-04,2026-07-04,996.0
20260704,000000,74W,25,2026,7,4,0,17.8,133.3,99700.0,2026-07-04,2026-07-04,997.0
20260704,000000,74W,25,2026,7,4,0,18.7,134.3,100000.0,2026-07-04,2026-07-04,1000.0
20260704,000000,74W,25,2026,7,4,0,19.7,135.4,100000.0,2026-07-04,2026-07-04,1000.0
20260704,000000,74W,26,2026,7,4,0,21.0,107.8,99700.0,2026-07-04,2026-07-04,997.0
20260704,000000,74W,26,2026,7,4,0,21.6,108.9,99600.0,2026-07-04,2026-07-04,996.0
20260704,000000,74W,26,2026,7,4,0,22.1,108.4,99500.0,2026-07-04,2026-07-04,995.0
20260704,000000,74W,26,2026,7,4,0,19.900000000000002,107.10000000000001,99500.0,2026-07-04,2026-07-04,995.0
20260704,000000,74W,26,2026,7,4,0,19.6,106.8,99400.0,2026-07-04,2026-07-04,994.0
20260704,000000,74W,26,2026,7,4,0,19.400000000000002,107.2,99300.0,2026-07-04,2026-07-04,993.0
20260704,000000,74W,26,2026,7,4,0,19.8,107.2,99400.0,2026-07-04,2026-07-04,994.0
20260704,000000,74W,26,2026,7,4,0,20.2,107.0,99300.0,2026-07-04,2026-07-04,993.0
20260704,000000,74W,26,2026,7,4,0,20.2,106.5,99000.0,2026-07-04,2026-07-04,990.0
20260704,000000,74W,26,2026,7,4,0,19.900000000000002,105.8,99400.0,2026-07-04,2026-07-04,994.0
20260704,000000,74W,28,2026,7,4,0,19.7,163.1,100300.0,2026-07-04,2026-07-04,1003.0
20260704,000000,74W,28,2026,7,4,0,20.2,162.0,100200.0,2026-07-04,2026-07-04,1002.0
20260704,000000,74W,28,2026,7,4,0,20.400000000000002,160.5,100200.0,2026-07-04,2026-07-04,1002.0
20260704,000000,74W,28,2026,7,4,0,20.2,159.9,100200.0,2026-07-04,2026-07-04,1002.0
20260704,000000,74W,28,2026,7,4,0,20.900000000000002,158.20000000000002,100200.0,2026-07-04,2026-07-04,1002.0
20260704,000000,74W,28,2026,7,4,0,20.8,156.9,100300.0,2026-07-04,2026-07-04,1003.0
20260704,000000,74W,28,2026,7,4,0,21.400000000000002,155.20000000000002,100100.0,2026-07-04,2026-07-04,1001.0
20260704,000000,74W,28,2026,7,4,0,21.900000000000002,153.1,100400.0,2026-07-04,2026-07-04,1004.0
20260704,000000,74W,28,2026,7,4,0,22.5,151.1,100200.0,2026-07-04,2026-07-04,1002.0
20260704,000000,74W,28,2026,7,4,0,23.0,149.20000000000002,100500.0,2026-07-04,2026-07-04,1005.0
20260704,000000,74W,29,2026,7,4,0,31.0,156.5,100700.0,2026-07-04,2026-07-04,1007.0
20260704,000000,74W,29,2026,7,4,0,31.1,157.70000000000002,100800.0,2026-07-04,2026-07-04,1008.0
20260704,000000,74W,30,2026,7,4,0,24.900000000000002,120.5,95800.0,2026-07-04,2026-07-04,958.0
20260704,000000,74W,30,2026,7,4,0,26.1,119.60000000000001,96300.0,2026-07-04,2026-07-04,963.0
20260704,000000,74W,30,2026,7,4,0,27.900000000000002,118.60000000000001,97000.0,2026-07-04,2026-07-04,970.0
20260704,000000,74W,30,2026,7,4,0,29.0,118.4,97600.0,2026-07-04,2026-07-04,976.0
20260704,000000,74W,30,2026,7,4,0,30.8,118.4,98000.0,2026-07-04,2026-07-04,980.0
20260704,000000,74W,30,2026,7,4,0,32.1,118.0,98200.0,2026-07-04,2026-07-04,982.0
20260704,000000,74W,30,2026,7,4,0,33.2,118.4,98400.0,2026-07-04,2026-07-04,984.0
20260704,000000,74W,30,2026,7,4,0,34.2,118.60000000000001,98400.0,2026-07-04,2026-07-04,984.0
20260704,000000,74W,30,2026,7,4,0,35.4,120.0,98400.0,2026-07-04,2026-07-04,984.0
20260704,000000,74W,30,2026,7,4,0,36.5,121.5,98200.0,2026-07-04,2026-07-04,982.0
20260704,000000,74W,30,2026,7,4,0,37.4,123.0,98100.0,2026-07-04,2026-07-04,981.0
20260704,000000,74W,30,2026,7,4,0,37.800000000000004,124.10000000000001,98000.0,2026-07-04,2026-07-04,980.0
20260704,000000,74W,30,2026,7,4,0,37.800000000000004,126.0,98100.0,2026-07-04,2026-07-04,981.0
20260704,000000,74W,30,2026,7,4,0,38.300000000000004,129.5,98200.0,2026-07-04,2026-07-04,982.0
20260704,000000,74W,30,2026,7,4,0,39.4,132.6,98200.0,2026-07-04,2026-07-04,982.0
20260704,000000,74W,30,2026,7,4,0,40.2,135.1,98000.0,2026-07-04,2026-07-04,980.0
20260704,000000,74W,30,2026,7,4,0,41.7,137.8,97900.0,2026-07-04,2026-07-04,979.0
20260704,000000,74W,31,2026,7,4,0,28.5,139.6,100200.0,2026-07-04,2026-07-04,1002.0
20260704,000000,74W,31,2026,7,4,0,30.1,142.5,99900.0,2026-07-04,2026-07-04,999.0
20260704,000000,74W,31,2026,7,4,0,32.2,145.6,99600.0,2026-07-04,2026-07-04,996.0
20260704,000000,74W,31,2026,7,4,0,33.9,147.3,99700.0,2026-07-04,2026-07-04,997.0
20260704,000000,74W,31,2026,7,4,0,35.6,147.9,99600.0,2026-07-04,2026-07-04,996.0
20260704,000000,74W,31,2026,7,4,0,38.1,148.3,99800.0,2026-07-04,2026-07-04,998.0
20260704,000000,74W,31,2026,7,4,0,40.1,148.20000000000002,99900.0,2026-07-04,2026-07-04,999.0
20260704,000000,74W,31,2026,7,4,0,40.7,148.0,100000.0,2026-07-04,2026-07-04,1000.0
20260704,000000,74W,31,2026,7,4,0,41.800000000000004,148.20000000000002,100100.0,2026-07-04,2026-07-04,1001.0
20260704,000000,74W,32,2026,7,4,0,6.0,174.4,100800.0,2026-07-04,2026-07-04,1008.0
20260704,000000,74W,32,2026,7,4,0,6.2,175.0,100600.0,2026-07-04,2026-07-04,1006.0
20260704,000000,74W,32,2026,7,4,0,7.8,176.20000000000002,100700.0,2026-07-04,2026-07-04,1007.0
20260704,000000,74W,32,2026,7,4,0,9.0,175.6,100400.0,2026-07-04,2026-07-04,1004.0
20260704,000000,74W,34,2026,7,4,0,11.5,141.1,100800.0,2026-07-04,2026-07-04,1008.0
20260704,000000,74W,34,2026,7,4,0,14.9,140.4,100800.0,2026-07-04,2026-07-04,1008.0
20260704,000000,74W,34,2026,7,4,0,16.2,139.70000000000002,100600.0,2026-07-04,2026-07-04,1006.0
20260704,000000,74W,34,2026,7,4,0,17.1,139.5,100700.0,2026-07-04,2026-07-04,1007.0
20260704,000000,74W,34,2026,7,4,0,18.3,139.6,100500.0,2026-07-04,2026-07-04,1005.0
20260704,000000,74W,34,2026,7,4,0,18.900000000000002,139.3,100600.0,2026-07-04,2026-07-04,1006.0
20260704,000000,74W,34,2026,7,4,0,19.2,139.70000000000002,100200.0,2026-07-04,2026-07-04,1002.0
20260704,000000,74W,34,2026,7,4,0,19.7,140.3,100200.0,2026-07-04,2026-07-04,1002.0
20260704,000000,74W,34,2026,7,4,0,20.5,140.8,99900.0,2026-07-04,2026-07-04,999.0
20260704,000000,74W,34,2026,7,4,0,21.1,141.0,99900.0,2026-07-04,2026-07-04,999.0
20260704,000000,74W,34,2026,7,4,0,21.1,140.9,99400.0,2026-07-04,2026-07-04,994.0
20260704,000000,74W,34,2026,7,4,0,20.7,140.8,99300.0,2026-07-04,2026-07-04,993.0
20260704,000000,74W,34,2026,7,4,0,20.400000000000002,141.8,98300.0,2026-07-04,2026-07-04,983.0
20260704,000000,74W,34,2026,7,4,0,20.5,142.5,98100.0,2026-07-04,2026-07-04,981.0
20260704,000000,74W,34,2026,7,4,0,21.1,142.9,97600.0,2026-07-04,2026-07-04,976.0
20260704,000000,74W,34,2026,7,4,0,21.8,143.70000000000002,96800.0,2026-07-04,2026-07-04,968.0
20260704,000000,74W,34,2026,7,4,0,22.900000000000002,143.6,96000.0,2026-07-04,2026-07-04,960.0
20260704,000000,74W,34,2026,7,4,0,24.0,143.5,95400.0,2026-07-04,2026-07-04,954.0
20260704,000000,74W,34,2026,7,4,0,25.2,143.70000000000002,94500.0,2026-07-04,2026-07-04,945.0
20260704,000000,74W,34,2026,7,4,0,26.6,144.0,93300.0,2026-07-04,2026-07-04,933.0
20260704,000000,74W,34,2026,7,4,0,28.6,144.0,92800.0,2026-07-04,2026-07-04,928.0
20260704,000000,74W,34,2026,7,4,0,30.6,143.8,93600.0,2026-07-04,2026-07-04,936.0
20260704,000000,74W,34,2026,7,4,0,32.3,143.20000000000002,94700.0,2026-07-04,2026-07-04,947.0
20260704,000000,74W,34,2026,7,4,0,34.2,142.5,96300.0,2026-07-04,2026-07-04,963.0
20260704,000000,74W,35,2026,7,4,0,11.0,142.70000000000002,100600.0,2026-07-04,2026-07-04,1006.0
20260704,000000,74W,35,2026,7,4,0,10.5,142.1,100200.0,2026-07-04,2026-07-04,1002.0
20260704,000000,74W,35,2026,7,4,0,12.1,143.6,100400.0,2026-07-04,2026-07-04,1004.0
20260704,000000,74W,35,2026,7,4,0,16.7,145.0,100500.0,2026-07-04,2026-07-04,1005.0
20260704,000000,74W,35,2026,7,4,0,17.8,145.5,100700.0,2026-07-04,2026-07-04,1007.0
20260704,000000,74W,35,2026,7,4,0,18.1,144.70000000000002,100400.0,2026-07-04,2026-07-04,1004.0
20260704,000000,74W,35,2026,7,4,0,17.8,145.4,100500.0,2026-07-04,2026-07-04,1005.0
20260704,000000,74W,35,2026,7,4,0,17.6,146.20000000000002,100300.0,2026-07-04,2026-07-04,1003.0
20260704,000000,74W,35,2026,7,4,0,17.900000000000002,146.6,100400.0,2026-07-04,2026-07-04,1004.0
20260704,000000,74W,35,2026,7,4,0,18.0,146.8,100100.0,2026-07-04,2026-07-04,1001.0
20260704,000000,74W,35,2026,7,4,0,18.5,147.1,100200.0,2026-07-04,2026-07-04,1002.0
20260704,000000,74W,35,2026,7,4,0,19.5,146.9,100100.0,2026-07-04,2026-07-04,1001.0
20260704,000000,74W,35,2026,7,4,0,20.1,146.4,100300.0,2026-07-04,2026-07-04,1003.0
20260704,000000,74W,35,2026,7,4,0,21.1,146.20000000000002,100100.0,2026-07-04,2026-07-04,1001.0
20260704,000000,74W,35,2026,7,4,0,21.8,146.70000000000002,100100.0,2026-07-04,2026-07-04,1001.0
20260704,000000,74W,35,2026,7,4,0,22.5,146.9,99900.0,2026-07-04,2026-07-04,999.0
20260704,000000,74W,35,2026,7,4,0,23.3,146.70000000000002,99900.0,2026-07-04,2026-07-04,999.0
20260704,000000,74W,35,2026,7,4,0,24.400000000000002,146.8,99500.0,2026-07-04,2026-07-04,995.0
20260704,000000,74W,35,2026,7,4,0,25.6,146.9,99200.0,2026-07-04,2026-07-04,992.0
20260704,000000,74W,35,2026,7,4,0,26.900000000000002,147.20000000000002,98800.0,2026-07-04,2026-07-04,988.0
20260704,000000,74W,35,2026,7,4,0,28.1,147.5,98800.0,2026-07-04,2026-07-04,988.0
20260704,000000,74W,35,2026,7,4,0,29.2,147.6,98000.0,2026-07-04,2026-07-04,980.0
20260704,000000,74W,35,2026,7,4,0,30.3,147.70000000000002,98200.0,2026-07-04,2026-07-04,982.0
20260704,000000,74W,36,2026,7,4,0,10.700000000000001,127.7,100900.0,2026-07-04,2026-07-04,1009.0
20260704,000000,74W,36,2026,7,4,0,10.8,126.5,101000.0,2026-07-04,2026-07-04,1010.0
20260704,000000,74W,36,2026,7,4,0,12.1,127.4,100900.0,2026-07-04,2026-07-04,1009.0
20260704,000000,74W,36,2026,7,4,0,11.4,127.8,100700.0,2026-07-04,2026-07-04,1007.0
20260704,000000,74W,36,2026,7,4,0,12.1,127.3,100800.0,2026-07-04,2026-07-04,1008.0
20260704,000000,74W,36,2026,7,4,0,12.4,127.10000000000001,100600.0,2026-07-04,2026-07-04,1006.0
20260704,000000,74W,36,2026,7,4,0,13.1,126.8,100800.0,2026-07-04,2026-07-04,1008.0
20260704,000000,74W,36,2026,7,4,0,13.3,126.2,100600.0,2026-07-04,2026-07-04,1006.0
20260704,000000,74W,36,2026,7,4,0,13.1,125.7,100600.0,2026-07-04,2026-07-04,1006.0
20260704,000000,74W,36,2026,7,4,0,13.1,126.0,100100.0,2026-07-04,2026-07-04,1001.0
20260704,000000,74W,36,2026,7,4,0,13.5,126.0,100300.0,2026-07-04,2026-07-04,1003.0
20260704,000000,74W,36,2026,7,4,0,13.8,126.2,100000.0,2026-07-04,2026-07-04,1000.0
20260704,000000,74W,36,2026,7,4,0,14.700000000000001,126.60000000000001,100200.0,2026-07-04,2026-07-04,1002.0
20260704,000000,74W,36,2026,7,4,0,15.700000000000001,126.5,100100.0,2026-07-04,2026-07-04,1001.0
20260704,000000,74W,36,2026,7,4,0,16.2,125.7,100200.0,2026-07-04,2026-07-04,1002.0
20260704,000000,74W,36,2026,7,4,0,16.4,125.7,100000.0,2026-07-04,2026-07-04,1000.0
20260704,000000,74W,36,2026,7,4,0,17.1,125.5,100300.0,2026-07-04,2026-07-04,1003.0
20260704,000000,74W,37,2026,7,4,0,32.7,134.1,100600.0,2026-07-04,2026-07-04,1006.0
20260704,000000,74W,37,2026,7,4,0,32.3,135.4,100500.0,2026-07-04,2026-07-04,1005.0
20260704,000000,74W,37,2026,7,4,0,31.7,136.8,100600.0,2026-07-04,2026-07-04,1006.0
20260704,000000,74W,37,2026,7,4,0,30.7,136.4,100500.0,2026-07-04,2026-07-04,1005.0
20260704,000000,74W,37,2026,7,4,0,29.8,136.3,100600.0,2026-07-04,2026-07-04,1006.0
20260704,000000,74W,38,2026,7,4,0,6.4,161.6,100800.0,2026-07-04,2026-07-04,1008.0
20260704,000000,74W,38,2026,7,4,0,7.5,161.0,100700.0,2026-07-04,2026-07-04,1007.0
20260704,000000,74W,38,2026,7,4,0,7.0,162.0,100800.0,2026-07-04,2026-07-04,1008.0
20260704,000000,74W,38,2026,7,4,0,8.1,160.8,100600.0,2026-07-04,2026-07-04,1006.0
20260704,000000,74W,38,2026,7,4,0,7.7,159.3,100900.0,2026-07-04,2026-07-04,1009.0
20260704,000000,74W,38,2026,7,4,0,7.8,157.3,100600.0,2026-07-04,2026-07-04,1006.0
20260704,000000,74W,38,2026,7,4,0,5.6000000000000005,154.9,100600.0,2026-07-04,2026-07-04,1006.0
20260704,000000,74W,38,2026,7,4,0,6.3,155.20000000000002,100800.0,2026-07-04,2026-07-04,1008.0
20260704,000000,74W,38,2026,7,4,0,6.9,155.1,100500.0,2026-07-04,2026-07-04,1005.0
20260704,000000,74W,38,2026,7,4,0,6.0,154.4,100700.0,2026-07-04,2026-07-04,1007.0
20260704,000000,74W,38,2026,7,4,0,6.7,155.3,100400.0,2026-07-04,2026-07-04,1004.0
20260704,000000,74W,39,2026,7,4,0,36.0,130.5,99700.0,2026-07-04,2026-07-04,997.0
20260704,000000,74W,39,2026,7,4,0,37.9,132.7,99500.0,2026-07-04,2026-07-04,995.0
20260704,000000,74W,39,2026,7,4,0,36.800000000000004,135.5,99400.0,2026-07-04,2026-07-04,994.0
20260704,000000,74W,39,2026,7,4,0,35.6,139.70000000000002,99500.0,2026-07-04,2026-07-04,995.0
20260704,000000,74W,39,2026,7,4,0,37.300000000000004,144.9,99900.0,2026-07-04,2026-07-04,999.0
20260704,000000,74W,39,2026,7,4,0,39.300000000000004,151.6,100800.0,2026-07-04,2026-07-04,1008.0
20260704,000000,74W,40,2026,7,4,0,6.1000000000000005,172.9,100700.0,2026-07-04,2026-07-04,1007.0
20260704,000000,74W,40,2026,7,4,0,5.9,172.20000000000002,100700.0,2026-07-04,2026-07-04,1007.0
20260704,000000,74W,40,2026,7,4,0,6.2,173.4,100800.0,2026-07-04,2026-07-04,1008.0
20260704,000000,74W,40,2026,7,4,0,6.3,171.3,100700.0,2026-07-04,2026-07-04,1007.0
20260704,000000,74W,40,2026,7,4,0,6.7,170.4,100800.0,2026-07-04,2026-07-04,1008.0
20260704,000000,74W,40,2026,7,4,0,7.2,172.3,100900.0,2026-07-04,2026-07-04,1009.0
20260704,000000,74W,40,2026,7,4,0,8.9,171.8,101000.0,2026-07-04,2026-07-04,1010.0
20260704,000000,74W,40,2026,7,4,0,9.6,168.8,101000.0,2026-07-04,2026-07-04,1010.0
20260704,000000,74W,40,2026,7,4,0,10.200000000000001,166.9,100800.0,2026-07-04,2026-07-04,1008.0
20260704,000000,74W,40,2026,7,4,0,10.700000000000001,166.6,100900.0,2026-07-04,2026-07-04,1009.0
20260704,000000,74W,40,2026,7,4,0,10.700000000000001,166.1,100500.0,2026-07-04,2026-07-04,1005.0
20260704,000000,74W,40,2026,7,4,0,10.5,165.70000000000002,100500.0,2026-07-04,2026-07-04,1005.0
20260704,000000,74W,40,2026,7,4,0,10.6,164.9,100000.0,2026-07-04,2026-07-04,1000.0
20260704,000000,74W,40,2026,7,4,0,10.5,163.70000000000002,100000.0,2026-07-04,2026-07-04,1000.0
20260704,000000,74W,40,2026,7,4,0,10.5,162.8,99400.0,2026-07-04,2026-07-04,994.0
20260704,000000,74W,40,2026,7,4,0,10.8,161.8,99300.0,2026-07-04,2026-07-04,993.0
20260704,000000,74W,40,2026,7,4,0,11.0,160.70000000000002,98500.0,2026-07-04,2026-07-04,985.0
20260704,000000,74W,40,2026,7,4,0,11.3,159.70000000000002,98600.0,2026-07-04,2026-07-04,986.0
20260704,000000,74W,40,2026,7,4,0,11.700000000000001,158.4,98600.0,2026-07-04,2026-07-04,986.0
20260704,000000,74W,40,2026,7,4,0,12.1,157.1,98800.0,2026-07-04,2026-07-04,988.0
20260704,000000,74W,40,2026,7,4,0,12.4,155.9,98400.0,2026-07-04,2026-07-04,984.0
20260704,000000,74W,40,2026,7,4,0,12.8,154.70000000000002,98600.0,2026-07-04,2026-07-04,986.0
20260704,000000,74W,40,2026,7,4,0,13.4,153.70000000000002,98000.0,2026-07-04,2026-07-04,980.0
20260704,000000,74W,40,2026,7,4,0,14.3,152.70000000000002,98100.0,2026-07-04,2026-07-04,981.0
20260704,000000,74W,40,2026,7,4,0,15.200000000000001,151.8,98000.0,2026-07-04,2026-07-04,980.0
20260704,000000,74W,40,2026,7,4,0,16.0,151.0,98000.0,2026-07-04,2026-07-04,980.0
20260704,000000,74W,40,2026,7,4,0,16.9,150.5,97600.0,2026-07-04,2026-07-04,976.0
20260704,000000,74W,40,2026,7,4,0,17.8,150.3,98000.0,2026-07-04,2026-07-04,980.0
20260704,000000,74W,40,2026,7,4,0,18.6,150.3,97000.0,2026-07-04,2026-07-04,970.0
20260704,000000,74W,40,2026,7,4,0,19.6,150.5,96200.0,2026-07-04,2026-07-04,962.0
20260704,000000,74W,40,2026,7,4,0,20.900000000000002,150.8,95600.0,2026-07-04,2026-07-04,956.0
20260704,000000,74W,40,2026,7,4,0,22.5,150.9,96200.0,2026-07-04,2026-07-04,962.0
20260704,000000,74W,40,2026,7,4,0,24.400000000000002,150.9,95700.0,2026-07-04,2026-07-04,957.0
20260704,000000,74W,40,2026,7,4,0,26.3,150.6,95600.0,2026-07-04,2026-07-04,956.0
20260704,000000,74W,40,2026,7,4,0,28.2,149.9,95500.0,2026-07-04,2026-07-04,955.0
20260704,000000,74W,40,2026,7,4,0,29.8,149.1,96000.0,2026-07-04,2026-07-04,960.0
20260704,000000,74W,41,2026,7,4,0,7.2,179.9,100900.0,2026-07-04,2026-07-04,1009.0
20260704,000000,74W,41,2026,7,4,0,7.7,174.8,100900.0,2026-07-04,2026-07-04,1009.0
20260704,000000,74W,41,2026,7,4,0,5.6000000000000005,174.3,100700.0,2026-07-04,2026-07-04,1007.0
20260704,000000,74W,42,2026,7,4,0,34.9,110.60000000000001,99300.0,2026-07-04,2026-07-04,993.0
20260704,000000,74W,42,2026,7,4,0,33.9,115.9,99300.0,2026-07-04,2026-07-04,993.0
20260704,000000,74W,42,2026,7,4,0,35.2,116.2,99200.0,2026-07-04,2026-07-04,992.0
20260704,000000,74W,42,2026,7,4,0,34.300000000000004,118.8,99100.0,2026-07-04,2026-07-04,991.0
20260704,000000,74W,42,2026,7,4,0,34.7,119.60000000000001,98900.0,2026-07-04,2026-07-04,989.0
20260704,000000,74W,42,2026,7,4,0,34.6,120.3,99000.0,2026-07-04,2026-07-04,990.0
20260704,000000,74W,42,2026,7,4,0,35.1,122.2,99000.0,2026-07-04,2026-07-04,990.0
20260704,000000,74W,42,2026,7,4,0,35.5,123.7,99000.0,2026-07-04,2026-07-04,990.0
20260704,000000,74W,42,2026,7,4,0,36.300000000000004,125.9,99300.0,2026-07-04,2026-07-04,993.0
20260704,000000,74W,42,2026,7,4,0,37.6,128.9,99300.0,2026-07-04,2026-07-04,993.0
20260704,000000,74W,42,2026,7,4,0,38.7,130.2,99300.0,2026-07-04,2026-07-04,993.0
20260704,000000,74W,43,2026,7,4,0,19.2,115.5,100000.0,2026-07-04,2026-07-04,1000.0
20260704,000000,74W,43,2026,7,4,0,20.6,113.60000000000001,99900.0,2026-07-04,2026-07-04,999.0
20260704,000000,74W,43,2026,7,4,0,20.6,111.9,99800.0,2026-07-04,2026-07-04,998.0
20260704,000000,74W,43,2026,7,4,0,19.8,111.5,99400.0,2026-07-04,2026-07-04,994.0
20260704,000000,74W,43,2026,7,4,0,20.0,111.10000000000001,99000.0,2026-07-04,2026-07-04,990.0
20260704,000000,74W,43,2026,7,4,0,20.6,111.10000000000001,98600.0,2026-07-04,2026-07-04,986.0
20260704,000000,74W,43,2026,7,4,0,21.7,110.8,98900.0,2026-07-04,2026-07-04,989.0
20260704,000000,74W,43,2026,7,4,0,22.3,109.9,98800.0,2026-07-04,2026-07-04,988.0
20260704,000000,74W,43,2026,7,4,0,23.0,109.7,98700.0,2026-07-04,2026-07-04,987.0
20260704,000000,74W,43,2026,7,4,0,24.2,109.3,99000.0,2026-07-04,2026-07-04,990.0
20260704,000000,74W,43,2026,7,4,0,24.900000000000002,108.2,99400.0,2026-07-04,2026-07-04,994.0
20260704,000000,74W,43,2026,7,4,0,25.3,107.7,99700.0,2026-07-04,2026-07-04,997.0
20260704,000000,74W,44,2026,7,4,0,10.5,151.0,100600.0,2026-07-04,2026-07-04,1006.0
20260704,000000,74W,44,2026,7,4,0,11.200000000000001,149.9,100800.0,2026-07-04,2026-07-04,1008.0
20260704,000000,74W,44,2026,7,4,0,10.1,149.1,100600.0,2026-07-04,2026-07-04,1006.0
20260704,000000,74W,44,2026,7,4,0,10.3,148.1,100800.0,2026-07-04,2026-07-04,1008.0
20260704,000000,74W,44,2026,7,4,0,10.5,144.8,100400.0,2026-07-04,2026-07-04,1004.0
20260704,000000,74W,44,2026,7,4,0,10.5,144.1,100400.0,2026-07-04,2026-07-04,1004.0
20260704,000000,74W,44,2026,7,4,0,11.1,143.0,100300.0,2026-07-04,2026-07-04,1003.0
20260704,000000,74W,44,2026,7,4,0,11.9,141.1,100500.0,2026-07-04,2026-07-04,1005.0
20260704,000000,74W,44,2026,7,4,0,12.6,139.6,100300.0,2026-07-04,2026-07-04,1003.0
20260704,000000,74W,44,2026,7,4,0,12.8,137.9,100500.0,2026-07-04,2026-07-04,1005.0
20260704,000000,74W,44,2026,7,4,0,13.1,136.3,100400.0,2026-07-04,2026-07-04,1004.0
20260704,000000,74W,44,2026,7,4,0,13.4,134.7,100300.0,2026-07-04,2026-07-04,1003.0
20260704,000000,74W,44,2026,7,4,0,13.8,133.3,100400.0,2026-07-04,2026-07-04,1004.0
20260704,000000,74W,44,2026,7,4,0,14.3,132.3,100600.0,2026-07-04,2026-07-04,1006.0
20260704,000000,74W,44,2026,7,4,0,14.6,131.4,100400.0,2026-07-04,2026-07-04,1004.0
20260704,000000,74W,44,2026,7,4,0,14.9,130.7,100600.0,2026-07-04,2026-07-04,1006.0
20260704,000000,74W,44,2026,7,4,0,15.200000000000001,129.7,100300.0,2026-07-04,2026-07-04,1003.0
20260704,000000,74W,44,2026,7,4,0,14.8,129.6,100400.0,2026-07-04,2026-07-04,1004.0
20260704,000000,74W,44,2026,7,4,0,14.9,129.5,100400.0,2026-07-04,2026-07-04,1004.0
20260704,000000,74W,44,2026,7,4,0,15.0,129.8,100300.0,2026-07-04,2026-07-04,1003.0
20260704,000000,74W,44,2026,7,4,0,15.0,130.0,100300.0,2026-07-04,2026-07-04,1003.0
20260704,000000,74W,44,2026,7,4,0,15.0,130.5,99900.0,2026-07-04,2026-07-04,999.0
20260704,000000,74W,44,2026,7,4,0,15.0,130.9,98800.0,2026-07-04,2026-07-04,988.0
20260704,000000,74W,44,2026,7,4,0,15.0,131.6,98700.0,2026-07-04,2026-07-04,987.0
20260704,000000,74W,44,2026,7,4,0,14.700000000000001,132.3,97500.0,2026-07-04,2026-07-04,975.0
20260704,000000,74W,44,2026,7,4,0,14.6,132.9,97200.0,2026-07-04,2026-07-04,972.0
20260704,000000,74W,44,2026,7,4,0,14.3,133.5,97200.0,2026-07-04,2026-07-04,972.0
20260704,000000,74W,44,2026,7,4,0,14.0,134.3,97400.0,2026-07-04,2026-07-04,974.0
20260704,000000,74W,44,2026,7,4,0,13.6,135.4,97000.0,2026-07-04,2026-07-04,970.0
20260704,000000,74W,44,2026,7,4,0,13.5,136.6,96200.0,2026-07-04,2026-07-04,962.0
20260704,000000,74W,44,2026,7,4,0,13.4,138.20000000000002,95800.0,2026-07-04,2026-07-04,958.0
20260704,000000,74W,44,2026,7,4,0,13.8,140.1,97200.0,2026-07-04,2026-07-04,972.0
20260704,000000,74W,44,2026,7,4,0,14.9,142.20000000000002,98000.0,2026-07-04,2026-07-04,980.0
20260704,000000,74W,44,2026,7,4,0,16.0,143.70000000000002,98000.0,2026-07-04,2026-07-04,980.0
20260704,000000,74W,44,2026,7,4,0,16.4,144.6,98200.0,2026-07-04,2026-07-04,982.0
20260704,000000,74W,45,2026,7,4,0,21.5,105.10000000000001,100200.0,2026-07-04,2026-07-04,1002.0
20260704,000000,74W,45,2026,7,4,0,20.7,107.5,100100.0,2026-07-04,2026-07-04,1001.0
20260704,000000,74W,45,2026,7,4,0,21.400000000000002,108.2,100200.0,2026-07-04,2026-07-04,1002.0
20260704,000000,74W,45,2026,7,4,0,23.900000000000002,107.3,100000.0,2026-07-04,2026-07-04,1000.0
20260704,000000,74W,45,2026,7,4,0,23.6,107.0,100000.0,2026-07-04,2026-07-04,1000.0
20260704,000000,74W,46,2026,7,4,0,6.9,168.9,100900.0,2026-07-04,2026-07-04,1009.0
20260704,000000,74W,46,2026,7,4,0,8.4,164.6,101000.0,2026-07-04,2026-07-04,1010.0
20260704,000000,74W,46,2026,7,4,0,8.2,164.6,101000.0,2026-07-04,2026-07-04,1010.0
20260704,000000,74W,46,2026,7,4,0,9.3,163.5,101200.0,2026-07-04,2026-07-04,1012.0
20260704,000000,74W,46,2026,7,4,0,8.4,161.6,101000.0,2026-07-04,2026-07-04,1010.0
20260704,000000,74W,46,2026,7,4,0,7.3,162.4,101100.0,2026-07-04,2026-07-04,1011.0
20260704,000000,74W,46,2026,7,4,0,6.9,162.1,100900.0,2026-07-04,2026-07-04,1009.0
20260704,000000,74W,46,2026,7,4,0,6.9,161.70000000000002,101100.0,2026-07-04,2026-07-04,1011.0
20260704,000000,74W,46,2026,7,4,0,6.2,161.4,101100.0,2026-07-04,2026-07-04,1011.0
20260704,000000,74W,46,2026,7,4,0,6.8,159.9,100800.0,2026-07-04,2026-07-04,1008.0
20260704,000000,74W,46,2026,7,4,0,7.0,160.70000000000002,101100.0,2026-07-04,2026-07-04,1011.0
20260704,000000,74W,46,2026,7,4,0,7.0,159.8,100900.0,2026-07-04,2026-07-04,1009.0
20260704,000000,74W,46,2026,7,4,0,7.2,158.20000000000002,101000.0,2026-07-04,2026-07-04,1010.0
20260704,000000,74W,46,2026,7,4,0,7.9,154.20000000000002,100800.0,2026-07-04,2026-07-04,1008.0
20260704,000000,74W,46,2026,7,4,0,8.6,154.4,100800.0,2026-07-04,2026-07-04,1008.0
20260704,000000,74W,46,2026,7,4,0,9.1,150.8,100800.0,2026-07-04,2026-07-04,1008.0
20260704,000000,74W,46,2026,7,4,0,8.4,150.3,101100.0,2026-07-04,2026-07-04,1011.0
20260704,000000,74W,46,2026,7,4,0,9.1,147.70000000000002,100900.0,2026-07-04,2026-07-04,1009.0
20260704,000000,74W,46,2026,7,4,0,8.1,147.5,101100.0,2026-07-04,2026-07-04,1011.0
20260704,000000,74W,46,2026,7,4,0,8.3,145.9,101100.0,2026-07-04,2026-07-04,1011.0
20260704,000000,74W,46,2026,7,4,0,10.3,147.6,100900.0,2026-07-04,2026-07-04,1009.0
20260704,000000,74W,46,2026,7,4,0,11.200000000000001,147.70000000000002,100800.0,2026-07-04,2026-07-04,1008.0
20260704,000000,74W,46,2026,7,4,0,9.9,147.6,101000.0,2026-07-04,2026-07-04,1010.0
20260704,000000,74W,46,2026,7,4,0,7.1000000000000005,146.0,100800.0,2026-07-04,2026-07-04,1008.0
20260704,000000,74W,47,2026,7,4,0,23.6,148.0,100800.0,2026-07-04,2026-07-04,1008.0
20260704,000000,74W,47,2026,7,4,0,24.7,148.70000000000002,100700.0,2026-07-04,2026-07-04,1007.0
20260704,000000,74W,47,2026,7,4,0,26.2,148.8,100900.0,2026-07-04,2026-07-04,1009.0
20260704,000000,74W,47,2026,7,4,0,27.0,149.9,100800.0,2026-07-04,2026-07-04,1008.0
20260704,000000,74W,47,2026,7,4,0,28.900000000000002,150.1,100700.0,2026-07-04,2026-07-04,1007.0
20260704,000000,74W,47,2026,7,4,0,28.3,150.5,100900.0,2026-07-04,2026-07-04,1009.0
20260704,000000,74W,47,2026,7,4,0,29.1,152.8,100900.0,2026-07-04,2026-07-04,1009.0
20260704,000000,74W,47,2026,7,4,0,29.0,154.20000000000002,100700.0,2026-07-04,2026-07-04,1007.0
20260704,000000,74W,47,2026,7,4,0,30.0,154.1,100700.0,2026-07-04,2026-07-04,1007.0
20260704,000000,74W,47,2026,7,4,0,30.1,154.0,100500.0,2026-07-04,2026-07-04,1005.0
20260704,000000,74W,47,2026,7,4,0,29.8,154.8,100500.0,2026-07-04,2026-07-04,1005.0
20260704,000000,74W,47,2026,7,4,0,28.900000000000002,156.4,100200.0,2026-07-04,2026-07-04,1002.0
20260704,000000,74W,47,2026,7,4,0,29.5,157.4,100200.0,2026-07-04,2026-07-04,1002.0
20260704,000000,74W,47,2026,7,4,0,30.1,157.5,100100.0,2026-07-04,2026-07-04,1001.0
20260704,000000,74W,47,2026,7,4,0,30.400000000000002,157.9,100200.0,2026-07-04,2026-07-04,1002.0
20260704,000000,74W,48,2026,7,4,0,23.6,138.5,101000.0,2026-07-04,2026-07-04,1010.0
20260704,000000,74W,48,2026,7,4,0,23.7,139.4,100800.0,2026-07-04,2026-07-04,1008.0
20260704,000000,74W,48,2026,7,4,0,24.3,139.70000000000002,100900.0,2026-07-04,2026-07-04,1009.0
20260704,000000,74W,48,2026,7,4,0,24.400000000000002,139.70000000000002,100700.0,2026-07-04,2026-07-04,1007.0
20260704,000000,74W,48,2026,7,4,0,25.6,141.20000000000002,100600.0,2026-07-04,2026-07-04,1006.0
20260704,000000,74W,48,2026,7,4,0,27.1,143.20000000000002,100500.0,2026-07-04,2026-07-04,1005.0
20260704,000000,74W,49,2026,7,4,0,8.6,152.3,100500.0,2026-07-04,2026-07-04,1005.0
20260704,000000,74W,49,2026,7,4,0,10.5,152.5,100600.0,2026-07-04,2026-07-04,1006.0
20260704,000000,74W,49,2026,7,4,0,10.6,151.3,100500.0,2026-07-04,2026-07-04,1005.0
20260704,000000,74W,49,2026,7,4,0,11.9,149.9,100700.0,2026-07-04,2026-07-04,1007.0
20260704,000000,74W,49,2026,7,4,0,12.700000000000001,148.9,100400.0,2026-07-04,2026-07-04,1004.0
20260704,000000,74W,49,2026,7,4,0,13.6,148.9,100600.0,2026-07-04,2026-07-04,1006.0
20260704,000000,74W,49,2026,7,4,0,13.6,146.8,100400.0,2026-07-04,2026-07-04,1004.0
20260704,000000,74W,49,2026,7,4,0,14.6,145.5,100600.0,2026-07-04,2026-07-04,1006.0
20260704,000000,74W,49,2026,7,4,0,15.4,145.20000000000002,100300.0,2026-07-04,2026-07-04,1003.0
20260704,000000,74W,49,2026,7,4,0,15.700000000000001,144.70000000000002,100500.0,2026-07-04,2026-07-04,1005.0
20260704,000000,74W,49,2026,7,4,0,15.6,143.1,100200.0,2026-07-04,2026-07-04,1002.0
20260704,000000,74W,49,2026,7,4,0,17.6,143.1,100300.0,2026-07-04,2026-07-04,1003.0
20260704,000000,74W,49,2026,7,4,0,18.6,142.70000000000002,100100.0,2026-07-04,2026-07-04,1001.0
20260704,000000,74W,49,2026,7,4,0,18.6,142.20000000000002,100300.0,2026-07-04,2026-07-04,1003.0
20260704,000000,74W,49,2026,7,4,0,19.2,141.8,100100.0,2026-07-04,2026-07-04,1001.0
20260704,000000,74W,49,2026,7,4,0,19.6,141.1,100200.0,2026-07-04,2026-07-04,1002.0
20260704,000000,74W,49,2026,7,4,0,19.900000000000002,140.8,100200.0,2026-07-04,2026-07-04,1002.0
20260704,000000,74W,49,2026,7,4,0,21.400000000000002,140.8,100400.0,2026-07-04,2026-07-04,1004.0
20260704,000000,74W,49,2026,7,4,0,21.7,140.9,100400.0,2026-07-04,2026-07-04,1004.0
20260704,000000,74W,49,2026,7,4,0,23.0,140.5,100500.0,2026-07-04,2026-07-04,1005.0
20260704,000000,74W,49,2026,7,4,0,24.1,139.9,100400.0,2026-07-04,2026-07-04,1004.0
20260704,000000,74W,49,2026,7,4,0,25.5,140.20000000000002,100600.0,2026-07-04,2026-07-04,1006.0
20260704,000000,74W,49,2026,7,4,0,27.0,139.70000000000002,100500.0,2026-07-04,2026-07-04,1005.0
20260704,000000,74W,49,2026,7,4,0,28.900000000000002,141.1,100500.0,2026-07-04,2026-07-04,1005.0
20260704,000000,74W,49,2026,7,4,0,29.7,142.4,100500.0,2026-07-04,2026-07-04,1005.0
20260704,000000,74W,50,2026,7,4,0,5.8,158.20000000000002,100700.0,2026-07-04,2026-07-04,1007.0
20260704,000000,74W,50,2026,7,4,0,5.2,157.9,100900.0,2026-07-04,2026-07-04,1009.0
20260704,000000,74W,50,2026,7,4,0,5.3,157.5,100700.0,2026-07-04,2026-07-04,1007.0
20260704,000000,74W,50,2026,7,4,0,4.7,155.8,101000.0,2026-07-04,2026-07-04,1010.0
20260704,000000,74W,50,2026,7,4,0,6.9,156.0,101000.0,2026-07-04,2026-07-04,1010.0
20260704,000000,74W,50,2026,7,4,0,8.4,155.0,100700.0,2026-07-04,2026-07-04,1007.0
20260704,000000,74W,50,2026,7,4,0,7.9,153.20000000000002,101000.0,2026-07-04,2026-07-04,1010.0
20260704,000000,74W,50,2026,7,4,0,7.2,152.4,100800.0,2026-07-04,2026-07-04,1008.0
20260704,000000,74W,51,2026,7,4,0,31.3,163.4,100900.0,2026-07-04,2026-07-04,1009.0
20260704,000000,74W,51,2026,7,4,0,31.7,164.3,100500.0,2026-07-04,2026-07-04,1005.0
20260704,000000,75W,1,2026,7,4,0,12.0,134.6,100900.0,2026-07-04,2026-07-04,1009.0
20260704,000000,75W,1,2026,7,4,0,11.3,136.3,100800.0,2026-07-04,2026-07-04,1008.0
20260704,000000,75W,1,2026,7,4,0,13.4,134.8,100600.0,2026-07-04,2026-07-04,1006.0
20260704,000000,75W,1,2026,7,4,0,13.8,135.3,100800.0,2026-07-04,2026-07-04,1008.0
20260704,000000,75W,1,2026,7,4,0,14.1,136.70000000000002,100700.0,2026-07-04,2026-07-04,1007.0
20260704,000000,75W,1,2026,7,4,0,15.3,138.3,100700.0,2026-07-04,2026-07-04,1007.0
20260704,000000,75W,1,2026,7,4,0,17.1,139.0,100700.0,2026-07-04,2026-07-04,1007.0
20260704,000000,75W,1,2026,7,4,0,18.5,138.9,100600.0,2026-07-04,2026-07-04,1006.0
20260704,000000,75W,1,2026,7,4,0,19.0,138.1,100600.0,2026-07-04,2026-07-04,1006.0
20260704,000000,75W,1,2026,7,4,0,19.2,137.20000000000002,100200.0,2026-07-04,2026-07-04,1002.0
20260704,000000,75W,1,2026,7,4,0,19.0,136.4,100200.0,2026-07-04,2026-07-04,1002.0
20260704,000000,75W,1,2026,7,4,0,18.400000000000002,135.4,99800.0,2026-07-04,2026-07-04,998.0
20260704,000000,75W,1,2026,7,4,0,17.400000000000002,134.9,99500.0,2026-07-04,2026-07-04,995.0
20260704,000000,75W,1,2026,7,4,0,17.2,134.8,98800.0,2026-07-04,2026-07-04,988.0
20260704,000000,75W,1,2026,7,4,0,17.0,134.6,98700.0,2026-07-04,2026-07-04,987.0
20260704,000000,75W,1,2026,7,4,0,17.1,134.5,98200.0,2026-07-04,2026-07-04,982.0
20260704,000000,75W,1,2026,7,4,0,17.3,133.9,97900.0,2026-07-04,2026-07-04,979.0
20260704,000000,75W,2,2026,7,4,0,34.300000000000004,119.2,99800.0,2026-07-04,2026-07-04,998.0
20260704,000000,75W,2,2026,7,4,0,35.300000000000004,121.60000000000001,99800.0,2026-07-04,2026-07-04,998.0
20260704,000000,75W,2,2026,7,4,0,36.5,128.2,100000.0,2026-07-04,2026-07-04,1000.0
20260704,000000,75W,2,2026,7,4,0,38.4,130.9,99900.0,2026-07-04,2026-07-04,999.0
20260704,000000,75W,2,2026,7,4,0,39.2,136.3,100200.0,2026-07-04,2026-07-04,1002.0
20260704,000000,75W,3,2026,7,4,0,33.2,145.9,100900.0,2026-07-04,2026-07-04,1009.0
20260704,000000,75W,3,2026,7,4,0,33.0,146.9,100800.0,2026-07-04,2026-07-04,1008.0
20260704,000000,75W,3,2026,7,4,0,33.3,147.9,101000.0,2026-07-04,2026-07-04,1010.0
20260704,000000,75W,3,2026,7,4,0,33.6,151.20000000000002,101100.0,2026-07-04,2026-07-04,1011.0
20260704,000000,75W,4,2026,7,4,0,20.2,145.1,100600.0,2026-07-04,2026-07-04,1006.0
20260704,000000,75W,4,2026,7,4,0,19.7,145.1,100700.0,2026-07-04,2026-07-04,1007.0
20260704,000000,75W,4,2026,7,4,0,18.8,144.9,100500.0,2026-07-04,2026-07-04,1005.0
20260704,000000,75W,4,2026,7,4,0,19.7,145.9,100500.0,2026-07-04,2026-07-04,1005.0
20260704,000000,75W,4,2026,7,4,0,20.7,147.20000000000002,100500.0,2026-07-04,2026-07-04,1005.0
20260704,000000,75W,4,2026,7,4,0,22.1,148.3,100300.0,2026-07-04,2026-07-04,1003.0
20260704,000000,75W,4,2026,7,4,0,23.3,149.70000000000002,100500.0,2026-07-04,2026-07-04,1005.0
20260704,000000,75W,4,2026,7,4,0,24.400000000000002,151.4,100400.0,2026-07-04,2026-07-04,1004.0
20260704,000000,75W,4,2026,7,4,0,25.400000000000002,153.4,100700.0,2026-07-04,2026-07-04,1007.0
20260704,000000,75W,4,2026,7,4,0,26.7,155.3,100700.0,2026-07-04,2026-07-04,1007.0
20260704,000000,75W,4,2026,7,4,0,28.8,155.8,100800.0,2026-07-04,2026-07-04,1008.0
20260704,000000,75W,5,2026,7,4,0,34.6,110.8,99400.0,2026-07-04,2026-07-04,994.0
20260704,000000,75W,5,2026,7,4,0,36.800000000000004,114.4,99700.0,2026-07-04,2026-07-04,997.0
20260704,000000,75W,5,2026,7,4,0,38.2,116.4,99800.0,2026-07-04,2026-07-04,998.0
20260704,000000,75W,5,2026,7,4,0,38.300000000000004,120.4,99500.0,2026-07-04,2026-07-04,995.0
20260704,000000,75W,5,2026,7,4,0,38.2,122.5,99500.0,2026-07-04,2026-07-04,995.0
20260704,000000,75W,5,2026,7,4,0,39.1,123.7,99400.0,2026-07-04,2026-07-04,994.0
20260704,000000,75W,5,2026,7,4,0,39.4,125.2,99400.0,2026-07-04,2026-07-04,994.0
20260704,000000,75W,5,2026,7,4,0,39.0,128.5,99500.0,2026-07-04,2026-07-04,995.0
20260704,000000,75W,5,2026,7,4,0,39.300000000000004,129.2,99700.0,2026-07-04,2026-07-04,997.0
20260704,000000,75W,5,2026,7,4,0,38.800000000000004,130.8,99700.0,2026-07-04,2026-07-04,997.0
20260704,000000,75W,5,2026,7,4,0,38.4,132.6,99900.0,2026-07-04,2026-07-04,999.0
20260704,000000,75W,5,2026,7,4,0,38.300000000000004,133.7,100000.0,2026-07-04,2026-07-04,1000.0
20260704,000000,75W,5,2026,7,4,0,38.2,133.8,100200.0,2026-07-04,2026-07-04,1002.0
20260704,000000,75W,6,2026,7,4,0,10.0,160.8,100800.0,2026-07-04,2026-07-04,1008.0
20260704,000000,75W,6,2026,7,4,0,11.4,163.1,100700.0,2026-07-04,2026-07-04,1007.0
20260704,000000,75W,6,2026,7,4,0,12.200000000000001,162.9,100900.0,2026-07-04,2026-07-04,1009.0
20260704,000000,75W,6,2026,7,4,0,11.9,163.0,100700.0,2026-07-04,2026-07-04,1007.0
20260704,000000,75W,6,2026,7,4,0,11.200000000000001,162.70000000000002,100800.0,2026-07-04,2026-07-04,1008.0
20260704,000000,75W,6,2026,7,4,0,13.200000000000001,164.9,100500.0,2026-07-04,2026-07-04,1005.0
20260704,000000,75W,6,2026,7,4,0,14.5,165.20000000000002,99800.0,2026-07-04,2026-07-04,998.0
20260704,000000,75W,6,2026,7,4,0,15.700000000000001,165.0,99300.0,2026-07-04,2026-07-04,993.0
20260704,000000,75W,7,2026,7,4,0,10.3,178.0,100500.0,2026-07-04,2026-07-04,1005.0
20260704,000000,75W,7,2026,7,4,0,11.3,177.6,100600.0,2026-07-04,2026-07-04,1006.0
20260704,000000,75W,7,2026,7,4,0,11.4,177.3,100500.0,2026-07-04,2026-07-04,1005.0
20260704,000000,75W,7,2026,7,4,0,12.1,178.4,100600.0,2026-07-04,2026-07-04,1006.0
20260704,000000,75W,7,2026,7,4,0,12.4,177.3,100400.0,2026-07-04,2026-07-04,1004.0
20260704,000000,75W,7,2026,7,4,0,13.4,177.4,100400.0,2026-07-04,2026-07-04,1004.0
20260704,000000,75W,7,2026,7,4,0,14.4,177.5,100200.0,2026-07-04,2026-07-04,1002.0
20260704,000000,75W,7,2026,7,4,0,14.5,177.3,100000.0,2026-07-04,2026-07-04,1000.0
20260704,000000,75W,7,2026,7,4,0,15.5,176.8,99900.0,2026-07-04,2026-07-04,999.0
20260704,000000,75W,7,2026,7,4,0,15.9,175.6,99900.0,2026-07-04,2026-07-04,999.0
20260704,000000,75W,7,2026,7,4,0,15.9,174.70000000000002,99100.0,2026-07-04,2026-07-04,991.0
20260704,000000,75W,7,2026,7,4,0,15.8,174.3,99200.0,2026-07-04,2026-07-04,992.0
20260704,000000,75W,7,2026,7,4,0,16.4,173.8,99000.0,2026-07-04,2026-07-04,990.0
20260704,000000,75W,7,2026,7,4,0,16.6,172.8,98800.0,2026-07-04,2026-07-04,988.0
20260704,000000,75W,7,2026,7,4,0,17.400000000000002,172.70000000000002,97600.0,2026-07-04,2026-07-04,976.0
20260704,000000,75W,7,2026,7,4,0,17.900000000000002,171.70000000000002,98100.0,2026-07-04,2026-07-04,981.0
20260704,000000,75W,7,2026,7,4,0,18.1,171.20000000000002,97600.0,2026-07-04,2026-07-04,976.0
20260704,000000,75W,7,2026,7,4,0,18.8,170.9,98100.0,2026-07-04,2026-07-04,981.0
20260704,000000,75W,7,2026,7,4,0,19.900000000000002,170.3,98000.0,2026-07-04,2026-07-04,980.0
20260704,000000,75W,7,2026,7,4,0,21.2,169.20000000000002,98100.0,2026-07-04,2026-07-04,981.0
20260704,000000,75W,8,2026,7,4,0,8.4,171.20000000000002,100700.0,2026-07-04,2026-07-04,1007.0
20260704,000000,75W,8,2026,7,4,0,11.8,168.3,100800.0,2026-07-04,2026-07-04,1008.0
20260704,000000,75W,9,2026,7,4,0,36.300000000000004,139.0,99800.0,2026-07-04,2026-07-04,998.0
20260704,000000,75W,9,2026,7,4,0,39.1,142.70000000000002,99400.0,2026-07-04,2026-07-04,994.0
20260704,000000,75W,9,2026,7,4,0,41.6,144.20000000000002,99600.0,2026-07-04,2026-07-04,996.0
20260704,000000,75W,9,2026,7,4,0,44.6,145.1,99900.0,2026-07-04,2026-07-04,999.0
20260704,000000,75W,11,2026,7,4,0,2.0,159.8,101000.0,2026-07-04,2026-07-04,1010.0
20260704,000000,75W,11,2026,7,4,0,-0.2,159.1,100900.0,2026-07-04,2026-07-04,1009.0
20260704,000000,75W,11,2026,7,4,0,-2.7,158.20000000000002,101200.0,2026-07-04,2026-07-04,1012.0
20260704,000000,75W,11,2026,7,4,0,-0.4,158.6,101100.0,2026-07-04,2026-07-04,1011.0
20260704,000000,75W,11,2026,7,4,0,-0.1,160.8,100900.0,2026-07-04,2026-07-04,1009.0
20260704,000000,75W,11,2026,7,4,0,-0.5,159.4,100900.0,2026-07-04,2026-07-04,1009.0
20260704,000000,75W,11,2026,7,4,0,-0.7000000000000001,161.5,100800.0,2026-07-04,2026-07-04,1008.0
20260704,000000,75W,11,2026,7,4,0,-1.8,162.4,101200.0,2026-07-04,2026-07-04,1012.0
20260704,000000,75W,11,2026,7,4,0,-0.8,160.6,101000.0,2026-07-04,2026-07-04,1010.0
20260704,000000,75W,11,2026,7,4,0,-1.3,160.20000000000002,100900.0,2026-07-04,2026-07-04,1009.0
20260704,000000,75W,11,2026,7,4,0,-0.3,161.1,101100.0,2026-07-04,2026-07-04,1011.0
20260704,000000,75W,13,2026,7,4,0,5.6000000000000005,166.20000000000002,100800.0,2026-07-04,2026-07-04,1008.0
20260704,000000,75W,13,2026,7,4,0,7.6000000000000005,164.4,100600.0,2026-07-04,2026-07-04,1006.0
20260704,000000,75W,13,2026,7,4,0,9.200000000000001,164.6,100600.0,2026-07-04,2026-07-04,1006.0
20260704,000000,75W,13,2026,7,4,0,9.1,164.1,100700.0,2026-07-04,2026-07-04,1007.0
20260704,000000,75W,13,2026,7,4,0,10.0,163.8,100500.0,2026-07-04,2026-07-04,1005.0
20260704,000000,75W,13,2026,7,4,0,9.9,162.3,100600.0,2026-07-04,2026-07-04,1006.0
20260704,000000,75W,13,2026,7,4,0,11.3,162.1,100700.0,2026-07-04,2026-07-04,1007.0
20260704,000000,75W,13,2026,7,4,0,11.1,161.20000000000002,100400.0,2026-07-04,2026-07-04,1004.0
20260704,000000,75W,13,2026,7,4,0,11.700000000000001,161.70000000000002,100500.0,2026-07-04,2026-07-04,1005.0
20260704,000000,75W,13,2026,7,4,0,11.5,161.8,100100.0,2026-07-04,2026-07-04,1001.0
20260704,000000,75W,13,2026,7,4,0,12.4,162.4,100100.0,2026-07-04,2026-07-04,1001.0
20260704,000000,75W,15,2026,7,4,0,37.800000000000004,119.10000000000001,99200.0,2026-07-04,2026-07-04,992.0
20260704,000000,75W,15,2026,7,4,0,39.7,124.10000000000001,98900.0,2026-07-04,2026-07-04,989.0
20260704,000000,75W,15,2026,7,4,0,38.9,125.10000000000001,99300.0,2026-07-04,2026-07-04,993.0
20260704,000000,75W,15,2026,7,4,0,38.9,125.60000000000001,99900.0,2026-07-04,2026-07-04,999.0
20260704,000000,75W,17,2026,7,4,0,7.4,163.9,100600.0,2026-07-04,2026-07-04,1006.0
20260704,000000,75W,17,2026,7,4,0,5.5,163.3,100400.0,2026-07-04,2026-07-04,1004.0
20260704,000000,75W,17,2026,7,4,0,5.5,163.4,100500.0,2026-07-04,2026-07-04,1005.0
20260704,000000,75W,17,2026,7,4,0,5.6000000000000005,163.6,100300.0,2026-07-04,2026-07-04,1003.0
20260704,000000,75W,17,2026,7,4,0,6.0,163.6,100600.0,2026-07-04,2026-07-04,1006.0
20260704,000000,75W,18,2026,7,4,0,4.8,178.1,100800.0,2026-07-04,2026-07-04,1008.0
20260704,000000,75W,18,2026,7,4,0,3.9,175.20000000000002,100900.0,2026-07-04,2026-07-04,1009.0
20260704,000000,75W,20,2026,7,4,0,8.6,172.9,100700.0,2026-07-04,2026-07-04,1007.0
20260704,000000,75W,20,2026,7,4,0,8.700000000000001,173.5,100900.0,2026-07-04,2026-07-04,1009.0
20260704,000000,75W,21,2026,7,4,0,12.1,137.6,100800.0,2026-07-04,2026-07-04,1008.0
20260704,000000,75W,21,2026,7,4,0,13.5,139.70000000000002,100500.0,2026-07-04,2026-07-04,1005.0
20260704,000000,75W,21,2026,7,4,0,15.200000000000001,139.1,100600.0,2026-07-04,2026-07-04,1006.0
20260704,000000,75W,21,2026,7,4,0,16.0,138.5,100400.0,2026-07-04,2026-07-04,1004.0
20260704,000000,75W,21,2026,7,4,0,16.7,138.5,100600.0,2026-07-04,2026-07-04,1006.0
20260704,000000,75W,21,2026,7,4,0,18.5,139.0,100300.0,2026-07-04,2026-07-04,1003.0
20260704,000000,75W,21,2026,7,4,0,19.5,140.5,100400.0,2026-07-04,2026-07-04,1004.0
20260704,000000,75W,21,2026,7,4,0,20.900000000000002,140.6,99900.0,2026-07-04,2026-07-04,999.0
20260704,000000,75W,21,2026,7,4,0,21.6,140.6,99700.0,2026-07-04,2026-07-04,997.0
20260704,000000,75W,21,2026,7,4,0,23.0,141.8,98800.0,2026-07-04,2026-07-04,988.0
20260704,000000,75W,21,2026,7,4,0,24.2,141.5,97300.0,2026-07-04,2026-07-04,973.0
20260704,000000,75W,21,2026,7,4,0,25.8,141.8,97300.0,2026-07-04,2026-07-04,973.0
20260704,000000,75W,21,2026,7,4,0,26.5,141.1,97200.0,2026-07-04,2026-07-04,972.0
20260704,000000,75W,21,2026,7,4,0,27.2,140.9,97200.0,2026-07-04,2026-07-04,972.0
20260704,000000,75W,21,2026,7,4,0,28.0,141.1,96800.0,2026-07-04,2026-07-04,968.0
20260704,000000,75W,21,2026,7,4,0,28.8,141.4,97100.0,2026-07-04,2026-07-04,971.0
20260704,000000,75W,21,2026,7,4,0,30.2,141.3,97700.0,2026-07-04,2026-07-04,977.0
20260704,000000,75W,21,2026,7,4,0,31.7,141.5,98000.0,2026-07-04,2026-07-04,980.0
20260704,000000,75W,21,2026,7,4,0,33.2,142.1,98500.0,2026-07-04,2026-07-04,985.0
20260704,000000,75W,22,2026,7,4,0,37.5,114.8,99400.0,2026-07-04,2026-07-04,994.0
20260704,000000,75W,22,2026,7,4,0,37.5,119.60000000000001,99200.0,2026-07-04,2026-07-04,992.0
20260704,000000,75W,22,2026,7,4,0,37.5,119.9,99200.0,2026-07-04,2026-07-04,992.0
20260704,000000,75W,22,2026,7,4,0,37.300000000000004,122.60000000000001,99300.0,2026-07-04,2026-07-04,993.0
20260704,000000,75W,22,2026,7,4,0,37.9,125.0,99300.0,2026-07-04,2026-07-04,993.0
20260704,000000,75W,22,2026,7,4,0,37.4,126.4,99700.0,2026-07-04,2026-07-04,997.0
20260704,000000,75W,23,2026,7,4,0,15.5,147.5,100400.0,2026-07-04,2026-07-04,1004.0
20260704,000000,75W,23,2026,7,4,0,16.9,146.8,100200.0,2026-07-04,2026-07-04,1002.0
20260704,000000,75W,23,2026,7,4,0,20.1,142.0,100300.0,2026-07-04,2026-07-04,1003.0
20260704,000000,75W,24,2026,7,4,0,6.0,144.0,100500.0,2026-07-04,2026-07-04,1005.0
20260704,000000,75W,24,2026,7,4,0,5.5,140.4,100700.0,2026-07-04,2026-07-04,1007.0
20260704,000000,75W,24,2026,7,4,0,7.4,139.3,100500.0,2026-07-04,2026-07-04,1005.0
20260704,000000,75W,24,2026,7,4,0,7.3,137.3,100700.0,2026-07-04,2026-07-04,1007.0
20260704,000000,75W,24,2026,7,4,0,7.9,136.3,100400.0,2026-07-04,2026-07-04,1004.0
20260704,000000,75W,24,2026,7,4,0,8.5,136.6,100500.0,2026-07-04,2026-07-04,1005.0
20260704,000000,75W,24,2026,7,4,0,10.4,136.4,100300.0,2026-07-04,2026-07-04,1003.0
20260704,000000,75W,24,2026,7,4,0,11.200000000000001,134.7,100500.0,2026-07-04,2026-07-04,1005.0
20260704,000000,75W,24,2026,7,4,0,11.9,134.4,100300.0,2026-07-04,2026-07-04,1003.0
20260704,000000,75W,24,2026,7,4,0,12.5,133.6,100400.0,2026-07-04,2026-07-04,1004.0
20260704,000000,75W,24,2026,7,4,0,13.6,134.7,100200.0,2026-07-04,2026-07-04,1002.0
20260704,000000,75W,24,2026,7,4,0,14.700000000000001,133.4,100200.0,2026-07-04,2026-07-04,1002.0
20260704,000000,75W,24,2026,7,4,0,16.4,133.2,99900.0,2026-07-04,2026-07-04,999.0
20260704,000000,75W,24,2026,7,4,0,16.7,133.1,100000.0,2026-07-04,2026-07-04,1000.0
20260704,000000,75W,24,2026,7,4,0,16.9,133.3,99700.0,2026-07-04,2026-07-04,997.0
20260704,000000,75W,24,2026,7,4,0,19.8,132.3,99100.0,2026-07-04,2026-07-04,991.0
20260704,000000,75W,24,2026,7,4,0,19.6,132.5,98600.0,2026-07-04,2026-07-04,986.0
20260704,000000,75W,24,2026,7,4,0,20.400000000000002,132.6,98700.0,2026-07-04,2026-07-04,987.0
20260704,000000,75W,24,2026,7,4,0,21.8,132.0,98500.0,2026-07-04,2026-07-04,985.0
20260704,000000,75W,24,2026,7,4,0,21.6,131.6,98500.0,2026-07-04,2026-07-04,985.0
20260704,000000,75W,24,2026,7,4,0,22.8,130.5,98400.0,2026-07-04,2026-07-04,984.0
20260704,000000,75W,24,2026,7,4,0,23.1,130.5,98200.0,2026-07-04,2026-07-04,982.0
20260704,000000,75W,24,2026,7,4,0,23.400000000000002,129.6,97900.0,2026-07-04,2026-07-04,979.0
20260704,000000,75W,24,2026,7,4,0,24.0,128.8,97800.0,2026-07-04,2026-07-04,978.0
20260704,000000,75W,24,2026,7,4,0,24.8,127.8,97500.0,2026-07-04,2026-07-04,975.0
20260704,000000,75W,24,2026,7,4,0,25.900000000000002,126.9,97200.0,2026-07-04,2026-07-04,972.0
20260704,000000,75W,24,2026,7,4,0,26.6,126.4,97200.0,2026-07-04,2026-07-04,972.0
20260704,000000,75W,24,2026,7,4,0,27.8,125.5,97400.0,2026-07-04,2026-07-04,974.0
20260704,000000,75W,24,2026,7,4,0,29.2,123.9,97100.0,2026-07-04,2026-07-04,971.0
20260704,000000,75W,24,2026,7,4,0,30.400000000000002,123.60000000000001,96500.0,2026-07-04,2026-07-04,965.0
20260704,000000,75W,25,2026,7,4,0,19.5,118.0,99400.0,2026-07-04,2026-07-04,994.0
20260704,000000,75W,25,2026,7,4,0,21.2,119.3,99500.0,2026-07-04,2026-07-04,995.0
20260704,000000,75W,25,2026,7,4,0,22.2,118.2,99100.0,2026-07-04,2026-07-04,991.0
20260704,000000,75W,25,2026,7,4,0,22.8,117.9,99200.0,2026-07-04,2026-07-04,992.0
20260704,000000,75W,25,2026,7,4,0,24.0,118.0,99200.0,2026-07-04,2026-07-04,992.0
20260704,000000,75W,25,2026,7,4,0,24.5,117.60000000000001,99600.0,2026-07-04,2026-07-04,996.0
20260704,000000,75W,25,2026,7,4,0,29.0,115.9,99600.0,2026-07-04,2026-07-04,996.0
20260704,000000,75W,25,2026,7,4,0,28.6,113.60000000000001,99800.0,2026-07-04,2026-07-04,998.0
20260704,000000,75W,25,2026,7,4,0,27.5,113.5,99800.0,2026-07-04,2026-07-04,998.0
20260704,000000,75W,26,2026,7,4,0,17.1,113.7,100100.0,2026-07-04,2026-07-04,1001.0
20260704,000000,75W,26,2026,7,4,0,18.1,115.8,100100.0,2026-07-04,2026-07-04,1001.0
20260704,000000,75W,26,2026,7,4,0,18.5,117.4,100000.0,2026-07-04,2026-07-04,1000.0
20260704,000000,75W,26,2026,7,4,0,19.5,116.3,100000.0,2026-07-04,2026-07-04,1000.0
20260704,000000,75W,26,2026,7,4,0,20.400000000000002,115.5,99800.0,2026-07-04,2026-07-04,998.0
20260704,000000,75W,26,2026,7,4,0,20.2,114.60000000000001,99800.0,2026-07-04,2026-07-04,998.0
20260704,000000,75W,26,2026,7,4,0,19.7,114.3,99600.0,2026-07-04,2026-07-04,996.0
20260704,000000,75W,26,2026,7,4,0,20.0,114.4,99600.0,2026-07-04,2026-07-04,996.0
20260704,000000,75W,26,2026,7,4,0,19.5,113.10000000000001,99500.0,2026-07-04,2026-07-04,995.0
20260704,000000,75W,26,2026,7,4,0,19.3,113.4,99400.0,2026-07-04,2026-07-04,994.0
20260704,000000,75W,26,2026,7,4,0,19.7,113.5,99100.0,2026-07-04,2026-07-04,991.0
20260704,000000,75W,26,2026,7,4,0,19.7,113.7,99100.0,2026-07-04,2026-07-04,991.0
20260704,000000,75W,26,2026,7,4,0,20.2,113.4,99000.0,2026-07-04,2026-07-04,990.0
20260704,000000,75W,26,2026,7,4,0,20.7,113.7,99100.0,2026-07-04,2026-07-04,991.0
20260704,000000,75W,26,2026,7,4,0,21.5,113.4,99100.0,2026-07-04,2026-07-04,991.0
20260704,000000,75W,26,2026,7,4,0,22.0,113.10000000000001,99200.0,2026-07-04,2026-07-04,992.0
20260704,000000,75W,26,2026,7,4,0,22.7,113.2,99300.0,2026-07-04,2026-07-04,993.0
20260704,000000,75W,26,2026,7,4,0,23.5,112.9,99400.0,2026-07-04,2026-07-04,994.0
20260704,000000,75W,28,2026,7,4,0,15.1,161.4,100200.0,2026-07-04,2026-07-04,1002.0
20260704,000000,75W,28,2026,7,4,0,15.8,161.70000000000002,99800.0,2026-07-04,2026-07-04,998.0
20260704,000000,75W,28,2026,7,4,0,16.2,161.0,99900.0,2026-07-04,2026-07-04,999.0
20260704,000000,75W,28,2026,7,4,0,16.4,160.1,99700.0,2026-07-04,2026-07-04,997.0
20260704,000000,75W,28,2026,7,4,0,16.5,159.5,99800.0,2026-07-04,2026-07-04,998.0
20260704,000000,75W,28,2026,7,4,0,16.8,158.8,99400.0,2026-07-04,2026-07-04,994.0
20260704,000000,75W,28,2026,7,4,0,17.400000000000002,157.9,99700.0,2026-07-04,2026-07-04,997.0
20260704,000000,75W,29,2026,7,4,0,16.1,133.2,100800.0,2026-07-04,2026-07-04,1008.0
20260704,000000,75W,29,2026,7,4,0,18.3,135.3,100600.0,2026-07-04,2026-07-04,1006.0
20260704,000000,75W,29,2026,7,4,0,20.5,137.3,100800.0,2026-07-04,2026-07-04,1008.0
20260704,000000,75W,29,2026,7,4,0,20.6,137.1,100500.0,2026-07-04,2026-07-04,1005.0
20260704,000000,75W,29,2026,7,4,0,20.900000000000002,139.20000000000002,100600.0,2026-07-04,2026-07-04,1006.0
20260704,000000,75W,29,2026,7,4,0,22.0,139.20000000000002,100100.0,2026-07-04,2026-07-04,1001.0
20260704,000000,75W,29,2026,7,4,0,22.3,139.9,100100.0,2026-07-04,2026-07-04,1001.0
20260704,000000,75W,29,2026,7,4,0,23.3,140.9,99700.0,2026-07-04,2026-07-04,997.0
20260704,000000,75W,29,2026,7,4,0,24.7,141.70000000000002,99600.0,2026-07-04,2026-07-04,996.0
20260704,000000,75W,29,2026,7,4,0,26.1,142.5,98800.0,2026-07-04,2026-07-04,988.0
20260704,000000,75W,29,2026,7,4,0,27.6,142.70000000000002,98400.0,2026-07-04,2026-07-04,984.0
20260704,000000,75W,29,2026,7,4,0,29.2,143.0,98100.0,2026-07-04,2026-07-04,981.0
20260704,000000,75W,29,2026,7,4,0,31.2,143.70000000000002,98100.0,2026-07-04,2026-07-04,981.0
20260704,000000,75W,29,2026,7,4,0,32.9,144.1,98000.0,2026-07-04,2026-07-04,980.0
20260704,000000,75W,29,2026,7,4,0,34.300000000000004,145.1,98200.0,2026-07-04,2026-07-04,982.0
20260704,000000,75W,29,2026,7,4,0,36.300000000000004,146.4,98100.0,2026-07-04,2026-07-04,981.0
20260704,000000,75W,29,2026,7,4,0,37.7,147.6,98500.0,2026-07-04,2026-07-04,985.0
20260704,000000,75W,29,2026,7,4,0,38.9,149.4,98400.0,2026-07-04,2026-07-04,984.0
20260704,000000,75W,29,2026,7,4,0,39.800000000000004,151.1,98500.0,2026-07-04,2026-07-04,985.0
20260704,000000,75W,30,2026,7,4,0,7.6000000000000005,163.9,101100.0,2026-07-04,2026-07-04,1011.0
20260704,000000,75W,30,2026,7,4,0,7.1000000000000005,161.70000000000002,100900.0,2026-07-04,2026-07-04,1009.0
20260704,000000,75W,30,2026,7,4,0,8.1,161.0,100800.0,2026-07-04,2026-07-04,1008.0
20260704,000000,75W,30,2026,7,4,0,8.4,160.1,101000.0,2026-07-04,2026-07-04,1010.0
20260704,000000,75W,30,2026,7,4,0,8.6,158.9,100700.0,2026-07-04,2026-07-04,1007.0
20260704,000000,75W,30,2026,7,4,0,8.3,158.1,100800.0,2026-07-04,2026-07-04,1008.0
20260704,000000,75W,30,2026,7,4,0,8.1,157.5,100600.0,2026-07-04,2026-07-04,1006.0
20260704,000000,75W,30,2026,7,4,0,7.8,157.1,100700.0,2026-07-04,2026-07-04,1007.0
20260704,000000,75W,30,2026,7,4,0,7.5,156.5,100500.0,2026-07-04,2026-07-04,1005.0
20260704,000000,75W,30,2026,7,4,0,7.2,156.3,100600.0,2026-07-04,2026-07-04,1006.0
20260704,000000,75W,30,2026,7,4,0,6.9,155.9,100300.0,2026-07-04,2026-07-04,1003.0
20260704,000000,75W,30,2026,7,4,0,6.7,155.70000000000002,100400.0,2026-07-04,2026-07-04,1004.0
20260704,000000,75W,30,2026,7,4,0,6.5,155.1,100100.0,2026-07-04,2026-07-04,1001.0
20260704,000000,75W,30,2026,7,4,0,6.6000000000000005,154.4,100300.0,2026-07-04,2026-07-04,1003.0
20260704,000000,75W,30,2026,7,4,0,6.7,153.70000000000002,100200.0,2026-07-04,2026-07-04,1002.0
20260704,000000,75W,30,2026,7,4,0,7.2,153.0,100500.0,2026-07-04,2026-07-04,1005.0
20260704,000000,75W,30,2026,7,4,0,7.6000000000000005,152.0,100200.0,2026-07-04,2026-07-04,1002.0
20260704,000000,75W,30,2026,7,4,0,8.2,151.3,100500.0,2026-07-04,2026-07-04,1005.0
20260704,000000,75W,30,2026,7,4,0,9.0,150.4,100400.0,2026-07-04,2026-07-04,1004.0
20260704,000000,75W,30,2026,7,4,0,9.700000000000001,149.5,100700.0,2026-07-04,2026-07-04,1007.0
20260704,000000,75W,30,2026,7,4,0,10.5,148.5,100500.0,2026-07-04,2026-07-04,1005.0
20260704,000000,75W,30,2026,7,4,0,11.0,147.70000000000002,100700.0,2026-07-04,2026-07-04,1007.0
20260704,000000,75W,30,2026,7,4,0,11.4,147.4,100500.0,2026-07-04,2026-07-04,1005.0
20260704,000000,75W,30,2026,7,4,0,11.700000000000001,147.3,100800.0,2026-07-04,2026-07-04,1008.0
20260704,000000,75W,30,2026,7,4,0,12.200000000000001,147.3,100800.0,2026-07-04,2026-07-04,1008.0
20260704,000000,75W,30,2026,7,4,0,12.4,147.5,100500.0,2026-07-04,2026-07-04,1005.0
20260704,000000,75W,31,2026,7,4,0,30.6,119.60000000000001,99900.0,2026-07-04,2026-07-04,999.0
20260704,000000,75W,31,2026,7,4,0,32.5,123.10000000000001,100100.0,2026-07-04,2026-07-04,1001.0
20260704,000000,75W,31,2026,7,4,0,33.9,128.9,100100.0,2026-07-04,2026-07-04,1001.0
20260704,000000,75W,32,2026,7,4,0,9.4,178.1,100800.0,2026-07-04,2026-07-04,1008.0
20260704,000000,75W,32,2026,7,4,0,10.700000000000001,171.0,100400.0,2026-07-04,2026-07-04,1004.0
20260704,000000,75W,32,2026,7,4,0,10.8,169.1,100100.0,2026-07-04,2026-07-04,1001.0
20260704,000000,75W,32,2026,7,4,0,11.0,167.9,99900.0,2026-07-04,2026-07-04,999.0
20260704,000000,75W,32,2026,7,4,0,11.9,166.8,99800.0,2026-07-04,2026-07-04,998.0
20260704,000000,75W,32,2026,7,4,0,12.8,164.70000000000002,100100.0,2026-07-04,2026-07-04,1001.0
20260704,000000,75W,32,2026,7,4,0,13.3,162.5,99700.0,2026-07-04,2026-07-04,997.0
20260704,000000,75W,32,2026,7,4,0,13.8,161.0,100000.0,2026-07-04,2026-07-04,1000.0
20260704,000000,75W,32,2026,7,4,0,14.4,159.5,100000.0,2026-07-04,2026-07-04,1000.0
20260704,000000,75W,32,2026,7,4,0,14.9,157.9,99900.0,2026-07-04,2026-07-04,999.0
20260704,000000,75W,32,2026,7,4,0,15.700000000000001,156.5,99700.0,2026-07-04,2026-07-04,997.0
20260704,000000,75W,32,2026,7,4,0,16.5,155.3,99600.0,2026-07-04,2026-07-04,996.0
20260704,000000,75W,32,2026,7,4,0,17.2,154.20000000000002,97700.0,2026-07-04,2026-07-04,977.0
20260704,000000,75W,32,2026,7,4,0,18.1,153.20000000000002,97400.0,2026-07-04,2026-07-04,974.0
20260704,000000,75W,32,2026,7,4,0,18.8,152.3,96000.0,2026-07-04,2026-07-04,960.0
20260704,000000,75W,32,2026,7,4,0,19.6,151.6,95900.0,2026-07-04,2026-07-04,959.0
20260704,000000,75W,32,2026,7,4,0,20.6,151.1,95800.0,2026-07-04,2026-07-04,958.0
20260704,000000,75W,32,2026,7,4,0,21.6,150.70000000000002,95900.0,2026-07-04,2026-07-04,959.0
20260704,000000,75W,32,2026,7,4,0,22.6,150.4,95200.0,2026-07-04,2026-07-04,952.0
20260704,000000,75W,32,2026,7,4,0,23.7,150.3,95300.0,2026-07-04,2026-07-04,953.0
20260704,000000,75W,32,2026,7,4,0,24.8,150.5,94900.0,2026-07-04,2026-07-04,949.0
20260704,000000,75W,32,2026,7,4,0,26.0,150.9,95100.0,2026-07-04,2026-07-04,951.0
20260704,000000,75W,32,2026,7,4,0,27.3,151.5,94800.0,2026-07-04,2026-07-04,948.0
20260704,000000,75W,32,2026,7,4,0,28.6,152.4,95200.0,2026-07-04,2026-07-04,952.0
20260704,000000,75W,32,2026,7,4,0,30.0,153.4,95100.0,2026-07-04,2026-07-04,951.0
20260704,000000,75W,32,2026,7,4,0,31.1,154.3,96200.0,2026-07-04,2026-07-04,962.0
20260704,000000,75W,32,2026,7,4,0,32.1,155.1,97200.0,2026-07-04,2026-07-04,972.0
20260704,000000,75W,32,2026,7,4,0,32.9,155.5,98200.0,2026-07-04,2026-07-04,982.0
20260704,000000,75W,32,2026,7,4,0,33.7,156.1,98500.0,2026-07-04,2026-07-04,985.0
20260704,000000,75W,32,2026,7,4,0,33.9,156.6,99000.0,2026-07-04,2026-07-04,990.0
20260704,000000,75W,32,2026,7,4,0,34.2,157.20000000000002,99200.0,2026-07-04,2026-07-04,992.0
20260704,000000,75W,32,2026,7,4,0,34.4,157.6,99600.0,2026-07-04,2026-07-04,996.0
20260704,000000,75W,32,2026,7,4,0,34.4,157.6,99600.0,2026-07-04,2026-07-04,996.0
20260704,000000,75W,32,2026,7,4,0,34.2,157.20000000000002,99900.0,2026-07-04,2026-07-04,999.0
20260704,000000,75W,32,2026,7,4,0,34.0,157.0,100100.0,2026-07-04,2026-07-04,1001.0
20260704,000000,75W,32,2026,7,4,0,33.8,156.5,100300.0,2026-07-04,2026-07-04,1003.0
20260704,000000,75W,32,2026,7,4,0,33.8,155.8,100200.0,2026-07-04,2026-07-04,1002.0
20260704,000000,75W,32,2026,7,4,0,33.7,155.20000000000002,100400.0,2026-07-04,2026-07-04,1004.0
20260704,000000,75W,32,2026,7,4,0,33.9,154.4,100400.0,2026-07-04,2026-07-04,1004.0
20260704,000000,75W,32,2026,7,4,0,34.1,153.20000000000002,100500.0,2026-07-04,2026-07-04,1005.0
20260704,000000,75W,32,2026,7,4,0,34.4,152.20000000000002,100500.0,2026-07-04,2026-07-04,1005.0
20260704,000000,75W,32,2026,7,4,0,35.2,151.20000000000002,100700.0,2026-07-04,2026-07-04,1007.0
20260704,000000,75W,32,2026,7,4,0,36.0,149.70000000000002,100600.0,2026-07-04,2026-07-04,1006.0
20260704,000000,75W,32,2026,7,4,0,37.0,148.3,100700.0,2026-07-04,2026-07-04,1007.0
20260704,000000,75W,32,2026,7,4,0,38.2,147.3,100700.0,2026-07-04,2026-07-04,1007.0
20260704,000000,75W,34,2026,7,4,0,30.7,117.4,99900.0,2026-07-04,2026-07-04,999.0
20260704,000000,75W,34,2026,7,4,0,31.5,119.7,99900.0,2026-07-04,2026-07-04,999.0
20260704,000000,75W,34,2026,7,4,0,31.0,120.3,99700.0,2026-07-04,2026-07-04,997.0
20260704,000000,75W,34,2026,7,4,0,31.5,121.10000000000001,99600.0,2026-07-04,2026-07-04,996.0
20260704,000000,75W,34,2026,7,4,0,32.5,121.7,99600.0,2026-07-04,2026-07-04,996.0
20260704,000000,75W,34,2026,7,4,0,35.800000000000004,121.9,99600.0,2026-07-04,2026-07-04,996.0
20260704,000000,75W,34,2026,7,4,0,37.9,121.60000000000001,99400.0,2026-07-04,2026-07-04,994.0
20260704,000000,75W,34,2026,7,4,0,39.6,121.5,99500.0,2026-07-04,2026-07-04,995.0
20260704,000000,75W,34,2026,7,4,0,41.0,121.2,99600.0,2026-07-04,2026-07-04,996.0
20260704,000000,75W,34,2026,7,4,0,42.4,120.9,100100.0,2026-07-04,2026-07-04,1001.0
20260704,000000,75W,34,2026,7,4,0,43.5,121.8,100200.0,2026-07-04,2026-07-04,1002.0
20260704,000000,75W,34,2026,7,4,0,44.5,122.7,100400.0,2026-07-04,2026-07-04,1004.0
20260704,000000,75W,35,2026,7,4,0,4.8,172.4,100700.0,2026-07-04,2026-07-04,1007.0
20260704,000000,75W,35,2026,7,4,0,5.3,171.5,100900.0,2026-07-04,2026-07-04,1009.0
20260704,000000,75W,35,2026,7,4,0,4.1,171.0,100800.0,2026-07-04,2026-07-04,1008.0
20260704,000000,75W,35,2026,7,4,0,4.7,172.6,100700.0,2026-07-04,2026-07-04,1007.0
20260704,000000,75W,36,2026,7,4,0,28.5,145.1,100000.0,2026-07-04,2026-07-04,1000.0
20260704,000000,75W,36,2026,7,4,0,28.2,146.70000000000002,99900.0,2026-07-04,2026-07-04,999.0
20260704,000000,75W,36,2026,7,4,0,28.0,148.20000000000002,99500.0,2026-07-04,2026-07-04,995.0
20260704,000000,75W,36,2026,7,4,0,31.0,151.5,99100.0,2026-07-04,2026-07-04,991.0
20260704,000000,75W,36,2026,7,4,0,33.8,151.6,99100.0,2026-07-04,2026-07-04,991.0
20260704,000000,75W,36,2026,7,4,0,35.1,152.70000000000002,99600.0,2026-07-04,2026-07-04,996.0
20260704,000000,75W,37,2026,7,4,0,7.0,160.5,100700.0,2026-07-04,2026-07-04,1007.0
20260704,000000,75W,37,2026,7,4,0,6.5,161.70000000000002,100600.0,2026-07-04,2026-07-04,1006.0
20260704,000000,75W,38,2026,7,4,0,37.9,132.0,99700.0,2026-07-04,2026-07-04,997.0
20260704,000000,75W,38,2026,7,4,0,37.6,133.5,99900.0,2026-07-04,2026-07-04,999.0
20260704,000000,75W,38,2026,7,4,0,37.7,135.2,100100.0,2026-07-04,2026-07-04,1001.0
20260704,000000,75W,38,2026,7,4,0,38.6,136.4,100100.0,2026-07-04,2026-07-04,1001.0
20260704,000000,75W,38,2026,7,4,0,39.7,134.6,100100.0,2026-07-04,2026-07-04,1001.0
20260704,000000,75W,40,2026,7,4,0,17.8,142.1,100700.0,2026-07-04,2026-07-04,1007.0
20260704,000000,75W,40,2026,7,4,0,19.8,144.0,100800.0,2026-07-04,2026-07-04,1008.0
20260704,000000,75W,40,2026,7,4,0,22.2,143.70000000000002,100600.0,2026-07-04,2026-07-04,1006.0
20260704,000000,75W,40,2026,7,4,0,21.7,143.5,100600.0,2026-07-04,2026-07-04,1006.0
20260704,000000,75W,40,2026,7,4,0,22.1,144.3,100700.0,2026-07-04,2026-07-04,1007.0
20260704,000000,75W,40,2026,7,4,0,23.3,144.9,100600.0,2026-07-04,2026-07-04,1006.0
20260704,000000,75W,40,2026,7,4,0,23.5,145.5,100300.0,2026-07-04,2026-07-04,1003.0
20260704,000000,75W,40,2026,7,4,0,23.5,146.0,100400.0,2026-07-04,2026-07-04,1004.0
20260704,000000,75W,40,2026,7,4,0,24.0,145.3,100100.0,2026-07-04,2026-07-04,1001.0
20260704,000000,75W,40,2026,7,4,0,24.7,145.20000000000002,100100.0,2026-07-04,2026-07-04,1001.0
20260704,000000,75W,40,2026,7,4,0,24.2,145.9,99800.0,2026-07-04,2026-07-04,998.0
20260704,000000,75W,40,2026,7,4,0,26.3,146.3,99200.0,2026-07-04,2026-07-04,992.0
20260704,000000,75W,40,2026,7,4,0,26.1,146.6,98400.0,2026-07-04,2026-07-04,984.0
20260704,000000,75W,40,2026,7,4,0,26.3,146.70000000000002,98300.0,2026-07-04,2026-07-04,983.0
20260704,000000,75W,40,2026,7,4,0,26.400000000000002,146.70000000000002,98500.0,2026-07-04,2026-07-04,985.0
20260704,000000,75W,40,2026,7,4,0,26.5,147.1,98600.0,2026-07-04,2026-07-04,986.0
20260704,000000,75W,40,2026,7,4,0,26.900000000000002,146.70000000000002,98300.0,2026-07-04,2026-07-04,983.0
20260704,000000,75W,40,2026,7,4,0,27.400000000000002,146.20000000000002,98600.0,2026-07-04,2026-07-04,986.0
20260704,000000,75W,40,2026,7,4,0,27.3,145.1,98600.0,2026-07-04,2026-07-04,986.0
20260704,000000,75W,40,2026,7,4,0,26.6,144.20000000000002,99000.0,2026-07-04,2026-07-04,990.0
20260704,000000,75W,40,2026,7,4,0,26.6,143.5,98500.0,2026-07-04,2026-07-04,985.0
20260704,000000,75W,40,2026,7,4,0,26.3,142.70000000000002,98500.0,2026-07-04,2026-07-04,985.0
20260704,000000,75W,41,2026,7,4,0,6.4,151.5,100800.0,2026-07-04,2026-07-04,1008.0
20260704,000000,75W,41,2026,7,4,0,6.5,151.8,100600.0,2026-07-04,2026-07-04,1006.0
20260704,000000,75W,41,2026,7,4,0,7.2,149.4,100700.0,2026-07-04,2026-07-04,1007.0
20260704,000000,75W,41,2026,7,4,0,7.7,148.5,100500.0,2026-07-04,2026-07-04,1005.0
20260704,000000,75W,41,2026,7,4,0,8.8,143.8,99800.0,2026-07-04,2026-07-04,998.0
20260704,000000,75W,41,2026,7,4,0,11.0,143.4,100000.0,2026-07-04,2026-07-04,1000.0
20260704,000000,75W,41,2026,7,4,0,13.3,142.6,100000.0,2026-07-04,2026-07-04,1000.0
20260704,000000,75W,41,2026,7,4,0,14.700000000000001,141.8,100100.0,2026-07-04,2026-07-04,1001.0
20260704,000000,75W,41,2026,7,4,0,17.1,142.1,100100.0,2026-07-04,2026-07-04,1001.0
20260704,000000,75W,41,2026,7,4,0,18.7,142.5,100400.0,2026-07-04,2026-07-04,1004.0
20260704,000000,75W,41,2026,7,4,0,21.400000000000002,145.3,100600.0,2026-07-04,2026-07-04,1006.0
20260704,000000,75W,42,2026,7,4,0,36.300000000000004,126.3,99600.0,2026-07-04,2026-07-04,996.0
20260704,000000,75W,42,2026,7,4,0,37.2,129.9,99500.0,2026-07-04,2026-07-04,995.0
20260704,000000,75W,42,2026,7,4,0,38.7,132.3,99400.0,2026-07-04,2026-07-04,994.0
20260704,000000,75W,42,2026,7,4,0,39.7,134.4,99400.0,2026-07-04,2026-07-04,994.0
20260704,000000,75W,42,2026,7,4,0,40.800000000000004,137.1,99800.0,2026-07-04,2026-07-04,998.0
20260704,000000,75W,42,2026,7,4,0,42.5,141.4,100500.0,2026-07-04,2026-07-04,1005.0
20260704,000000,75W,44,2026,7,4,0,34.1,142.3,99300.0,2026-07-04,2026-07-04,993.0
20260704,000000,75W,44,2026,7,4,0,33.9,144.20000000000002,98900.0,2026-07-04,2026-07-04,989.0
20260704,000000,75W,44,2026,7,4,0,33.9,147.0,98800.0,2026-07-04,2026-07-04,988.0
20260704,000000,75W,44,2026,7,4,0,33.9,148.9,99100.0,2026-07-04,2026-07-04,991.0
20260704,000000,75W,45,2026,7,4,0,4.3,103.60000000000001,101000.0,2026-07-04,2026-07-04,1010.0
20260704,000000,75W,45,2026,7,4,0,4.8,104.10000000000001,100800.0,2026-07-04,2026-07-04,1008.0
20260704,000000,75W,46,2026,7,4,0,37.800000000000004,125.7,99600.0,2026-07-04,2026-07-04,996.0
20260704,000000,75W,46,2026,7,4,0,36.4,133.4,99100.0,2026-07-04,2026-07-04,991.0
20260704,000000,75W,46,2026,7,4,0,36.800000000000004,135.3,99100.0,2026-07-04,2026-07-04,991.0
20260704,000000,75W,46,2026,7,4,0,36.1,139.5,99200.0,2026-07-04,2026-07-04,992.0
20260704,000000,75W,46,2026,7,4,0,37.9,143.70000000000002,99300.0,2026-07-04,2026-07-04,993.0
20260704,000000,75W,46,2026,7,4,0,42.5,149.4,99500.0,2026-07-04,2026-07-04,995.0
20260704,000000,75W,48,2026,7,4,0,9.4,159.5,100700.0,2026-07-04,2026-07-04,1007.0
20260704,000000,75W,48,2026,7,4,0,8.1,159.3,100900.0,2026-07-04,2026-07-04,1009.0
20260704,000000,75W,48,2026,7,4,0,9.200000000000001,157.70000000000002,100900.0,2026-07-04,2026-07-04,1009.0
20260704,000000,75W,48,2026,7,4,0,8.8,157.0,100700.0,2026-07-04,2026-07-04,1007.0
20260704,000000,75W,48,2026,7,4,0,10.8,155.1,100900.0,2026-07-04,2026-07-04,1009.0
20260704,000000,75W,49,2026,7,4,0,35.5,116.5,99900.0,2026-07-04,2026-07-04,999.0
20260704,000000,75W,49,2026,7,4,0,34.9,120.4,99700.0,2026-07-04,2026-07-04,997.0
20260704,000000,75W,49,2026,7,4,0,35.6,122.0,99700.0,2026-07-04,2026-07-04,997.0
20260704,000000,75W,49,2026,7,4,0,36.4,125.9,99400.0,2026-07-04,2026-07-04,994.0
20260704,000000,75W,50,2026,7,4,0,8.1,148.6,100700.0,2026-07-04,2026-07-04,1007.0
20260704,000000,75W,50,2026,7,4,0,9.8,148.3,100900.0,2026-07-04,2026-07-04,1009.0
20260704,000000,75W,50,2026,7,4,0,9.3,147.70000000000002,100600.0,2026-07-04,2026-07-04,1006.0
20260704,000000,75W,50,2026,7,4,0,9.1,148.20000000000002,100600.0,2026-07-04,2026-07-04,1006.0
20260704,000000,75W,50,2026,7,4,0,9.9,148.4,100400.0,2026-07-04,2026-07-04,1004.0
20260704,000000,75W,50,2026,7,4,0,10.200000000000001,147.5,100500.0,2026-07-04,2026-07-04,1005.0
20260704,000000,75W,50,2026,7,4,0,9.5,145.70000000000002,100200.0,2026-07-04,2026-07-04,1002.0
20260704,000000,75W,50,2026,7,4,0,9.9,146.5,100300.0,2026-07-04,2026-07-04,1003.0
20260704,000000,75W,50,2026,7,4,0,9.0,145.4,99900.0,2026-07-04,2026-07-04,999.0
20260704,000000,75W,50,2026,7,4,0,9.200000000000001,145.4,99700.0,2026-07-04,2026-07-04,997.0
20260704,000000,75W,50,2026,7,4,0,9.6,145.8,99700.0,2026-07-04,2026-07-04,997.0
20260704,000000,75W,50,2026,7,4,0,10.3,145.8,100000.0,2026-07-04,2026-07-04,1000.0
20260704,000000,75W,51,2026,7,4,0,9.5,174.3,100900.0,2026-07-04,2026-07-04,1009.0
20260704,000000,75W,51,2026,7,4,0,6.8,171.70000000000002,101000.0,2026-07-04,2026-07-04,1010.0
20260704,000000,75W,51,2026,7,4,0,9.3,169.6,101100.0,2026-07-04,2026-07-04,1011.0
20260704,000000,75W,51,2026,7,4,0,9.3,166.9,101100.0,2026-07-04,2026-07-04,1011.0
20260704,000000,75W,51,2026,7,4,0,10.0,166.20000000000002,100900.0,2026-07-04,2026-07-04,1009.0
20260704,000000,75W,51,2026,7,4,0,10.3,165.70000000000002,101000.0,2026-07-04,2026-07-04,1010.0
20260704,000000,75W,51,2026,7,4,0,10.5,164.9,100800.0,2026-07-04,2026-07-04,1008.0
20260704,000000,75W,51,2026,7,4,0,11.200000000000001,164.8,101100.0,2026-07-04,2026-07-04,1011.0
20260704,000000,75W,51,2026,7,4,0,10.1,164.4,100900.0,2026-07-04,2026-07-04,1009.0
20260704,000000,75W,51,2026,7,4,0,9.4,164.1,101100.0,2026-07-04,2026-07-04,1011.0
20260704,000000,75W,51,2026,7,4,0,9.8,162.9,101000.0,2026-07-04,2026-07-04,1010.0
20260704,000000,75W,51,2026,7,4,0,9.9,164.5,100800.0,2026-07-04,2026-07-04,1008.0
20260704,000000,75W,51,2026,7,4,0,7.8,161.20000000000002,100700.0,2026-07-04,2026-07-04,1007.0
20260704,000000,75W,51,2026,7,4,0,7.4,160.5,100900.0,2026-07-04,2026-07-04,1009.0
20260704,000000,75W,51,2026,7,4,0,6.6000000000000005,159.8,100600.0,2026-07-04,2026-07-04,1006.0
20260704,000000,75W,51,2026,7,4,0,5.9,159.6,100700.0,2026-07-04,2026-07-04,1007.0
20260704,000000,75W,51,2026,7,4,0,5.5,159.1,100500.0,2026-07-04,2026-07-04,1005.0
20260704,000000,75W,51,2026,7,4,0,6.2,160.5,100700.0,2026-07-04,2026-07-04,1007.0
20260704,000000,75W,51,2026,7,4,0,7.8,159.3,100500.0,2026-07-04,2026-07-04,1005.0
20260704,000000,75W,51,2026,7,4,0,7.6000000000000005,158.4,100500.0,2026-07-04,2026-07-04,1005.0
20260704,000000,76W,3,2026,7,4,0,25.5,145.70000000000002,101100.0,2026-07-04,2026-07-04,1011.0
20260704,000000,76W,3,2026,7,4,0,25.400000000000002,145.4,101100.0,2026-07-04,2026-07-04,1011.0
20260704,000000,76W,3,2026,7,4,0,24.1,145.5,100900.0,2026-07-04,2026-07-04,1009.0
20260704,000000,76W,3,2026,7,4,0,22.400000000000002,144.6,101000.0,2026-07-04,2026-07-04,1010.0
20260704,000000,76W,3,2026,7,4,0,21.5,145.0,100700.0,2026-07-04,2026-07-04,1007.0
20260704,000000,76W,3,2026,7,4,0,21.1,144.8,100700.0,2026-07-04,2026-07-04,1007.0
20260704,000000,76W,3,2026,7,4,0,20.900000000000002,143.70000000000002,100400.0,2026-07-04,2026-07-04,1004.0
20260704,000000,76W,3,2026,7,4,0,20.6,143.0,100200.0,2026-07-04,2026-07-04,1002.0
20260704,000000,76W,3,2026,7,4,0,20.7,142.5,100300.0,2026-07-04,2026-07-04,1003.0
20260704,000000,76W,3,2026,7,4,0,22.0,141.8,100400.0,2026-07-04,2026-07-04,1004.0
20260704,000000,76W,3,2026,7,4,0,22.7,141.3,100200.0,2026-07-04,2026-07-04,1002.0
20260704,000000,76W,3,2026,7,4,0,22.5,140.1,100300.0,2026-07-04,2026-07-04,1003.0
20260704,000000,76W,3,2026,7,4,0,22.7,139.5,100200.0,2026-07-04,2026-07-04,1002.0
20260704,000000,76W,3,2026,7,4,0,22.8,138.5,100400.0,2026-07-04,2026-07-04,1004.0
20260704,000000,76W,4,2026,7,4,0,6.8,142.5,100600.0,2026-07-04,2026-07-04,1006.0
20260704,000000,76W,4,2026,7,4,0,8.1,144.20000000000002,100700.0,2026-07-04,2026-07-04,1007.0
20260704,000000,76W,4,2026,7,4,0,11.0,143.9,100400.0,2026-07-04,2026-07-04,1004.0
20260704,000000,76W,4,2026,7,4,0,11.9,142.70000000000002,100600.0,2026-07-04,2026-07-04,1006.0
20260704,000000,76W,4,2026,7,4,0,12.9,142.4,100400.0,2026-07-04,2026-07-04,1004.0
20260704,000000,76W,4,2026,7,4,0,13.6,142.3,100400.0,2026-07-04,2026-07-04,1004.0
20260704,000000,76W,4,2026,7,4,0,14.5,143.70000000000002,100200.0,2026-07-04,2026-07-04,1002.0
20260704,000000,76W,4,2026,7,4,0,16.2,145.3,100600.0,2026-07-04,2026-07-04,1006.0
20260704,000000,76W,4,2026,7,4,0,18.1,146.3,100500.0,2026-07-04,2026-07-04,1005.0
20260704,000000,76W,4,2026,7,4,0,20.1,146.8,100700.0,2026-07-04,2026-07-04,1007.0
20260704,000000,76W,4,2026,7,4,0,21.8,147.4,100600.0,2026-07-04,2026-07-04,1006.0
20260704,000000,76W,4,2026,7,4,0,24.3,147.1,100800.0,2026-07-04,2026-07-04,1008.0
20260704,000000,76W,4,2026,7,4,0,24.400000000000002,148.5,100600.0,2026-07-04,2026-07-04,1006.0
20260704,000000,76W,7,2026,7,4,0,37.0,124.3,99100.0,2026-07-04,2026-07-04,991.0
20260704,000000,76W,7,2026,7,4,0,36.800000000000004,125.10000000000001,99500.0,2026-07-04,2026-07-04,995.0
20260704,000000,76W,8,2026,7,4,0,11.700000000000001,168.20000000000002,101100.0,2026-07-04,2026-07-04,1011.0
20260704,000000,76W,8,2026,7,4,0,10.3,169.1,100800.0,2026-07-04,2026-07-04,1008.0
20260704,000000,76W,8,2026,7,4,0,9.700000000000001,167.9,100700.0,2026-07-04,2026-07-04,1007.0
20260704,000000,76W,9,2026,7,4,0,33.4,134.4,100000.0,2026-07-04,2026-07-04,1000.0
20260704,000000,76W,9,2026,7,4,0,35.300000000000004,140.20000000000002,100100.0,2026-07-04,2026-07-04,1001.0
20260704,000000,76W,9,2026,7,4,0,36.6,142.4,100000.0,2026-07-04,2026-07-04,1000.0
20260704,000000,76W,9,2026,7,4,0,38.5,143.70000000000002,100200.0,2026-07-04,2026-07-04,1002.0
20260704,000000,76W,11,2026,7,4,0,8.5,171.5,101000.0,2026-07-04,2026-07-04,1010.0
20260704,000000,76W,11,2026,7,4,0,10.1,169.5,101100.0,2026-07-04,2026-07-04,1011.0
20260704,000000,76W,11,2026,7,4,0,9.700000000000001,169.1,101000.0,2026-07-04,2026-07-04,1010.0
20260704,000000,76W,11,2026,7,4,0,10.200000000000001,168.6,100900.0,2026-07-04,2026-07-04,1009.0
20260704,000000,76W,11,2026,7,4,0,10.5,167.9,101000.0,2026-07-04,2026-07-04,1010.0
20260704,000000,76W,11,2026,7,4,0,11.0,166.9,100700.0,2026-07-04,2026-07-04,1007.0
20260704,000000,76W,11,2026,7,4,0,12.1,164.20000000000002,100900.0,2026-07-04,2026-07-04,1009.0
20260704,000000,76W,11,2026,7,4,0,12.0,164.3,100800.0,2026-07-04,2026-07-04,1008.0
20260704,000000,76W,11,2026,7,4,0,12.6,163.0,100900.0,2026-07-04,2026-07-04,1009.0
20260704,000000,76W,11,2026,7,4,0,13.1,161.4,100700.0,2026-07-04,2026-07-04,1007.0
20260704,000000,76W,11,2026,7,4,0,13.6,159.9,101000.0,2026-07-04,2026-07-04,1010.0
20260704,000000,76W,11,2026,7,4,0,14.1,158.70000000000002,100800.0,2026-07-04,2026-07-04,1008.0
20260704,000000,76W,11,2026,7,4,0,14.6,157.4,100900.0,2026-07-04,2026-07-04,1009.0
20260704,000000,76W,11,2026,7,4,0,15.200000000000001,155.9,100600.0,2026-07-04,2026-07-04,1006.0
20260704,000000,76W,11,2026,7,4,0,15.8,154.20000000000002,100600.0,2026-07-04,2026-07-04,1006.0
20260704,000000,76W,11,2026,7,4,0,15.9,151.8,100100.0,2026-07-04,2026-07-04,1001.0
20260704,000000,76W,11,2026,7,4,0,16.2,149.70000000000002,100100.0,2026-07-04,2026-07-04,1001.0
20260704,000000,76W,13,2026,7,4,0,32.7,117.10000000000001,99800.0,2026-07-04,2026-07-04,998.0
20260704,000000,76W,13,2026,7,4,0,33.1,118.7,99900.0,2026-07-04,2026-07-04,999.0
20260704,000000,76W,13,2026,7,4,0,33.7,119.7,99700.0,2026-07-04,2026-07-04,997.0
20260704,000000,76W,13,2026,7,4,0,33.6,119.7,99700.0,2026-07-04,2026-07-04,997.0
20260704,000000,76W,13,2026,7,4,0,33.6,120.9,99700.0,2026-07-04,2026-07-04,997.0
20260704,000000,76W,13,2026,7,4,0,33.4,122.4,99800.0,2026-07-04,2026-07-04,998.0
20260704,000000,76W,17,2026,7,4,0,22.8,140.70000000000002,99000.0,2026-07-04,2026-07-04,990.0
20260704,000000,76W,17,2026,7,4,0,24.7,138.9,98900.0,2026-07-04,2026-07-04,989.0
20260704,000000,76W,17,2026,7,4,0,26.400000000000002,138.0,98400.0,2026-07-04,2026-07-04,984.0
20260704,000000,76W,17,2026,7,4,0,26.8,136.6,98500.0,2026-07-04,2026-07-04,985.0
20260704,000000,76W,17,2026,7,4,0,28.3,133.9,98800.0,2026-07-04,2026-07-04,988.0
20260704,000000,76W,17,2026,7,4,0,28.5,133.7,98900.0,2026-07-04,2026-07-04,989.0
20260704,000000,76W,20,2026,7,4,0,21.6,149.70000000000002,100500.0,2026-07-04,2026-07-04,1005.0
20260704,000000,76W,20,2026,7,4,0,23.7,151.0,99900.0,2026-07-04,2026-07-04,999.0
20260704,000000,76W,20,2026,7,4,0,24.400000000000002,149.6,99800.0,2026-07-04,2026-07-04,998.0
20260704,000000,76W,20,2026,7,4,0,24.6,149.0,99600.0,2026-07-04,2026-07-04,996.0
20260704,000000,76W,20,2026,7,4,0,24.8,149.0,99700.0,2026-07-04,2026-07-04,997.0
20260704,000000,76W,20,2026,7,4,0,24.900000000000002,148.8,99400.0,2026-07-04,2026-07-04,994.0
20260704,000000,76W,20,2026,7,4,0,25.2,148.5,99500.0,2026-07-04,2026-07-04,995.0
20260704,000000,76W,20,2026,7,4,0,25.6,147.1,99400.0,2026-07-04,2026-07-04,994.0
20260704,000000,76W,20,2026,7,4,0,24.900000000000002,146.3,99500.0,2026-07-04,2026-07-04,995.0
20260704,000000,76W,20,2026,7,4,0,24.400000000000002,146.3,99300.0,2026-07-04,2026-07-04,993.0
20260704,000000,76W,20,2026,7,4,0,24.900000000000002,145.8,99400.0,2026-07-04,2026-07-04,994.0
20260704,000000,76W,20,2026,7,4,0,25.400000000000002,144.5,99000.0,2026-07-04,2026-07-04,990.0
20260704,000000,76W,20,2026,7,4,0,24.3,143.1,99200.0,2026-07-04,2026-07-04,992.0
20260704,000000,76W,20,2026,7,4,0,24.1,143.20000000000002,98900.0,2026-07-04,2026-07-04,989.0
20260704,000000,76W,20,2026,7,4,0,23.7,141.8,99000.0,2026-07-04,2026-07-04,990.0
20260704,000000,76W,20,2026,7,4,0,22.900000000000002,141.1,98800.0,2026-07-04,2026-07-04,988.0
20260704,000000,76W,20,2026,7,4,0,22.8,141.3,98800.0,2026-07-04,2026-07-04,988.0
20260704,000000,76W,21,2026,7,4,0,10.8,168.6,101000.0,2026-07-04,2026-07-04,1010.0
20260704,000000,76W,21,2026,7,4,0,12.1,160.8,101100.0,2026-07-04,2026-07-04,1011.0
20260704,000000,76W,21,2026,7,4,0,11.700000000000001,156.3,100800.0,2026-07-04,2026-07-04,1008.0
20260704,000000,76W,21,2026,7,4,0,11.8,156.70000000000002,101000.0,2026-07-04,2026-07-04,1010.0
20260704,000000,76W,21,2026,7,4,0,10.200000000000001,153.5,101100.0,2026-07-04,2026-07-04,1011.0
20260704,000000,76W,21,2026,7,4,0,10.700000000000001,150.20000000000002,100800.0,2026-07-04,2026-07-04,1008.0
20260704,000000,76W,21,2026,7,4,0,9.9,151.1,100700.0,2026-07-04,2026-07-04,1007.0
20260704,000000,76W,21,2026,7,4,0,8.700000000000001,149.4,101000.0,2026-07-04,2026-07-04,1010.0
20260704,000000,76W,21,2026,7,4,0,9.5,148.0,100700.0,2026-07-04,2026-07-04,1007.0
20260704,000000,76W,21,2026,7,4,0,7.9,148.20000000000002,100900.0,2026-07-04,2026-07-04,1009.0
20260704,000000,76W,22,2026,7,4,0,31.3,137.70000000000002,100500.0,2026-07-04,2026-07-04,1005.0
20260704,000000,76W,22,2026,7,4,0,30.400000000000002,138.8,100400.0,2026-07-04,2026-07-04,1004.0
20260704,000000,76W,22,2026,7,4,0,30.2,140.4,100500.0,2026-07-04,2026-07-04,1005.0
20260704,000000,76W,22,2026,7,4,0,29.3,141.4,100400.0,2026-07-04,2026-07-04,1004.0
20260704,000000,76W,22,2026,7,4,0,29.2,144.0,100500.0,2026-07-04,2026-07-04,1005.0
20260704,000000,76W,22,2026,7,4,0,29.900000000000002,145.3,100200.0,2026-07-04,2026-07-04,1002.0
20260704,000000,76W,22,2026,7,4,0,29.5,148.20000000000002,100200.0,2026-07-04,2026-07-04,1002.0
20260704,000000,76W,22,2026,7,4,0,30.0,150.3,100200.0,2026-07-04,2026-07-04,1002.0
20260704,000000,76W,23,2026,7,4,0,6.7,164.1,100800.0,2026-07-04,2026-07-04,1008.0
20260704,000000,76W,23,2026,7,4,0,5.3,163.3,100500.0,2026-07-04,2026-07-04,1005.0
20260704,000000,76W,23,2026,7,4,0,5.0,163.4,100600.0,2026-07-04,2026-07-04,1006.0
20260704,000000,76W,23,2026,7,4,0,5.0,163.4,100400.0,2026-07-04,2026-07-04,1004.0
20260704,000000,76W,23,2026,7,4,0,5.1000000000000005,163.20000000000002,100600.0,2026-07-04,2026-07-04,1006.0
20260704,000000,76W,23,2026,7,4,0,5.2,164.0,100100.0,2026-07-04,2026-07-04,1001.0
20260704,000000,76W,23,2026,7,4,0,6.5,165.3,100400.0,2026-07-04,2026-07-04,1004.0
20260704,000000,76W,23,2026,7,4,0,8.3,163.3,100400.0,2026-07-04,2026-07-04,1004.0
20260704,000000,76W,23,2026,7,4,0,8.3,162.4,100500.0,2026-07-04,2026-07-04,1005.0
20260704,000000,76W,23,2026,7,4,0,9.1,162.70000000000002,100400.0,2026-07-04,2026-07-04,1004.0
20260704,000000,76W,23,2026,7,4,0,10.5,162.9,100600.0,2026-07-04,2026-07-04,1006.0
20260704,000000,76W,23,2026,7,4,0,11.5,162.70000000000002,100400.0,2026-07-04,2026-07-04,1004.0
20260704,000000,76W,23,2026,7,4,0,12.5,162.70000000000002,100500.0,2026-07-04,2026-07-04,1005.0
20260704,000000,76W,23,2026,7,4,0,13.0,162.20000000000002,100300.0,2026-07-04,2026-07-04,1003.0
20260704,000000,76W,23,2026,7,4,0,13.3,161.8,100400.0,2026-07-04,2026-07-04,1004.0
20260704,000000,76W,23,2026,7,4,0,13.5,161.8,100100.0,2026-07-04,2026-07-04,1001.0
20260704,000000,76W,23,2026,7,4,0,13.8,161.5,100100.0,2026-07-04,2026-07-04,1001.0
20260704,000000,76W,24,2026,7,4,0,8.8,162.70000000000002,100900.0,2026-07-04,2026-07-04,1009.0
20260704,000000,76W,24,2026,7,4,0,9.1,162.1,100800.0,2026-07-04,2026-07-04,1008.0
20260704,000000,76W,24,2026,7,4,0,9.0,161.9,101000.0,2026-07-04,2026-07-04,1010.0
20260704,000000,76W,24,2026,7,4,0,10.8,161.0,100900.0,2026-07-04,2026-07-04,1009.0
20260704,000000,76W,24,2026,7,4,0,10.5,161.4,100900.0,2026-07-04,2026-07-04,1009.0
20260704,000000,76W,24,2026,7,4,0,10.4,159.3,100900.0,2026-07-04,2026-07-04,1009.0
20260704,000000,76W,24,2026,7,4,0,10.5,157.3,100700.0,2026-07-04,2026-07-04,1007.0
20260704,000000,76W,24,2026,7,4,0,9.700000000000001,156.9,100800.0,2026-07-04,2026-07-04,1008.0
20260704,000000,76W,24,2026,7,4,0,9.1,155.6,100400.0,2026-07-04,2026-07-04,1004.0
20260704,000000,76W,24,2026,7,4,0,8.1,156.1,100100.0,2026-07-04,2026-07-04,1001.0
20260704,000000,76W,24,2026,7,4,0,8.4,156.0,99900.0,2026-07-04,2026-07-04,999.0
20260704,000000,76W,24,2026,7,4,0,8.9,155.1,100100.0,2026-07-04,2026-07-04,1001.0
20260704,000000,76W,24,2026,7,4,0,8.5,153.70000000000002,99700.0,2026-07-04,2026-07-04,997.0
20260704,000000,76W,24,2026,7,4,0,8.700000000000001,152.9,99500.0,2026-07-04,2026-07-04,995.0
20260704,000000,76W,24,2026,7,4,0,7.9,151.8,99100.0,2026-07-04,2026-07-04,991.0
20260704,000000,76W,24,2026,7,4,0,8.0,151.3,99200.0,2026-07-04,2026-07-04,992.0
20260704,000000,76W,24,2026,7,4,0,8.3,150.4,99000.0,2026-07-04,2026-07-04,990.0
20260704,000000,76W,24,2026,7,4,0,7.7,150.0,99100.0,2026-07-04,2026-07-04,991.0
20260704,000000,76W,24,2026,7,4,0,8.0,149.4,98800.0,2026-07-04,2026-07-04,988.0
20260704,000000,76W,24,2026,7,4,0,8.700000000000001,149.20000000000002,98800.0,2026-07-04,2026-07-04,988.0
20260704,000000,76W,24,2026,7,4,0,9.700000000000001,148.5,97800.0,2026-07-04,2026-07-04,978.0
20260704,000000,76W,24,2026,7,4,0,10.3,147.70000000000002,96700.0,2026-07-04,2026-07-04,967.0
20260704,000000,76W,24,2026,7,4,0,11.4,146.6,96100.0,2026-07-04,2026-07-04,961.0
20260704,000000,76W,24,2026,7,4,0,12.1,145.3,97000.0,2026-07-04,2026-07-04,970.0
20260704,000000,76W,24,2026,7,4,0,13.3,144.1,96700.0,2026-07-04,2026-07-04,967.0
20260704,000000,76W,24,2026,7,4,0,13.6,143.3,96900.0,2026-07-04,2026-07-04,969.0
20260704,000000,76W,24,2026,7,4,0,14.6,142.1,96800.0,2026-07-04,2026-07-04,968.0
20260704,000000,76W,24,2026,7,4,0,15.5,140.8,96900.0,2026-07-04,2026-07-04,969.0
20260704,000000,76W,24,2026,7,4,0,16.3,139.8,96500.0,2026-07-04,2026-07-04,965.0
20260704,000000,76W,24,2026,7,4,0,17.3,138.70000000000002,96400.0,2026-07-04,2026-07-04,964.0
20260704,000000,76W,25,2026,7,4,0,29.400000000000002,144.0,99700.0,2026-07-04,2026-07-04,997.0
20260704,000000,76W,25,2026,7,4,0,28.6,144.8,99400.0,2026-07-04,2026-07-04,994.0
20260704,000000,76W,25,2026,7,4,0,27.0,145.1,99500.0,2026-07-04,2026-07-04,995.0
20260704,000000,76W,25,2026,7,4,0,25.7,146.20000000000002,99500.0,2026-07-04,2026-07-04,995.0
20260704,000000,76W,25,2026,7,4,0,25.400000000000002,148.70000000000002,99500.0,2026-07-04,2026-07-04,995.0
20260704,000000,76W,25,2026,7,4,0,27.6,153.20000000000002,99800.0,2026-07-04,2026-07-04,998.0
20260704,000000,76W,25,2026,7,4,0,29.400000000000002,154.4,99700.0,2026-07-04,2026-07-04,997.0
20260704,000000,76W,25,2026,7,4,0,30.8,155.8,100000.0,2026-07-04,2026-07-04,1000.0
20260704,000000,76W,25,2026,7,4,0,35.7,158.0,100400.0,2026-07-04,2026-07-04,1004.0
20260704,000000,76W,29,2026,7,4,0,35.7,117.10000000000001,98800.0,2026-07-04,2026-07-04,988.0
20260704,000000,76W,29,2026,7,4,0,35.7,118.10000000000001,99000.0,2026-07-04,2026-07-04,990.0
20260704,000000,76W,29,2026,7,4,0,35.4,119.8,99100.0,2026-07-04,2026-07-04,991.0
20260704,000000,76W,29,2026,7,4,0,36.300000000000004,122.2,99100.0,2026-07-04,2026-07-04,991.0
20260704,000000,76W,29,2026,7,4,0,36.0,124.2,99100.0,2026-07-04,2026-07-04,991.0
20260704,000000,76W,29,2026,7,4,0,36.1,126.0,99400.0,2026-07-04,2026-07-04,994.0
20260704,000000,76W,30,2026,7,4,0,37.9,115.0,99200.0,2026-07-04,2026-07-04,992.0
20260704,000000,76W,30,2026,7,4,0,39.300000000000004,117.9,99000.0,2026-07-04,2026-07-04,990.0
20260704,000000,76W,30,2026,7,4,0,38.300000000000004,118.8,99000.0,2026-07-04,2026-07-04,990.0
20260704,000000,76W,30,2026,7,4,0,38.4,120.7,99200.0,2026-07-04,2026-07-04,992.0
20260704,000000,76W,30,2026,7,4,0,38.9,123.5,99300.0,2026-07-04,2026-07-04,993.0
20260704,000000,76W,30,2026,7,4,0,38.6,124.0,99400.0,2026-07-04,2026-07-04,994.0
20260704,000000,76W,30,2026,7,4,0,38.6,125.7,99500.0,2026-07-04,2026-07-04,995.0
20260704,000000,76W,30,2026,7,4,0,38.6,125.7,99700.0,2026-07-04,2026-07-04,997.0
20260704,000000,76W,32,2026,7,4,0,28.400000000000002,148.0,101000.0,2026-07-04,2026-07-04,1010.0
20260704,000000,76W,32,2026,7,4,0,27.7,148.4,101200.0,2026-07-04,2026-07-04,1012.0
20260704,000000,76W,32,2026,7,4,0,24.8,146.8,101000.0,2026-07-04,2026-07-04,1010.0
20260704,000000,76W,34,2026,7,4,0,21.400000000000002,117.3,99200.0,2026-07-04,2026-07-04,992.0
20260704,000000,76W,34,2026,7,4,0,22.3,118.60000000000001,99300.0,2026-07-04,2026-07-04,993.0
20260704,000000,76W,34,2026,7,4,0,23.7,117.7,99100.0,2026-07-04,2026-07-04,991.0
20260704,000000,76W,34,2026,7,4,0,23.5,117.2,99300.0,2026-07-04,2026-07-04,993.0
20260704,000000,76W,35,2026,7,4,0,8.8,171.9,100900.0,2026-07-04,2026-07-04,1009.0
20260704,000000,76W,35,2026,7,4,0,8.6,170.0,100900.0,2026-07-04,2026-07-04,1009.0
20260704,000000,76W,35,2026,7,4,0,8.5,168.1,100600.0,2026-07-04,2026-07-04,1006.0
20260704,000000,76W,35,2026,7,4,0,9.5,167.3,100900.0,2026-07-04,2026-07-04,1009.0
20260704,000000,76W,35,2026,7,4,0,7.3,168.4,100800.0,2026-07-04,2026-07-04,1008.0
20260704,000000,76W,35,2026,7,4,0,7.4,167.1,100800.0,2026-07-04,2026-07-04,1008.0
20260704,000000,76W,35,2026,7,4,0,9.0,165.20000000000002,100700.0,2026-07-04,2026-07-04,1007.0
20260704,000000,76W,35,2026,7,4,0,9.4,166.6,100800.0,2026-07-04,2026-07-04,1008.0
20260704,000000,76W,35,2026,7,4,0,11.4,162.9,100500.0,2026-07-04,2026-07-04,1005.0
20260704,000000,76W,35,2026,7,4,0,10.200000000000001,159.8,100600.0,2026-07-04,2026-07-04,1006.0
20260704,000000,76W,35,2026,7,4,0,10.8,159.5,100300.0,2026-07-04,2026-07-04,1003.0
20260704,000000,76W,35,2026,7,4,0,10.9,161.8,100500.0,2026-07-04,2026-07-04,1005.0
20260704,000000,76W,35,2026,7,4,0,10.8,161.5,100200.0,2026-07-04,2026-07-04,1002.0
20260704,000000,76W,35,2026,7,4,0,11.1,159.6,100200.0,2026-07-04,2026-07-04,1002.0
20260704,000000,76W,35,2026,7,4,0,11.200000000000001,159.8,99700.0,2026-07-04,2026-07-04,997.0
20260704,000000,76W,35,2026,7,4,0,11.9,159.6,99700.0,2026-07-04,2026-07-04,997.0
20260704,000000,76W,36,2026,7,4,0,31.1,139.0,100000.0,2026-07-04,2026-07-04,1000.0
20260704,000000,76W,36,2026,7,4,0,29.2,140.3,99700.0,2026-07-04,2026-07-04,997.0
20260704,000000,76W,36,2026,7,4,0,28.0,143.20000000000002,99600.0,2026-07-04,2026-07-04,996.0
20260704,000000,76W,36,2026,7,4,0,27.8,145.4,99100.0,2026-07-04,2026-07-04,991.0
20260704,000000,76W,36,2026,7,4,0,27.7,148.1,99100.0,2026-07-04,2026-07-04,991.0
20260704,000000,76W,37,2026,7,4,0,2.0,157.20000000000002,100900.0,2026-07-04,2026-07-04,1009.0
20260704,000000,76W,37,2026,7,4,0,2.3000000000000003,154.6,101000.0,2026-07-04,2026-07-04,1010.0
20260704,000000,76W,37,2026,7,4,0,2.5,150.8,101100.0,2026-07-04,2026-07-04,1011.0
20260704,000000,76W,38,2026,7,4,0,24.900000000000002,145.8,100100.0,2026-07-04,2026-07-04,1001.0
20260704,000000,76W,38,2026,7,4,0,25.6,147.3,100000.0,2026-07-04,2026-07-04,1000.0
20260704,000000,76W,38,2026,7,4,0,26.900000000000002,148.0,100100.0,2026-07-04,2026-07-04,1001.0
20260704,000000,76W,38,2026,7,4,0,28.2,148.20000000000002,100000.0,2026-07-04,2026-07-04,1000.0
20260704,000000,76W,38,2026,7,4,0,27.8,149.3,100200.0,2026-07-04,2026-07-04,1002.0
20260704,000000,76W,38,2026,7,4,0,28.7,148.70000000000002,100100.0,2026-07-04,2026-07-04,1001.0
20260704,000000,76W,38,2026,7,4,0,29.400000000000002,148.5,100300.0,2026-07-04,2026-07-04,1003.0
20260704,000000,76W,41,2026,7,4,0,4.8,142.8,100500.0,2026-07-04,2026-07-04,1005.0
20260704,000000,76W,41,2026,7,4,0,4.7,142.6,100200.0,2026-07-04,2026-07-04,1002.0
20260704,000000,76W,41,2026,7,4,0,6.2,144.0,100000.0,2026-07-04,2026-07-04,1000.0
20260704,000000,76W,44,2026,7,4,0,34.5,109.60000000000001,99200.0,2026-07-04,2026-07-04,992.0
20260704,000000,76W,44,2026,7,4,0,34.9,110.60000000000001,99500.0,2026-07-04,2026-07-04,995.0
20260704,000000,76W,44,2026,7,4,0,33.8,115.3,99600.0,2026-07-04,2026-07-04,996.0
20260704,000000,76W,44,2026,7,4,0,34.6,117.10000000000001,99700.0,2026-07-04,2026-07-04,997.0
20260704,000000,76W,44,2026,7,4,0,33.7,116.5,99700.0,2026-07-04,2026-07-04,997.0
20260704,000000,76W,44,2026,7,4,0,33.4,118.5,99600.0,2026-07-04,2026-07-04,996.0
20260704,000000,76W,44,2026,7,4,0,33.0,118.7,99700.0,2026-07-04,2026-07-04,997.0
20260704,000000,76W,44,2026,7,4,0,32.9,119.0,99600.0,2026-07-04,2026-07-04,996.0
20260704,000000,76W,44,2026,7,4,0,31.3,119.4,99700.0,2026-07-04,2026-07-04,997.0
20260704,000000,76W,44,2026,7,4,0,31.3,124.10000000000001,99700.0,2026-07-04,2026-07-04,997.0
20260704,000000,76W,44,2026,7,4,0,31.8,124.3,99900.0,2026-07-04,2026-07-04,999.0
20260704,000000,76W,45,2026,7,4,0,11.200000000000001,144.8,101000.0,2026-07-04,2026-07-04,1010.0
20260704,000000,76W,45,2026,7,4,0,11.0,143.4,100800.0,2026-07-04,2026-07-04,1008.0
20260704,000000,76W,45,2026,7,4,0,12.4,142.3,101000.0,2026-07-04,2026-07-04,1010.0
20260704,000000,76W,45,2026,7,4,0,13.6,142.0,100800.0,2026-07-04,2026-07-04,1008.0
20260704,000000,76W,45,2026,7,4,0,14.700000000000001,141.1,101000.0,2026-07-04,2026-07-04,1010.0
20260704,000000,76W,45,2026,7,4,0,15.3,140.0,100800.0,2026-07-04,2026-07-04,1008.0
20260704,000000,76W,45,2026,7,4,0,16.3,139.20000000000002,101000.0,2026-07-04,2026-07-04,1010.0
20260704,000000,76W,45,2026,7,4,0,16.9,138.8,100900.0,2026-07-04,2026-07-04,1009.0
20260704,000000,76W,45,2026,7,4,0,17.7,138.20000000000002,101000.0,2026-07-04,2026-07-04,1010.0
20260704,000000,76W,45,2026,7,4,0,18.1,138.0,100800.0,2026-07-04,2026-07-04,1008.0
20260704,000000,76W,45,2026,7,4,0,18.5,138.0,101000.0,2026-07-04,2026-07-04,1010.0
20260704,000000,76W,45,2026,7,4,0,19.2,138.0,100800.0,2026-07-04,2026-07-04,1008.0
20260704,000000,76W,45,2026,7,4,0,19.7,137.4,100900.0,2026-07-04,2026-07-04,1009.0
20260704,000000,76W,45,2026,7,4,0,20.3,137.20000000000002,100800.0,2026-07-04,2026-07-04,1008.0
20260704,000000,76W,45,2026,7,4,0,20.2,136.8,100900.0,2026-07-04,2026-07-04,1009.0
20260704,000000,76W,45,2026,7,4,0,20.900000000000002,136.3,100600.0,2026-07-04,2026-07-04,1006.0
20260704,000000,76W,45,2026,7,4,0,21.6,135.8,100700.0,2026-07-04,2026-07-04,1007.0
20260704,000000,76W,45,2026,7,4,0,22.2,135.3,100500.0,2026-07-04,2026-07-04,1005.0
20260704,000000,76W,45,2026,7,4,0,22.5,134.5,100500.0,2026-07-04,2026-07-04,1005.0
20260704,000000,76W,45,2026,7,4,0,22.900000000000002,133.7,100300.0,2026-07-04,2026-07-04,1003.0
20260704,000000,76W,45,2026,7,4,0,23.2,132.9,100400.0,2026-07-04,2026-07-04,1004.0
20260704,000000,76W,45,2026,7,4,0,23.5,132.3,100300.0,2026-07-04,2026-07-04,1003.0
20260704,000000,76W,45,2026,7,4,0,23.7,131.6,100400.0,2026-07-04,2026-07-04,1004.0
20260704,000000,76W,45,2026,7,4,0,24.1,130.9,100300.0,2026-07-04,2026-07-04,1003.0
20260704,000000,76W,45,2026,7,4,0,24.5,130.4,100500.0,2026-07-04,2026-07-04,1005.0
20260704,000000,76W,45,2026,7,4,0,25.2,130.1,100300.0,2026-07-04,2026-07-04,1003.0
20260704,000000,76W,45,2026,7,4,0,25.900000000000002,129.8,100400.0,2026-07-04,2026-07-04,1004.0
20260704,000000,76W,45,2026,7,4,0,26.400000000000002,129.4,100400.0,2026-07-04,2026-07-04,1004.0
20260704,000000,76W,45,2026,7,4,0,27.3,129.3,100700.0,2026-07-04,2026-07-04,1007.0
20260704,000000,76W,46,2026,7,4,0,35.800000000000004,139.5,99000.0,2026-07-04,2026-07-04,990.0
20260704,000000,76W,46,2026,7,4,0,39.0,143.0,98800.0,2026-07-04,2026-07-04,988.0
20260704,000000,76W,46,2026,7,4,0,39.800000000000004,142.5,98500.0,2026-07-04,2026-07-04,985.0
20260704,000000,76W,46,2026,7,4,0,40.5,144.0,98600.0,2026-07-04,2026-07-04,986.0
20260704,000000,76W,46,2026,7,4,0,41.5,145.8,99000.0,2026-07-04,2026-07-04,990.0
20260704,000000,76W,46,2026,7,4,0,42.300000000000004,146.9,99100.0,2026-07-04,2026-07-04,991.0
20260704,000000,76W,46,2026,7,4,0,42.5,148.5,99300.0,2026-07-04,2026-07-04,993.0
20260704,000000,76W,48,2026,7,4,0,37.0,142.8,100400.0,2026-07-04,2026-07-04,1004.0
20260704,000000,76W,48,2026,7,4,0,36.1,147.1,100400.0,2026-07-04,2026-07-04,1004.0
20260704,000000,76W,48,2026,7,4,0,36.0,147.3,100500.0,2026-07-04,2026-07-04,1005.0
20260704,000000,76W,51,2026,7,4,0,11.700000000000001,158.4,100700.0,2026-07-04,2026-07-04,1007.0
20260704,000000,76W,51,2026,7,4,0,11.8,157.1,100500.0,2026-07-04,2026-07-04,1005.0
20260704,000000,76W,51,2026,7,4,0,11.1,155.8,100800.0,2026-07-04,2026-07-04,1008.0
20260704,000000,76W,51,2026,7,4,0,12.1,155.70000000000002,100500.0,2026-07-04,2026-07-04,1005.0
20260704,000000,76W,51,2026,7,4,0,12.4,155.4,100700.0,2026-07-04,2026-07-04,1007.0
20260704,000000,77W,3,2026,7,4,0,5.5,148.0,100500.0,2026-07-04,2026-07-04,1005.0
20260704,000000,77W,3,2026,7,4,0,6.5,148.4,100500.0,2026-07-04,2026-07-04,1005.0
20260704,000000,77W,3,2026,7,4,0,6.9,146.8,99900.0,2026-07-04,2026-07-04,999.0
20260704,000000,77W,3,2026,7,4,0,7.3,146.1,99200.0,2026-07-04,2026-07-04,992.0
20260704,000000,77W,3,2026,7,4,0,8.1,145.1,99500.0,2026-07-04,2026-07-04,995.0
20260704,000000,77W,3,2026,7,4,0,8.700000000000001,144.1,99000.0,2026-07-04,2026-07-04,990.0
20260704,000000,77W,3,2026,7,4,0,9.5,143.20000000000002,98800.0,2026-07-04,2026-07-04,988.0
20260704,000000,77W,3,2026,7,4,0,10.200000000000001,142.3,99000.0,2026-07-04,2026-07-04,990.0
20260704,000000,77W,3,2026,7,4,0,10.0,141.3,98400.0,2026-07-04,2026-07-04,984.0
20260704,000000,77W,3,2026,7,4,0,10.0,140.6,98500.0,2026-07-04,2026-07-04,985.0
20260704,000000,77W,3,2026,7,4,0,10.5,140.20000000000002,97100.0,2026-07-04,2026-07-04,971.0
20260704,000000,77W,3,2026,7,4,0,11.200000000000001,140.3,97200.0,2026-07-04,2026-07-04,972.0
20260704,000000,77W,3,2026,7,4,0,12.200000000000001,140.20000000000002,96500.0,2026-07-04,2026-07-04,965.0
20260704,000000,77W,3,2026,7,4,0,13.3,140.4,96000.0,2026-07-04,2026-07-04,960.0
20260704,000000,77W,3,2026,7,4,0,14.700000000000001,140.6,95900.0,2026-07-04,2026-07-04,959.0
20260704,000000,77W,3,2026,7,4,0,16.2,140.9,96000.0,2026-07-04,2026-07-04,960.0
20260704,000000,77W,3,2026,7,4,0,17.6,141.1,95900.0,2026-07-04,2026-07-04,959.0
20260704,000000,77W,3,2026,7,4,0,19.1,141.4,96000.0,2026-07-04,2026-07-04,960.0
20260704,000000,77W,3,2026,7,4,0,20.400000000000002,141.3,95500.0,2026-07-04,2026-07-04,955.0
20260704,000000,77W,3,2026,7,4,0,21.5,141.20000000000002,95500.0,2026-07-04,2026-07-04,955.0
20260704,000000,77W,3,2026,7,4,0,22.0,141.1,95100.0,2026-07-04,2026-07-04,951.0
20260704,000000,77W,3,2026,7,4,0,22.5,140.9,95400.0,2026-07-04,2026-07-04,954.0
20260704,000000,77W,3,2026,7,4,0,22.900000000000002,140.9,95400.0,2026-07-04,2026-07-04,954.0
20260704,000000,77W,3,2026,7,4,0,23.2,140.8,95900.0,2026-07-04,2026-07-04,959.0
20260704,000000,77W,3,2026,7,4,0,23.5,140.70000000000002,95900.0,2026-07-04,2026-07-04,959.0
20260704,000000,77W,3,2026,7,4,0,23.7,140.70000000000002,96000.0,2026-07-04,2026-07-04,960.0
20260704,000000,77W,3,2026,7,4,0,24.0,140.5,95500.0,2026-07-04,2026-07-04,955.0
20260704,000000,77W,3,2026,7,4,0,24.0,140.20000000000002,95500.0,2026-07-04,2026-07-04,955.0
20260704,000000,77W,3,2026,7,4,0,24.0,139.9,95600.0,2026-07-04,2026-07-04,956.0
20260704,000000,77W,3,2026,7,4,0,24.0,139.6,95700.0,2026-07-04,2026-07-04,957.0
20260704,000000,77W,3,2026,7,4,0,24.2,139.3,95600.0,2026-07-04,2026-07-04,956.0
20260704,000000,77W,3,2026,7,4,0,24.1,138.8,95900.0,2026-07-04,2026-07-04,959.0
20260704,000000,77W,3,2026,7,4,0,24.2,138.4,96100.0,2026-07-04,2026-07-04,961.0
20260704,000000,77W,3,2026,7,4,0,24.400000000000002,138.1,96100.0,2026-07-04,2026-07-04,961.0
20260704,000000,77W,4,2026,7,4,0,6.9,161.20000000000002,101000.0,2026-07-04,2026-07-04,1010.0
20260704,000000,77W,4,2026,7,4,0,6.4,159.3,100800.0,2026-07-04,2026-07-04,1008.0
20260704,000000,77W,4,2026,7,4,0,7.2,157.9,101000.0,2026-07-04,2026-07-04,1010.0
20260704,000000,77W,4,2026,7,4,0,4.8,155.20000000000002,100500.0,2026-07-04,2026-07-04,1005.0
20260704,000000,77W,4,2026,7,4,0,5.4,156.3,100400.0,2026-07-04,2026-07-04,1004.0
20260704,000000,77W,4,2026,7,4,0,6.1000000000000005,156.20000000000002,100500.0,2026-07-04,2026-07-04,1005.0
20260704,000000,77W,4,2026,7,4,0,7.4,156.9,100200.0,2026-07-04,2026-07-04,1002.0
20260704,000000,77W,4,2026,7,4,0,7.7,156.20000000000002,100300.0,2026-07-04,2026-07-04,1003.0
20260704,000000,77W,4,2026,7,4,0,7.8,155.6,99900.0,2026-07-04,2026-07-04,999.0
20260704,000000,77W,4,2026,7,4,0,8.6,155.5,100100.0,2026-07-04,2026-07-04,1001.0
20260704,000000,77W,4,2026,7,4,0,9.200000000000001,156.3,100000.0,2026-07-04,2026-07-04,1000.0
20260704,000000,77W,4,2026,7,4,0,10.200000000000001,156.5,100300.0,2026-07-04,2026-07-04,1003.0
20260704,000000,77W,4,2026,7,4,0,10.8,156.20000000000002,100200.0,2026-07-04,2026-07-04,1002.0
20260704,000000,77W,4,2026,7,4,0,11.200000000000001,156.4,100500.0,2026-07-04,2026-07-04,1005.0
20260704,000000,77W,4,2026,7,4,0,11.9,156.8,100300.0,2026-07-04,2026-07-04,1003.0
20260704,000000,77W,4,2026,7,4,0,12.1,156.70000000000002,100600.0,2026-07-04,2026-07-04,1006.0
20260704,000000,77W,4,2026,7,4,0,12.6,156.3,100400.0,2026-07-04,2026-07-04,1004.0
20260704,000000,77W,4,2026,7,4,0,13.1,156.8,100500.0,2026-07-04,2026-07-04,1005.0
20260704,000000,77W,8,2026,7,4,0,19.2,116.8,99900.0,2026-07-04,2026-07-04,999.0
20260704,000000,77W,8,2026,7,4,0,20.5,117.5,100000.0,2026-07-04,2026-07-04,1000.0
20260704,000000,77W,8,2026,7,4,0,20.400000000000002,117.5,99700.0,2026-07-04,2026-07-04,997.0
20260704,000000,77W,8,2026,7,4,0,21.6,118.8,99600.0,2026-07-04,2026-07-04,996.0
20260704,000000,77W,8,2026,7,4,0,23.8,119.8,99600.0,2026-07-04,2026-07-04,996.0
20260704,000000,77W,8,2026,7,4,0,23.8,122.0,99400.0,2026-07-04,2026-07-04,994.0
20260704,000000,77W,8,2026,7,4,0,23.400000000000002,122.0,99500.0,2026-07-04,2026-07-04,995.0
20260704,000000,77W,11,2026,7,4,0,26.6,147.4,100000.0,2026-07-04,2026-07-04,1000.0
20260704,000000,77W,11,2026,7,4,0,27.7,147.5,99800.0,2026-07-04,2026-07-04,998.0
20260704,000000,77W,11,2026,7,4,0,27.5,146.1,99500.0,2026-07-04,2026-07-04,995.0
20260704,000000,77W,11,2026,7,4,0,28.0,147.4,99500.0,2026-07-04,2026-07-04,995.0
20260704,000000,77W,11,2026,7,4,0,28.1,148.0,99400.0,2026-07-04,2026-07-04,994.0
20260704,000000,77W,11,2026,7,4,0,28.900000000000002,148.0,99500.0,2026-07-04,2026-07-04,995.0
20260704,000000,77W,11,2026,7,4,0,30.2,148.5,99500.0,2026-07-04,2026-07-04,995.0
20260704,000000,77W,11,2026,7,4,0,30.900000000000002,147.70000000000002,99700.0,2026-07-04,2026-07-04,997.0
20260704,000000,77W,11,2026,7,4,0,31.8,147.6,99800.0,2026-07-04,2026-07-04,998.0
20260704,000000,77W,11,2026,7,4,0,32.5,146.8,99900.0,2026-07-04,2026-07-04,999.0
20260704,000000,77W,11,2026,7,4,0,33.2,146.1,99900.0,2026-07-04,2026-07-04,999.0
20260704,000000,77W,11,2026,7,4,0,33.9,145.20000000000002,100200.0,2026-07-04,2026-07-04,1002.0
20260704,000000,77W,11,2026,7,4,0,34.4,145.4,100500.0,2026-07-04,2026-07-04,1005.0
20260704,000000,77W,11,2026,7,4,0,35.300000000000004,145.8,100500.0,2026-07-04,2026-07-04,1005.0
20260704,000000,77W,11,2026,7,4,0,36.2,146.5,100800.0,2026-07-04,2026-07-04,1008.0
20260704,000000,77W,23,2026,7,4,0,23.0,118.5,99300.0,2026-07-04,2026-07-04,993.0
20260704,000000,77W,23,2026,7,4,0,23.6,118.5,99400.0,2026-07-04,2026-07-04,994.0
20260704,000000,77W,23,2026,7,4,0,24.0,118.3,99200.0,2026-07-04,2026-07-04,992.0
20260704,000000,77W,23,2026,7,4,0,23.7,117.60000000000001,99300.0,2026-07-04,2026-07-04,993.0
20260704,000000,77W,23,2026,7,4,0,23.8,116.9,99300.0,2026-07-04,2026-07-04,993.0
20260704,000000,77W,23,2026,7,4,0,23.400000000000002,116.9,98900.0,2026-07-04,2026-07-04,989.0
20260704,000000,77W,23,2026,7,4,0,24.400000000000002,117.3,98900.0,2026-07-04,2026-07-04,989.0
20260704,000000,77W,23,2026,7,4,0,25.2,116.4,98900.0,2026-07-04,2026-07-04,989.0
20260704,000000,77W,23,2026,7,4,0,25.0,116.2,98900.0,2026-07-04,2026-07-04,989.0
20260704,000000,77W,23,2026,7,4,0,26.1,116.2,99100.0,2026-07-04,2026-07-04,991.0
20260704,000000,77W,23,2026,7,4,0,26.7,116.3,99000.0,2026-07-04,2026-07-04,990.0
20260704,000000,77W,23,2026,7,4,0,27.8,116.4,98900.0,2026-07-04,2026-07-04,989.0
20260704,000000,77W,23,2026,7,4,0,28.5,116.9,98900.0,2026-07-04,2026-07-04,989.0
20260704,000000,77W,23,2026,7,4,0,28.900000000000002,116.5,99000.0,2026-07-04,2026-07-04,990.0
20260704,000000,77W,32,2026,7,4,0,19.900000000000002,114.0,99800.0,2026-07-04,2026-07-04,998.0
20260704,000000,77W,32,2026,7,4,0,20.900000000000002,115.5,99500.0,2026-07-04,2026-07-04,995.0
20260704,000000,77W,32,2026,7,4,0,21.8,114.3,99400.0,2026-07-04,2026-07-04,994.0
20260704,000000,77W,32,2026,7,4,0,21.6,113.4,99300.0,2026-07-04,2026-07-04,993.0
20260704,000000,77W,32,2026,7,4,0,20.7,112.5,99000.0,2026-07-04,2026-07-04,990.0
20260704,000000,77W,32,2026,7,4,0,21.6,112.5,98800.0,2026-07-04,2026-07-04,988.0
20260704,000000,77W,32,2026,7,4,0,21.0,111.0,98500.0,2026-07-04,2026-07-04,985.0
20260704,000000,77W,32,2026,7,4,0,21.7,110.3,98700.0,2026-07-04,2026-07-04,987.0
20260704,000000,77W,32,2026,7,4,0,22.2,109.4,98700.0,2026-07-04,2026-07-04,987.0
20260704,000000,77W,32,2026,7,4,0,22.900000000000002,107.9,98700.0,2026-07-04,2026-07-04,987.0
20260704,000000,77W,32,2026,7,4,0,21.5,105.10000000000001,98700.0,2026-07-04,2026-07-04,987.0
20260704,000000,77W,32,2026,7,4,0,22.1,105.2,98800.0,2026-07-04,2026-07-04,988.0
20260704,000000,77W,32,2026,7,4,0,22.6,103.9,99100.0,2026-07-04,2026-07-04,991.0
20260704,000000,77W,35,2026,7,4,0,15.700000000000001,129.7,100600.0,2026-07-04,2026-07-04,1006.0
20260704,000000,77W,35,2026,7,4,0,15.700000000000001,132.0,100600.0,2026-07-04,2026-07-04,1006.0
20260704,000000,77W,35,2026,7,4,0,14.6,132.1,100300.0,2026-07-04,2026-07-04,1003.0
20260704,000000,77W,35,2026,7,4,0,14.1,133.9,100200.0,2026-07-04,2026-07-04,1002.0
20260704,000000,77W,35,2026,7,4,0,14.0,135.7,99400.0,2026-07-04,2026-07-04,994.0
20260704,000000,77W,35,2026,7,4,0,14.9,136.70000000000002,99600.0,2026-07-04,2026-07-04,996.0
20260704,000000,77W,35,2026,7,4,0,15.8,136.8,99100.0,2026-07-04,2026-07-04,991.0
20260704,000000,77W,35,2026,7,4,0,16.3,136.3,99100.0,2026-07-04,2026-07-04,991.0
20260704,000000,77W,35,2026,7,4,0,16.9,136.4,99000.0,2026-07-04,2026-07-04,990.0
20260704,000000,77W,35,2026,7,4,0,17.1,135.7,99300.0,2026-07-04,2026-07-04,993.0
20260704,000000,77W,37,2026,7,4,0,18.400000000000002,143.0,100800.0,2026-07-04,2026-07-04,1008.0
20260704,000000,77W,37,2026,7,4,0,19.0,143.20000000000002,100900.0,2026-07-04,2026-07-04,1009.0
20260704,000000,77W,37,2026,7,4,0,17.0,142.3,100700.0,2026-07-04,2026-07-04,1007.0
20260704,000000,77W,37,2026,7,4,0,17.1,140.4,100900.0,2026-07-04,2026-07-04,1009.0
20260704,000000,77W,37,2026,7,4,0,16.2,139.20000000000002,100700.0,2026-07-04,2026-07-04,1007.0
20260704,000000,77W,37,2026,7,4,0,15.3,136.8,100800.0,2026-07-04,2026-07-04,1008.0
20260704,000000,77W,37,2026,7,4,0,15.5,137.6,100600.0,2026-07-04,2026-07-04,1006.0
20260704,000000,77W,37,2026,7,4,0,15.4,136.8,100700.0,2026-07-04,2026-07-04,1007.0
20260704,000000,77W,37,2026,7,4,0,15.1,133.1,100500.0,2026-07-04,2026-07-04,1005.0
20260704,000000,77W,37,2026,7,4,0,14.9,133.2,100600.0,2026-07-04,2026-07-04,1006.0
20260704,000000,77W,37,2026,7,4,0,15.200000000000001,133.8,100400.0,2026-07-04,2026-07-04,1004.0
20260704,000000,77W,37,2026,7,4,0,16.1,134.0,100600.0,2026-07-04,2026-07-04,1006.0
20260704,000000,77W,37,2026,7,4,0,16.9,133.5,100300.0,2026-07-04,2026-07-04,1003.0
20260704,000000,77W,37,2026,7,4,0,17.1,133.1,100600.0,2026-07-04,2026-07-04,1006.0
20260704,000000,77W,37,2026,7,4,0,17.1,133.5,100400.0,2026-07-04,2026-07-04,1004.0
20260704,000000,77W,37,2026,7,4,0,17.5,133.6,100500.0,2026-07-04,2026-07-04,1005.0
20260704,000000,77W,37,2026,7,4,0,17.900000000000002,133.9,100400.0,2026-07-04,2026-07-04,1004.0
20260704,000000,77W,37,2026,7,4,0,18.3,133.5,100500.0,2026-07-04,2026-07-04,1005.0
20260704,000000,77W,37,2026,7,4,0,18.5,133.3,100300.0,2026-07-04,2026-07-04,1003.0
20260704,000000,77W,37,2026,7,4,0,18.1,133.3,100400.0,2026-07-04,2026-07-04,1004.0
20260704,000000,77W,37,2026,7,4,0,18.2,133.1,100200.0,2026-07-04,2026-07-04,1002.0
20260704,000000,77W,37,2026,7,4,0,18.0,132.6,100300.0,2026-07-04,2026-07-04,1003.0
20260704,000000,77W,37,2026,7,4,0,17.6,132.4,100100.0,2026-07-04,2026-07-04,1001.0
20260704,000000,77W,37,2026,7,4,0,17.8,132.3,100300.0,2026-07-04,2026-07-04,1003.0
20260704,000000,77W,37,2026,7,4,0,17.0,132.4,100100.0,2026-07-04,2026-07-04,1001.0
20260704,000000,77W,37,2026,7,4,0,16.6,132.1,100300.0,2026-07-04,2026-07-04,1003.0
20260704,000000,77W,38,2026,7,4,0,27.900000000000002,153.3,100300.0,2026-07-04,2026-07-04,1003.0
20260704,000000,77W,38,2026,7,4,0,28.0,154.8,100200.0,2026-07-04,2026-07-04,1002.0
20260704,000000,77W,38,2026,7,4,0,28.7,155.9,99600.0,2026-07-04,2026-07-04,996.0
20260704,000000,77W,38,2026,7,4,0,29.0,156.20000000000002,99300.0,2026-07-04,2026-07-04,993.0
20260704,000000,77W,41,2026,7,4,0,9.1,138.0,99500.0,2026-07-04,2026-07-04,995.0
20260704,000000,77W,41,2026,7,4,0,9.5,136.5,98500.0,2026-07-04,2026-07-04,985.0
20260704,000000,77W,41,2026,7,4,0,9.4,136.1,98000.0,2026-07-04,2026-07-04,980.0
20260704,000000,77W,41,2026,7,4,0,10.0,136.70000000000002,98900.0,2026-07-04,2026-07-04,989.0
20260704,000000,77W,41,2026,7,4,0,12.5,136.9,99000.0,2026-07-04,2026-07-04,990.0
20260704,000000,77W,41,2026,7,4,0,13.700000000000001,136.2,98700.0,2026-07-04,2026-07-04,987.0
20260704,000000,77W,41,2026,7,4,0,15.0,135.4,98400.0,2026-07-04,2026-07-04,984.0
20260704,000000,77W,41,2026,7,4,0,16.5,135.1,98900.0,2026-07-04,2026-07-04,989.0
20260704,000000,77W,41,2026,7,4,0,17.8,135.1,98700.0,2026-07-04,2026-07-04,987.0
20260704,000000,77W,41,2026,7,4,0,18.8,135.2,99100.0,2026-07-04,2026-07-04,991.0
20260704,000000,77W,41,2026,7,4,0,19.7,135.2,99000.0,2026-07-04,2026-07-04,990.0
20260704,000000,77W,41,2026,7,4,0,20.8,135.7,98900.0,2026-07-04,2026-07-04,989.0
20260704,000000,77W,41,2026,7,4,0,20.900000000000002,136.1,98800.0,2026-07-04,2026-07-04,988.0
20260704,000000,77W,41,2026,7,4,0,21.8,137.1,99300.0,2026-07-04,2026-07-04,993.0
20260704,000000,77W,41,2026,7,4,0,22.3,138.0,99400.0,2026-07-04,2026-07-04,994.0
20260704,000000,77W,41,2026,7,4,0,22.5,138.9,99700.0,2026-07-04,2026-07-04,997.0
20260704,000000,77W,41,2026,7,4,0,22.7,139.9,99600.0,2026-07-04,2026-07-04,996.0
20260704,000000,77W,44,2026,7,4,0,37.4,155.6,99100.0,2026-07-04,2026-07-04,991.0
20260704,000000,77W,44,2026,7,4,0,39.800000000000004,158.4,98800.0,2026-07-04,2026-07-04,988.0
20260704,000000,77W,45,2026,7,4,0,6.9,150.8,100900.0,2026-07-04,2026-07-04,1009.0
20260704,000000,77W,45,2026,7,4,0,4.2,146.70000000000002,100800.0,2026-07-04,2026-07-04,1008.0
20260704,000000,77W,45,2026,7,4,0,2.9,147.4,101000.0,2026-07-04,2026-07-04,1010.0
20260704,000000,77W,45,2026,7,4,0,3.6,148.20000000000002,100600.0,2026-07-04,2026-07-04,1006.0
20260704,000000,77W,45,2026,7,4,0,4.8,148.20000000000002,100900.0,2026-07-04,2026-07-04,1009.0
20260704,000000,77W,45,2026,7,4,0,4.6000000000000005,147.5,100700.0,2026-07-04,2026-07-04,1007.0
20260704,000000,77W,45,2026,7,4,0,5.2,146.5,100800.0,2026-07-04,2026-07-04,1008.0
20260704,000000,77W,45,2026,7,4,0,5.1000000000000005,146.4,100500.0,2026-07-04,2026-07-04,1005.0
20260704,000000,77W,45,2026,7,4,0,6.0,146.3,100700.0,2026-07-04,2026-07-04,1007.0
20260704,000000,77W,45,2026,7,4,0,6.0,145.20000000000002,100400.0,2026-07-04,2026-07-04,1004.0
20260704,000000,77W,45,2026,7,4,0,6.7,144.9,100600.0,2026-07-04,2026-07-04,1006.0
20260704,000000,77W,45,2026,7,4,0,7.0,144.6,100300.0,2026-07-04,2026-07-04,1003.0
20260704,000000,77W,45,2026,7,4,0,7.8,144.6,100500.0,2026-07-04,2026-07-04,1005.0
20260704,000000,77W,45,2026,7,4,0,8.1,144.1,100300.0,2026-07-04,2026-07-04,1003.0
20260704,000000,77W,45,2026,7,4,0,8.700000000000001,143.70000000000002,100400.0,2026-07-04,2026-07-04,1004.0
20260704,000000,77W,45,2026,7,4,0,9.1,143.5,100300.0,2026-07-04,2026-07-04,1003.0
20260704,000000,77W,45,2026,7,4,0,9.200000000000001,143.0,100500.0,2026-07-04,2026-07-04,1005.0
20260704,000000,77W,45,2026,7,4,0,9.3,142.5,100300.0,2026-07-04,2026-07-04,1003.0
20260704,000000,77W,45,2026,7,4,0,9.4,141.8,100400.0,2026-07-04,2026-07-04,1004.0
20260704,000000,77W,46,2026,7,4,0,9.5,179.4,101000.0,2026-07-04,2026-07-04,1010.0
20260704,000000,77W,46,2026,7,4,0,10.6,175.6,101000.0,2026-07-04,2026-07-04,1010.0
20260704,000000,77W,46,2026,7,4,0,11.0,174.5,100900.0,2026-07-04,2026-07-04,1009.0
20260704,000000,77W,46,2026,7,4,0,10.200000000000001,174.5,101000.0,2026-07-04,2026-07-04,1010.0
20260704,000000,77W,46,2026,7,4,0,11.200000000000001,173.70000000000002,100900.0,2026-07-04,2026-07-04,1009.0
20260704,000000,77W,46,2026,7,4,0,11.1,172.3,100900.0,2026-07-04,2026-07-04,1009.0
20260704,000000,77W,46,2026,7,4,0,10.200000000000001,171.4,100800.0,2026-07-04,2026-07-04,1008.0
20260704,000000,77W,46,2026,7,4,0,10.700000000000001,172.1,100900.0,2026-07-04,2026-07-04,1009.0
20260704,000000,77W,46,2026,7,4,0,9.8,171.70000000000002,100700.0,2026-07-04,2026-07-04,1007.0
20260704,000000,77W,46,2026,7,4,0,10.5,171.3,100800.0,2026-07-04,2026-07-04,1008.0
20260704,000000,77W,46,2026,7,4,0,10.700000000000001,170.20000000000002,100600.0,2026-07-04,2026-07-04,1006.0
20260704,000000,77W,46,2026,7,4,0,11.700000000000001,170.0,100700.0,2026-07-04,2026-07-04,1007.0
20260704,000000,77W,46,2026,7,4,0,10.200000000000001,170.0,100500.0,2026-07-04,2026-07-04,1005.0
20260704,000000,77W,46,2026,7,4,0,11.1,168.6,100700.0,2026-07-04,2026-07-04,1007.0
20260704,000000,77W,46,2026,7,4,0,10.3,168.8,100500.0,2026-07-04,2026-07-04,1005.0
20260704,000000,77W,46,2026,7,4,0,10.700000000000001,169.1,100600.0,2026-07-04,2026-07-04,1006.0
20260704,000000,78W,3,2026,7,4,0,37.1,130.2,99700.0,2026-07-04,2026-07-04,997.0
20260704,000000,78W,3,2026,7,4,0,38.2,131.5,99700.0,2026-07-04,2026-07-04,997.0
20260704,000000,78W,3,2026,7,4,0,40.1,135.0,99700.0,2026-07-04,2026-07-04,997.0
20260704,000000,78W,4,2026,7,4,0,30.2,122.10000000000001,100100.0,2026-07-04,2026-07-04,1001.0
20260704,000000,78W,4,2026,7,4,0,30.6,123.0,100000.0,2026-07-04,2026-07-04,1000.0
20260704,000000,78W,4,2026,7,4,0,30.1,124.4,99900.0,2026-07-04,2026-07-04,999.0
20260704,000000,78W,11,2026,7,4,0,34.7,113.8,99400.0,2026-07-04,2026-07-04,994.0
20260704,000000,78W,11,2026,7,4,0,37.0,117.4,99600.0,2026-07-04,2026-07-04,996.0
20260704,000000,78W,11,2026,7,4,0,37.300000000000004,119.60000000000001,99700.0,2026-07-04,2026-07-04,997.0
20260704,000000,78W,11,2026,7,4,0,38.300000000000004,121.9,99700.0,2026-07-04,2026-07-04,997.0
20260704,000000,78W,11,2026,7,4,0,38.2,122.8,99800.0,2026-07-04,2026-07-04,998.0
20260704,000000,78W,11,2026,7,4,0,38.4,123.5,99800.0,2026-07-04,2026-07-04,998.0
20260704,000000,78W,11,2026,7,4,0,38.9,124.2,99900.0,2026-07-04,2026-07-04,999.0
20260704,000000,78W,32,2026,7,4,0,32.0,113.9,99800.0,2026-07-04,2026-07-04,998.0
20260704,000000,78W,32,2026,7,4,0,32.5,114.9,99600.0,2026-07-04,2026-07-04,996.0
20260704,000000,78W,32,2026,7,4,0,32.6,117.0,99500.0,2026-07-04,2026-07-04,995.0
20260704,000000,78W,32,2026,7,4,0,33.4,118.60000000000001,99000.0,2026-07-04,2026-07-04,990.0
20260704,000000,78W,32,2026,7,4,0,33.7,120.3,99200.0,2026-07-04,2026-07-04,992.0
20260704,000000,78W,32,2026,7,4,0,35.4,124.3,98700.0,2026-07-04,2026-07-04,987.0
20260704,000000,78W,37,2026,7,4,0,11.9,148.1,100900.0,2026-07-04,2026-07-04,1009.0
20260704,000000,78W,37,2026,7,4,0,10.0,151.1,100700.0,2026-07-04,2026-07-04,1007.0
20260704,000000,78W,37,2026,7,4,0,10.4,151.8,100600.0,2026-07-04,2026-07-04,1006.0
20260704,000000,78W,37,2026,7,4,0,10.0,151.9,100700.0,2026-07-04,2026-07-04,1007.0
20260704,000000,78W,37,2026,7,4,0,9.8,151.70000000000002,100300.0,2026-07-04,2026-07-04,1003.0
20260704,000000,78W,37,2026,7,4,0,8.700000000000001,151.8,100200.0,2026-07-04,2026-07-04,1002.0
20260704,000000,78W,37,2026,7,4,0,8.5,153.0,99800.0,2026-07-04,2026-07-04,998.0
20260704,000000,78W,37,2026,7,4,0,9.200000000000001,154.20000000000002,100000.0,2026-07-04,2026-07-04,1000.0
20260704,000000,78W,41,2026,7,4,0,25.400000000000002,148.6,100500.0,2026-07-04,2026-07-04,1005.0
20260704,000000,78W,41,2026,7,4,0,24.400000000000002,153.1,100600.0,2026-07-04,2026-07-04,1006.0
20260704,000000,78W,41,2026,7,4,0,24.400000000000002,154.0,100400.0,2026-07-04,2026-07-04,1004.0
20260704,000000,78W,41,2026,7,4,0,24.7,155.20000000000002,100600.0,2026-07-04,2026-07-04,1006.0
20260704,000000,78W,41,2026,7,4,0,24.6,156.5,100300.0,2026-07-04,2026-07-04,1003.0
20260704,000000,78W,41,2026,7,4,0,25.7,156.3,100500.0,2026-07-04,2026-07-04,1005.0
20260704,000000,78W,41,2026,7,4,0,25.400000000000002,157.9,100400.0,2026-07-04,2026-07-04,1004.0
20260704,000000,78W,41,2026,7,4,0,26.1,158.3,100200.0,2026-07-04,2026-07-04,1002.0
20260704,000000,78W,41,2026,7,4,0,28.7,160.6,100300.0,2026-07-04,2026-07-04,1003.0
20260704,000000,78W,41,2026,7,4,0,29.900000000000002,161.20000000000002,100200.0,2026-07-04,2026-07-04,1002.0
20260704,000000,78W,41,2026,7,4,0,31.400000000000002,163.5,100300.0,2026-07-04,2026-07-04,1003.0
20260704,000000,78W,41,2026,7,4,0,33.9,164.8,100100.0,2026-07-04,2026-07-04,1001.0
20260704,000000,78W,41,2026,7,4,0,34.800000000000004,166.6,100200.0,2026-07-04,2026-07-04,1002.0
20260704,000000,78W,41,2026,7,4,0,37.0,169.8,100100.0,2026-07-04,2026-07-04,1001.0
20260704,000000,78W,41,2026,7,4,0,38.6,173.4,100000.0,2026-07-04,2026-07-04,1000.0
20260704,000000,78W,41,2026,7,4,0,40.6,177.3,99700.0,2026-07-04,2026-07-04,997.0
20260704,000000,78W,44,2026,7,4,0,12.3,159.6,100800.0,2026-07-04,2026-07-04,1008.0
20260704,000000,78W,44,2026,7,4,0,11.9,159.3,100500.0,2026-07-04,2026-07-04,1005.0
20260704,000000,78W,44,2026,7,4,0,12.1,159.8,100400.0,2026-07-04,2026-07-04,1004.0
20260704,000000,78W,44,2026,7,4,0,12.8,160.8,100300.0,2026-07-04,2026-07-04,1003.0
20260704,000000,78W,44,2026,7,4,0,13.6,160.20000000000002,100100.0,2026-07-04,2026-07-04,1001.0
20260704,000000,78W,44,2026,7,4,0,15.200000000000001,159.6,100100.0,2026-07-04,2026-07-04,1001.0
20260704,000000,78W,44,2026,7,4,0,14.8,157.8,99500.0,2026-07-04,2026-07-04,995.0
20260704,000000,78W,44,2026,7,4,0,15.5,156.3,99400.0,2026-07-04,2026-07-04,994.0
20260704,000000,78W,44,2026,7,4,0,15.9,156.3,98600.0,2026-07-04,2026-07-04,986.0
20260704,000000,78W,44,2026,7,4,0,15.700000000000001,156.4,98100.0,2026-07-04,2026-07-04,981.0
20260704,000000,78W,44,2026,7,4,0,15.6,156.1,96800.0,2026-07-04,2026-07-04,968.0
20260704,000000,78W,44,2026,7,4,0,15.8,156.0,96100.0,2026-07-04,2026-07-04,961.0
20260704,000000,78W,44,2026,7,4,0,16.2,155.3,95800.0,2026-07-04,2026-07-04,958.0
20260704,000000,78W,44,2026,7,4,0,16.4,155.20000000000002,95900.0,2026-07-04,2026-07-04,959.0
20260704,000000,78W,46,2026,7,4,0,33.0,117.0,99400.0,2026-07-04,2026-07-04,994.0
20260704,000000,78W,46,2026,7,4,0,33.6,117.4,99200.0,2026-07-04,2026-07-04,992.0
20260704,000000,78W,46,2026,7,4,0,33.7,120.60000000000001,99100.0,2026-07-04,2026-07-04,991.0
20260704,000000,78W,46,2026,7,4,0,33.7,121.0,98800.0,2026-07-04,2026-07-04,988.0
20260704,000000,78W,46,2026,7,4,0,33.3,121.60000000000001,99000.0,2026-07-04,2026-07-04,990.0
20260704,000000,78W,46,2026,7,4,0,32.8,122.60000000000001,99200.0,2026-07-04,2026-07-04,992.0
20260704,000000,78W,46,2026,7,4,0,33.0,124.3,99500.0,2026-07-04,2026-07-04,995.0
20260704,000000,78W,46,2026,7,4,0,35.6,126.8,99600.0,2026-07-04,2026-07-04,996.0
20260704,000000,79W,11,2026,7,4,0,25.1,140.4,100200.0,2026-07-04,2026-07-04,1002.0
20260704,000000,79W,11,2026,7,4,0,24.0,142.20000000000002,99900.0,2026-07-04,2026-07-04,999.0
20260704,000000,79W,11,2026,7,4,0,23.5,144.3,100000.0,2026-07-04,2026-07-04,1000.0
20260704,000000,79W,11,2026,7,4,0,24.0,146.6,99600.0,2026-07-04,2026-07-04,996.0
20260704,000000,79W,11,2026,7,4,0,25.2,148.5,99900.0,2026-07-04,2026-07-04,999.0
20260704,000000,79W,11,2026,7,4,0,27.5,150.1,99900.0,2026-07-04,2026-07-04,999.0
20260704,000000,79W,11,2026,7,4,0,30.400000000000002,151.5,100300.0,2026-07-04,2026-07-04,1003.0
20260704,000000,79W,41,2026,7,4,0,22.900000000000002,152.8,100400.0,2026-07-04,2026-07-04,1004.0
20260704,000000,79W,41,2026,7,4,0,21.0,152.70000000000002,100500.0,2026-07-04,2026-07-04,1005.0
20260704,000000,79W,41,2026,7,4,0,21.1,153.9,100300.0,2026-07-04,2026-07-04,1003.0
20260704,000000,79W,41,2026,7,4,0,20.7,154.9,100300.0,2026-07-04,2026-07-04,1003.0
20260704,000000,79W,41,2026,7,4,0,21.8,156.0,100400.0,2026-07-04,2026-07-04,1004.0
20260704,000000,79W,41,2026,7,4,0,24.7,155.9,100300.0,2026-07-04,2026-07-04,1003.0
20260704,000000,79W,41,2026,7,4,0,25.6,158.3,100600.0,2026-07-04,2026-07-04,1006.0
20260704,000000,79W,41,2026,7,4,0,26.3,159.3,100400.0,2026-07-04,2026-07-04,1004.0
20260704,000000,79W,41,2026,7,4,0,28.0,160.5,100700.0,2026-07-04,2026-07-04,1007.0
20260704,000000,79W,41,2026,7,4,0,29.400000000000002,161.6,100700.0,2026-07-04,2026-07-04,1007.0
20260704,000000,79W,41,2026,7,4,0,30.0,162.70000000000002,100900.0,2026-07-04,2026-07-04,1009.0
20260704,000000,79W,44,2026,7,4,0,9.200000000000001,174.3,100800.0,2026-07-04,2026-07-04,1008.0
20260704,000000,79W,44,2026,7,4,0,9.1,172.9,100800.0,2026-07-04,2026-07-04,1008.0
20260704,000000,79W,46,2026,7,4,0,33.4,133.7,100300.0,2026-07-04,2026-07-04,1003.0
20260704,000000,79W,46,2026,7,4,0,38.2,143.20000000000002,99900.0,2026-07-04,2026-07-04,999.0
20260704,000000,79W,46,2026,7,4,0,37.7,144.6,100000.0,2026-07-04,2026-07-04,1000.0
20260704,000000,79W,46,2026,7,4,0,37.7,148.20000000000002,100400.0,2026-07-04,2026-07-04,1004.0
20260704,000000,80W,46,2026,7,4,0,10.8,131.9,100900.0,2026-07-04,2026-07-04,1009.0
20260704,000000,80W,46,2026,7,4,0,10.5,132.0,100800.0,2026-07-04,2026-07-04,1008.0
20260704,000000,80W,46,2026,7,4,0,12.1,131.1,100800.0,2026-07-04,2026-07-04,1008.0
20260704,000000,80W,46,2026,7,4,0,13.4,131.9,100900.0,2026-07-04,2026-07-04,1009.0
20260704,000000,80W,46,2026,7,4,0,13.6,131.8,100700.0,2026-07-04,2026-07-04,1007.0
20260704,000000,80W,46,2026,7,4,0,13.700000000000001,131.5,100800.0,2026-07-04,2026-07-04,1008.0
20260704,000000,80W,46,2026,7,4,0,14.1,131.4,100500.0,2026-07-04,2026-07-04,1005.0
20260704,000000,80W,46,2026,7,4,0,15.0,131.0,100500.0,2026-07-04,2026-07-04,1005.0
20260704,000000,81W,46,2026,7,4,0,35.800000000000004,129.9,99300.0,2026-07-04,2026-07-04,993.0
20260704,000000,81W,46,2026,7,4,0,37.800000000000004,133.3,99500.0,2026-07-04,2026-07-04,995.0
20260704,000000,82W,46,2026,7,4,0,34.300000000000004,125.3,100100.0,2026-07-04,2026-07-04,1001.0
20260704,000000,82W,46,2026,7,4,0,33.7,127.8,100300.0,2026-07-04,2026-07-04,1003.0
