typicalDate,typicalTime,track,sample,year,month,day,hour,lat,lon,pressureReducedToMeanSeaLevel,base_dt,valid_dt,pressure
20260720,180000,70W,1,2026,7,20,18,37.800000000000004,125.5,100100.0,2026-07-20 18:00:00,2026-07-20 18:00:00,1001.0
20260720,180000,70W,1,2026,7,20,18,39.0,125.7,100300.0,2026-07-20 18:00:00,2026-07-20 18:00:00,1003.0
20260720,180000,70W,2,2026,7,20,18,13.6,136.6,100700.0,2026-07-20 18:00:00,2026-07-20 18:00:00,1007.0
20260720,180000,70W,2,2026,7,20,18,13.8,138.1,100600.0,2026-07-20 18:00:00,2026-07-20 18:00:00,1006.0
20260720,180000,70W,2,2026,7,20,18,13.9,136.5,100700.0,2026-07-20 18:00:00,2026-07-20 18:00:00,1007.0
20260720,180000,70W,2,2026,7,20,18,11.700000000000001,134.8,100500.0,2026-07-20 18:00:00,2026-07-20 18:00:00,1005.0
20260720,180000,70W,2,2026,7,20,18,12.8,134.5,100600.0,2026-07-20 18:00:00,2026-07-20 18:00:00,1006.0
20260720,180000,70W,2,2026,7,20,18,13.200000000000001,133.8,100400.0,2026-07-20 18:00:00,2026-07-20 18:00:00,1004.0
20260720,180000,70W,2,2026,7,20,18,15.200000000000001,132.3,100400.0,2026-07-20 18:00:00,2026-07-20 18:00:00,1004.0
20260720,180000,70W,2,2026,7,20,18,16.2,133.0,100200.0,2026-07-20 18:00:00,2026-07-20 18:00:00,1002.0
20260720,180000,70W,2,2026,7,20,18,16.6,130.2,100400.0,2026-07-20 18:00:00,2026-07-20 18:00:00,1004.0
20260720,180000,70W,2,2026,7,20,18,17.6,129.1,100200.0,2026-07-20 18:00:00,2026-07-20 18:00:00,1002.0
20260720,180000,70W,2,2026,7,20,18,18.0,127.10000000000001,100300.0,2026-07-20 18:00:00,2026-07-20 18:00:00,1003.0
20260720,180000,70W,2,2026,7,20,18,17.6,127.10000000000001,100100.0,2026-07-20 18:00:00,2026-07-20 18:00:00,1001.0
20260720,180000,70W,2,2026,7,20,18,19.6,125.2,100200.0,2026-07-20 18:00:00,2026-07-20 18:00:00,1002.0
20260720,180000,70W,2,2026,7,20,18,19.2,123.3,100000.0,2026-07-20 18:00:00,2026-07-20 18:00:00,1000.0
20260720,180000,70W,2,2026,7,20,18,19.7,121.4,100100.0,2026-07-20 18:00:00,2026-07-20 18:00:00,1001.0
20260720,180000,70W,2,2026,7,20,18,19.5,119.3,99800.0,2026-07-20 18:00:00,2026-07-20 18:00:00,998.0
20260720,180000,70W,2,2026,7,20,18,18.3,118.8,99700.0,2026-07-20 18:00:00,2026-07-20 18:00:00,997.0
20260720,180000,70W,2,2026,7,20,18,18.5,118.3,99400.0,2026-07-20 18:00:00,2026-07-20 18:00:00,994.0
20260720,180000,70W,2,2026,7,20,18,17.5,119.8,99400.0,2026-07-20 18:00:00,2026-07-20 18:00:00,994.0
20260720,180000,70W,2,2026,7,20,18,18.3,120.0,99100.0,2026-07-20 18:00:00,2026-07-20 18:00:00,991.0
20260720,180000,70W,2,2026,7,20,18,18.5,119.10000000000001,98600.0,2026-07-20 18:00:00,2026-07-20 18:00:00,986.0
20260720,180000,70W,3,2026,7,20,18,4.9,160.5,100900.0,2026-07-20 18:00:00,2026-07-20 18:00:00,1009.0
20260720,180000,70W,3,2026,7,20,18,5.3,160.3,101000.0,2026-07-20 18:00:00,2026-07-20 18:00:00,1010.0
20260720,180000,70W,4,2026,7,20,18,10.8,139.20000000000002,100800.0,2026-07-20 18:00:00,2026-07-20 18:00:00,1008.0
20260720,180000,70W,4,2026,7,20,18,12.700000000000001,139.9,100600.0,2026-07-20 18:00:00,2026-07-20 18:00:00,1006.0
20260720,180000,70W,4,2026,7,20,18,13.8,139.4,100700.0,2026-07-20 18:00:00,2026-07-20 18:00:00,1007.0
20260720,180000,70W,4,2026,7,20,18,14.8,138.20000000000002,100300.0,2026-07-20 18:00:00,2026-07-20 18:00:00,1003.0
20260720,180000,70W,4,2026,7,20,18,16.2,136.5,100300.0,2026-07-20 18:00:00,2026-07-20 18:00:00,1003.0
20260720,180000,70W,4,2026,7,20,18,16.7,133.1,99900.0,2026-07-20 18:00:00,2026-07-20 18:00:00,999.0
20260720,180000,70W,4,2026,7,20,18,16.9,130.2,99400.0,2026-07-20 18:00:00,2026-07-20 18:00:00,994.0
20260720,180000,70W,4,2026,7,20,18,16.7,129.2,99100.0,2026-07-20 18:00:00,2026-07-20 18:00:00,991.0
20260720,180000,70W,4,2026,7,20,18,16.9,128.8,99300.0,2026-07-20 18:00:00,2026-07-20 18:00:00,993.0
20260720,180000,70W,4,2026,7,20,18,17.7,127.0,99100.0,2026-07-20 18:00:00,2026-07-20 18:00:00,991.0
20260720,180000,70W,4,2026,7,20,18,17.2,125.7,99000.0,2026-07-20 18:00:00,2026-07-20 18:00:00,990.0
20260720,180000,70W,4,2026,7,20,18,18.2,125.0,98700.0,2026-07-20 18:00:00,2026-07-20 18:00:00,987.0
20260720,180000,70W,4,2026,7,20,18,18.2,123.8,98300.0,2026-07-20 18:00:00,2026-07-20 18:00:00,983.0
20260720,180000,70W,4,2026,7,20,18,18.900000000000002,122.10000000000001,98000.0,2026-07-20 18:00:00,2026-07-20 18:00:00,980.0
20260720,180000,70W,4,2026,7,20,18,19.0,120.5,98000.0,2026-07-20 18:00:00,2026-07-20 18:00:00,980.0
20260720,180000,70W,4,2026,7,20,18,19.2,119.7,97600.0,2026-07-20 18:00:00,2026-07-20 18:00:00,976.0
20260720,180000,70W,4,2026,7,20,18,19.2,118.60000000000001,97500.0,2026-07-20 18:00:00,2026-07-20 18:00:00,975.0
20260720,180000,70W,4,2026,7,20,18,19.7,118.0,97400.0,2026-07-20 18:00:00,2026-07-20 18:00:00,974.0
20260720,180000,70W,4,2026,7,20,18,20.1,117.2,97100.0,2026-07-20 18:00:00,2026-07-20 18:00:00,971.0
20260720,180000,70W,4,2026,7,20,18,20.8,116.5,96900.0,2026-07-20 18:00:00,2026-07-20 18:00:00,969.0
20260720,180000,70W,4,2026,7,20,18,21.3,115.8,96900.0,2026-07-20 18:00:00,2026-07-20 18:00:00,969.0
20260720,180000,70W,4,2026,7,20,18,22.1,115.2,97100.0,2026-07-20 18:00:00,2026-07-20 18:00:00,971.0
20260720,180000,70W,5,2026,7,20,18,37.7,125.2,100200.0,2026-07-20 18:00:00,2026-07-20 18:00:00,1002.0
20260720,180000,70W,5,2026,7,20,18,38.2,128.6,100300.0,2026-07-20 18:00:00,2026-07-20 18:00:00,1003.0
20260720,180000,70W,5,2026,7,20,18,41.9,133.0,100200.0,2026-07-20 18:00:00,2026-07-20 18:00:00,1002.0
20260720,180000,70W,6,2026,7,20,18,30.1,114.5,100400.0,2026-07-20 18:00:00,2026-07-20 18:00:00,1004.0
20260720,180000,70W,6,2026,7,20,18,30.1,114.60000000000001,100300.0,2026-07-20 18:00:00,2026-07-20 18:00:00,1003.0
20260720,180000,70W,6,2026,7,20,18,32.9,114.2,100400.0,2026-07-20 18:00:00,2026-07-20 18:00:00,1004.0
20260720,180000,70W,6,2026,7,20,18,33.4,116.7,100300.0,2026-07-20 18:00:00,2026-07-20 18:00:00,1003.0
20260720,180000,70W,6,2026,7,20,18,34.9,119.60000000000001,100300.0,2026-07-20 18:00:00,2026-07-20 18:00:00,1003.0
20260720,180000,70W,6,2026,7,20,18,35.9,122.10000000000001,100400.0,2026-07-20 18:00:00,2026-07-20 18:00:00,1004.0
20260720,180000,70W,6,2026,7,20,18,37.0,122.4,100300.0,2026-07-20 18:00:00,2026-07-20 18:00:00,1003.0
20260720,180000,70W,7,2026,7,20,18,24.5,109.3,100300.0,2026-07-20 18:00:00,2026-07-20 18:00:00,1003.0
20260720,180000,70W,8,2026,7,20,18,37.9,125.0,100200.0,2026-07-20 18:00:00,2026-07-20 18:00:00,1002.0
20260720,180000,70W,8,2026,7,20,18,41.2,130.5,100400.0,2026-07-20 18:00:00,2026-07-20 18:00:00,1004.0
20260720,180000,70W,8,2026,7,20,18,41.6,132.7,100300.0,2026-07-20 18:00:00,2026-07-20 18:00:00,1003.0
20260720,180000,70W,8,2026,7,20,18,42.2,135.9,100400.0,2026-07-20 18:00:00,2026-07-20 18:00:00,1004.0
20260720,180000,70W,9,2026,7,20,18,38.4,125.7,100200.0,2026-07-20 18:00:00,2026-07-20 18:00:00,1002.0
20260720,180000,70W,9,2026,7,20,18,39.0,128.6,100300.0,2026-07-20 18:00:00,2026-07-20 18:00:00,1003.0
20260720,180000,70W,9,2026,7,20,18,40.0,129.5,100400.0,2026-07-20 18:00:00,2026-07-20 18:00:00,1004.0
20260720,180000,70W,9,2026,7,20,18,41.300000000000004,131.8,100200.0,2026-07-20 18:00:00,2026-07-20 18:00:00,1002.0
20260720,180000,70W,9,2026,7,20,18,41.6,134.2,100300.0,2026-07-20 18:00:00,2026-07-20 18:00:00,1003.0
20260720,180000,70W,9,2026,7,20,18,41.5,135.4,100300.0,2026-07-20 18:00:00,2026-07-20 18:00:00,1003.0
20260720,180000,70W,10,2026,7,20,18,37.7,125.5,100100.0,2026-07-20 18:00:00,2026-07-20 18:00:00,1001.0
20260720,180000,70W,10,2026,7,20,18,38.2,128.6,100300.0,2026-07-20 18:00:00,2026-07-20 18:00:00,1003.0
20260720,180000,70W,10,2026,7,20,18,40.800000000000004,130.8,100400.0,2026-07-20 18:00:00,2026-07-20 18:00:00,1004.0
20260720,180000,70W,10,2026,7,20,18,41.6,132.9,100300.0,2026-07-20 18:00:00,2026-07-20 18:00:00,1003.0
20260720,180000,70W,10,2026,7,20,18,41.5,136.8,100300.0,2026-07-20 18:00:00,2026-07-20 18:00:00,1003.0
20260720,180000,70W,11,2026,7,20,18,13.1,138.1,100700.0,2026-07-20 18:00:00,2026-07-20 18:00:00,1007.0
20260720,180000,70W,11,2026,7,20,18,14.5,135.7,100600.0,2026-07-20 18:00:00,2026-07-20 18:00:00,1006.0
20260720,180000,70W,11,2026,7,20,18,14.700000000000001,135.9,100400.0,2026-07-20 18:00:00,2026-07-20 18:00:00,1004.0
20260720,180000,70W,11,2026,7,20,18,14.3,133.2,100400.0,2026-07-20 18:00:00,2026-07-20 18:00:00,1004.0
20260720,180000,70W,11,2026,7,20,18,14.4,133.0,100300.0,2026-07-20 18:00:00,2026-07-20 18:00:00,1003.0
20260720,180000,70W,11,2026,7,20,18,14.9,132.3,100400.0,2026-07-20 18:00:00,2026-07-20 18:00:00,1004.0
20260720,180000,70W,11,2026,7,20,18,14.9,131.1,100200.0,2026-07-20 18:00:00,2026-07-20 18:00:00,1002.0
20260720,180000,70W,11,2026,7,20,18,16.7,130.2,100300.0,2026-07-20 18:00:00,2026-07-20 18:00:00,1003.0
20260720,180000,70W,11,2026,7,20,18,16.6,129.0,100200.0,2026-07-20 18:00:00,2026-07-20 18:00:00,1002.0
20260720,180000,70W,11,2026,7,20,18,17.1,128.6,100300.0,2026-07-20 18:00:00,2026-07-20 18:00:00,1003.0
20260720,180000,70W,11,2026,7,20,18,17.0,127.10000000000001,100100.0,2026-07-20 18:00:00,2026-07-20 18:00:00,1001.0
20260720,180000,70W,11,2026,7,20,18,18.0,126.10000000000001,100300.0,2026-07-20 18:00:00,2026-07-20 18:00:00,1003.0
20260720,180000,70W,11,2026,7,20,18,18.1,125.3,100200.0,2026-07-20 18:00:00,2026-07-20 18:00:00,1002.0
20260720,180000,70W,11,2026,7,20,18,18.3,123.4,100300.0,2026-07-20 18:00:00,2026-07-20 18:00:00,1003.0
20260720,180000,70W,11,2026,7,20,18,19.0,122.7,100100.0,2026-07-20 18:00:00,2026-07-20 18:00:00,1001.0
20260720,180000,70W,11,2026,7,20,18,19.7,122.0,100300.0,2026-07-20 18:00:00,2026-07-20 18:00:00,1003.0
20260720,180000,70W,11,2026,7,20,18,19.400000000000002,120.4,100100.0,2026-07-20 18:00:00,2026-07-20 18:00:00,1001.0
20260720,180000,70W,11,2026,7,20,18,19.400000000000002,118.9,100000.0,2026-07-20 18:00:00,2026-07-20 18:00:00,1000.0
20260720,180000,70W,11,2026,7,20,18,20.2,119.2,99700.0,2026-07-20 18:00:00,2026-07-20 18:00:00,997.0
20260720,180000,70W,11,2026,7,20,18,20.900000000000002,117.9,99700.0,2026-07-20 18:00:00,2026-07-20 18:00:00,997.0
20260720,180000,70W,11,2026,7,20,18,21.5,117.0,99300.0,2026-07-20 18:00:00,2026-07-20 18:00:00,993.0
20260720,180000,70W,11,2026,7,20,18,22.1,116.10000000000001,99200.0,2026-07-20 18:00:00,2026-07-20 18:00:00,992.0
20260720,180000,70W,11,2026,7,20,18,22.6,115.0,99000.0,2026-07-20 18:00:00,2026-07-20 18:00:00,990.0
20260720,180000,70W,12,2026,7,20,18,24.400000000000002,109.8,100300.0,2026-07-20 18:00:00,2026-07-20 18:00:00,1003.0
20260720,180000,70W,12,2026,7,20,18,25.400000000000002,110.10000000000001,100200.0,2026-07-20 18:00:00,2026-07-20 18:00:00,1002.0
20260720,180000,70W,12,2026,7,20,18,27.900000000000002,110.10000000000001,100200.0,2026-07-20 18:00:00,2026-07-20 18:00:00,1002.0
20260720,180000,70W,12,2026,7,20,18,28.5,110.3,100300.0,2026-07-20 18:00:00,2026-07-20 18:00:00,1003.0
20260720,180000,70W,12,2026,7,20,18,28.7,111.10000000000001,100400.0,2026-07-20 18:00:00,2026-07-20 18:00:00,1004.0
20260720,180000,70W,12,2026,7,20,18,29.2,111.2,100200.0,2026-07-20 18:00:00,2026-07-20 18:00:00,1002.0
20260720,180000,70W,12,2026,7,20,18,30.400000000000002,111.4,100100.0,2026-07-20 18:00:00,2026-07-20 18:00:00,1001.0
20260720,180000,70W,12,2026,7,20,18,33.0,115.0,100300.0,2026-07-20 18:00:00,2026-07-20 18:00:00,1003.0
20260720,180000,70W,13,2026,7,20,18,13.8,138.1,100600.0,2026-07-20 18:00:00,2026-07-20 18:00:00,1006.0
20260720,180000,70W,14,2026,7,20,18,25.3,110.10000000000001,100300.0,2026-07-20 18:00:00,2026-07-20 18:00:00,1003.0
20260720,180000,70W,14,2026,7,20,18,25.8,110.9,100200.0,2026-07-20 18:00:00,2026-07-20 18:00:00,1002.0
20260720,180000,70W,14,2026,7,20,18,27.0,110.7,100300.0,2026-07-20 18:00:00,2026-07-20 18:00:00,1003.0
20260720,180000,70W,14,2026,7,20,18,29.2,111.2,100300.0,2026-07-20 18:00:00,2026-07-20 18:00:00,1003.0
20260720,180000,70W,14,2026,7,20,18,28.8,111.7,100300.0,2026-07-20 18:00:00,2026-07-20 18:00:00,1003.0
20260720,180000,70W,14,2026,7,20,18,30.400000000000002,111.4,100200.0,2026-07-20 18:00:00,2026-07-20 18:00:00,1002.0
20260720,180000,70W,14,2026,7,20,18,29.7,111.7,100200.0,2026-07-20 18:00:00,2026-07-20 18:00:00,1002.0
20260720,180000,70W,14,2026,7,20,18,30.400000000000002,111.4,100200.0,2026-07-20 18:00:00,2026-07-20 18:00:00,1002.0
20260720,180000,70W,14,2026,7,20,18,32.3,111.60000000000001,100000.0,2026-07-20 18:00:00,2026-07-20 18:00:00,1000.0
20260720,180000,70W,15,2026,7,20,18,38.2,126.10000000000001,100100.0,2026-07-20 18:00:00,2026-07-20 18:00:00,1001.0
20260720,180000,70W,15,2026,7,20,18,39.300000000000004,128.6,100200.0,2026-07-20 18:00:00,2026-07-20 18:00:00,1002.0
20260720,180000,70W,15,2026,7,20,18,40.0,129.5,100400.0,2026-07-20 18:00:00,2026-07-20 18:00:00,1004.0
20260720,180000,70W,15,2026,7,20,18,41.0,131.8,100300.0,2026-07-20 18:00:00,2026-07-20 18:00:00,1003.0
20260720,180000,70W,16,2026,7,20,18,37.9,125.10000000000001,100000.0,2026-07-20 18:00:00,2026-07-20 18:00:00,1000.0
20260720,180000,70W,16,2026,7,20,18,38.6,128.3,100200.0,2026-07-20 18:00:00,2026-07-20 18:00:00,1002.0
20260720,180000,70W,16,2026,7,20,18,40.1,129.6,100300.0,2026-07-20 18:00:00,2026-07-20 18:00:00,1003.0
20260720,180000,70W,16,2026,7,20,18,41.7,131.2,100300.0,2026-07-20 18:00:00,2026-07-20 18:00:00,1003.0
20260720,180000,70W,16,2026,7,20,18,42.0,134.6,100300.0,2026-07-20 18:00:00,2026-07-20 18:00:00,1003.0
20260720,180000,70W,17,2026,7,20,18,30.1,114.60000000000001,100400.0,2026-07-20 18:00:00,2026-07-20 18:00:00,1004.0
20260720,180000,70W,17,2026,7,20,18,32.3,115.5,100300.0,2026-07-20 18:00:00,2026-07-20 18:00:00,1003.0
20260720,180000,70W,17,2026,7,20,18,32.4,117.3,100200.0,2026-07-20 18:00:00,2026-07-20 18:00:00,1002.0
20260720,180000,70W,17,2026,7,20,18,34.9,119.7,100300.0,2026-07-20 18:00:00,2026-07-20 18:00:00,1003.0
20260720,180000,70W,17,2026,7,20,18,36.1,121.2,100300.0,2026-07-20 18:00:00,2026-07-20 18:00:00,1003.0
20260720,180000,70W,18,2026,7,20,18,11.8,178.0,100700.0,2026-07-20 18:00:00,2026-07-20 18:00:00,1007.0
20260720,180000,70W,18,2026,7,20,18,12.1,176.5,100600.0,2026-07-20 18:00:00,2026-07-20 18:00:00,1006.0
20260720,180000,70W,18,2026,7,20,18,12.3,175.9,100800.0,2026-07-20 18:00:00,2026-07-20 18:00:00,1008.0
20260720,180000,70W,18,2026,7,20,18,12.5,173.9,100700.0,2026-07-20 18:00:00,2026-07-20 18:00:00,1007.0
20260720,180000,70W,18,2026,7,20,18,12.9,173.8,100800.0,2026-07-20 18:00:00,2026-07-20 18:00:00,1008.0
20260720,180000,70W,18,2026,7,20,18,12.8,172.9,100600.0,2026-07-20 18:00:00,2026-07-20 18:00:00,1006.0
20260720,180000,70W,18,2026,7,20,18,13.200000000000001,172.4,100700.0,2026-07-20 18:00:00,2026-07-20 18:00:00,1007.0
20260720,180000,70W,18,2026,7,20,18,14.3,172.1,100500.0,2026-07-20 18:00:00,2026-07-20 18:00:00,1005.0
20260720,180000,70W,18,2026,7,20,18,12.5,172.3,100700.0,2026-07-20 18:00:00,2026-07-20 18:00:00,1007.0
20260720,180000,70W,18,2026,7,20,18,13.4,172.3,100500.0,2026-07-20 18:00:00,2026-07-20 18:00:00,1005.0
20260720,180000,70W,18,2026,7,20,18,14.1,171.20000000000002,100700.0,2026-07-20 18:00:00,2026-07-20 18:00:00,1007.0
20260720,180000,70W,18,2026,7,20,18,14.3,170.20000000000002,100600.0,2026-07-20 18:00:00,2026-07-20 18:00:00,1006.0
20260720,180000,70W,18,2026,7,20,18,15.3,170.70000000000002,100600.0,2026-07-20 18:00:00,2026-07-20 18:00:00,1006.0
20260720,180000,70W,18,2026,7,20,18,14.700000000000001,168.8,100500.0,2026-07-20 18:00:00,2026-07-20 18:00:00,1005.0
20260720,180000,70W,18,2026,7,20,18,15.3,168.8,100700.0,2026-07-20 18:00:00,2026-07-20 18:00:00,1007.0
20260720,180000,70W,18,2026,7,20,18,15.3,167.6,100500.0,2026-07-20 18:00:00,2026-07-20 18:00:00,1005.0
20260720,180000,70W,18,2026,7,20,18,17.0,167.4,100700.0,2026-07-20 18:00:00,2026-07-20 18:00:00,1007.0
20260720,180000,70W,18,2026,7,20,18,17.2,166.20000000000002,100500.0,2026-07-20 18:00:00,2026-07-20 18:00:00,1005.0
20260720,180000,70W,18,2026,7,20,18,17.8,165.5,100500.0,2026-07-20 18:00:00,2026-07-20 18:00:00,1005.0
20260720,180000,70W,18,2026,7,20,18,18.2,164.20000000000002,100200.0,2026-07-20 18:00:00,2026-07-20 18:00:00,1002.0
20260720,180000,70W,18,2026,7,20,18,18.5,162.9,100100.0,2026-07-20 18:00:00,2026-07-20 18:00:00,1001.0
20260720,180000,70W,18,2026,7,20,18,18.6,162.0,99800.0,2026-07-20 18:00:00,2026-07-20 18:00:00,998.0
20260720,180000,70W,18,2026,7,20,18,18.8,160.9,99200.0,2026-07-20 18:00:00,2026-07-20 18:00:00,992.0
20260720,180000,70W,18,2026,7,20,18,19.2,160.1,98300.0,2026-07-20 18:00:00,2026-07-20 18:00:00,983.0
20260720,180000,70W,19,2026,7,20,18,25.3,109.4,100400.0,2026-07-20 18:00:00,2026-07-20 18:00:00,1004.0
20260720,180000,70W,19,2026,7,20,18,26.3,112.5,100200.0,2026-07-20 18:00:00,2026-07-20 18:00:00,1002.0
20260720,180000,70W,19,2026,7,20,18,29.7,111.7,100100.0,2026-07-20 18:00:00,2026-07-20 18:00:00,1001.0
20260720,180000,70W,19,2026,7,20,18,30.3,111.4,100100.0,2026-07-20 18:00:00,2026-07-20 18:00:00,1001.0
20260720,180000,70W,19,2026,7,20,18,30.400000000000002,111.4,100100.0,2026-07-20 18:00:00,2026-07-20 18:00:00,1001.0
20260720,180000,70W,19,2026,7,20,18,31.6,112.0,100200.0,2026-07-20 18:00:00,2026-07-20 18:00:00,1002.0
20260720,180000,70W,19,2026,7,20,18,32.3,113.60000000000001,100100.0,2026-07-20 18:00:00,2026-07-20 18:00:00,1001.0
20260720,180000,70W,20,2026,7,20,18,24.6,109.10000000000001,100300.0,2026-07-20 18:00:00,2026-07-20 18:00:00,1003.0
20260720,180000,70W,20,2026,7,20,18,25.400000000000002,109.5,100200.0,2026-07-20 18:00:00,2026-07-20 18:00:00,1002.0
20260720,180000,70W,20,2026,7,20,18,27.400000000000002,109.8,100300.0,2026-07-20 18:00:00,2026-07-20 18:00:00,1003.0
20260720,180000,70W,20,2026,7,20,18,28.7,111.10000000000001,100400.0,2026-07-20 18:00:00,2026-07-20 18:00:00,1004.0
20260720,180000,70W,20,2026,7,20,18,28.7,111.2,100400.0,2026-07-20 18:00:00,2026-07-20 18:00:00,1004.0
20260720,180000,70W,20,2026,7,20,18,30.3,111.4,100100.0,2026-07-20 18:00:00,2026-07-20 18:00:00,1001.0
20260720,180000,70W,20,2026,7,20,18,32.2,111.60000000000001,100000.0,2026-07-20 18:00:00,2026-07-20 18:00:00,1000.0
20260720,180000,70W,20,2026,7,20,18,31.3,112.2,100300.0,2026-07-20 18:00:00,2026-07-20 18:00:00,1003.0
20260720,180000,70W,20,2026,7,20,18,30.3,111.4,100100.0,2026-07-20 18:00:00,2026-07-20 18:00:00,1001.0
20260720,180000,70W,20,2026,7,20,18,32.0,112.0,100300.0,2026-07-20 18:00:00,2026-07-20 18:00:00,1003.0
20260720,180000,70W,20,2026,7,20,18,32.3,111.7,100300.0,2026-07-20 18:00:00,2026-07-20 18:00:00,1003.0
20260720,180000,70W,20,2026,7,20,18,33.9,113.60000000000001,100600.0,2026-07-20 18:00:00,2026-07-20 18:00:00,1006.0
20260720,180000,70W,20,2026,7,20,18,31.900000000000002,112.2,100300.0,2026-07-20 18:00:00,2026-07-20 18:00:00,1003.0
20260720,180000,70W,20,2026,7,20,18,32.3,112.3,100400.0,2026-07-20 18:00:00,2026-07-20 18:00:00,1004.0
20260720,180000,70W,21,2026,7,20,18,12.700000000000001,178.0,100700.0,2026-07-20 18:00:00,2026-07-20 18:00:00,1007.0
20260720,180000,70W,21,2026,7,20,18,10.8,176.9,100700.0,2026-07-20 18:00:00,2026-07-20 18:00:00,1007.0
20260720,180000,70W,21,2026,7,20,18,12.6,175.70000000000002,100800.0,2026-07-20 18:00:00,2026-07-20 18:00:00,1008.0
20260720,180000,70W,21,2026,7,20,18,12.4,174.3,100600.0,2026-07-20 18:00:00,2026-07-20 18:00:00,1006.0
20260720,180000,70W,21,2026,7,20,18,12.8,173.4,100800.0,2026-07-20 18:00:00,2026-07-20 18:00:00,1008.0
20260720,180000,70W,21,2026,7,20,18,13.0,172.9,100700.0,2026-07-20 18:00:00,2026-07-20 18:00:00,1007.0
20260720,180000,70W,21,2026,7,20,18,13.3,171.8,100800.0,2026-07-20 18:00:00,2026-07-20 18:00:00,1008.0
20260720,180000,70W,21,2026,7,20,18,12.700000000000001,171.3,100700.0,2026-07-20 18:00:00,2026-07-20 18:00:00,1007.0
20260720,180000,70W,21,2026,7,20,18,15.1,171.5,100800.0,2026-07-20 18:00:00,2026-07-20 18:00:00,1008.0
20260720,180000,70W,21,2026,7,20,18,14.6,170.4,100600.0,2026-07-20 18:00:00,2026-07-20 18:00:00,1006.0
20260720,180000,70W,21,2026,7,20,18,15.1,169.3,100900.0,2026-07-20 18:00:00,2026-07-20 18:00:00,1009.0
20260720,180000,70W,21,2026,7,20,18,15.5,169.3,100800.0,2026-07-20 18:00:00,2026-07-20 18:00:00,1008.0
20260720,180000,70W,21,2026,7,20,18,15.9,168.70000000000002,101000.0,2026-07-20 18:00:00,2026-07-20 18:00:00,1010.0
20260720,180000,70W,21,2026,7,20,18,14.5,166.0,100800.0,2026-07-20 18:00:00,2026-07-20 18:00:00,1008.0
20260720,180000,70W,21,2026,7,20,18,16.2,165.3,100800.0,2026-07-20 18:00:00,2026-07-20 18:00:00,1008.0
20260720,180000,70W,21,2026,7,20,18,16.2,163.8,100900.0,2026-07-20 18:00:00,2026-07-20 18:00:00,1009.0
20260720,180000,70W,21,2026,7,20,18,15.6,162.5,101000.0,2026-07-20 18:00:00,2026-07-20 18:00:00,1010.0
20260720,180000,70W,21,2026,7,20,18,17.5,162.0,100900.0,2026-07-20 18:00:00,2026-07-20 18:00:00,1009.0
20260720,180000,70W,21,2026,7,20,18,17.7,161.20000000000002,101100.0,2026-07-20 18:00:00,2026-07-20 18:00:00,1011.0
20260720,180000,70W,21,2026,7,20,18,17.7,159.8,100900.0,2026-07-20 18:00:00,2026-07-20 18:00:00,1009.0
20260720,180000,70W,21,2026,7,20,18,18.3,157.20000000000002,101100.0,2026-07-20 18:00:00,2026-07-20 18:00:00,1011.0
20260720,180000,70W,21,2026,7,20,18,18.400000000000002,157.3,101000.0,2026-07-20 18:00:00,2026-07-20 18:00:00,1010.0
20260720,180000,70W,22,2026,7,20,18,24.400000000000002,109.3,100300.0,2026-07-20 18:00:00,2026-07-20 18:00:00,1003.0
20260720,180000,70W,22,2026,7,20,18,24.400000000000002,108.3,100200.0,2026-07-20 18:00:00,2026-07-20 18:00:00,1002.0
20260720,180000,70W,23,2026,7,20,18,24.400000000000002,109.8,100300.0,2026-07-20 18:00:00,2026-07-20 18:00:00,1003.0
20260720,180000,70W,23,2026,7,20,18,25.6,108.9,100200.0,2026-07-20 18:00:00,2026-07-20 18:00:00,1002.0
20260720,180000,70W,23,2026,7,20,18,26.6,111.5,100300.0,2026-07-20 18:00:00,2026-07-20 18:00:00,1003.0
20260720,180000,70W,23,2026,7,20,18,28.0,112.10000000000001,100300.0,2026-07-20 18:00:00,2026-07-20 18:00:00,1003.0
20260720,180000,70W,23,2026,7,20,18,29.3,112.7,100200.0,2026-07-20 18:00:00,2026-07-20 18:00:00,1002.0
20260720,180000,70W,23,2026,7,20,18,30.400000000000002,113.4,100100.0,2026-07-20 18:00:00,2026-07-20 18:00:00,1001.0
20260720,180000,70W,24,2026,7,20,18,30.0,113.2,100400.0,2026-07-20 18:00:00,2026-07-20 18:00:00,1004.0
20260720,180000,70W,24,2026,7,20,18,30.400000000000002,114.60000000000001,100300.0,2026-07-20 18:00:00,2026-07-20 18:00:00,1003.0
20260720,180000,70W,24,2026,7,20,18,32.4,114.10000000000001,100300.0,2026-07-20 18:00:00,2026-07-20 18:00:00,1003.0
20260720,180000,70W,24,2026,7,20,18,32.4,118.3,100300.0,2026-07-20 18:00:00,2026-07-20 18:00:00,1003.0
20260720,180000,70W,24,2026,7,20,18,33.2,118.7,100200.0,2026-07-20 18:00:00,2026-07-20 18:00:00,1002.0
20260720,180000,70W,24,2026,7,20,18,35.0,120.7,100100.0,2026-07-20 18:00:00,2026-07-20 18:00:00,1001.0
20260720,180000,70W,24,2026,7,20,18,35.300000000000004,121.2,100200.0,2026-07-20 18:00:00,2026-07-20 18:00:00,1002.0
20260720,180000,70W,24,2026,7,20,18,35.800000000000004,122.7,100200.0,2026-07-20 18:00:00,2026-07-20 18:00:00,1002.0
20260720,180000,70W,24,2026,7,20,18,37.300000000000004,123.8,100300.0,2026-07-20 18:00:00,2026-07-20 18:00:00,1003.0
20260720,180000,70W,25,2026,7,20,18,24.7,109.10000000000001,100400.0,2026-07-20 18:00:00,2026-07-20 18:00:00,1004.0
20260720,180000,70W,25,2026,7,20,18,24.2,109.8,100300.0,2026-07-20 18:00:00,2026-07-20 18:00:00,1003.0
20260720,180000,70W,26,2026,7,20,18,31.8,116.0,100500.0,2026-07-20 18:00:00,2026-07-20 18:00:00,1005.0
20260720,180000,70W,26,2026,7,20,18,31.7,117.9,100300.0,2026-07-20 18:00:00,2026-07-20 18:00:00,1003.0
20260720,180000,70W,26,2026,7,20,18,32.1,118.7,100500.0,2026-07-20 18:00:00,2026-07-20 18:00:00,1005.0
20260720,180000,70W,26,2026,7,20,18,32.5,119.8,100300.0,2026-07-20 18:00:00,2026-07-20 18:00:00,1003.0
20260720,180000,70W,26,2026,7,20,18,33.4,120.60000000000001,100400.0,2026-07-20 18:00:00,2026-07-20 18:00:00,1004.0
20260720,180000,70W,26,2026,7,20,18,34.2,121.7,100300.0,2026-07-20 18:00:00,2026-07-20 18:00:00,1003.0
20260720,180000,70W,26,2026,7,20,18,35.6,123.0,100500.0,2026-07-20 18:00:00,2026-07-20 18:00:00,1005.0
20260720,180000,70W,26,2026,7,20,18,36.5,124.3,100400.0,2026-07-20 18:00:00,2026-07-20 18:00:00,1004.0
20260720,180000,70W,26,2026,7,20,18,37.800000000000004,128.9,100700.0,2026-07-20 18:00:00,2026-07-20 18:00:00,1007.0
20260720,180000,70W,26,2026,7,20,18,39.0,129.1,100900.0,2026-07-20 18:00:00,2026-07-20 18:00:00,1009.0
20260720,180000,70W,26,2026,7,20,18,41.6,129.7,100900.0,2026-07-20 18:00:00,2026-07-20 18:00:00,1009.0
20260720,180000,70W,27,2026,7,20,18,34.1,121.7,100300.0,2026-07-20 18:00:00,2026-07-20 18:00:00,1003.0
20260720,180000,70W,27,2026,7,20,18,34.4,122.60000000000001,100400.0,2026-07-20 18:00:00,2026-07-20 18:00:00,1004.0
20260720,180000,70W,27,2026,7,20,18,35.6,123.7,100600.0,2026-07-20 18:00:00,2026-07-20 18:00:00,1006.0
20260720,180000,70W,27,2026,7,20,18,35.5,123.9,100700.0,2026-07-20 18:00:00,2026-07-20 18:00:00,1007.0
20260720,180000,70W,27,2026,7,20,18,37.7,125.5,100500.0,2026-07-20 18:00:00,2026-07-20 18:00:00,1005.0
20260720,180000,70W,27,2026,7,20,18,38.2,128.7,100600.0,2026-07-20 18:00:00,2026-07-20 18:00:00,1006.0
20260720,180000,70W,27,2026,7,20,18,39.5,131.1,100600.0,2026-07-20 18:00:00,2026-07-20 18:00:00,1006.0
20260720,180000,70W,27,2026,7,20,18,40.0,131.9,100500.0,2026-07-20 18:00:00,2026-07-20 18:00:00,1005.0
20260720,180000,70W,27,2026,7,20,18,39.7,132.6,100500.0,2026-07-20 18:00:00,2026-07-20 18:00:00,1005.0
20260720,180000,70W,27,2026,7,20,18,39.6,133.4,100600.0,2026-07-20 18:00:00,2026-07-20 18:00:00,1006.0
20260720,180000,70W,27,2026,7,20,18,39.4,134.0,100700.0,2026-07-20 18:00:00,2026-07-20 18:00:00,1007.0
20260720,180000,70W,27,2026,7,20,18,39.5,134.6,100700.0,2026-07-20 18:00:00,2026-07-20 18:00:00,1007.0
20260720,180000,70W,27,2026,7,20,18,39.5,135.2,100800.0,2026-07-20 18:00:00,2026-07-20 18:00:00,1008.0
20260720,180000,70W,27,2026,7,20,18,40.7,138.4,100600.0,2026-07-20 18:00:00,2026-07-20 18:00:00,1006.0
20260720,180000,70W,28,2026,7,20,18,35.300000000000004,123.9,100300.0,2026-07-20 18:00:00,2026-07-20 18:00:00,1003.0
20260720,180000,70W,28,2026,7,20,18,35.800000000000004,124.9,100400.0,2026-07-20 18:00:00,2026-07-20 18:00:00,1004.0
20260720,180000,70W,29,2026,7,20,18,15.0,132.5,100500.0,2026-07-20 18:00:00,2026-07-20 18:00:00,1005.0
20260720,180000,70W,29,2026,7,20,18,14.200000000000001,132.8,100600.0,2026-07-20 18:00:00,2026-07-20 18:00:00,1006.0
20260720,180000,70W,29,2026,7,20,18,15.0,131.9,100400.0,2026-07-20 18:00:00,2026-07-20 18:00:00,1004.0
20260720,180000,70W,29,2026,7,20,18,15.200000000000001,130.7,100600.0,2026-07-20 18:00:00,2026-07-20 18:00:00,1006.0
20260720,180000,70W,29,2026,7,20,18,15.8,128.2,100400.0,2026-07-20 18:00:00,2026-07-20 18:00:00,1004.0
20260720,180000,70W,29,2026,7,20,18,16.2,126.9,100500.0,2026-07-20 18:00:00,2026-07-20 18:00:00,1005.0
20260720,180000,70W,29,2026,7,20,18,15.9,125.9,100400.0,2026-07-20 18:00:00,2026-07-20 18:00:00,1004.0
20260720,180000,70W,29,2026,7,20,18,16.4,124.8,100600.0,2026-07-20 18:00:00,2026-07-20 18:00:00,1006.0
20260720,180000,70W,29,2026,7,20,18,15.8,124.5,100400.0,2026-07-20 18:00:00,2026-07-20 18:00:00,1004.0
20260720,180000,70W,29,2026,7,20,18,16.1,123.3,100500.0,2026-07-20 18:00:00,2026-07-20 18:00:00,1005.0
20260720,180000,70W,29,2026,7,20,18,17.6,123.60000000000001,100400.0,2026-07-20 18:00:00,2026-07-20 18:00:00,1004.0
20260720,180000,70W,29,2026,7,20,18,17.8,122.9,100500.0,2026-07-20 18:00:00,2026-07-20 18:00:00,1005.0
20260720,180000,70W,29,2026,7,20,18,18.3,122.7,100300.0,2026-07-20 18:00:00,2026-07-20 18:00:00,1003.0
20260720,180000,70W,29,2026,7,20,18,19.1,122.0,100300.0,2026-07-20 18:00:00,2026-07-20 18:00:00,1003.0
20260720,180000,70W,29,2026,7,20,18,19.1,121.5,100200.0,2026-07-20 18:00:00,2026-07-20 18:00:00,1002.0
20260720,180000,70W,29,2026,7,20,18,19.1,121.3,100300.0,2026-07-20 18:00:00,2026-07-20 18:00:00,1003.0
20260720,180000,70W,30,2026,7,20,18,9.4,139.9,100900.0,2026-07-20 18:00:00,2026-07-20 18:00:00,1009.0
20260720,180000,70W,30,2026,7,20,18,13.700000000000001,140.4,100800.0,2026-07-20 18:00:00,2026-07-20 18:00:00,1008.0
20260720,180000,70W,31,2026,7,20,18,38.4,125.7,100300.0,2026-07-20 18:00:00,2026-07-20 18:00:00,1003.0
20260720,180000,70W,31,2026,7,20,18,38.4,128.6,100400.0,2026-07-20 18:00:00,2026-07-20 18:00:00,1004.0
20260720,180000,70W,31,2026,7,20,18,40.1,129.5,100400.0,2026-07-20 18:00:00,2026-07-20 18:00:00,1004.0
20260720,180000,70W,31,2026,7,20,18,41.4,132.0,100400.0,2026-07-20 18:00:00,2026-07-20 18:00:00,1004.0
20260720,180000,70W,31,2026,7,20,18,42.300000000000004,134.5,100400.0,2026-07-20 18:00:00,2026-07-20 18:00:00,1004.0
20260720,180000,70W,32,2026,7,20,18,38.9,125.7,100300.0,2026-07-20 18:00:00,2026-07-20 18:00:00,1003.0
20260720,180000,70W,32,2026,7,20,18,40.300000000000004,129.1,100400.0,2026-07-20 18:00:00,2026-07-20 18:00:00,1004.0
20260720,180000,70W,32,2026,7,20,18,42.1,131.5,100300.0,2026-07-20 18:00:00,2026-07-20 18:00:00,1003.0
20260720,180000,70W,33,2026,7,20,18,38.4,125.60000000000001,100300.0,2026-07-20 18:00:00,2026-07-20 18:00:00,1003.0
20260720,180000,70W,33,2026,7,20,18,39.800000000000004,129.5,100300.0,2026-07-20 18:00:00,2026-07-20 18:00:00,1003.0
20260720,180000,70W,33,2026,7,20,18,40.9,130.9,100400.0,2026-07-20 18:00:00,2026-07-20 18:00:00,1004.0
20260720,180000,70W,33,2026,7,20,18,41.7,133.1,100300.0,2026-07-20 18:00:00,2026-07-20 18:00:00,1003.0
20260720,180000,70W,34,2026,7,20,18,14.4,136.4,100600.0,2026-07-20 18:00:00,2026-07-20 18:00:00,1006.0
20260720,180000,70W,34,2026,7,20,18,15.200000000000001,133.3,100500.0,2026-07-20 18:00:00,2026-07-20 18:00:00,1005.0
20260720,180000,70W,35,2026,7,20,18,25.5,110.3,100300.0,2026-07-20 18:00:00,2026-07-20 18:00:00,1003.0
20260720,180000,70W,35,2026,7,20,18,28.7,111.3,100300.0,2026-07-20 18:00:00,2026-07-20 18:00:00,1003.0
20260720,180000,70W,35,2026,7,20,18,30.400000000000002,111.4,100300.0,2026-07-20 18:00:00,2026-07-20 18:00:00,1003.0
20260720,180000,70W,35,2026,7,20,18,30.900000000000002,110.60000000000001,100100.0,2026-07-20 18:00:00,2026-07-20 18:00:00,1001.0
20260720,180000,70W,35,2026,7,20,18,28.7,111.3,100000.0,2026-07-20 18:00:00,2026-07-20 18:00:00,1000.0
20260720,180000,70W,36,2026,7,20,18,30.400000000000002,114.60000000000001,100400.0,2026-07-20 18:00:00,2026-07-20 18:00:00,1004.0
20260720,180000,70W,36,2026,7,20,18,30.1,115.0,100300.0,2026-07-20 18:00:00,2026-07-20 18:00:00,1003.0
20260720,180000,70W,36,2026,7,20,18,30.1,114.60000000000001,100400.0,2026-07-20 18:00:00,2026-07-20 18:00:00,1004.0
20260720,180000,70W,36,2026,7,20,18,29.900000000000002,115.9,100400.0,2026-07-20 18:00:00,2026-07-20 18:00:00,1004.0
20260720,180000,70W,36,2026,7,20,18,31.6,117.7,100500.0,2026-07-20 18:00:00,2026-07-20 18:00:00,1005.0
20260720,180000,70W,36,2026,7,20,18,32.3,119.4,100300.0,2026-07-20 18:00:00,2026-07-20 18:00:00,1003.0
20260720,180000,70W,36,2026,7,20,18,33.3,120.3,100400.0,2026-07-20 18:00:00,2026-07-20 18:00:00,1004.0
20260720,180000,70W,36,2026,7,20,18,34.2,121.0,100400.0,2026-07-20 18:00:00,2026-07-20 18:00:00,1004.0
20260720,180000,70W,36,2026,7,20,18,34.800000000000004,121.7,100500.0,2026-07-20 18:00:00,2026-07-20 18:00:00,1005.0
20260720,180000,70W,36,2026,7,20,18,35.800000000000004,123.4,100500.0,2026-07-20 18:00:00,2026-07-20 18:00:00,1005.0
20260720,180000,70W,36,2026,7,20,18,38.6,125.5,100800.0,2026-07-20 18:00:00,2026-07-20 18:00:00,1008.0
20260720,180000,70W,37,2026,7,20,18,33.8,122.2,100300.0,2026-07-20 18:00:00,2026-07-20 18:00:00,1003.0
20260720,180000,70W,37,2026,7,20,18,34.1,122.60000000000001,100400.0,2026-07-20 18:00:00,2026-07-20 18:00:00,1004.0
20260720,180000,70W,37,2026,7,20,18,34.9,123.10000000000001,100400.0,2026-07-20 18:00:00,2026-07-20 18:00:00,1004.0
20260720,180000,70W,37,2026,7,20,18,36.300000000000004,123.5,100500.0,2026-07-20 18:00:00,2026-07-20 18:00:00,1005.0
20260720,180000,70W,37,2026,7,20,18,37.1,123.8,100500.0,2026-07-20 18:00:00,2026-07-20 18:00:00,1005.0
20260720,180000,70W,37,2026,7,20,18,38.2,128.7,100600.0,2026-07-20 18:00:00,2026-07-20 18:00:00,1006.0
20260720,180000,70W,37,2026,7,20,18,38.1,129.5,100700.0,2026-07-20 18:00:00,2026-07-20 18:00:00,1007.0
20260720,180000,70W,37,2026,7,20,18,38.5,132.5,100800.0,2026-07-20 18:00:00,2026-07-20 18:00:00,1008.0
20260720,180000,70W,37,2026,7,20,18,39.1,137.1,100700.0,2026-07-20 18:00:00,2026-07-20 18:00:00,1007.0
20260720,180000,70W,37,2026,7,20,18,38.9,138.9,100700.0,2026-07-20 18:00:00,2026-07-20 18:00:00,1007.0
20260720,180000,70W,37,2026,7,20,18,37.4,141.3,100500.0,2026-07-20 18:00:00,2026-07-20 18:00:00,1005.0
20260720,180000,70W,37,2026,7,20,18,36.2,143.0,100500.0,2026-07-20 18:00:00,2026-07-20 18:00:00,1005.0
20260720,180000,70W,37,2026,7,20,18,35.1,144.0,100200.0,2026-07-20 18:00:00,2026-07-20 18:00:00,1002.0
20260720,180000,70W,37,2026,7,20,18,34.300000000000004,143.4,100400.0,2026-07-20 18:00:00,2026-07-20 18:00:00,1004.0
20260720,180000,70W,37,2026,7,20,18,32.5,144.70000000000002,100600.0,2026-07-20 18:00:00,2026-07-20 18:00:00,1006.0
20260720,180000,70W,37,2026,7,20,18,32.3,144.8,100900.0,2026-07-20 18:00:00,2026-07-20 18:00:00,1009.0
20260720,180000,70W,38,2026,7,20,18,38.4,125.60000000000001,100200.0,2026-07-20 18:00:00,2026-07-20 18:00:00,1002.0
20260720,180000,70W,38,2026,7,20,18,39.2,128.6,100300.0,2026-07-20 18:00:00,2026-07-20 18:00:00,1003.0
20260720,180000,70W,38,2026,7,20,18,41.5,130.5,100400.0,2026-07-20 18:00:00,2026-07-20 18:00:00,1004.0
20260720,180000,70W,38,2026,7,20,18,41.7,132.5,100200.0,2026-07-20 18:00:00,2026-07-20 18:00:00,1002.0
20260720,180000,70W,39,2026,7,20,18,35.2,123.8,100500.0,2026-07-20 18:00:00,2026-07-20 18:00:00,1005.0
20260720,180000,70W,39,2026,7,20,18,35.5,121.9,100600.0,2026-07-20 18:00:00,2026-07-20 18:00:00,1006.0
20260720,180000,70W,40,2026,7,20,18,25.1,110.10000000000001,100400.0,2026-07-20 18:00:00,2026-07-20 18:00:00,1004.0
20260720,180000,70W,40,2026,7,20,18,25.2,110.10000000000001,100300.0,2026-07-20 18:00:00,2026-07-20 18:00:00,1003.0
20260720,180000,70W,40,2026,7,20,18,29.1,110.4,100500.0,2026-07-20 18:00:00,2026-07-20 18:00:00,1005.0
20260720,180000,70W,41,2026,7,20,18,11.9,140.8,100500.0,2026-07-20 18:00:00,2026-07-20 18:00:00,1005.0
20260720,180000,70W,41,2026,7,20,18,13.9,140.5,100700.0,2026-07-20 18:00:00,2026-07-20 18:00:00,1007.0
20260720,180000,70W,41,2026,7,20,18,15.200000000000001,139.0,100500.0,2026-07-20 18:00:00,2026-07-20 18:00:00,1005.0
20260720,180000,70W,41,2026,7,20,18,16.9,137.20000000000002,100600.0,2026-07-20 18:00:00,2026-07-20 18:00:00,1006.0
20260720,180000,70W,41,2026,7,20,18,17.400000000000002,135.0,100400.0,2026-07-20 18:00:00,2026-07-20 18:00:00,1004.0
20260720,180000,70W,41,2026,7,20,18,15.1,132.6,100500.0,2026-07-20 18:00:00,2026-07-20 18:00:00,1005.0
20260720,180000,70W,41,2026,7,20,18,16.1,130.7,100100.0,2026-07-20 18:00:00,2026-07-20 18:00:00,1001.0
20260720,180000,70W,41,2026,7,20,18,14.8,130.4,100000.0,2026-07-20 18:00:00,2026-07-20 18:00:00,1000.0
20260720,180000,70W,41,2026,7,20,18,14.8,130.2,99700.0,2026-07-20 18:00:00,2026-07-20 18:00:00,997.0
20260720,180000,70W,41,2026,7,20,18,15.200000000000001,129.8,99800.0,2026-07-20 18:00:00,2026-07-20 18:00:00,998.0
20260720,180000,70W,41,2026,7,20,18,16.0,128.8,99600.0,2026-07-20 18:00:00,2026-07-20 18:00:00,996.0
20260720,180000,70W,41,2026,7,20,18,16.3,127.10000000000001,99600.0,2026-07-20 18:00:00,2026-07-20 18:00:00,996.0
20260720,180000,70W,41,2026,7,20,18,16.4,126.0,99200.0,2026-07-20 18:00:00,2026-07-20 18:00:00,992.0
20260720,180000,70W,41,2026,7,20,18,16.6,124.7,99100.0,2026-07-20 18:00:00,2026-07-20 18:00:00,991.0
20260720,180000,70W,41,2026,7,20,18,18.0,124.5,98600.0,2026-07-20 18:00:00,2026-07-20 18:00:00,986.0
20260720,180000,70W,41,2026,7,20,18,17.900000000000002,121.7,98700.0,2026-07-20 18:00:00,2026-07-20 18:00:00,987.0
20260720,180000,70W,41,2026,7,20,18,18.3,121.9,98500.0,2026-07-20 18:00:00,2026-07-20 18:00:00,985.0
20260720,180000,70W,41,2026,7,20,18,17.7,119.8,98200.0,2026-07-20 18:00:00,2026-07-20 18:00:00,982.0
20260720,180000,70W,41,2026,7,20,18,18.7,118.4,98100.0,2026-07-20 18:00:00,2026-07-20 18:00:00,981.0
20260720,180000,70W,41,2026,7,20,18,19.2,118.0,97800.0,2026-07-20 18:00:00,2026-07-20 18:00:00,978.0
20260720,180000,70W,41,2026,7,20,18,19.2,117.2,97500.0,2026-07-20 18:00:00,2026-07-20 18:00:00,975.0
20260720,180000,70W,41,2026,7,20,18,19.6,116.4,97300.0,2026-07-20 18:00:00,2026-07-20 18:00:00,973.0
20260720,180000,70W,41,2026,7,20,18,20.3,115.3,97200.0,2026-07-20 18:00:00,2026-07-20 18:00:00,972.0
20260720,180000,70W,42,2026,7,20,18,37.800000000000004,125.0,100000.0,2026-07-20 18:00:00,2026-07-20 18:00:00,1000.0
20260720,180000,70W,42,2026,7,20,18,38.6,128.3,100100.0,2026-07-20 18:00:00,2026-07-20 18:00:00,1001.0
20260720,180000,70W,42,2026,7,20,18,40.1,129.7,100300.0,2026-07-20 18:00:00,2026-07-20 18:00:00,1003.0
20260720,180000,70W,42,2026,7,20,18,41.300000000000004,131.9,100300.0,2026-07-20 18:00:00,2026-07-20 18:00:00,1003.0
20260720,180000,70W,42,2026,7,20,18,42.4,135.8,100300.0,2026-07-20 18:00:00,2026-07-20 18:00:00,1003.0
20260720,180000,70W,42,2026,7,20,18,42.1,136.8,100300.0,2026-07-20 18:00:00,2026-07-20 18:00:00,1003.0
20260720,180000,70W,43,2026,7,20,18,25.2,110.3,100200.0,2026-07-20 18:00:00,2026-07-20 18:00:00,1002.0
20260720,180000,70W,43,2026,7,20,18,25.2,110.10000000000001,100300.0,2026-07-20 18:00:00,2026-07-20 18:00:00,1003.0
20260720,180000,70W,43,2026,7,20,18,26.2,111.5,100400.0,2026-07-20 18:00:00,2026-07-20 18:00:00,1004.0
20260720,180000,70W,43,2026,7,20,18,28.7,111.3,100400.0,2026-07-20 18:00:00,2026-07-20 18:00:00,1004.0
20260720,180000,70W,43,2026,7,20,18,28.8,112.0,100300.0,2026-07-20 18:00:00,2026-07-20 18:00:00,1003.0
20260720,180000,70W,43,2026,7,20,18,27.7,111.8,100200.0,2026-07-20 18:00:00,2026-07-20 18:00:00,1002.0
20260720,180000,70W,43,2026,7,20,18,30.3,111.5,100100.0,2026-07-20 18:00:00,2026-07-20 18:00:00,1001.0
20260720,180000,70W,43,2026,7,20,18,31.6,112.0,100200.0,2026-07-20 18:00:00,2026-07-20 18:00:00,1002.0
20260720,180000,70W,44,2026,7,20,18,13.6,144.70000000000002,100900.0,2026-07-20 18:00:00,2026-07-20 18:00:00,1009.0
20260720,180000,70W,45,2026,7,20,18,38.4,125.5,100100.0,2026-07-20 18:00:00,2026-07-20 18:00:00,1001.0
20260720,180000,70W,45,2026,7,20,18,39.0,127.8,100200.0,2026-07-20 18:00:00,2026-07-20 18:00:00,1002.0
20260720,180000,70W,45,2026,7,20,18,40.1,129.3,100300.0,2026-07-20 18:00:00,2026-07-20 18:00:00,1003.0
20260720,180000,70W,45,2026,7,20,18,41.4,131.2,100200.0,2026-07-20 18:00:00,2026-07-20 18:00:00,1002.0
20260720,180000,70W,45,2026,7,20,18,41.5,132.9,100300.0,2026-07-20 18:00:00,2026-07-20 18:00:00,1003.0
20260720,180000,70W,45,2026,7,20,18,41.300000000000004,139.1,100600.0,2026-07-20 18:00:00,2026-07-20 18:00:00,1006.0
20260720,180000,70W,46,2026,7,20,18,12.8,137.6,100700.0,2026-07-20 18:00:00,2026-07-20 18:00:00,1007.0
20260720,180000,70W,46,2026,7,20,18,13.1,139.0,100500.0,2026-07-20 18:00:00,2026-07-20 18:00:00,1005.0
20260720,180000,70W,46,2026,7,20,18,13.8,138.4,100700.0,2026-07-20 18:00:00,2026-07-20 18:00:00,1007.0
20260720,180000,70W,46,2026,7,20,18,14.200000000000001,135.9,100600.0,2026-07-20 18:00:00,2026-07-20 18:00:00,1006.0
20260720,180000,70W,46,2026,7,20,18,14.3,135.1,100400.0,2026-07-20 18:00:00,2026-07-20 18:00:00,1004.0
20260720,180000,70W,46,2026,7,20,18,14.700000000000001,133.9,100600.0,2026-07-20 18:00:00,2026-07-20 18:00:00,1006.0
20260720,180000,70W,46,2026,7,20,18,15.1,133.3,100400.0,2026-07-20 18:00:00,2026-07-20 18:00:00,1004.0
20260720,180000,70W,46,2026,7,20,18,15.8,132.7,100500.0,2026-07-20 18:00:00,2026-07-20 18:00:00,1005.0
20260720,180000,70W,46,2026,7,20,18,16.1,131.6,100200.0,2026-07-20 18:00:00,2026-07-20 18:00:00,1002.0
20260720,180000,70W,46,2026,7,20,18,16.4,130.0,100400.0,2026-07-20 18:00:00,2026-07-20 18:00:00,1004.0
20260720,180000,70W,46,2026,7,20,18,16.8,128.1,100100.0,2026-07-20 18:00:00,2026-07-20 18:00:00,1001.0
20260720,180000,70W,46,2026,7,20,18,17.0,127.5,100100.0,2026-07-20 18:00:00,2026-07-20 18:00:00,1001.0
20260720,180000,70W,46,2026,7,20,18,17.3,126.0,99800.0,2026-07-20 18:00:00,2026-07-20 18:00:00,998.0
20260720,180000,70W,46,2026,7,20,18,17.3,125.5,99800.0,2026-07-20 18:00:00,2026-07-20 18:00:00,998.0
20260720,180000,70W,46,2026,7,20,18,18.1,124.3,99600.0,2026-07-20 18:00:00,2026-07-20 18:00:00,996.0
20260720,180000,70W,46,2026,7,20,18,18.6,123.10000000000001,99600.0,2026-07-20 18:00:00,2026-07-20 18:00:00,996.0
20260720,180000,70W,46,2026,7,20,18,19.3,122.2,99400.0,2026-07-20 18:00:00,2026-07-20 18:00:00,994.0
20260720,180000,70W,46,2026,7,20,18,19.6,120.8,99300.0,2026-07-20 18:00:00,2026-07-20 18:00:00,993.0
20260720,180000,70W,46,2026,7,20,18,18.8,119.8,98600.0,2026-07-20 18:00:00,2026-07-20 18:00:00,986.0
20260720,180000,70W,46,2026,7,20,18,19.2,119.4,98500.0,2026-07-20 18:00:00,2026-07-20 18:00:00,985.0
20260720,180000,70W,46,2026,7,20,18,19.2,118.60000000000001,97900.0,2026-07-20 18:00:00,2026-07-20 18:00:00,979.0
20260720,180000,70W,46,2026,7,20,18,19.3,117.9,98100.0,2026-07-20 18:00:00,2026-07-20 18:00:00,981.0
20260720,180000,70W,46,2026,7,20,18,19.0,117.4,98000.0,2026-07-20 18:00:00,2026-07-20 18:00:00,980.0
20260720,180000,70W,47,2026,7,20,18,14.0,138.70000000000002,100800.0,2026-07-20 18:00:00,2026-07-20 18:00:00,1008.0
20260720,180000,70W,47,2026,7,20,18,13.5,138.70000000000002,100700.0,2026-07-20 18:00:00,2026-07-20 18:00:00,1007.0
20260720,180000,70W,47,2026,7,20,18,14.5,137.3,100800.0,2026-07-20 18:00:00,2026-07-20 18:00:00,1008.0
20260720,180000,70W,47,2026,7,20,18,14.6,135.6,100600.0,2026-07-20 18:00:00,2026-07-20 18:00:00,1006.0
20260720,180000,70W,47,2026,7,20,18,15.200000000000001,135.2,100700.0,2026-07-20 18:00:00,2026-07-20 18:00:00,1007.0
20260720,180000,70W,47,2026,7,20,18,15.700000000000001,134.5,100600.0,2026-07-20 18:00:00,2026-07-20 18:00:00,1006.0
20260720,180000,70W,47,2026,7,20,18,15.9,133.4,100700.0,2026-07-20 18:00:00,2026-07-20 18:00:00,1007.0
20260720,180000,70W,47,2026,7,20,18,16.4,131.8,100400.0,2026-07-20 18:00:00,2026-07-20 18:00:00,1004.0
20260720,180000,70W,47,2026,7,20,18,17.1,130.8,100600.0,2026-07-20 18:00:00,2026-07-20 18:00:00,1006.0
20260720,180000,70W,47,2026,7,20,18,17.2,129.7,100400.0,2026-07-20 18:00:00,2026-07-20 18:00:00,1004.0
20260720,180000,70W,47,2026,7,20,18,17.6,128.3,100500.0,2026-07-20 18:00:00,2026-07-20 18:00:00,1005.0
20260720,180000,70W,47,2026,7,20,18,18.1,127.10000000000001,100300.0,2026-07-20 18:00:00,2026-07-20 18:00:00,1003.0
20260720,180000,70W,47,2026,7,20,18,18.5,125.5,100400.0,2026-07-20 18:00:00,2026-07-20 18:00:00,1004.0
20260720,180000,70W,47,2026,7,20,18,18.6,124.60000000000001,100200.0,2026-07-20 18:00:00,2026-07-20 18:00:00,1002.0
20260720,180000,70W,47,2026,7,20,18,18.7,123.3,100300.0,2026-07-20 18:00:00,2026-07-20 18:00:00,1003.0
20260720,180000,70W,47,2026,7,20,18,18.900000000000002,122.2,100000.0,2026-07-20 18:00:00,2026-07-20 18:00:00,1000.0
20260720,180000,70W,47,2026,7,20,18,19.3,120.8,100000.0,2026-07-20 18:00:00,2026-07-20 18:00:00,1000.0
20260720,180000,70W,47,2026,7,20,18,19.2,118.9,99200.0,2026-07-20 18:00:00,2026-07-20 18:00:00,992.0
20260720,180000,70W,47,2026,7,20,18,18.6,118.0,99300.0,2026-07-20 18:00:00,2026-07-20 18:00:00,993.0
20260720,180000,70W,47,2026,7,20,18,18.7,117.2,98900.0,2026-07-20 18:00:00,2026-07-20 18:00:00,989.0
20260720,180000,70W,47,2026,7,20,18,18.8,116.2,98500.0,2026-07-20 18:00:00,2026-07-20 18:00:00,985.0
20260720,180000,70W,47,2026,7,20,18,18.900000000000002,115.3,98000.0,2026-07-20 18:00:00,2026-07-20 18:00:00,980.0
20260720,180000,70W,47,2026,7,20,18,18.8,114.3,98200.0,2026-07-20 18:00:00,2026-07-20 18:00:00,982.0
20260720,180000,70W,47,2026,7,20,18,18.8,113.3,97900.0,2026-07-20 18:00:00,2026-07-20 18:00:00,979.0
20260720,180000,70W,48,2026,7,20,18,12.4,139.0,100600.0,2026-07-20 18:00:00,2026-07-20 18:00:00,1006.0
20260720,180000,70W,48,2026,7,20,18,13.6,138.6,100400.0,2026-07-20 18:00:00,2026-07-20 18:00:00,1004.0
20260720,180000,70W,48,2026,7,20,18,14.3,137.1,100600.0,2026-07-20 18:00:00,2026-07-20 18:00:00,1006.0
20260720,180000,70W,48,2026,7,20,18,14.700000000000001,136.9,100300.0,2026-07-20 18:00:00,2026-07-20 18:00:00,1003.0
20260720,180000,70W,48,2026,7,20,18,14.5,134.9,100400.0,2026-07-20 18:00:00,2026-07-20 18:00:00,1004.0
20260720,180000,70W,48,2026,7,20,18,14.5,135.1,100100.0,2026-07-20 18:00:00,2026-07-20 18:00:00,1001.0
20260720,180000,70W,48,2026,7,20,18,15.5,133.8,100200.0,2026-07-20 18:00:00,2026-07-20 18:00:00,1002.0
20260720,180000,70W,48,2026,7,20,18,15.9,133.5,99900.0,2026-07-20 18:00:00,2026-07-20 18:00:00,999.0
20260720,180000,70W,48,2026,7,20,18,16.9,132.1,100000.0,2026-07-20 18:00:00,2026-07-20 18:00:00,1000.0
20260720,180000,70W,48,2026,7,20,18,17.7,129.9,99700.0,2026-07-20 18:00:00,2026-07-20 18:00:00,997.0
20260720,180000,70W,48,2026,7,20,18,17.7,128.8,99800.0,2026-07-20 18:00:00,2026-07-20 18:00:00,998.0
20260720,180000,70W,48,2026,7,20,18,18.1,126.9,99600.0,2026-07-20 18:00:00,2026-07-20 18:00:00,996.0
20260720,180000,70W,48,2026,7,20,18,18.400000000000002,125.7,99700.0,2026-07-20 18:00:00,2026-07-20 18:00:00,997.0
20260720,180000,70W,48,2026,7,20,18,18.5,124.9,99500.0,2026-07-20 18:00:00,2026-07-20 18:00:00,995.0
20260720,180000,70W,48,2026,7,20,18,18.8,123.60000000000001,99600.0,2026-07-20 18:00:00,2026-07-20 18:00:00,996.0
20260720,180000,70W,48,2026,7,20,18,19.5,122.9,99400.0,2026-07-20 18:00:00,2026-07-20 18:00:00,994.0
20260720,180000,70W,48,2026,7,20,18,19.7,121.5,99600.0,2026-07-20 18:00:00,2026-07-20 18:00:00,996.0
20260720,180000,70W,48,2026,7,20,18,19.900000000000002,120.7,99500.0,2026-07-20 18:00:00,2026-07-20 18:00:00,995.0
20260720,180000,70W,48,2026,7,20,18,19.3,119.8,99400.0,2026-07-20 18:00:00,2026-07-20 18:00:00,994.0
20260720,180000,70W,48,2026,7,20,18,20.1,119.0,99000.0,2026-07-20 18:00:00,2026-07-20 18:00:00,990.0
20260720,180000,70W,48,2026,7,20,18,20.5,118.5,99100.0,2026-07-20 18:00:00,2026-07-20 18:00:00,991.0
20260720,180000,70W,48,2026,7,20,18,20.8,117.9,98900.0,2026-07-20 18:00:00,2026-07-20 18:00:00,989.0
20260720,180000,70W,48,2026,7,20,18,21.7,117.2,98900.0,2026-07-20 18:00:00,2026-07-20 18:00:00,989.0
20260720,180000,70W,48,2026,7,20,18,22.1,116.4,98900.0,2026-07-20 18:00:00,2026-07-20 18:00:00,989.0
20260720,180000,70W,49,2026,7,20,18,37.9,125.10000000000001,100100.0,2026-07-20 18:00:00,2026-07-20 18:00:00,1001.0
20260720,180000,70W,49,2026,7,20,18,41.5,132.0,100300.0,2026-07-20 18:00:00,2026-07-20 18:00:00,1003.0
20260720,180000,70W,49,2026,7,20,18,41.800000000000004,136.2,100400.0,2026-07-20 18:00:00,2026-07-20 18:00:00,1004.0
20260720,180000,70W,50,2026,7,20,18,25.2,110.3,100300.0,2026-07-20 18:00:00,2026-07-20 18:00:00,1003.0
20260720,180000,70W,50,2026,7,20,18,26.900000000000002,113.2,100200.0,2026-07-20 18:00:00,2026-07-20 18:00:00,1002.0
20260720,180000,70W,51,2026,7,20,18,25.1,110.10000000000001,100400.0,2026-07-20 18:00:00,2026-07-20 18:00:00,1004.0
20260720,180000,70W,51,2026,7,20,18,26.2,111.5,100300.0,2026-07-20 18:00:00,2026-07-20 18:00:00,1003.0
20260720,180000,70W,51,2026,7,20,18,30.400000000000002,111.4,100300.0,2026-07-20 18:00:00,2026-07-20 18:00:00,1003.0
20260720,180000,70W,51,2026,7,20,18,30.400000000000002,111.4,100100.0,2026-07-20 18:00:00,2026-07-20 18:00:00,1001.0
20260720,180000,70W,51,2026,7,20,18,31.6,112.0,100000.0,2026-07-20 18:00:00,2026-07-20 18:00:00,1000.0
20260720,180000,70W,51,2026,7,20,18,31.6,112.0,100100.0,2026-07-20 18:00:00,2026-07-20 18:00:00,1001.0
20260720,180000,70W,51,2026,7,20,18,30.3,111.5,100200.0,2026-07-20 18:00:00,2026-07-20 18:00:00,1002.0
20260720,180000,70W,51,2026,7,20,18,31.5,112.0,100200.0,2026-07-20 18:00:00,2026-07-20 18:00:00,1002.0
20260720,180000,70W,51,2026,7,20,18,32.7,110.8,100100.0,2026-07-20 18:00:00,2026-07-20 18:00:00,1001.0
20260720,180000,70W,51,2026,7,20,18,32.7,110.8,100100.0,2026-07-20 18:00:00,2026-07-20 18:00:00,1001.0
20260720,180000,70W,51,2026,7,20,18,31.6,112.0,100300.0,2026-07-20 18:00:00,2026-07-20 18:00:00,1003.0
20260720,180000,71W,1,2026,7,20,18,29.400000000000002,115.8,100500.0,2026-07-20 18:00:00,2026-07-20 18:00:00,1005.0
20260720,180000,71W,1,2026,7,20,18,30.400000000000002,114.9,100300.0,2026-07-20 18:00:00,2026-07-20 18:00:00,1003.0
20260720,180000,71W,1,2026,7,20,18,33.0,114.10000000000001,100300.0,2026-07-20 18:00:00,2026-07-20 18:00:00,1003.0
20260720,180000,71W,1,2026,7,20,18,32.2,117.2,100100.0,2026-07-20 18:00:00,2026-07-20 18:00:00,1001.0
20260720,180000,71W,1,2026,7,20,18,32.9,118.4,99900.0,2026-07-20 18:00:00,2026-07-20 18:00:00,999.0
20260720,180000,71W,1,2026,7,20,18,33.7,119.8,100100.0,2026-07-20 18:00:00,2026-07-20 18:00:00,1001.0
20260720,180000,71W,1,2026,7,20,18,35.1,121.5,100000.0,2026-07-20 18:00:00,2026-07-20 18:00:00,1000.0
20260720,180000,71W,1,2026,7,20,18,36.1,122.9,100000.0,2026-07-20 18:00:00,2026-07-20 18:00:00,1000.0
20260720,180000,71W,1,2026,7,20,18,37.1,124.8,100000.0,2026-07-20 18:00:00,2026-07-20 18:00:00,1000.0
20260720,180000,71W,2,2026,7,20,18,12.5,177.8,100700.0,2026-07-20 18:00:00,2026-07-20 18:00:00,1007.0
20260720,180000,71W,2,2026,7,20,18,12.3,176.4,100600.0,2026-07-20 18:00:00,2026-07-20 18:00:00,1006.0
20260720,180000,71W,2,2026,7,20,18,12.1,175.20000000000002,100800.0,2026-07-20 18:00:00,2026-07-20 18:00:00,1008.0
20260720,180000,71W,2,2026,7,20,18,12.1,174.5,100600.0,2026-07-20 18:00:00,2026-07-20 18:00:00,1006.0
20260720,180000,71W,2,2026,7,20,18,13.8,173.3,100600.0,2026-07-20 18:00:00,2026-07-20 18:00:00,1006.0
20260720,180000,71W,2,2026,7,20,18,13.4,171.4,100800.0,2026-07-20 18:00:00,2026-07-20 18:00:00,1008.0
20260720,180000,71W,2,2026,7,20,18,14.200000000000001,170.0,100700.0,2026-07-20 18:00:00,2026-07-20 18:00:00,1007.0
20260720,180000,71W,2,2026,7,20,18,14.8,169.4,100800.0,2026-07-20 18:00:00,2026-07-20 18:00:00,1008.0
20260720,180000,71W,2,2026,7,20,18,14.5,168.3,100700.0,2026-07-20 18:00:00,2026-07-20 18:00:00,1007.0
20260720,180000,71W,2,2026,7,20,18,15.200000000000001,169.3,100800.0,2026-07-20 18:00:00,2026-07-20 18:00:00,1008.0
20260720,180000,71W,2,2026,7,20,18,14.3,167.4,100700.0,2026-07-20 18:00:00,2026-07-20 18:00:00,1007.0
20260720,180000,71W,3,2026,7,20,18,12.4,177.3,100600.0,2026-07-20 18:00:00,2026-07-20 18:00:00,1006.0
20260720,180000,71W,3,2026,7,20,18,12.6,176.5,100500.0,2026-07-20 18:00:00,2026-07-20 18:00:00,1005.0
20260720,180000,71W,3,2026,7,20,18,12.6,175.70000000000002,100700.0,2026-07-20 18:00:00,2026-07-20 18:00:00,1007.0
20260720,180000,71W,3,2026,7,20,18,13.4,173.3,100700.0,2026-07-20 18:00:00,2026-07-20 18:00:00,1007.0
20260720,180000,71W,3,2026,7,20,18,13.1,172.6,100700.0,2026-07-20 18:00:00,2026-07-20 18:00:00,1007.0
20260720,180000,71W,3,2026,7,20,18,14.4,171.3,100600.0,2026-07-20 18:00:00,2026-07-20 18:00:00,1006.0
20260720,180000,71W,3,2026,7,20,18,14.3,170.5,100700.0,2026-07-20 18:00:00,2026-07-20 18:00:00,1007.0
20260720,180000,71W,3,2026,7,20,18,14.6,169.3,100500.0,2026-07-20 18:00:00,2026-07-20 18:00:00,1005.0
20260720,180000,71W,3,2026,7,20,18,15.8,169.4,100700.0,2026-07-20 18:00:00,2026-07-20 18:00:00,1007.0
20260720,180000,71W,3,2026,7,20,18,15.8,168.20000000000002,100600.0,2026-07-20 18:00:00,2026-07-20 18:00:00,1006.0
20260720,180000,71W,3,2026,7,20,18,15.9,167.1,100800.0,2026-07-20 18:00:00,2026-07-20 18:00:00,1008.0
20260720,180000,71W,3,2026,7,20,18,15.200000000000001,167.5,100600.0,2026-07-20 18:00:00,2026-07-20 18:00:00,1006.0
20260720,180000,71W,3,2026,7,20,18,16.6,166.5,100800.0,2026-07-20 18:00:00,2026-07-20 18:00:00,1008.0
20260720,180000,71W,3,2026,7,20,18,16.2,165.70000000000002,100600.0,2026-07-20 18:00:00,2026-07-20 18:00:00,1006.0
20260720,180000,71W,3,2026,7,20,18,16.9,165.3,100800.0,2026-07-20 18:00:00,2026-07-20 18:00:00,1008.0
20260720,180000,71W,3,2026,7,20,18,17.0,165.5,100500.0,2026-07-20 18:00:00,2026-07-20 18:00:00,1005.0
20260720,180000,71W,3,2026,7,20,18,17.8,164.8,100700.0,2026-07-20 18:00:00,2026-07-20 18:00:00,1007.0
20260720,180000,71W,3,2026,7,20,18,18.7,163.70000000000002,100500.0,2026-07-20 18:00:00,2026-07-20 18:00:00,1005.0
20260720,180000,71W,3,2026,7,20,18,18.8,162.9,100600.0,2026-07-20 18:00:00,2026-07-20 18:00:00,1006.0
20260720,180000,71W,3,2026,7,20,18,18.900000000000002,162.0,100300.0,2026-07-20 18:00:00,2026-07-20 18:00:00,1003.0
20260720,180000,71W,3,2026,7,20,18,19.1,160.9,100200.0,2026-07-20 18:00:00,2026-07-20 18:00:00,1002.0
20260720,180000,71W,3,2026,7,20,18,19.2,159.9,100000.0,2026-07-20 18:00:00,2026-07-20 18:00:00,1000.0
20260720,180000,71W,3,2026,7,20,18,19.3,158.6,100200.0,2026-07-20 18:00:00,2026-07-20 18:00:00,1002.0
20260720,180000,71W,3,2026,7,20,18,19.5,157.5,100000.0,2026-07-20 18:00:00,2026-07-20 18:00:00,1000.0
20260720,180000,71W,4,2026,7,20,18,12.9,177.1,100800.0,2026-07-20 18:00:00,2026-07-20 18:00:00,1008.0
20260720,180000,71W,4,2026,7,20,18,12.9,176.3,100700.0,2026-07-20 18:00:00,2026-07-20 18:00:00,1007.0
20260720,180000,71W,4,2026,7,20,18,12.4,174.9,100800.0,2026-07-20 18:00:00,2026-07-20 18:00:00,1008.0
20260720,180000,71W,4,2026,7,20,18,13.3,173.1,100800.0,2026-07-20 18:00:00,2026-07-20 18:00:00,1008.0
20260720,180000,71W,4,2026,7,20,18,13.4,169.6,100700.0,2026-07-20 18:00:00,2026-07-20 18:00:00,1007.0
20260720,180000,71W,4,2026,7,20,18,14.1,169.9,100700.0,2026-07-20 18:00:00,2026-07-20 18:00:00,1007.0
20260720,180000,71W,4,2026,7,20,18,15.3,170.70000000000002,100800.0,2026-07-20 18:00:00,2026-07-20 18:00:00,1008.0
20260720,180000,71W,4,2026,7,20,18,14.5,169.5,100700.0,2026-07-20 18:00:00,2026-07-20 18:00:00,1007.0
20260720,180000,71W,4,2026,7,20,18,15.9,169.1,100900.0,2026-07-20 18:00:00,2026-07-20 18:00:00,1009.0
20260720,180000,71W,4,2026,7,20,18,15.5,165.4,101000.0,2026-07-20 18:00:00,2026-07-20 18:00:00,1010.0
20260720,180000,71W,4,2026,7,20,18,15.200000000000001,164.1,100800.0,2026-07-20 18:00:00,2026-07-20 18:00:00,1008.0
20260720,180000,71W,4,2026,7,20,18,15.9,164.9,100900.0,2026-07-20 18:00:00,2026-07-20 18:00:00,1009.0
20260720,180000,71W,4,2026,7,20,18,15.0,162.8,100800.0,2026-07-20 18:00:00,2026-07-20 18:00:00,1008.0
20260720,180000,71W,4,2026,7,20,18,15.9,162.6,100900.0,2026-07-20 18:00:00,2026-07-20 18:00:00,1009.0
20260720,180000,71W,4,2026,7,20,18,16.0,160.8,100800.0,2026-07-20 18:00:00,2026-07-20 18:00:00,1008.0
20260720,180000,71W,4,2026,7,20,18,15.200000000000001,159.20000000000002,101000.0,2026-07-20 18:00:00,2026-07-20 18:00:00,1010.0
20260720,180000,71W,4,2026,7,20,18,16.5,158.9,100800.0,2026-07-20 18:00:00,2026-07-20 18:00:00,1008.0
20260720,180000,71W,4,2026,7,20,18,15.200000000000001,157.70000000000002,101000.0,2026-07-20 18:00:00,2026-07-20 18:00:00,1010.0
20260720,180000,71W,4,2026,7,20,18,16.1,157.0,100800.0,2026-07-20 18:00:00,2026-07-20 18:00:00,1008.0
20260720,180000,71W,5,2026,7,20,18,13.1,173.8,100800.0,2026-07-20 18:00:00,2026-07-20 18:00:00,1008.0
20260720,180000,71W,5,2026,7,20,18,12.200000000000001,175.20000000000002,100600.0,2026-07-20 18:00:00,2026-07-20 18:00:00,1006.0
20260720,180000,71W,5,2026,7,20,18,12.8,175.6,100800.0,2026-07-20 18:00:00,2026-07-20 18:00:00,1008.0
20260720,180000,71W,5,2026,7,20,18,13.5,173.6,100600.0,2026-07-20 18:00:00,2026-07-20 18:00:00,1006.0
20260720,180000,71W,5,2026,7,20,18,13.8,172.4,100600.0,2026-07-20 18:00:00,2026-07-20 18:00:00,1006.0
20260720,180000,71W,5,2026,7,20,18,14.200000000000001,171.3,100800.0,2026-07-20 18:00:00,2026-07-20 18:00:00,1008.0
20260720,180000,71W,5,2026,7,20,18,14.8,171.3,100700.0,2026-07-20 18:00:00,2026-07-20 18:00:00,1007.0
20260720,180000,71W,5,2026,7,20,18,14.700000000000001,170.70000000000002,100800.0,2026-07-20 18:00:00,2026-07-20 18:00:00,1008.0
20260720,180000,71W,5,2026,7,20,18,13.8,170.20000000000002,100700.0,2026-07-20 18:00:00,2026-07-20 18:00:00,1007.0
20260720,180000,71W,5,2026,7,20,18,15.700000000000001,169.8,100700.0,2026-07-20 18:00:00,2026-07-20 18:00:00,1007.0
20260720,180000,71W,5,2026,7,20,18,15.4,169.0,100900.0,2026-07-20 18:00:00,2026-07-20 18:00:00,1009.0
20260720,180000,71W,5,2026,7,20,18,15.8,168.4,100700.0,2026-07-20 18:00:00,2026-07-20 18:00:00,1007.0
20260720,180000,71W,5,2026,7,20,18,15.0,167.3,100900.0,2026-07-20 18:00:00,2026-07-20 18:00:00,1009.0
20260720,180000,71W,5,2026,7,20,18,16.6,167.3,100700.0,2026-07-20 18:00:00,2026-07-20 18:00:00,1007.0
20260720,180000,71W,5,2026,7,20,18,16.6,166.9,100900.0,2026-07-20 18:00:00,2026-07-20 18:00:00,1009.0
20260720,180000,71W,5,2026,7,20,18,17.0,165.5,100700.0,2026-07-20 18:00:00,2026-07-20 18:00:00,1007.0
20260720,180000,71W,5,2026,7,20,18,18.6,165.1,100900.0,2026-07-20 18:00:00,2026-07-20 18:00:00,1009.0
20260720,180000,71W,5,2026,7,20,18,18.5,163.4,100700.0,2026-07-20 18:00:00,2026-07-20 18:00:00,1007.0
20260720,180000,71W,5,2026,7,20,18,17.8,163.3,100900.0,2026-07-20 18:00:00,2026-07-20 18:00:00,1009.0
20260720,180000,71W,5,2026,7,20,18,19.1,161.6,100900.0,2026-07-20 18:00:00,2026-07-20 18:00:00,1009.0
20260720,180000,71W,5,2026,7,20,18,18.8,160.4,100800.0,2026-07-20 18:00:00,2026-07-20 18:00:00,1008.0
20260720,180000,71W,6,2026,7,20,18,38.9,125.7,100300.0,2026-07-20 18:00:00,2026-07-20 18:00:00,1003.0
20260720,180000,71W,6,2026,7,20,18,39.5,128.9,100300.0,2026-07-20 18:00:00,2026-07-20 18:00:00,1003.0
20260720,180000,71W,6,2026,7,20,18,41.2,131.9,100400.0,2026-07-20 18:00:00,2026-07-20 18:00:00,1004.0
20260720,180000,71W,6,2026,7,20,18,41.800000000000004,132.9,100300.0,2026-07-20 18:00:00,2026-07-20 18:00:00,1003.0
20260720,180000,71W,7,2026,7,20,18,12.200000000000001,139.1,100400.0,2026-07-20 18:00:00,2026-07-20 18:00:00,1004.0
20260720,180000,71W,7,2026,7,20,18,13.6,139.3,100600.0,2026-07-20 18:00:00,2026-07-20 18:00:00,1006.0
20260720,180000,71W,7,2026,7,20,18,14.9,138.6,100400.0,2026-07-20 18:00:00,2026-07-20 18:00:00,1004.0
20260720,180000,71W,7,2026,7,20,18,15.4,133.5,100300.0,2026-07-20 18:00:00,2026-07-20 18:00:00,1003.0
20260720,180000,71W,7,2026,7,20,18,14.5,133.3,100000.0,2026-07-20 18:00:00,2026-07-20 18:00:00,1000.0
20260720,180000,71W,7,2026,7,20,18,15.9,133.1,100000.0,2026-07-20 18:00:00,2026-07-20 18:00:00,1000.0
20260720,180000,71W,7,2026,7,20,18,17.2,131.9,99800.0,2026-07-20 18:00:00,2026-07-20 18:00:00,998.0
20260720,180000,71W,7,2026,7,20,18,18.1,129.9,99900.0,2026-07-20 18:00:00,2026-07-20 18:00:00,999.0
20260720,180000,71W,7,2026,7,20,18,17.900000000000002,127.9,99600.0,2026-07-20 18:00:00,2026-07-20 18:00:00,996.0
20260720,180000,71W,7,2026,7,20,18,18.0,127.60000000000001,99700.0,2026-07-20 18:00:00,2026-07-20 18:00:00,997.0
20260720,180000,71W,7,2026,7,20,18,19.2,127.2,99400.0,2026-07-20 18:00:00,2026-07-20 18:00:00,994.0
20260720,180000,71W,7,2026,7,20,18,20.2,125.7,99500.0,2026-07-20 18:00:00,2026-07-20 18:00:00,995.0
20260720,180000,71W,7,2026,7,20,18,20.0,123.5,99300.0,2026-07-20 18:00:00,2026-07-20 18:00:00,993.0
20260720,180000,71W,7,2026,7,20,18,19.900000000000002,123.0,99500.0,2026-07-20 18:00:00,2026-07-20 18:00:00,995.0
20260720,180000,71W,7,2026,7,20,18,20.8,123.0,99300.0,2026-07-20 18:00:00,2026-07-20 18:00:00,993.0
20260720,180000,71W,7,2026,7,20,18,21.400000000000002,121.4,99400.0,2026-07-20 18:00:00,2026-07-20 18:00:00,994.0
20260720,180000,71W,7,2026,7,20,18,22.1,119.5,99400.0,2026-07-20 18:00:00,2026-07-20 18:00:00,994.0
20260720,180000,71W,7,2026,7,20,18,22.1,120.10000000000001,99300.0,2026-07-20 18:00:00,2026-07-20 18:00:00,993.0
20260720,180000,71W,7,2026,7,20,18,22.3,119.2,99100.0,2026-07-20 18:00:00,2026-07-20 18:00:00,991.0
20260720,180000,71W,7,2026,7,20,18,23.1,118.3,99100.0,2026-07-20 18:00:00,2026-07-20 18:00:00,991.0
20260720,180000,71W,7,2026,7,20,18,23.7,117.5,99100.0,2026-07-20 18:00:00,2026-07-20 18:00:00,991.0
20260720,180000,71W,8,2026,7,20,18,13.200000000000001,138.20000000000002,100800.0,2026-07-20 18:00:00,2026-07-20 18:00:00,1008.0
20260720,180000,71W,8,2026,7,20,18,15.0,139.5,100700.0,2026-07-20 18:00:00,2026-07-20 18:00:00,1007.0
20260720,180000,71W,8,2026,7,20,18,15.5,136.0,100600.0,2026-07-20 18:00:00,2026-07-20 18:00:00,1006.0
20260720,180000,71W,8,2026,7,20,18,13.6,134.8,100500.0,2026-07-20 18:00:00,2026-07-20 18:00:00,1005.0
20260720,180000,71W,8,2026,7,20,18,14.5,132.8,100400.0,2026-07-20 18:00:00,2026-07-20 18:00:00,1004.0
20260720,180000,71W,9,2026,7,20,18,13.3,139.8,100700.0,2026-07-20 18:00:00,2026-07-20 18:00:00,1007.0
20260720,180000,71W,9,2026,7,20,18,14.0,139.3,100900.0,2026-07-20 18:00:00,2026-07-20 18:00:00,1009.0
20260720,180000,71W,10,2026,7,20,18,10.3,138.8,100900.0,2026-07-20 18:00:00,2026-07-20 18:00:00,1009.0
20260720,180000,71W,10,2026,7,20,18,12.8,139.9,100900.0,2026-07-20 18:00:00,2026-07-20 18:00:00,1009.0
20260720,180000,71W,10,2026,7,20,18,15.0,138.70000000000002,100700.0,2026-07-20 18:00:00,2026-07-20 18:00:00,1007.0
20260720,180000,71W,10,2026,7,20,18,14.6,138.0,100800.0,2026-07-20 18:00:00,2026-07-20 18:00:00,1008.0
20260720,180000,71W,10,2026,7,20,18,14.5,135.1,100600.0,2026-07-20 18:00:00,2026-07-20 18:00:00,1006.0
20260720,180000,71W,10,2026,7,20,18,14.5,134.6,100800.0,2026-07-20 18:00:00,2026-07-20 18:00:00,1008.0
20260720,180000,71W,10,2026,7,20,18,15.200000000000001,133.3,100500.0,2026-07-20 18:00:00,2026-07-20 18:00:00,1005.0
20260720,180000,71W,10,2026,7,20,18,15.6,132.5,100700.0,2026-07-20 18:00:00,2026-07-20 18:00:00,1007.0
20260720,180000,71W,10,2026,7,20,18,15.0,131.6,100500.0,2026-07-20 18:00:00,2026-07-20 18:00:00,1005.0
20260720,180000,71W,10,2026,7,20,18,16.1,129.3,100700.0,2026-07-20 18:00:00,2026-07-20 18:00:00,1007.0
20260720,180000,71W,10,2026,7,20,18,16.6,129.3,100500.0,2026-07-20 18:00:00,2026-07-20 18:00:00,1005.0
20260720,180000,71W,10,2026,7,20,18,17.6,126.9,100600.0,2026-07-20 18:00:00,2026-07-20 18:00:00,1006.0
20260720,180000,71W,10,2026,7,20,18,17.0,125.2,100700.0,2026-07-20 18:00:00,2026-07-20 18:00:00,1007.0
20260720,180000,71W,10,2026,7,20,18,18.3,123.4,100500.0,2026-07-20 18:00:00,2026-07-20 18:00:00,1005.0
20260720,180000,71W,10,2026,7,20,18,17.400000000000002,123.2,100500.0,2026-07-20 18:00:00,2026-07-20 18:00:00,1005.0
20260720,180000,71W,11,2026,7,20,18,23.2,166.70000000000002,100700.0,2026-07-20 18:00:00,2026-07-20 18:00:00,1007.0
20260720,180000,71W,11,2026,7,20,18,23.8,167.1,100600.0,2026-07-20 18:00:00,2026-07-20 18:00:00,1006.0
20260720,180000,71W,11,2026,7,20,18,23.0,168.8,100700.0,2026-07-20 18:00:00,2026-07-20 18:00:00,1007.0
20260720,180000,71W,11,2026,7,20,18,22.7,168.20000000000002,100500.0,2026-07-20 18:00:00,2026-07-20 18:00:00,1005.0
20260720,180000,71W,11,2026,7,20,18,23.900000000000002,168.6,100400.0,2026-07-20 18:00:00,2026-07-20 18:00:00,1004.0
20260720,180000,71W,11,2026,7,20,18,24.6,168.8,100100.0,2026-07-20 18:00:00,2026-07-20 18:00:00,1001.0
20260720,180000,71W,11,2026,7,20,18,25.5,168.70000000000002,100100.0,2026-07-20 18:00:00,2026-07-20 18:00:00,1001.0
20260720,180000,71W,11,2026,7,20,18,26.400000000000002,168.6,99900.0,2026-07-20 18:00:00,2026-07-20 18:00:00,999.0
20260720,180000,71W,11,2026,7,20,18,27.400000000000002,168.5,100000.0,2026-07-20 18:00:00,2026-07-20 18:00:00,1000.0
20260720,180000,71W,11,2026,7,20,18,28.5,168.1,100000.0,2026-07-20 18:00:00,2026-07-20 18:00:00,1000.0
20260720,180000,71W,11,2026,7,20,18,29.400000000000002,168.0,100000.0,2026-07-20 18:00:00,2026-07-20 18:00:00,1000.0
20260720,180000,71W,11,2026,7,20,18,30.400000000000002,167.6,100000.0,2026-07-20 18:00:00,2026-07-20 18:00:00,1000.0
20260720,180000,71W,11,2026,7,20,18,31.3,167.6,100300.0,2026-07-20 18:00:00,2026-07-20 18:00:00,1003.0
20260720,180000,71W,11,2026,7,20,18,32.1,167.8,100400.0,2026-07-20 18:00:00,2026-07-20 18:00:00,1004.0
20260720,180000,71W,12,2026,7,20,18,11.700000000000001,133.8,100600.0,2026-07-20 18:00:00,2026-07-20 18:00:00,1006.0
20260720,180000,71W,12,2026,7,20,18,11.700000000000001,133.8,100400.0,2026-07-20 18:00:00,2026-07-20 18:00:00,1004.0
20260720,180000,71W,12,2026,7,20,18,12.200000000000001,132.8,100400.0,2026-07-20 18:00:00,2026-07-20 18:00:00,1004.0
20260720,180000,71W,12,2026,7,20,18,13.1,133.8,100100.0,2026-07-20 18:00:00,2026-07-20 18:00:00,1001.0
20260720,180000,71W,12,2026,7,20,18,14.9,133.6,100200.0,2026-07-20 18:00:00,2026-07-20 18:00:00,1002.0
20260720,180000,71W,12,2026,7,20,18,15.700000000000001,132.1,99900.0,2026-07-20 18:00:00,2026-07-20 18:00:00,999.0
20260720,180000,71W,12,2026,7,20,18,16.6,130.4,100100.0,2026-07-20 18:00:00,2026-07-20 18:00:00,1001.0
20260720,180000,71W,12,2026,7,20,18,16.6,128.6,99800.0,2026-07-20 18:00:00,2026-07-20 18:00:00,998.0
20260720,180000,71W,12,2026,7,20,18,16.1,127.3,99900.0,2026-07-20 18:00:00,2026-07-20 18:00:00,999.0
20260720,180000,71W,12,2026,7,20,18,16.4,126.9,99600.0,2026-07-20 18:00:00,2026-07-20 18:00:00,996.0
20260720,180000,71W,12,2026,7,20,18,17.3,126.2,99700.0,2026-07-20 18:00:00,2026-07-20 18:00:00,997.0
20260720,180000,71W,12,2026,7,20,18,17.8,124.8,99400.0,2026-07-20 18:00:00,2026-07-20 18:00:00,994.0
20260720,180000,71W,12,2026,7,20,18,18.7,123.8,99400.0,2026-07-20 18:00:00,2026-07-20 18:00:00,994.0
20260720,180000,71W,12,2026,7,20,18,19.2,122.10000000000001,99100.0,2026-07-20 18:00:00,2026-07-20 18:00:00,991.0
20260720,180000,71W,12,2026,7,20,18,19.7,120.7,99200.0,2026-07-20 18:00:00,2026-07-20 18:00:00,992.0
20260720,180000,71W,12,2026,7,20,18,19.900000000000002,120.0,98800.0,2026-07-20 18:00:00,2026-07-20 18:00:00,988.0
20260720,180000,71W,12,2026,7,20,18,20.6,118.9,98600.0,2026-07-20 18:00:00,2026-07-20 18:00:00,986.0
20260720,180000,71W,12,2026,7,20,18,20.8,118.10000000000001,97800.0,2026-07-20 18:00:00,2026-07-20 18:00:00,978.0
20260720,180000,71W,12,2026,7,20,18,21.6,117.2,96700.0,2026-07-20 18:00:00,2026-07-20 18:00:00,967.0
20260720,180000,71W,12,2026,7,20,18,22.1,116.5,96100.0,2026-07-20 18:00:00,2026-07-20 18:00:00,961.0
20260720,180000,71W,12,2026,7,20,18,22.900000000000002,115.4,96800.0,2026-07-20 18:00:00,2026-07-20 18:00:00,968.0
20260720,180000,71W,12,2026,7,20,18,23.5,114.10000000000001,97700.0,2026-07-20 18:00:00,2026-07-20 18:00:00,977.0
20260720,180000,71W,13,2026,7,20,18,11.0,177.3,100800.0,2026-07-20 18:00:00,2026-07-20 18:00:00,1008.0
20260720,180000,71W,13,2026,7,20,18,11.200000000000001,176.6,100700.0,2026-07-20 18:00:00,2026-07-20 18:00:00,1007.0
20260720,180000,71W,13,2026,7,20,18,12.6,175.20000000000002,100800.0,2026-07-20 18:00:00,2026-07-20 18:00:00,1008.0
20260720,180000,71W,13,2026,7,20,18,13.4,172.8,100700.0,2026-07-20 18:00:00,2026-07-20 18:00:00,1007.0
20260720,180000,71W,13,2026,7,20,18,13.200000000000001,173.6,100700.0,2026-07-20 18:00:00,2026-07-20 18:00:00,1007.0
20260720,180000,71W,13,2026,7,20,18,12.6,172.70000000000002,100600.0,2026-07-20 18:00:00,2026-07-20 18:00:00,1006.0
20260720,180000,71W,13,2026,7,20,18,14.700000000000001,171.4,100800.0,2026-07-20 18:00:00,2026-07-20 18:00:00,1008.0
20260720,180000,71W,13,2026,7,20,18,15.700000000000001,169.4,100800.0,2026-07-20 18:00:00,2026-07-20 18:00:00,1008.0
20260720,180000,71W,13,2026,7,20,18,15.6,168.4,100600.0,2026-07-20 18:00:00,2026-07-20 18:00:00,1006.0
20260720,180000,71W,13,2026,7,20,18,16.6,167.6,100700.0,2026-07-20 18:00:00,2026-07-20 18:00:00,1007.0
20260720,180000,71W,13,2026,7,20,18,16.9,167.6,100900.0,2026-07-20 18:00:00,2026-07-20 18:00:00,1009.0
20260720,180000,71W,13,2026,7,20,18,16.7,165.0,100900.0,2026-07-20 18:00:00,2026-07-20 18:00:00,1009.0
20260720,180000,71W,14,2026,7,20,18,12.200000000000001,176.5,100600.0,2026-07-20 18:00:00,2026-07-20 18:00:00,1006.0
20260720,180000,71W,14,2026,7,20,18,12.5,175.0,100900.0,2026-07-20 18:00:00,2026-07-20 18:00:00,1009.0
20260720,180000,71W,14,2026,7,20,18,13.0,173.6,100600.0,2026-07-20 18:00:00,2026-07-20 18:00:00,1006.0
20260720,180000,71W,14,2026,7,20,18,12.8,173.4,100800.0,2026-07-20 18:00:00,2026-07-20 18:00:00,1008.0
20260720,180000,71W,14,2026,7,20,18,13.6,172.1,100600.0,2026-07-20 18:00:00,2026-07-20 18:00:00,1006.0
20260720,180000,71W,14,2026,7,20,18,13.8,172.0,100800.0,2026-07-20 18:00:00,2026-07-20 18:00:00,1008.0
20260720,180000,71W,14,2026,7,20,18,13.9,171.4,100600.0,2026-07-20 18:00:00,2026-07-20 18:00:00,1006.0
20260720,180000,71W,14,2026,7,20,18,14.200000000000001,170.8,100900.0,2026-07-20 18:00:00,2026-07-20 18:00:00,1009.0
20260720,180000,71W,14,2026,7,20,18,14.700000000000001,170.70000000000002,100700.0,2026-07-20 18:00:00,2026-07-20 18:00:00,1007.0
20260720,180000,71W,14,2026,7,20,18,14.5,169.8,100800.0,2026-07-20 18:00:00,2026-07-20 18:00:00,1008.0
20260720,180000,71W,14,2026,7,20,18,15.3,170.0,100900.0,2026-07-20 18:00:00,2026-07-20 18:00:00,1009.0
20260720,180000,71W,14,2026,7,20,18,15.9,169.3,100800.0,2026-07-20 18:00:00,2026-07-20 18:00:00,1008.0
20260720,180000,71W,14,2026,7,20,18,16.6,168.5,100900.0,2026-07-20 18:00:00,2026-07-20 18:00:00,1009.0
20260720,180000,71W,14,2026,7,20,18,17.0,168.1,100800.0,2026-07-20 18:00:00,2026-07-20 18:00:00,1008.0
20260720,180000,71W,14,2026,7,20,18,16.9,166.9,100900.0,2026-07-20 18:00:00,2026-07-20 18:00:00,1009.0
20260720,180000,71W,14,2026,7,20,18,17.900000000000002,166.3,100700.0,2026-07-20 18:00:00,2026-07-20 18:00:00,1007.0
20260720,180000,71W,14,2026,7,20,18,18.2,165.1,100800.0,2026-07-20 18:00:00,2026-07-20 18:00:00,1008.0
20260720,180000,71W,14,2026,7,20,18,18.6,164.1,100700.0,2026-07-20 18:00:00,2026-07-20 18:00:00,1007.0
20260720,180000,71W,14,2026,7,20,18,19.1,162.70000000000002,100800.0,2026-07-20 18:00:00,2026-07-20 18:00:00,1008.0
20260720,180000,71W,14,2026,7,20,18,19.0,161.6,100700.0,2026-07-20 18:00:00,2026-07-20 18:00:00,1007.0
20260720,180000,71W,14,2026,7,20,18,19.6,160.3,100900.0,2026-07-20 18:00:00,2026-07-20 18:00:00,1009.0
20260720,180000,71W,14,2026,7,20,18,19.6,158.4,100700.0,2026-07-20 18:00:00,2026-07-20 18:00:00,1007.0
20260720,180000,71W,15,2026,7,20,18,13.1,135.4,100700.0,2026-07-20 18:00:00,2026-07-20 18:00:00,1007.0
20260720,180000,71W,15,2026,7,20,18,10.200000000000001,135.0,100700.0,2026-07-20 18:00:00,2026-07-20 18:00:00,1007.0
20260720,180000,71W,16,2026,7,20,18,11.9,139.4,100900.0,2026-07-20 18:00:00,2026-07-20 18:00:00,1009.0
20260720,180000,71W,16,2026,7,20,18,11.700000000000001,141.3,100700.0,2026-07-20 18:00:00,2026-07-20 18:00:00,1007.0
20260720,180000,71W,16,2026,7,20,18,14.700000000000001,139.8,100600.0,2026-07-20 18:00:00,2026-07-20 18:00:00,1006.0
20260720,180000,71W,16,2026,7,20,18,16.2,138.4,100700.0,2026-07-20 18:00:00,2026-07-20 18:00:00,1007.0
20260720,180000,71W,17,2026,7,20,18,11.9,178.0,100800.0,2026-07-20 18:00:00,2026-07-20 18:00:00,1008.0
20260720,180000,71W,17,2026,7,20,18,12.1,175.9,100600.0,2026-07-20 18:00:00,2026-07-20 18:00:00,1006.0
20260720,180000,71W,17,2026,7,20,18,12.3,175.20000000000002,100800.0,2026-07-20 18:00:00,2026-07-20 18:00:00,1008.0
20260720,180000,71W,17,2026,7,20,18,12.8,174.20000000000002,100800.0,2026-07-20 18:00:00,2026-07-20 18:00:00,1008.0
20260720,180000,71W,17,2026,7,20,18,13.5,173.0,100700.0,2026-07-20 18:00:00,2026-07-20 18:00:00,1007.0
20260720,180000,71W,17,2026,7,20,18,14.3,171.70000000000002,100700.0,2026-07-20 18:00:00,2026-07-20 18:00:00,1007.0
20260720,180000,71W,17,2026,7,20,18,14.3,171.20000000000002,100700.0,2026-07-20 18:00:00,2026-07-20 18:00:00,1007.0
20260720,180000,71W,17,2026,7,20,18,16.2,170.0,100700.0,2026-07-20 18:00:00,2026-07-20 18:00:00,1007.0
20260720,180000,71W,17,2026,7,20,18,17.2,168.20000000000002,101000.0,2026-07-20 18:00:00,2026-07-20 18:00:00,1010.0
20260720,180000,71W,17,2026,7,20,18,18.900000000000002,168.4,100900.0,2026-07-20 18:00:00,2026-07-20 18:00:00,1009.0
20260720,180000,71W,18,2026,7,20,18,14.5,135.9,100700.0,2026-07-20 18:00:00,2026-07-20 18:00:00,1007.0
20260720,180000,71W,18,2026,7,20,18,15.200000000000001,134.6,100400.0,2026-07-20 18:00:00,2026-07-20 18:00:00,1004.0
20260720,180000,71W,18,2026,7,20,18,14.0,133.1,100400.0,2026-07-20 18:00:00,2026-07-20 18:00:00,1004.0
20260720,180000,71W,18,2026,7,20,18,15.0,132.3,100400.0,2026-07-20 18:00:00,2026-07-20 18:00:00,1004.0
20260720,180000,71W,18,2026,7,20,18,16.3,131.7,100300.0,2026-07-20 18:00:00,2026-07-20 18:00:00,1003.0
20260720,180000,71W,18,2026,7,20,18,17.2,129.2,100200.0,2026-07-20 18:00:00,2026-07-20 18:00:00,1002.0
20260720,180000,71W,18,2026,7,20,18,17.8,127.5,100400.0,2026-07-20 18:00:00,2026-07-20 18:00:00,1004.0
20260720,180000,71W,18,2026,7,20,18,18.5,125.8,100400.0,2026-07-20 18:00:00,2026-07-20 18:00:00,1004.0
20260720,180000,71W,18,2026,7,20,18,18.3,124.0,100300.0,2026-07-20 18:00:00,2026-07-20 18:00:00,1003.0
20260720,180000,71W,18,2026,7,20,18,19.3,123.8,100400.0,2026-07-20 18:00:00,2026-07-20 18:00:00,1004.0
20260720,180000,71W,18,2026,7,20,18,19.7,120.60000000000001,100500.0,2026-07-20 18:00:00,2026-07-20 18:00:00,1005.0
20260720,180000,71W,18,2026,7,20,18,21.2,118.60000000000001,100500.0,2026-07-20 18:00:00,2026-07-20 18:00:00,1005.0
20260720,180000,71W,18,2026,7,20,18,21.6,117.5,100300.0,2026-07-20 18:00:00,2026-07-20 18:00:00,1003.0
20260720,180000,71W,18,2026,7,20,18,22.1,115.3,100300.0,2026-07-20 18:00:00,2026-07-20 18:00:00,1003.0
20260720,180000,71W,19,2026,7,20,18,13.1,138.9,100600.0,2026-07-20 18:00:00,2026-07-20 18:00:00,1006.0
20260720,180000,71W,20,2026,7,20,18,38.4,125.7,100200.0,2026-07-20 18:00:00,2026-07-20 18:00:00,1002.0
20260720,180000,71W,20,2026,7,20,18,41.2,130.6,100500.0,2026-07-20 18:00:00,2026-07-20 18:00:00,1005.0
20260720,180000,71W,20,2026,7,20,18,41.5,131.6,100400.0,2026-07-20 18:00:00,2026-07-20 18:00:00,1004.0
20260720,180000,71W,20,2026,7,20,18,41.4,134.2,100400.0,2026-07-20 18:00:00,2026-07-20 18:00:00,1004.0
20260720,180000,71W,21,2026,7,20,18,11.200000000000001,139.8,101000.0,2026-07-20 18:00:00,2026-07-20 18:00:00,1010.0
20260720,180000,71W,21,2026,7,20,18,11.5,139.8,100700.0,2026-07-20 18:00:00,2026-07-20 18:00:00,1007.0
20260720,180000,71W,21,2026,7,20,18,12.200000000000001,140.20000000000002,100900.0,2026-07-20 18:00:00,2026-07-20 18:00:00,1009.0
20260720,180000,71W,21,2026,7,20,18,13.3,139.8,100700.0,2026-07-20 18:00:00,2026-07-20 18:00:00,1007.0
20260720,180000,71W,21,2026,7,20,18,15.700000000000001,136.1,100900.0,2026-07-20 18:00:00,2026-07-20 18:00:00,1009.0
20260720,180000,71W,21,2026,7,20,18,14.6,133.1,100600.0,2026-07-20 18:00:00,2026-07-20 18:00:00,1006.0
20260720,180000,71W,22,2026,7,20,18,13.200000000000001,134.3,100800.0,2026-07-20 18:00:00,2026-07-20 18:00:00,1008.0
20260720,180000,71W,22,2026,7,20,18,12.8,133.6,100500.0,2026-07-20 18:00:00,2026-07-20 18:00:00,1005.0
20260720,180000,71W,22,2026,7,20,18,13.1,132.8,100600.0,2026-07-20 18:00:00,2026-07-20 18:00:00,1006.0
20260720,180000,71W,22,2026,7,20,18,12.3,134.1,100400.0,2026-07-20 18:00:00,2026-07-20 18:00:00,1004.0
20260720,180000,71W,22,2026,7,20,18,14.6,132.7,100400.0,2026-07-20 18:00:00,2026-07-20 18:00:00,1004.0
20260720,180000,71W,22,2026,7,20,18,15.8,129.6,100500.0,2026-07-20 18:00:00,2026-07-20 18:00:00,1005.0
20260720,180000,71W,22,2026,7,20,18,16.2,128.9,100400.0,2026-07-20 18:00:00,2026-07-20 18:00:00,1004.0
20260720,180000,71W,22,2026,7,20,18,15.9,127.10000000000001,100500.0,2026-07-20 18:00:00,2026-07-20 18:00:00,1005.0
20260720,180000,71W,22,2026,7,20,18,16.6,127.2,100300.0,2026-07-20 18:00:00,2026-07-20 18:00:00,1003.0
20260720,180000,71W,22,2026,7,20,18,17.1,125.8,100400.0,2026-07-20 18:00:00,2026-07-20 18:00:00,1004.0
20260720,180000,71W,22,2026,7,20,18,17.6,124.9,100300.0,2026-07-20 18:00:00,2026-07-20 18:00:00,1003.0
20260720,180000,71W,22,2026,7,20,18,18.6,123.7,100400.0,2026-07-20 18:00:00,2026-07-20 18:00:00,1004.0
20260720,180000,71W,22,2026,7,20,18,18.7,122.9,100200.0,2026-07-20 18:00:00,2026-07-20 18:00:00,1002.0
20260720,180000,71W,22,2026,7,20,18,19.6,122.2,100400.0,2026-07-20 18:00:00,2026-07-20 18:00:00,1004.0
20260720,180000,71W,22,2026,7,20,18,20.5,120.8,100200.0,2026-07-20 18:00:00,2026-07-20 18:00:00,1002.0
20260720,180000,71W,22,2026,7,20,18,19.5,118.8,100200.0,2026-07-20 18:00:00,2026-07-20 18:00:00,1002.0
20260720,180000,71W,22,2026,7,20,18,18.8,118.60000000000001,100000.0,2026-07-20 18:00:00,2026-07-20 18:00:00,1000.0
20260720,180000,71W,22,2026,7,20,18,19.3,119.0,100000.0,2026-07-20 18:00:00,2026-07-20 18:00:00,1000.0
20260720,180000,71W,22,2026,7,20,18,20.400000000000002,119.0,99900.0,2026-07-20 18:00:00,2026-07-20 18:00:00,999.0
20260720,180000,71W,22,2026,7,20,18,20.7,117.2,99900.0,2026-07-20 18:00:00,2026-07-20 18:00:00,999.0
20260720,180000,71W,22,2026,7,20,18,21.0,116.4,99700.0,2026-07-20 18:00:00,2026-07-20 18:00:00,997.0
20260720,180000,71W,23,2026,7,20,18,38.4,125.7,100200.0,2026-07-20 18:00:00,2026-07-20 18:00:00,1002.0
20260720,180000,71W,23,2026,7,20,18,39.0,128.5,100300.0,2026-07-20 18:00:00,2026-07-20 18:00:00,1003.0
20260720,180000,71W,23,2026,7,20,18,40.1,129.5,100400.0,2026-07-20 18:00:00,2026-07-20 18:00:00,1004.0
20260720,180000,71W,23,2026,7,20,18,42.2,131.8,100300.0,2026-07-20 18:00:00,2026-07-20 18:00:00,1003.0
20260720,180000,71W,24,2026,7,20,18,14.3,139.1,100600.0,2026-07-20 18:00:00,2026-07-20 18:00:00,1006.0
20260720,180000,71W,24,2026,7,20,18,14.3,136.2,100500.0,2026-07-20 18:00:00,2026-07-20 18:00:00,1005.0
20260720,180000,71W,24,2026,7,20,18,14.8,136.6,100600.0,2026-07-20 18:00:00,2026-07-20 18:00:00,1006.0
20260720,180000,71W,24,2026,7,20,18,15.0,135.0,100300.0,2026-07-20 18:00:00,2026-07-20 18:00:00,1003.0
20260720,180000,71W,24,2026,7,20,18,14.6,134.7,100300.0,2026-07-20 18:00:00,2026-07-20 18:00:00,1003.0
20260720,180000,71W,24,2026,7,20,18,15.5,134.4,99800.0,2026-07-20 18:00:00,2026-07-20 18:00:00,998.0
20260720,180000,71W,24,2026,7,20,18,16.2,133.5,99700.0,2026-07-20 18:00:00,2026-07-20 18:00:00,997.0
20260720,180000,71W,24,2026,7,20,18,16.9,132.2,99100.0,2026-07-20 18:00:00,2026-07-20 18:00:00,991.0
20260720,180000,71W,24,2026,7,20,18,17.3,130.5,99000.0,2026-07-20 18:00:00,2026-07-20 18:00:00,990.0
20260720,180000,71W,24,2026,7,20,18,17.3,129.2,98800.0,2026-07-20 18:00:00,2026-07-20 18:00:00,988.0
20260720,180000,71W,24,2026,7,20,18,17.6,127.8,98700.0,2026-07-20 18:00:00,2026-07-20 18:00:00,987.0
20260720,180000,71W,24,2026,7,20,18,17.900000000000002,126.60000000000001,98500.0,2026-07-20 18:00:00,2026-07-20 18:00:00,985.0
20260720,180000,71W,24,2026,7,20,18,18.1,125.3,98300.0,2026-07-20 18:00:00,2026-07-20 18:00:00,983.0
20260720,180000,71W,24,2026,7,20,18,18.7,124.3,98100.0,2026-07-20 18:00:00,2026-07-20 18:00:00,981.0
20260720,180000,71W,24,2026,7,20,18,19.1,123.2,97900.0,2026-07-20 18:00:00,2026-07-20 18:00:00,979.0
20260720,180000,71W,24,2026,7,20,18,19.7,121.8,97700.0,2026-07-20 18:00:00,2026-07-20 18:00:00,977.0
20260720,180000,71W,24,2026,7,20,18,19.900000000000002,120.7,97500.0,2026-07-20 18:00:00,2026-07-20 18:00:00,975.0
20260720,180000,71W,24,2026,7,20,18,20.400000000000002,120.0,97200.0,2026-07-20 18:00:00,2026-07-20 18:00:00,972.0
20260720,180000,71W,24,2026,7,20,18,20.8,119.3,97500.0,2026-07-20 18:00:00,2026-07-20 18:00:00,975.0
20260720,180000,71W,24,2026,7,20,18,21.6,118.4,97500.0,2026-07-20 18:00:00,2026-07-20 18:00:00,975.0
20260720,180000,71W,24,2026,7,20,18,22.3,117.4,97400.0,2026-07-20 18:00:00,2026-07-20 18:00:00,974.0
20260720,180000,71W,24,2026,7,20,18,22.8,116.4,97300.0,2026-07-20 18:00:00,2026-07-20 18:00:00,973.0
20260720,180000,71W,24,2026,7,20,18,23.0,115.3,98300.0,2026-07-20 18:00:00,2026-07-20 18:00:00,983.0
20260720,180000,71W,24,2026,7,20,18,23.5,114.2,99000.0,2026-07-20 18:00:00,2026-07-20 18:00:00,990.0
20260720,180000,71W,25,2026,7,20,18,38.2,125.0,100100.0,2026-07-20 18:00:00,2026-07-20 18:00:00,1001.0
20260720,180000,71W,26,2026,7,20,18,38.5,125.5,100200.0,2026-07-20 18:00:00,2026-07-20 18:00:00,1002.0
20260720,180000,71W,26,2026,7,20,18,39.0,125.7,100200.0,2026-07-20 18:00:00,2026-07-20 18:00:00,1002.0
20260720,180000,71W,26,2026,7,20,18,39.5,128.6,100400.0,2026-07-20 18:00:00,2026-07-20 18:00:00,1004.0
20260720,180000,71W,26,2026,7,20,18,42.4,131.2,100300.0,2026-07-20 18:00:00,2026-07-20 18:00:00,1003.0
20260720,180000,71W,27,2026,7,20,18,12.5,176.6,100600.0,2026-07-20 18:00:00,2026-07-20 18:00:00,1006.0
20260720,180000,71W,27,2026,7,20,18,12.700000000000001,173.70000000000002,100700.0,2026-07-20 18:00:00,2026-07-20 18:00:00,1007.0
20260720,180000,71W,27,2026,7,20,18,14.200000000000001,172.8,100800.0,2026-07-20 18:00:00,2026-07-20 18:00:00,1008.0
20260720,180000,71W,27,2026,7,20,18,15.3,171.6,100900.0,2026-07-20 18:00:00,2026-07-20 18:00:00,1009.0
20260720,180000,71W,27,2026,7,20,18,14.0,169.6,100800.0,2026-07-20 18:00:00,2026-07-20 18:00:00,1008.0
20260720,180000,71W,27,2026,7,20,18,14.8,168.1,100600.0,2026-07-20 18:00:00,2026-07-20 18:00:00,1006.0
20260720,180000,71W,27,2026,7,20,18,15.700000000000001,167.5,100800.0,2026-07-20 18:00:00,2026-07-20 18:00:00,1008.0
20260720,180000,71W,27,2026,7,20,18,14.1,167.0,100700.0,2026-07-20 18:00:00,2026-07-20 18:00:00,1007.0
20260720,180000,71W,27,2026,7,20,18,16.7,166.0,100700.0,2026-07-20 18:00:00,2026-07-20 18:00:00,1007.0
20260720,180000,71W,27,2026,7,20,18,17.6,163.1,100900.0,2026-07-20 18:00:00,2026-07-20 18:00:00,1009.0
20260720,180000,71W,27,2026,7,20,18,19.0,163.9,100700.0,2026-07-20 18:00:00,2026-07-20 18:00:00,1007.0
20260720,180000,71W,27,2026,7,20,18,18.5,161.5,101000.0,2026-07-20 18:00:00,2026-07-20 18:00:00,1010.0
20260720,180000,71W,27,2026,7,20,18,18.8,161.5,101100.0,2026-07-20 18:00:00,2026-07-20 18:00:00,1011.0
20260720,180000,71W,27,2026,7,20,18,20.400000000000002,158.0,101100.0,2026-07-20 18:00:00,2026-07-20 18:00:00,1011.0
20260720,180000,71W,28,2026,7,20,18,13.1,177.1,100800.0,2026-07-20 18:00:00,2026-07-20 18:00:00,1008.0
20260720,180000,71W,28,2026,7,20,18,11.6,175.5,100700.0,2026-07-20 18:00:00,2026-07-20 18:00:00,1007.0
20260720,180000,71W,28,2026,7,20,18,11.9,175.1,100800.0,2026-07-20 18:00:00,2026-07-20 18:00:00,1008.0
20260720,180000,71W,28,2026,7,20,18,12.4,174.0,100800.0,2026-07-20 18:00:00,2026-07-20 18:00:00,1008.0
20260720,180000,71W,28,2026,7,20,18,13.200000000000001,173.1,100800.0,2026-07-20 18:00:00,2026-07-20 18:00:00,1008.0
20260720,180000,71W,28,2026,7,20,18,13.3,170.6,100600.0,2026-07-20 18:00:00,2026-07-20 18:00:00,1006.0
20260720,180000,71W,28,2026,7,20,18,13.8,171.8,100800.0,2026-07-20 18:00:00,2026-07-20 18:00:00,1008.0
20260720,180000,71W,28,2026,7,20,18,14.8,170.8,100800.0,2026-07-20 18:00:00,2026-07-20 18:00:00,1008.0
20260720,180000,71W,28,2026,7,20,18,15.3,169.4,100800.0,2026-07-20 18:00:00,2026-07-20 18:00:00,1008.0
20260720,180000,71W,28,2026,7,20,18,15.5,168.3,100600.0,2026-07-20 18:00:00,2026-07-20 18:00:00,1006.0
20260720,180000,71W,28,2026,7,20,18,16.9,168.70000000000002,100800.0,2026-07-20 18:00:00,2026-07-20 18:00:00,1008.0
20260720,180000,71W,28,2026,7,20,18,16.3,167.20000000000002,100700.0,2026-07-20 18:00:00,2026-07-20 18:00:00,1007.0
20260720,180000,71W,28,2026,7,20,18,17.3,167.9,100800.0,2026-07-20 18:00:00,2026-07-20 18:00:00,1008.0
20260720,180000,71W,28,2026,7,20,18,17.3,166.5,100800.0,2026-07-20 18:00:00,2026-07-20 18:00:00,1008.0
20260720,180000,71W,28,2026,7,20,18,17.1,165.0,100700.0,2026-07-20 18:00:00,2026-07-20 18:00:00,1007.0
20260720,180000,71W,28,2026,7,20,18,19.0,164.3,100800.0,2026-07-20 18:00:00,2026-07-20 18:00:00,1008.0
20260720,180000,71W,28,2026,7,20,18,19.5,163.4,100700.0,2026-07-20 18:00:00,2026-07-20 18:00:00,1007.0
20260720,180000,71W,28,2026,7,20,18,19.7,161.70000000000002,100900.0,2026-07-20 18:00:00,2026-07-20 18:00:00,1009.0
20260720,180000,71W,28,2026,7,20,18,19.7,161.6,100700.0,2026-07-20 18:00:00,2026-07-20 18:00:00,1007.0
20260720,180000,71W,28,2026,7,20,18,20.2,161.3,100800.0,2026-07-20 18:00:00,2026-07-20 18:00:00,1008.0
20260720,180000,71W,28,2026,7,20,18,20.900000000000002,160.3,100400.0,2026-07-20 18:00:00,2026-07-20 18:00:00,1004.0
20260720,180000,71W,30,2026,7,20,18,14.0,137.4,100600.0,2026-07-20 18:00:00,2026-07-20 18:00:00,1006.0
20260720,180000,71W,30,2026,7,20,18,14.6,135.4,100500.0,2026-07-20 18:00:00,2026-07-20 18:00:00,1005.0
20260720,180000,71W,30,2026,7,20,18,14.200000000000001,132.8,100600.0,2026-07-20 18:00:00,2026-07-20 18:00:00,1006.0
20260720,180000,71W,30,2026,7,20,18,13.1,134.1,100400.0,2026-07-20 18:00:00,2026-07-20 18:00:00,1004.0
20260720,180000,71W,30,2026,7,20,18,16.2,133.1,100200.0,2026-07-20 18:00:00,2026-07-20 18:00:00,1002.0
20260720,180000,71W,30,2026,7,20,18,17.1,131.1,100300.0,2026-07-20 18:00:00,2026-07-20 18:00:00,1003.0
20260720,180000,71W,30,2026,7,20,18,17.6,129.0,100100.0,2026-07-20 18:00:00,2026-07-20 18:00:00,1001.0
20260720,180000,71W,30,2026,7,20,18,17.3,127.5,99900.0,2026-07-20 18:00:00,2026-07-20 18:00:00,999.0
20260720,180000,71W,30,2026,7,20,18,17.1,126.3,99700.0,2026-07-20 18:00:00,2026-07-20 18:00:00,997.0
20260720,180000,71W,30,2026,7,20,18,16.9,125.60000000000001,99700.0,2026-07-20 18:00:00,2026-07-20 18:00:00,997.0
20260720,180000,71W,30,2026,7,20,18,16.9,125.3,99400.0,2026-07-20 18:00:00,2026-07-20 18:00:00,994.0
20260720,180000,71W,30,2026,7,20,18,18.1,125.5,99600.0,2026-07-20 18:00:00,2026-07-20 18:00:00,996.0
20260720,180000,71W,30,2026,7,20,18,20.2,124.60000000000001,99400.0,2026-07-20 18:00:00,2026-07-20 18:00:00,994.0
20260720,180000,71W,30,2026,7,20,18,21.400000000000002,122.8,99500.0,2026-07-20 18:00:00,2026-07-20 18:00:00,995.0
20260720,180000,71W,30,2026,7,20,18,20.8,123.2,99300.0,2026-07-20 18:00:00,2026-07-20 18:00:00,993.0
20260720,180000,71W,30,2026,7,20,18,22.1,121.8,99300.0,2026-07-20 18:00:00,2026-07-20 18:00:00,993.0
20260720,180000,71W,30,2026,7,20,18,22.400000000000002,122.60000000000001,98900.0,2026-07-20 18:00:00,2026-07-20 18:00:00,989.0
20260720,180000,71W,30,2026,7,20,18,21.6,121.9,98900.0,2026-07-20 18:00:00,2026-07-20 18:00:00,989.0
20260720,180000,71W,30,2026,7,20,18,23.6,118.7,98800.0,2026-07-20 18:00:00,2026-07-20 18:00:00,988.0
20260720,180000,71W,31,2026,7,20,18,12.4,176.8,100800.0,2026-07-20 18:00:00,2026-07-20 18:00:00,1008.0
20260720,180000,71W,31,2026,7,20,18,12.4,175.70000000000002,100600.0,2026-07-20 18:00:00,2026-07-20 18:00:00,1006.0
20260720,180000,71W,31,2026,7,20,18,12.6,175.1,100900.0,2026-07-20 18:00:00,2026-07-20 18:00:00,1009.0
20260720,180000,71W,31,2026,7,20,18,12.700000000000001,173.9,100700.0,2026-07-20 18:00:00,2026-07-20 18:00:00,1007.0
20260720,180000,71W,31,2026,7,20,18,12.6,172.8,100800.0,2026-07-20 18:00:00,2026-07-20 18:00:00,1008.0
20260720,180000,71W,31,2026,7,20,18,12.1,171.4,100800.0,2026-07-20 18:00:00,2026-07-20 18:00:00,1008.0
20260720,180000,71W,31,2026,7,20,18,12.8,169.9,100700.0,2026-07-20 18:00:00,2026-07-20 18:00:00,1007.0
20260720,180000,71W,31,2026,7,20,18,10.700000000000001,169.6,100600.0,2026-07-20 18:00:00,2026-07-20 18:00:00,1006.0
20260720,180000,71W,31,2026,7,20,18,11.9,167.5,100700.0,2026-07-20 18:00:00,2026-07-20 18:00:00,1007.0
20260720,180000,71W,31,2026,7,20,18,12.4,167.6,100900.0,2026-07-20 18:00:00,2026-07-20 18:00:00,1009.0
20260720,180000,71W,31,2026,7,20,18,13.200000000000001,165.8,100700.0,2026-07-20 18:00:00,2026-07-20 18:00:00,1007.0
20260720,180000,71W,31,2026,7,20,18,13.0,166.70000000000002,100900.0,2026-07-20 18:00:00,2026-07-20 18:00:00,1009.0
20260720,180000,71W,31,2026,7,20,18,12.8,163.3,100900.0,2026-07-20 18:00:00,2026-07-20 18:00:00,1009.0
20260720,180000,71W,31,2026,7,20,18,12.700000000000001,162.9,100700.0,2026-07-20 18:00:00,2026-07-20 18:00:00,1007.0
20260720,180000,71W,31,2026,7,20,18,13.6,162.4,100900.0,2026-07-20 18:00:00,2026-07-20 18:00:00,1009.0
20260720,180000,71W,31,2026,7,20,18,14.3,157.8,100700.0,2026-07-20 18:00:00,2026-07-20 18:00:00,1007.0
20260720,180000,71W,31,2026,7,20,18,13.200000000000001,155.9,101000.0,2026-07-20 18:00:00,2026-07-20 18:00:00,1010.0
20260720,180000,71W,31,2026,7,20,18,14.4,156.3,100800.0,2026-07-20 18:00:00,2026-07-20 18:00:00,1008.0
20260720,180000,71W,32,2026,7,20,18,13.1,138.20000000000002,100800.0,2026-07-20 18:00:00,2026-07-20 18:00:00,1008.0
20260720,180000,71W,32,2026,7,20,18,13.1,139.20000000000002,100600.0,2026-07-20 18:00:00,2026-07-20 18:00:00,1006.0
20260720,180000,71W,32,2026,7,20,18,13.3,139.70000000000002,100800.0,2026-07-20 18:00:00,2026-07-20 18:00:00,1008.0
20260720,180000,71W,32,2026,7,20,18,14.3,137.8,100700.0,2026-07-20 18:00:00,2026-07-20 18:00:00,1007.0
20260720,180000,71W,32,2026,7,20,18,13.3,134.3,100500.0,2026-07-20 18:00:00,2026-07-20 18:00:00,1005.0
20260720,180000,71W,32,2026,7,20,18,13.8,132.3,100400.0,2026-07-20 18:00:00,2026-07-20 18:00:00,1004.0
20260720,180000,71W,32,2026,7,20,18,15.700000000000001,131.1,100400.0,2026-07-20 18:00:00,2026-07-20 18:00:00,1004.0
20260720,180000,71W,32,2026,7,20,18,16.4,128.2,100500.0,2026-07-20 18:00:00,2026-07-20 18:00:00,1005.0
20260720,180000,71W,32,2026,7,20,18,16.8,127.4,100500.0,2026-07-20 18:00:00,2026-07-20 18:00:00,1005.0
20260720,180000,71W,32,2026,7,20,18,16.8,124.8,100300.0,2026-07-20 18:00:00,2026-07-20 18:00:00,1003.0
20260720,180000,71W,32,2026,7,20,18,17.7,125.10000000000001,100400.0,2026-07-20 18:00:00,2026-07-20 18:00:00,1004.0
20260720,180000,71W,32,2026,7,20,18,18.2,123.5,100300.0,2026-07-20 18:00:00,2026-07-20 18:00:00,1003.0
20260720,180000,71W,32,2026,7,20,18,19.0,122.8,100400.0,2026-07-20 18:00:00,2026-07-20 18:00:00,1004.0
20260720,180000,71W,32,2026,7,20,18,18.7,121.0,100300.0,2026-07-20 18:00:00,2026-07-20 18:00:00,1003.0
20260720,180000,71W,32,2026,7,20,18,18.1,117.9,100100.0,2026-07-20 18:00:00,2026-07-20 18:00:00,1001.0
20260720,180000,71W,32,2026,7,20,18,18.7,118.2,99900.0,2026-07-20 18:00:00,2026-07-20 18:00:00,999.0
20260720,180000,71W,33,2026,7,20,18,12.200000000000001,177.3,100800.0,2026-07-20 18:00:00,2026-07-20 18:00:00,1008.0
20260720,180000,71W,33,2026,7,20,18,11.200000000000001,175.6,100700.0,2026-07-20 18:00:00,2026-07-20 18:00:00,1007.0
20260720,180000,71W,33,2026,7,20,18,11.9,175.70000000000002,100800.0,2026-07-20 18:00:00,2026-07-20 18:00:00,1008.0
20260720,180000,71W,33,2026,7,20,18,11.8,174.0,100700.0,2026-07-20 18:00:00,2026-07-20 18:00:00,1007.0
20260720,180000,71W,33,2026,7,20,18,12.4,174.3,100800.0,2026-07-20 18:00:00,2026-07-20 18:00:00,1008.0
20260720,180000,71W,33,2026,7,20,18,13.4,171.9,100800.0,2026-07-20 18:00:00,2026-07-20 18:00:00,1008.0
20260720,180000,71W,33,2026,7,20,18,13.5,171.1,100700.0,2026-07-20 18:00:00,2026-07-20 18:00:00,1007.0
20260720,180000,71W,33,2026,7,20,18,13.8,171.70000000000002,100800.0,2026-07-20 18:00:00,2026-07-20 18:00:00,1008.0
20260720,180000,71W,33,2026,7,20,18,11.4,171.0,100700.0,2026-07-20 18:00:00,2026-07-20 18:00:00,1007.0
20260720,180000,71W,33,2026,7,20,18,12.700000000000001,170.3,100900.0,2026-07-20 18:00:00,2026-07-20 18:00:00,1009.0
20260720,180000,71W,33,2026,7,20,18,14.3,169.5,101000.0,2026-07-20 18:00:00,2026-07-20 18:00:00,1010.0
20260720,180000,71W,33,2026,7,20,18,13.1,166.70000000000002,100900.0,2026-07-20 18:00:00,2026-07-20 18:00:00,1009.0
20260720,180000,71W,33,2026,7,20,18,12.4,165.3,100900.0,2026-07-20 18:00:00,2026-07-20 18:00:00,1009.0
20260720,180000,71W,33,2026,7,20,18,14.3,162.20000000000002,100700.0,2026-07-20 18:00:00,2026-07-20 18:00:00,1007.0
20260720,180000,71W,33,2026,7,20,18,12.6,161.5,100700.0,2026-07-20 18:00:00,2026-07-20 18:00:00,1007.0
20260720,180000,71W,33,2026,7,20,18,14.1,158.5,100800.0,2026-07-20 18:00:00,2026-07-20 18:00:00,1008.0
20260720,180000,71W,34,2026,7,20,18,13.3,169.5,100700.0,2026-07-20 18:00:00,2026-07-20 18:00:00,1007.0
20260720,180000,71W,34,2026,7,20,18,14.3,169.1,100900.0,2026-07-20 18:00:00,2026-07-20 18:00:00,1009.0
20260720,180000,71W,34,2026,7,20,18,14.8,169.3,100700.0,2026-07-20 18:00:00,2026-07-20 18:00:00,1007.0
20260720,180000,71W,34,2026,7,20,18,16.9,167.0,100900.0,2026-07-20 18:00:00,2026-07-20 18:00:00,1009.0
20260720,180000,71W,34,2026,7,20,18,17.900000000000002,166.3,100800.0,2026-07-20 18:00:00,2026-07-20 18:00:00,1008.0
20260720,180000,71W,34,2026,7,20,18,18.8,165.0,101000.0,2026-07-20 18:00:00,2026-07-20 18:00:00,1010.0
20260720,180000,71W,34,2026,7,20,18,19.2,162.1,101000.0,2026-07-20 18:00:00,2026-07-20 18:00:00,1010.0
20260720,180000,71W,34,2026,7,20,18,19.6,161.1,100800.0,2026-07-20 18:00:00,2026-07-20 18:00:00,1008.0
20260720,180000,71W,34,2026,7,20,18,20.2,159.6,100900.0,2026-07-20 18:00:00,2026-07-20 18:00:00,1009.0
20260720,180000,71W,34,2026,7,20,18,20.400000000000002,158.20000000000002,100700.0,2026-07-20 18:00:00,2026-07-20 18:00:00,1007.0
20260720,180000,71W,34,2026,7,20,18,20.900000000000002,156.8,100900.0,2026-07-20 18:00:00,2026-07-20 18:00:00,1009.0
20260720,180000,71W,34,2026,7,20,18,21.1,155.20000000000002,100600.0,2026-07-20 18:00:00,2026-07-20 18:00:00,1006.0
20260720,180000,71W,35,2026,7,20,18,6.4,155.6,100800.0,2026-07-20 18:00:00,2026-07-20 18:00:00,1008.0
20260720,180000,71W,36,2026,7,20,18,13.8,136.2,100600.0,2026-07-20 18:00:00,2026-07-20 18:00:00,1006.0
20260720,180000,71W,36,2026,7,20,18,13.6,135.2,100800.0,2026-07-20 18:00:00,2026-07-20 18:00:00,1008.0
20260720,180000,71W,36,2026,7,20,18,14.0,134.5,100600.0,2026-07-20 18:00:00,2026-07-20 18:00:00,1006.0
20260720,180000,71W,36,2026,7,20,18,14.1,134.0,100600.0,2026-07-20 18:00:00,2026-07-20 18:00:00,1006.0
20260720,180000,71W,36,2026,7,20,18,14.0,133.2,100400.0,2026-07-20 18:00:00,2026-07-20 18:00:00,1004.0
20260720,180000,71W,36,2026,7,20,18,15.4,132.0,100500.0,2026-07-20 18:00:00,2026-07-20 18:00:00,1005.0
20260720,180000,71W,36,2026,7,20,18,15.200000000000001,131.8,100300.0,2026-07-20 18:00:00,2026-07-20 18:00:00,1003.0
20260720,180000,71W,36,2026,7,20,18,15.5,130.9,100400.0,2026-07-20 18:00:00,2026-07-20 18:00:00,1004.0
20260720,180000,71W,36,2026,7,20,18,15.6,130.5,100100.0,2026-07-20 18:00:00,2026-07-20 18:00:00,1001.0
20260720,180000,71W,36,2026,7,20,18,16.1,129.5,100300.0,2026-07-20 18:00:00,2026-07-20 18:00:00,1003.0
20260720,180000,71W,36,2026,7,20,18,16.0,128.9,100000.0,2026-07-20 18:00:00,2026-07-20 18:00:00,1000.0
20260720,180000,71W,36,2026,7,20,18,17.3,127.60000000000001,100000.0,2026-07-20 18:00:00,2026-07-20 18:00:00,1000.0
20260720,180000,71W,36,2026,7,20,18,17.6,126.0,99700.0,2026-07-20 18:00:00,2026-07-20 18:00:00,997.0
20260720,180000,71W,36,2026,7,20,18,17.400000000000002,125.7,99700.0,2026-07-20 18:00:00,2026-07-20 18:00:00,997.0
20260720,180000,71W,36,2026,7,20,18,18.8,124.5,99300.0,2026-07-20 18:00:00,2026-07-20 18:00:00,993.0
20260720,180000,71W,36,2026,7,20,18,19.0,122.9,99300.0,2026-07-20 18:00:00,2026-07-20 18:00:00,993.0
20260720,180000,71W,36,2026,7,20,18,19.5,121.60000000000001,98900.0,2026-07-20 18:00:00,2026-07-20 18:00:00,989.0
20260720,180000,71W,36,2026,7,20,18,19.2,120.7,98800.0,2026-07-20 18:00:00,2026-07-20 18:00:00,988.0
20260720,180000,71W,36,2026,7,20,18,19.5,119.4,97900.0,2026-07-20 18:00:00,2026-07-20 18:00:00,979.0
20260720,180000,71W,36,2026,7,20,18,19.0,118.7,97800.0,2026-07-20 18:00:00,2026-07-20 18:00:00,978.0
20260720,180000,71W,36,2026,7,20,18,19.2,117.4,96800.0,2026-07-20 18:00:00,2026-07-20 18:00:00,968.0
20260720,180000,71W,36,2026,7,20,18,19.400000000000002,117.7,96800.0,2026-07-20 18:00:00,2026-07-20 18:00:00,968.0
20260720,180000,71W,36,2026,7,20,18,19.8,117.2,96200.0,2026-07-20 18:00:00,2026-07-20 18:00:00,962.0
20260720,180000,71W,37,2026,7,20,18,37.9,126.2,100200.0,2026-07-20 18:00:00,2026-07-20 18:00:00,1002.0
20260720,180000,71W,37,2026,7,20,18,40.5,130.5,100400.0,2026-07-20 18:00:00,2026-07-20 18:00:00,1004.0
20260720,180000,71W,37,2026,7,20,18,41.2,132.5,100300.0,2026-07-20 18:00:00,2026-07-20 18:00:00,1003.0
20260720,180000,71W,37,2026,7,20,18,41.6,135.5,100400.0,2026-07-20 18:00:00,2026-07-20 18:00:00,1004.0
20260720,180000,71W,38,2026,7,20,18,12.0,178.70000000000002,100700.0,2026-07-20 18:00:00,2026-07-20 18:00:00,1007.0
20260720,180000,71W,38,2026,7,20,18,12.0,177.0,100700.0,2026-07-20 18:00:00,2026-07-20 18:00:00,1007.0
20260720,180000,71W,38,2026,7,20,18,12.6,176.1,100800.0,2026-07-20 18:00:00,2026-07-20 18:00:00,1008.0
20260720,180000,71W,38,2026,7,20,18,13.9,174.1,100800.0,2026-07-20 18:00:00,2026-07-20 18:00:00,1008.0
20260720,180000,71W,38,2026,7,20,18,13.8,173.70000000000002,100900.0,2026-07-20 18:00:00,2026-07-20 18:00:00,1009.0
20260720,180000,71W,38,2026,7,20,18,13.6,173.0,100700.0,2026-07-20 18:00:00,2026-07-20 18:00:00,1007.0
20260720,180000,71W,38,2026,7,20,18,14.6,172.6,100800.0,2026-07-20 18:00:00,2026-07-20 18:00:00,1008.0
20260720,180000,71W,38,2026,7,20,18,14.6,171.70000000000002,100700.0,2026-07-20 18:00:00,2026-07-20 18:00:00,1007.0
20260720,180000,71W,38,2026,7,20,18,14.9,171.8,100800.0,2026-07-20 18:00:00,2026-07-20 18:00:00,1008.0
20260720,180000,71W,38,2026,7,20,18,15.200000000000001,169.3,100700.0,2026-07-20 18:00:00,2026-07-20 18:00:00,1007.0
20260720,180000,71W,38,2026,7,20,18,15.4,168.6,100800.0,2026-07-20 18:00:00,2026-07-20 18:00:00,1008.0
20260720,180000,71W,38,2026,7,20,18,15.9,168.9,100700.0,2026-07-20 18:00:00,2026-07-20 18:00:00,1007.0
20260720,180000,71W,38,2026,7,20,18,16.4,168.1,100900.0,2026-07-20 18:00:00,2026-07-20 18:00:00,1009.0
20260720,180000,71W,38,2026,7,20,18,16.6,166.8,100800.0,2026-07-20 18:00:00,2026-07-20 18:00:00,1008.0
20260720,180000,71W,38,2026,7,20,18,17.3,166.4,100900.0,2026-07-20 18:00:00,2026-07-20 18:00:00,1009.0
20260720,180000,71W,38,2026,7,20,18,19.8,163.4,100900.0,2026-07-20 18:00:00,2026-07-20 18:00:00,1009.0
20260720,180000,71W,38,2026,7,20,18,19.7,163.5,100800.0,2026-07-20 18:00:00,2026-07-20 18:00:00,1008.0
20260720,180000,71W,38,2026,7,20,18,19.900000000000002,161.6,101000.0,2026-07-20 18:00:00,2026-07-20 18:00:00,1010.0
20260720,180000,71W,38,2026,7,20,18,20.8,161.5,100800.0,2026-07-20 18:00:00,2026-07-20 18:00:00,1008.0
20260720,180000,71W,38,2026,7,20,18,21.400000000000002,160.3,101000.0,2026-07-20 18:00:00,2026-07-20 18:00:00,1010.0
20260720,180000,71W,38,2026,7,20,18,20.6,159.8,100800.0,2026-07-20 18:00:00,2026-07-20 18:00:00,1008.0
20260720,180000,71W,39,2026,7,20,18,38.0,125.0,100200.0,2026-07-20 18:00:00,2026-07-20 18:00:00,1002.0
20260720,180000,71W,39,2026,7,20,18,39.9,130.2,100400.0,2026-07-20 18:00:00,2026-07-20 18:00:00,1004.0
20260720,180000,71W,40,2026,7,20,18,12.8,136.3,100500.0,2026-07-20 18:00:00,2026-07-20 18:00:00,1005.0
20260720,180000,71W,40,2026,7,20,18,13.3,136.0,100600.0,2026-07-20 18:00:00,2026-07-20 18:00:00,1006.0
20260720,180000,71W,40,2026,7,20,18,13.5,134.7,100400.0,2026-07-20 18:00:00,2026-07-20 18:00:00,1004.0
20260720,180000,71W,40,2026,7,20,18,15.0,134.0,100500.0,2026-07-20 18:00:00,2026-07-20 18:00:00,1005.0
20260720,180000,71W,40,2026,7,20,18,14.1,133.3,100400.0,2026-07-20 18:00:00,2026-07-20 18:00:00,1004.0
20260720,180000,71W,40,2026,7,20,18,14.3,132.3,100500.0,2026-07-20 18:00:00,2026-07-20 18:00:00,1005.0
20260720,180000,71W,40,2026,7,20,18,15.3,131.2,100300.0,2026-07-20 18:00:00,2026-07-20 18:00:00,1003.0
20260720,180000,71W,40,2026,7,20,18,15.700000000000001,130.9,100400.0,2026-07-20 18:00:00,2026-07-20 18:00:00,1004.0
20260720,180000,71W,40,2026,7,20,18,16.6,129.4,100300.0,2026-07-20 18:00:00,2026-07-20 18:00:00,1003.0
20260720,180000,71W,40,2026,7,20,18,16.3,128.6,100400.0,2026-07-20 18:00:00,2026-07-20 18:00:00,1004.0
20260720,180000,71W,40,2026,7,20,18,16.5,126.4,100200.0,2026-07-20 18:00:00,2026-07-20 18:00:00,1002.0
20260720,180000,71W,40,2026,7,20,18,16.8,125.5,100300.0,2026-07-20 18:00:00,2026-07-20 18:00:00,1003.0
20260720,180000,71W,40,2026,7,20,18,17.2,124.7,100100.0,2026-07-20 18:00:00,2026-07-20 18:00:00,1001.0
20260720,180000,71W,40,2026,7,20,18,18.2,123.10000000000001,100200.0,2026-07-20 18:00:00,2026-07-20 18:00:00,1002.0
20260720,180000,71W,40,2026,7,20,18,18.6,122.5,99900.0,2026-07-20 18:00:00,2026-07-20 18:00:00,999.0
20260720,180000,71W,40,2026,7,20,18,19.0,120.7,99800.0,2026-07-20 18:00:00,2026-07-20 18:00:00,998.0
20260720,180000,71W,40,2026,7,20,18,19.8,120.10000000000001,99700.0,2026-07-20 18:00:00,2026-07-20 18:00:00,997.0
20260720,180000,71W,40,2026,7,20,18,19.8,119.3,99600.0,2026-07-20 18:00:00,2026-07-20 18:00:00,996.0
20260720,180000,71W,40,2026,7,20,18,20.400000000000002,118.5,99300.0,2026-07-20 18:00:00,2026-07-20 18:00:00,993.0
20260720,180000,71W,40,2026,7,20,18,21.3,118.10000000000001,99200.0,2026-07-20 18:00:00,2026-07-20 18:00:00,992.0
20260720,180000,71W,40,2026,7,20,18,21.3,117.60000000000001,98900.0,2026-07-20 18:00:00,2026-07-20 18:00:00,989.0
20260720,180000,71W,40,2026,7,20,18,21.8,116.60000000000001,98900.0,2026-07-20 18:00:00,2026-07-20 18:00:00,989.0
20260720,180000,71W,40,2026,7,20,18,22.3,115.7,99000.0,2026-07-20 18:00:00,2026-07-20 18:00:00,990.0
20260720,180000,71W,41,2026,7,20,18,36.5,144.20000000000002,100100.0,2026-07-20 18:00:00,2026-07-20 18:00:00,1001.0
20260720,180000,71W,41,2026,7,20,18,35.6,145.20000000000002,99900.0,2026-07-20 18:00:00,2026-07-20 18:00:00,999.0
20260720,180000,71W,41,2026,7,20,18,34.6,146.3,100000.0,2026-07-20 18:00:00,2026-07-20 18:00:00,1000.0
20260720,180000,71W,41,2026,7,20,18,33.6,147.70000000000002,100200.0,2026-07-20 18:00:00,2026-07-20 18:00:00,1002.0
20260720,180000,71W,41,2026,7,20,18,33.0,149.4,100200.0,2026-07-20 18:00:00,2026-07-20 18:00:00,1002.0
20260720,180000,71W,41,2026,7,20,18,33.0,151.0,100400.0,2026-07-20 18:00:00,2026-07-20 18:00:00,1004.0
20260720,180000,71W,41,2026,7,20,18,32.7,152.1,100400.0,2026-07-20 18:00:00,2026-07-20 18:00:00,1004.0
20260720,180000,71W,41,2026,7,20,18,32.7,153.20000000000002,100700.0,2026-07-20 18:00:00,2026-07-20 18:00:00,1007.0
20260720,180000,71W,42,2026,7,20,18,-0.1,163.9,100800.0,2026-07-20 18:00:00,2026-07-20 18:00:00,1008.0
20260720,180000,71W,43,2026,7,20,18,35.300000000000004,136.8,100600.0,2026-07-20 18:00:00,2026-07-20 18:00:00,1006.0
20260720,180000,71W,43,2026,7,20,18,35.4,139.5,100700.0,2026-07-20 18:00:00,2026-07-20 18:00:00,1007.0
20260720,180000,71W,43,2026,7,20,18,35.800000000000004,139.5,100500.0,2026-07-20 18:00:00,2026-07-20 18:00:00,1005.0
20260720,180000,71W,43,2026,7,20,18,35.2,139.3,100600.0,2026-07-20 18:00:00,2026-07-20 18:00:00,1006.0
20260720,180000,71W,43,2026,7,20,18,35.300000000000004,139.3,100700.0,2026-07-20 18:00:00,2026-07-20 18:00:00,1007.0
20260720,180000,71W,43,2026,7,20,18,34.6,137.70000000000002,100700.0,2026-07-20 18:00:00,2026-07-20 18:00:00,1007.0
20260720,180000,71W,43,2026,7,20,18,33.9,138.0,100700.0,2026-07-20 18:00:00,2026-07-20 18:00:00,1007.0
20260720,180000,71W,43,2026,7,20,18,33.9,140.6,100700.0,2026-07-20 18:00:00,2026-07-20 18:00:00,1007.0
20260720,180000,71W,43,2026,7,20,18,33.9,141.6,100500.0,2026-07-20 18:00:00,2026-07-20 18:00:00,1005.0
20260720,180000,71W,43,2026,7,20,18,33.0,141.3,100500.0,2026-07-20 18:00:00,2026-07-20 18:00:00,1005.0
20260720,180000,71W,43,2026,7,20,18,32.1,141.1,100700.0,2026-07-20 18:00:00,2026-07-20 18:00:00,1007.0
20260720,180000,71W,43,2026,7,20,18,31.3,141.0,100600.0,2026-07-20 18:00:00,2026-07-20 18:00:00,1006.0
20260720,180000,71W,43,2026,7,20,18,30.8,141.20000000000002,100700.0,2026-07-20 18:00:00,2026-07-20 18:00:00,1007.0
20260720,180000,71W,43,2026,7,20,18,30.5,141.4,100600.0,2026-07-20 18:00:00,2026-07-20 18:00:00,1006.0
20260720,180000,71W,43,2026,7,20,18,30.6,141.3,100900.0,2026-07-20 18:00:00,2026-07-20 18:00:00,1009.0
20260720,180000,71W,43,2026,7,20,18,30.3,140.9,100800.0,2026-07-20 18:00:00,2026-07-20 18:00:00,1008.0
20260720,180000,71W,44,2026,7,20,18,12.700000000000001,176.1,100600.0,2026-07-20 18:00:00,2026-07-20 18:00:00,1006.0
20260720,180000,71W,44,2026,7,20,18,12.700000000000001,175.5,100800.0,2026-07-20 18:00:00,2026-07-20 18:00:00,1008.0
20260720,180000,71W,44,2026,7,20,18,12.8,173.9,100600.0,2026-07-20 18:00:00,2026-07-20 18:00:00,1006.0
20260720,180000,71W,44,2026,7,20,18,13.6,173.3,100700.0,2026-07-20 18:00:00,2026-07-20 18:00:00,1007.0
20260720,180000,71W,44,2026,7,20,18,14.5,171.4,100700.0,2026-07-20 18:00:00,2026-07-20 18:00:00,1007.0
20260720,180000,71W,44,2026,7,20,18,14.200000000000001,170.0,100600.0,2026-07-20 18:00:00,2026-07-20 18:00:00,1006.0
20260720,180000,71W,44,2026,7,20,18,12.8,170.1,100700.0,2026-07-20 18:00:00,2026-07-20 18:00:00,1007.0
20260720,180000,71W,44,2026,7,20,18,14.3,169.1,100600.0,2026-07-20 18:00:00,2026-07-20 18:00:00,1006.0
20260720,180000,71W,44,2026,7,20,18,14.9,168.20000000000002,100600.0,2026-07-20 18:00:00,2026-07-20 18:00:00,1006.0
20260720,180000,71W,44,2026,7,20,18,15.700000000000001,168.3,100800.0,2026-07-20 18:00:00,2026-07-20 18:00:00,1008.0
20260720,180000,71W,44,2026,7,20,18,15.9,166.70000000000002,100700.0,2026-07-20 18:00:00,2026-07-20 18:00:00,1007.0
20260720,180000,71W,44,2026,7,20,18,15.700000000000001,166.70000000000002,100800.0,2026-07-20 18:00:00,2026-07-20 18:00:00,1008.0
20260720,180000,71W,44,2026,7,20,18,15.4,165.70000000000002,100700.0,2026-07-20 18:00:00,2026-07-20 18:00:00,1007.0
20260720,180000,71W,44,2026,7,20,18,16.3,165.8,100900.0,2026-07-20 18:00:00,2026-07-20 18:00:00,1009.0
20260720,180000,71W,44,2026,7,20,18,15.9,164.4,100700.0,2026-07-20 18:00:00,2026-07-20 18:00:00,1007.0
20260720,180000,71W,44,2026,7,20,18,17.900000000000002,162.4,100600.0,2026-07-20 18:00:00,2026-07-20 18:00:00,1006.0
20260720,180000,71W,44,2026,7,20,18,18.5,160.3,100700.0,2026-07-20 18:00:00,2026-07-20 18:00:00,1007.0
20260720,180000,71W,44,2026,7,20,18,18.900000000000002,159.9,100600.0,2026-07-20 18:00:00,2026-07-20 18:00:00,1006.0
20260720,180000,71W,44,2026,7,20,18,19.5,158.6,100700.0,2026-07-20 18:00:00,2026-07-20 18:00:00,1007.0
20260720,180000,71W,44,2026,7,20,18,19.8,157.20000000000002,100400.0,2026-07-20 18:00:00,2026-07-20 18:00:00,1004.0
20260720,180000,71W,45,2026,7,20,18,13.200000000000001,135.4,100600.0,2026-07-20 18:00:00,2026-07-20 18:00:00,1006.0
20260720,180000,71W,45,2026,7,20,18,13.5,135.7,100700.0,2026-07-20 18:00:00,2026-07-20 18:00:00,1007.0
20260720,180000,71W,45,2026,7,20,18,14.1,134.2,100600.0,2026-07-20 18:00:00,2026-07-20 18:00:00,1006.0
20260720,180000,71W,45,2026,7,20,18,14.3,134.3,100700.0,2026-07-20 18:00:00,2026-07-20 18:00:00,1007.0
20260720,180000,71W,45,2026,7,20,18,14.4,134.0,100500.0,2026-07-20 18:00:00,2026-07-20 18:00:00,1005.0
20260720,180000,71W,45,2026,7,20,18,15.6,132.9,100700.0,2026-07-20 18:00:00,2026-07-20 18:00:00,1007.0
20260720,180000,71W,45,2026,7,20,18,15.9,131.6,100500.0,2026-07-20 18:00:00,2026-07-20 18:00:00,1005.0
20260720,180000,71W,45,2026,7,20,18,17.1,131.4,100700.0,2026-07-20 18:00:00,2026-07-20 18:00:00,1007.0
20260720,180000,71W,45,2026,7,20,18,17.1,128.0,100700.0,2026-07-20 18:00:00,2026-07-20 18:00:00,1007.0
20260720,180000,71W,45,2026,7,20,18,17.6,124.3,100500.0,2026-07-20 18:00:00,2026-07-20 18:00:00,1005.0
20260720,180000,71W,45,2026,7,20,18,17.3,122.9,100500.0,2026-07-20 18:00:00,2026-07-20 18:00:00,1005.0
20260720,180000,71W,45,2026,7,20,18,19.400000000000002,120.9,100200.0,2026-07-20 18:00:00,2026-07-20 18:00:00,1002.0
20260720,180000,71W,45,2026,7,20,18,19.1,120.0,100100.0,2026-07-20 18:00:00,2026-07-20 18:00:00,1001.0
20260720,180000,71W,45,2026,7,20,18,19.3,119.9,100000.0,2026-07-20 18:00:00,2026-07-20 18:00:00,1000.0
20260720,180000,71W,45,2026,7,20,18,19.6,119.0,99700.0,2026-07-20 18:00:00,2026-07-20 18:00:00,997.0
20260720,180000,71W,45,2026,7,20,18,19.900000000000002,118.0,99600.0,2026-07-20 18:00:00,2026-07-20 18:00:00,996.0
20260720,180000,71W,45,2026,7,20,18,20.400000000000002,116.7,99500.0,2026-07-20 18:00:00,2026-07-20 18:00:00,995.0
20260720,180000,71W,45,2026,7,20,18,20.7,115.5,99300.0,2026-07-20 18:00:00,2026-07-20 18:00:00,993.0
20260720,180000,71W,45,2026,7,20,18,20.400000000000002,114.60000000000001,98800.0,2026-07-20 18:00:00,2026-07-20 18:00:00,988.0
20260720,180000,71W,45,2026,7,20,18,20.6,113.60000000000001,98900.0,2026-07-20 18:00:00,2026-07-20 18:00:00,989.0
20260720,180000,71W,45,2026,7,20,18,20.7,112.7,98800.0,2026-07-20 18:00:00,2026-07-20 18:00:00,988.0
20260720,180000,71W,46,2026,7,20,18,12.6,176.20000000000002,100800.0,2026-07-20 18:00:00,2026-07-20 18:00:00,1008.0
20260720,180000,71W,46,2026,7,20,18,12.8,176.20000000000002,100700.0,2026-07-20 18:00:00,2026-07-20 18:00:00,1007.0
20260720,180000,71W,46,2026,7,20,18,12.9,175.3,100900.0,2026-07-20 18:00:00,2026-07-20 18:00:00,1009.0
20260720,180000,71W,46,2026,7,20,18,12.8,174.0,100700.0,2026-07-20 18:00:00,2026-07-20 18:00:00,1007.0
20260720,180000,71W,46,2026,7,20,18,12.0,172.8,100800.0,2026-07-20 18:00:00,2026-07-20 18:00:00,1008.0
20260720,180000,71W,46,2026,7,20,18,13.200000000000001,172.1,100600.0,2026-07-20 18:00:00,2026-07-20 18:00:00,1006.0
20260720,180000,71W,46,2026,7,20,18,13.4,171.1,100800.0,2026-07-20 18:00:00,2026-07-20 18:00:00,1008.0
20260720,180000,71W,46,2026,7,20,18,13.200000000000001,169.9,100700.0,2026-07-20 18:00:00,2026-07-20 18:00:00,1007.0
20260720,180000,71W,46,2026,7,20,18,12.8,170.5,100700.0,2026-07-20 18:00:00,2026-07-20 18:00:00,1007.0
20260720,180000,71W,46,2026,7,20,18,13.5,170.5,100600.0,2026-07-20 18:00:00,2026-07-20 18:00:00,1006.0
20260720,180000,71W,46,2026,7,20,18,13.5,168.8,100800.0,2026-07-20 18:00:00,2026-07-20 18:00:00,1008.0
20260720,180000,71W,46,2026,7,20,18,13.3,169.8,100600.0,2026-07-20 18:00:00,2026-07-20 18:00:00,1006.0
20260720,180000,71W,46,2026,7,20,18,14.5,168.70000000000002,100800.0,2026-07-20 18:00:00,2026-07-20 18:00:00,1008.0
20260720,180000,71W,46,2026,7,20,18,14.9,168.5,100600.0,2026-07-20 18:00:00,2026-07-20 18:00:00,1006.0
20260720,180000,71W,46,2026,7,20,18,14.5,167.5,100800.0,2026-07-20 18:00:00,2026-07-20 18:00:00,1008.0
20260720,180000,71W,46,2026,7,20,18,14.700000000000001,167.0,100600.0,2026-07-20 18:00:00,2026-07-20 18:00:00,1006.0
20260720,180000,71W,46,2026,7,20,18,15.6,166.4,100800.0,2026-07-20 18:00:00,2026-07-20 18:00:00,1008.0
20260720,180000,71W,46,2026,7,20,18,14.700000000000001,165.70000000000002,100600.0,2026-07-20 18:00:00,2026-07-20 18:00:00,1006.0
20260720,180000,71W,46,2026,7,20,18,14.6,165.8,100800.0,2026-07-20 18:00:00,2026-07-20 18:00:00,1008.0
20260720,180000,71W,46,2026,7,20,18,16.1,164.6,100600.0,2026-07-20 18:00:00,2026-07-20 18:00:00,1006.0
20260720,180000,71W,46,2026,7,20,18,15.8,163.9,100900.0,2026-07-20 18:00:00,2026-07-20 18:00:00,1009.0
20260720,180000,71W,46,2026,7,20,18,15.4,162.70000000000002,100600.0,2026-07-20 18:00:00,2026-07-20 18:00:00,1006.0
20260720,180000,71W,46,2026,7,20,18,14.9,161.3,100900.0,2026-07-20 18:00:00,2026-07-20 18:00:00,1009.0
20260720,180000,71W,47,2026,7,20,18,7.9,155.6,101000.0,2026-07-20 18:00:00,2026-07-20 18:00:00,1010.0
20260720,180000,71W,47,2026,7,20,18,5.6000000000000005,155.1,100700.0,2026-07-20 18:00:00,2026-07-20 18:00:00,1007.0
20260720,180000,71W,47,2026,7,20,18,4.9,156.5,100600.0,2026-07-20 18:00:00,2026-07-20 18:00:00,1006.0
20260720,180000,71W,47,2026,7,20,18,5.2,156.6,100800.0,2026-07-20 18:00:00,2026-07-20 18:00:00,1008.0
20260720,180000,71W,47,2026,7,20,18,5.2,156.70000000000002,100600.0,2026-07-20 18:00:00,2026-07-20 18:00:00,1006.0
20260720,180000,71W,47,2026,7,20,18,6.0,156.8,100500.0,2026-07-20 18:00:00,2026-07-20 18:00:00,1005.0
20260720,180000,71W,47,2026,7,20,18,5.5,157.70000000000002,100700.0,2026-07-20 18:00:00,2026-07-20 18:00:00,1007.0
20260720,180000,71W,47,2026,7,20,18,8.4,156.4,100800.0,2026-07-20 18:00:00,2026-07-20 18:00:00,1008.0
20260720,180000,71W,49,2026,7,20,18,12.9,137.3,100800.0,2026-07-20 18:00:00,2026-07-20 18:00:00,1008.0
20260720,180000,71W,49,2026,7,20,18,14.8,136.4,100500.0,2026-07-20 18:00:00,2026-07-20 18:00:00,1005.0
20260720,180000,71W,49,2026,7,20,18,14.8,135.3,100600.0,2026-07-20 18:00:00,2026-07-20 18:00:00,1006.0
20260720,180000,71W,49,2026,7,20,18,15.4,135.2,100300.0,2026-07-20 18:00:00,2026-07-20 18:00:00,1003.0
20260720,180000,71W,49,2026,7,20,18,15.700000000000001,133.1,100200.0,2026-07-20 18:00:00,2026-07-20 18:00:00,1002.0
20260720,180000,71W,49,2026,7,20,18,15.5,131.9,100100.0,2026-07-20 18:00:00,2026-07-20 18:00:00,1001.0
20260720,180000,71W,49,2026,7,20,18,17.0,128.3,100300.0,2026-07-20 18:00:00,2026-07-20 18:00:00,1003.0
20260720,180000,71W,49,2026,7,20,18,17.1,128.8,100100.0,2026-07-20 18:00:00,2026-07-20 18:00:00,1001.0
20260720,180000,71W,49,2026,7,20,18,19.2,126.10000000000001,100100.0,2026-07-20 18:00:00,2026-07-20 18:00:00,1001.0
20260720,180000,71W,49,2026,7,20,18,19.3,125.10000000000001,99900.0,2026-07-20 18:00:00,2026-07-20 18:00:00,999.0
20260720,180000,71W,50,2026,7,20,18,38.2,124.5,100200.0,2026-07-20 18:00:00,2026-07-20 18:00:00,1002.0
20260720,180000,71W,51,2026,7,20,18,12.0,178.20000000000002,100800.0,2026-07-20 18:00:00,2026-07-20 18:00:00,1008.0
20260720,180000,71W,51,2026,7,20,18,12.6,176.3,100700.0,2026-07-20 18:00:00,2026-07-20 18:00:00,1007.0
20260720,180000,71W,51,2026,7,20,18,13.1,172.20000000000002,100700.0,2026-07-20 18:00:00,2026-07-20 18:00:00,1007.0
20260720,180000,71W,51,2026,7,20,18,13.200000000000001,171.1,100600.0,2026-07-20 18:00:00,2026-07-20 18:00:00,1006.0
20260720,180000,71W,51,2026,7,20,18,13.8,171.8,100900.0,2026-07-20 18:00:00,2026-07-20 18:00:00,1009.0
20260720,180000,71W,51,2026,7,20,18,14.5,171.0,100700.0,2026-07-20 18:00:00,2026-07-20 18:00:00,1007.0
20260720,180000,71W,51,2026,7,20,18,13.4,170.9,100800.0,2026-07-20 18:00:00,2026-07-20 18:00:00,1008.0
20260720,180000,71W,51,2026,7,20,18,14.700000000000001,169.70000000000002,100900.0,2026-07-20 18:00:00,2026-07-20 18:00:00,1009.0
20260720,180000,71W,51,2026,7,20,18,15.5,167.70000000000002,101000.0,2026-07-20 18:00:00,2026-07-20 18:00:00,1010.0
20260720,180000,71W,51,2026,7,20,18,15.700000000000001,165.6,100800.0,2026-07-20 18:00:00,2026-07-20 18:00:00,1008.0
20260720,180000,71W,51,2026,7,20,18,17.1,165.9,101000.0,2026-07-20 18:00:00,2026-07-20 18:00:00,1010.0
20260720,180000,71W,51,2026,7,20,18,15.9,162.9,101000.0,2026-07-20 18:00:00,2026-07-20 18:00:00,1010.0
20260720,180000,71W,51,2026,7,20,18,16.9,159.8,100800.0,2026-07-20 18:00:00,2026-07-20 18:00:00,1008.0
20260720,180000,71W,51,2026,7,20,18,18.2,159.1,101000.0,2026-07-20 18:00:00,2026-07-20 18:00:00,1010.0
20260720,180000,71W,51,2026,7,20,18,17.6,159.20000000000002,101000.0,2026-07-20 18:00:00,2026-07-20 18:00:00,1010.0
20260720,180000,72W,1,2026,7,20,18,14.3,135.9,100700.0,2026-07-20 18:00:00,2026-07-20 18:00:00,1007.0
20260720,180000,72W,1,2026,7,20,18,13.6,135.4,100500.0,2026-07-20 18:00:00,2026-07-20 18:00:00,1005.0
20260720,180000,72W,1,2026,7,20,18,13.6,134.5,100700.0,2026-07-20 18:00:00,2026-07-20 18:00:00,1007.0
20260720,180000,72W,1,2026,7,20,18,13.3,133.8,100400.0,2026-07-20 18:00:00,2026-07-20 18:00:00,1004.0
20260720,180000,72W,1,2026,7,20,18,14.0,133.3,100500.0,2026-07-20 18:00:00,2026-07-20 18:00:00,1005.0
20260720,180000,72W,1,2026,7,20,18,14.0,132.8,100300.0,2026-07-20 18:00:00,2026-07-20 18:00:00,1003.0
20260720,180000,72W,1,2026,7,20,18,14.4,132.1,100400.0,2026-07-20 18:00:00,2026-07-20 18:00:00,1004.0
20260720,180000,72W,1,2026,7,20,18,15.1,130.9,100100.0,2026-07-20 18:00:00,2026-07-20 18:00:00,1001.0
20260720,180000,72W,1,2026,7,20,18,15.700000000000001,128.9,100200.0,2026-07-20 18:00:00,2026-07-20 18:00:00,1002.0
20260720,180000,72W,1,2026,7,20,18,15.4,128.8,99800.0,2026-07-20 18:00:00,2026-07-20 18:00:00,998.0
20260720,180000,72W,1,2026,7,20,18,15.9,127.4,99700.0,2026-07-20 18:00:00,2026-07-20 18:00:00,997.0
20260720,180000,72W,1,2026,7,20,18,15.8,126.3,99100.0,2026-07-20 18:00:00,2026-07-20 18:00:00,991.0
20260720,180000,72W,1,2026,7,20,18,16.3,124.7,99300.0,2026-07-20 18:00:00,2026-07-20 18:00:00,993.0
20260720,180000,72W,1,2026,7,20,18,17.400000000000002,123.5,99000.0,2026-07-20 18:00:00,2026-07-20 18:00:00,990.0
20260720,180000,72W,1,2026,7,20,18,19.1,122.2,98600.0,2026-07-20 18:00:00,2026-07-20 18:00:00,986.0
20260720,180000,72W,1,2026,7,20,18,19.0,120.60000000000001,98400.0,2026-07-20 18:00:00,2026-07-20 18:00:00,984.0
20260720,180000,72W,1,2026,7,20,18,18.900000000000002,119.4,98500.0,2026-07-20 18:00:00,2026-07-20 18:00:00,985.0
20260720,180000,72W,1,2026,7,20,18,19.6,118.3,98200.0,2026-07-20 18:00:00,2026-07-20 18:00:00,982.0
20260720,180000,72W,1,2026,7,20,18,19.900000000000002,116.9,98100.0,2026-07-20 18:00:00,2026-07-20 18:00:00,981.0
20260720,180000,72W,1,2026,7,20,18,20.1,116.2,98200.0,2026-07-20 18:00:00,2026-07-20 18:00:00,982.0
20260720,180000,72W,1,2026,7,20,18,21.1,115.10000000000001,98400.0,2026-07-20 18:00:00,2026-07-20 18:00:00,984.0
20260720,180000,72W,1,2026,7,20,18,21.6,114.8,97900.0,2026-07-20 18:00:00,2026-07-20 18:00:00,979.0
20260720,180000,72W,1,2026,7,20,18,21.7,113.9,98200.0,2026-07-20 18:00:00,2026-07-20 18:00:00,982.0
20260720,180000,72W,1,2026,7,20,18,22.6,113.60000000000001,98700.0,2026-07-20 18:00:00,2026-07-20 18:00:00,987.0
20260720,180000,72W,2,2026,7,20,18,37.9,125.2,100200.0,2026-07-20 18:00:00,2026-07-20 18:00:00,1002.0
20260720,180000,72W,2,2026,7,20,18,39.4,128.8,100200.0,2026-07-20 18:00:00,2026-07-20 18:00:00,1002.0
20260720,180000,72W,2,2026,7,20,18,41.7,134.1,100200.0,2026-07-20 18:00:00,2026-07-20 18:00:00,1002.0
20260720,180000,72W,2,2026,7,20,18,42.2,138.3,100100.0,2026-07-20 18:00:00,2026-07-20 18:00:00,1001.0
20260720,180000,72W,3,2026,7,20,18,37.800000000000004,125.0,100200.0,2026-07-20 18:00:00,2026-07-20 18:00:00,1002.0
20260720,180000,72W,3,2026,7,20,18,39.6,129.7,100500.0,2026-07-20 18:00:00,2026-07-20 18:00:00,1005.0
20260720,180000,72W,3,2026,7,20,18,42.0,132.5,100300.0,2026-07-20 18:00:00,2026-07-20 18:00:00,1003.0
20260720,180000,72W,3,2026,7,20,18,42.2,135.8,100400.0,2026-07-20 18:00:00,2026-07-20 18:00:00,1004.0
20260720,180000,72W,4,2026,7,20,18,37.9,125.60000000000001,100200.0,2026-07-20 18:00:00,2026-07-20 18:00:00,1002.0
20260720,180000,72W,4,2026,7,20,18,38.7,128.8,100300.0,2026-07-20 18:00:00,2026-07-20 18:00:00,1003.0
20260720,180000,72W,4,2026,7,20,18,39.800000000000004,129.6,100400.0,2026-07-20 18:00:00,2026-07-20 18:00:00,1004.0
20260720,180000,72W,4,2026,7,20,18,41.6,131.6,100300.0,2026-07-20 18:00:00,2026-07-20 18:00:00,1003.0
20260720,180000,72W,5,2026,7,20,18,14.1,134.9,100800.0,2026-07-20 18:00:00,2026-07-20 18:00:00,1008.0
20260720,180000,72W,5,2026,7,20,18,14.4,134.9,100600.0,2026-07-20 18:00:00,2026-07-20 18:00:00,1006.0
20260720,180000,72W,5,2026,7,20,18,13.3,133.3,100500.0,2026-07-20 18:00:00,2026-07-20 18:00:00,1005.0
20260720,180000,72W,5,2026,7,20,18,14.0,135.2,100600.0,2026-07-20 18:00:00,2026-07-20 18:00:00,1006.0
20260720,180000,72W,5,2026,7,20,18,15.200000000000001,132.6,100400.0,2026-07-20 18:00:00,2026-07-20 18:00:00,1004.0
20260720,180000,72W,5,2026,7,20,18,15.4,131.6,100000.0,2026-07-20 18:00:00,2026-07-20 18:00:00,1000.0
20260720,180000,72W,5,2026,7,20,18,15.5,130.6,99900.0,2026-07-20 18:00:00,2026-07-20 18:00:00,999.0
20260720,180000,72W,5,2026,7,20,18,15.700000000000001,129.7,99800.0,2026-07-20 18:00:00,2026-07-20 18:00:00,998.0
20260720,180000,72W,5,2026,7,20,18,15.9,129.2,99900.0,2026-07-20 18:00:00,2026-07-20 18:00:00,999.0
20260720,180000,72W,5,2026,7,20,18,16.2,129.0,99700.0,2026-07-20 18:00:00,2026-07-20 18:00:00,997.0
20260720,180000,72W,5,2026,7,20,18,16.6,128.9,99700.0,2026-07-20 18:00:00,2026-07-20 18:00:00,997.0
20260720,180000,72W,5,2026,7,20,18,17.1,128.6,99400.0,2026-07-20 18:00:00,2026-07-20 18:00:00,994.0
20260720,180000,72W,5,2026,7,20,18,18.1,128.6,99300.0,2026-07-20 18:00:00,2026-07-20 18:00:00,993.0
20260720,180000,72W,5,2026,7,20,18,18.7,128.3,98900.0,2026-07-20 18:00:00,2026-07-20 18:00:00,989.0
20260720,180000,72W,5,2026,7,20,18,19.7,127.60000000000001,98900.0,2026-07-20 18:00:00,2026-07-20 18:00:00,989.0
20260720,180000,72W,5,2026,7,20,18,20.7,126.8,98800.0,2026-07-20 18:00:00,2026-07-20 18:00:00,988.0
20260720,180000,72W,6,2026,7,20,18,9.8,139.4,100800.0,2026-07-20 18:00:00,2026-07-20 18:00:00,1008.0
20260720,180000,72W,6,2026,7,20,18,11.9,140.0,100600.0,2026-07-20 18:00:00,2026-07-20 18:00:00,1006.0
20260720,180000,72W,6,2026,7,20,18,13.6,140.4,100700.0,2026-07-20 18:00:00,2026-07-20 18:00:00,1007.0
20260720,180000,72W,6,2026,7,20,18,14.9,140.1,100400.0,2026-07-20 18:00:00,2026-07-20 18:00:00,1004.0
20260720,180000,72W,6,2026,7,20,18,16.1,138.4,100500.0,2026-07-20 18:00:00,2026-07-20 18:00:00,1005.0
20260720,180000,72W,6,2026,7,20,18,17.5,136.1,100300.0,2026-07-20 18:00:00,2026-07-20 18:00:00,1003.0
20260720,180000,72W,6,2026,7,20,18,17.8,134.5,100300.0,2026-07-20 18:00:00,2026-07-20 18:00:00,1003.0
20260720,180000,72W,6,2026,7,20,18,17.8,131.6,100000.0,2026-07-20 18:00:00,2026-07-20 18:00:00,1000.0
20260720,180000,72W,6,2026,7,20,18,17.2,130.0,99800.0,2026-07-20 18:00:00,2026-07-20 18:00:00,998.0
20260720,180000,72W,6,2026,7,20,18,16.1,128.4,99600.0,2026-07-20 18:00:00,2026-07-20 18:00:00,996.0
20260720,180000,72W,6,2026,7,20,18,15.6,128.8,99500.0,2026-07-20 18:00:00,2026-07-20 18:00:00,995.0
20260720,180000,72W,6,2026,7,20,18,16.9,128.6,99300.0,2026-07-20 18:00:00,2026-07-20 18:00:00,993.0
20260720,180000,72W,6,2026,7,20,18,17.5,126.9,99300.0,2026-07-20 18:00:00,2026-07-20 18:00:00,993.0
20260720,180000,72W,6,2026,7,20,18,18.0,125.9,98900.0,2026-07-20 18:00:00,2026-07-20 18:00:00,989.0
20260720,180000,72W,6,2026,7,20,18,18.400000000000002,124.9,98900.0,2026-07-20 18:00:00,2026-07-20 18:00:00,989.0
20260720,180000,72W,6,2026,7,20,18,18.8,124.3,98800.0,2026-07-20 18:00:00,2026-07-20 18:00:00,988.0
20260720,180000,72W,6,2026,7,20,18,20.1,123.60000000000001,98900.0,2026-07-20 18:00:00,2026-07-20 18:00:00,989.0
20260720,180000,72W,6,2026,7,20,18,20.5,122.5,98600.0,2026-07-20 18:00:00,2026-07-20 18:00:00,986.0
20260720,180000,72W,6,2026,7,20,18,21.1,122.5,98500.0,2026-07-20 18:00:00,2026-07-20 18:00:00,985.0
20260720,180000,72W,6,2026,7,20,18,22.0,121.5,98400.0,2026-07-20 18:00:00,2026-07-20 18:00:00,984.0
20260720,180000,72W,6,2026,7,20,18,23.400000000000002,120.0,98700.0,2026-07-20 18:00:00,2026-07-20 18:00:00,987.0
20260720,180000,72W,6,2026,7,20,18,23.0,119.9,98400.0,2026-07-20 18:00:00,2026-07-20 18:00:00,984.0
20260720,180000,72W,6,2026,7,20,18,24.7,120.10000000000001,98600.0,2026-07-20 18:00:00,2026-07-20 18:00:00,986.0
20260720,180000,72W,6,2026,7,20,18,24.8,119.3,98500.0,2026-07-20 18:00:00,2026-07-20 18:00:00,985.0
20260720,180000,72W,7,2026,7,20,18,33.4,121.0,100400.0,2026-07-20 18:00:00,2026-07-20 18:00:00,1004.0
20260720,180000,72W,7,2026,7,20,18,32.7,120.5,100400.0,2026-07-20 18:00:00,2026-07-20 18:00:00,1004.0
20260720,180000,72W,7,2026,7,20,18,32.7,120.8,100500.0,2026-07-20 18:00:00,2026-07-20 18:00:00,1005.0
20260720,180000,72W,7,2026,7,20,18,34.9,122.4,100600.0,2026-07-20 18:00:00,2026-07-20 18:00:00,1006.0
20260720,180000,72W,8,2026,7,20,18,11.5,175.9,100600.0,2026-07-20 18:00:00,2026-07-20 18:00:00,1006.0
20260720,180000,72W,8,2026,7,20,18,11.9,174.5,100800.0,2026-07-20 18:00:00,2026-07-20 18:00:00,1008.0
20260720,180000,72W,8,2026,7,20,18,11.700000000000001,173.3,100700.0,2026-07-20 18:00:00,2026-07-20 18:00:00,1007.0
20260720,180000,72W,8,2026,7,20,18,11.4,174.1,100800.0,2026-07-20 18:00:00,2026-07-20 18:00:00,1008.0
20260720,180000,72W,8,2026,7,20,18,12.0,172.8,100600.0,2026-07-20 18:00:00,2026-07-20 18:00:00,1006.0
20260720,180000,72W,8,2026,7,20,18,13.4,171.4,100800.0,2026-07-20 18:00:00,2026-07-20 18:00:00,1008.0
20260720,180000,72W,8,2026,7,20,18,14.0,171.6,100700.0,2026-07-20 18:00:00,2026-07-20 18:00:00,1007.0
20260720,180000,72W,8,2026,7,20,18,13.8,169.1,100800.0,2026-07-20 18:00:00,2026-07-20 18:00:00,1008.0
20260720,180000,72W,8,2026,7,20,18,14.3,170.8,100800.0,2026-07-20 18:00:00,2026-07-20 18:00:00,1008.0
20260720,180000,72W,8,2026,7,20,18,14.0,169.9,100600.0,2026-07-20 18:00:00,2026-07-20 18:00:00,1006.0
20260720,180000,72W,8,2026,7,20,18,15.0,170.4,100800.0,2026-07-20 18:00:00,2026-07-20 18:00:00,1008.0
20260720,180000,72W,8,2026,7,20,18,16.0,169.3,100700.0,2026-07-20 18:00:00,2026-07-20 18:00:00,1007.0
20260720,180000,72W,8,2026,7,20,18,14.700000000000001,167.20000000000002,100800.0,2026-07-20 18:00:00,2026-07-20 18:00:00,1008.0
20260720,180000,72W,8,2026,7,20,18,17.0,166.3,100700.0,2026-07-20 18:00:00,2026-07-20 18:00:00,1007.0
20260720,180000,72W,8,2026,7,20,18,16.3,163.8,100500.0,2026-07-20 18:00:00,2026-07-20 18:00:00,1005.0
20260720,180000,72W,8,2026,7,20,18,16.7,163.1,100700.0,2026-07-20 18:00:00,2026-07-20 18:00:00,1007.0
20260720,180000,72W,8,2026,7,20,18,16.6,161.70000000000002,100500.0,2026-07-20 18:00:00,2026-07-20 18:00:00,1005.0
20260720,180000,72W,8,2026,7,20,18,17.6,160.8,100600.0,2026-07-20 18:00:00,2026-07-20 18:00:00,1006.0
20260720,180000,72W,8,2026,7,20,18,17.3,160.0,100300.0,2026-07-20 18:00:00,2026-07-20 18:00:00,1003.0
20260720,180000,72W,8,2026,7,20,18,17.6,159.1,100400.0,2026-07-20 18:00:00,2026-07-20 18:00:00,1004.0
20260720,180000,72W,8,2026,7,20,18,17.900000000000002,157.3,100100.0,2026-07-20 18:00:00,2026-07-20 18:00:00,1001.0
20260720,180000,72W,9,2026,7,20,18,14.0,134.2,100400.0,2026-07-20 18:00:00,2026-07-20 18:00:00,1004.0
20260720,180000,72W,9,2026,7,20,18,16.2,133.6,100600.0,2026-07-20 18:00:00,2026-07-20 18:00:00,1006.0
20260720,180000,72W,9,2026,7,20,18,15.1,131.2,100600.0,2026-07-20 18:00:00,2026-07-20 18:00:00,1006.0
20260720,180000,72W,9,2026,7,20,18,15.700000000000001,130.0,100400.0,2026-07-20 18:00:00,2026-07-20 18:00:00,1004.0
20260720,180000,72W,9,2026,7,20,18,16.2,128.8,100600.0,2026-07-20 18:00:00,2026-07-20 18:00:00,1006.0
20260720,180000,72W,9,2026,7,20,18,15.700000000000001,127.4,100300.0,2026-07-20 18:00:00,2026-07-20 18:00:00,1003.0
20260720,180000,72W,9,2026,7,20,18,15.1,125.8,100400.0,2026-07-20 18:00:00,2026-07-20 18:00:00,1004.0
20260720,180000,72W,9,2026,7,20,18,15.1,125.3,100300.0,2026-07-20 18:00:00,2026-07-20 18:00:00,1003.0
20260720,180000,72W,9,2026,7,20,18,16.1,125.10000000000001,100500.0,2026-07-20 18:00:00,2026-07-20 18:00:00,1005.0
20260720,180000,72W,9,2026,7,20,18,16.4,124.60000000000001,100300.0,2026-07-20 18:00:00,2026-07-20 18:00:00,1003.0
20260720,180000,72W,9,2026,7,20,18,16.9,123.7,100400.0,2026-07-20 18:00:00,2026-07-20 18:00:00,1004.0
20260720,180000,72W,9,2026,7,20,18,16.5,123.10000000000001,100200.0,2026-07-20 18:00:00,2026-07-20 18:00:00,1002.0
20260720,180000,72W,9,2026,7,20,18,16.7,119.7,100400.0,2026-07-20 18:00:00,2026-07-20 18:00:00,1004.0
20260720,180000,72W,9,2026,7,20,18,16.9,117.9,100200.0,2026-07-20 18:00:00,2026-07-20 18:00:00,1002.0
20260720,180000,72W,9,2026,7,20,18,17.5,117.9,100100.0,2026-07-20 18:00:00,2026-07-20 18:00:00,1001.0
20260720,180000,72W,10,2026,7,20,18,3.6,163.1,100800.0,2026-07-20 18:00:00,2026-07-20 18:00:00,1008.0
20260720,180000,72W,10,2026,7,20,18,1.3,164.3,100700.0,2026-07-20 18:00:00,2026-07-20 18:00:00,1007.0
20260720,180000,72W,10,2026,7,20,18,3.3000000000000003,167.3,100700.0,2026-07-20 18:00:00,2026-07-20 18:00:00,1007.0
20260720,180000,72W,10,2026,7,20,18,5.7,169.9,100700.0,2026-07-20 18:00:00,2026-07-20 18:00:00,1007.0
20260720,180000,72W,10,2026,7,20,18,7.2,169.8,101000.0,2026-07-20 18:00:00,2026-07-20 18:00:00,1010.0
20260720,180000,72W,10,2026,7,20,18,6.2,169.5,101000.0,2026-07-20 18:00:00,2026-07-20 18:00:00,1010.0
20260720,180000,72W,12,2026,7,20,18,33.0,114.9,100300.0,2026-07-20 18:00:00,2026-07-20 18:00:00,1003.0
20260720,180000,72W,12,2026,7,20,18,32.8,117.7,100400.0,2026-07-20 18:00:00,2026-07-20 18:00:00,1004.0
20260720,180000,72W,12,2026,7,20,18,33.1,118.8,100200.0,2026-07-20 18:00:00,2026-07-20 18:00:00,1002.0
20260720,180000,72W,12,2026,7,20,18,33.7,119.5,100200.0,2026-07-20 18:00:00,2026-07-20 18:00:00,1002.0
20260720,180000,72W,12,2026,7,20,18,35.2,121.10000000000001,100200.0,2026-07-20 18:00:00,2026-07-20 18:00:00,1002.0
20260720,180000,72W,12,2026,7,20,18,36.2,122.60000000000001,100200.0,2026-07-20 18:00:00,2026-07-20 18:00:00,1002.0
20260720,180000,72W,12,2026,7,20,18,38.2,123.5,100200.0,2026-07-20 18:00:00,2026-07-20 18:00:00,1002.0
20260720,180000,72W,12,2026,7,20,18,39.4,124.7,100300.0,2026-07-20 18:00:00,2026-07-20 18:00:00,1003.0
20260720,180000,72W,13,2026,7,20,18,12.6,136.4,100700.0,2026-07-20 18:00:00,2026-07-20 18:00:00,1007.0
20260720,180000,72W,13,2026,7,20,18,14.200000000000001,134.1,100500.0,2026-07-20 18:00:00,2026-07-20 18:00:00,1005.0
20260720,180000,72W,13,2026,7,20,18,14.3,133.6,100300.0,2026-07-20 18:00:00,2026-07-20 18:00:00,1003.0
20260720,180000,72W,13,2026,7,20,18,15.3,131.6,100400.0,2026-07-20 18:00:00,2026-07-20 18:00:00,1004.0
20260720,180000,72W,13,2026,7,20,18,14.9,131.7,100200.0,2026-07-20 18:00:00,2026-07-20 18:00:00,1002.0
20260720,180000,72W,13,2026,7,20,18,15.1,130.8,100300.0,2026-07-20 18:00:00,2026-07-20 18:00:00,1003.0
20260720,180000,72W,13,2026,7,20,18,15.6,130.0,100000.0,2026-07-20 18:00:00,2026-07-20 18:00:00,1000.0
20260720,180000,72W,13,2026,7,20,18,16.4,128.8,100200.0,2026-07-20 18:00:00,2026-07-20 18:00:00,1002.0
20260720,180000,72W,13,2026,7,20,18,16.2,127.4,100000.0,2026-07-20 18:00:00,2026-07-20 18:00:00,1000.0
20260720,180000,72W,13,2026,7,20,18,16.6,126.0,100100.0,2026-07-20 18:00:00,2026-07-20 18:00:00,1001.0
20260720,180000,72W,13,2026,7,20,18,16.9,125.5,100000.0,2026-07-20 18:00:00,2026-07-20 18:00:00,1000.0
20260720,180000,72W,13,2026,7,20,18,17.7,122.9,100100.0,2026-07-20 18:00:00,2026-07-20 18:00:00,1001.0
20260720,180000,72W,13,2026,7,20,18,17.7,122.60000000000001,100000.0,2026-07-20 18:00:00,2026-07-20 18:00:00,1000.0
20260720,180000,72W,13,2026,7,20,18,17.7,119.7,100200.0,2026-07-20 18:00:00,2026-07-20 18:00:00,1002.0
20260720,180000,72W,13,2026,7,20,18,17.5,117.0,100100.0,2026-07-20 18:00:00,2026-07-20 18:00:00,1001.0
20260720,180000,72W,13,2026,7,20,18,18.1,117.3,100000.0,2026-07-20 18:00:00,2026-07-20 18:00:00,1000.0
20260720,180000,72W,13,2026,7,20,18,17.5,114.9,100100.0,2026-07-20 18:00:00,2026-07-20 18:00:00,1001.0
20260720,180000,72W,13,2026,7,20,18,18.400000000000002,113.0,99800.0,2026-07-20 18:00:00,2026-07-20 18:00:00,998.0
20260720,180000,72W,14,2026,7,20,18,12.8,135.0,100500.0,2026-07-20 18:00:00,2026-07-20 18:00:00,1005.0
20260720,180000,72W,14,2026,7,20,18,12.6,134.7,100600.0,2026-07-20 18:00:00,2026-07-20 18:00:00,1006.0
20260720,180000,72W,14,2026,7,20,18,12.5,134.5,100400.0,2026-07-20 18:00:00,2026-07-20 18:00:00,1004.0
20260720,180000,72W,14,2026,7,20,18,13.200000000000001,134.2,100400.0,2026-07-20 18:00:00,2026-07-20 18:00:00,1004.0
20260720,180000,72W,14,2026,7,20,18,14.1,133.8,100200.0,2026-07-20 18:00:00,2026-07-20 18:00:00,1002.0
20260720,180000,72W,14,2026,7,20,18,14.6,133.1,100300.0,2026-07-20 18:00:00,2026-07-20 18:00:00,1003.0
20260720,180000,72W,14,2026,7,20,18,15.1,131.8,100200.0,2026-07-20 18:00:00,2026-07-20 18:00:00,1002.0
20260720,180000,72W,14,2026,7,20,18,15.4,130.6,100200.0,2026-07-20 18:00:00,2026-07-20 18:00:00,1002.0
20260720,180000,72W,14,2026,7,20,18,15.5,129.6,99700.0,2026-07-20 18:00:00,2026-07-20 18:00:00,997.0
20260720,180000,72W,14,2026,7,20,18,15.5,128.6,99800.0,2026-07-20 18:00:00,2026-07-20 18:00:00,998.0
20260720,180000,72W,14,2026,7,20,18,15.9,127.9,99600.0,2026-07-20 18:00:00,2026-07-20 18:00:00,996.0
20260720,180000,72W,14,2026,7,20,18,16.8,127.10000000000001,99700.0,2026-07-20 18:00:00,2026-07-20 18:00:00,997.0
20260720,180000,72W,14,2026,7,20,18,17.3,125.8,99500.0,2026-07-20 18:00:00,2026-07-20 18:00:00,995.0
20260720,180000,72W,14,2026,7,20,18,17.3,124.60000000000001,99300.0,2026-07-20 18:00:00,2026-07-20 18:00:00,993.0
20260720,180000,72W,14,2026,7,20,18,17.8,123.7,99000.0,2026-07-20 18:00:00,2026-07-20 18:00:00,990.0
20260720,180000,72W,14,2026,7,20,18,18.900000000000002,122.60000000000001,99200.0,2026-07-20 18:00:00,2026-07-20 18:00:00,992.0
20260720,180000,72W,14,2026,7,20,18,18.900000000000002,120.8,98900.0,2026-07-20 18:00:00,2026-07-20 18:00:00,989.0
20260720,180000,72W,14,2026,7,20,18,17.6,120.0,98600.0,2026-07-20 18:00:00,2026-07-20 18:00:00,986.0
20260720,180000,72W,14,2026,7,20,18,17.8,120.10000000000001,98600.0,2026-07-20 18:00:00,2026-07-20 18:00:00,986.0
20260720,180000,72W,14,2026,7,20,18,18.1,119.60000000000001,98200.0,2026-07-20 18:00:00,2026-07-20 18:00:00,982.0
20260720,180000,72W,14,2026,7,20,18,18.3,118.60000000000001,97800.0,2026-07-20 18:00:00,2026-07-20 18:00:00,978.0
20260720,180000,72W,14,2026,7,20,18,20.3,118.4,97700.0,2026-07-20 18:00:00,2026-07-20 18:00:00,977.0
20260720,180000,72W,14,2026,7,20,18,20.5,117.2,97600.0,2026-07-20 18:00:00,2026-07-20 18:00:00,976.0
20260720,180000,72W,15,2026,7,20,18,10.0,133.5,100500.0,2026-07-20 18:00:00,2026-07-20 18:00:00,1005.0
20260720,180000,72W,15,2026,7,20,18,11.6,135.9,100500.0,2026-07-20 18:00:00,2026-07-20 18:00:00,1005.0
20260720,180000,72W,16,2026,7,20,18,12.6,178.20000000000002,100900.0,2026-07-20 18:00:00,2026-07-20 18:00:00,1009.0
20260720,180000,72W,16,2026,7,20,18,13.3,175.0,100900.0,2026-07-20 18:00:00,2026-07-20 18:00:00,1009.0
20260720,180000,72W,16,2026,7,20,18,11.9,173.3,100800.0,2026-07-20 18:00:00,2026-07-20 18:00:00,1008.0
20260720,180000,72W,16,2026,7,20,18,13.700000000000001,171.6,100700.0,2026-07-20 18:00:00,2026-07-20 18:00:00,1007.0
20260720,180000,72W,17,2026,7,20,18,15.1,133.9,100600.0,2026-07-20 18:00:00,2026-07-20 18:00:00,1006.0
20260720,180000,72W,17,2026,7,20,18,15.4,131.2,100600.0,2026-07-20 18:00:00,2026-07-20 18:00:00,1006.0
20260720,180000,72W,17,2026,7,20,18,15.9,127.8,100400.0,2026-07-20 18:00:00,2026-07-20 18:00:00,1004.0
20260720,180000,72W,17,2026,7,20,18,14.8,127.4,100600.0,2026-07-20 18:00:00,2026-07-20 18:00:00,1006.0
20260720,180000,72W,17,2026,7,20,18,14.6,126.60000000000001,100400.0,2026-07-20 18:00:00,2026-07-20 18:00:00,1004.0
20260720,180000,72W,17,2026,7,20,18,16.2,124.8,100400.0,2026-07-20 18:00:00,2026-07-20 18:00:00,1004.0
20260720,180000,72W,17,2026,7,20,18,16.3,123.5,100600.0,2026-07-20 18:00:00,2026-07-20 18:00:00,1006.0
20260720,180000,72W,17,2026,7,20,18,16.3,123.10000000000001,100500.0,2026-07-20 18:00:00,2026-07-20 18:00:00,1005.0
20260720,180000,72W,17,2026,7,20,18,17.6,119.8,100600.0,2026-07-20 18:00:00,2026-07-20 18:00:00,1006.0
20260720,180000,72W,17,2026,7,20,18,18.1,119.10000000000001,100400.0,2026-07-20 18:00:00,2026-07-20 18:00:00,1004.0
20260720,180000,72W,17,2026,7,20,18,17.7,118.10000000000001,100500.0,2026-07-20 18:00:00,2026-07-20 18:00:00,1005.0
20260720,180000,72W,17,2026,7,20,18,17.1,117.4,100400.0,2026-07-20 18:00:00,2026-07-20 18:00:00,1004.0
20260720,180000,72W,17,2026,7,20,18,17.7,115.3,100400.0,2026-07-20 18:00:00,2026-07-20 18:00:00,1004.0
20260720,180000,72W,17,2026,7,20,18,17.400000000000002,113.9,100300.0,2026-07-20 18:00:00,2026-07-20 18:00:00,1003.0
20260720,180000,72W,19,2026,7,20,18,11.0,176.6,100800.0,2026-07-20 18:00:00,2026-07-20 18:00:00,1008.0
20260720,180000,72W,19,2026,7,20,18,11.6,176.3,100600.0,2026-07-20 18:00:00,2026-07-20 18:00:00,1006.0
20260720,180000,72W,19,2026,7,20,18,12.0,175.6,100800.0,2026-07-20 18:00:00,2026-07-20 18:00:00,1008.0
20260720,180000,72W,19,2026,7,20,18,11.8,174.3,100700.0,2026-07-20 18:00:00,2026-07-20 18:00:00,1007.0
20260720,180000,72W,19,2026,7,20,18,12.6,174.3,100800.0,2026-07-20 18:00:00,2026-07-20 18:00:00,1008.0
20260720,180000,72W,19,2026,7,20,18,12.8,174.3,100900.0,2026-07-20 18:00:00,2026-07-20 18:00:00,1009.0
20260720,180000,72W,19,2026,7,20,18,12.9,172.70000000000002,100600.0,2026-07-20 18:00:00,2026-07-20 18:00:00,1006.0
20260720,180000,72W,19,2026,7,20,18,12.4,173.9,100800.0,2026-07-20 18:00:00,2026-07-20 18:00:00,1008.0
20260720,180000,72W,19,2026,7,20,18,14.1,170.70000000000002,100900.0,2026-07-20 18:00:00,2026-07-20 18:00:00,1009.0
20260720,180000,72W,20,2026,7,20,18,11.700000000000001,177.9,100800.0,2026-07-20 18:00:00,2026-07-20 18:00:00,1008.0
20260720,180000,72W,20,2026,7,20,18,12.1,175.1,100800.0,2026-07-20 18:00:00,2026-07-20 18:00:00,1008.0
20260720,180000,72W,20,2026,7,20,18,12.6,174.1,100700.0,2026-07-20 18:00:00,2026-07-20 18:00:00,1007.0
20260720,180000,72W,21,2026,7,20,18,17.5,116.0,100000.0,2026-07-20 18:00:00,2026-07-20 18:00:00,1000.0
20260720,180000,72W,21,2026,7,20,18,17.3,114.9,100000.0,2026-07-20 18:00:00,2026-07-20 18:00:00,1000.0
20260720,180000,72W,21,2026,7,20,18,18.3,112.0,99900.0,2026-07-20 18:00:00,2026-07-20 18:00:00,999.0
20260720,180000,72W,23,2026,7,20,18,11.9,176.8,100900.0,2026-07-20 18:00:00,2026-07-20 18:00:00,1009.0
20260720,180000,72W,23,2026,7,20,18,11.9,174.0,100700.0,2026-07-20 18:00:00,2026-07-20 18:00:00,1007.0
20260720,180000,72W,23,2026,7,20,18,12.4,174.5,100800.0,2026-07-20 18:00:00,2026-07-20 18:00:00,1008.0
20260720,180000,72W,23,2026,7,20,18,12.6,174.0,100700.0,2026-07-20 18:00:00,2026-07-20 18:00:00,1007.0
20260720,180000,72W,23,2026,7,20,18,13.3,173.20000000000002,100800.0,2026-07-20 18:00:00,2026-07-20 18:00:00,1008.0
20260720,180000,72W,23,2026,7,20,18,12.4,172.0,100700.0,2026-07-20 18:00:00,2026-07-20 18:00:00,1007.0
20260720,180000,72W,23,2026,7,20,18,13.8,171.9,100900.0,2026-07-20 18:00:00,2026-07-20 18:00:00,1009.0
20260720,180000,72W,23,2026,7,20,18,16.2,169.3,100900.0,2026-07-20 18:00:00,2026-07-20 18:00:00,1009.0
20260720,180000,72W,23,2026,7,20,18,15.9,169.3,100900.0,2026-07-20 18:00:00,2026-07-20 18:00:00,1009.0
20260720,180000,72W,23,2026,7,20,18,15.5,167.6,100800.0,2026-07-20 18:00:00,2026-07-20 18:00:00,1008.0
20260720,180000,72W,23,2026,7,20,18,15.700000000000001,166.4,100900.0,2026-07-20 18:00:00,2026-07-20 18:00:00,1009.0
20260720,180000,72W,23,2026,7,20,18,15.200000000000001,165.0,100800.0,2026-07-20 18:00:00,2026-07-20 18:00:00,1008.0
20260720,180000,72W,23,2026,7,20,18,15.6,164.4,100900.0,2026-07-20 18:00:00,2026-07-20 18:00:00,1009.0
20260720,180000,72W,23,2026,7,20,18,15.6,163.5,100700.0,2026-07-20 18:00:00,2026-07-20 18:00:00,1007.0
20260720,180000,72W,23,2026,7,20,18,16.5,162.4,100900.0,2026-07-20 18:00:00,2026-07-20 18:00:00,1009.0
20260720,180000,72W,23,2026,7,20,18,16.2,160.9,100700.0,2026-07-20 18:00:00,2026-07-20 18:00:00,1007.0
20260720,180000,72W,23,2026,7,20,18,17.2,159.9,100800.0,2026-07-20 18:00:00,2026-07-20 18:00:00,1008.0
20260720,180000,72W,23,2026,7,20,18,17.2,158.5,100600.0,2026-07-20 18:00:00,2026-07-20 18:00:00,1006.0
20260720,180000,72W,23,2026,7,20,18,17.1,157.0,100700.0,2026-07-20 18:00:00,2026-07-20 18:00:00,1007.0
20260720,180000,72W,23,2026,7,20,18,16.9,155.4,100400.0,2026-07-20 18:00:00,2026-07-20 18:00:00,1004.0
20260720,180000,72W,24,2026,7,20,18,12.4,176.6,100800.0,2026-07-20 18:00:00,2026-07-20 18:00:00,1008.0
20260720,180000,72W,24,2026,7,20,18,12.8,175.0,100800.0,2026-07-20 18:00:00,2026-07-20 18:00:00,1008.0
20260720,180000,72W,24,2026,7,20,18,12.700000000000001,172.4,100600.0,2026-07-20 18:00:00,2026-07-20 18:00:00,1006.0
20260720,180000,72W,24,2026,7,20,18,11.200000000000001,173.1,100800.0,2026-07-20 18:00:00,2026-07-20 18:00:00,1008.0
20260720,180000,72W,24,2026,7,20,18,13.5,171.4,100800.0,2026-07-20 18:00:00,2026-07-20 18:00:00,1008.0
20260720,180000,72W,24,2026,7,20,18,13.4,169.0,100600.0,2026-07-20 18:00:00,2026-07-20 18:00:00,1006.0
20260720,180000,72W,24,2026,7,20,18,14.9,168.6,100800.0,2026-07-20 18:00:00,2026-07-20 18:00:00,1008.0
20260720,180000,72W,24,2026,7,20,18,14.8,168.5,100600.0,2026-07-20 18:00:00,2026-07-20 18:00:00,1006.0
20260720,180000,72W,24,2026,7,20,18,14.200000000000001,167.6,100800.0,2026-07-20 18:00:00,2026-07-20 18:00:00,1008.0
20260720,180000,72W,24,2026,7,20,18,15.0,166.70000000000002,100600.0,2026-07-20 18:00:00,2026-07-20 18:00:00,1006.0
20260720,180000,72W,24,2026,7,20,18,15.0,166.0,100800.0,2026-07-20 18:00:00,2026-07-20 18:00:00,1008.0
20260720,180000,72W,24,2026,7,20,18,15.4,165.4,100700.0,2026-07-20 18:00:00,2026-07-20 18:00:00,1007.0
20260720,180000,72W,24,2026,7,20,18,15.5,164.70000000000002,100800.0,2026-07-20 18:00:00,2026-07-20 18:00:00,1008.0
20260720,180000,72W,24,2026,7,20,18,15.5,164.1,100700.0,2026-07-20 18:00:00,2026-07-20 18:00:00,1007.0
20260720,180000,72W,24,2026,7,20,18,16.3,163.9,100800.0,2026-07-20 18:00:00,2026-07-20 18:00:00,1008.0
20260720,180000,72W,24,2026,7,20,18,16.9,163.20000000000002,100700.0,2026-07-20 18:00:00,2026-07-20 18:00:00,1007.0
20260720,180000,72W,24,2026,7,20,18,17.5,162.0,100900.0,2026-07-20 18:00:00,2026-07-20 18:00:00,1009.0
20260720,180000,72W,24,2026,7,20,18,18.3,160.9,100800.0,2026-07-20 18:00:00,2026-07-20 18:00:00,1008.0
20260720,180000,72W,24,2026,7,20,18,18.2,159.6,100900.0,2026-07-20 18:00:00,2026-07-20 18:00:00,1009.0
20260720,180000,72W,24,2026,7,20,18,18.5,158.1,100800.0,2026-07-20 18:00:00,2026-07-20 18:00:00,1008.0
20260720,180000,72W,24,2026,7,20,18,19.400000000000002,156.70000000000002,101000.0,2026-07-20 18:00:00,2026-07-20 18:00:00,1010.0
20260720,180000,72W,24,2026,7,20,18,19.7,155.9,100900.0,2026-07-20 18:00:00,2026-07-20 18:00:00,1009.0
20260720,180000,72W,25,2026,7,20,18,13.8,136.6,100600.0,2026-07-20 18:00:00,2026-07-20 18:00:00,1006.0
20260720,180000,72W,25,2026,7,20,18,13.3,135.7,100700.0,2026-07-20 18:00:00,2026-07-20 18:00:00,1007.0
20260720,180000,72W,25,2026,7,20,18,14.1,134.5,100500.0,2026-07-20 18:00:00,2026-07-20 18:00:00,1005.0
20260720,180000,72W,25,2026,7,20,18,14.3,133.2,100600.0,2026-07-20 18:00:00,2026-07-20 18:00:00,1006.0
20260720,180000,72W,25,2026,7,20,18,14.0,132.7,100400.0,2026-07-20 18:00:00,2026-07-20 18:00:00,1004.0
20260720,180000,72W,25,2026,7,20,18,13.9,132.6,100500.0,2026-07-20 18:00:00,2026-07-20 18:00:00,1005.0
20260720,180000,72W,25,2026,7,20,18,14.700000000000001,132.6,100300.0,2026-07-20 18:00:00,2026-07-20 18:00:00,1003.0
20260720,180000,72W,25,2026,7,20,18,15.8,131.5,100300.0,2026-07-20 18:00:00,2026-07-20 18:00:00,1003.0
20260720,180000,72W,25,2026,7,20,18,15.6,130.3,100100.0,2026-07-20 18:00:00,2026-07-20 18:00:00,1001.0
20260720,180000,72W,25,2026,7,20,18,15.9,129.4,100100.0,2026-07-20 18:00:00,2026-07-20 18:00:00,1001.0
20260720,180000,72W,25,2026,7,20,18,17.2,128.1,99900.0,2026-07-20 18:00:00,2026-07-20 18:00:00,999.0
20260720,180000,72W,25,2026,7,20,18,17.3,126.8,100000.0,2026-07-20 18:00:00,2026-07-20 18:00:00,1000.0
20260720,180000,72W,25,2026,7,20,18,18.2,125.8,99900.0,2026-07-20 18:00:00,2026-07-20 18:00:00,999.0
20260720,180000,72W,25,2026,7,20,18,18.2,124.5,99900.0,2026-07-20 18:00:00,2026-07-20 18:00:00,999.0
20260720,180000,72W,25,2026,7,20,18,19.0,123.4,99700.0,2026-07-20 18:00:00,2026-07-20 18:00:00,997.0
20260720,180000,72W,25,2026,7,20,18,19.3,122.0,99800.0,2026-07-20 18:00:00,2026-07-20 18:00:00,998.0
20260720,180000,72W,25,2026,7,20,18,19.900000000000002,121.0,99600.0,2026-07-20 18:00:00,2026-07-20 18:00:00,996.0
20260720,180000,72W,25,2026,7,20,18,19.6,119.60000000000001,99600.0,2026-07-20 18:00:00,2026-07-20 18:00:00,996.0
20260720,180000,72W,25,2026,7,20,18,19.0,118.2,99400.0,2026-07-20 18:00:00,2026-07-20 18:00:00,994.0
20260720,180000,72W,25,2026,7,20,18,19.1,117.4,99300.0,2026-07-20 18:00:00,2026-07-20 18:00:00,993.0
20260720,180000,72W,25,2026,7,20,18,19.6,116.60000000000001,99100.0,2026-07-20 18:00:00,2026-07-20 18:00:00,991.0
20260720,180000,72W,25,2026,7,20,18,19.900000000000002,115.8,99100.0,2026-07-20 18:00:00,2026-07-20 18:00:00,991.0
20260720,180000,72W,25,2026,7,20,18,20.1,114.5,99000.0,2026-07-20 18:00:00,2026-07-20 18:00:00,990.0
20260720,180000,72W,26,2026,7,20,18,12.4,178.0,100700.0,2026-07-20 18:00:00,2026-07-20 18:00:00,1007.0
20260720,180000,72W,26,2026,7,20,18,10.6,176.9,100600.0,2026-07-20 18:00:00,2026-07-20 18:00:00,1006.0
20260720,180000,72W,26,2026,7,20,18,13.0,174.8,100700.0,2026-07-20 18:00:00,2026-07-20 18:00:00,1007.0
20260720,180000,72W,26,2026,7,20,18,13.3,173.8,100800.0,2026-07-20 18:00:00,2026-07-20 18:00:00,1008.0
20260720,180000,72W,26,2026,7,20,18,13.200000000000001,172.5,100600.0,2026-07-20 18:00:00,2026-07-20 18:00:00,1006.0
20260720,180000,72W,26,2026,7,20,18,13.3,171.8,100700.0,2026-07-20 18:00:00,2026-07-20 18:00:00,1007.0
20260720,180000,72W,26,2026,7,20,18,14.1,170.9,100600.0,2026-07-20 18:00:00,2026-07-20 18:00:00,1006.0
20260720,180000,72W,26,2026,7,20,18,14.0,168.4,100800.0,2026-07-20 18:00:00,2026-07-20 18:00:00,1008.0
20260720,180000,72W,26,2026,7,20,18,14.1,167.1,100800.0,2026-07-20 18:00:00,2026-07-20 18:00:00,1008.0
20260720,180000,72W,26,2026,7,20,18,16.2,167.8,101000.0,2026-07-20 18:00:00,2026-07-20 18:00:00,1010.0
20260720,180000,72W,26,2026,7,20,18,15.9,166.1,101000.0,2026-07-20 18:00:00,2026-07-20 18:00:00,1010.0
20260720,180000,72W,26,2026,7,20,18,15.0,165.0,100800.0,2026-07-20 18:00:00,2026-07-20 18:00:00,1008.0
20260720,180000,72W,26,2026,7,20,18,15.200000000000001,163.4,100900.0,2026-07-20 18:00:00,2026-07-20 18:00:00,1009.0
20260720,180000,72W,26,2026,7,20,18,16.6,161.8,100800.0,2026-07-20 18:00:00,2026-07-20 18:00:00,1008.0
20260720,180000,72W,27,2026,7,20,18,11.200000000000001,136.6,100600.0,2026-07-20 18:00:00,2026-07-20 18:00:00,1006.0
20260720,180000,72W,27,2026,7,20,18,12.5,134.9,100700.0,2026-07-20 18:00:00,2026-07-20 18:00:00,1007.0
20260720,180000,72W,27,2026,7,20,18,12.1,135.3,100500.0,2026-07-20 18:00:00,2026-07-20 18:00:00,1005.0
20260720,180000,72W,27,2026,7,20,18,13.200000000000001,135.0,100500.0,2026-07-20 18:00:00,2026-07-20 18:00:00,1005.0
20260720,180000,72W,27,2026,7,20,18,13.6,133.9,100300.0,2026-07-20 18:00:00,2026-07-20 18:00:00,1003.0
20260720,180000,72W,27,2026,7,20,18,14.700000000000001,133.7,100400.0,2026-07-20 18:00:00,2026-07-20 18:00:00,1004.0
20260720,180000,72W,27,2026,7,20,18,13.700000000000001,132.8,100200.0,2026-07-20 18:00:00,2026-07-20 18:00:00,1002.0
20260720,180000,72W,27,2026,7,20,18,14.3,131.9,100300.0,2026-07-20 18:00:00,2026-07-20 18:00:00,1003.0
20260720,180000,72W,27,2026,7,20,18,15.5,131.0,100100.0,2026-07-20 18:00:00,2026-07-20 18:00:00,1001.0
20260720,180000,72W,27,2026,7,20,18,15.200000000000001,129.7,100200.0,2026-07-20 18:00:00,2026-07-20 18:00:00,1002.0
20260720,180000,72W,27,2026,7,20,18,16.1,128.8,100000.0,2026-07-20 18:00:00,2026-07-20 18:00:00,1000.0
20260720,180000,72W,27,2026,7,20,18,16.4,127.9,100100.0,2026-07-20 18:00:00,2026-07-20 18:00:00,1001.0
20260720,180000,72W,27,2026,7,20,18,16.9,127.4,99900.0,2026-07-20 18:00:00,2026-07-20 18:00:00,999.0
20260720,180000,72W,27,2026,7,20,18,17.1,125.5,100000.0,2026-07-20 18:00:00,2026-07-20 18:00:00,1000.0
20260720,180000,72W,27,2026,7,20,18,17.5,124.8,99900.0,2026-07-20 18:00:00,2026-07-20 18:00:00,999.0
20260720,180000,72W,27,2026,7,20,18,18.3,123.9,100000.0,2026-07-20 18:00:00,2026-07-20 18:00:00,1000.0
20260720,180000,72W,27,2026,7,20,18,17.7,120.0,99800.0,2026-07-20 18:00:00,2026-07-20 18:00:00,998.0
20260720,180000,72W,27,2026,7,20,18,16.5,118.9,99600.0,2026-07-20 18:00:00,2026-07-20 18:00:00,996.0
20260720,180000,72W,27,2026,7,20,18,17.3,118.8,99400.0,2026-07-20 18:00:00,2026-07-20 18:00:00,994.0
20260720,180000,72W,27,2026,7,20,18,17.900000000000002,119.3,99100.0,2026-07-20 18:00:00,2026-07-20 18:00:00,991.0
20260720,180000,72W,27,2026,7,20,18,18.0,118.8,98900.0,2026-07-20 18:00:00,2026-07-20 18:00:00,989.0
20260720,180000,72W,27,2026,7,20,18,19.2,118.8,98800.0,2026-07-20 18:00:00,2026-07-20 18:00:00,988.0
20260720,180000,72W,28,2026,7,20,18,14.1,133.8,100200.0,2026-07-20 18:00:00,2026-07-20 18:00:00,1002.0
20260720,180000,72W,28,2026,7,20,18,15.6,132.6,100300.0,2026-07-20 18:00:00,2026-07-20 18:00:00,1003.0
20260720,180000,72W,28,2026,7,20,18,16.6,130.7,100000.0,2026-07-20 18:00:00,2026-07-20 18:00:00,1000.0
20260720,180000,72W,28,2026,7,20,18,17.400000000000002,128.8,99900.0,2026-07-20 18:00:00,2026-07-20 18:00:00,999.0
20260720,180000,72W,28,2026,7,20,18,16.9,126.7,99700.0,2026-07-20 18:00:00,2026-07-20 18:00:00,997.0
20260720,180000,72W,28,2026,7,20,18,16.2,125.2,99700.0,2026-07-20 18:00:00,2026-07-20 18:00:00,997.0
20260720,180000,72W,28,2026,7,20,18,15.5,125.3,99500.0,2026-07-20 18:00:00,2026-07-20 18:00:00,995.0
20260720,180000,72W,30,2026,7,20,18,34.5,118.0,100400.0,2026-07-20 18:00:00,2026-07-20 18:00:00,1004.0
20260720,180000,72W,30,2026,7,20,18,34.9,121.9,100200.0,2026-07-20 18:00:00,2026-07-20 18:00:00,1002.0
20260720,180000,72W,30,2026,7,20,18,35.6,123.3,100200.0,2026-07-20 18:00:00,2026-07-20 18:00:00,1002.0
20260720,180000,72W,30,2026,7,20,18,36.5,124.8,100200.0,2026-07-20 18:00:00,2026-07-20 18:00:00,1002.0
20260720,180000,72W,30,2026,7,20,18,37.1,126.2,100400.0,2026-07-20 18:00:00,2026-07-20 18:00:00,1004.0
20260720,180000,72W,31,2026,7,20,18,15.200000000000001,133.2,100500.0,2026-07-20 18:00:00,2026-07-20 18:00:00,1005.0
20260720,180000,72W,31,2026,7,20,18,15.4,131.8,100600.0,2026-07-20 18:00:00,2026-07-20 18:00:00,1006.0
20260720,180000,72W,31,2026,7,20,18,15.5,131.7,100400.0,2026-07-20 18:00:00,2026-07-20 18:00:00,1004.0
20260720,180000,72W,31,2026,7,20,18,15.9,130.0,100400.0,2026-07-20 18:00:00,2026-07-20 18:00:00,1004.0
20260720,180000,72W,31,2026,7,20,18,17.2,129.2,100300.0,2026-07-20 18:00:00,2026-07-20 18:00:00,1003.0
20260720,180000,72W,31,2026,7,20,18,18.3,126.5,100200.0,2026-07-20 18:00:00,2026-07-20 18:00:00,1002.0
20260720,180000,72W,31,2026,7,20,18,18.5,124.10000000000001,100300.0,2026-07-20 18:00:00,2026-07-20 18:00:00,1003.0
20260720,180000,72W,32,2026,7,20,18,13.4,134.7,100800.0,2026-07-20 18:00:00,2026-07-20 18:00:00,1008.0
20260720,180000,72W,32,2026,7,20,18,13.1,134.5,100600.0,2026-07-20 18:00:00,2026-07-20 18:00:00,1006.0
20260720,180000,72W,32,2026,7,20,18,13.3,134.8,100700.0,2026-07-20 18:00:00,2026-07-20 18:00:00,1007.0
20260720,180000,72W,33,2026,7,20,18,13.3,134.0,100700.0,2026-07-20 18:00:00,2026-07-20 18:00:00,1007.0
20260720,180000,72W,33,2026,7,20,18,14.4,133.1,100500.0,2026-07-20 18:00:00,2026-07-20 18:00:00,1005.0
20260720,180000,72W,33,2026,7,20,18,13.8,132.8,100500.0,2026-07-20 18:00:00,2026-07-20 18:00:00,1005.0
20260720,180000,72W,33,2026,7,20,18,14.3,133.4,100400.0,2026-07-20 18:00:00,2026-07-20 18:00:00,1004.0
20260720,180000,72W,33,2026,7,20,18,15.4,129.5,100400.0,2026-07-20 18:00:00,2026-07-20 18:00:00,1004.0
20260720,180000,72W,33,2026,7,20,18,15.5,128.3,100200.0,2026-07-20 18:00:00,2026-07-20 18:00:00,1002.0
20260720,180000,72W,33,2026,7,20,18,16.3,126.2,100300.0,2026-07-20 18:00:00,2026-07-20 18:00:00,1003.0
20260720,180000,72W,33,2026,7,20,18,16.9,125.3,100100.0,2026-07-20 18:00:00,2026-07-20 18:00:00,1001.0
20260720,180000,72W,33,2026,7,20,18,17.1,124.60000000000001,100200.0,2026-07-20 18:00:00,2026-07-20 18:00:00,1002.0
20260720,180000,72W,33,2026,7,20,18,17.8,124.0,100100.0,2026-07-20 18:00:00,2026-07-20 18:00:00,1001.0
20260720,180000,72W,33,2026,7,20,18,18.1,122.7,100100.0,2026-07-20 18:00:00,2026-07-20 18:00:00,1001.0
20260720,180000,72W,33,2026,7,20,18,18.2,120.3,100000.0,2026-07-20 18:00:00,2026-07-20 18:00:00,1000.0
20260720,180000,72W,33,2026,7,20,18,17.3,119.60000000000001,100000.0,2026-07-20 18:00:00,2026-07-20 18:00:00,1000.0
20260720,180000,72W,33,2026,7,20,18,17.0,119.9,99800.0,2026-07-20 18:00:00,2026-07-20 18:00:00,998.0
20260720,180000,72W,33,2026,7,20,18,18.0,119.9,99800.0,2026-07-20 18:00:00,2026-07-20 18:00:00,998.0
20260720,180000,72W,33,2026,7,20,18,18.3,119.0,99700.0,2026-07-20 18:00:00,2026-07-20 18:00:00,997.0
20260720,180000,72W,34,2026,7,20,18,18.0,126.60000000000001,100200.0,2026-07-20 18:00:00,2026-07-20 18:00:00,1002.0
20260720,180000,72W,34,2026,7,20,18,19.1,124.60000000000001,100200.0,2026-07-20 18:00:00,2026-07-20 18:00:00,1002.0
20260720,180000,72W,34,2026,7,20,18,20.3,121.9,100100.0,2026-07-20 18:00:00,2026-07-20 18:00:00,1001.0
20260720,180000,72W,34,2026,7,20,18,20.2,120.9,100200.0,2026-07-20 18:00:00,2026-07-20 18:00:00,1002.0
20260720,180000,72W,35,2026,7,20,18,37.7,125.10000000000001,100300.0,2026-07-20 18:00:00,2026-07-20 18:00:00,1003.0
20260720,180000,72W,35,2026,7,20,18,40.1,129.9,100500.0,2026-07-20 18:00:00,2026-07-20 18:00:00,1005.0
20260720,180000,72W,35,2026,7,20,18,42.0,131.6,100300.0,2026-07-20 18:00:00,2026-07-20 18:00:00,1003.0
20260720,180000,72W,35,2026,7,20,18,42.0,134.7,100400.0,2026-07-20 18:00:00,2026-07-20 18:00:00,1004.0
20260720,180000,72W,37,2026,7,20,18,10.700000000000001,139.20000000000002,100700.0,2026-07-20 18:00:00,2026-07-20 18:00:00,1007.0
20260720,180000,72W,37,2026,7,20,18,12.1,140.1,100500.0,2026-07-20 18:00:00,2026-07-20 18:00:00,1005.0
20260720,180000,72W,37,2026,7,20,18,13.8,139.5,100700.0,2026-07-20 18:00:00,2026-07-20 18:00:00,1007.0
20260720,180000,72W,37,2026,7,20,18,15.0,135.2,100400.0,2026-07-20 18:00:00,2026-07-20 18:00:00,1004.0
20260720,180000,72W,37,2026,7,20,18,16.2,133.3,100500.0,2026-07-20 18:00:00,2026-07-20 18:00:00,1005.0
20260720,180000,72W,37,2026,7,20,18,16.1,131.6,100300.0,2026-07-20 18:00:00,2026-07-20 18:00:00,1003.0
20260720,180000,72W,37,2026,7,20,18,16.2,130.0,100300.0,2026-07-20 18:00:00,2026-07-20 18:00:00,1003.0
20260720,180000,72W,37,2026,7,20,18,16.2,129.1,100100.0,2026-07-20 18:00:00,2026-07-20 18:00:00,1001.0
20260720,180000,72W,37,2026,7,20,18,16.2,127.8,100300.0,2026-07-20 18:00:00,2026-07-20 18:00:00,1003.0
20260720,180000,72W,37,2026,7,20,18,17.400000000000002,126.5,100200.0,2026-07-20 18:00:00,2026-07-20 18:00:00,1002.0
20260720,180000,72W,37,2026,7,20,18,16.6,125.0,100300.0,2026-07-20 18:00:00,2026-07-20 18:00:00,1003.0
20260720,180000,72W,37,2026,7,20,18,16.8,123.7,100100.0,2026-07-20 18:00:00,2026-07-20 18:00:00,1001.0
20260720,180000,72W,37,2026,7,20,18,18.5,122.60000000000001,100300.0,2026-07-20 18:00:00,2026-07-20 18:00:00,1003.0
20260720,180000,72W,38,2026,7,20,18,13.1,137.1,100900.0,2026-07-20 18:00:00,2026-07-20 18:00:00,1009.0
20260720,180000,72W,38,2026,7,20,18,13.8,135.0,100600.0,2026-07-20 18:00:00,2026-07-20 18:00:00,1006.0
20260720,180000,72W,38,2026,7,20,18,13.8,134.0,100700.0,2026-07-20 18:00:00,2026-07-20 18:00:00,1007.0
20260720,180000,72W,38,2026,7,20,18,13.0,134.2,100500.0,2026-07-20 18:00:00,2026-07-20 18:00:00,1005.0
20260720,180000,72W,38,2026,7,20,18,13.6,134.1,100600.0,2026-07-20 18:00:00,2026-07-20 18:00:00,1006.0
20260720,180000,72W,38,2026,7,20,18,13.9,132.5,100300.0,2026-07-20 18:00:00,2026-07-20 18:00:00,1003.0
20260720,180000,72W,38,2026,7,20,18,13.6,132.6,100400.0,2026-07-20 18:00:00,2026-07-20 18:00:00,1004.0
20260720,180000,72W,38,2026,7,20,18,13.700000000000001,131.3,100100.0,2026-07-20 18:00:00,2026-07-20 18:00:00,1001.0
20260720,180000,72W,38,2026,7,20,18,14.4,130.2,100300.0,2026-07-20 18:00:00,2026-07-20 18:00:00,1003.0
20260720,180000,72W,38,2026,7,20,18,16.5,128.2,100100.0,2026-07-20 18:00:00,2026-07-20 18:00:00,1001.0
20260720,180000,72W,38,2026,7,20,18,17.8,127.4,99900.0,2026-07-20 18:00:00,2026-07-20 18:00:00,999.0
20260720,180000,72W,38,2026,7,20,18,17.3,125.5,99900.0,2026-07-20 18:00:00,2026-07-20 18:00:00,999.0
20260720,180000,72W,38,2026,7,20,18,18.1,123.10000000000001,99800.0,2026-07-20 18:00:00,2026-07-20 18:00:00,998.0
20260720,180000,72W,38,2026,7,20,18,18.5,121.7,99700.0,2026-07-20 18:00:00,2026-07-20 18:00:00,997.0
20260720,180000,72W,38,2026,7,20,18,18.6,121.3,99700.0,2026-07-20 18:00:00,2026-07-20 18:00:00,997.0
20260720,180000,72W,38,2026,7,20,18,18.900000000000002,121.0,99500.0,2026-07-20 18:00:00,2026-07-20 18:00:00,995.0
20260720,180000,72W,38,2026,7,20,18,20.0,120.5,99400.0,2026-07-20 18:00:00,2026-07-20 18:00:00,994.0
20260720,180000,72W,38,2026,7,20,18,20.2,119.4,99200.0,2026-07-20 18:00:00,2026-07-20 18:00:00,992.0
20260720,180000,72W,38,2026,7,20,18,20.900000000000002,120.0,99200.0,2026-07-20 18:00:00,2026-07-20 18:00:00,992.0
20260720,180000,72W,38,2026,7,20,18,22.7,119.3,99100.0,2026-07-20 18:00:00,2026-07-20 18:00:00,991.0
20260720,180000,72W,39,2026,7,20,18,14.3,136.8,100700.0,2026-07-20 18:00:00,2026-07-20 18:00:00,1007.0
20260720,180000,72W,39,2026,7,20,18,13.4,135.3,100500.0,2026-07-20 18:00:00,2026-07-20 18:00:00,1005.0
20260720,180000,72W,39,2026,7,20,18,13.3,135.1,100500.0,2026-07-20 18:00:00,2026-07-20 18:00:00,1005.0
20260720,180000,72W,39,2026,7,20,18,13.8,134.2,100300.0,2026-07-20 18:00:00,2026-07-20 18:00:00,1003.0
20260720,180000,72W,39,2026,7,20,18,13.6,133.8,100500.0,2026-07-20 18:00:00,2026-07-20 18:00:00,1005.0
20260720,180000,72W,39,2026,7,20,18,13.700000000000001,132.8,100200.0,2026-07-20 18:00:00,2026-07-20 18:00:00,1002.0
20260720,180000,72W,39,2026,7,20,18,14.5,130.3,100100.0,2026-07-20 18:00:00,2026-07-20 18:00:00,1001.0
20260720,180000,72W,39,2026,7,20,18,14.8,128.3,100300.0,2026-07-20 18:00:00,2026-07-20 18:00:00,1003.0
20260720,180000,72W,39,2026,7,20,18,14.9,127.60000000000001,100100.0,2026-07-20 18:00:00,2026-07-20 18:00:00,1001.0
20260720,180000,72W,39,2026,7,20,18,15.8,125.4,100000.0,2026-07-20 18:00:00,2026-07-20 18:00:00,1000.0
20260720,180000,72W,39,2026,7,20,18,16.2,124.2,100100.0,2026-07-20 18:00:00,2026-07-20 18:00:00,1001.0
20260720,180000,72W,39,2026,7,20,18,16.5,123.3,99900.0,2026-07-20 18:00:00,2026-07-20 18:00:00,999.0
20260720,180000,72W,39,2026,7,20,18,17.900000000000002,123.10000000000001,100100.0,2026-07-20 18:00:00,2026-07-20 18:00:00,1001.0
20260720,180000,72W,39,2026,7,20,18,18.2,119.60000000000001,99900.0,2026-07-20 18:00:00,2026-07-20 18:00:00,999.0
20260720,180000,72W,39,2026,7,20,18,18.0,118.5,99900.0,2026-07-20 18:00:00,2026-07-20 18:00:00,999.0
20260720,180000,72W,39,2026,7,20,18,17.5,117.2,99700.0,2026-07-20 18:00:00,2026-07-20 18:00:00,997.0
20260720,180000,72W,39,2026,7,20,18,16.4,115.5,99600.0,2026-07-20 18:00:00,2026-07-20 18:00:00,996.0
20260720,180000,72W,39,2026,7,20,18,17.8,116.2,99300.0,2026-07-20 18:00:00,2026-07-20 18:00:00,993.0
20260720,180000,72W,39,2026,7,20,18,17.6,115.7,99200.0,2026-07-20 18:00:00,2026-07-20 18:00:00,992.0
20260720,180000,72W,39,2026,7,20,18,18.7,113.9,98900.0,2026-07-20 18:00:00,2026-07-20 18:00:00,989.0
20260720,180000,72W,40,2026,7,20,18,11.4,177.5,100600.0,2026-07-20 18:00:00,2026-07-20 18:00:00,1006.0
20260720,180000,72W,40,2026,7,20,18,12.9,176.1,100800.0,2026-07-20 18:00:00,2026-07-20 18:00:00,1008.0
20260720,180000,72W,40,2026,7,20,18,13.8,174.70000000000002,100700.0,2026-07-20 18:00:00,2026-07-20 18:00:00,1007.0
20260720,180000,72W,40,2026,7,20,18,13.6,172.6,100600.0,2026-07-20 18:00:00,2026-07-20 18:00:00,1006.0
20260720,180000,72W,40,2026,7,20,18,14.3,171.9,100800.0,2026-07-20 18:00:00,2026-07-20 18:00:00,1008.0
20260720,180000,72W,40,2026,7,20,18,13.6,171.20000000000002,100700.0,2026-07-20 18:00:00,2026-07-20 18:00:00,1007.0
20260720,180000,72W,40,2026,7,20,18,13.8,171.70000000000002,100900.0,2026-07-20 18:00:00,2026-07-20 18:00:00,1009.0
20260720,180000,72W,40,2026,7,20,18,14.1,172.20000000000002,100700.0,2026-07-20 18:00:00,2026-07-20 18:00:00,1007.0
20260720,180000,72W,40,2026,7,20,18,14.3,172.0,100900.0,2026-07-20 18:00:00,2026-07-20 18:00:00,1009.0
20260720,180000,72W,40,2026,7,20,18,14.5,171.9,100700.0,2026-07-20 18:00:00,2026-07-20 18:00:00,1007.0
20260720,180000,72W,40,2026,7,20,18,15.0,171.20000000000002,100900.0,2026-07-20 18:00:00,2026-07-20 18:00:00,1009.0
20260720,180000,72W,40,2026,7,20,18,15.0,170.6,100700.0,2026-07-20 18:00:00,2026-07-20 18:00:00,1007.0
20260720,180000,72W,40,2026,7,20,18,13.700000000000001,170.0,100900.0,2026-07-20 18:00:00,2026-07-20 18:00:00,1009.0
20260720,180000,72W,40,2026,7,20,18,14.700000000000001,169.3,100800.0,2026-07-20 18:00:00,2026-07-20 18:00:00,1008.0
20260720,180000,72W,40,2026,7,20,18,15.700000000000001,168.5,100900.0,2026-07-20 18:00:00,2026-07-20 18:00:00,1009.0
20260720,180000,72W,40,2026,7,20,18,15.0,166.4,100900.0,2026-07-20 18:00:00,2026-07-20 18:00:00,1009.0
20260720,180000,72W,40,2026,7,20,18,14.3,164.9,101000.0,2026-07-20 18:00:00,2026-07-20 18:00:00,1010.0
20260720,180000,72W,42,2026,7,20,18,30.400000000000002,114.60000000000001,100400.0,2026-07-20 18:00:00,2026-07-20 18:00:00,1004.0
20260720,180000,72W,42,2026,7,20,18,30.1,114.60000000000001,100300.0,2026-07-20 18:00:00,2026-07-20 18:00:00,1003.0
20260720,180000,72W,42,2026,7,20,18,32.2,114.3,100300.0,2026-07-20 18:00:00,2026-07-20 18:00:00,1003.0
20260720,180000,72W,42,2026,7,20,18,32.3,117.0,100400.0,2026-07-20 18:00:00,2026-07-20 18:00:00,1004.0
20260720,180000,72W,42,2026,7,20,18,31.8,116.2,100200.0,2026-07-20 18:00:00,2026-07-20 18:00:00,1002.0
20260720,180000,72W,42,2026,7,20,18,33.2,117.4,100200.0,2026-07-20 18:00:00,2026-07-20 18:00:00,1002.0
20260720,180000,72W,42,2026,7,20,18,35.300000000000004,120.3,100100.0,2026-07-20 18:00:00,2026-07-20 18:00:00,1001.0
20260720,180000,72W,42,2026,7,20,18,35.5,120.7,100100.0,2026-07-20 18:00:00,2026-07-20 18:00:00,1001.0
20260720,180000,72W,42,2026,7,20,18,37.800000000000004,123.3,100200.0,2026-07-20 18:00:00,2026-07-20 18:00:00,1002.0
20260720,180000,72W,42,2026,7,20,18,39.7,124.3,99600.0,2026-07-20 18:00:00,2026-07-20 18:00:00,996.0
20260720,180000,72W,43,2026,7,20,18,13.0,137.6,100600.0,2026-07-20 18:00:00,2026-07-20 18:00:00,1006.0
20260720,180000,72W,43,2026,7,20,18,16.6,135.0,100400.0,2026-07-20 18:00:00,2026-07-20 18:00:00,1004.0
20260720,180000,72W,43,2026,7,20,18,16.5,132.8,100500.0,2026-07-20 18:00:00,2026-07-20 18:00:00,1005.0
20260720,180000,72W,43,2026,7,20,18,16.6,132.5,100200.0,2026-07-20 18:00:00,2026-07-20 18:00:00,1002.0
20260720,180000,72W,43,2026,7,20,18,16.6,130.8,100300.0,2026-07-20 18:00:00,2026-07-20 18:00:00,1003.0
20260720,180000,72W,43,2026,7,20,18,17.400000000000002,129.5,100100.0,2026-07-20 18:00:00,2026-07-20 18:00:00,1001.0
20260720,180000,72W,43,2026,7,20,18,18.1,127.60000000000001,100200.0,2026-07-20 18:00:00,2026-07-20 18:00:00,1002.0
20260720,180000,72W,43,2026,7,20,18,18.7,126.3,100100.0,2026-07-20 18:00:00,2026-07-20 18:00:00,1001.0
20260720,180000,72W,43,2026,7,20,18,19.2,125.0,100200.0,2026-07-20 18:00:00,2026-07-20 18:00:00,1002.0
20260720,180000,72W,43,2026,7,20,18,19.5,124.10000000000001,100000.0,2026-07-20 18:00:00,2026-07-20 18:00:00,1000.0
20260720,180000,72W,43,2026,7,20,18,20.3,122.9,100100.0,2026-07-20 18:00:00,2026-07-20 18:00:00,1001.0
20260720,180000,72W,43,2026,7,20,18,20.900000000000002,121.9,100100.0,2026-07-20 18:00:00,2026-07-20 18:00:00,1001.0
20260720,180000,72W,43,2026,7,20,18,22.1,119.10000000000001,100100.0,2026-07-20 18:00:00,2026-07-20 18:00:00,1001.0
20260720,180000,72W,43,2026,7,20,18,21.8,120.7,99900.0,2026-07-20 18:00:00,2026-07-20 18:00:00,999.0
20260720,180000,72W,43,2026,7,20,18,23.1,117.9,99800.0,2026-07-20 18:00:00,2026-07-20 18:00:00,998.0
20260720,180000,72W,43,2026,7,20,18,24.1,117.7,99800.0,2026-07-20 18:00:00,2026-07-20 18:00:00,998.0
20260720,180000,72W,43,2026,7,20,18,24.3,116.5,99500.0,2026-07-20 18:00:00,2026-07-20 18:00:00,995.0
20260720,180000,72W,43,2026,7,20,18,25.400000000000002,115.7,99600.0,2026-07-20 18:00:00,2026-07-20 18:00:00,996.0
20260720,180000,72W,43,2026,7,20,18,25.400000000000002,115.7,99600.0,2026-07-20 18:00:00,2026-07-20 18:00:00,996.0
20260720,180000,72W,44,2026,7,20,18,33.7,122.3,100500.0,2026-07-20 18:00:00,2026-07-20 18:00:00,1005.0
20260720,180000,72W,44,2026,7,20,18,33.9,122.4,100600.0,2026-07-20 18:00:00,2026-07-20 18:00:00,1006.0
20260720,180000,72W,44,2026,7,20,18,35.2,122.9,100600.0,2026-07-20 18:00:00,2026-07-20 18:00:00,1006.0
20260720,180000,72W,44,2026,7,20,18,35.300000000000004,122.8,100600.0,2026-07-20 18:00:00,2026-07-20 18:00:00,1006.0
20260720,180000,72W,45,2026,7,20,18,12.9,177.0,100700.0,2026-07-20 18:00:00,2026-07-20 18:00:00,1007.0
20260720,180000,72W,45,2026,7,20,18,12.6,175.9,100600.0,2026-07-20 18:00:00,2026-07-20 18:00:00,1006.0
20260720,180000,72W,45,2026,7,20,18,13.700000000000001,173.8,100600.0,2026-07-20 18:00:00,2026-07-20 18:00:00,1006.0
20260720,180000,72W,45,2026,7,20,18,13.1,174.0,100800.0,2026-07-20 18:00:00,2026-07-20 18:00:00,1008.0
20260720,180000,72W,45,2026,7,20,18,13.4,173.3,100600.0,2026-07-20 18:00:00,2026-07-20 18:00:00,1006.0
20260720,180000,72W,45,2026,7,20,18,14.4,172.8,100700.0,2026-07-20 18:00:00,2026-07-20 18:00:00,1007.0
20260720,180000,72W,45,2026,7,20,18,15.0,172.4,100600.0,2026-07-20 18:00:00,2026-07-20 18:00:00,1006.0
20260720,180000,72W,45,2026,7,20,18,15.700000000000001,171.9,100800.0,2026-07-20 18:00:00,2026-07-20 18:00:00,1008.0
20260720,180000,72W,45,2026,7,20,18,15.700000000000001,171.4,100700.0,2026-07-20 18:00:00,2026-07-20 18:00:00,1007.0
20260720,180000,72W,45,2026,7,20,18,16.3,171.20000000000002,100800.0,2026-07-20 18:00:00,2026-07-20 18:00:00,1008.0
20260720,180000,72W,45,2026,7,20,18,16.3,168.1,100700.0,2026-07-20 18:00:00,2026-07-20 18:00:00,1007.0
20260720,180000,72W,45,2026,7,20,18,16.1,167.4,100800.0,2026-07-20 18:00:00,2026-07-20 18:00:00,1008.0
20260720,180000,72W,45,2026,7,20,18,16.9,166.6,100800.0,2026-07-20 18:00:00,2026-07-20 18:00:00,1008.0
20260720,180000,72W,46,2026,7,20,18,37.800000000000004,125.7,100500.0,2026-07-20 18:00:00,2026-07-20 18:00:00,1005.0
20260720,180000,72W,46,2026,7,20,18,40.300000000000004,130.3,100600.0,2026-07-20 18:00:00,2026-07-20 18:00:00,1006.0
20260720,180000,72W,46,2026,7,20,18,40.2,131.8,100600.0,2026-07-20 18:00:00,2026-07-20 18:00:00,1006.0
20260720,180000,72W,47,2026,7,20,18,36.4,141.70000000000002,100600.0,2026-07-20 18:00:00,2026-07-20 18:00:00,1006.0
20260720,180000,72W,47,2026,7,20,18,35.6,142.6,100500.0,2026-07-20 18:00:00,2026-07-20 18:00:00,1005.0
20260720,180000,72W,47,2026,7,20,18,33.9,148.4,100600.0,2026-07-20 18:00:00,2026-07-20 18:00:00,1006.0
20260720,180000,72W,47,2026,7,20,18,33.7,151.5,100600.0,2026-07-20 18:00:00,2026-07-20 18:00:00,1006.0
20260720,180000,72W,47,2026,7,20,18,33.9,152.70000000000002,100800.0,2026-07-20 18:00:00,2026-07-20 18:00:00,1008.0
20260720,180000,72W,47,2026,7,20,18,34.0,153.0,100800.0,2026-07-20 18:00:00,2026-07-20 18:00:00,1008.0
20260720,180000,72W,50,2026,7,20,18,12.0,131.4,100700.0,2026-07-20 18:00:00,2026-07-20 18:00:00,1007.0
20260720,180000,72W,50,2026,7,20,18,10.6,133.2,100500.0,2026-07-20 18:00:00,2026-07-20 18:00:00,1005.0
20260720,180000,72W,50,2026,7,20,18,11.1,133.2,100700.0,2026-07-20 18:00:00,2026-07-20 18:00:00,1007.0
20260720,180000,72W,50,2026,7,20,18,10.4,133.2,100200.0,2026-07-20 18:00:00,2026-07-20 18:00:00,1002.0
20260720,180000,72W,50,2026,7,20,18,11.700000000000001,134.2,100000.0,2026-07-20 18:00:00,2026-07-20 18:00:00,1000.0
20260720,180000,72W,50,2026,7,20,18,13.6,134.7,99400.0,2026-07-20 18:00:00,2026-07-20 18:00:00,994.0
20260720,180000,72W,50,2026,7,20,18,15.700000000000001,134.0,99200.0,2026-07-20 18:00:00,2026-07-20 18:00:00,992.0
20260720,180000,72W,50,2026,7,20,18,16.8,131.2,99000.0,2026-07-20 18:00:00,2026-07-20 18:00:00,990.0
20260720,180000,72W,50,2026,7,20,18,16.0,129.7,98700.0,2026-07-20 18:00:00,2026-07-20 18:00:00,987.0
20260720,180000,72W,50,2026,7,20,18,15.9,129.5,97700.0,2026-07-20 18:00:00,2026-07-20 18:00:00,977.0
20260720,180000,72W,50,2026,7,20,18,17.8,128.8,98500.0,2026-07-20 18:00:00,2026-07-20 18:00:00,985.0
20260720,180000,72W,50,2026,7,20,18,18.2,126.7,97400.0,2026-07-20 18:00:00,2026-07-20 18:00:00,974.0
20260720,180000,72W,50,2026,7,20,18,18.1,125.9,97300.0,2026-07-20 18:00:00,2026-07-20 18:00:00,973.0
20260720,180000,72W,50,2026,7,20,18,19.5,125.10000000000001,97000.0,2026-07-20 18:00:00,2026-07-20 18:00:00,970.0
20260720,180000,72W,50,2026,7,20,18,20.2,123.60000000000001,97100.0,2026-07-20 18:00:00,2026-07-20 18:00:00,971.0
20260720,180000,72W,50,2026,7,20,18,20.8,122.10000000000001,96900.0,2026-07-20 18:00:00,2026-07-20 18:00:00,969.0
20260720,180000,72W,50,2026,7,20,18,21.3,121.5,96600.0,2026-07-20 18:00:00,2026-07-20 18:00:00,966.0
20260720,180000,72W,50,2026,7,20,18,22.6,120.10000000000001,97400.0,2026-07-20 18:00:00,2026-07-20 18:00:00,974.0
20260720,180000,72W,50,2026,7,20,18,23.3,119.10000000000001,97200.0,2026-07-20 18:00:00,2026-07-20 18:00:00,972.0
20260720,180000,72W,50,2026,7,20,18,23.8,118.4,97300.0,2026-07-20 18:00:00,2026-07-20 18:00:00,973.0
20260720,180000,72W,50,2026,7,20,18,24.3,117.60000000000001,97700.0,2026-07-20 18:00:00,2026-07-20 18:00:00,977.0
20260720,180000,72W,50,2026,7,20,18,24.7,116.7,98400.0,2026-07-20 18:00:00,2026-07-20 18:00:00,984.0
20260720,180000,72W,50,2026,7,20,18,25.0,116.3,98900.0,2026-07-20 18:00:00,2026-07-20 18:00:00,989.0
20260720,180000,72W,50,2026,7,20,18,26.0,115.5,99100.0,2026-07-20 18:00:00,2026-07-20 18:00:00,991.0
20260720,180000,72W,51,2026,7,20,18,30.7,114.60000000000001,100400.0,2026-07-20 18:00:00,2026-07-20 18:00:00,1004.0
20260720,180000,72W,51,2026,7,20,18,30.400000000000002,114.60000000000001,100300.0,2026-07-20 18:00:00,2026-07-20 18:00:00,1003.0
20260720,180000,72W,51,2026,7,20,18,32.3,113.9,100300.0,2026-07-20 18:00:00,2026-07-20 18:00:00,1003.0
20260720,180000,72W,51,2026,7,20,18,33.8,114.60000000000001,100400.0,2026-07-20 18:00:00,2026-07-20 18:00:00,1004.0
20260720,180000,72W,51,2026,7,20,18,33.4,119.0,100400.0,2026-07-20 18:00:00,2026-07-20 18:00:00,1004.0
20260720,180000,72W,51,2026,7,20,18,35.0,121.60000000000001,100300.0,2026-07-20 18:00:00,2026-07-20 18:00:00,1003.0
20260720,180000,72W,51,2026,7,20,18,36.4,123.2,100200.0,2026-07-20 18:00:00,2026-07-20 18:00:00,1002.0
20260720,180000,72W,51,2026,7,20,18,37.2,124.7,100200.0,2026-07-20 18:00:00,2026-07-20 18:00:00,1002.0
20260720,180000,73W,1,2026,7,20,18,16.2,168.3,100900.0,2026-07-20 18:00:00,2026-07-20 18:00:00,1009.0
20260720,180000,73W,1,2026,7,20,18,15.1,164.6,100800.0,2026-07-20 18:00:00,2026-07-20 18:00:00,1008.0
20260720,180000,73W,1,2026,7,20,18,17.5,162.4,100700.0,2026-07-20 18:00:00,2026-07-20 18:00:00,1007.0
20260720,180000,73W,1,2026,7,20,18,17.3,160.3,100800.0,2026-07-20 18:00:00,2026-07-20 18:00:00,1008.0
20260720,180000,73W,1,2026,7,20,18,18.900000000000002,157.20000000000002,100800.0,2026-07-20 18:00:00,2026-07-20 18:00:00,1008.0
20260720,180000,73W,2,2026,7,20,18,11.5,118.60000000000001,100500.0,2026-07-20 18:00:00,2026-07-20 18:00:00,1005.0
20260720,180000,73W,2,2026,7,20,18,11.4,117.10000000000001,100500.0,2026-07-20 18:00:00,2026-07-20 18:00:00,1005.0
20260720,180000,73W,2,2026,7,20,18,10.8,114.60000000000001,100100.0,2026-07-20 18:00:00,2026-07-20 18:00:00,1001.0
20260720,180000,73W,2,2026,7,20,18,11.1,116.2,100300.0,2026-07-20 18:00:00,2026-07-20 18:00:00,1003.0
20260720,180000,73W,2,2026,7,20,18,13.1,116.60000000000001,100100.0,2026-07-20 18:00:00,2026-07-20 18:00:00,1001.0
20260720,180000,73W,2,2026,7,20,18,13.8,117.7,100100.0,2026-07-20 18:00:00,2026-07-20 18:00:00,1001.0
20260720,180000,73W,2,2026,7,20,18,14.6,118.5,99800.0,2026-07-20 18:00:00,2026-07-20 18:00:00,998.0
20260720,180000,73W,2,2026,7,20,18,15.8,119.7,99800.0,2026-07-20 18:00:00,2026-07-20 18:00:00,998.0
20260720,180000,73W,3,2026,7,20,18,35.1,123.0,100400.0,2026-07-20 18:00:00,2026-07-20 18:00:00,1004.0
20260720,180000,73W,3,2026,7,20,18,37.5,125.60000000000001,100300.0,2026-07-20 18:00:00,2026-07-20 18:00:00,1003.0
20260720,180000,73W,3,2026,7,20,18,37.9,125.60000000000001,100400.0,2026-07-20 18:00:00,2026-07-20 18:00:00,1004.0
20260720,180000,73W,4,2026,7,20,18,13.6,132.4,100300.0,2026-07-20 18:00:00,2026-07-20 18:00:00,1003.0
20260720,180000,73W,4,2026,7,20,18,12.9,133.1,100400.0,2026-07-20 18:00:00,2026-07-20 18:00:00,1004.0
20260720,180000,73W,4,2026,7,20,18,14.700000000000001,133.8,100100.0,2026-07-20 18:00:00,2026-07-20 18:00:00,1001.0
20260720,180000,73W,5,2026,7,20,18,11.0,111.3,100500.0,2026-07-20 18:00:00,2026-07-20 18:00:00,1005.0
20260720,180000,73W,5,2026,7,20,18,11.1,111.0,100700.0,2026-07-20 18:00:00,2026-07-20 18:00:00,1007.0
20260720,180000,73W,5,2026,7,20,18,10.700000000000001,113.3,100600.0,2026-07-20 18:00:00,2026-07-20 18:00:00,1006.0
20260720,180000,73W,5,2026,7,20,18,11.5,114.8,100500.0,2026-07-20 18:00:00,2026-07-20 18:00:00,1005.0
20260720,180000,73W,5,2026,7,20,18,12.1,115.10000000000001,100600.0,2026-07-20 18:00:00,2026-07-20 18:00:00,1006.0
20260720,180000,73W,5,2026,7,20,18,12.4,115.10000000000001,100400.0,2026-07-20 18:00:00,2026-07-20 18:00:00,1004.0
20260720,180000,73W,6,2026,7,20,18,14.0,133.8,100300.0,2026-07-20 18:00:00,2026-07-20 18:00:00,1003.0
20260720,180000,73W,6,2026,7,20,18,14.5,131.0,100100.0,2026-07-20 18:00:00,2026-07-20 18:00:00,1001.0
20260720,180000,73W,7,2026,7,20,18,35.1,143.4,100800.0,2026-07-20 18:00:00,2026-07-20 18:00:00,1008.0
20260720,180000,73W,7,2026,7,20,18,35.0,142.0,100900.0,2026-07-20 18:00:00,2026-07-20 18:00:00,1009.0
20260720,180000,73W,7,2026,7,20,18,34.2,142.4,100800.0,2026-07-20 18:00:00,2026-07-20 18:00:00,1008.0
20260720,180000,73W,7,2026,7,20,18,31.900000000000002,142.4,100900.0,2026-07-20 18:00:00,2026-07-20 18:00:00,1009.0
20260720,180000,73W,7,2026,7,20,18,30.8,145.9,101100.0,2026-07-20 18:00:00,2026-07-20 18:00:00,1011.0
20260720,180000,73W,8,2026,7,20,18,14.9,132.9,100600.0,2026-07-20 18:00:00,2026-07-20 18:00:00,1006.0
20260720,180000,73W,8,2026,7,20,18,15.6,129.1,100400.0,2026-07-20 18:00:00,2026-07-20 18:00:00,1004.0
20260720,180000,73W,8,2026,7,20,18,15.5,129.1,100200.0,2026-07-20 18:00:00,2026-07-20 18:00:00,1002.0
20260720,180000,73W,8,2026,7,20,18,16.5,127.5,100300.0,2026-07-20 18:00:00,2026-07-20 18:00:00,1003.0
20260720,180000,73W,8,2026,7,20,18,16.5,127.10000000000001,100000.0,2026-07-20 18:00:00,2026-07-20 18:00:00,1000.0
20260720,180000,73W,8,2026,7,20,18,17.2,128.6,100100.0,2026-07-20 18:00:00,2026-07-20 18:00:00,1001.0
20260720,180000,73W,10,2026,7,20,18,35.300000000000004,121.9,100400.0,2026-07-20 18:00:00,2026-07-20 18:00:00,1004.0
20260720,180000,73W,10,2026,7,20,18,36.2,123.9,100000.0,2026-07-20 18:00:00,2026-07-20 18:00:00,1000.0
20260720,180000,73W,10,2026,7,20,18,37.4,125.7,100100.0,2026-07-20 18:00:00,2026-07-20 18:00:00,1001.0
20260720,180000,73W,10,2026,7,20,18,37.9,126.7,100500.0,2026-07-20 18:00:00,2026-07-20 18:00:00,1005.0
20260720,180000,73W,10,2026,7,20,18,38.4,129.8,100500.0,2026-07-20 18:00:00,2026-07-20 18:00:00,1005.0
20260720,180000,73W,10,2026,7,20,18,38.6,133.9,100800.0,2026-07-20 18:00:00,2026-07-20 18:00:00,1008.0
20260720,180000,73W,12,2026,7,20,18,35.4,139.5,100700.0,2026-07-20 18:00:00,2026-07-20 18:00:00,1007.0
20260720,180000,73W,12,2026,7,20,18,35.800000000000004,139.6,100400.0,2026-07-20 18:00:00,2026-07-20 18:00:00,1004.0
20260720,180000,73W,12,2026,7,20,18,35.1,139.20000000000002,100600.0,2026-07-20 18:00:00,2026-07-20 18:00:00,1006.0
20260720,180000,73W,12,2026,7,20,18,35.2,139.3,100500.0,2026-07-20 18:00:00,2026-07-20 18:00:00,1005.0
20260720,180000,73W,12,2026,7,20,18,35.300000000000004,139.8,100700.0,2026-07-20 18:00:00,2026-07-20 18:00:00,1007.0
20260720,180000,73W,12,2026,7,20,18,35.6,139.3,100500.0,2026-07-20 18:00:00,2026-07-20 18:00:00,1005.0
20260720,180000,73W,12,2026,7,20,18,35.0,137.0,100800.0,2026-07-20 18:00:00,2026-07-20 18:00:00,1008.0
20260720,180000,73W,12,2026,7,20,18,35.9,139.5,100700.0,2026-07-20 18:00:00,2026-07-20 18:00:00,1007.0
20260720,180000,73W,12,2026,7,20,18,37.4,144.5,100500.0,2026-07-20 18:00:00,2026-07-20 18:00:00,1005.0
20260720,180000,73W,12,2026,7,20,18,36.0,146.6,100600.0,2026-07-20 18:00:00,2026-07-20 18:00:00,1006.0
20260720,180000,73W,12,2026,7,20,18,35.4,146.70000000000002,100600.0,2026-07-20 18:00:00,2026-07-20 18:00:00,1006.0
20260720,180000,73W,12,2026,7,20,18,34.6,150.8,100500.0,2026-07-20 18:00:00,2026-07-20 18:00:00,1005.0
20260720,180000,73W,12,2026,7,20,18,34.4,151.6,100500.0,2026-07-20 18:00:00,2026-07-20 18:00:00,1005.0
20260720,180000,73W,12,2026,7,20,18,33.9,152.6,100800.0,2026-07-20 18:00:00,2026-07-20 18:00:00,1008.0
20260720,180000,73W,12,2026,7,20,18,34.1,155.4,100800.0,2026-07-20 18:00:00,2026-07-20 18:00:00,1008.0
20260720,180000,73W,12,2026,7,20,18,33.9,155.8,101100.0,2026-07-20 18:00:00,2026-07-20 18:00:00,1011.0
20260720,180000,73W,12,2026,7,20,18,33.9,156.8,101200.0,2026-07-20 18:00:00,2026-07-20 18:00:00,1012.0
20260720,180000,73W,13,2026,7,20,18,18.2,162.0,100700.0,2026-07-20 18:00:00,2026-07-20 18:00:00,1007.0
20260720,180000,73W,13,2026,7,20,18,18.6,161.70000000000002,100800.0,2026-07-20 18:00:00,2026-07-20 18:00:00,1008.0
20260720,180000,73W,13,2026,7,20,18,19.0,160.4,100700.0,2026-07-20 18:00:00,2026-07-20 18:00:00,1007.0
20260720,180000,73W,13,2026,7,20,18,19.400000000000002,159.9,100900.0,2026-07-20 18:00:00,2026-07-20 18:00:00,1009.0
20260720,180000,73W,13,2026,7,20,18,20.1,158.3,100700.0,2026-07-20 18:00:00,2026-07-20 18:00:00,1007.0
20260720,180000,73W,15,2026,7,20,18,33.7,120.7,100600.0,2026-07-20 18:00:00,2026-07-20 18:00:00,1006.0
20260720,180000,73W,15,2026,7,20,18,37.0,123.2,100500.0,2026-07-20 18:00:00,2026-07-20 18:00:00,1005.0
20260720,180000,73W,15,2026,7,20,18,37.7,125.5,100500.0,2026-07-20 18:00:00,2026-07-20 18:00:00,1005.0
20260720,180000,73W,15,2026,7,20,18,37.5,129.2,100500.0,2026-07-20 18:00:00,2026-07-20 18:00:00,1005.0
20260720,180000,73W,15,2026,7,20,18,38.0,129.8,100600.0,2026-07-20 18:00:00,2026-07-20 18:00:00,1006.0
20260720,180000,73W,15,2026,7,20,18,39.300000000000004,132.8,100600.0,2026-07-20 18:00:00,2026-07-20 18:00:00,1006.0
20260720,180000,73W,15,2026,7,20,18,39.300000000000004,134.4,100600.0,2026-07-20 18:00:00,2026-07-20 18:00:00,1006.0
20260720,180000,73W,15,2026,7,20,18,38.300000000000004,137.5,100600.0,2026-07-20 18:00:00,2026-07-20 18:00:00,1006.0
20260720,180000,73W,16,2026,7,20,18,11.6,132.5,100600.0,2026-07-20 18:00:00,2026-07-20 18:00:00,1006.0
20260720,180000,73W,16,2026,7,20,18,10.6,132.3,100700.0,2026-07-20 18:00:00,2026-07-20 18:00:00,1007.0
20260720,180000,73W,16,2026,7,20,18,13.3,131.9,100200.0,2026-07-20 18:00:00,2026-07-20 18:00:00,1002.0
20260720,180000,73W,16,2026,7,20,18,13.6,131.3,100100.0,2026-07-20 18:00:00,2026-07-20 18:00:00,1001.0
20260720,180000,73W,16,2026,7,20,18,14.0,130.7,99800.0,2026-07-20 18:00:00,2026-07-20 18:00:00,998.0
20260720,180000,73W,16,2026,7,20,18,15.1,130.3,99800.0,2026-07-20 18:00:00,2026-07-20 18:00:00,998.0
20260720,180000,73W,16,2026,7,20,18,16.4,128.4,99400.0,2026-07-20 18:00:00,2026-07-20 18:00:00,994.0
20260720,180000,73W,16,2026,7,20,18,15.0,126.8,99000.0,2026-07-20 18:00:00,2026-07-20 18:00:00,990.0
20260720,180000,73W,16,2026,7,20,18,14.8,124.9,98300.0,2026-07-20 18:00:00,2026-07-20 18:00:00,983.0
20260720,180000,73W,16,2026,7,20,18,16.7,124.10000000000001,98100.0,2026-07-20 18:00:00,2026-07-20 18:00:00,981.0
20260720,180000,73W,16,2026,7,20,18,17.2,123.60000000000001,97600.0,2026-07-20 18:00:00,2026-07-20 18:00:00,976.0
20260720,180000,73W,16,2026,7,20,18,17.7,122.3,98000.0,2026-07-20 18:00:00,2026-07-20 18:00:00,980.0
20260720,180000,73W,16,2026,7,20,18,17.7,120.9,97900.0,2026-07-20 18:00:00,2026-07-20 18:00:00,979.0
20260720,180000,73W,16,2026,7,20,18,18.2,120.3,97800.0,2026-07-20 18:00:00,2026-07-20 18:00:00,978.0
20260720,180000,73W,16,2026,7,20,18,19.400000000000002,119.5,97600.0,2026-07-20 18:00:00,2026-07-20 18:00:00,976.0
20260720,180000,73W,16,2026,7,20,18,20.1,118.10000000000001,97500.0,2026-07-20 18:00:00,2026-07-20 18:00:00,975.0
20260720,180000,73W,16,2026,7,20,18,20.400000000000002,117.60000000000001,97000.0,2026-07-20 18:00:00,2026-07-20 18:00:00,970.0
20260720,180000,73W,16,2026,7,20,18,20.900000000000002,116.7,97100.0,2026-07-20 18:00:00,2026-07-20 18:00:00,971.0
20260720,180000,73W,16,2026,7,20,18,21.7,116.2,97100.0,2026-07-20 18:00:00,2026-07-20 18:00:00,971.0
20260720,180000,73W,17,2026,7,20,18,9.1,155.8,100900.0,2026-07-20 18:00:00,2026-07-20 18:00:00,1009.0
20260720,180000,73W,17,2026,7,20,18,9.200000000000001,153.8,100700.0,2026-07-20 18:00:00,2026-07-20 18:00:00,1007.0
20260720,180000,73W,17,2026,7,20,18,10.1,155.6,100800.0,2026-07-20 18:00:00,2026-07-20 18:00:00,1008.0
20260720,180000,73W,17,2026,7,20,18,10.9,154.4,100500.0,2026-07-20 18:00:00,2026-07-20 18:00:00,1005.0
20260720,180000,73W,17,2026,7,20,18,10.8,153.4,100700.0,2026-07-20 18:00:00,2026-07-20 18:00:00,1007.0
20260720,180000,73W,17,2026,7,20,18,10.700000000000001,152.20000000000002,100500.0,2026-07-20 18:00:00,2026-07-20 18:00:00,1005.0
20260720,180000,73W,17,2026,7,20,18,10.200000000000001,151.8,100500.0,2026-07-20 18:00:00,2026-07-20 18:00:00,1005.0
20260720,180000,73W,17,2026,7,20,18,11.200000000000001,151.20000000000002,100200.0,2026-07-20 18:00:00,2026-07-20 18:00:00,1002.0
20260720,180000,73W,17,2026,7,20,18,11.4,150.4,100400.0,2026-07-20 18:00:00,2026-07-20 18:00:00,1004.0
20260720,180000,73W,17,2026,7,20,18,12.200000000000001,149.8,100000.0,2026-07-20 18:00:00,2026-07-20 18:00:00,1000.0
20260720,180000,73W,19,2026,7,20,18,14.6,134.5,100400.0,2026-07-20 18:00:00,2026-07-20 18:00:00,1004.0
20260720,180000,73W,19,2026,7,20,18,14.9,133.3,100500.0,2026-07-20 18:00:00,2026-07-20 18:00:00,1005.0
20260720,180000,73W,19,2026,7,20,18,15.200000000000001,132.6,100300.0,2026-07-20 18:00:00,2026-07-20 18:00:00,1003.0
20260720,180000,73W,19,2026,7,20,18,15.700000000000001,131.5,100400.0,2026-07-20 18:00:00,2026-07-20 18:00:00,1004.0
20260720,180000,73W,19,2026,7,20,18,15.8,130.9,100200.0,2026-07-20 18:00:00,2026-07-20 18:00:00,1002.0
20260720,180000,73W,19,2026,7,20,18,16.3,130.2,100400.0,2026-07-20 18:00:00,2026-07-20 18:00:00,1004.0
20260720,180000,73W,19,2026,7,20,18,16.9,128.8,100200.0,2026-07-20 18:00:00,2026-07-20 18:00:00,1002.0
20260720,180000,73W,19,2026,7,20,18,17.8,127.5,100400.0,2026-07-20 18:00:00,2026-07-20 18:00:00,1004.0
20260720,180000,73W,19,2026,7,20,18,17.2,126.5,100200.0,2026-07-20 18:00:00,2026-07-20 18:00:00,1002.0
20260720,180000,73W,19,2026,7,20,18,18.3,125.0,100300.0,2026-07-20 18:00:00,2026-07-20 18:00:00,1003.0
20260720,180000,73W,19,2026,7,20,18,19.0,124.5,100200.0,2026-07-20 18:00:00,2026-07-20 18:00:00,1002.0
20260720,180000,73W,19,2026,7,20,18,18.7,123.10000000000001,100300.0,2026-07-20 18:00:00,2026-07-20 18:00:00,1003.0
20260720,180000,73W,19,2026,7,20,18,17.7,121.5,100100.0,2026-07-20 18:00:00,2026-07-20 18:00:00,1001.0
20260720,180000,73W,19,2026,7,20,18,18.6,121.0,100200.0,2026-07-20 18:00:00,2026-07-20 18:00:00,1002.0
20260720,180000,73W,19,2026,7,20,18,17.6,118.60000000000001,100000.0,2026-07-20 18:00:00,2026-07-20 18:00:00,1000.0
20260720,180000,73W,19,2026,7,20,18,17.7,118.60000000000001,100000.0,2026-07-20 18:00:00,2026-07-20 18:00:00,1000.0
20260720,180000,73W,19,2026,7,20,18,18.400000000000002,118.5,99900.0,2026-07-20 18:00:00,2026-07-20 18:00:00,999.0
20260720,180000,73W,19,2026,7,20,18,18.5,117.3,100000.0,2026-07-20 18:00:00,2026-07-20 18:00:00,1000.0
20260720,180000,73W,19,2026,7,20,18,18.7,116.60000000000001,99900.0,2026-07-20 18:00:00,2026-07-20 18:00:00,999.0
20260720,180000,73W,20,2026,7,20,18,33.9,122.60000000000001,100400.0,2026-07-20 18:00:00,2026-07-20 18:00:00,1004.0
20260720,180000,73W,20,2026,7,20,18,34.5,123.0,100600.0,2026-07-20 18:00:00,2026-07-20 18:00:00,1006.0
20260720,180000,73W,20,2026,7,20,18,35.2,123.4,100600.0,2026-07-20 18:00:00,2026-07-20 18:00:00,1006.0
20260720,180000,73W,20,2026,7,20,18,35.6,123.4,100700.0,2026-07-20 18:00:00,2026-07-20 18:00:00,1007.0
20260720,180000,73W,20,2026,7,20,18,37.7,122.9,100600.0,2026-07-20 18:00:00,2026-07-20 18:00:00,1006.0
20260720,180000,73W,20,2026,7,20,18,36.5,124.2,100600.0,2026-07-20 18:00:00,2026-07-20 18:00:00,1006.0
20260720,180000,73W,20,2026,7,20,18,38.4,125.60000000000001,100400.0,2026-07-20 18:00:00,2026-07-20 18:00:00,1004.0
20260720,180000,73W,20,2026,7,20,18,39.5,130.5,100600.0,2026-07-20 18:00:00,2026-07-20 18:00:00,1006.0
20260720,180000,73W,20,2026,7,20,18,40.1,131.3,100700.0,2026-07-20 18:00:00,2026-07-20 18:00:00,1007.0
20260720,180000,73W,20,2026,7,20,18,41.4,131.4,100600.0,2026-07-20 18:00:00,2026-07-20 18:00:00,1006.0
20260720,180000,73W,21,2026,7,20,18,14.9,117.7,100000.0,2026-07-20 18:00:00,2026-07-20 18:00:00,1000.0
20260720,180000,73W,21,2026,7,20,18,16.9,117.9,100000.0,2026-07-20 18:00:00,2026-07-20 18:00:00,1000.0
20260720,180000,73W,23,2026,7,20,18,14.0,137.70000000000002,100900.0,2026-07-20 18:00:00,2026-07-20 18:00:00,1009.0
20260720,180000,73W,23,2026,7,20,18,14.700000000000001,137.70000000000002,100700.0,2026-07-20 18:00:00,2026-07-20 18:00:00,1007.0
20260720,180000,73W,23,2026,7,20,18,15.6,136.6,100800.0,2026-07-20 18:00:00,2026-07-20 18:00:00,1008.0
20260720,180000,73W,23,2026,7,20,18,16.3,134.0,100600.0,2026-07-20 18:00:00,2026-07-20 18:00:00,1006.0
20260720,180000,73W,23,2026,7,20,18,15.700000000000001,132.8,100700.0,2026-07-20 18:00:00,2026-07-20 18:00:00,1007.0
20260720,180000,73W,23,2026,7,20,18,15.9,132.1,100400.0,2026-07-20 18:00:00,2026-07-20 18:00:00,1004.0
20260720,180000,73W,23,2026,7,20,18,16.2,130.9,100300.0,2026-07-20 18:00:00,2026-07-20 18:00:00,1003.0
20260720,180000,73W,23,2026,7,20,18,16.6,130.2,100000.0,2026-07-20 18:00:00,2026-07-20 18:00:00,1000.0
20260720,180000,73W,23,2026,7,20,18,17.1,129.0,100000.0,2026-07-20 18:00:00,2026-07-20 18:00:00,1000.0
20260720,180000,73W,23,2026,7,20,18,17.8,127.5,99600.0,2026-07-20 18:00:00,2026-07-20 18:00:00,996.0
20260720,180000,73W,23,2026,7,20,18,18.5,126.10000000000001,99700.0,2026-07-20 18:00:00,2026-07-20 18:00:00,997.0
20260720,180000,73W,23,2026,7,20,18,18.900000000000002,124.8,99500.0,2026-07-20 18:00:00,2026-07-20 18:00:00,995.0
20260720,180000,73W,23,2026,7,20,18,19.0,123.3,99500.0,2026-07-20 18:00:00,2026-07-20 18:00:00,995.0
20260720,180000,73W,23,2026,7,20,18,19.2,122.0,99000.0,2026-07-20 18:00:00,2026-07-20 18:00:00,990.0
20260720,180000,73W,23,2026,7,20,18,19.7,120.7,98600.0,2026-07-20 18:00:00,2026-07-20 18:00:00,986.0
20260720,180000,73W,23,2026,7,20,18,19.400000000000002,119.60000000000001,97700.0,2026-07-20 18:00:00,2026-07-20 18:00:00,977.0
20260720,180000,73W,23,2026,7,20,18,19.2,118.9,97000.0,2026-07-20 18:00:00,2026-07-20 18:00:00,970.0
20260720,180000,73W,23,2026,7,20,18,19.5,118.10000000000001,97200.0,2026-07-20 18:00:00,2026-07-20 18:00:00,972.0
20260720,180000,73W,23,2026,7,20,18,19.7,117.4,96300.0,2026-07-20 18:00:00,2026-07-20 18:00:00,963.0
20260720,180000,73W,23,2026,7,20,18,20.0,116.7,95400.0,2026-07-20 18:00:00,2026-07-20 18:00:00,954.0
20260720,180000,73W,23,2026,7,20,18,20.2,115.9,94800.0,2026-07-20 18:00:00,2026-07-20 18:00:00,948.0
20260720,180000,73W,23,2026,7,20,18,20.6,115.10000000000001,94100.0,2026-07-20 18:00:00,2026-07-20 18:00:00,941.0
20260720,180000,73W,24,2026,7,20,18,10.200000000000001,148.70000000000002,101000.0,2026-07-20 18:00:00,2026-07-20 18:00:00,1010.0
20260720,180000,73W,24,2026,7,20,18,9.3,148.8,100900.0,2026-07-20 18:00:00,2026-07-20 18:00:00,1009.0
20260720,180000,73W,24,2026,7,20,18,10.0,148.9,100900.0,2026-07-20 18:00:00,2026-07-20 18:00:00,1009.0
20260720,180000,73W,24,2026,7,20,18,8.2,148.20000000000002,100600.0,2026-07-20 18:00:00,2026-07-20 18:00:00,1006.0
20260720,180000,73W,24,2026,7,20,18,7.1000000000000005,147.70000000000002,100800.0,2026-07-20 18:00:00,2026-07-20 18:00:00,1008.0
20260720,180000,73W,24,2026,7,20,18,7.5,147.3,100500.0,2026-07-20 18:00:00,2026-07-20 18:00:00,1005.0
20260720,180000,73W,24,2026,7,20,18,8.0,147.1,100700.0,2026-07-20 18:00:00,2026-07-20 18:00:00,1007.0
20260720,180000,73W,24,2026,7,20,18,7.9,147.0,100400.0,2026-07-20 18:00:00,2026-07-20 18:00:00,1004.0
20260720,180000,73W,24,2026,7,20,18,8.3,146.20000000000002,100600.0,2026-07-20 18:00:00,2026-07-20 18:00:00,1006.0
20260720,180000,73W,24,2026,7,20,18,8.0,146.0,100300.0,2026-07-20 18:00:00,2026-07-20 18:00:00,1003.0
20260720,180000,73W,24,2026,7,20,18,8.9,145.3,100400.0,2026-07-20 18:00:00,2026-07-20 18:00:00,1004.0
20260720,180000,73W,24,2026,7,20,18,9.200000000000001,144.9,100200.0,2026-07-20 18:00:00,2026-07-20 18:00:00,1002.0
20260720,180000,73W,24,2026,7,20,18,10.0,144.0,100500.0,2026-07-20 18:00:00,2026-07-20 18:00:00,1005.0
20260720,180000,73W,24,2026,7,20,18,10.8,143.0,100200.0,2026-07-20 18:00:00,2026-07-20 18:00:00,1002.0
20260720,180000,73W,25,2026,7,20,18,33.0,117.9,100500.0,2026-07-20 18:00:00,2026-07-20 18:00:00,1005.0
20260720,180000,73W,25,2026,7,20,18,33.6,119.9,100100.0,2026-07-20 18:00:00,2026-07-20 18:00:00,1001.0
20260720,180000,73W,25,2026,7,20,18,33.9,120.4,100200.0,2026-07-20 18:00:00,2026-07-20 18:00:00,1002.0
20260720,180000,73W,25,2026,7,20,18,35.4,122.2,100200.0,2026-07-20 18:00:00,2026-07-20 18:00:00,1002.0
20260720,180000,73W,25,2026,7,20,18,36.1,123.4,100100.0,2026-07-20 18:00:00,2026-07-20 18:00:00,1001.0
20260720,180000,73W,25,2026,7,20,18,36.800000000000004,124.8,100300.0,2026-07-20 18:00:00,2026-07-20 18:00:00,1003.0
20260720,180000,73W,25,2026,7,20,18,37.5,125.0,100400.0,2026-07-20 18:00:00,2026-07-20 18:00:00,1004.0
20260720,180000,73W,25,2026,7,20,18,37.9,122.2,100400.0,2026-07-20 18:00:00,2026-07-20 18:00:00,1004.0
20260720,180000,73W,26,2026,7,20,18,13.200000000000001,135.3,100700.0,2026-07-20 18:00:00,2026-07-20 18:00:00,1007.0
20260720,180000,73W,26,2026,7,20,18,13.3,135.7,100500.0,2026-07-20 18:00:00,2026-07-20 18:00:00,1005.0
20260720,180000,73W,26,2026,7,20,18,15.200000000000001,134.6,100500.0,2026-07-20 18:00:00,2026-07-20 18:00:00,1005.0
20260720,180000,73W,26,2026,7,20,18,15.5,133.4,100300.0,2026-07-20 18:00:00,2026-07-20 18:00:00,1003.0
20260720,180000,73W,26,2026,7,20,18,15.6,132.3,100400.0,2026-07-20 18:00:00,2026-07-20 18:00:00,1004.0
20260720,180000,73W,26,2026,7,20,18,15.9,131.4,100200.0,2026-07-20 18:00:00,2026-07-20 18:00:00,1002.0
20260720,180000,73W,26,2026,7,20,18,17.1,131.2,100300.0,2026-07-20 18:00:00,2026-07-20 18:00:00,1003.0
20260720,180000,73W,26,2026,7,20,18,16.7,130.5,100200.0,2026-07-20 18:00:00,2026-07-20 18:00:00,1002.0
20260720,180000,73W,26,2026,7,20,18,17.400000000000002,128.6,100300.0,2026-07-20 18:00:00,2026-07-20 18:00:00,1003.0
20260720,180000,73W,26,2026,7,20,18,19.1,125.9,100300.0,2026-07-20 18:00:00,2026-07-20 18:00:00,1003.0
20260720,180000,73W,26,2026,7,20,18,19.5,124.5,100100.0,2026-07-20 18:00:00,2026-07-20 18:00:00,1001.0
20260720,180000,73W,26,2026,7,20,18,19.900000000000002,123.8,100300.0,2026-07-20 18:00:00,2026-07-20 18:00:00,1003.0
20260720,180000,73W,26,2026,7,20,18,20.3,122.2,100200.0,2026-07-20 18:00:00,2026-07-20 18:00:00,1002.0
20260720,180000,73W,26,2026,7,20,18,20.400000000000002,121.3,100400.0,2026-07-20 18:00:00,2026-07-20 18:00:00,1004.0
20260720,180000,73W,26,2026,7,20,18,20.2,120.4,100300.0,2026-07-20 18:00:00,2026-07-20 18:00:00,1003.0
20260720,180000,73W,26,2026,7,20,18,20.3,120.3,100400.0,2026-07-20 18:00:00,2026-07-20 18:00:00,1004.0
20260720,180000,73W,26,2026,7,20,18,22.0,118.60000000000001,100300.0,2026-07-20 18:00:00,2026-07-20 18:00:00,1003.0
20260720,180000,73W,26,2026,7,20,18,22.5,117.10000000000001,100400.0,2026-07-20 18:00:00,2026-07-20 18:00:00,1004.0
20260720,180000,73W,26,2026,7,20,18,22.900000000000002,116.2,100200.0,2026-07-20 18:00:00,2026-07-20 18:00:00,1002.0
20260720,180000,73W,26,2026,7,20,18,22.6,113.3,100300.0,2026-07-20 18:00:00,2026-07-20 18:00:00,1003.0
20260720,180000,73W,26,2026,7,20,18,23.0,114.5,100300.0,2026-07-20 18:00:00,2026-07-20 18:00:00,1003.0
20260720,180000,73W,27,2026,7,20,18,8.2,148.0,100600.0,2026-07-20 18:00:00,2026-07-20 18:00:00,1006.0
20260720,180000,73W,27,2026,7,20,18,9.200000000000001,148.9,100300.0,2026-07-20 18:00:00,2026-07-20 18:00:00,1003.0
20260720,180000,73W,27,2026,7,20,18,8.8,148.0,100400.0,2026-07-20 18:00:00,2026-07-20 18:00:00,1004.0
20260720,180000,73W,27,2026,7,20,18,9.5,149.6,100100.0,2026-07-20 18:00:00,2026-07-20 18:00:00,1001.0
20260720,180000,73W,27,2026,7,20,18,9.1,148.9,100100.0,2026-07-20 18:00:00,2026-07-20 18:00:00,1001.0
20260720,180000,73W,27,2026,7,20,18,10.0,147.70000000000002,99300.0,2026-07-20 18:00:00,2026-07-20 18:00:00,993.0
20260720,180000,73W,27,2026,7,20,18,10.4,147.0,98700.0,2026-07-20 18:00:00,2026-07-20 18:00:00,987.0
20260720,180000,73W,27,2026,7,20,18,10.6,146.3,96900.0,2026-07-20 18:00:00,2026-07-20 18:00:00,969.0
20260720,180000,73W,27,2026,7,20,18,11.1,145.5,96600.0,2026-07-20 18:00:00,2026-07-20 18:00:00,966.0
20260720,180000,73W,27,2026,7,20,18,11.6,144.70000000000002,95500.0,2026-07-20 18:00:00,2026-07-20 18:00:00,955.0
20260720,180000,73W,27,2026,7,20,18,12.200000000000001,143.70000000000002,95800.0,2026-07-20 18:00:00,2026-07-20 18:00:00,958.0
20260720,180000,73W,27,2026,7,20,18,12.8,142.70000000000002,95100.0,2026-07-20 18:00:00,2026-07-20 18:00:00,951.0
20260720,180000,73W,28,2026,7,20,18,34.7,120.8,100400.0,2026-07-20 18:00:00,2026-07-20 18:00:00,1004.0
20260720,180000,73W,28,2026,7,20,18,37.9,124.9,100400.0,2026-07-20 18:00:00,2026-07-20 18:00:00,1004.0
20260720,180000,73W,28,2026,7,20,18,38.6,125.10000000000001,100400.0,2026-07-20 18:00:00,2026-07-20 18:00:00,1004.0
20260720,180000,73W,28,2026,7,20,18,38.9,129.9,100700.0,2026-07-20 18:00:00,2026-07-20 18:00:00,1007.0
20260720,180000,73W,31,2026,7,20,18,35.4,139.9,100700.0,2026-07-20 18:00:00,2026-07-20 18:00:00,1007.0
20260720,180000,73W,31,2026,7,20,18,35.800000000000004,139.5,100500.0,2026-07-20 18:00:00,2026-07-20 18:00:00,1005.0
20260720,180000,73W,31,2026,7,20,18,34.9,139.8,100800.0,2026-07-20 18:00:00,2026-07-20 18:00:00,1008.0
20260720,180000,73W,31,2026,7,20,18,34.4,140.70000000000002,100600.0,2026-07-20 18:00:00,2026-07-20 18:00:00,1006.0
20260720,180000,73W,31,2026,7,20,18,35.2,142.5,100500.0,2026-07-20 18:00:00,2026-07-20 18:00:00,1005.0
20260720,180000,73W,31,2026,7,20,18,34.7,144.3,100400.0,2026-07-20 18:00:00,2026-07-20 18:00:00,1004.0
20260720,180000,73W,31,2026,7,20,18,33.8,143.4,100500.0,2026-07-20 18:00:00,2026-07-20 18:00:00,1005.0
20260720,180000,73W,31,2026,7,20,18,33.6,145.1,100400.0,2026-07-20 18:00:00,2026-07-20 18:00:00,1004.0
20260720,180000,73W,31,2026,7,20,18,33.8,146.5,100600.0,2026-07-20 18:00:00,2026-07-20 18:00:00,1006.0
20260720,180000,73W,31,2026,7,20,18,33.4,146.9,100400.0,2026-07-20 18:00:00,2026-07-20 18:00:00,1004.0
20260720,180000,73W,31,2026,7,20,18,33.7,147.70000000000002,100600.0,2026-07-20 18:00:00,2026-07-20 18:00:00,1006.0
20260720,180000,73W,31,2026,7,20,18,34.4,148.70000000000002,100700.0,2026-07-20 18:00:00,2026-07-20 18:00:00,1007.0
20260720,180000,73W,32,2026,7,20,18,14.200000000000001,168.0,100600.0,2026-07-20 18:00:00,2026-07-20 18:00:00,1006.0
20260720,180000,73W,32,2026,7,20,18,14.5,167.6,100800.0,2026-07-20 18:00:00,2026-07-20 18:00:00,1008.0
20260720,180000,73W,32,2026,7,20,18,15.200000000000001,166.70000000000002,100700.0,2026-07-20 18:00:00,2026-07-20 18:00:00,1007.0
20260720,180000,73W,32,2026,7,20,18,12.6,165.70000000000002,100800.0,2026-07-20 18:00:00,2026-07-20 18:00:00,1008.0
20260720,180000,73W,32,2026,7,20,18,14.200000000000001,164.8,100800.0,2026-07-20 18:00:00,2026-07-20 18:00:00,1008.0
20260720,180000,73W,32,2026,7,20,18,13.1,163.6,100700.0,2026-07-20 18:00:00,2026-07-20 18:00:00,1007.0
20260720,180000,73W,32,2026,7,20,18,14.4,163.0,100800.0,2026-07-20 18:00:00,2026-07-20 18:00:00,1008.0
20260720,180000,73W,32,2026,7,20,18,13.6,160.8,100600.0,2026-07-20 18:00:00,2026-07-20 18:00:00,1006.0
20260720,180000,73W,32,2026,7,20,18,15.3,160.0,100700.0,2026-07-20 18:00:00,2026-07-20 18:00:00,1007.0
20260720,180000,73W,32,2026,7,20,18,17.3,158.9,100600.0,2026-07-20 18:00:00,2026-07-20 18:00:00,1006.0
20260720,180000,73W,33,2026,7,20,18,37.1,129.5,100600.0,2026-07-20 18:00:00,2026-07-20 18:00:00,1006.0
20260720,180000,73W,33,2026,7,20,18,39.300000000000004,135.7,100800.0,2026-07-20 18:00:00,2026-07-20 18:00:00,1008.0
20260720,180000,73W,33,2026,7,20,18,39.6,135.6,100700.0,2026-07-20 18:00:00,2026-07-20 18:00:00,1007.0
20260720,180000,73W,33,2026,7,20,18,39.6,135.7,100700.0,2026-07-20 18:00:00,2026-07-20 18:00:00,1007.0
20260720,180000,73W,34,2026,7,20,18,36.0,145.1,100700.0,2026-07-20 18:00:00,2026-07-20 18:00:00,1007.0
20260720,180000,73W,34,2026,7,20,18,35.6,146.8,100800.0,2026-07-20 18:00:00,2026-07-20 18:00:00,1008.0
20260720,180000,73W,34,2026,7,20,18,34.9,148.3,100600.0,2026-07-20 18:00:00,2026-07-20 18:00:00,1006.0
20260720,180000,73W,34,2026,7,20,18,34.4,149.8,100800.0,2026-07-20 18:00:00,2026-07-20 18:00:00,1008.0
20260720,180000,73W,34,2026,7,20,18,34.9,152.5,100600.0,2026-07-20 18:00:00,2026-07-20 18:00:00,1006.0
20260720,180000,73W,34,2026,7,20,18,34.800000000000004,153.5,100700.0,2026-07-20 18:00:00,2026-07-20 18:00:00,1007.0
20260720,180000,73W,34,2026,7,20,18,34.800000000000004,155.3,100800.0,2026-07-20 18:00:00,2026-07-20 18:00:00,1008.0
20260720,180000,73W,34,2026,7,20,18,35.6,157.0,101000.0,2026-07-20 18:00:00,2026-07-20 18:00:00,1010.0
20260720,180000,73W,35,2026,7,20,18,13.3,136.9,100900.0,2026-07-20 18:00:00,2026-07-20 18:00:00,1009.0
20260720,180000,73W,35,2026,7,20,18,13.6,132.4,100700.0,2026-07-20 18:00:00,2026-07-20 18:00:00,1007.0
20260720,180000,73W,35,2026,7,20,18,14.9,131.4,100400.0,2026-07-20 18:00:00,2026-07-20 18:00:00,1004.0
20260720,180000,73W,35,2026,7,20,18,14.700000000000001,129.7,100600.0,2026-07-20 18:00:00,2026-07-20 18:00:00,1006.0
20260720,180000,73W,35,2026,7,20,18,14.5,127.3,100400.0,2026-07-20 18:00:00,2026-07-20 18:00:00,1004.0
20260720,180000,73W,35,2026,7,20,18,15.4,126.0,100500.0,2026-07-20 18:00:00,2026-07-20 18:00:00,1005.0
20260720,180000,73W,35,2026,7,20,18,17.2,126.2,100300.0,2026-07-20 18:00:00,2026-07-20 18:00:00,1003.0
20260720,180000,73W,35,2026,7,20,18,18.1,124.7,100400.0,2026-07-20 18:00:00,2026-07-20 18:00:00,1004.0
20260720,180000,73W,35,2026,7,20,18,16.9,122.4,100200.0,2026-07-20 18:00:00,2026-07-20 18:00:00,1002.0
20260720,180000,73W,35,2026,7,20,18,19.0,122.2,100300.0,2026-07-20 18:00:00,2026-07-20 18:00:00,1003.0
20260720,180000,73W,35,2026,7,20,18,18.3,120.0,100000.0,2026-07-20 18:00:00,2026-07-20 18:00:00,1000.0
20260720,180000,73W,35,2026,7,20,18,16.6,118.60000000000001,100000.0,2026-07-20 18:00:00,2026-07-20 18:00:00,1000.0
20260720,180000,73W,35,2026,7,20,18,16.8,116.7,99800.0,2026-07-20 18:00:00,2026-07-20 18:00:00,998.0
20260720,180000,73W,35,2026,7,20,18,15.700000000000001,116.60000000000001,99600.0,2026-07-20 18:00:00,2026-07-20 18:00:00,996.0
20260720,180000,73W,35,2026,7,20,18,16.6,116.7,99600.0,2026-07-20 18:00:00,2026-07-20 18:00:00,996.0
20260720,180000,73W,37,2026,7,20,18,6.1000000000000005,158.8,100700.0,2026-07-20 18:00:00,2026-07-20 18:00:00,1007.0
20260720,180000,73W,37,2026,7,20,18,7.0,160.8,101000.0,2026-07-20 18:00:00,2026-07-20 18:00:00,1010.0
20260720,180000,73W,37,2026,7,20,18,6.7,160.5,100700.0,2026-07-20 18:00:00,2026-07-20 18:00:00,1007.0
20260720,180000,73W,37,2026,7,20,18,8.0,161.8,100600.0,2026-07-20 18:00:00,2026-07-20 18:00:00,1006.0
20260720,180000,73W,37,2026,7,20,18,8.6,162.3,100900.0,2026-07-20 18:00:00,2026-07-20 18:00:00,1009.0
20260720,180000,73W,38,2026,7,20,18,13.1,140.8,100900.0,2026-07-20 18:00:00,2026-07-20 18:00:00,1009.0
20260720,180000,73W,38,2026,7,20,18,13.6,140.0,100700.0,2026-07-20 18:00:00,2026-07-20 18:00:00,1007.0
20260720,180000,73W,39,2026,7,20,18,9.8,152.5,100900.0,2026-07-20 18:00:00,2026-07-20 18:00:00,1009.0
20260720,180000,73W,39,2026,7,20,18,10.3,154.3,101100.0,2026-07-20 18:00:00,2026-07-20 18:00:00,1011.0
20260720,180000,73W,39,2026,7,20,18,10.5,154.6,100900.0,2026-07-20 18:00:00,2026-07-20 18:00:00,1009.0
20260720,180000,73W,39,2026,7,20,18,8.8,152.4,100700.0,2026-07-20 18:00:00,2026-07-20 18:00:00,1007.0
20260720,180000,73W,39,2026,7,20,18,8.8,153.6,100600.0,2026-07-20 18:00:00,2026-07-20 18:00:00,1006.0
20260720,180000,73W,39,2026,7,20,18,10.1,152.3,100900.0,2026-07-20 18:00:00,2026-07-20 18:00:00,1009.0
20260720,180000,73W,39,2026,7,20,18,9.6,153.6,100800.0,2026-07-20 18:00:00,2026-07-20 18:00:00,1008.0
20260720,180000,73W,39,2026,7,20,18,9.8,152.5,100600.0,2026-07-20 18:00:00,2026-07-20 18:00:00,1006.0
20260720,180000,73W,39,2026,7,20,18,10.3,151.6,100800.0,2026-07-20 18:00:00,2026-07-20 18:00:00,1008.0
20260720,180000,73W,39,2026,7,20,18,10.3,150.5,100500.0,2026-07-20 18:00:00,2026-07-20 18:00:00,1005.0
20260720,180000,73W,39,2026,7,20,18,11.4,149.4,100700.0,2026-07-20 18:00:00,2026-07-20 18:00:00,1007.0
20260720,180000,73W,39,2026,7,20,18,9.8,148.6,100400.0,2026-07-20 18:00:00,2026-07-20 18:00:00,1004.0
20260720,180000,73W,39,2026,7,20,18,10.0,148.20000000000002,100400.0,2026-07-20 18:00:00,2026-07-20 18:00:00,1004.0
20260720,180000,73W,39,2026,7,20,18,10.5,147.70000000000002,100000.0,2026-07-20 18:00:00,2026-07-20 18:00:00,1000.0
20260720,180000,73W,39,2026,7,20,18,11.0,146.5,99600.0,2026-07-20 18:00:00,2026-07-20 18:00:00,996.0
20260720,180000,73W,39,2026,7,20,18,11.9,145.4,99300.0,2026-07-20 18:00:00,2026-07-20 18:00:00,993.0
20260720,180000,73W,39,2026,7,20,18,12.3,144.0,98900.0,2026-07-20 18:00:00,2026-07-20 18:00:00,989.0
20260720,180000,73W,39,2026,7,20,18,12.6,142.8,98400.0,2026-07-20 18:00:00,2026-07-20 18:00:00,984.0
20260720,180000,73W,42,2026,7,20,18,11.200000000000001,133.4,100400.0,2026-07-20 18:00:00,2026-07-20 18:00:00,1004.0
20260720,180000,73W,42,2026,7,20,18,11.8,134.0,100500.0,2026-07-20 18:00:00,2026-07-20 18:00:00,1005.0
20260720,180000,73W,42,2026,7,20,18,12.4,133.9,100100.0,2026-07-20 18:00:00,2026-07-20 18:00:00,1001.0
20260720,180000,73W,42,2026,7,20,18,13.3,133.6,100000.0,2026-07-20 18:00:00,2026-07-20 18:00:00,1000.0
20260720,180000,73W,42,2026,7,20,18,14.4,133.3,99600.0,2026-07-20 18:00:00,2026-07-20 18:00:00,996.0
20260720,180000,73W,42,2026,7,20,18,15.5,132.1,99500.0,2026-07-20 18:00:00,2026-07-20 18:00:00,995.0
20260720,180000,73W,42,2026,7,20,18,15.9,130.6,99100.0,2026-07-20 18:00:00,2026-07-20 18:00:00,991.0
20260720,180000,73W,42,2026,7,20,18,16.2,129.7,99000.0,2026-07-20 18:00:00,2026-07-20 18:00:00,990.0
20260720,180000,73W,42,2026,7,20,18,17.1,128.9,98700.0,2026-07-20 18:00:00,2026-07-20 18:00:00,987.0
20260720,180000,73W,42,2026,7,20,18,18.1,127.5,98600.0,2026-07-20 18:00:00,2026-07-20 18:00:00,986.0
20260720,180000,73W,42,2026,7,20,18,18.8,126.10000000000001,98200.0,2026-07-20 18:00:00,2026-07-20 18:00:00,982.0
20260720,180000,73W,42,2026,7,20,18,19.5,125.2,98200.0,2026-07-20 18:00:00,2026-07-20 18:00:00,982.0
20260720,180000,73W,42,2026,7,20,18,20.0,124.10000000000001,97500.0,2026-07-20 18:00:00,2026-07-20 18:00:00,975.0
20260720,180000,73W,42,2026,7,20,18,20.5,122.7,96300.0,2026-07-20 18:00:00,2026-07-20 18:00:00,963.0
20260720,180000,73W,42,2026,7,20,18,21.1,122.2,95400.0,2026-07-20 18:00:00,2026-07-20 18:00:00,954.0
20260720,180000,73W,42,2026,7,20,18,22.3,121.4,95900.0,2026-07-20 18:00:00,2026-07-20 18:00:00,959.0
20260720,180000,73W,42,2026,7,20,18,24.7,120.4,97900.0,2026-07-20 18:00:00,2026-07-20 18:00:00,979.0
20260720,180000,73W,42,2026,7,20,18,24.400000000000002,119.8,98600.0,2026-07-20 18:00:00,2026-07-20 18:00:00,986.0
20260720,180000,73W,42,2026,7,20,18,25.900000000000002,119.60000000000001,98900.0,2026-07-20 18:00:00,2026-07-20 18:00:00,989.0
20260720,180000,73W,42,2026,7,20,18,28.3,117.7,99200.0,2026-07-20 18:00:00,2026-07-20 18:00:00,992.0
20260720,180000,73W,42,2026,7,20,18,28.8,117.0,99200.0,2026-07-20 18:00:00,2026-07-20 18:00:00,992.0
20260720,180000,73W,42,2026,7,20,18,29.2,116.5,99400.0,2026-07-20 18:00:00,2026-07-20 18:00:00,994.0
20260720,180000,73W,42,2026,7,20,18,29.2,116.0,99500.0,2026-07-20 18:00:00,2026-07-20 18:00:00,995.0
20260720,180000,73W,43,2026,7,20,18,23.0,153.20000000000002,100900.0,2026-07-20 18:00:00,2026-07-20 18:00:00,1009.0
20260720,180000,73W,43,2026,7,20,18,21.6,152.5,100700.0,2026-07-20 18:00:00,2026-07-20 18:00:00,1007.0
20260720,180000,73W,43,2026,7,20,18,20.900000000000002,153.3,100900.0,2026-07-20 18:00:00,2026-07-20 18:00:00,1009.0
20260720,180000,73W,43,2026,7,20,18,23.2,150.5,100900.0,2026-07-20 18:00:00,2026-07-20 18:00:00,1009.0
20260720,180000,73W,43,2026,7,20,18,23.1,149.0,100800.0,2026-07-20 18:00:00,2026-07-20 18:00:00,1008.0
20260720,180000,73W,43,2026,7,20,18,24.8,150.1,100800.0,2026-07-20 18:00:00,2026-07-20 18:00:00,1008.0
20260720,180000,73W,43,2026,7,20,18,25.6,149.8,101000.0,2026-07-20 18:00:00,2026-07-20 18:00:00,1010.0
20260720,180000,73W,43,2026,7,20,18,26.3,149.8,100600.0,2026-07-20 18:00:00,2026-07-20 18:00:00,1006.0
20260720,180000,73W,43,2026,7,20,18,27.0,149.9,100800.0,2026-07-20 18:00:00,2026-07-20 18:00:00,1008.0
20260720,180000,73W,43,2026,7,20,18,28.2,149.8,100600.0,2026-07-20 18:00:00,2026-07-20 18:00:00,1006.0
20260720,180000,73W,44,2026,7,20,18,11.9,140.6,100600.0,2026-07-20 18:00:00,2026-07-20 18:00:00,1006.0
20260720,180000,73W,44,2026,7,20,18,13.8,140.9,100700.0,2026-07-20 18:00:00,2026-07-20 18:00:00,1007.0
20260720,180000,73W,45,2026,7,20,18,4.9,159.0,100800.0,2026-07-20 18:00:00,2026-07-20 18:00:00,1008.0
20260720,180000,73W,45,2026,7,20,18,6.6000000000000005,158.8,100800.0,2026-07-20 18:00:00,2026-07-20 18:00:00,1008.0
20260720,180000,73W,45,2026,7,20,18,8.5,159.1,100700.0,2026-07-20 18:00:00,2026-07-20 18:00:00,1007.0
20260720,180000,73W,45,2026,7,20,18,6.9,160.3,100600.0,2026-07-20 18:00:00,2026-07-20 18:00:00,1006.0
20260720,180000,73W,45,2026,7,20,18,8.4,159.5,100400.0,2026-07-20 18:00:00,2026-07-20 18:00:00,1004.0
20260720,180000,73W,45,2026,7,20,18,9.0,158.8,100300.0,2026-07-20 18:00:00,2026-07-20 18:00:00,1003.0
20260720,180000,73W,45,2026,7,20,18,9.5,158.1,100200.0,2026-07-20 18:00:00,2026-07-20 18:00:00,1002.0
20260720,180000,73W,45,2026,7,20,18,9.5,157.1,99900.0,2026-07-20 18:00:00,2026-07-20 18:00:00,999.0
20260720,180000,73W,45,2026,7,20,18,9.3,156.5,98900.0,2026-07-20 18:00:00,2026-07-20 18:00:00,989.0
20260720,180000,73W,45,2026,7,20,18,9.4,156.1,98700.0,2026-07-20 18:00:00,2026-07-20 18:00:00,987.0
20260720,180000,73W,45,2026,7,20,18,10.0,155.8,98200.0,2026-07-20 18:00:00,2026-07-20 18:00:00,982.0
20260720,180000,73W,45,2026,7,20,18,10.3,155.5,98500.0,2026-07-20 18:00:00,2026-07-20 18:00:00,985.0
20260720,180000,73W,45,2026,7,20,18,11.0,154.70000000000002,97100.0,2026-07-20 18:00:00,2026-07-20 18:00:00,971.0
20260720,180000,73W,45,2026,7,20,18,11.5,153.9,96900.0,2026-07-20 18:00:00,2026-07-20 18:00:00,969.0
20260720,180000,73W,45,2026,7,20,18,12.200000000000001,153.0,96900.0,2026-07-20 18:00:00,2026-07-20 18:00:00,969.0
20260720,180000,73W,45,2026,7,20,18,12.6,152.0,97100.0,2026-07-20 18:00:00,2026-07-20 18:00:00,971.0
20260720,180000,73W,45,2026,7,20,18,13.1,151.3,96800.0,2026-07-20 18:00:00,2026-07-20 18:00:00,968.0
20260720,180000,73W,45,2026,7,20,18,13.6,150.5,96100.0,2026-07-20 18:00:00,2026-07-20 18:00:00,961.0
20260720,180000,73W,45,2026,7,20,18,14.200000000000001,149.9,96100.0,2026-07-20 18:00:00,2026-07-20 18:00:00,961.0
20260720,180000,73W,47,2026,7,20,18,7.9,151.4,100900.0,2026-07-20 18:00:00,2026-07-20 18:00:00,1009.0
20260720,180000,73W,47,2026,7,20,18,8.1,152.6,100600.0,2026-07-20 18:00:00,2026-07-20 18:00:00,1006.0
20260720,180000,73W,47,2026,7,20,18,9.9,151.1,101000.0,2026-07-20 18:00:00,2026-07-20 18:00:00,1010.0
20260720,180000,73W,47,2026,7,20,18,10.5,149.4,100600.0,2026-07-20 18:00:00,2026-07-20 18:00:00,1006.0
20260720,180000,73W,47,2026,7,20,18,11.200000000000001,148.9,100800.0,2026-07-20 18:00:00,2026-07-20 18:00:00,1008.0
20260720,180000,73W,47,2026,7,20,18,10.9,147.6,100500.0,2026-07-20 18:00:00,2026-07-20 18:00:00,1005.0
20260720,180000,73W,47,2026,7,20,18,11.4,147.3,100800.0,2026-07-20 18:00:00,2026-07-20 18:00:00,1008.0
20260720,180000,73W,47,2026,7,20,18,10.5,145.6,100600.0,2026-07-20 18:00:00,2026-07-20 18:00:00,1006.0
20260720,180000,73W,50,2026,7,20,18,11.700000000000001,176.6,100700.0,2026-07-20 18:00:00,2026-07-20 18:00:00,1007.0
20260720,180000,73W,50,2026,7,20,18,12.9,175.6,100600.0,2026-07-20 18:00:00,2026-07-20 18:00:00,1006.0
20260720,180000,73W,50,2026,7,20,18,12.4,174.70000000000002,100800.0,2026-07-20 18:00:00,2026-07-20 18:00:00,1008.0
20260720,180000,73W,50,2026,7,20,18,13.6,173.3,100600.0,2026-07-20 18:00:00,2026-07-20 18:00:00,1006.0
20260720,180000,73W,50,2026,7,20,18,13.4,171.8,100600.0,2026-07-20 18:00:00,2026-07-20 18:00:00,1006.0
20260720,180000,73W,50,2026,7,20,18,14.0,170.9,100800.0,2026-07-20 18:00:00,2026-07-20 18:00:00,1008.0
20260720,180000,73W,50,2026,7,20,18,14.200000000000001,170.3,100600.0,2026-07-20 18:00:00,2026-07-20 18:00:00,1006.0
20260720,180000,73W,50,2026,7,20,18,14.1,170.20000000000002,100800.0,2026-07-20 18:00:00,2026-07-20 18:00:00,1008.0
20260720,180000,73W,50,2026,7,20,18,15.700000000000001,168.8,100600.0,2026-07-20 18:00:00,2026-07-20 18:00:00,1006.0
20260720,180000,73W,50,2026,7,20,18,14.5,168.5,100700.0,2026-07-20 18:00:00,2026-07-20 18:00:00,1007.0
20260720,180000,73W,50,2026,7,20,18,16.0,167.6,100900.0,2026-07-20 18:00:00,2026-07-20 18:00:00,1009.0
20260720,180000,73W,50,2026,7,20,18,15.0,165.9,100700.0,2026-07-20 18:00:00,2026-07-20 18:00:00,1007.0
20260720,180000,73W,50,2026,7,20,18,15.9,166.3,100900.0,2026-07-20 18:00:00,2026-07-20 18:00:00,1009.0
20260720,180000,73W,50,2026,7,20,18,15.9,165.0,100700.0,2026-07-20 18:00:00,2026-07-20 18:00:00,1007.0
20260720,180000,73W,50,2026,7,20,18,15.700000000000001,163.5,100700.0,2026-07-20 18:00:00,2026-07-20 18:00:00,1007.0
20260720,180000,73W,50,2026,7,20,18,16.4,164.3,100900.0,2026-07-20 18:00:00,2026-07-20 18:00:00,1009.0
20260720,180000,73W,50,2026,7,20,18,18.1,163.70000000000002,100800.0,2026-07-20 18:00:00,2026-07-20 18:00:00,1008.0
20260720,180000,73W,50,2026,7,20,18,17.1,160.0,100800.0,2026-07-20 18:00:00,2026-07-20 18:00:00,1008.0
20260720,180000,73W,50,2026,7,20,18,18.2,159.4,100700.0,2026-07-20 18:00:00,2026-07-20 18:00:00,1007.0
20260720,180000,73W,51,2026,7,20,18,13.700000000000001,139.4,100600.0,2026-07-20 18:00:00,2026-07-20 18:00:00,1006.0
20260720,180000,73W,51,2026,7,20,18,14.3,134.7,100500.0,2026-07-20 18:00:00,2026-07-20 18:00:00,1005.0
20260720,180000,73W,51,2026,7,20,18,14.0,134.7,100600.0,2026-07-20 18:00:00,2026-07-20 18:00:00,1006.0
20260720,180000,73W,51,2026,7,20,18,14.3,133.9,100500.0,2026-07-20 18:00:00,2026-07-20 18:00:00,1005.0
20260720,180000,73W,51,2026,7,20,18,14.4,132.0,100600.0,2026-07-20 18:00:00,2026-07-20 18:00:00,1006.0
20260720,180000,73W,51,2026,7,20,18,14.700000000000001,132.3,100300.0,2026-07-20 18:00:00,2026-07-20 18:00:00,1003.0
20260720,180000,73W,51,2026,7,20,18,15.200000000000001,131.6,100400.0,2026-07-20 18:00:00,2026-07-20 18:00:00,1004.0
20260720,180000,73W,51,2026,7,20,18,14.8,130.4,100200.0,2026-07-20 18:00:00,2026-07-20 18:00:00,1002.0
20260720,180000,73W,51,2026,7,20,18,15.5,129.5,100400.0,2026-07-20 18:00:00,2026-07-20 18:00:00,1004.0
20260720,180000,73W,51,2026,7,20,18,16.7,129.0,100200.0,2026-07-20 18:00:00,2026-07-20 18:00:00,1002.0
20260720,180000,73W,51,2026,7,20,18,16.7,126.9,100400.0,2026-07-20 18:00:00,2026-07-20 18:00:00,1004.0
20260720,180000,73W,51,2026,7,20,18,17.3,125.7,100200.0,2026-07-20 18:00:00,2026-07-20 18:00:00,1002.0
20260720,180000,73W,51,2026,7,20,18,18.1,124.3,100200.0,2026-07-20 18:00:00,2026-07-20 18:00:00,1002.0
20260720,180000,73W,51,2026,7,20,18,18.8,122.2,100100.0,2026-07-20 18:00:00,2026-07-20 18:00:00,1001.0
20260720,180000,73W,51,2026,7,20,18,18.5,120.10000000000001,100300.0,2026-07-20 18:00:00,2026-07-20 18:00:00,1003.0
20260720,180000,73W,51,2026,7,20,18,18.2,119.0,100100.0,2026-07-20 18:00:00,2026-07-20 18:00:00,1001.0
20260720,180000,73W,51,2026,7,20,18,17.8,118.0,100000.0,2026-07-20 18:00:00,2026-07-20 18:00:00,1000.0
20260720,180000,73W,51,2026,7,20,18,17.7,118.0,99800.0,2026-07-20 18:00:00,2026-07-20 18:00:00,998.0
20260720,180000,73W,51,2026,7,20,18,18.8,117.7,99800.0,2026-07-20 18:00:00,2026-07-20 18:00:00,998.0
20260720,180000,73W,51,2026,7,20,18,19.400000000000002,116.4,99500.0,2026-07-20 18:00:00,2026-07-20 18:00:00,995.0
20260720,180000,73W,51,2026,7,20,18,18.8,116.0,99500.0,2026-07-20 18:00:00,2026-07-20 18:00:00,995.0
20260720,180000,73W,51,2026,7,20,18,19.6,115.2,99400.0,2026-07-20 18:00:00,2026-07-20 18:00:00,994.0
20260720,180000,74W,2,2026,7,20,18,11.3,150.3,100400.0,2026-07-20 18:00:00,2026-07-20 18:00:00,1004.0
20260720,180000,74W,2,2026,7,20,18,12.1,149.6,100700.0,2026-07-20 18:00:00,2026-07-20 18:00:00,1007.0
20260720,180000,74W,2,2026,7,20,18,12.8,149.4,100500.0,2026-07-20 18:00:00,2026-07-20 18:00:00,1005.0
20260720,180000,74W,2,2026,7,20,18,13.6,147.4,100300.0,2026-07-20 18:00:00,2026-07-20 18:00:00,1003.0
20260720,180000,74W,2,2026,7,20,18,14.0,146.70000000000002,100600.0,2026-07-20 18:00:00,2026-07-20 18:00:00,1006.0
20260720,180000,74W,2,2026,7,20,18,14.6,146.9,100300.0,2026-07-20 18:00:00,2026-07-20 18:00:00,1003.0
20260720,180000,74W,3,2026,7,20,18,17.0,119.4,100500.0,2026-07-20 18:00:00,2026-07-20 18:00:00,1005.0
20260720,180000,74W,3,2026,7,20,18,12.4,114.7,100300.0,2026-07-20 18:00:00,2026-07-20 18:00:00,1003.0
20260720,180000,74W,3,2026,7,20,18,11.3,116.10000000000001,100400.0,2026-07-20 18:00:00,2026-07-20 18:00:00,1004.0
20260720,180000,74W,3,2026,7,20,18,12.1,117.0,100200.0,2026-07-20 18:00:00,2026-07-20 18:00:00,1002.0
20260720,180000,74W,3,2026,7,20,18,13.3,118.2,100200.0,2026-07-20 18:00:00,2026-07-20 18:00:00,1002.0
20260720,180000,74W,3,2026,7,20,18,15.200000000000001,117.4,100000.0,2026-07-20 18:00:00,2026-07-20 18:00:00,1000.0
20260720,180000,74W,3,2026,7,20,18,16.3,116.2,100100.0,2026-07-20 18:00:00,2026-07-20 18:00:00,1001.0
20260720,180000,74W,3,2026,7,20,18,16.7,115.8,99800.0,2026-07-20 18:00:00,2026-07-20 18:00:00,998.0
20260720,180000,74W,3,2026,7,20,18,16.8,115.0,99900.0,2026-07-20 18:00:00,2026-07-20 18:00:00,999.0
20260720,180000,74W,3,2026,7,20,18,17.3,114.3,99800.0,2026-07-20 18:00:00,2026-07-20 18:00:00,998.0
20260720,180000,74W,4,2026,7,20,18,5.0,157.70000000000002,100700.0,2026-07-20 18:00:00,2026-07-20 18:00:00,1007.0
20260720,180000,74W,4,2026,7,20,18,7.8,153.4,100700.0,2026-07-20 18:00:00,2026-07-20 18:00:00,1007.0
20260720,180000,74W,4,2026,7,20,18,8.0,151.8,100900.0,2026-07-20 18:00:00,2026-07-20 18:00:00,1009.0
20260720,180000,74W,4,2026,7,20,18,8.6,150.20000000000002,100700.0,2026-07-20 18:00:00,2026-07-20 18:00:00,1007.0
20260720,180000,74W,4,2026,7,20,18,9.700000000000001,146.9,101000.0,2026-07-20 18:00:00,2026-07-20 18:00:00,1010.0
20260720,180000,74W,4,2026,7,20,18,11.4,144.6,100900.0,2026-07-20 18:00:00,2026-07-20 18:00:00,1009.0
20260720,180000,74W,4,2026,7,20,18,12.3,140.0,100700.0,2026-07-20 18:00:00,2026-07-20 18:00:00,1007.0
20260720,180000,74W,4,2026,7,20,18,12.5,138.8,100900.0,2026-07-20 18:00:00,2026-07-20 18:00:00,1009.0
20260720,180000,74W,4,2026,7,20,18,12.6,138.3,100800.0,2026-07-20 18:00:00,2026-07-20 18:00:00,1008.0
20260720,180000,74W,6,2026,7,20,18,9.5,145.20000000000002,100800.0,2026-07-20 18:00:00,2026-07-20 18:00:00,1008.0
20260720,180000,74W,6,2026,7,20,18,7.4,145.4,100700.0,2026-07-20 18:00:00,2026-07-20 18:00:00,1007.0
20260720,180000,74W,6,2026,7,20,18,8.1,144.3,100900.0,2026-07-20 18:00:00,2026-07-20 18:00:00,1009.0
20260720,180000,74W,6,2026,7,20,18,8.3,142.5,100700.0,2026-07-20 18:00:00,2026-07-20 18:00:00,1007.0
20260720,180000,74W,6,2026,7,20,18,8.3,143.5,100500.0,2026-07-20 18:00:00,2026-07-20 18:00:00,1005.0
20260720,180000,74W,6,2026,7,20,18,7.7,142.20000000000002,100600.0,2026-07-20 18:00:00,2026-07-20 18:00:00,1006.0
20260720,180000,74W,6,2026,7,20,18,7.9,141.5,100300.0,2026-07-20 18:00:00,2026-07-20 18:00:00,1003.0
20260720,180000,74W,6,2026,7,20,18,8.6,141.3,100500.0,2026-07-20 18:00:00,2026-07-20 18:00:00,1005.0
20260720,180000,74W,6,2026,7,20,18,9.1,140.4,100300.0,2026-07-20 18:00:00,2026-07-20 18:00:00,1003.0
20260720,180000,74W,8,2026,7,20,18,19.5,125.60000000000001,99900.0,2026-07-20 18:00:00,2026-07-20 18:00:00,999.0
20260720,180000,74W,8,2026,7,20,18,19.5,124.0,100000.0,2026-07-20 18:00:00,2026-07-20 18:00:00,1000.0
20260720,180000,74W,8,2026,7,20,18,20.0,123.60000000000001,99800.0,2026-07-20 18:00:00,2026-07-20 18:00:00,998.0
20260720,180000,74W,8,2026,7,20,18,20.2,121.8,99900.0,2026-07-20 18:00:00,2026-07-20 18:00:00,999.0
20260720,180000,74W,8,2026,7,20,18,22.8,119.2,100000.0,2026-07-20 18:00:00,2026-07-20 18:00:00,1000.0
20260720,180000,74W,8,2026,7,20,18,20.900000000000002,119.0,99800.0,2026-07-20 18:00:00,2026-07-20 18:00:00,998.0
20260720,180000,74W,8,2026,7,20,18,21.400000000000002,118.8,99600.0,2026-07-20 18:00:00,2026-07-20 18:00:00,996.0
20260720,180000,74W,10,2026,7,20,18,18.1,118.60000000000001,100200.0,2026-07-20 18:00:00,2026-07-20 18:00:00,1002.0
20260720,180000,74W,10,2026,7,20,18,20.2,117.2,100300.0,2026-07-20 18:00:00,2026-07-20 18:00:00,1003.0
20260720,180000,74W,10,2026,7,20,18,19.7,115.7,100000.0,2026-07-20 18:00:00,2026-07-20 18:00:00,1000.0
20260720,180000,74W,10,2026,7,20,18,19.6,115.10000000000001,99900.0,2026-07-20 18:00:00,2026-07-20 18:00:00,999.0
20260720,180000,74W,10,2026,7,20,18,18.900000000000002,114.3,99900.0,2026-07-20 18:00:00,2026-07-20 18:00:00,999.0
20260720,180000,74W,12,2026,7,20,18,11.200000000000001,111.7,100500.0,2026-07-20 18:00:00,2026-07-20 18:00:00,1005.0
20260720,180000,74W,12,2026,7,20,18,12.0,112.7,100300.0,2026-07-20 18:00:00,2026-07-20 18:00:00,1003.0
20260720,180000,74W,12,2026,7,20,18,12.8,113.60000000000001,100200.0,2026-07-20 18:00:00,2026-07-20 18:00:00,1002.0
20260720,180000,74W,12,2026,7,20,18,13.4,114.0,100200.0,2026-07-20 18:00:00,2026-07-20 18:00:00,1002.0
20260720,180000,74W,12,2026,7,20,18,14.3,114.60000000000001,100200.0,2026-07-20 18:00:00,2026-07-20 18:00:00,1002.0
20260720,180000,74W,12,2026,7,20,18,15.200000000000001,115.5,100000.0,2026-07-20 18:00:00,2026-07-20 18:00:00,1000.0
20260720,180000,74W,12,2026,7,20,18,15.200000000000001,115.5,100200.0,2026-07-20 18:00:00,2026-07-20 18:00:00,1002.0
20260720,180000,74W,15,2026,7,20,18,12.4,132.6,100400.0,2026-07-20 18:00:00,2026-07-20 18:00:00,1004.0
20260720,180000,74W,15,2026,7,20,18,14.4,132.8,100500.0,2026-07-20 18:00:00,2026-07-20 18:00:00,1005.0
20260720,180000,74W,15,2026,7,20,18,14.8,132.1,100300.0,2026-07-20 18:00:00,2026-07-20 18:00:00,1003.0
20260720,180000,74W,15,2026,7,20,18,14.200000000000001,131.0,100300.0,2026-07-20 18:00:00,2026-07-20 18:00:00,1003.0
20260720,180000,74W,15,2026,7,20,18,16.2,129.7,100000.0,2026-07-20 18:00:00,2026-07-20 18:00:00,1000.0
20260720,180000,74W,15,2026,7,20,18,16.1,128.3,100100.0,2026-07-20 18:00:00,2026-07-20 18:00:00,1001.0
20260720,180000,74W,15,2026,7,20,18,15.9,127.10000000000001,99800.0,2026-07-20 18:00:00,2026-07-20 18:00:00,998.0
20260720,180000,74W,15,2026,7,20,18,15.700000000000001,126.9,99900.0,2026-07-20 18:00:00,2026-07-20 18:00:00,999.0
20260720,180000,74W,15,2026,7,20,18,16.9,126.8,99600.0,2026-07-20 18:00:00,2026-07-20 18:00:00,996.0
20260720,180000,74W,15,2026,7,20,18,17.6,125.4,99600.0,2026-07-20 18:00:00,2026-07-20 18:00:00,996.0
20260720,180000,74W,15,2026,7,20,18,17.900000000000002,124.60000000000001,99200.0,2026-07-20 18:00:00,2026-07-20 18:00:00,992.0
20260720,180000,74W,15,2026,7,20,18,18.7,123.7,99200.0,2026-07-20 18:00:00,2026-07-20 18:00:00,992.0
20260720,180000,74W,15,2026,7,20,18,19.2,122.4,99000.0,2026-07-20 18:00:00,2026-07-20 18:00:00,990.0
20260720,180000,74W,15,2026,7,20,18,19.5,121.10000000000001,98900.0,2026-07-20 18:00:00,2026-07-20 18:00:00,989.0
20260720,180000,74W,15,2026,7,20,18,19.1,120.0,98600.0,2026-07-20 18:00:00,2026-07-20 18:00:00,986.0
20260720,180000,74W,15,2026,7,20,18,19.2,119.4,98300.0,2026-07-20 18:00:00,2026-07-20 18:00:00,983.0
20260720,180000,74W,15,2026,7,20,18,19.5,118.4,97700.0,2026-07-20 18:00:00,2026-07-20 18:00:00,977.0
20260720,180000,74W,15,2026,7,20,18,19.7,117.4,97300.0,2026-07-20 18:00:00,2026-07-20 18:00:00,973.0
20260720,180000,74W,15,2026,7,20,18,20.2,116.60000000000001,96700.0,2026-07-20 18:00:00,2026-07-20 18:00:00,967.0
20260720,180000,74W,16,2026,7,20,18,13.9,136.8,100700.0,2026-07-20 18:00:00,2026-07-20 18:00:00,1007.0
20260720,180000,74W,16,2026,7,20,18,14.700000000000001,133.8,100500.0,2026-07-20 18:00:00,2026-07-20 18:00:00,1005.0
20260720,180000,74W,19,2026,7,20,18,35.300000000000004,119.3,100300.0,2026-07-20 18:00:00,2026-07-20 18:00:00,1003.0
20260720,180000,74W,19,2026,7,20,18,36.7,121.9,100400.0,2026-07-20 18:00:00,2026-07-20 18:00:00,1004.0
20260720,180000,74W,19,2026,7,20,18,38.6,125.10000000000001,100300.0,2026-07-20 18:00:00,2026-07-20 18:00:00,1003.0
20260720,180000,74W,19,2026,7,20,18,39.0,129.0,100500.0,2026-07-20 18:00:00,2026-07-20 18:00:00,1005.0
20260720,180000,74W,19,2026,7,20,18,40.0,131.4,100500.0,2026-07-20 18:00:00,2026-07-20 18:00:00,1005.0
20260720,180000,74W,19,2026,7,20,18,39.5,133.3,100600.0,2026-07-20 18:00:00,2026-07-20 18:00:00,1006.0
20260720,180000,74W,19,2026,7,20,18,38.9,137.70000000000002,100600.0,2026-07-20 18:00:00,2026-07-20 18:00:00,1006.0
20260720,180000,74W,20,2026,7,20,18,13.6,136.6,100700.0,2026-07-20 18:00:00,2026-07-20 18:00:00,1007.0
20260720,180000,74W,20,2026,7,20,18,13.0,134.2,100900.0,2026-07-20 18:00:00,2026-07-20 18:00:00,1009.0
20260720,180000,74W,20,2026,7,20,18,12.8,133.6,100700.0,2026-07-20 18:00:00,2026-07-20 18:00:00,1007.0
20260720,180000,74W,20,2026,7,20,18,12.8,133.0,100700.0,2026-07-20 18:00:00,2026-07-20 18:00:00,1007.0
20260720,180000,74W,20,2026,7,20,18,13.0,133.0,100600.0,2026-07-20 18:00:00,2026-07-20 18:00:00,1006.0
20260720,180000,74W,20,2026,7,20,18,13.3,132.3,100500.0,2026-07-20 18:00:00,2026-07-20 18:00:00,1005.0
20260720,180000,74W,20,2026,7,20,18,13.8,131.9,100600.0,2026-07-20 18:00:00,2026-07-20 18:00:00,1006.0
20260720,180000,74W,20,2026,7,20,18,14.3,131.2,100400.0,2026-07-20 18:00:00,2026-07-20 18:00:00,1004.0
20260720,180000,74W,20,2026,7,20,18,14.5,130.5,100600.0,2026-07-20 18:00:00,2026-07-20 18:00:00,1006.0
20260720,180000,74W,20,2026,7,20,18,14.700000000000001,129.3,100300.0,2026-07-20 18:00:00,2026-07-20 18:00:00,1003.0
20260720,180000,74W,20,2026,7,20,18,14.5,128.1,100400.0,2026-07-20 18:00:00,2026-07-20 18:00:00,1004.0
20260720,180000,74W,20,2026,7,20,18,15.200000000000001,126.60000000000001,100200.0,2026-07-20 18:00:00,2026-07-20 18:00:00,1002.0
20260720,180000,74W,20,2026,7,20,18,15.5,124.9,100300.0,2026-07-20 18:00:00,2026-07-20 18:00:00,1003.0
20260720,180000,74W,20,2026,7,20,18,13.3,121.60000000000001,100300.0,2026-07-20 18:00:00,2026-07-20 18:00:00,1003.0
20260720,180000,74W,24,2026,7,20,18,37.1,129.5,100400.0,2026-07-20 18:00:00,2026-07-20 18:00:00,1004.0
20260720,180000,74W,24,2026,7,20,18,39.5,130.5,100500.0,2026-07-20 18:00:00,2026-07-20 18:00:00,1005.0
20260720,180000,74W,24,2026,7,20,18,39.9,131.0,100400.0,2026-07-20 18:00:00,2026-07-20 18:00:00,1004.0
20260720,180000,74W,24,2026,7,20,18,39.7,131.9,100600.0,2026-07-20 18:00:00,2026-07-20 18:00:00,1006.0
20260720,180000,74W,25,2026,7,20,18,8.9,143.5,100900.0,2026-07-20 18:00:00,2026-07-20 18:00:00,1009.0
20260720,180000,74W,25,2026,7,20,18,8.0,142.70000000000002,100600.0,2026-07-20 18:00:00,2026-07-20 18:00:00,1006.0
20260720,180000,74W,25,2026,7,20,18,8.3,143.4,100800.0,2026-07-20 18:00:00,2026-07-20 18:00:00,1008.0
20260720,180000,74W,25,2026,7,20,18,7.2,144.20000000000002,100300.0,2026-07-20 18:00:00,2026-07-20 18:00:00,1003.0
20260720,180000,74W,25,2026,7,20,18,7.4,143.9,100500.0,2026-07-20 18:00:00,2026-07-20 18:00:00,1005.0
20260720,180000,74W,25,2026,7,20,18,7.2,143.9,99900.0,2026-07-20 18:00:00,2026-07-20 18:00:00,999.0
20260720,180000,74W,25,2026,7,20,18,7.5,144.20000000000002,100000.0,2026-07-20 18:00:00,2026-07-20 18:00:00,1000.0
20260720,180000,74W,25,2026,7,20,18,8.2,144.3,99100.0,2026-07-20 18:00:00,2026-07-20 18:00:00,991.0
20260720,180000,74W,25,2026,7,20,18,9.1,144.0,99600.0,2026-07-20 18:00:00,2026-07-20 18:00:00,996.0
20260720,180000,74W,25,2026,7,20,18,10.0,143.70000000000002,99300.0,2026-07-20 18:00:00,2026-07-20 18:00:00,993.0
20260720,180000,74W,25,2026,7,20,18,10.700000000000001,143.20000000000002,99100.0,2026-07-20 18:00:00,2026-07-20 18:00:00,991.0
20260720,180000,74W,25,2026,7,20,18,11.6,142.70000000000002,99300.0,2026-07-20 18:00:00,2026-07-20 18:00:00,993.0
20260720,180000,74W,26,2026,7,20,18,9.1,148.70000000000002,100900.0,2026-07-20 18:00:00,2026-07-20 18:00:00,1009.0
20260720,180000,74W,26,2026,7,20,18,10.0,148.9,100700.0,2026-07-20 18:00:00,2026-07-20 18:00:00,1007.0
20260720,180000,74W,26,2026,7,20,18,11.200000000000001,148.70000000000002,100900.0,2026-07-20 18:00:00,2026-07-20 18:00:00,1009.0
20260720,180000,74W,26,2026,7,20,18,9.1,147.8,100600.0,2026-07-20 18:00:00,2026-07-20 18:00:00,1006.0
20260720,180000,74W,26,2026,7,20,18,9.200000000000001,148.0,100700.0,2026-07-20 18:00:00,2026-07-20 18:00:00,1007.0
20260720,180000,74W,26,2026,7,20,18,9.4,148.5,100300.0,2026-07-20 18:00:00,2026-07-20 18:00:00,1003.0
20260720,180000,74W,26,2026,7,20,18,9.5,147.9,99700.0,2026-07-20 18:00:00,2026-07-20 18:00:00,997.0
20260720,180000,74W,26,2026,7,20,18,9.8,147.3,99400.0,2026-07-20 18:00:00,2026-07-20 18:00:00,994.0
20260720,180000,74W,26,2026,7,20,18,9.8,146.9,99500.0,2026-07-20 18:00:00,2026-07-20 18:00:00,995.0
20260720,180000,74W,26,2026,7,20,18,10.0,146.8,99500.0,2026-07-20 18:00:00,2026-07-20 18:00:00,995.0
20260720,180000,74W,26,2026,7,20,18,10.4,146.3,99700.0,2026-07-20 18:00:00,2026-07-20 18:00:00,997.0
20260720,180000,74W,26,2026,7,20,18,10.5,145.6,98600.0,2026-07-20 18:00:00,2026-07-20 18:00:00,986.0
20260720,180000,74W,28,2026,7,20,18,18.900000000000002,124.2,99700.0,2026-07-20 18:00:00,2026-07-20 18:00:00,997.0
20260720,180000,74W,28,2026,7,20,18,19.1,122.0,99300.0,2026-07-20 18:00:00,2026-07-20 18:00:00,993.0
20260720,180000,74W,28,2026,7,20,18,19.0,120.10000000000001,99400.0,2026-07-20 18:00:00,2026-07-20 18:00:00,994.0
20260720,180000,74W,28,2026,7,20,18,20.2,120.0,99200.0,2026-07-20 18:00:00,2026-07-20 18:00:00,992.0
20260720,180000,74W,28,2026,7,20,18,21.6,119.2,99300.0,2026-07-20 18:00:00,2026-07-20 18:00:00,993.0
20260720,180000,74W,28,2026,7,20,18,22.0,118.8,99100.0,2026-07-20 18:00:00,2026-07-20 18:00:00,991.0
20260720,180000,74W,28,2026,7,20,18,23.6,117.9,99300.0,2026-07-20 18:00:00,2026-07-20 18:00:00,993.0
20260720,180000,74W,28,2026,7,20,18,24.0,117.2,99500.0,2026-07-20 18:00:00,2026-07-20 18:00:00,995.0
20260720,180000,74W,28,2026,7,20,18,25.900000000000002,116.0,99700.0,2026-07-20 18:00:00,2026-07-20 18:00:00,997.0
20260720,180000,74W,28,2026,7,20,18,26.1,116.10000000000001,99500.0,2026-07-20 18:00:00,2026-07-20 18:00:00,995.0
20260720,180000,74W,28,2026,7,20,18,27.3,115.5,99800.0,2026-07-20 18:00:00,2026-07-20 18:00:00,998.0
20260720,180000,74W,28,2026,7,20,18,28.0,115.8,99900.0,2026-07-20 18:00:00,2026-07-20 18:00:00,999.0
20260720,180000,74W,31,2026,7,20,18,6.5,152.8,100900.0,2026-07-20 18:00:00,2026-07-20 18:00:00,1009.0
20260720,180000,74W,31,2026,7,20,18,6.5,154.3,100700.0,2026-07-20 18:00:00,2026-07-20 18:00:00,1007.0
20260720,180000,74W,31,2026,7,20,18,5.6000000000000005,154.6,100900.0,2026-07-20 18:00:00,2026-07-20 18:00:00,1009.0
20260720,180000,74W,31,2026,7,20,18,8.700000000000001,154.1,100700.0,2026-07-20 18:00:00,2026-07-20 18:00:00,1007.0
20260720,180000,74W,31,2026,7,20,18,9.1,153.70000000000002,100800.0,2026-07-20 18:00:00,2026-07-20 18:00:00,1008.0
20260720,180000,74W,31,2026,7,20,18,10.6,150.20000000000002,100600.0,2026-07-20 18:00:00,2026-07-20 18:00:00,1006.0
20260720,180000,74W,31,2026,7,20,18,10.200000000000001,149.9,100700.0,2026-07-20 18:00:00,2026-07-20 18:00:00,1007.0
20260720,180000,74W,31,2026,7,20,18,10.3,148.5,100400.0,2026-07-20 18:00:00,2026-07-20 18:00:00,1004.0
20260720,180000,74W,31,2026,7,20,18,11.0,148.20000000000002,100400.0,2026-07-20 18:00:00,2026-07-20 18:00:00,1004.0
20260720,180000,74W,31,2026,7,20,18,11.0,148.1,99700.0,2026-07-20 18:00:00,2026-07-20 18:00:00,997.0
20260720,180000,74W,32,2026,7,20,18,35.300000000000004,143.70000000000002,100700.0,2026-07-20 18:00:00,2026-07-20 18:00:00,1007.0
20260720,180000,74W,32,2026,7,20,18,33.2,145.70000000000002,100500.0,2026-07-20 18:00:00,2026-07-20 18:00:00,1005.0
20260720,180000,74W,32,2026,7,20,18,31.7,147.0,100700.0,2026-07-20 18:00:00,2026-07-20 18:00:00,1007.0
20260720,180000,74W,32,2026,7,20,18,31.3,147.3,100900.0,2026-07-20 18:00:00,2026-07-20 18:00:00,1009.0
20260720,180000,74W,32,2026,7,20,18,30.900000000000002,147.1,100800.0,2026-07-20 18:00:00,2026-07-20 18:00:00,1008.0
20260720,180000,74W,35,2026,7,20,18,37.5,129.3,100600.0,2026-07-20 18:00:00,2026-07-20 18:00:00,1006.0
20260720,180000,74W,35,2026,7,20,18,37.9,129.8,100600.0,2026-07-20 18:00:00,2026-07-20 18:00:00,1006.0
20260720,180000,74W,35,2026,7,20,18,38.5,133.5,100800.0,2026-07-20 18:00:00,2026-07-20 18:00:00,1008.0
20260720,180000,74W,37,2026,7,20,18,8.6,154.8,100900.0,2026-07-20 18:00:00,2026-07-20 18:00:00,1009.0
20260720,180000,74W,37,2026,7,20,18,8.6,150.6,100800.0,2026-07-20 18:00:00,2026-07-20 18:00:00,1008.0
20260720,180000,74W,37,2026,7,20,18,7.9,151.9,100800.0,2026-07-20 18:00:00,2026-07-20 18:00:00,1008.0
20260720,180000,74W,37,2026,7,20,18,8.1,152.6,100500.0,2026-07-20 18:00:00,2026-07-20 18:00:00,1005.0
20260720,180000,74W,37,2026,7,20,18,10.700000000000001,150.1,100300.0,2026-07-20 18:00:00,2026-07-20 18:00:00,1003.0
20260720,180000,74W,37,2026,7,20,18,10.5,149.20000000000002,100200.0,2026-07-20 18:00:00,2026-07-20 18:00:00,1002.0
20260720,180000,74W,37,2026,7,20,18,10.6,149.20000000000002,99500.0,2026-07-20 18:00:00,2026-07-20 18:00:00,995.0
20260720,180000,74W,37,2026,7,20,18,11.200000000000001,148.70000000000002,99700.0,2026-07-20 18:00:00,2026-07-20 18:00:00,997.0
20260720,180000,74W,37,2026,7,20,18,11.4,147.8,99100.0,2026-07-20 18:00:00,2026-07-20 18:00:00,991.0
20260720,180000,74W,37,2026,7,20,18,11.700000000000001,147.4,99100.0,2026-07-20 18:00:00,2026-07-20 18:00:00,991.0
20260720,180000,74W,37,2026,7,20,18,12.1,146.8,98700.0,2026-07-20 18:00:00,2026-07-20 18:00:00,987.0
20260720,180000,74W,38,2026,7,20,18,6.8,151.20000000000002,100700.0,2026-07-20 18:00:00,2026-07-20 18:00:00,1007.0
20260720,180000,74W,38,2026,7,20,18,7.3,149.9,100900.0,2026-07-20 18:00:00,2026-07-20 18:00:00,1009.0
20260720,180000,74W,38,2026,7,20,18,7.4,151.1,100800.0,2026-07-20 18:00:00,2026-07-20 18:00:00,1008.0
20260720,180000,74W,38,2026,7,20,18,8.1,150.1,100900.0,2026-07-20 18:00:00,2026-07-20 18:00:00,1009.0
20260720,180000,74W,38,2026,7,20,18,9.0,150.8,100700.0,2026-07-20 18:00:00,2026-07-20 18:00:00,1007.0
20260720,180000,74W,38,2026,7,20,18,9.1,148.9,100600.0,2026-07-20 18:00:00,2026-07-20 18:00:00,1006.0
20260720,180000,74W,38,2026,7,20,18,9.4,149.4,100800.0,2026-07-20 18:00:00,2026-07-20 18:00:00,1008.0
20260720,180000,74W,38,2026,7,20,18,10.200000000000001,148.8,100600.0,2026-07-20 18:00:00,2026-07-20 18:00:00,1006.0
20260720,180000,74W,38,2026,7,20,18,9.9,147.1,100800.0,2026-07-20 18:00:00,2026-07-20 18:00:00,1008.0
20260720,180000,74W,38,2026,7,20,18,10.9,145.9,100500.0,2026-07-20 18:00:00,2026-07-20 18:00:00,1005.0
20260720,180000,74W,39,2026,7,20,18,12.4,175.20000000000002,100600.0,2026-07-20 18:00:00,2026-07-20 18:00:00,1006.0
20260720,180000,74W,39,2026,7,20,18,12.4,174.5,100700.0,2026-07-20 18:00:00,2026-07-20 18:00:00,1007.0
20260720,180000,74W,39,2026,7,20,18,12.8,173.4,100700.0,2026-07-20 18:00:00,2026-07-20 18:00:00,1007.0
20260720,180000,74W,39,2026,7,20,18,13.4,172.0,100700.0,2026-07-20 18:00:00,2026-07-20 18:00:00,1007.0
20260720,180000,74W,39,2026,7,20,18,13.9,171.6,100800.0,2026-07-20 18:00:00,2026-07-20 18:00:00,1008.0
20260720,180000,74W,39,2026,7,20,18,14.3,171.1,100900.0,2026-07-20 18:00:00,2026-07-20 18:00:00,1009.0
20260720,180000,74W,39,2026,7,20,18,14.5,171.1,100700.0,2026-07-20 18:00:00,2026-07-20 18:00:00,1007.0
20260720,180000,74W,39,2026,7,20,18,15.200000000000001,170.70000000000002,101000.0,2026-07-20 18:00:00,2026-07-20 18:00:00,1010.0
20260720,180000,74W,39,2026,7,20,18,16.2,168.4,100800.0,2026-07-20 18:00:00,2026-07-20 18:00:00,1008.0
20260720,180000,74W,39,2026,7,20,18,15.3,168.6,101000.0,2026-07-20 18:00:00,2026-07-20 18:00:00,1010.0
20260720,180000,74W,42,2026,7,20,18,7.1000000000000005,152.5,100900.0,2026-07-20 18:00:00,2026-07-20 18:00:00,1009.0
20260720,180000,74W,42,2026,7,20,18,7.6000000000000005,152.5,100600.0,2026-07-20 18:00:00,2026-07-20 18:00:00,1006.0
20260720,180000,74W,42,2026,7,20,18,8.6,153.4,100900.0,2026-07-20 18:00:00,2026-07-20 18:00:00,1009.0
20260720,180000,74W,42,2026,7,20,18,8.0,152.9,100700.0,2026-07-20 18:00:00,2026-07-20 18:00:00,1007.0
20260720,180000,74W,42,2026,7,20,18,9.1,153.20000000000002,100900.0,2026-07-20 18:00:00,2026-07-20 18:00:00,1009.0
20260720,180000,74W,42,2026,7,20,18,10.0,152.70000000000002,100600.0,2026-07-20 18:00:00,2026-07-20 18:00:00,1006.0
20260720,180000,74W,42,2026,7,20,18,13.200000000000001,152.20000000000002,100700.0,2026-07-20 18:00:00,2026-07-20 18:00:00,1007.0
20260720,180000,74W,43,2026,7,20,18,8.1,148.20000000000002,100700.0,2026-07-20 18:00:00,2026-07-20 18:00:00,1007.0
20260720,180000,74W,43,2026,7,20,18,8.4,147.8,100600.0,2026-07-20 18:00:00,2026-07-20 18:00:00,1006.0
20260720,180000,74W,43,2026,7,20,18,7.9,149.20000000000002,100800.0,2026-07-20 18:00:00,2026-07-20 18:00:00,1008.0
20260720,180000,74W,43,2026,7,20,18,8.1,148.5,100600.0,2026-07-20 18:00:00,2026-07-20 18:00:00,1006.0
20260720,180000,74W,43,2026,7,20,18,7.8,149.1,100800.0,2026-07-20 18:00:00,2026-07-20 18:00:00,1008.0
20260720,180000,74W,43,2026,7,20,18,7.9,149.0,100500.0,2026-07-20 18:00:00,2026-07-20 18:00:00,1005.0
20260720,180000,74W,43,2026,7,20,18,8.9,149.4,100700.0,2026-07-20 18:00:00,2026-07-20 18:00:00,1007.0
20260720,180000,74W,43,2026,7,20,18,9.8,149.1,100300.0,2026-07-20 18:00:00,2026-07-20 18:00:00,1003.0
20260720,180000,74W,43,2026,7,20,18,11.200000000000001,148.5,100400.0,2026-07-20 18:00:00,2026-07-20 18:00:00,1004.0
20260720,180000,74W,43,2026,7,20,18,12.5,147.3,100200.0,2026-07-20 18:00:00,2026-07-20 18:00:00,1002.0
20260720,180000,74W,43,2026,7,20,18,11.200000000000001,144.70000000000002,100700.0,2026-07-20 18:00:00,2026-07-20 18:00:00,1007.0
20260720,180000,74W,44,2026,7,20,18,14.700000000000001,136.70000000000002,100500.0,2026-07-20 18:00:00,2026-07-20 18:00:00,1005.0
20260720,180000,74W,44,2026,7,20,18,15.4,136.5,100600.0,2026-07-20 18:00:00,2026-07-20 18:00:00,1006.0
20260720,180000,74W,44,2026,7,20,18,15.700000000000001,132.1,100200.0,2026-07-20 18:00:00,2026-07-20 18:00:00,1002.0
20260720,180000,74W,44,2026,7,20,18,14.5,131.0,100300.0,2026-07-20 18:00:00,2026-07-20 18:00:00,1003.0
20260720,180000,74W,44,2026,7,20,18,15.0,131.3,100000.0,2026-07-20 18:00:00,2026-07-20 18:00:00,1000.0
20260720,180000,74W,44,2026,7,20,18,14.6,130.3,100100.0,2026-07-20 18:00:00,2026-07-20 18:00:00,1001.0
20260720,180000,74W,44,2026,7,20,18,15.9,128.5,99900.0,2026-07-20 18:00:00,2026-07-20 18:00:00,999.0
20260720,180000,74W,44,2026,7,20,18,16.1,128.1,100000.0,2026-07-20 18:00:00,2026-07-20 18:00:00,1000.0
20260720,180000,74W,44,2026,7,20,18,16.6,126.60000000000001,99900.0,2026-07-20 18:00:00,2026-07-20 18:00:00,999.0
20260720,180000,74W,44,2026,7,20,18,17.5,125.60000000000001,100000.0,2026-07-20 18:00:00,2026-07-20 18:00:00,1000.0
20260720,180000,74W,44,2026,7,20,18,17.8,124.5,99800.0,2026-07-20 18:00:00,2026-07-20 18:00:00,998.0
20260720,180000,74W,44,2026,7,20,18,18.6,123.4,99900.0,2026-07-20 18:00:00,2026-07-20 18:00:00,999.0
20260720,180000,74W,44,2026,7,20,18,18.900000000000002,122.7,99800.0,2026-07-20 18:00:00,2026-07-20 18:00:00,998.0
20260720,180000,74W,44,2026,7,20,18,19.3,122.10000000000001,99900.0,2026-07-20 18:00:00,2026-07-20 18:00:00,999.0
20260720,180000,74W,44,2026,7,20,18,19.0,120.9,99700.0,2026-07-20 18:00:00,2026-07-20 18:00:00,997.0
20260720,180000,74W,44,2026,7,20,18,19.0,119.8,99800.0,2026-07-20 18:00:00,2026-07-20 18:00:00,998.0
20260720,180000,74W,44,2026,7,20,18,19.7,120.10000000000001,99700.0,2026-07-20 18:00:00,2026-07-20 18:00:00,997.0
20260720,180000,74W,44,2026,7,20,18,20.400000000000002,119.3,99800.0,2026-07-20 18:00:00,2026-07-20 18:00:00,998.0
20260720,180000,74W,44,2026,7,20,18,19.900000000000002,117.4,99700.0,2026-07-20 18:00:00,2026-07-20 18:00:00,997.0
20260720,180000,74W,45,2026,7,20,18,6.3,160.1,100900.0,2026-07-20 18:00:00,2026-07-20 18:00:00,1009.0
20260720,180000,74W,45,2026,7,20,18,7.8,159.8,100600.0,2026-07-20 18:00:00,2026-07-20 18:00:00,1006.0
20260720,180000,74W,47,2026,7,20,18,34.6,146.8,100600.0,2026-07-20 18:00:00,2026-07-20 18:00:00,1006.0
20260720,180000,74W,47,2026,7,20,18,34.300000000000004,148.70000000000002,100500.0,2026-07-20 18:00:00,2026-07-20 18:00:00,1005.0
20260720,180000,74W,50,2026,7,20,18,14.700000000000001,141.70000000000002,100900.0,2026-07-20 18:00:00,2026-07-20 18:00:00,1009.0
20260720,180000,74W,50,2026,7,20,18,15.1,136.8,100400.0,2026-07-20 18:00:00,2026-07-20 18:00:00,1004.0
20260720,180000,75W,4,2026,7,20,18,35.2,139.3,100500.0,2026-07-20 18:00:00,2026-07-20 18:00:00,1005.0
20260720,180000,75W,4,2026,7,20,18,35.300000000000004,139.3,100600.0,2026-07-20 18:00:00,2026-07-20 18:00:00,1006.0
20260720,180000,75W,4,2026,7,20,18,35.800000000000004,139.5,100500.0,2026-07-20 18:00:00,2026-07-20 18:00:00,1005.0
20260720,180000,75W,4,2026,7,20,18,34.7,139.9,100700.0,2026-07-20 18:00:00,2026-07-20 18:00:00,1007.0
20260720,180000,75W,4,2026,7,20,18,34.300000000000004,142.5,100700.0,2026-07-20 18:00:00,2026-07-20 18:00:00,1007.0
20260720,180000,75W,4,2026,7,20,18,34.800000000000004,143.1,100600.0,2026-07-20 18:00:00,2026-07-20 18:00:00,1006.0
20260720,180000,75W,4,2026,7,20,18,33.7,142.70000000000002,100700.0,2026-07-20 18:00:00,2026-07-20 18:00:00,1007.0
20260720,180000,75W,4,2026,7,20,18,32.8,143.9,100600.0,2026-07-20 18:00:00,2026-07-20 18:00:00,1006.0
20260720,180000,75W,4,2026,7,20,18,32.5,145.20000000000002,100700.0,2026-07-20 18:00:00,2026-07-20 18:00:00,1007.0
20260720,180000,75W,4,2026,7,20,18,33.0,146.70000000000002,100200.0,2026-07-20 18:00:00,2026-07-20 18:00:00,1002.0
20260720,180000,75W,4,2026,7,20,18,32.4,147.0,100300.0,2026-07-20 18:00:00,2026-07-20 18:00:00,1003.0
20260720,180000,75W,4,2026,7,20,18,32.0,147.6,100400.0,2026-07-20 18:00:00,2026-07-20 18:00:00,1004.0
20260720,180000,75W,4,2026,7,20,18,31.8,148.0,100700.0,2026-07-20 18:00:00,2026-07-20 18:00:00,1007.0
20260720,180000,75W,4,2026,7,20,18,31.7,148.3,100800.0,2026-07-20 18:00:00,2026-07-20 18:00:00,1008.0
20260720,180000,75W,8,2026,7,20,18,7.6000000000000005,170.20000000000002,100800.0,2026-07-20 18:00:00,2026-07-20 18:00:00,1008.0
20260720,180000,75W,8,2026,7,20,18,7.2,170.70000000000002,100600.0,2026-07-20 18:00:00,2026-07-20 18:00:00,1006.0
20260720,180000,75W,8,2026,7,20,18,7.5,172.6,100600.0,2026-07-20 18:00:00,2026-07-20 18:00:00,1006.0
20260720,180000,75W,8,2026,7,20,18,7.6000000000000005,173.9,100500.0,2026-07-20 18:00:00,2026-07-20 18:00:00,1005.0
20260720,180000,75W,8,2026,7,20,18,8.6,174.0,100600.0,2026-07-20 18:00:00,2026-07-20 18:00:00,1006.0
20260720,180000,75W,8,2026,7,20,18,8.6,171.9,100200.0,2026-07-20 18:00:00,2026-07-20 18:00:00,1002.0
20260720,180000,75W,16,2026,7,20,18,33.0,122.0,100600.0,2026-07-20 18:00:00,2026-07-20 18:00:00,1006.0
20260720,180000,75W,16,2026,7,20,18,35.9,122.8,100400.0,2026-07-20 18:00:00,2026-07-20 18:00:00,1004.0
20260720,180000,75W,16,2026,7,20,18,37.7,124.4,100100.0,2026-07-20 18:00:00,2026-07-20 18:00:00,1001.0
20260720,180000,75W,16,2026,7,20,18,37.7,125.0,100200.0,2026-07-20 18:00:00,2026-07-20 18:00:00,1002.0
20260720,180000,75W,20,2026,7,20,18,11.9,109.2,100600.0,2026-07-20 18:00:00,2026-07-20 18:00:00,1006.0
20260720,180000,75W,20,2026,7,20,18,9.5,111.4,100300.0,2026-07-20 18:00:00,2026-07-20 18:00:00,1003.0
20260720,180000,75W,20,2026,7,20,18,9.5,112.9,100200.0,2026-07-20 18:00:00,2026-07-20 18:00:00,1002.0
20260720,180000,75W,20,2026,7,20,18,10.3,113.9,100100.0,2026-07-20 18:00:00,2026-07-20 18:00:00,1001.0
20260720,180000,75W,20,2026,7,20,18,10.9,114.7,100300.0,2026-07-20 18:00:00,2026-07-20 18:00:00,1003.0
20260720,180000,75W,20,2026,7,20,18,11.0,115.60000000000001,100100.0,2026-07-20 18:00:00,2026-07-20 18:00:00,1001.0
20260720,180000,75W,20,2026,7,20,18,11.700000000000001,117.3,100100.0,2026-07-20 18:00:00,2026-07-20 18:00:00,1001.0
20260720,180000,75W,26,2026,7,20,18,24.1,120.0,100500.0,2026-07-20 18:00:00,2026-07-20 18:00:00,1005.0
20260720,180000,75W,26,2026,7,20,18,24.3,120.0,100300.0,2026-07-20 18:00:00,2026-07-20 18:00:00,1003.0
20260720,180000,75W,26,2026,7,20,18,24.1,119.9,100300.0,2026-07-20 18:00:00,2026-07-20 18:00:00,1003.0
20260720,180000,75W,26,2026,7,20,18,24.3,119.9,100400.0,2026-07-20 18:00:00,2026-07-20 18:00:00,1004.0
20260720,180000,75W,31,2026,7,20,18,19.900000000000002,120.8,100400.0,2026-07-20 18:00:00,2026-07-20 18:00:00,1004.0
20260720,180000,75W,31,2026,7,20,18,20.0,119.3,100400.0,2026-07-20 18:00:00,2026-07-20 18:00:00,1004.0
20260720,180000,75W,31,2026,7,20,18,19.400000000000002,119.8,100300.0,2026-07-20 18:00:00,2026-07-20 18:00:00,1003.0
20260720,180000,75W,31,2026,7,20,18,20.2,119.8,100400.0,2026-07-20 18:00:00,2026-07-20 18:00:00,1004.0
20260720,180000,75W,32,2026,7,20,18,22.7,118.5,100200.0,2026-07-20 18:00:00,2026-07-20 18:00:00,1002.0
20260720,180000,75W,32,2026,7,20,18,23.2,117.7,100000.0,2026-07-20 18:00:00,2026-07-20 18:00:00,1000.0
20260720,180000,75W,37,2026,7,20,18,18.8,118.8,100200.0,2026-07-20 18:00:00,2026-07-20 18:00:00,1002.0
20260720,180000,75W,37,2026,7,20,18,17.1,116.10000000000001,100200.0,2026-07-20 18:00:00,2026-07-20 18:00:00,1002.0
20260720,180000,75W,37,2026,7,20,18,17.8,116.5,99900.0,2026-07-20 18:00:00,2026-07-20 18:00:00,999.0
20260720,180000,75W,37,2026,7,20,18,19.0,115.8,99900.0,2026-07-20 18:00:00,2026-07-20 18:00:00,999.0
20260720,180000,75W,37,2026,7,20,18,18.1,114.10000000000001,99500.0,2026-07-20 18:00:00,2026-07-20 18:00:00,995.0
20260720,180000,75W,37,2026,7,20,18,18.5,113.9,99500.0,2026-07-20 18:00:00,2026-07-20 18:00:00,995.0
20260720,180000,75W,37,2026,7,20,18,19.900000000000002,113.2,99200.0,2026-07-20 18:00:00,2026-07-20 18:00:00,992.0
20260720,180000,75W,42,2026,7,20,18,13.1,113.4,100000.0,2026-07-20 18:00:00,2026-07-20 18:00:00,1000.0
20260720,180000,75W,42,2026,7,20,18,13.3,112.2,100000.0,2026-07-20 18:00:00,2026-07-20 18:00:00,1000.0
20260720,180000,75W,42,2026,7,20,18,13.8,111.10000000000001,99900.0,2026-07-20 18:00:00,2026-07-20 18:00:00,999.0
20260720,180000,75W,42,2026,7,20,18,14.200000000000001,112.7,99700.0,2026-07-20 18:00:00,2026-07-20 18:00:00,997.0
20260720,180000,75W,42,2026,7,20,18,14.700000000000001,112.7,99500.0,2026-07-20 18:00:00,2026-07-20 18:00:00,995.0
20260720,180000,75W,42,2026,7,20,18,15.5,114.2,99200.0,2026-07-20 18:00:00,2026-07-20 18:00:00,992.0
20260720,180000,75W,42,2026,7,20,18,17.3,114.3,99000.0,2026-07-20 18:00:00,2026-07-20 18:00:00,990.0
20260720,180000,75W,42,2026,7,20,18,18.3,115.3,98800.0,2026-07-20 18:00:00,2026-07-20 18:00:00,988.0
20260720,180000,75W,42,2026,7,20,18,20.2,116.5,99000.0,2026-07-20 18:00:00,2026-07-20 18:00:00,990.0
20260720,180000,75W,42,2026,7,20,18,23.1,116.7,99200.0,2026-07-20 18:00:00,2026-07-20 18:00:00,992.0
20260720,180000,75W,44,2026,7,20,18,8.0,154.5,100700.0,2026-07-20 18:00:00,2026-07-20 18:00:00,1007.0
20260720,180000,75W,44,2026,7,20,18,8.8,154.8,101000.0,2026-07-20 18:00:00,2026-07-20 18:00:00,1010.0
20260720,180000,75W,44,2026,7,20,18,7.2,153.5,100900.0,2026-07-20 18:00:00,2026-07-20 18:00:00,1009.0
20260720,180000,75W,44,2026,7,20,18,7.3,151.4,100700.0,2026-07-20 18:00:00,2026-07-20 18:00:00,1007.0
20260720,180000,75W,44,2026,7,20,18,8.8,151.9,100900.0,2026-07-20 18:00:00,2026-07-20 18:00:00,1009.0
20260720,180000,75W,44,2026,7,20,18,8.2,152.20000000000002,100800.0,2026-07-20 18:00:00,2026-07-20 18:00:00,1008.0
20260720,180000,75W,44,2026,7,20,18,9.700000000000001,150.6,100500.0,2026-07-20 18:00:00,2026-07-20 18:00:00,1005.0
20260720,180000,75W,44,2026,7,20,18,10.0,148.9,100600.0,2026-07-20 18:00:00,2026-07-20 18:00:00,1006.0
20260720,180000,75W,44,2026,7,20,18,10.200000000000001,149.20000000000002,100300.0,2026-07-20 18:00:00,2026-07-20 18:00:00,1003.0
20260720,180000,75W,44,2026,7,20,18,10.700000000000001,147.3,100200.0,2026-07-20 18:00:00,2026-07-20 18:00:00,1002.0
20260720,180000,75W,44,2026,7,20,18,10.5,147.3,99700.0,2026-07-20 18:00:00,2026-07-20 18:00:00,997.0
20260720,180000,75W,44,2026,7,20,18,11.4,146.6,99900.0,2026-07-20 18:00:00,2026-07-20 18:00:00,999.0
20260720,180000,75W,44,2026,7,20,18,11.8,145.4,99800.0,2026-07-20 18:00:00,2026-07-20 18:00:00,998.0
20260720,180000,75W,45,2026,7,20,18,35.2,139.3,100600.0,2026-07-20 18:00:00,2026-07-20 18:00:00,1006.0
20260720,180000,75W,45,2026,7,20,18,35.300000000000004,139.3,100700.0,2026-07-20 18:00:00,2026-07-20 18:00:00,1007.0
20260720,180000,75W,45,2026,7,20,18,35.800000000000004,139.70000000000002,100400.0,2026-07-20 18:00:00,2026-07-20 18:00:00,1004.0
20260720,180000,75W,45,2026,7,20,18,34.800000000000004,139.6,100700.0,2026-07-20 18:00:00,2026-07-20 18:00:00,1007.0
20260720,180000,75W,45,2026,7,20,18,35.4,139.5,100700.0,2026-07-20 18:00:00,2026-07-20 18:00:00,1007.0
20260720,180000,75W,45,2026,7,20,18,34.5,141.70000000000002,100800.0,2026-07-20 18:00:00,2026-07-20 18:00:00,1008.0
20260720,180000,75W,45,2026,7,20,18,35.5,144.0,100700.0,2026-07-20 18:00:00,2026-07-20 18:00:00,1007.0
20260720,180000,75W,45,2026,7,20,18,34.9,144.70000000000002,100500.0,2026-07-20 18:00:00,2026-07-20 18:00:00,1005.0
20260720,180000,75W,45,2026,7,20,18,33.9,145.1,100600.0,2026-07-20 18:00:00,2026-07-20 18:00:00,1006.0
20260720,180000,75W,45,2026,7,20,18,33.4,146.1,100500.0,2026-07-20 18:00:00,2026-07-20 18:00:00,1005.0
20260720,180000,75W,45,2026,7,20,18,33.4,146.8,100700.0,2026-07-20 18:00:00,2026-07-20 18:00:00,1007.0
20260720,180000,75W,45,2026,7,20,18,32.5,146.3,101000.0,2026-07-20 18:00:00,2026-07-20 18:00:00,1010.0
20260720,180000,75W,50,2026,7,20,18,15.5,161.70000000000002,100600.0,2026-07-20 18:00:00,2026-07-20 18:00:00,1006.0
20260720,180000,75W,50,2026,7,20,18,15.4,161.8,100600.0,2026-07-20 18:00:00,2026-07-20 18:00:00,1006.0
20260720,180000,76W,4,2026,7,20,18,36.0,129.4,100600.0,2026-07-20 18:00:00,2026-07-20 18:00:00,1006.0
20260720,180000,76W,4,2026,7,20,18,36.5,131.0,100800.0,2026-07-20 18:00:00,2026-07-20 18:00:00,1008.0
20260720,180000,76W,4,2026,7,20,18,37.9,131.4,100800.0,2026-07-20 18:00:00,2026-07-20 18:00:00,1008.0
20260720,180000,76W,8,2026,7,20,18,20.400000000000002,120.0,99800.0,2026-07-20 18:00:00,2026-07-20 18:00:00,998.0
20260720,180000,76W,8,2026,7,20,18,23.900000000000002,119.8,99900.0,2026-07-20 18:00:00,2026-07-20 18:00:00,999.0
20260720,180000,76W,16,2026,7,20,18,8.8,154.4,101000.0,2026-07-20 18:00:00,2026-07-20 18:00:00,1010.0
20260720,180000,76W,16,2026,7,20,18,7.9,154.8,100700.0,2026-07-20 18:00:00,2026-07-20 18:00:00,1007.0
20260720,180000,76W,16,2026,7,20,18,8.1,154.1,101000.0,2026-07-20 18:00:00,2026-07-20 18:00:00,1010.0
20260720,180000,76W,16,2026,7,20,18,8.6,154.6,100800.0,2026-07-20 18:00:00,2026-07-20 18:00:00,1008.0
20260720,180000,76W,16,2026,7,20,18,8.8,153.4,100800.0,2026-07-20 18:00:00,2026-07-20 18:00:00,1008.0
20260720,180000,76W,16,2026,7,20,18,9.8,153.9,100600.0,2026-07-20 18:00:00,2026-07-20 18:00:00,1006.0
20260720,180000,76W,16,2026,7,20,18,10.3,153.1,100800.0,2026-07-20 18:00:00,2026-07-20 18:00:00,1008.0
20260720,180000,76W,16,2026,7,20,18,9.9,151.5,100600.0,2026-07-20 18:00:00,2026-07-20 18:00:00,1006.0
20260720,180000,76W,16,2026,7,20,18,10.6,151.6,100800.0,2026-07-20 18:00:00,2026-07-20 18:00:00,1008.0
20260720,180000,76W,16,2026,7,20,18,11.3,151.8,100600.0,2026-07-20 18:00:00,2026-07-20 18:00:00,1006.0
20260720,180000,76W,16,2026,7,20,18,12.1,148.6,100800.0,2026-07-20 18:00:00,2026-07-20 18:00:00,1008.0
20260720,180000,76W,20,2026,7,20,18,15.5,124.9,100300.0,2026-07-20 18:00:00,2026-07-20 18:00:00,1003.0
20260720,180000,76W,20,2026,7,20,18,17.8,120.3,100200.0,2026-07-20 18:00:00,2026-07-20 18:00:00,1002.0
20260720,180000,76W,20,2026,7,20,18,15.9,117.9,100100.0,2026-07-20 18:00:00,2026-07-20 18:00:00,1001.0
20260720,180000,76W,20,2026,7,20,18,16.0,118.10000000000001,99900.0,2026-07-20 18:00:00,2026-07-20 18:00:00,999.0
20260720,180000,76W,20,2026,7,20,18,16.4,117.9,100000.0,2026-07-20 18:00:00,2026-07-20 18:00:00,1000.0
20260720,180000,76W,37,2026,7,20,18,17.8,160.70000000000002,100800.0,2026-07-20 18:00:00,2026-07-20 18:00:00,1008.0
20260720,180000,76W,37,2026,7,20,18,17.1,160.0,100800.0,2026-07-20 18:00:00,2026-07-20 18:00:00,1008.0
20260720,180000,76W,44,2026,7,20,18,23.8,120.0,100100.0,2026-07-20 18:00:00,2026-07-20 18:00:00,1001.0
20260720,180000,76W,44,2026,7,20,18,23.8,119.8,100000.0,2026-07-20 18:00:00,2026-07-20 18:00:00,1000.0
20260720,180000,76W,45,2026,7,20,18,20.400000000000002,164.8,100900.0,2026-07-20 18:00:00,2026-07-20 18:00:00,1009.0
20260720,180000,76W,45,2026,7,20,18,19.900000000000002,164.20000000000002,100900.0,2026-07-20 18:00:00,2026-07-20 18:00:00,1009.0
20260720,180000,76W,45,2026,7,20,18,21.400000000000002,159.6,101000.0,2026-07-20 18:00:00,2026-07-20 18:00:00,1010.0
20260720,180000,77W,45,2026,7,20,18,22.2,141.3,100600.0,2026-07-20 18:00:00,2026-07-20 18:00:00,1006.0
20260720,180000,77W,45,2026,7,20,18,24.0,139.9,100700.0,2026-07-20 18:00:00,2026-07-20 18:00:00,1007.0
20260720,180000,77W,45,2026,7,20,18,24.2,138.5,100300.0,2026-07-20 18:00:00,2026-07-20 18:00:00,1003.0
