# If this file contains data that relates to a time no more than 48 hours ago,
# BY USING IT YOU AGREE TO THE LEGALLY BINDING TERMS OF USE FOUND AT
#   https://storage.googleapis.com/weathernext-public/terms-of-use.pdf
# Any data that relates to a time more than 48 hours ago is licensed under the
# Creative Commons Attribution International License, Version 4.0 (CC BY 4.0).
# BEGIN DATA
init_time,track_id,sample,valid_time,lead_time,lead_time_hours,lat,lon,minimum_sea_level_pressure_hpa,maximum_sustained_wind_speed_knots
2026-07-12 06:00:00,0,0,2026-07-12 06:00:00,0 days 00:00:00,0,31.25,118.75,986.3,63.8
2026-07-12 06:00:00,0,0,2026-07-12 12:00:00,0 days 06:00:00,6,32.13,118.13,987.9,61.6
2026-07-12 06:00:00,0,0,2026-07-12 18:00:00,0 days 12:00:00,12,33.0,117.5,989.5,59.5
2026-07-12 06:00:00,0,0,2026-07-13 00:00:00,0 days 18:00:00,18,33.38,117.75,990.3,58.3
2026-07-12 06:00:00,0,0,2026-07-13 06:00:00,1 days 00:00:00,24,33.75,118.0,991.1,57.2
2026-07-12 06:00:00,0,0,2026-07-13 12:00:00,1 days 06:00:00,30,34.38,118.74,992.1,55.7
2026-07-12 06:00:00,0,0,2026-07-13 18:00:00,1 days 12:00:00,36,35.0,119.5,993.2,54.1
2026-07-12 06:00:00,0,0,2026-07-14 00:00:00,1 days 18:00:00,42,35.63,120.62,993.3,54.0
2026-07-12 06:00:00,0,0,2026-07-14 06:00:00,2 days 00:00:00,48,36.25,121.75,993.4,53.9
2026-07-12 06:00:00,0,0,2026-07-14 12:00:00,2 days 06:00:00,54,37.8,125.06,992.2,55.6
2026-07-12 06:00:00,0,0,2026-07-14 18:00:00,2 days 12:00:00,60,39.25,128.5,991.0,57.3
2026-07-12 06:00:00,0,0,2026-07-15 00:00:00,2 days 18:00:00,66,40.41,131.45,989.7,59.1
2026-07-12 06:00:00,0,0,2026-07-15 06:00:00,3 days 00:00:00,72,41.5,134.5,988.5,60.9
2026-07-12 06:00:00,10,0,2026-07-21 06:00:00,9 days 00:00:00,216,15.75,136.5,1004.1,36.7
2026-07-12 06:00:00,10,0,2026-07-21 12:00:00,9 days 06:00:00,222,16.5,135.5,1003.7,37.4
2026-07-12 06:00:00,10,0,2026-07-21 18:00:00,9 days 12:00:00,228,17.25,134.5,1003.3,38.0
2026-07-12 06:00:00,10,0,2026-07-22 00:00:00,9 days 18:00:00,234,17.75,133.63,1002.2,40.0
2026-07-12 06:00:00,10,0,2026-07-22 06:00:00,10 days 00:00:00,240,18.25,132.75,1001.0,42.0
2026-07-12 06:00:00,10,0,2026-07-22 12:00:00,10 days 06:00:00,246,19.0,131.88,1000.0,43.6
2026-07-12 06:00:00,10,0,2026-07-22 18:00:00,10 days 12:00:00,252,19.75,131.0,999.0,45.3
2026-07-12 06:00:00,10,0,2026-07-23 00:00:00,10 days 18:00:00,258,20.0,129.75,997.9,47.0
2026-07-12 06:00:00,10,0,2026-07-23 06:00:00,11 days 00:00:00,264,20.25,128.5,996.7,48.8
2026-07-12 06:00:00,10,0,2026-07-23 12:00:00,11 days 06:00:00,270,20.75,128.0,995.7,50.4
2026-07-12 06:00:00,10,0,2026-07-23 18:00:00,11 days 12:00:00,276,21.25,127.5,994.6,52.0
2026-07-12 06:00:00,10,0,2026-07-24 00:00:00,11 days 18:00:00,282,21.5,127.0,993.3,53.9
2026-07-12 06:00:00,10,0,2026-07-24 06:00:00,12 days 00:00:00,288,21.75,126.5,992.0,55.9
2026-07-12 06:00:00,10,0,2026-07-24 12:00:00,12 days 06:00:00,294,22.38,126.0,989.0,60.1
2026-07-12 06:00:00,10,0,2026-07-24 18:00:00,12 days 12:00:00,300,23.0,125.5,985.9,64.4
2026-07-12 06:00:00,10,0,2026-07-25 00:00:00,12 days 18:00:00,306,23.63,125.13,984.4,66.5
2026-07-12 06:00:00,10,0,2026-07-25 06:00:00,13 days 00:00:00,312,24.25,124.75,982.8,68.5
2026-07-12 06:00:00,10,0,2026-07-25 12:00:00,13 days 06:00:00,318,25.13,123.88,981.9,69.8
2026-07-12 06:00:00,10,0,2026-07-25 18:00:00,13 days 12:00:00,324,26.0,123.0,980.9,71.0
2026-07-12 06:00:00,10,0,2026-07-26 00:00:00,13 days 18:00:00,330,26.88,121.88,980.8,71.2
2026-07-12 06:00:00,10,0,2026-07-26 06:00:00,14 days 00:00:00,336,27.75,120.75,980.6,71.4
2026-07-12 06:00:00,10,0,2026-07-26 12:00:00,14 days 06:00:00,342,28.63,119.88,988.0,61.2
2026-07-12 06:00:00,10,0,2026-07-26 18:00:00,14 days 12:00:00,348,29.5,119.0,995.3,50.9
2026-07-12 06:00:00,10,0,2026-07-27 00:00:00,14 days 18:00:00,354,30.13,117.88,996.2,49.7
2026-07-12 06:00:00,10,0,2026-07-27 06:00:00,15 days 00:00:00,360,30.75,116.75,997.0,48.4
2026-07-12 06:00:00,11,0,2026-07-23 06:00:00,11 days 00:00:00,264,-47.5,-117.75,995.0,51.4
2026-07-12 06:00:00,11,0,2026-07-23 12:00:00,11 days 06:00:00,270,-48.1,-122.45,994.0,52.9
2026-07-12 06:00:00,11,0,2026-07-23 18:00:00,11 days 12:00:00,276,-48.5,-127.25,993.0,54.4
2026-07-12 06:00:00,11,0,2026-07-24 00:00:00,11 days 18:00:00,282,-47.13,-128.66,992.6,55.0
2026-07-12 06:00:00,11,0,2026-07-24 06:00:00,12 days 00:00:00,288,-45.75,-130.0,992.2,55.6
2026-07-12 06:00:00,11,0,2026-07-24 12:00:00,12 days 06:00:00,294,-45.29,-133.66,990.2,58.3
2026-07-12 06:00:00,11,0,2026-07-24 18:00:00,12 days 12:00:00,300,-44.72,-137.28,988.2,61.1
2026-07-12 06:00:00,11,0,2026-07-25 00:00:00,12 days 18:00:00,306,-44.04,-140.81,986.2,63.9
2026-07-12 06:00:00,11,0,2026-07-25 06:00:00,13 days 00:00:00,312,-43.25,-144.25,984.2,66.7
2026-07-12 06:00:00,11,0,2026-07-25 12:00:00,13 days 06:00:00,318,-44.5,-143.39,981.5,70.2
2026-07-12 06:00:00,11,0,2026-07-25 18:00:00,13 days 12:00:00,324,-45.75,-142.5,978.8,73.7
2026-07-12 06:00:00,11,0,2026-07-26 00:00:00,13 days 18:00:00,330,-46.64,-140.53,976.4,76.7
2026-07-12 06:00:00,11,0,2026-07-26 06:00:00,14 days 00:00:00,336,-47.5,-138.5,974.0,79.7
2026-07-12 06:00:00,3,0,2026-07-12 06:00:00,0 days 00:00:00,0,-41.75,-140.0,971.7,82.5
2026-07-12 06:00:00,3,0,2026-07-12 12:00:00,0 days 06:00:00,6,-43.13,-139.76,970.1,84.4
2026-07-12 06:00:00,3,0,2026-07-12 18:00:00,0 days 12:00:00,12,-44.5,-139.5,968.5,86.4
2026-07-12 06:00:00,3,0,2026-07-13 00:00:00,0 days 18:00:00,18,-45.88,-140.23,970.2,84.4
2026-07-12 06:00:00,3,0,2026-07-13 06:00:00,1 days 00:00:00,24,-47.25,-141.0,971.9,82.4
2026-07-12 06:00:00,3,0,2026-07-13 12:00:00,1 days 06:00:00,30,-46.0,-142.02,974.3,79.3
2026-07-12 06:00:00,3,0,2026-07-13 18:00:00,1 days 12:00:00,36,-44.75,-143.0,976.8,76.3
2026-07-12 06:00:00,3,0,2026-07-14 00:00:00,1 days 18:00:00,42,-43.5,-143.89,977.7,75.2
2026-07-12 06:00:00,3,0,2026-07-14 06:00:00,2 days 00:00:00,48,-42.25,-144.75,978.6,74.0
2026-07-12 06:00:00,4,0,2026-07-12 06:00:00,0 days 00:00:00,0,-41.0,-92.75,973.3,80.6
2026-07-12 06:00:00,4,0,2026-07-12 12:00:00,0 days 06:00:00,6,-41.77,-90.4,973.3,80.6
2026-07-12 06:00:00,4,0,2026-07-12 18:00:00,0 days 12:00:00,12,-42.5,-88.0,973.4,80.5
2026-07-12 06:00:00,4,0,2026-07-13 00:00:00,0 days 18:00:00,18,-43.16,-85.15,974.9,78.6
2026-07-12 06:00:00,4,0,2026-07-13 06:00:00,1 days 00:00:00,24,-43.75,-82.25,976.5,76.7
2026-07-12 06:00:00,4,0,2026-07-13 12:00:00,1 days 06:00:00,30,-44.77,-80.41,979.7,72.6
2026-07-12 06:00:00,4,0,2026-07-13 18:00:00,1 days 12:00:00,36,-45.75,-78.5,982.9,68.5
2026-07-12 06:00:00,4,0,2026-07-14 00:00:00,1 days 18:00:00,42,-46.5,-78.01,985.6,64.8
2026-07-12 06:00:00,4,0,2026-07-14 06:00:00,2 days 00:00:00,48,-47.25,-77.5,988.4,61.0
2026-07-12 06:00:00,5,0,2026-07-14 06:00:00,2 days 00:00:00,48,18.5,88.5,996.8,48.7
2026-07-12 06:00:00,5,0,2026-07-14 12:00:00,2 days 06:00:00,54,19.0,89.5,995.9,50.0
2026-07-12 06:00:00,5,0,2026-07-14 18:00:00,2 days 12:00:00,60,19.5,90.5,995.0,51.4
2026-07-12 06:00:00,5,0,2026-07-15 00:00:00,2 days 18:00:00,66,19.88,89.25,994.9,51.6
2026-07-12 06:00:00,5,0,2026-07-15 06:00:00,3 days 00:00:00,72,20.25,88.0,994.7,51.8
2026-07-12 06:00:00,5,0,2026-07-15 12:00:00,3 days 06:00:00,78,20.88,87.63,993.9,53.1
2026-07-12 06:00:00,5,0,2026-07-15 18:00:00,3 days 12:00:00,84,21.5,87.25,993.0,54.4
2026-07-12 06:00:00,5,0,2026-07-16 00:00:00,3 days 18:00:00,90,21.5,86.62,994.3,52.5
2026-07-12 06:00:00,5,0,2026-07-16 06:00:00,4 days 00:00:00,96,21.5,86.0,995.5,50.7
2026-07-12 06:00:00,5,0,2026-07-16 12:00:00,4 days 06:00:00,102,22.12,86.0,996.5,49.2
2026-07-12 06:00:00,5,0,2026-07-16 18:00:00,4 days 12:00:00,108,22.75,86.0,997.5,47.6
2026-07-12 06:00:00,6,0,2026-07-14 18:00:00,2 days 12:00:00,60,10.25,-167.0,1007.1,31.2
2026-07-12 06:00:00,6,0,2026-07-15 00:00:00,2 days 18:00:00,66,11.13,-166.38,1006.6,32.3
2026-07-12 06:00:00,6,0,2026-07-15 06:00:00,3 days 00:00:00,72,12.0,-165.75,1006.0,33.3
2026-07-12 06:00:00,6,0,2026-07-15 12:00:00,3 days 06:00:00,78,12.13,-165.5,1005.0,35.1
2026-07-12 06:00:00,6,0,2026-07-15 18:00:00,3 days 12:00:00,84,12.25,-165.25,1004.0,36.9
2026-07-12 06:00:00,6,0,2026-07-16 00:00:00,3 days 18:00:00,90,12.25,-165.25,1004.1,36.7
2026-07-12 06:00:00,6,0,2026-07-16 06:00:00,4 days 00:00:00,96,12.25,-165.25,1004.2,36.6
2026-07-12 06:00:00,6,0,2026-07-16 12:00:00,4 days 06:00:00,102,12.75,-165.25,1004.4,36.2
2026-07-12 06:00:00,6,0,2026-07-16 18:00:00,4 days 12:00:00,108,13.25,-165.25,1004.6,35.8
2026-07-12 06:00:00,6,0,2026-07-17 00:00:00,4 days 18:00:00,114,13.75,-165.25,1005.4,34.4
2026-07-12 06:00:00,6,0,2026-07-17 06:00:00,5 days 00:00:00,120,14.25,-165.25,1006.2,32.9
2026-07-12 06:00:00,7,0,2026-07-15 18:00:00,3 days 12:00:00,84,13.5,-115.5,1004.2,36.5
2026-07-12 06:00:00,7,0,2026-07-16 00:00:00,3 days 18:00:00,90,14.38,-116.62,1003.7,37.5
2026-07-12 06:00:00,7,0,2026-07-16 06:00:00,4 days 00:00:00,96,15.25,-117.75,1003.1,38.4
2026-07-12 06:00:00,7,0,2026-07-16 12:00:00,4 days 06:00:00,102,14.63,-119.13,1001.6,41.0
2026-07-12 06:00:00,7,0,2026-07-16 18:00:00,4 days 12:00:00,108,14.0,-120.5,1000.0,43.7
2026-07-12 06:00:00,7,0,2026-07-17 00:00:00,4 days 18:00:00,114,14.88,-121.0,998.8,45.6
2026-07-12 06:00:00,7,0,2026-07-17 06:00:00,5 days 00:00:00,120,15.75,-121.5,997.6,47.5
2026-07-12 06:00:00,7,0,2026-07-17 12:00:00,5 days 06:00:00,126,16.13,-123.12,996.5,49.2
2026-07-12 06:00:00,7,0,2026-07-17 18:00:00,5 days 12:00:00,132,16.5,-124.75,995.3,51.0
2026-07-12 06:00:00,7,0,2026-07-18 00:00:00,5 days 18:00:00,138,17.0,-125.5,994.8,51.7
2026-07-12 06:00:00,7,0,2026-07-18 06:00:00,6 days 00:00:00,144,17.5,-126.25,994.4,52.4
2026-07-12 06:00:00,7,0,2026-07-18 12:00:00,6 days 06:00:00,150,18.25,-127.0,995.7,50.4
2026-07-12 06:00:00,7,0,2026-07-18 18:00:00,6 days 12:00:00,156,19.0,-127.75,997.0,48.4
2026-07-12 06:00:00,7,0,2026-07-19 00:00:00,6 days 18:00:00,162,20.13,-128.0,998.3,46.4
2026-07-12 06:00:00,7,0,2026-07-19 06:00:00,7 days 00:00:00,168,21.25,-128.25,999.5,44.4
2026-07-12 06:00:00,7,0,2026-07-19 12:00:00,7 days 06:00:00,174,22.88,-128.74,999.2,45.0
2026-07-12 06:00:00,7,0,2026-07-19 18:00:00,7 days 12:00:00,180,24.5,-129.25,998.8,45.6
2026-07-12 06:00:00,7,0,2026-07-20 00:00:00,7 days 18:00:00,186,26.0,-129.62,1000.8,42.3
2026-07-12 06:00:00,7,0,2026-07-20 06:00:00,8 days 00:00:00,192,27.5,-130.0,1002.8,39.0
2026-07-12 06:00:00,8,0,2026-07-16 18:00:00,4 days 12:00:00,108,32.0,48.75,993.8,53.2
2026-07-12 06:00:00,8,0,2026-07-17 00:00:00,4 days 18:00:00,114,32.13,48.5,995.4,50.8
2026-07-12 06:00:00,8,0,2026-07-17 06:00:00,5 days 00:00:00,120,32.25,48.25,997.1,48.3
2026-07-12 06:00:00,8,0,2026-07-17 12:00:00,5 days 06:00:00,126,32.21,51.76,996.7,48.9
2026-07-12 06:00:00,8,0,2026-07-17 18:00:00,5 days 12:00:00,132,32.07,55.28,996.3,49.5
2026-07-12 06:00:00,8,0,2026-07-18 00:00:00,5 days 18:00:00,138,31.83,58.78,995.9,50.0
2026-07-12 06:00:00,8,0,2026-07-18 06:00:00,6 days 00:00:00,144,31.5,62.25,995.5,50.6
2026-07-12 06:00:00,8,0,2026-07-18 12:00:00,6 days 06:00:00,150,31.38,62.25,994.3,52.5
2026-07-12 06:00:00,8,0,2026-07-18 18:00:00,6 days 12:00:00,156,31.25,62.25,993.0,54.4
2026-07-12 06:00:00,8,0,2026-07-19 00:00:00,6 days 18:00:00,162,31.25,62.12,993.8,53.3
2026-07-12 06:00:00,8,0,2026-07-19 06:00:00,7 days 00:00:00,168,31.25,62.0,994.5,52.1
2026-07-12 06:00:00,8,0,2026-07-19 12:00:00,7 days 06:00:00,174,31.25,62.38,993.5,53.7
2026-07-12 06:00:00,8,0,2026-07-19 18:00:00,7 days 12:00:00,180,31.25,62.75,992.4,55.3
2026-07-12 06:00:00,8,0,2026-07-20 00:00:00,7 days 18:00:00,186,31.25,62.38,993.2,54.1
2026-07-12 06:00:00,8,0,2026-07-20 06:00:00,8 days 00:00:00,192,31.25,62.0,994.0,53.0
2026-07-12 06:00:00,9,0,2026-07-17 18:00:00,5 days 12:00:00,132,7.75,-103.5,1009.2,27.1
2026-07-12 06:00:00,9,0,2026-07-18 00:00:00,5 days 18:00:00,138,8.63,-104.5,1009.4,26.8
2026-07-12 06:00:00,9,0,2026-07-18 06:00:00,6 days 00:00:00,144,9.5,-105.5,1009.5,26.5
2026-07-12 06:00:00,9,0,2026-07-18 12:00:00,6 days 06:00:00,150,10.38,-107.12,1009.5,26.6
2026-07-12 06:00:00,9,0,2026-07-18 18:00:00,6 days 12:00:00,156,11.25,-108.75,1009.4,26.7
2026-07-12 06:00:00,9,0,2026-07-19 00:00:00,6 days 18:00:00,162,11.5,-109.75,1007.7,30.1
2026-07-12 06:00:00,9,0,2026-07-19 06:00:00,7 days 00:00:00,168,11.75,-110.75,1005.9,33.5
2026-07-12 06:00:00,9,0,2026-07-19 12:00:00,7 days 06:00:00,174,12.75,-111.62,1005.0,35.1
2026-07-12 06:00:00,9,0,2026-07-19 18:00:00,7 days 12:00:00,180,13.75,-112.5,1004.1,36.7
2026-07-12 06:00:00,9,0,2026-07-20 00:00:00,7 days 18:00:00,186,14.5,-113.37,1001.5,41.1
2026-07-12 06:00:00,9,0,2026-07-20 06:00:00,8 days 00:00:00,192,15.25,-114.25,998.8,45.5
2026-07-12 06:00:00,9,0,2026-07-20 12:00:00,8 days 06:00:00,198,15.75,-115.37,997.0,48.4
2026-07-12 06:00:00,9,0,2026-07-20 18:00:00,8 days 12:00:00,204,16.25,-116.5,995.2,51.2
2026-07-12 06:00:00,9,0,2026-07-21 00:00:00,8 days 18:00:00,210,16.75,-117.0,991.9,56.0
2026-07-12 06:00:00,9,0,2026-07-21 06:00:00,9 days 00:00:00,216,17.25,-117.5,988.6,60.7
2026-07-12 06:00:00,9,0,2026-07-21 12:00:00,9 days 06:00:00,222,17.38,-118.37,985.4,65.0
2026-07-12 06:00:00,9,0,2026-07-21 18:00:00,9 days 12:00:00,228,17.5,-119.25,982.3,69.3
2026-07-12 06:00:00,9,0,2026-07-22 00:00:00,9 days 18:00:00,234,17.75,-120.12,980.0,72.2
2026-07-12 06:00:00,9,0,2026-07-22 06:00:00,10 days 00:00:00,240,18.0,-121.0,977.7,75.1
2026-07-12 06:00:00,9,0,2026-07-22 12:00:00,10 days 06:00:00,246,18.25,-122.12,980.4,71.6
2026-07-12 06:00:00,9,0,2026-07-22 18:00:00,10 days 12:00:00,252,18.5,-123.25,983.1,68.1
2026-07-12 06:00:00,9,0,2026-07-23 00:00:00,10 days 18:00:00,258,18.51,-124.75,984.4,66.5
2026-07-12 06:00:00,9,0,2026-07-23 06:00:00,11 days 00:00:00,264,18.5,-126.25,985.6,64.8
2026-07-12 06:00:00,9,0,2026-07-23 12:00:00,11 days 06:00:00,270,18.63,-127.87,988.2,61.2
2026-07-12 06:00:00,9,0,2026-07-23 18:00:00,11 days 12:00:00,276,18.75,-129.5,990.8,57.5
2026-07-12 06:00:00,9,0,2026-07-24 00:00:00,11 days 18:00:00,282,19.13,-131.25,989.8,59.1
2026-07-12 06:00:00,9,0,2026-07-24 06:00:00,12 days 00:00:00,288,19.5,-133.0,988.7,60.6
2026-07-12 06:00:00,9,0,2026-07-24 12:00:00,12 days 06:00:00,294,19.64,-135.12,990.9,57.4
2026-07-12 06:00:00,9,0,2026-07-24 18:00:00,12 days 12:00:00,300,19.75,-137.25,993.2,54.1
2026-07-12 06:00:00,9,0,2026-07-25 00:00:00,12 days 18:00:00,306,20.13,-139.12,995.2,51.1
2026-07-12 06:00:00,9,0,2026-07-25 06:00:00,13 days 00:00:00,312,20.5,-141.0,997.2,48.0
2026-07-12 06:00:00,9,0,2026-07-25 12:00:00,13 days 06:00:00,318,20.64,-143.25,999.3,44.8
2026-07-12 06:00:00,9,0,2026-07-25 18:00:00,13 days 12:00:00,324,20.75,-145.5,1001.3,41.5
2026-07-12 06:00:00,9,0,2026-07-26 00:00:00,13 days 18:00:00,330,21.26,-147.24,1003.4,37.9
2026-07-12 06:00:00,9,0,2026-07-26 06:00:00,14 days 00:00:00,336,21.75,-149.0,1005.5,34.2
2026-07-12 06:00:00,9,0,2026-07-26 12:00:00,14 days 06:00:00,342,22.38,-150.62,1006.9,31.5
2026-07-12 06:00:00,9,0,2026-07-26 18:00:00,14 days 12:00:00,348,23.0,-152.25,1008.4,28.7
2026-07-12 06:00:00,9,0,2026-07-27 00:00:00,14 days 18:00:00,354,23.5,-153.25,1009.1,27.3
2026-07-12 06:00:00,9,0,2026-07-27 06:00:00,15 days 00:00:00,360,24.0,-154.25,1009.8,25.9
2026-07-12 06:00:00,0,1,2026-07-12 06:00:00,0 days 00:00:00,0,31.25,118.75,986.3,63.8
2026-07-12 06:00:00,0,1,2026-07-12 12:00:00,0 days 06:00:00,6,32.13,118.5,988.2,61.2
2026-07-12 06:00:00,0,1,2026-07-12 18:00:00,0 days 12:00:00,12,33.0,118.25,990.1,58.6
2026-07-12 06:00:00,0,1,2026-07-13 00:00:00,0 days 18:00:00,18,33.5,118.37,991.6,56.5
2026-07-12 06:00:00,0,1,2026-07-13 06:00:00,1 days 00:00:00,24,34.0,118.5,993.0,54.4
2026-07-12 06:00:00,0,1,2026-07-13 12:00:00,1 days 06:00:00,30,34.5,119.12,993.6,53.5
2026-07-12 06:00:00,0,1,2026-07-13 18:00:00,1 days 12:00:00,36,35.0,119.75,994.3,52.5
2026-07-12 06:00:00,0,1,2026-07-14 00:00:00,1 days 18:00:00,42,36.26,120.98,993.2,54.0
2026-07-12 06:00:00,0,1,2026-07-14 06:00:00,2 days 00:00:00,48,37.5,122.25,992.2,55.6
2026-07-12 06:00:00,0,1,2026-07-14 12:00:00,2 days 06:00:00,54,38.04,125.35,991.4,56.8
2026-07-12 06:00:00,0,1,2026-07-14 18:00:00,2 days 12:00:00,60,38.5,128.5,990.6,57.9
2026-07-12 06:00:00,0,1,2026-07-15 00:00:00,2 days 18:00:00,66,39.91,131.19,989.1,60.0
2026-07-12 06:00:00,0,1,2026-07-15 06:00:00,3 days 00:00:00,72,41.25,134.0,987.7,62.0
2026-07-12 06:00:00,0,1,2026-07-15 12:00:00,3 days 06:00:00,78,42.78,136.44,987.7,62.0
2026-07-12 06:00:00,0,1,2026-07-15 18:00:00,3 days 12:00:00,84,44.25,139.0,987.7,61.9
2026-07-12 06:00:00,3,1,2026-07-12 06:00:00,0 days 00:00:00,0,-41.75,-140.0,971.7,82.5
2026-07-12 06:00:00,3,1,2026-07-12 12:00:00,0 days 06:00:00,6,-43.25,-140.0,971.0,83.4
2026-07-12 06:00:00,3,1,2026-07-12 18:00:00,0 days 12:00:00,12,-44.75,-140.0,970.3,84.3
2026-07-12 06:00:00,3,1,2026-07-13 00:00:00,0 days 18:00:00,18,-45.63,-140.37,970.7,83.8
2026-07-12 06:00:00,3,1,2026-07-13 06:00:00,1 days 00:00:00,24,-46.5,-140.75,971.2,83.2
2026-07-12 06:00:00,3,1,2026-07-13 12:00:00,1 days 06:00:00,30,-45.75,-141.64,973.6,80.3
2026-07-12 06:00:00,3,1,2026-07-13 18:00:00,1 days 12:00:00,36,-45.0,-142.5,976.0,77.3
2026-07-12 06:00:00,3,1,2026-07-14 00:00:00,1 days 18:00:00,42,-43.88,-143.14,977.9,74.9
2026-07-12 06:00:00,3,1,2026-07-14 06:00:00,2 days 00:00:00,48,-42.75,-143.75,979.8,72.4
2026-07-12 06:00:00,4,1,2026-07-12 06:00:00,0 days 00:00:00,0,-41.0,-92.75,973.3,80.6
2026-07-12 06:00:00,4,1,2026-07-12 12:00:00,0 days 06:00:00,6,-41.9,-90.41,973.5,80.3
2026-07-12 06:00:00,4,1,2026-07-12 18:00:00,0 days 12:00:00,12,-42.75,-88.0,973.8,80.0
2026-07-12 06:00:00,4,1,2026-07-13 00:00:00,0 days 18:00:00,18,-43.28,-85.27,976.7,76.4
2026-07-12 06:00:00,4,1,2026-07-13 06:00:00,1 days 00:00:00,24,-43.75,-82.5,979.6,72.7
2026-07-12 06:00:00,4,1,2026-07-13 12:00:00,1 days 06:00:00,30,-44.89,-80.42,981.7,70.0
2026-07-12 06:00:00,4,1,2026-07-13 18:00:00,1 days 12:00:00,36,-46.0,-78.25,983.7,67.4
2026-07-12 06:00:00,4,1,2026-07-14 00:00:00,1 days 18:00:00,42,-46.88,-78.13,986.4,63.7
2026-07-12 06:00:00,4,1,2026-07-14 06:00:00,2 days 00:00:00,48,-47.75,-78.0,989.1,60.0
2026-07-12 06:00:00,5,1,2026-07-14 18:00:00,2 days 12:00:00,60,14.0,-109.25,1004.8,35.4
2026-07-12 06:00:00,5,1,2026-07-15 00:00:00,2 days 18:00:00,66,14.25,-110.62,1003.9,37.1
2026-07-12 06:00:00,5,1,2026-07-15 06:00:00,3 days 00:00:00,72,14.5,-112.0,1003.0,38.7
2026-07-12 06:00:00,5,1,2026-07-15 12:00:00,3 days 06:00:00,78,14.75,-113.25,1001.0,42.0
2026-07-12 06:00:00,5,1,2026-07-15 18:00:00,3 days 12:00:00,84,15.0,-114.5,999.0,45.3
2026-07-12 06:00:00,5,1,2026-07-16 00:00:00,3 days 18:00:00,90,15.51,-116.12,999.2,44.9
2026-07-12 06:00:00,5,1,2026-07-16 06:00:00,4 days 00:00:00,96,16.0,-117.75,999.5,44.5
2026-07-12 06:00:00,5,1,2026-07-16 12:00:00,4 days 06:00:00,102,15.5,-119.0,999.0,45.2
2026-07-12 06:00:00,5,1,2026-07-16 18:00:00,4 days 12:00:00,108,15.0,-120.25,998.5,46.0
2026-07-12 06:00:00,5,1,2026-07-17 00:00:00,4 days 18:00:00,114,15.25,-120.37,996.8,48.6
2026-07-12 06:00:00,5,1,2026-07-17 06:00:00,5 days 00:00:00,120,15.5,-120.5,995.1,51.3
2026-07-12 06:00:00,5,1,2026-07-17 12:00:00,5 days 06:00:00,126,15.63,-121.37,992.9,54.5
2026-07-12 06:00:00,5,1,2026-07-17 18:00:00,5 days 12:00:00,132,15.75,-122.25,990.8,57.6
2026-07-12 06:00:00,5,1,2026-07-18 00:00:00,5 days 18:00:00,138,16.25,-123.12,990.6,57.9
2026-07-12 06:00:00,5,1,2026-07-18 06:00:00,6 days 00:00:00,144,16.75,-124.0,990.4,58.2
2026-07-12 06:00:00,5,1,2026-07-18 12:00:00,6 days 06:00:00,150,17.38,-124.5,990.9,57.5
2026-07-12 06:00:00,5,1,2026-07-18 18:00:00,6 days 12:00:00,156,18.0,-125.0,991.4,56.8
2026-07-12 06:00:00,5,1,2026-07-19 00:00:00,6 days 18:00:00,162,18.75,-126.0,992.2,55.6
2026-07-12 06:00:00,5,1,2026-07-19 06:00:00,7 days 00:00:00,168,19.5,-127.0,993.0,54.4
2026-07-12 06:00:00,5,1,2026-07-19 12:00:00,7 days 06:00:00,174,20.13,-128.0,994.7,51.9
2026-07-12 06:00:00,5,1,2026-07-19 18:00:00,7 days 12:00:00,180,20.75,-129.0,996.3,49.4
2026-07-12 06:00:00,5,1,2026-07-20 00:00:00,7 days 18:00:00,186,21.13,-129.75,997.3,47.8
2026-07-12 06:00:00,5,1,2026-07-20 06:00:00,8 days 00:00:00,192,21.5,-130.5,998.4,46.3
2026-07-12 06:00:00,5,1,2026-07-20 12:00:00,8 days 06:00:00,198,22.38,-131.49,998.6,45.9
2026-07-12 06:00:00,5,1,2026-07-20 18:00:00,8 days 12:00:00,204,23.25,-132.5,998.8,45.5
2026-07-12 06:00:00,6,1,2026-07-16 18:00:00,4 days 12:00:00,108,6.25,-102.25,1006.6,32.1
2026-07-12 06:00:00,6,1,2026-07-17 00:00:00,4 days 18:00:00,114,6.88,-103.06,1006.3,32.8
2026-07-12 06:00:00,6,1,2026-07-17 06:00:00,5 days 00:00:00,120,7.5,-103.87,1005.9,33.4
2026-07-12 06:00:00,6,1,2026-07-17 12:00:00,5 days 06:00:00,126,8.13,-104.68,1005.6,34.1
2026-07-12 06:00:00,6,1,2026-07-17 18:00:00,5 days 12:00:00,132,8.75,-105.5,1005.2,34.7
2026-07-12 06:00:00,6,1,2026-07-18 00:00:00,5 days 18:00:00,138,9.5,-106.25,1004.8,35.5
2026-07-12 06:00:00,6,1,2026-07-18 06:00:00,6 days 00:00:00,144,10.25,-107.0,1004.4,36.2
2026-07-12 06:00:00,6,1,2026-07-18 12:00:00,6 days 06:00:00,150,10.5,-108.0,1003.6,37.6
2026-07-12 06:00:00,6,1,2026-07-18 18:00:00,6 days 12:00:00,156,10.75,-109.0,1002.8,38.9
2026-07-12 06:00:00,6,1,2026-07-19 00:00:00,6 days 18:00:00,162,11.0,-110.0,1002.5,39.5
2026-07-12 06:00:00,6,1,2026-07-19 06:00:00,7 days 00:00:00,168,11.25,-111.0,1002.1,40.1
2026-07-12 06:00:00,6,1,2026-07-19 12:00:00,7 days 06:00:00,174,11.63,-111.87,1001.7,40.8
2026-07-12 06:00:00,6,1,2026-07-19 18:00:00,7 days 12:00:00,180,12.0,-112.75,1001.3,41.5
2026-07-12 06:00:00,6,1,2026-07-20 00:00:00,7 days 18:00:00,186,12.38,-113.37,1000.6,42.7
2026-07-12 06:00:00,6,1,2026-07-20 06:00:00,8 days 00:00:00,192,12.75,-114.0,999.9,43.8
2026-07-12 06:00:00,6,1,2026-07-20 12:00:00,8 days 06:00:00,198,13.13,-114.62,997.6,47.4
2026-07-12 06:00:00,6,1,2026-07-20 18:00:00,8 days 12:00:00,204,13.5,-115.25,995.3,51.0
2026-07-12 06:00:00,6,1,2026-07-21 00:00:00,8 days 18:00:00,210,14.0,-115.87,994.1,52.7
2026-07-12 06:00:00,6,1,2026-07-21 06:00:00,9 days 00:00:00,216,14.5,-116.5,993.0,54.4
2026-07-12 06:00:00,6,1,2026-07-21 12:00:00,9 days 06:00:00,222,14.88,-117.12,992.9,54.5
2026-07-12 06:00:00,6,1,2026-07-21 18:00:00,9 days 12:00:00,228,15.25,-117.75,992.9,54.6
2026-07-12 06:00:00,6,1,2026-07-22 00:00:00,9 days 18:00:00,234,15.63,-118.37,990.9,57.4
2026-07-12 06:00:00,6,1,2026-07-22 06:00:00,10 days 00:00:00,240,16.0,-119.0,988.9,60.2
2026-07-12 06:00:00,6,1,2026-07-22 12:00:00,10 days 06:00:00,246,16.38,-119.5,990.3,58.3
2026-07-12 06:00:00,6,1,2026-07-22 18:00:00,10 days 12:00:00,252,16.75,-120.0,991.7,56.4
2026-07-12 06:00:00,6,1,2026-07-23 00:00:00,10 days 18:00:00,258,17.13,-120.62,991.5,56.6
2026-07-12 06:00:00,6,1,2026-07-23 06:00:00,11 days 00:00:00,264,17.5,-121.25,991.3,56.8
2026-07-12 06:00:00,6,1,2026-07-23 12:00:00,11 days 06:00:00,270,18.25,-121.62,989.9,58.9
2026-07-12 06:00:00,6,1,2026-07-23 18:00:00,11 days 12:00:00,276,19.0,-122.0,988.4,61.0
2026-07-12 06:00:00,6,1,2026-07-24 00:00:00,11 days 18:00:00,282,20.0,-122.62,990.7,57.7
2026-07-12 06:00:00,6,1,2026-07-24 06:00:00,12 days 00:00:00,288,21.0,-123.25,992.9,54.5
2026-07-12 06:00:00,6,1,2026-07-24 12:00:00,12 days 06:00:00,294,22.25,-124.36,995.5,50.7
2026-07-12 06:00:00,6,1,2026-07-24 18:00:00,12 days 12:00:00,300,23.5,-125.5,998.0,46.9
2026-07-12 06:00:00,6,1,2026-07-25 00:00:00,12 days 18:00:00,306,24.38,-126.49,999.9,43.7
2026-07-12 06:00:00,6,1,2026-07-25 06:00:00,13 days 00:00:00,312,25.25,-127.5,1001.9,40.5
2026-07-12 06:00:00,6,1,2026-07-25 12:00:00,13 days 06:00:00,318,26.01,-128.99,1004.1,36.5
2026-07-12 06:00:00,6,1,2026-07-25 18:00:00,13 days 12:00:00,324,26.75,-130.5,1006.4,32.6
2026-07-12 06:00:00,6,1,2026-07-26 00:00:00,13 days 18:00:00,330,27.13,-131.37,1008.1,29.3
2026-07-12 06:00:00,6,1,2026-07-26 06:00:00,14 days 00:00:00,336,27.5,-132.25,1009.8,26.0
2026-07-12 06:00:00,6,1,2026-07-26 12:00:00,14 days 06:00:00,342,28.25,-132.87,1012.1,20.7
2026-07-12 06:00:00,6,1,2026-07-26 18:00:00,14 days 12:00:00,348,29.0,-133.5,1014.3,15.4
2026-07-12 06:00:00,7,1,2026-07-16 18:00:00,4 days 12:00:00,108,31.25,62.0,995.4,50.9
2026-07-12 06:00:00,7,1,2026-07-17 00:00:00,4 days 18:00:00,114,31.25,62.12,995.9,50.0
2026-07-12 06:00:00,7,1,2026-07-17 06:00:00,5 days 00:00:00,120,31.25,62.25,996.5,49.2
2026-07-12 06:00:00,7,1,2026-07-17 12:00:00,5 days 06:00:00,126,31.25,62.25,995.2,51.1
2026-07-12 06:00:00,7,1,2026-07-17 18:00:00,5 days 12:00:00,132,31.25,62.25,994.0,53.0
2026-07-12 06:00:00,7,1,2026-07-18 00:00:00,5 days 18:00:00,138,31.25,62.25,994.7,51.8
2026-07-12 06:00:00,7,1,2026-07-18 06:00:00,6 days 00:00:00,144,31.25,62.25,995.5,50.7
2026-07-12 06:00:00,7,1,2026-07-18 12:00:00,6 days 06:00:00,150,31.25,62.25,995.6,50.5
2026-07-12 06:00:00,7,1,2026-07-18 18:00:00,6 days 12:00:00,156,31.25,62.25,995.7,50.4
2026-07-12 06:00:00,7,1,2026-07-19 00:00:00,6 days 18:00:00,162,31.25,62.25,995.8,50.3
2026-07-12 06:00:00,7,1,2026-07-19 06:00:00,7 days 00:00:00,168,31.25,62.25,995.8,50.2
2026-07-12 06:00:00,8,1,2026-07-19 06:00:00,7 days 00:00:00,168,21.0,165.5,1005.3,34.6
2026-07-12 06:00:00,8,1,2026-07-19 12:00:00,7 days 06:00:00,174,21.0,166.38,1004.6,35.9
2026-07-12 06:00:00,8,1,2026-07-19 18:00:00,7 days 12:00:00,180,21.0,167.25,1003.9,37.1
2026-07-12 06:00:00,8,1,2026-07-20 00:00:00,7 days 18:00:00,186,21.88,166.38,1003.0,38.6
2026-07-12 06:00:00,8,1,2026-07-20 06:00:00,8 days 00:00:00,192,22.75,165.5,1002.2,40.0
2026-07-12 06:00:00,8,1,2026-07-20 12:00:00,8 days 06:00:00,198,23.0,166.25,1001.5,41.2
2026-07-12 06:00:00,8,1,2026-07-20 18:00:00,8 days 12:00:00,204,23.25,167.0,1000.7,42.5
2026-07-12 06:00:00,8,1,2026-07-21 00:00:00,8 days 18:00:00,210,23.38,167.75,999.5,44.4
2026-07-12 06:00:00,8,1,2026-07-21 06:00:00,9 days 00:00:00,216,23.5,168.5,998.4,46.2
2026-07-12 06:00:00,8,1,2026-07-21 12:00:00,9 days 06:00:00,222,24.0,168.87,997.1,48.3
2026-07-12 06:00:00,8,1,2026-07-21 18:00:00,9 days 12:00:00,228,24.5,169.25,995.8,50.3
2026-07-12 06:00:00,8,1,2026-07-22 00:00:00,9 days 18:00:00,234,24.63,170.25,994.3,52.4
2026-07-12 06:00:00,8,1,2026-07-22 06:00:00,10 days 00:00:00,240,24.75,171.25,992.9,54.5
2026-07-12 06:00:00,8,1,2026-07-22 12:00:00,10 days 06:00:00,246,25.0,172.37,990.9,57.4
2026-07-12 06:00:00,8,1,2026-07-22 18:00:00,10 days 12:00:00,252,25.25,173.5,988.9,60.3
2026-07-12 06:00:00,8,1,2026-07-23 00:00:00,10 days 18:00:00,258,25.5,173.75,987.8,61.8
2026-07-12 06:00:00,8,1,2026-07-23 06:00:00,11 days 00:00:00,264,25.75,174.0,986.7,63.3
2026-07-12 06:00:00,8,1,2026-07-23 12:00:00,11 days 06:00:00,270,26.12,174.0,986.2,64.0
2026-07-12 06:00:00,8,1,2026-07-23 18:00:00,11 days 12:00:00,276,26.5,174.0,985.7,64.7
2026-07-12 06:00:00,8,1,2026-07-24 00:00:00,11 days 18:00:00,282,26.38,174.0,984.6,66.2
2026-07-12 06:00:00,8,1,2026-07-24 06:00:00,12 days 00:00:00,288,26.25,174.0,983.4,67.8
2026-07-12 06:00:00,8,1,2026-07-24 12:00:00,12 days 06:00:00,294,26.88,173.63,984.7,66.0
2026-07-12 06:00:00,8,1,2026-07-24 18:00:00,12 days 12:00:00,300,27.5,173.25,986.0,64.3
2026-07-12 06:00:00,8,1,2026-07-25 00:00:00,12 days 18:00:00,306,28.13,172.38,986.6,63.4
2026-07-12 06:00:00,8,1,2026-07-25 06:00:00,13 days 00:00:00,312,28.75,171.5,987.3,62.5
2026-07-12 06:00:00,8,1,2026-07-25 12:00:00,13 days 06:00:00,318,29.5,170.76,988.7,60.5
2026-07-12 06:00:00,8,1,2026-07-25 18:00:00,13 days 12:00:00,324,30.25,170.0,990.2,58.5
2026-07-12 06:00:00,8,1,2026-07-26 00:00:00,13 days 18:00:00,330,31.26,168.76,992.3,55.3
2026-07-12 06:00:00,8,1,2026-07-26 06:00:00,14 days 00:00:00,336,32.25,167.5,994.5,52.2
2026-07-12 06:00:00,8,1,2026-07-26 12:00:00,14 days 06:00:00,342,33.01,165.76,995.3,51.0
2026-07-12 06:00:00,8,1,2026-07-26 18:00:00,14 days 12:00:00,348,33.75,164.0,996.1,49.8
2026-07-12 06:00:00,8,1,2026-07-27 00:00:00,14 days 18:00:00,354,35.13,163.02,997.7,47.3
2026-07-12 06:00:00,8,1,2026-07-27 06:00:00,15 days 00:00:00,360,36.5,162.0,999.2,44.9
2026-07-12 06:00:00,0,10,2026-07-12 06:00:00,0 days 00:00:00,0,31.25,118.75,986.3,63.8
2026-07-12 06:00:00,0,10,2026-07-12 12:00:00,0 days 06:00:00,6,32.25,118.5,988.2,61.2
2026-07-12 06:00:00,0,10,2026-07-12 18:00:00,0 days 12:00:00,12,33.25,118.25,990.1,58.6
2026-07-12 06:00:00,0,10,2026-07-13 00:00:00,0 days 18:00:00,18,33.75,117.88,990.7,57.8
2026-07-12 06:00:00,0,10,2026-07-13 06:00:00,1 days 00:00:00,24,34.25,117.5,991.3,56.9
2026-07-12 06:00:00,0,10,2026-07-13 12:00:00,1 days 06:00:00,30,35.0,118.24,991.9,56.0
2026-07-12 06:00:00,0,10,2026-07-13 18:00:00,1 days 12:00:00,36,35.75,119.0,992.5,55.2
2026-07-12 06:00:00,0,10,2026-07-14 00:00:00,1 days 18:00:00,42,36.64,120.61,992.1,55.7
2026-07-12 06:00:00,0,10,2026-07-14 06:00:00,2 days 00:00:00,48,37.5,122.25,991.8,56.2
2026-07-12 06:00:00,0,10,2026-07-14 12:00:00,2 days 06:00:00,54,38.29,125.34,990.6,57.9
2026-07-12 06:00:00,0,10,2026-07-14 18:00:00,2 days 12:00:00,60,39.0,128.5,989.4,59.5
2026-07-12 06:00:00,0,10,2026-07-15 00:00:00,2 days 18:00:00,66,40.79,131.54,987.3,62.5
2026-07-12 06:00:00,0,10,2026-07-15 06:00:00,3 days 00:00:00,72,42.5,134.75,985.1,65.6
2026-07-12 06:00:00,3,10,2026-07-12 06:00:00,0 days 00:00:00,0,-41.75,-140.0,971.7,82.5
2026-07-12 06:00:00,3,10,2026-07-12 12:00:00,0 days 06:00:00,6,-43.25,-139.88,970.4,84.1
2026-07-12 06:00:00,3,10,2026-07-12 18:00:00,0 days 12:00:00,12,-44.75,-139.75,969.0,85.8
2026-07-12 06:00:00,3,10,2026-07-13 00:00:00,0 days 18:00:00,18,-45.88,-140.24,971.1,83.3
2026-07-12 06:00:00,3,10,2026-07-13 06:00:00,1 days 00:00:00,24,-47.0,-140.75,973.1,80.9
2026-07-12 06:00:00,3,10,2026-07-13 12:00:00,1 days 06:00:00,30,-46.38,-141.51,975.3,78.2
2026-07-12 06:00:00,3,10,2026-07-13 18:00:00,1 days 12:00:00,36,-45.75,-142.25,977.4,75.5
2026-07-12 06:00:00,3,10,2026-07-14 00:00:00,1 days 18:00:00,42,-44.38,-143.15,979.0,73.5
2026-07-12 06:00:00,3,10,2026-07-14 06:00:00,2 days 00:00:00,48,-43.0,-144.0,980.6,71.5
2026-07-12 06:00:00,4,10,2026-07-12 06:00:00,0 days 00:00:00,0,-41.0,-92.75,973.3,80.6
2026-07-12 06:00:00,4,10,2026-07-12 12:00:00,0 days 06:00:00,6,-41.77,-90.53,974.1,79.6
2026-07-12 06:00:00,4,10,2026-07-12 18:00:00,0 days 12:00:00,12,-42.5,-88.25,975.0,78.5
2026-07-12 06:00:00,4,10,2026-07-13 00:00:00,0 days 18:00:00,18,-43.03,-85.77,977.1,75.9
2026-07-12 06:00:00,4,10,2026-07-13 06:00:00,1 days 00:00:00,24,-43.5,-83.25,979.1,73.3
2026-07-12 06:00:00,4,10,2026-07-13 12:00:00,1 days 06:00:00,30,-44.27,-81.03,982.1,69.5
2026-07-12 06:00:00,4,10,2026-07-13 18:00:00,1 days 12:00:00,36,-45.0,-78.75,985.0,65.6
2026-07-12 06:00:00,4,10,2026-07-14 00:00:00,1 days 18:00:00,42,-46.38,-78.14,986.7,63.3
2026-07-12 06:00:00,4,10,2026-07-14 06:00:00,2 days 00:00:00,48,-47.75,-77.5,988.4,61.0
2026-07-12 06:00:00,4,10,2026-07-14 12:00:00,2 days 06:00:00,54,-47.63,-77.88,990.6,57.8
2026-07-12 06:00:00,4,10,2026-07-14 18:00:00,2 days 12:00:00,60,-47.5,-78.25,992.9,54.6
2026-07-12 06:00:00,5,10,2026-07-15 18:00:00,3 days 12:00:00,84,14.75,-116.5,1005.2,34.7
2026-07-12 06:00:00,5,10,2026-07-16 00:00:00,3 days 18:00:00,90,14.88,-117.5,1004.3,36.3
2026-07-12 06:00:00,5,10,2026-07-16 06:00:00,4 days 00:00:00,96,15.0,-118.5,1003.4,37.9
2026-07-12 06:00:00,5,10,2026-07-16 12:00:00,4 days 06:00:00,102,15.0,-119.5,1002.1,40.1
2026-07-12 06:00:00,5,10,2026-07-16 18:00:00,4 days 12:00:00,108,15.0,-120.5,1000.8,42.4
2026-07-12 06:00:00,5,10,2026-07-17 00:00:00,4 days 18:00:00,114,14.88,-120.88,999.0,45.2
2026-07-12 06:00:00,5,10,2026-07-17 06:00:00,5 days 00:00:00,120,14.75,-121.25,997.3,47.9
2026-07-12 06:00:00,5,10,2026-07-17 12:00:00,5 days 06:00:00,126,15.25,-121.75,996.0,49.9
2026-07-12 06:00:00,5,10,2026-07-17 18:00:00,5 days 12:00:00,132,15.75,-122.25,994.7,51.8
2026-07-12 06:00:00,5,10,2026-07-18 00:00:00,5 days 18:00:00,138,16.25,-122.87,994.5,52.2
2026-07-12 06:00:00,5,10,2026-07-18 06:00:00,6 days 00:00:00,144,16.75,-123.5,994.3,52.5
2026-07-12 06:00:00,5,10,2026-07-18 12:00:00,6 days 06:00:00,150,17.25,-124.37,995.7,50.4
2026-07-12 06:00:00,5,10,2026-07-18 18:00:00,6 days 12:00:00,156,17.75,-125.25,997.1,48.2
2026-07-12 06:00:00,5,10,2026-07-19 00:00:00,6 days 18:00:00,162,18.63,-126.0,996.6,49.0
2026-07-12 06:00:00,5,10,2026-07-19 06:00:00,7 days 00:00:00,168,19.5,-126.75,996.1,49.8
2026-07-12 06:00:00,5,10,2026-07-19 12:00:00,7 days 06:00:00,174,19.88,-127.75,995.1,51.3
2026-07-12 06:00:00,5,10,2026-07-19 18:00:00,7 days 12:00:00,180,20.25,-128.75,994.1,52.9
2026-07-12 06:00:00,5,10,2026-07-20 00:00:00,7 days 18:00:00,186,20.38,-130.0,996.4,49.2
2026-07-12 06:00:00,5,10,2026-07-20 06:00:00,8 days 00:00:00,192,20.5,-131.25,998.8,45.6
2026-07-12 06:00:00,5,10,2026-07-20 12:00:00,8 days 06:00:00,198,20.63,-132.37,999.4,44.6
2026-07-12 06:00:00,5,10,2026-07-20 18:00:00,8 days 12:00:00,204,20.75,-133.5,1000.1,43.5
2026-07-12 06:00:00,5,10,2026-07-21 00:00:00,8 days 18:00:00,210,20.51,-135.13,1001.4,41.2
2026-07-12 06:00:00,5,10,2026-07-21 06:00:00,9 days 00:00:00,216,20.25,-136.75,1002.8,38.9
2026-07-12 06:00:00,5,10,2026-07-21 12:00:00,9 days 06:00:00,222,20.13,-138.25,1003.8,37.2
2026-07-12 06:00:00,5,10,2026-07-21 18:00:00,9 days 12:00:00,228,20.0,-139.75,1004.8,35.5
2026-07-12 06:00:00,5,10,2026-07-22 00:00:00,9 days 18:00:00,234,19.75,-141.0,1006.1,33.1
2026-07-12 06:00:00,5,10,2026-07-22 06:00:00,10 days 00:00:00,240,19.5,-142.25,1007.4,30.7
2026-07-12 06:00:00,6,10,2026-07-17 18:00:00,5 days 12:00:00,132,9.25,-105.25,1009.0,27.5
2026-07-12 06:00:00,6,10,2026-07-18 00:00:00,5 days 18:00:00,138,9.5,-105.5,1008.9,27.7
2026-07-12 06:00:00,6,10,2026-07-18 06:00:00,6 days 00:00:00,144,9.75,-105.75,1008.8,28.0
2026-07-12 06:00:00,6,10,2026-07-18 12:00:00,6 days 06:00:00,150,11.5,-106.62,1008.6,28.4
2026-07-12 06:00:00,6,10,2026-07-18 18:00:00,6 days 12:00:00,156,13.25,-107.5,1008.4,28.8
2026-07-12 06:00:00,6,10,2026-07-19 00:00:00,6 days 18:00:00,162,14.13,-108.99,1006.6,32.1
2026-07-12 06:00:00,6,10,2026-07-19 06:00:00,7 days 00:00:00,168,15.0,-110.5,1004.8,35.5
2026-07-12 06:00:00,6,10,2026-07-19 12:00:00,7 days 06:00:00,174,14.63,-111.25,1003.1,38.4
2026-07-12 06:00:00,6,10,2026-07-19 18:00:00,7 days 12:00:00,180,14.25,-112.0,1001.5,41.2
2026-07-12 06:00:00,6,10,2026-07-20 00:00:00,7 days 18:00:00,186,15.13,-112.5,999.9,43.7
2026-07-12 06:00:00,6,10,2026-07-20 06:00:00,8 days 00:00:00,192,16.0,-113.0,998.4,46.2
2026-07-12 06:00:00,6,10,2026-07-20 12:00:00,8 days 06:00:00,198,16.5,-114.12,996.8,48.7
2026-07-12 06:00:00,6,10,2026-07-20 18:00:00,8 days 12:00:00,204,17.0,-115.25,995.1,51.2
2026-07-12 06:00:00,6,10,2026-07-21 00:00:00,8 days 18:00:00,210,17.38,-116.25,993.7,53.3
2026-07-12 06:00:00,6,10,2026-07-21 06:00:00,9 days 00:00:00,216,17.75,-117.25,992.3,55.4
2026-07-12 06:00:00,6,10,2026-07-21 12:00:00,9 days 06:00:00,222,18.13,-118.37,992.3,55.4
2026-07-12 06:00:00,6,10,2026-07-21 18:00:00,9 days 12:00:00,228,18.5,-119.5,992.3,55.4
2026-07-12 06:00:00,6,10,2026-07-22 00:00:00,9 days 18:00:00,234,18.88,-121.0,993.1,54.3
2026-07-12 06:00:00,6,10,2026-07-22 06:00:00,10 days 00:00:00,240,19.25,-122.5,993.9,53.2
2026-07-12 06:00:00,6,10,2026-07-22 12:00:00,10 days 06:00:00,246,19.38,-123.25,995.1,51.3
2026-07-12 06:00:00,6,10,2026-07-22 18:00:00,10 days 12:00:00,252,19.5,-124.0,996.3,49.5
2026-07-12 06:00:00,6,10,2026-07-23 00:00:00,10 days 18:00:00,258,19.63,-125.12,996.2,49.6
2026-07-12 06:00:00,6,10,2026-07-23 06:00:00,11 days 00:00:00,264,19.75,-126.25,996.2,49.6
2026-07-12 06:00:00,6,10,2026-07-23 12:00:00,11 days 06:00:00,270,20.0,-127.5,997.0,48.3
2026-07-12 06:00:00,6,10,2026-07-23 18:00:00,11 days 12:00:00,276,20.25,-128.75,997.8,47.1
2026-07-12 06:00:00,6,10,2026-07-24 00:00:00,11 days 18:00:00,282,20.5,-130.0,998.7,45.7
2026-07-12 06:00:00,6,10,2026-07-24 06:00:00,12 days 00:00:00,288,20.75,-131.25,999.6,44.3
2026-07-12 06:00:00,6,10,2026-07-24 12:00:00,12 days 06:00:00,294,21.63,-132.37,1000.2,43.3
2026-07-12 06:00:00,6,10,2026-07-24 18:00:00,12 days 12:00:00,300,22.5,-133.5,1000.8,42.2
2026-07-12 06:00:00,6,10,2026-07-25 00:00:00,12 days 18:00:00,306,23.0,-134.75,1002.3,39.7
2026-07-12 06:00:00,6,10,2026-07-25 06:00:00,13 days 00:00:00,312,23.5,-136.0,1003.8,37.3
2026-07-12 06:00:00,6,10,2026-07-25 12:00:00,13 days 06:00:00,318,24.26,-137.24,1006.0,33.2
2026-07-12 06:00:00,6,10,2026-07-25 18:00:00,13 days 12:00:00,324,25.0,-138.5,1008.1,29.2
2026-07-12 06:00:00,7,10,2026-07-21 18:00:00,9 days 12:00:00,228,24.0,171.0,1008.2,29.2
2026-07-12 06:00:00,7,10,2026-07-22 00:00:00,9 days 18:00:00,234,24.0,171.38,1007.2,31.0
2026-07-12 06:00:00,7,10,2026-07-22 06:00:00,10 days 00:00:00,240,24.0,171.75,1006.3,32.8
2026-07-12 06:00:00,7,10,2026-07-22 12:00:00,10 days 06:00:00,246,24.0,171.88,1004.7,35.6
2026-07-12 06:00:00,7,10,2026-07-22 18:00:00,10 days 12:00:00,252,24.0,172.0,1003.1,38.4
2026-07-12 06:00:00,7,10,2026-07-23 00:00:00,10 days 18:00:00,258,23.88,172.13,1002.3,39.8
2026-07-12 06:00:00,7,10,2026-07-23 06:00:00,11 days 00:00:00,264,23.75,172.25,1001.4,41.2
2026-07-12 06:00:00,7,10,2026-07-23 12:00:00,11 days 06:00:00,270,23.75,172.5,999.3,44.8
2026-07-12 06:00:00,7,10,2026-07-23 18:00:00,11 days 12:00:00,276,23.75,172.75,997.1,48.3
2026-07-12 06:00:00,7,10,2026-07-24 00:00:00,11 days 18:00:00,282,24.0,173.0,996.2,49.6
2026-07-12 06:00:00,7,10,2026-07-24 06:00:00,12 days 00:00:00,288,24.25,173.25,995.4,50.9
2026-07-12 06:00:00,7,10,2026-07-24 12:00:00,12 days 06:00:00,294,24.38,173.0,991.9,56.0
2026-07-12 06:00:00,7,10,2026-07-24 18:00:00,12 days 12:00:00,300,24.5,172.75,988.3,61.1
2026-07-12 06:00:00,7,10,2026-07-25 00:00:00,12 days 18:00:00,306,24.63,172.13,986.2,64.0
2026-07-12 06:00:00,7,10,2026-07-25 06:00:00,13 days 00:00:00,312,24.75,171.5,984.0,67.0
2026-07-12 06:00:00,7,10,2026-07-25 12:00:00,13 days 06:00:00,318,25.13,170.88,984.5,66.3
2026-07-12 06:00:00,7,10,2026-07-25 18:00:00,13 days 12:00:00,324,25.5,170.25,985.0,65.6
2026-07-12 06:00:00,7,10,2026-07-26 00:00:00,13 days 18:00:00,330,26.25,170.13,982.6,68.8
2026-07-12 06:00:00,7,10,2026-07-26 06:00:00,14 days 00:00:00,336,27.0,170.0,980.2,72.0
2026-07-12 06:00:00,7,10,2026-07-26 12:00:00,14 days 06:00:00,342,27.63,169.25,980.3,71.9
2026-07-12 06:00:00,7,10,2026-07-26 18:00:00,14 days 12:00:00,348,28.25,168.5,980.3,71.8
2026-07-12 06:00:00,7,10,2026-07-27 00:00:00,14 days 18:00:00,354,29.13,167.51,979.0,73.4
2026-07-12 06:00:00,7,10,2026-07-27 06:00:00,15 days 00:00:00,360,30.0,166.5,977.7,75.1
2026-07-12 06:00:00,8,10,2026-07-23 18:00:00,11 days 12:00:00,276,19.0,133.75,1003.0,38.6
2026-07-12 06:00:00,8,10,2026-07-24 00:00:00,11 days 18:00:00,282,20.13,134.0,1003.1,38.5
2026-07-12 06:00:00,8,10,2026-07-24 06:00:00,12 days 00:00:00,288,21.25,134.25,1003.1,38.4
2026-07-12 06:00:00,8,10,2026-07-24 12:00:00,12 days 06:00:00,294,21.88,132.63,1001.5,41.1
2026-07-12 06:00:00,8,10,2026-07-24 18:00:00,12 days 12:00:00,300,22.5,131.0,999.9,43.8
2026-07-12 06:00:00,8,10,2026-07-25 00:00:00,12 days 18:00:00,306,23.5,130.38,999.7,44.2
2026-07-12 06:00:00,8,10,2026-07-25 06:00:00,13 days 00:00:00,312,24.5,129.75,999.5,44.5
2026-07-12 06:00:00,8,10,2026-07-25 12:00:00,13 days 06:00:00,318,25.13,129.13,995.3,50.7
2026-07-12 06:00:00,8,10,2026-07-25 18:00:00,13 days 12:00:00,324,25.75,128.5,991.2,57.0
2026-07-12 06:00:00,8,10,2026-07-26 00:00:00,13 days 18:00:00,330,26.38,128.13,990.1,58.6
2026-07-12 06:00:00,8,10,2026-07-26 06:00:00,14 days 00:00:00,336,27.0,127.75,989.0,60.2
2026-07-12 06:00:00,8,10,2026-07-26 12:00:00,14 days 06:00:00,342,27.63,127.5,988.3,61.1
2026-07-12 06:00:00,8,10,2026-07-26 18:00:00,14 days 12:00:00,348,28.25,127.25,987.6,62.0
2026-07-12 06:00:00,8,10,2026-07-27 00:00:00,14 days 18:00:00,354,29.0,127.37,990.0,58.7
2026-07-12 06:00:00,8,10,2026-07-27 06:00:00,15 days 00:00:00,360,29.75,127.5,992.4,55.3
2026-07-12 06:00:00,9,10,2026-07-24 18:00:00,12 days 12:00:00,300,8.25,-114.25,1006.4,32.6
2026-07-12 06:00:00,9,10,2026-07-25 00:00:00,12 days 18:00:00,306,8.75,-115.5,1005.4,34.4
2026-07-12 06:00:00,9,10,2026-07-25 06:00:00,13 days 00:00:00,312,9.25,-116.75,1004.4,36.2
2026-07-12 06:00:00,9,10,2026-07-25 12:00:00,13 days 06:00:00,318,9.88,-118.12,1003.4,38.0
2026-07-12 06:00:00,9,10,2026-07-25 18:00:00,13 days 12:00:00,324,10.5,-119.5,1002.3,39.8
2026-07-12 06:00:00,9,10,2026-07-26 00:00:00,13 days 18:00:00,330,10.88,-120.87,1002.7,39.2
2026-07-12 06:00:00,9,10,2026-07-26 06:00:00,14 days 00:00:00,336,11.25,-122.25,1003.0,38.6
2026-07-12 06:00:00,9,10,2026-07-26 12:00:00,14 days 06:00:00,342,12.13,-123.87,1002.0,40.3
2026-07-12 06:00:00,9,10,2026-07-26 18:00:00,14 days 12:00:00,348,13.0,-125.5,1000.9,42.1
2026-07-12 06:00:00,9,10,2026-07-27 00:00:00,14 days 18:00:00,354,13.88,-126.62,1001.0,42.0
2026-07-12 06:00:00,9,10,2026-07-27 06:00:00,15 days 00:00:00,360,14.75,-127.75,1001.0,42.0
2026-07-12 06:00:00,0,11,2026-07-12 06:00:00,0 days 00:00:00,0,31.25,118.75,986.3,63.8
2026-07-12 06:00:00,0,11,2026-07-12 12:00:00,0 days 06:00:00,6,32.0,118.38,986.9,63.1
2026-07-12 06:00:00,0,11,2026-07-12 18:00:00,0 days 12:00:00,12,32.75,118.0,987.4,62.3
2026-07-12 06:00:00,0,11,2026-07-13 00:00:00,0 days 18:00:00,18,33.38,117.88,989.4,59.6
2026-07-12 06:00:00,0,11,2026-07-13 06:00:00,1 days 00:00:00,24,34.0,117.75,991.4,56.8
2026-07-12 06:00:00,0,11,2026-07-13 12:00:00,1 days 06:00:00,30,34.25,118.5,991.8,56.2
2026-07-12 06:00:00,0,11,2026-07-13 18:00:00,1 days 12:00:00,36,34.5,119.25,992.2,55.5
2026-07-12 06:00:00,0,11,2026-07-14 00:00:00,1 days 18:00:00,42,35.51,120.36,991.8,56.2
2026-07-12 06:00:00,0,11,2026-07-14 06:00:00,2 days 00:00:00,48,36.5,121.5,991.4,56.8
2026-07-12 06:00:00,0,11,2026-07-14 12:00:00,2 days 06:00:00,54,37.88,122.85,991.1,57.2
2026-07-12 06:00:00,0,11,2026-07-14 18:00:00,2 days 12:00:00,60,39.25,124.25,990.8,57.6
2026-07-12 06:00:00,0,11,2026-07-15 00:00:00,2 days 18:00:00,66,40.45,128.31,988.4,61.0
2026-07-12 06:00:00,0,11,2026-07-15 06:00:00,3 days 00:00:00,72,41.5,132.5,985.9,64.4
2026-07-12 06:00:00,3,11,2026-07-12 06:00:00,0 days 00:00:00,0,-41.75,-140.0,971.7,82.5
2026-07-12 06:00:00,3,11,2026-07-12 12:00:00,0 days 06:00:00,6,-43.38,-139.64,970.7,83.7
2026-07-12 06:00:00,3,11,2026-07-12 18:00:00,0 days 12:00:00,12,-45.0,-139.25,969.7,84.9
2026-07-12 06:00:00,3,11,2026-07-13 00:00:00,0 days 18:00:00,18,-46.0,-139.99,971.4,82.9
2026-07-12 06:00:00,3,11,2026-07-13 06:00:00,1 days 00:00:00,24,-47.0,-140.75,973.1,80.9
2026-07-12 06:00:00,3,11,2026-07-13 12:00:00,1 days 06:00:00,30,-46.38,-141.89,975.1,78.4
2026-07-12 06:00:00,3,11,2026-07-13 18:00:00,1 days 12:00:00,36,-45.75,-143.0,977.1,76.0
2026-07-12 06:00:00,3,11,2026-07-14 00:00:00,1 days 18:00:00,42,-43.88,-144.16,979.2,73.2
2026-07-12 06:00:00,3,11,2026-07-14 06:00:00,2 days 00:00:00,48,-42.0,-145.25,981.4,70.4
2026-07-12 06:00:00,3,11,2026-07-14 12:00:00,2 days 06:00:00,54,-41.5,-144.62,982.1,69.4
2026-07-12 06:00:00,3,11,2026-07-14 18:00:00,2 days 12:00:00,60,-41.0,-144.0,982.8,68.5
2026-07-12 06:00:00,3,11,2026-07-15 00:00:00,2 days 18:00:00,66,-41.0,-143.75,982.7,68.7
2026-07-12 06:00:00,3,11,2026-07-15 06:00:00,3 days 00:00:00,72,-41.0,-143.5,982.5,68.9
2026-07-12 06:00:00,3,11,2026-07-15 12:00:00,3 days 06:00:00,78,-41.13,-144.12,982.7,68.7
2026-07-12 06:00:00,3,11,2026-07-15 18:00:00,3 days 12:00:00,84,-41.25,-144.75,982.8,68.5
2026-07-12 06:00:00,3,11,2026-07-16 00:00:00,3 days 18:00:00,90,-41.13,-144.88,982.8,68.6
2026-07-12 06:00:00,3,11,2026-07-16 06:00:00,4 days 00:00:00,96,-41.0,-145.0,982.7,68.7
2026-07-12 06:00:00,3,11,2026-07-16 12:00:00,4 days 06:00:00,102,-40.75,-144.5,983.7,67.3
2026-07-12 06:00:00,3,11,2026-07-16 18:00:00,4 days 12:00:00,108,-40.5,-144.0,984.8,65.9
2026-07-12 06:00:00,4,11,2026-07-12 06:00:00,0 days 00:00:00,0,-41.0,-92.75,973.3,80.6
2026-07-12 06:00:00,4,11,2026-07-12 12:00:00,0 days 06:00:00,6,-41.9,-90.41,974.3,79.3
2026-07-12 06:00:00,4,11,2026-07-12 18:00:00,0 days 12:00:00,12,-42.75,-88.0,975.4,78.0
2026-07-12 06:00:00,4,11,2026-07-13 00:00:00,0 days 18:00:00,18,-43.41,-85.15,977.3,75.6
2026-07-12 06:00:00,4,11,2026-07-13 06:00:00,1 days 00:00:00,24,-44.0,-82.25,979.3,73.1
2026-07-12 06:00:00,4,11,2026-07-13 12:00:00,1 days 06:00:00,30,-45.14,-80.29,982.0,69.6
2026-07-12 06:00:00,4,11,2026-07-13 18:00:00,1 days 12:00:00,36,-46.25,-78.25,984.7,66.1
2026-07-12 06:00:00,4,11,2026-07-14 00:00:00,1 days 18:00:00,42,-47.0,-78.25,986.7,63.3
2026-07-12 06:00:00,4,11,2026-07-14 06:00:00,2 days 00:00:00,48,-47.75,-78.25,988.7,60.6
2026-07-12 06:00:00,5,11,2026-07-14 18:00:00,2 days 12:00:00,60,13.75,-109.5,1005.3,34.6
2026-07-12 06:00:00,5,11,2026-07-15 00:00:00,2 days 18:00:00,66,14.25,-110.62,1004.4,36.1
2026-07-12 06:00:00,5,11,2026-07-15 06:00:00,3 days 00:00:00,72,14.75,-111.75,1003.6,37.6
2026-07-12 06:00:00,5,11,2026-07-15 12:00:00,3 days 06:00:00,78,14.5,-113.25,1001.7,40.7
2026-07-12 06:00:00,5,11,2026-07-15 18:00:00,3 days 12:00:00,84,14.25,-114.75,999.9,43.8
2026-07-12 06:00:00,5,11,2026-07-16 00:00:00,3 days 18:00:00,90,14.88,-115.62,998.1,46.7
2026-07-12 06:00:00,5,11,2026-07-16 06:00:00,4 days 00:00:00,96,15.5,-116.5,996.3,49.5
2026-07-12 06:00:00,5,11,2026-07-16 12:00:00,4 days 06:00:00,102,15.88,-117.0,992.8,54.6
2026-07-12 06:00:00,5,11,2026-07-16 18:00:00,4 days 12:00:00,108,16.25,-117.5,989.4,59.7
2026-07-12 06:00:00,5,11,2026-07-17 00:00:00,4 days 18:00:00,114,16.88,-118.12,985.5,64.8
2026-07-12 06:00:00,5,11,2026-07-17 06:00:00,5 days 00:00:00,120,17.5,-118.75,981.7,70.0
2026-07-12 06:00:00,5,11,2026-07-17 12:00:00,5 days 06:00:00,126,18.25,-119.25,982.7,68.7
2026-07-12 06:00:00,5,11,2026-07-17 18:00:00,5 days 12:00:00,132,19.0,-119.75,983.6,67.5
2026-07-12 06:00:00,5,11,2026-07-18 00:00:00,5 days 18:00:00,138,19.88,-120.62,984.0,67.0
2026-07-12 06:00:00,5,11,2026-07-18 06:00:00,6 days 00:00:00,144,20.75,-121.5,984.3,66.6
2026-07-12 06:00:00,5,11,2026-07-18 12:00:00,6 days 06:00:00,150,21.5,-122.12,985.8,64.5
2026-07-12 06:00:00,5,11,2026-07-18 18:00:00,6 days 12:00:00,156,22.25,-122.75,987.3,62.5
2026-07-12 06:00:00,5,11,2026-07-19 00:00:00,6 days 18:00:00,162,23.13,-123.5,990.7,57.7
2026-07-12 06:00:00,5,11,2026-07-19 06:00:00,7 days 00:00:00,168,24.0,-124.25,994.1,52.8
2026-07-12 06:00:00,5,11,2026-07-19 12:00:00,7 days 06:00:00,174,25.13,-124.99,996.7,48.8
2026-07-12 06:00:00,5,11,2026-07-19 18:00:00,7 days 12:00:00,180,26.25,-125.75,999.3,44.8
2026-07-12 06:00:00,5,11,2026-07-20 00:00:00,7 days 18:00:00,186,27.25,-126.05,1001.3,41.4
2026-07-12 06:00:00,5,11,2026-07-20 06:00:00,8 days 00:00:00,192,28.25,-126.36,1003.2,38.0
2026-07-12 06:00:00,5,11,2026-07-20 12:00:00,8 days 06:00:00,198,29.25,-126.68,1005.2,34.6
2026-07-12 06:00:00,5,11,2026-07-20 18:00:00,8 days 12:00:00,204,30.25,-127.0,1007.1,31.2
2026-07-12 06:00:00,5,11,2026-07-21 00:00:00,8 days 18:00:00,210,31.0,-126.63,1009.4,26.6
2026-07-12 06:00:00,5,11,2026-07-21 06:00:00,9 days 00:00:00,216,31.75,-126.25,1011.6,22.0
2026-07-12 06:00:00,6,11,2026-07-17 18:00:00,5 days 12:00:00,132,7.75,-105.25,1007.5,30.4
2026-07-12 06:00:00,6,11,2026-07-18 00:00:00,5 days 18:00:00,138,8.38,-105.5,1008.3,29.0
2026-07-12 06:00:00,6,11,2026-07-18 06:00:00,6 days 00:00:00,144,9.0,-105.75,1009.0,27.6
2026-07-12 06:00:00,6,11,2026-07-18 12:00:00,6 days 06:00:00,150,9.38,-107.12,1008.5,28.5
2026-07-12 06:00:00,6,11,2026-07-18 18:00:00,6 days 12:00:00,156,9.75,-108.5,1008.0,29.4
2026-07-12 06:00:00,6,11,2026-07-19 00:00:00,6 days 18:00:00,162,10.75,-109.62,1007.9,29.6
2026-07-12 06:00:00,6,11,2026-07-19 06:00:00,7 days 00:00:00,168,11.75,-110.75,1007.9,29.8
2026-07-12 06:00:00,6,11,2026-07-19 12:00:00,7 days 06:00:00,174,12.38,-112.12,1007.4,30.6
2026-07-12 06:00:00,6,11,2026-07-19 18:00:00,7 days 12:00:00,180,13.0,-113.5,1007.0,31.4
2026-07-12 06:00:00,6,11,2026-07-20 00:00:00,7 days 18:00:00,186,13.38,-114.62,1006.2,32.9
2026-07-12 06:00:00,6,11,2026-07-20 06:00:00,8 days 00:00:00,192,13.75,-115.75,1005.5,34.3
2026-07-12 06:00:00,6,11,2026-07-20 12:00:00,8 days 06:00:00,198,14.25,-116.62,1004.9,35.3
2026-07-12 06:00:00,6,11,2026-07-20 18:00:00,8 days 12:00:00,204,14.75,-117.5,1004.4,36.2
2026-07-12 06:00:00,6,11,2026-07-21 00:00:00,8 days 18:00:00,210,14.88,-119.12,1002.9,38.7
2026-07-12 06:00:00,6,11,2026-07-21 06:00:00,9 days 00:00:00,216,15.0,-120.75,1001.5,41.2
2026-07-12 06:00:00,6,11,2026-07-21 12:00:00,9 days 06:00:00,222,15.13,-121.75,997.6,47.2
2026-07-12 06:00:00,6,11,2026-07-21 18:00:00,9 days 12:00:00,228,15.25,-122.75,993.8,53.3
2026-07-12 06:00:00,6,11,2026-07-22 00:00:00,9 days 18:00:00,234,15.38,-123.87,991.8,56.1
2026-07-12 06:00:00,6,11,2026-07-22 06:00:00,10 days 00:00:00,240,15.5,-125.0,989.8,59.0
2026-07-12 06:00:00,6,11,2026-07-22 12:00:00,10 days 06:00:00,246,15.5,-126.13,990.6,57.9
2026-07-12 06:00:00,6,11,2026-07-22 18:00:00,10 days 12:00:00,252,15.5,-127.25,991.4,56.7
2026-07-12 06:00:00,6,11,2026-07-23 00:00:00,10 days 18:00:00,258,15.75,-128.0,991.1,57.2
2026-07-12 06:00:00,6,11,2026-07-23 06:00:00,11 days 00:00:00,264,16.0,-128.75,990.8,57.6
2026-07-12 06:00:00,6,11,2026-07-23 12:00:00,11 days 06:00:00,270,16.38,-129.87,989.3,59.7
2026-07-12 06:00:00,6,11,2026-07-23 18:00:00,11 days 12:00:00,276,16.75,-131.0,987.8,61.9
2026-07-12 06:00:00,6,11,2026-07-24 00:00:00,11 days 18:00:00,282,17.25,-131.87,989.0,60.1
2026-07-12 06:00:00,6,11,2026-07-24 06:00:00,12 days 00:00:00,288,17.75,-132.75,990.3,58.3
2026-07-12 06:00:00,6,11,2026-07-24 12:00:00,12 days 06:00:00,294,18.25,-133.75,992.6,55.0
2026-07-12 06:00:00,6,11,2026-07-24 18:00:00,12 days 12:00:00,300,18.75,-134.75,994.9,51.6
2026-07-12 06:00:00,6,11,2026-07-25 00:00:00,12 days 18:00:00,306,19.25,-135.87,994.8,51.7
2026-07-12 06:00:00,6,11,2026-07-25 06:00:00,13 days 00:00:00,312,19.75,-137.0,994.8,51.7
2026-07-12 06:00:00,6,11,2026-07-25 12:00:00,13 days 06:00:00,318,20.25,-138.12,996.2,49.6
2026-07-12 06:00:00,6,11,2026-07-25 18:00:00,13 days 12:00:00,324,20.75,-139.25,997.6,47.5
2026-07-12 06:00:00,6,11,2026-07-26 00:00:00,13 days 18:00:00,330,21.25,-140.5,1000.8,42.1
2026-07-12 06:00:00,6,11,2026-07-26 06:00:00,14 days 00:00:00,336,21.75,-141.75,1004.1,36.8
2026-07-12 06:00:00,6,11,2026-07-26 12:00:00,14 days 06:00:00,342,22.13,-143.12,1004.8,35.4
2026-07-12 06:00:00,6,11,2026-07-26 18:00:00,14 days 12:00:00,348,22.5,-144.5,1005.6,34.1
2026-07-12 06:00:00,6,11,2026-07-27 00:00:00,14 days 18:00:00,354,23.01,-145.99,1007.0,31.4
2026-07-12 06:00:00,6,11,2026-07-27 06:00:00,15 days 00:00:00,360,23.5,-147.5,1008.4,28.8
2026-07-12 06:00:00,7,11,2026-07-17 18:00:00,5 days 12:00:00,132,37.5,67.0,994.7,51.9
2026-07-12 06:00:00,7,11,2026-07-18 00:00:00,5 days 18:00:00,138,34.52,64.54,995.2,51.1
2026-07-12 06:00:00,7,11,2026-07-18 06:00:00,6 days 00:00:00,144,31.5,62.25,995.8,50.3
2026-07-12 06:00:00,7,11,2026-07-18 12:00:00,6 days 06:00:00,150,31.5,62.38,994.5,52.2
2026-07-12 06:00:00,7,11,2026-07-18 18:00:00,6 days 12:00:00,156,31.5,62.5,993.2,54.1
2026-07-12 06:00:00,7,11,2026-07-19 00:00:00,6 days 18:00:00,162,31.5,62.25,994.0,52.9
2026-07-12 06:00:00,7,11,2026-07-19 06:00:00,7 days 00:00:00,168,31.5,62.0,994.8,51.7
2026-07-12 06:00:00,7,11,2026-07-19 12:00:00,7 days 06:00:00,174,31.13,63.0,994.0,53.0
2026-07-12 06:00:00,7,11,2026-07-19 18:00:00,7 days 12:00:00,180,30.75,64.0,993.1,54.2
2026-07-12 06:00:00,7,11,2026-07-20 00:00:00,7 days 18:00:00,186,31.13,63.13,993.5,53.7
2026-07-12 06:00:00,7,11,2026-07-20 06:00:00,8 days 00:00:00,192,31.5,62.25,993.9,53.2
2026-07-12 06:00:00,7,11,2026-07-20 12:00:00,8 days 06:00:00,198,31.63,62.5,991.9,55.9
2026-07-12 06:00:00,7,11,2026-07-20 18:00:00,8 days 12:00:00,204,31.75,62.75,990.0,58.7
2026-07-12 06:00:00,7,11,2026-07-21 00:00:00,8 days 18:00:00,210,31.88,62.87,991.3,56.9
2026-07-12 06:00:00,7,11,2026-07-21 06:00:00,9 days 00:00:00,216,32.0,63.0,992.5,55.1
2026-07-12 06:00:00,7,11,2026-07-21 12:00:00,9 days 06:00:00,222,31.88,62.81,992.6,55.0
2026-07-12 06:00:00,7,11,2026-07-21 18:00:00,9 days 12:00:00,228,31.75,62.62,992.7,54.9
2026-07-12 06:00:00,7,11,2026-07-22 00:00:00,9 days 18:00:00,234,31.63,62.44,992.8,54.7
2026-07-12 06:00:00,7,11,2026-07-22 06:00:00,10 days 00:00:00,240,31.5,62.25,992.9,54.6
2026-07-12 06:00:00,7,11,2026-07-22 12:00:00,10 days 06:00:00,246,31.51,63.06,992.8,54.7
2026-07-12 06:00:00,7,11,2026-07-22 18:00:00,10 days 12:00:00,252,31.51,63.87,992.7,54.9
2026-07-12 06:00:00,7,11,2026-07-23 00:00:00,10 days 18:00:00,258,31.51,64.69,992.6,55.0
2026-07-12 06:00:00,7,11,2026-07-23 06:00:00,11 days 00:00:00,264,31.5,65.5,992.5,55.2
2026-07-12 06:00:00,8,11,2026-07-20 18:00:00,8 days 12:00:00,204,27.25,150.75,998.6,45.9
2026-07-12 06:00:00,8,11,2026-07-21 00:00:00,8 days 18:00:00,210,27.63,151.12,997.4,47.7
2026-07-12 06:00:00,8,11,2026-07-21 06:00:00,9 days 00:00:00,216,28.0,151.5,996.3,49.5
2026-07-12 06:00:00,8,11,2026-07-21 12:00:00,9 days 06:00:00,222,29.13,151.99,995.1,51.3
2026-07-12 06:00:00,8,11,2026-07-21 18:00:00,9 days 12:00:00,228,30.25,152.5,993.9,53.0
2026-07-12 06:00:00,8,11,2026-07-22 00:00:00,9 days 18:00:00,234,31.38,151.88,992.5,55.2
2026-07-12 06:00:00,8,11,2026-07-22 06:00:00,10 days 00:00:00,240,32.5,151.25,991.0,57.3
2026-07-12 06:00:00,8,11,2026-07-22 12:00:00,10 days 06:00:00,246,33.5,150.26,990.3,58.2
2026-07-12 06:00:00,8,11,2026-07-22 18:00:00,10 days 12:00:00,252,34.5,149.25,989.7,59.1
2026-07-12 06:00:00,8,11,2026-07-23 00:00:00,10 days 18:00:00,258,34.0,148.75,988.6,60.7
2026-07-12 06:00:00,8,11,2026-07-23 06:00:00,11 days 00:00:00,264,33.5,148.25,987.5,62.2
2026-07-12 06:00:00,8,11,2026-07-23 12:00:00,11 days 06:00:00,270,33.63,149.0,988.5,60.9
2026-07-12 06:00:00,8,11,2026-07-23 18:00:00,11 days 12:00:00,276,33.75,149.75,989.4,59.5
2026-07-12 06:00:00,8,11,2026-07-24 00:00:00,11 days 18:00:00,282,34.5,150.12,990.2,58.5
2026-07-12 06:00:00,8,11,2026-07-24 06:00:00,12 days 00:00:00,288,35.25,150.5,991.0,57.4
2026-07-12 06:00:00,8,11,2026-07-24 12:00:00,12 days 06:00:00,294,35.44,151.24,992.2,55.5
2026-07-12 06:00:00,8,11,2026-07-24 18:00:00,12 days 12:00:00,300,35.63,151.99,993.5,53.7
2026-07-12 06:00:00,8,11,2026-07-25 00:00:00,12 days 18:00:00,306,35.82,152.74,994.7,51.8
2026-07-12 06:00:00,8,11,2026-07-25 06:00:00,13 days 00:00:00,312,36.0,153.5,996.0,50.0
2026-07-12 06:00:00,8,11,2026-07-25 12:00:00,13 days 06:00:00,318,36.63,154.99,996.0,50.0
2026-07-12 06:00:00,8,11,2026-07-25 18:00:00,13 days 12:00:00,324,37.25,156.5,995.9,50.0
2026-07-12 06:00:00,8,11,2026-07-26 00:00:00,13 days 18:00:00,330,38.0,157.49,995.6,50.5
2026-07-12 06:00:00,8,11,2026-07-26 06:00:00,14 days 00:00:00,336,38.75,158.5,995.3,51.1
2026-07-12 06:00:00,8,11,2026-07-26 12:00:00,14 days 06:00:00,342,39.63,159.73,995.3,50.9
2026-07-12 06:00:00,8,11,2026-07-26 18:00:00,14 days 12:00:00,348,40.5,161.0,995.4,50.8
2026-07-12 06:00:00,9,11,2026-07-24 18:00:00,12 days 12:00:00,300,10.25,-118.0,1007.6,30.2
2026-07-12 06:00:00,9,11,2026-07-25 00:00:00,12 days 18:00:00,306,10.0,-119.75,1007.1,31.2
2026-07-12 06:00:00,9,11,2026-07-25 06:00:00,13 days 00:00:00,312,9.75,-121.5,1006.7,32.1
2026-07-12 06:00:00,9,11,2026-07-25 12:00:00,13 days 06:00:00,318,9.25,-123.25,1006.4,32.5
2026-07-12 06:00:00,9,11,2026-07-25 18:00:00,13 days 12:00:00,324,8.75,-125.0,1006.2,32.9
2026-07-12 06:00:00,9,11,2026-07-26 00:00:00,13 days 18:00:00,330,9.0,-126.62,1005.8,33.7
2026-07-12 06:00:00,9,11,2026-07-26 06:00:00,14 days 00:00:00,336,9.25,-128.25,1005.3,34.5
2026-07-12 06:00:00,9,11,2026-07-26 12:00:00,14 days 06:00:00,342,9.5,-129.62,1005.0,35.2
2026-07-12 06:00:00,9,11,2026-07-26 18:00:00,14 days 12:00:00,348,9.75,-131.0,1004.6,35.9
2026-07-12 06:00:00,9,11,2026-07-27 00:00:00,14 days 18:00:00,354,10.38,-132.62,1005.0,35.1
2026-07-12 06:00:00,9,11,2026-07-27 06:00:00,15 days 00:00:00,360,11.0,-134.25,1005.5,34.3
2026-07-12 06:00:00,0,12,2026-07-12 06:00:00,0 days 00:00:00,0,31.25,118.75,986.3,63.8
2026-07-12 06:00:00,0,12,2026-07-12 12:00:00,0 days 06:00:00,6,32.13,118.25,988.2,61.3
2026-07-12 06:00:00,0,12,2026-07-12 18:00:00,0 days 12:00:00,12,33.0,117.75,990.0,58.7
2026-07-12 06:00:00,0,12,2026-07-13 00:00:00,0 days 18:00:00,18,33.38,117.75,990.7,57.8
2026-07-12 06:00:00,0,12,2026-07-13 06:00:00,1 days 00:00:00,24,33.75,117.75,991.4,56.8
2026-07-12 06:00:00,0,12,2026-07-13 12:00:00,1 days 06:00:00,30,34.25,118.25,991.8,56.2
2026-07-12 06:00:00,0,12,2026-07-13 18:00:00,1 days 12:00:00,36,34.75,118.75,992.2,55.5
2026-07-12 06:00:00,0,12,2026-07-14 00:00:00,1 days 18:00:00,42,35.63,119.99,992.7,54.8
2026-07-12 06:00:00,0,12,2026-07-14 06:00:00,2 days 00:00:00,48,36.5,121.25,993.2,54.1
2026-07-12 06:00:00,0,12,2026-07-14 12:00:00,2 days 06:00:00,54,37.92,124.32,992.6,55.1
2026-07-12 06:00:00,0,12,2026-07-14 18:00:00,2 days 12:00:00,60,39.25,127.5,991.9,56.0
2026-07-12 06:00:00,0,12,2026-07-15 00:00:00,2 days 18:00:00,66,40.41,130.33,989.5,59.3
2026-07-12 06:00:00,0,12,2026-07-15 06:00:00,3 days 00:00:00,72,41.5,133.25,987.2,62.7
2026-07-12 06:00:00,3,12,2026-07-12 06:00:00,0 days 00:00:00,0,-41.75,-140.0,971.7,82.5
2026-07-12 06:00:00,3,12,2026-07-12 12:00:00,0 days 06:00:00,6,-43.25,-139.76,970.3,84.2
2026-07-12 06:00:00,3,12,2026-07-12 18:00:00,0 days 12:00:00,12,-44.75,-139.5,968.9,85.9
2026-07-12 06:00:00,3,12,2026-07-13 00:00:00,0 days 18:00:00,18,-45.63,-139.99,971.0,83.4
2026-07-12 06:00:00,3,12,2026-07-13 06:00:00,1 days 00:00:00,24,-46.5,-140.5,973.0,81.0
2026-07-12 06:00:00,3,12,2026-07-13 12:00:00,1 days 06:00:00,30,-46.01,-141.64,975.1,78.4
2026-07-12 06:00:00,3,12,2026-07-13 18:00:00,1 days 12:00:00,36,-45.5,-142.75,977.1,75.8
2026-07-12 06:00:00,3,12,2026-07-14 00:00:00,1 days 18:00:00,42,-44.26,-143.9,979.6,72.8
2026-07-12 06:00:00,3,12,2026-07-14 06:00:00,2 days 00:00:00,48,-43.0,-145.0,982.0,69.7
2026-07-12 06:00:00,3,12,2026-07-14 12:00:00,2 days 06:00:00,54,-42.0,-145.38,982.8,68.6
2026-07-12 06:00:00,3,12,2026-07-14 18:00:00,2 days 12:00:00,60,-41.0,-145.75,983.6,67.5
2026-07-12 06:00:00,4,12,2026-07-12 06:00:00,0 days 00:00:00,0,-41.0,-92.75,973.3,80.6
2026-07-12 06:00:00,4,12,2026-07-12 12:00:00,0 days 06:00:00,6,-41.77,-90.4,973.4,80.4
2026-07-12 06:00:00,4,12,2026-07-12 18:00:00,0 days 12:00:00,12,-42.5,-88.0,973.6,80.2
2026-07-12 06:00:00,4,12,2026-07-13 00:00:00,0 days 18:00:00,18,-43.03,-85.27,976.0,77.3
2026-07-12 06:00:00,4,12,2026-07-13 06:00:00,1 days 00:00:00,24,-43.5,-82.5,978.4,74.3
2026-07-12 06:00:00,4,12,2026-07-13 12:00:00,1 days 06:00:00,30,-44.65,-80.29,981.3,70.4
2026-07-12 06:00:00,4,12,2026-07-13 18:00:00,1 days 12:00:00,36,-45.75,-78.0,984.3,66.6
2026-07-12 06:00:00,4,12,2026-07-14 00:00:00,1 days 18:00:00,42,-46.75,-77.39,986.8,63.2
2026-07-12 06:00:00,4,12,2026-07-14 06:00:00,2 days 00:00:00,48,-47.75,-76.75,989.3,59.8
2026-07-12 06:00:00,5,12,2026-07-15 18:00:00,3 days 12:00:00,84,13.25,-115.5,1005.1,35.0
2026-07-12 06:00:00,5,12,2026-07-16 00:00:00,3 days 18:00:00,90,13.26,-117.06,1004.1,36.7
2026-07-12 06:00:00,5,12,2026-07-16 06:00:00,4 days 00:00:00,96,13.27,-118.62,1003.2,38.3
2026-07-12 06:00:00,5,12,2026-07-16 12:00:00,4 days 06:00:00,102,13.26,-120.19,1002.2,39.9
2026-07-12 06:00:00,5,12,2026-07-16 18:00:00,4 days 12:00:00,108,13.25,-121.75,1001.2,41.6
2026-07-12 06:00:00,5,12,2026-07-17 00:00:00,4 days 18:00:00,114,14.0,-121.63,1000.6,42.7
2026-07-12 06:00:00,5,12,2026-07-17 06:00:00,5 days 00:00:00,120,14.75,-121.5,999.9,43.8
2026-07-12 06:00:00,5,12,2026-07-17 12:00:00,5 days 06:00:00,126,14.88,-123.12,999.1,45.0
2026-07-12 06:00:00,5,12,2026-07-17 18:00:00,5 days 12:00:00,132,15.0,-124.75,998.4,46.2
2026-07-12 06:00:00,5,12,2026-07-18 00:00:00,5 days 18:00:00,138,15.5,-125.25,997.9,46.9
2026-07-12 06:00:00,5,12,2026-07-18 06:00:00,6 days 00:00:00,144,16.0,-125.75,997.5,47.6
2026-07-12 06:00:00,5,12,2026-07-18 12:00:00,6 days 06:00:00,150,16.38,-126.62,997.2,48.1
2026-07-12 06:00:00,5,12,2026-07-18 18:00:00,6 days 12:00:00,156,16.75,-127.5,996.9,48.5
2026-07-12 06:00:00,5,12,2026-07-19 00:00:00,6 days 18:00:00,162,17.13,-128.0,995.7,50.3
2026-07-12 06:00:00,5,12,2026-07-19 06:00:00,7 days 00:00:00,168,17.5,-128.5,994.6,52.1
2026-07-12 06:00:00,5,12,2026-07-19 12:00:00,7 days 06:00:00,174,18.38,-129.49,993.2,54.0
2026-07-12 06:00:00,5,12,2026-07-19 18:00:00,7 days 12:00:00,180,19.25,-130.5,991.9,56.0
2026-07-12 06:00:00,5,12,2026-07-20 00:00:00,7 days 18:00:00,186,20.0,-131.25,992.7,54.8
2026-07-12 06:00:00,5,12,2026-07-20 06:00:00,8 days 00:00:00,192,20.75,-132.0,993.6,53.6
2026-07-12 06:00:00,5,12,2026-07-20 12:00:00,8 days 06:00:00,198,21.38,-132.87,995.5,50.6
2026-07-12 06:00:00,5,12,2026-07-20 18:00:00,8 days 12:00:00,204,22.0,-133.75,997.5,47.6
2026-07-12 06:00:00,5,12,2026-07-21 00:00:00,8 days 18:00:00,210,22.88,-134.99,997.6,47.4
2026-07-12 06:00:00,5,12,2026-07-21 06:00:00,9 days 00:00:00,216,23.75,-136.25,997.8,47.2
2026-07-12 06:00:00,5,12,2026-07-21 12:00:00,9 days 06:00:00,222,24.38,-137.62,1000.0,43.6
2026-07-12 06:00:00,5,12,2026-07-21 18:00:00,9 days 12:00:00,228,25.0,-139.0,1002.2,39.9
2026-07-12 06:00:00,5,12,2026-07-22 00:00:00,9 days 18:00:00,234,25.63,-139.87,1003.7,37.4
2026-07-12 06:00:00,5,12,2026-07-22 06:00:00,10 days 00:00:00,240,26.25,-140.75,1005.1,34.9
2026-07-12 06:00:00,6,12,2026-07-19 06:00:00,7 days 00:00:00,168,10.75,-112.0,1007.7,30.1
2026-07-12 06:00:00,6,12,2026-07-19 12:00:00,7 days 06:00:00,174,11.25,-112.75,1006.6,32.2
2026-07-12 06:00:00,6,12,2026-07-19 18:00:00,7 days 12:00:00,180,11.75,-113.5,1005.5,34.2
2026-07-12 06:00:00,6,12,2026-07-20 00:00:00,7 days 18:00:00,186,13.0,-114.0,1004.9,35.2
2026-07-12 06:00:00,6,12,2026-07-20 06:00:00,8 days 00:00:00,192,14.25,-114.5,1004.4,36.2
2026-07-12 06:00:00,6,12,2026-07-20 12:00:00,8 days 06:00:00,198,15.0,-115.37,1002.8,38.9
2026-07-12 06:00:00,6,12,2026-07-20 18:00:00,8 days 12:00:00,204,15.75,-116.25,1001.3,41.6
2026-07-12 06:00:00,6,12,2026-07-21 00:00:00,8 days 18:00:00,210,16.38,-117.12,998.9,45.4
2026-07-12 06:00:00,6,12,2026-07-21 06:00:00,9 days 00:00:00,216,17.0,-118.0,996.5,49.2
2026-07-12 06:00:00,6,12,2026-07-21 12:00:00,9 days 06:00:00,222,17.25,-118.5,995.8,50.3
2026-07-12 06:00:00,6,12,2026-07-21 18:00:00,9 days 12:00:00,228,17.5,-119.0,995.0,51.4
2026-07-12 06:00:00,6,12,2026-07-22 00:00:00,9 days 18:00:00,234,17.75,-119.5,993.0,54.4
2026-07-12 06:00:00,6,12,2026-07-22 06:00:00,10 days 00:00:00,240,18.0,-120.0,991.0,57.3
2026-07-12 06:00:00,6,12,2026-07-22 12:00:00,10 days 06:00:00,246,18.0,-120.75,989.7,59.1
2026-07-12 06:00:00,6,12,2026-07-22 18:00:00,10 days 12:00:00,252,18.0,-121.5,988.4,61.0
2026-07-12 06:00:00,6,12,2026-07-23 00:00:00,10 days 18:00:00,258,18.0,-122.5,988.9,60.3
2026-07-12 06:00:00,6,12,2026-07-23 06:00:00,11 days 00:00:00,264,18.0,-123.5,989.4,59.6
2026-07-12 06:00:00,6,12,2026-07-23 12:00:00,11 days 06:00:00,270,18.38,-124.62,986.9,63.0
2026-07-12 06:00:00,6,12,2026-07-23 18:00:00,11 days 12:00:00,276,18.75,-125.75,984.5,66.3
2026-07-12 06:00:00,6,12,2026-07-24 00:00:00,11 days 18:00:00,282,19.13,-127.0,985.6,64.8
2026-07-12 06:00:00,6,12,2026-07-24 06:00:00,12 days 00:00:00,288,19.5,-128.25,986.7,63.3
2026-07-12 06:00:00,6,12,2026-07-24 12:00:00,12 days 06:00:00,294,19.76,-129.62,986.0,64.2
2026-07-12 06:00:00,6,12,2026-07-24 18:00:00,12 days 12:00:00,300,20.0,-131.0,985.3,65.2
2026-07-12 06:00:00,6,12,2026-07-25 00:00:00,12 days 18:00:00,306,20.38,-132.37,988.1,61.4
2026-07-12 06:00:00,6,12,2026-07-25 06:00:00,13 days 00:00:00,312,20.75,-133.75,990.8,57.6
2026-07-12 06:00:00,6,12,2026-07-25 12:00:00,13 days 06:00:00,318,21.13,-135.12,991.9,56.1
2026-07-12 06:00:00,6,12,2026-07-25 18:00:00,13 days 12:00:00,324,21.5,-136.5,992.9,54.5
2026-07-12 06:00:00,6,12,2026-07-26 00:00:00,13 days 18:00:00,330,21.76,-138.0,993.3,54.0
2026-07-12 06:00:00,6,12,2026-07-26 06:00:00,14 days 00:00:00,336,22.0,-139.5,993.7,53.4
2026-07-12 06:00:00,6,12,2026-07-26 12:00:00,14 days 06:00:00,342,22.26,-140.87,994.4,52.3
2026-07-12 06:00:00,6,12,2026-07-26 18:00:00,14 days 12:00:00,348,22.5,-142.25,995.2,51.1
2026-07-12 06:00:00,6,12,2026-07-27 00:00:00,14 days 18:00:00,354,22.63,-143.25,994.3,52.5
2026-07-12 06:00:00,6,12,2026-07-27 06:00:00,15 days 00:00:00,360,22.75,-144.25,993.3,53.9
2026-07-12 06:00:00,7,12,2026-07-19 06:00:00,7 days 00:00:00,168,20.0,166.0,1005.2,34.7
2026-07-12 06:00:00,7,12,2026-07-19 12:00:00,7 days 06:00:00,174,20.0,166.0,1004.5,36.0
2026-07-12 06:00:00,7,12,2026-07-19 18:00:00,7 days 12:00:00,180,20.0,166.0,1003.7,37.4
2026-07-12 06:00:00,7,12,2026-07-20 00:00:00,7 days 18:00:00,186,19.63,166.25,1003.5,37.8
2026-07-12 06:00:00,7,12,2026-07-20 06:00:00,8 days 00:00:00,192,19.25,166.5,1003.2,38.2
2026-07-12 06:00:00,7,12,2026-07-20 12:00:00,8 days 06:00:00,198,19.88,167.12,998.4,45.9
2026-07-12 06:00:00,7,12,2026-07-20 18:00:00,8 days 12:00:00,204,20.5,167.75,993.5,53.7
2026-07-12 06:00:00,7,12,2026-07-21 00:00:00,8 days 18:00:00,210,21.25,168.12,990.8,57.5
2026-07-12 06:00:00,7,12,2026-07-21 06:00:00,9 days 00:00:00,216,22.0,168.5,988.1,61.3
2026-07-12 06:00:00,7,12,2026-07-21 12:00:00,9 days 06:00:00,222,22.75,168.75,989.2,59.9
2026-07-12 06:00:00,7,12,2026-07-21 18:00:00,9 days 12:00:00,228,23.5,169.0,990.2,58.4
2026-07-12 06:00:00,7,12,2026-07-22 00:00:00,9 days 18:00:00,234,25.0,169.49,987.2,62.6
2026-07-12 06:00:00,7,12,2026-07-22 06:00:00,10 days 00:00:00,240,26.5,170.0,984.1,66.8
2026-07-12 06:00:00,7,12,2026-07-22 12:00:00,10 days 06:00:00,246,28.0,169.26,983.0,68.2
2026-07-12 06:00:00,7,12,2026-07-22 18:00:00,10 days 12:00:00,252,29.5,168.5,981.9,69.7
2026-07-12 06:00:00,7,12,2026-07-23 00:00:00,10 days 18:00:00,258,31.0,167.64,984.2,66.7
2026-07-12 06:00:00,7,12,2026-07-23 06:00:00,11 days 00:00:00,264,32.5,166.75,986.4,63.7
2026-07-12 06:00:00,7,12,2026-07-23 12:00:00,11 days 06:00:00,270,33.76,165.52,989.5,59.3
2026-07-12 06:00:00,7,12,2026-07-23 18:00:00,11 days 12:00:00,276,35.0,164.25,992.6,55.0
2026-07-12 06:00:00,7,12,2026-07-24 00:00:00,11 days 18:00:00,282,36.26,163.02,995.2,51.1
2026-07-12 06:00:00,7,12,2026-07-24 06:00:00,12 days 00:00:00,288,37.5,161.75,997.8,47.1
2026-07-12 06:00:00,7,12,2026-07-24 12:00:00,12 days 06:00:00,294,38.88,160.89,999.8,43.9
2026-07-12 06:00:00,7,12,2026-07-24 18:00:00,12 days 12:00:00,300,40.25,160.0,1001.8,40.6
2026-07-12 06:00:00,7,12,2026-07-25 00:00:00,12 days 18:00:00,306,41.63,158.78,1003.4,37.9
2026-07-12 06:00:00,7,12,2026-07-25 06:00:00,13 days 00:00:00,312,43.0,157.5,1004.9,35.2
2026-07-12 06:00:00,8,12,2026-07-22 18:00:00,10 days 12:00:00,252,10.0,-100.75,1008.1,29.3
2026-07-12 06:00:00,8,12,2026-07-23 00:00:00,10 days 18:00:00,258,10.38,-101.62,1007.8,29.9
2026-07-12 06:00:00,8,12,2026-07-23 06:00:00,11 days 00:00:00,264,10.75,-102.5,1007.5,30.4
2026-07-12 06:00:00,8,12,2026-07-23 12:00:00,11 days 06:00:00,270,11.38,-103.25,1007.3,30.9
2026-07-12 06:00:00,8,12,2026-07-23 18:00:00,11 days 12:00:00,276,12.0,-104.0,1007.0,31.3
2026-07-12 06:00:00,8,12,2026-07-24 00:00:00,11 days 18:00:00,282,12.5,-105.12,1007.0,31.4
2026-07-12 06:00:00,8,12,2026-07-24 06:00:00,12 days 00:00:00,288,13.0,-106.25,1007.0,31.4
2026-07-12 06:00:00,8,12,2026-07-24 12:00:00,12 days 06:00:00,294,13.75,-106.87,1005.4,34.3
2026-07-12 06:00:00,8,12,2026-07-24 18:00:00,12 days 12:00:00,300,14.5,-107.5,1003.9,37.1
2026-07-12 06:00:00,8,12,2026-07-25 00:00:00,12 days 18:00:00,306,14.88,-108.25,1002.7,39.2
2026-07-12 06:00:00,8,12,2026-07-25 06:00:00,13 days 00:00:00,312,15.25,-109.0,1001.5,41.2
2026-07-12 06:00:00,8,12,2026-07-25 12:00:00,13 days 06:00:00,318,15.75,-110.0,999.0,45.2
2026-07-12 06:00:00,8,12,2026-07-25 18:00:00,13 days 12:00:00,324,16.25,-111.0,996.5,49.2
2026-07-12 06:00:00,8,12,2026-07-26 00:00:00,13 days 18:00:00,330,16.75,-112.25,993.3,53.8
2026-07-12 06:00:00,8,12,2026-07-26 06:00:00,14 days 00:00:00,336,17.25,-113.5,990.2,58.5
2026-07-12 06:00:00,8,12,2026-07-26 12:00:00,14 days 06:00:00,342,17.63,-114.62,984.4,66.2
2026-07-12 06:00:00,8,12,2026-07-26 18:00:00,14 days 12:00:00,348,18.0,-115.75,978.6,74.0
2026-07-12 06:00:00,8,12,2026-07-27 00:00:00,14 days 18:00:00,354,18.5,-116.87,982.3,69.2
2026-07-12 06:00:00,8,12,2026-07-27 06:00:00,15 days 00:00:00,360,19.0,-118.0,985.9,64.4
2026-07-12 06:00:00,0,13,2026-07-12 06:00:00,0 days 00:00:00,0,31.25,118.75,986.3,63.8
2026-07-12 06:00:00,0,13,2026-07-12 12:00:00,0 days 06:00:00,6,32.25,118.5,987.9,61.7
2026-07-12 06:00:00,0,13,2026-07-12 18:00:00,0 days 12:00:00,12,33.25,118.25,989.4,59.5
2026-07-12 06:00:00,0,13,2026-07-13 00:00:00,0 days 18:00:00,18,33.62,118.25,990.5,58.0
2026-07-12 06:00:00,0,13,2026-07-13 06:00:00,1 days 00:00:00,24,34.0,118.25,991.6,56.4
2026-07-12 06:00:00,0,13,2026-07-13 12:00:00,1 days 06:00:00,30,34.63,118.87,991.1,57.1
2026-07-12 06:00:00,0,13,2026-07-13 18:00:00,1 days 12:00:00,36,35.25,119.5,990.6,57.8
2026-07-12 06:00:00,0,13,2026-07-14 00:00:00,1 days 18:00:00,42,36.14,121.23,990.7,57.8
2026-07-12 06:00:00,0,13,2026-07-14 06:00:00,2 days 00:00:00,48,37.0,123.0,990.7,57.8
2026-07-12 06:00:00,0,13,2026-07-14 12:00:00,2 days 06:00:00,54,38.42,126.07,990.0,58.8
2026-07-12 06:00:00,0,13,2026-07-14 18:00:00,2 days 12:00:00,60,39.75,129.25,989.3,59.7
2026-07-12 06:00:00,0,13,2026-07-15 00:00:00,2 days 18:00:00,66,41.17,132.43,988.1,61.4
2026-07-12 06:00:00,0,13,2026-07-15 06:00:00,3 days 00:00:00,72,42.5,135.75,986.9,63.1
2026-07-12 06:00:00,3,13,2026-07-12 06:00:00,0 days 00:00:00,0,-41.75,-140.0,971.7,82.5
2026-07-12 06:00:00,3,13,2026-07-12 12:00:00,0 days 06:00:00,6,-43.12,-140.0,970.8,83.6
2026-07-12 06:00:00,3,13,2026-07-12 18:00:00,0 days 12:00:00,12,-44.5,-140.0,969.9,84.8
2026-07-12 06:00:00,3,13,2026-07-13 00:00:00,0 days 18:00:00,18,-45.5,-140.0,970.6,83.9
2026-07-12 06:00:00,3,13,2026-07-13 06:00:00,1 days 00:00:00,24,-46.5,-140.0,971.3,83.1
2026-07-12 06:00:00,3,13,2026-07-13 12:00:00,1 days 06:00:00,30,-46.38,-141.5,972.7,81.3
2026-07-12 06:00:00,3,13,2026-07-13 18:00:00,1 days 12:00:00,36,-46.25,-143.0,974.1,79.6
2026-07-12 06:00:00,3,13,2026-07-14 00:00:00,1 days 18:00:00,42,-44.76,-144.15,977.1,75.9
2026-07-12 06:00:00,3,13,2026-07-14 06:00:00,2 days 00:00:00,48,-43.25,-145.25,980.0,72.2
2026-07-12 06:00:00,3,13,2026-07-14 12:00:00,2 days 06:00:00,54,-42.38,-145.76,981.6,70.2
2026-07-12 06:00:00,3,13,2026-07-14 18:00:00,2 days 12:00:00,60,-41.5,-146.25,983.1,68.2
2026-07-12 06:00:00,3,13,2026-07-15 00:00:00,2 days 18:00:00,66,-41.13,-146.25,984.2,66.7
2026-07-12 06:00:00,3,13,2026-07-15 06:00:00,3 days 00:00:00,72,-40.75,-146.25,985.3,65.2
2026-07-12 06:00:00,3,13,2026-07-15 12:00:00,3 days 06:00:00,78,-41.0,-146.5,986.5,63.6
2026-07-12 06:00:00,3,13,2026-07-15 18:00:00,3 days 12:00:00,84,-41.25,-146.75,987.7,62.0
2026-07-12 06:00:00,3,13,2026-07-16 00:00:00,3 days 18:00:00,90,-41.13,-147.5,987.6,62.0
2026-07-12 06:00:00,3,13,2026-07-16 06:00:00,4 days 00:00:00,96,-41.0,-148.25,987.6,62.1
2026-07-12 06:00:00,3,13,2026-07-16 12:00:00,4 days 06:00:00,102,-40.38,-147.87,988.3,61.1
2026-07-12 06:00:00,3,13,2026-07-16 18:00:00,4 days 12:00:00,108,-39.75,-147.5,989.0,60.2
2026-07-12 06:00:00,3,13,2026-07-17 00:00:00,4 days 18:00:00,114,-39.5,-146.5,988.6,60.7
2026-07-12 06:00:00,3,13,2026-07-17 06:00:00,5 days 00:00:00,120,-39.25,-145.5,988.2,61.2
2026-07-12 06:00:00,3,13,2026-07-17 12:00:00,5 days 06:00:00,126,-39.13,-144.12,988.9,60.3
2026-07-12 06:00:00,3,13,2026-07-17 18:00:00,5 days 12:00:00,132,-39.0,-142.75,989.6,59.4
2026-07-12 06:00:00,4,13,2026-07-12 06:00:00,0 days 00:00:00,0,-41.0,-92.75,973.3,80.6
2026-07-12 06:00:00,4,13,2026-07-12 12:00:00,0 days 06:00:00,6,-42.03,-90.29,973.9,79.9
2026-07-12 06:00:00,4,13,2026-07-12 18:00:00,0 days 12:00:00,12,-43.0,-87.75,974.5,79.2
2026-07-12 06:00:00,4,13,2026-07-13 00:00:00,0 days 18:00:00,18,-43.53,-85.15,976.3,76.9
2026-07-12 06:00:00,4,13,2026-07-13 06:00:00,1 days 00:00:00,24,-44.0,-82.5,978.1,74.6
2026-07-12 06:00:00,4,13,2026-07-13 12:00:00,1 days 06:00:00,30,-45.02,-80.66,980.5,71.5
2026-07-12 06:00:00,4,13,2026-07-13 18:00:00,1 days 12:00:00,36,-46.0,-78.75,983.0,68.4
2026-07-12 06:00:00,4,13,2026-07-14 00:00:00,1 days 18:00:00,42,-46.75,-78.5,985.6,64.8
2026-07-12 06:00:00,4,13,2026-07-14 06:00:00,2 days 00:00:00,48,-47.5,-78.25,988.2,61.3
2026-07-12 06:00:00,4,13,2026-07-14 12:00:00,2 days 06:00:00,54,-45.85,-79.88,989.1,60.0
2026-07-12 06:00:00,4,13,2026-07-14 18:00:00,2 days 12:00:00,60,-44.16,-81.42,990.0,58.6
2026-07-12 06:00:00,4,13,2026-07-15 00:00:00,2 days 18:00:00,66,-42.46,-82.88,991.0,57.3
2026-07-12 06:00:00,4,13,2026-07-15 06:00:00,3 days 00:00:00,72,-40.75,-84.25,991.9,56.0
2026-07-12 06:00:00,5,13,2026-07-12 18:00:00,0 days 12:00:00,12,9.5,138.75,1004.5,36.0
2026-07-12 06:00:00,5,13,2026-07-13 00:00:00,0 days 18:00:00,18,9.88,138.25,1003.9,37.1
2026-07-12 06:00:00,5,13,2026-07-13 06:00:00,1 days 00:00:00,24,10.25,137.75,1003.3,38.1
2026-07-12 06:00:00,5,13,2026-07-13 12:00:00,1 days 06:00:00,30,11.25,137.38,1002.8,39.0
2026-07-12 06:00:00,5,13,2026-07-13 18:00:00,1 days 12:00:00,36,12.25,137.0,1002.3,39.9
2026-07-12 06:00:00,5,13,2026-07-14 00:00:00,1 days 18:00:00,42,13.25,136.25,1003.0,38.6
2026-07-12 06:00:00,5,13,2026-07-14 06:00:00,2 days 00:00:00,48,14.25,135.5,1003.8,37.3
2026-07-12 06:00:00,5,13,2026-07-14 12:00:00,2 days 06:00:00,54,14.75,135.13,1002.3,39.8
2026-07-12 06:00:00,5,13,2026-07-14 18:00:00,2 days 12:00:00,60,15.25,134.75,1000.8,42.4
2026-07-12 06:00:00,5,13,2026-07-15 00:00:00,2 days 18:00:00,66,16.0,134.38,1000.6,42.6
2026-07-12 06:00:00,5,13,2026-07-15 06:00:00,3 days 00:00:00,72,16.75,134.0,1000.4,42.9
2026-07-12 06:00:00,6,13,2026-07-15 06:00:00,3 days 00:00:00,72,13.5,-110.5,1005.6,34.1
2026-07-12 06:00:00,6,13,2026-07-15 12:00:00,3 days 06:00:00,78,13.88,-111.87,1004.1,36.7
2026-07-12 06:00:00,6,13,2026-07-15 18:00:00,3 days 12:00:00,84,14.25,-113.25,1002.5,39.4
2026-07-12 06:00:00,6,13,2026-07-16 00:00:00,3 days 18:00:00,90,14.38,-114.25,1001.8,40.6
2026-07-12 06:00:00,6,13,2026-07-16 06:00:00,4 days 00:00:00,96,14.5,-115.25,1001.1,41.8
2026-07-12 06:00:00,6,13,2026-07-16 12:00:00,4 days 06:00:00,102,14.75,-115.87,999.5,44.4
2026-07-12 06:00:00,6,13,2026-07-16 18:00:00,4 days 12:00:00,108,15.0,-116.5,997.8,47.1
2026-07-12 06:00:00,6,13,2026-07-17 00:00:00,4 days 18:00:00,114,15.88,-117.25,995.6,50.5
2026-07-12 06:00:00,6,13,2026-07-17 06:00:00,5 days 00:00:00,120,16.75,-118.0,993.3,54.0
2026-07-12 06:00:00,6,13,2026-07-17 12:00:00,5 days 06:00:00,126,17.38,-118.62,990.8,57.6
2026-07-12 06:00:00,6,13,2026-07-17 18:00:00,5 days 12:00:00,132,18.0,-119.25,988.3,61.2
2026-07-12 06:00:00,6,13,2026-07-18 00:00:00,5 days 18:00:00,138,19.0,-119.75,987.9,61.7
2026-07-12 06:00:00,6,13,2026-07-18 06:00:00,6 days 00:00:00,144,20.0,-120.25,987.5,62.2
2026-07-12 06:00:00,6,13,2026-07-18 12:00:00,6 days 06:00:00,150,21.13,-121.24,987.8,61.8
2026-07-12 06:00:00,6,13,2026-07-18 18:00:00,6 days 12:00:00,156,22.25,-122.25,988.0,61.5
2026-07-12 06:00:00,6,13,2026-07-19 00:00:00,6 days 18:00:00,162,23.38,-122.99,989.8,59.0
2026-07-12 06:00:00,6,13,2026-07-19 06:00:00,7 days 00:00:00,168,24.5,-123.75,991.6,56.4
2026-07-12 06:00:00,6,13,2026-07-19 12:00:00,7 days 06:00:00,174,26.0,-124.12,995.5,50.5
2026-07-12 06:00:00,6,13,2026-07-19 18:00:00,7 days 12:00:00,180,27.5,-124.5,999.5,44.5
2026-07-12 06:00:00,6,13,2026-07-20 00:00:00,7 days 18:00:00,186,28.75,-124.87,1001.0,41.9
2026-07-12 06:00:00,6,13,2026-07-20 06:00:00,8 days 00:00:00,192,30.0,-125.25,1002.6,39.3
2026-07-12 06:00:00,6,13,2026-07-20 12:00:00,8 days 06:00:00,198,33.37,-120.08,1006.3,32.4
2026-07-12 06:00:00,6,13,2026-07-20 18:00:00,8 days 12:00:00,204,36.5,-114.5,1010.0,25.5
2026-07-12 06:00:00,7,13,2026-07-18 06:00:00,6 days 00:00:00,144,11.25,-107.0,1009.7,26.1
2026-07-12 06:00:00,7,13,2026-07-18 12:00:00,6 days 06:00:00,150,11.88,-107.62,1009.2,27.2
2026-07-12 06:00:00,7,13,2026-07-18 18:00:00,6 days 12:00:00,156,12.5,-108.25,1008.6,28.3
2026-07-12 06:00:00,7,13,2026-07-19 00:00:00,6 days 18:00:00,162,13.38,-109.12,1007.8,29.8
2026-07-12 06:00:00,7,13,2026-07-19 06:00:00,7 days 00:00:00,168,14.25,-110.0,1007.1,31.3
2026-07-12 06:00:00,7,13,2026-07-19 12:00:00,7 days 06:00:00,174,14.51,-111.62,1006.6,32.1
2026-07-12 06:00:00,7,13,2026-07-19 18:00:00,7 days 12:00:00,180,14.75,-113.25,1006.2,33.0
2026-07-12 06:00:00,7,13,2026-07-20 00:00:00,7 days 18:00:00,186,15.0,-114.0,1004.8,35.3
2026-07-12 06:00:00,7,13,2026-07-20 06:00:00,8 days 00:00:00,192,15.25,-114.75,1003.5,37.7
2026-07-12 06:00:00,7,13,2026-07-20 12:00:00,8 days 06:00:00,198,15.63,-115.62,1003.7,37.5
2026-07-12 06:00:00,7,13,2026-07-20 18:00:00,8 days 12:00:00,204,16.0,-116.5,1003.8,37.2
2026-07-12 06:00:00,7,13,2026-07-21 00:00:00,8 days 18:00:00,210,15.88,-117.38,1001.7,40.8
2026-07-12 06:00:00,7,13,2026-07-21 06:00:00,9 days 00:00:00,216,15.75,-118.25,999.6,44.3
2026-07-12 06:00:00,7,13,2026-07-21 12:00:00,9 days 06:00:00,222,15.75,-118.88,1000.0,43.6
2026-07-12 06:00:00,7,13,2026-07-21 18:00:00,9 days 12:00:00,228,15.75,-119.5,1000.4,43.0
2026-07-12 06:00:00,7,13,2026-07-22 00:00:00,9 days 18:00:00,234,16.13,-119.75,998.9,45.4
2026-07-12 06:00:00,7,13,2026-07-22 06:00:00,10 days 00:00:00,240,16.5,-120.0,997.3,47.9
2026-07-12 06:00:00,7,13,2026-07-22 12:00:00,10 days 06:00:00,246,16.88,-120.87,996.6,49.0
2026-07-12 06:00:00,7,13,2026-07-22 18:00:00,10 days 12:00:00,252,17.25,-121.75,995.9,50.1
2026-07-12 06:00:00,7,13,2026-07-23 00:00:00,10 days 18:00:00,258,17.5,-122.62,995.3,51.0
2026-07-12 06:00:00,7,13,2026-07-23 06:00:00,11 days 00:00:00,264,17.75,-123.5,994.7,51.9
2026-07-12 06:00:00,7,13,2026-07-23 12:00:00,11 days 06:00:00,270,18.13,-125.12,996.2,49.7
2026-07-12 06:00:00,7,13,2026-07-23 18:00:00,11 days 12:00:00,276,18.5,-126.75,997.7,47.4
2026-07-12 06:00:00,7,13,2026-07-24 00:00:00,11 days 18:00:00,282,19.01,-128.37,999.0,45.3
2026-07-12 06:00:00,7,13,2026-07-24 06:00:00,12 days 00:00:00,288,19.5,-130.0,1000.3,43.2
2026-07-12 06:00:00,7,13,2026-07-24 12:00:00,12 days 06:00:00,294,19.88,-131.62,1001.7,40.8
2026-07-12 06:00:00,7,13,2026-07-24 18:00:00,12 days 12:00:00,300,20.25,-133.25,1003.1,38.4
2026-07-12 06:00:00,7,13,2026-07-25 00:00:00,12 days 18:00:00,306,20.76,-134.99,1004.9,35.2
2026-07-12 06:00:00,7,13,2026-07-25 06:00:00,13 days 00:00:00,312,21.25,-136.75,1006.7,32.1
2026-07-12 06:00:00,7,13,2026-07-25 12:00:00,13 days 06:00:00,318,21.91,-138.66,1008.5,28.2
2026-07-12 06:00:00,7,13,2026-07-25 18:00:00,13 days 12:00:00,324,22.55,-140.59,1010.3,24.3
2026-07-12 06:00:00,7,13,2026-07-26 00:00:00,13 days 18:00:00,330,23.16,-142.54,1012.1,20.4
2026-07-12 06:00:00,7,13,2026-07-26 06:00:00,14 days 00:00:00,336,23.75,-144.5,1013.9,16.5
2026-07-12 06:00:00,8,13,2026-07-18 18:00:00,6 days 12:00:00,156,-19.75,-63.75,999.3,44.8
2026-07-12 06:00:00,8,13,2026-07-19 00:00:00,6 days 18:00:00,162,-24.4,-66.28,1000.1,43.5
2026-07-12 06:00:00,8,13,2026-07-19 06:00:00,7 days 00:00:00,168,-29.0,-69.0,1000.9,42.2
2026-07-12 06:00:00,8,13,2026-07-19 12:00:00,7 days 06:00:00,174,-30.16,-70.63,997.0,47.9
2026-07-12 06:00:00,8,13,2026-07-19 18:00:00,7 days 12:00:00,180,-31.29,-72.29,993.1,53.6
2026-07-12 06:00:00,8,13,2026-07-20 00:00:00,7 days 18:00:00,186,-32.41,-74.0,989.3,59.4
2026-07-12 06:00:00,8,13,2026-07-20 06:00:00,8 days 00:00:00,192,-33.5,-75.75,985.4,65.1
2026-07-12 06:00:00,8,13,2026-07-20 12:00:00,8 days 06:00:00,198,-35.25,-75.99,985.8,64.6
2026-07-12 06:00:00,8,13,2026-07-20 18:00:00,8 days 12:00:00,204,-37.0,-76.25,986.2,64.0
2026-07-12 06:00:00,8,13,2026-07-21 00:00:00,8 days 18:00:00,210,-38.25,-76.99,985.7,64.7
2026-07-12 06:00:00,8,13,2026-07-21 06:00:00,9 days 00:00:00,216,-39.5,-77.75,985.2,65.4
2026-07-12 06:00:00,8,13,2026-07-21 12:00:00,9 days 06:00:00,222,-40.13,-78.37,985.6,64.8
2026-07-12 06:00:00,8,13,2026-07-21 18:00:00,9 days 12:00:00,228,-40.75,-79.0,986.0,64.2
2026-07-12 06:00:00,8,13,2026-07-22 00:00:00,9 days 18:00:00,234,-41.0,-79.25,988.2,61.2
2026-07-12 06:00:00,8,13,2026-07-22 06:00:00,10 days 00:00:00,240,-41.25,-79.5,990.5,58.1
2026-07-12 06:00:00,8,13,2026-07-22 12:00:00,10 days 06:00:00,246,-41.75,-79.25,992.8,54.6
2026-07-12 06:00:00,8,13,2026-07-22 18:00:00,10 days 12:00:00,252,-42.25,-79.0,995.2,51.2
2026-07-12 06:00:00,8,13,2026-07-23 00:00:00,10 days 18:00:00,258,-42.88,-78.63,997.6,47.3
2026-07-12 06:00:00,8,13,2026-07-23 06:00:00,11 days 00:00:00,264,-43.5,-78.25,1000.1,43.4
2026-07-12 06:00:00,8,13,2026-07-23 12:00:00,11 days 06:00:00,270,-47.92,-81.34,1007.5,28.8
2026-07-12 06:00:00,8,13,2026-07-23 18:00:00,11 days 12:00:00,276,-52.25,-85.0,1014.8,14.1
2026-07-12 06:00:00,9,13,2026-07-21 06:00:00,9 days 00:00:00,216,12.25,137.5,1004.0,37.0
2026-07-12 06:00:00,9,13,2026-07-21 12:00:00,9 days 06:00:00,222,13.0,136.5,1003.2,38.2
2026-07-12 06:00:00,9,13,2026-07-21 18:00:00,9 days 12:00:00,228,13.75,135.5,1002.5,39.5
2026-07-12 06:00:00,9,13,2026-07-22 00:00:00,9 days 18:00:00,234,14.13,134.75,1001.4,41.3
2026-07-12 06:00:00,9,13,2026-07-22 06:00:00,10 days 00:00:00,240,14.5,134.0,1000.3,43.1
2026-07-12 06:00:00,9,13,2026-07-22 12:00:00,10 days 06:00:00,246,14.5,133.0,998.7,45.7
2026-07-12 06:00:00,9,13,2026-07-22 18:00:00,10 days 12:00:00,252,14.5,132.0,997.1,48.3
2026-07-12 06:00:00,9,13,2026-07-23 00:00:00,10 days 18:00:00,258,15.0,131.75,995.0,51.3
2026-07-12 06:00:00,9,13,2026-07-23 06:00:00,11 days 00:00:00,264,15.5,131.5,993.0,54.4
2026-07-12 06:00:00,9,13,2026-07-23 12:00:00,11 days 06:00:00,270,15.75,131.0,988.9,60.2
2026-07-12 06:00:00,9,13,2026-07-23 18:00:00,11 days 12:00:00,276,16.0,130.5,984.8,65.9
2026-07-12 06:00:00,9,13,2026-07-24 00:00:00,11 days 18:00:00,282,16.5,130.25,982.7,68.7
2026-07-12 06:00:00,9,13,2026-07-24 06:00:00,12 days 00:00:00,288,17.0,130.0,980.5,71.5
2026-07-12 06:00:00,9,13,2026-07-24 12:00:00,12 days 06:00:00,294,17.75,129.5,979.2,73.3
2026-07-12 06:00:00,9,13,2026-07-24 18:00:00,12 days 12:00:00,300,18.5,129.0,977.8,75.1
2026-07-12 06:00:00,9,13,2026-07-25 00:00:00,12 days 18:00:00,306,19.5,128.75,977.0,76.1
2026-07-12 06:00:00,9,13,2026-07-25 06:00:00,13 days 00:00:00,312,20.5,128.5,976.2,77.1
2026-07-12 06:00:00,9,13,2026-07-25 12:00:00,13 days 06:00:00,318,21.38,127.88,972.7,81.3
2026-07-12 06:00:00,9,13,2026-07-25 18:00:00,13 days 12:00:00,324,22.25,127.25,969.2,85.6
2026-07-12 06:00:00,9,13,2026-07-26 00:00:00,13 days 18:00:00,330,22.88,126.88,966.9,88.3
2026-07-12 06:00:00,9,13,2026-07-26 06:00:00,14 days 00:00:00,336,23.5,126.5,964.6,91.0
2026-07-12 06:00:00,9,13,2026-07-26 12:00:00,14 days 06:00:00,342,24.25,126.13,963.5,92.2
2026-07-12 06:00:00,9,13,2026-07-26 18:00:00,14 days 12:00:00,348,25.0,125.75,962.4,93.5
2026-07-12 06:00:00,9,13,2026-07-27 00:00:00,14 days 18:00:00,354,26.0,125.25,962.9,93.0
2026-07-12 06:00:00,9,13,2026-07-27 06:00:00,15 days 00:00:00,360,27.0,124.75,963.3,92.4
2026-07-12 06:00:00,0,14,2026-07-12 06:00:00,0 days 00:00:00,0,31.25,118.75,986.3,63.8
2026-07-12 06:00:00,0,14,2026-07-12 12:00:00,0 days 06:00:00,6,32.25,118.26,988.1,61.3
2026-07-12 06:00:00,0,14,2026-07-12 18:00:00,0 days 12:00:00,12,33.25,117.75,989.9,58.8
2026-07-12 06:00:00,0,14,2026-07-13 00:00:00,0 days 18:00:00,18,33.63,118.0,991.2,57.0
2026-07-12 06:00:00,0,14,2026-07-13 06:00:00,1 days 00:00:00,24,34.0,118.25,992.5,55.1
2026-07-12 06:00:00,0,14,2026-07-13 12:00:00,1 days 06:00:00,30,34.63,118.87,993.1,54.2
2026-07-12 06:00:00,0,14,2026-07-13 18:00:00,1 days 12:00:00,36,35.25,119.5,993.7,53.3
2026-07-12 06:00:00,0,14,2026-07-14 00:00:00,1 days 18:00:00,42,36.01,121.36,993.2,54.1
2026-07-12 06:00:00,0,14,2026-07-14 06:00:00,2 days 00:00:00,48,36.75,123.25,992.7,54.8
2026-07-12 06:00:00,0,14,2026-07-14 12:00:00,2 days 06:00:00,54,38.03,125.95,991.1,57.2
2026-07-12 06:00:00,0,14,2026-07-14 18:00:00,2 days 12:00:00,60,39.25,128.75,989.4,59.6
2026-07-12 06:00:00,10,14,2026-07-23 06:00:00,11 days 00:00:00,264,25.25,148.5,1001.4,41.4
2026-07-12 06:00:00,10,14,2026-07-23 12:00:00,11 days 06:00:00,270,24.88,148.88,999.7,44.1
2026-07-12 06:00:00,10,14,2026-07-23 18:00:00,11 days 12:00:00,276,24.5,149.25,998.0,46.9
2026-07-12 06:00:00,10,14,2026-07-24 00:00:00,11 days 18:00:00,282,24.88,149.13,996.4,49.3
2026-07-12 06:00:00,10,14,2026-07-24 06:00:00,12 days 00:00:00,288,25.25,149.0,994.8,51.8
2026-07-12 06:00:00,10,14,2026-07-24 12:00:00,12 days 06:00:00,294,26.13,148.38,993.7,53.3
2026-07-12 06:00:00,10,14,2026-07-24 18:00:00,12 days 12:00:00,300,27.0,147.75,992.7,54.9
2026-07-12 06:00:00,10,14,2026-07-25 00:00:00,12 days 18:00:00,306,27.51,146.38,991.1,57.1
2026-07-12 06:00:00,10,14,2026-07-25 06:00:00,13 days 00:00:00,312,28.0,145.0,989.6,59.4
2026-07-12 06:00:00,10,14,2026-07-25 12:00:00,13 days 06:00:00,318,28.38,144.25,989.1,59.9
2026-07-12 06:00:00,10,14,2026-07-25 18:00:00,13 days 12:00:00,324,28.75,143.5,988.7,60.5
2026-07-12 06:00:00,10,14,2026-07-26 00:00:00,13 days 18:00:00,330,28.88,142.25,987.7,62.0
2026-07-12 06:00:00,10,14,2026-07-26 06:00:00,14 days 00:00:00,336,29.0,141.0,986.6,63.4
2026-07-12 06:00:00,10,14,2026-07-26 12:00:00,14 days 06:00:00,342,29.63,140.63,986.9,63.1
2026-07-12 06:00:00,10,14,2026-07-26 18:00:00,14 days 12:00:00,348,30.25,140.25,987.2,62.7
2026-07-12 06:00:00,10,14,2026-07-27 00:00:00,14 days 18:00:00,354,30.63,139.5,986.5,63.6
2026-07-12 06:00:00,10,14,2026-07-27 06:00:00,15 days 00:00:00,360,31.0,138.75,985.9,64.5
2026-07-12 06:00:00,11,14,2026-07-23 18:00:00,11 days 12:00:00,276,-42.5,-175.75,996.4,49.3
2026-07-12 06:00:00,11,14,2026-07-24 00:00:00,11 days 18:00:00,282,-41.15,-174.29,994.6,51.9
2026-07-12 06:00:00,11,14,2026-07-24 06:00:00,12 days 00:00:00,288,-39.78,-172.89,992.8,54.6
2026-07-12 06:00:00,11,14,2026-07-24 12:00:00,12 days 06:00:00,294,-38.4,-171.54,991.0,57.2
2026-07-12 06:00:00,11,14,2026-07-24 18:00:00,12 days 12:00:00,300,-37.0,-170.25,989.2,59.8
2026-07-12 06:00:00,11,14,2026-07-25 00:00:00,12 days 18:00:00,306,-38.26,-168.78,988.4,61.0
2026-07-12 06:00:00,11,14,2026-07-25 06:00:00,13 days 00:00:00,312,-39.5,-167.25,987.5,62.2
2026-07-12 06:00:00,11,14,2026-07-25 12:00:00,13 days 06:00:00,318,-40.19,-166.89,987.8,61.8
2026-07-12 06:00:00,11,14,2026-07-25 18:00:00,13 days 12:00:00,324,-40.88,-166.52,988.2,61.3
2026-07-12 06:00:00,11,14,2026-07-26 00:00:00,13 days 18:00:00,330,-41.56,-166.14,988.5,60.9
2026-07-12 06:00:00,11,14,2026-07-26 06:00:00,14 days 00:00:00,336,-42.25,-165.75,988.8,60.4
2026-07-12 06:00:00,11,14,2026-07-26 12:00:00,14 days 06:00:00,342,-42.38,-166.75,988.4,61.0
2026-07-12 06:00:00,11,14,2026-07-26 18:00:00,14 days 12:00:00,348,-42.5,-167.75,987.9,61.7
2026-07-12 06:00:00,3,14,2026-07-12 06:00:00,0 days 00:00:00,0,-41.75,-140.0,971.7,82.5
2026-07-12 06:00:00,3,14,2026-07-12 12:00:00,0 days 06:00:00,6,-43.25,-139.63,970.6,83.9
2026-07-12 06:00:00,3,14,2026-07-12 18:00:00,0 days 12:00:00,12,-44.75,-139.25,969.5,85.2
2026-07-12 06:00:00,3,14,2026-07-13 00:00:00,0 days 18:00:00,18,-46.0,-140.23,970.8,83.6
2026-07-12 06:00:00,3,14,2026-07-13 06:00:00,1 days 00:00:00,24,-47.25,-141.25,972.1,82.1
2026-07-12 06:00:00,3,14,2026-07-13 12:00:00,1 days 06:00:00,30,-46.13,-142.4,974.6,79.0
2026-07-12 06:00:00,3,14,2026-07-13 18:00:00,1 days 12:00:00,36,-45.0,-143.5,977.1,75.9
2026-07-12 06:00:00,3,14,2026-07-14 00:00:00,1 days 18:00:00,42,-43.51,-144.65,980.1,72.0
2026-07-12 06:00:00,3,14,2026-07-14 06:00:00,2 days 00:00:00,48,-42.0,-145.75,983.2,68.1
2026-07-12 06:00:00,4,14,2026-07-12 06:00:00,0 days 00:00:00,0,-41.0,-92.75,973.3,80.6
2026-07-12 06:00:00,4,14,2026-07-12 12:00:00,0 days 06:00:00,6,-41.77,-90.4,974.0,79.8
2026-07-12 06:00:00,4,14,2026-07-12 18:00:00,0 days 12:00:00,12,-42.5,-88.0,974.6,79.0
2026-07-12 06:00:00,4,14,2026-07-13 00:00:00,0 days 18:00:00,18,-43.16,-85.03,976.2,77.1
2026-07-12 06:00:00,4,14,2026-07-13 06:00:00,1 days 00:00:00,24,-43.75,-82.0,977.7,75.1
2026-07-12 06:00:00,4,14,2026-07-13 12:00:00,1 days 06:00:00,30,-44.89,-80.16,979.9,72.4
2026-07-12 06:00:00,4,14,2026-07-13 18:00:00,1 days 12:00:00,36,-46.0,-78.25,982.0,69.6
2026-07-12 06:00:00,4,14,2026-07-14 00:00:00,1 days 18:00:00,42,-46.88,-77.64,985.3,65.2
2026-07-12 06:00:00,4,14,2026-07-14 06:00:00,2 days 00:00:00,48,-47.75,-77.0,988.6,60.8
2026-07-12 06:00:00,5,14,2026-07-14 18:00:00,2 days 12:00:00,60,14.5,-110.75,1006.2,33.0
2026-07-12 06:00:00,5,14,2026-07-15 00:00:00,2 days 18:00:00,66,14.38,-111.88,1004.9,35.2
2026-07-12 06:00:00,5,14,2026-07-15 06:00:00,3 days 00:00:00,72,14.25,-113.0,1003.7,37.4
2026-07-12 06:00:00,5,14,2026-07-15 12:00:00,3 days 06:00:00,78,14.25,-114.0,1002.6,39.3
2026-07-12 06:00:00,5,14,2026-07-15 18:00:00,3 days 12:00:00,84,14.25,-115.0,1001.5,41.1
2026-07-12 06:00:00,5,14,2026-07-16 00:00:00,3 days 18:00:00,90,14.75,-116.5,999.8,43.9
2026-07-12 06:00:00,5,14,2026-07-16 06:00:00,4 days 00:00:00,96,15.25,-118.0,998.1,46.6
2026-07-12 06:00:00,5,14,2026-07-16 12:00:00,4 days 06:00:00,102,15.5,-118.5,996.6,48.9
2026-07-12 06:00:00,5,14,2026-07-16 18:00:00,4 days 12:00:00,108,15.75,-119.0,995.1,51.3
2026-07-12 06:00:00,5,14,2026-07-17 00:00:00,4 days 18:00:00,114,16.0,-120.0,993.7,53.3
2026-07-12 06:00:00,5,14,2026-07-17 06:00:00,5 days 00:00:00,120,16.25,-121.0,992.3,55.4
2026-07-12 06:00:00,5,14,2026-07-17 12:00:00,5 days 06:00:00,126,16.63,-121.87,989.9,58.8
2026-07-12 06:00:00,5,14,2026-07-17 18:00:00,5 days 12:00:00,132,17.0,-122.75,987.6,62.1
2026-07-12 06:00:00,5,14,2026-07-18 00:00:00,5 days 18:00:00,138,17.75,-123.5,987.4,62.4
2026-07-12 06:00:00,5,14,2026-07-18 06:00:00,6 days 00:00:00,144,18.5,-124.25,987.2,62.7
2026-07-12 06:00:00,5,14,2026-07-18 12:00:00,6 days 06:00:00,150,19.13,-125.37,987.9,61.7
2026-07-12 06:00:00,5,14,2026-07-18 18:00:00,6 days 12:00:00,156,19.75,-126.5,988.6,60.7
2026-07-12 06:00:00,5,14,2026-07-19 00:00:00,6 days 18:00:00,162,20.75,-127.12,989.4,59.5
2026-07-12 06:00:00,5,14,2026-07-19 06:00:00,7 days 00:00:00,168,21.75,-127.75,990.3,58.3
2026-07-12 06:00:00,5,14,2026-07-19 12:00:00,7 days 06:00:00,174,22.5,-128.74,991.6,56.5
2026-07-12 06:00:00,5,14,2026-07-19 18:00:00,7 days 12:00:00,180,23.25,-129.75,992.8,54.7
2026-07-12 06:00:00,5,14,2026-07-20 00:00:00,7 days 18:00:00,186,24.13,-129.87,995.8,50.1
2026-07-12 06:00:00,5,14,2026-07-20 06:00:00,8 days 00:00:00,192,25.0,-130.0,998.8,45.5
2026-07-12 06:00:00,6,14,2026-07-16 06:00:00,4 days 00:00:00,96,39.25,65.5,1000.2,43.3
2026-07-12 06:00:00,6,14,2026-07-16 12:00:00,4 days 06:00:00,102,35.39,63.67,997.6,47.4
2026-07-12 06:00:00,6,14,2026-07-16 18:00:00,4 days 12:00:00,108,31.5,62.0,995.0,51.5
2026-07-12 06:00:00,6,14,2026-07-17 00:00:00,4 days 18:00:00,114,31.38,62.0,995.8,50.2
2026-07-12 06:00:00,6,14,2026-07-17 06:00:00,5 days 00:00:00,120,31.25,62.0,996.6,49.0
2026-07-12 06:00:00,6,14,2026-07-17 12:00:00,5 days 06:00:00,126,31.25,62.25,995.4,50.8
2026-07-12 06:00:00,6,14,2026-07-17 18:00:00,5 days 12:00:00,132,31.25,62.5,994.3,52.5
2026-07-12 06:00:00,6,14,2026-07-18 00:00:00,5 days 18:00:00,138,31.38,62.25,994.5,52.3
2026-07-12 06:00:00,6,14,2026-07-18 06:00:00,6 days 00:00:00,144,31.5,62.0,994.7,52.0
2026-07-12 06:00:00,6,14,2026-07-18 12:00:00,6 days 06:00:00,150,31.63,62.5,993.6,53.5
2026-07-12 06:00:00,6,14,2026-07-18 18:00:00,6 days 12:00:00,156,31.75,63.0,992.6,55.0
2026-07-12 06:00:00,6,14,2026-07-19 00:00:00,6 days 18:00:00,162,31.5,62.62,992.8,54.7
2026-07-12 06:00:00,6,14,2026-07-19 06:00:00,7 days 00:00:00,168,31.25,62.25,993.1,54.3
2026-07-12 06:00:00,7,14,2026-07-17 06:00:00,5 days 00:00:00,120,7.5,-105.5,1007.2,31.0
2026-07-12 06:00:00,7,14,2026-07-17 12:00:00,5 days 06:00:00,126,7.88,-105.38,1007.4,30.7
2026-07-12 06:00:00,7,14,2026-07-17 18:00:00,5 days 12:00:00,132,8.25,-105.25,1007.6,30.3
2026-07-12 06:00:00,7,14,2026-07-18 00:00:00,5 days 18:00:00,138,9.75,-105.37,1007.8,29.9
2026-07-12 06:00:00,7,14,2026-07-18 06:00:00,6 days 00:00:00,144,11.25,-105.5,1008.0,29.5
2026-07-12 06:00:00,7,14,2026-07-18 12:00:00,6 days 06:00:00,150,12.0,-107.12,1007.9,29.7
2026-07-12 06:00:00,7,14,2026-07-18 18:00:00,6 days 12:00:00,156,12.75,-108.75,1007.8,29.8
2026-07-12 06:00:00,7,14,2026-07-19 00:00:00,6 days 18:00:00,162,13.75,-109.62,1006.5,32.3
2026-07-12 06:00:00,7,14,2026-07-19 06:00:00,7 days 00:00:00,168,14.75,-110.5,1005.2,34.7
2026-07-12 06:00:00,7,14,2026-07-19 12:00:00,7 days 06:00:00,174,14.38,-111.5,1003.7,37.4
2026-07-12 06:00:00,7,14,2026-07-19 18:00:00,7 days 12:00:00,180,14.0,-112.5,1002.2,40.1
2026-07-12 06:00:00,7,14,2026-07-20 00:00:00,7 days 18:00:00,186,15.5,-112.87,1001.1,41.8
2026-07-12 06:00:00,7,14,2026-07-20 06:00:00,8 days 00:00:00,192,17.0,-113.25,1000.1,43.5
2026-07-12 06:00:00,7,14,2026-07-20 12:00:00,8 days 06:00:00,198,17.63,-113.62,996.9,48.4
2026-07-12 06:00:00,7,14,2026-07-20 18:00:00,8 days 12:00:00,204,18.25,-114.0,993.8,53.3
2026-07-12 06:00:00,7,14,2026-07-21 00:00:00,8 days 18:00:00,210,19.38,-114.12,993.8,53.2
2026-07-12 06:00:00,7,14,2026-07-21 06:00:00,9 days 00:00:00,216,20.5,-114.25,993.9,53.1
2026-07-12 06:00:00,7,14,2026-07-21 12:00:00,9 days 06:00:00,222,21.25,-115.12,992.1,55.8
2026-07-12 06:00:00,7,14,2026-07-21 18:00:00,9 days 12:00:00,228,22.0,-116.0,990.2,58.4
2026-07-12 06:00:00,7,14,2026-07-22 00:00:00,9 days 18:00:00,234,22.75,-116.87,992.3,55.4
2026-07-12 06:00:00,7,14,2026-07-22 06:00:00,10 days 00:00:00,240,23.5,-117.75,994.4,52.4
2026-07-12 06:00:00,7,14,2026-07-22 12:00:00,10 days 06:00:00,246,23.75,-118.75,996.1,49.8
2026-07-12 06:00:00,7,14,2026-07-22 18:00:00,10 days 12:00:00,252,24.0,-119.75,997.8,47.2
2026-07-12 06:00:00,7,14,2026-07-23 00:00:00,10 days 18:00:00,258,24.25,-120.5,999.1,45.1
2026-07-12 06:00:00,7,14,2026-07-23 06:00:00,11 days 00:00:00,264,24.5,-121.25,1000.4,43.0
2026-07-12 06:00:00,7,14,2026-07-23 12:00:00,11 days 06:00:00,270,24.88,-122.12,1001.7,40.8
2026-07-12 06:00:00,7,14,2026-07-23 18:00:00,11 days 12:00:00,276,25.25,-123.0,1003.0,38.6
2026-07-12 06:00:00,7,14,2026-07-24 00:00:00,11 days 18:00:00,282,25.5,-124.12,1004.4,36.2
2026-07-12 06:00:00,7,14,2026-07-24 06:00:00,12 days 00:00:00,288,25.75,-125.25,1005.7,33.9
2026-07-12 06:00:00,7,14,2026-07-24 12:00:00,12 days 06:00:00,294,26.13,-126.37,1007.4,30.6
2026-07-12 06:00:00,7,14,2026-07-24 18:00:00,12 days 12:00:00,300,26.5,-127.5,1009.1,27.3
2026-07-12 06:00:00,7,14,2026-07-25 00:00:00,12 days 18:00:00,306,26.88,-128.75,1010.0,25.4
2026-07-12 06:00:00,7,14,2026-07-25 06:00:00,13 days 00:00:00,312,27.25,-130.0,1010.9,23.5
2026-07-12 06:00:00,7,14,2026-07-25 12:00:00,13 days 06:00:00,318,27.63,-131.25,1012.3,20.3
2026-07-12 06:00:00,7,14,2026-07-25 18:00:00,13 days 12:00:00,324,28.0,-132.5,1013.7,17.0
2026-07-12 06:00:00,8,14,2026-07-18 18:00:00,6 days 12:00:00,156,-25.25,-66.25,998.6,45.9
2026-07-12 06:00:00,8,14,2026-07-19 00:00:00,6 days 18:00:00,162,-25.81,-66.62,997.1,48.1
2026-07-12 06:00:00,8,14,2026-07-19 06:00:00,7 days 00:00:00,168,-26.38,-66.99,995.6,50.4
2026-07-12 06:00:00,8,14,2026-07-19 12:00:00,7 days 06:00:00,174,-26.94,-67.37,994.1,52.7
2026-07-12 06:00:00,8,14,2026-07-19 18:00:00,7 days 12:00:00,180,-27.5,-67.75,992.6,54.9
2026-07-12 06:00:00,8,14,2026-07-20 00:00:00,7 days 18:00:00,186,-31.96,-72.15,987.6,61.9
2026-07-12 06:00:00,8,14,2026-07-20 06:00:00,8 days 00:00:00,192,-36.25,-77.0,982.6,68.8
2026-07-12 06:00:00,8,14,2026-07-20 12:00:00,8 days 06:00:00,198,-37.38,-77.74,984.9,65.7
2026-07-12 06:00:00,8,14,2026-07-20 18:00:00,8 days 12:00:00,204,-38.5,-78.5,987.2,62.6
2026-07-12 06:00:00,8,14,2026-07-21 00:00:00,8 days 18:00:00,210,-39.38,-79.49,988.9,60.3
2026-07-12 06:00:00,8,14,2026-07-21 06:00:00,9 days 00:00:00,216,-40.25,-80.5,990.6,58.0
2026-07-12 06:00:00,8,14,2026-07-21 12:00:00,9 days 06:00:00,222,-40.0,-81.0,990.9,57.5
2026-07-12 06:00:00,8,14,2026-07-21 18:00:00,9 days 12:00:00,228,-39.75,-81.5,991.2,57.1
2026-07-12 06:00:00,8,14,2026-07-22 00:00:00,9 days 18:00:00,234,-39.88,-81.75,992.7,54.9
2026-07-12 06:00:00,8,14,2026-07-22 06:00:00,10 days 00:00:00,240,-40.0,-82.0,994.2,52.6
2026-07-12 06:00:00,8,14,2026-07-22 12:00:00,10 days 06:00:00,246,-40.0,-82.12,995.8,50.3
2026-07-12 06:00:00,8,14,2026-07-22 18:00:00,10 days 12:00:00,252,-40.0,-82.25,997.3,47.9
2026-07-12 06:00:00,8,14,2026-07-23 00:00:00,10 days 18:00:00,258,-39.5,-82.88,998.5,46.1
2026-07-12 06:00:00,8,14,2026-07-23 06:00:00,11 days 00:00:00,264,-39.0,-83.5,999.6,44.2
2026-07-12 06:00:00,8,14,2026-07-23 12:00:00,11 days 06:00:00,270,-38.38,-84.38,1000.8,42.3
2026-07-12 06:00:00,8,14,2026-07-23 18:00:00,11 days 12:00:00,276,-37.75,-85.25,1002.0,40.4
2026-07-12 06:00:00,9,14,2026-07-20 06:00:00,8 days 00:00:00,192,14.75,138.0,1002.1,40.1
2026-07-12 06:00:00,9,14,2026-07-20 12:00:00,8 days 06:00:00,198,15.38,137.25,1001.5,41.1
2026-07-12 06:00:00,9,14,2026-07-20 18:00:00,8 days 12:00:00,204,16.0,136.5,1000.9,42.1
2026-07-12 06:00:00,9,14,2026-07-21 00:00:00,8 days 18:00:00,210,16.26,134.88,1000.6,42.7
2026-07-12 06:00:00,9,14,2026-07-21 06:00:00,9 days 00:00:00,216,16.5,133.25,1000.3,43.2
2026-07-12 06:00:00,9,14,2026-07-21 12:00:00,9 days 06:00:00,222,16.88,132.5,999.5,44.4
2026-07-12 06:00:00,9,14,2026-07-21 18:00:00,9 days 12:00:00,228,17.25,131.75,998.7,45.7
2026-07-12 06:00:00,9,14,2026-07-22 00:00:00,9 days 18:00:00,234,17.01,129.5,998.5,46.1
2026-07-12 06:00:00,9,14,2026-07-22 06:00:00,10 days 00:00:00,240,16.75,127.25,998.2,46.5
2026-07-12 06:00:00,9,14,2026-07-22 12:00:00,10 days 06:00:00,246,17.38,126.75,997.2,48.0
2026-07-12 06:00:00,9,14,2026-07-22 18:00:00,10 days 12:00:00,252,18.0,126.25,996.3,49.5
2026-07-12 06:00:00,9,14,2026-07-23 00:00:00,10 days 18:00:00,258,18.51,124.01,994.4,52.3
2026-07-12 06:00:00,9,14,2026-07-23 06:00:00,11 days 00:00:00,264,19.0,121.75,992.5,55.1
2026-07-12 06:00:00,9,14,2026-07-23 12:00:00,11 days 06:00:00,270,19.5,120.63,990.5,58.0
2026-07-12 06:00:00,9,14,2026-07-23 18:00:00,11 days 12:00:00,276,20.0,119.5,988.5,60.8
2026-07-12 06:00:00,9,14,2026-07-24 00:00:00,11 days 18:00:00,282,20.63,118.38,988.5,60.8
2026-07-12 06:00:00,9,14,2026-07-24 06:00:00,12 days 00:00:00,288,21.25,117.25,988.5,60.8
2026-07-12 06:00:00,9,14,2026-07-24 12:00:00,12 days 06:00:00,294,22.0,116.26,989.7,59.2
2026-07-12 06:00:00,9,14,2026-07-24 18:00:00,12 days 12:00:00,300,22.75,115.25,990.9,57.5
2026-07-12 06:00:00,9,14,2026-07-25 00:00:00,12 days 18:00:00,306,23.75,114.51,993.7,53.3
2026-07-12 06:00:00,9,14,2026-07-25 06:00:00,13 days 00:00:00,312,24.75,113.75,996.5,49.2
2026-07-12 06:00:00,0,15,2026-07-12 06:00:00,0 days 00:00:00,0,31.25,118.75,986.3,63.8
2026-07-12 06:00:00,0,15,2026-07-12 12:00:00,0 days 06:00:00,6,32.13,118.38,988.0,61.6
2026-07-12 06:00:00,0,15,2026-07-12 18:00:00,0 days 12:00:00,12,33.0,118.0,989.6,59.3
2026-07-12 06:00:00,0,15,2026-07-13 00:00:00,0 days 18:00:00,18,33.63,118.37,990.9,57.4
2026-07-12 06:00:00,0,15,2026-07-13 06:00:00,1 days 00:00:00,24,34.25,118.75,992.2,55.5
2026-07-12 06:00:00,0,15,2026-07-13 12:00:00,1 days 06:00:00,30,34.75,119.37,991.9,56.0
2026-07-12 06:00:00,0,15,2026-07-13 18:00:00,1 days 12:00:00,36,35.25,120.0,991.6,56.4
2026-07-12 06:00:00,0,15,2026-07-14 00:00:00,1 days 18:00:00,42,36.89,121.84,992.0,55.9
2026-07-12 06:00:00,0,15,2026-07-14 06:00:00,2 days 00:00:00,48,38.5,123.75,992.4,55.3
2026-07-12 06:00:00,0,15,2026-07-14 12:00:00,2 days 06:00:00,54,39.41,126.47,991.3,56.8
2026-07-12 06:00:00,0,15,2026-07-14 18:00:00,2 days 12:00:00,60,40.25,129.25,990.3,58.4
2026-07-12 06:00:00,3,15,2026-07-12 06:00:00,0 days 00:00:00,0,-41.75,-140.0,971.7,82.5
2026-07-12 06:00:00,3,15,2026-07-12 12:00:00,0 days 06:00:00,6,-43.13,-139.76,971.5,82.9
2026-07-12 06:00:00,3,15,2026-07-12 18:00:00,0 days 12:00:00,12,-44.5,-139.5,971.2,83.2
2026-07-12 06:00:00,3,15,2026-07-13 00:00:00,0 days 18:00:00,18,-45.63,-139.99,971.7,82.6
2026-07-12 06:00:00,3,15,2026-07-13 06:00:00,1 days 00:00:00,24,-46.75,-140.5,972.2,82.0
2026-07-12 06:00:00,3,15,2026-07-13 12:00:00,1 days 06:00:00,30,-46.13,-141.64,975.5,77.8
2026-07-12 06:00:00,3,15,2026-07-13 18:00:00,1 days 12:00:00,36,-45.5,-142.75,978.9,73.7
2026-07-12 06:00:00,3,15,2026-07-14 00:00:00,1 days 18:00:00,42,-44.13,-143.77,980.8,71.2
2026-07-12 06:00:00,3,15,2026-07-14 06:00:00,2 days 00:00:00,48,-42.75,-144.75,982.7,68.7
2026-07-12 06:00:00,4,15,2026-07-12 06:00:00,0 days 00:00:00,0,-41.0,-92.75,973.3,80.6
2026-07-12 06:00:00,4,15,2026-07-12 12:00:00,0 days 06:00:00,6,-42.02,-90.41,973.8,80.0
2026-07-12 06:00:00,4,15,2026-07-12 18:00:00,0 days 12:00:00,12,-43.0,-88.0,974.3,79.4
2026-07-12 06:00:00,4,15,2026-07-13 00:00:00,0 days 18:00:00,18,-43.41,-85.27,976.3,76.9
2026-07-12 06:00:00,4,15,2026-07-13 06:00:00,1 days 00:00:00,24,-43.75,-82.5,978.3,74.4
2026-07-12 06:00:00,4,15,2026-07-13 12:00:00,1 days 06:00:00,30,-44.64,-80.78,980.4,71.7
2026-07-12 06:00:00,4,15,2026-07-13 18:00:00,1 days 12:00:00,36,-45.5,-79.0,982.5,69.0
2026-07-12 06:00:00,4,15,2026-07-14 00:00:00,1 days 18:00:00,42,-46.38,-78.75,985.5,64.9
2026-07-12 06:00:00,4,15,2026-07-14 06:00:00,2 days 00:00:00,48,-47.25,-78.5,988.6,60.7
2026-07-12 06:00:00,4,15,2026-07-14 12:00:00,2 days 06:00:00,54,-47.44,-78.69,988.4,61.0
2026-07-12 06:00:00,4,15,2026-07-14 18:00:00,2 days 12:00:00,60,-47.63,-78.87,988.2,61.3
2026-07-12 06:00:00,4,15,2026-07-15 00:00:00,2 days 18:00:00,66,-47.81,-79.06,988.0,61.5
2026-07-12 06:00:00,4,15,2026-07-15 06:00:00,3 days 00:00:00,72,-48.0,-79.25,987.8,61.8
2026-07-12 06:00:00,5,15,2026-07-15 18:00:00,3 days 12:00:00,84,14.0,-114.25,1005.6,33.9
2026-07-12 06:00:00,5,15,2026-07-16 00:00:00,3 days 18:00:00,90,14.63,-115.75,1004.7,35.6
2026-07-12 06:00:00,5,15,2026-07-16 06:00:00,4 days 00:00:00,96,15.25,-117.25,1003.8,37.2
2026-07-12 06:00:00,5,15,2026-07-16 12:00:00,4 days 06:00:00,102,15.5,-117.75,1002.7,39.2
2026-07-12 06:00:00,5,15,2026-07-16 18:00:00,4 days 12:00:00,108,15.75,-118.25,1001.5,41.1
2026-07-12 06:00:00,5,15,2026-07-17 00:00:00,4 days 18:00:00,114,16.0,-119.12,999.9,43.8
2026-07-12 06:00:00,5,15,2026-07-17 06:00:00,5 days 00:00:00,120,16.25,-120.0,998.2,46.5
2026-07-12 06:00:00,5,15,2026-07-17 12:00:00,5 days 06:00:00,126,16.25,-120.5,996.6,48.9
2026-07-12 06:00:00,5,15,2026-07-17 18:00:00,5 days 12:00:00,132,16.25,-121.0,995.1,51.3
2026-07-12 06:00:00,5,15,2026-07-18 00:00:00,5 days 18:00:00,138,17.25,-121.75,993.8,53.3
2026-07-12 06:00:00,5,15,2026-07-18 06:00:00,6 days 00:00:00,144,18.25,-122.5,992.5,55.2
2026-07-12 06:00:00,5,15,2026-07-18 12:00:00,6 days 06:00:00,150,18.88,-123.25,991.6,56.4
2026-07-12 06:00:00,5,15,2026-07-18 18:00:00,6 days 12:00:00,156,19.5,-124.0,990.8,57.6
2026-07-12 06:00:00,5,15,2026-07-19 00:00:00,6 days 18:00:00,162,20.25,-124.75,992.0,55.9
2026-07-12 06:00:00,5,15,2026-07-19 06:00:00,7 days 00:00:00,168,21.0,-125.5,993.2,54.1
2026-07-12 06:00:00,5,15,2026-07-19 12:00:00,7 days 06:00:00,174,21.75,-126.0,996.2,49.5
2026-07-12 06:00:00,5,15,2026-07-19 18:00:00,7 days 12:00:00,180,22.5,-126.5,999.2,44.9
2026-07-12 06:00:00,5,15,2026-07-20 00:00:00,7 days 18:00:00,186,23.38,-127.37,1001.1,41.8
2026-07-12 06:00:00,5,15,2026-07-20 06:00:00,8 days 00:00:00,192,24.25,-128.25,1002.9,38.7
2026-07-12 06:00:00,5,15,2026-07-20 12:00:00,8 days 06:00:00,198,24.88,-129.12,1005.0,35.0
2026-07-12 06:00:00,5,15,2026-07-20 18:00:00,8 days 12:00:00,204,25.5,-130.0,1007.1,31.3
2026-07-12 06:00:00,5,15,2026-07-21 00:00:00,8 days 18:00:00,210,23.56,-127.53,1002.7,38.3
2026-07-12 06:00:00,5,15,2026-07-21 06:00:00,9 days 00:00:00,216,21.57,-125.12,998.3,45.3
2026-07-12 06:00:00,5,15,2026-07-21 12:00:00,9 days 06:00:00,222,19.54,-122.77,994.0,52.3
2026-07-12 06:00:00,5,15,2026-07-21 18:00:00,9 days 12:00:00,228,17.5,-120.5,989.6,59.3
2026-07-12 06:00:00,5,15,2026-07-22 00:00:00,9 days 18:00:00,234,18.0,-121.12,987.8,61.8
2026-07-12 06:00:00,5,15,2026-07-22 06:00:00,10 days 00:00:00,240,18.5,-121.75,986.0,64.3
2026-07-12 06:00:00,5,15,2026-07-22 12:00:00,10 days 06:00:00,246,18.88,-122.75,988.8,60.4
2026-07-12 06:00:00,5,15,2026-07-22 18:00:00,10 days 12:00:00,252,19.25,-123.75,991.6,56.5
2026-07-12 06:00:00,5,15,2026-07-23 00:00:00,10 days 18:00:00,258,20.13,-124.62,993.8,53.2
2026-07-12 06:00:00,5,15,2026-07-23 06:00:00,11 days 00:00:00,264,21.0,-125.5,996.1,49.8
2026-07-12 06:00:00,5,15,2026-07-23 12:00:00,11 days 06:00:00,270,21.51,-126.99,998.0,46.8
2026-07-12 06:00:00,5,15,2026-07-23 18:00:00,11 days 12:00:00,276,22.0,-128.5,999.9,43.8
2026-07-12 06:00:00,5,15,2026-07-24 00:00:00,11 days 18:00:00,282,22.26,-130.12,1001.4,41.3
2026-07-12 06:00:00,5,15,2026-07-24 06:00:00,12 days 00:00:00,288,22.5,-131.75,1002.9,38.8
2026-07-12 06:00:00,5,15,2026-07-24 12:00:00,12 days 06:00:00,294,22.75,-132.87,1004.0,36.9
2026-07-12 06:00:00,5,15,2026-07-24 18:00:00,12 days 12:00:00,300,23.0,-134.0,1005.0,35.1
2026-07-12 06:00:00,5,15,2026-07-25 00:00:00,12 days 18:00:00,306,23.5,-135.12,1006.9,31.6
2026-07-12 06:00:00,5,15,2026-07-25 06:00:00,13 days 00:00:00,312,24.0,-136.25,1008.7,28.1
2026-07-12 06:00:00,6,15,2026-07-17 18:00:00,5 days 12:00:00,132,7.25,-105.25,1007.6,30.3
2026-07-12 06:00:00,6,15,2026-07-18 00:00:00,5 days 18:00:00,138,8.5,-106.0,1007.5,30.4
2026-07-12 06:00:00,6,15,2026-07-18 06:00:00,6 days 00:00:00,144,9.75,-106.75,1007.5,30.5
2026-07-12 06:00:00,6,15,2026-07-18 12:00:00,6 days 06:00:00,150,9.88,-107.75,1006.4,32.4
2026-07-12 06:00:00,6,15,2026-07-18 18:00:00,6 days 12:00:00,156,10.0,-108.75,1005.4,34.4
2026-07-12 06:00:00,6,15,2026-07-19 00:00:00,6 days 18:00:00,162,10.75,-109.5,1004.6,35.9
2026-07-12 06:00:00,6,15,2026-07-19 06:00:00,7 days 00:00:00,168,11.5,-110.25,1003.7,37.3
2026-07-12 06:00:00,6,15,2026-07-19 12:00:00,7 days 06:00:00,174,12.0,-111.5,1001.4,41.3
2026-07-12 06:00:00,6,15,2026-07-19 18:00:00,7 days 12:00:00,180,12.5,-112.75,999.0,45.2
2026-07-12 06:00:00,6,15,2026-07-20 00:00:00,7 days 18:00:00,186,13.25,-114.0,995.8,50.2
2026-07-12 06:00:00,6,15,2026-07-20 06:00:00,8 days 00:00:00,192,14.0,-115.25,992.5,55.1
2026-07-12 06:00:00,6,15,2026-07-20 12:00:00,8 days 06:00:00,198,14.63,-116.12,992.7,54.9
2026-07-12 06:00:00,6,15,2026-07-20 18:00:00,8 days 12:00:00,204,15.25,-117.0,992.8,54.7
2026-07-12 06:00:00,6,15,2026-07-21 00:00:00,8 days 18:00:00,210,15.75,-118.0,992.4,55.3
2026-07-12 06:00:00,6,15,2026-07-21 06:00:00,9 days 00:00:00,216,16.25,-119.0,992.0,55.9
2026-07-12 06:00:00,6,15,2026-07-21 12:00:00,9 days 06:00:00,222,16.88,-119.75,990.8,57.6
2026-07-12 06:00:00,6,15,2026-07-21 18:00:00,9 days 12:00:00,228,17.5,-120.5,989.6,59.3
2026-07-12 06:00:00,7,15,2026-07-18 06:00:00,6 days 00:00:00,144,30.75,70.75,996.1,49.8
2026-07-12 06:00:00,7,15,2026-07-18 12:00:00,6 days 06:00:00,150,30.91,69.01,995.8,50.3
2026-07-12 06:00:00,7,15,2026-07-18 18:00:00,6 days 12:00:00,156,31.05,67.26,995.4,50.8
2026-07-12 06:00:00,7,15,2026-07-19 00:00:00,6 days 18:00:00,162,31.16,65.51,995.1,51.3
2026-07-12 06:00:00,7,15,2026-07-19 06:00:00,7 days 00:00:00,168,31.25,63.75,994.8,51.8
2026-07-12 06:00:00,7,15,2026-07-19 12:00:00,7 days 06:00:00,174,31.63,63.38,993.4,53.8
2026-07-12 06:00:00,7,15,2026-07-19 18:00:00,7 days 12:00:00,180,32.0,63.0,992.1,55.7
2026-07-12 06:00:00,7,15,2026-07-20 00:00:00,7 days 18:00:00,186,31.63,62.75,993.4,53.9
2026-07-12 06:00:00,7,15,2026-07-20 06:00:00,8 days 00:00:00,192,31.25,62.5,994.6,52.0
2026-07-12 06:00:00,7,15,2026-07-20 12:00:00,8 days 06:00:00,198,31.63,62.87,992.3,55.4
2026-07-12 06:00:00,7,15,2026-07-20 18:00:00,8 days 12:00:00,204,32.0,63.25,990.0,58.7
2026-07-12 06:00:00,7,15,2026-07-21 00:00:00,8 days 18:00:00,210,32.0,63.38,991.5,56.5
2026-07-12 06:00:00,7,15,2026-07-21 06:00:00,9 days 00:00:00,216,32.0,63.5,993.1,54.3
2026-07-12 06:00:00,7,15,2026-07-21 12:00:00,9 days 06:00:00,222,32.0,63.38,991.2,57.0
2026-07-12 06:00:00,7,15,2026-07-21 18:00:00,9 days 12:00:00,228,32.0,63.25,989.4,59.6
2026-07-12 06:00:00,0,16,2026-07-12 06:00:00,0 days 00:00:00,0,31.25,118.75,986.3,63.8
2026-07-12 06:00:00,0,16,2026-07-12 12:00:00,0 days 06:00:00,6,32.25,118.5,987.7,61.9
2026-07-12 06:00:00,0,16,2026-07-12 18:00:00,0 days 12:00:00,12,33.25,118.25,989.1,60.1
2026-07-12 06:00:00,0,16,2026-07-13 00:00:00,0 days 18:00:00,18,33.63,118.13,990.4,58.2
2026-07-12 06:00:00,0,16,2026-07-13 06:00:00,1 days 00:00:00,24,34.0,118.0,991.7,56.3
2026-07-12 06:00:00,0,16,2026-07-13 12:00:00,1 days 06:00:00,30,34.63,118.87,992.2,55.6
2026-07-12 06:00:00,0,16,2026-07-13 18:00:00,1 days 12:00:00,36,35.25,119.75,992.7,54.8
2026-07-12 06:00:00,0,16,2026-07-14 00:00:00,1 days 18:00:00,42,36.26,121.35,991.8,56.2
2026-07-12 06:00:00,0,16,2026-07-14 06:00:00,2 days 00:00:00,48,37.25,123.0,990.8,57.6
2026-07-12 06:00:00,0,16,2026-07-14 12:00:00,2 days 06:00:00,54,38.41,125.83,990.0,58.8
2026-07-12 06:00:00,0,16,2026-07-14 18:00:00,2 days 12:00:00,60,39.5,128.75,989.1,60.0
2026-07-12 06:00:00,0,16,2026-07-15 00:00:00,2 days 18:00:00,66,40.92,131.81,986.8,63.1
2026-07-12 06:00:00,0,16,2026-07-15 06:00:00,3 days 00:00:00,72,42.25,135.0,984.5,66.3
2026-07-12 06:00:00,10,16,2026-07-23 18:00:00,11 days 12:00:00,276,19.25,136.75,1002.9,38.8
2026-07-12 06:00:00,10,16,2026-07-24 00:00:00,11 days 18:00:00,282,20.0,136.63,1003.2,38.3
2026-07-12 06:00:00,10,16,2026-07-24 06:00:00,12 days 00:00:00,288,20.75,136.5,1003.5,37.8
2026-07-12 06:00:00,10,16,2026-07-24 12:00:00,12 days 06:00:00,294,21.13,136.25,1001.6,40.9
2026-07-12 06:00:00,10,16,2026-07-24 18:00:00,12 days 12:00:00,300,21.5,136.0,999.7,44.1
2026-07-12 06:00:00,10,16,2026-07-25 00:00:00,12 days 18:00:00,306,22.5,136.25,997.3,47.8
2026-07-12 06:00:00,10,16,2026-07-25 06:00:00,13 days 00:00:00,312,23.5,136.5,994.9,51.6
2026-07-12 06:00:00,10,16,2026-07-25 12:00:00,13 days 06:00:00,318,24.0,136.87,991.9,56.0
2026-07-12 06:00:00,10,16,2026-07-25 18:00:00,13 days 12:00:00,324,24.5,137.25,988.9,60.4
2026-07-12 06:00:00,10,16,2026-07-26 00:00:00,13 days 18:00:00,330,24.88,137.75,985.9,64.4
2026-07-12 06:00:00,10,16,2026-07-26 06:00:00,14 days 00:00:00,336,25.25,138.25,982.9,68.4
2026-07-12 06:00:00,10,16,2026-07-26 12:00:00,14 days 06:00:00,342,25.38,138.25,983.4,67.8
2026-07-12 06:00:00,10,16,2026-07-26 18:00:00,14 days 12:00:00,348,25.5,138.25,983.9,67.1
2026-07-12 06:00:00,10,16,2026-07-27 00:00:00,14 days 18:00:00,354,25.63,137.88,983.6,67.6
2026-07-12 06:00:00,10,16,2026-07-27 06:00:00,15 days 00:00:00,360,25.75,137.5,983.2,68.0
2026-07-12 06:00:00,3,16,2026-07-12 06:00:00,0 days 00:00:00,0,-41.75,-140.0,971.7,82.5
2026-07-12 06:00:00,3,16,2026-07-12 12:00:00,0 days 06:00:00,6,-43.13,-139.63,970.4,84.1
2026-07-12 06:00:00,3,16,2026-07-12 18:00:00,0 days 12:00:00,12,-44.5,-139.25,969.1,85.6
2026-07-12 06:00:00,3,16,2026-07-13 00:00:00,0 days 18:00:00,18,-45.75,-139.86,971.9,82.2
2026-07-12 06:00:00,3,16,2026-07-13 06:00:00,1 days 00:00:00,24,-47.0,-140.5,974.7,78.9
2026-07-12 06:00:00,3,16,2026-07-13 12:00:00,1 days 06:00:00,30,-46.13,-141.77,976.7,76.4
2026-07-12 06:00:00,3,16,2026-07-13 18:00:00,1 days 12:00:00,36,-45.25,-143.0,978.6,74.0
2026-07-12 06:00:00,3,16,2026-07-14 00:00:00,1 days 18:00:00,42,-43.75,-143.64,981.4,70.4
2026-07-12 06:00:00,3,16,2026-07-14 06:00:00,2 days 00:00:00,48,-42.25,-144.25,984.1,66.8
2026-07-12 06:00:00,3,16,2026-07-14 12:00:00,2 days 06:00:00,54,-41.81,-143.99,983.8,67.2
2026-07-12 06:00:00,3,16,2026-07-14 18:00:00,2 days 12:00:00,60,-41.38,-143.74,983.5,67.6
2026-07-12 06:00:00,3,16,2026-07-15 00:00:00,2 days 18:00:00,66,-40.94,-143.49,983.2,68.0
2026-07-12 06:00:00,3,16,2026-07-15 06:00:00,3 days 00:00:00,72,-40.5,-143.25,982.9,68.4
2026-07-12 06:00:00,4,16,2026-07-12 06:00:00,0 days 00:00:00,0,-41.0,-92.75,973.3,80.6
2026-07-12 06:00:00,4,16,2026-07-12 12:00:00,0 days 06:00:00,6,-41.9,-90.28,973.6,80.3
2026-07-12 06:00:00,4,16,2026-07-12 18:00:00,0 days 12:00:00,12,-42.75,-87.75,973.8,79.9
2026-07-12 06:00:00,4,16,2026-07-13 00:00:00,0 days 18:00:00,18,-43.28,-85.15,975.1,78.4
2026-07-12 06:00:00,4,16,2026-07-13 06:00:00,1 days 00:00:00,24,-43.75,-82.5,976.3,76.9
2026-07-12 06:00:00,4,16,2026-07-13 12:00:00,1 days 06:00:00,30,-44.76,-80.78,979.6,72.7
2026-07-12 06:00:00,4,16,2026-07-13 18:00:00,1 days 12:00:00,36,-45.75,-79.0,982.9,68.4
2026-07-12 06:00:00,4,16,2026-07-14 00:00:00,1 days 18:00:00,42,-46.25,-78.63,985.9,64.3
2026-07-12 06:00:00,4,16,2026-07-14 06:00:00,2 days 00:00:00,48,-46.75,-78.25,989.0,60.2
2026-07-12 06:00:00,4,16,2026-07-14 12:00:00,2 days 06:00:00,54,-45.37,-80.46,990.6,57.9
2026-07-12 06:00:00,4,16,2026-07-14 18:00:00,2 days 12:00:00,60,-43.95,-82.57,992.1,55.6
2026-07-12 06:00:00,4,16,2026-07-15 00:00:00,2 days 18:00:00,66,-42.49,-84.59,993.7,53.3
2026-07-12 06:00:00,4,16,2026-07-15 06:00:00,3 days 00:00:00,72,-41.0,-86.5,995.3,51.0
2026-07-12 06:00:00,4,16,2026-07-15 12:00:00,3 days 06:00:00,78,-40.25,-85.62,995.9,50.1
2026-07-12 06:00:00,4,16,2026-07-15 18:00:00,3 days 12:00:00,84,-39.5,-84.75,996.5,49.2
2026-07-12 06:00:00,5,16,2026-07-15 06:00:00,3 days 00:00:00,72,14.0,-113.0,1005.2,34.8
2026-07-12 06:00:00,5,16,2026-07-15 12:00:00,3 days 06:00:00,78,13.5,-114.0,1002.2,39.9
2026-07-12 06:00:00,5,16,2026-07-15 18:00:00,3 days 12:00:00,84,13.0,-115.0,999.2,45.0
2026-07-12 06:00:00,5,16,2026-07-16 00:00:00,3 days 18:00:00,90,13.63,-116.87,999.7,44.1
2026-07-12 06:00:00,5,16,2026-07-16 06:00:00,4 days 00:00:00,96,14.25,-118.75,1000.3,43.2
2026-07-12 06:00:00,5,16,2026-07-16 12:00:00,4 days 06:00:00,102,14.5,-119.5,999.2,44.8
2026-07-12 06:00:00,5,16,2026-07-16 18:00:00,4 days 12:00:00,108,14.75,-120.25,998.2,46.5
2026-07-12 06:00:00,5,16,2026-07-17 00:00:00,4 days 18:00:00,114,15.25,-121.25,994.9,51.5
2026-07-12 06:00:00,5,16,2026-07-17 06:00:00,5 days 00:00:00,120,15.75,-122.25,991.6,56.5
2026-07-12 06:00:00,5,16,2026-07-17 12:00:00,5 days 06:00:00,126,16.13,-123.12,989.0,60.0
2026-07-12 06:00:00,5,16,2026-07-17 18:00:00,5 days 12:00:00,132,16.5,-124.0,986.5,63.6
2026-07-12 06:00:00,5,16,2026-07-18 00:00:00,5 days 18:00:00,138,17.63,-124.75,987.2,62.7
2026-07-12 06:00:00,5,16,2026-07-18 06:00:00,6 days 00:00:00,144,18.75,-125.5,987.8,61.8
2026-07-12 06:00:00,5,16,2026-07-18 12:00:00,6 days 06:00:00,150,19.25,-126.62,988.2,61.3
2026-07-12 06:00:00,5,16,2026-07-18 18:00:00,6 days 12:00:00,156,19.75,-127.75,988.6,60.8
2026-07-12 06:00:00,5,16,2026-07-19 00:00:00,6 days 18:00:00,162,20.63,-128.37,992.0,55.8
2026-07-12 06:00:00,5,16,2026-07-19 06:00:00,7 days 00:00:00,168,21.5,-129.0,995.4,50.8
2026-07-12 06:00:00,6,16,2026-07-18 06:00:00,6 days 00:00:00,144,10.0,-109.25,1009.9,25.7
2026-07-12 06:00:00,6,16,2026-07-18 12:00:00,6 days 06:00:00,150,10.13,-110.62,1009.3,27.0
2026-07-12 06:00:00,6,16,2026-07-18 18:00:00,6 days 12:00:00,156,10.25,-112.0,1008.6,28.3
2026-07-12 06:00:00,6,16,2026-07-19 00:00:00,6 days 18:00:00,162,10.75,-112.75,1007.8,29.8
2026-07-12 06:00:00,6,16,2026-07-19 06:00:00,7 days 00:00:00,168,11.25,-113.5,1007.1,31.3
2026-07-12 06:00:00,6,16,2026-07-19 12:00:00,7 days 06:00:00,174,11.38,-114.75,1005.7,33.8
2026-07-12 06:00:00,6,16,2026-07-19 18:00:00,7 days 12:00:00,180,11.5,-116.0,1004.4,36.2
2026-07-12 06:00:00,6,16,2026-07-20 00:00:00,7 days 18:00:00,186,11.63,-116.62,1003.1,38.4
2026-07-12 06:00:00,6,16,2026-07-20 06:00:00,8 days 00:00:00,192,11.75,-117.25,1001.9,40.5
2026-07-12 06:00:00,6,16,2026-07-20 12:00:00,8 days 06:00:00,198,12.38,-117.75,999.4,44.6
2026-07-12 06:00:00,6,16,2026-07-20 18:00:00,8 days 12:00:00,204,13.0,-118.25,996.8,48.6
2026-07-12 06:00:00,6,16,2026-07-21 00:00:00,8 days 18:00:00,210,13.25,-119.0,993.2,54.0
2026-07-12 06:00:00,6,16,2026-07-21 06:00:00,9 days 00:00:00,216,13.5,-119.75,989.6,59.3
2026-07-12 06:00:00,6,16,2026-07-21 12:00:00,9 days 06:00:00,222,13.63,-120.37,987.9,61.7
2026-07-12 06:00:00,6,16,2026-07-21 18:00:00,9 days 12:00:00,228,13.75,-121.0,986.2,64.1
2026-07-12 06:00:00,6,16,2026-07-22 00:00:00,9 days 18:00:00,234,13.88,-121.5,988.4,61.0
2026-07-12 06:00:00,6,16,2026-07-22 06:00:00,10 days 00:00:00,240,14.0,-122.0,990.6,57.9
2026-07-12 06:00:00,6,16,2026-07-22 12:00:00,10 days 06:00:00,246,14.13,-122.87,988.4,61.0
2026-07-12 06:00:00,6,16,2026-07-22 18:00:00,10 days 12:00:00,252,14.25,-123.75,986.1,64.1
2026-07-12 06:00:00,6,16,2026-07-23 00:00:00,10 days 18:00:00,258,14.38,-124.62,984.8,65.9
2026-07-12 06:00:00,6,16,2026-07-23 06:00:00,11 days 00:00:00,264,14.5,-125.5,983.5,67.6
2026-07-12 06:00:00,6,16,2026-07-23 12:00:00,11 days 06:00:00,270,14.63,-126.5,976.8,76.1
2026-07-12 06:00:00,6,16,2026-07-23 18:00:00,11 days 12:00:00,276,14.75,-127.5,970.0,84.6
2026-07-12 06:00:00,6,16,2026-07-24 00:00:00,11 days 18:00:00,282,14.63,-128.63,971.2,83.1
2026-07-12 06:00:00,6,16,2026-07-24 06:00:00,12 days 00:00:00,288,14.5,-129.75,972.5,81.7
2026-07-12 06:00:00,6,16,2026-07-24 12:00:00,12 days 06:00:00,294,14.75,-131.0,975.2,78.2
2026-07-12 06:00:00,6,16,2026-07-24 18:00:00,12 days 12:00:00,300,15.0,-132.25,978.0,74.7
2026-07-12 06:00:00,6,16,2026-07-25 00:00:00,12 days 18:00:00,306,15.13,-133.87,978.6,74.0
2026-07-12 06:00:00,6,16,2026-07-25 06:00:00,13 days 00:00:00,312,15.25,-135.5,979.2,73.2
2026-07-12 06:00:00,6,16,2026-07-25 12:00:00,13 days 06:00:00,318,15.51,-137.25,979.1,73.3
2026-07-12 06:00:00,6,16,2026-07-25 18:00:00,13 days 12:00:00,324,15.75,-139.0,979.0,73.5
2026-07-12 06:00:00,6,16,2026-07-26 00:00:00,13 days 18:00:00,330,15.76,-140.5,980.1,72.1
2026-07-12 06:00:00,6,16,2026-07-26 06:00:00,14 days 00:00:00,336,15.75,-142.0,981.2,70.7
2026-07-12 06:00:00,6,16,2026-07-26 12:00:00,14 days 06:00:00,342,15.88,-143.5,980.0,72.2
2026-07-12 06:00:00,6,16,2026-07-26 18:00:00,14 days 12:00:00,348,16.0,-145.0,978.7,73.8
2026-07-12 06:00:00,6,16,2026-07-27 00:00:00,14 days 18:00:00,354,16.13,-146.37,977.7,75.1
2026-07-12 06:00:00,6,16,2026-07-27 06:00:00,15 days 00:00:00,360,16.25,-147.75,976.7,76.5
2026-07-12 06:00:00,7,16,2026-07-20 18:00:00,8 days 12:00:00,204,-40.5,-131.75,983.5,67.6
2026-07-12 06:00:00,7,16,2026-07-21 00:00:00,8 days 18:00:00,210,-41.5,-131.38,981.1,70.7
2026-07-12 06:00:00,7,16,2026-07-21 06:00:00,9 days 00:00:00,216,-42.5,-131.0,978.7,73.9
2026-07-12 06:00:00,7,16,2026-07-21 12:00:00,9 days 06:00:00,222,-44.26,-129.67,980.8,71.1
2026-07-12 06:00:00,7,16,2026-07-21 18:00:00,9 days 12:00:00,228,-46.0,-128.25,983.0,68.3
2026-07-12 06:00:00,7,16,2026-07-22 00:00:00,9 days 18:00:00,234,-44.32,-132.24,984.7,66.0
2026-07-12 06:00:00,7,16,2026-07-22 06:00:00,10 days 00:00:00,240,-42.5,-136.0,986.4,63.7
2026-07-12 06:00:00,7,16,2026-07-22 12:00:00,10 days 06:00:00,246,-41.65,-133.34,983.5,67.6
2026-07-12 06:00:00,7,16,2026-07-22 18:00:00,10 days 12:00:00,252,-40.75,-130.75,980.5,71.6
2026-07-12 06:00:00,7,16,2026-07-23 00:00:00,10 days 18:00:00,258,-41.29,-127.9,979.9,72.3
2026-07-12 06:00:00,7,16,2026-07-23 06:00:00,11 days 00:00:00,264,-41.75,-125.0,979.4,73.0
2026-07-12 06:00:00,7,16,2026-07-23 12:00:00,11 days 06:00:00,270,-42.88,-123.9,979.8,72.5
2026-07-12 06:00:00,7,16,2026-07-23 18:00:00,11 days 12:00:00,276,-44.0,-122.75,980.2,72.0
2026-07-12 06:00:00,7,16,2026-07-24 00:00:00,11 days 18:00:00,282,-43.88,-122.75,983.4,67.6
2026-07-12 06:00:00,7,16,2026-07-24 06:00:00,12 days 00:00:00,288,-43.75,-122.75,986.7,63.3
2026-07-12 06:00:00,8,16,2026-07-21 06:00:00,9 days 00:00:00,216,10.75,-105.5,1010.0,25.5
2026-07-12 06:00:00,8,16,2026-07-21 12:00:00,9 days 06:00:00,222,11.13,-106.5,1009.5,26.5
2026-07-12 06:00:00,8,16,2026-07-21 18:00:00,9 days 12:00:00,228,11.5,-107.5,1009.0,27.6
2026-07-12 06:00:00,8,16,2026-07-22 00:00:00,9 days 18:00:00,234,11.5,-108.62,1008.3,29.0
2026-07-12 06:00:00,8,16,2026-07-22 06:00:00,10 days 00:00:00,240,11.5,-109.75,1007.5,30.4
2026-07-12 06:00:00,8,16,2026-07-22 12:00:00,10 days 06:00:00,246,11.75,-110.25,1006.0,33.2
2026-07-12 06:00:00,8,16,2026-07-22 18:00:00,10 days 12:00:00,252,12.0,-110.75,1004.5,36.1
2026-07-12 06:00:00,8,16,2026-07-23 00:00:00,10 days 18:00:00,258,12.13,-111.75,1003.0,38.5
2026-07-12 06:00:00,8,16,2026-07-23 06:00:00,11 days 00:00:00,264,12.25,-112.75,1001.6,41.0
2026-07-12 06:00:00,8,16,2026-07-23 12:00:00,11 days 06:00:00,270,12.25,-114.0,998.3,46.2
2026-07-12 06:00:00,8,16,2026-07-23 18:00:00,11 days 12:00:00,276,12.25,-115.25,995.0,51.4
2026-07-12 06:00:00,8,16,2026-07-24 00:00:00,11 days 18:00:00,282,12.25,-115.88,997.2,48.0
2026-07-12 06:00:00,8,16,2026-07-24 06:00:00,12 days 00:00:00,288,12.25,-116.5,999.4,44.5
2026-07-12 06:00:00,8,16,2026-07-24 12:00:00,12 days 06:00:00,294,12.25,-117.13,1001.4,41.2
2026-07-12 06:00:00,8,16,2026-07-24 18:00:00,12 days 12:00:00,300,12.25,-117.75,1003.4,38.0
2026-07-12 06:00:00,8,16,2026-07-25 00:00:00,12 days 18:00:00,306,12.13,-118.5,1001.7,40.8
2026-07-12 06:00:00,8,16,2026-07-25 06:00:00,13 days 00:00:00,312,12.0,-119.25,1000.0,43.6
2026-07-12 06:00:00,8,16,2026-07-25 12:00:00,13 days 06:00:00,318,12.0,-119.75,1000.4,43.0
2026-07-12 06:00:00,8,16,2026-07-25 18:00:00,13 days 12:00:00,324,12.0,-120.25,1000.7,42.5
2026-07-12 06:00:00,8,16,2026-07-26 00:00:00,13 days 18:00:00,330,11.75,-120.88,1001.5,41.1
2026-07-12 06:00:00,8,16,2026-07-26 06:00:00,14 days 00:00:00,336,11.5,-121.5,1002.4,39.7
2026-07-12 06:00:00,8,16,2026-07-26 12:00:00,14 days 06:00:00,342,11.25,-122.38,1003.4,37.9
2026-07-12 06:00:00,8,16,2026-07-26 18:00:00,14 days 12:00:00,348,11.0,-123.25,1004.4,36.1
2026-07-12 06:00:00,8,16,2026-07-27 00:00:00,14 days 18:00:00,354,12.42,-118.53,1005.7,33.8
2026-07-12 06:00:00,8,16,2026-07-27 06:00:00,15 days 00:00:00,360,13.75,-113.75,1007.0,31.5
2026-07-12 06:00:00,9,16,2026-07-22 06:00:00,10 days 00:00:00,240,12.75,132.75,1003.2,38.3
2026-07-12 06:00:00,9,16,2026-07-22 12:00:00,10 days 06:00:00,246,12.76,130.25,1002.4,39.6
2026-07-12 06:00:00,9,16,2026-07-22 18:00:00,10 days 12:00:00,252,12.75,127.75,1001.6,41.0
2026-07-12 06:00:00,9,16,2026-07-23 00:00:00,10 days 18:00:00,258,13.0,127.0,1000.8,42.4
2026-07-12 06:00:00,9,16,2026-07-23 06:00:00,11 days 00:00:00,264,13.25,126.25,999.9,43.8
2026-07-12 06:00:00,9,16,2026-07-23 12:00:00,11 days 06:00:00,270,14.0,125.5,997.5,47.5
2026-07-12 06:00:00,9,16,2026-07-23 18:00:00,11 days 12:00:00,276,14.75,124.75,995.1,51.3
2026-07-12 06:00:00,9,16,2026-07-24 00:00:00,11 days 18:00:00,282,15.13,123.88,992.9,54.5
2026-07-12 06:00:00,9,16,2026-07-24 06:00:00,12 days 00:00:00,288,15.5,123.0,990.8,57.6
2026-07-12 06:00:00,9,16,2026-07-24 12:00:00,12 days 06:00:00,294,16.38,122.38,991.3,56.8
2026-07-12 06:00:00,9,16,2026-07-24 18:00:00,12 days 12:00:00,300,17.25,121.75,991.9,56.1
2026-07-12 06:00:00,9,16,2026-07-25 00:00:00,12 days 18:00:00,306,18.13,121.0,992.3,55.4
2026-07-12 06:00:00,9,16,2026-07-25 06:00:00,13 days 00:00:00,312,19.0,120.25,992.8,54.7
2026-07-12 06:00:00,9,16,2026-07-25 12:00:00,13 days 06:00:00,318,19.5,119.88,990.6,57.8
2026-07-12 06:00:00,9,16,2026-07-25 18:00:00,13 days 12:00:00,324,20.0,119.5,988.5,60.8
2026-07-12 06:00:00,9,16,2026-07-26 00:00:00,13 days 18:00:00,330,20.75,119.5,988.2,61.3
2026-07-12 06:00:00,9,16,2026-07-26 06:00:00,14 days 00:00:00,336,21.5,119.5,987.9,61.7
2026-07-12 06:00:00,0,17,2026-07-12 06:00:00,0 days 00:00:00,0,31.25,118.75,986.3,63.8
2026-07-12 06:00:00,0,17,2026-07-12 12:00:00,0 days 06:00:00,6,32.25,118.5,987.7,62.0
2026-07-12 06:00:00,0,17,2026-07-12 18:00:00,0 days 12:00:00,12,33.25,118.25,989.0,60.1
2026-07-12 06:00:00,0,17,2026-07-13 00:00:00,0 days 18:00:00,18,33.5,118.25,990.0,58.7
2026-07-12 06:00:00,0,17,2026-07-13 06:00:00,1 days 00:00:00,24,33.75,118.25,991.0,57.3
2026-07-12 06:00:00,0,17,2026-07-13 12:00:00,1 days 06:00:00,30,34.63,119.24,991.9,56.1
2026-07-12 06:00:00,0,17,2026-07-13 18:00:00,1 days 12:00:00,36,35.5,120.25,992.7,54.9
2026-07-12 06:00:00,0,17,2026-07-14 00:00:00,1 days 18:00:00,42,36.88,121.48,992.5,55.2
2026-07-12 06:00:00,0,17,2026-07-14 06:00:00,2 days 00:00:00,48,38.25,122.75,992.3,55.5
2026-07-12 06:00:00,0,17,2026-07-14 12:00:00,2 days 06:00:00,54,38.41,125.62,991.9,56.0
2026-07-12 06:00:00,0,17,2026-07-14 18:00:00,2 days 12:00:00,60,38.5,128.5,991.5,56.5
2026-07-12 06:00:00,0,17,2026-07-15 00:00:00,2 days 18:00:00,66,40.17,131.79,989.7,59.2
2026-07-12 06:00:00,0,17,2026-07-15 06:00:00,3 days 00:00:00,72,41.75,135.25,987.8,61.9
2026-07-12 06:00:00,3,17,2026-07-12 06:00:00,0 days 00:00:00,0,-41.75,-140.0,971.7,82.5
2026-07-12 06:00:00,3,17,2026-07-12 12:00:00,0 days 06:00:00,6,-43.25,-139.63,970.8,83.7
2026-07-12 06:00:00,3,17,2026-07-12 18:00:00,0 days 12:00:00,12,-44.75,-139.25,969.8,84.8
2026-07-12 06:00:00,3,17,2026-07-13 00:00:00,0 days 18:00:00,18,-45.88,-139.98,971.4,82.9
2026-07-12 06:00:00,3,17,2026-07-13 06:00:00,1 days 00:00:00,24,-47.0,-140.75,973.0,81.0
2026-07-12 06:00:00,3,17,2026-07-13 12:00:00,1 days 06:00:00,30,-46.38,-142.01,975.1,78.4
2026-07-12 06:00:00,3,17,2026-07-13 18:00:00,1 days 12:00:00,36,-45.75,-143.25,977.2,75.7
2026-07-12 06:00:00,3,17,2026-07-14 00:00:00,1 days 18:00:00,42,-44.38,-144.02,979.3,73.1
2026-07-12 06:00:00,3,17,2026-07-14 06:00:00,2 days 00:00:00,48,-43.0,-144.75,981.4,70.4
2026-07-12 06:00:00,3,17,2026-07-14 12:00:00,2 days 06:00:00,54,-42.19,-144.75,982.6,68.9
2026-07-12 06:00:00,3,17,2026-07-14 18:00:00,2 days 12:00:00,60,-41.38,-144.75,983.7,67.3
2026-07-12 06:00:00,3,17,2026-07-15 00:00:00,2 days 18:00:00,66,-40.56,-144.75,984.9,65.8
2026-07-12 06:00:00,3,17,2026-07-15 06:00:00,3 days 00:00:00,72,-39.75,-144.75,986.1,64.2
2026-07-12 06:00:00,4,17,2026-07-12 06:00:00,0 days 00:00:00,0,-41.0,-92.75,973.3,80.6
2026-07-12 06:00:00,4,17,2026-07-12 12:00:00,0 days 06:00:00,6,-41.9,-90.41,974.2,79.5
2026-07-12 06:00:00,4,17,2026-07-12 18:00:00,0 days 12:00:00,12,-42.75,-88.0,975.2,78.3
2026-07-12 06:00:00,4,17,2026-07-13 00:00:00,0 days 18:00:00,18,-43.41,-85.4,977.0,76.1
2026-07-12 06:00:00,4,17,2026-07-13 06:00:00,1 days 00:00:00,24,-44.0,-82.75,978.7,73.8
2026-07-12 06:00:00,4,17,2026-07-13 12:00:00,1 days 06:00:00,30,-44.9,-80.41,981.5,70.3
2026-07-12 06:00:00,4,17,2026-07-13 18:00:00,1 days 12:00:00,36,-45.75,-78.0,984.2,66.7
2026-07-12 06:00:00,4,17,2026-07-14 00:00:00,1 days 18:00:00,42,-46.75,-77.14,987.4,62.4
2026-07-12 06:00:00,4,17,2026-07-14 06:00:00,2 days 00:00:00,48,-47.75,-76.25,990.5,58.0
2026-07-12 06:00:00,4,17,2026-07-14 12:00:00,2 days 06:00:00,54,-46.01,-78.64,991.2,57.0
2026-07-12 06:00:00,4,17,2026-07-14 18:00:00,2 days 12:00:00,60,-44.21,-80.89,991.9,56.1
2026-07-12 06:00:00,4,17,2026-07-15 00:00:00,2 days 18:00:00,66,-42.37,-83.01,992.5,55.1
2026-07-12 06:00:00,4,17,2026-07-15 06:00:00,3 days 00:00:00,72,-40.5,-85.0,993.2,54.1
2026-07-12 06:00:00,4,17,2026-07-15 12:00:00,3 days 06:00:00,78,-40.51,-83.5,992.5,55.2
2026-07-12 06:00:00,4,17,2026-07-15 18:00:00,3 days 12:00:00,84,-40.5,-82.0,991.8,56.2
2026-07-12 06:00:00,4,17,2026-07-16 00:00:00,3 days 18:00:00,90,-40.0,-81.12,993.1,54.3
2026-07-12 06:00:00,4,17,2026-07-16 06:00:00,4 days 00:00:00,96,-39.5,-80.25,994.4,52.4
2026-07-12 06:00:00,5,17,2026-07-15 18:00:00,3 days 12:00:00,84,14.0,-115.5,1003.4,38.0
2026-07-12 06:00:00,5,17,2026-07-16 00:00:00,3 days 18:00:00,90,14.38,-116.62,1002.0,40.2
2026-07-12 06:00:00,5,17,2026-07-16 06:00:00,4 days 00:00:00,96,14.75,-117.75,1000.7,42.5
2026-07-12 06:00:00,5,17,2026-07-16 12:00:00,4 days 06:00:00,102,14.88,-118.0,998.1,46.6
2026-07-12 06:00:00,5,17,2026-07-16 18:00:00,4 days 12:00:00,108,15.0,-118.25,995.4,50.8
2026-07-12 06:00:00,5,17,2026-07-17 00:00:00,4 days 18:00:00,114,16.13,-118.62,994.1,52.8
2026-07-12 06:00:00,5,17,2026-07-17 06:00:00,5 days 00:00:00,120,17.25,-119.0,992.8,54.7
2026-07-12 06:00:00,5,17,2026-07-17 12:00:00,5 days 06:00:00,126,18.0,-119.87,994.5,52.2
2026-07-12 06:00:00,5,17,2026-07-17 18:00:00,5 days 12:00:00,132,18.75,-120.75,996.2,49.7
2026-07-12 06:00:00,5,17,2026-07-18 00:00:00,5 days 18:00:00,138,19.5,-121.5,996.2,49.6
2026-07-12 06:00:00,5,17,2026-07-18 06:00:00,6 days 00:00:00,144,20.25,-122.25,996.2,49.6
2026-07-12 06:00:00,5,17,2026-07-18 12:00:00,6 days 06:00:00,150,21.0,-122.87,997.5,47.6
2026-07-12 06:00:00,5,17,2026-07-18 18:00:00,6 days 12:00:00,156,21.75,-123.5,998.8,45.6
2026-07-12 06:00:00,5,17,2026-07-19 00:00:00,6 days 18:00:00,162,22.38,-124.5,999.7,44.1
2026-07-12 06:00:00,5,17,2026-07-19 06:00:00,7 days 00:00:00,168,23.0,-125.5,1000.7,42.5
2026-07-12 06:00:00,5,17,2026-07-19 12:00:00,7 days 06:00:00,174,23.63,-126.0,1002.6,39.3
2026-07-12 06:00:00,5,17,2026-07-19 18:00:00,7 days 12:00:00,180,24.25,-126.5,1004.5,36.1
2026-07-12 06:00:00,5,17,2026-07-20 00:00:00,7 days 18:00:00,186,24.88,-126.38,1005.7,33.8
2026-07-12 06:00:00,5,17,2026-07-20 06:00:00,8 days 00:00:00,192,25.5,-126.25,1007.0,31.4
2026-07-12 06:00:00,6,17,2026-07-19 06:00:00,7 days 00:00:00,168,12.25,-108.25,1006.8,31.8
2026-07-12 06:00:00,6,17,2026-07-19 12:00:00,7 days 06:00:00,174,12.88,-108.87,1005.4,34.4
2026-07-12 06:00:00,6,17,2026-07-19 18:00:00,7 days 12:00:00,180,13.5,-109.5,1003.9,37.0
2026-07-12 06:00:00,6,17,2026-07-20 00:00:00,7 days 18:00:00,186,14.5,-110.74,1002.4,39.6
2026-07-12 06:00:00,6,17,2026-07-20 06:00:00,8 days 00:00:00,192,15.5,-112.0,1000.9,42.2
2026-07-12 06:00:00,6,17,2026-07-20 12:00:00,8 days 06:00:00,198,16.13,-112.62,999.6,44.2
2026-07-12 06:00:00,6,17,2026-07-20 18:00:00,8 days 12:00:00,204,16.75,-113.25,998.4,46.2
2026-07-12 06:00:00,6,17,2026-07-21 00:00:00,8 days 18:00:00,210,17.63,-113.75,996.5,49.1
2026-07-12 06:00:00,6,17,2026-07-21 06:00:00,9 days 00:00:00,216,18.5,-114.25,994.7,51.9
2026-07-12 06:00:00,6,17,2026-07-21 12:00:00,9 days 06:00:00,222,18.88,-114.87,992.1,55.6
2026-07-12 06:00:00,6,17,2026-07-21 18:00:00,9 days 12:00:00,228,19.25,-115.5,989.6,59.4
2026-07-12 06:00:00,6,17,2026-07-22 00:00:00,9 days 18:00:00,234,19.88,-116.25,988.6,60.8
2026-07-12 06:00:00,6,17,2026-07-22 06:00:00,10 days 00:00:00,240,20.5,-117.0,987.5,62.2
2026-07-12 06:00:00,6,17,2026-07-22 12:00:00,10 days 06:00:00,246,20.88,-118.0,986.7,63.3
2026-07-12 06:00:00,6,17,2026-07-22 18:00:00,10 days 12:00:00,252,21.25,-119.0,985.9,64.4
2026-07-12 06:00:00,6,17,2026-07-23 00:00:00,10 days 18:00:00,258,21.5,-120.25,987.2,62.7
2026-07-12 06:00:00,6,17,2026-07-23 06:00:00,11 days 00:00:00,264,21.75,-121.5,988.5,60.9
2026-07-12 06:00:00,6,17,2026-07-23 12:00:00,11 days 06:00:00,270,22.01,-122.87,991.1,57.2
2026-07-12 06:00:00,6,17,2026-07-23 18:00:00,11 days 12:00:00,276,22.25,-124.25,993.7,53.4
2026-07-12 06:00:00,6,17,2026-07-24 00:00:00,11 days 18:00:00,282,22.63,-125.62,994.5,52.2
2026-07-12 06:00:00,6,17,2026-07-24 06:00:00,12 days 00:00:00,288,23.0,-127.0,995.3,51.0
2026-07-12 06:00:00,6,17,2026-07-24 12:00:00,12 days 06:00:00,294,23.38,-128.37,996.9,48.5
2026-07-12 06:00:00,6,17,2026-07-24 18:00:00,12 days 12:00:00,300,23.75,-129.75,998.5,46.0
2026-07-12 06:00:00,6,17,2026-07-25 00:00:00,12 days 18:00:00,306,24.13,-131.0,1000.2,43.2
2026-07-12 06:00:00,6,17,2026-07-25 06:00:00,13 days 00:00:00,312,24.5,-132.25,1001.9,40.4
2026-07-12 06:00:00,6,17,2026-07-25 12:00:00,13 days 06:00:00,318,24.76,-133.75,1004.4,36.1
2026-07-12 06:00:00,6,17,2026-07-25 18:00:00,13 days 12:00:00,324,25.0,-135.25,1006.8,31.8
2026-07-12 06:00:00,6,17,2026-07-26 00:00:00,13 days 18:00:00,330,25.0,-136.38,1006.4,32.5
2026-07-12 06:00:00,6,17,2026-07-26 06:00:00,14 days 00:00:00,336,25.0,-137.5,1006.1,33.1
2026-07-12 06:00:00,6,17,2026-07-26 12:00:00,14 days 06:00:00,342,25.13,-138.25,1007.4,30.7
2026-07-12 06:00:00,6,17,2026-07-26 18:00:00,14 days 12:00:00,348,25.25,-139.0,1008.6,28.3
2026-07-12 06:00:00,6,17,2026-07-27 00:00:00,14 days 18:00:00,354,25.25,-139.63,1009.6,26.4
2026-07-12 06:00:00,6,17,2026-07-27 06:00:00,15 days 00:00:00,360,25.25,-140.25,1010.5,24.4
2026-07-12 06:00:00,7,17,2026-07-19 18:00:00,7 days 12:00:00,180,31.75,62.75,992.1,55.7
2026-07-12 06:00:00,7,17,2026-07-20 00:00:00,7 days 18:00:00,186,31.63,62.62,993.7,53.4
2026-07-12 06:00:00,7,17,2026-07-20 06:00:00,8 days 00:00:00,192,31.5,62.5,995.3,51.0
2026-07-12 06:00:00,7,17,2026-07-20 12:00:00,8 days 06:00:00,198,31.5,63.0,994.8,51.7
2026-07-12 06:00:00,7,17,2026-07-20 18:00:00,8 days 12:00:00,204,31.5,63.5,994.4,52.3
2026-07-12 06:00:00,7,17,2026-07-21 00:00:00,8 days 18:00:00,210,31.5,64.0,994.0,52.9
2026-07-12 06:00:00,7,17,2026-07-21 06:00:00,9 days 00:00:00,216,31.5,64.5,993.6,53.6
2026-07-12 06:00:00,7,17,2026-07-21 12:00:00,9 days 06:00:00,222,31.63,63.75,992.3,55.4
2026-07-12 06:00:00,7,17,2026-07-21 18:00:00,9 days 12:00:00,228,31.75,63.0,991.0,57.3
2026-07-12 06:00:00,7,17,2026-07-22 00:00:00,9 days 18:00:00,234,31.75,62.87,992.5,55.1
2026-07-12 06:00:00,7,17,2026-07-22 06:00:00,10 days 00:00:00,240,31.75,62.75,994.1,52.8
2026-07-12 06:00:00,0,18,2026-07-12 06:00:00,0 days 00:00:00,0,31.25,118.75,986.3,63.8
2026-07-12 06:00:00,0,18,2026-07-12 12:00:00,0 days 06:00:00,6,32.25,118.5,988.1,61.3
2026-07-12 06:00:00,0,18,2026-07-12 18:00:00,0 days 12:00:00,12,33.25,118.25,989.9,58.8
2026-07-12 06:00:00,0,18,2026-07-13 00:00:00,0 days 18:00:00,18,33.5,118.13,991.2,57.1
2026-07-12 06:00:00,0,18,2026-07-13 06:00:00,1 days 00:00:00,24,33.75,118.0,992.4,55.3
2026-07-12 06:00:00,0,18,2026-07-13 12:00:00,1 days 06:00:00,30,34.0,118.37,993.2,54.1
2026-07-12 06:00:00,0,18,2026-07-13 18:00:00,1 days 12:00:00,36,34.25,118.75,994.1,52.8
2026-07-12 06:00:00,0,18,2026-07-14 00:00:00,1 days 18:00:00,42,35.5,119.73,994.2,52.6
2026-07-12 06:00:00,0,18,2026-07-14 06:00:00,2 days 00:00:00,48,36.75,120.75,994.4,52.4
2026-07-12 06:00:00,0,18,2026-07-14 12:00:00,2 days 06:00:00,54,38.05,124.19,992.8,54.7
2026-07-12 06:00:00,0,18,2026-07-14 18:00:00,2 days 12:00:00,60,39.25,127.75,991.2,57.1
2026-07-12 06:00:00,0,18,2026-07-15 00:00:00,2 days 18:00:00,66,40.79,130.56,988.6,60.7
2026-07-12 06:00:00,0,18,2026-07-15 06:00:00,3 days 00:00:00,72,42.25,133.5,985.9,64.4
2026-07-12 06:00:00,10,18,2026-07-23 06:00:00,11 days 00:00:00,264,-33.0,177.75,984.3,66.5
2026-07-12 06:00:00,10,18,2026-07-23 12:00:00,11 days 06:00:00,270,-33.38,178.99,982.1,69.4
2026-07-12 06:00:00,10,18,2026-07-23 18:00:00,11 days 12:00:00,276,-33.75,-179.75,979.9,72.3
2026-07-12 06:00:00,10,18,2026-07-24 00:00:00,11 days 18:00:00,282,-34.51,-177.89,977.6,75.2
2026-07-12 06:00:00,10,18,2026-07-24 06:00:00,12 days 00:00:00,288,-35.25,-176.0,975.3,78.1
2026-07-12 06:00:00,10,18,2026-07-24 12:00:00,12 days 06:00:00,294,-35.75,-175.94,976.0,77.3
2026-07-12 06:00:00,10,18,2026-07-24 18:00:00,12 days 12:00:00,300,-36.25,-175.88,976.6,76.5
2026-07-12 06:00:00,10,18,2026-07-25 00:00:00,12 days 18:00:00,306,-36.75,-175.81,977.3,75.7
2026-07-12 06:00:00,10,18,2026-07-25 06:00:00,13 days 00:00:00,312,-37.25,-175.75,977.9,74.9
2026-07-12 06:00:00,10,18,2026-07-25 12:00:00,13 days 06:00:00,318,-37.13,-175.88,980.2,71.9
2026-07-12 06:00:00,10,18,2026-07-25 18:00:00,13 days 12:00:00,324,-37.0,-176.0,982.5,68.9
2026-07-12 06:00:00,10,18,2026-07-26 00:00:00,13 days 18:00:00,330,-36.75,-175.75,983.9,67.0
2026-07-12 06:00:00,10,18,2026-07-26 06:00:00,14 days 00:00:00,336,-36.5,-175.5,985.3,65.2
2026-07-12 06:00:00,11,18,2026-07-23 06:00:00,11 days 00:00:00,264,14.25,119.0,1002.7,39.2
2026-07-12 06:00:00,11,18,2026-07-23 12:00:00,11 days 06:00:00,270,14.5,117.5,1002.6,39.3
2026-07-12 06:00:00,11,18,2026-07-23 18:00:00,11 days 12:00:00,276,14.75,116.0,1002.6,39.3
2026-07-12 06:00:00,11,18,2026-07-24 00:00:00,11 days 18:00:00,282,14.88,114.5,1001.9,40.5
2026-07-12 06:00:00,11,18,2026-07-24 06:00:00,12 days 00:00:00,288,15.0,113.0,1001.2,41.6
2026-07-12 06:00:00,11,18,2026-07-24 12:00:00,12 days 06:00:00,294,15.12,113.0,1001.4,41.4
2026-07-12 06:00:00,11,18,2026-07-24 18:00:00,12 days 12:00:00,300,15.25,113.0,1001.5,41.2
2026-07-12 06:00:00,11,18,2026-07-25 00:00:00,12 days 18:00:00,306,15.63,112.5,1001.6,41.0
2026-07-12 06:00:00,11,18,2026-07-25 06:00:00,13 days 00:00:00,312,16.0,112.0,1001.7,40.8
2026-07-12 06:00:00,11,18,2026-07-25 12:00:00,13 days 06:00:00,318,16.63,111.5,1001.1,41.8
2026-07-12 06:00:00,11,18,2026-07-25 18:00:00,13 days 12:00:00,324,17.25,111.0,1000.5,42.9
2026-07-12 06:00:00,11,18,2026-07-26 00:00:00,13 days 18:00:00,330,17.88,109.75,999.9,43.8
2026-07-12 06:00:00,11,18,2026-07-26 06:00:00,14 days 00:00:00,336,18.5,108.5,999.3,44.7
2026-07-12 06:00:00,11,18,2026-07-26 12:00:00,14 days 06:00:00,342,18.5,108.38,997.6,47.4
2026-07-12 06:00:00,11,18,2026-07-26 18:00:00,14 days 12:00:00,348,18.5,108.25,995.9,50.1
2026-07-12 06:00:00,11,18,2026-07-27 00:00:00,14 days 18:00:00,354,18.88,107.75,996.0,50.0
2026-07-12 06:00:00,11,18,2026-07-27 06:00:00,15 days 00:00:00,360,19.25,107.25,996.1,49.8
2026-07-12 06:00:00,12,18,2026-07-24 18:00:00,12 days 12:00:00,300,25.25,157.5,1001.7,40.8
2026-07-12 06:00:00,12,18,2026-07-25 00:00:00,12 days 18:00:00,306,25.5,157.25,999.0,45.1
2026-07-12 06:00:00,12,18,2026-07-25 06:00:00,13 days 00:00:00,312,25.75,157.0,996.3,49.4
2026-07-12 06:00:00,12,18,2026-07-25 12:00:00,13 days 06:00:00,318,26.38,156.63,993.9,53.0
2026-07-12 06:00:00,12,18,2026-07-25 18:00:00,13 days 12:00:00,324,27.0,156.25,991.5,56.6
2026-07-12 06:00:00,12,18,2026-07-26 00:00:00,13 days 18:00:00,330,27.88,156.5,987.5,62.1
2026-07-12 06:00:00,12,18,2026-07-26 06:00:00,14 days 00:00:00,336,28.75,156.75,983.6,67.5
2026-07-12 06:00:00,12,18,2026-07-26 12:00:00,14 days 06:00:00,342,29.62,156.75,983.0,68.3
2026-07-12 06:00:00,12,18,2026-07-26 18:00:00,14 days 12:00:00,348,30.5,156.75,982.4,69.1
2026-07-12 06:00:00,12,18,2026-07-27 00:00:00,14 days 18:00:00,354,31.25,157.12,980.9,71.1
2026-07-12 06:00:00,12,18,2026-07-27 06:00:00,15 days 00:00:00,360,32.0,157.5,979.4,73.0
2026-07-12 06:00:00,3,18,2026-07-12 06:00:00,0 days 00:00:00,0,-41.75,-140.0,971.7,82.5
2026-07-12 06:00:00,3,18,2026-07-12 12:00:00,0 days 06:00:00,6,-43.13,-139.88,970.1,84.4
2026-07-12 06:00:00,3,18,2026-07-12 18:00:00,0 days 12:00:00,12,-44.5,-139.75,968.5,86.4
2026-07-12 06:00:00,3,18,2026-07-13 00:00:00,0 days 18:00:00,18,-45.5,-140.0,969.4,85.4
2026-07-12 06:00:00,3,18,2026-07-13 06:00:00,1 days 00:00:00,24,-46.5,-140.25,970.2,84.3
2026-07-12 06:00:00,3,18,2026-07-13 12:00:00,1 days 06:00:00,30,-46.0,-141.26,972.3,81.8
2026-07-12 06:00:00,3,18,2026-07-13 18:00:00,1 days 12:00:00,36,-45.5,-142.25,974.5,79.2
2026-07-12 06:00:00,3,18,2026-07-14 00:00:00,1 days 18:00:00,42,-44.01,-143.66,977.3,75.6
2026-07-12 06:00:00,3,18,2026-07-14 06:00:00,2 days 00:00:00,48,-42.5,-145.0,980.2,72.0
2026-07-12 06:00:00,3,18,2026-07-14 12:00:00,2 days 06:00:00,54,-41.63,-144.87,981.1,70.7
2026-07-12 06:00:00,3,18,2026-07-14 18:00:00,2 days 12:00:00,60,-40.75,-144.75,982.1,69.5
2026-07-12 06:00:00,3,18,2026-07-15 00:00:00,2 days 18:00:00,66,-40.5,-145.0,982.5,69.0
2026-07-12 06:00:00,3,18,2026-07-15 06:00:00,3 days 00:00:00,72,-40.25,-145.25,982.9,68.4
2026-07-12 06:00:00,3,18,2026-07-15 12:00:00,3 days 06:00:00,78,-40.5,-145.37,983.6,67.5
2026-07-12 06:00:00,3,18,2026-07-15 18:00:00,3 days 12:00:00,84,-40.75,-145.5,984.3,66.6
2026-07-12 06:00:00,4,18,2026-07-12 06:00:00,0 days 00:00:00,0,-41.0,-92.75,973.3,80.6
2026-07-12 06:00:00,4,18,2026-07-12 12:00:00,0 days 06:00:00,6,-41.9,-90.28,974.2,79.5
2026-07-12 06:00:00,4,18,2026-07-12 18:00:00,0 days 12:00:00,12,-42.75,-87.75,975.1,78.3
2026-07-12 06:00:00,4,18,2026-07-13 00:00:00,0 days 18:00:00,18,-43.28,-85.02,976.8,76.3
2026-07-12 06:00:00,4,18,2026-07-13 06:00:00,1 days 00:00:00,24,-43.75,-82.25,978.4,74.3
2026-07-12 06:00:00,4,18,2026-07-13 12:00:00,1 days 06:00:00,30,-44.77,-80.28,981.0,70.9
2026-07-12 06:00:00,4,18,2026-07-13 18:00:00,1 days 12:00:00,36,-45.75,-78.25,983.6,67.5
2026-07-12 06:00:00,4,18,2026-07-14 00:00:00,1 days 18:00:00,42,-46.63,-77.51,986.0,64.2
2026-07-12 06:00:00,4,18,2026-07-14 06:00:00,2 days 00:00:00,48,-47.5,-76.75,988.4,60.9
2026-07-12 06:00:00,4,18,2026-07-14 12:00:00,2 days 06:00:00,54,-47.81,-76.75,989.4,59.5
2026-07-12 06:00:00,4,18,2026-07-14 18:00:00,2 days 12:00:00,60,-48.12,-76.75,990.4,58.1
2026-07-12 06:00:00,4,18,2026-07-15 00:00:00,2 days 18:00:00,66,-48.44,-76.75,991.4,56.7
2026-07-12 06:00:00,4,18,2026-07-15 06:00:00,3 days 00:00:00,72,-48.75,-76.75,992.4,55.3
2026-07-12 06:00:00,5,18,2026-07-12 06:00:00,0 days 00:00:00,0,27.25,67.75,991.7,56.4
2026-07-12 06:00:00,5,18,2026-07-12 12:00:00,0 days 06:00:00,6,29.38,66.53,991.9,56.1
2026-07-12 06:00:00,5,18,2026-07-12 18:00:00,0 days 12:00:00,12,31.5,65.25,992.0,55.8
2026-07-12 06:00:00,5,18,2026-07-13 00:00:00,0 days 18:00:00,18,31.63,64.75,992.5,55.2
2026-07-12 06:00:00,5,18,2026-07-13 06:00:00,1 days 00:00:00,24,31.75,64.25,992.9,54.6
2026-07-12 06:00:00,5,18,2026-07-13 12:00:00,1 days 06:00:00,30,31.88,63.75,993.3,54.0
2026-07-12 06:00:00,5,18,2026-07-13 18:00:00,1 days 12:00:00,36,32.0,63.25,993.7,53.4
2026-07-12 06:00:00,5,18,2026-07-14 00:00:00,1 days 18:00:00,42,31.81,63.0,994.1,52.8
2026-07-12 06:00:00,5,18,2026-07-14 06:00:00,2 days 00:00:00,48,31.63,62.75,994.5,52.2
2026-07-12 06:00:00,5,18,2026-07-14 12:00:00,2 days 06:00:00,54,31.44,62.5,994.9,51.6
2026-07-12 06:00:00,5,18,2026-07-14 18:00:00,2 days 12:00:00,60,31.25,62.25,995.3,51.0
2026-07-12 06:00:00,5,18,2026-07-15 00:00:00,2 days 18:00:00,66,31.57,58.91,995.0,51.4
2026-07-12 06:00:00,5,18,2026-07-15 06:00:00,3 days 00:00:00,72,31.8,55.53,994.7,51.9
2026-07-12 06:00:00,5,18,2026-07-15 12:00:00,3 days 06:00:00,78,31.95,52.13,994.4,52.3
2026-07-12 06:00:00,5,18,2026-07-15 18:00:00,3 days 12:00:00,84,32.0,48.75,994.1,52.8
2026-07-12 06:00:00,5,18,2026-07-16 00:00:00,3 days 18:00:00,90,31.88,48.5,994.8,51.7
2026-07-12 06:00:00,5,18,2026-07-16 06:00:00,4 days 00:00:00,96,31.75,48.25,995.6,50.6
2026-07-12 06:00:00,6,18,2026-07-15 06:00:00,3 days 00:00:00,72,13.25,-113.5,1003.5,37.7
2026-07-12 06:00:00,6,18,2026-07-15 12:00:00,3 days 06:00:00,78,13.75,-114.62,1001.4,41.3
2026-07-12 06:00:00,6,18,2026-07-15 18:00:00,3 days 12:00:00,84,14.25,-115.75,999.2,44.9
2026-07-12 06:00:00,6,18,2026-07-16 00:00:00,3 days 18:00:00,90,14.13,-117.38,997.3,47.8
2026-07-12 06:00:00,6,18,2026-07-16 06:00:00,4 days 00:00:00,96,14.0,-119.0,995.5,50.7
2026-07-12 06:00:00,6,18,2026-07-16 12:00:00,4 days 06:00:00,102,14.25,-120.25,992.9,54.4
2026-07-12 06:00:00,6,18,2026-07-16 18:00:00,4 days 12:00:00,108,14.5,-121.5,990.4,58.1
2026-07-12 06:00:00,6,18,2026-07-17 00:00:00,4 days 18:00:00,114,14.63,-122.25,987.4,62.3
2026-07-12 06:00:00,6,18,2026-07-17 06:00:00,5 days 00:00:00,120,14.75,-123.0,984.4,66.5
2026-07-12 06:00:00,6,18,2026-07-17 12:00:00,5 days 06:00:00,126,15.38,-123.87,982.6,68.8
2026-07-12 06:00:00,6,18,2026-07-17 18:00:00,5 days 12:00:00,132,16.0,-124.75,980.8,71.2
2026-07-12 06:00:00,6,18,2026-07-18 00:00:00,5 days 18:00:00,138,16.63,-125.62,983.9,67.0
2026-07-12 06:00:00,6,18,2026-07-18 06:00:00,6 days 00:00:00,144,17.25,-126.5,987.1,62.8
2026-07-12 06:00:00,6,18,2026-07-18 12:00:00,6 days 06:00:00,150,17.75,-127.0,986.4,63.7
2026-07-12 06:00:00,6,18,2026-07-18 18:00:00,6 days 12:00:00,156,18.25,-127.5,985.7,64.6
2026-07-12 06:00:00,6,18,2026-07-19 00:00:00,6 days 18:00:00,162,19.38,-127.87,988.2,61.3
2026-07-12 06:00:00,6,18,2026-07-19 06:00:00,7 days 00:00:00,168,20.5,-128.25,990.6,57.9
2026-07-12 06:00:00,6,18,2026-07-19 12:00:00,7 days 06:00:00,174,21.38,-129.37,990.8,57.6
2026-07-12 06:00:00,6,18,2026-07-19 18:00:00,7 days 12:00:00,180,22.25,-130.5,990.9,57.4
2026-07-12 06:00:00,6,18,2026-07-20 00:00:00,7 days 18:00:00,186,23.25,-131.37,992.8,54.7
2026-07-12 06:00:00,6,18,2026-07-20 06:00:00,8 days 00:00:00,192,24.25,-132.25,994.6,52.0
2026-07-12 06:00:00,6,18,2026-07-20 12:00:00,8 days 06:00:00,198,24.88,-133.62,996.5,49.1
2026-07-12 06:00:00,6,18,2026-07-20 18:00:00,8 days 12:00:00,204,25.5,-135.0,998.4,46.3
2026-07-12 06:00:00,6,18,2026-07-21 00:00:00,8 days 18:00:00,210,26.0,-135.87,999.6,44.3
2026-07-12 06:00:00,6,18,2026-07-21 06:00:00,9 days 00:00:00,216,26.5,-136.75,1000.8,42.4
2026-07-12 06:00:00,6,18,2026-07-21 12:00:00,9 days 06:00:00,222,27.5,-137.74,1003.0,38.6
2026-07-12 06:00:00,6,18,2026-07-21 18:00:00,9 days 12:00:00,228,28.5,-138.75,1005.2,34.8
2026-07-12 06:00:00,7,18,2026-07-16 06:00:00,4 days 00:00:00,96,38.75,65.5,1000.6,42.7
2026-07-12 06:00:00,7,18,2026-07-16 12:00:00,4 days 06:00:00,102,37.01,64.83,999.5,44.4
2026-07-12 06:00:00,7,18,2026-07-16 18:00:00,4 days 12:00:00,108,35.26,64.2,998.5,46.0
2026-07-12 06:00:00,7,18,2026-07-17 00:00:00,4 days 18:00:00,114,33.5,63.59,997.5,47.6
2026-07-12 06:00:00,7,18,2026-07-17 06:00:00,5 days 00:00:00,120,31.75,63.0,996.4,49.3
2026-07-12 06:00:00,7,18,2026-07-17 12:00:00,5 days 06:00:00,126,31.88,63.0,995.5,50.7
2026-07-12 06:00:00,7,18,2026-07-17 18:00:00,5 days 12:00:00,132,32.0,63.0,994.6,52.0
2026-07-12 06:00:00,7,18,2026-07-18 00:00:00,5 days 18:00:00,138,31.88,62.87,995.0,51.4
2026-07-12 06:00:00,7,18,2026-07-18 06:00:00,6 days 00:00:00,144,31.75,62.75,995.5,50.7
2026-07-12 06:00:00,7,18,2026-07-18 12:00:00,6 days 06:00:00,150,31.75,62.75,993.6,53.6
2026-07-12 06:00:00,7,18,2026-07-18 18:00:00,6 days 12:00:00,156,31.75,62.75,991.7,56.4
2026-07-12 06:00:00,7,18,2026-07-19 00:00:00,6 days 18:00:00,162,31.63,62.62,993.3,54.0
2026-07-12 06:00:00,7,18,2026-07-19 06:00:00,7 days 00:00:00,168,31.5,62.5,994.9,51.5
2026-07-12 06:00:00,7,18,2026-07-19 12:00:00,7 days 06:00:00,174,31.63,62.62,993.4,53.7
2026-07-12 06:00:00,7,18,2026-07-19 18:00:00,7 days 12:00:00,180,31.75,62.75,992.0,55.9
2026-07-12 06:00:00,8,18,2026-07-17 18:00:00,5 days 12:00:00,132,10.5,-107.75,1008.8,27.8
2026-07-12 06:00:00,8,18,2026-07-18 00:00:00,5 days 18:00:00,138,10.13,-109.13,1007.9,29.8
2026-07-12 06:00:00,8,18,2026-07-18 06:00:00,6 days 00:00:00,144,9.75,-110.5,1006.9,31.7
2026-07-12 06:00:00,8,18,2026-07-18 12:00:00,6 days 06:00:00,150,10.13,-111.25,1005.8,33.7
2026-07-12 06:00:00,8,18,2026-07-18 18:00:00,6 days 12:00:00,156,10.5,-112.0,1004.7,35.7
2026-07-12 06:00:00,8,18,2026-07-19 00:00:00,6 days 18:00:00,162,10.88,-112.62,1004.7,35.7
2026-07-12 06:00:00,8,18,2026-07-19 06:00:00,7 days 00:00:00,168,11.25,-113.25,1004.6,35.8
2026-07-12 06:00:00,8,18,2026-07-19 12:00:00,7 days 06:00:00,174,11.63,-114.0,1001.3,41.3
2026-07-12 06:00:00,8,18,2026-07-19 18:00:00,7 days 12:00:00,180,12.0,-114.75,998.0,46.9
2026-07-12 06:00:00,8,18,2026-07-20 00:00:00,7 days 18:00:00,186,12.63,-115.25,996.8,48.7
2026-07-12 06:00:00,8,18,2026-07-20 06:00:00,8 days 00:00:00,192,13.25,-115.75,995.6,50.6
2026-07-12 06:00:00,8,18,2026-07-20 12:00:00,8 days 06:00:00,198,13.75,-116.25,994.5,52.2
2026-07-12 06:00:00,8,18,2026-07-20 18:00:00,8 days 12:00:00,204,14.25,-116.75,993.5,53.7
2026-07-12 06:00:00,8,18,2026-07-21 00:00:00,8 days 18:00:00,210,14.75,-117.25,991.0,57.3
2026-07-12 06:00:00,8,18,2026-07-21 06:00:00,9 days 00:00:00,216,15.25,-117.75,988.4,60.9
2026-07-12 06:00:00,8,18,2026-07-21 12:00:00,9 days 06:00:00,222,15.88,-118.37,982.8,68.4
2026-07-12 06:00:00,8,18,2026-07-21 18:00:00,9 days 12:00:00,228,16.5,-119.0,977.2,75.8
2026-07-12 06:00:00,8,18,2026-07-22 00:00:00,9 days 18:00:00,234,17.13,-119.62,983.7,67.2
2026-07-12 06:00:00,8,18,2026-07-22 06:00:00,10 days 00:00:00,240,17.75,-120.25,990.1,58.6
2026-07-12 06:00:00,8,18,2026-07-22 12:00:00,10 days 06:00:00,246,18.13,-120.87,988.7,60.5
2026-07-12 06:00:00,8,18,2026-07-22 18:00:00,10 days 12:00:00,252,18.5,-121.5,987.4,62.4
2026-07-12 06:00:00,8,18,2026-07-23 00:00:00,10 days 18:00:00,258,19.38,-122.49,987.9,61.7
2026-07-12 06:00:00,8,18,2026-07-23 06:00:00,11 days 00:00:00,264,20.25,-123.5,988.4,61.0
2026-07-12 06:00:00,8,18,2026-07-23 12:00:00,11 days 06:00:00,270,21.01,-124.87,989.4,59.5
2026-07-12 06:00:00,8,18,2026-07-23 18:00:00,11 days 12:00:00,276,21.75,-126.25,990.5,58.0
2026-07-12 06:00:00,8,18,2026-07-24 00:00:00,11 days 18:00:00,282,22.5,-127.37,993.6,53.5
2026-07-12 06:00:00,8,18,2026-07-24 06:00:00,12 days 00:00:00,288,23.25,-128.5,996.7,48.9
2026-07-12 06:00:00,8,18,2026-07-24 12:00:00,12 days 06:00:00,294,24.0,-129.62,998.5,45.9
2026-07-12 06:00:00,8,18,2026-07-24 18:00:00,12 days 12:00:00,300,24.75,-130.75,1000.4,43.0
2026-07-12 06:00:00,8,18,2026-07-25 00:00:00,12 days 18:00:00,306,25.25,-131.62,1002.6,39.1
2026-07-12 06:00:00,8,18,2026-07-25 06:00:00,13 days 00:00:00,312,25.75,-132.5,1004.9,35.3
2026-07-12 06:00:00,8,18,2026-07-25 12:00:00,13 days 06:00:00,318,26.88,-133.0,1005.6,34.1
2026-07-12 06:00:00,8,18,2026-07-25 18:00:00,13 days 12:00:00,324,28.0,-133.5,1006.2,32.8
2026-07-12 06:00:00,8,18,2026-07-26 00:00:00,13 days 18:00:00,330,28.75,-133.62,1007.9,29.6
2026-07-12 06:00:00,8,18,2026-07-26 06:00:00,14 days 00:00:00,336,29.5,-133.75,1009.6,26.4
2026-07-12 06:00:00,9,18,2026-07-18 18:00:00,6 days 12:00:00,156,-33.0,-81.75,974.8,78.8
2026-07-12 06:00:00,9,18,2026-07-19 00:00:00,6 days 18:00:00,162,-33.64,-79.89,972.1,82.0
2026-07-12 06:00:00,9,18,2026-07-19 06:00:00,7 days 00:00:00,168,-34.25,-78.0,969.5,85.2
2026-07-12 06:00:00,9,18,2026-07-19 12:00:00,7 days 06:00:00,174,-37.26,-76.92,972.3,81.8
2026-07-12 06:00:00,9,18,2026-07-19 18:00:00,7 days 12:00:00,180,-40.25,-75.75,975.1,78.3
2026-07-12 06:00:00,9,18,2026-07-20 00:00:00,7 days 18:00:00,186,-41.75,-75.38,978.4,74.2
2026-07-12 06:00:00,9,18,2026-07-20 06:00:00,8 days 00:00:00,192,-43.25,-75.0,981.7,70.1
2026-07-12 06:00:00,9,18,2026-07-20 12:00:00,8 days 06:00:00,198,-45.38,-75.72,989.2,59.4
2026-07-12 06:00:00,9,18,2026-07-20 18:00:00,8 days 12:00:00,204,-47.5,-76.5,996.8,48.8
2026-07-12 06:00:00,9,18,2026-07-21 00:00:00,8 days 18:00:00,210,-48.03,-79.1,1000.4,42.7
2026-07-12 06:00:00,9,18,2026-07-21 06:00:00,9 days 00:00:00,216,-48.5,-81.75,1004.1,36.7
2026-07-12 06:00:00,0,19,2026-07-12 06:00:00,0 days 00:00:00,0,31.25,118.75,986.3,63.8
2026-07-12 06:00:00,0,19,2026-07-12 12:00:00,0 days 06:00:00,6,32.13,118.25,987.6,62.0
2026-07-12 06:00:00,0,19,2026-07-12 18:00:00,0 days 12:00:00,12,33.0,117.75,989.0,60.2
2026-07-12 06:00:00,0,19,2026-07-13 00:00:00,0 days 18:00:00,18,33.38,118.0,989.9,58.9
2026-07-12 06:00:00,0,19,2026-07-13 06:00:00,1 days 00:00:00,24,33.75,118.25,990.8,57.7
2026-07-12 06:00:00,0,19,2026-07-13 12:00:00,1 days 06:00:00,30,34.5,119.12,991.9,56.0
2026-07-12 06:00:00,0,19,2026-07-13 18:00:00,1 days 12:00:00,36,35.25,120.0,993.0,54.4
2026-07-12 06:00:00,0,19,2026-07-14 00:00:00,1 days 18:00:00,42,36.63,121.23,991.9,56.0
2026-07-12 06:00:00,0,19,2026-07-14 06:00:00,2 days 00:00:00,48,38.0,122.5,990.8,57.6
2026-07-12 06:00:00,0,19,2026-07-14 12:00:00,2 days 06:00:00,54,38.92,125.71,990.2,58.4
2026-07-12 06:00:00,0,19,2026-07-14 18:00:00,2 days 12:00:00,60,39.75,129.0,989.7,59.2
2026-07-12 06:00:00,0,19,2026-07-15 00:00:00,2 days 18:00:00,66,41.17,132.3,987.8,61.9
2026-07-12 06:00:00,0,19,2026-07-15 06:00:00,3 days 00:00:00,72,42.5,135.75,985.8,64.5
2026-07-12 06:00:00,3,19,2026-07-12 06:00:00,0 days 00:00:00,0,-41.75,-140.0,971.7,82.5
2026-07-12 06:00:00,3,19,2026-07-12 12:00:00,0 days 06:00:00,6,-43.25,-139.63,970.6,83.9
2026-07-12 06:00:00,3,19,2026-07-12 18:00:00,0 days 12:00:00,12,-44.75,-139.25,969.5,85.2
2026-07-12 06:00:00,3,19,2026-07-13 00:00:00,0 days 18:00:00,18,-45.75,-139.86,970.9,83.5
2026-07-12 06:00:00,3,19,2026-07-13 06:00:00,1 days 00:00:00,24,-46.75,-140.5,972.4,81.7
2026-07-12 06:00:00,3,19,2026-07-13 12:00:00,1 days 06:00:00,30,-46.13,-141.38,974.4,79.2
2026-07-12 06:00:00,3,19,2026-07-13 18:00:00,1 days 12:00:00,36,-45.5,-142.25,976.4,76.7
2026-07-12 06:00:00,3,19,2026-07-14 00:00:00,1 days 18:00:00,42,-44.26,-143.65,978.3,74.3
2026-07-12 06:00:00,3,19,2026-07-14 06:00:00,2 days 00:00:00,48,-43.0,-145.0,980.2,71.9
2026-07-12 06:00:00,4,19,2026-07-12 06:00:00,0 days 00:00:00,0,-41.0,-92.75,973.3,80.6
2026-07-12 06:00:00,4,19,2026-07-12 12:00:00,0 days 06:00:00,6,-41.9,-90.41,974.0,79.8
2026-07-12 06:00:00,4,19,2026-07-12 18:00:00,0 days 12:00:00,12,-42.75,-88.0,974.6,79.0
2026-07-12 06:00:00,4,19,2026-07-13 00:00:00,0 days 18:00:00,18,-43.15,-85.52,976.3,76.8
2026-07-12 06:00:00,4,19,2026-07-13 06:00:00,1 days 00:00:00,24,-43.5,-83.0,978.0,74.7
2026-07-12 06:00:00,4,19,2026-07-13 12:00:00,1 days 06:00:00,30,-44.65,-80.55,981.3,70.4
2026-07-12 06:00:00,4,19,2026-07-13 18:00:00,1 days 12:00:00,36,-45.75,-78.0,984.6,66.2
2026-07-12 06:00:00,5,19,2026-07-14 18:00:00,2 days 12:00:00,60,13.0,-106.75,1004.8,35.5
2026-07-12 06:00:00,5,19,2026-07-15 00:00:00,2 days 18:00:00,66,13.25,-108.12,1002.7,39.0
2026-07-12 06:00:00,5,19,2026-07-15 06:00:00,3 days 00:00:00,72,13.5,-109.5,1000.6,42.6
2026-07-12 06:00:00,5,19,2026-07-15 12:00:00,3 days 06:00:00,78,13.75,-110.87,998.8,45.5
2026-07-12 06:00:00,5,19,2026-07-15 18:00:00,3 days 12:00:00,84,14.0,-112.25,997.1,48.3
2026-07-12 06:00:00,5,19,2026-07-16 00:00:00,3 days 18:00:00,90,14.13,-113.25,996.2,49.7
2026-07-12 06:00:00,5,19,2026-07-16 06:00:00,4 days 00:00:00,96,14.25,-114.25,995.2,51.1
2026-07-12 06:00:00,5,19,2026-07-16 12:00:00,4 days 06:00:00,102,14.75,-115.0,993.0,54.3
2026-07-12 06:00:00,5,19,2026-07-16 18:00:00,4 days 12:00:00,108,15.25,-115.75,990.8,57.5
2026-07-12 06:00:00,5,19,2026-07-17 00:00:00,4 days 18:00:00,114,15.88,-116.37,987.9,61.6
2026-07-12 06:00:00,5,19,2026-07-17 06:00:00,5 days 00:00:00,120,16.5,-117.0,985.0,65.6
2026-07-12 06:00:00,5,19,2026-07-17 12:00:00,5 days 06:00:00,126,17.0,-117.75,983.6,67.5
2026-07-12 06:00:00,5,19,2026-07-17 18:00:00,5 days 12:00:00,132,17.5,-118.5,982.1,69.5
2026-07-12 06:00:00,5,19,2026-07-18 00:00:00,5 days 18:00:00,138,17.88,-119.25,982.1,69.5
2026-07-12 06:00:00,5,19,2026-07-18 06:00:00,6 days 00:00:00,144,18.25,-120.0,982.1,69.5
2026-07-12 06:00:00,5,19,2026-07-18 12:00:00,6 days 06:00:00,150,18.75,-121.0,982.8,68.6
2026-07-12 06:00:00,5,19,2026-07-18 18:00:00,6 days 12:00:00,156,19.25,-122.0,983.4,67.8
2026-07-12 06:00:00,5,19,2026-07-19 00:00:00,6 days 18:00:00,162,19.75,-123.0,986.1,64.1
2026-07-12 06:00:00,5,19,2026-07-19 06:00:00,7 days 00:00:00,168,20.25,-124.0,988.8,60.4
2026-07-12 06:00:00,5,19,2026-07-19 12:00:00,7 days 06:00:00,174,20.88,-124.87,989.2,59.8
2026-07-12 06:00:00,5,19,2026-07-19 18:00:00,7 days 12:00:00,180,21.5,-125.75,989.7,59.2
2026-07-12 06:00:00,5,19,2026-07-20 00:00:00,7 days 18:00:00,186,22.13,-126.25,994.0,52.8
2026-07-12 06:00:00,5,19,2026-07-20 06:00:00,8 days 00:00:00,192,22.75,-126.75,998.3,46.4
2026-07-12 06:00:00,5,19,2026-07-20 12:00:00,8 days 06:00:00,198,24.0,-127.37,1000.3,43.1
2026-07-12 06:00:00,5,19,2026-07-20 18:00:00,8 days 12:00:00,204,25.25,-128.0,1002.3,39.7
2026-07-12 06:00:00,5,19,2026-07-21 00:00:00,8 days 18:00:00,210,26.56,-128.42,1003.7,37.4
2026-07-12 06:00:00,5,19,2026-07-21 06:00:00,9 days 00:00:00,216,27.88,-128.85,1005.0,35.0
2026-07-12 06:00:00,5,19,2026-07-21 12:00:00,9 days 06:00:00,222,29.19,-129.3,1006.3,32.7
2026-07-12 06:00:00,5,19,2026-07-21 18:00:00,9 days 12:00:00,228,30.5,-129.75,1007.6,30.3
2026-07-12 06:00:00,6,19,2026-07-15 18:00:00,3 days 12:00:00,84,-41.0,-145.5,984.7,66.0
2026-07-12 06:00:00,6,19,2026-07-16 00:00:00,3 days 18:00:00,90,-40.5,-145.88,985.4,65.2
2026-07-12 06:00:00,6,19,2026-07-16 06:00:00,4 days 00:00:00,96,-40.0,-146.25,986.0,64.3
2026-07-12 06:00:00,6,19,2026-07-16 12:00:00,4 days 06:00:00,102,-39.63,-145.37,986.1,64.1
2026-07-12 06:00:00,6,19,2026-07-16 18:00:00,4 days 12:00:00,108,-39.25,-144.5,986.3,63.9
2026-07-12 06:00:00,6,19,2026-07-17 00:00:00,4 days 18:00:00,114,-39.14,-142.62,986.6,63.5
2026-07-12 06:00:00,6,19,2026-07-17 06:00:00,5 days 00:00:00,120,-39.0,-140.75,986.9,63.0
2026-07-12 06:00:00,6,19,2026-07-17 12:00:00,5 days 06:00:00,126,-39.58,-139.59,987.1,62.8
2026-07-12 06:00:00,6,19,2026-07-17 18:00:00,5 days 12:00:00,132,-40.15,-138.41,987.2,62.6
2026-07-12 06:00:00,6,19,2026-07-18 00:00:00,5 days 18:00:00,138,-40.71,-137.22,987.3,62.5
2026-07-12 06:00:00,6,19,2026-07-18 06:00:00,6 days 00:00:00,144,-41.25,-136.0,987.5,62.3
2026-07-12 06:00:00,7,19,2026-07-17 06:00:00,5 days 00:00:00,120,31.25,62.5,994.9,51.6
2026-07-12 06:00:00,7,19,2026-07-17 12:00:00,5 days 06:00:00,126,31.63,62.75,994.4,52.3
2026-07-12 06:00:00,7,19,2026-07-17 18:00:00,5 days 12:00:00,132,32.0,63.0,993.9,53.1
2026-07-12 06:00:00,7,19,2026-07-18 00:00:00,5 days 18:00:00,138,32.0,62.62,994.1,52.7
2026-07-12 06:00:00,7,19,2026-07-18 06:00:00,6 days 00:00:00,144,32.0,62.25,994.4,52.4
2026-07-12 06:00:00,7,19,2026-07-18 12:00:00,6 days 06:00:00,150,31.88,62.5,993.0,54.5
2026-07-12 06:00:00,7,19,2026-07-18 18:00:00,6 days 12:00:00,156,31.75,62.75,991.5,56.6
2026-07-12 06:00:00,7,19,2026-07-19 00:00:00,6 days 18:00:00,162,31.5,62.5,992.8,54.7
2026-07-12 06:00:00,7,19,2026-07-19 06:00:00,7 days 00:00:00,168,31.25,62.25,994.0,52.9
2026-07-12 06:00:00,7,19,2026-07-19 12:00:00,7 days 06:00:00,174,31.63,62.62,992.7,54.8
2026-07-12 06:00:00,7,19,2026-07-19 18:00:00,7 days 12:00:00,180,32.0,63.0,991.4,56.8
2026-07-12 06:00:00,7,19,2026-07-20 00:00:00,7 days 18:00:00,186,31.25,63.13,991.7,56.3
2026-07-12 06:00:00,7,19,2026-07-20 06:00:00,8 days 00:00:00,192,30.5,63.25,992.0,55.9
2026-07-12 06:00:00,8,19,2026-07-19 06:00:00,7 days 00:00:00,168,12.0,-109.25,1009.3,26.9
2026-07-12 06:00:00,8,19,2026-07-19 12:00:00,7 days 06:00:00,174,12.75,-109.87,1008.4,28.6
2026-07-12 06:00:00,8,19,2026-07-19 18:00:00,7 days 12:00:00,180,13.5,-110.5,1007.5,30.4
2026-07-12 06:00:00,8,19,2026-07-20 00:00:00,7 days 18:00:00,186,14.13,-111.5,1006.6,32.1
2026-07-12 06:00:00,8,19,2026-07-20 06:00:00,8 days 00:00:00,192,14.75,-112.5,1005.7,33.8
2026-07-12 06:00:00,8,19,2026-07-20 12:00:00,8 days 06:00:00,198,14.5,-113.5,1004.5,36.0
2026-07-12 06:00:00,8,19,2026-07-20 18:00:00,8 days 12:00:00,204,14.25,-114.5,1003.2,38.2
2026-07-12 06:00:00,8,19,2026-07-21 00:00:00,8 days 18:00:00,210,14.38,-115.25,1003.4,37.9
2026-07-12 06:00:00,8,19,2026-07-21 06:00:00,9 days 00:00:00,216,14.5,-116.0,1003.5,37.7
2026-07-12 06:00:00,8,19,2026-07-21 12:00:00,9 days 06:00:00,222,14.38,-116.88,1003.4,38.0
2026-07-12 06:00:00,8,19,2026-07-21 18:00:00,9 days 12:00:00,228,14.25,-117.75,1003.2,38.3
2026-07-12 06:00:00,8,19,2026-07-22 00:00:00,9 days 18:00:00,234,14.0,-119.0,1002.1,40.1
2026-07-12 06:00:00,8,19,2026-07-22 06:00:00,10 days 00:00:00,240,13.75,-120.25,1001.1,41.9
2026-07-12 06:00:00,8,19,2026-07-22 12:00:00,10 days 06:00:00,246,13.5,-121.25,1001.7,40.8
2026-07-12 06:00:00,8,19,2026-07-22 18:00:00,10 days 12:00:00,252,13.25,-122.25,1002.4,39.6
2026-07-12 06:00:00,8,19,2026-07-23 00:00:00,10 days 18:00:00,258,13.63,-123.0,1004.0,36.9
2026-07-12 06:00:00,8,19,2026-07-23 06:00:00,11 days 00:00:00,264,14.0,-123.75,1005.6,34.1
2026-07-12 06:00:00,8,19,2026-07-23 12:00:00,11 days 06:00:00,270,13.75,-125.0,1005.9,33.5
2026-07-12 06:00:00,8,19,2026-07-23 18:00:00,11 days 12:00:00,276,13.5,-126.25,1006.2,33.0
2026-07-12 06:00:00,9,19,2026-07-19 18:00:00,7 days 12:00:00,180,13.5,151.0,1000.0,43.7
2026-07-12 06:00:00,9,19,2026-07-20 00:00:00,7 days 18:00:00,186,14.5,149.76,999.0,45.2
2026-07-12 06:00:00,9,19,2026-07-20 06:00:00,8 days 00:00:00,192,15.5,148.5,998.1,46.7
2026-07-12 06:00:00,9,19,2026-07-20 12:00:00,8 days 06:00:00,198,16.25,147.38,997.4,47.8
2026-07-12 06:00:00,9,19,2026-07-20 18:00:00,8 days 12:00:00,204,17.0,146.25,996.7,48.8
2026-07-12 06:00:00,9,19,2026-07-21 00:00:00,8 days 18:00:00,210,17.38,145.25,993.8,53.2
2026-07-12 06:00:00,9,19,2026-07-21 06:00:00,9 days 00:00:00,216,17.75,144.25,990.8,57.6
2026-07-12 06:00:00,9,19,2026-07-21 12:00:00,9 days 06:00:00,222,18.25,143.63,986.4,63.7
2026-07-12 06:00:00,9,19,2026-07-21 18:00:00,9 days 12:00:00,228,18.75,143.0,981.9,69.7
2026-07-12 06:00:00,9,19,2026-07-22 00:00:00,9 days 18:00:00,234,19.5,142.25,976.0,77.1
2026-07-12 06:00:00,9,19,2026-07-22 06:00:00,10 days 00:00:00,240,20.25,141.5,970.1,84.5
2026-07-12 06:00:00,9,19,2026-07-22 12:00:00,10 days 06:00:00,246,21.0,141.0,965.7,89.6
2026-07-12 06:00:00,9,19,2026-07-22 18:00:00,10 days 12:00:00,252,21.75,140.5,961.3,94.8
2026-07-12 06:00:00,9,19,2026-07-23 00:00:00,10 days 18:00:00,258,22.75,140.25,960.0,96.2
2026-07-12 06:00:00,9,19,2026-07-23 06:00:00,11 days 00:00:00,264,23.75,140.0,958.8,97.6
2026-07-12 06:00:00,9,19,2026-07-23 12:00:00,11 days 06:00:00,270,24.75,139.88,956.5,100.1
2026-07-12 06:00:00,9,19,2026-07-23 18:00:00,11 days 12:00:00,276,25.75,139.75,954.2,102.6
2026-07-12 06:00:00,9,19,2026-07-24 00:00:00,11 days 18:00:00,282,26.75,139.5,955.2,101.5
2026-07-12 06:00:00,9,19,2026-07-24 06:00:00,12 days 00:00:00,288,27.75,139.25,956.2,100.4
2026-07-12 06:00:00,9,19,2026-07-24 12:00:00,12 days 06:00:00,294,28.25,138.88,956.1,100.6
2026-07-12 06:00:00,9,19,2026-07-24 18:00:00,12 days 12:00:00,300,28.75,138.5,955.9,100.7
2026-07-12 06:00:00,9,19,2026-07-25 00:00:00,12 days 18:00:00,306,29.0,138.5,954.0,102.8
2026-07-12 06:00:00,9,19,2026-07-25 06:00:00,13 days 00:00:00,312,29.25,138.5,952.1,104.9
2026-07-12 06:00:00,9,19,2026-07-25 12:00:00,13 days 06:00:00,318,29.63,138.87,950.7,106.4
2026-07-12 06:00:00,9,19,2026-07-25 18:00:00,13 days 12:00:00,324,30.0,139.25,949.3,107.9
2026-07-12 06:00:00,9,19,2026-07-26 00:00:00,13 days 18:00:00,330,30.13,140.0,956.2,100.3
2026-07-12 06:00:00,9,19,2026-07-26 06:00:00,14 days 00:00:00,336,30.25,140.75,963.1,92.6
2026-07-12 06:00:00,9,19,2026-07-26 12:00:00,14 days 06:00:00,342,30.5,141.75,963.0,92.8
2026-07-12 06:00:00,9,19,2026-07-26 18:00:00,14 days 12:00:00,348,30.75,142.75,962.9,92.9
2026-07-12 06:00:00,9,19,2026-07-27 00:00:00,14 days 18:00:00,354,30.88,143.87,966.5,88.7
2026-07-12 06:00:00,9,19,2026-07-27 06:00:00,15 days 00:00:00,360,31.0,145.0,970.1,84.5
2026-07-12 06:00:00,0,2,2026-07-12 06:00:00,0 days 00:00:00,0,31.25,118.75,986.3,63.8
2026-07-12 06:00:00,0,2,2026-07-12 12:00:00,0 days 06:00:00,6,32.13,118.5,988.1,61.4
2026-07-12 06:00:00,0,2,2026-07-12 18:00:00,0 days 12:00:00,12,33.0,118.25,989.9,58.9
2026-07-12 06:00:00,0,2,2026-07-13 00:00:00,0 days 18:00:00,18,33.63,118.37,991.3,56.8
2026-07-12 06:00:00,0,2,2026-07-13 06:00:00,1 days 00:00:00,24,34.25,118.5,992.8,54.7
2026-07-12 06:00:00,0,2,2026-07-13 12:00:00,1 days 06:00:00,30,34.75,119.0,992.8,54.7
2026-07-12 06:00:00,0,2,2026-07-13 18:00:00,1 days 12:00:00,36,35.25,119.5,992.9,54.6
2026-07-12 06:00:00,0,2,2026-07-14 00:00:00,1 days 18:00:00,42,36.27,121.47,992.9,54.6
2026-07-12 06:00:00,0,2,2026-07-14 06:00:00,2 days 00:00:00,48,37.25,123.5,992.9,54.6
2026-07-12 06:00:00,0,2,2026-07-14 12:00:00,2 days 06:00:00,54,38.79,126.31,991.6,56.5
2026-07-12 06:00:00,0,2,2026-07-14 18:00:00,2 days 12:00:00,60,40.25,129.25,990.3,58.3
2026-07-12 06:00:00,3,2,2026-07-12 06:00:00,0 days 00:00:00,0,-41.75,-140.0,971.7,82.5
2026-07-12 06:00:00,3,2,2026-07-12 12:00:00,0 days 06:00:00,6,-43.25,-140.0,970.4,84.1
2026-07-12 06:00:00,3,2,2026-07-12 18:00:00,0 days 12:00:00,12,-44.75,-140.0,969.1,85.7
2026-07-12 06:00:00,3,2,2026-07-13 00:00:00,0 days 18:00:00,18,-45.63,-140.12,970.9,83.5
2026-07-12 06:00:00,3,2,2026-07-13 06:00:00,1 days 00:00:00,24,-46.5,-140.25,972.7,81.3
2026-07-12 06:00:00,3,2,2026-07-13 12:00:00,1 days 06:00:00,30,-46.26,-141.38,975.9,77.3
2026-07-12 06:00:00,3,2,2026-07-13 18:00:00,1 days 12:00:00,36,-46.0,-142.5,979.1,73.3
2026-07-12 06:00:00,3,2,2026-07-14 00:00:00,1 days 18:00:00,42,-44.01,-143.66,981.1,70.8
2026-07-12 06:00:00,3,2,2026-07-14 06:00:00,2 days 00:00:00,48,-42.0,-144.75,983.1,68.2
2026-07-12 06:00:00,3,2,2026-07-14 12:00:00,2 days 06:00:00,54,-41.63,-144.05,983.7,67.3
2026-07-12 06:00:00,3,2,2026-07-14 18:00:00,2 days 12:00:00,60,-41.26,-143.36,984.4,66.5
2026-07-12 06:00:00,3,2,2026-07-15 00:00:00,2 days 18:00:00,66,-40.88,-142.68,985.0,65.6
2026-07-12 06:00:00,3,2,2026-07-15 06:00:00,3 days 00:00:00,72,-40.5,-142.0,985.7,64.7
2026-07-12 06:00:00,4,2,2026-07-12 06:00:00,0 days 00:00:00,0,-41.0,-92.75,973.3,80.6
2026-07-12 06:00:00,4,2,2026-07-12 12:00:00,0 days 06:00:00,6,-41.9,-90.28,973.4,80.5
2026-07-12 06:00:00,4,2,2026-07-12 18:00:00,0 days 12:00:00,12,-42.75,-87.75,973.4,80.5
2026-07-12 06:00:00,4,2,2026-07-13 00:00:00,0 days 18:00:00,18,-43.29,-84.9,975.6,77.8
2026-07-12 06:00:00,4,2,2026-07-13 06:00:00,1 days 00:00:00,24,-43.75,-82.0,977.7,75.2
2026-07-12 06:00:00,4,2,2026-07-13 12:00:00,1 days 06:00:00,30,-44.89,-79.92,979.9,72.3
2026-07-12 06:00:00,4,2,2026-07-13 18:00:00,1 days 12:00:00,36,-46.0,-77.75,982.2,69.4
2026-07-12 06:00:00,4,2,2026-07-14 00:00:00,1 days 18:00:00,42,-46.75,-77.01,985.1,65.4
2026-07-12 06:00:00,4,2,2026-07-14 06:00:00,2 days 00:00:00,48,-47.5,-76.25,988.1,61.4
2026-07-12 06:00:00,5,2,2026-07-15 06:00:00,3 days 00:00:00,72,14.0,-112.5,1006.9,31.5
2026-07-12 06:00:00,5,2,2026-07-15 12:00:00,3 days 06:00:00,78,14.13,-113.75,1005.4,34.3
2026-07-12 06:00:00,5,2,2026-07-15 18:00:00,3 days 12:00:00,84,14.25,-115.0,1003.9,37.1
2026-07-12 06:00:00,5,2,2026-07-16 00:00:00,3 days 18:00:00,90,15.0,-116.37,1002.8,38.9
2026-07-12 06:00:00,5,2,2026-07-16 06:00:00,4 days 00:00:00,96,15.75,-117.75,1001.8,40.6
2026-07-12 06:00:00,5,2,2026-07-16 12:00:00,4 days 06:00:00,102,15.38,-118.88,1000.7,42.4
2026-07-12 06:00:00,5,2,2026-07-16 18:00:00,4 days 12:00:00,108,15.0,-120.0,999.7,44.1
2026-07-12 06:00:00,5,2,2026-07-17 00:00:00,4 days 18:00:00,114,15.5,-120.75,997.4,47.7
2026-07-12 06:00:00,5,2,2026-07-17 06:00:00,5 days 00:00:00,120,16.0,-121.5,995.2,51.2
2026-07-12 06:00:00,5,2,2026-07-17 12:00:00,5 days 06:00:00,126,16.25,-122.62,993.1,54.3
2026-07-12 06:00:00,5,2,2026-07-17 18:00:00,5 days 12:00:00,132,16.5,-123.75,991.0,57.3
2026-07-12 06:00:00,5,2,2026-07-18 00:00:00,5 days 18:00:00,138,17.13,-124.75,989.1,60.0
2026-07-12 06:00:00,5,2,2026-07-18 06:00:00,6 days 00:00:00,144,17.75,-125.75,987.2,62.6
2026-07-12 06:00:00,5,2,2026-07-18 12:00:00,6 days 06:00:00,150,18.25,-126.37,987.9,61.6
2026-07-12 06:00:00,5,2,2026-07-18 18:00:00,6 days 12:00:00,156,18.75,-127.0,988.7,60.6
2026-07-12 06:00:00,5,2,2026-07-19 00:00:00,6 days 18:00:00,162,19.5,-127.5,990.4,58.1
2026-07-12 06:00:00,5,2,2026-07-19 06:00:00,7 days 00:00:00,168,20.25,-128.0,992.1,55.7
2026-07-12 06:00:00,5,2,2026-07-19 12:00:00,7 days 06:00:00,174,21.38,-128.74,993.3,53.9
2026-07-12 06:00:00,5,2,2026-07-19 18:00:00,7 days 12:00:00,180,22.5,-129.5,994.5,52.2
2026-07-12 06:00:00,5,2,2026-07-20 00:00:00,7 days 18:00:00,186,23.25,-130.0,996.7,48.7
2026-07-12 06:00:00,5,2,2026-07-20 06:00:00,8 days 00:00:00,192,24.0,-130.5,999.0,45.3
2026-07-12 06:00:00,5,2,2026-07-20 12:00:00,8 days 06:00:00,198,24.88,-131.37,1000.0,43.5
2026-07-12 06:00:00,5,2,2026-07-20 18:00:00,8 days 12:00:00,204,25.75,-132.25,1001.1,41.8
2026-07-12 06:00:00,5,2,2026-07-21 00:00:00,8 days 18:00:00,210,26.5,-132.75,1002.5,39.5
2026-07-12 06:00:00,5,2,2026-07-21 06:00:00,9 days 00:00:00,216,27.25,-133.25,1003.9,37.1
2026-07-12 06:00:00,6,2,2026-07-18 06:00:00,6 days 00:00:00,144,9.25,-108.5,1007.6,30.3
2026-07-12 06:00:00,6,2,2026-07-18 12:00:00,6 days 06:00:00,150,9.75,-109.37,1007.0,31.5
2026-07-12 06:00:00,6,2,2026-07-18 18:00:00,6 days 12:00:00,156,10.25,-110.25,1006.4,32.6
2026-07-12 06:00:00,6,2,2026-07-19 00:00:00,6 days 18:00:00,162,10.5,-111.37,1005.0,35.1
2026-07-12 06:00:00,6,2,2026-07-19 06:00:00,7 days 00:00:00,168,10.75,-112.5,1003.6,37.6
2026-07-12 06:00:00,6,2,2026-07-19 12:00:00,7 days 06:00:00,174,11.0,-113.37,1002.4,39.7
2026-07-12 06:00:00,6,2,2026-07-19 18:00:00,7 days 12:00:00,180,11.25,-114.25,1001.2,41.7
2026-07-12 06:00:00,6,2,2026-07-20 00:00:00,7 days 18:00:00,186,11.88,-115.25,1000.2,43.3
2026-07-12 06:00:00,6,2,2026-07-20 06:00:00,8 days 00:00:00,192,12.5,-116.25,999.2,44.9
2026-07-12 06:00:00,6,2,2026-07-20 12:00:00,8 days 06:00:00,198,13.0,-116.87,998.9,45.4
2026-07-12 06:00:00,6,2,2026-07-20 18:00:00,8 days 12:00:00,204,13.5,-117.5,998.5,46.0
2026-07-12 06:00:00,6,2,2026-07-21 00:00:00,8 days 18:00:00,210,13.88,-118.25,996.3,49.4
2026-07-12 06:00:00,6,2,2026-07-21 06:00:00,9 days 00:00:00,216,14.25,-119.0,994.1,52.8
2026-07-12 06:00:00,6,2,2026-07-21 12:00:00,9 days 06:00:00,222,14.88,-119.37,994.6,52.1
2026-07-12 06:00:00,6,2,2026-07-21 18:00:00,9 days 12:00:00,228,15.5,-119.75,995.0,51.5
2026-07-12 06:00:00,6,2,2026-07-22 00:00:00,9 days 18:00:00,234,16.0,-120.25,992.9,54.5
2026-07-12 06:00:00,6,2,2026-07-22 06:00:00,10 days 00:00:00,240,16.5,-120.75,990.9,57.5
2026-07-12 06:00:00,6,2,2026-07-22 12:00:00,10 days 06:00:00,246,17.0,-121.37,988.9,60.2
2026-07-12 06:00:00,6,2,2026-07-22 18:00:00,10 days 12:00:00,252,17.5,-122.0,986.9,63.0
2026-07-12 06:00:00,6,2,2026-07-23 00:00:00,10 days 18:00:00,258,17.75,-123.0,986.7,63.3
2026-07-12 06:00:00,6,2,2026-07-23 06:00:00,11 days 00:00:00,264,18.0,-124.0,986.5,63.6
2026-07-12 06:00:00,6,2,2026-07-23 12:00:00,11 days 06:00:00,270,18.13,-125.12,987.3,62.5
2026-07-12 06:00:00,6,2,2026-07-23 18:00:00,11 days 12:00:00,276,18.25,-126.25,988.1,61.4
2026-07-12 06:00:00,6,2,2026-07-24 00:00:00,11 days 18:00:00,282,18.38,-128.0,991.5,56.5
2026-07-12 06:00:00,6,2,2026-07-24 06:00:00,12 days 00:00:00,288,18.5,-129.75,994.9,51.5
2026-07-12 06:00:00,6,2,2026-07-24 12:00:00,12 days 06:00:00,294,18.26,-131.25,993.8,53.2
2026-07-12 06:00:00,6,2,2026-07-24 18:00:00,12 days 12:00:00,300,18.0,-132.75,992.7,54.9
2026-07-12 06:00:00,6,2,2026-07-25 00:00:00,12 days 18:00:00,306,18.13,-134.62,995.5,50.7
2026-07-12 06:00:00,6,2,2026-07-25 06:00:00,13 days 00:00:00,312,18.25,-136.5,998.2,46.5
2026-07-12 06:00:00,6,2,2026-07-25 12:00:00,13 days 06:00:00,318,18.26,-138.75,997.1,48.2
2026-07-12 06:00:00,6,2,2026-07-25 18:00:00,13 days 12:00:00,324,18.25,-141.0,996.1,49.8
2026-07-12 06:00:00,6,2,2026-07-26 00:00:00,13 days 18:00:00,330,18.51,-143.0,996.1,49.8
2026-07-12 06:00:00,6,2,2026-07-26 06:00:00,14 days 00:00:00,336,18.75,-145.0,996.1,49.8
2026-07-12 06:00:00,6,2,2026-07-26 12:00:00,14 days 06:00:00,342,18.76,-147.0,996.9,48.6
2026-07-12 06:00:00,6,2,2026-07-26 18:00:00,14 days 12:00:00,348,18.75,-149.0,997.7,47.4
2026-07-12 06:00:00,6,2,2026-07-27 00:00:00,14 days 18:00:00,354,18.63,-150.88,998.7,45.7
2026-07-12 06:00:00,6,2,2026-07-27 06:00:00,15 days 00:00:00,360,18.5,-152.75,999.8,44.0
2026-07-12 06:00:00,7,2,2026-07-22 06:00:00,10 days 00:00:00,240,12.5,138.5,1001.5,41.1
2026-07-12 06:00:00,7,2,2026-07-22 12:00:00,10 days 06:00:00,246,13.13,137.13,1001.3,41.4
2026-07-12 06:00:00,7,2,2026-07-22 18:00:00,10 days 12:00:00,252,13.75,135.75,1001.1,41.8
2026-07-12 06:00:00,7,2,2026-07-23 00:00:00,10 days 18:00:00,258,13.88,134.63,998.9,45.4
2026-07-12 06:00:00,7,2,2026-07-23 06:00:00,11 days 00:00:00,264,14.0,133.5,996.6,49.0
2026-07-12 06:00:00,7,2,2026-07-23 12:00:00,11 days 06:00:00,270,13.87,133.5,996.9,48.5
2026-07-12 06:00:00,7,2,2026-07-23 18:00:00,11 days 12:00:00,276,13.75,133.5,997.2,48.0
2026-07-12 06:00:00,7,2,2026-07-24 00:00:00,11 days 18:00:00,282,14.13,133.0,996.4,49.3
2026-07-12 06:00:00,7,2,2026-07-24 06:00:00,12 days 00:00:00,288,14.5,132.5,995.5,50.7
2026-07-12 06:00:00,7,2,2026-07-24 12:00:00,12 days 06:00:00,294,15.13,132.38,993.0,54.4
2026-07-12 06:00:00,7,2,2026-07-24 18:00:00,12 days 12:00:00,300,15.75,132.25,990.4,58.1
2026-07-12 06:00:00,7,2,2026-07-25 00:00:00,12 days 18:00:00,306,16.13,131.63,989.7,59.2
2026-07-12 06:00:00,7,2,2026-07-25 06:00:00,13 days 00:00:00,312,16.5,131.0,988.9,60.3
2026-07-12 06:00:00,7,2,2026-07-25 12:00:00,13 days 06:00:00,318,17.38,130.38,987.8,61.8
2026-07-12 06:00:00,7,2,2026-07-25 18:00:00,13 days 12:00:00,324,18.25,129.75,986.7,63.3
2026-07-12 06:00:00,7,2,2026-07-26 00:00:00,13 days 18:00:00,330,19.25,128.88,988.1,61.3
2026-07-12 06:00:00,7,2,2026-07-26 06:00:00,14 days 00:00:00,336,20.25,128.0,989.5,59.4
2026-07-12 06:00:00,7,2,2026-07-26 12:00:00,14 days 06:00:00,342,20.88,127.38,988.9,60.3
2026-07-12 06:00:00,7,2,2026-07-26 18:00:00,14 days 12:00:00,348,21.5,126.75,988.3,61.2
2026-07-12 06:00:00,7,2,2026-07-27 00:00:00,14 days 18:00:00,354,22.75,126.63,985.6,64.7
2026-07-12 06:00:00,7,2,2026-07-27 06:00:00,15 days 00:00:00,360,24.0,126.5,983.0,68.3
2026-07-12 06:00:00,8,2,2026-07-24 18:00:00,12 days 12:00:00,300,23.75,169.25,1004.7,35.7
2026-07-12 06:00:00,8,2,2026-07-25 00:00:00,12 days 18:00:00,306,22.75,169.38,1003.4,37.8
2026-07-12 06:00:00,8,2,2026-07-25 06:00:00,13 days 00:00:00,312,21.75,169.5,1002.2,40.0
2026-07-12 06:00:00,8,2,2026-07-25 12:00:00,13 days 06:00:00,318,21.38,169.88,1000.8,42.3
2026-07-12 06:00:00,8,2,2026-07-25 18:00:00,13 days 12:00:00,324,21.0,170.25,999.4,44.6
2026-07-12 06:00:00,8,2,2026-07-26 00:00:00,13 days 18:00:00,330,20.88,170.5,998.2,46.5
2026-07-12 06:00:00,8,2,2026-07-26 06:00:00,14 days 00:00:00,336,20.75,170.75,997.0,48.4
2026-07-12 06:00:00,8,2,2026-07-26 12:00:00,14 days 06:00:00,342,21.38,170.63,993.9,53.1
2026-07-12 06:00:00,8,2,2026-07-26 18:00:00,14 days 12:00:00,348,22.0,170.5,990.7,57.7
2026-07-12 06:00:00,8,2,2026-07-27 00:00:00,14 days 18:00:00,354,22.88,170.13,990.8,57.6
2026-07-12 06:00:00,8,2,2026-07-27 06:00:00,15 days 00:00:00,360,23.75,169.75,990.9,57.5
2026-07-12 06:00:00,0,20,2026-07-12 06:00:00,0 days 00:00:00,0,31.25,118.75,986.3,63.8
2026-07-12 06:00:00,0,20,2026-07-12 12:00:00,0 days 06:00:00,6,32.13,118.5,988.1,61.3
2026-07-12 06:00:00,0,20,2026-07-12 18:00:00,0 days 12:00:00,12,33.0,118.25,990.0,58.8
2026-07-12 06:00:00,0,20,2026-07-13 00:00:00,0 days 18:00:00,18,33.75,118.0,991.1,57.1
2026-07-12 06:00:00,0,20,2026-07-13 06:00:00,1 days 00:00:00,24,34.5,117.75,992.3,55.4
2026-07-12 06:00:00,0,20,2026-07-13 12:00:00,1 days 06:00:00,30,34.75,118.62,992.9,54.5
2026-07-12 06:00:00,0,20,2026-07-13 18:00:00,1 days 12:00:00,36,35.0,119.5,993.5,53.6
2026-07-12 06:00:00,0,20,2026-07-14 00:00:00,1 days 18:00:00,42,35.88,120.86,993.7,53.3
2026-07-12 06:00:00,0,20,2026-07-14 06:00:00,2 days 00:00:00,48,36.75,122.25,993.9,53.1
2026-07-12 06:00:00,10,20,2026-07-23 06:00:00,11 days 00:00:00,264,18.0,124.75,1000.5,42.9
2026-07-12 06:00:00,10,20,2026-07-23 12:00:00,11 days 06:00:00,270,18.88,123.38,999.9,43.9
2026-07-12 06:00:00,10,20,2026-07-23 18:00:00,11 days 12:00:00,276,19.75,122.0,999.2,44.9
2026-07-12 06:00:00,10,20,2026-07-24 00:00:00,11 days 18:00:00,282,19.88,121.25,998.1,46.7
2026-07-12 06:00:00,10,20,2026-07-24 06:00:00,12 days 00:00:00,288,20.0,120.5,997.0,48.4
2026-07-12 06:00:00,10,20,2026-07-24 12:00:00,12 days 06:00:00,294,20.38,119.13,995.7,50.3
2026-07-12 06:00:00,10,20,2026-07-24 18:00:00,12 days 12:00:00,300,20.75,117.75,994.5,52.2
2026-07-12 06:00:00,10,20,2026-07-25 00:00:00,12 days 18:00:00,306,21.25,117.13,995.1,51.4
2026-07-12 06:00:00,10,20,2026-07-25 06:00:00,13 days 00:00:00,312,21.75,116.5,995.6,50.5
2026-07-12 06:00:00,10,20,2026-07-25 12:00:00,13 days 06:00:00,318,22.13,115.75,995.5,50.7
2026-07-12 06:00:00,10,20,2026-07-25 18:00:00,13 days 12:00:00,324,22.5,115.0,995.4,50.9
2026-07-12 06:00:00,10,20,2026-07-26 00:00:00,13 days 18:00:00,330,23.13,114.0,996.8,48.7
2026-07-12 06:00:00,10,20,2026-07-26 06:00:00,14 days 00:00:00,336,23.75,113.0,998.2,46.4
2026-07-12 06:00:00,3,20,2026-07-12 06:00:00,0 days 00:00:00,0,-41.75,-140.0,971.7,82.5
2026-07-12 06:00:00,3,20,2026-07-12 12:00:00,0 days 06:00:00,6,-43.25,-139.76,970.9,83.5
2026-07-12 06:00:00,3,20,2026-07-12 18:00:00,0 days 12:00:00,12,-44.75,-139.5,970.1,84.5
2026-07-12 06:00:00,3,20,2026-07-13 00:00:00,0 days 18:00:00,18,-45.88,-139.99,972.0,82.2
2026-07-12 06:00:00,3,20,2026-07-13 06:00:00,1 days 00:00:00,24,-47.0,-140.5,973.9,79.9
2026-07-12 06:00:00,3,20,2026-07-13 12:00:00,1 days 06:00:00,30,-46.0,-141.52,975.7,77.7
2026-07-12 06:00:00,3,20,2026-07-13 18:00:00,1 days 12:00:00,36,-45.0,-142.5,977.5,75.4
2026-07-12 06:00:00,3,20,2026-07-14 00:00:00,1 days 18:00:00,42,-43.5,-143.52,979.6,72.6
2026-07-12 06:00:00,3,20,2026-07-14 06:00:00,2 days 00:00:00,48,-42.0,-144.5,981.8,69.9
2026-07-12 06:00:00,4,20,2026-07-12 06:00:00,0 days 00:00:00,0,-41.0,-92.75,973.3,80.6
2026-07-12 06:00:00,4,20,2026-07-12 12:00:00,0 days 06:00:00,6,-41.9,-90.41,973.1,80.9
2026-07-12 06:00:00,4,20,2026-07-12 18:00:00,0 days 12:00:00,12,-42.75,-88.0,972.8,81.2
2026-07-12 06:00:00,4,20,2026-07-13 00:00:00,0 days 18:00:00,18,-43.03,-85.51,974.6,79.0
2026-07-12 06:00:00,4,20,2026-07-13 06:00:00,1 days 00:00:00,24,-43.25,-83.0,976.4,76.8
2026-07-12 06:00:00,4,20,2026-07-13 12:00:00,1 days 06:00:00,30,-44.16,-80.41,980.4,71.6
2026-07-12 06:00:00,4,20,2026-07-13 18:00:00,1 days 12:00:00,36,-45.0,-77.75,984.4,66.4
2026-07-12 06:00:00,4,20,2026-07-14 00:00:00,1 days 18:00:00,42,-46.13,-76.65,987.5,62.2
2026-07-12 06:00:00,4,20,2026-07-14 06:00:00,2 days 00:00:00,48,-47.25,-75.5,990.6,57.9
2026-07-12 06:00:00,4,20,2026-07-14 12:00:00,2 days 06:00:00,54,-44.41,-81.81,992.8,54.7
2026-07-12 06:00:00,4,20,2026-07-14 18:00:00,2 days 12:00:00,60,-41.25,-87.5,994.9,51.5
2026-07-12 06:00:00,4,20,2026-07-15 00:00:00,2 days 18:00:00,66,-40.88,-86.49,992.5,55.1
2026-07-12 06:00:00,4,20,2026-07-15 06:00:00,3 days 00:00:00,72,-40.5,-85.5,990.0,58.7
2026-07-12 06:00:00,5,20,2026-07-14 06:00:00,2 days 00:00:00,48,21.0,87.5,998.7,45.8
2026-07-12 06:00:00,5,20,2026-07-14 12:00:00,2 days 06:00:00,54,20.75,88.0,998.8,45.6
2026-07-12 06:00:00,5,20,2026-07-14 18:00:00,2 days 12:00:00,60,20.5,88.5,998.9,45.4
2026-07-12 06:00:00,5,20,2026-07-15 00:00:00,2 days 18:00:00,66,20.5,88.63,997.7,47.3
2026-07-12 06:00:00,5,20,2026-07-15 06:00:00,3 days 00:00:00,72,20.5,88.75,996.4,49.3
2026-07-12 06:00:00,5,20,2026-07-15 12:00:00,3 days 06:00:00,78,21.13,88.38,996.0,50.0
2026-07-12 06:00:00,5,20,2026-07-15 18:00:00,3 days 12:00:00,84,21.75,88.0,995.5,50.6
2026-07-12 06:00:00,5,20,2026-07-16 00:00:00,3 days 18:00:00,90,21.5,87.25,996.0,49.9
2026-07-12 06:00:00,5,20,2026-07-16 06:00:00,4 days 00:00:00,96,21.25,86.5,996.4,49.3
2026-07-12 06:00:00,5,20,2026-07-16 12:00:00,4 days 06:00:00,102,21.25,85.62,996.1,49.8
2026-07-12 06:00:00,5,20,2026-07-16 18:00:00,4 days 12:00:00,108,21.25,84.75,995.8,50.2
2026-07-12 06:00:00,5,20,2026-07-17 00:00:00,4 days 18:00:00,114,21.25,84.75,996.4,49.3
2026-07-12 06:00:00,5,20,2026-07-17 06:00:00,5 days 00:00:00,120,21.25,84.75,997.0,48.3
2026-07-12 06:00:00,6,20,2026-07-15 18:00:00,3 days 12:00:00,84,16.5,-114.0,1003.5,37.8
2026-07-12 06:00:00,6,20,2026-07-16 00:00:00,3 days 18:00:00,90,16.88,-115.0,1002.3,39.9
2026-07-12 06:00:00,6,20,2026-07-16 06:00:00,4 days 00:00:00,96,17.25,-116.0,1001.1,41.9
2026-07-12 06:00:00,6,20,2026-07-16 12:00:00,4 days 06:00:00,102,18.0,-116.75,1000.5,42.8
2026-07-12 06:00:00,6,20,2026-07-16 18:00:00,4 days 12:00:00,108,18.75,-117.5,999.9,43.8
2026-07-12 06:00:00,6,20,2026-07-17 00:00:00,4 days 18:00:00,114,19.38,-118.0,1000.5,42.9
2026-07-12 06:00:00,6,20,2026-07-17 06:00:00,5 days 00:00:00,120,20.0,-118.5,1001.0,41.9
2026-07-12 06:00:00,6,20,2026-07-17 12:00:00,5 days 06:00:00,126,21.13,-119.24,1001.4,41.4
2026-07-12 06:00:00,6,20,2026-07-17 18:00:00,5 days 12:00:00,132,22.25,-120.0,1001.7,40.8
2026-07-12 06:00:00,6,20,2026-07-18 00:00:00,5 days 18:00:00,138,22.25,-120.75,1002.3,39.8
2026-07-12 06:00:00,6,20,2026-07-18 06:00:00,6 days 00:00:00,144,22.25,-121.5,1002.8,38.9
2026-07-12 06:00:00,6,20,2026-07-18 12:00:00,6 days 06:00:00,150,22.88,-122.25,1003.6,37.6
2026-07-12 06:00:00,6,20,2026-07-18 18:00:00,6 days 12:00:00,156,23.5,-123.0,1004.4,36.2
2026-07-12 06:00:00,6,20,2026-07-19 00:00:00,6 days 18:00:00,162,23.63,-123.5,1004.9,35.3
2026-07-12 06:00:00,6,20,2026-07-19 06:00:00,7 days 00:00:00,168,23.75,-124.0,1005.4,34.5
2026-07-12 06:00:00,7,20,2026-07-17 18:00:00,5 days 12:00:00,132,10.25,-105.25,1010.6,24.2
2026-07-12 06:00:00,7,20,2026-07-18 00:00:00,5 days 18:00:00,138,10.5,-105.62,1009.1,27.2
2026-07-12 06:00:00,7,20,2026-07-18 06:00:00,6 days 00:00:00,144,10.75,-106.0,1007.6,30.2
2026-07-12 06:00:00,7,20,2026-07-18 12:00:00,6 days 06:00:00,150,11.13,-106.87,1006.0,33.2
2026-07-12 06:00:00,7,20,2026-07-18 18:00:00,6 days 12:00:00,156,11.5,-107.75,1004.4,36.2
2026-07-12 06:00:00,7,20,2026-07-19 00:00:00,6 days 18:00:00,162,12.13,-108.75,1001.8,40.5
2026-07-12 06:00:00,7,20,2026-07-19 06:00:00,7 days 00:00:00,168,12.75,-109.75,999.3,44.7
2026-07-12 06:00:00,7,20,2026-07-19 12:00:00,7 days 06:00:00,174,13.38,-110.75,998.2,46.5
2026-07-12 06:00:00,7,20,2026-07-19 18:00:00,7 days 12:00:00,180,14.0,-111.75,997.1,48.2
2026-07-12 06:00:00,7,20,2026-07-20 00:00:00,7 days 18:00:00,186,14.75,-112.75,999.4,44.6
2026-07-12 06:00:00,7,20,2026-07-20 06:00:00,8 days 00:00:00,192,15.5,-113.75,1001.7,40.9
2026-07-12 06:00:00,7,20,2026-07-20 12:00:00,8 days 06:00:00,198,15.75,-114.25,1001.2,41.6
2026-07-12 06:00:00,7,20,2026-07-20 18:00:00,8 days 12:00:00,204,16.0,-114.75,1000.8,42.4
2026-07-12 06:00:00,7,20,2026-07-21 00:00:00,8 days 18:00:00,210,16.5,-115.62,998.8,45.5
2026-07-12 06:00:00,7,20,2026-07-21 06:00:00,9 days 00:00:00,216,17.0,-116.5,996.8,48.7
2026-07-12 06:00:00,7,20,2026-07-21 12:00:00,9 days 06:00:00,222,17.63,-117.12,995.3,51.0
2026-07-12 06:00:00,7,20,2026-07-21 18:00:00,9 days 12:00:00,228,18.25,-117.75,993.8,53.2
2026-07-12 06:00:00,7,20,2026-07-22 00:00:00,9 days 18:00:00,234,18.63,-118.62,991.3,56.9
2026-07-12 06:00:00,7,20,2026-07-22 06:00:00,10 days 00:00:00,240,19.0,-119.5,988.8,60.5
2026-07-12 06:00:00,7,20,2026-07-22 12:00:00,10 days 06:00:00,246,19.13,-120.12,987.0,62.8
2026-07-12 06:00:00,7,20,2026-07-22 18:00:00,10 days 12:00:00,252,19.25,-120.75,985.3,65.2
2026-07-12 06:00:00,7,20,2026-07-23 00:00:00,10 days 18:00:00,258,19.63,-121.5,986.1,64.2
2026-07-12 06:00:00,7,20,2026-07-23 06:00:00,11 days 00:00:00,264,20.0,-122.25,986.8,63.2
2026-07-12 06:00:00,7,20,2026-07-23 12:00:00,11 days 06:00:00,270,20.5,-123.25,989.1,59.9
2026-07-12 06:00:00,7,20,2026-07-23 18:00:00,11 days 12:00:00,276,21.0,-124.25,991.4,56.7
2026-07-12 06:00:00,7,20,2026-07-24 00:00:00,11 days 18:00:00,282,21.63,-125.37,994.1,52.7
2026-07-12 06:00:00,7,20,2026-07-24 06:00:00,12 days 00:00:00,288,22.25,-126.5,996.8,48.8
2026-07-12 06:00:00,7,20,2026-07-24 12:00:00,12 days 06:00:00,294,22.63,-127.5,999.5,44.3
2026-07-12 06:00:00,7,20,2026-07-24 18:00:00,12 days 12:00:00,300,23.0,-128.5,1002.3,39.9
2026-07-12 06:00:00,7,20,2026-07-25 00:00:00,12 days 18:00:00,306,23.25,-129.62,1004.7,35.6
2026-07-12 06:00:00,7,20,2026-07-25 06:00:00,13 days 00:00:00,312,23.5,-130.75,1007.1,31.3
2026-07-12 06:00:00,7,20,2026-07-25 12:00:00,13 days 06:00:00,318,23.63,-131.87,1008.8,27.8
2026-07-12 06:00:00,7,20,2026-07-25 18:00:00,13 days 12:00:00,324,23.75,-133.0,1010.6,24.3
2026-07-12 06:00:00,8,20,2026-07-18 18:00:00,6 days 12:00:00,156,32.0,63.0,993.8,53.2
2026-07-12 06:00:00,8,20,2026-07-19 00:00:00,6 days 18:00:00,162,32.0,63.0,994.7,51.8
2026-07-12 06:00:00,8,20,2026-07-19 06:00:00,7 days 00:00:00,168,32.0,63.0,995.6,50.5
2026-07-12 06:00:00,8,20,2026-07-19 12:00:00,7 days 06:00:00,174,31.88,62.87,993.8,53.2
2026-07-12 06:00:00,8,20,2026-07-19 18:00:00,7 days 12:00:00,180,31.75,62.75,992.0,55.8
2026-07-12 06:00:00,8,20,2026-07-20 00:00:00,7 days 18:00:00,186,31.81,62.81,992.3,55.4
2026-07-12 06:00:00,8,20,2026-07-20 06:00:00,8 days 00:00:00,192,31.88,62.87,992.7,54.9
2026-07-12 06:00:00,8,20,2026-07-20 12:00:00,8 days 06:00:00,198,31.94,62.94,993.0,54.5
2026-07-12 06:00:00,8,20,2026-07-20 18:00:00,8 days 12:00:00,204,32.0,63.0,993.3,54.0
2026-07-12 06:00:00,8,20,2026-07-21 00:00:00,8 days 18:00:00,210,32.0,63.0,994.0,53.0
2026-07-12 06:00:00,8,20,2026-07-21 06:00:00,9 days 00:00:00,216,32.0,63.0,994.7,51.9
2026-07-12 06:00:00,8,20,2026-07-21 12:00:00,9 days 06:00:00,222,32.0,63.0,993.0,54.4
2026-07-12 06:00:00,8,20,2026-07-21 18:00:00,9 days 12:00:00,228,32.0,63.0,991.3,56.8
2026-07-12 06:00:00,9,20,2026-07-19 18:00:00,7 days 12:00:00,180,30.75,-81.5,1008.4,28.7
2026-07-12 06:00:00,9,20,2026-07-20 00:00:00,7 days 18:00:00,186,31.25,-80.88,1007.0,31.3
2026-07-12 06:00:00,9,20,2026-07-20 06:00:00,8 days 00:00:00,192,31.75,-80.25,1005.6,34.0
2026-07-12 06:00:00,9,20,2026-07-20 12:00:00,8 days 06:00:00,198,32.51,-78.89,1002.8,38.8
2026-07-12 06:00:00,9,20,2026-07-20 18:00:00,8 days 12:00:00,204,33.25,-77.5,1000.0,43.6
2026-07-12 06:00:00,9,20,2026-07-21 00:00:00,8 days 18:00:00,210,34.25,-76.51,999.3,44.7
2026-07-12 06:00:00,9,20,2026-07-21 06:00:00,9 days 00:00:00,216,35.25,-75.5,998.6,45.9
2026-07-12 06:00:00,9,20,2026-07-21 12:00:00,9 days 06:00:00,222,37.38,-74.53,997.3,47.9
2026-07-12 06:00:00,9,20,2026-07-21 18:00:00,9 days 12:00:00,228,39.5,-73.5,996.0,49.9
2026-07-12 06:00:00,9,20,2026-07-22 00:00:00,9 days 18:00:00,234,41.88,-73.5,995.3,51.0
2026-07-12 06:00:00,9,20,2026-07-22 06:00:00,10 days 00:00:00,240,44.25,-73.5,994.6,52.0
2026-07-12 06:00:00,9,20,2026-07-22 12:00:00,10 days 06:00:00,246,45.62,-73.5,997.9,46.9
2026-07-12 06:00:00,9,20,2026-07-22 18:00:00,10 days 12:00:00,252,47.0,-73.5,1001.2,41.7
2026-07-12 06:00:00,9,20,2026-07-23 00:00:00,10 days 18:00:00,258,47.88,-73.01,1001.8,40.6
2026-07-12 06:00:00,9,20,2026-07-23 06:00:00,11 days 00:00:00,264,48.75,-72.5,1002.5,39.6
2026-07-12 06:00:00,9,20,2026-07-23 12:00:00,11 days 06:00:00,270,48.75,-72.12,1004.2,36.5
2026-07-12 06:00:00,9,20,2026-07-23 18:00:00,11 days 12:00:00,276,48.75,-71.75,1005.9,33.5
2026-07-12 06:00:00,9,20,2026-07-24 00:00:00,11 days 18:00:00,282,48.76,-70.25,1006.9,31.6
2026-07-12 06:00:00,9,20,2026-07-24 06:00:00,12 days 00:00:00,288,48.75,-68.75,1007.8,29.8
2026-07-12 06:00:00,0,21,2026-07-12 06:00:00,0 days 00:00:00,0,31.25,118.75,986.3,63.8
2026-07-12 06:00:00,0,21,2026-07-12 12:00:00,0 days 06:00:00,6,32.13,118.25,989.3,59.7
2026-07-12 06:00:00,0,21,2026-07-12 18:00:00,0 days 12:00:00,12,33.0,117.75,992.2,55.6
2026-07-12 06:00:00,0,21,2026-07-13 00:00:00,0 days 18:00:00,18,33.38,118.12,992.2,55.5
2026-07-12 06:00:00,0,21,2026-07-13 06:00:00,1 days 00:00:00,24,33.75,118.5,992.3,55.5
2026-07-12 06:00:00,0,21,2026-07-13 12:00:00,1 days 06:00:00,30,34.63,119.49,992.6,55.0
2026-07-12 06:00:00,0,21,2026-07-13 18:00:00,1 days 12:00:00,36,35.5,120.5,992.9,54.5
2026-07-12 06:00:00,0,21,2026-07-14 00:00:00,1 days 18:00:00,42,36.63,121.61,992.9,54.6
2026-07-12 06:00:00,0,21,2026-07-14 06:00:00,2 days 00:00:00,48,37.75,122.75,992.9,54.6
2026-07-12 06:00:00,0,21,2026-07-14 12:00:00,2 days 06:00:00,54,38.87,125.67,991.9,55.9
2026-07-12 06:00:00,0,21,2026-07-14 18:00:00,2 days 12:00:00,60,39.91,128.7,991.0,57.3
2026-07-12 06:00:00,0,21,2026-07-15 00:00:00,2 days 18:00:00,66,40.88,131.81,990.0,58.7
2026-07-12 06:00:00,0,21,2026-07-15 06:00:00,3 days 00:00:00,72,41.75,135.0,989.0,60.1
2026-07-12 06:00:00,10,21,2026-07-21 18:00:00,9 days 12:00:00,228,6.75,-102.0,1010.1,25.3
2026-07-12 06:00:00,10,21,2026-07-22 00:00:00,9 days 18:00:00,234,6.88,-102.87,1009.9,25.8
2026-07-12 06:00:00,10,21,2026-07-22 06:00:00,10 days 00:00:00,240,7.0,-103.75,1009.6,26.2
2026-07-12 06:00:00,10,21,2026-07-22 12:00:00,10 days 06:00:00,246,7.63,-105.12,1009.4,26.7
2026-07-12 06:00:00,10,21,2026-07-22 18:00:00,10 days 12:00:00,252,8.26,-106.49,1009.2,27.1
2026-07-12 06:00:00,10,21,2026-07-23 00:00:00,10 days 18:00:00,258,8.88,-107.87,1009.0,27.5
2026-07-12 06:00:00,10,21,2026-07-23 06:00:00,11 days 00:00:00,264,9.5,-109.25,1008.8,28.0
2026-07-12 06:00:00,10,21,2026-07-23 12:00:00,11 days 06:00:00,270,9.13,-110.44,1008.6,28.4
2026-07-12 06:00:00,10,21,2026-07-23 18:00:00,11 days 12:00:00,276,8.76,-111.63,1008.4,28.8
2026-07-12 06:00:00,10,21,2026-07-24 00:00:00,11 days 18:00:00,282,8.38,-112.82,1008.2,29.2
2026-07-12 06:00:00,10,21,2026-07-24 06:00:00,12 days 00:00:00,288,8.0,-114.0,1007.9,29.6
2026-07-12 06:00:00,10,21,2026-07-24 12:00:00,12 days 06:00:00,294,8.0,-114.0,1008.8,27.9
2026-07-12 06:00:00,10,21,2026-07-24 18:00:00,12 days 12:00:00,300,8.0,-114.0,1009.7,26.1
2026-07-12 06:00:00,11,21,2026-07-22 18:00:00,10 days 12:00:00,252,16.75,132.0,1001.1,41.9
2026-07-12 06:00:00,11,21,2026-07-23 00:00:00,10 days 18:00:00,258,16.38,131.37,1000.2,43.3
2026-07-12 06:00:00,11,21,2026-07-23 06:00:00,11 days 00:00:00,264,16.0,130.75,999.3,44.8
2026-07-12 06:00:00,11,21,2026-07-23 12:00:00,11 days 06:00:00,270,16.5,130.0,998.7,45.8
2026-07-12 06:00:00,11,21,2026-07-23 18:00:00,11 days 12:00:00,276,17.0,129.25,998.1,46.7
2026-07-12 06:00:00,11,21,2026-07-24 00:00:00,11 days 18:00:00,282,17.75,128.25,996.9,48.5
2026-07-12 06:00:00,11,21,2026-07-24 06:00:00,12 days 00:00:00,288,18.5,127.25,995.8,50.2
2026-07-12 06:00:00,11,21,2026-07-24 12:00:00,12 days 06:00:00,294,19.13,126.38,994.3,52.4
2026-07-12 06:00:00,11,21,2026-07-24 18:00:00,12 days 12:00:00,300,19.75,125.5,992.8,54.7
2026-07-12 06:00:00,11,21,2026-07-25 00:00:00,12 days 18:00:00,306,20.75,124.88,991.5,56.6
2026-07-12 06:00:00,11,21,2026-07-25 06:00:00,13 days 00:00:00,312,21.75,124.25,990.2,58.5
2026-07-12 06:00:00,11,21,2026-07-25 12:00:00,13 days 06:00:00,318,22.25,123.5,988.3,61.2
2026-07-12 06:00:00,11,21,2026-07-25 18:00:00,13 days 12:00:00,324,22.75,122.75,986.3,63.9
2026-07-12 06:00:00,11,21,2026-07-26 00:00:00,13 days 18:00:00,330,23.13,122.25,987.2,62.6
2026-07-12 06:00:00,11,21,2026-07-26 06:00:00,14 days 00:00:00,336,23.5,121.75,988.2,61.3
2026-07-12 06:00:00,11,21,2026-07-26 12:00:00,14 days 06:00:00,342,23.88,121.0,987.3,62.5
2026-07-12 06:00:00,11,21,2026-07-26 18:00:00,14 days 12:00:00,348,24.25,120.25,986.4,63.7
2026-07-12 06:00:00,11,21,2026-07-27 00:00:00,14 days 18:00:00,354,24.88,119.63,988.3,61.1
2026-07-12 06:00:00,11,21,2026-07-27 06:00:00,15 days 00:00:00,360,25.5,119.0,990.1,58.5
2026-07-12 06:00:00,12,21,2026-07-24 18:00:00,12 days 12:00:00,300,19.75,172.25,1005.9,33.5
2026-07-12 06:00:00,12,21,2026-07-25 00:00:00,12 days 18:00:00,306,20.38,172.13,1004.7,35.5
2026-07-12 06:00:00,12,21,2026-07-25 06:00:00,13 days 00:00:00,312,21.0,172.0,1003.6,37.6
2026-07-12 06:00:00,12,21,2026-07-25 12:00:00,13 days 06:00:00,318,21.63,171.13,1003.0,38.6
2026-07-12 06:00:00,12,21,2026-07-25 18:00:00,13 days 12:00:00,324,22.25,170.25,1002.4,39.7
2026-07-12 06:00:00,12,21,2026-07-26 00:00:00,13 days 18:00:00,330,22.75,169.38,1002.4,39.7
2026-07-12 06:00:00,12,21,2026-07-26 06:00:00,14 days 00:00:00,336,23.25,168.5,1002.4,39.7
2026-07-12 06:00:00,12,21,2026-07-26 12:00:00,14 days 06:00:00,342,23.76,166.88,1001.5,41.1
2026-07-12 06:00:00,12,21,2026-07-26 18:00:00,14 days 12:00:00,348,24.25,165.25,1000.6,42.6
2026-07-12 06:00:00,12,21,2026-07-27 00:00:00,14 days 18:00:00,354,24.75,164.25,1000.3,43.2
2026-07-12 06:00:00,12,21,2026-07-27 06:00:00,15 days 00:00:00,360,25.25,163.25,999.9,43.8
2026-07-12 06:00:00,3,21,2026-07-12 06:00:00,0 days 00:00:00,0,-41.75,-140.0,971.7,82.5
2026-07-12 06:00:00,3,21,2026-07-12 12:00:00,0 days 06:00:00,6,-43.25,-139.51,971.3,83.1
2026-07-12 06:00:00,3,21,2026-07-12 18:00:00,0 days 12:00:00,12,-44.75,-139.0,970.8,83.6
2026-07-12 06:00:00,3,21,2026-07-13 00:00:00,0 days 18:00:00,18,-45.88,-139.98,972.7,81.3
2026-07-12 06:00:00,3,21,2026-07-13 06:00:00,1 days 00:00:00,24,-47.0,-141.0,974.6,79.0
2026-07-12 06:00:00,3,21,2026-07-13 12:00:00,1 days 06:00:00,30,-46.0,-141.38,976.3,76.9
2026-07-12 06:00:00,3,21,2026-07-13 18:00:00,1 days 12:00:00,36,-45.0,-141.75,978.0,74.8
2026-07-12 06:00:00,3,21,2026-07-14 00:00:00,1 days 18:00:00,42,-43.88,-143.02,980.0,72.1
2026-07-12 06:00:00,3,21,2026-07-14 06:00:00,2 days 00:00:00,48,-42.75,-144.25,982.1,69.5
2026-07-12 06:00:00,3,21,2026-07-14 12:00:00,2 days 06:00:00,54,-42.38,-144.0,982.6,68.8
2026-07-12 06:00:00,3,21,2026-07-14 18:00:00,2 days 12:00:00,60,-42.0,-143.74,983.2,68.1
2026-07-12 06:00:00,3,21,2026-07-15 00:00:00,2 days 18:00:00,66,-41.63,-143.5,983.7,67.3
2026-07-12 06:00:00,3,21,2026-07-15 06:00:00,3 days 00:00:00,72,-41.25,-143.25,984.3,66.6
2026-07-12 06:00:00,4,21,2026-07-12 06:00:00,0 days 00:00:00,0,-41.0,-92.75,973.3,80.6
2026-07-12 06:00:00,4,21,2026-07-12 12:00:00,0 days 06:00:00,6,-41.9,-90.28,973.5,80.4
2026-07-12 06:00:00,4,21,2026-07-12 18:00:00,0 days 12:00:00,12,-42.75,-87.75,973.7,80.1
2026-07-12 06:00:00,4,21,2026-07-13 00:00:00,0 days 18:00:00,18,-43.28,-85.27,976.6,76.4
2026-07-12 06:00:00,4,21,2026-07-13 06:00:00,1 days 00:00:00,24,-43.75,-82.75,979.5,72.8
2026-07-12 06:00:00,4,21,2026-07-13 12:00:00,1 days 06:00:00,30,-45.02,-80.43,982.1,69.5
2026-07-12 06:00:00,4,21,2026-07-13 18:00:00,1 days 12:00:00,36,-46.25,-78.0,984.6,66.2
2026-07-12 06:00:00,4,21,2026-07-14 00:00:00,1 days 18:00:00,42,-47.25,-77.39,987.3,62.4
2026-07-12 06:00:00,4,21,2026-07-14 06:00:00,2 days 00:00:00,48,-48.25,-76.75,990.1,58.6
2026-07-12 06:00:00,5,21,2026-07-16 06:00:00,4 days 00:00:00,96,16.0,-116.0,1004.0,36.9
2026-07-12 06:00:00,5,21,2026-07-16 12:00:00,4 days 06:00:00,102,16.63,-116.12,1002.3,39.8
2026-07-12 06:00:00,5,21,2026-07-16 18:00:00,4 days 12:00:00,108,17.25,-116.25,1000.5,42.8
2026-07-12 06:00:00,5,21,2026-07-17 00:00:00,4 days 18:00:00,114,18.13,-117.37,1001.2,41.6
2026-07-12 06:00:00,5,21,2026-07-17 06:00:00,5 days 00:00:00,120,19.0,-118.5,1002.0,40.4
2026-07-12 06:00:00,5,21,2026-07-17 12:00:00,5 days 06:00:00,126,19.25,-119.62,1002.2,40.0
2026-07-12 06:00:00,5,21,2026-07-17 18:00:00,5 days 12:00:00,132,19.5,-120.75,1002.4,39.6
2026-07-12 06:00:00,5,21,2026-07-18 00:00:00,5 days 18:00:00,138,19.75,-120.87,1003.2,38.4
2026-07-12 06:00:00,5,21,2026-07-18 06:00:00,6 days 00:00:00,144,20.0,-121.0,1003.9,37.1
2026-07-12 06:00:00,5,21,2026-07-18 12:00:00,6 days 06:00:00,150,20.75,-121.5,1003.9,37.1
2026-07-12 06:00:00,5,21,2026-07-18 18:00:00,6 days 12:00:00,156,21.5,-122.0,1003.8,37.2
2026-07-12 06:00:00,5,21,2026-07-19 00:00:00,6 days 18:00:00,162,22.13,-122.75,1004.9,35.2
2026-07-12 06:00:00,5,21,2026-07-19 06:00:00,7 days 00:00:00,168,22.75,-123.5,1006.0,33.3
2026-07-12 06:00:00,5,21,2026-07-19 12:00:00,7 days 06:00:00,174,23.63,-124.0,1006.1,33.0
2026-07-12 06:00:00,5,21,2026-07-19 18:00:00,7 days 12:00:00,180,24.5,-124.5,1006.3,32.8
2026-07-12 06:00:00,5,21,2026-07-20 00:00:00,7 days 18:00:00,186,22.03,-122.67,1005.6,34.0
2026-07-12 06:00:00,5,21,2026-07-20 06:00:00,8 days 00:00:00,192,19.53,-120.89,1005.0,35.1
2026-07-12 06:00:00,5,21,2026-07-20 12:00:00,8 days 06:00:00,198,17.02,-119.17,1004.3,36.3
2026-07-12 06:00:00,5,21,2026-07-20 18:00:00,8 days 12:00:00,204,14.5,-117.5,1003.7,37.5
2026-07-12 06:00:00,5,21,2026-07-21 00:00:00,8 days 18:00:00,210,15.25,-118.0,1003.6,37.7
2026-07-12 06:00:00,5,21,2026-07-21 06:00:00,9 days 00:00:00,216,16.0,-118.5,1003.5,37.8
2026-07-12 06:00:00,5,21,2026-07-21 12:00:00,9 days 06:00:00,222,16.75,-119.12,1002.2,40.0
2026-07-12 06:00:00,5,21,2026-07-21 18:00:00,9 days 12:00:00,228,17.5,-119.75,1000.9,42.2
2026-07-12 06:00:00,5,21,2026-07-22 00:00:00,9 days 18:00:00,234,17.88,-120.0,1000.4,42.9
2026-07-12 06:00:00,5,21,2026-07-22 06:00:00,10 days 00:00:00,240,18.25,-120.25,1000.0,43.7
2026-07-12 06:00:00,5,21,2026-07-22 12:00:00,10 days 06:00:00,246,18.25,-120.75,1001.5,41.1
2026-07-12 06:00:00,5,21,2026-07-22 18:00:00,10 days 12:00:00,252,18.25,-121.25,1003.0,38.6
2026-07-12 06:00:00,5,21,2026-07-23 00:00:00,10 days 18:00:00,258,18.63,-121.87,1003.9,37.0
2026-07-12 06:00:00,5,21,2026-07-23 06:00:00,11 days 00:00:00,264,19.0,-122.5,1004.8,35.4
2026-07-12 06:00:00,5,21,2026-07-23 12:00:00,11 days 06:00:00,270,18.88,-123.63,1006.0,33.2
2026-07-12 06:00:00,5,21,2026-07-23 18:00:00,11 days 12:00:00,276,18.75,-124.75,1007.2,31.0
2026-07-12 06:00:00,5,21,2026-07-24 00:00:00,11 days 18:00:00,282,18.38,-125.75,1007.5,30.6
2026-07-12 06:00:00,5,21,2026-07-24 06:00:00,12 days 00:00:00,288,18.0,-126.75,1007.7,30.2
2026-07-12 06:00:00,5,21,2026-07-24 12:00:00,12 days 06:00:00,294,18.25,-128.0,1007.3,30.8
2026-07-12 06:00:00,5,21,2026-07-24 18:00:00,12 days 12:00:00,300,18.5,-129.25,1007.0,31.4
2026-07-12 06:00:00,5,21,2026-07-25 00:00:00,12 days 18:00:00,306,18.63,-130.5,1007.2,31.0
2026-07-12 06:00:00,5,21,2026-07-25 06:00:00,13 days 00:00:00,312,18.75,-131.75,1007.5,30.5
2026-07-12 06:00:00,5,21,2026-07-25 12:00:00,13 days 06:00:00,318,19.01,-133.37,1007.5,30.5
2026-07-12 06:00:00,5,21,2026-07-25 18:00:00,13 days 12:00:00,324,19.25,-135.0,1007.5,30.5
2026-07-12 06:00:00,5,21,2026-07-26 00:00:00,13 days 18:00:00,330,17.14,-133.58,1008.0,29.5
2026-07-12 06:00:00,5,21,2026-07-26 06:00:00,14 days 00:00:00,336,15.02,-132.2,1008.4,28.6
2026-07-12 06:00:00,5,21,2026-07-26 12:00:00,14 days 06:00:00,342,12.88,-130.83,1008.9,27.7
2026-07-12 06:00:00,5,21,2026-07-26 18:00:00,14 days 12:00:00,348,10.75,-129.5,1009.4,26.8
2026-07-12 06:00:00,5,21,2026-07-27 00:00:00,14 days 18:00:00,354,10.63,-130.25,1008.6,28.4
2026-07-12 06:00:00,5,21,2026-07-27 06:00:00,15 days 00:00:00,360,10.5,-131.0,1007.8,29.9
2026-07-12 06:00:00,6,21,2026-07-16 06:00:00,4 days 00:00:00,96,32.0,48.75,995.0,51.4
2026-07-12 06:00:00,6,21,2026-07-16 12:00:00,4 days 06:00:00,102,32.13,48.63,994.6,52.1
2026-07-12 06:00:00,6,21,2026-07-16 18:00:00,4 days 12:00:00,108,32.25,48.5,994.1,52.7
2026-07-12 06:00:00,6,21,2026-07-17 00:00:00,4 days 18:00:00,114,32.0,48.37,994.7,52.0
2026-07-12 06:00:00,6,21,2026-07-17 06:00:00,5 days 00:00:00,120,31.75,48.25,995.2,51.2
2026-07-12 06:00:00,6,21,2026-07-17 12:00:00,5 days 06:00:00,126,31.88,48.5,995.5,50.7
2026-07-12 06:00:00,6,21,2026-07-17 18:00:00,5 days 12:00:00,132,32.0,48.75,995.8,50.2
2026-07-12 06:00:00,6,21,2026-07-18 00:00:00,5 days 18:00:00,138,32.07,55.76,995.9,50.2
2026-07-12 06:00:00,6,21,2026-07-18 06:00:00,6 days 00:00:00,144,31.75,62.75,995.9,50.1
2026-07-12 06:00:00,6,21,2026-07-18 12:00:00,6 days 06:00:00,150,31.75,62.87,994.6,52.1
2026-07-12 06:00:00,6,21,2026-07-18 18:00:00,6 days 12:00:00,156,31.75,63.0,993.2,54.1
2026-07-12 06:00:00,6,21,2026-07-19 00:00:00,6 days 18:00:00,162,31.13,63.25,994.2,52.6
2026-07-12 06:00:00,6,21,2026-07-19 06:00:00,7 days 00:00:00,168,30.5,63.5,995.2,51.1
2026-07-12 06:00:00,6,21,2026-07-19 12:00:00,7 days 06:00:00,174,31.13,63.87,993.4,53.8
2026-07-12 06:00:00,6,21,2026-07-19 18:00:00,7 days 12:00:00,180,31.75,64.25,991.5,56.5
2026-07-12 06:00:00,6,21,2026-07-20 00:00:00,7 days 18:00:00,186,31.75,64.25,992.6,55.0
2026-07-12 06:00:00,6,21,2026-07-20 06:00:00,8 days 00:00:00,192,31.75,64.25,993.6,53.5
2026-07-12 06:00:00,6,21,2026-07-20 12:00:00,8 days 06:00:00,198,31.75,64.38,993.0,54.4
2026-07-12 06:00:00,6,21,2026-07-20 18:00:00,8 days 12:00:00,204,31.75,64.5,992.4,55.2
2026-07-12 06:00:00,6,21,2026-07-21 00:00:00,8 days 18:00:00,210,32.13,63.26,993.7,53.4
2026-07-12 06:00:00,6,21,2026-07-21 06:00:00,9 days 00:00:00,216,32.5,62.0,994.9,51.5
2026-07-12 06:00:00,6,21,2026-07-21 12:00:00,9 days 06:00:00,222,32.13,62.5,994.4,52.3
2026-07-12 06:00:00,6,21,2026-07-21 18:00:00,9 days 12:00:00,228,31.75,63.0,994.0,53.0
2026-07-12 06:00:00,7,21,2026-07-17 06:00:00,5 days 00:00:00,120,8.75,-104.0,1007.7,30.0
2026-07-12 06:00:00,7,21,2026-07-17 12:00:00,5 days 06:00:00,126,9.0,-104.75,1008.1,29.4
2026-07-12 06:00:00,7,21,2026-07-17 18:00:00,5 days 12:00:00,132,9.25,-105.5,1008.4,28.8
2026-07-12 06:00:00,7,21,2026-07-18 00:00:00,5 days 18:00:00,138,9.63,-106.75,1007.7,30.1
2026-07-12 06:00:00,7,21,2026-07-18 06:00:00,6 days 00:00:00,144,10.0,-108.0,1007.0,31.5
2026-07-12 06:00:00,7,21,2026-07-18 12:00:00,6 days 06:00:00,150,10.25,-109.0,1005.5,34.2
2026-07-12 06:00:00,7,21,2026-07-18 18:00:00,6 days 12:00:00,156,10.5,-110.0,1004.0,37.0
2026-07-12 06:00:00,7,21,2026-07-19 00:00:00,6 days 18:00:00,162,10.75,-111.0,1002.7,39.1
2026-07-12 06:00:00,7,21,2026-07-19 06:00:00,7 days 00:00:00,168,11.0,-112.0,1001.5,41.2
2026-07-12 06:00:00,7,21,2026-07-19 12:00:00,7 days 06:00:00,174,11.13,-112.87,1000.1,43.4
2026-07-12 06:00:00,7,21,2026-07-19 18:00:00,7 days 12:00:00,180,11.25,-113.75,998.8,45.6
2026-07-12 06:00:00,7,21,2026-07-20 00:00:00,7 days 18:00:00,186,12.25,-114.62,1001.8,40.5
2026-07-12 06:00:00,7,21,2026-07-20 06:00:00,8 days 00:00:00,192,13.25,-115.5,1004.9,35.3
2026-07-12 06:00:00,7,21,2026-07-20 12:00:00,8 days 06:00:00,198,13.88,-116.5,1004.3,36.4
2026-07-12 06:00:00,7,21,2026-07-20 18:00:00,8 days 12:00:00,204,14.5,-117.5,1003.7,37.5
2026-07-12 06:00:00,8,21,2026-07-20 18:00:00,8 days 12:00:00,204,-32.0,-123.5,1001.7,40.8
2026-07-12 06:00:00,8,21,2026-07-21 00:00:00,8 days 18:00:00,210,-34.75,-122.77,996.2,49.2
2026-07-12 06:00:00,8,21,2026-07-21 06:00:00,9 days 00:00:00,216,-37.5,-122.0,990.8,57.6
2026-07-12 06:00:00,8,21,2026-07-21 12:00:00,9 days 06:00:00,222,-39.63,-122.73,989.3,59.7
2026-07-12 06:00:00,8,21,2026-07-21 18:00:00,9 days 12:00:00,228,-41.75,-123.5,987.8,61.9
2026-07-12 06:00:00,8,21,2026-07-22 00:00:00,9 days 18:00:00,234,-43.0,-122.89,988.4,60.9
2026-07-12 06:00:00,8,21,2026-07-22 06:00:00,10 days 00:00:00,240,-44.25,-122.25,989.1,59.9
2026-07-12 06:00:00,8,21,2026-07-22 12:00:00,10 days 06:00:00,246,-46.25,-121.77,988.3,61.1
2026-07-12 06:00:00,8,21,2026-07-22 18:00:00,10 days 12:00:00,252,-48.25,-121.25,987.5,62.3
2026-07-12 06:00:00,8,21,2026-07-23 00:00:00,10 days 18:00:00,258,-48.25,-121.25,989.6,59.3
2026-07-12 06:00:00,8,21,2026-07-23 06:00:00,11 days 00:00:00,264,-48.25,-121.25,991.7,56.3
2026-07-12 06:00:00,8,21,2026-07-23 12:00:00,11 days 06:00:00,270,-47.75,-120.75,994.0,52.9
2026-07-12 06:00:00,8,21,2026-07-23 18:00:00,11 days 12:00:00,276,-47.25,-120.25,996.3,49.4
2026-07-12 06:00:00,9,21,2026-07-21 06:00:00,9 days 00:00:00,216,25.75,162.25,1000.1,43.4
2026-07-12 06:00:00,9,21,2026-07-21 12:00:00,9 days 06:00:00,222,26.25,161.5,999.8,43.9
2026-07-12 06:00:00,9,21,2026-07-21 18:00:00,9 days 12:00:00,228,26.75,160.75,999.5,44.5
2026-07-12 06:00:00,9,21,2026-07-22 00:00:00,9 days 18:00:00,234,27.5,160.63,1000.1,43.4
2026-07-12 06:00:00,9,21,2026-07-22 06:00:00,10 days 00:00:00,240,28.25,160.5,1000.8,42.2
2026-07-12 06:00:00,9,21,2026-07-22 12:00:00,10 days 06:00:00,246,29.0,160.38,1001.5,41.1
2026-07-12 06:00:00,9,21,2026-07-22 18:00:00,10 days 12:00:00,252,29.75,160.25,1002.2,40.0
2026-07-12 06:00:00,9,21,2026-07-23 00:00:00,10 days 18:00:00,258,30.25,160.0,1002.2,39.9
2026-07-12 06:00:00,9,21,2026-07-23 06:00:00,11 days 00:00:00,264,30.75,159.75,1002.3,39.9
2026-07-12 06:00:00,9,21,2026-07-23 12:00:00,11 days 06:00:00,270,31.13,160.12,1002.5,39.5
2026-07-12 06:00:00,9,21,2026-07-23 18:00:00,11 days 12:00:00,276,31.5,160.5,1002.8,39.1
2026-07-12 06:00:00,9,21,2026-07-24 00:00:00,11 days 18:00:00,282,32.13,160.25,1002.8,38.9
2026-07-12 06:00:00,9,21,2026-07-24 06:00:00,12 days 00:00:00,288,32.75,160.0,1002.9,38.7
2026-07-12 06:00:00,9,21,2026-07-24 12:00:00,12 days 06:00:00,294,30.18,156.02,997.1,47.8
2026-07-12 06:00:00,9,21,2026-07-24 18:00:00,12 days 12:00:00,300,27.5,152.25,991.3,56.8
2026-07-12 06:00:00,9,21,2026-07-25 00:00:00,12 days 18:00:00,306,27.5,152.62,990.5,58.0
2026-07-12 06:00:00,9,21,2026-07-25 06:00:00,13 days 00:00:00,312,27.5,153.0,989.7,59.2
2026-07-12 06:00:00,9,21,2026-07-25 12:00:00,13 days 06:00:00,318,27.63,153.12,987.3,62.4
2026-07-12 06:00:00,9,21,2026-07-25 18:00:00,13 days 12:00:00,324,27.75,153.25,985.0,65.7
2026-07-12 06:00:00,9,21,2026-07-26 00:00:00,13 days 18:00:00,330,28.5,153.13,985.9,64.5
2026-07-12 06:00:00,9,21,2026-07-26 06:00:00,14 days 00:00:00,336,29.25,153.0,986.7,63.3
2026-07-12 06:00:00,9,21,2026-07-26 12:00:00,14 days 06:00:00,342,30.0,152.5,986.8,63.2
2026-07-12 06:00:00,9,21,2026-07-26 18:00:00,14 days 12:00:00,348,30.75,152.0,986.8,63.2
2026-07-12 06:00:00,9,21,2026-07-27 00:00:00,14 days 18:00:00,354,31.75,151.75,987.6,62.1
2026-07-12 06:00:00,9,21,2026-07-27 06:00:00,15 days 00:00:00,360,32.75,151.5,988.3,61.1
2026-07-12 06:00:00,0,22,2026-07-12 06:00:00,0 days 00:00:00,0,31.25,118.75,986.3,63.8
2026-07-12 06:00:00,0,22,2026-07-12 12:00:00,0 days 06:00:00,6,32.25,118.38,988.2,61.2
2026-07-12 06:00:00,0,22,2026-07-12 18:00:00,0 days 12:00:00,12,33.25,118.0,990.1,58.6
2026-07-12 06:00:00,0,22,2026-07-13 00:00:00,0 days 18:00:00,18,33.63,117.88,991.5,56.5
2026-07-12 06:00:00,0,22,2026-07-13 06:00:00,1 days 00:00:00,24,34.0,117.75,993.0,54.4
2026-07-12 06:00:00,0,22,2026-07-13 12:00:00,1 days 06:00:00,30,34.88,118.37,993.2,54.2
2026-07-12 06:00:00,0,22,2026-07-13 18:00:00,1 days 12:00:00,36,35.75,119.0,993.4,53.9
2026-07-12 06:00:00,0,22,2026-07-14 00:00:00,1 days 18:00:00,42,36.26,120.24,993.5,53.6
2026-07-12 06:00:00,0,22,2026-07-14 06:00:00,2 days 00:00:00,48,36.75,121.5,993.7,53.3
2026-07-12 06:00:00,3,22,2026-07-12 06:00:00,0 days 00:00:00,0,-41.75,-140.0,971.7,82.5
2026-07-12 06:00:00,3,22,2026-07-12 12:00:00,0 days 06:00:00,6,-43.25,-139.88,971.2,83.2
2026-07-12 06:00:00,3,22,2026-07-12 18:00:00,0 days 12:00:00,12,-44.75,-139.75,970.6,83.8
2026-07-12 06:00:00,3,22,2026-07-13 00:00:00,0 days 18:00:00,18,-45.5,-140.0,971.7,82.6
2026-07-12 06:00:00,3,22,2026-07-13 06:00:00,1 days 00:00:00,24,-46.25,-140.25,972.7,81.4
2026-07-12 06:00:00,3,22,2026-07-13 12:00:00,1 days 06:00:00,30,-45.76,-141.51,974.3,79.3
2026-07-12 06:00:00,3,22,2026-07-13 18:00:00,1 days 12:00:00,36,-45.25,-142.75,976.0,77.3
2026-07-12 06:00:00,3,22,2026-07-14 00:00:00,1 days 18:00:00,42,-43.75,-143.39,978.3,74.4
2026-07-12 06:00:00,3,22,2026-07-14 06:00:00,2 days 00:00:00,48,-42.25,-144.0,980.5,71.6
2026-07-12 06:00:00,4,22,2026-07-12 06:00:00,0 days 00:00:00,0,-41.0,-92.75,973.3,80.6
2026-07-12 06:00:00,4,22,2026-07-12 12:00:00,0 days 06:00:00,6,-41.9,-90.41,973.1,80.8
2026-07-12 06:00:00,4,22,2026-07-12 18:00:00,0 days 12:00:00,12,-42.75,-88.0,973.0,81.0
2026-07-12 06:00:00,4,22,2026-07-13 00:00:00,0 days 18:00:00,18,-43.28,-85.4,975.2,78.2
2026-07-12 06:00:00,4,22,2026-07-13 06:00:00,1 days 00:00:00,24,-43.75,-82.75,977.4,75.5
2026-07-12 06:00:00,4,22,2026-07-13 12:00:00,1 days 06:00:00,30,-44.77,-80.42,980.1,72.0
2026-07-12 06:00:00,4,22,2026-07-13 18:00:00,1 days 12:00:00,36,-45.75,-78.0,982.8,68.5
2026-07-12 06:00:00,4,22,2026-07-14 00:00:00,1 days 18:00:00,42,-46.88,-77.39,985.8,64.5
2026-07-12 06:00:00,4,22,2026-07-14 06:00:00,2 days 00:00:00,48,-48.0,-76.75,988.8,60.5
2026-07-12 06:00:00,5,22,2026-07-15 18:00:00,3 days 12:00:00,84,16.0,-114.0,1005.8,33.6
2026-07-12 06:00:00,5,22,2026-07-16 00:00:00,3 days 18:00:00,90,16.13,-115.0,1005.2,34.8
2026-07-12 06:00:00,5,22,2026-07-16 06:00:00,4 days 00:00:00,96,16.25,-116.0,1004.5,36.0
2026-07-12 06:00:00,5,22,2026-07-16 12:00:00,4 days 06:00:00,102,17.0,-116.62,1003.8,37.3
2026-07-12 06:00:00,5,22,2026-07-16 18:00:00,4 days 12:00:00,108,17.75,-117.25,1003.1,38.5
2026-07-12 06:00:00,5,22,2026-07-17 00:00:00,4 days 18:00:00,114,17.88,-118.62,1003.1,38.5
2026-07-12 06:00:00,5,22,2026-07-17 06:00:00,5 days 00:00:00,120,18.0,-120.0,1003.1,38.4
2026-07-12 06:00:00,5,22,2026-07-17 12:00:00,5 days 06:00:00,126,17.75,-120.75,1002.4,39.6
2026-07-12 06:00:00,5,22,2026-07-17 18:00:00,5 days 12:00:00,132,17.5,-121.5,1001.7,40.8
2026-07-12 06:00:00,5,22,2026-07-18 00:00:00,5 days 18:00:00,138,16.3,-118.83,1003.1,38.4
2026-07-12 06:00:00,5,22,2026-07-18 06:00:00,6 days 00:00:00,144,15.06,-116.19,1004.5,35.9
2026-07-12 06:00:00,5,22,2026-07-18 12:00:00,6 days 06:00:00,150,13.79,-113.57,1005.8,33.5
2026-07-12 06:00:00,5,22,2026-07-18 18:00:00,6 days 12:00:00,156,12.5,-111.0,1007.2,31.0
2026-07-12 06:00:00,5,22,2026-07-19 00:00:00,6 days 18:00:00,162,13.13,-112.25,1006.8,31.9
2026-07-12 06:00:00,5,22,2026-07-19 06:00:00,7 days 00:00:00,168,13.75,-113.5,1006.3,32.8
2026-07-12 06:00:00,5,22,2026-07-19 12:00:00,7 days 06:00:00,174,14.0,-114.12,1005.2,34.7
2026-07-12 06:00:00,5,22,2026-07-19 18:00:00,7 days 12:00:00,180,14.25,-114.75,1004.1,36.7
2026-07-12 06:00:00,5,22,2026-07-20 00:00:00,7 days 18:00:00,186,14.63,-116.12,1004.7,35.6
2026-07-12 06:00:00,5,22,2026-07-20 06:00:00,8 days 00:00:00,192,15.0,-117.5,1005.4,34.4
2026-07-12 06:00:00,5,22,2026-07-20 12:00:00,8 days 06:00:00,198,15.5,-118.37,1003.8,37.3
2026-07-12 06:00:00,5,22,2026-07-20 18:00:00,8 days 12:00:00,204,16.0,-119.25,1002.1,40.1
2026-07-12 06:00:00,5,22,2026-07-21 00:00:00,8 days 18:00:00,210,16.5,-120.5,999.5,44.3
2026-07-12 06:00:00,5,22,2026-07-21 06:00:00,9 days 00:00:00,216,17.0,-121.75,996.9,48.5
2026-07-12 06:00:00,5,22,2026-07-21 12:00:00,9 days 06:00:00,222,17.13,-123.0,997.0,48.4
2026-07-12 06:00:00,5,22,2026-07-21 18:00:00,9 days 12:00:00,228,17.25,-124.25,997.0,48.3
2026-07-12 06:00:00,5,22,2026-07-22 00:00:00,9 days 18:00:00,234,17.25,-125.25,995.3,51.0
2026-07-12 06:00:00,5,22,2026-07-22 06:00:00,10 days 00:00:00,240,17.25,-126.25,993.5,53.7
2026-07-12 06:00:00,5,22,2026-07-22 12:00:00,10 days 06:00:00,246,17.25,-127.5,992.0,55.8
2026-07-12 06:00:00,5,22,2026-07-22 18:00:00,10 days 12:00:00,252,17.25,-128.75,990.6,58.0
2026-07-12 06:00:00,5,22,2026-07-23 00:00:00,10 days 18:00:00,258,17.25,-129.88,990.9,57.5
2026-07-12 06:00:00,5,22,2026-07-23 06:00:00,11 days 00:00:00,264,17.25,-131.0,991.2,57.0
2026-07-12 06:00:00,5,22,2026-07-23 12:00:00,11 days 06:00:00,270,17.13,-132.38,991.5,56.7
2026-07-12 06:00:00,5,22,2026-07-23 18:00:00,11 days 12:00:00,276,17.0,-133.75,991.7,56.3
2026-07-12 06:00:00,5,22,2026-07-24 00:00:00,11 days 18:00:00,282,17.0,-134.88,991.9,56.1
2026-07-12 06:00:00,5,22,2026-07-24 06:00:00,12 days 00:00:00,288,17.0,-136.0,992.0,55.8
2026-07-12 06:00:00,5,22,2026-07-24 12:00:00,12 days 06:00:00,294,17.13,-137.25,995.4,50.7
2026-07-12 06:00:00,5,22,2026-07-24 18:00:00,12 days 12:00:00,300,17.25,-138.5,998.8,45.6
2026-07-12 06:00:00,5,22,2026-07-25 00:00:00,12 days 18:00:00,306,16.88,-139.88,1001.4,41.1
2026-07-12 06:00:00,5,22,2026-07-25 06:00:00,13 days 00:00:00,312,16.5,-141.25,1004.1,36.7
2026-07-12 06:00:00,5,22,2026-07-25 12:00:00,13 days 06:00:00,318,16.38,-142.75,1005.8,33.7
2026-07-12 06:00:00,5,22,2026-07-25 18:00:00,13 days 12:00:00,324,16.25,-144.25,1007.4,30.6
2026-07-12 06:00:00,5,22,2026-07-26 00:00:00,13 days 18:00:00,330,15.76,-145.75,1007.6,30.2
2026-07-12 06:00:00,5,22,2026-07-26 06:00:00,14 days 00:00:00,336,15.25,-147.25,1007.8,29.8
2026-07-12 06:00:00,6,22,2026-07-17 18:00:00,5 days 12:00:00,132,31.5,136.25,993.8,53.2
2026-07-12 06:00:00,6,22,2026-07-18 00:00:00,5 days 18:00:00,138,31.88,137.62,991.6,56.5
2026-07-12 06:00:00,6,22,2026-07-18 06:00:00,6 days 00:00:00,144,32.25,139.0,989.3,59.7
2026-07-12 06:00:00,6,22,2026-07-18 12:00:00,6 days 06:00:00,150,32.5,138.88,990.6,57.9
2026-07-12 06:00:00,6,22,2026-07-18 18:00:00,6 days 12:00:00,156,32.75,138.75,991.8,56.1
2026-07-12 06:00:00,6,22,2026-07-19 00:00:00,6 days 18:00:00,162,32.75,138.88,992.4,55.3
2026-07-12 06:00:00,6,22,2026-07-19 06:00:00,7 days 00:00:00,168,32.75,139.0,992.9,54.5
2026-07-12 06:00:00,6,22,2026-07-19 12:00:00,7 days 06:00:00,174,32.75,139.38,994.3,52.4
2026-07-12 06:00:00,6,22,2026-07-19 18:00:00,7 days 12:00:00,180,32.75,139.75,995.7,50.3
2026-07-12 06:00:00,6,22,2026-07-20 00:00:00,7 days 18:00:00,186,32.75,140.12,996.5,49.1
2026-07-12 06:00:00,6,22,2026-07-20 06:00:00,8 days 00:00:00,192,32.75,140.5,997.3,47.9
2026-07-12 06:00:00,6,22,2026-07-20 12:00:00,8 days 06:00:00,198,32.19,141.14,996.8,48.6
2026-07-12 06:00:00,6,22,2026-07-20 18:00:00,8 days 12:00:00,204,31.63,141.77,996.4,49.4
2026-07-12 06:00:00,6,22,2026-07-21 00:00:00,8 days 18:00:00,210,31.07,142.39,995.9,50.1
2026-07-12 06:00:00,6,22,2026-07-21 06:00:00,9 days 00:00:00,216,30.5,143.0,995.4,50.8
2026-07-12 06:00:00,6,22,2026-07-21 12:00:00,9 days 06:00:00,222,29.88,143.38,994.9,51.6
2026-07-12 06:00:00,6,22,2026-07-21 18:00:00,9 days 12:00:00,228,29.25,143.75,994.4,52.3
2026-07-12 06:00:00,6,22,2026-07-22 00:00:00,9 days 18:00:00,234,29.13,145.0,994.3,52.5
2026-07-12 06:00:00,6,22,2026-07-22 06:00:00,10 days 00:00:00,240,29.0,146.25,994.2,52.6
2026-07-12 06:00:00,6,22,2026-07-22 12:00:00,10 days 06:00:00,246,29.14,148.12,995.1,51.2
2026-07-12 06:00:00,6,22,2026-07-22 18:00:00,10 days 12:00:00,252,29.25,150.0,996.1,49.8
2026-07-12 06:00:00,0,23,2026-07-12 06:00:00,0 days 00:00:00,0,31.25,118.75,986.3,63.8
2026-07-12 06:00:00,0,23,2026-07-12 12:00:00,0 days 06:00:00,6,32.13,118.25,988.2,61.3
2026-07-12 06:00:00,0,23,2026-07-12 18:00:00,0 days 12:00:00,12,33.0,117.75,990.0,58.7
2026-07-12 06:00:00,0,23,2026-07-13 00:00:00,0 days 18:00:00,18,33.38,117.75,990.9,57.4
2026-07-12 06:00:00,0,23,2026-07-13 06:00:00,1 days 00:00:00,24,33.75,117.75,991.8,56.1
2026-07-12 06:00:00,0,23,2026-07-13 12:00:00,1 days 06:00:00,30,34.13,118.25,992.1,55.7
2026-07-12 06:00:00,0,23,2026-07-13 18:00:00,1 days 12:00:00,36,34.5,118.75,992.4,55.3
2026-07-12 06:00:00,0,23,2026-07-14 00:00:00,1 days 18:00:00,42,35.51,120.11,991.1,57.1
2026-07-12 06:00:00,0,23,2026-07-14 06:00:00,2 days 00:00:00,48,36.5,121.5,989.9,58.9
2026-07-12 06:00:00,0,23,2026-07-14 12:00:00,2 days 06:00:00,54,37.79,124.7,989.6,59.3
2026-07-12 06:00:00,0,23,2026-07-14 18:00:00,2 days 12:00:00,60,39.0,128.0,989.3,59.7
2026-07-12 06:00:00,0,23,2026-07-15 00:00:00,2 days 18:00:00,66,40.16,130.95,988.3,61.1
2026-07-12 06:00:00,0,23,2026-07-15 06:00:00,3 days 00:00:00,72,41.25,134.0,987.3,62.5
2026-07-12 06:00:00,3,23,2026-07-12 06:00:00,0 days 00:00:00,0,-41.75,-140.0,971.7,82.5
2026-07-12 06:00:00,3,23,2026-07-12 12:00:00,0 days 06:00:00,6,-43.13,-139.88,971.1,83.3
2026-07-12 06:00:00,3,23,2026-07-12 18:00:00,0 days 12:00:00,12,-44.5,-139.75,970.4,84.1
2026-07-12 06:00:00,3,23,2026-07-13 00:00:00,0 days 18:00:00,18,-45.5,-140.24,971.5,82.8
2026-07-12 06:00:00,3,23,2026-07-13 06:00:00,1 days 00:00:00,24,-46.5,-140.75,972.6,81.5
2026-07-12 06:00:00,3,23,2026-07-13 12:00:00,1 days 06:00:00,30,-45.88,-141.51,974.4,79.3
2026-07-12 06:00:00,3,23,2026-07-13 18:00:00,1 days 12:00:00,36,-45.25,-142.25,976.2,77.0
2026-07-12 06:00:00,3,23,2026-07-14 00:00:00,1 days 18:00:00,42,-43.76,-143.53,977.7,75.1
2026-07-12 06:00:00,3,23,2026-07-14 06:00:00,2 days 00:00:00,48,-42.25,-144.75,979.3,73.1
2026-07-12 06:00:00,4,23,2026-07-12 06:00:00,0 days 00:00:00,0,-41.0,-92.75,973.3,80.6
2026-07-12 06:00:00,4,23,2026-07-12 12:00:00,0 days 06:00:00,6,-42.02,-90.41,972.8,81.2
2026-07-12 06:00:00,4,23,2026-07-12 18:00:00,0 days 12:00:00,12,-43.0,-88.0,972.4,81.8
2026-07-12 06:00:00,4,23,2026-07-13 00:00:00,0 days 18:00:00,18,-43.41,-85.14,975.2,78.3
2026-07-12 06:00:00,4,23,2026-07-13 06:00:00,1 days 00:00:00,24,-43.75,-82.25,978.0,74.8
2026-07-12 06:00:00,4,23,2026-07-13 12:00:00,1 days 06:00:00,30,-44.76,-80.78,980.5,71.6
2026-07-12 06:00:00,4,23,2026-07-13 18:00:00,1 days 12:00:00,36,-45.75,-79.25,983.0,68.3
2026-07-12 06:00:00,4,23,2026-07-14 00:00:00,1 days 18:00:00,42,-46.38,-78.63,986.5,63.5
2026-07-12 06:00:00,4,23,2026-07-14 06:00:00,2 days 00:00:00,48,-47.0,-78.0,990.1,58.6
2026-07-12 06:00:00,5,23,2026-07-15 06:00:00,3 days 00:00:00,72,13.5,-110.0,1004.5,35.9
2026-07-12 06:00:00,5,23,2026-07-15 12:00:00,3 days 06:00:00,78,13.88,-112.12,1003.8,37.2
2026-07-12 06:00:00,5,23,2026-07-15 18:00:00,3 days 12:00:00,84,14.25,-114.25,1003.1,38.4
2026-07-12 06:00:00,5,23,2026-07-16 00:00:00,3 days 18:00:00,90,14.88,-114.75,1002.6,39.3
2026-07-12 06:00:00,5,23,2026-07-16 06:00:00,4 days 00:00:00,96,15.5,-115.25,1002.1,40.2
2026-07-12 06:00:00,5,23,2026-07-16 12:00:00,4 days 06:00:00,102,15.88,-116.37,1000.9,42.1
2026-07-12 06:00:00,5,23,2026-07-16 18:00:00,4 days 12:00:00,108,16.25,-117.5,999.8,44.0
2026-07-12 06:00:00,5,23,2026-07-17 00:00:00,4 days 18:00:00,114,17.38,-117.75,998.7,45.7
2026-07-12 06:00:00,5,23,2026-07-17 06:00:00,5 days 00:00:00,120,18.5,-118.0,997.6,47.4
2026-07-12 06:00:00,5,23,2026-07-17 12:00:00,5 days 06:00:00,126,18.5,-119.0,997.9,47.0
2026-07-12 06:00:00,5,23,2026-07-17 18:00:00,5 days 12:00:00,132,18.5,-120.0,998.2,46.6
2026-07-12 06:00:00,5,23,2026-07-18 00:00:00,5 days 18:00:00,138,19.13,-120.75,998.2,46.6
2026-07-12 06:00:00,5,23,2026-07-18 06:00:00,6 days 00:00:00,144,19.75,-121.5,998.1,46.6
2026-07-12 06:00:00,5,23,2026-07-18 12:00:00,6 days 06:00:00,150,20.5,-122.62,999.0,45.2
2026-07-12 06:00:00,5,23,2026-07-18 18:00:00,6 days 12:00:00,156,21.25,-123.75,999.9,43.7
2026-07-12 06:00:00,5,23,2026-07-19 00:00:00,6 days 18:00:00,162,21.5,-124.75,1000.3,43.2
2026-07-12 06:00:00,5,23,2026-07-19 06:00:00,7 days 00:00:00,168,21.75,-125.75,1000.7,42.6
2026-07-12 06:00:00,5,23,2026-07-19 12:00:00,7 days 06:00:00,174,22.13,-126.5,1001.9,40.4
2026-07-12 06:00:00,5,23,2026-07-19 18:00:00,7 days 12:00:00,180,22.5,-127.25,1003.2,38.2
2026-07-12 06:00:00,5,23,2026-07-20 00:00:00,7 days 18:00:00,186,22.88,-128.25,1004.0,36.8
2026-07-12 06:00:00,5,23,2026-07-20 06:00:00,8 days 00:00:00,192,23.25,-129.25,1004.9,35.3
2026-07-12 06:00:00,6,23,2026-07-15 18:00:00,3 days 12:00:00,84,-30.25,-68.5,996.3,49.5
2026-07-12 06:00:00,6,23,2026-07-16 00:00:00,3 days 18:00:00,90,-31.0,-68.25,996.6,49.0
2026-07-12 06:00:00,6,23,2026-07-16 06:00:00,4 days 00:00:00,96,-31.75,-68.0,996.9,48.6
2026-07-12 06:00:00,6,23,2026-07-16 12:00:00,4 days 06:00:00,102,-30.75,-68.0,995.1,51.2
2026-07-12 06:00:00,6,23,2026-07-16 18:00:00,4 days 12:00:00,108,-29.75,-68.0,993.4,53.9
2026-07-12 06:00:00,6,23,2026-07-17 00:00:00,4 days 18:00:00,114,-29.38,-66.75,992.0,55.9
2026-07-12 06:00:00,6,23,2026-07-17 06:00:00,5 days 00:00:00,120,-29.0,-65.5,990.6,58.0
2026-07-12 06:00:00,6,23,2026-07-17 12:00:00,5 days 06:00:00,126,-31.81,-61.62,990.5,58.0
2026-07-12 06:00:00,6,23,2026-07-17 18:00:00,5 days 12:00:00,132,-34.5,-57.5,990.4,58.1
2026-07-12 06:00:00,6,23,2026-07-18 00:00:00,5 days 18:00:00,138,-33.13,-59.92,990.8,57.6
2026-07-12 06:00:00,6,23,2026-07-18 06:00:00,6 days 00:00:00,144,-31.71,-62.27,991.1,57.1
2026-07-12 06:00:00,6,23,2026-07-18 12:00:00,6 days 06:00:00,150,-30.25,-64.55,991.5,56.6
2026-07-12 06:00:00,6,23,2026-07-18 18:00:00,6 days 12:00:00,156,-28.75,-66.75,991.8,56.2
2026-07-12 06:00:00,6,23,2026-07-19 00:00:00,6 days 18:00:00,162,-28.75,-66.75,989.0,60.1
2026-07-12 06:00:00,6,23,2026-07-19 06:00:00,7 days 00:00:00,168,-28.75,-66.75,986.2,64.0
2026-07-12 06:00:00,7,23,2026-07-18 18:00:00,6 days 12:00:00,156,10.5,-108.25,1008.4,28.7
2026-07-12 06:00:00,7,23,2026-07-19 00:00:00,6 days 18:00:00,162,10.88,-109.5,1008.4,28.8
2026-07-12 06:00:00,7,23,2026-07-19 06:00:00,7 days 00:00:00,168,11.25,-110.75,1008.4,28.8
2026-07-12 06:00:00,7,23,2026-07-19 12:00:00,7 days 06:00:00,174,11.63,-111.62,1007.6,30.3
2026-07-12 06:00:00,7,23,2026-07-19 18:00:00,7 days 12:00:00,180,12.0,-112.5,1006.8,31.7
2026-07-12 06:00:00,7,23,2026-07-20 00:00:00,7 days 18:00:00,186,12.63,-113.87,1006.8,31.7
2026-07-12 06:00:00,7,23,2026-07-20 06:00:00,8 days 00:00:00,192,13.25,-115.25,1006.8,31.7
2026-07-12 06:00:00,7,23,2026-07-20 12:00:00,8 days 06:00:00,198,14.01,-116.87,1006.9,31.5
2026-07-12 06:00:00,7,23,2026-07-20 18:00:00,8 days 12:00:00,204,14.75,-118.5,1007.0,31.3
2026-07-12 06:00:00,7,23,2026-07-21 00:00:00,8 days 18:00:00,210,14.63,-119.5,1006.2,33.0
2026-07-12 06:00:00,7,23,2026-07-21 06:00:00,9 days 00:00:00,216,14.5,-120.5,1005.3,34.6
2026-07-12 06:00:00,7,23,2026-07-21 12:00:00,9 days 06:00:00,222,14.88,-121.62,1004.7,35.6
2026-07-12 06:00:00,7,23,2026-07-21 18:00:00,9 days 12:00:00,228,15.25,-122.75,1004.2,36.6
2026-07-12 06:00:00,7,23,2026-07-22 00:00:00,9 days 18:00:00,234,15.5,-123.5,1002.2,40.0
2026-07-12 06:00:00,7,23,2026-07-22 06:00:00,10 days 00:00:00,240,15.75,-124.25,1000.2,43.3
2026-07-12 06:00:00,7,23,2026-07-22 12:00:00,10 days 06:00:00,246,16.0,-125.25,999.7,44.1
2026-07-12 06:00:00,7,23,2026-07-22 18:00:00,10 days 12:00:00,252,16.25,-126.25,999.3,44.8
2026-07-12 06:00:00,7,23,2026-07-23 00:00:00,10 days 18:00:00,258,16.38,-126.87,998.0,46.7
2026-07-12 06:00:00,7,23,2026-07-23 06:00:00,11 days 00:00:00,264,16.5,-127.5,996.8,48.7
2026-07-12 06:00:00,7,23,2026-07-23 12:00:00,11 days 06:00:00,270,16.75,-128.5,996.3,49.5
2026-07-12 06:00:00,7,23,2026-07-23 18:00:00,11 days 12:00:00,276,17.0,-129.5,995.7,50.3
2026-07-12 06:00:00,7,23,2026-07-24 00:00:00,11 days 18:00:00,282,17.13,-131.0,995.3,51.0
2026-07-12 06:00:00,7,23,2026-07-24 06:00:00,12 days 00:00:00,288,17.25,-132.5,994.9,51.6
2026-07-12 06:00:00,7,23,2026-07-24 12:00:00,12 days 06:00:00,294,17.51,-134.0,995.5,50.6
2026-07-12 06:00:00,7,23,2026-07-24 18:00:00,12 days 12:00:00,300,17.75,-135.5,996.2,49.6
2026-07-12 06:00:00,7,23,2026-07-25 00:00:00,12 days 18:00:00,306,17.88,-137.25,996.9,48.5
2026-07-12 06:00:00,7,23,2026-07-25 06:00:00,13 days 00:00:00,312,18.0,-139.0,997.6,47.5
2026-07-12 06:00:00,7,23,2026-07-25 12:00:00,13 days 06:00:00,318,18.38,-140.75,998.9,45.4
2026-07-12 06:00:00,7,23,2026-07-25 18:00:00,13 days 12:00:00,324,18.75,-142.5,1000.2,43.3
2026-07-12 06:00:00,7,23,2026-07-26 00:00:00,13 days 18:00:00,330,19.26,-144.37,1000.3,43.1
2026-07-12 06:00:00,7,23,2026-07-26 06:00:00,14 days 00:00:00,336,19.75,-146.25,1000.5,42.9
2026-07-12 06:00:00,7,23,2026-07-26 12:00:00,14 days 06:00:00,342,20.26,-148.12,1001.2,41.7
2026-07-12 06:00:00,7,23,2026-07-26 18:00:00,14 days 12:00:00,348,20.75,-150.0,1001.9,40.5
2026-07-12 06:00:00,7,23,2026-07-27 00:00:00,14 days 18:00:00,354,20.89,-151.87,1001.1,41.8
2026-07-12 06:00:00,7,23,2026-07-27 06:00:00,15 days 00:00:00,360,21.0,-153.75,1000.3,43.2
2026-07-12 06:00:00,0,24,2026-07-12 06:00:00,0 days 00:00:00,0,31.25,118.75,986.3,63.8
2026-07-12 06:00:00,0,24,2026-07-12 12:00:00,0 days 06:00:00,6,32.0,118.38,988.4,61.0
2026-07-12 06:00:00,0,24,2026-07-12 18:00:00,0 days 12:00:00,12,32.75,118.0,990.5,58.1
2026-07-12 06:00:00,0,24,2026-07-13 00:00:00,0 days 18:00:00,18,33.13,118.12,991.2,57.0
2026-07-12 06:00:00,0,24,2026-07-13 06:00:00,1 days 00:00:00,24,33.5,118.25,992.0,55.9
2026-07-12 06:00:00,0,24,2026-07-13 12:00:00,1 days 06:00:00,30,34.13,118.87,992.6,55.0
2026-07-12 06:00:00,0,24,2026-07-13 18:00:00,1 days 12:00:00,36,34.75,119.5,993.2,54.1
2026-07-12 06:00:00,0,24,2026-07-14 00:00:00,1 days 18:00:00,42,35.88,120.86,993.5,53.7
2026-07-12 06:00:00,0,24,2026-07-14 06:00:00,2 days 00:00:00,48,37.0,122.25,993.8,53.3
2026-07-12 06:00:00,0,24,2026-07-14 12:00:00,2 days 06:00:00,54,38.16,124.96,992.1,55.7
2026-07-12 06:00:00,0,24,2026-07-14 18:00:00,2 days 12:00:00,60,39.25,127.75,990.4,58.2
2026-07-12 06:00:00,0,24,2026-07-15 00:00:00,2 days 18:00:00,66,40.16,130.71,989.5,59.4
2026-07-12 06:00:00,0,24,2026-07-15 06:00:00,3 days 00:00:00,72,41.0,133.75,988.6,60.7
2026-07-12 06:00:00,10,24,2026-07-20 18:00:00,8 days 12:00:00,204,-43.5,-143.25,990.8,57.6
2026-07-12 06:00:00,10,24,2026-07-21 00:00:00,8 days 18:00:00,210,-44.38,-142.26,987.0,62.8
2026-07-12 06:00:00,10,24,2026-07-21 06:00:00,9 days 00:00:00,216,-45.25,-141.25,983.3,67.9
2026-07-12 06:00:00,10,24,2026-07-21 12:00:00,9 days 06:00:00,222,-45.25,-141.38,983.3,67.9
2026-07-12 06:00:00,10,24,2026-07-21 18:00:00,9 days 12:00:00,228,-45.25,-141.5,983.2,68.0
2026-07-12 06:00:00,10,24,2026-07-22 00:00:00,9 days 18:00:00,234,-44.63,-141.12,985.0,65.7
2026-07-12 06:00:00,10,24,2026-07-22 06:00:00,10 days 00:00:00,240,-44.0,-140.75,986.7,63.4
2026-07-12 06:00:00,10,24,2026-07-22 12:00:00,10 days 06:00:00,246,-42.88,-139.22,987.5,62.3
2026-07-12 06:00:00,10,24,2026-07-22 18:00:00,10 days 12:00:00,252,-41.75,-137.75,988.3,61.2
2026-07-12 06:00:00,10,24,2026-07-23 00:00:00,10 days 18:00:00,258,-41.39,-135.86,988.9,60.4
2026-07-12 06:00:00,10,24,2026-07-23 06:00:00,11 days 00:00:00,264,-41.0,-134.0,989.5,59.5
2026-07-12 06:00:00,10,24,2026-07-23 12:00:00,11 days 06:00:00,270,-41.39,-132.01,990.2,58.5
2026-07-12 06:00:00,10,24,2026-07-23 18:00:00,11 days 12:00:00,276,-41.75,-130.0,990.9,57.4
2026-07-12 06:00:00,10,24,2026-07-24 00:00:00,11 days 18:00:00,282,-44.93,-133.31,987.8,61.8
2026-07-12 06:00:00,10,24,2026-07-24 06:00:00,12 days 00:00:00,288,-48.0,-137.0,984.7,66.1
2026-07-12 06:00:00,10,24,2026-07-24 12:00:00,12 days 06:00:00,294,-47.0,-137.0,987.5,62.1
2026-07-12 06:00:00,10,24,2026-07-24 18:00:00,12 days 12:00:00,300,-46.0,-137.0,990.4,58.2
2026-07-12 06:00:00,11,24,2026-07-21 06:00:00,9 days 00:00:00,216,22.25,161.75,1002.6,39.3
2026-07-12 06:00:00,11,24,2026-07-21 12:00:00,9 days 06:00:00,222,22.38,163.5,1001.8,40.6
2026-07-12 06:00:00,11,24,2026-07-21 18:00:00,9 days 12:00:00,228,22.5,165.25,1001.0,42.0
2026-07-12 06:00:00,11,24,2026-07-22 00:00:00,9 days 18:00:00,234,22.75,166.0,1000.3,43.2
2026-07-12 06:00:00,11,24,2026-07-22 06:00:00,10 days 00:00:00,240,23.0,166.75,999.5,44.4
2026-07-12 06:00:00,11,24,2026-07-22 12:00:00,10 days 06:00:00,246,23.63,167.87,999.3,44.7
2026-07-12 06:00:00,11,24,2026-07-22 18:00:00,10 days 12:00:00,252,24.25,169.0,999.1,45.0
2026-07-12 06:00:00,11,24,2026-07-23 00:00:00,10 days 18:00:00,258,25.5,169.62,999.4,44.6
2026-07-12 06:00:00,11,24,2026-07-23 06:00:00,11 days 00:00:00,264,26.75,170.25,999.7,44.1
2026-07-12 06:00:00,11,24,2026-07-23 12:00:00,11 days 06:00:00,270,27.88,171.86,1001.6,41.0
2026-07-12 06:00:00,11,24,2026-07-23 18:00:00,11 days 12:00:00,276,29.0,173.5,1003.5,37.8
2026-07-12 06:00:00,3,24,2026-07-12 06:00:00,0 days 00:00:00,0,-41.75,-140.0,971.7,82.5
2026-07-12 06:00:00,3,24,2026-07-12 12:00:00,0 days 06:00:00,6,-43.13,-139.76,970.2,84.3
2026-07-12 06:00:00,3,24,2026-07-12 18:00:00,0 days 12:00:00,12,-44.5,-139.5,968.7,86.1
2026-07-12 06:00:00,3,24,2026-07-13 00:00:00,0 days 18:00:00,18,-45.63,-139.87,970.9,83.5
2026-07-12 06:00:00,3,24,2026-07-13 06:00:00,1 days 00:00:00,24,-46.75,-140.25,973.1,80.9
2026-07-12 06:00:00,3,24,2026-07-13 12:00:00,1 days 06:00:00,30,-46.38,-141.63,975.6,77.8
2026-07-12 06:00:00,3,24,2026-07-13 18:00:00,1 days 12:00:00,36,-46.0,-143.0,978.1,74.6
2026-07-12 06:00:00,3,24,2026-07-14 00:00:00,1 days 18:00:00,42,-44.51,-144.15,980.8,71.2
2026-07-12 06:00:00,3,24,2026-07-14 06:00:00,2 days 00:00:00,48,-43.0,-145.25,983.5,67.7
2026-07-12 06:00:00,3,24,2026-07-14 12:00:00,2 days 06:00:00,54,-41.88,-145.38,984.1,66.9
2026-07-12 06:00:00,3,24,2026-07-14 18:00:00,2 days 12:00:00,60,-40.75,-145.5,984.7,66.0
2026-07-12 06:00:00,3,24,2026-07-15 00:00:00,2 days 18:00:00,66,-40.5,-145.37,984.9,65.8
2026-07-12 06:00:00,3,24,2026-07-15 06:00:00,3 days 00:00:00,72,-40.25,-145.25,985.1,65.5
2026-07-12 06:00:00,4,24,2026-07-12 06:00:00,0 days 00:00:00,0,-41.0,-92.75,973.3,80.6
2026-07-12 06:00:00,4,24,2026-07-12 12:00:00,0 days 06:00:00,6,-41.9,-90.41,973.3,80.6
2026-07-12 06:00:00,4,24,2026-07-12 18:00:00,0 days 12:00:00,12,-42.75,-88.0,973.3,80.7
2026-07-12 06:00:00,4,24,2026-07-13 00:00:00,0 days 18:00:00,18,-43.29,-85.15,975.4,78.0
2026-07-12 06:00:00,4,24,2026-07-13 06:00:00,1 days 00:00:00,24,-43.75,-82.25,977.5,75.4
2026-07-12 06:00:00,4,24,2026-07-13 12:00:00,1 days 06:00:00,30,-44.89,-80.17,979.7,72.6
2026-07-12 06:00:00,4,24,2026-07-13 18:00:00,1 days 12:00:00,36,-46.0,-78.0,981.8,69.8
2026-07-12 06:00:00,4,24,2026-07-14 00:00:00,1 days 18:00:00,42,-46.75,-77.75,984.5,66.3
2026-07-12 06:00:00,4,24,2026-07-14 06:00:00,2 days 00:00:00,48,-47.5,-77.5,987.1,62.8
2026-07-12 06:00:00,4,24,2026-07-14 12:00:00,2 days 06:00:00,54,-45.97,-79.19,988.5,60.8
2026-07-12 06:00:00,4,24,2026-07-14 18:00:00,2 days 12:00:00,60,-44.42,-80.79,989.9,58.8
2026-07-12 06:00:00,4,24,2026-07-15 00:00:00,2 days 18:00:00,66,-42.84,-82.31,991.4,56.7
2026-07-12 06:00:00,4,24,2026-07-15 06:00:00,3 days 00:00:00,72,-41.25,-83.75,992.8,54.7
2026-07-12 06:00:00,4,24,2026-07-15 12:00:00,3 days 06:00:00,78,-41.25,-82.88,993.5,53.6
2026-07-12 06:00:00,4,24,2026-07-15 18:00:00,3 days 12:00:00,84,-41.25,-82.0,994.3,52.6
2026-07-12 06:00:00,5,24,2026-07-15 06:00:00,3 days 00:00:00,72,10.5,-172.25,1007.5,30.4
2026-07-12 06:00:00,5,24,2026-07-15 12:00:00,3 days 06:00:00,78,10.81,-171.75,1007.0,31.5
2026-07-12 06:00:00,5,24,2026-07-15 18:00:00,3 days 12:00:00,84,11.13,-171.25,1006.4,32.5
2026-07-12 06:00:00,5,24,2026-07-16 00:00:00,3 days 18:00:00,90,11.44,-170.75,1005.8,33.6
2026-07-12 06:00:00,5,24,2026-07-16 06:00:00,4 days 00:00:00,96,11.75,-170.25,1005.3,34.7
2026-07-12 06:00:00,5,24,2026-07-16 12:00:00,4 days 06:00:00,102,12.63,-170.75,1004.8,35.4
2026-07-12 06:00:00,5,24,2026-07-16 18:00:00,4 days 12:00:00,108,13.5,-171.25,1004.4,36.2
2026-07-12 06:00:00,5,24,2026-07-17 00:00:00,4 days 18:00:00,114,14.13,-171.5,1004.7,35.6
2026-07-12 06:00:00,5,24,2026-07-17 06:00:00,5 days 00:00:00,120,14.75,-171.75,1005.0,35.0
2026-07-12 06:00:00,5,24,2026-07-17 12:00:00,5 days 06:00:00,126,15.5,-172.12,1005.6,34.0
2026-07-12 06:00:00,5,24,2026-07-17 18:00:00,5 days 12:00:00,132,16.25,-172.5,1006.2,33.0
2026-07-12 06:00:00,6,24,2026-07-15 18:00:00,3 days 12:00:00,84,14.25,-115.25,1002.5,39.5
2026-07-12 06:00:00,6,24,2026-07-16 00:00:00,3 days 18:00:00,90,14.38,-116.62,999.6,44.1
2026-07-12 06:00:00,6,24,2026-07-16 06:00:00,4 days 00:00:00,96,14.5,-118.0,996.8,48.7
2026-07-12 06:00:00,6,24,2026-07-16 12:00:00,4 days 06:00:00,102,14.76,-119.62,992.7,54.6
2026-07-12 06:00:00,6,24,2026-07-16 18:00:00,4 days 12:00:00,108,15.0,-121.25,988.7,60.6
2026-07-12 06:00:00,6,24,2026-07-17 00:00:00,4 days 18:00:00,114,15.38,-122.5,983.1,67.9
2026-07-12 06:00:00,6,24,2026-07-17 06:00:00,5 days 00:00:00,120,15.75,-123.75,977.6,75.3
2026-07-12 06:00:00,6,24,2026-07-17 12:00:00,5 days 06:00:00,126,16.38,-124.62,975.3,78.1
2026-07-12 06:00:00,6,24,2026-07-17 18:00:00,5 days 12:00:00,132,17.0,-125.5,973.0,81.0
2026-07-12 06:00:00,6,24,2026-07-18 00:00:00,5 days 18:00:00,138,18.0,-126.62,973.0,81.0
2026-07-12 06:00:00,6,24,2026-07-18 06:00:00,6 days 00:00:00,144,19.0,-127.75,973.0,80.9
2026-07-12 06:00:00,6,24,2026-07-18 12:00:00,6 days 06:00:00,150,19.75,-128.62,978.1,74.6
2026-07-12 06:00:00,6,24,2026-07-18 18:00:00,6 days 12:00:00,156,20.5,-129.5,983.1,68.2
2026-07-12 06:00:00,6,24,2026-07-19 00:00:00,6 days 18:00:00,162,21.88,-130.0,987.6,61.9
2026-07-12 06:00:00,6,24,2026-07-19 06:00:00,7 days 00:00:00,168,23.25,-130.5,992.1,55.7
2026-07-12 06:00:00,6,24,2026-07-19 12:00:00,7 days 06:00:00,174,23.75,-131.0,995.6,50.4
2026-07-12 06:00:00,6,24,2026-07-19 18:00:00,7 days 12:00:00,180,24.25,-131.5,999.1,45.1
2026-07-12 06:00:00,6,24,2026-07-20 00:00:00,7 days 18:00:00,186,25.63,-131.99,1000.9,42.2
2026-07-12 06:00:00,6,24,2026-07-20 06:00:00,8 days 00:00:00,192,27.0,-132.5,1002.6,39.3
2026-07-12 06:00:00,7,24,2026-07-18 06:00:00,6 days 00:00:00,144,-23.5,-64.25,996.1,49.8
2026-07-12 06:00:00,7,24,2026-07-18 12:00:00,6 days 06:00:00,150,-25.0,-65.11,996.3,49.4
2026-07-12 06:00:00,7,24,2026-07-18 18:00:00,6 days 12:00:00,156,-26.5,-66.0,996.6,48.9
2026-07-12 06:00:00,7,24,2026-07-19 00:00:00,6 days 18:00:00,162,-27.13,-66.55,995.3,51.0
2026-07-12 06:00:00,7,24,2026-07-19 06:00:00,7 days 00:00:00,168,-27.75,-67.11,993.9,53.0
2026-07-12 06:00:00,7,24,2026-07-19 12:00:00,7 days 06:00:00,174,-28.38,-67.68,992.5,55.0
2026-07-12 06:00:00,7,24,2026-07-19 18:00:00,7 days 12:00:00,180,-29.0,-68.25,991.2,57.1
2026-07-12 06:00:00,7,24,2026-07-20 00:00:00,7 days 18:00:00,186,-33.09,-72.66,988.9,60.3
2026-07-12 06:00:00,7,24,2026-07-20 06:00:00,8 days 00:00:00,192,-37.0,-77.5,986.6,63.5
2026-07-12 06:00:00,7,24,2026-07-20 12:00:00,8 days 06:00:00,198,-37.88,-77.87,988.9,60.2
2026-07-12 06:00:00,7,24,2026-07-20 18:00:00,8 days 12:00:00,204,-38.75,-78.25,991.2,57.0
2026-07-12 06:00:00,7,24,2026-07-21 00:00:00,8 days 18:00:00,210,-39.63,-78.13,992.0,55.9
2026-07-12 06:00:00,7,24,2026-07-21 06:00:00,9 days 00:00:00,216,-40.5,-78.0,992.7,54.9
2026-07-12 06:00:00,7,24,2026-07-21 12:00:00,9 days 06:00:00,222,-42.0,-78.98,993.8,53.2
2026-07-12 06:00:00,7,24,2026-07-21 18:00:00,9 days 12:00:00,228,-43.5,-80.0,994.9,51.6
2026-07-12 06:00:00,7,24,2026-07-22 00:00:00,9 days 18:00:00,234,-44.38,-80.49,996.7,48.9
2026-07-12 06:00:00,7,24,2026-07-22 06:00:00,10 days 00:00:00,240,-45.25,-81.0,998.4,46.1
2026-07-12 06:00:00,7,24,2026-07-22 12:00:00,10 days 06:00:00,246,-45.13,-81.38,999.0,45.3
2026-07-12 06:00:00,7,24,2026-07-22 18:00:00,10 days 12:00:00,252,-45.0,-81.75,999.5,44.4
2026-07-12 06:00:00,7,24,2026-07-23 00:00:00,10 days 18:00:00,258,-44.88,-81.75,999.8,43.9
2026-07-12 06:00:00,7,24,2026-07-23 06:00:00,11 days 00:00:00,264,-44.75,-81.75,1000.1,43.4
2026-07-12 06:00:00,7,24,2026-07-23 12:00:00,11 days 06:00:00,270,-44.51,-80.37,1000.6,42.6
2026-07-12 06:00:00,7,24,2026-07-23 18:00:00,11 days 12:00:00,276,-44.25,-79.0,1001.1,41.8
2026-07-12 06:00:00,7,24,2026-07-24 00:00:00,11 days 18:00:00,282,-44.88,-77.52,1001.3,41.5
2026-07-12 06:00:00,7,24,2026-07-24 06:00:00,12 days 00:00:00,288,-45.5,-76.0,1001.6,41.1
2026-07-12 06:00:00,8,24,2026-07-19 18:00:00,7 days 12:00:00,180,13.0,139.25,1001.1,41.9
2026-07-12 06:00:00,8,24,2026-07-20 00:00:00,7 days 18:00:00,186,13.31,138.63,1000.9,42.2
2026-07-12 06:00:00,8,24,2026-07-20 06:00:00,8 days 00:00:00,192,13.63,138.0,1000.7,42.5
2026-07-12 06:00:00,8,24,2026-07-20 12:00:00,8 days 06:00:00,198,13.94,137.38,1000.5,42.8
2026-07-12 06:00:00,8,24,2026-07-20 18:00:00,8 days 12:00:00,204,14.25,136.75,1000.3,43.1
2026-07-12 06:00:00,8,24,2026-07-21 00:00:00,8 days 18:00:00,210,14.7,135.2,998.8,45.5
2026-07-12 06:00:00,8,24,2026-07-21 06:00:00,9 days 00:00:00,216,15.15,133.64,997.3,47.8
2026-07-12 06:00:00,8,24,2026-07-21 12:00:00,9 days 06:00:00,222,15.58,132.07,995.8,50.2
2026-07-12 06:00:00,8,24,2026-07-21 18:00:00,9 days 12:00:00,228,16.0,130.5,994.3,52.5
2026-07-12 06:00:00,8,24,2026-07-22 00:00:00,9 days 18:00:00,234,16.13,130.5,995.3,51.0
2026-07-12 06:00:00,8,24,2026-07-22 06:00:00,10 days 00:00:00,240,16.25,130.5,996.2,49.6
2026-07-12 06:00:00,8,24,2026-07-22 12:00:00,10 days 06:00:00,246,16.75,129.88,995.2,51.2
2026-07-12 06:00:00,8,24,2026-07-22 18:00:00,10 days 12:00:00,252,17.25,129.25,994.1,52.8
2026-07-12 06:00:00,8,24,2026-07-23 00:00:00,10 days 18:00:00,258,17.88,127.76,992.0,55.8
2026-07-12 06:00:00,8,24,2026-07-23 06:00:00,11 days 00:00:00,264,18.5,126.25,989.9,58.9
2026-07-12 06:00:00,8,24,2026-07-23 12:00:00,11 days 06:00:00,270,18.38,125.37,986.5,63.6
2026-07-12 06:00:00,8,24,2026-07-23 18:00:00,11 days 12:00:00,276,18.25,124.5,983.0,68.3
2026-07-12 06:00:00,8,24,2026-07-24 00:00:00,11 days 18:00:00,282,18.75,123.63,982.9,68.4
2026-07-12 06:00:00,8,24,2026-07-24 06:00:00,12 days 00:00:00,288,19.25,122.75,982.9,68.5
2026-07-12 06:00:00,8,24,2026-07-24 12:00:00,12 days 06:00:00,294,19.88,122.13,983.1,68.2
2026-07-12 06:00:00,8,24,2026-07-24 18:00:00,12 days 12:00:00,300,20.5,121.5,983.3,68.0
2026-07-12 06:00:00,8,24,2026-07-25 00:00:00,12 days 18:00:00,306,20.75,120.25,979.7,72.6
2026-07-12 06:00:00,8,24,2026-07-25 06:00:00,13 days 00:00:00,312,21.0,119.0,976.1,77.1
2026-07-12 06:00:00,8,24,2026-07-25 12:00:00,13 days 06:00:00,318,21.5,117.75,975.1,78.4
2026-07-12 06:00:00,8,24,2026-07-25 18:00:00,13 days 12:00:00,324,22.0,116.5,974.1,79.6
2026-07-12 06:00:00,8,24,2026-07-26 00:00:00,13 days 18:00:00,330,22.38,115.13,977.3,75.6
2026-07-12 06:00:00,8,24,2026-07-26 06:00:00,14 days 00:00:00,336,22.75,113.75,980.5,71.6
2026-07-12 06:00:00,8,24,2026-07-26 12:00:00,14 days 06:00:00,342,23.25,112.5,986.1,64.0
2026-07-12 06:00:00,8,24,2026-07-26 18:00:00,14 days 12:00:00,348,23.75,111.25,991.7,56.4
2026-07-12 06:00:00,9,24,2026-07-19 18:00:00,7 days 12:00:00,180,15.0,-114.5,1007.6,30.2
2026-07-12 06:00:00,9,24,2026-07-20 00:00:00,7 days 18:00:00,186,15.0,-115.38,1006.8,31.9
2026-07-12 06:00:00,9,24,2026-07-20 06:00:00,8 days 00:00:00,192,15.0,-116.25,1005.9,33.5
2026-07-12 06:00:00,9,24,2026-07-20 12:00:00,8 days 06:00:00,198,15.5,-116.87,1004.3,36.3
2026-07-12 06:00:00,9,24,2026-07-20 18:00:00,8 days 12:00:00,204,16.0,-117.5,1002.7,39.1
2026-07-12 06:00:00,9,24,2026-07-21 00:00:00,8 days 18:00:00,210,16.25,-118.37,1001.7,40.9
2026-07-12 06:00:00,9,24,2026-07-21 06:00:00,9 days 00:00:00,216,16.5,-119.25,1000.6,42.7
2026-07-12 06:00:00,9,24,2026-07-21 12:00:00,9 days 06:00:00,222,16.25,-120.38,1000.3,43.2
2026-07-12 06:00:00,9,24,2026-07-21 18:00:00,9 days 12:00:00,228,16.0,-121.5,1000.0,43.7
2026-07-12 06:00:00,9,24,2026-07-22 00:00:00,9 days 18:00:00,234,16.38,-122.5,999.3,44.7
2026-07-12 06:00:00,9,24,2026-07-22 06:00:00,10 days 00:00:00,240,16.75,-123.5,998.7,45.8
2026-07-12 06:00:00,9,24,2026-07-22 12:00:00,10 days 06:00:00,246,17.0,-124.87,996.8,48.6
2026-07-12 06:00:00,9,24,2026-07-22 18:00:00,10 days 12:00:00,252,17.25,-126.25,994.9,51.5
2026-07-12 06:00:00,9,24,2026-07-23 00:00:00,10 days 18:00:00,258,17.38,-127.75,995.8,50.2
2026-07-12 06:00:00,9,24,2026-07-23 06:00:00,11 days 00:00:00,264,17.5,-129.25,996.7,48.8
2026-07-12 06:00:00,9,24,2026-07-23 12:00:00,11 days 06:00:00,270,17.51,-131.0,995.5,50.7
2026-07-12 06:00:00,9,24,2026-07-23 18:00:00,11 days 12:00:00,276,17.5,-132.75,994.3,52.6
2026-07-12 06:00:00,9,24,2026-07-24 00:00:00,11 days 18:00:00,282,17.26,-134.25,993.9,53.2
2026-07-12 06:00:00,9,24,2026-07-24 06:00:00,12 days 00:00:00,288,17.0,-135.75,993.5,53.7
2026-07-12 06:00:00,9,24,2026-07-24 12:00:00,12 days 06:00:00,294,17.26,-137.5,992.8,54.7
2026-07-12 06:00:00,9,24,2026-07-24 18:00:00,12 days 12:00:00,300,17.5,-139.25,992.2,55.6
2026-07-12 06:00:00,9,24,2026-07-25 00:00:00,12 days 18:00:00,306,18.01,-140.75,992.9,54.6
2026-07-12 06:00:00,9,24,2026-07-25 06:00:00,13 days 00:00:00,312,18.5,-142.25,993.5,53.6
2026-07-12 06:00:00,9,24,2026-07-25 12:00:00,13 days 06:00:00,318,18.76,-144.12,995.6,50.4
2026-07-12 06:00:00,9,24,2026-07-25 18:00:00,13 days 12:00:00,324,19.0,-146.0,997.8,47.2
2026-07-12 06:00:00,9,24,2026-07-26 00:00:00,13 days 18:00:00,330,19.13,-147.75,996.5,49.1
2026-07-12 06:00:00,9,24,2026-07-26 06:00:00,14 days 00:00:00,336,19.25,-149.5,995.3,51.0
2026-07-12 06:00:00,9,24,2026-07-26 12:00:00,14 days 06:00:00,342,19.38,-151.0,995.4,50.8
2026-07-12 06:00:00,9,24,2026-07-26 18:00:00,14 days 12:00:00,348,19.5,-152.5,995.6,50.6
2026-07-12 06:00:00,9,24,2026-07-27 00:00:00,14 days 18:00:00,354,19.63,-153.75,997.0,48.4
2026-07-12 06:00:00,9,24,2026-07-27 06:00:00,15 days 00:00:00,360,19.75,-155.0,998.4,46.2
2026-07-12 06:00:00,0,25,2026-07-12 06:00:00,0 days 00:00:00,0,31.25,118.75,986.3,63.8
2026-07-12 06:00:00,0,25,2026-07-12 12:00:00,0 days 06:00:00,6,32.13,118.25,989.0,60.1
2026-07-12 06:00:00,0,25,2026-07-12 18:00:00,0 days 12:00:00,12,33.0,117.75,991.6,56.4
2026-07-12 06:00:00,0,25,2026-07-13 00:00:00,0 days 18:00:00,18,33.63,118.0,992.0,55.8
2026-07-12 06:00:00,0,25,2026-07-13 06:00:00,1 days 00:00:00,24,34.25,118.25,992.4,55.3
2026-07-12 06:00:00,0,25,2026-07-13 12:00:00,1 days 06:00:00,30,35.25,119.24,993.2,54.2
2026-07-12 06:00:00,0,25,2026-07-13 18:00:00,1 days 12:00:00,36,36.25,120.25,993.9,53.1
2026-07-12 06:00:00,0,25,2026-07-14 00:00:00,1 days 18:00:00,42,37.26,121.36,993.4,53.9
2026-07-12 06:00:00,0,25,2026-07-14 06:00:00,2 days 00:00:00,48,38.25,122.5,992.9,54.6
2026-07-12 06:00:00,0,25,2026-07-14 12:00:00,2 days 06:00:00,54,38.8,125.85,992.2,55.6
2026-07-12 06:00:00,0,25,2026-07-14 18:00:00,2 days 12:00:00,60,39.25,129.25,991.5,56.6
2026-07-12 06:00:00,0,25,2026-07-15 00:00:00,2 days 18:00:00,66,40.53,131.7,989.8,59.0
2026-07-12 06:00:00,0,25,2026-07-15 06:00:00,3 days 00:00:00,72,41.75,134.25,988.1,61.4
2026-07-12 06:00:00,10,25,2026-07-20 06:00:00,8 days 00:00:00,192,16.0,148.25,1002.4,39.6
2026-07-12 06:00:00,10,25,2026-07-20 12:00:00,8 days 06:00:00,198,16.88,147.13,1001.3,41.4
2026-07-12 06:00:00,10,25,2026-07-20 18:00:00,8 days 12:00:00,204,17.75,146.0,1000.2,43.2
2026-07-12 06:00:00,10,25,2026-07-21 00:00:00,8 days 18:00:00,210,18.13,145.0,1000.3,43.2
2026-07-12 06:00:00,10,25,2026-07-21 06:00:00,9 days 00:00:00,216,18.5,144.0,1000.3,43.1
2026-07-12 06:00:00,10,25,2026-07-21 12:00:00,9 days 06:00:00,222,18.75,142.88,999.4,44.5
2026-07-12 06:00:00,10,25,2026-07-21 18:00:00,9 days 12:00:00,228,19.0,141.75,998.6,45.9
2026-07-12 06:00:00,10,25,2026-07-22 00:00:00,9 days 18:00:00,234,19.88,141.0,997.5,47.6
2026-07-12 06:00:00,10,25,2026-07-22 06:00:00,10 days 00:00:00,240,20.75,140.25,996.4,49.3
2026-07-12 06:00:00,10,25,2026-07-22 12:00:00,10 days 06:00:00,246,21.5,140.37,996.9,48.6
2026-07-12 06:00:00,10,25,2026-07-22 18:00:00,10 days 12:00:00,252,22.25,140.5,997.4,47.8
2026-07-12 06:00:00,10,25,2026-07-23 00:00:00,10 days 18:00:00,258,22.75,140.0,997.0,48.5
2026-07-12 06:00:00,10,25,2026-07-23 06:00:00,11 days 00:00:00,264,23.25,139.5,996.5,49.1
2026-07-12 06:00:00,10,25,2026-07-23 12:00:00,11 days 06:00:00,270,23.0,138.75,996.9,48.5
2026-07-12 06:00:00,10,25,2026-07-23 18:00:00,11 days 12:00:00,276,22.75,138.0,997.3,47.9
2026-07-12 06:00:00,10,25,2026-07-24 00:00:00,11 days 18:00:00,282,23.0,138.0,996.3,49.5
2026-07-12 06:00:00,10,25,2026-07-24 06:00:00,12 days 00:00:00,288,23.25,138.0,995.2,51.2
2026-07-12 06:00:00,10,25,2026-07-24 12:00:00,12 days 06:00:00,294,23.5,137.13,994.2,52.6
2026-07-12 06:00:00,10,25,2026-07-24 18:00:00,12 days 12:00:00,300,23.75,136.25,993.2,54.1
2026-07-12 06:00:00,10,25,2026-07-25 00:00:00,12 days 18:00:00,306,23.63,136.38,991.7,56.3
2026-07-12 06:00:00,10,25,2026-07-25 06:00:00,13 days 00:00:00,312,23.5,136.5,990.2,58.4
2026-07-12 06:00:00,10,25,2026-07-25 12:00:00,13 days 06:00:00,318,23.88,136.5,988.9,60.3
2026-07-12 06:00:00,10,25,2026-07-25 18:00:00,13 days 12:00:00,324,24.25,136.5,987.5,62.3
2026-07-12 06:00:00,10,25,2026-07-26 00:00:00,13 days 18:00:00,330,24.63,135.88,984.6,66.1
2026-07-12 06:00:00,10,25,2026-07-26 06:00:00,14 days 00:00:00,336,25.0,135.25,981.7,70.0
2026-07-12 06:00:00,10,25,2026-07-26 12:00:00,14 days 06:00:00,342,25.13,134.38,977.4,75.5
2026-07-12 06:00:00,10,25,2026-07-26 18:00:00,14 days 12:00:00,348,25.25,133.5,973.0,81.0
2026-07-12 06:00:00,10,25,2026-07-27 00:00:00,14 days 18:00:00,354,25.5,133.0,968.5,86.3
2026-07-12 06:00:00,10,25,2026-07-27 06:00:00,15 days 00:00:00,360,25.75,132.5,964.1,91.6
2026-07-12 06:00:00,11,25,2026-07-23 18:00:00,11 days 12:00:00,276,32.0,63.0,990.5,58.0
2026-07-12 06:00:00,11,25,2026-07-24 00:00:00,11 days 18:00:00,282,31.88,63.0,991.9,56.0
2026-07-12 06:00:00,11,25,2026-07-24 06:00:00,12 days 00:00:00,288,31.75,63.0,993.3,53.9
2026-07-12 06:00:00,11,25,2026-07-24 12:00:00,12 days 06:00:00,294,31.63,63.75,993.2,54.2
2026-07-12 06:00:00,11,25,2026-07-24 18:00:00,12 days 12:00:00,300,31.5,64.5,993.0,54.4
2026-07-12 06:00:00,11,25,2026-07-25 00:00:00,12 days 18:00:00,306,31.63,63.75,994.5,52.2
2026-07-12 06:00:00,11,25,2026-07-25 06:00:00,13 days 00:00:00,312,31.75,63.0,996.0,49.9
2026-07-12 06:00:00,11,25,2026-07-25 12:00:00,13 days 06:00:00,318,31.88,63.0,994.6,52.0
2026-07-12 06:00:00,11,25,2026-07-25 18:00:00,13 days 12:00:00,324,32.0,63.0,993.2,54.1
2026-07-12 06:00:00,11,25,2026-07-26 00:00:00,13 days 18:00:00,330,31.88,62.62,994.2,52.7
2026-07-12 06:00:00,11,25,2026-07-26 06:00:00,14 days 00:00:00,336,31.75,62.25,995.1,51.3
2026-07-12 06:00:00,11,25,2026-07-26 12:00:00,14 days 06:00:00,342,31.75,62.62,994.4,52.4
2026-07-12 06:00:00,11,25,2026-07-26 18:00:00,14 days 12:00:00,348,31.75,63.0,993.6,53.5
2026-07-12 06:00:00,11,25,2026-07-27 00:00:00,14 days 18:00:00,354,31.63,62.5,995.2,51.2
2026-07-12 06:00:00,11,25,2026-07-27 06:00:00,15 days 00:00:00,360,31.5,62.0,996.7,48.8
2026-07-12 06:00:00,12,25,2026-07-24 06:00:00,12 days 00:00:00,288,12.25,-107.75,1007.5,30.4
2026-07-12 06:00:00,12,25,2026-07-24 12:00:00,12 days 06:00:00,294,12.25,-108.38,1007.1,31.2
2026-07-12 06:00:00,12,25,2026-07-24 18:00:00,12 days 12:00:00,300,12.25,-109.0,1006.7,32.1
2026-07-12 06:00:00,12,25,2026-07-25 00:00:00,12 days 18:00:00,306,13.38,-109.87,1004.8,35.4
2026-07-12 06:00:00,12,25,2026-07-25 06:00:00,13 days 00:00:00,312,14.5,-110.75,1003.0,38.7
2026-07-12 06:00:00,12,25,2026-07-25 12:00:00,13 days 06:00:00,318,15.25,-112.0,999.1,44.8
2026-07-12 06:00:00,12,25,2026-07-25 18:00:00,13 days 12:00:00,324,16.0,-113.25,995.3,51.0
2026-07-12 06:00:00,12,25,2026-07-26 00:00:00,13 days 18:00:00,330,16.63,-114.25,997.0,48.4
2026-07-12 06:00:00,12,25,2026-07-26 06:00:00,14 days 00:00:00,336,17.25,-115.25,998.7,45.8
2026-07-12 06:00:00,12,25,2026-07-26 12:00:00,14 days 06:00:00,342,18.0,-116.49,998.4,46.2
2026-07-12 06:00:00,12,25,2026-07-26 18:00:00,14 days 12:00:00,348,18.75,-117.75,998.1,46.7
2026-07-12 06:00:00,12,25,2026-07-27 00:00:00,14 days 18:00:00,354,19.26,-119.12,999.4,44.6
2026-07-12 06:00:00,12,25,2026-07-27 06:00:00,15 days 00:00:00,360,19.75,-120.5,1000.7,42.4
2026-07-12 06:00:00,3,25,2026-07-12 06:00:00,0 days 00:00:00,0,-41.75,-140.0,971.7,82.5
2026-07-12 06:00:00,3,25,2026-07-12 12:00:00,0 days 06:00:00,6,-43.25,-139.88,970.8,83.6
2026-07-12 06:00:00,3,25,2026-07-12 18:00:00,0 days 12:00:00,12,-44.75,-139.75,969.9,84.7
2026-07-12 06:00:00,3,25,2026-07-13 00:00:00,0 days 18:00:00,18,-45.75,-140.12,972.1,82.1
2026-07-12 06:00:00,3,25,2026-07-13 06:00:00,1 days 00:00:00,24,-46.75,-140.5,974.2,79.5
2026-07-12 06:00:00,3,25,2026-07-13 12:00:00,1 days 06:00:00,30,-45.88,-141.52,975.8,77.5
2026-07-12 06:00:00,3,25,2026-07-13 18:00:00,1 days 12:00:00,36,-45.0,-142.5,977.4,75.6
2026-07-12 06:00:00,3,25,2026-07-14 00:00:00,1 days 18:00:00,42,-44.13,-142.88,979.3,73.0
2026-07-12 06:00:00,3,25,2026-07-14 06:00:00,2 days 00:00:00,48,-43.25,-143.25,981.3,70.5
2026-07-12 06:00:00,4,25,2026-07-12 06:00:00,0 days 00:00:00,0,-41.0,-92.75,973.3,80.6
2026-07-12 06:00:00,4,25,2026-07-12 12:00:00,0 days 06:00:00,6,-41.65,-90.4,974.3,79.4
2026-07-12 06:00:00,4,25,2026-07-12 18:00:00,0 days 12:00:00,12,-42.25,-88.0,975.3,78.2
2026-07-12 06:00:00,4,25,2026-07-13 00:00:00,0 days 18:00:00,18,-43.17,-84.92,977.5,75.4
2026-07-12 06:00:00,4,25,2026-07-13 06:00:00,1 days 00:00:00,24,-44.0,-81.75,979.6,72.7
2026-07-12 06:00:00,4,25,2026-07-13 12:00:00,1 days 06:00:00,30,-45.14,-79.79,982.4,69.1
2026-07-12 06:00:00,4,25,2026-07-13 18:00:00,1 days 12:00:00,36,-46.25,-77.75,985.1,65.5
2026-07-12 06:00:00,4,25,2026-07-14 00:00:00,1 days 18:00:00,42,-47.25,-77.14,987.9,61.7
2026-07-12 06:00:00,4,25,2026-07-14 06:00:00,2 days 00:00:00,48,-48.25,-76.5,990.6,57.8
2026-07-12 06:00:00,5,25,2026-07-15 06:00:00,3 days 00:00:00,72,15.25,-112.0,1006.5,32.4
2026-07-12 06:00:00,5,25,2026-07-15 12:00:00,3 days 06:00:00,78,14.88,-113.5,1004.7,35.6
2026-07-12 06:00:00,5,25,2026-07-15 18:00:00,3 days 12:00:00,84,14.5,-115.0,1002.9,38.8
2026-07-12 06:00:00,5,25,2026-07-16 00:00:00,3 days 18:00:00,90,14.13,-116.5,1002.8,39.0
2026-07-12 06:00:00,5,25,2026-07-16 06:00:00,4 days 00:00:00,96,13.75,-118.0,1002.6,39.3
2026-07-12 06:00:00,5,25,2026-07-16 12:00:00,4 days 06:00:00,102,14.38,-118.62,999.7,44.0
2026-07-12 06:00:00,5,25,2026-07-16 18:00:00,4 days 12:00:00,108,15.0,-119.25,996.7,48.8
2026-07-12 06:00:00,5,25,2026-07-17 00:00:00,4 days 18:00:00,114,15.63,-120.5,996.4,49.3
2026-07-12 06:00:00,5,25,2026-07-17 06:00:00,5 days 00:00:00,120,16.25,-121.75,996.0,49.9
2026-07-12 06:00:00,5,25,2026-07-17 12:00:00,5 days 06:00:00,126,16.25,-122.75,994.2,52.6
2026-07-12 06:00:00,5,25,2026-07-17 18:00:00,5 days 12:00:00,132,16.25,-123.75,992.3,55.4
2026-07-12 06:00:00,5,25,2026-07-18 00:00:00,5 days 18:00:00,138,17.0,-124.5,990.7,57.7
2026-07-12 06:00:00,5,25,2026-07-18 06:00:00,6 days 00:00:00,144,17.75,-125.25,989.0,60.1
2026-07-12 06:00:00,5,25,2026-07-18 12:00:00,6 days 06:00:00,150,18.63,-126.12,988.5,60.8
2026-07-12 06:00:00,5,25,2026-07-18 18:00:00,6 days 12:00:00,156,19.5,-127.0,988.0,61.5
2026-07-12 06:00:00,5,25,2026-07-19 00:00:00,6 days 18:00:00,162,19.88,-128.0,988.5,60.9
2026-07-12 06:00:00,5,25,2026-07-19 06:00:00,7 days 00:00:00,168,20.25,-129.0,988.9,60.4
2026-07-12 06:00:00,5,25,2026-07-19 12:00:00,7 days 06:00:00,174,21.38,-129.99,989.8,59.0
2026-07-12 06:00:00,5,25,2026-07-19 18:00:00,7 days 12:00:00,180,22.5,-131.0,990.8,57.7
2026-07-12 06:00:00,5,25,2026-07-20 00:00:00,7 days 18:00:00,186,22.63,-132.12,993.4,53.8
2026-07-12 06:00:00,5,25,2026-07-20 06:00:00,8 days 00:00:00,192,22.75,-133.25,996.0,50.0
2026-07-12 06:00:00,5,25,2026-07-20 12:00:00,8 days 06:00:00,198,23.13,-134.25,997.6,47.5
2026-07-12 06:00:00,5,25,2026-07-20 18:00:00,8 days 12:00:00,204,23.5,-135.25,999.1,45.1
2026-07-12 06:00:00,5,25,2026-07-21 00:00:00,8 days 18:00:00,210,23.5,-136.5,1000.5,42.7
2026-07-12 06:00:00,5,25,2026-07-21 06:00:00,9 days 00:00:00,216,23.5,-137.75,1002.0,40.4
2026-07-12 06:00:00,5,25,2026-07-21 12:00:00,9 days 06:00:00,222,23.63,-138.62,1003.1,38.4
2026-07-12 06:00:00,5,25,2026-07-21 18:00:00,9 days 12:00:00,228,23.75,-139.5,1004.2,36.5
2026-07-12 06:00:00,5,25,2026-07-22 00:00:00,9 days 18:00:00,234,23.63,-140.63,1005.7,33.7
2026-07-12 06:00:00,5,25,2026-07-22 06:00:00,10 days 00:00:00,240,23.5,-141.75,1007.3,30.9
2026-07-12 06:00:00,5,25,2026-07-22 12:00:00,10 days 06:00:00,246,23.75,-142.62,1008.6,28.3
2026-07-12 06:00:00,5,25,2026-07-22 18:00:00,10 days 12:00:00,252,24.0,-143.5,1009.9,25.7
2026-07-12 06:00:00,5,25,2026-07-23 00:00:00,10 days 18:00:00,258,24.0,-144.38,1010.9,23.6
2026-07-12 06:00:00,5,25,2026-07-23 06:00:00,11 days 00:00:00,264,24.0,-145.25,1011.9,21.5
2026-07-12 06:00:00,6,25,2026-07-17 18:00:00,5 days 12:00:00,132,22.5,169.0,1005.4,34.4
2026-07-12 06:00:00,6,25,2026-07-18 00:00:00,5 days 18:00:00,138,22.5,169.0,1005.2,34.7
2026-07-12 06:00:00,6,25,2026-07-18 06:00:00,6 days 00:00:00,144,22.5,169.0,1005.1,35.0
2026-07-12 06:00:00,6,25,2026-07-18 12:00:00,6 days 06:00:00,150,22.38,170.0,1004.3,36.4
2026-07-12 06:00:00,6,25,2026-07-18 18:00:00,6 days 12:00:00,156,22.25,171.0,1003.5,37.7
2026-07-12 06:00:00,6,25,2026-07-19 00:00:00,6 days 18:00:00,162,22.63,170.88,1002.5,39.4
2026-07-12 06:00:00,6,25,2026-07-19 06:00:00,7 days 00:00:00,168,23.0,170.75,1001.6,41.1
2026-07-12 06:00:00,6,25,2026-07-19 12:00:00,7 days 06:00:00,174,23.63,171.0,999.9,43.8
2026-07-12 06:00:00,6,25,2026-07-19 18:00:00,7 days 12:00:00,180,24.25,171.25,998.2,46.5
2026-07-12 06:00:00,6,25,2026-07-20 00:00:00,7 days 18:00:00,186,24.0,171.0,998.3,46.4
2026-07-12 06:00:00,6,25,2026-07-20 06:00:00,8 days 00:00:00,192,23.75,170.75,998.4,46.3
2026-07-12 06:00:00,6,25,2026-07-20 12:00:00,8 days 06:00:00,198,23.75,170.75,998.0,46.8
2026-07-12 06:00:00,6,25,2026-07-20 18:00:00,8 days 12:00:00,204,23.75,170.75,997.7,47.2
2026-07-12 06:00:00,6,25,2026-07-21 00:00:00,8 days 18:00:00,210,24.25,171.0,996.7,48.9
2026-07-12 06:00:00,6,25,2026-07-21 06:00:00,9 days 00:00:00,216,24.75,171.25,995.6,50.5
2026-07-12 06:00:00,6,25,2026-07-21 12:00:00,9 days 06:00:00,222,25.38,172.0,996.0,49.9
2026-07-12 06:00:00,6,25,2026-07-21 18:00:00,9 days 12:00:00,228,26.0,172.75,996.5,49.2
2026-07-12 06:00:00,6,25,2026-07-22 00:00:00,9 days 18:00:00,234,26.75,173.5,995.9,50.1
2026-07-12 06:00:00,6,25,2026-07-22 06:00:00,10 days 00:00:00,240,27.5,174.25,995.3,51.0
2026-07-12 06:00:00,6,25,2026-07-22 12:00:00,10 days 06:00:00,246,28.38,174.99,995.7,50.4
2026-07-12 06:00:00,6,25,2026-07-22 18:00:00,10 days 12:00:00,252,29.25,175.75,996.1,49.8
2026-07-12 06:00:00,6,25,2026-07-23 00:00:00,10 days 18:00:00,258,29.88,176.25,995.7,50.4
2026-07-12 06:00:00,6,25,2026-07-23 06:00:00,11 days 00:00:00,264,30.5,176.75,995.2,51.1
2026-07-12 06:00:00,6,25,2026-07-23 12:00:00,11 days 06:00:00,270,31.26,175.96,994.3,52.5
2026-07-12 06:00:00,6,25,2026-07-23 18:00:00,11 days 12:00:00,276,32.01,175.15,993.3,54.0
2026-07-12 06:00:00,6,25,2026-07-24 00:00:00,11 days 18:00:00,282,32.76,174.33,992.3,55.5
2026-07-12 06:00:00,6,25,2026-07-24 06:00:00,12 days 00:00:00,288,33.5,173.5,991.3,56.9
2026-07-12 06:00:00,7,25,2026-07-18 06:00:00,6 days 00:00:00,144,10.5,-109.0,1008.7,28.2
2026-07-12 06:00:00,7,25,2026-07-18 12:00:00,6 days 06:00:00,150,10.13,-109.75,1007.2,30.9
2026-07-12 06:00:00,7,25,2026-07-18 18:00:00,6 days 12:00:00,156,9.75,-110.5,1005.8,33.7
2026-07-12 06:00:00,7,25,2026-07-19 00:00:00,6 days 18:00:00,162,10.38,-111.0,1005.1,34.8
2026-07-12 06:00:00,7,25,2026-07-19 06:00:00,7 days 00:00:00,168,11.0,-111.5,1004.5,36.0
2026-07-12 06:00:00,7,25,2026-07-19 12:00:00,7 days 06:00:00,174,11.38,-112.25,1003.1,38.5
2026-07-12 06:00:00,7,25,2026-07-19 18:00:00,7 days 12:00:00,180,11.75,-113.0,1001.7,40.9
2026-07-12 06:00:00,7,25,2026-07-20 00:00:00,7 days 18:00:00,186,12.5,-113.75,999.8,43.8
2026-07-12 06:00:00,7,25,2026-07-20 06:00:00,8 days 00:00:00,192,13.25,-114.5,998.0,46.8
2026-07-12 06:00:00,7,25,2026-07-20 12:00:00,8 days 06:00:00,198,14.0,-115.25,994.1,52.7
2026-07-12 06:00:00,7,25,2026-07-20 18:00:00,8 days 12:00:00,204,14.75,-116.0,990.1,58.6
2026-07-12 06:00:00,7,25,2026-07-21 00:00:00,8 days 18:00:00,210,15.38,-116.62,986.6,63.4
2026-07-12 06:00:00,7,25,2026-07-21 06:00:00,9 days 00:00:00,216,16.0,-117.25,983.0,68.3
2026-07-12 06:00:00,7,25,2026-07-21 12:00:00,9 days 06:00:00,222,16.75,-117.75,981.3,70.5
2026-07-12 06:00:00,7,25,2026-07-21 18:00:00,9 days 12:00:00,228,17.5,-118.25,979.5,72.8
2026-07-12 06:00:00,7,25,2026-07-22 00:00:00,9 days 18:00:00,234,18.25,-119.0,975.3,78.0
2026-07-12 06:00:00,7,25,2026-07-22 06:00:00,10 days 00:00:00,240,19.0,-119.75,971.2,83.2
2026-07-12 06:00:00,7,25,2026-07-22 12:00:00,10 days 06:00:00,246,19.75,-120.62,973.8,80.0
2026-07-12 06:00:00,7,25,2026-07-22 18:00:00,10 days 12:00:00,252,20.5,-121.5,976.4,76.8
2026-07-12 06:00:00,7,25,2026-07-23 00:00:00,10 days 18:00:00,258,21.38,-122.37,978.2,74.5
2026-07-12 06:00:00,7,25,2026-07-23 06:00:00,11 days 00:00:00,264,22.25,-123.25,980.0,72.2
2026-07-12 06:00:00,7,25,2026-07-23 12:00:00,11 days 06:00:00,270,22.88,-124.37,983.1,68.1
2026-07-12 06:00:00,7,25,2026-07-23 18:00:00,11 days 12:00:00,276,23.5,-125.5,986.1,64.1
2026-07-12 06:00:00,7,25,2026-07-24 00:00:00,11 days 18:00:00,282,23.88,-126.5,990.8,57.5
2026-07-12 06:00:00,7,25,2026-07-24 06:00:00,12 days 00:00:00,288,24.25,-127.5,995.4,50.8
2026-07-12 06:00:00,7,25,2026-07-24 12:00:00,12 days 06:00:00,294,24.51,-128.75,998.0,46.8
2026-07-12 06:00:00,7,25,2026-07-24 18:00:00,12 days 12:00:00,300,24.75,-130.0,1000.5,42.8
2026-07-12 06:00:00,7,25,2026-07-25 00:00:00,12 days 18:00:00,306,24.88,-131.0,1002.2,39.9
2026-07-12 06:00:00,7,25,2026-07-25 06:00:00,13 days 00:00:00,312,25.0,-132.0,1003.9,37.0
2026-07-12 06:00:00,7,25,2026-07-25 12:00:00,13 days 06:00:00,318,25.38,-132.87,1006.0,33.1
2026-07-12 06:00:00,7,25,2026-07-25 18:00:00,13 days 12:00:00,324,25.75,-133.75,1008.1,29.2
2026-07-12 06:00:00,7,25,2026-07-26 00:00:00,13 days 18:00:00,330,26.0,-134.75,1009.7,26.0
2026-07-12 06:00:00,7,25,2026-07-26 06:00:00,14 days 00:00:00,336,26.25,-135.75,1011.2,22.9
2026-07-12 06:00:00,8,25,2026-07-19 06:00:00,7 days 00:00:00,168,-27.25,-67.75,1004.0,37.0
2026-07-12 06:00:00,8,25,2026-07-19 12:00:00,7 days 06:00:00,174,-29.47,-69.44,998.8,44.6
2026-07-12 06:00:00,8,25,2026-07-19 18:00:00,7 days 12:00:00,180,-31.68,-71.2,993.7,52.3
2026-07-12 06:00:00,8,25,2026-07-20 00:00:00,7 days 18:00:00,186,-33.86,-73.06,988.6,60.0
2026-07-12 06:00:00,8,25,2026-07-20 06:00:00,8 days 00:00:00,192,-36.0,-75.0,983.5,67.7
2026-07-12 06:00:00,8,25,2026-07-20 12:00:00,8 days 06:00:00,198,-37.88,-75.0,985.6,64.8
2026-07-12 06:00:00,8,25,2026-07-20 18:00:00,8 days 12:00:00,204,-39.75,-75.0,987.7,61.9
2026-07-12 06:00:00,8,25,2026-07-21 00:00:00,8 days 18:00:00,210,-40.88,-75.86,990.6,57.8
2026-07-12 06:00:00,8,25,2026-07-21 06:00:00,9 days 00:00:00,216,-42.0,-76.75,993.5,53.7
2026-07-12 06:00:00,8,25,2026-07-21 12:00:00,9 days 06:00:00,222,-42.26,-78.12,995.0,51.3
2026-07-12 06:00:00,8,25,2026-07-21 18:00:00,9 days 12:00:00,228,-42.5,-79.5,996.6,49.0
2026-07-12 06:00:00,8,25,2026-07-22 00:00:00,9 days 18:00:00,234,-41.88,-80.13,999.4,44.4
2026-07-12 06:00:00,8,25,2026-07-22 06:00:00,10 days 00:00:00,240,-41.25,-80.75,1002.3,39.9
2026-07-12 06:00:00,8,25,2026-07-22 12:00:00,10 days 06:00:00,246,-41.0,-81.63,1004.3,36.4
2026-07-12 06:00:00,8,25,2026-07-22 18:00:00,10 days 12:00:00,252,-40.75,-82.5,1006.3,32.8
2026-07-12 06:00:00,8,25,2026-07-23 00:00:00,10 days 18:00:00,258,-39.5,-83.14,1007.7,30.0
2026-07-12 06:00:00,8,25,2026-07-23 06:00:00,11 days 00:00:00,264,-38.25,-83.75,1009.2,27.2
2026-07-12 06:00:00,9,25,2026-07-19 06:00:00,7 days 00:00:00,168,30.5,62.25,991.9,56.0
2026-07-12 06:00:00,9,25,2026-07-19 12:00:00,7 days 06:00:00,174,30.38,62.63,990.9,57.4
2026-07-12 06:00:00,9,25,2026-07-19 18:00:00,7 days 12:00:00,180,30.25,63.0,989.9,58.8
2026-07-12 06:00:00,9,25,2026-07-20 00:00:00,7 days 18:00:00,186,30.69,63.06,990.3,58.3
2026-07-12 06:00:00,9,25,2026-07-20 06:00:00,8 days 00:00:00,192,31.13,63.12,990.6,57.9
2026-07-12 06:00:00,9,25,2026-07-20 12:00:00,8 days 06:00:00,198,31.56,63.19,990.9,57.4
2026-07-12 06:00:00,9,25,2026-07-20 18:00:00,8 days 12:00:00,204,32.0,63.25,991.3,56.9
2026-07-12 06:00:00,9,25,2026-07-21 00:00:00,8 days 18:00:00,210,32.0,62.75,992.5,55.1
2026-07-12 06:00:00,9,25,2026-07-21 06:00:00,9 days 00:00:00,216,32.0,62.25,993.8,53.3
2026-07-12 06:00:00,9,25,2026-07-21 12:00:00,9 days 06:00:00,222,31.63,63.13,992.6,55.0
2026-07-12 06:00:00,9,25,2026-07-21 18:00:00,9 days 12:00:00,228,31.25,64.0,991.4,56.7
2026-07-12 06:00:00,0,26,2026-07-12 06:00:00,0 days 00:00:00,0,31.25,118.75,986.3,63.8
2026-07-12 06:00:00,0,26,2026-07-12 12:00:00,0 days 06:00:00,6,32.25,118.38,987.8,61.8
2026-07-12 06:00:00,0,26,2026-07-12 18:00:00,0 days 12:00:00,12,33.25,118.0,989.2,59.9
2026-07-12 06:00:00,0,26,2026-07-13 00:00:00,0 days 18:00:00,18,33.63,118.12,990.7,57.7
2026-07-12 06:00:00,0,26,2026-07-13 06:00:00,1 days 00:00:00,24,34.0,118.25,992.3,55.5
2026-07-12 06:00:00,0,26,2026-07-13 12:00:00,1 days 06:00:00,30,35.0,118.74,992.3,55.4
2026-07-12 06:00:00,0,26,2026-07-13 18:00:00,1 days 12:00:00,36,36.0,119.25,992.4,55.2
2026-07-12 06:00:00,0,26,2026-07-14 00:00:00,1 days 18:00:00,42,36.75,120.24,992.6,55.0
2026-07-12 06:00:00,0,26,2026-07-14 06:00:00,2 days 00:00:00,48,37.5,121.25,992.7,54.9
2026-07-12 06:00:00,3,26,2026-07-12 06:00:00,0 days 00:00:00,0,-41.75,-140.0,971.7,82.5
2026-07-12 06:00:00,3,26,2026-07-12 12:00:00,0 days 06:00:00,6,-43.13,-139.88,970.8,83.6
2026-07-12 06:00:00,3,26,2026-07-12 18:00:00,0 days 12:00:00,12,-44.5,-139.75,970.0,84.7
2026-07-12 06:00:00,3,26,2026-07-13 00:00:00,0 days 18:00:00,18,-45.75,-140.24,971.0,83.4
2026-07-12 06:00:00,3,26,2026-07-13 06:00:00,1 days 00:00:00,24,-47.0,-140.75,972.0,82.2
2026-07-12 06:00:00,3,26,2026-07-13 12:00:00,1 days 06:00:00,30,-46.25,-141.64,975.0,78.5
2026-07-12 06:00:00,3,26,2026-07-13 18:00:00,1 days 12:00:00,36,-45.5,-142.5,978.0,74.8
2026-07-12 06:00:00,3,26,2026-07-14 00:00:00,1 days 18:00:00,42,-44.13,-143.52,980.7,71.2
2026-07-12 06:00:00,3,26,2026-07-14 06:00:00,2 days 00:00:00,48,-42.75,-144.5,983.5,67.7
2026-07-12 06:00:00,3,26,2026-07-14 12:00:00,2 days 06:00:00,54,-42.25,-144.56,984.0,67.0
2026-07-12 06:00:00,3,26,2026-07-14 18:00:00,2 days 12:00:00,60,-41.75,-144.63,984.4,66.4
2026-07-12 06:00:00,3,26,2026-07-15 00:00:00,2 days 18:00:00,66,-41.25,-144.69,984.9,65.8
2026-07-12 06:00:00,3,26,2026-07-15 06:00:00,3 days 00:00:00,72,-40.75,-144.75,985.4,65.1
2026-07-12 06:00:00,3,26,2026-07-15 12:00:00,3 days 06:00:00,78,-40.5,-144.0,986.0,64.3
2026-07-12 06:00:00,3,26,2026-07-15 18:00:00,3 days 12:00:00,84,-40.25,-143.25,986.6,63.5
2026-07-12 06:00:00,4,26,2026-07-12 06:00:00,0 days 00:00:00,0,-41.0,-92.75,973.3,80.6
2026-07-12 06:00:00,4,26,2026-07-12 12:00:00,0 days 06:00:00,6,-41.77,-90.4,973.8,80.0
2026-07-12 06:00:00,4,26,2026-07-12 18:00:00,0 days 12:00:00,12,-42.5,-88.0,974.3,79.4
2026-07-12 06:00:00,4,26,2026-07-13 00:00:00,0 days 18:00:00,18,-43.28,-85.28,975.8,77.5
2026-07-12 06:00:00,4,26,2026-07-13 06:00:00,1 days 00:00:00,24,-44.0,-82.5,977.3,75.6
2026-07-12 06:00:00,4,26,2026-07-13 12:00:00,1 days 06:00:00,30,-44.89,-80.53,980.5,71.6
2026-07-12 06:00:00,4,26,2026-07-13 18:00:00,1 days 12:00:00,36,-45.75,-78.5,983.6,67.5
2026-07-12 06:00:00,4,26,2026-07-14 00:00:00,1 days 18:00:00,42,-46.88,-77.89,986.2,63.9
2026-07-12 06:00:00,4,26,2026-07-14 06:00:00,2 days 00:00:00,48,-48.0,-77.25,988.9,60.3
2026-07-12 06:00:00,5,26,2026-07-14 18:00:00,2 days 12:00:00,60,14.0,-108.25,1005.4,34.4
2026-07-12 06:00:00,5,26,2026-07-15 00:00:00,2 days 18:00:00,66,13.63,-110.0,1005.9,33.6
2026-07-12 06:00:00,5,26,2026-07-15 06:00:00,3 days 00:00:00,72,13.25,-111.75,1006.3,32.7
2026-07-12 06:00:00,5,26,2026-07-15 12:00:00,3 days 06:00:00,78,13.57,-112.87,1005.4,34.3
2026-07-12 06:00:00,5,26,2026-07-15 18:00:00,3 days 12:00:00,84,13.89,-113.99,1004.5,35.9
2026-07-12 06:00:00,5,26,2026-07-16 00:00:00,3 days 18:00:00,90,14.2,-115.12,1003.6,37.5
2026-07-12 06:00:00,5,26,2026-07-16 06:00:00,4 days 00:00:00,96,14.5,-116.25,1002.7,39.1
2026-07-12 06:00:00,5,26,2026-07-16 12:00:00,4 days 06:00:00,102,14.88,-117.0,1001.3,41.5
2026-07-12 06:00:00,5,26,2026-07-16 18:00:00,4 days 12:00:00,108,15.25,-117.75,999.8,43.9
2026-07-12 06:00:00,5,26,2026-07-17 00:00:00,4 days 18:00:00,114,15.63,-118.5,999.5,44.4
2026-07-12 06:00:00,5,26,2026-07-17 06:00:00,5 days 00:00:00,120,16.0,-119.25,999.2,44.9
2026-07-12 06:00:00,5,26,2026-07-17 12:00:00,5 days 06:00:00,126,16.38,-120.25,997.8,47.2
2026-07-12 06:00:00,5,26,2026-07-17 18:00:00,5 days 12:00:00,132,16.75,-121.25,996.3,49.4
2026-07-12 06:00:00,5,26,2026-07-18 00:00:00,5 days 18:00:00,138,17.5,-122.37,995.4,50.9
2026-07-12 06:00:00,5,26,2026-07-18 06:00:00,6 days 00:00:00,144,18.25,-123.5,994.4,52.4
2026-07-12 06:00:00,5,26,2026-07-18 12:00:00,6 days 06:00:00,150,19.0,-124.62,993.3,53.9
2026-07-12 06:00:00,5,26,2026-07-18 18:00:00,6 days 12:00:00,156,19.75,-125.75,992.3,55.4
2026-07-12 06:00:00,5,26,2026-07-19 00:00:00,6 days 18:00:00,162,20.38,-126.75,994.7,51.9
2026-07-12 06:00:00,5,26,2026-07-19 06:00:00,7 days 00:00:00,168,21.0,-127.75,997.0,48.3
2026-07-12 06:00:00,5,26,2026-07-19 12:00:00,7 days 06:00:00,174,21.88,-128.74,998.4,46.2
2026-07-12 06:00:00,5,26,2026-07-19 18:00:00,7 days 12:00:00,180,22.75,-129.75,999.8,44.0
2026-07-12 06:00:00,5,26,2026-07-20 00:00:00,7 days 18:00:00,186,23.5,-130.74,1001.9,40.5
2026-07-12 06:00:00,5,26,2026-07-20 06:00:00,8 days 00:00:00,192,24.25,-131.75,1004.0,36.9
2026-07-12 06:00:00,5,26,2026-07-20 12:00:00,8 days 06:00:00,198,24.63,-133.0,1005.3,34.6
2026-07-12 06:00:00,5,26,2026-07-20 18:00:00,8 days 12:00:00,204,25.0,-134.25,1006.6,32.2
2026-07-12 06:00:00,6,26,2026-07-17 06:00:00,5 days 00:00:00,120,8.5,-103.0,1007.7,30.1
2026-07-12 06:00:00,6,26,2026-07-17 12:00:00,5 days 06:00:00,126,8.75,-104.0,1007.0,31.3
2026-07-12 06:00:00,6,26,2026-07-17 18:00:00,5 days 12:00:00,132,9.0,-105.0,1006.4,32.6
2026-07-12 06:00:00,6,26,2026-07-18 00:00:00,5 days 18:00:00,138,9.38,-105.5,1005.9,33.4
2026-07-12 06:00:00,6,26,2026-07-18 06:00:00,6 days 00:00:00,144,9.75,-106.0,1005.5,34.3
2026-07-12 06:00:00,6,26,2026-07-18 12:00:00,6 days 06:00:00,150,10.5,-106.87,1004.9,35.3
2026-07-12 06:00:00,6,26,2026-07-18 18:00:00,6 days 12:00:00,156,11.25,-107.75,1004.3,36.3
2026-07-12 06:00:00,6,26,2026-07-19 00:00:00,6 days 18:00:00,162,11.63,-109.12,1003.0,38.5
2026-07-12 06:00:00,6,26,2026-07-19 06:00:00,7 days 00:00:00,168,12.0,-110.5,1001.8,40.7
2026-07-12 06:00:00,6,26,2026-07-19 12:00:00,7 days 06:00:00,174,12.38,-111.62,1000.4,42.9
2026-07-12 06:00:00,6,26,2026-07-19 18:00:00,7 days 12:00:00,180,12.75,-112.75,999.1,45.0
2026-07-12 06:00:00,6,26,2026-07-20 00:00:00,7 days 18:00:00,186,13.5,-113.75,996.1,49.7
2026-07-12 06:00:00,6,26,2026-07-20 06:00:00,8 days 00:00:00,192,14.25,-114.75,993.0,54.4
2026-07-12 06:00:00,6,26,2026-07-20 12:00:00,8 days 06:00:00,198,14.88,-116.0,990.0,58.6
2026-07-12 06:00:00,6,26,2026-07-20 18:00:00,8 days 12:00:00,204,15.5,-117.25,987.0,62.9
2026-07-12 06:00:00,6,26,2026-07-21 00:00:00,8 days 18:00:00,210,16.0,-117.75,986.4,63.7
2026-07-12 06:00:00,6,26,2026-07-21 06:00:00,9 days 00:00:00,216,16.5,-118.25,985.8,64.5
2026-07-12 06:00:00,6,26,2026-07-21 12:00:00,9 days 06:00:00,222,17.13,-119.12,982.9,68.4
2026-07-12 06:00:00,6,26,2026-07-21 18:00:00,9 days 12:00:00,228,17.75,-120.0,980.0,72.2
2026-07-12 06:00:00,6,26,2026-07-22 00:00:00,9 days 18:00:00,234,18.38,-120.75,980.6,71.5
2026-07-12 06:00:00,6,26,2026-07-22 06:00:00,10 days 00:00:00,240,19.0,-121.5,981.1,70.7
2026-07-12 06:00:00,6,26,2026-07-22 12:00:00,10 days 06:00:00,246,19.13,-122.5,981.1,70.8
2026-07-12 06:00:00,6,26,2026-07-22 18:00:00,10 days 12:00:00,252,19.25,-123.5,981.1,70.8
2026-07-12 06:00:00,6,26,2026-07-23 00:00:00,10 days 18:00:00,258,19.63,-124.12,982.9,68.4
2026-07-12 06:00:00,6,26,2026-07-23 06:00:00,11 days 00:00:00,264,20.0,-124.75,984.7,66.0
2026-07-12 06:00:00,6,26,2026-07-23 12:00:00,11 days 06:00:00,270,20.63,-125.62,988.5,60.8
2026-07-12 06:00:00,6,26,2026-07-23 18:00:00,11 days 12:00:00,276,21.25,-126.5,992.2,55.6
2026-07-12 06:00:00,6,26,2026-07-24 00:00:00,11 days 18:00:00,282,22.13,-127.62,992.0,55.9
2026-07-12 06:00:00,6,26,2026-07-24 06:00:00,12 days 00:00:00,288,23.0,-128.75,991.7,56.2
2026-07-12 06:00:00,6,26,2026-07-24 12:00:00,12 days 06:00:00,294,23.75,-129.74,995.6,50.3
2026-07-12 06:00:00,6,26,2026-07-24 18:00:00,12 days 12:00:00,300,24.5,-130.75,999.5,44.4
2026-07-12 06:00:00,6,26,2026-07-25 00:00:00,12 days 18:00:00,306,25.63,-131.62,1000.8,42.3
2026-07-12 06:00:00,6,26,2026-07-25 06:00:00,13 days 00:00:00,312,26.75,-132.5,1002.1,40.2
2026-07-12 06:00:00,6,26,2026-07-25 12:00:00,13 days 06:00:00,318,27.75,-133.12,1003.1,38.5
2026-07-12 06:00:00,6,26,2026-07-25 18:00:00,13 days 12:00:00,324,28.75,-133.75,1004.1,36.8
2026-07-12 06:00:00,6,26,2026-07-26 00:00:00,13 days 18:00:00,330,29.88,-134.49,1005.9,33.4
2026-07-12 06:00:00,6,26,2026-07-26 06:00:00,14 days 00:00:00,336,31.0,-135.25,1007.7,30.0
2026-07-12 06:00:00,6,26,2026-07-26 12:00:00,14 days 06:00:00,342,31.75,-136.12,1009.5,26.5
2026-07-12 06:00:00,6,26,2026-07-26 18:00:00,14 days 12:00:00,348,32.5,-137.0,1011.2,23.0
2026-07-12 06:00:00,6,26,2026-07-27 00:00:00,14 days 18:00:00,354,33.25,-137.37,1012.8,19.0
2026-07-12 06:00:00,6,26,2026-07-27 06:00:00,15 days 00:00:00,360,34.0,-137.75,1014.5,15.0
2026-07-12 06:00:00,7,26,2026-07-18 06:00:00,6 days 00:00:00,144,31.5,62.75,994.8,51.8
2026-07-12 06:00:00,7,26,2026-07-18 12:00:00,6 days 06:00:00,150,31.88,62.87,993.3,54.0
2026-07-12 06:00:00,7,26,2026-07-18 18:00:00,6 days 12:00:00,156,32.25,63.0,991.8,56.2
2026-07-12 06:00:00,7,26,2026-07-19 00:00:00,6 days 18:00:00,162,31.88,62.87,993.3,53.9
2026-07-12 06:00:00,7,26,2026-07-19 06:00:00,7 days 00:00:00,168,31.5,62.75,994.8,51.7
2026-07-12 06:00:00,7,26,2026-07-19 12:00:00,7 days 06:00:00,174,31.13,63.38,993.5,53.7
2026-07-12 06:00:00,7,26,2026-07-19 18:00:00,7 days 12:00:00,180,30.75,64.0,992.1,55.7
2026-07-12 06:00:00,7,26,2026-07-20 00:00:00,7 days 18:00:00,186,30.94,64.06,992.5,55.2
2026-07-12 06:00:00,7,26,2026-07-20 06:00:00,8 days 00:00:00,192,31.13,64.12,992.9,54.6
2026-07-12 06:00:00,7,26,2026-07-20 12:00:00,8 days 06:00:00,198,31.31,64.19,993.2,54.1
2026-07-12 06:00:00,7,26,2026-07-20 18:00:00,8 days 12:00:00,204,31.5,64.25,993.6,53.5
2026-07-12 06:00:00,8,26,2026-07-20 18:00:00,8 days 12:00:00,204,-47.0,-150.75,988.0,61.5
2026-07-12 06:00:00,8,26,2026-07-21 00:00:00,8 days 18:00:00,210,-46.88,-150.75,987.0,62.9
2026-07-12 06:00:00,8,26,2026-07-21 06:00:00,9 days 00:00:00,216,-46.75,-150.75,986.0,64.2
2026-07-12 06:00:00,8,26,2026-07-21 12:00:00,9 days 06:00:00,222,-46.82,-150.19,986.1,64.2
2026-07-12 06:00:00,8,26,2026-07-21 18:00:00,9 days 12:00:00,228,-46.88,-149.63,986.1,64.1
2026-07-12 06:00:00,8,26,2026-07-22 00:00:00,9 days 18:00:00,234,-46.94,-149.06,986.2,64.0
2026-07-12 06:00:00,8,26,2026-07-22 06:00:00,10 days 00:00:00,240,-47.0,-148.5,986.2,64.0
2026-07-12 06:00:00,8,26,2026-07-22 12:00:00,10 days 06:00:00,246,-46.01,-146.72,986.7,63.3
2026-07-12 06:00:00,8,26,2026-07-22 18:00:00,10 days 12:00:00,252,-45.0,-145.0,987.2,62.6
2026-07-12 06:00:00,8,26,2026-07-23 00:00:00,10 days 18:00:00,258,-44.5,-144.62,990.0,58.6
2026-07-12 06:00:00,8,26,2026-07-23 06:00:00,11 days 00:00:00,264,-44.0,-144.25,992.9,54.6
2026-07-12 06:00:00,8,26,2026-07-23 12:00:00,11 days 06:00:00,270,-48.02,-138.93,998.6,45.4
2026-07-12 06:00:00,8,26,2026-07-23 18:00:00,11 days 12:00:00,276,-51.75,-132.75,1004.4,36.2
2026-07-12 06:00:00,9,26,2026-07-24 06:00:00,12 days 00:00:00,288,25.25,168.25,1006.0,33.2
2026-07-12 06:00:00,9,26,2026-07-24 12:00:00,12 days 06:00:00,294,25.38,169.62,1005.2,34.7
2026-07-12 06:00:00,9,26,2026-07-24 18:00:00,12 days 12:00:00,300,25.5,171.0,1004.4,36.3
2026-07-12 06:00:00,9,26,2026-07-25 00:00:00,12 days 18:00:00,306,26.13,170.38,1003.9,37.0
2026-07-12 06:00:00,9,26,2026-07-25 06:00:00,13 days 00:00:00,312,26.75,169.75,1003.5,37.8
2026-07-12 06:00:00,9,26,2026-07-25 12:00:00,13 days 06:00:00,318,27.5,169.25,1002.8,38.9
2026-07-12 06:00:00,9,26,2026-07-25 18:00:00,13 days 12:00:00,324,28.25,168.75,1002.2,39.9
2026-07-12 06:00:00,9,26,2026-07-26 00:00:00,13 days 18:00:00,330,29.13,167.14,1000.8,42.4
2026-07-12 06:00:00,9,26,2026-07-26 06:00:00,14 days 00:00:00,336,30.0,165.5,999.3,44.8
2026-07-12 06:00:00,9,26,2026-07-26 12:00:00,14 days 06:00:00,342,30.51,164.26,1000.6,42.6
2026-07-12 06:00:00,9,26,2026-07-26 18:00:00,14 days 12:00:00,348,31.0,163.0,1002.0,40.4
2026-07-12 06:00:00,9,26,2026-07-27 00:00:00,14 days 18:00:00,354,31.76,161.76,1002.3,39.8
2026-07-12 06:00:00,9,26,2026-07-27 06:00:00,15 days 00:00:00,360,32.5,160.5,1002.6,39.2
2026-07-12 06:00:00,0,27,2026-07-12 06:00:00,0 days 00:00:00,0,31.25,118.75,986.3,63.8
2026-07-12 06:00:00,0,27,2026-07-12 12:00:00,0 days 06:00:00,6,32.38,118.5,988.3,61.1
2026-07-12 06:00:00,0,27,2026-07-12 18:00:00,0 days 12:00:00,12,33.5,118.25,990.2,58.4
2026-07-12 06:00:00,0,27,2026-07-13 00:00:00,0 days 18:00:00,18,33.75,118.25,990.5,58.0
2026-07-12 06:00:00,0,27,2026-07-13 06:00:00,1 days 00:00:00,24,34.0,118.25,990.8,57.6
2026-07-12 06:00:00,0,27,2026-07-13 12:00:00,1 days 06:00:00,30,35.0,119.11,990.8,57.7
2026-07-12 06:00:00,0,27,2026-07-13 18:00:00,1 days 12:00:00,36,36.0,120.0,990.7,57.8
2026-07-12 06:00:00,0,27,2026-07-14 00:00:00,1 days 18:00:00,42,36.89,121.61,990.7,57.7
2026-07-12 06:00:00,0,27,2026-07-14 06:00:00,2 days 00:00:00,48,37.75,123.25,990.8,57.6
2026-07-12 06:00:00,0,27,2026-07-14 12:00:00,2 days 06:00:00,54,39.06,126.93,989.5,59.4
2026-07-12 06:00:00,0,27,2026-07-14 18:00:00,2 days 12:00:00,60,40.25,130.75,988.2,61.2
2026-07-12 06:00:00,3,27,2026-07-12 06:00:00,0 days 00:00:00,0,-41.75,-140.0,971.7,82.5
2026-07-12 06:00:00,3,27,2026-07-12 12:00:00,0 days 06:00:00,6,-43.38,-139.88,970.7,83.8
2026-07-12 06:00:00,3,27,2026-07-12 18:00:00,0 days 12:00:00,12,-45.0,-139.75,969.6,85.1
2026-07-12 06:00:00,3,27,2026-07-13 00:00:00,0 days 18:00:00,18,-46.0,-140.24,970.7,83.8
2026-07-12 06:00:00,3,27,2026-07-13 06:00:00,1 days 00:00:00,24,-47.0,-140.75,971.7,82.6
2026-07-12 06:00:00,3,27,2026-07-13 12:00:00,1 days 06:00:00,30,-46.01,-142.15,973.6,80.2
2026-07-12 06:00:00,3,27,2026-07-13 18:00:00,1 days 12:00:00,36,-45.0,-143.5,975.6,77.8
2026-07-12 06:00:00,3,27,2026-07-14 00:00:00,1 days 18:00:00,42,-43.75,-144.14,977.6,75.3
2026-07-12 06:00:00,3,27,2026-07-14 06:00:00,2 days 00:00:00,48,-42.5,-144.75,979.6,72.7
2026-07-12 06:00:00,3,27,2026-07-14 12:00:00,2 days 06:00:00,54,-41.5,-144.24,981.2,70.7
2026-07-12 06:00:00,3,27,2026-07-14 18:00:00,2 days 12:00:00,60,-40.5,-143.75,982.7,68.7
2026-07-12 06:00:00,4,27,2026-07-12 06:00:00,0 days 00:00:00,0,-41.0,-92.75,973.3,80.6
2026-07-12 06:00:00,4,27,2026-07-12 12:00:00,0 days 06:00:00,6,-41.9,-90.28,973.1,80.9
2026-07-12 06:00:00,4,27,2026-07-12 18:00:00,0 days 12:00:00,12,-42.75,-87.75,972.9,81.1
2026-07-12 06:00:00,4,27,2026-07-13 00:00:00,0 days 18:00:00,18,-43.15,-85.39,975.5,77.9
2026-07-12 06:00:00,4,27,2026-07-13 06:00:00,1 days 00:00:00,24,-43.5,-83.0,978.1,74.7
2026-07-12 06:00:00,4,27,2026-07-13 12:00:00,1 days 06:00:00,30,-44.4,-80.54,981.1,70.7
2026-07-12 06:00:00,4,27,2026-07-13 18:00:00,1 days 12:00:00,36,-45.25,-78.0,984.2,66.7
2026-07-12 06:00:00,4,27,2026-07-14 00:00:00,1 days 18:00:00,42,-46.5,-77.02,987.3,62.5
2026-07-12 06:00:00,4,27,2026-07-14 06:00:00,2 days 00:00:00,48,-47.75,-76.0,990.3,58.3
2026-07-12 06:00:00,5,27,2026-07-15 18:00:00,3 days 12:00:00,84,15.0,-114.25,1005.0,35.0
2026-07-12 06:00:00,5,27,2026-07-16 00:00:00,3 days 18:00:00,90,15.38,-115.62,1004.1,36.7
2026-07-12 06:00:00,5,27,2026-07-16 06:00:00,4 days 00:00:00,96,15.75,-117.0,1003.1,38.4
2026-07-12 06:00:00,5,27,2026-07-16 12:00:00,4 days 06:00:00,102,16.01,-118.5,1002.3,39.9
2026-07-12 06:00:00,5,27,2026-07-16 18:00:00,4 days 12:00:00,108,16.25,-120.0,1001.4,41.3
2026-07-12 06:00:00,5,27,2026-07-17 00:00:00,4 days 18:00:00,114,15.63,-121.25,1001.4,41.3
2026-07-12 06:00:00,5,27,2026-07-17 06:00:00,5 days 00:00:00,120,15.0,-122.5,1001.4,41.3
2026-07-12 06:00:00,5,27,2026-07-17 12:00:00,5 days 06:00:00,126,15.63,-122.38,1001.4,41.4
2026-07-12 06:00:00,5,27,2026-07-17 18:00:00,5 days 12:00:00,132,16.25,-122.25,1001.4,41.4
2026-07-12 06:00:00,5,27,2026-07-18 00:00:00,5 days 18:00:00,138,16.75,-123.0,1001.9,40.5
2026-07-12 06:00:00,5,27,2026-07-18 06:00:00,6 days 00:00:00,144,17.25,-123.75,1002.5,39.5
2026-07-12 06:00:00,5,27,2026-07-18 12:00:00,6 days 06:00:00,150,17.63,-124.25,1002.6,39.3
2026-07-12 06:00:00,5,27,2026-07-18 18:00:00,6 days 12:00:00,156,18.0,-124.75,1002.7,39.1
2026-07-12 06:00:00,5,27,2026-07-19 00:00:00,6 days 18:00:00,162,18.5,-125.0,1002.8,38.9
2026-07-12 06:00:00,5,27,2026-07-19 06:00:00,7 days 00:00:00,168,19.0,-125.25,1002.9,38.8
2026-07-12 06:00:00,5,27,2026-07-19 12:00:00,7 days 06:00:00,174,19.25,-126.25,1002.4,39.6
2026-07-12 06:00:00,5,27,2026-07-19 18:00:00,7 days 12:00:00,180,19.5,-127.25,1002.0,40.4
2026-07-12 06:00:00,5,27,2026-07-20 00:00:00,7 days 18:00:00,186,19.63,-128.0,1002.4,39.7
2026-07-12 06:00:00,5,27,2026-07-20 06:00:00,8 days 00:00:00,192,19.75,-128.75,1002.8,39.0
2026-07-12 06:00:00,5,27,2026-07-20 12:00:00,8 days 06:00:00,198,20.5,-129.5,1002.6,39.3
2026-07-12 06:00:00,5,27,2026-07-20 18:00:00,8 days 12:00:00,204,21.25,-130.25,1002.4,39.7
2026-07-12 06:00:00,5,27,2026-07-21 00:00:00,8 days 18:00:00,210,19.99,-127.7,1000.4,42.9
2026-07-12 06:00:00,5,27,2026-07-21 06:00:00,9 days 00:00:00,216,18.69,-125.17,998.4,46.0
2026-07-12 06:00:00,5,27,2026-07-21 12:00:00,9 days 06:00:00,222,17.36,-122.69,996.4,49.2
2026-07-12 06:00:00,5,27,2026-07-21 18:00:00,9 days 12:00:00,228,16.0,-120.25,994.4,52.3
2026-07-12 06:00:00,5,27,2026-07-22 00:00:00,9 days 18:00:00,234,16.38,-121.12,994.8,51.8
2026-07-12 06:00:00,5,27,2026-07-22 06:00:00,10 days 00:00:00,240,16.75,-122.0,995.1,51.2
2026-07-12 06:00:00,5,27,2026-07-22 12:00:00,10 days 06:00:00,246,16.88,-122.62,994.4,52.3
2026-07-12 06:00:00,5,27,2026-07-22 18:00:00,10 days 12:00:00,252,17.0,-123.25,993.7,53.3
2026-07-12 06:00:00,5,27,2026-07-23 00:00:00,10 days 18:00:00,258,16.88,-124.13,992.9,54.6
2026-07-12 06:00:00,5,27,2026-07-23 06:00:00,11 days 00:00:00,264,16.75,-125.0,992.0,55.9
2026-07-12 06:00:00,5,27,2026-07-23 12:00:00,11 days 06:00:00,270,16.63,-126.0,993.9,53.0
2026-07-12 06:00:00,5,27,2026-07-23 18:00:00,11 days 12:00:00,276,16.5,-127.0,995.8,50.2
2026-07-12 06:00:00,5,27,2026-07-24 00:00:00,11 days 18:00:00,282,16.63,-128.12,996.2,49.6
2026-07-12 06:00:00,5,27,2026-07-24 06:00:00,12 days 00:00:00,288,16.75,-129.25,996.6,49.0
2026-07-12 06:00:00,5,27,2026-07-24 12:00:00,12 days 06:00:00,294,16.13,-130.75,997.6,47.5
2026-07-12 06:00:00,5,27,2026-07-24 18:00:00,12 days 12:00:00,300,15.5,-132.25,998.5,46.1
2026-07-12 06:00:00,5,27,2026-07-25 00:00:00,12 days 18:00:00,306,15.25,-133.75,998.6,45.9
2026-07-12 06:00:00,5,27,2026-07-25 06:00:00,13 days 00:00:00,312,15.0,-135.25,998.7,45.7
2026-07-12 06:00:00,5,27,2026-07-25 12:00:00,13 days 06:00:00,318,14.88,-136.88,997.6,47.5
2026-07-12 06:00:00,5,27,2026-07-25 18:00:00,13 days 12:00:00,324,14.75,-138.5,996.4,49.4
2026-07-12 06:00:00,5,27,2026-07-26 00:00:00,13 days 18:00:00,330,14.88,-140.12,996.8,48.7
2026-07-12 06:00:00,5,27,2026-07-26 06:00:00,14 days 00:00:00,336,15.0,-141.75,997.2,48.1
2026-07-12 06:00:00,5,27,2026-07-26 12:00:00,14 days 06:00:00,342,15.13,-143.12,997.1,48.2
2026-07-12 06:00:00,5,27,2026-07-26 18:00:00,14 days 12:00:00,348,15.25,-144.5,997.1,48.3
2026-07-12 06:00:00,5,27,2026-07-27 00:00:00,14 days 18:00:00,354,15.75,-145.5,996.5,49.1
2026-07-12 06:00:00,5,27,2026-07-27 06:00:00,15 days 00:00:00,360,16.25,-146.5,996.0,49.9
2026-07-12 06:00:00,6,27,2026-07-17 18:00:00,5 days 12:00:00,132,9.25,-107.0,1007.8,29.9
2026-07-12 06:00:00,6,27,2026-07-18 00:00:00,5 days 18:00:00,138,9.38,-107.75,1008.1,29.4
2026-07-12 06:00:00,6,27,2026-07-18 06:00:00,6 days 00:00:00,144,9.5,-108.5,1008.3,28.8
2026-07-12 06:00:00,6,27,2026-07-18 12:00:00,6 days 06:00:00,150,10.0,-108.62,1007.2,31.0
2026-07-12 06:00:00,6,27,2026-07-18 18:00:00,6 days 12:00:00,156,10.5,-108.75,1006.1,33.1
2026-07-12 06:00:00,6,27,2026-07-19 00:00:00,6 days 18:00:00,162,10.75,-110.12,1005.2,34.7
2026-07-12 06:00:00,6,27,2026-07-19 06:00:00,7 days 00:00:00,168,11.0,-111.5,1004.3,36.4
2026-07-12 06:00:00,6,27,2026-07-19 12:00:00,7 days 06:00:00,174,11.25,-112.5,1002.8,39.0
2026-07-12 06:00:00,6,27,2026-07-19 18:00:00,7 days 12:00:00,180,11.5,-113.5,1001.2,41.6
2026-07-12 06:00:00,6,27,2026-07-20 00:00:00,7 days 18:00:00,186,12.0,-114.25,1001.6,40.9
2026-07-12 06:00:00,6,27,2026-07-20 06:00:00,8 days 00:00:00,192,12.5,-115.0,1002.1,40.2
2026-07-12 06:00:00,6,27,2026-07-20 12:00:00,8 days 06:00:00,198,13.25,-116.0,1002.6,39.3
2026-07-12 06:00:00,6,27,2026-07-20 18:00:00,8 days 12:00:00,204,14.0,-117.0,1003.1,38.5
2026-07-12 06:00:00,6,27,2026-07-21 00:00:00,8 days 18:00:00,210,14.63,-117.75,1001.1,41.8
2026-07-12 06:00:00,6,27,2026-07-21 06:00:00,9 days 00:00:00,216,15.25,-118.5,999.1,45.1
2026-07-12 06:00:00,6,27,2026-07-21 12:00:00,9 days 06:00:00,222,15.63,-119.37,996.7,48.7
2026-07-12 06:00:00,6,27,2026-07-21 18:00:00,9 days 12:00:00,228,16.0,-120.25,994.4,52.3
2026-07-12 06:00:00,7,27,2026-07-18 06:00:00,6 days 00:00:00,144,30.75,63.75,995.8,50.2
2026-07-12 06:00:00,7,27,2026-07-18 12:00:00,6 days 06:00:00,150,31.13,63.13,994.4,52.4
2026-07-12 06:00:00,7,27,2026-07-18 18:00:00,6 days 12:00:00,156,31.5,62.5,992.9,54.6
2026-07-12 06:00:00,7,27,2026-07-19 00:00:00,6 days 18:00:00,162,31.5,62.38,993.2,54.1
2026-07-12 06:00:00,7,27,2026-07-19 06:00:00,7 days 00:00:00,168,31.5,62.25,993.5,53.6
2026-07-12 06:00:00,7,27,2026-07-19 12:00:00,7 days 06:00:00,174,31.75,62.62,991.9,56.0
2026-07-12 06:00:00,7,27,2026-07-19 18:00:00,7 days 12:00:00,180,32.0,63.0,990.3,58.3
2026-07-12 06:00:00,7,27,2026-07-20 00:00:00,7 days 18:00:00,186,31.63,62.75,991.3,56.9
2026-07-12 06:00:00,7,27,2026-07-20 06:00:00,8 days 00:00:00,192,31.25,62.5,992.2,55.6
2026-07-12 06:00:00,7,27,2026-07-20 12:00:00,8 days 06:00:00,198,31.63,62.62,990.9,57.4
2026-07-12 06:00:00,7,27,2026-07-20 18:00:00,8 days 12:00:00,204,32.0,62.75,989.7,59.2
2026-07-12 06:00:00,8,27,2026-07-23 18:00:00,11 days 12:00:00,276,11.25,-114.25,1007.6,30.2
2026-07-12 06:00:00,8,27,2026-07-24 00:00:00,11 days 18:00:00,282,11.5,-115.37,1006.7,31.9
2026-07-12 06:00:00,8,27,2026-07-24 06:00:00,12 days 00:00:00,288,11.75,-116.5,1005.8,33.6
2026-07-12 06:00:00,8,27,2026-07-24 12:00:00,12 days 06:00:00,294,12.0,-117.12,1005.7,33.9
2026-07-12 06:00:00,8,27,2026-07-24 18:00:00,12 days 12:00:00,300,12.25,-117.75,1005.5,34.2
2026-07-12 06:00:00,8,27,2026-07-25 00:00:00,12 days 18:00:00,306,12.38,-117.75,1003.8,37.3
2026-07-12 06:00:00,8,27,2026-07-25 06:00:00,13 days 00:00:00,312,12.5,-117.75,1002.0,40.3
2026-07-12 06:00:00,8,27,2026-07-25 12:00:00,13 days 06:00:00,318,13.0,-118.12,1001.2,41.6
2026-07-12 06:00:00,8,27,2026-07-25 18:00:00,13 days 12:00:00,324,13.5,-118.5,1000.5,42.9
2026-07-12 06:00:00,8,27,2026-07-26 00:00:00,13 days 18:00:00,330,13.88,-118.87,1000.5,42.8
2026-07-12 06:00:00,8,27,2026-07-26 06:00:00,14 days 00:00:00,336,14.25,-119.25,1000.5,42.8
2026-07-12 06:00:00,8,27,2026-07-26 12:00:00,14 days 06:00:00,342,14.38,-119.25,999.3,44.7
2026-07-12 06:00:00,8,27,2026-07-26 18:00:00,14 days 12:00:00,348,14.5,-119.25,998.1,46.6
2026-07-12 06:00:00,8,27,2026-07-27 00:00:00,14 days 18:00:00,354,14.5,-119.63,996.6,49.0
2026-07-12 06:00:00,8,27,2026-07-27 06:00:00,15 days 00:00:00,360,14.5,-120.0,995.0,51.4
2026-07-12 06:00:00,9,27,2026-07-24 18:00:00,12 days 12:00:00,300,17.75,109.5,1001.0,41.9
2026-07-12 06:00:00,9,27,2026-07-25 00:00:00,12 days 18:00:00,306,18.63,109.25,1000.0,43.6
2026-07-12 06:00:00,9,27,2026-07-25 06:00:00,13 days 00:00:00,312,19.5,109.0,999.0,45.3
2026-07-12 06:00:00,9,27,2026-07-25 12:00:00,13 days 06:00:00,318,19.13,108.25,998.6,45.9
2026-07-12 06:00:00,9,27,2026-07-25 18:00:00,13 days 12:00:00,324,18.75,107.5,998.3,46.4
2026-07-12 06:00:00,9,27,2026-07-26 00:00:00,13 days 18:00:00,330,18.88,106.75,997.1,48.2
2026-07-12 06:00:00,9,27,2026-07-26 06:00:00,14 days 00:00:00,336,19.0,106.0,996.0,49.9
2026-07-12 06:00:00,9,27,2026-07-26 12:00:00,14 days 06:00:00,342,18.88,106.0,996.3,49.4
2026-07-12 06:00:00,9,27,2026-07-26 18:00:00,14 days 12:00:00,348,18.75,106.0,996.7,48.9
2026-07-12 06:00:00,9,27,2026-07-27 00:00:00,14 days 18:00:00,354,19.0,106.12,996.1,49.7
2026-07-12 06:00:00,9,27,2026-07-27 06:00:00,15 days 00:00:00,360,19.25,106.25,995.6,50.6
2026-07-12 06:00:00,0,28,2026-07-12 06:00:00,0 days 00:00:00,0,31.25,118.75,986.3,63.8
2026-07-12 06:00:00,0,28,2026-07-12 12:00:00,0 days 06:00:00,6,32.25,118.5,988.4,61.0
2026-07-12 06:00:00,0,28,2026-07-12 18:00:00,0 days 12:00:00,12,33.25,118.25,990.4,58.1
2026-07-12 06:00:00,0,28,2026-07-13 00:00:00,0 days 18:00:00,18,33.5,118.0,991.6,56.4
2026-07-12 06:00:00,0,28,2026-07-13 06:00:00,1 days 00:00:00,24,33.75,117.75,992.8,54.7
2026-07-12 06:00:00,0,28,2026-07-13 12:00:00,1 days 06:00:00,30,34.5,118.74,992.9,54.5
2026-07-12 06:00:00,0,28,2026-07-13 18:00:00,1 days 12:00:00,36,35.25,119.75,993.0,54.3
2026-07-12 06:00:00,0,28,2026-07-14 00:00:00,1 days 18:00:00,42,36.51,120.98,992.2,55.5
2026-07-12 06:00:00,0,28,2026-07-14 06:00:00,2 days 00:00:00,48,37.75,122.25,991.4,56.7
2026-07-12 06:00:00,0,28,2026-07-14 12:00:00,2 days 06:00:00,54,38.68,125.71,990.4,58.1
2026-07-12 06:00:00,0,28,2026-07-14 18:00:00,2 days 12:00:00,60,39.5,129.25,989.4,59.5
2026-07-12 06:00:00,0,28,2026-07-15 00:00:00,2 days 18:00:00,66,41.16,132.05,987.2,62.6
2026-07-12 06:00:00,0,28,2026-07-15 06:00:00,3 days 00:00:00,72,42.75,135.0,985.0,65.6
2026-07-12 06:00:00,0,28,2026-07-15 12:00:00,3 days 06:00:00,78,40.76,136.02,987.9,61.4
2026-07-12 06:00:00,0,28,2026-07-15 18:00:00,3 days 12:00:00,84,38.76,136.98,990.9,57.2
2026-07-12 06:00:00,0,28,2026-07-16 00:00:00,3 days 18:00:00,90,36.76,137.89,993.8,52.9
2026-07-12 06:00:00,0,28,2026-07-16 06:00:00,4 days 00:00:00,96,34.75,138.75,996.8,48.7
2026-07-12 06:00:00,0,28,2026-07-16 12:00:00,4 days 06:00:00,102,34.61,136.68,997.1,48.2
2026-07-12 06:00:00,0,28,2026-07-16 18:00:00,4 days 12:00:00,108,34.44,134.61,997.4,47.8
2026-07-12 06:00:00,0,28,2026-07-17 00:00:00,4 days 18:00:00,114,34.24,132.55,997.7,47.3
2026-07-12 06:00:00,0,28,2026-07-17 06:00:00,5 days 00:00:00,120,34.0,130.5,998.0,46.9
2026-07-12 06:00:00,3,28,2026-07-12 06:00:00,0 days 00:00:00,0,-41.75,-140.0,971.7,82.5
2026-07-12 06:00:00,3,28,2026-07-12 12:00:00,0 days 06:00:00,6,-43.12,-140.0,971.2,83.1
2026-07-12 06:00:00,3,28,2026-07-12 18:00:00,0 days 12:00:00,12,-44.5,-140.0,970.7,83.8
2026-07-12 06:00:00,3,28,2026-07-13 00:00:00,0 days 18:00:00,18,-45.75,-140.24,971.8,82.4
2026-07-12 06:00:00,3,28,2026-07-13 06:00:00,1 days 00:00:00,24,-47.0,-140.5,973.0,81.0
2026-07-12 06:00:00,3,28,2026-07-13 12:00:00,1 days 06:00:00,30,-46.13,-141.52,975.2,78.3
2026-07-12 06:00:00,3,28,2026-07-13 18:00:00,1 days 12:00:00,36,-45.25,-142.5,977.4,75.5
2026-07-12 06:00:00,4,28,2026-07-12 06:00:00,0 days 00:00:00,0,-41.0,-92.75,973.3,80.6
2026-07-12 06:00:00,4,28,2026-07-12 12:00:00,0 days 06:00:00,6,-41.9,-90.16,973.6,80.3
2026-07-12 06:00:00,4,28,2026-07-12 18:00:00,0 days 12:00:00,12,-42.75,-87.5,973.9,79.9
2026-07-12 06:00:00,4,28,2026-07-13 00:00:00,0 days 18:00:00,18,-43.41,-84.78,976.3,76.8
2026-07-12 06:00:00,4,28,2026-07-13 06:00:00,1 days 00:00:00,24,-44.0,-82.0,978.8,73.8
2026-07-12 06:00:00,4,28,2026-07-13 12:00:00,1 days 06:00:00,30,-45.14,-80.16,981.2,70.7
2026-07-12 06:00:00,4,28,2026-07-13 18:00:00,1 days 12:00:00,36,-46.25,-78.25,983.6,67.5
2026-07-12 06:00:00,4,28,2026-07-14 00:00:00,1 days 18:00:00,42,-46.88,-78.13,986.4,63.7
2026-07-12 06:00:00,4,28,2026-07-14 06:00:00,2 days 00:00:00,48,-47.5,-78.0,989.3,59.8
2026-07-12 06:00:00,4,28,2026-07-14 12:00:00,2 days 06:00:00,54,-45.55,-79.93,990.9,57.4
2026-07-12 06:00:00,4,28,2026-07-14 18:00:00,2 days 12:00:00,60,-43.55,-81.73,992.5,55.1
2026-07-12 06:00:00,4,28,2026-07-15 00:00:00,2 days 18:00:00,66,-41.53,-83.42,994.1,52.7
2026-07-12 06:00:00,4,28,2026-07-15 06:00:00,3 days 00:00:00,72,-39.5,-85.0,995.7,50.4
2026-07-12 06:00:00,5,28,2026-07-14 18:00:00,2 days 12:00:00,60,14.25,-109.0,1006.8,31.7
2026-07-12 06:00:00,5,28,2026-07-15 00:00:00,2 days 18:00:00,66,14.63,-110.25,1006.3,32.8
2026-07-12 06:00:00,5,28,2026-07-15 06:00:00,3 days 00:00:00,72,15.0,-111.5,1005.7,33.8
2026-07-12 06:00:00,5,28,2026-07-15 12:00:00,3 days 06:00:00,78,14.63,-113.5,1004.1,36.6
2026-07-12 06:00:00,5,28,2026-07-15 18:00:00,3 days 12:00:00,84,14.25,-115.5,1002.6,39.3
2026-07-12 06:00:00,5,28,2026-07-16 00:00:00,3 days 18:00:00,90,14.5,-116.62,1001.5,41.1
2026-07-12 06:00:00,5,28,2026-07-16 06:00:00,4 days 00:00:00,96,14.75,-117.75,1000.5,42.9
2026-07-12 06:00:00,5,28,2026-07-16 12:00:00,4 days 06:00:00,102,14.38,-118.63,1000.3,43.1
2026-07-12 06:00:00,5,28,2026-07-16 18:00:00,4 days 12:00:00,108,14.0,-119.5,1000.2,43.3
2026-07-12 06:00:00,5,28,2026-07-17 00:00:00,4 days 18:00:00,114,14.88,-120.25,998.2,46.4
2026-07-12 06:00:00,5,28,2026-07-17 06:00:00,5 days 00:00:00,120,15.75,-121.0,996.2,49.6
2026-07-12 06:00:00,5,28,2026-07-17 12:00:00,5 days 06:00:00,126,16.0,-121.62,994.6,52.1
2026-07-12 06:00:00,5,28,2026-07-17 18:00:00,5 days 12:00:00,132,16.25,-122.25,992.9,54.5
2026-07-12 06:00:00,5,28,2026-07-18 00:00:00,5 days 18:00:00,138,16.63,-123.37,991.9,55.9
2026-07-12 06:00:00,5,28,2026-07-18 06:00:00,6 days 00:00:00,144,17.0,-124.5,991.0,57.3
2026-07-12 06:00:00,5,28,2026-07-18 12:00:00,6 days 06:00:00,150,17.63,-125.37,992.9,54.5
2026-07-12 06:00:00,5,28,2026-07-18 18:00:00,6 days 12:00:00,156,18.25,-126.25,994.9,51.6
2026-07-12 06:00:00,5,28,2026-07-19 00:00:00,6 days 18:00:00,162,18.75,-127.0,997.0,48.4
2026-07-12 06:00:00,5,28,2026-07-19 06:00:00,7 days 00:00:00,168,19.25,-127.75,999.0,45.2
2026-07-12 06:00:00,5,28,2026-07-19 12:00:00,7 days 06:00:00,174,20.13,-128.87,998.3,46.4
2026-07-12 06:00:00,5,28,2026-07-19 18:00:00,7 days 12:00:00,180,21.0,-130.0,997.5,47.6
2026-07-12 06:00:00,5,28,2026-07-20 00:00:00,7 days 18:00:00,186,21.82,-130.98,998.9,45.4
2026-07-12 06:00:00,5,28,2026-07-20 06:00:00,8 days 00:00:00,192,22.64,-131.98,1000.2,43.2
2026-07-12 06:00:00,5,28,2026-07-20 12:00:00,8 days 06:00:00,198,23.45,-132.98,1001.5,41.0
2026-07-12 06:00:00,5,28,2026-07-20 18:00:00,8 days 12:00:00,204,24.25,-134.0,1002.9,38.8
2026-07-12 06:00:00,5,28,2026-07-21 00:00:00,8 days 18:00:00,210,24.75,-135.12,1002.7,39.1
2026-07-12 06:00:00,5,28,2026-07-21 06:00:00,9 days 00:00:00,216,25.25,-136.25,1002.6,39.3
2026-07-12 06:00:00,6,28,2026-07-17 06:00:00,5 days 00:00:00,120,8.25,-103.25,1006.4,32.6
2026-07-12 06:00:00,6,28,2026-07-17 12:00:00,5 days 06:00:00,126,8.0,-104.38,1007.1,31.3
2026-07-12 06:00:00,6,28,2026-07-17 18:00:00,5 days 12:00:00,132,7.75,-105.5,1007.8,29.9
2026-07-12 06:00:00,6,28,2026-07-18 00:00:00,5 days 18:00:00,138,8.63,-106.25,1006.6,32.2
2026-07-12 06:00:00,6,28,2026-07-18 06:00:00,6 days 00:00:00,144,9.5,-107.0,1005.3,34.5
2026-07-12 06:00:00,6,28,2026-07-18 12:00:00,6 days 06:00:00,150,10.0,-108.62,1005.2,34.8
2026-07-12 06:00:00,6,28,2026-07-18 18:00:00,6 days 12:00:00,156,10.5,-110.25,1005.0,35.1
2026-07-12 06:00:00,6,28,2026-07-19 00:00:00,6 days 18:00:00,162,10.75,-111.25,1004.6,35.9
2026-07-12 06:00:00,6,28,2026-07-19 06:00:00,7 days 00:00:00,168,11.0,-112.25,1004.1,36.6
2026-07-12 06:00:00,6,28,2026-07-19 12:00:00,7 days 06:00:00,174,11.5,-112.87,1003.0,38.5
2026-07-12 06:00:00,6,28,2026-07-19 18:00:00,7 days 12:00:00,180,12.0,-113.5,1001.9,40.5
2026-07-12 06:00:00,6,28,2026-07-20 00:00:00,7 days 18:00:00,186,12.38,-114.62,1002.1,40.1
2026-07-12 06:00:00,6,28,2026-07-20 06:00:00,8 days 00:00:00,192,12.75,-115.75,1002.3,39.7
2026-07-12 06:00:00,6,28,2026-07-20 12:00:00,8 days 06:00:00,198,13.0,-116.62,1003.0,38.7
2026-07-12 06:00:00,6,28,2026-07-20 18:00:00,8 days 12:00:00,204,13.25,-117.5,1003.6,37.6
2026-07-12 06:00:00,6,28,2026-07-21 00:00:00,8 days 18:00:00,210,13.63,-118.25,1002.6,39.3
2026-07-12 06:00:00,6,28,2026-07-21 06:00:00,9 days 00:00:00,216,14.0,-119.0,1001.6,40.9
2026-07-12 06:00:00,6,28,2026-07-21 12:00:00,9 days 06:00:00,222,14.0,-119.63,999.0,45.1
2026-07-12 06:00:00,6,28,2026-07-21 18:00:00,9 days 12:00:00,228,14.0,-120.25,996.4,49.4
2026-07-12 06:00:00,6,28,2026-07-22 00:00:00,9 days 18:00:00,234,14.5,-120.75,995.0,51.4
2026-07-12 06:00:00,6,28,2026-07-22 06:00:00,10 days 00:00:00,240,15.0,-121.25,993.6,53.5
2026-07-12 06:00:00,6,28,2026-07-22 12:00:00,10 days 06:00:00,246,15.38,-121.87,990.1,58.5
2026-07-12 06:00:00,6,28,2026-07-22 18:00:00,10 days 12:00:00,252,15.75,-122.5,986.6,63.5
2026-07-12 06:00:00,6,28,2026-07-23 00:00:00,10 days 18:00:00,258,16.25,-123.12,984.4,66.4
2026-07-12 06:00:00,6,28,2026-07-23 06:00:00,11 days 00:00:00,264,16.75,-123.75,982.2,69.3
2026-07-12 06:00:00,6,28,2026-07-23 12:00:00,11 days 06:00:00,270,17.38,-124.5,982.6,68.9
2026-07-12 06:00:00,6,28,2026-07-23 18:00:00,11 days 12:00:00,276,18.0,-125.25,982.9,68.4
2026-07-12 06:00:00,6,28,2026-07-24 00:00:00,11 days 18:00:00,282,18.88,-125.87,984.8,65.8
2026-07-12 06:00:00,6,28,2026-07-24 06:00:00,12 days 00:00:00,288,19.75,-126.5,986.8,63.2
2026-07-12 06:00:00,6,28,2026-07-24 12:00:00,12 days 06:00:00,294,20.63,-127.37,987.7,62.0
2026-07-12 06:00:00,6,28,2026-07-24 18:00:00,12 days 12:00:00,300,21.5,-128.25,988.6,60.7
2026-07-12 06:00:00,6,28,2026-07-25 00:00:00,12 days 18:00:00,306,22.63,-128.87,993.9,52.8
2026-07-12 06:00:00,6,28,2026-07-25 06:00:00,13 days 00:00:00,312,23.75,-129.5,999.2,44.9
2026-07-12 06:00:00,6,28,2026-07-25 12:00:00,13 days 06:00:00,318,24.88,-129.87,1002.5,39.3
2026-07-12 06:00:00,6,28,2026-07-25 18:00:00,13 days 12:00:00,324,26.0,-130.25,1005.8,33.7
2026-07-12 06:00:00,6,28,2026-07-26 00:00:00,13 days 18:00:00,330,26.75,-130.5,1007.1,31.1
2026-07-12 06:00:00,6,28,2026-07-26 06:00:00,14 days 00:00:00,336,27.5,-130.75,1008.4,28.6
2026-07-12 06:00:00,6,28,2026-07-26 12:00:00,14 days 06:00:00,342,27.88,-130.75,1010.0,25.5
2026-07-12 06:00:00,6,28,2026-07-26 18:00:00,14 days 12:00:00,348,28.25,-130.75,1011.5,22.3
2026-07-12 06:00:00,6,28,2026-07-27 00:00:00,14 days 18:00:00,354,28.75,-130.5,1012.3,20.5
2026-07-12 06:00:00,6,28,2026-07-27 06:00:00,15 days 00:00:00,360,29.25,-130.25,1013.0,18.7
2026-07-12 06:00:00,7,28,2026-07-17 18:00:00,5 days 12:00:00,132,-38.0,-77.25,983.4,67.8
2026-07-12 06:00:00,7,28,2026-07-18 00:00:00,5 days 18:00:00,138,-39.88,-77.37,983.9,67.1
2026-07-12 06:00:00,7,28,2026-07-18 06:00:00,6 days 00:00:00,144,-41.75,-77.5,984.5,66.4
2026-07-12 06:00:00,7,28,2026-07-18 12:00:00,6 days 06:00:00,150,-42.75,-77.75,985.3,65.3
2026-07-12 06:00:00,7,28,2026-07-18 18:00:00,6 days 12:00:00,156,-43.75,-78.0,986.1,64.2
2026-07-12 06:00:00,7,28,2026-07-19 00:00:00,6 days 18:00:00,162,-44.0,-78.0,989.3,59.6
2026-07-12 06:00:00,7,28,2026-07-19 06:00:00,7 days 00:00:00,168,-44.25,-78.0,992.5,55.1
2026-07-12 06:00:00,7,28,2026-07-19 12:00:00,7 days 06:00:00,174,-42.7,-76.99,990.6,57.9
2026-07-12 06:00:00,7,28,2026-07-19 18:00:00,7 days 12:00:00,180,-41.14,-76.04,988.6,60.6
2026-07-12 06:00:00,7,28,2026-07-20 00:00:00,7 days 18:00:00,186,-39.57,-75.12,986.6,63.4
2026-07-12 06:00:00,7,28,2026-07-20 06:00:00,8 days 00:00:00,192,-38.0,-74.25,984.6,66.2
2026-07-12 06:00:00,7,28,2026-07-20 12:00:00,8 days 06:00:00,198,-40.13,-74.49,990.2,58.3
2026-07-12 06:00:00,7,28,2026-07-20 18:00:00,8 days 12:00:00,204,-42.25,-74.75,995.7,50.4
2026-07-12 06:00:00,7,28,2026-07-21 00:00:00,8 days 18:00:00,210,-40.83,-79.1,997.0,48.4
2026-07-12 06:00:00,7,28,2026-07-21 06:00:00,9 days 00:00:00,216,-39.25,-83.25,998.2,46.5
2026-07-12 06:00:00,7,28,2026-07-21 12:00:00,9 days 06:00:00,222,-40.38,-82.88,998.5,46.0
2026-07-12 06:00:00,7,28,2026-07-21 18:00:00,9 days 12:00:00,228,-41.5,-82.5,998.8,45.5
2026-07-12 06:00:00,7,28,2026-07-22 00:00:00,9 days 18:00:00,234,-42.38,-82.75,998.7,45.7
2026-07-12 06:00:00,7,28,2026-07-22 06:00:00,10 days 00:00:00,240,-43.25,-83.0,998.6,45.8
2026-07-12 06:00:00,7,28,2026-07-22 12:00:00,10 days 06:00:00,246,-44.25,-83.25,999.0,45.3
2026-07-12 06:00:00,7,28,2026-07-22 18:00:00,10 days 12:00:00,252,-45.25,-83.5,999.3,44.8
2026-07-12 06:00:00,7,28,2026-07-23 00:00:00,10 days 18:00:00,258,-45.88,-84.49,1000.3,43.2
2026-07-12 06:00:00,7,28,2026-07-23 06:00:00,11 days 00:00:00,264,-46.5,-85.5,1001.3,41.5
2026-07-12 06:00:00,7,28,2026-07-23 12:00:00,11 days 06:00:00,270,-46.38,-84.87,1002.0,40.4
2026-07-12 06:00:00,7,28,2026-07-23 18:00:00,11 days 12:00:00,276,-46.25,-84.25,1002.6,39.3
2026-07-12 06:00:00,8,28,2026-07-22 06:00:00,10 days 00:00:00,240,12.5,128.25,1002.0,40.3
2026-07-12 06:00:00,8,28,2026-07-22 12:00:00,10 days 06:00:00,246,12.63,126.88,1001.7,40.8
2026-07-12 06:00:00,8,28,2026-07-22 18:00:00,10 days 12:00:00,252,12.75,125.5,1001.4,41.3
2026-07-12 06:00:00,8,28,2026-07-23 00:00:00,10 days 18:00:00,258,13.5,124.75,1000.9,42.1
2026-07-12 06:00:00,8,28,2026-07-23 06:00:00,11 days 00:00:00,264,14.25,124.0,1000.4,42.9
2026-07-12 06:00:00,8,28,2026-07-23 12:00:00,11 days 06:00:00,270,14.38,123.5,999.4,44.6
2026-07-12 06:00:00,8,28,2026-07-23 18:00:00,11 days 12:00:00,276,14.5,123.0,998.3,46.3
2026-07-12 06:00:00,8,28,2026-07-24 00:00:00,11 days 18:00:00,282,15.25,122.5,999.0,45.2
2026-07-12 06:00:00,8,28,2026-07-24 06:00:00,12 days 00:00:00,288,16.0,122.0,999.7,44.1
2026-07-12 06:00:00,8,28,2026-07-24 12:00:00,12 days 06:00:00,294,16.5,121.0,1000.0,43.7
2026-07-12 06:00:00,8,28,2026-07-24 18:00:00,12 days 12:00:00,300,17.0,120.0,1000.2,43.2
2026-07-12 06:00:00,8,28,2026-07-25 00:00:00,12 days 18:00:00,306,17.75,119.88,999.9,43.8
2026-07-12 06:00:00,8,28,2026-07-25 06:00:00,13 days 00:00:00,312,18.5,119.75,999.5,44.5
2026-07-12 06:00:00,8,28,2026-07-25 12:00:00,13 days 06:00:00,318,19.0,119.13,999.6,44.3
2026-07-12 06:00:00,8,28,2026-07-25 18:00:00,13 days 12:00:00,324,19.5,118.5,999.7,44.1
2026-07-12 06:00:00,8,28,2026-07-26 00:00:00,13 days 18:00:00,330,19.5,117.88,998.7,45.7
2026-07-12 06:00:00,8,28,2026-07-26 06:00:00,14 days 00:00:00,336,19.5,117.25,997.7,47.3
2026-07-12 06:00:00,8,28,2026-07-26 12:00:00,14 days 06:00:00,342,19.38,116.37,996.9,48.6
2026-07-12 06:00:00,8,28,2026-07-26 18:00:00,14 days 12:00:00,348,19.25,115.5,996.0,49.9
2026-07-12 06:00:00,8,28,2026-07-27 00:00:00,14 days 18:00:00,354,19.63,115.25,994.2,52.6
2026-07-12 06:00:00,8,28,2026-07-27 06:00:00,15 days 00:00:00,360,20.0,115.0,992.4,55.2
2026-07-12 06:00:00,0,29,2026-07-12 06:00:00,0 days 00:00:00,0,31.25,118.75,986.3,63.8
2026-07-12 06:00:00,0,29,2026-07-12 12:00:00,0 days 06:00:00,6,32.25,118.5,987.7,62.0
2026-07-12 06:00:00,0,29,2026-07-12 18:00:00,0 days 12:00:00,12,33.25,118.25,989.0,60.2
2026-07-12 06:00:00,0,29,2026-07-13 00:00:00,0 days 18:00:00,18,33.5,117.88,990.5,58.1
2026-07-12 06:00:00,0,29,2026-07-13 06:00:00,1 days 00:00:00,24,33.75,117.5,992.0,55.9
2026-07-12 06:00:00,0,29,2026-07-13 12:00:00,1 days 06:00:00,30,34.26,118.62,992.2,55.6
2026-07-12 06:00:00,0,29,2026-07-13 18:00:00,1 days 12:00:00,36,34.75,119.75,992.4,55.3
2026-07-12 06:00:00,0,29,2026-07-14 00:00:00,1 days 18:00:00,42,35.51,120.86,992.4,55.3
2026-07-12 06:00:00,0,29,2026-07-14 06:00:00,2 days 00:00:00,48,36.25,122.0,992.4,55.3
2026-07-12 06:00:00,0,29,2026-07-14 12:00:00,2 days 06:00:00,54,37.55,125.32,990.9,57.4
2026-07-12 06:00:00,0,29,2026-07-14 18:00:00,2 days 12:00:00,60,38.75,128.75,989.4,59.6
2026-07-12 06:00:00,0,29,2026-07-15 00:00:00,2 days 18:00:00,66,40.29,131.81,987.2,62.7
2026-07-12 06:00:00,0,29,2026-07-15 06:00:00,3 days 00:00:00,72,41.75,135.0,984.9,65.7
2026-07-12 06:00:00,10,29,2026-07-19 06:00:00,7 days 00:00:00,168,-27.25,-67.75,997.3,48.0
2026-07-12 06:00:00,10,29,2026-07-19 12:00:00,7 days 06:00:00,174,-32.52,-69.99,998.1,46.7
2026-07-12 06:00:00,10,29,2026-07-19 18:00:00,7 days 12:00:00,180,-37.75,-72.5,998.8,45.5
2026-07-12 06:00:00,10,29,2026-07-20 00:00:00,7 days 18:00:00,186,-39.64,-74.08,1004.0,36.5
2026-07-12 06:00:00,10,29,2026-07-20 06:00:00,8 days 00:00:00,192,-41.5,-75.75,1009.1,27.4
2026-07-12 06:00:00,10,29,2026-07-20 12:00:00,8 days 06:00:00,198,-40.88,-76.51,1009.5,26.5
2026-07-12 06:00:00,10,29,2026-07-20 18:00:00,8 days 12:00:00,204,-40.25,-77.25,1010.0,25.5
2026-07-12 06:00:00,10,29,2026-07-21 00:00:00,8 days 18:00:00,210,-39.75,-76.87,1012.5,19.5
2026-07-12 06:00:00,10,29,2026-07-21 06:00:00,9 days 00:00:00,216,-39.25,-76.5,1015.0,13.5
2026-07-12 06:00:00,10,29,2026-07-21 12:00:00,9 days 06:00:00,222,-39.75,-76.75,1016.2,9.8
2026-07-12 06:00:00,10,29,2026-07-21 18:00:00,9 days 12:00:00,228,-40.25,-77.0,1017.3,6.1
2026-07-12 06:00:00,11,29,2026-07-24 06:00:00,12 days 00:00:00,288,12.0,-106.5,1007.7,30.0
2026-07-12 06:00:00,11,29,2026-07-24 12:00:00,12 days 06:00:00,294,11.88,-107.63,1006.0,33.1
2026-07-12 06:00:00,11,29,2026-07-24 18:00:00,12 days 12:00:00,300,11.75,-108.75,1004.3,36.3
2026-07-12 06:00:00,11,29,2026-07-25 00:00:00,12 days 18:00:00,306,12.38,-110.12,1003.3,38.0
2026-07-12 06:00:00,11,29,2026-07-25 06:00:00,13 days 00:00:00,312,13.0,-111.5,1002.3,39.8
2026-07-12 06:00:00,11,29,2026-07-25 12:00:00,13 days 06:00:00,318,13.5,-113.0,1001.3,41.4
2026-07-12 06:00:00,11,29,2026-07-25 18:00:00,13 days 12:00:00,324,14.0,-114.5,1000.4,43.0
2026-07-12 06:00:00,11,29,2026-07-26 00:00:00,13 days 18:00:00,330,14.25,-115.87,998.4,46.2
2026-07-12 06:00:00,11,29,2026-07-26 06:00:00,14 days 00:00:00,336,14.5,-117.25,996.4,49.4
2026-07-12 06:00:00,11,29,2026-07-26 12:00:00,14 days 06:00:00,342,14.63,-119.0,995.4,50.9
2026-07-12 06:00:00,11,29,2026-07-26 18:00:00,14 days 12:00:00,348,14.75,-120.75,994.4,52.3
2026-07-12 06:00:00,11,29,2026-07-27 00:00:00,14 days 18:00:00,354,15.01,-122.5,994.1,52.8
2026-07-12 06:00:00,11,29,2026-07-27 06:00:00,15 days 00:00:00,360,15.25,-124.25,993.8,53.3
2026-07-12 06:00:00,3,29,2026-07-12 06:00:00,0 days 00:00:00,0,-41.75,-140.0,971.7,82.5
2026-07-12 06:00:00,3,29,2026-07-12 12:00:00,0 days 06:00:00,6,-43.38,-139.76,970.8,83.7
2026-07-12 06:00:00,3,29,2026-07-12 18:00:00,0 days 12:00:00,12,-45.0,-139.5,969.8,84.8
2026-07-12 06:00:00,3,29,2026-07-13 00:00:00,0 days 18:00:00,18,-46.0,-139.99,971.1,83.3
2026-07-12 06:00:00,3,29,2026-07-13 06:00:00,1 days 00:00:00,24,-47.0,-140.5,972.4,81.8
2026-07-12 06:00:00,3,29,2026-07-13 12:00:00,1 days 06:00:00,30,-46.26,-141.64,974.6,79.0
2026-07-12 06:00:00,3,29,2026-07-13 18:00:00,1 days 12:00:00,36,-45.5,-142.75,976.9,76.2
2026-07-12 06:00:00,4,29,2026-07-12 06:00:00,0 days 00:00:00,0,-41.0,-92.75,973.3,80.6
2026-07-12 06:00:00,4,29,2026-07-12 12:00:00,0 days 06:00:00,6,-41.77,-90.53,972.5,81.6
2026-07-12 06:00:00,4,29,2026-07-12 18:00:00,0 days 12:00:00,12,-42.5,-88.25,971.7,82.5
2026-07-12 06:00:00,4,29,2026-07-13 00:00:00,0 days 18:00:00,18,-43.29,-85.29,973.9,79.8
2026-07-12 06:00:00,4,29,2026-07-13 06:00:00,1 days 00:00:00,24,-44.0,-82.25,976.1,77.2
2026-07-12 06:00:00,4,29,2026-07-13 12:00:00,1 days 06:00:00,30,-45.14,-80.17,978.4,74.3
2026-07-12 06:00:00,4,29,2026-07-13 18:00:00,1 days 12:00:00,36,-46.25,-78.0,980.7,71.4
2026-07-12 06:00:00,4,29,2026-07-14 00:00:00,1 days 18:00:00,42,-46.88,-77.88,984.6,66.1
2026-07-12 06:00:00,4,29,2026-07-14 06:00:00,2 days 00:00:00,48,-47.5,-77.75,988.6,60.8
2026-07-12 06:00:00,4,29,2026-07-14 12:00:00,2 days 06:00:00,54,-45.35,-80.67,990.0,58.7
2026-07-12 06:00:00,4,29,2026-07-14 18:00:00,2 days 12:00:00,60,-43.12,-83.39,991.4,56.7
2026-07-12 06:00:00,4,29,2026-07-15 00:00:00,2 days 18:00:00,66,-40.83,-85.91,992.8,54.6
2026-07-12 06:00:00,4,29,2026-07-15 06:00:00,3 days 00:00:00,72,-38.5,-88.25,994.3,52.5
2026-07-12 06:00:00,5,29,2026-07-12 18:00:00,0 days 12:00:00,12,36.25,-62.25,1012.2,20.7
2026-07-12 06:00:00,5,29,2026-07-13 00:00:00,0 days 18:00:00,18,36.28,-59.38,1012.1,20.8
2026-07-12 06:00:00,5,29,2026-07-13 06:00:00,1 days 00:00:00,24,36.25,-56.5,1012.1,21.0
2026-07-12 06:00:00,5,29,2026-07-13 12:00:00,1 days 06:00:00,30,36.01,-55.12,1012.5,19.9
2026-07-12 06:00:00,5,29,2026-07-13 18:00:00,1 days 12:00:00,36,35.75,-53.75,1013.0,18.9
2026-07-12 06:00:00,5,29,2026-07-14 00:00:00,1 days 18:00:00,42,34.77,-54.98,1014.1,15.7
2026-07-12 06:00:00,5,29,2026-07-14 06:00:00,2 days 00:00:00,48,33.77,-56.18,1015.1,12.6
2026-07-12 06:00:00,5,29,2026-07-14 12:00:00,2 days 06:00:00,54,32.77,-57.35,1016.2,9.5
2026-07-12 06:00:00,5,29,2026-07-14 18:00:00,2 days 12:00:00,60,31.75,-58.5,1017.3,6.4
2026-07-12 06:00:00,5,29,2026-07-15 00:00:00,2 days 18:00:00,66,31.88,-57.75,1016.8,8.2
2026-07-12 06:00:00,5,29,2026-07-15 06:00:00,3 days 00:00:00,72,32.0,-57.0,1016.3,9.9
2026-07-12 06:00:00,5,29,2026-07-15 12:00:00,3 days 06:00:00,78,32.63,-56.13,1016.5,9.0
2026-07-12 06:00:00,5,29,2026-07-15 18:00:00,3 days 12:00:00,84,33.25,-55.25,1016.8,8.0
2026-07-12 06:00:00,6,29,2026-07-14 06:00:00,2 days 00:00:00,48,13.25,-106.0,1006.4,32.6
2026-07-12 06:00:00,6,29,2026-07-14 12:00:00,2 days 06:00:00,54,13.63,-106.87,1004.8,35.4
2026-07-12 06:00:00,6,29,2026-07-14 18:00:00,2 days 12:00:00,60,14.0,-107.75,1003.2,38.2
2026-07-12 06:00:00,6,29,2026-07-15 00:00:00,2 days 18:00:00,66,14.13,-109.62,1002.5,39.5
2026-07-12 06:00:00,6,29,2026-07-15 06:00:00,3 days 00:00:00,72,14.25,-111.5,1001.7,40.9
2026-07-12 06:00:00,6,29,2026-07-15 12:00:00,3 days 06:00:00,78,14.25,-112.88,1000.4,42.9
2026-07-12 06:00:00,6,29,2026-07-15 18:00:00,3 days 12:00:00,84,14.25,-114.25,999.1,45.0
2026-07-12 06:00:00,6,29,2026-07-16 00:00:00,3 days 18:00:00,90,14.13,-115.25,998.8,45.6
2026-07-12 06:00:00,6,29,2026-07-16 06:00:00,4 days 00:00:00,96,14.0,-116.25,998.5,46.1
2026-07-12 06:00:00,6,29,2026-07-16 12:00:00,4 days 06:00:00,102,14.63,-117.25,996.4,49.3
2026-07-12 06:00:00,6,29,2026-07-16 18:00:00,4 days 12:00:00,108,15.25,-118.25,994.3,52.5
2026-07-12 06:00:00,6,29,2026-07-17 00:00:00,4 days 18:00:00,114,15.38,-118.75,992.3,55.4
2026-07-12 06:00:00,6,29,2026-07-17 06:00:00,5 days 00:00:00,120,15.5,-119.25,990.3,58.4
2026-07-12 06:00:00,6,29,2026-07-17 12:00:00,5 days 06:00:00,126,16.13,-120.25,991.1,57.2
2026-07-12 06:00:00,6,29,2026-07-17 18:00:00,5 days 12:00:00,132,16.75,-121.25,991.9,56.1
2026-07-12 06:00:00,6,29,2026-07-18 00:00:00,5 days 18:00:00,138,17.13,-122.12,990.1,58.6
2026-07-12 06:00:00,6,29,2026-07-18 06:00:00,6 days 00:00:00,144,17.5,-123.0,988.3,61.1
2026-07-12 06:00:00,6,29,2026-07-18 12:00:00,6 days 06:00:00,150,18.0,-123.87,989.3,59.7
2026-07-12 06:00:00,6,29,2026-07-18 18:00:00,6 days 12:00:00,156,18.5,-124.75,990.3,58.3
2026-07-12 06:00:00,6,29,2026-07-19 00:00:00,6 days 18:00:00,162,18.88,-125.75,990.0,58.7
2026-07-12 06:00:00,6,29,2026-07-19 06:00:00,7 days 00:00:00,168,19.25,-126.75,989.7,59.2
2026-07-12 06:00:00,6,29,2026-07-19 12:00:00,7 days 06:00:00,174,19.38,-128.0,990.8,57.6
2026-07-12 06:00:00,6,29,2026-07-19 18:00:00,7 days 12:00:00,180,19.5,-129.25,991.9,56.0
2026-07-12 06:00:00,6,29,2026-07-20 00:00:00,7 days 18:00:00,186,19.5,-130.5,993.9,53.0
2026-07-12 06:00:00,6,29,2026-07-20 06:00:00,8 days 00:00:00,192,19.5,-131.75,996.0,50.0
2026-07-12 06:00:00,6,29,2026-07-20 12:00:00,8 days 06:00:00,198,19.01,-133.25,997.1,48.2
2026-07-12 06:00:00,6,29,2026-07-20 18:00:00,8 days 12:00:00,204,18.5,-134.75,998.3,46.4
2026-07-12 06:00:00,6,29,2026-07-21 00:00:00,8 days 18:00:00,210,18.5,-136.12,998.0,46.9
2026-07-12 06:00:00,6,29,2026-07-21 06:00:00,9 days 00:00:00,216,18.5,-137.5,997.6,47.4
2026-07-12 06:00:00,6,29,2026-07-21 12:00:00,9 days 06:00:00,222,18.63,-139.0,997.8,47.1
2026-07-12 06:00:00,6,29,2026-07-21 18:00:00,9 days 12:00:00,228,18.75,-140.5,998.0,46.8
2026-07-12 06:00:00,6,29,2026-07-22 00:00:00,9 days 18:00:00,234,18.63,-142.0,1000.0,43.5
2026-07-12 06:00:00,6,29,2026-07-22 06:00:00,10 days 00:00:00,240,18.5,-143.5,1002.0,40.3
2026-07-12 06:00:00,6,29,2026-07-22 12:00:00,10 days 06:00:00,246,18.88,-145.12,1003.1,38.5
2026-07-12 06:00:00,6,29,2026-07-22 18:00:00,10 days 12:00:00,252,19.25,-146.75,1004.1,36.7
2026-07-12 06:00:00,6,29,2026-07-23 00:00:00,10 days 18:00:00,258,19.38,-148.25,1003.8,37.3
2026-07-12 06:00:00,6,29,2026-07-23 06:00:00,11 days 00:00:00,264,19.5,-149.75,1003.4,37.9
2026-07-12 06:00:00,6,29,2026-07-23 12:00:00,11 days 06:00:00,270,19.51,-151.13,1004.7,35.7
2026-07-12 06:00:00,6,29,2026-07-23 18:00:00,11 days 12:00:00,276,19.5,-152.5,1005.9,33.5
2026-07-12 06:00:00,6,29,2026-07-24 00:00:00,11 days 18:00:00,282,20.0,-153.5,1006.1,33.2
2026-07-12 06:00:00,6,29,2026-07-24 06:00:00,12 days 00:00:00,288,20.5,-154.5,1006.2,32.9
2026-07-12 06:00:00,7,29,2026-07-15 18:00:00,3 days 12:00:00,84,11.0,-170.25,1006.0,33.3
2026-07-12 06:00:00,7,29,2026-07-16 00:00:00,3 days 18:00:00,90,11.75,-169.88,1005.2,34.7
2026-07-12 06:00:00,7,29,2026-07-16 06:00:00,4 days 00:00:00,96,12.5,-169.5,1004.5,36.0
2026-07-12 06:00:00,7,29,2026-07-16 12:00:00,4 days 06:00:00,102,12.75,-169.62,1004.6,35.9
2026-07-12 06:00:00,7,29,2026-07-16 18:00:00,4 days 12:00:00,108,13.0,-169.75,1004.7,35.7
2026-07-12 06:00:00,7,29,2026-07-17 00:00:00,4 days 18:00:00,114,13.38,-169.5,1004.6,35.9
2026-07-12 06:00:00,7,29,2026-07-17 06:00:00,5 days 00:00:00,120,13.75,-169.25,1004.5,36.1
2026-07-12 06:00:00,7,29,2026-07-17 12:00:00,5 days 06:00:00,126,14.25,-169.37,1003.3,38.1
2026-07-12 06:00:00,7,29,2026-07-17 18:00:00,5 days 12:00:00,132,14.75,-169.5,1002.1,40.2
2026-07-12 06:00:00,7,29,2026-07-18 00:00:00,5 days 18:00:00,138,14.88,-169.75,1003.7,37.4
2026-07-12 06:00:00,7,29,2026-07-18 06:00:00,6 days 00:00:00,144,15.0,-170.0,1005.3,34.6
2026-07-12 06:00:00,8,29,2026-07-18 06:00:00,6 days 00:00:00,144,31.5,62.75,995.0,51.4
2026-07-12 06:00:00,8,29,2026-07-18 12:00:00,6 days 06:00:00,150,31.63,62.75,993.3,53.9
2026-07-12 06:00:00,8,29,2026-07-18 18:00:00,6 days 12:00:00,156,31.75,62.75,991.7,56.4
2026-07-12 06:00:00,8,29,2026-07-19 00:00:00,6 days 18:00:00,162,31.5,62.75,992.6,55.0
2026-07-12 06:00:00,8,29,2026-07-19 06:00:00,7 days 00:00:00,168,31.25,62.75,993.5,53.6
2026-07-12 06:00:00,8,29,2026-07-19 12:00:00,7 days 06:00:00,174,31.38,62.75,991.6,56.5
2026-07-12 06:00:00,8,29,2026-07-19 18:00:00,7 days 12:00:00,180,31.5,62.75,989.6,59.3
2026-07-12 06:00:00,8,29,2026-07-20 00:00:00,7 days 18:00:00,186,31.38,62.5,991.0,57.3
2026-07-12 06:00:00,8,29,2026-07-20 06:00:00,8 days 00:00:00,192,31.25,62.25,992.4,55.4
2026-07-12 06:00:00,8,29,2026-07-20 12:00:00,8 days 06:00:00,198,31.63,62.75,990.7,57.7
2026-07-12 06:00:00,8,29,2026-07-20 18:00:00,8 days 12:00:00,204,32.0,63.25,989.0,60.1
2026-07-12 06:00:00,9,29,2026-07-18 18:00:00,6 days 12:00:00,156,12.0,-109.0,1009.7,26.0
2026-07-12 06:00:00,9,29,2026-07-19 00:00:00,6 days 18:00:00,162,12.63,-109.75,1008.3,28.8
2026-07-12 06:00:00,9,29,2026-07-19 06:00:00,7 days 00:00:00,168,13.25,-110.5,1006.9,31.6
2026-07-12 06:00:00,9,29,2026-07-19 12:00:00,7 days 06:00:00,174,14.13,-111.5,1006.0,33.3
2026-07-12 06:00:00,9,29,2026-07-19 18:00:00,7 days 12:00:00,180,15.0,-112.5,1005.1,35.0
2026-07-12 06:00:00,9,29,2026-07-20 00:00:00,7 days 18:00:00,186,14.75,-113.63,1003.3,38.0
2026-07-12 06:00:00,9,29,2026-07-20 06:00:00,8 days 00:00:00,192,14.5,-114.75,1001.5,41.1
2026-07-12 06:00:00,9,29,2026-07-20 12:00:00,8 days 06:00:00,198,15.0,-115.62,998.0,46.7
2026-07-12 06:00:00,9,29,2026-07-20 18:00:00,8 days 12:00:00,204,15.5,-116.5,994.5,52.3
2026-07-12 06:00:00,9,29,2026-07-21 00:00:00,8 days 18:00:00,210,16.0,-117.37,994.9,51.5
2026-07-12 06:00:00,9,29,2026-07-21 06:00:00,9 days 00:00:00,216,16.5,-118.25,995.4,50.8
2026-07-12 06:00:00,9,29,2026-07-21 12:00:00,9 days 06:00:00,222,16.63,-119.0,994.1,52.8
2026-07-12 06:00:00,9,29,2026-07-21 18:00:00,9 days 12:00:00,228,16.75,-119.75,992.8,54.7
2026-07-12 06:00:00,9,29,2026-07-22 00:00:00,9 days 18:00:00,234,17.0,-120.87,990.9,57.5
2026-07-12 06:00:00,9,29,2026-07-22 06:00:00,10 days 00:00:00,240,17.25,-122.0,988.9,60.3
2026-07-12 06:00:00,9,29,2026-07-22 12:00:00,10 days 06:00:00,246,17.38,-122.87,989.1,59.9
2026-07-12 06:00:00,9,29,2026-07-22 18:00:00,10 days 12:00:00,252,17.5,-123.75,989.4,59.6
2026-07-12 06:00:00,9,29,2026-07-23 00:00:00,10 days 18:00:00,258,17.38,-124.88,988.9,60.3
2026-07-12 06:00:00,9,29,2026-07-23 06:00:00,11 days 00:00:00,264,17.25,-126.0,988.4,61.0
2026-07-12 06:00:00,9,29,2026-07-23 12:00:00,11 days 06:00:00,270,17.38,-127.25,990.6,57.9
2026-07-12 06:00:00,9,29,2026-07-23 18:00:00,11 days 12:00:00,276,17.5,-128.5,992.7,54.8
2026-07-12 06:00:00,9,29,2026-07-24 00:00:00,11 days 18:00:00,282,17.63,-130.0,991.3,56.9
2026-07-12 06:00:00,9,29,2026-07-24 06:00:00,12 days 00:00:00,288,17.75,-131.5,989.8,59.0
2026-07-12 06:00:00,9,29,2026-07-24 12:00:00,12 days 06:00:00,294,18.01,-133.0,992.0,55.9
2026-07-12 06:00:00,9,29,2026-07-24 18:00:00,12 days 12:00:00,300,18.25,-134.5,994.1,52.8
2026-07-12 06:00:00,9,29,2026-07-25 00:00:00,12 days 18:00:00,306,18.51,-136.0,994.2,52.6
2026-07-12 06:00:00,9,29,2026-07-25 06:00:00,13 days 00:00:00,312,18.75,-137.5,994.3,52.5
2026-07-12 06:00:00,9,29,2026-07-25 12:00:00,13 days 06:00:00,318,19.01,-139.25,994.3,52.5
2026-07-12 06:00:00,9,29,2026-07-25 18:00:00,13 days 12:00:00,324,19.25,-141.0,994.3,52.5
2026-07-12 06:00:00,9,29,2026-07-26 00:00:00,13 days 18:00:00,330,19.51,-142.62,997.1,48.2
2026-07-12 06:00:00,9,29,2026-07-26 06:00:00,14 days 00:00:00,336,19.75,-144.25,999.8,44.0
2026-07-12 06:00:00,9,29,2026-07-26 12:00:00,14 days 06:00:00,342,19.88,-146.0,1000.7,42.5
2026-07-12 06:00:00,9,29,2026-07-26 18:00:00,14 days 12:00:00,348,20.0,-147.75,1001.6,40.9
2026-07-12 06:00:00,9,29,2026-07-27 00:00:00,14 days 18:00:00,354,20.26,-149.25,1000.1,43.5
2026-07-12 06:00:00,9,29,2026-07-27 06:00:00,15 days 00:00:00,360,20.5,-150.75,998.5,46.1
2026-07-12 06:00:00,0,3,2026-07-12 06:00:00,0 days 00:00:00,0,31.25,118.75,986.3,63.8
2026-07-12 06:00:00,0,3,2026-07-12 12:00:00,0 days 06:00:00,6,32.5,118.26,988.6,60.7
2026-07-12 06:00:00,0,3,2026-07-12 18:00:00,0 days 12:00:00,12,33.75,117.75,990.8,57.6
2026-07-12 06:00:00,0,3,2026-07-13 00:00:00,0 days 18:00:00,18,33.88,117.87,992.5,55.1
2026-07-12 06:00:00,0,3,2026-07-13 06:00:00,1 days 00:00:00,24,34.0,118.0,994.3,52.6
2026-07-12 06:00:00,0,3,2026-07-13 12:00:00,1 days 06:00:00,30,34.63,118.74,994.1,52.8
2026-07-12 06:00:00,0,3,2026-07-13 18:00:00,1 days 12:00:00,36,35.25,119.5,994.0,53.0
2026-07-12 06:00:00,0,3,2026-07-14 00:00:00,1 days 18:00:00,42,36.14,121.11,993.6,53.5
2026-07-12 06:00:00,0,3,2026-07-14 06:00:00,2 days 00:00:00,48,37.0,122.75,993.3,54.0
2026-07-12 06:00:00,0,3,2026-07-14 12:00:00,2 days 06:00:00,54,38.15,125.33,991.9,55.9
2026-07-12 06:00:00,0,3,2026-07-14 18:00:00,2 days 12:00:00,60,39.25,128.0,990.6,57.9
2026-07-12 06:00:00,0,3,2026-07-15 00:00:00,2 days 18:00:00,66,40.16,130.96,988.9,60.2
2026-07-12 06:00:00,0,3,2026-07-15 06:00:00,3 days 00:00:00,72,41.0,134.0,987.3,62.5
2026-07-12 06:00:00,0,3,2026-07-15 12:00:00,3 days 06:00:00,78,44.42,137.06,985.4,65.1
2026-07-12 06:00:00,0,3,2026-07-15 18:00:00,3 days 12:00:00,84,47.75,140.5,983.5,67.7
2026-07-12 06:00:00,3,3,2026-07-12 06:00:00,0 days 00:00:00,0,-41.75,-140.0,971.7,82.5
2026-07-12 06:00:00,3,3,2026-07-12 12:00:00,0 days 06:00:00,6,-43.13,-139.76,971.2,83.1
2026-07-12 06:00:00,3,3,2026-07-12 18:00:00,0 days 12:00:00,12,-44.5,-139.5,970.7,83.8
2026-07-12 06:00:00,3,3,2026-07-13 00:00:00,0 days 18:00:00,18,-45.5,-139.99,971.4,83.0
2026-07-12 06:00:00,3,3,2026-07-13 06:00:00,1 days 00:00:00,24,-46.5,-140.5,972.0,82.2
2026-07-12 06:00:00,3,3,2026-07-13 12:00:00,1 days 06:00:00,30,-46.01,-141.64,974.8,78.7
2026-07-12 06:00:00,3,3,2026-07-13 18:00:00,1 days 12:00:00,36,-45.5,-142.75,977.6,75.3
2026-07-12 06:00:00,3,3,2026-07-14 00:00:00,1 days 18:00:00,42,-43.88,-143.91,979.6,72.7
2026-07-12 06:00:00,3,3,2026-07-14 06:00:00,2 days 00:00:00,48,-42.25,-145.0,981.6,70.1
2026-07-12 06:00:00,3,3,2026-07-14 12:00:00,2 days 06:00:00,54,-41.13,-144.62,982.8,68.6
2026-07-12 06:00:00,3,3,2026-07-14 18:00:00,2 days 12:00:00,60,-40.0,-144.25,984.0,67.0
2026-07-12 06:00:00,3,3,2026-07-15 00:00:00,2 days 18:00:00,66,-40.38,-144.37,984.2,66.7
2026-07-12 06:00:00,3,3,2026-07-15 06:00:00,3 days 00:00:00,72,-40.75,-144.5,984.4,66.4
2026-07-12 06:00:00,3,3,2026-07-15 12:00:00,3 days 06:00:00,78,-41.13,-144.62,984.6,66.1
2026-07-12 06:00:00,3,3,2026-07-15 18:00:00,3 days 12:00:00,84,-41.5,-144.75,984.9,65.8
2026-07-12 06:00:00,3,3,2026-07-16 00:00:00,3 days 18:00:00,90,-41.5,-145.25,984.7,66.1
2026-07-12 06:00:00,3,3,2026-07-16 06:00:00,4 days 00:00:00,96,-41.5,-145.75,984.5,66.3
2026-07-12 06:00:00,3,3,2026-07-16 12:00:00,4 days 06:00:00,102,-41.88,-146.0,985.4,65.2
2026-07-12 06:00:00,3,3,2026-07-16 18:00:00,4 days 12:00:00,108,-42.25,-146.25,986.2,64.0
2026-07-12 06:00:00,3,3,2026-07-17 00:00:00,4 days 18:00:00,114,-41.88,-146.0,986.4,63.8
2026-07-12 06:00:00,3,3,2026-07-17 06:00:00,5 days 00:00:00,120,-41.5,-145.75,986.5,63.5
2026-07-12 06:00:00,4,3,2026-07-12 06:00:00,0 days 00:00:00,0,-41.0,-92.75,973.3,80.6
2026-07-12 06:00:00,4,3,2026-07-12 12:00:00,0 days 06:00:00,6,-42.03,-90.29,973.1,80.8
2026-07-12 06:00:00,4,3,2026-07-12 18:00:00,0 days 12:00:00,12,-43.0,-87.75,972.9,81.1
2026-07-12 06:00:00,4,3,2026-07-13 00:00:00,0 days 18:00:00,18,-43.41,-85.14,975.4,78.0
2026-07-12 06:00:00,4,3,2026-07-13 06:00:00,1 days 00:00:00,24,-43.75,-82.5,977.8,75.0
2026-07-12 06:00:00,4,3,2026-07-13 12:00:00,1 days 06:00:00,30,-44.89,-80.54,980.0,72.1
2026-07-12 06:00:00,4,3,2026-07-13 18:00:00,1 days 12:00:00,36,-46.0,-78.5,982.2,69.3
2026-07-12 06:00:00,4,3,2026-07-14 00:00:00,1 days 18:00:00,42,-46.38,-78.5,985.4,65.0
2026-07-12 06:00:00,4,3,2026-07-14 06:00:00,2 days 00:00:00,48,-46.75,-78.5,988.6,60.7
2026-07-12 06:00:00,5,3,2026-07-15 18:00:00,3 days 12:00:00,84,-33.25,-69.0,995.8,50.3
2026-07-12 06:00:00,5,3,2026-07-16 00:00:00,3 days 18:00:00,90,-32.5,-68.75,995.7,50.4
2026-07-12 06:00:00,5,3,2026-07-16 06:00:00,4 days 00:00:00,96,-31.75,-68.5,995.7,50.4
2026-07-12 06:00:00,5,3,2026-07-16 12:00:00,4 days 06:00:00,102,-30.38,-67.49,992.6,54.9
2026-07-12 06:00:00,5,3,2026-07-16 18:00:00,4 days 12:00:00,108,-29.0,-66.5,989.5,59.4
2026-07-12 06:00:00,5,3,2026-07-17 00:00:00,4 days 18:00:00,114,-28.0,-65.99,990.1,58.6
2026-07-12 06:00:00,5,3,2026-07-17 06:00:00,5 days 00:00:00,120,-27.0,-65.48,990.7,57.8
2026-07-12 06:00:00,5,3,2026-07-17 12:00:00,5 days 06:00:00,126,-26.0,-64.99,991.3,56.9
2026-07-12 06:00:00,5,3,2026-07-17 18:00:00,5 days 12:00:00,132,-25.0,-64.5,991.8,56.1
2026-07-12 06:00:00,5,3,2026-07-18 00:00:00,5 days 18:00:00,138,-24.69,-64.56,991.6,56.5
2026-07-12 06:00:00,5,3,2026-07-18 06:00:00,6 days 00:00:00,144,-24.38,-64.63,991.3,56.8
2026-07-12 06:00:00,5,3,2026-07-18 12:00:00,6 days 06:00:00,150,-24.06,-64.69,991.1,57.2
2026-07-12 06:00:00,5,3,2026-07-18 18:00:00,6 days 12:00:00,156,-23.75,-64.75,990.8,57.5
2026-07-12 06:00:00,5,3,2026-07-19 00:00:00,6 days 18:00:00,162,-24.63,-65.42,990.2,58.5
2026-07-12 06:00:00,5,3,2026-07-19 06:00:00,7 days 00:00:00,168,-25.51,-66.1,989.5,59.4
2026-07-12 06:00:00,5,3,2026-07-19 12:00:00,7 days 06:00:00,174,-26.38,-66.8,988.9,60.3
2026-07-12 06:00:00,5,3,2026-07-19 18:00:00,7 days 12:00:00,180,-27.25,-67.5,988.2,61.2
2026-07-12 06:00:00,5,3,2026-07-20 00:00:00,7 days 18:00:00,186,-27.19,-67.25,989.9,58.7
2026-07-12 06:00:00,5,3,2026-07-20 06:00:00,8 days 00:00:00,192,-27.13,-67.0,991.7,56.3
2026-07-12 06:00:00,5,3,2026-07-20 12:00:00,8 days 06:00:00,198,-27.06,-66.75,993.4,53.8
2026-07-12 06:00:00,5,3,2026-07-20 18:00:00,8 days 12:00:00,204,-27.0,-66.5,995.1,51.3
2026-07-12 06:00:00,6,3,2026-07-15 18:00:00,3 days 12:00:00,84,11.0,-113.75,1003.9,37.0
2026-07-12 06:00:00,6,3,2026-07-16 00:00:00,3 days 18:00:00,90,12.75,-114.74,1003.4,37.9
2026-07-12 06:00:00,6,3,2026-07-16 06:00:00,4 days 00:00:00,96,14.5,-115.75,1003.0,38.7
2026-07-12 06:00:00,6,3,2026-07-16 12:00:00,4 days 06:00:00,102,14.25,-116.88,1001.5,41.1
2026-07-12 06:00:00,6,3,2026-07-16 18:00:00,4 days 12:00:00,108,14.0,-118.0,1000.1,43.4
2026-07-12 06:00:00,6,3,2026-07-17 00:00:00,4 days 18:00:00,114,14.51,-119.62,997.6,47.3
2026-07-12 06:00:00,6,3,2026-07-17 06:00:00,5 days 00:00:00,120,15.0,-121.25,995.1,51.2
2026-07-12 06:00:00,6,3,2026-07-17 12:00:00,5 days 06:00:00,126,15.25,-122.37,989.9,58.7
2026-07-12 06:00:00,6,3,2026-07-17 18:00:00,5 days 12:00:00,132,15.5,-123.5,984.6,66.2
2026-07-12 06:00:00,6,3,2026-07-18 00:00:00,5 days 18:00:00,138,16.0,-124.37,982.7,68.7
2026-07-12 06:00:00,6,3,2026-07-18 06:00:00,6 days 00:00:00,144,16.5,-125.25,980.8,71.2
2026-07-12 06:00:00,6,3,2026-07-18 12:00:00,6 days 06:00:00,150,17.0,-125.87,981.8,69.8
2026-07-12 06:00:00,6,3,2026-07-18 18:00:00,6 days 12:00:00,156,17.5,-126.5,982.9,68.4
2026-07-12 06:00:00,6,3,2026-07-19 00:00:00,6 days 18:00:00,162,18.25,-127.12,983.2,68.0
2026-07-12 06:00:00,6,3,2026-07-19 06:00:00,7 days 00:00:00,168,19.0,-127.75,983.5,67.6
2026-07-12 06:00:00,6,3,2026-07-19 12:00:00,7 days 06:00:00,174,19.5,-128.62,986.2,63.9
2026-07-12 06:00:00,6,3,2026-07-19 18:00:00,7 days 12:00:00,180,20.0,-129.5,988.9,60.3
2026-07-12 06:00:00,6,3,2026-07-20 00:00:00,7 days 18:00:00,186,20.25,-130.75,990.9,57.4
2026-07-12 06:00:00,6,3,2026-07-20 06:00:00,8 days 00:00:00,192,20.5,-132.0,992.9,54.5
2026-07-12 06:00:00,6,3,2026-07-20 12:00:00,8 days 06:00:00,198,20.38,-133.0,993.5,53.6
2026-07-12 06:00:00,6,3,2026-07-20 18:00:00,8 days 12:00:00,204,20.25,-134.0,994.1,52.8
2026-07-12 06:00:00,6,3,2026-07-21 00:00:00,8 days 18:00:00,210,20.38,-135.37,996.2,49.6
2026-07-12 06:00:00,6,3,2026-07-21 06:00:00,9 days 00:00:00,216,20.5,-136.75,998.2,46.5
2026-07-12 06:00:00,6,3,2026-07-21 12:00:00,9 days 06:00:00,222,20.25,-138.0,999.4,44.5
2026-07-12 06:00:00,6,3,2026-07-21 18:00:00,9 days 12:00:00,228,20.0,-139.25,1000.7,42.6
2026-07-12 06:00:00,6,3,2026-07-22 00:00:00,9 days 18:00:00,234,20.13,-140.62,1002.0,40.3
2026-07-12 06:00:00,6,3,2026-07-22 06:00:00,10 days 00:00:00,240,20.25,-142.0,1003.3,38.1
2026-07-12 06:00:00,6,3,2026-07-22 12:00:00,10 days 06:00:00,246,20.25,-143.0,1004.3,36.3
2026-07-12 06:00:00,6,3,2026-07-22 18:00:00,10 days 12:00:00,252,20.25,-144.0,1005.4,34.4
2026-07-12 06:00:00,7,3,2026-07-17 06:00:00,5 days 00:00:00,120,8.25,-102.25,1008.7,28.1
2026-07-12 06:00:00,7,3,2026-07-17 12:00:00,5 days 06:00:00,126,8.75,-102.75,1009.0,27.5
2026-07-12 06:00:00,7,3,2026-07-17 18:00:00,5 days 12:00:00,132,9.25,-103.25,1009.3,26.9
2026-07-12 06:00:00,7,3,2026-07-18 00:00:00,5 days 18:00:00,138,9.88,-103.5,1009.0,27.5
2026-07-12 06:00:00,7,3,2026-07-18 06:00:00,6 days 00:00:00,144,10.5,-103.75,1008.7,28.1
2026-07-12 06:00:00,7,3,2026-07-18 12:00:00,6 days 06:00:00,150,10.75,-105.25,1008.0,29.5
2026-07-12 06:00:00,7,3,2026-07-18 18:00:00,6 days 12:00:00,156,11.0,-106.75,1007.3,30.9
2026-07-12 06:00:00,7,3,2026-07-19 00:00:00,6 days 18:00:00,162,11.5,-107.75,1005.9,33.4
2026-07-12 06:00:00,7,3,2026-07-19 06:00:00,7 days 00:00:00,168,12.0,-108.75,1004.6,35.8
2026-07-12 06:00:00,7,3,2026-07-19 12:00:00,7 days 06:00:00,174,12.38,-109.75,1003.8,37.3
2026-07-12 06:00:00,7,3,2026-07-19 18:00:00,7 days 12:00:00,180,12.75,-110.75,1002.9,38.8
2026-07-12 06:00:00,7,3,2026-07-20 00:00:00,7 days 18:00:00,186,13.63,-111.12,1001.7,40.8
2026-07-12 06:00:00,7,3,2026-07-20 06:00:00,8 days 00:00:00,192,14.5,-111.5,1000.5,42.8
2026-07-12 06:00:00,7,3,2026-07-20 12:00:00,8 days 06:00:00,198,15.0,-112.62,997.6,47.4
2026-07-12 06:00:00,7,3,2026-07-20 18:00:00,8 days 12:00:00,204,15.5,-113.75,994.6,52.0
2026-07-12 06:00:00,7,3,2026-07-21 00:00:00,8 days 18:00:00,210,16.0,-114.12,992.5,55.1
2026-07-12 06:00:00,7,3,2026-07-21 06:00:00,9 days 00:00:00,216,16.5,-114.5,990.5,58.1
2026-07-12 06:00:00,7,3,2026-07-21 12:00:00,9 days 06:00:00,222,17.13,-115.12,985.9,64.3
2026-07-12 06:00:00,7,3,2026-07-21 18:00:00,9 days 12:00:00,228,17.75,-115.75,981.4,70.5
2026-07-12 06:00:00,7,3,2026-07-22 00:00:00,9 days 18:00:00,234,18.38,-116.37,980.4,71.6
2026-07-12 06:00:00,7,3,2026-07-22 06:00:00,10 days 00:00:00,240,19.0,-117.0,979.5,72.8
2026-07-12 06:00:00,7,3,2026-07-22 12:00:00,10 days 06:00:00,246,19.63,-117.75,979.3,73.1
2026-07-12 06:00:00,7,3,2026-07-22 18:00:00,10 days 12:00:00,252,20.25,-118.5,979.1,73.4
2026-07-12 06:00:00,7,3,2026-07-23 00:00:00,10 days 18:00:00,258,21.0,-119.37,981.2,70.6
2026-07-12 06:00:00,7,3,2026-07-23 06:00:00,11 days 00:00:00,264,21.75,-120.25,983.4,67.8
2026-07-12 06:00:00,7,3,2026-07-23 12:00:00,11 days 06:00:00,270,22.5,-121.12,985.2,65.4
2026-07-12 06:00:00,7,3,2026-07-23 18:00:00,11 days 12:00:00,276,23.25,-122.0,987.0,63.0
2026-07-12 06:00:00,7,3,2026-07-24 00:00:00,11 days 18:00:00,282,24.13,-123.49,991.6,56.3
2026-07-12 06:00:00,7,3,2026-07-24 06:00:00,12 days 00:00:00,288,25.0,-125.0,996.2,49.6
2026-07-12 06:00:00,7,3,2026-07-24 12:00:00,12 days 06:00:00,294,25.38,-126.5,998.6,45.9
2026-07-12 06:00:00,7,3,2026-07-24 18:00:00,12 days 12:00:00,300,25.75,-128.0,1000.9,42.1
2026-07-12 06:00:00,7,3,2026-07-25 00:00:00,12 days 18:00:00,306,26.38,-129.62,1003.2,38.2
2026-07-12 06:00:00,7,3,2026-07-25 06:00:00,13 days 00:00:00,312,27.0,-131.25,1005.5,34.3
2026-07-12 06:00:00,7,3,2026-07-25 12:00:00,13 days 06:00:00,318,27.14,-133.0,1006.9,31.5
2026-07-12 06:00:00,7,3,2026-07-25 18:00:00,13 days 12:00:00,324,27.25,-134.75,1008.4,28.7
2026-07-12 06:00:00,7,3,2026-07-26 00:00:00,13 days 18:00:00,330,27.75,-135.87,1009.7,26.0
2026-07-12 06:00:00,7,3,2026-07-26 06:00:00,14 days 00:00:00,336,28.25,-137.0,1011.1,23.2
2026-07-12 06:00:00,7,3,2026-07-26 12:00:00,14 days 06:00:00,342,28.5,-137.87,1012.0,21.0
2026-07-12 06:00:00,7,3,2026-07-26 18:00:00,14 days 12:00:00,348,28.75,-138.75,1013.0,18.8
2026-07-12 06:00:00,8,3,2026-07-19 18:00:00,7 days 12:00:00,180,-34.75,-72.0,992.2,55.6
2026-07-12 06:00:00,8,3,2026-07-20 00:00:00,7 days 18:00:00,186,-35.0,-72.5,994.2,52.5
2026-07-12 06:00:00,8,3,2026-07-20 06:00:00,8 days 00:00:00,192,-35.25,-72.99,996.2,49.5
2026-07-12 06:00:00,8,3,2026-07-20 12:00:00,8 days 06:00:00,198,-35.5,-73.5,998.2,46.4
2026-07-12 06:00:00,8,3,2026-07-20 18:00:00,8 days 12:00:00,204,-35.75,-74.0,1000.2,43.4
2026-07-12 06:00:00,8,3,2026-07-21 00:00:00,8 days 18:00:00,210,-40.54,-76.79,1002.3,39.7
2026-07-12 06:00:00,8,3,2026-07-21 06:00:00,9 days 00:00:00,216,-45.25,-80.0,1004.5,36.0
2026-07-12 06:00:00,8,3,2026-07-21 12:00:00,9 days 06:00:00,222,-45.13,-80.13,1004.4,36.1
2026-07-12 06:00:00,8,3,2026-07-21 18:00:00,9 days 12:00:00,228,-45.0,-80.25,1004.4,36.2
2026-07-12 06:00:00,8,3,2026-07-22 00:00:00,9 days 18:00:00,234,-44.13,-80.25,1004.4,36.2
2026-07-12 06:00:00,8,3,2026-07-22 06:00:00,10 days 00:00:00,240,-43.25,-80.25,1004.4,36.2
2026-07-12 06:00:00,8,3,2026-07-22 12:00:00,10 days 06:00:00,246,-43.5,-79.25,1004.8,35.5
2026-07-12 06:00:00,8,3,2026-07-22 18:00:00,10 days 12:00:00,252,-43.75,-78.25,1005.2,34.8
2026-07-12 06:00:00,8,3,2026-07-23 00:00:00,10 days 18:00:00,258,-43.76,-76.88,1006.6,32.1
2026-07-12 06:00:00,8,3,2026-07-23 06:00:00,11 days 00:00:00,264,-43.75,-75.5,1008.1,29.3
2026-07-12 06:00:00,8,3,2026-07-23 12:00:00,11 days 06:00:00,270,-44.13,-74.88,1010.0,25.5
2026-07-12 06:00:00,8,3,2026-07-23 18:00:00,11 days 12:00:00,276,-44.5,-74.25,1011.8,21.6
2026-07-12 06:00:00,0,30,2026-07-12 06:00:00,0 days 00:00:00,0,31.25,118.75,986.3,63.8
2026-07-12 06:00:00,0,30,2026-07-12 12:00:00,0 days 06:00:00,6,32.25,118.26,987.7,62.0
2026-07-12 06:00:00,0,30,2026-07-12 18:00:00,0 days 12:00:00,12,33.25,117.75,989.0,60.1
2026-07-12 06:00:00,0,30,2026-07-13 00:00:00,0 days 18:00:00,18,33.5,117.63,990.2,58.4
2026-07-12 06:00:00,0,30,2026-07-13 06:00:00,1 days 00:00:00,24,33.75,117.5,991.4,56.8
2026-07-12 06:00:00,0,30,2026-07-13 12:00:00,1 days 06:00:00,30,34.13,118.25,992.2,55.6
2026-07-12 06:00:00,0,30,2026-07-13 18:00:00,1 days 12:00:00,36,34.5,119.0,993.0,54.4
2026-07-12 06:00:00,0,30,2026-07-14 00:00:00,1 days 18:00:00,42,35.63,119.99,992.9,54.6
2026-07-12 06:00:00,0,30,2026-07-14 06:00:00,2 days 00:00:00,48,36.75,121.0,992.7,54.8
2026-07-12 06:00:00,0,30,2026-07-14 12:00:00,2 days 06:00:00,54,37.28,123.61,992.6,54.9
2026-07-12 06:00:00,0,30,2026-07-14 18:00:00,2 days 12:00:00,60,37.75,126.25,992.6,55.1
2026-07-12 06:00:00,3,30,2026-07-12 06:00:00,0 days 00:00:00,0,-41.75,-140.0,971.7,82.5
2026-07-12 06:00:00,3,30,2026-07-12 12:00:00,0 days 06:00:00,6,-43.25,-139.88,970.2,84.3
2026-07-12 06:00:00,3,30,2026-07-12 18:00:00,0 days 12:00:00,12,-44.75,-139.75,968.8,86.1
2026-07-12 06:00:00,3,30,2026-07-13 00:00:00,0 days 18:00:00,18,-46.25,-139.99,970.2,84.4
2026-07-12 06:00:00,3,30,2026-07-13 06:00:00,1 days 00:00:00,24,-47.75,-140.25,971.6,82.7
2026-07-12 06:00:00,3,30,2026-07-13 12:00:00,1 days 06:00:00,30,-47.01,-141.39,973.4,80.5
2026-07-12 06:00:00,3,30,2026-07-13 18:00:00,1 days 12:00:00,36,-46.25,-142.5,975.1,78.4
2026-07-12 06:00:00,3,30,2026-07-14 00:00:00,1 days 18:00:00,42,-44.63,-144.04,977.5,75.4
2026-07-12 06:00:00,3,30,2026-07-14 06:00:00,2 days 00:00:00,48,-43.0,-145.5,979.9,72.4
2026-07-12 06:00:00,4,30,2026-07-12 06:00:00,0 days 00:00:00,0,-41.0,-92.75,973.3,80.6
2026-07-12 06:00:00,4,30,2026-07-12 12:00:00,0 days 06:00:00,6,-41.9,-90.41,972.8,81.2
2026-07-12 06:00:00,4,30,2026-07-12 18:00:00,0 days 12:00:00,12,-42.75,-88.0,972.4,81.7
2026-07-12 06:00:00,4,30,2026-07-13 00:00:00,0 days 18:00:00,18,-43.28,-85.4,974.8,78.8
2026-07-12 06:00:00,4,30,2026-07-13 06:00:00,1 days 00:00:00,24,-43.75,-82.75,977.2,75.8
2026-07-12 06:00:00,4,30,2026-07-13 12:00:00,1 days 06:00:00,30,-44.9,-80.42,979.7,72.6
2026-07-12 06:00:00,4,30,2026-07-13 18:00:00,1 days 12:00:00,36,-46.0,-78.0,982.1,69.5
2026-07-12 06:00:00,4,30,2026-07-14 00:00:00,1 days 18:00:00,42,-47.0,-77.75,984.5,66.3
2026-07-12 06:00:00,4,30,2026-07-14 06:00:00,2 days 00:00:00,48,-48.0,-77.5,986.8,63.2
2026-07-12 06:00:00,5,30,2026-07-15 06:00:00,3 days 00:00:00,72,14.5,-111.25,1005.2,34.8
2026-07-12 06:00:00,5,30,2026-07-15 12:00:00,3 days 06:00:00,78,14.63,-112.37,1002.7,39.1
2026-07-12 06:00:00,5,30,2026-07-15 18:00:00,3 days 12:00:00,84,14.75,-113.5,1000.2,43.3
2026-07-12 06:00:00,5,30,2026-07-16 00:00:00,3 days 18:00:00,90,15.25,-114.37,1000.1,43.4
2026-07-12 06:00:00,5,30,2026-07-16 06:00:00,4 days 00:00:00,96,15.75,-115.25,1000.0,43.6
2026-07-12 06:00:00,5,30,2026-07-16 12:00:00,4 days 06:00:00,102,16.0,-115.37,999.4,44.7
2026-07-12 06:00:00,5,30,2026-07-16 18:00:00,4 days 12:00:00,108,16.25,-115.5,998.7,45.8
2026-07-12 06:00:00,5,30,2026-07-17 00:00:00,4 days 18:00:00,114,17.25,-116.12,997.6,47.4
2026-07-12 06:00:00,5,30,2026-07-17 06:00:00,5 days 00:00:00,120,18.25,-116.75,996.6,49.0
2026-07-12 06:00:00,5,30,2026-07-17 12:00:00,5 days 06:00:00,126,18.88,-117.62,996.6,49.0
2026-07-12 06:00:00,5,30,2026-07-17 18:00:00,5 days 12:00:00,132,19.5,-118.5,996.6,49.0
2026-07-12 06:00:00,5,30,2026-07-18 00:00:00,5 days 18:00:00,138,20.25,-119.25,998.2,46.4
2026-07-12 06:00:00,5,30,2026-07-18 06:00:00,6 days 00:00:00,144,21.0,-120.0,999.8,43.9
2026-07-12 06:00:00,5,30,2026-07-18 12:00:00,6 days 06:00:00,150,22.0,-120.74,1001.4,41.3
2026-07-12 06:00:00,5,30,2026-07-18 18:00:00,6 days 12:00:00,156,23.0,-121.5,1003.0,38.6
2026-07-12 06:00:00,5,30,2026-07-19 00:00:00,6 days 18:00:00,162,23.63,-122.25,1004.6,35.8
2026-07-12 06:00:00,5,30,2026-07-19 06:00:00,7 days 00:00:00,168,24.25,-123.0,1006.1,33.0
2026-07-12 06:00:00,5,30,2026-07-19 12:00:00,7 days 06:00:00,174,25.5,-123.62,1007.6,30.1
2026-07-12 06:00:00,5,30,2026-07-19 18:00:00,7 days 12:00:00,180,26.75,-124.25,1009.1,27.3
2026-07-12 06:00:00,6,30,2026-07-17 18:00:00,5 days 12:00:00,132,9.0,-104.0,1007.1,31.3
2026-07-12 06:00:00,6,30,2026-07-18 00:00:00,5 days 18:00:00,138,9.88,-105.0,1005.7,33.8
2026-07-12 06:00:00,6,30,2026-07-18 06:00:00,6 days 00:00:00,144,10.75,-106.0,1004.4,36.2
2026-07-12 06:00:00,6,30,2026-07-18 12:00:00,6 days 06:00:00,150,11.01,-107.75,1004.2,36.6
2026-07-12 06:00:00,6,30,2026-07-18 18:00:00,6 days 12:00:00,156,11.25,-109.5,1003.9,37.0
2026-07-12 06:00:00,6,30,2026-07-19 00:00:00,6 days 18:00:00,162,11.63,-110.75,1002.1,40.1
2026-07-12 06:00:00,6,30,2026-07-19 06:00:00,7 days 00:00:00,168,12.0,-112.0,1000.3,43.2
2026-07-12 06:00:00,6,30,2026-07-19 12:00:00,7 days 06:00:00,174,12.0,-113.25,1000.9,42.1
2026-07-12 06:00:00,6,30,2026-07-19 18:00:00,7 days 12:00:00,180,12.0,-114.5,1001.6,41.0
2026-07-12 06:00:00,6,30,2026-07-20 00:00:00,7 days 18:00:00,186,12.75,-115.75,1001.1,41.8
2026-07-12 06:00:00,6,30,2026-07-20 06:00:00,8 days 00:00:00,192,13.5,-117.0,1000.7,42.6
2026-07-12 06:00:00,6,30,2026-07-20 12:00:00,8 days 06:00:00,198,14.0,-118.12,1000.4,43.0
2026-07-12 06:00:00,6,30,2026-07-20 18:00:00,8 days 12:00:00,204,14.5,-119.25,1000.1,43.5
2026-07-12 06:00:00,6,30,2026-07-21 00:00:00,8 days 18:00:00,210,14.63,-120.37,999.2,44.9
2026-07-12 06:00:00,6,30,2026-07-21 06:00:00,9 days 00:00:00,216,14.75,-121.5,998.3,46.4
2026-07-12 06:00:00,6,30,2026-07-21 12:00:00,9 days 06:00:00,222,15.0,-122.5,996.4,49.3
2026-07-12 06:00:00,6,30,2026-07-21 18:00:00,9 days 12:00:00,228,15.25,-123.5,994.5,52.2
2026-07-12 06:00:00,6,30,2026-07-22 00:00:00,9 days 18:00:00,234,15.25,-124.88,991.6,56.4
2026-07-12 06:00:00,6,30,2026-07-22 06:00:00,10 days 00:00:00,240,15.25,-126.25,988.7,60.5
2026-07-12 06:00:00,6,30,2026-07-22 12:00:00,10 days 06:00:00,246,15.5,-127.5,988.6,60.7
2026-07-12 06:00:00,6,30,2026-07-22 18:00:00,10 days 12:00:00,252,15.75,-128.75,988.5,60.9
2026-07-12 06:00:00,6,30,2026-07-23 00:00:00,10 days 18:00:00,258,16.0,-129.87,987.7,62.0
2026-07-12 06:00:00,6,30,2026-07-23 06:00:00,11 days 00:00:00,264,16.25,-131.0,986.9,63.0
2026-07-12 06:00:00,6,30,2026-07-23 12:00:00,11 days 06:00:00,270,16.75,-131.87,985.2,65.3
2026-07-12 06:00:00,6,30,2026-07-23 18:00:00,11 days 12:00:00,276,17.25,-132.75,983.5,67.7
2026-07-12 06:00:00,6,30,2026-07-24 00:00:00,11 days 18:00:00,282,17.75,-133.5,981.1,70.8
2026-07-12 06:00:00,6,30,2026-07-24 06:00:00,12 days 00:00:00,288,18.25,-134.25,978.7,73.9
2026-07-12 06:00:00,6,30,2026-07-24 12:00:00,12 days 06:00:00,294,18.63,-135.25,981.2,70.6
2026-07-12 06:00:00,6,30,2026-07-24 18:00:00,12 days 12:00:00,300,19.0,-136.25,983.8,67.3
2026-07-12 06:00:00,6,30,2026-07-25 00:00:00,12 days 18:00:00,306,19.75,-137.37,988.7,60.4
2026-07-12 06:00:00,6,30,2026-07-25 06:00:00,13 days 00:00:00,312,20.5,-138.5,993.6,53.5
2026-07-12 06:00:00,6,30,2026-07-25 12:00:00,13 days 06:00:00,318,20.63,-139.87,994.8,51.7
2026-07-12 06:00:00,6,30,2026-07-25 18:00:00,13 days 12:00:00,324,20.75,-141.25,996.1,49.8
2026-07-12 06:00:00,6,30,2026-07-26 00:00:00,13 days 18:00:00,330,21.25,-142.5,997.3,47.8
2026-07-12 06:00:00,6,30,2026-07-26 06:00:00,14 days 00:00:00,336,21.75,-143.75,998.6,45.9
2026-07-12 06:00:00,6,30,2026-07-26 12:00:00,14 days 06:00:00,342,22.13,-145.5,999.4,44.5
2026-07-12 06:00:00,6,30,2026-07-26 18:00:00,14 days 12:00:00,348,22.5,-147.25,1000.3,43.2
2026-07-12 06:00:00,6,30,2026-07-27 00:00:00,14 days 18:00:00,354,23.01,-148.99,1001.0,41.9
2026-07-12 06:00:00,6,30,2026-07-27 06:00:00,15 days 00:00:00,360,23.5,-150.75,1001.8,40.7
2026-07-12 06:00:00,7,30,2026-07-21 06:00:00,9 days 00:00:00,216,12.0,137.0,1003.1,38.4
2026-07-12 06:00:00,7,30,2026-07-21 12:00:00,9 days 06:00:00,222,12.63,136.25,1003.1,38.5
2026-07-12 06:00:00,7,30,2026-07-21 18:00:00,9 days 12:00:00,228,13.25,135.5,1003.1,38.5
2026-07-12 06:00:00,7,30,2026-07-22 00:00:00,9 days 18:00:00,234,14.13,135.13,1002.1,40.1
2026-07-12 06:00:00,7,30,2026-07-22 06:00:00,10 days 00:00:00,240,15.0,134.75,1001.2,41.6
2026-07-12 06:00:00,7,30,2026-07-22 12:00:00,10 days 06:00:00,246,15.26,133.0,1000.8,42.2
2026-07-12 06:00:00,7,30,2026-07-22 18:00:00,10 days 12:00:00,252,15.5,131.25,1000.5,42.9
2026-07-12 06:00:00,7,30,2026-07-23 00:00:00,10 days 18:00:00,258,15.88,131.87,999.5,44.4
2026-07-12 06:00:00,7,30,2026-07-23 06:00:00,11 days 00:00:00,264,16.25,132.5,998.5,46.0
2026-07-12 06:00:00,7,30,2026-07-23 12:00:00,11 days 06:00:00,270,16.63,132.5,997.1,48.2
2026-07-12 06:00:00,7,30,2026-07-23 18:00:00,11 days 12:00:00,276,17.0,132.5,995.7,50.4
2026-07-12 06:00:00,7,30,2026-07-24 00:00:00,11 days 18:00:00,282,18.0,132.38,993.2,54.0
2026-07-12 06:00:00,7,30,2026-07-24 06:00:00,12 days 00:00:00,288,19.0,132.25,990.8,57.6
2026-07-12 06:00:00,7,30,2026-07-24 12:00:00,12 days 06:00:00,294,19.5,132.37,987.4,62.3
2026-07-12 06:00:00,7,30,2026-07-24 18:00:00,12 days 12:00:00,300,20.0,132.5,983.9,67.1
2026-07-12 06:00:00,7,30,2026-07-25 00:00:00,12 days 18:00:00,306,20.63,132.25,978.3,74.2
2026-07-12 06:00:00,7,30,2026-07-25 06:00:00,13 days 00:00:00,312,21.25,132.0,972.7,81.3
2026-07-12 06:00:00,7,30,2026-07-25 12:00:00,13 days 06:00:00,318,22.0,131.63,970.7,83.8
2026-07-12 06:00:00,7,30,2026-07-25 18:00:00,13 days 12:00:00,324,22.75,131.25,968.6,86.2
2026-07-12 06:00:00,7,30,2026-07-26 00:00:00,13 days 18:00:00,330,23.5,130.5,964.7,90.8
2026-07-12 06:00:00,7,30,2026-07-26 06:00:00,14 days 00:00:00,336,24.25,129.75,960.8,95.3
2026-07-12 06:00:00,7,30,2026-07-26 12:00:00,14 days 06:00:00,342,25.25,129.01,958.9,97.4
2026-07-12 06:00:00,7,30,2026-07-26 18:00:00,14 days 12:00:00,348,26.25,128.25,957.1,99.5
2026-07-12 06:00:00,7,30,2026-07-27 00:00:00,14 days 18:00:00,354,27.38,127.26,959.6,96.6
2026-07-12 06:00:00,7,30,2026-07-27 06:00:00,15 days 00:00:00,360,28.5,126.25,962.2,93.7
2026-07-12 06:00:00,0,31,2026-07-12 06:00:00,0 days 00:00:00,0,31.25,118.75,986.3,63.8
2026-07-12 06:00:00,0,31,2026-07-12 12:00:00,0 days 06:00:00,6,32.0,118.38,988.0,61.5
2026-07-12 06:00:00,0,31,2026-07-12 18:00:00,0 days 12:00:00,12,32.75,118.0,989.7,59.2
2026-07-12 06:00:00,0,31,2026-07-13 00:00:00,0 days 18:00:00,18,33.13,117.88,991.1,57.2
2026-07-12 06:00:00,0,31,2026-07-13 06:00:00,1 days 00:00:00,24,33.5,117.75,992.5,55.2
2026-07-12 06:00:00,0,31,2026-07-13 12:00:00,1 days 06:00:00,30,34.25,118.62,993.0,54.5
2026-07-12 06:00:00,0,31,2026-07-13 18:00:00,1 days 12:00:00,36,35.0,119.5,993.5,53.7
2026-07-12 06:00:00,0,31,2026-07-14 00:00:00,1 days 18:00:00,42,35.63,120.12,993.4,53.8
2026-07-12 06:00:00,0,31,2026-07-14 06:00:00,2 days 00:00:00,48,36.25,120.75,993.4,53.8
2026-07-12 06:00:00,0,31,2026-07-14 12:00:00,2 days 06:00:00,54,37.9,122.95,992.6,54.9
2026-07-12 06:00:00,0,31,2026-07-14 18:00:00,2 days 12:00:00,60,39.5,125.25,991.8,56.1
2026-07-12 06:00:00,3,31,2026-07-12 06:00:00,0 days 00:00:00,0,-41.75,-140.0,971.7,82.5
2026-07-12 06:00:00,3,31,2026-07-12 12:00:00,0 days 06:00:00,6,-43.13,-139.76,970.5,84.0
2026-07-12 06:00:00,3,31,2026-07-12 18:00:00,0 days 12:00:00,12,-44.5,-139.5,969.3,85.5
2026-07-12 06:00:00,3,31,2026-07-13 00:00:00,0 days 18:00:00,18,-45.5,-139.99,970.4,84.1
2026-07-12 06:00:00,3,31,2026-07-13 06:00:00,1 days 00:00:00,24,-46.5,-140.5,971.6,82.7
2026-07-12 06:00:00,3,31,2026-07-13 12:00:00,1 days 06:00:00,30,-45.88,-141.64,974.5,79.0
2026-07-12 06:00:00,3,31,2026-07-13 18:00:00,1 days 12:00:00,36,-45.25,-142.75,977.5,75.4
2026-07-12 06:00:00,3,31,2026-07-14 00:00:00,1 days 18:00:00,42,-43.88,-143.77,979.6,72.7
2026-07-12 06:00:00,3,31,2026-07-14 06:00:00,2 days 00:00:00,48,-42.5,-144.75,981.7,70.0
2026-07-12 06:00:00,4,31,2026-07-12 06:00:00,0 days 00:00:00,0,-41.0,-92.75,973.3,80.6
2026-07-12 06:00:00,4,31,2026-07-12 12:00:00,0 days 06:00:00,6,-41.77,-90.4,973.6,80.3
2026-07-12 06:00:00,4,31,2026-07-12 18:00:00,0 days 12:00:00,12,-42.5,-88.0,973.9,79.9
2026-07-12 06:00:00,4,31,2026-07-13 00:00:00,0 days 18:00:00,18,-43.03,-85.4,976.2,77.0
2026-07-12 06:00:00,4,31,2026-07-13 06:00:00,1 days 00:00:00,24,-43.5,-82.75,978.5,74.2
2026-07-12 06:00:00,4,31,2026-07-13 12:00:00,1 days 06:00:00,30,-44.65,-80.42,980.8,71.1
2026-07-12 06:00:00,4,31,2026-07-13 18:00:00,1 days 12:00:00,36,-45.75,-78.0,983.1,68.1
2026-07-12 06:00:00,4,31,2026-07-14 00:00:00,1 days 18:00:00,42,-46.75,-77.75,984.9,65.8
2026-07-12 06:00:00,4,31,2026-07-14 06:00:00,2 days 00:00:00,48,-47.75,-77.5,986.6,63.4
2026-07-12 06:00:00,5,31,2026-07-15 18:00:00,3 days 12:00:00,84,14.75,-113.5,1003.8,37.2
2026-07-12 06:00:00,5,31,2026-07-16 00:00:00,3 days 18:00:00,90,15.38,-114.37,1002.8,38.9
2026-07-12 06:00:00,5,31,2026-07-16 06:00:00,4 days 00:00:00,96,16.0,-115.25,1001.8,40.7
2026-07-12 06:00:00,5,31,2026-07-16 12:00:00,4 days 06:00:00,102,16.63,-116.25,999.9,43.8
2026-07-12 06:00:00,5,31,2026-07-16 18:00:00,4 days 12:00:00,108,17.25,-117.25,998.0,46.9
2026-07-12 06:00:00,5,31,2026-07-17 00:00:00,4 days 18:00:00,114,18.0,-118.25,996.5,49.2
2026-07-12 06:00:00,5,31,2026-07-17 06:00:00,5 days 00:00:00,120,18.75,-119.25,995.0,51.5
2026-07-12 06:00:00,5,31,2026-07-17 12:00:00,5 days 06:00:00,126,19.13,-120.87,994.0,52.9
2026-07-12 06:00:00,5,31,2026-07-17 18:00:00,5 days 12:00:00,132,19.5,-122.5,993.0,54.4
2026-07-12 06:00:00,5,31,2026-07-18 00:00:00,5 days 18:00:00,138,19.88,-123.37,994.0,53.0
2026-07-12 06:00:00,5,31,2026-07-18 06:00:00,6 days 00:00:00,144,20.25,-124.25,994.9,51.6
2026-07-12 06:00:00,5,31,2026-07-18 12:00:00,6 days 06:00:00,150,20.75,-125.25,995.5,50.7
2026-07-12 06:00:00,5,31,2026-07-18 18:00:00,6 days 12:00:00,156,21.25,-126.25,996.1,49.7
2026-07-12 06:00:00,5,31,2026-07-19 00:00:00,6 days 18:00:00,162,21.63,-127.12,998.0,46.8
2026-07-12 06:00:00,5,31,2026-07-19 06:00:00,7 days 00:00:00,168,22.0,-128.0,999.8,43.9
2026-07-12 06:00:00,5,31,2026-07-19 12:00:00,7 days 06:00:00,174,22.63,-129.12,1001.4,41.4
2026-07-12 06:00:00,5,31,2026-07-19 18:00:00,7 days 12:00:00,180,23.25,-130.25,1002.9,38.8
2026-07-12 06:00:00,5,31,2026-07-20 00:00:00,7 days 18:00:00,186,23.5,-131.37,1004.2,36.4
2026-07-12 06:00:00,5,31,2026-07-20 06:00:00,8 days 00:00:00,192,23.75,-132.5,1005.6,34.1
2026-07-12 06:00:00,5,31,2026-07-20 12:00:00,8 days 06:00:00,198,23.88,-133.25,1006.4,32.6
2026-07-12 06:00:00,5,31,2026-07-20 18:00:00,8 days 12:00:00,204,24.0,-134.0,1007.2,31.1
2026-07-12 06:00:00,6,31,2026-07-16 18:00:00,4 days 12:00:00,108,31.0,61.75,994.3,52.5
2026-07-12 06:00:00,6,31,2026-07-17 00:00:00,4 days 18:00:00,114,31.13,61.87,995.3,51.0
2026-07-12 06:00:00,6,31,2026-07-17 06:00:00,5 days 00:00:00,120,31.25,62.0,996.3,49.4
2026-07-12 06:00:00,6,31,2026-07-17 12:00:00,5 days 06:00:00,126,31.25,62.12,994.9,51.6
2026-07-12 06:00:00,6,31,2026-07-17 18:00:00,5 days 12:00:00,132,31.25,62.25,993.4,53.8
2026-07-12 06:00:00,6,31,2026-07-18 00:00:00,5 days 18:00:00,138,31.38,62.13,994.8,51.7
2026-07-12 06:00:00,6,31,2026-07-18 06:00:00,6 days 00:00:00,144,31.5,62.0,996.3,49.5
2026-07-12 06:00:00,6,31,2026-07-18 12:00:00,6 days 06:00:00,150,31.5,62.06,995.7,50.4
2026-07-12 06:00:00,6,31,2026-07-18 18:00:00,6 days 12:00:00,156,31.5,62.12,995.1,51.3
2026-07-12 06:00:00,6,31,2026-07-19 00:00:00,6 days 18:00:00,162,31.5,62.19,994.5,52.1
2026-07-12 06:00:00,6,31,2026-07-19 06:00:00,7 days 00:00:00,168,31.5,62.25,993.9,53.0
2026-07-12 06:00:00,6,31,2026-07-19 12:00:00,7 days 06:00:00,174,31.63,62.5,992.1,55.6
2026-07-12 06:00:00,6,31,2026-07-19 18:00:00,7 days 12:00:00,180,31.75,62.75,990.3,58.2
2026-07-12 06:00:00,6,31,2026-07-20 00:00:00,7 days 18:00:00,186,31.5,63.38,991.6,56.5
2026-07-12 06:00:00,6,31,2026-07-20 06:00:00,8 days 00:00:00,192,31.25,64.0,992.8,54.7
2026-07-12 06:00:00,6,31,2026-07-20 12:00:00,8 days 06:00:00,198,31.0,64.0,990.9,57.4
2026-07-12 06:00:00,6,31,2026-07-20 18:00:00,8 days 12:00:00,204,30.75,64.0,989.0,60.2
2026-07-12 06:00:00,6,31,2026-07-21 00:00:00,8 days 18:00:00,210,30.0,64.38,990.4,58.2
2026-07-12 06:00:00,6,31,2026-07-21 06:00:00,9 days 00:00:00,216,29.25,64.75,991.8,56.1
2026-07-12 06:00:00,7,31,2026-07-19 18:00:00,7 days 12:00:00,180,13.25,-109.0,1008.9,27.6
2026-07-12 06:00:00,7,31,2026-07-20 00:00:00,7 days 18:00:00,186,14.13,-110.25,1007.2,31.0
2026-07-12 06:00:00,7,31,2026-07-20 06:00:00,8 days 00:00:00,192,15.0,-111.5,1005.4,34.3
2026-07-12 06:00:00,7,31,2026-07-20 12:00:00,8 days 06:00:00,198,15.63,-112.37,1005.0,35.1
2026-07-12 06:00:00,7,31,2026-07-20 18:00:00,8 days 12:00:00,204,16.25,-113.25,1004.5,36.0
2026-07-12 06:00:00,7,31,2026-07-21 00:00:00,8 days 18:00:00,210,17.0,-113.87,1003.3,38.0
2026-07-12 06:00:00,7,31,2026-07-21 06:00:00,9 days 00:00:00,216,17.75,-114.5,1002.1,40.1
2026-07-12 06:00:00,7,31,2026-07-21 12:00:00,9 days 06:00:00,222,18.38,-115.25,1000.2,43.3
2026-07-12 06:00:00,7,31,2026-07-21 18:00:00,9 days 12:00:00,228,19.0,-116.0,998.2,46.5
2026-07-12 06:00:00,7,31,2026-07-22 00:00:00,9 days 18:00:00,234,19.88,-116.62,996.4,49.3
2026-07-12 06:00:00,7,31,2026-07-22 06:00:00,10 days 00:00:00,240,20.75,-117.25,994.6,52.1
2026-07-12 06:00:00,7,31,2026-07-22 12:00:00,10 days 06:00:00,246,21.38,-118.37,995.4,50.8
2026-07-12 06:00:00,7,31,2026-07-22 18:00:00,10 days 12:00:00,252,22.0,-119.5,996.3,49.5
2026-07-12 06:00:00,7,31,2026-07-23 00:00:00,10 days 18:00:00,258,22.25,-120.5,998.8,45.4
2026-07-12 06:00:00,7,31,2026-07-23 06:00:00,11 days 00:00:00,264,22.5,-121.5,1001.4,41.3
2026-07-12 06:00:00,7,31,2026-07-23 12:00:00,11 days 06:00:00,270,22.63,-122.75,1002.6,39.2
2026-07-12 06:00:00,7,31,2026-07-23 18:00:00,11 days 12:00:00,276,22.75,-124.0,1003.8,37.2
2026-07-12 06:00:00,7,31,2026-07-24 00:00:00,11 days 18:00:00,282,23.26,-125.49,1004.4,36.1
2026-07-12 06:00:00,7,31,2026-07-24 06:00:00,12 days 00:00:00,288,23.75,-127.0,1005.0,35.1
2026-07-12 06:00:00,8,31,2026-07-22 06:00:00,10 days 00:00:00,240,26.0,167.75,999.9,43.8
2026-07-12 06:00:00,8,31,2026-07-22 12:00:00,10 days 06:00:00,246,26.63,167.5,999.0,45.2
2026-07-12 06:00:00,8,31,2026-07-22 18:00:00,10 days 12:00:00,252,27.25,167.25,998.1,46.6
2026-07-12 06:00:00,8,31,2026-07-23 00:00:00,10 days 18:00:00,258,27.5,166.75,998.8,45.6
2026-07-12 06:00:00,8,31,2026-07-23 06:00:00,11 days 00:00:00,264,27.75,166.25,999.4,44.6
2026-07-12 06:00:00,8,31,2026-07-23 12:00:00,11 days 06:00:00,270,28.38,166.0,999.9,43.7
2026-07-12 06:00:00,8,31,2026-07-23 18:00:00,11 days 12:00:00,276,29.0,165.75,1000.5,42.9
2026-07-12 06:00:00,8,31,2026-07-24 00:00:00,11 days 18:00:00,282,28.75,166.13,998.5,46.0
2026-07-12 06:00:00,8,31,2026-07-24 06:00:00,12 days 00:00:00,288,28.5,166.5,996.5,49.1
2026-07-12 06:00:00,8,31,2026-07-24 12:00:00,12 days 06:00:00,294,28.0,166.75,993.6,53.4
2026-07-12 06:00:00,8,31,2026-07-24 18:00:00,12 days 12:00:00,300,27.5,167.0,990.8,57.6
2026-07-12 06:00:00,8,31,2026-07-25 00:00:00,12 days 18:00:00,306,27.12,167.0,989.5,59.4
2026-07-12 06:00:00,8,31,2026-07-25 06:00:00,13 days 00:00:00,312,26.75,167.0,988.3,61.1
2026-07-12 06:00:00,8,31,2026-07-25 12:00:00,13 days 06:00:00,318,26.75,167.25,987.9,61.7
2026-07-12 06:00:00,8,31,2026-07-25 18:00:00,13 days 12:00:00,324,26.75,167.5,987.4,62.3
2026-07-12 06:00:00,8,31,2026-07-26 00:00:00,13 days 18:00:00,330,27.25,168.0,986.4,63.7
2026-07-12 06:00:00,8,31,2026-07-26 06:00:00,14 days 00:00:00,336,27.75,168.5,985.4,65.1
2026-07-12 06:00:00,8,31,2026-07-26 12:00:00,14 days 06:00:00,342,28.63,168.75,985.5,65.0
2026-07-12 06:00:00,8,31,2026-07-26 18:00:00,14 days 12:00:00,348,29.5,169.0,985.6,64.9
2026-07-12 06:00:00,8,31,2026-07-27 00:00:00,14 days 18:00:00,354,31.0,169.37,987.1,62.8
2026-07-12 06:00:00,8,31,2026-07-27 06:00:00,15 days 00:00:00,360,32.5,169.75,988.6,60.7
2026-07-12 06:00:00,0,32,2026-07-12 06:00:00,0 days 00:00:00,0,31.25,118.75,986.3,63.8
2026-07-12 06:00:00,0,32,2026-07-12 12:00:00,0 days 06:00:00,6,32.25,118.5,987.5,62.2
2026-07-12 06:00:00,0,32,2026-07-12 18:00:00,0 days 12:00:00,12,33.25,118.25,988.7,60.5
2026-07-12 06:00:00,0,32,2026-07-13 00:00:00,0 days 18:00:00,18,33.75,118.5,990.0,58.8
2026-07-12 06:00:00,0,32,2026-07-13 06:00:00,1 days 00:00:00,24,34.25,118.75,991.2,57.0
2026-07-12 06:00:00,0,32,2026-07-13 12:00:00,1 days 06:00:00,30,35.25,119.37,991.6,56.4
2026-07-12 06:00:00,0,32,2026-07-13 18:00:00,1 days 12:00:00,36,36.25,120.0,992.1,55.8
2026-07-12 06:00:00,0,32,2026-07-14 00:00:00,1 days 18:00:00,42,37.01,121.36,992.1,55.8
2026-07-12 06:00:00,0,32,2026-07-14 06:00:00,2 days 00:00:00,48,37.75,122.75,992.1,55.8
2026-07-12 06:00:00,0,32,2026-07-14 12:00:00,2 days 06:00:00,54,38.8,126.08,990.8,57.6
2026-07-12 06:00:00,0,32,2026-07-14 18:00:00,2 days 12:00:00,60,39.75,129.5,989.5,59.5
2026-07-12 06:00:00,0,32,2026-07-15 00:00:00,2 days 18:00:00,66,41.15,131.95,987.3,62.4
2026-07-12 06:00:00,0,32,2026-07-15 06:00:00,3 days 00:00:00,72,42.5,134.5,985.2,65.3
2026-07-12 06:00:00,0,32,2026-07-15 12:00:00,3 days 06:00:00,78,40.58,135.45,988.3,60.9
2026-07-12 06:00:00,0,32,2026-07-15 18:00:00,3 days 12:00:00,84,38.64,136.34,991.3,56.6
2026-07-12 06:00:00,0,32,2026-07-16 00:00:00,3 days 18:00:00,90,36.69,137.19,994.4,52.2
2026-07-12 06:00:00,0,32,2026-07-16 06:00:00,4 days 00:00:00,96,34.75,138.0,997.4,47.8
2026-07-12 06:00:00,3,32,2026-07-12 06:00:00,0 days 00:00:00,0,-41.75,-140.0,971.7,82.5
2026-07-12 06:00:00,3,32,2026-07-12 12:00:00,0 days 06:00:00,6,-43.25,-139.88,970.6,83.9
2026-07-12 06:00:00,3,32,2026-07-12 18:00:00,0 days 12:00:00,12,-44.75,-139.75,969.5,85.2
2026-07-12 06:00:00,3,32,2026-07-13 00:00:00,0 days 18:00:00,18,-45.5,-140.12,970.6,83.8
2026-07-12 06:00:00,3,32,2026-07-13 06:00:00,1 days 00:00:00,24,-46.25,-140.5,971.8,82.5
2026-07-12 06:00:00,3,32,2026-07-13 12:00:00,1 days 06:00:00,30,-45.63,-141.51,973.4,80.5
2026-07-12 06:00:00,3,32,2026-07-13 18:00:00,1 days 12:00:00,36,-45.0,-142.5,974.9,78.6
2026-07-12 06:00:00,3,32,2026-07-14 00:00:00,1 days 18:00:00,42,-43.63,-143.14,977.5,75.4
2026-07-12 06:00:00,3,32,2026-07-14 06:00:00,2 days 00:00:00,48,-42.25,-143.75,980.0,72.2
2026-07-12 06:00:00,3,32,2026-07-14 12:00:00,2 days 06:00:00,54,-41.75,-144.0,981.0,70.9
2026-07-12 06:00:00,3,32,2026-07-14 18:00:00,2 days 12:00:00,60,-41.25,-144.25,982.0,69.7
2026-07-12 06:00:00,3,32,2026-07-15 00:00:00,2 days 18:00:00,66,-40.63,-144.12,982.8,68.5
2026-07-12 06:00:00,3,32,2026-07-15 06:00:00,3 days 00:00:00,72,-40.0,-144.0,983.7,67.4
2026-07-12 06:00:00,3,32,2026-07-15 12:00:00,3 days 06:00:00,78,-40.19,-143.57,983.8,67.2
2026-07-12 06:00:00,3,32,2026-07-15 18:00:00,3 days 12:00:00,84,-40.38,-143.13,984.0,67.0
2026-07-12 06:00:00,3,32,2026-07-16 00:00:00,3 days 18:00:00,90,-40.56,-142.69,984.1,66.8
2026-07-12 06:00:00,3,32,2026-07-16 06:00:00,4 days 00:00:00,96,-40.75,-142.25,984.3,66.6
2026-07-12 06:00:00,3,32,2026-07-16 12:00:00,4 days 06:00:00,102,-41.0,-141.5,984.9,65.7
2026-07-12 06:00:00,3,32,2026-07-16 18:00:00,4 days 12:00:00,108,-41.25,-140.75,985.6,64.8
2026-07-12 06:00:00,3,32,2026-07-17 00:00:00,4 days 18:00:00,114,-43.0,-140.26,986.8,63.2
2026-07-12 06:00:00,3,32,2026-07-17 06:00:00,5 days 00:00:00,120,-44.75,-139.75,988.0,61.6
2026-07-12 06:00:00,3,32,2026-07-17 12:00:00,5 days 06:00:00,126,-45.51,-140.47,988.3,61.1
2026-07-12 06:00:00,3,32,2026-07-17 18:00:00,5 days 12:00:00,132,-46.26,-141.21,988.7,60.6
2026-07-12 06:00:00,3,32,2026-07-18 00:00:00,5 days 18:00:00,138,-47.01,-141.97,989.1,60.1
2026-07-12 06:00:00,3,32,2026-07-18 06:00:00,6 days 00:00:00,144,-47.75,-142.75,989.4,59.5
2026-07-12 06:00:00,4,32,2026-07-12 06:00:00,0 days 00:00:00,0,-41.0,-92.75,973.3,80.6
2026-07-12 06:00:00,4,32,2026-07-12 12:00:00,0 days 06:00:00,6,-41.9,-90.41,973.5,80.3
2026-07-12 06:00:00,4,32,2026-07-12 18:00:00,0 days 12:00:00,12,-42.75,-88.0,973.8,80.0
2026-07-12 06:00:00,4,32,2026-07-13 00:00:00,0 days 18:00:00,18,-43.4,-85.65,976.4,76.7
2026-07-12 06:00:00,4,32,2026-07-13 06:00:00,1 days 00:00:00,24,-44.0,-83.25,979.0,73.5
2026-07-12 06:00:00,4,32,2026-07-13 12:00:00,1 days 06:00:00,30,-44.52,-81.39,981.9,69.7
2026-07-12 06:00:00,4,32,2026-07-13 18:00:00,1 days 12:00:00,36,-45.0,-79.5,984.7,66.0
2026-07-12 06:00:00,4,32,2026-07-14 00:00:00,1 days 18:00:00,42,-45.88,-78.64,986.9,63.1
2026-07-12 06:00:00,4,32,2026-07-14 06:00:00,2 days 00:00:00,48,-46.75,-77.75,989.0,60.1
2026-07-12 06:00:00,5,32,2026-07-14 18:00:00,2 days 12:00:00,60,14.25,-107.5,1006.0,33.4
2026-07-12 06:00:00,5,32,2026-07-15 00:00:00,2 days 18:00:00,66,14.63,-109.5,1004.1,36.7
2026-07-12 06:00:00,5,32,2026-07-15 06:00:00,3 days 00:00:00,72,15.0,-111.5,1002.2,40.0
2026-07-12 06:00:00,5,32,2026-07-15 12:00:00,3 days 06:00:00,78,14.88,-112.88,1001.0,41.9
2026-07-12 06:00:00,5,32,2026-07-15 18:00:00,3 days 12:00:00,84,14.75,-114.25,999.9,43.9
2026-07-12 06:00:00,5,32,2026-07-16 00:00:00,3 days 18:00:00,90,15.25,-115.0,1000.0,43.7
2026-07-12 06:00:00,5,32,2026-07-16 06:00:00,4 days 00:00:00,96,15.75,-115.75,1000.1,43.5
2026-07-12 06:00:00,5,32,2026-07-16 12:00:00,4 days 06:00:00,102,16.13,-116.62,999.3,44.7
2026-07-12 06:00:00,5,32,2026-07-16 18:00:00,4 days 12:00:00,108,16.5,-117.5,998.6,45.8
2026-07-12 06:00:00,5,32,2026-07-17 00:00:00,4 days 18:00:00,114,16.75,-117.87,997.1,48.2
2026-07-12 06:00:00,5,32,2026-07-17 06:00:00,5 days 00:00:00,120,17.0,-118.25,995.6,50.5
2026-07-12 06:00:00,5,32,2026-07-17 12:00:00,5 days 06:00:00,126,17.5,-119.0,994.4,52.3
2026-07-12 06:00:00,5,32,2026-07-17 18:00:00,5 days 12:00:00,132,18.0,-119.75,993.2,54.1
2026-07-12 06:00:00,5,32,2026-07-18 00:00:00,5 days 18:00:00,138,18.63,-120.12,993.5,53.7
2026-07-12 06:00:00,5,32,2026-07-18 06:00:00,6 days 00:00:00,144,19.25,-120.5,993.8,53.3
2026-07-12 06:00:00,5,32,2026-07-18 12:00:00,6 days 06:00:00,150,20.0,-121.25,995.1,51.3
2026-07-12 06:00:00,5,32,2026-07-18 18:00:00,6 days 12:00:00,156,20.75,-122.0,996.4,49.3
2026-07-12 06:00:00,5,32,2026-07-19 00:00:00,6 days 18:00:00,162,21.5,-122.75,997.5,47.6
2026-07-12 06:00:00,5,32,2026-07-19 06:00:00,7 days 00:00:00,168,22.25,-123.5,998.6,46.0
2026-07-12 06:00:00,5,32,2026-07-19 12:00:00,7 days 06:00:00,174,23.5,-124.37,999.4,44.5
2026-07-12 06:00:00,5,32,2026-07-19 18:00:00,7 days 12:00:00,180,24.75,-125.25,1000.3,43.1
2026-07-12 06:00:00,5,32,2026-07-20 00:00:00,7 days 18:00:00,186,25.88,-125.13,1003.5,37.6
2026-07-12 06:00:00,5,32,2026-07-20 06:00:00,8 days 00:00:00,192,27.0,-125.0,1006.7,32.0
2026-07-12 06:00:00,5,32,2026-07-20 12:00:00,8 days 06:00:00,198,24.73,-122.97,1002.4,38.8
2026-07-12 06:00:00,5,32,2026-07-20 18:00:00,8 days 12:00:00,204,22.42,-121.0,998.2,45.6
2026-07-12 06:00:00,5,32,2026-07-21 00:00:00,8 days 18:00:00,210,20.09,-119.09,993.9,52.5
2026-07-12 06:00:00,5,32,2026-07-21 06:00:00,9 days 00:00:00,216,17.75,-117.25,989.6,59.3
2026-07-12 06:00:00,5,32,2026-07-21 12:00:00,9 days 06:00:00,222,18.38,-118.5,987.8,61.8
2026-07-12 06:00:00,5,32,2026-07-21 18:00:00,9 days 12:00:00,228,19.0,-119.75,985.9,64.4
2026-07-12 06:00:00,5,32,2026-07-22 00:00:00,9 days 18:00:00,234,19.25,-120.87,985.3,65.3
2026-07-12 06:00:00,5,32,2026-07-22 06:00:00,10 days 00:00:00,240,19.5,-122.0,984.6,66.2
2026-07-12 06:00:00,5,32,2026-07-22 12:00:00,10 days 06:00:00,246,19.76,-123.37,987.7,61.8
2026-07-12 06:00:00,5,32,2026-07-22 18:00:00,10 days 12:00:00,252,20.0,-124.75,990.9,57.4
2026-07-12 06:00:00,5,32,2026-07-23 00:00:00,10 days 18:00:00,258,20.13,-126.25,991.0,57.4
2026-07-12 06:00:00,5,32,2026-07-23 06:00:00,11 days 00:00:00,264,20.25,-127.75,991.0,57.3
2026-07-12 06:00:00,5,32,2026-07-23 12:00:00,11 days 06:00:00,270,20.51,-129.25,992.1,55.7
2026-07-12 06:00:00,5,32,2026-07-23 18:00:00,11 days 12:00:00,276,20.75,-130.75,993.2,54.1
2026-07-12 06:00:00,5,32,2026-07-24 00:00:00,11 days 18:00:00,282,20.64,-132.63,996.2,49.5
2026-07-12 06:00:00,5,32,2026-07-24 06:00:00,12 days 00:00:00,288,20.5,-134.5,999.2,44.9
2026-07-12 06:00:00,5,32,2026-07-24 12:00:00,12 days 06:00:00,294,20.51,-136.25,1001.2,41.6
2026-07-12 06:00:00,5,32,2026-07-24 18:00:00,12 days 12:00:00,300,20.5,-138.0,1003.2,38.3
2026-07-12 06:00:00,5,32,2026-07-25 00:00:00,12 days 18:00:00,306,20.64,-140.0,1003.1,38.4
2026-07-12 06:00:00,5,32,2026-07-25 06:00:00,13 days 00:00:00,312,20.75,-142.0,1003.0,38.6
2026-07-12 06:00:00,5,32,2026-07-25 12:00:00,13 days 06:00:00,318,21.01,-144.0,1004.3,36.4
2026-07-12 06:00:00,5,32,2026-07-25 18:00:00,13 days 12:00:00,324,21.25,-146.0,1005.5,34.2
2026-07-12 06:00:00,5,32,2026-07-26 00:00:00,13 days 18:00:00,330,21.51,-148.0,1007.0,31.4
2026-07-12 06:00:00,5,32,2026-07-26 06:00:00,14 days 00:00:00,336,21.75,-150.0,1008.5,28.5
2026-07-12 06:00:00,5,32,2026-07-26 12:00:00,14 days 06:00:00,342,22.26,-151.74,1007.6,30.3
2026-07-12 06:00:00,5,32,2026-07-26 18:00:00,14 days 12:00:00,348,22.75,-153.5,1006.6,32.2
2026-07-12 06:00:00,5,32,2026-07-27 00:00:00,14 days 18:00:00,354,23.76,-154.86,1006.3,32.8
2026-07-12 06:00:00,5,32,2026-07-27 06:00:00,15 days 00:00:00,360,24.75,-156.25,1005.9,33.4
2026-07-12 06:00:00,6,32,2026-07-18 06:00:00,6 days 00:00:00,144,10.25,-103.75,1009.2,27.2
2026-07-12 06:00:00,6,32,2026-07-18 12:00:00,6 days 06:00:00,150,11.25,-105.12,1008.9,27.7
2026-07-12 06:00:00,6,32,2026-07-18 18:00:00,6 days 12:00:00,156,12.25,-106.5,1008.7,28.1
2026-07-12 06:00:00,6,32,2026-07-19 00:00:00,6 days 18:00:00,162,13.13,-107.87,1007.6,30.3
2026-07-12 06:00:00,6,32,2026-07-19 06:00:00,7 days 00:00:00,168,14.0,-109.25,1006.4,32.5
2026-07-12 06:00:00,6,32,2026-07-19 12:00:00,7 days 06:00:00,174,14.0,-110.5,1004.5,36.0
2026-07-12 06:00:00,6,32,2026-07-19 18:00:00,7 days 12:00:00,180,14.0,-111.75,1002.6,39.4
2026-07-12 06:00:00,6,32,2026-07-20 00:00:00,7 days 18:00:00,186,14.63,-112.87,999.8,43.9
2026-07-12 06:00:00,6,32,2026-07-20 06:00:00,8 days 00:00:00,192,15.25,-114.0,997.0,48.4
2026-07-12 06:00:00,6,32,2026-07-20 12:00:00,8 days 06:00:00,198,15.88,-115.0,993.2,54.0
2026-07-12 06:00:00,6,32,2026-07-20 18:00:00,8 days 12:00:00,204,16.5,-116.0,989.3,59.7
2026-07-12 06:00:00,6,32,2026-07-21 00:00:00,8 days 18:00:00,210,17.13,-116.62,989.5,59.5
2026-07-12 06:00:00,6,32,2026-07-21 06:00:00,9 days 00:00:00,216,17.75,-117.25,989.6,59.3
2026-07-12 06:00:00,7,32,2026-07-20 06:00:00,8 days 00:00:00,192,15.0,141.0,1000.3,43.2
2026-07-12 06:00:00,7,32,2026-07-20 12:00:00,8 days 06:00:00,198,15.01,139.25,1000.3,43.2
2026-07-12 06:00:00,7,32,2026-07-20 18:00:00,8 days 12:00:00,204,15.0,137.5,1000.2,43.3
2026-07-12 06:00:00,7,32,2026-07-21 00:00:00,8 days 18:00:00,210,16.13,137.0,999.4,44.5
2026-07-12 06:00:00,7,32,2026-07-21 06:00:00,9 days 00:00:00,216,17.25,136.5,998.7,45.8
2026-07-12 06:00:00,7,32,2026-07-21 12:00:00,9 days 06:00:00,222,17.38,135.38,998.1,46.7
2026-07-12 06:00:00,7,32,2026-07-21 18:00:00,9 days 12:00:00,228,17.5,134.25,997.5,47.6
2026-07-12 06:00:00,7,32,2026-07-22 00:00:00,9 days 18:00:00,234,17.5,133.12,995.4,50.8
2026-07-12 06:00:00,7,32,2026-07-22 06:00:00,10 days 00:00:00,240,17.5,132.0,993.3,53.9
2026-07-12 06:00:00,7,32,2026-07-22 12:00:00,10 days 06:00:00,246,17.75,131.5,991.3,56.8
2026-07-12 06:00:00,7,32,2026-07-22 18:00:00,10 days 12:00:00,252,18.0,131.0,989.3,59.7
2026-07-12 06:00:00,7,32,2026-07-23 00:00:00,10 days 18:00:00,258,17.88,130.5,987.0,62.9
2026-07-12 06:00:00,7,32,2026-07-23 06:00:00,11 days 00:00:00,264,17.75,130.0,984.7,66.1
2026-07-12 06:00:00,7,32,2026-07-23 12:00:00,11 days 06:00:00,270,18.25,129.88,980.6,71.4
2026-07-12 06:00:00,7,32,2026-07-23 18:00:00,11 days 12:00:00,276,18.75,129.75,976.5,76.7
2026-07-12 06:00:00,7,32,2026-07-24 00:00:00,11 days 18:00:00,282,19.38,129.5,975.2,78.3
2026-07-12 06:00:00,7,32,2026-07-24 06:00:00,12 days 00:00:00,288,20.0,129.25,973.9,79.9
2026-07-12 06:00:00,7,32,2026-07-24 12:00:00,12 days 06:00:00,294,20.63,129.0,972.8,81.2
2026-07-12 06:00:00,7,32,2026-07-24 18:00:00,12 days 12:00:00,300,21.25,128.75,971.7,82.6
2026-07-12 06:00:00,7,32,2026-07-25 00:00:00,12 days 18:00:00,306,22.25,127.88,970.4,84.2
2026-07-12 06:00:00,7,32,2026-07-25 06:00:00,13 days 00:00:00,312,23.25,127.0,969.1,85.7
2026-07-12 06:00:00,7,32,2026-07-25 12:00:00,13 days 06:00:00,318,24.25,126.13,966.8,88.4
2026-07-12 06:00:00,7,32,2026-07-25 18:00:00,13 days 12:00:00,324,25.25,125.25,964.6,91.0
2026-07-12 06:00:00,7,32,2026-07-26 00:00:00,13 days 18:00:00,330,26.5,124.51,962.7,93.2
2026-07-12 06:00:00,7,32,2026-07-26 06:00:00,14 days 00:00:00,336,27.75,123.75,960.7,95.4
2026-07-12 06:00:00,7,32,2026-07-26 12:00:00,14 days 06:00:00,342,29.13,122.89,963.0,92.8
2026-07-12 06:00:00,7,32,2026-07-26 18:00:00,14 days 12:00:00,348,30.5,122.0,965.3,90.2
2026-07-12 06:00:00,7,32,2026-07-27 00:00:00,14 days 18:00:00,354,31.75,121.01,975.5,77.4
2026-07-12 06:00:00,7,32,2026-07-27 06:00:00,15 days 00:00:00,360,33.0,120.0,985.8,64.6
2026-07-12 06:00:00,0,33,2026-07-12 06:00:00,0 days 00:00:00,0,31.25,118.75,986.3,63.8
2026-07-12 06:00:00,0,33,2026-07-12 12:00:00,0 days 06:00:00,6,32.13,118.25,988.3,61.1
2026-07-12 06:00:00,0,33,2026-07-12 18:00:00,0 days 12:00:00,12,33.0,117.75,990.2,58.4
2026-07-12 06:00:00,0,33,2026-07-13 00:00:00,0 days 18:00:00,18,33.38,117.87,991.1,57.1
2026-07-12 06:00:00,0,33,2026-07-13 06:00:00,1 days 00:00:00,24,33.75,118.0,992.1,55.8
2026-07-12 06:00:00,0,33,2026-07-13 12:00:00,1 days 06:00:00,30,34.38,118.62,992.5,55.2
2026-07-12 06:00:00,0,33,2026-07-13 18:00:00,1 days 12:00:00,36,35.0,119.25,992.9,54.6
2026-07-12 06:00:00,0,33,2026-07-14 00:00:00,1 days 18:00:00,42,35.75,120.24,993.6,53.5
2026-07-12 06:00:00,0,33,2026-07-14 06:00:00,2 days 00:00:00,48,36.5,121.25,994.4,52.3
2026-07-12 06:00:00,0,33,2026-07-14 12:00:00,2 days 06:00:00,54,38.04,124.31,993.1,54.3
2026-07-12 06:00:00,0,33,2026-07-14 18:00:00,2 days 12:00:00,60,39.5,127.5,991.7,56.3
2026-07-12 06:00:00,0,33,2026-07-15 00:00:00,2 days 18:00:00,66,40.94,131.17,990.4,58.2
2026-07-12 06:00:00,0,33,2026-07-15 06:00:00,3 days 00:00:00,72,42.25,135.0,989.0,60.2
2026-07-12 06:00:00,3,33,2026-07-12 06:00:00,0 days 00:00:00,0,-41.75,-140.0,971.7,82.5
2026-07-12 06:00:00,3,33,2026-07-12 12:00:00,0 days 06:00:00,6,-43.13,-139.63,969.9,84.7
2026-07-12 06:00:00,3,33,2026-07-12 18:00:00,0 days 12:00:00,12,-44.5,-139.25,968.1,86.9
2026-07-12 06:00:00,3,33,2026-07-13 00:00:00,0 days 18:00:00,18,-45.88,-139.86,970.7,83.8
2026-07-12 06:00:00,3,33,2026-07-13 06:00:00,1 days 00:00:00,24,-47.25,-140.5,973.2,80.7
2026-07-12 06:00:00,3,33,2026-07-13 12:00:00,1 days 06:00:00,30,-46.38,-141.64,974.7,78.9
2026-07-12 06:00:00,3,33,2026-07-13 18:00:00,1 days 12:00:00,36,-45.5,-142.75,976.1,77.2
2026-07-12 06:00:00,4,33,2026-07-12 06:00:00,0 days 00:00:00,0,-41.0,-92.75,973.3,80.6
2026-07-12 06:00:00,4,33,2026-07-12 12:00:00,0 days 06:00:00,6,-41.9,-90.41,973.5,80.4
2026-07-12 06:00:00,4,33,2026-07-12 18:00:00,0 days 12:00:00,12,-42.75,-88.0,973.6,80.2
2026-07-12 06:00:00,4,33,2026-07-13 00:00:00,0 days 18:00:00,18,-43.41,-85.4,976.1,77.1
2026-07-12 06:00:00,4,33,2026-07-13 06:00:00,1 days 00:00:00,24,-44.0,-82.75,978.5,74.1
2026-07-12 06:00:00,4,33,2026-07-13 12:00:00,1 days 06:00:00,30,-44.89,-80.66,980.9,71.1
2026-07-12 06:00:00,4,33,2026-07-13 18:00:00,1 days 12:00:00,36,-45.75,-78.5,983.2,68.1
2026-07-12 06:00:00,4,33,2026-07-14 00:00:00,1 days 18:00:00,42,-46.63,-77.39,986.7,63.2
2026-07-12 06:00:00,4,33,2026-07-14 06:00:00,2 days 00:00:00,48,-47.5,-76.25,990.3,58.3
2026-07-12 06:00:00,5,33,2026-07-15 18:00:00,3 days 12:00:00,84,12.25,-114.75,1005.0,35.1
2026-07-12 06:00:00,5,33,2026-07-16 00:00:00,3 days 18:00:00,90,13.38,-115.25,1004.0,36.9
2026-07-12 06:00:00,5,33,2026-07-16 06:00:00,4 days 00:00:00,96,14.5,-115.75,1002.9,38.7
2026-07-12 06:00:00,5,33,2026-07-16 12:00:00,4 days 06:00:00,102,15.0,-116.37,1000.5,42.7
2026-07-12 06:00:00,5,33,2026-07-16 18:00:00,4 days 12:00:00,108,15.5,-117.0,998.1,46.7
2026-07-12 06:00:00,5,33,2026-07-17 00:00:00,4 days 18:00:00,114,15.75,-118.0,996.2,49.5
2026-07-12 06:00:00,5,33,2026-07-17 06:00:00,5 days 00:00:00,120,16.0,-119.0,994.4,52.4
2026-07-12 06:00:00,5,33,2026-07-17 12:00:00,5 days 06:00:00,126,16.75,-119.87,991.8,56.2
2026-07-12 06:00:00,5,33,2026-07-17 18:00:00,5 days 12:00:00,132,17.5,-120.75,989.1,60.0
2026-07-12 06:00:00,5,33,2026-07-18 00:00:00,5 days 18:00:00,138,17.75,-121.62,987.4,62.4
2026-07-12 06:00:00,5,33,2026-07-18 06:00:00,6 days 00:00:00,144,18.0,-122.5,985.6,64.8
2026-07-12 06:00:00,5,33,2026-07-18 12:00:00,6 days 06:00:00,150,18.38,-123.25,988.2,61.3
2026-07-12 06:00:00,5,33,2026-07-18 18:00:00,6 days 12:00:00,156,18.75,-124.0,990.7,57.7
2026-07-12 06:00:00,5,33,2026-07-19 00:00:00,6 days 18:00:00,162,19.5,-124.75,991.7,56.3
2026-07-12 06:00:00,5,33,2026-07-19 06:00:00,7 days 00:00:00,168,20.25,-125.5,992.7,54.9
2026-07-12 06:00:00,5,33,2026-07-19 12:00:00,7 days 06:00:00,174,20.75,-126.5,993.4,53.8
2026-07-12 06:00:00,5,33,2026-07-19 18:00:00,7 days 12:00:00,180,21.25,-127.5,994.1,52.7
2026-07-12 06:00:00,5,33,2026-07-20 00:00:00,7 days 18:00:00,186,21.63,-128.75,996.3,49.4
2026-07-12 06:00:00,5,33,2026-07-20 06:00:00,8 days 00:00:00,192,22.0,-130.0,998.5,46.1
2026-07-12 06:00:00,5,33,2026-07-20 12:00:00,8 days 06:00:00,198,22.01,-131.38,999.5,44.4
2026-07-12 06:00:00,5,33,2026-07-20 18:00:00,8 days 12:00:00,204,22.0,-132.75,1000.5,42.8
2026-07-12 06:00:00,5,33,2026-07-21 00:00:00,8 days 18:00:00,210,22.0,-133.88,1001.0,42.0
2026-07-12 06:00:00,5,33,2026-07-21 06:00:00,9 days 00:00:00,216,22.0,-135.0,1001.5,41.2
2026-07-12 06:00:00,6,33,2026-07-17 06:00:00,5 days 00:00:00,120,8.25,-103.75,1006.6,32.2
2026-07-12 06:00:00,6,33,2026-07-17 12:00:00,5 days 06:00:00,126,8.5,-104.25,1006.1,33.0
2026-07-12 06:00:00,6,33,2026-07-17 18:00:00,5 days 12:00:00,132,8.75,-104.75,1005.7,33.9
2026-07-12 06:00:00,6,33,2026-07-18 00:00:00,5 days 18:00:00,138,9.38,-105.25,1006.3,32.7
2026-07-12 06:00:00,6,33,2026-07-18 06:00:00,6 days 00:00:00,144,10.0,-105.75,1007.0,31.4
2026-07-12 06:00:00,6,33,2026-07-18 12:00:00,6 days 06:00:00,150,10.13,-106.75,1005.3,34.4
2026-07-12 06:00:00,6,33,2026-07-18 18:00:00,6 days 12:00:00,156,10.25,-107.75,1003.7,37.4
2026-07-12 06:00:00,6,33,2026-07-19 00:00:00,6 days 18:00:00,162,10.75,-109.0,1002.7,39.1
2026-07-12 06:00:00,6,33,2026-07-19 06:00:00,7 days 00:00:00,168,11.25,-110.25,1001.7,40.8
2026-07-12 06:00:00,6,33,2026-07-19 12:00:00,7 days 06:00:00,174,11.38,-110.87,1001.5,41.1
2026-07-12 06:00:00,6,33,2026-07-19 18:00:00,7 days 12:00:00,180,11.5,-111.5,1001.4,41.3
2026-07-12 06:00:00,6,33,2026-07-20 00:00:00,7 days 18:00:00,186,12.13,-112.12,999.5,44.4
2026-07-12 06:00:00,6,33,2026-07-20 06:00:00,8 days 00:00:00,192,12.75,-112.75,997.6,47.5
2026-07-12 06:00:00,6,33,2026-07-20 12:00:00,8 days 06:00:00,198,13.25,-113.62,996.2,49.6
2026-07-12 06:00:00,6,33,2026-07-20 18:00:00,8 days 12:00:00,204,13.75,-114.5,994.9,51.7
2026-07-12 06:00:00,6,33,2026-07-21 00:00:00,8 days 18:00:00,210,14.38,-115.37,991.9,55.9
2026-07-12 06:00:00,6,33,2026-07-21 06:00:00,9 days 00:00:00,216,15.0,-116.25,989.0,60.1
2026-07-12 06:00:00,6,33,2026-07-21 12:00:00,9 days 06:00:00,222,15.38,-117.12,987.5,62.2
2026-07-12 06:00:00,6,33,2026-07-21 18:00:00,9 days 12:00:00,228,15.75,-118.0,985.9,64.4
2026-07-12 06:00:00,6,33,2026-07-22 00:00:00,9 days 18:00:00,234,16.13,-118.87,985.5,64.9
2026-07-12 06:00:00,6,33,2026-07-22 06:00:00,10 days 00:00:00,240,16.5,-119.75,985.2,65.4
2026-07-12 06:00:00,6,33,2026-07-22 12:00:00,10 days 06:00:00,246,16.75,-120.75,984.5,66.3
2026-07-12 06:00:00,6,33,2026-07-22 18:00:00,10 days 12:00:00,252,17.0,-121.75,983.9,67.1
2026-07-12 06:00:00,6,33,2026-07-23 00:00:00,10 days 18:00:00,258,17.38,-123.0,985.9,64.3
2026-07-12 06:00:00,6,33,2026-07-23 06:00:00,11 days 00:00:00,264,17.75,-124.25,988.0,61.6
2026-07-12 06:00:00,6,33,2026-07-23 12:00:00,11 days 06:00:00,270,18.13,-125.75,987.8,61.8
2026-07-12 06:00:00,6,33,2026-07-23 18:00:00,11 days 12:00:00,276,18.5,-127.25,987.6,62.1
2026-07-12 06:00:00,6,33,2026-07-24 00:00:00,11 days 18:00:00,282,18.63,-128.62,988.2,61.2
2026-07-12 06:00:00,6,33,2026-07-24 06:00:00,12 days 00:00:00,288,18.75,-130.0,988.8,60.4
2026-07-12 06:00:00,6,33,2026-07-24 12:00:00,12 days 06:00:00,294,19.01,-131.87,992.0,55.7
2026-07-12 06:00:00,6,33,2026-07-24 18:00:00,12 days 12:00:00,300,19.25,-133.75,995.2,51.1
2026-07-12 06:00:00,6,33,2026-07-25 00:00:00,12 days 18:00:00,306,19.26,-135.62,993.6,53.5
2026-07-12 06:00:00,6,33,2026-07-25 06:00:00,13 days 00:00:00,312,19.25,-137.5,992.0,55.9
2026-07-12 06:00:00,6,33,2026-07-25 12:00:00,13 days 06:00:00,318,19.01,-139.5,993.4,53.8
2026-07-12 06:00:00,6,33,2026-07-25 18:00:00,13 days 12:00:00,324,18.75,-141.5,994.8,51.7
2026-07-12 06:00:00,6,33,2026-07-26 00:00:00,13 days 18:00:00,330,18.26,-143.13,996.3,49.4
2026-07-12 06:00:00,6,33,2026-07-26 06:00:00,14 days 00:00:00,336,17.75,-144.75,997.8,47.1
2026-07-12 06:00:00,6,33,2026-07-26 12:00:00,14 days 06:00:00,342,17.38,-146.63,998.5,46.1
2026-07-12 06:00:00,6,33,2026-07-26 18:00:00,14 days 12:00:00,348,17.0,-148.5,999.1,45.1
2026-07-12 06:00:00,6,33,2026-07-27 00:00:00,14 days 18:00:00,354,16.76,-150.0,998.9,45.3
2026-07-12 06:00:00,6,33,2026-07-27 06:00:00,15 days 00:00:00,360,16.5,-151.5,998.8,45.6
2026-07-12 06:00:00,7,33,2026-07-24 06:00:00,12 days 00:00:00,288,15.5,115.25,999.5,44.5
2026-07-12 06:00:00,7,33,2026-07-24 12:00:00,12 days 06:00:00,294,14.75,114.37,998.8,45.5
2026-07-12 06:00:00,7,33,2026-07-24 18:00:00,12 days 12:00:00,300,14.0,113.5,998.2,46.5
2026-07-12 06:00:00,7,33,2026-07-25 00:00:00,12 days 18:00:00,306,14.38,113.5,997.0,48.3
2026-07-12 06:00:00,7,33,2026-07-25 06:00:00,13 days 00:00:00,312,14.75,113.5,995.8,50.2
2026-07-12 06:00:00,7,33,2026-07-25 12:00:00,13 days 06:00:00,318,15.38,113.5,994.8,51.7
2026-07-12 06:00:00,7,33,2026-07-25 18:00:00,13 days 12:00:00,324,16.0,113.5,993.8,53.2
2026-07-12 06:00:00,7,33,2026-07-26 00:00:00,13 days 18:00:00,330,17.25,112.38,992.9,54.5
2026-07-12 06:00:00,7,33,2026-07-26 06:00:00,14 days 00:00:00,336,18.5,111.25,992.0,55.8
2026-07-12 06:00:00,7,33,2026-07-26 12:00:00,14 days 06:00:00,342,19.25,110.25,991.9,56.0
2026-07-12 06:00:00,7,33,2026-07-26 18:00:00,14 days 12:00:00,348,20.0,109.25,991.8,56.2
2026-07-12 06:00:00,7,33,2026-07-27 00:00:00,14 days 18:00:00,354,20.5,108.25,993.8,53.2
2026-07-12 06:00:00,7,33,2026-07-27 06:00:00,15 days 00:00:00,360,21.0,107.25,995.8,50.2
2026-07-12 06:00:00,0,34,2026-07-12 06:00:00,0 days 00:00:00,0,31.25,118.75,986.3,63.8
2026-07-12 06:00:00,0,34,2026-07-12 12:00:00,0 days 06:00:00,6,32.0,118.38,988.1,61.4
2026-07-12 06:00:00,0,34,2026-07-12 18:00:00,0 days 12:00:00,12,32.75,118.0,989.8,59.0
2026-07-12 06:00:00,0,34,2026-07-13 00:00:00,0 days 18:00:00,18,33.5,118.37,990.8,57.6
2026-07-12 06:00:00,0,34,2026-07-13 06:00:00,1 days 00:00:00,24,34.25,118.75,991.7,56.3
2026-07-12 06:00:00,0,34,2026-07-13 12:00:00,1 days 06:00:00,30,35.13,119.24,992.3,55.5
2026-07-12 06:00:00,0,34,2026-07-13 18:00:00,1 days 12:00:00,36,36.0,119.75,992.8,54.7
2026-07-12 06:00:00,0,34,2026-07-14 00:00:00,1 days 18:00:00,42,36.63,121.24,992.1,55.7
2026-07-12 06:00:00,0,34,2026-07-14 06:00:00,2 days 00:00:00,48,37.25,122.75,991.4,56.7
2026-07-12 06:00:00,0,34,2026-07-14 12:00:00,2 days 06:00:00,54,38.43,126.2,990.7,57.8
2026-07-12 06:00:00,0,34,2026-07-14 18:00:00,2 days 12:00:00,60,39.5,129.75,989.9,58.9
2026-07-12 06:00:00,3,34,2026-07-12 06:00:00,0 days 00:00:00,0,-41.75,-140.0,971.7,82.5
2026-07-12 06:00:00,3,34,2026-07-12 12:00:00,0 days 06:00:00,6,-43.13,-139.63,971.2,83.1
2026-07-12 06:00:00,3,34,2026-07-12 18:00:00,0 days 12:00:00,12,-44.5,-139.25,970.7,83.7
2026-07-12 06:00:00,3,34,2026-07-13 00:00:00,0 days 18:00:00,18,-45.5,-139.99,971.3,83.1
2026-07-12 06:00:00,3,34,2026-07-13 06:00:00,1 days 00:00:00,24,-46.5,-140.75,971.8,82.4
2026-07-12 06:00:00,3,34,2026-07-13 12:00:00,1 days 06:00:00,30,-45.76,-141.89,975.4,77.9
2026-07-12 06:00:00,3,34,2026-07-13 18:00:00,1 days 12:00:00,36,-45.0,-143.0,979.1,73.4
2026-07-12 06:00:00,3,34,2026-07-14 00:00:00,1 days 18:00:00,42,-43.63,-143.13,980.5,71.6
2026-07-12 06:00:00,3,34,2026-07-14 06:00:00,2 days 00:00:00,48,-42.25,-143.25,981.9,69.8
2026-07-12 06:00:00,4,34,2026-07-12 06:00:00,0 days 00:00:00,0,-41.0,-92.75,973.3,80.6
2026-07-12 06:00:00,4,34,2026-07-12 12:00:00,0 days 06:00:00,6,-41.9,-90.28,973.9,79.9
2026-07-12 06:00:00,4,34,2026-07-12 18:00:00,0 days 12:00:00,12,-42.75,-87.75,974.4,79.2
2026-07-12 06:00:00,4,34,2026-07-13 00:00:00,0 days 18:00:00,18,-43.28,-85.15,976.8,76.3
2026-07-12 06:00:00,4,34,2026-07-13 06:00:00,1 days 00:00:00,24,-43.75,-82.5,979.1,73.4
2026-07-12 06:00:00,4,34,2026-07-13 12:00:00,1 days 06:00:00,30,-44.89,-80.42,981.6,70.1
2026-07-12 06:00:00,4,34,2026-07-13 18:00:00,1 days 12:00:00,36,-46.0,-78.25,984.1,66.9
2026-07-12 06:00:00,4,34,2026-07-14 00:00:00,1 days 18:00:00,42,-46.88,-78.13,987.0,62.8
2026-07-12 06:00:00,4,34,2026-07-14 06:00:00,2 days 00:00:00,48,-47.75,-78.0,990.0,58.8
2026-07-12 06:00:00,5,34,2026-07-14 18:00:00,2 days 12:00:00,60,13.5,-107.75,1006.5,32.4
2026-07-12 06:00:00,5,34,2026-07-15 00:00:00,2 days 18:00:00,66,13.63,-109.62,1005.7,33.8
2026-07-12 06:00:00,5,34,2026-07-15 06:00:00,3 days 00:00:00,72,13.75,-111.5,1004.9,35.3
2026-07-12 06:00:00,5,34,2026-07-15 12:00:00,3 days 06:00:00,78,14.25,-112.87,1003.5,37.7
2026-07-12 06:00:00,5,34,2026-07-15 18:00:00,3 days 12:00:00,84,14.75,-114.25,1002.2,40.1
2026-07-12 06:00:00,5,34,2026-07-16 00:00:00,3 days 18:00:00,90,14.75,-115.5,1000.6,42.6
2026-07-12 06:00:00,5,34,2026-07-16 06:00:00,4 days 00:00:00,96,14.75,-116.75,999.0,45.2
2026-07-12 06:00:00,5,34,2026-07-16 12:00:00,4 days 06:00:00,102,14.75,-117.75,999.5,44.5
2026-07-12 06:00:00,5,34,2026-07-16 18:00:00,4 days 12:00:00,108,14.75,-118.75,999.9,43.8
2026-07-12 06:00:00,5,34,2026-07-17 00:00:00,4 days 18:00:00,114,14.88,-119.5,998.5,46.0
2026-07-12 06:00:00,5,34,2026-07-17 06:00:00,5 days 00:00:00,120,15.0,-120.25,997.1,48.3
2026-07-12 06:00:00,5,34,2026-07-17 12:00:00,5 days 06:00:00,126,15.5,-121.0,995.6,50.5
2026-07-12 06:00:00,5,34,2026-07-17 18:00:00,5 days 12:00:00,132,16.0,-121.75,994.2,52.7
2026-07-12 06:00:00,5,34,2026-07-18 00:00:00,5 days 18:00:00,138,16.88,-122.25,994.4,52.3
2026-07-12 06:00:00,5,34,2026-07-18 06:00:00,6 days 00:00:00,144,17.75,-122.75,994.7,52.0
2026-07-12 06:00:00,5,34,2026-07-18 12:00:00,6 days 06:00:00,150,18.13,-123.62,994.6,52.1
2026-07-12 06:00:00,5,34,2026-07-18 18:00:00,6 days 12:00:00,156,18.5,-124.5,994.5,52.2
2026-07-12 06:00:00,5,34,2026-07-19 00:00:00,6 days 18:00:00,162,19.13,-125.37,996.2,49.6
2026-07-12 06:00:00,5,34,2026-07-19 06:00:00,7 days 00:00:00,168,19.75,-126.25,997.9,47.0
2026-07-12 06:00:00,5,34,2026-07-19 12:00:00,7 days 06:00:00,174,20.13,-127.25,998.9,45.5
2026-07-12 06:00:00,5,34,2026-07-19 18:00:00,7 days 12:00:00,180,20.5,-128.25,999.8,44.0
2026-07-12 06:00:00,5,34,2026-07-20 00:00:00,7 days 18:00:00,186,20.75,-129.37,1000.9,42.2
2026-07-12 06:00:00,5,34,2026-07-20 06:00:00,8 days 00:00:00,192,21.0,-130.5,1002.0,40.3
2026-07-12 06:00:00,5,34,2026-07-20 12:00:00,8 days 06:00:00,198,21.26,-132.62,1003.2,38.2
2026-07-12 06:00:00,5,34,2026-07-20 18:00:00,8 days 12:00:00,204,21.5,-134.75,1004.4,36.2
2026-07-12 06:00:00,5,34,2026-07-21 00:00:00,8 days 18:00:00,210,21.13,-136.5,1005.5,34.1
2026-07-12 06:00:00,5,34,2026-07-21 06:00:00,9 days 00:00:00,216,20.75,-138.25,1006.6,32.1
2026-07-12 06:00:00,6,34,2026-07-17 06:00:00,5 days 00:00:00,120,8.5,-106.25,1006.6,32.2
2026-07-12 06:00:00,6,34,2026-07-17 12:00:00,5 days 06:00:00,126,8.63,-106.5,1005.8,33.6
2026-07-12 06:00:00,6,34,2026-07-17 18:00:00,5 days 12:00:00,132,8.75,-106.75,1005.1,35.0
2026-07-12 06:00:00,6,34,2026-07-18 00:00:00,5 days 18:00:00,138,9.0,-107.37,1004.6,35.9
2026-07-12 06:00:00,6,34,2026-07-18 06:00:00,6 days 00:00:00,144,9.25,-108.0,1004.0,36.8
2026-07-12 06:00:00,6,34,2026-07-18 12:00:00,6 days 06:00:00,150,9.5,-108.87,1001.8,40.6
2026-07-12 06:00:00,6,34,2026-07-18 18:00:00,6 days 12:00:00,156,9.75,-109.75,999.5,44.4
2026-07-12 06:00:00,6,34,2026-07-19 00:00:00,6 days 18:00:00,162,9.88,-110.75,999.7,44.0
2026-07-12 06:00:00,6,34,2026-07-19 06:00:00,7 days 00:00:00,168,10.0,-111.75,1000.0,43.7
2026-07-12 06:00:00,6,34,2026-07-19 12:00:00,7 days 06:00:00,174,10.38,-112.62,1001.1,41.8
2026-07-12 06:00:00,6,34,2026-07-19 18:00:00,7 days 12:00:00,180,10.75,-113.5,1002.2,39.9
2026-07-12 06:00:00,6,34,2026-07-20 00:00:00,7 days 18:00:00,186,11.5,-114.25,1004.2,36.5
2026-07-12 06:00:00,6,34,2026-07-20 06:00:00,8 days 00:00:00,192,12.25,-115.0,1006.2,33.0
2026-07-12 06:00:00,6,34,2026-07-20 12:00:00,8 days 06:00:00,198,13.13,-115.75,1006.9,31.5
2026-07-12 06:00:00,6,34,2026-07-20 18:00:00,8 days 12:00:00,204,14.0,-116.5,1007.7,30.0
2026-07-12 06:00:00,6,34,2026-07-21 00:00:00,8 days 18:00:00,210,14.38,-117.25,1006.5,32.4
2026-07-12 06:00:00,6,34,2026-07-21 06:00:00,9 days 00:00:00,216,14.75,-118.0,1005.2,34.8
2026-07-12 06:00:00,6,34,2026-07-21 12:00:00,9 days 06:00:00,222,14.88,-118.62,1002.8,38.8
2026-07-12 06:00:00,6,34,2026-07-21 18:00:00,9 days 12:00:00,228,15.0,-119.25,1000.5,42.8
2026-07-12 06:00:00,6,34,2026-07-22 00:00:00,9 days 18:00:00,234,15.0,-119.5,999.9,43.7
2026-07-12 06:00:00,6,34,2026-07-22 06:00:00,10 days 00:00:00,240,15.0,-119.75,999.4,44.6
2026-07-12 06:00:00,6,34,2026-07-22 12:00:00,10 days 06:00:00,246,15.13,-120.25,997.7,47.3
2026-07-12 06:00:00,6,34,2026-07-22 18:00:00,10 days 12:00:00,252,15.25,-120.75,995.9,50.0
2026-07-12 06:00:00,6,34,2026-07-23 00:00:00,10 days 18:00:00,258,15.5,-121.5,994.9,51.6
2026-07-12 06:00:00,6,34,2026-07-23 06:00:00,11 days 00:00:00,264,15.75,-122.25,993.8,53.3
2026-07-12 06:00:00,6,34,2026-07-23 12:00:00,11 days 06:00:00,270,16.25,-122.87,993.8,53.3
2026-07-12 06:00:00,6,34,2026-07-23 18:00:00,11 days 12:00:00,276,16.75,-123.5,993.8,53.3
2026-07-12 06:00:00,6,34,2026-07-24 00:00:00,11 days 18:00:00,282,17.5,-124.5,992.4,55.2
2026-07-12 06:00:00,6,34,2026-07-24 06:00:00,12 days 00:00:00,288,18.25,-125.5,991.1,57.1
2026-07-12 06:00:00,6,34,2026-07-24 12:00:00,12 days 06:00:00,294,19.0,-126.62,993.1,54.2
2026-07-12 06:00:00,6,34,2026-07-24 18:00:00,12 days 12:00:00,300,19.75,-127.75,995.1,51.3
2026-07-12 06:00:00,6,34,2026-07-25 00:00:00,12 days 18:00:00,306,20.5,-128.87,996.6,48.9
2026-07-12 06:00:00,6,34,2026-07-25 06:00:00,13 days 00:00:00,312,21.25,-130.0,998.2,46.6
2026-07-12 06:00:00,6,34,2026-07-25 12:00:00,13 days 06:00:00,318,21.88,-131.37,1000.4,42.9
2026-07-12 06:00:00,6,34,2026-07-25 18:00:00,13 days 12:00:00,324,22.5,-132.75,1002.7,39.2
2026-07-12 06:00:00,6,34,2026-07-26 00:00:00,13 days 18:00:00,330,23.13,-133.62,1004.0,36.8
2026-07-12 06:00:00,6,34,2026-07-26 06:00:00,14 days 00:00:00,336,23.75,-134.5,1005.4,34.5
2026-07-12 06:00:00,6,34,2026-07-26 12:00:00,14 days 06:00:00,342,24.75,-135.49,1006.8,31.8
2026-07-12 06:00:00,6,34,2026-07-26 18:00:00,14 days 12:00:00,348,25.75,-136.5,1008.2,29.2
2026-07-12 06:00:00,6,34,2026-07-27 00:00:00,14 days 18:00:00,354,26.5,-137.25,1010.4,24.4
2026-07-12 06:00:00,6,34,2026-07-27 06:00:00,15 days 00:00:00,360,27.25,-138.0,1012.7,19.6
2026-07-12 06:00:00,7,34,2026-07-17 18:00:00,5 days 12:00:00,132,23.75,169.25,1005.5,34.1
2026-07-12 06:00:00,7,34,2026-07-18 00:00:00,5 days 18:00:00,138,24.0,168.94,1004.7,35.6
2026-07-12 06:00:00,7,34,2026-07-18 06:00:00,6 days 00:00:00,144,24.25,168.63,1003.9,37.0
2026-07-12 06:00:00,7,34,2026-07-18 12:00:00,6 days 06:00:00,150,24.5,168.31,1003.1,38.4
2026-07-12 06:00:00,7,34,2026-07-18 18:00:00,6 days 12:00:00,156,24.75,168.0,1002.3,39.8
2026-07-12 06:00:00,7,34,2026-07-19 00:00:00,6 days 18:00:00,162,24.88,168.37,1001.3,41.5
2026-07-12 06:00:00,7,34,2026-07-19 06:00:00,7 days 00:00:00,168,25.0,168.75,1000.3,43.1
2026-07-12 06:00:00,7,34,2026-07-19 12:00:00,7 days 06:00:00,174,25.75,168.63,999.9,43.8
2026-07-12 06:00:00,7,34,2026-07-19 18:00:00,7 days 12:00:00,180,26.5,168.5,999.5,44.4
2026-07-12 06:00:00,7,34,2026-07-20 00:00:00,7 days 18:00:00,186,27.38,168.75,999.3,44.8
2026-07-12 06:00:00,7,34,2026-07-20 06:00:00,8 days 00:00:00,192,28.25,169.0,999.0,45.2
2026-07-12 06:00:00,7,34,2026-07-20 12:00:00,8 days 06:00:00,198,28.88,168.88,997.9,47.0
2026-07-12 06:00:00,7,34,2026-07-20 18:00:00,8 days 12:00:00,204,29.5,168.75,996.8,48.7
2026-07-12 06:00:00,7,34,2026-07-21 00:00:00,8 days 18:00:00,210,30.38,168.87,997.1,48.3
2026-07-12 06:00:00,7,34,2026-07-21 06:00:00,9 days 00:00:00,216,31.25,169.0,997.3,47.9
2026-07-12 06:00:00,7,34,2026-07-21 12:00:00,9 days 06:00:00,222,32.25,169.25,998.0,46.8
2026-07-12 06:00:00,7,34,2026-07-21 18:00:00,9 days 12:00:00,228,33.25,169.5,998.7,45.7
2026-07-12 06:00:00,7,34,2026-07-22 00:00:00,9 days 18:00:00,234,34.0,170.0,998.9,45.5
2026-07-12 06:00:00,7,34,2026-07-22 06:00:00,10 days 00:00:00,240,34.75,170.5,999.0,45.2
2026-07-12 06:00:00,8,34,2026-07-23 06:00:00,11 days 00:00:00,264,9.75,-111.25,1009.4,26.7
2026-07-12 06:00:00,8,34,2026-07-23 12:00:00,11 days 06:00:00,270,10.13,-112.12,1009.6,26.4
2026-07-12 06:00:00,8,34,2026-07-23 18:00:00,11 days 12:00:00,276,10.5,-113.0,1009.7,26.1
2026-07-12 06:00:00,8,34,2026-07-24 00:00:00,11 days 18:00:00,282,10.65,-108.75,1008.7,28.1
2026-07-12 06:00:00,8,34,2026-07-24 06:00:00,12 days 00:00:00,288,10.75,-104.5,1007.7,30.2
2026-07-12 06:00:00,8,34,2026-07-24 12:00:00,12 days 06:00:00,294,11.38,-105.75,1007.6,30.3
2026-07-12 06:00:00,8,34,2026-07-24 18:00:00,12 days 12:00:00,300,12.0,-107.0,1007.5,30.5
2026-07-12 06:00:00,8,34,2026-07-25 00:00:00,12 days 18:00:00,306,12.51,-108.75,1007.1,31.3
2026-07-12 06:00:00,8,34,2026-07-25 06:00:00,13 days 00:00:00,312,13.0,-110.5,1006.7,32.1
2026-07-12 06:00:00,8,34,2026-07-25 12:00:00,13 days 06:00:00,318,13.25,-111.37,1006.3,32.8
2026-07-12 06:00:00,8,34,2026-07-25 18:00:00,13 days 12:00:00,324,13.5,-112.25,1005.9,33.6
2026-07-12 06:00:00,8,34,2026-07-26 00:00:00,13 days 18:00:00,330,13.88,-113.62,1005.6,33.9
2026-07-12 06:00:00,8,34,2026-07-26 06:00:00,14 days 00:00:00,336,14.25,-115.0,1005.4,34.3
2026-07-12 06:00:00,8,34,2026-07-26 12:00:00,14 days 06:00:00,342,14.38,-116.0,1004.1,36.7
2026-07-12 06:00:00,8,34,2026-07-26 18:00:00,14 days 12:00:00,348,14.5,-117.0,1002.8,39.0
2026-07-12 06:00:00,8,34,2026-07-27 00:00:00,14 days 18:00:00,354,14.63,-117.75,1001.1,41.8
2026-07-12 06:00:00,8,34,2026-07-27 06:00:00,15 days 00:00:00,360,14.75,-118.5,999.4,44.7
2026-07-12 06:00:00,0,35,2026-07-12 06:00:00,0 days 00:00:00,0,31.25,118.75,986.3,63.8
2026-07-12 06:00:00,0,35,2026-07-12 12:00:00,0 days 06:00:00,6,32.13,118.38,988.2,61.3
2026-07-12 06:00:00,0,35,2026-07-12 18:00:00,0 days 12:00:00,12,33.0,118.0,990.0,58.7
2026-07-12 06:00:00,0,35,2026-07-13 00:00:00,0 days 18:00:00,18,33.38,118.12,991.2,57.0
2026-07-12 06:00:00,0,35,2026-07-13 06:00:00,1 days 00:00:00,24,33.75,118.25,992.4,55.2
2026-07-12 06:00:00,0,35,2026-07-13 12:00:00,1 days 06:00:00,30,34.5,118.99,992.0,55.8
2026-07-12 06:00:00,0,35,2026-07-13 18:00:00,1 days 12:00:00,36,35.25,119.75,991.6,56.4
2026-07-12 06:00:00,0,35,2026-07-14 00:00:00,1 days 18:00:00,42,36.01,121.36,991.9,56.0
2026-07-12 06:00:00,0,35,2026-07-14 06:00:00,2 days 00:00:00,48,36.75,123.0,992.1,55.7
2026-07-12 06:00:00,0,35,2026-07-14 12:00:00,2 days 06:00:00,54,38.04,125.83,991.6,56.5
2026-07-12 06:00:00,0,35,2026-07-14 18:00:00,2 days 12:00:00,60,39.25,128.75,991.1,57.2
2026-07-12 06:00:00,0,35,2026-07-15 00:00:00,2 days 18:00:00,66,40.69,132.42,989.1,60.0
2026-07-12 06:00:00,0,35,2026-07-15 06:00:00,3 days 00:00:00,72,42.0,136.25,987.0,62.9
2026-07-12 06:00:00,0,35,2026-07-15 12:00:00,3 days 06:00:00,78,40.19,136.65,989.6,59.2
2026-07-12 06:00:00,0,35,2026-07-15 18:00:00,3 days 12:00:00,84,38.38,137.04,992.1,55.6
2026-07-12 06:00:00,0,35,2026-07-16 00:00:00,3 days 18:00:00,90,36.56,137.4,994.6,51.9
2026-07-12 06:00:00,0,35,2026-07-16 06:00:00,4 days 00:00:00,96,34.75,137.75,997.1,48.3
2026-07-12 06:00:00,3,35,2026-07-12 06:00:00,0 days 00:00:00,0,-41.75,-140.0,971.7,82.5
2026-07-12 06:00:00,3,35,2026-07-12 12:00:00,0 days 06:00:00,6,-43.13,-140.12,970.3,84.2
2026-07-12 06:00:00,3,35,2026-07-12 18:00:00,0 days 12:00:00,12,-44.5,-140.25,968.9,86.0
2026-07-12 06:00:00,3,35,2026-07-13 00:00:00,0 days 18:00:00,18,-45.63,-140.49,971.0,83.4
2026-07-12 06:00:00,3,35,2026-07-13 06:00:00,1 days 00:00:00,24,-46.75,-140.75,973.2,80.8
2026-07-12 06:00:00,3,35,2026-07-13 12:00:00,1 days 06:00:00,30,-45.88,-141.51,975.3,78.2
2026-07-12 06:00:00,3,35,2026-07-13 18:00:00,1 days 12:00:00,36,-45.0,-142.25,977.4,75.6
2026-07-12 06:00:00,3,35,2026-07-14 00:00:00,1 days 18:00:00,42,-43.63,-143.02,979.0,73.5
2026-07-12 06:00:00,3,35,2026-07-14 06:00:00,2 days 00:00:00,48,-42.25,-143.75,980.6,71.5
2026-07-12 06:00:00,4,35,2026-07-12 06:00:00,0 days 00:00:00,0,-41.0,-92.75,973.3,80.6
2026-07-12 06:00:00,4,35,2026-07-12 12:00:00,0 days 06:00:00,6,-41.9,-90.41,972.9,81.1
2026-07-12 06:00:00,4,35,2026-07-12 18:00:00,0 days 12:00:00,12,-42.75,-88.0,972.5,81.6
2026-07-12 06:00:00,4,35,2026-07-13 00:00:00,0 days 18:00:00,18,-43.16,-85.39,975.3,78.1
2026-07-12 06:00:00,4,35,2026-07-13 06:00:00,1 days 00:00:00,24,-43.5,-82.75,978.1,74.6
2026-07-12 06:00:00,4,35,2026-07-13 12:00:00,1 days 06:00:00,30,-44.78,-80.3,980.6,71.4
2026-07-12 06:00:00,4,35,2026-07-13 18:00:00,1 days 12:00:00,36,-46.0,-77.75,983.0,68.3
2026-07-12 06:00:00,4,35,2026-07-14 00:00:00,1 days 18:00:00,42,-47.13,-77.14,985.3,65.2
2026-07-12 06:00:00,4,35,2026-07-14 06:00:00,2 days 00:00:00,48,-48.25,-76.5,987.6,62.1
2026-07-12 06:00:00,5,35,2026-07-14 18:00:00,2 days 12:00:00,60,13.25,-110.75,1006.6,32.1
2026-07-12 06:00:00,5,35,2026-07-15 00:00:00,2 days 18:00:00,66,13.63,-111.25,1005.6,34.0
2026-07-12 06:00:00,5,35,2026-07-15 06:00:00,3 days 00:00:00,72,14.0,-111.75,1004.6,35.9
2026-07-12 06:00:00,5,35,2026-07-15 12:00:00,3 days 06:00:00,78,14.5,-113.0,1003.3,38.0
2026-07-12 06:00:00,5,35,2026-07-15 18:00:00,3 days 12:00:00,84,15.0,-114.25,1002.1,40.2
2026-07-12 06:00:00,5,35,2026-07-16 00:00:00,3 days 18:00:00,90,15.0,-115.25,1001.2,41.7
2026-07-12 06:00:00,5,35,2026-07-16 06:00:00,4 days 00:00:00,96,15.0,-116.25,1000.3,43.2
2026-07-12 06:00:00,5,35,2026-07-16 12:00:00,4 days 06:00:00,102,16.0,-117.0,998.3,46.3
2026-07-12 06:00:00,5,35,2026-07-16 18:00:00,4 days 12:00:00,108,17.0,-117.75,996.4,49.3
2026-07-12 06:00:00,5,35,2026-07-17 00:00:00,4 days 18:00:00,114,17.38,-118.5,996.3,49.4
2026-07-12 06:00:00,5,35,2026-07-17 06:00:00,5 days 00:00:00,120,17.75,-119.25,996.3,49.5
2026-07-12 06:00:00,5,35,2026-07-17 12:00:00,5 days 06:00:00,126,18.25,-120.25,995.8,50.2
2026-07-12 06:00:00,5,35,2026-07-17 18:00:00,5 days 12:00:00,132,18.75,-121.25,995.4,50.8
2026-07-12 06:00:00,5,35,2026-07-18 00:00:00,5 days 18:00:00,138,19.0,-122.25,995.9,50.1
2026-07-12 06:00:00,5,35,2026-07-18 06:00:00,6 days 00:00:00,144,19.25,-123.25,996.3,49.5
2026-07-12 06:00:00,5,35,2026-07-18 12:00:00,6 days 06:00:00,150,19.88,-123.75,997.6,47.5
2026-07-12 06:00:00,5,35,2026-07-18 18:00:00,6 days 12:00:00,156,20.5,-124.25,998.8,45.5
2026-07-12 06:00:00,5,35,2026-07-19 00:00:00,6 days 18:00:00,162,20.75,-125.0,1000.1,43.4
2026-07-12 06:00:00,5,35,2026-07-19 06:00:00,7 days 00:00:00,168,21.0,-125.75,1001.4,41.4
2026-07-12 06:00:00,5,35,2026-07-19 12:00:00,7 days 06:00:00,174,21.13,-126.12,1002.0,40.3
2026-07-12 06:00:00,5,35,2026-07-19 18:00:00,7 days 12:00:00,180,21.25,-126.5,1002.6,39.2
2026-07-12 06:00:00,5,35,2026-07-20 00:00:00,7 days 18:00:00,186,21.5,-127.5,1002.6,39.3
2026-07-12 06:00:00,5,35,2026-07-20 06:00:00,8 days 00:00:00,192,21.75,-128.5,1002.5,39.4
2026-07-12 06:00:00,5,35,2026-07-20 12:00:00,8 days 06:00:00,198,22.13,-129.25,1004.0,36.9
2026-07-12 06:00:00,5,35,2026-07-20 18:00:00,8 days 12:00:00,204,22.5,-130.0,1005.4,34.3
2026-07-12 06:00:00,6,35,2026-07-20 18:00:00,8 days 12:00:00,204,14.0,-113.25,1009.5,26.6
2026-07-12 06:00:00,6,35,2026-07-21 00:00:00,8 days 18:00:00,210,14.75,-113.75,1008.6,28.3
2026-07-12 06:00:00,6,35,2026-07-21 06:00:00,9 days 00:00:00,216,15.5,-114.25,1007.7,30.1
2026-07-12 06:00:00,6,35,2026-07-21 12:00:00,9 days 06:00:00,222,16.0,-114.5,1006.2,32.8
2026-07-12 06:00:00,6,35,2026-07-21 18:00:00,9 days 12:00:00,228,16.5,-114.75,1004.8,35.5
2026-07-12 06:00:00,6,35,2026-07-22 00:00:00,9 days 18:00:00,234,16.5,-115.25,1004.5,36.1
2026-07-12 06:00:00,6,35,2026-07-22 06:00:00,10 days 00:00:00,240,16.5,-115.75,1004.2,36.6
2026-07-12 06:00:00,6,35,2026-07-22 12:00:00,10 days 06:00:00,246,17.13,-115.75,1003.3,38.1
2026-07-12 06:00:00,6,35,2026-07-22 18:00:00,10 days 12:00:00,252,17.75,-115.75,1002.4,39.7
2026-07-12 06:00:00,6,35,2026-07-23 00:00:00,10 days 18:00:00,258,18.0,-116.62,1001.2,41.6
2026-07-12 06:00:00,6,35,2026-07-23 06:00:00,11 days 00:00:00,264,18.25,-117.5,1000.0,43.6
2026-07-12 06:00:00,6,35,2026-07-23 12:00:00,11 days 06:00:00,270,18.88,-118.62,999.1,45.0
2026-07-12 06:00:00,6,35,2026-07-23 18:00:00,11 days 12:00:00,276,19.5,-119.75,998.2,46.5
2026-07-12 06:00:00,6,35,2026-07-24 00:00:00,11 days 18:00:00,282,19.88,-121.25,997.8,47.1
2026-07-12 06:00:00,6,35,2026-07-24 06:00:00,12 days 00:00:00,288,20.25,-122.75,997.4,47.8
2026-07-12 06:00:00,6,35,2026-07-24 12:00:00,12 days 06:00:00,294,20.51,-124.75,998.4,46.1
2026-07-12 06:00:00,6,35,2026-07-24 18:00:00,12 days 12:00:00,300,20.75,-126.75,999.5,44.4
2026-07-12 06:00:00,6,35,2026-07-25 00:00:00,12 days 18:00:00,306,20.89,-128.62,1000.6,42.6
2026-07-12 06:00:00,6,35,2026-07-25 06:00:00,13 days 00:00:00,312,21.0,-130.5,1001.8,40.7
2026-07-12 06:00:00,6,35,2026-07-25 12:00:00,13 days 06:00:00,318,20.76,-132.75,1003.7,37.4
2026-07-12 06:00:00,6,35,2026-07-25 18:00:00,13 days 12:00:00,324,20.5,-135.0,1005.6,34.0
2026-07-12 06:00:00,6,35,2026-07-26 00:00:00,13 days 18:00:00,330,20.51,-136.88,1006.4,32.5
2026-07-12 06:00:00,6,35,2026-07-26 06:00:00,14 days 00:00:00,336,20.5,-138.75,1007.2,31.0
2026-07-12 06:00:00,7,35,2026-07-24 06:00:00,12 days 00:00:00,288,16.75,113.5,1000.3,43.1
2026-07-12 06:00:00,7,35,2026-07-24 12:00:00,12 days 06:00:00,294,17.13,113.5,1000.3,43.1
2026-07-12 06:00:00,7,35,2026-07-24 18:00:00,12 days 12:00:00,300,17.5,113.5,1000.3,43.1
2026-07-12 06:00:00,7,35,2026-07-25 00:00:00,12 days 18:00:00,306,18.38,113.13,999.6,44.3
2026-07-12 06:00:00,7,35,2026-07-25 06:00:00,13 days 00:00:00,312,19.25,112.75,998.9,45.4
2026-07-12 06:00:00,7,35,2026-07-25 12:00:00,13 days 06:00:00,318,19.5,113.0,997.2,48.0
2026-07-12 06:00:00,7,35,2026-07-25 18:00:00,13 days 12:00:00,324,19.75,113.25,995.6,50.6
2026-07-12 06:00:00,7,35,2026-07-26 00:00:00,13 days 18:00:00,330,20.75,113.0,994.6,52.1
2026-07-12 06:00:00,7,35,2026-07-26 06:00:00,14 days 00:00:00,336,21.75,112.75,993.6,53.6
2026-07-12 06:00:00,7,35,2026-07-26 12:00:00,14 days 06:00:00,342,22.75,112.38,995.1,51.2
2026-07-12 06:00:00,7,35,2026-07-26 18:00:00,14 days 12:00:00,348,23.75,112.0,996.7,48.9
2026-07-12 06:00:00,0,36,2026-07-12 06:00:00,0 days 00:00:00,0,31.25,118.75,986.3,63.8
2026-07-12 06:00:00,0,36,2026-07-12 12:00:00,0 days 06:00:00,6,32.13,118.25,987.7,61.9
2026-07-12 06:00:00,0,36,2026-07-12 18:00:00,0 days 12:00:00,12,33.0,117.75,989.1,60.0
2026-07-12 06:00:00,0,36,2026-07-13 00:00:00,0 days 18:00:00,18,33.63,118.0,989.7,59.1
2026-07-12 06:00:00,0,36,2026-07-13 06:00:00,1 days 00:00:00,24,34.25,118.25,990.4,58.2
2026-07-12 06:00:00,0,36,2026-07-13 12:00:00,1 days 06:00:00,30,34.5,118.75,990.9,57.5
2026-07-12 06:00:00,0,36,2026-07-13 18:00:00,1 days 12:00:00,36,34.75,119.25,991.4,56.7
2026-07-12 06:00:00,0,36,2026-07-14 00:00:00,1 days 18:00:00,42,35.89,121.22,991.1,57.2
2026-07-12 06:00:00,0,36,2026-07-14 06:00:00,2 days 00:00:00,48,37.0,123.25,990.7,57.8
2026-07-12 06:00:00,0,36,2026-07-14 12:00:00,2 days 06:00:00,54,37.54,126.23,990.6,57.8
2026-07-12 06:00:00,0,36,2026-07-14 18:00:00,2 days 12:00:00,60,38.0,129.25,990.6,57.9
2026-07-12 06:00:00,0,36,2026-07-15 00:00:00,2 days 18:00:00,66,39.65,131.57,988.4,60.9
2026-07-12 06:00:00,0,36,2026-07-15 06:00:00,3 days 00:00:00,72,41.25,134.0,986.2,64.0
2026-07-12 06:00:00,10,36,2026-07-24 18:00:00,12 days 12:00:00,300,10.75,-117.25,1007.8,29.9
2026-07-12 06:00:00,10,36,2026-07-25 00:00:00,12 days 18:00:00,306,11.5,-118.62,1006.4,32.6
2026-07-12 06:00:00,10,36,2026-07-25 06:00:00,13 days 00:00:00,312,12.25,-120.0,1004.9,35.2
2026-07-12 06:00:00,10,36,2026-07-25 12:00:00,13 days 06:00:00,318,12.13,-121.88,1004.2,36.6
2026-07-12 06:00:00,10,36,2026-07-25 18:00:00,13 days 12:00:00,324,12.0,-123.75,1003.4,37.9
2026-07-12 06:00:00,10,36,2026-07-26 00:00:00,13 days 18:00:00,330,12.13,-125.12,1000.4,42.8
2026-07-12 06:00:00,10,36,2026-07-26 06:00:00,14 days 00:00:00,336,12.25,-126.5,997.4,47.8
2026-07-12 06:00:00,10,36,2026-07-26 12:00:00,14 days 06:00:00,342,12.75,-127.75,995.8,50.1
2026-07-12 06:00:00,10,36,2026-07-26 18:00:00,14 days 12:00:00,348,13.25,-129.0,994.3,52.5
2026-07-12 06:00:00,10,36,2026-07-27 00:00:00,14 days 18:00:00,354,13.75,-130.5,995.4,50.9
2026-07-12 06:00:00,10,36,2026-07-27 06:00:00,15 days 00:00:00,360,14.25,-132.0,996.4,49.3
2026-07-12 06:00:00,3,36,2026-07-12 06:00:00,0 days 00:00:00,0,-41.75,-140.0,971.7,82.5
2026-07-12 06:00:00,3,36,2026-07-12 12:00:00,0 days 06:00:00,6,-43.13,-139.76,970.8,83.7
2026-07-12 06:00:00,3,36,2026-07-12 18:00:00,0 days 12:00:00,12,-44.5,-139.5,969.8,84.9
2026-07-12 06:00:00,3,36,2026-07-13 00:00:00,0 days 18:00:00,18,-45.75,-139.99,971.4,82.9
2026-07-12 06:00:00,3,36,2026-07-13 06:00:00,1 days 00:00:00,24,-47.0,-140.5,973.1,80.9
2026-07-12 06:00:00,3,36,2026-07-13 12:00:00,1 days 06:00:00,30,-46.38,-141.76,975.1,78.4
2026-07-12 06:00:00,3,36,2026-07-13 18:00:00,1 days 12:00:00,36,-45.75,-143.0,977.1,75.9
2026-07-12 06:00:00,3,36,2026-07-14 00:00:00,1 days 18:00:00,42,-44.01,-144.8,981.2,70.5
2026-07-12 06:00:00,3,36,2026-07-14 06:00:00,2 days 00:00:00,48,-42.25,-146.5,985.3,65.2
2026-07-12 06:00:00,4,36,2026-07-12 06:00:00,0 days 00:00:00,0,-41.0,-92.75,973.3,80.6
2026-07-12 06:00:00,4,36,2026-07-12 12:00:00,0 days 06:00:00,6,-41.9,-90.28,973.5,80.3
2026-07-12 06:00:00,4,36,2026-07-12 18:00:00,0 days 12:00:00,12,-42.75,-87.75,973.8,80.0
2026-07-12 06:00:00,4,36,2026-07-13 00:00:00,0 days 18:00:00,18,-43.54,-84.66,976.6,76.5
2026-07-12 06:00:00,4,36,2026-07-13 06:00:00,1 days 00:00:00,24,-44.25,-81.5,979.4,73.0
2026-07-12 06:00:00,4,36,2026-07-13 12:00:00,1 days 06:00:00,30,-45.26,-80.03,981.3,70.5
2026-07-12 06:00:00,4,36,2026-07-13 18:00:00,1 days 12:00:00,36,-46.25,-78.5,983.2,68.0
2026-07-12 06:00:00,4,36,2026-07-14 00:00:00,1 days 18:00:00,42,-46.88,-78.5,985.4,65.1
2026-07-12 06:00:00,4,36,2026-07-14 06:00:00,2 days 00:00:00,48,-47.5,-78.5,987.5,62.2
2026-07-12 06:00:00,5,36,2026-07-15 06:00:00,3 days 00:00:00,72,15.25,-110.0,1004.6,35.8
2026-07-12 06:00:00,5,36,2026-07-15 12:00:00,3 days 06:00:00,78,14.63,-111.38,1003.6,37.5
2026-07-12 06:00:00,5,36,2026-07-15 18:00:00,3 days 12:00:00,84,14.0,-112.75,1002.6,39.3
2026-07-12 06:00:00,5,36,2026-07-16 00:00:00,3 days 18:00:00,90,14.63,-114.0,1001.9,40.5
2026-07-12 06:00:00,5,36,2026-07-16 06:00:00,4 days 00:00:00,96,15.25,-115.25,1001.1,41.8
2026-07-12 06:00:00,5,36,2026-07-16 12:00:00,4 days 06:00:00,102,15.5,-115.62,1000.4,43.0
2026-07-12 06:00:00,5,36,2026-07-16 18:00:00,4 days 12:00:00,108,15.75,-116.0,999.7,44.1
2026-07-12 06:00:00,5,36,2026-07-17 00:00:00,4 days 18:00:00,114,16.13,-116.75,998.0,46.8
2026-07-12 06:00:00,5,36,2026-07-17 06:00:00,5 days 00:00:00,120,16.5,-117.5,996.2,49.6
2026-07-12 06:00:00,5,36,2026-07-17 12:00:00,5 days 06:00:00,126,17.25,-118.25,993.1,54.2
2026-07-12 06:00:00,5,36,2026-07-17 18:00:00,5 days 12:00:00,132,18.0,-119.0,990.0,58.7
2026-07-12 06:00:00,5,36,2026-07-18 00:00:00,5 days 18:00:00,138,18.63,-119.62,990.8,57.6
2026-07-12 06:00:00,5,36,2026-07-18 06:00:00,6 days 00:00:00,144,19.25,-120.25,991.6,56.5
2026-07-12 06:00:00,5,36,2026-07-18 12:00:00,6 days 06:00:00,150,20.0,-121.37,992.9,54.6
2026-07-12 06:00:00,5,36,2026-07-18 18:00:00,6 days 12:00:00,156,20.75,-122.5,994.2,52.7
2026-07-12 06:00:00,5,36,2026-07-19 00:00:00,6 days 18:00:00,162,21.5,-123.49,995.4,50.8
2026-07-12 06:00:00,5,36,2026-07-19 06:00:00,7 days 00:00:00,168,22.25,-124.5,996.6,49.0
2026-07-12 06:00:00,5,36,2026-07-19 12:00:00,7 days 06:00:00,174,23.5,-125.12,997.6,47.4
2026-07-12 06:00:00,5,36,2026-07-19 18:00:00,7 days 12:00:00,180,24.75,-125.75,998.6,45.9
2026-07-12 06:00:00,6,36,2026-07-17 06:00:00,5 days 00:00:00,120,8.5,-102.5,1007.6,30.2
2026-07-12 06:00:00,6,36,2026-07-17 12:00:00,5 days 06:00:00,126,8.88,-103.5,1006.6,32.2
2026-07-12 06:00:00,6,36,2026-07-17 18:00:00,5 days 12:00:00,132,9.25,-104.5,1005.5,34.3
2026-07-12 06:00:00,6,36,2026-07-18 00:00:00,5 days 18:00:00,138,9.75,-105.5,1005.3,34.6
2026-07-12 06:00:00,6,36,2026-07-18 06:00:00,6 days 00:00:00,144,10.25,-106.5,1005.1,34.9
2026-07-12 06:00:00,6,36,2026-07-18 12:00:00,6 days 06:00:00,150,10.63,-107.37,1003.5,37.7
2026-07-12 06:00:00,6,36,2026-07-18 18:00:00,6 days 12:00:00,156,11.0,-108.25,1001.8,40.6
2026-07-12 06:00:00,6,36,2026-07-19 00:00:00,6 days 18:00:00,162,11.63,-109.12,1002.1,40.2
2026-07-12 06:00:00,6,36,2026-07-19 06:00:00,7 days 00:00:00,168,12.25,-110.0,1002.3,39.8
2026-07-12 06:00:00,6,36,2026-07-19 12:00:00,7 days 06:00:00,174,12.75,-110.75,1003.2,38.2
2026-07-12 06:00:00,6,36,2026-07-19 18:00:00,7 days 12:00:00,180,13.25,-111.5,1004.1,36.7
2026-07-12 06:00:00,6,36,2026-07-20 00:00:00,7 days 18:00:00,186,13.75,-112.5,1004.1,36.7
2026-07-12 06:00:00,6,36,2026-07-20 06:00:00,8 days 00:00:00,192,14.25,-113.5,1004.1,36.7
2026-07-12 06:00:00,6,36,2026-07-20 12:00:00,8 days 06:00:00,198,14.63,-113.62,1003.2,38.2
2026-07-12 06:00:00,6,36,2026-07-20 18:00:00,8 days 12:00:00,204,15.0,-113.75,1002.4,39.7
2026-07-12 06:00:00,6,36,2026-07-21 00:00:00,8 days 18:00:00,210,15.88,-114.25,1000.3,43.0
2026-07-12 06:00:00,6,36,2026-07-21 06:00:00,9 days 00:00:00,216,16.75,-114.75,998.3,46.4
2026-07-12 06:00:00,6,36,2026-07-21 12:00:00,9 days 06:00:00,222,17.25,-115.12,996.8,48.6
2026-07-12 06:00:00,6,36,2026-07-21 18:00:00,9 days 12:00:00,228,17.75,-115.5,995.4,50.9
2026-07-12 06:00:00,6,36,2026-07-22 00:00:00,9 days 18:00:00,234,18.0,-116.12,994.6,52.0
2026-07-12 06:00:00,6,36,2026-07-22 06:00:00,10 days 00:00:00,240,18.25,-116.75,993.8,53.2
2026-07-12 06:00:00,6,36,2026-07-22 12:00:00,10 days 06:00:00,246,18.38,-117.5,992.0,55.9
2026-07-12 06:00:00,6,36,2026-07-22 18:00:00,10 days 12:00:00,252,18.5,-118.25,990.1,58.5
2026-07-12 06:00:00,6,36,2026-07-23 00:00:00,10 days 18:00:00,258,18.63,-119.25,992.1,55.7
2026-07-12 06:00:00,6,36,2026-07-23 06:00:00,11 days 00:00:00,264,18.75,-120.25,994.0,52.9
2026-07-12 06:00:00,6,36,2026-07-23 12:00:00,11 days 06:00:00,270,18.88,-121.37,992.3,55.4
2026-07-12 06:00:00,6,36,2026-07-23 18:00:00,11 days 12:00:00,276,19.0,-122.5,990.6,57.8
2026-07-12 06:00:00,6,36,2026-07-24 00:00:00,11 days 18:00:00,282,19.26,-123.87,992.2,55.6
2026-07-12 06:00:00,6,36,2026-07-24 06:00:00,12 days 00:00:00,288,19.5,-125.25,993.7,53.4
2026-07-12 06:00:00,6,36,2026-07-24 12:00:00,12 days 06:00:00,294,19.88,-126.75,992.0,55.8
2026-07-12 06:00:00,6,36,2026-07-24 18:00:00,12 days 12:00:00,300,20.25,-128.25,990.4,58.2
2026-07-12 06:00:00,6,36,2026-07-25 00:00:00,12 days 18:00:00,306,20.63,-129.62,993.7,53.3
2026-07-12 06:00:00,6,36,2026-07-25 06:00:00,13 days 00:00:00,312,21.0,-131.0,997.0,48.4
2026-07-12 06:00:00,6,36,2026-07-25 12:00:00,13 days 06:00:00,318,21.38,-132.5,1000.1,43.3
2026-07-12 06:00:00,6,36,2026-07-25 18:00:00,13 days 12:00:00,324,21.75,-134.0,1003.3,38.1
2026-07-12 06:00:00,6,36,2026-07-26 00:00:00,13 days 18:00:00,330,22.01,-135.5,1004.4,36.2
2026-07-12 06:00:00,6,36,2026-07-26 06:00:00,14 days 00:00:00,336,22.25,-137.0,1005.5,34.2
2026-07-12 06:00:00,6,36,2026-07-26 12:00:00,14 days 06:00:00,342,22.51,-138.75,1008.0,29.3
2026-07-12 06:00:00,6,36,2026-07-26 18:00:00,14 days 12:00:00,348,22.75,-140.5,1010.5,24.4
2026-07-12 06:00:00,6,36,2026-07-27 00:00:00,14 days 18:00:00,354,23.13,-142.25,1011.8,21.6
2026-07-12 06:00:00,6,36,2026-07-27 06:00:00,15 days 00:00:00,360,23.5,-144.0,1013.0,18.7
2026-07-12 06:00:00,7,36,2026-07-18 06:00:00,6 days 00:00:00,144,31.75,62.75,994.7,51.9
2026-07-12 06:00:00,7,36,2026-07-18 12:00:00,6 days 06:00:00,150,31.63,62.62,994.4,52.4
2026-07-12 06:00:00,7,36,2026-07-18 18:00:00,6 days 12:00:00,156,31.5,62.5,994.1,52.8
2026-07-12 06:00:00,7,36,2026-07-19 00:00:00,6 days 18:00:00,162,31.38,62.37,993.8,53.2
2026-07-12 06:00:00,7,36,2026-07-19 06:00:00,7 days 00:00:00,168,31.25,62.25,993.5,53.7
2026-07-12 06:00:00,7,36,2026-07-19 12:00:00,7 days 06:00:00,174,31.5,62.5,992.1,55.7
2026-07-12 06:00:00,7,36,2026-07-19 18:00:00,7 days 12:00:00,180,31.75,62.75,990.7,57.7
2026-07-12 06:00:00,7,36,2026-07-20 00:00:00,7 days 18:00:00,186,31.75,62.87,991.7,56.3
2026-07-12 06:00:00,7,36,2026-07-20 06:00:00,8 days 00:00:00,192,31.75,63.0,992.7,54.9
2026-07-12 06:00:00,7,36,2026-07-20 12:00:00,8 days 06:00:00,198,31.75,62.87,991.1,57.2
2026-07-12 06:00:00,7,36,2026-07-20 18:00:00,8 days 12:00:00,204,31.75,62.75,989.4,59.5
2026-07-12 06:00:00,8,36,2026-07-18 18:00:00,6 days 12:00:00,156,27.75,171.25,1006.9,31.7
2026-07-12 06:00:00,8,36,2026-07-19 00:00:00,6 days 18:00:00,162,27.5,171.75,1005.3,34.5
2026-07-12 06:00:00,8,36,2026-07-19 06:00:00,7 days 00:00:00,168,27.25,172.25,1003.7,37.4
2026-07-12 06:00:00,8,36,2026-07-19 12:00:00,7 days 06:00:00,174,26.75,172.12,1002.8,39.0
2026-07-12 06:00:00,8,36,2026-07-19 18:00:00,7 days 12:00:00,180,26.25,172.0,1001.8,40.6
2026-07-12 06:00:00,8,36,2026-07-20 00:00:00,7 days 18:00:00,186,26.0,171.75,1000.7,42.4
2026-07-12 06:00:00,8,36,2026-07-20 06:00:00,8 days 00:00:00,192,25.75,171.5,999.6,44.2
2026-07-12 06:00:00,8,36,2026-07-20 12:00:00,8 days 06:00:00,198,25.25,171.37,998.9,45.5
2026-07-12 06:00:00,8,36,2026-07-20 18:00:00,8 days 12:00:00,204,24.75,171.25,998.1,46.7
2026-07-12 06:00:00,8,36,2026-07-21 00:00:00,8 days 18:00:00,210,24.88,172.62,996.9,48.6
2026-07-12 06:00:00,8,36,2026-07-21 06:00:00,9 days 00:00:00,216,25.0,174.0,995.7,50.4
2026-07-12 06:00:00,8,36,2026-07-21 12:00:00,9 days 06:00:00,222,26.06,174.3,994.8,51.7
2026-07-12 06:00:00,8,36,2026-07-21 18:00:00,9 days 12:00:00,228,27.13,174.61,994.0,53.0
2026-07-12 06:00:00,8,36,2026-07-22 00:00:00,9 days 18:00:00,234,28.19,174.93,993.1,54.2
2026-07-12 06:00:00,8,36,2026-07-22 06:00:00,10 days 00:00:00,240,29.25,175.25,992.3,55.5
2026-07-12 06:00:00,9,36,2026-07-23 18:00:00,11 days 12:00:00,276,17.75,128.0,999.7,44.1
2026-07-12 06:00:00,9,36,2026-07-24 00:00:00,11 days 18:00:00,282,17.63,127.75,998.6,45.9
2026-07-12 06:00:00,9,36,2026-07-24 06:00:00,12 days 00:00:00,288,17.5,127.5,997.5,47.6
2026-07-12 06:00:00,9,36,2026-07-24 12:00:00,12 days 06:00:00,294,18.38,126.26,995.5,50.6
2026-07-12 06:00:00,9,36,2026-07-24 18:00:00,12 days 12:00:00,300,19.25,125.0,993.5,53.6
2026-07-12 06:00:00,9,36,2026-07-25 00:00:00,12 days 18:00:00,306,19.63,124.5,992.6,55.0
2026-07-12 06:00:00,9,36,2026-07-25 06:00:00,13 days 00:00:00,312,20.0,124.0,991.7,56.4
2026-07-12 06:00:00,9,36,2026-07-25 12:00:00,13 days 06:00:00,318,20.5,123.5,989.4,59.5
2026-07-12 06:00:00,9,36,2026-07-25 18:00:00,13 days 12:00:00,324,21.0,123.0,987.1,62.7
2026-07-12 06:00:00,9,36,2026-07-26 00:00:00,13 days 18:00:00,330,22.0,122.63,984.2,66.6
2026-07-12 06:00:00,9,36,2026-07-26 06:00:00,14 days 00:00:00,336,23.0,122.25,981.3,70.5
2026-07-12 06:00:00,9,36,2026-07-26 12:00:00,14 days 06:00:00,342,24.26,120.89,984.8,65.8
2026-07-12 06:00:00,9,36,2026-07-26 18:00:00,14 days 12:00:00,348,25.5,119.5,988.3,61.1
2026-07-12 06:00:00,9,36,2026-07-27 00:00:00,14 days 18:00:00,354,27.0,118.88,992.3,55.3
2026-07-12 06:00:00,9,36,2026-07-27 06:00:00,15 days 00:00:00,360,28.5,118.25,996.2,49.6
2026-07-12 06:00:00,0,37,2026-07-12 06:00:00,0 days 00:00:00,0,31.25,118.75,986.3,63.8
2026-07-12 06:00:00,0,37,2026-07-12 12:00:00,0 days 06:00:00,6,31.88,118.13,987.9,61.7
2026-07-12 06:00:00,0,37,2026-07-12 18:00:00,0 days 12:00:00,12,32.5,117.5,989.4,59.6
2026-07-12 06:00:00,0,37,2026-07-13 00:00:00,0 days 18:00:00,18,33.38,117.62,989.3,59.7
2026-07-12 06:00:00,0,37,2026-07-13 06:00:00,1 days 00:00:00,24,34.25,117.75,989.3,59.7
2026-07-12 06:00:00,0,37,2026-07-13 12:00:00,1 days 06:00:00,30,34.5,118.25,990.5,58.0
2026-07-12 06:00:00,0,37,2026-07-13 18:00:00,1 days 12:00:00,36,34.75,118.75,991.7,56.4
2026-07-12 06:00:00,0,37,2026-07-14 00:00:00,1 days 18:00:00,42,35.89,120.35,991.7,56.3
2026-07-12 06:00:00,0,37,2026-07-14 06:00:00,2 days 00:00:00,48,37.0,122.0,991.8,56.2
2026-07-12 06:00:00,0,37,2026-07-14 12:00:00,2 days 06:00:00,54,38.05,125.33,991.5,56.6
2026-07-12 06:00:00,0,37,2026-07-14 18:00:00,2 days 12:00:00,60,39.0,128.75,991.3,56.9
2026-07-12 06:00:00,0,37,2026-07-15 00:00:00,2 days 18:00:00,66,40.15,131.33,989.6,59.3
2026-07-12 06:00:00,0,37,2026-07-15 06:00:00,3 days 00:00:00,72,41.25,134.0,988.0,61.6
2026-07-12 06:00:00,0,37,2026-07-15 12:00:00,3 days 06:00:00,78,43.15,136.54,985.7,64.7
2026-07-12 06:00:00,0,37,2026-07-15 18:00:00,3 days 12:00:00,84,45.0,139.25,983.4,67.8
2026-07-12 06:00:00,3,37,2026-07-12 06:00:00,0 days 00:00:00,0,-41.75,-140.0,971.7,82.5
2026-07-12 06:00:00,3,37,2026-07-12 12:00:00,0 days 06:00:00,6,-43.25,-139.76,970.5,84.0
2026-07-12 06:00:00,3,37,2026-07-12 18:00:00,0 days 12:00:00,12,-44.75,-139.5,969.2,85.6
2026-07-12 06:00:00,3,37,2026-07-13 00:00:00,0 days 18:00:00,18,-45.75,-139.99,970.9,83.5
2026-07-12 06:00:00,3,37,2026-07-13 06:00:00,1 days 00:00:00,24,-46.75,-140.5,972.7,81.4
2026-07-12 06:00:00,3,37,2026-07-13 12:00:00,1 days 06:00:00,30,-45.76,-141.77,974.0,79.8
2026-07-12 06:00:00,3,37,2026-07-13 18:00:00,1 days 12:00:00,36,-44.75,-143.0,975.3,78.2
2026-07-12 06:00:00,3,37,2026-07-14 00:00:00,1 days 18:00:00,42,-43.5,-143.13,976.2,77.1
2026-07-12 06:00:00,3,37,2026-07-14 06:00:00,2 days 00:00:00,48,-42.25,-143.25,977.1,76.0
2026-07-12 06:00:00,4,37,2026-07-12 06:00:00,0 days 00:00:00,0,-41.0,-92.75,973.3,80.6
2026-07-12 06:00:00,4,37,2026-07-12 12:00:00,0 days 06:00:00,6,-42.03,-90.17,974.0,79.8
2026-07-12 06:00:00,4,37,2026-07-12 18:00:00,0 days 12:00:00,12,-43.0,-87.5,974.6,79.0
2026-07-12 06:00:00,4,37,2026-07-13 00:00:00,0 days 18:00:00,18,-43.52,-85.27,976.5,76.6
2026-07-12 06:00:00,4,37,2026-07-13 06:00:00,1 days 00:00:00,24,-44.0,-83.0,978.4,74.3
2026-07-12 06:00:00,4,37,2026-07-13 12:00:00,1 days 06:00:00,30,-44.9,-80.54,981.5,70.2
2026-07-12 06:00:00,4,37,2026-07-13 18:00:00,1 days 12:00:00,36,-45.75,-78.0,984.6,66.2
2026-07-12 06:00:00,4,37,2026-07-14 00:00:00,1 days 18:00:00,42,-46.75,-77.26,986.2,64.0
2026-07-12 06:00:00,4,37,2026-07-14 06:00:00,2 days 00:00:00,48,-47.75,-76.5,987.8,61.8
2026-07-12 06:00:00,5,37,2026-07-15 18:00:00,3 days 12:00:00,84,14.75,-113.75,1005.8,33.7
2026-07-12 06:00:00,5,37,2026-07-16 00:00:00,3 days 18:00:00,90,14.76,-115.5,1004.5,36.0
2026-07-12 06:00:00,5,37,2026-07-16 06:00:00,4 days 00:00:00,96,14.75,-117.25,1003.3,38.2
2026-07-12 06:00:00,5,37,2026-07-16 12:00:00,4 days 06:00:00,102,14.38,-118.25,1001.7,40.8
2026-07-12 06:00:00,5,37,2026-07-16 18:00:00,4 days 12:00:00,108,14.0,-119.25,1000.2,43.3
2026-07-12 06:00:00,5,37,2026-07-17 00:00:00,4 days 18:00:00,114,14.75,-119.5,999.4,44.5
2026-07-12 06:00:00,5,37,2026-07-17 06:00:00,5 days 00:00:00,120,15.5,-119.75,998.7,45.7
2026-07-12 06:00:00,5,37,2026-07-17 12:00:00,5 days 06:00:00,126,16.0,-120.37,998.5,46.1
2026-07-12 06:00:00,5,37,2026-07-17 18:00:00,5 days 12:00:00,132,16.5,-121.0,998.3,46.4
2026-07-12 06:00:00,5,37,2026-07-18 00:00:00,5 days 18:00:00,138,17.25,-121.5,997.8,47.2
2026-07-12 06:00:00,5,37,2026-07-18 06:00:00,6 days 00:00:00,144,18.0,-122.0,997.3,48.0
2026-07-12 06:00:00,5,37,2026-07-18 12:00:00,6 days 06:00:00,150,18.5,-122.75,997.1,48.3
2026-07-12 06:00:00,5,37,2026-07-18 18:00:00,6 days 12:00:00,156,19.0,-123.5,996.8,48.7
2026-07-12 06:00:00,5,37,2026-07-19 00:00:00,6 days 18:00:00,162,20.13,-124.0,997.6,47.5
2026-07-12 06:00:00,5,37,2026-07-19 06:00:00,7 days 00:00:00,168,21.25,-124.5,998.4,46.2
2026-07-12 06:00:00,5,37,2026-07-19 12:00:00,7 days 06:00:00,174,22.5,-125.0,999.7,44.0
2026-07-12 06:00:00,5,37,2026-07-19 18:00:00,7 days 12:00:00,180,23.75,-125.5,1001.1,41.8
2026-07-12 06:00:00,6,37,2026-07-17 18:00:00,5 days 12:00:00,132,9.25,-106.5,1007.7,30.1
2026-07-12 06:00:00,6,37,2026-07-18 00:00:00,5 days 18:00:00,138,9.38,-107.25,1007.5,30.4
2026-07-12 06:00:00,6,37,2026-07-18 06:00:00,6 days 00:00:00,144,9.5,-108.0,1007.4,30.7
2026-07-12 06:00:00,6,37,2026-07-18 12:00:00,6 days 06:00:00,150,10.0,-108.0,1005.6,34.0
2026-07-12 06:00:00,6,37,2026-07-18 18:00:00,6 days 12:00:00,156,10.5,-108.0,1003.8,37.3
2026-07-12 06:00:00,6,37,2026-07-19 00:00:00,6 days 18:00:00,162,10.88,-108.87,1003.2,38.3
2026-07-12 06:00:00,6,37,2026-07-19 06:00:00,7 days 00:00:00,168,11.25,-109.75,1002.6,39.3
2026-07-12 06:00:00,6,37,2026-07-19 12:00:00,7 days 06:00:00,174,11.63,-110.75,999.9,43.6
2026-07-12 06:00:00,6,37,2026-07-19 18:00:00,7 days 12:00:00,180,12.0,-111.75,997.2,48.0
2026-07-12 06:00:00,6,37,2026-07-20 00:00:00,7 days 18:00:00,186,12.75,-112.62,996.0,50.0
2026-07-12 06:00:00,6,37,2026-07-20 06:00:00,8 days 00:00:00,192,13.5,-113.5,994.7,51.9
2026-07-12 06:00:00,6,37,2026-07-20 12:00:00,8 days 06:00:00,198,14.0,-114.62,991.8,56.0
2026-07-12 06:00:00,6,37,2026-07-20 18:00:00,8 days 12:00:00,204,14.5,-115.75,989.0,60.2
2026-07-12 06:00:00,6,37,2026-07-21 00:00:00,8 days 18:00:00,210,15.38,-116.5,988.3,61.2
2026-07-12 06:00:00,6,37,2026-07-21 06:00:00,9 days 00:00:00,216,16.25,-117.25,987.5,62.2
2026-07-12 06:00:00,6,37,2026-07-21 12:00:00,9 days 06:00:00,222,16.88,-117.87,984.2,66.7
2026-07-12 06:00:00,6,37,2026-07-21 18:00:00,9 days 12:00:00,228,17.5,-118.5,980.8,71.2
2026-07-12 06:00:00,6,37,2026-07-22 00:00:00,9 days 18:00:00,234,18.13,-119.37,980.6,71.4
2026-07-12 06:00:00,6,37,2026-07-22 06:00:00,10 days 00:00:00,240,18.75,-120.25,980.5,71.6
2026-07-12 06:00:00,6,37,2026-07-22 12:00:00,10 days 06:00:00,246,19.0,-121.12,978.8,73.7
2026-07-12 06:00:00,6,37,2026-07-22 18:00:00,10 days 12:00:00,252,19.25,-122.0,977.2,75.7
2026-07-12 06:00:00,6,37,2026-07-23 00:00:00,10 days 18:00:00,258,19.5,-123.0,977.6,75.2
2026-07-12 06:00:00,6,37,2026-07-23 06:00:00,11 days 00:00:00,264,19.75,-124.0,978.0,74.7
2026-07-12 06:00:00,6,37,2026-07-23 12:00:00,11 days 06:00:00,270,20.13,-125.5,981.3,70.5
2026-07-12 06:00:00,6,37,2026-07-23 18:00:00,11 days 12:00:00,276,20.5,-127.0,984.6,66.2
2026-07-12 06:00:00,6,37,2026-07-24 00:00:00,11 days 18:00:00,282,20.63,-128.5,986.9,63.0
2026-07-12 06:00:00,6,37,2026-07-24 06:00:00,12 days 00:00:00,288,20.75,-130.0,989.3,59.8
2026-07-12 06:00:00,6,37,2026-07-24 12:00:00,12 days 06:00:00,294,20.88,-131.5,992.0,55.7
2026-07-12 06:00:00,6,37,2026-07-24 18:00:00,12 days 12:00:00,300,21.0,-133.0,994.8,51.7
2026-07-12 06:00:00,6,37,2026-07-25 00:00:00,12 days 18:00:00,306,21.13,-134.5,995.7,50.4
2026-07-12 06:00:00,6,37,2026-07-25 06:00:00,13 days 00:00:00,312,21.25,-136.0,996.6,49.0
2026-07-12 06:00:00,6,37,2026-07-25 12:00:00,13 days 06:00:00,318,21.38,-137.37,996.0,49.9
2026-07-12 06:00:00,6,37,2026-07-25 18:00:00,13 days 12:00:00,324,21.5,-138.75,995.4,50.9
2026-07-12 06:00:00,6,37,2026-07-26 00:00:00,13 days 18:00:00,330,21.63,-139.75,996.0,49.9
2026-07-12 06:00:00,6,37,2026-07-26 06:00:00,14 days 00:00:00,336,21.75,-140.75,996.6,48.9
2026-07-12 06:00:00,6,37,2026-07-26 12:00:00,14 days 06:00:00,342,21.5,-141.88,997.0,48.4
2026-07-12 06:00:00,6,37,2026-07-26 18:00:00,14 days 12:00:00,348,21.25,-143.0,997.4,47.8
2026-07-12 06:00:00,6,37,2026-07-27 00:00:00,14 days 18:00:00,354,21.13,-143.88,1000.5,42.7
2026-07-12 06:00:00,6,37,2026-07-27 06:00:00,15 days 00:00:00,360,21.0,-144.75,1003.6,37.6
2026-07-12 06:00:00,7,37,2026-07-21 06:00:00,9 days 00:00:00,216,15.75,130.0,1000.7,42.4
2026-07-12 06:00:00,7,37,2026-07-21 12:00:00,9 days 06:00:00,222,16.0,129.63,999.3,44.7
2026-07-12 06:00:00,7,37,2026-07-21 18:00:00,9 days 12:00:00,228,16.25,129.25,997.9,47.0
2026-07-12 06:00:00,7,37,2026-07-22 00:00:00,9 days 18:00:00,234,16.5,127.88,997.2,48.1
2026-07-12 06:00:00,7,37,2026-07-22 06:00:00,10 days 00:00:00,240,16.75,126.5,996.5,49.1
2026-07-12 06:00:00,7,37,2026-07-22 12:00:00,10 days 06:00:00,246,17.25,125.5,995.1,51.2
2026-07-12 06:00:00,7,37,2026-07-22 18:00:00,10 days 12:00:00,252,17.75,124.5,993.7,53.3
2026-07-12 06:00:00,7,37,2026-07-23 00:00:00,10 days 18:00:00,258,18.25,123.38,992.8,54.8
2026-07-12 06:00:00,7,37,2026-07-23 06:00:00,11 days 00:00:00,264,18.75,122.25,991.8,56.2
2026-07-12 06:00:00,7,37,2026-07-23 12:00:00,11 days 06:00:00,270,19.01,120.88,990.4,58.1
2026-07-12 06:00:00,7,37,2026-07-23 18:00:00,11 days 12:00:00,276,19.25,119.5,989.0,60.1
2026-07-12 06:00:00,7,37,2026-07-24 00:00:00,11 days 18:00:00,282,19.63,118.88,985.8,64.4
2026-07-12 06:00:00,7,37,2026-07-24 06:00:00,12 days 00:00:00,288,20.0,118.25,982.7,68.7
2026-07-12 06:00:00,7,37,2026-07-24 12:00:00,12 days 06:00:00,294,20.63,117.75,980.7,71.3
2026-07-12 06:00:00,7,37,2026-07-24 18:00:00,12 days 12:00:00,300,21.25,117.25,978.8,73.8
2026-07-12 06:00:00,7,37,2026-07-25 00:00:00,12 days 18:00:00,306,21.88,116.88,979.6,72.7
2026-07-12 06:00:00,7,37,2026-07-25 06:00:00,13 days 00:00:00,312,22.5,116.5,980.5,71.5
2026-07-12 06:00:00,7,37,2026-07-25 12:00:00,13 days 06:00:00,318,22.88,115.88,984.3,66.4
2026-07-12 06:00:00,7,37,2026-07-25 18:00:00,13 days 12:00:00,324,23.25,115.25,988.1,61.3
2026-07-12 06:00:00,7,37,2026-07-26 00:00:00,13 days 18:00:00,330,23.75,114.38,992.4,55.2
2026-07-12 06:00:00,7,37,2026-07-26 06:00:00,14 days 00:00:00,336,24.25,113.5,996.6,49.0
2026-07-12 06:00:00,0,38,2026-07-12 06:00:00,0 days 00:00:00,0,31.25,118.75,986.3,63.8
2026-07-12 06:00:00,0,38,2026-07-12 12:00:00,0 days 06:00:00,6,31.88,118.25,988.7,60.5
2026-07-12 06:00:00,0,38,2026-07-12 18:00:00,0 days 12:00:00,12,32.5,117.75,991.1,57.2
2026-07-12 06:00:00,0,38,2026-07-13 00:00:00,0 days 18:00:00,18,33.38,117.87,992.1,55.7
2026-07-12 06:00:00,0,38,2026-07-13 06:00:00,1 days 00:00:00,24,34.25,118.0,993.1,54.3
2026-07-12 06:00:00,0,38,2026-07-13 12:00:00,1 days 06:00:00,30,34.38,118.87,993.1,54.3
2026-07-12 06:00:00,0,38,2026-07-13 18:00:00,1 days 12:00:00,36,34.5,119.75,993.1,54.2
2026-07-12 06:00:00,0,38,2026-07-14 00:00:00,1 days 18:00:00,42,35.88,120.86,993.1,54.3
2026-07-12 06:00:00,0,38,2026-07-14 06:00:00,2 days 00:00:00,48,37.25,122.0,993.0,54.4
2026-07-12 06:00:00,0,38,2026-07-14 12:00:00,2 days 06:00:00,54,37.92,125.35,992.5,55.1
2026-07-12 06:00:00,0,38,2026-07-14 18:00:00,2 days 12:00:00,60,38.5,128.75,992.0,55.9
2026-07-12 06:00:00,0,38,2026-07-15 00:00:00,2 days 18:00:00,66,39.65,131.33,990.7,57.7
2026-07-12 06:00:00,0,38,2026-07-15 06:00:00,3 days 00:00:00,72,40.75,134.0,989.4,59.6
2026-07-12 06:00:00,3,38,2026-07-12 06:00:00,0 days 00:00:00,0,-41.75,-140.0,971.7,82.5
2026-07-12 06:00:00,3,38,2026-07-12 12:00:00,0 days 06:00:00,6,-43.13,-139.76,971.3,83.0
2026-07-12 06:00:00,3,38,2026-07-12 18:00:00,0 days 12:00:00,12,-44.5,-139.5,970.9,83.6
2026-07-12 06:00:00,3,38,2026-07-13 00:00:00,0 days 18:00:00,18,-45.75,-140.11,972.2,82.0
2026-07-12 06:00:00,3,38,2026-07-13 06:00:00,1 days 00:00:00,24,-47.0,-140.75,973.5,80.3
2026-07-12 06:00:00,3,38,2026-07-13 12:00:00,1 days 06:00:00,30,-45.88,-141.9,975.0,78.5
2026-07-12 06:00:00,3,38,2026-07-13 18:00:00,1 days 12:00:00,36,-44.75,-143.0,976.4,76.8
2026-07-12 06:00:00,4,38,2026-07-12 06:00:00,0 days 00:00:00,0,-41.0,-92.75,973.3,80.6
2026-07-12 06:00:00,4,38,2026-07-12 12:00:00,0 days 06:00:00,6,-41.77,-90.4,972.8,81.2
2026-07-12 06:00:00,4,38,2026-07-12 18:00:00,0 days 12:00:00,12,-42.5,-88.0,972.3,81.8
2026-07-12 06:00:00,4,38,2026-07-13 00:00:00,0 days 18:00:00,18,-43.15,-85.53,975.7,77.7
2026-07-12 06:00:00,4,38,2026-07-13 06:00:00,1 days 00:00:00,24,-43.75,-83.0,979.0,73.5
2026-07-12 06:00:00,4,38,2026-07-13 12:00:00,1 days 06:00:00,30,-44.39,-80.9,981.6,70.2
2026-07-12 06:00:00,4,38,2026-07-13 18:00:00,1 days 12:00:00,36,-45.0,-78.75,984.1,66.8
2026-07-12 06:00:00,4,38,2026-07-14 00:00:00,1 days 18:00:00,42,-46.26,-77.65,986.5,63.6
2026-07-12 06:00:00,4,38,2026-07-14 06:00:00,2 days 00:00:00,48,-47.5,-76.5,988.8,60.4
2026-07-12 06:00:00,5,38,2026-07-15 06:00:00,3 days 00:00:00,72,14.25,-112.5,1002.6,39.2
2026-07-12 06:00:00,5,38,2026-07-15 12:00:00,3 days 06:00:00,78,14.13,-113.38,1001.4,41.4
2026-07-12 06:00:00,5,38,2026-07-15 18:00:00,3 days 12:00:00,84,14.0,-114.25,1000.1,43.5
2026-07-12 06:00:00,5,38,2026-07-16 00:00:00,3 days 18:00:00,90,15.0,-114.87,999.6,44.2
2026-07-12 06:00:00,5,38,2026-07-16 06:00:00,4 days 00:00:00,96,16.0,-115.5,999.2,45.0
2026-07-12 06:00:00,5,38,2026-07-16 12:00:00,4 days 06:00:00,102,16.38,-116.62,998.4,46.2
2026-07-12 06:00:00,5,38,2026-07-16 18:00:00,4 days 12:00:00,108,16.75,-117.75,997.6,47.4
2026-07-12 06:00:00,5,38,2026-07-17 00:00:00,4 days 18:00:00,114,17.5,-118.0,996.6,49.0
2026-07-12 06:00:00,5,38,2026-07-17 06:00:00,5 days 00:00:00,120,18.25,-118.25,995.5,50.7
2026-07-12 06:00:00,5,38,2026-07-17 12:00:00,5 days 06:00:00,126,18.88,-119.12,995.3,51.0
2026-07-12 06:00:00,5,38,2026-07-17 18:00:00,5 days 12:00:00,132,19.5,-120.0,995.1,51.2
2026-07-12 06:00:00,5,38,2026-07-18 00:00:00,5 days 18:00:00,138,20.13,-120.75,995.7,50.3
2026-07-12 06:00:00,5,38,2026-07-18 06:00:00,6 days 00:00:00,144,20.75,-121.5,996.3,49.4
2026-07-12 06:00:00,5,38,2026-07-18 12:00:00,6 days 06:00:00,150,21.63,-122.25,997.2,48.0
2026-07-12 06:00:00,5,38,2026-07-18 18:00:00,6 days 12:00:00,156,22.5,-123.0,998.2,46.6
2026-07-12 06:00:00,5,38,2026-07-19 00:00:00,6 days 18:00:00,162,23.25,-123.5,999.1,45.1
2026-07-12 06:00:00,5,38,2026-07-19 06:00:00,7 days 00:00:00,168,24.0,-124.0,1000.0,43.6
2026-07-12 06:00:00,5,38,2026-07-19 12:00:00,7 days 06:00:00,174,25.38,-124.25,1001.7,40.8
2026-07-12 06:00:00,5,38,2026-07-19 18:00:00,7 days 12:00:00,180,26.75,-124.5,1003.3,38.1
2026-07-12 06:00:00,6,38,2026-07-17 06:00:00,5 days 00:00:00,120,9.0,-102.5,1008.0,29.6
2026-07-12 06:00:00,6,38,2026-07-17 12:00:00,5 days 06:00:00,126,9.38,-103.37,1008.1,29.2
2026-07-12 06:00:00,6,38,2026-07-17 18:00:00,5 days 12:00:00,132,9.75,-104.25,1008.3,28.9
2026-07-12 06:00:00,6,38,2026-07-18 00:00:00,5 days 18:00:00,138,9.63,-104.88,1007.7,30.2
2026-07-12 06:00:00,6,38,2026-07-18 06:00:00,6 days 00:00:00,144,9.5,-105.5,1007.0,31.4
2026-07-12 06:00:00,6,38,2026-07-18 12:00:00,6 days 06:00:00,150,10.38,-106.5,1005.7,33.8
2026-07-12 06:00:00,6,38,2026-07-18 18:00:00,6 days 12:00:00,156,11.25,-107.5,1004.4,36.2
2026-07-12 06:00:00,6,38,2026-07-19 00:00:00,6 days 18:00:00,162,11.63,-108.5,1001.4,41.2
2026-07-12 06:00:00,6,38,2026-07-19 06:00:00,7 days 00:00:00,168,12.0,-109.5,998.4,46.2
2026-07-12 06:00:00,6,38,2026-07-19 12:00:00,7 days 06:00:00,174,12.38,-110.5,994.8,51.6
2026-07-12 06:00:00,6,38,2026-07-19 18:00:00,7 days 12:00:00,180,12.75,-111.5,991.3,56.9
2026-07-12 06:00:00,6,38,2026-07-20 00:00:00,7 days 18:00:00,186,13.13,-112.37,987.4,62.3
2026-07-12 06:00:00,6,38,2026-07-20 06:00:00,8 days 00:00:00,192,13.5,-113.25,983.5,67.6
2026-07-12 06:00:00,6,38,2026-07-20 12:00:00,8 days 06:00:00,198,14.0,-114.0,982.4,69.1
2026-07-12 06:00:00,6,38,2026-07-20 18:00:00,8 days 12:00:00,204,14.5,-114.75,981.3,70.5
2026-07-12 06:00:00,6,38,2026-07-21 00:00:00,8 days 18:00:00,210,14.88,-115.87,981.2,70.7
2026-07-12 06:00:00,6,38,2026-07-21 06:00:00,9 days 00:00:00,216,15.25,-117.0,981.1,70.8
2026-07-12 06:00:00,6,38,2026-07-21 12:00:00,9 days 06:00:00,222,15.5,-117.87,983.3,67.9
2026-07-12 06:00:00,6,38,2026-07-21 18:00:00,9 days 12:00:00,228,15.75,-118.75,985.5,64.9
2026-07-12 06:00:00,6,38,2026-07-22 00:00:00,9 days 18:00:00,234,16.13,-119.5,982.4,69.1
2026-07-12 06:00:00,6,38,2026-07-22 06:00:00,10 days 00:00:00,240,16.5,-120.25,979.3,73.2
2026-07-12 06:00:00,6,38,2026-07-22 12:00:00,10 days 06:00:00,246,16.63,-121.25,976.1,77.1
2026-07-12 06:00:00,6,38,2026-07-22 18:00:00,10 days 12:00:00,252,16.75,-122.25,972.9,81.1
2026-07-12 06:00:00,6,38,2026-07-23 00:00:00,10 days 18:00:00,258,17.0,-123.62,974.8,78.8
2026-07-12 06:00:00,6,38,2026-07-23 06:00:00,11 days 00:00:00,264,17.25,-125.0,976.7,76.4
2026-07-12 06:00:00,6,38,2026-07-23 12:00:00,11 days 06:00:00,270,17.51,-126.5,977.7,75.1
2026-07-12 06:00:00,6,38,2026-07-23 18:00:00,11 days 12:00:00,276,17.75,-128.0,978.7,73.8
2026-07-12 06:00:00,6,38,2026-07-24 00:00:00,11 days 18:00:00,282,17.88,-129.62,980.7,71.2
2026-07-12 06:00:00,6,38,2026-07-24 06:00:00,12 days 00:00:00,288,18.0,-131.25,982.7,68.6
2026-07-12 06:00:00,6,38,2026-07-24 12:00:00,12 days 06:00:00,294,18.01,-133.0,984.8,65.9
2026-07-12 06:00:00,6,38,2026-07-24 18:00:00,12 days 12:00:00,300,18.0,-134.75,986.9,63.1
2026-07-12 06:00:00,6,38,2026-07-25 00:00:00,12 days 18:00:00,306,18.13,-136.12,985.0,65.7
2026-07-12 06:00:00,6,38,2026-07-25 06:00:00,13 days 00:00:00,312,18.25,-137.5,983.1,68.2
2026-07-12 06:00:00,6,38,2026-07-25 12:00:00,13 days 06:00:00,318,18.26,-139.38,986.4,63.7
2026-07-12 06:00:00,6,38,2026-07-25 18:00:00,13 days 12:00:00,324,18.25,-141.25,989.8,59.1
2026-07-12 06:00:00,6,38,2026-07-26 00:00:00,13 days 18:00:00,330,18.26,-143.25,991.7,56.3
2026-07-12 06:00:00,6,38,2026-07-26 06:00:00,14 days 00:00:00,336,18.25,-145.25,993.6,53.5
2026-07-12 06:00:00,6,38,2026-07-26 12:00:00,14 days 06:00:00,342,18.14,-147.38,994.5,52.2
2026-07-12 06:00:00,6,38,2026-07-26 18:00:00,14 days 12:00:00,348,18.0,-149.5,995.4,50.8
2026-07-12 06:00:00,6,38,2026-07-27 00:00:00,14 days 18:00:00,354,18.26,-151.5,996.4,49.2
2026-07-12 06:00:00,6,38,2026-07-27 06:00:00,15 days 00:00:00,360,18.5,-153.5,997.4,47.7
2026-07-12 06:00:00,7,38,2026-07-20 18:00:00,8 days 12:00:00,204,15.5,137.25,1004.1,36.7
2026-07-12 06:00:00,7,38,2026-07-21 00:00:00,8 days 18:00:00,210,14.75,136.75,1003.8,37.2
2026-07-12 06:00:00,7,38,2026-07-21 06:00:00,9 days 00:00:00,216,14.0,136.25,1003.5,37.8
2026-07-12 06:00:00,7,38,2026-07-21 12:00:00,9 days 06:00:00,222,14.5,135.13,1003.4,38.0
2026-07-12 06:00:00,7,38,2026-07-21 18:00:00,9 days 12:00:00,228,15.0,134.0,1003.3,38.2
2026-07-12 06:00:00,7,38,2026-07-22 00:00:00,9 days 18:00:00,234,14.76,132.12,1002.4,39.6
2026-07-12 06:00:00,7,38,2026-07-22 06:00:00,10 days 00:00:00,240,14.5,130.25,1001.6,41.0
2026-07-12 06:00:00,7,38,2026-07-22 12:00:00,10 days 06:00:00,246,15.26,128.63,1000.2,43.4
2026-07-12 06:00:00,7,38,2026-07-22 18:00:00,10 days 12:00:00,252,16.0,127.0,998.7,45.7
2026-07-12 06:00:00,7,38,2026-07-23 00:00:00,10 days 18:00:00,258,16.25,126.13,998.3,46.4
2026-07-12 06:00:00,7,38,2026-07-23 06:00:00,11 days 00:00:00,264,16.5,125.25,997.9,47.0
2026-07-12 06:00:00,7,38,2026-07-23 12:00:00,11 days 06:00:00,270,17.5,124.01,997.9,46.9
2026-07-12 06:00:00,7,38,2026-07-23 18:00:00,11 days 12:00:00,276,18.5,122.75,998.0,46.8
2026-07-12 06:00:00,7,38,2026-07-24 00:00:00,11 days 18:00:00,282,18.14,120.5,996.5,49.1
2026-07-12 06:00:00,7,38,2026-07-24 06:00:00,12 days 00:00:00,288,17.75,118.25,995.1,51.3
2026-07-12 06:00:00,7,38,2026-07-24 12:00:00,12 days 06:00:00,294,18.0,117.25,994.1,52.8
2026-07-12 06:00:00,7,38,2026-07-24 18:00:00,12 days 12:00:00,300,18.25,116.25,993.1,54.3
2026-07-12 06:00:00,7,38,2026-07-25 00:00:00,12 days 18:00:00,306,18.75,115.25,992.1,55.7
2026-07-12 06:00:00,7,38,2026-07-25 06:00:00,13 days 00:00:00,312,19.25,114.25,991.1,57.1
2026-07-12 06:00:00,7,38,2026-07-25 12:00:00,13 days 06:00:00,318,19.13,113.25,990.3,58.3
2026-07-12 06:00:00,7,38,2026-07-25 18:00:00,13 days 12:00:00,324,19.0,112.25,989.5,59.4
2026-07-12 06:00:00,7,38,2026-07-26 00:00:00,13 days 18:00:00,330,19.5,111.88,985.3,65.1
2026-07-12 06:00:00,7,38,2026-07-26 06:00:00,14 days 00:00:00,336,20.0,111.5,981.1,70.8
2026-07-12 06:00:00,7,38,2026-07-26 12:00:00,14 days 06:00:00,342,20.25,110.75,982.4,69.1
2026-07-12 06:00:00,7,38,2026-07-26 18:00:00,14 days 12:00:00,348,20.5,110.0,983.7,67.4
2026-07-12 06:00:00,7,38,2026-07-27 00:00:00,14 days 18:00:00,354,20.63,109.0,982.8,68.5
2026-07-12 06:00:00,7,38,2026-07-27 06:00:00,15 days 00:00:00,360,20.75,108.0,982.0,69.7
2026-07-12 06:00:00,8,38,2026-07-22 06:00:00,10 days 00:00:00,240,12.75,147.25,1003.7,37.4
2026-07-12 06:00:00,8,38,2026-07-22 12:00:00,10 days 06:00:00,246,13.38,146.88,1002.6,39.2
2026-07-12 06:00:00,8,38,2026-07-22 18:00:00,10 days 12:00:00,252,14.0,146.5,1001.6,41.0
2026-07-12 06:00:00,8,38,2026-07-23 00:00:00,10 days 18:00:00,258,14.63,145.0,1000.1,43.4
2026-07-12 06:00:00,8,38,2026-07-23 06:00:00,11 days 00:00:00,264,15.25,143.5,998.7,45.7
2026-07-12 06:00:00,8,38,2026-07-23 12:00:00,11 days 06:00:00,270,15.75,142.38,997.3,47.9
2026-07-12 06:00:00,8,38,2026-07-23 18:00:00,11 days 12:00:00,276,16.25,141.25,995.9,50.1
2026-07-12 06:00:00,8,38,2026-07-24 00:00:00,11 days 18:00:00,282,16.38,140.38,992.7,54.8
2026-07-12 06:00:00,8,38,2026-07-24 06:00:00,12 days 00:00:00,288,16.5,139.5,989.5,59.5
2026-07-12 06:00:00,8,38,2026-07-24 12:00:00,12 days 06:00:00,294,16.75,138.63,984.2,66.6
2026-07-12 06:00:00,8,38,2026-07-24 18:00:00,12 days 12:00:00,300,17.0,137.75,978.8,73.7
2026-07-12 06:00:00,8,38,2026-07-25 00:00:00,12 days 18:00:00,306,17.38,136.88,971.0,83.2
2026-07-12 06:00:00,8,38,2026-07-25 06:00:00,13 days 00:00:00,312,17.75,136.0,963.1,92.7
2026-07-12 06:00:00,8,38,2026-07-25 12:00:00,13 days 06:00:00,318,18.25,135.25,963.4,92.3
2026-07-12 06:00:00,8,38,2026-07-25 18:00:00,13 days 12:00:00,324,18.75,134.5,963.8,91.9
2026-07-12 06:00:00,8,38,2026-07-26 00:00:00,13 days 18:00:00,330,19.63,133.38,958.5,97.8
2026-07-12 06:00:00,8,38,2026-07-26 06:00:00,14 days 00:00:00,336,20.5,132.25,953.3,103.7
2026-07-12 06:00:00,8,38,2026-07-26 12:00:00,14 days 06:00:00,342,21.25,131.13,955.2,101.6
2026-07-12 06:00:00,8,38,2026-07-26 18:00:00,14 days 12:00:00,348,22.0,130.0,957.1,99.5
2026-07-12 06:00:00,8,38,2026-07-27 00:00:00,14 days 18:00:00,354,22.88,129.25,954.3,102.5
2026-07-12 06:00:00,8,38,2026-07-27 06:00:00,15 days 00:00:00,360,23.75,128.5,951.6,105.5
2026-07-12 06:00:00,9,38,2026-07-24 18:00:00,12 days 12:00:00,300,10.5,-112.0,1008.5,28.6
2026-07-12 06:00:00,9,38,2026-07-25 00:00:00,12 days 18:00:00,306,10.63,-114.25,1008.3,28.9
2026-07-12 06:00:00,9,38,2026-07-25 06:00:00,13 days 00:00:00,312,10.75,-116.5,1008.2,29.2
2026-07-12 06:00:00,9,38,2026-07-25 12:00:00,13 days 06:00:00,318,10.13,-117.75,1007.0,31.5
2026-07-12 06:00:00,9,38,2026-07-25 18:00:00,13 days 12:00:00,324,9.5,-119.0,1005.8,33.8
2026-07-12 06:00:00,9,38,2026-07-26 00:00:00,13 days 18:00:00,330,10.0,-119.62,1005.1,35.0
2026-07-12 06:00:00,9,38,2026-07-26 06:00:00,14 days 00:00:00,336,10.5,-120.25,1004.4,36.2
2026-07-12 06:00:00,9,38,2026-07-26 12:00:00,14 days 06:00:00,342,11.25,-121.25,1002.6,39.3
2026-07-12 06:00:00,9,38,2026-07-26 18:00:00,14 days 12:00:00,348,12.0,-122.25,1000.8,42.3
2026-07-12 06:00:00,9,38,2026-07-27 00:00:00,14 days 18:00:00,354,12.5,-123.0,999.5,44.4
2026-07-12 06:00:00,9,38,2026-07-27 06:00:00,15 days 00:00:00,360,13.0,-123.75,998.2,46.5
2026-07-12 06:00:00,0,39,2026-07-12 06:00:00,0 days 00:00:00,0,31.25,118.75,986.3,63.8
2026-07-12 06:00:00,0,39,2026-07-12 12:00:00,0 days 06:00:00,6,32.25,118.5,988.2,61.3
2026-07-12 06:00:00,0,39,2026-07-12 18:00:00,0 days 12:00:00,12,33.25,118.25,990.0,58.7
2026-07-12 06:00:00,0,39,2026-07-13 00:00:00,0 days 18:00:00,18,33.63,118.0,990.6,57.8
2026-07-12 06:00:00,0,39,2026-07-13 06:00:00,1 days 00:00:00,24,34.0,117.75,991.3,56.9
2026-07-12 06:00:00,0,39,2026-07-13 12:00:00,1 days 06:00:00,30,34.75,118.74,992.2,55.5
2026-07-12 06:00:00,0,39,2026-07-13 18:00:00,1 days 12:00:00,36,35.5,119.75,993.2,54.2
2026-07-12 06:00:00,0,39,2026-07-14 00:00:00,1 days 18:00:00,42,36.01,120.87,993.3,54.0
2026-07-12 06:00:00,0,39,2026-07-14 06:00:00,2 days 00:00:00,48,36.5,122.0,993.4,53.9
2026-07-12 06:00:00,0,39,2026-07-14 12:00:00,2 days 06:00:00,54,37.92,125.19,992.3,55.5
2026-07-12 06:00:00,0,39,2026-07-14 18:00:00,2 days 12:00:00,60,39.25,128.5,991.2,57.1
2026-07-12 06:00:00,0,39,2026-07-15 00:00:00,2 days 18:00:00,66,40.41,131.33,988.8,60.4
2026-07-12 06:00:00,0,39,2026-07-15 06:00:00,3 days 00:00:00,72,41.5,134.25,986.4,63.8
2026-07-12 06:00:00,10,39,2026-07-24 18:00:00,12 days 12:00:00,300,-42.75,-119.75,1001.7,40.8
2026-07-12 06:00:00,10,39,2026-07-25 00:00:00,12 days 18:00:00,306,-44.32,-120.38,1002.5,39.4
2026-07-12 06:00:00,10,39,2026-07-25 06:00:00,13 days 00:00:00,312,-45.88,-121.05,1003.3,38.1
2026-07-12 06:00:00,10,39,2026-07-25 12:00:00,13 days 06:00:00,318,-47.45,-121.75,1004.0,36.8
2026-07-12 06:00:00,10,39,2026-07-25 18:00:00,13 days 12:00:00,324,-49.0,-122.5,1004.8,35.5
2026-07-12 06:00:00,10,39,2026-07-26 00:00:00,13 days 18:00:00,330,-45.39,-116.5,989.2,57.8
2026-07-12 06:00:00,10,39,2026-07-26 06:00:00,14 days 00:00:00,336,-41.5,-111.25,973.7,80.2
2026-07-12 06:00:00,10,39,2026-07-26 12:00:00,14 days 06:00:00,342,-42.39,-112.85,970.8,83.7
2026-07-12 06:00:00,10,39,2026-07-26 18:00:00,14 days 12:00:00,348,-43.25,-114.5,967.8,87.2
2026-07-12 06:00:00,10,39,2026-07-27 00:00:00,14 days 18:00:00,354,-42.76,-113.37,968.2,86.8
2026-07-12 06:00:00,10,39,2026-07-27 06:00:00,15 days 00:00:00,360,-42.25,-112.25,968.5,86.4
2026-07-12 06:00:00,3,39,2026-07-12 06:00:00,0 days 00:00:00,0,-41.75,-140.0,971.7,82.5
2026-07-12 06:00:00,3,39,2026-07-12 12:00:00,0 days 06:00:00,6,-43.25,-139.88,970.8,83.6
2026-07-12 06:00:00,3,39,2026-07-12 18:00:00,0 days 12:00:00,12,-44.75,-139.75,969.9,84.7
2026-07-12 06:00:00,3,39,2026-07-13 00:00:00,0 days 18:00:00,18,-46.0,-140.36,970.9,83.6
2026-07-12 06:00:00,3,39,2026-07-13 06:00:00,1 days 00:00:00,24,-47.25,-141.0,971.8,82.4
2026-07-12 06:00:00,3,39,2026-07-13 12:00:00,1 days 06:00:00,30,-46.0,-142.02,974.3,79.4
2026-07-12 06:00:00,3,39,2026-07-13 18:00:00,1 days 12:00:00,36,-44.75,-143.0,976.7,76.4
2026-07-12 06:00:00,3,39,2026-07-14 00:00:00,1 days 18:00:00,42,-43.88,-143.2,977.8,74.9
2026-07-12 06:00:00,3,39,2026-07-14 06:00:00,2 days 00:00:00,48,-43.0,-143.39,979.0,73.5
2026-07-12 06:00:00,3,39,2026-07-14 12:00:00,2 days 06:00:00,54,-42.13,-143.57,980.1,72.1
2026-07-12 06:00:00,3,39,2026-07-14 18:00:00,2 days 12:00:00,60,-41.25,-143.75,981.2,70.6
2026-07-12 06:00:00,3,39,2026-07-15 00:00:00,2 days 18:00:00,66,-41.0,-143.75,982.3,69.2
2026-07-12 06:00:00,3,39,2026-07-15 06:00:00,3 days 00:00:00,72,-40.75,-143.75,983.4,67.7
2026-07-12 06:00:00,3,39,2026-07-15 12:00:00,3 days 06:00:00,78,-41.0,-144.75,983.9,67.1
2026-07-12 06:00:00,3,39,2026-07-15 18:00:00,3 days 12:00:00,84,-41.25,-145.75,984.4,66.4
2026-07-12 06:00:00,3,39,2026-07-16 00:00:00,3 days 18:00:00,90,-41.13,-146.0,985.0,65.6
2026-07-12 06:00:00,3,39,2026-07-16 06:00:00,4 days 00:00:00,96,-41.0,-146.25,985.6,64.8
2026-07-12 06:00:00,3,39,2026-07-16 12:00:00,4 days 06:00:00,102,-40.5,-146.63,985.9,64.4
2026-07-12 06:00:00,3,39,2026-07-16 18:00:00,4 days 12:00:00,108,-40.0,-147.0,986.2,64.0
2026-07-12 06:00:00,3,39,2026-07-17 00:00:00,4 days 18:00:00,114,-39.63,-146.12,986.5,63.7
2026-07-12 06:00:00,3,39,2026-07-17 06:00:00,5 days 00:00:00,120,-39.25,-145.25,986.7,63.3
2026-07-12 06:00:00,4,39,2026-07-12 06:00:00,0 days 00:00:00,0,-41.0,-92.75,973.3,80.6
2026-07-12 06:00:00,4,39,2026-07-12 12:00:00,0 days 06:00:00,6,-41.9,-90.28,973.6,80.2
2026-07-12 06:00:00,4,39,2026-07-12 18:00:00,0 days 12:00:00,12,-42.75,-87.75,974.0,79.8
2026-07-12 06:00:00,4,39,2026-07-13 00:00:00,0 days 18:00:00,18,-43.41,-84.9,976.4,76.7
2026-07-12 06:00:00,4,39,2026-07-13 06:00:00,1 days 00:00:00,24,-44.0,-82.0,978.9,73.6
2026-07-12 06:00:00,4,39,2026-07-13 12:00:00,1 days 06:00:00,30,-44.89,-80.28,981.6,70.1
2026-07-12 06:00:00,4,39,2026-07-13 18:00:00,1 days 12:00:00,36,-45.75,-78.5,984.3,66.6
2026-07-12 06:00:00,5,39,2026-07-14 06:00:00,2 days 00:00:00,48,19.5,90.25,996.4,49.3
2026-07-12 06:00:00,5,39,2026-07-14 12:00:00,2 days 06:00:00,54,19.88,90.0,995.0,51.4
2026-07-12 06:00:00,5,39,2026-07-14 18:00:00,2 days 12:00:00,60,20.25,89.75,993.6,53.5
2026-07-12 06:00:00,5,39,2026-07-15 00:00:00,2 days 18:00:00,66,20.5,88.63,993.1,54.2
2026-07-12 06:00:00,5,39,2026-07-15 06:00:00,3 days 00:00:00,72,20.75,87.5,992.6,55.0
2026-07-12 06:00:00,5,39,2026-07-15 12:00:00,3 days 06:00:00,78,20.75,87.12,992.6,55.0
2026-07-12 06:00:00,5,39,2026-07-15 18:00:00,3 days 12:00:00,84,20.75,86.75,992.6,55.1
2026-07-12 06:00:00,5,39,2026-07-16 00:00:00,3 days 18:00:00,90,21.63,86.63,995.0,51.4
2026-07-12 06:00:00,5,39,2026-07-16 06:00:00,4 days 00:00:00,96,22.5,86.5,997.5,47.7
2026-07-12 06:00:00,5,39,2026-07-16 12:00:00,4 days 06:00:00,102,23.5,85.38,998.3,46.3
2026-07-12 06:00:00,5,39,2026-07-16 18:00:00,4 days 12:00:00,108,24.5,84.25,999.2,45.0
2026-07-12 06:00:00,6,39,2026-07-15 06:00:00,3 days 00:00:00,72,14.25,-111.25,1003.7,37.5
2026-07-12 06:00:00,6,39,2026-07-15 12:00:00,3 days 06:00:00,78,14.63,-112.75,1002.9,38.8
2026-07-12 06:00:00,6,39,2026-07-15 18:00:00,3 days 12:00:00,84,15.0,-114.25,1002.1,40.2
2026-07-12 06:00:00,6,39,2026-07-16 00:00:00,3 days 18:00:00,90,15.0,-114.88,1000.5,42.9
2026-07-12 06:00:00,6,39,2026-07-16 06:00:00,4 days 00:00:00,96,15.0,-115.5,998.8,45.5
2026-07-12 06:00:00,6,39,2026-07-16 12:00:00,4 days 06:00:00,102,15.38,-116.62,999.1,45.0
2026-07-12 06:00:00,6,39,2026-07-16 18:00:00,4 days 12:00:00,108,15.75,-117.75,999.4,44.6
2026-07-12 06:00:00,6,39,2026-07-17 00:00:00,4 days 18:00:00,114,16.5,-118.5,997.0,48.3
2026-07-12 06:00:00,6,39,2026-07-17 06:00:00,5 days 00:00:00,120,17.25,-119.25,994.6,52.0
2026-07-12 06:00:00,6,39,2026-07-17 12:00:00,5 days 06:00:00,126,17.25,-120.38,994.7,51.9
2026-07-12 06:00:00,6,39,2026-07-17 18:00:00,5 days 12:00:00,132,17.25,-121.5,994.9,51.7
2026-07-12 06:00:00,6,39,2026-07-18 00:00:00,5 days 18:00:00,138,18.25,-122.12,994.8,51.8
2026-07-12 06:00:00,6,39,2026-07-18 06:00:00,6 days 00:00:00,144,19.25,-122.75,994.6,52.0
2026-07-12 06:00:00,6,39,2026-07-18 12:00:00,6 days 06:00:00,150,20.25,-123.5,996.6,49.0
2026-07-12 06:00:00,6,39,2026-07-18 18:00:00,6 days 12:00:00,156,21.25,-124.25,998.5,46.0
2026-07-12 06:00:00,6,39,2026-07-19 00:00:00,6 days 18:00:00,162,21.75,-125.0,999.8,43.9
2026-07-12 06:00:00,6,39,2026-07-19 06:00:00,7 days 00:00:00,168,22.25,-125.75,1001.2,41.7
2026-07-12 06:00:00,6,39,2026-07-19 12:00:00,7 days 06:00:00,174,23.75,-126.24,1002.5,39.5
2026-07-12 06:00:00,6,39,2026-07-19 18:00:00,7 days 12:00:00,180,25.25,-126.75,1003.8,37.3
2026-07-12 06:00:00,7,39,2026-07-17 18:00:00,5 days 12:00:00,132,9.25,-106.25,1009.4,26.7
2026-07-12 06:00:00,7,39,2026-07-18 00:00:00,5 days 18:00:00,138,9.75,-107.12,1009.0,27.4
2026-07-12 06:00:00,7,39,2026-07-18 06:00:00,6 days 00:00:00,144,10.25,-107.99,1008.7,28.1
2026-07-12 06:00:00,7,39,2026-07-18 12:00:00,6 days 06:00:00,150,10.75,-108.87,1008.4,28.8
2026-07-12 06:00:00,7,39,2026-07-18 18:00:00,6 days 12:00:00,156,11.25,-109.75,1008.0,29.5
2026-07-12 06:00:00,7,39,2026-07-19 00:00:00,6 days 18:00:00,162,11.13,-110.88,1007.6,30.2
2026-07-12 06:00:00,7,39,2026-07-19 06:00:00,7 days 00:00:00,168,11.0,-112.0,1007.2,31.0
2026-07-12 06:00:00,7,39,2026-07-19 12:00:00,7 days 06:00:00,174,11.75,-113.12,1006.0,33.3
2026-07-12 06:00:00,7,39,2026-07-19 18:00:00,7 days 12:00:00,180,12.5,-114.25,1004.8,35.5
2026-07-12 06:00:00,7,39,2026-07-20 00:00:00,7 days 18:00:00,186,13.13,-115.25,1003.3,38.0
2026-07-12 06:00:00,7,39,2026-07-20 06:00:00,8 days 00:00:00,192,13.75,-116.25,1001.8,40.6
2026-07-12 06:00:00,7,39,2026-07-20 12:00:00,8 days 06:00:00,198,14.13,-117.62,999.9,43.7
2026-07-12 06:00:00,7,39,2026-07-20 18:00:00,8 days 12:00:00,204,14.5,-119.0,998.0,46.8
2026-07-12 06:00:00,7,39,2026-07-21 00:00:00,8 days 18:00:00,210,14.75,-119.87,996.9,48.6
2026-07-12 06:00:00,7,39,2026-07-21 06:00:00,9 days 00:00:00,216,15.0,-120.75,995.7,50.3
2026-07-12 06:00:00,7,39,2026-07-21 12:00:00,9 days 06:00:00,222,15.38,-121.5,995.2,51.2
2026-07-12 06:00:00,7,39,2026-07-21 18:00:00,9 days 12:00:00,228,15.75,-122.25,994.6,52.1
2026-07-12 06:00:00,7,39,2026-07-22 00:00:00,9 days 18:00:00,234,16.0,-123.12,993.6,53.5
2026-07-12 06:00:00,7,39,2026-07-22 06:00:00,10 days 00:00:00,240,16.25,-124.0,992.6,55.0
2026-07-12 06:00:00,7,39,2026-07-22 12:00:00,10 days 06:00:00,246,16.25,-125.0,991.4,56.7
2026-07-12 06:00:00,7,39,2026-07-22 18:00:00,10 days 12:00:00,252,16.25,-126.0,990.3,58.4
2026-07-12 06:00:00,7,39,2026-07-23 00:00:00,10 days 18:00:00,258,16.38,-126.87,990.4,58.1
2026-07-12 06:00:00,7,39,2026-07-23 06:00:00,11 days 00:00:00,264,16.5,-127.75,990.6,57.8
2026-07-12 06:00:00,7,39,2026-07-23 12:00:00,11 days 06:00:00,270,16.38,-128.75,989.2,59.9
2026-07-12 06:00:00,7,39,2026-07-23 18:00:00,11 days 12:00:00,276,16.25,-129.75,987.7,62.0
2026-07-12 06:00:00,7,39,2026-07-24 00:00:00,11 days 18:00:00,282,16.13,-130.88,988.2,61.3
2026-07-12 06:00:00,7,39,2026-07-24 06:00:00,12 days 00:00:00,288,16.0,-132.0,988.6,60.7
2026-07-12 06:00:00,7,39,2026-07-24 12:00:00,12 days 06:00:00,294,16.0,-133.13,990.8,57.6
2026-07-12 06:00:00,7,39,2026-07-24 18:00:00,12 days 12:00:00,300,16.0,-134.25,992.9,54.6
2026-07-12 06:00:00,7,39,2026-07-25 00:00:00,12 days 18:00:00,306,16.0,-135.5,991.5,56.6
2026-07-12 06:00:00,7,39,2026-07-25 06:00:00,13 days 00:00:00,312,16.0,-136.75,990.1,58.5
2026-07-12 06:00:00,7,39,2026-07-25 12:00:00,13 days 06:00:00,318,16.38,-138.25,989.3,59.7
2026-07-12 06:00:00,7,39,2026-07-25 18:00:00,13 days 12:00:00,324,16.75,-139.75,988.4,61.0
2026-07-12 06:00:00,7,39,2026-07-26 00:00:00,13 days 18:00:00,330,17.01,-141.37,990.3,58.2
2026-07-12 06:00:00,7,39,2026-07-26 06:00:00,14 days 00:00:00,336,17.25,-143.0,992.3,55.5
2026-07-12 06:00:00,7,39,2026-07-26 12:00:00,14 days 06:00:00,342,17.76,-144.75,995.6,50.4
2026-07-12 06:00:00,7,39,2026-07-26 18:00:00,14 days 12:00:00,348,18.25,-146.5,999.0,45.3
2026-07-12 06:00:00,7,39,2026-07-27 00:00:00,14 days 18:00:00,354,18.76,-148.0,1000.0,43.6
2026-07-12 06:00:00,7,39,2026-07-27 06:00:00,15 days 00:00:00,360,19.25,-149.5,1001.1,41.9
2026-07-12 06:00:00,8,39,2026-07-18 18:00:00,6 days 12:00:00,156,-36.0,-80.25,976.6,76.6
2026-07-12 06:00:00,8,39,2026-07-19 00:00:00,6 days 18:00:00,162,-37.26,-78.9,978.2,74.5
2026-07-12 06:00:00,8,39,2026-07-19 06:00:00,7 days 00:00:00,168,-38.5,-77.5,979.8,72.5
2026-07-12 06:00:00,8,39,2026-07-19 12:00:00,7 days 06:00:00,174,-39.13,-77.25,981.2,70.7
2026-07-12 06:00:00,8,39,2026-07-19 18:00:00,7 days 12:00:00,180,-39.75,-77.0,982.6,68.9
2026-07-12 06:00:00,8,39,2026-07-20 00:00:00,7 days 18:00:00,186,-40.75,-76.88,985.2,65.3
2026-07-12 06:00:00,8,39,2026-07-20 06:00:00,8 days 00:00:00,192,-41.75,-76.75,987.9,61.7
2026-07-12 06:00:00,8,39,2026-07-20 12:00:00,8 days 06:00:00,198,-42.52,-78.73,989.9,58.8
2026-07-12 06:00:00,8,39,2026-07-20 18:00:00,8 days 12:00:00,204,-43.25,-80.75,991.9,56.0
2026-07-12 06:00:00,8,39,2026-07-21 00:00:00,8 days 18:00:00,210,-42.52,-82.11,993.8,53.1
2026-07-12 06:00:00,8,39,2026-07-21 06:00:00,9 days 00:00:00,216,-41.78,-83.44,995.7,50.3
2026-07-12 06:00:00,8,39,2026-07-21 12:00:00,9 days 06:00:00,222,-41.02,-84.73,997.5,47.4
2026-07-12 06:00:00,8,39,2026-07-21 18:00:00,9 days 12:00:00,228,-40.25,-86.0,999.4,44.6
2026-07-12 06:00:00,8,39,2026-07-22 00:00:00,9 days 18:00:00,234,-40.25,-85.0,999.5,44.5
2026-07-12 06:00:00,8,39,2026-07-22 06:00:00,10 days 00:00:00,240,-40.25,-84.0,999.6,44.4
2026-07-12 06:00:00,9,39,2026-07-23 06:00:00,11 days 00:00:00,264,-41.25,-173.75,983.9,67.1
2026-07-12 06:00:00,9,39,2026-07-23 12:00:00,11 days 06:00:00,270,-43.0,-173.75,982.6,68.8
2026-07-12 06:00:00,9,39,2026-07-23 18:00:00,11 days 12:00:00,276,-44.75,-173.75,981.3,70.5
2026-07-12 06:00:00,9,39,2026-07-24 00:00:00,11 days 18:00:00,282,-44.88,-173.38,980.8,71.1
2026-07-12 06:00:00,9,39,2026-07-24 06:00:00,12 days 00:00:00,288,-45.0,-173.0,980.3,71.8
2026-07-12 06:00:00,9,39,2026-07-24 12:00:00,12 days 06:00:00,294,-46.11,-170.17,978.8,73.7
2026-07-12 06:00:00,9,39,2026-07-24 18:00:00,12 days 12:00:00,300,-47.16,-167.23,977.2,75.7
2026-07-12 06:00:00,9,39,2026-07-25 00:00:00,12 days 18:00:00,306,-48.12,-164.16,975.7,77.7
2026-07-12 06:00:00,9,39,2026-07-25 06:00:00,13 days 00:00:00,312,-49.0,-161.0,974.1,79.6
2026-07-12 06:00:00,9,39,2026-07-25 12:00:00,13 days 06:00:00,318,-49.01,-159.25,976.5,76.7
2026-07-12 06:00:00,9,39,2026-07-25 18:00:00,13 days 12:00:00,324,-49.0,-157.5,978.8,73.7
2026-07-12 06:00:00,0,4,2026-07-12 06:00:00,0 days 00:00:00,0,31.25,118.75,986.3,63.8
2026-07-12 06:00:00,0,4,2026-07-12 12:00:00,0 days 06:00:00,6,32.13,118.38,988.8,60.3
2026-07-12 06:00:00,0,4,2026-07-12 18:00:00,0 days 12:00:00,12,33.0,118.0,991.4,56.8
2026-07-12 06:00:00,0,4,2026-07-13 00:00:00,0 days 18:00:00,18,33.88,118.0,992.4,55.3
2026-07-12 06:00:00,0,4,2026-07-13 06:00:00,1 days 00:00:00,24,34.75,118.0,993.4,53.8
2026-07-12 06:00:00,0,4,2026-07-13 12:00:00,1 days 06:00:00,30,35.0,118.37,993.7,53.4
2026-07-12 06:00:00,0,4,2026-07-13 18:00:00,1 days 12:00:00,36,35.25,118.75,994.0,52.9
2026-07-12 06:00:00,0,4,2026-07-14 00:00:00,1 days 18:00:00,42,36.27,120.85,994.0,52.9
2026-07-12 06:00:00,0,4,2026-07-14 06:00:00,2 days 00:00:00,48,37.25,123.0,994.0,52.9
2026-07-12 06:00:00,3,4,2026-07-12 06:00:00,0 days 00:00:00,0,-41.75,-140.0,971.7,82.5
2026-07-12 06:00:00,3,4,2026-07-12 12:00:00,0 days 06:00:00,6,-43.25,-139.88,970.2,84.4
2026-07-12 06:00:00,3,4,2026-07-12 18:00:00,0 days 12:00:00,12,-44.75,-139.75,968.7,86.2
2026-07-12 06:00:00,3,4,2026-07-13 00:00:00,0 days 18:00:00,18,-46.0,-140.12,969.8,84.8
2026-07-12 06:00:00,3,4,2026-07-13 06:00:00,1 days 00:00:00,24,-47.25,-140.5,971.0,83.4
2026-07-12 06:00:00,3,4,2026-07-13 12:00:00,1 days 06:00:00,30,-46.13,-141.9,973.9,79.8
2026-07-12 06:00:00,3,4,2026-07-13 18:00:00,1 days 12:00:00,36,-45.0,-143.25,976.8,76.3
2026-07-12 06:00:00,3,4,2026-07-14 00:00:00,1 days 18:00:00,42,-43.63,-143.63,979.4,73.0
2026-07-12 06:00:00,3,4,2026-07-14 06:00:00,2 days 00:00:00,48,-42.25,-144.0,981.9,69.7
2026-07-12 06:00:00,4,4,2026-07-12 06:00:00,0 days 00:00:00,0,-41.0,-92.75,973.3,80.6
2026-07-12 06:00:00,4,4,2026-07-12 12:00:00,0 days 06:00:00,6,-41.9,-90.28,973.6,80.3
2026-07-12 06:00:00,4,4,2026-07-12 18:00:00,0 days 12:00:00,12,-42.75,-87.75,973.8,80.0
2026-07-12 06:00:00,4,4,2026-07-13 00:00:00,0 days 18:00:00,18,-43.41,-85.15,975.7,77.7
2026-07-12 06:00:00,4,4,2026-07-13 06:00:00,1 days 00:00:00,24,-44.0,-82.5,977.6,75.3
2026-07-12 06:00:00,4,4,2026-07-13 12:00:00,1 days 06:00:00,30,-45.15,-80.29,980.3,71.7
2026-07-12 06:00:00,4,4,2026-07-13 18:00:00,1 days 12:00:00,36,-46.25,-78.0,983.1,68.2
2026-07-12 06:00:00,4,4,2026-07-14 00:00:00,1 days 18:00:00,42,-47.25,-77.63,986.4,63.7
2026-07-12 06:00:00,4,4,2026-07-14 06:00:00,2 days 00:00:00,48,-48.25,-77.25,989.6,59.3
2026-07-12 06:00:00,5,4,2026-07-15 18:00:00,3 days 12:00:00,84,12.75,-114.25,1003.2,38.3
2026-07-12 06:00:00,5,4,2026-07-16 00:00:00,3 days 18:00:00,90,13.5,-115.25,1002.5,39.5
2026-07-12 06:00:00,5,4,2026-07-16 06:00:00,4 days 00:00:00,96,14.25,-116.25,1001.7,40.8
2026-07-12 06:00:00,5,4,2026-07-16 12:00:00,4 days 06:00:00,102,14.5,-117.25,999.2,44.9
2026-07-12 06:00:00,5,4,2026-07-16 18:00:00,4 days 12:00:00,108,14.75,-118.25,996.6,49.0
2026-07-12 06:00:00,5,4,2026-07-17 00:00:00,4 days 18:00:00,114,15.13,-118.75,995.2,51.2
2026-07-12 06:00:00,5,4,2026-07-17 06:00:00,5 days 00:00:00,120,15.5,-119.25,993.7,53.3
2026-07-12 06:00:00,5,4,2026-07-17 12:00:00,5 days 06:00:00,126,16.25,-120.0,991.7,56.2
2026-07-12 06:00:00,5,4,2026-07-17 18:00:00,5 days 12:00:00,132,17.0,-120.75,989.7,59.2
2026-07-12 06:00:00,5,4,2026-07-18 00:00:00,5 days 18:00:00,138,17.75,-121.5,989.9,58.8
2026-07-12 06:00:00,5,4,2026-07-18 06:00:00,6 days 00:00:00,144,18.5,-122.25,990.1,58.5
2026-07-12 06:00:00,5,4,2026-07-18 12:00:00,6 days 06:00:00,150,19.25,-123.12,991.1,57.1
2026-07-12 06:00:00,5,4,2026-07-18 18:00:00,6 days 12:00:00,156,20.0,-124.0,992.1,55.7
2026-07-12 06:00:00,5,4,2026-07-19 00:00:00,6 days 18:00:00,162,20.63,-124.87,994.5,52.1
2026-07-12 06:00:00,5,4,2026-07-19 06:00:00,7 days 00:00:00,168,21.25,-125.75,997.0,48.4
2026-07-12 06:00:00,5,4,2026-07-19 12:00:00,7 days 06:00:00,174,22.25,-126.25,998.7,45.6
2026-07-12 06:00:00,5,4,2026-07-19 18:00:00,7 days 12:00:00,180,23.25,-126.75,1000.5,42.8
2026-07-12 06:00:00,5,4,2026-07-20 00:00:00,7 days 18:00:00,186,24.63,-127.24,1002.3,39.8
2026-07-12 06:00:00,5,4,2026-07-20 06:00:00,8 days 00:00:00,192,26.0,-127.75,1004.1,36.7
2026-07-12 06:00:00,6,4,2026-07-15 18:00:00,3 days 12:00:00,84,31.75,62.75,994.4,52.3
2026-07-12 06:00:00,6,4,2026-07-16 00:00:00,3 days 18:00:00,90,33.27,64.17,994.8,51.7
2026-07-12 06:00:00,6,4,2026-07-16 06:00:00,4 days 00:00:00,96,34.79,65.64,995.2,51.1
2026-07-12 06:00:00,6,4,2026-07-16 12:00:00,4 days 06:00:00,102,36.28,67.17,995.7,50.5
2026-07-12 06:00:00,6,4,2026-07-16 18:00:00,4 days 12:00:00,108,37.75,68.75,996.1,49.8
2026-07-12 06:00:00,6,4,2026-07-17 00:00:00,4 days 18:00:00,114,37.88,68.56,995.8,50.3
2026-07-12 06:00:00,6,4,2026-07-17 06:00:00,5 days 00:00:00,120,38.0,68.38,995.5,50.7
2026-07-12 06:00:00,6,4,2026-07-17 12:00:00,5 days 06:00:00,126,38.13,68.19,995.2,51.2
2026-07-12 06:00:00,6,4,2026-07-17 18:00:00,5 days 12:00:00,132,38.25,68.0,994.9,51.6
2026-07-12 06:00:00,6,4,2026-07-18 00:00:00,5 days 18:00:00,138,35.15,65.4,994.9,51.6
2026-07-12 06:00:00,6,4,2026-07-18 06:00:00,6 days 00:00:00,144,32.0,63.0,995.0,51.5
2026-07-12 06:00:00,6,4,2026-07-18 12:00:00,6 days 06:00:00,150,31.75,62.75,993.6,53.5
2026-07-12 06:00:00,6,4,2026-07-18 18:00:00,6 days 12:00:00,156,31.5,62.5,992.3,55.5
2026-07-12 06:00:00,6,4,2026-07-19 00:00:00,6 days 18:00:00,162,31.5,62.38,992.0,55.8
2026-07-12 06:00:00,6,4,2026-07-19 06:00:00,7 days 00:00:00,168,31.5,62.25,991.8,56.2
2026-07-12 06:00:00,6,4,2026-07-19 12:00:00,7 days 06:00:00,174,31.56,62.37,991.4,56.8
2026-07-12 06:00:00,6,4,2026-07-19 18:00:00,7 days 12:00:00,180,31.63,62.5,991.0,57.3
2026-07-12 06:00:00,6,4,2026-07-20 00:00:00,7 days 18:00:00,186,31.69,62.62,990.6,57.9
2026-07-12 06:00:00,6,4,2026-07-20 06:00:00,8 days 00:00:00,192,31.75,62.75,990.2,58.4
2026-07-12 06:00:00,6,4,2026-07-20 12:00:00,8 days 06:00:00,198,31.75,62.87,988.8,60.4
2026-07-12 06:00:00,6,4,2026-07-20 18:00:00,8 days 12:00:00,204,31.75,63.0,987.4,62.3
2026-07-12 06:00:00,7,4,2026-07-17 18:00:00,5 days 12:00:00,132,9.75,-103.5,1008.8,27.9
2026-07-12 06:00:00,7,4,2026-07-18 00:00:00,5 days 18:00:00,138,9.5,-104.5,1008.5,28.5
2026-07-12 06:00:00,7,4,2026-07-18 06:00:00,6 days 00:00:00,144,9.25,-105.5,1008.2,29.1
2026-07-12 06:00:00,7,4,2026-07-18 12:00:00,6 days 06:00:00,150,9.88,-106.5,1007.2,31.0
2026-07-12 06:00:00,7,4,2026-07-18 18:00:00,6 days 12:00:00,156,10.5,-107.5,1006.2,32.9
2026-07-12 06:00:00,7,4,2026-07-19 00:00:00,6 days 18:00:00,162,11.13,-109.12,1004.9,35.2
2026-07-12 06:00:00,7,4,2026-07-19 06:00:00,7 days 00:00:00,168,11.75,-110.75,1003.6,37.5
2026-07-12 06:00:00,7,4,2026-07-19 12:00:00,7 days 06:00:00,174,11.75,-112.0,998.1,46.3
2026-07-12 06:00:00,7,4,2026-07-19 18:00:00,7 days 12:00:00,180,11.75,-113.25,992.6,55.1
2026-07-12 06:00:00,7,4,2026-07-20 00:00:00,7 days 18:00:00,186,12.13,-114.37,989.7,59.1
2026-07-12 06:00:00,7,4,2026-07-20 06:00:00,8 days 00:00:00,192,12.5,-115.5,986.9,63.1
2026-07-12 06:00:00,7,4,2026-07-20 12:00:00,8 days 06:00:00,198,13.0,-116.5,989.3,59.7
2026-07-12 06:00:00,7,4,2026-07-20 18:00:00,8 days 12:00:00,204,13.5,-117.5,991.7,56.3
2026-07-12 06:00:00,7,4,2026-07-21 00:00:00,8 days 18:00:00,210,14.0,-118.5,994.2,52.6
2026-07-12 06:00:00,7,4,2026-07-21 06:00:00,9 days 00:00:00,216,14.5,-119.5,996.7,48.9
2026-07-12 06:00:00,7,4,2026-07-21 12:00:00,9 days 06:00:00,222,14.88,-120.62,996.5,49.2
2026-07-12 06:00:00,7,4,2026-07-21 18:00:00,9 days 12:00:00,228,15.25,-121.75,996.3,49.5
2026-07-12 06:00:00,7,4,2026-07-22 00:00:00,9 days 18:00:00,234,15.75,-122.75,995.4,50.8
2026-07-12 06:00:00,7,4,2026-07-22 06:00:00,10 days 00:00:00,240,16.25,-123.75,994.6,52.1
2026-07-12 06:00:00,7,4,2026-07-22 12:00:00,10 days 06:00:00,246,16.5,-124.62,991.7,56.2
2026-07-12 06:00:00,7,4,2026-07-22 18:00:00,10 days 12:00:00,252,16.75,-125.5,988.9,60.3
2026-07-12 06:00:00,7,4,2026-07-23 00:00:00,10 days 18:00:00,258,17.0,-126.87,991.9,55.9
2026-07-12 06:00:00,7,4,2026-07-23 06:00:00,11 days 00:00:00,264,17.25,-128.25,995.0,51.5
2026-07-12 06:00:00,7,4,2026-07-23 12:00:00,11 days 06:00:00,270,17.25,-129.38,995.6,50.5
2026-07-12 06:00:00,7,4,2026-07-23 18:00:00,11 days 12:00:00,276,17.25,-130.5,996.3,49.5
2026-07-12 06:00:00,7,4,2026-07-24 00:00:00,11 days 18:00:00,282,17.26,-132.0,997.3,47.9
2026-07-12 06:00:00,7,4,2026-07-24 06:00:00,12 days 00:00:00,288,17.25,-133.5,998.3,46.4
2026-07-12 06:00:00,7,4,2026-07-24 12:00:00,12 days 06:00:00,294,17.13,-135.13,997.5,47.5
2026-07-12 06:00:00,7,4,2026-07-24 18:00:00,12 days 12:00:00,300,17.0,-136.75,996.8,48.7
2026-07-12 06:00:00,7,4,2026-07-25 00:00:00,12 days 18:00:00,306,16.88,-138.25,997.4,47.8
2026-07-12 06:00:00,7,4,2026-07-25 06:00:00,13 days 00:00:00,312,16.75,-139.75,998.0,46.9
2026-07-12 06:00:00,7,4,2026-07-25 12:00:00,13 days 06:00:00,318,16.76,-141.38,999.4,44.5
2026-07-12 06:00:00,7,4,2026-07-25 18:00:00,13 days 12:00:00,324,16.75,-143.0,1000.9,42.2
2026-07-12 06:00:00,7,4,2026-07-26 00:00:00,13 days 18:00:00,330,16.63,-144.88,1001.5,41.1
2026-07-12 06:00:00,7,4,2026-07-26 06:00:00,14 days 00:00:00,336,16.5,-146.75,1002.2,40.0
2026-07-12 06:00:00,7,4,2026-07-26 12:00:00,14 days 06:00:00,342,16.63,-148.25,1001.8,40.6
2026-07-12 06:00:00,7,4,2026-07-26 18:00:00,14 days 12:00:00,348,16.75,-149.75,1001.5,41.1
2026-07-12 06:00:00,7,4,2026-07-27 00:00:00,14 days 18:00:00,354,17.01,-151.37,1001.9,40.5
2026-07-12 06:00:00,7,4,2026-07-27 06:00:00,15 days 00:00:00,360,17.25,-153.0,1002.2,39.9
2026-07-12 06:00:00,8,4,2026-07-20 06:00:00,8 days 00:00:00,192,31.75,143.25,999.0,45.2
2026-07-12 06:00:00,8,4,2026-07-20 12:00:00,8 days 06:00:00,198,31.81,143.69,999.3,44.8
2026-07-12 06:00:00,8,4,2026-07-20 18:00:00,8 days 12:00:00,204,31.88,144.12,999.5,44.5
2026-07-12 06:00:00,8,4,2026-07-21 00:00:00,8 days 18:00:00,210,31.94,144.56,999.7,44.1
2026-07-12 06:00:00,8,4,2026-07-21 06:00:00,9 days 00:00:00,216,32.0,145.0,999.9,43.7
2026-07-12 06:00:00,8,4,2026-07-21 12:00:00,9 days 06:00:00,222,32.0,145.88,1000.3,43.2
2026-07-12 06:00:00,8,4,2026-07-21 18:00:00,9 days 12:00:00,228,32.0,146.75,1000.6,42.6
2026-07-12 06:00:00,8,4,2026-07-22 00:00:00,9 days 18:00:00,234,32.38,149.03,1000.0,43.6
2026-07-12 06:00:00,8,4,2026-07-22 06:00:00,10 days 00:00:00,240,32.71,151.34,999.4,44.7
2026-07-12 06:00:00,8,4,2026-07-22 12:00:00,10 days 06:00:00,246,33.0,153.67,998.7,45.7
2026-07-12 06:00:00,8,4,2026-07-22 18:00:00,10 days 12:00:00,252,33.25,156.0,998.1,46.7
2026-07-12 06:00:00,8,4,2026-07-23 00:00:00,10 days 18:00:00,258,34.16,158.72,998.2,46.5
2026-07-12 06:00:00,8,4,2026-07-23 06:00:00,11 days 00:00:00,264,35.0,161.5,998.4,46.3
2026-07-12 06:00:00,9,4,2026-07-23 18:00:00,11 days 12:00:00,276,17.5,138.25,1002.0,40.4
2026-07-12 06:00:00,9,4,2026-07-24 00:00:00,11 days 18:00:00,282,17.88,137.5,1000.7,42.4
2026-07-12 06:00:00,9,4,2026-07-24 06:00:00,12 days 00:00:00,288,18.25,136.75,999.5,44.4
2026-07-12 06:00:00,9,4,2026-07-24 12:00:00,12 days 06:00:00,294,18.63,136.38,999.1,45.1
2026-07-12 06:00:00,9,4,2026-07-24 18:00:00,12 days 12:00:00,300,19.0,136.0,998.7,45.7
2026-07-12 06:00:00,9,4,2026-07-25 00:00:00,12 days 18:00:00,306,19.25,135.63,996.4,49.3
2026-07-12 06:00:00,9,4,2026-07-25 06:00:00,13 days 00:00:00,312,19.5,135.25,994.0,52.9
2026-07-12 06:00:00,9,4,2026-07-25 12:00:00,13 days 06:00:00,318,19.5,134.88,992.2,55.6
2026-07-12 06:00:00,9,4,2026-07-25 18:00:00,13 days 12:00:00,324,19.5,134.5,990.4,58.2
2026-07-12 06:00:00,9,4,2026-07-26 00:00:00,13 days 18:00:00,330,20.0,134.25,988.3,61.0
2026-07-12 06:00:00,9,4,2026-07-26 06:00:00,14 days 00:00:00,336,20.5,134.0,986.3,63.8
2026-07-12 06:00:00,9,4,2026-07-26 12:00:00,14 days 06:00:00,342,21.13,133.38,984.1,66.8
2026-07-12 06:00:00,9,4,2026-07-26 18:00:00,14 days 12:00:00,348,21.75,132.75,981.9,69.8
2026-07-12 06:00:00,9,4,2026-07-27 00:00:00,14 days 18:00:00,354,22.25,132.13,978.9,73.6
2026-07-12 06:00:00,9,4,2026-07-27 06:00:00,15 days 00:00:00,360,22.75,131.5,975.9,77.4
2026-07-12 06:00:00,0,40,2026-07-12 06:00:00,0 days 00:00:00,0,31.25,118.75,986.3,63.8
2026-07-12 06:00:00,0,40,2026-07-12 12:00:00,0 days 06:00:00,6,32.13,118.25,987.9,61.7
2026-07-12 06:00:00,0,40,2026-07-12 18:00:00,0 days 12:00:00,12,33.0,117.75,989.4,59.5
2026-07-12 06:00:00,0,40,2026-07-13 00:00:00,0 days 18:00:00,18,33.38,117.87,991.0,57.3
2026-07-12 06:00:00,0,40,2026-07-13 06:00:00,1 days 00:00:00,24,33.75,118.0,992.6,55.0
2026-07-12 06:00:00,0,40,2026-07-13 12:00:00,1 days 06:00:00,30,34.63,118.87,993.4,53.8
2026-07-12 06:00:00,0,40,2026-07-13 18:00:00,1 days 12:00:00,36,35.5,119.75,994.3,52.5
2026-07-12 06:00:00,0,40,2026-07-14 00:00:00,1 days 18:00:00,42,36.51,121.48,994.3,52.5
2026-07-12 06:00:00,0,40,2026-07-14 06:00:00,2 days 00:00:00,48,37.5,123.25,994.3,52.5
2026-07-12 06:00:00,0,40,2026-07-14 12:00:00,2 days 06:00:00,54,38.55,126.58,992.7,54.9
2026-07-12 06:00:00,0,40,2026-07-14 18:00:00,2 days 12:00:00,60,39.5,130.0,991.0,57.3
2026-07-12 06:00:00,3,40,2026-07-12 06:00:00,0 days 00:00:00,0,-41.75,-140.0,971.7,82.5
2026-07-12 06:00:00,3,40,2026-07-12 12:00:00,0 days 06:00:00,6,-43.0,-139.76,970.6,83.9
2026-07-12 06:00:00,3,40,2026-07-12 18:00:00,0 days 12:00:00,12,-44.25,-139.5,969.5,85.2
2026-07-12 06:00:00,3,40,2026-07-13 00:00:00,0 days 18:00:00,18,-45.63,-139.87,971.6,82.7
2026-07-12 06:00:00,3,40,2026-07-13 06:00:00,1 days 00:00:00,24,-47.0,-140.25,973.8,80.1
2026-07-12 06:00:00,3,40,2026-07-13 12:00:00,1 days 06:00:00,30,-46.25,-141.26,976.1,77.2
2026-07-12 06:00:00,3,40,2026-07-13 18:00:00,1 days 12:00:00,36,-45.5,-142.25,978.4,74.3
2026-07-12 06:00:00,3,40,2026-07-14 00:00:00,1 days 18:00:00,42,-44.01,-143.4,980.5,71.5
2026-07-12 06:00:00,3,40,2026-07-14 06:00:00,2 days 00:00:00,48,-42.5,-144.5,982.6,68.8
2026-07-12 06:00:00,3,40,2026-07-14 12:00:00,2 days 06:00:00,54,-41.38,-143.99,984.0,67.0
2026-07-12 06:00:00,3,40,2026-07-14 18:00:00,2 days 12:00:00,60,-40.25,-143.5,985.4,65.1
2026-07-12 06:00:00,4,40,2026-07-12 06:00:00,0 days 00:00:00,0,-41.0,-92.75,973.3,80.6
2026-07-12 06:00:00,4,40,2026-07-12 12:00:00,0 days 06:00:00,6,-42.02,-90.41,973.0,80.9
2026-07-12 06:00:00,4,40,2026-07-12 18:00:00,0 days 12:00:00,12,-43.0,-88.0,972.8,81.2
2026-07-12 06:00:00,4,40,2026-07-13 00:00:00,0 days 18:00:00,18,-43.53,-85.52,975.0,78.5
2026-07-12 06:00:00,4,40,2026-07-13 06:00:00,1 days 00:00:00,24,-44.0,-83.0,977.2,75.8
2026-07-12 06:00:00,4,40,2026-07-13 12:00:00,1 days 06:00:00,30,-45.02,-80.79,979.7,72.6
2026-07-12 06:00:00,4,40,2026-07-13 18:00:00,1 days 12:00:00,36,-46.0,-78.5,982.2,69.3
2026-07-12 06:00:00,4,40,2026-07-14 00:00:00,1 days 18:00:00,42,-46.5,-78.75,984.8,65.8
2026-07-12 06:00:00,4,40,2026-07-14 06:00:00,2 days 00:00:00,48,-47.0,-79.0,987.4,62.4
2026-07-12 06:00:00,4,40,2026-07-14 12:00:00,2 days 06:00:00,54,-47.13,-78.88,989.9,58.9
2026-07-12 06:00:00,4,40,2026-07-14 18:00:00,2 days 12:00:00,60,-47.25,-78.75,992.3,55.4
2026-07-12 06:00:00,4,40,2026-07-15 00:00:00,2 days 18:00:00,66,-43.91,-81.92,992.9,54.6
2026-07-12 06:00:00,4,40,2026-07-15 06:00:00,3 days 00:00:00,72,-40.5,-84.75,993.4,53.8
2026-07-12 06:00:00,5,40,2026-07-12 18:00:00,0 days 12:00:00,12,8.5,138.5,1002.4,39.6
2026-07-12 06:00:00,5,40,2026-07-13 00:00:00,0 days 18:00:00,18,9.13,136.88,1003.2,38.3
2026-07-12 06:00:00,5,40,2026-07-13 06:00:00,1 days 00:00:00,24,9.75,135.25,1004.0,36.9
2026-07-12 06:00:00,5,40,2026-07-13 12:00:00,1 days 06:00:00,30,10.88,135.13,1004.8,35.5
2026-07-12 06:00:00,5,40,2026-07-13 18:00:00,1 days 12:00:00,36,12.0,135.0,1005.6,34.1
2026-07-12 06:00:00,5,40,2026-07-14 00:00:00,1 days 18:00:00,42,12.75,134.75,1005.5,34.1
2026-07-12 06:00:00,5,40,2026-07-14 06:00:00,2 days 00:00:00,48,13.5,134.5,1005.5,34.2
2026-07-12 06:00:00,5,40,2026-07-14 12:00:00,2 days 06:00:00,54,13.75,134.38,1004.6,35.8
2026-07-12 06:00:00,5,40,2026-07-14 18:00:00,2 days 12:00:00,60,14.0,134.25,1003.7,37.4
2026-07-12 06:00:00,5,40,2026-07-15 00:00:00,2 days 18:00:00,66,14.63,134.37,1002.6,39.3
2026-07-12 06:00:00,5,40,2026-07-15 06:00:00,3 days 00:00:00,72,15.25,134.5,1001.4,41.3
2026-07-12 06:00:00,6,40,2026-07-14 18:00:00,2 days 12:00:00,60,13.75,-108.0,1005.2,34.7
2026-07-12 06:00:00,6,40,2026-07-15 00:00:00,2 days 18:00:00,66,13.88,-109.25,1003.8,37.2
2026-07-12 06:00:00,6,40,2026-07-15 06:00:00,3 days 00:00:00,72,14.0,-110.5,1002.4,39.7
2026-07-12 06:00:00,6,40,2026-07-15 12:00:00,3 days 06:00:00,78,14.25,-111.87,1001.2,41.6
2026-07-12 06:00:00,6,40,2026-07-15 18:00:00,3 days 12:00:00,84,14.5,-113.25,1000.0,43.6
2026-07-12 06:00:00,6,40,2026-07-16 00:00:00,3 days 18:00:00,90,14.75,-114.25,999.0,45.3
2026-07-12 06:00:00,6,40,2026-07-16 06:00:00,4 days 00:00:00,96,15.0,-115.25,997.9,47.0
2026-07-12 06:00:00,6,40,2026-07-16 12:00:00,4 days 06:00:00,102,15.13,-116.12,994.5,52.1
2026-07-12 06:00:00,6,40,2026-07-16 18:00:00,4 days 12:00:00,108,15.25,-117.0,991.1,57.2
2026-07-12 06:00:00,6,40,2026-07-17 00:00:00,4 days 18:00:00,114,15.63,-117.75,989.0,60.1
2026-07-12 06:00:00,6,40,2026-07-17 06:00:00,5 days 00:00:00,120,16.0,-118.5,987.0,63.0
2026-07-12 06:00:00,6,40,2026-07-17 12:00:00,5 days 06:00:00,126,16.75,-119.5,982.1,69.3
2026-07-12 06:00:00,6,40,2026-07-17 18:00:00,5 days 12:00:00,132,17.5,-120.5,977.2,75.7
2026-07-12 06:00:00,6,40,2026-07-18 00:00:00,5 days 18:00:00,138,18.13,-121.37,979.0,73.4
2026-07-12 06:00:00,6,40,2026-07-18 06:00:00,6 days 00:00:00,144,18.75,-122.25,980.8,71.2
2026-07-12 06:00:00,6,40,2026-07-18 12:00:00,6 days 06:00:00,150,19.5,-123.37,982.8,68.5
2026-07-12 06:00:00,6,40,2026-07-18 18:00:00,6 days 12:00:00,156,20.25,-124.5,984.9,65.8
2026-07-12 06:00:00,6,40,2026-07-19 00:00:00,6 days 18:00:00,162,21.0,-125.12,986.4,63.7
2026-07-12 06:00:00,6,40,2026-07-19 06:00:00,7 days 00:00:00,168,21.75,-125.75,988.0,61.5
2026-07-12 06:00:00,6,40,2026-07-19 12:00:00,7 days 06:00:00,174,23.0,-126.37,990.6,57.9
2026-07-12 06:00:00,6,40,2026-07-19 18:00:00,7 days 12:00:00,180,24.25,-127.0,993.1,54.2
2026-07-12 06:00:00,6,40,2026-07-20 00:00:00,7 days 18:00:00,186,25.5,-127.62,997.9,46.6
2026-07-12 06:00:00,6,40,2026-07-20 06:00:00,8 days 00:00:00,192,26.75,-128.25,1002.7,39.1
2026-07-12 06:00:00,6,40,2026-07-20 12:00:00,8 days 06:00:00,198,28.13,-128.91,1004.2,36.4
2026-07-12 06:00:00,6,40,2026-07-20 18:00:00,8 days 12:00:00,204,29.51,-129.59,1005.6,33.7
2026-07-12 06:00:00,6,40,2026-07-21 00:00:00,8 days 18:00:00,210,30.88,-130.28,1007.1,31.1
2026-07-12 06:00:00,6,40,2026-07-21 06:00:00,9 days 00:00:00,216,32.25,-131.0,1008.6,28.4
2026-07-12 06:00:00,7,40,2026-07-15 06:00:00,3 days 00:00:00,72,11.0,-168.0,1007.1,31.2
2026-07-12 06:00:00,7,40,2026-07-15 12:00:00,3 days 06:00:00,78,11.0,-168.0,1006.6,32.2
2026-07-12 06:00:00,7,40,2026-07-15 18:00:00,3 days 12:00:00,84,11.0,-168.0,1006.0,33.2
2026-07-12 06:00:00,7,40,2026-07-16 00:00:00,3 days 18:00:00,90,11.63,-167.5,1005.6,34.0
2026-07-12 06:00:00,7,40,2026-07-16 06:00:00,4 days 00:00:00,96,12.25,-167.0,1005.1,34.9
2026-07-12 06:00:00,7,40,2026-07-16 12:00:00,4 days 06:00:00,102,13.25,-166.88,1005.5,34.2
2026-07-12 06:00:00,7,40,2026-07-16 18:00:00,4 days 12:00:00,108,14.25,-166.75,1005.9,33.5
2026-07-12 06:00:00,7,40,2026-07-17 00:00:00,4 days 18:00:00,114,14.63,-167.37,1005.8,33.6
2026-07-12 06:00:00,7,40,2026-07-17 06:00:00,5 days 00:00:00,120,15.0,-168.0,1005.8,33.7
2026-07-12 06:00:00,7,40,2026-07-17 12:00:00,5 days 06:00:00,126,15.75,-168.25,1006.0,33.3
2026-07-12 06:00:00,7,40,2026-07-17 18:00:00,5 days 12:00:00,132,16.5,-168.5,1006.3,32.8
2026-07-12 06:00:00,8,40,2026-07-19 06:00:00,7 days 00:00:00,168,10.75,-110.0,1010.5,24.5
2026-07-12 06:00:00,8,40,2026-07-19 12:00:00,7 days 06:00:00,174,11.13,-111.06,1009.9,25.7
2026-07-12 06:00:00,8,40,2026-07-19 18:00:00,7 days 12:00:00,180,11.51,-112.12,1009.3,26.9
2026-07-12 06:00:00,8,40,2026-07-20 00:00:00,7 days 18:00:00,186,11.88,-113.18,1008.7,28.1
2026-07-12 06:00:00,8,40,2026-07-20 06:00:00,8 days 00:00:00,192,12.25,-114.25,1008.1,29.3
2026-07-12 06:00:00,8,40,2026-07-20 12:00:00,8 days 06:00:00,198,13.0,-115.0,1006.1,33.0
2026-07-12 06:00:00,8,40,2026-07-20 18:00:00,8 days 12:00:00,204,13.75,-115.75,1004.2,36.6
2026-07-12 06:00:00,8,40,2026-07-21 00:00:00,8 days 18:00:00,210,14.38,-116.62,1002.9,38.8
2026-07-12 06:00:00,8,40,2026-07-21 06:00:00,9 days 00:00:00,216,15.0,-117.5,1001.7,40.9
2026-07-12 06:00:00,8,40,2026-07-21 12:00:00,9 days 06:00:00,222,15.25,-118.5,999.9,43.7
2026-07-12 06:00:00,8,40,2026-07-21 18:00:00,9 days 12:00:00,228,15.5,-119.5,998.2,46.5
2026-07-12 06:00:00,8,40,2026-07-22 00:00:00,9 days 18:00:00,234,15.5,-120.25,997.7,47.3
2026-07-12 06:00:00,8,40,2026-07-22 06:00:00,10 days 00:00:00,240,15.5,-121.0,997.2,48.1
2026-07-12 06:00:00,8,40,2026-07-22 12:00:00,10 days 06:00:00,246,15.5,-121.75,995.5,50.7
2026-07-12 06:00:00,8,40,2026-07-22 18:00:00,10 days 12:00:00,252,15.5,-122.5,993.8,53.2
2026-07-12 06:00:00,8,40,2026-07-23 00:00:00,10 days 18:00:00,258,15.25,-123.5,993.5,53.7
2026-07-12 06:00:00,8,40,2026-07-23 06:00:00,11 days 00:00:00,264,15.0,-124.5,993.2,54.1
2026-07-12 06:00:00,8,40,2026-07-23 12:00:00,11 days 06:00:00,270,15.13,-125.62,989.5,59.4
2026-07-12 06:00:00,8,40,2026-07-23 18:00:00,11 days 12:00:00,276,15.25,-126.75,985.7,64.6
2026-07-12 06:00:00,8,40,2026-07-24 00:00:00,11 days 18:00:00,282,15.5,-127.75,986.8,63.3
2026-07-12 06:00:00,8,40,2026-07-24 06:00:00,12 days 00:00:00,288,15.75,-128.75,987.8,61.9
2026-07-12 06:00:00,8,40,2026-07-24 12:00:00,12 days 06:00:00,294,16.01,-130.37,988.8,60.4
2026-07-12 06:00:00,8,40,2026-07-24 18:00:00,12 days 12:00:00,300,16.25,-132.0,989.9,58.9
2026-07-12 06:00:00,8,40,2026-07-25 00:00:00,12 days 18:00:00,306,16.38,-133.5,990.8,57.6
2026-07-12 06:00:00,8,40,2026-07-25 06:00:00,13 days 00:00:00,312,16.5,-135.0,991.8,56.2
2026-07-12 06:00:00,8,40,2026-07-25 12:00:00,13 days 06:00:00,318,16.88,-136.37,990.4,58.1
2026-07-12 06:00:00,8,40,2026-07-25 18:00:00,13 days 12:00:00,324,17.25,-137.75,989.0,60.1
2026-07-12 06:00:00,8,40,2026-07-26 00:00:00,13 days 18:00:00,330,17.76,-139.62,990.4,58.1
2026-07-12 06:00:00,8,40,2026-07-26 06:00:00,14 days 00:00:00,336,18.25,-141.5,991.8,56.1
2026-07-12 06:00:00,8,40,2026-07-26 12:00:00,14 days 06:00:00,342,18.26,-143.25,991.7,56.2
2026-07-12 06:00:00,8,40,2026-07-26 18:00:00,14 days 12:00:00,348,18.25,-145.0,991.7,56.4
2026-07-12 06:00:00,8,40,2026-07-27 00:00:00,14 days 18:00:00,354,18.63,-146.87,992.8,54.7
2026-07-12 06:00:00,8,40,2026-07-27 06:00:00,15 days 00:00:00,360,19.0,-148.75,993.9,53.1
2026-07-12 06:00:00,9,40,2026-07-22 18:00:00,10 days 12:00:00,252,9.25,-108.0,1007.6,30.3
2026-07-12 06:00:00,9,40,2026-07-23 00:00:00,10 days 18:00:00,258,10.0,-108.12,1006.5,32.4
2026-07-12 06:00:00,9,40,2026-07-23 06:00:00,11 days 00:00:00,264,10.75,-108.25,1005.3,34.5
2026-07-12 06:00:00,9,40,2026-07-23 12:00:00,11 days 06:00:00,270,11.25,-109.0,1005.2,34.7
2026-07-12 06:00:00,9,40,2026-07-23 18:00:00,11 days 12:00:00,276,11.75,-109.75,1005.1,35.0
2026-07-12 06:00:00,9,40,2026-07-24 00:00:00,11 days 18:00:00,282,12.0,-110.87,1004.0,36.8
2026-07-12 06:00:00,9,40,2026-07-24 06:00:00,12 days 00:00:00,288,12.25,-112.0,1003.0,38.6
2026-07-12 06:00:00,9,40,2026-07-24 12:00:00,12 days 06:00:00,294,12.63,-112.62,1002.6,39.3
2026-07-12 06:00:00,9,40,2026-07-24 18:00:00,12 days 12:00:00,300,13.0,-113.25,1002.2,39.9
2026-07-12 06:00:00,9,40,2026-07-25 00:00:00,12 days 18:00:00,306,13.5,-114.12,1002.6,39.2
2026-07-12 06:00:00,9,40,2026-07-25 06:00:00,13 days 00:00:00,312,14.0,-115.0,1003.1,38.5
2026-07-12 06:00:00,9,40,2026-07-25 12:00:00,13 days 06:00:00,318,14.5,-116.12,1002.3,39.8
2026-07-12 06:00:00,9,40,2026-07-25 18:00:00,13 days 12:00:00,324,15.0,-117.25,1001.6,41.0
2026-07-12 06:00:00,9,40,2026-07-26 00:00:00,13 days 18:00:00,330,15.13,-118.62,1003.2,38.2
2026-07-12 06:00:00,9,40,2026-07-26 06:00:00,14 days 00:00:00,336,15.25,-120.0,1004.9,35.3
2026-07-12 06:00:00,9,40,2026-07-26 12:00:00,14 days 06:00:00,342,15.26,-121.63,1003.9,37.0
2026-07-12 06:00:00,9,40,2026-07-26 18:00:00,14 days 12:00:00,348,15.25,-123.25,1003.0,38.7
2026-07-12 06:00:00,9,40,2026-07-27 00:00:00,14 days 18:00:00,354,15.13,-124.38,1003.0,38.6
2026-07-12 06:00:00,9,40,2026-07-27 06:00:00,15 days 00:00:00,360,15.0,-125.5,1003.0,38.6
2026-07-12 06:00:00,0,41,2026-07-12 06:00:00,0 days 00:00:00,0,31.25,118.75,986.3,63.8
2026-07-12 06:00:00,0,41,2026-07-12 12:00:00,0 days 06:00:00,6,32.13,118.13,987.9,61.7
2026-07-12 06:00:00,0,41,2026-07-12 18:00:00,0 days 12:00:00,12,33.0,117.5,989.4,59.5
2026-07-12 06:00:00,0,41,2026-07-13 00:00:00,0 days 18:00:00,18,33.5,117.75,990.5,58.0
2026-07-12 06:00:00,0,41,2026-07-13 06:00:00,1 days 00:00:00,24,34.0,118.0,991.6,56.5
2026-07-12 06:00:00,0,41,2026-07-13 12:00:00,1 days 06:00:00,30,34.5,118.75,992.1,55.8
2026-07-12 06:00:00,0,41,2026-07-13 18:00:00,1 days 12:00:00,36,35.0,119.5,992.6,55.0
2026-07-12 06:00:00,0,41,2026-07-14 00:00:00,1 days 18:00:00,42,35.75,120.49,992.1,55.7
2026-07-12 06:00:00,0,41,2026-07-14 06:00:00,2 days 00:00:00,48,36.5,121.5,991.6,56.4
2026-07-12 06:00:00,0,41,2026-07-14 12:00:00,2 days 06:00:00,54,37.56,125.2,991.3,56.9
2026-07-12 06:00:00,0,41,2026-07-14 18:00:00,2 days 12:00:00,60,38.5,129.0,990.9,57.5
2026-07-12 06:00:00,0,41,2026-07-15 00:00:00,2 days 18:00:00,66,39.78,131.58,988.9,60.2
2026-07-12 06:00:00,0,41,2026-07-15 06:00:00,3 days 00:00:00,72,41.0,134.25,987.0,63.0
2026-07-12 06:00:00,3,41,2026-07-12 06:00:00,0 days 00:00:00,0,-41.75,-140.0,971.7,82.5
2026-07-12 06:00:00,3,41,2026-07-12 12:00:00,0 days 06:00:00,6,-43.13,-139.63,970.4,84.1
2026-07-12 06:00:00,3,41,2026-07-12 18:00:00,0 days 12:00:00,12,-44.5,-139.25,969.1,85.6
2026-07-12 06:00:00,3,41,2026-07-13 00:00:00,0 days 18:00:00,18,-45.5,-139.99,970.7,83.8
2026-07-12 06:00:00,3,41,2026-07-13 06:00:00,1 days 00:00:00,24,-46.5,-140.75,972.2,81.9
2026-07-12 06:00:00,3,41,2026-07-13 12:00:00,1 days 06:00:00,30,-46.0,-141.63,973.9,79.8
2026-07-12 06:00:00,3,41,2026-07-13 18:00:00,1 days 12:00:00,36,-45.5,-142.5,975.6,77.7
2026-07-12 06:00:00,3,41,2026-07-14 00:00:00,1 days 18:00:00,42,-44.25,-143.27,977.3,75.6
2026-07-12 06:00:00,3,41,2026-07-14 06:00:00,2 days 00:00:00,48,-43.0,-144.0,979.0,73.5
2026-07-12 06:00:00,4,41,2026-07-12 06:00:00,0 days 00:00:00,0,-41.0,-92.75,973.3,80.6
2026-07-12 06:00:00,4,41,2026-07-12 12:00:00,0 days 06:00:00,6,-41.9,-90.41,973.4,80.5
2026-07-12 06:00:00,4,41,2026-07-12 18:00:00,0 days 12:00:00,12,-42.75,-88.0,973.6,80.3
2026-07-12 06:00:00,4,41,2026-07-13 00:00:00,0 days 18:00:00,18,-43.16,-85.39,975.6,77.8
2026-07-12 06:00:00,4,41,2026-07-13 06:00:00,1 days 00:00:00,24,-43.5,-82.75,977.6,75.3
2026-07-12 06:00:00,4,41,2026-07-13 12:00:00,1 days 06:00:00,30,-44.39,-80.78,980.1,72.1
2026-07-12 06:00:00,4,41,2026-07-13 18:00:00,1 days 12:00:00,36,-45.25,-78.75,982.6,68.8
2026-07-12 06:00:00,4,41,2026-07-14 00:00:00,1 days 18:00:00,42,-46.5,-77.9,985.4,65.1
2026-07-12 06:00:00,4,41,2026-07-14 06:00:00,2 days 00:00:00,48,-47.75,-77.0,988.2,61.3
2026-07-12 06:00:00,4,41,2026-07-14 12:00:00,2 days 06:00:00,54,-46.1,-79.93,989.1,59.9
2026-07-12 06:00:00,4,41,2026-07-14 18:00:00,2 days 12:00:00,60,-44.38,-82.7,990.1,58.6
2026-07-12 06:00:00,4,41,2026-07-15 00:00:00,2 days 18:00:00,66,-42.59,-85.3,991.0,57.2
2026-07-12 06:00:00,4,41,2026-07-15 06:00:00,3 days 00:00:00,72,-40.75,-87.75,992.0,55.9
2026-07-12 06:00:00,5,41,2026-07-15 06:00:00,3 days 00:00:00,72,13.25,-110.75,1005.3,34.6
2026-07-12 06:00:00,5,41,2026-07-15 12:00:00,3 days 06:00:00,78,14.25,-111.62,1003.8,37.2
2026-07-12 06:00:00,5,41,2026-07-15 18:00:00,3 days 12:00:00,84,15.25,-112.5,1002.3,39.9
2026-07-12 06:00:00,5,41,2026-07-16 00:00:00,3 days 18:00:00,90,15.26,-114.12,1002.6,39.3
2026-07-12 06:00:00,5,41,2026-07-16 06:00:00,4 days 00:00:00,96,15.25,-115.75,1003.0,38.7
2026-07-12 06:00:00,5,41,2026-07-16 12:00:00,4 days 06:00:00,102,15.0,-116.63,1001.9,40.5
2026-07-12 06:00:00,5,41,2026-07-16 18:00:00,4 days 12:00:00,108,14.75,-117.5,1000.8,42.3
2026-07-12 06:00:00,5,41,2026-07-17 00:00:00,4 days 18:00:00,114,15.25,-117.5,1000.7,42.6
2026-07-12 06:00:00,5,41,2026-07-17 06:00:00,5 days 00:00:00,120,15.75,-117.5,1000.5,42.8
2026-07-12 06:00:00,5,41,2026-07-17 12:00:00,5 days 06:00:00,126,16.38,-118.0,998.4,46.1
2026-07-12 06:00:00,5,41,2026-07-17 18:00:00,5 days 12:00:00,132,17.0,-118.5,996.3,49.4
2026-07-12 06:00:00,5,41,2026-07-18 00:00:00,5 days 18:00:00,138,17.75,-119.0,995.6,50.6
2026-07-12 06:00:00,5,41,2026-07-18 06:00:00,6 days 00:00:00,144,18.5,-119.5,994.8,51.7
2026-07-12 06:00:00,5,41,2026-07-18 12:00:00,6 days 06:00:00,150,19.0,-120.37,994.3,52.6
2026-07-12 06:00:00,5,41,2026-07-18 18:00:00,6 days 12:00:00,156,19.5,-121.25,993.7,53.4
2026-07-12 06:00:00,5,41,2026-07-19 00:00:00,6 days 18:00:00,162,20.25,-122.25,995.5,50.7
2026-07-12 06:00:00,5,41,2026-07-19 06:00:00,7 days 00:00:00,168,21.0,-123.25,997.3,47.9
2026-07-12 06:00:00,5,41,2026-07-19 12:00:00,7 days 06:00:00,174,21.63,-124.0,997.7,47.3
2026-07-12 06:00:00,5,41,2026-07-19 18:00:00,7 days 12:00:00,180,22.25,-124.75,998.1,46.7
2026-07-12 06:00:00,5,41,2026-07-20 00:00:00,7 days 18:00:00,186,22.75,-125.37,999.1,45.0
2026-07-12 06:00:00,5,41,2026-07-20 06:00:00,8 days 00:00:00,192,23.25,-126.0,1000.2,43.3
2026-07-12 06:00:00,5,41,2026-07-20 12:00:00,8 days 06:00:00,198,21.34,-124.12,1000.0,43.6
2026-07-12 06:00:00,5,41,2026-07-20 18:00:00,8 days 12:00:00,204,19.41,-122.29,999.8,44.0
2026-07-12 06:00:00,5,41,2026-07-21 00:00:00,8 days 18:00:00,210,17.46,-120.5,999.6,44.3
2026-07-12 06:00:00,5,41,2026-07-21 06:00:00,9 days 00:00:00,216,15.5,-118.75,999.4,44.6
2026-07-12 06:00:00,5,41,2026-07-21 12:00:00,9 days 06:00:00,222,15.88,-119.62,999.3,44.8
2026-07-12 06:00:00,5,41,2026-07-21 18:00:00,9 days 12:00:00,228,16.25,-120.5,999.2,44.9
2026-07-12 06:00:00,5,41,2026-07-22 00:00:00,9 days 18:00:00,234,16.63,-121.62,1002.1,40.0
2026-07-12 06:00:00,5,41,2026-07-22 06:00:00,10 days 00:00:00,240,17.0,-122.75,1005.1,35.0
2026-07-12 06:00:00,5,41,2026-07-22 12:00:00,10 days 06:00:00,246,17.13,-123.37,1005.2,34.8
2026-07-12 06:00:00,5,41,2026-07-22 18:00:00,10 days 12:00:00,252,17.25,-124.0,1005.3,34.6
2026-07-12 06:00:00,5,41,2026-07-23 00:00:00,10 days 18:00:00,258,17.13,-124.88,1003.2,38.3
2026-07-12 06:00:00,5,41,2026-07-23 06:00:00,11 days 00:00:00,264,17.0,-125.75,1001.0,41.9
2026-07-12 06:00:00,5,41,2026-07-23 12:00:00,11 days 06:00:00,270,16.75,-126.5,1001.9,40.5
2026-07-12 06:00:00,5,41,2026-07-23 18:00:00,11 days 12:00:00,276,16.5,-127.25,1002.7,39.2
2026-07-12 06:00:00,5,41,2026-07-24 00:00:00,11 days 18:00:00,282,16.88,-128.0,1001.8,40.7
2026-07-12 06:00:00,5,41,2026-07-24 06:00:00,12 days 00:00:00,288,17.25,-128.75,1000.8,42.3
2026-07-12 06:00:00,5,41,2026-07-24 12:00:00,12 days 06:00:00,294,17.25,-129.62,999.6,44.2
2026-07-12 06:00:00,5,41,2026-07-24 18:00:00,12 days 12:00:00,300,17.25,-130.5,998.4,46.2
2026-07-12 06:00:00,5,41,2026-07-25 00:00:00,12 days 18:00:00,306,17.0,-131.63,997.9,47.0
2026-07-12 06:00:00,5,41,2026-07-25 06:00:00,13 days 00:00:00,312,16.75,-132.75,997.4,47.8
2026-07-12 06:00:00,5,41,2026-07-25 12:00:00,13 days 06:00:00,318,16.5,-133.75,997.1,48.3
2026-07-12 06:00:00,5,41,2026-07-25 18:00:00,13 days 12:00:00,324,16.25,-134.75,996.8,48.7
2026-07-12 06:00:00,5,41,2026-07-26 00:00:00,13 days 18:00:00,330,16.5,-135.5,997.0,48.4
2026-07-12 06:00:00,5,41,2026-07-26 06:00:00,14 days 00:00:00,336,16.75,-136.25,997.2,48.1
2026-07-12 06:00:00,5,41,2026-07-26 12:00:00,14 days 06:00:00,342,16.88,-137.37,997.3,47.9
2026-07-12 06:00:00,5,41,2026-07-26 18:00:00,14 days 12:00:00,348,17.0,-138.5,997.4,47.8
2026-07-12 06:00:00,5,41,2026-07-27 00:00:00,14 days 18:00:00,354,17.5,-139.75,996.1,49.8
2026-07-12 06:00:00,5,41,2026-07-27 06:00:00,15 days 00:00:00,360,18.0,-141.0,994.7,51.9
2026-07-12 06:00:00,6,41,2026-07-18 06:00:00,6 days 00:00:00,144,9.5,-107.25,1007.7,30.1
2026-07-12 06:00:00,6,41,2026-07-18 12:00:00,6 days 06:00:00,150,10.25,-108.37,1007.2,31.1
2026-07-12 06:00:00,6,41,2026-07-18 18:00:00,6 days 12:00:00,156,11.0,-109.5,1006.6,32.1
2026-07-12 06:00:00,6,41,2026-07-19 00:00:00,6 days 18:00:00,162,11.5,-110.62,1006.5,32.3
2026-07-12 06:00:00,6,41,2026-07-19 06:00:00,7 days 00:00:00,168,12.0,-111.75,1006.5,32.4
2026-07-12 06:00:00,6,41,2026-07-19 12:00:00,7 days 06:00:00,174,12.5,-112.37,1005.2,34.7
2026-07-12 06:00:00,6,41,2026-07-19 18:00:00,7 days 12:00:00,180,13.0,-113.0,1003.9,37.0
2026-07-12 06:00:00,6,41,2026-07-20 00:00:00,7 days 18:00:00,186,13.25,-114.0,1003.7,37.4
2026-07-12 06:00:00,6,41,2026-07-20 06:00:00,8 days 00:00:00,192,13.5,-115.0,1003.5,37.7
2026-07-12 06:00:00,6,41,2026-07-20 12:00:00,8 days 06:00:00,198,14.0,-115.75,1003.0,38.7
2026-07-12 06:00:00,6,41,2026-07-20 18:00:00,8 days 12:00:00,204,14.5,-116.5,1002.4,39.7
2026-07-12 06:00:00,6,41,2026-07-21 00:00:00,8 days 18:00:00,210,15.0,-117.62,1000.9,42.1
2026-07-12 06:00:00,6,41,2026-07-21 06:00:00,9 days 00:00:00,216,15.5,-118.75,999.4,44.6
2026-07-12 06:00:00,7,41,2026-07-19 06:00:00,7 days 00:00:00,168,31.75,62.75,994.8,51.7
2026-07-12 06:00:00,7,41,2026-07-19 12:00:00,7 days 06:00:00,174,31.63,62.5,993.2,54.1
2026-07-12 06:00:00,7,41,2026-07-19 18:00:00,7 days 12:00:00,180,31.5,62.25,991.6,56.4
2026-07-12 06:00:00,7,41,2026-07-20 00:00:00,7 days 18:00:00,186,31.63,62.37,992.1,55.7
2026-07-12 06:00:00,7,41,2026-07-20 06:00:00,8 days 00:00:00,192,31.75,62.5,992.6,55.0
2026-07-12 06:00:00,7,41,2026-07-20 12:00:00,8 days 06:00:00,198,31.13,63.13,991.4,56.7
2026-07-12 06:00:00,7,41,2026-07-20 18:00:00,8 days 12:00:00,204,30.5,63.75,990.2,58.4
2026-07-12 06:00:00,7,41,2026-07-21 00:00:00,8 days 18:00:00,210,30.88,63.63,990.4,58.2
2026-07-12 06:00:00,7,41,2026-07-21 06:00:00,9 days 00:00:00,216,31.25,63.5,990.5,58.0
2026-07-12 06:00:00,7,41,2026-07-21 12:00:00,9 days 06:00:00,222,31.63,63.38,990.7,57.8
2026-07-12 06:00:00,7,41,2026-07-21 18:00:00,9 days 12:00:00,228,32.0,63.25,990.8,57.6
2026-07-12 06:00:00,7,41,2026-07-22 00:00:00,9 days 18:00:00,234,32.0,63.13,991.4,56.8
2026-07-12 06:00:00,7,41,2026-07-22 06:00:00,10 days 00:00:00,240,32.0,63.0,991.9,56.0
2026-07-12 06:00:00,7,41,2026-07-22 12:00:00,10 days 06:00:00,246,32.0,63.0,990.4,58.2
2026-07-12 06:00:00,7,41,2026-07-22 18:00:00,10 days 12:00:00,252,32.0,63.0,988.9,60.3
2026-07-12 06:00:00,7,41,2026-07-23 00:00:00,10 days 18:00:00,258,31.88,62.75,990.2,58.4
2026-07-12 06:00:00,7,41,2026-07-23 06:00:00,11 days 00:00:00,264,31.75,62.5,991.6,56.4
2026-07-12 06:00:00,8,41,2026-07-19 18:00:00,7 days 12:00:00,180,-35.0,-74.0,980.9,71.0
2026-07-12 06:00:00,8,41,2026-07-20 00:00:00,7 days 18:00:00,186,-37.75,-73.28,988.5,60.4
2026-07-12 06:00:00,8,41,2026-07-20 06:00:00,8 days 00:00:00,192,-40.5,-72.5,996.1,49.7
2026-07-12 06:00:00,8,41,2026-07-20 12:00:00,8 days 06:00:00,198,-40.61,-74.37,998.0,46.7
2026-07-12 06:00:00,8,41,2026-07-20 18:00:00,8 days 12:00:00,204,-40.69,-76.24,999.9,43.7
2026-07-12 06:00:00,8,41,2026-07-21 00:00:00,8 days 18:00:00,210,-40.73,-78.12,1001.7,40.6
2026-07-12 06:00:00,8,41,2026-07-21 06:00:00,9 days 00:00:00,216,-40.75,-80.0,1003.6,37.6
2026-07-12 06:00:00,8,41,2026-07-21 12:00:00,9 days 06:00:00,222,-40.88,-79.88,1005.2,34.8
2026-07-12 06:00:00,8,41,2026-07-21 18:00:00,9 days 12:00:00,228,-41.0,-79.75,1006.7,32.0
2026-07-12 06:00:00,8,41,2026-07-22 00:00:00,9 days 18:00:00,234,-39.21,-81.23,1005.4,34.3
2026-07-12 06:00:00,8,41,2026-07-22 06:00:00,10 days 00:00:00,240,-37.41,-82.63,1004.0,36.7
2026-07-12 06:00:00,8,41,2026-07-22 12:00:00,10 days 06:00:00,246,-35.58,-83.97,1002.7,39.1
2026-07-12 06:00:00,8,41,2026-07-22 18:00:00,10 days 12:00:00,252,-33.75,-85.25,1001.3,41.4
2026-07-12 06:00:00,9,41,2026-07-20 06:00:00,8 days 00:00:00,192,13.5,143.5,1001.2,41.7
2026-07-12 06:00:00,9,41,2026-07-20 12:00:00,8 days 06:00:00,198,14.26,141.38,1000.3,43.1
2026-07-12 06:00:00,9,41,2026-07-20 18:00:00,8 days 12:00:00,204,15.0,139.25,999.5,44.4
2026-07-12 06:00:00,9,41,2026-07-21 00:00:00,8 days 18:00:00,210,15.0,139.25,999.3,44.8
2026-07-12 06:00:00,9,41,2026-07-21 06:00:00,9 days 00:00:00,216,15.0,139.25,999.0,45.2
2026-07-12 06:00:00,9,41,2026-07-21 12:00:00,9 days 06:00:00,222,16.26,137.26,999.3,44.8
2026-07-12 06:00:00,9,41,2026-07-21 18:00:00,9 days 12:00:00,228,17.5,135.25,999.5,44.4
2026-07-12 06:00:00,9,41,2026-07-22 00:00:00,9 days 18:00:00,234,17.88,135.0,999.3,44.8
2026-07-12 06:00:00,9,41,2026-07-22 06:00:00,10 days 00:00:00,240,18.25,134.75,999.0,45.2
2026-07-12 06:00:00,9,41,2026-07-22 12:00:00,10 days 06:00:00,246,19.0,134.38,999.0,45.3
2026-07-12 06:00:00,9,41,2026-07-22 18:00:00,10 days 12:00:00,252,19.75,134.0,998.9,45.4
2026-07-12 06:00:00,9,41,2026-07-23 00:00:00,10 days 18:00:00,258,19.01,132.12,998.0,46.8
2026-07-12 06:00:00,9,41,2026-07-23 06:00:00,11 days 00:00:00,264,18.25,130.25,997.1,48.2
2026-07-12 06:00:00,9,41,2026-07-23 12:00:00,11 days 06:00:00,270,19.0,130.37,995.7,50.4
2026-07-12 06:00:00,9,41,2026-07-23 18:00:00,11 days 12:00:00,276,19.75,130.5,994.2,52.6
2026-07-12 06:00:00,9,41,2026-07-24 00:00:00,11 days 18:00:00,282,20.01,128.38,994.7,52.0
2026-07-12 06:00:00,9,41,2026-07-24 06:00:00,12 days 00:00:00,288,20.25,126.25,995.1,51.3
2026-07-12 06:00:00,9,41,2026-07-24 12:00:00,12 days 06:00:00,294,21.0,125.75,994.2,52.6
2026-07-12 06:00:00,9,41,2026-07-24 18:00:00,12 days 12:00:00,300,21.75,125.25,993.4,53.9
2026-07-12 06:00:00,9,41,2026-07-25 00:00:00,12 days 18:00:00,306,22.63,125.13,992.5,55.1
2026-07-12 06:00:00,9,41,2026-07-25 06:00:00,13 days 00:00:00,312,23.5,125.0,991.7,56.3
2026-07-12 06:00:00,9,41,2026-07-25 12:00:00,13 days 06:00:00,318,24.38,124.38,990.3,58.3
2026-07-12 06:00:00,9,41,2026-07-25 18:00:00,13 days 12:00:00,324,25.25,123.75,988.9,60.3
2026-07-12 06:00:00,9,41,2026-07-26 00:00:00,13 days 18:00:00,330,26.0,123.87,987.9,61.7
2026-07-12 06:00:00,9,41,2026-07-26 06:00:00,14 days 00:00:00,336,26.75,124.0,986.9,63.1
2026-07-12 06:00:00,9,41,2026-07-26 12:00:00,14 days 06:00:00,342,28.25,123.26,984.7,66.0
2026-07-12 06:00:00,9,41,2026-07-26 18:00:00,14 days 12:00:00,348,29.75,122.5,982.5,68.9
2026-07-12 06:00:00,9,41,2026-07-27 00:00:00,14 days 18:00:00,354,30.88,122.01,981.7,70.1
2026-07-12 06:00:00,9,41,2026-07-27 06:00:00,15 days 00:00:00,360,32.0,121.5,980.8,71.2
2026-07-12 06:00:00,0,42,2026-07-12 06:00:00,0 days 00:00:00,0,31.25,118.75,986.3,63.8
2026-07-12 06:00:00,0,42,2026-07-12 12:00:00,0 days 06:00:00,6,32.25,118.5,988.7,60.6
2026-07-12 06:00:00,0,42,2026-07-12 18:00:00,0 days 12:00:00,12,33.25,118.25,991.0,57.4
2026-07-12 06:00:00,0,42,2026-07-13 00:00:00,0 days 18:00:00,18,33.5,118.0,991.9,56.0
2026-07-12 06:00:00,0,42,2026-07-13 06:00:00,1 days 00:00:00,24,33.75,117.75,992.9,54.6
2026-07-12 06:00:00,0,42,2026-07-13 12:00:00,1 days 06:00:00,30,34.5,118.62,992.8,54.7
2026-07-12 06:00:00,0,42,2026-07-13 18:00:00,1 days 12:00:00,36,35.25,119.5,992.8,54.7
2026-07-12 06:00:00,0,42,2026-07-14 00:00:00,1 days 18:00:00,42,36.26,120.86,992.8,54.8
2026-07-12 06:00:00,0,42,2026-07-14 06:00:00,2 days 00:00:00,48,37.25,122.25,992.7,54.8
2026-07-12 06:00:00,0,42,2026-07-14 12:00:00,2 days 06:00:00,54,38.4,124.83,991.8,56.1
2026-07-12 06:00:00,0,42,2026-07-14 18:00:00,2 days 12:00:00,60,39.5,127.5,990.9,57.4
2026-07-12 06:00:00,0,42,2026-07-15 00:00:00,2 days 18:00:00,66,40.93,131.05,989.6,59.3
2026-07-12 06:00:00,0,42,2026-07-15 06:00:00,3 days 00:00:00,72,42.25,134.75,988.2,61.3
2026-07-12 06:00:00,10,42,2026-07-23 18:00:00,11 days 12:00:00,276,30.25,63.0,994.9,51.6
2026-07-12 06:00:00,10,42,2026-07-24 00:00:00,11 days 18:00:00,282,28.35,64.97,994.8,51.8
2026-07-12 06:00:00,10,42,2026-07-24 06:00:00,12 days 00:00:00,288,26.42,66.88,994.6,52.0
2026-07-12 06:00:00,10,42,2026-07-24 12:00:00,12 days 06:00:00,294,24.47,68.72,994.5,52.2
2026-07-12 06:00:00,10,42,2026-07-24 18:00:00,12 days 12:00:00,300,22.5,70.5,994.4,52.4
2026-07-12 06:00:00,10,42,2026-07-25 00:00:00,12 days 18:00:00,306,22.75,70.13,995.3,51.0
2026-07-12 06:00:00,10,42,2026-07-25 06:00:00,13 days 00:00:00,312,23.0,69.75,996.2,49.6
2026-07-12 06:00:00,10,42,2026-07-25 12:00:00,13 days 06:00:00,318,23.5,69.87,995.5,50.7
2026-07-12 06:00:00,10,42,2026-07-25 18:00:00,13 days 12:00:00,324,24.0,70.0,994.7,51.9
2026-07-12 06:00:00,10,42,2026-07-26 00:00:00,13 days 18:00:00,330,24.5,69.75,994.9,51.6
2026-07-12 06:00:00,10,42,2026-07-26 06:00:00,14 days 00:00:00,336,25.0,69.5,995.1,51.3
2026-07-12 06:00:00,3,42,2026-07-12 06:00:00,0 days 00:00:00,0,-41.75,-140.0,971.7,82.5
2026-07-12 06:00:00,3,42,2026-07-12 12:00:00,0 days 06:00:00,6,-43.38,-139.88,971.4,82.9
2026-07-12 06:00:00,3,42,2026-07-12 18:00:00,0 days 12:00:00,12,-45.0,-139.75,971.1,83.3
2026-07-12 06:00:00,3,42,2026-07-13 00:00:00,0 days 18:00:00,18,-45.75,-140.37,971.8,82.4
2026-07-12 06:00:00,3,42,2026-07-13 06:00:00,1 days 00:00:00,24,-46.5,-141.0,972.5,81.6
2026-07-12 06:00:00,3,42,2026-07-13 12:00:00,1 days 06:00:00,30,-45.75,-141.51,975.1,78.4
2026-07-12 06:00:00,3,42,2026-07-13 18:00:00,1 days 12:00:00,36,-45.0,-142.0,977.7,75.2
2026-07-12 06:00:00,3,42,2026-07-14 00:00:00,1 days 18:00:00,42,-43.63,-142.77,979.1,73.4
2026-07-12 06:00:00,3,42,2026-07-14 06:00:00,2 days 00:00:00,48,-42.25,-143.5,980.5,71.6
2026-07-12 06:00:00,4,42,2026-07-12 06:00:00,0 days 00:00:00,0,-41.0,-92.75,973.3,80.6
2026-07-12 06:00:00,4,42,2026-07-12 12:00:00,0 days 06:00:00,6,-41.9,-90.28,974.2,79.5
2026-07-12 06:00:00,4,42,2026-07-12 18:00:00,0 days 12:00:00,12,-42.75,-87.75,975.2,78.3
2026-07-12 06:00:00,4,42,2026-07-13 00:00:00,0 days 18:00:00,18,-43.53,-85.03,977.4,75.6
2026-07-12 06:00:00,4,42,2026-07-13 06:00:00,1 days 00:00:00,24,-44.25,-82.25,979.5,72.8
2026-07-12 06:00:00,4,42,2026-07-13 12:00:00,1 days 06:00:00,30,-45.01,-80.52,982.5,69.0
2026-07-12 06:00:00,4,42,2026-07-13 18:00:00,1 days 12:00:00,36,-45.75,-78.75,985.4,65.1
2026-07-12 06:00:00,4,42,2026-07-14 00:00:00,1 days 18:00:00,42,-46.5,-77.89,987.1,62.7
2026-07-12 06:00:00,4,42,2026-07-14 06:00:00,2 days 00:00:00,48,-47.25,-77.0,988.9,60.3
2026-07-12 06:00:00,5,42,2026-07-15 18:00:00,3 days 12:00:00,84,13.5,-115.0,1003.2,38.3
2026-07-12 06:00:00,5,42,2026-07-16 00:00:00,3 days 18:00:00,90,13.5,-116.0,1001.5,41.1
2026-07-12 06:00:00,5,42,2026-07-16 06:00:00,4 days 00:00:00,96,13.5,-117.0,999.8,44.0
2026-07-12 06:00:00,5,42,2026-07-16 12:00:00,4 days 06:00:00,102,13.25,-117.75,997.5,47.6
2026-07-12 06:00:00,5,42,2026-07-16 18:00:00,4 days 12:00:00,108,13.0,-118.5,995.2,51.2
2026-07-12 06:00:00,5,42,2026-07-17 00:00:00,4 days 18:00:00,114,14.25,-119.87,994.4,52.4
2026-07-12 06:00:00,5,42,2026-07-17 06:00:00,5 days 00:00:00,120,15.5,-121.25,993.6,53.6
2026-07-12 06:00:00,5,42,2026-07-17 12:00:00,5 days 06:00:00,126,15.88,-122.25,991.4,56.7
2026-07-12 06:00:00,5,42,2026-07-17 18:00:00,5 days 12:00:00,132,16.25,-123.25,989.3,59.7
2026-07-12 06:00:00,5,42,2026-07-18 00:00:00,5 days 18:00:00,138,16.75,-124.25,987.7,61.9
2026-07-12 06:00:00,5,42,2026-07-18 06:00:00,6 days 00:00:00,144,17.25,-125.25,986.1,64.1
2026-07-12 06:00:00,5,42,2026-07-18 12:00:00,6 days 06:00:00,150,18.0,-126.12,988.7,60.5
2026-07-12 06:00:00,5,42,2026-07-18 18:00:00,6 days 12:00:00,156,18.75,-127.0,991.3,56.8
2026-07-12 06:00:00,5,42,2026-07-19 00:00:00,6 days 18:00:00,162,19.63,-127.75,992.3,55.4
2026-07-12 06:00:00,5,42,2026-07-19 06:00:00,7 days 00:00:00,168,20.5,-128.5,993.3,53.9
2026-07-12 06:00:00,5,42,2026-07-19 12:00:00,7 days 06:00:00,174,21.25,-129.62,994.2,52.6
2026-07-12 06:00:00,5,42,2026-07-19 18:00:00,7 days 12:00:00,180,22.0,-130.75,995.1,51.2
2026-07-12 06:00:00,5,42,2026-07-20 00:00:00,7 days 18:00:00,186,22.63,-131.99,995.9,50.1
2026-07-12 06:00:00,5,42,2026-07-20 06:00:00,8 days 00:00:00,192,23.25,-133.25,996.6,49.0
2026-07-12 06:00:00,5,42,2026-07-20 12:00:00,8 days 06:00:00,198,24.01,-134.74,998.1,46.7
2026-07-12 06:00:00,5,42,2026-07-20 18:00:00,8 days 12:00:00,204,24.75,-136.25,999.5,44.4
2026-07-12 06:00:00,6,42,2026-07-17 18:00:00,5 days 12:00:00,132,9.25,-103.75,1009.8,25.8
2026-07-12 06:00:00,6,42,2026-07-18 00:00:00,5 days 18:00:00,138,9.25,-104.88,1009.3,27.0
2026-07-12 06:00:00,6,42,2026-07-18 06:00:00,6 days 00:00:00,144,9.25,-106.0,1008.7,28.2
2026-07-12 06:00:00,6,42,2026-07-18 12:00:00,6 days 06:00:00,150,10.13,-107.25,1006.7,31.8
2026-07-12 06:00:00,6,42,2026-07-18 18:00:00,6 days 12:00:00,156,11.0,-108.5,1004.8,35.5
2026-07-12 06:00:00,6,42,2026-07-19 00:00:00,6 days 18:00:00,162,11.5,-109.12,1002.8,38.9
2026-07-12 06:00:00,6,42,2026-07-19 06:00:00,7 days 00:00:00,168,12.0,-109.75,1000.8,42.3
2026-07-12 06:00:00,6,42,2026-07-19 12:00:00,7 days 06:00:00,174,12.38,-111.0,997.6,47.3
2026-07-12 06:00:00,6,42,2026-07-19 18:00:00,7 days 12:00:00,180,12.75,-112.25,994.4,52.4
2026-07-12 06:00:00,6,42,2026-07-20 00:00:00,7 days 18:00:00,186,13.38,-112.87,990.1,58.4
2026-07-12 06:00:00,6,42,2026-07-20 06:00:00,8 days 00:00:00,192,14.0,-113.5,985.8,64.5
2026-07-12 06:00:00,6,42,2026-07-20 12:00:00,8 days 06:00:00,198,14.5,-114.25,980.0,72.0
2026-07-12 06:00:00,6,42,2026-07-20 18:00:00,8 days 12:00:00,204,15.0,-115.0,974.2,79.5
2026-07-12 06:00:00,6,42,2026-07-21 00:00:00,8 days 18:00:00,210,15.75,-115.62,971.0,83.4
2026-07-12 06:00:00,6,42,2026-07-21 06:00:00,9 days 00:00:00,216,16.5,-116.25,967.8,87.2
2026-07-12 06:00:00,6,42,2026-07-21 12:00:00,9 days 06:00:00,222,17.0,-117.0,968.3,86.6
2026-07-12 06:00:00,6,42,2026-07-21 18:00:00,9 days 12:00:00,228,17.5,-117.75,968.9,86.0
2026-07-12 06:00:00,6,42,2026-07-22 00:00:00,9 days 18:00:00,234,17.75,-118.62,969.4,85.4
2026-07-12 06:00:00,6,42,2026-07-22 06:00:00,10 days 00:00:00,240,18.0,-119.5,969.9,84.8
2026-07-12 06:00:00,6,42,2026-07-22 12:00:00,10 days 06:00:00,246,18.0,-120.38,973.2,80.7
2026-07-12 06:00:00,6,42,2026-07-22 18:00:00,10 days 12:00:00,252,18.0,-121.25,976.5,76.7
2026-07-12 06:00:00,6,42,2026-07-23 00:00:00,10 days 18:00:00,258,18.5,-122.0,979.4,72.9
2026-07-12 06:00:00,6,42,2026-07-23 06:00:00,11 days 00:00:00,264,19.0,-122.75,982.3,69.2
2026-07-12 06:00:00,6,42,2026-07-23 12:00:00,11 days 06:00:00,270,19.63,-123.75,985.3,65.1
2026-07-12 06:00:00,6,42,2026-07-23 18:00:00,11 days 12:00:00,276,20.25,-124.75,988.4,61.0
2026-07-12 06:00:00,6,42,2026-07-24 00:00:00,11 days 18:00:00,282,20.88,-125.99,989.8,59.0
2026-07-12 06:00:00,6,42,2026-07-24 06:00:00,12 days 00:00:00,288,21.5,-127.25,991.2,57.0
2026-07-12 06:00:00,6,42,2026-07-24 12:00:00,12 days 06:00:00,294,21.63,-128.5,994.4,52.3
2026-07-12 06:00:00,6,42,2026-07-24 18:00:00,12 days 12:00:00,300,21.75,-129.75,997.5,47.6
2026-07-12 06:00:00,6,42,2026-07-25 00:00:00,12 days 18:00:00,306,22.0,-130.62,998.8,45.6
2026-07-12 06:00:00,6,42,2026-07-25 06:00:00,13 days 00:00:00,312,22.25,-131.5,1000.0,43.6
2026-07-12 06:00:00,6,42,2026-07-25 12:00:00,13 days 06:00:00,318,22.75,-132.75,1001.3,41.4
2026-07-12 06:00:00,6,42,2026-07-25 18:00:00,13 days 12:00:00,324,23.25,-134.0,1002.7,39.2
2026-07-12 06:00:00,6,42,2026-07-26 00:00:00,13 days 18:00:00,330,23.5,-135.12,1003.5,37.8
2026-07-12 06:00:00,6,42,2026-07-26 06:00:00,14 days 00:00:00,336,23.75,-136.25,1004.3,36.3
2026-07-12 06:00:00,6,42,2026-07-26 12:00:00,14 days 06:00:00,342,24.38,-137.37,1005.0,35.1
2026-07-12 06:00:00,6,42,2026-07-26 18:00:00,14 days 12:00:00,348,25.0,-138.5,1005.7,33.9
2026-07-12 06:00:00,6,42,2026-07-27 00:00:00,14 days 18:00:00,354,25.0,-139.63,1007.4,30.6
2026-07-12 06:00:00,6,42,2026-07-27 06:00:00,15 days 00:00:00,360,25.0,-140.75,1009.1,27.4
2026-07-12 06:00:00,7,42,2026-07-18 06:00:00,6 days 00:00:00,144,31.75,62.75,995.9,50.1
2026-07-12 06:00:00,7,42,2026-07-18 12:00:00,6 days 06:00:00,150,31.63,62.62,993.8,53.1
2026-07-12 06:00:00,7,42,2026-07-18 18:00:00,6 days 12:00:00,156,31.5,62.5,991.8,56.1
2026-07-12 06:00:00,7,42,2026-07-19 00:00:00,6 days 18:00:00,162,31.25,62.25,992.7,54.9
2026-07-12 06:00:00,7,42,2026-07-19 06:00:00,7 days 00:00:00,168,31.0,62.0,993.5,53.6
2026-07-12 06:00:00,7,42,2026-07-19 12:00:00,7 days 06:00:00,174,30.5,62.25,992.5,55.2
2026-07-12 06:00:00,7,42,2026-07-19 18:00:00,7 days 12:00:00,180,30.0,62.5,991.4,56.7
2026-07-12 06:00:00,7,42,2026-07-20 00:00:00,7 days 18:00:00,186,30.38,63.25,992.6,55.0
2026-07-12 06:00:00,7,42,2026-07-20 06:00:00,8 days 00:00:00,192,30.75,64.0,993.8,53.3
2026-07-12 06:00:00,7,42,2026-07-20 12:00:00,8 days 06:00:00,198,30.65,61.37,992.0,55.8
2026-07-12 06:00:00,7,42,2026-07-20 18:00:00,8 days 12:00:00,204,30.5,58.75,990.3,58.4
2026-07-12 06:00:00,7,42,2026-07-21 00:00:00,8 days 18:00:00,210,31.02,60.74,991.8,56.1
2026-07-12 06:00:00,7,42,2026-07-21 06:00:00,9 days 00:00:00,216,31.5,62.75,993.4,53.9
2026-07-12 06:00:00,7,42,2026-07-21 12:00:00,9 days 06:00:00,222,31.75,63.62,991.8,56.1
2026-07-12 06:00:00,7,42,2026-07-21 18:00:00,9 days 12:00:00,228,32.0,64.5,990.3,58.3
2026-07-12 06:00:00,7,42,2026-07-22 00:00:00,9 days 18:00:00,234,31.88,64.37,992.2,55.5
2026-07-12 06:00:00,7,42,2026-07-22 06:00:00,10 days 00:00:00,240,31.75,64.25,994.1,52.8
2026-07-12 06:00:00,8,42,2026-07-21 18:00:00,9 days 12:00:00,228,13.0,136.0,1003.5,37.8
2026-07-12 06:00:00,8,42,2026-07-22 00:00:00,9 days 18:00:00,234,13.0,135.75,1002.7,39.2
2026-07-12 06:00:00,8,42,2026-07-22 06:00:00,10 days 00:00:00,240,13.0,135.5,1001.9,40.5
2026-07-12 06:00:00,8,42,2026-07-22 12:00:00,10 days 06:00:00,246,14.13,135.0,1001.6,41.1
2026-07-12 06:00:00,8,42,2026-07-22 18:00:00,10 days 12:00:00,252,15.25,134.5,1001.2,41.6
2026-07-12 06:00:00,8,42,2026-07-23 00:00:00,10 days 18:00:00,258,15.38,133.38,1000.4,42.9
2026-07-12 06:00:00,8,42,2026-07-23 06:00:00,11 days 00:00:00,264,15.5,132.25,999.6,44.3
2026-07-12 06:00:00,8,42,2026-07-23 12:00:00,11 days 06:00:00,270,16.13,131.88,998.4,46.1
2026-07-12 06:00:00,8,42,2026-07-23 18:00:00,11 days 12:00:00,276,16.75,131.5,997.3,48.0
2026-07-12 06:00:00,8,42,2026-07-24 00:00:00,11 days 18:00:00,282,17.75,131.0,995.7,50.4
2026-07-12 06:00:00,8,42,2026-07-24 06:00:00,12 days 00:00:00,288,18.75,130.5,994.1,52.7
2026-07-12 06:00:00,8,42,2026-07-24 12:00:00,12 days 06:00:00,294,19.76,129.01,992.3,55.4
2026-07-12 06:00:00,8,42,2026-07-24 18:00:00,12 days 12:00:00,300,20.75,127.5,990.4,58.2
2026-07-12 06:00:00,8,42,2026-07-25 00:00:00,12 days 18:00:00,306,21.63,126.75,988.4,61.0
2026-07-12 06:00:00,8,42,2026-07-25 06:00:00,13 days 00:00:00,312,22.5,126.0,986.3,63.9
2026-07-12 06:00:00,8,42,2026-07-25 12:00:00,13 days 06:00:00,318,23.13,125.0,984.8,65.9
2026-07-12 06:00:00,8,42,2026-07-25 18:00:00,13 days 12:00:00,324,23.75,124.0,983.3,67.9
2026-07-12 06:00:00,8,42,2026-07-26 00:00:00,13 days 18:00:00,330,24.13,123.0,984.9,65.7
2026-07-12 06:00:00,8,42,2026-07-26 06:00:00,14 days 00:00:00,336,24.5,122.0,986.5,63.6
2026-07-12 06:00:00,8,42,2026-07-26 12:00:00,14 days 06:00:00,342,24.88,121.13,986.8,63.2
2026-07-12 06:00:00,8,42,2026-07-26 18:00:00,14 days 12:00:00,348,25.25,120.25,987.1,62.8
2026-07-12 06:00:00,8,42,2026-07-27 00:00:00,14 days 18:00:00,354,26.0,119.26,990.3,58.3
2026-07-12 06:00:00,8,42,2026-07-27 06:00:00,15 days 00:00:00,360,26.75,118.25,993.5,53.7
2026-07-12 06:00:00,9,42,2026-07-23 18:00:00,11 days 12:00:00,276,24.75,160.5,1005.8,33.6
2026-07-12 06:00:00,9,42,2026-07-24 00:00:00,11 days 18:00:00,282,24.88,161.37,1005.7,33.9
2026-07-12 06:00:00,9,42,2026-07-24 06:00:00,12 days 00:00:00,288,25.0,162.25,1005.5,34.2
2026-07-12 06:00:00,9,42,2026-07-24 12:00:00,12 days 06:00:00,294,25.0,163.0,1004.9,35.2
2026-07-12 06:00:00,9,42,2026-07-24 18:00:00,12 days 12:00:00,300,25.0,163.75,1004.3,36.3
2026-07-12 06:00:00,9,42,2026-07-25 00:00:00,12 days 18:00:00,306,24.88,164.63,1003.0,38.6
2026-07-12 06:00:00,9,42,2026-07-25 06:00:00,13 days 00:00:00,312,24.75,165.5,1001.6,41.0
2026-07-12 06:00:00,9,42,2026-07-25 12:00:00,13 days 06:00:00,318,24.25,166.13,999.9,43.7
2026-07-12 06:00:00,9,42,2026-07-25 18:00:00,13 days 12:00:00,324,23.75,166.75,998.3,46.4
2026-07-12 06:00:00,9,42,2026-07-26 00:00:00,13 days 18:00:00,330,23.75,167.38,993.8,53.1
2026-07-12 06:00:00,9,42,2026-07-26 06:00:00,14 days 00:00:00,336,23.75,168.0,989.3,59.7
2026-07-12 06:00:00,9,42,2026-07-26 12:00:00,14 days 06:00:00,342,23.88,168.12,985.9,64.4
2026-07-12 06:00:00,9,42,2026-07-26 18:00:00,14 days 12:00:00,348,24.0,168.25,982.5,69.0
2026-07-12 06:00:00,9,42,2026-07-27 00:00:00,14 days 18:00:00,354,24.5,168.13,982.8,68.6
2026-07-12 06:00:00,9,42,2026-07-27 06:00:00,15 days 00:00:00,360,25.0,168.0,983.1,68.2
2026-07-12 06:00:00,0,43,2026-07-12 06:00:00,0 days 00:00:00,0,31.25,118.75,986.3,63.8
2026-07-12 06:00:00,0,43,2026-07-12 12:00:00,0 days 06:00:00,6,32.25,118.63,988.4,61.0
2026-07-12 06:00:00,0,43,2026-07-12 18:00:00,0 days 12:00:00,12,33.25,118.5,990.4,58.2
2026-07-12 06:00:00,0,43,2026-07-13 00:00:00,0 days 18:00:00,18,33.63,118.25,991.1,57.1
2026-07-12 06:00:00,0,43,2026-07-13 06:00:00,1 days 00:00:00,24,34.0,118.0,991.9,56.1
2026-07-12 06:00:00,0,43,2026-07-13 12:00:00,1 days 06:00:00,30,34.75,118.74,992.8,54.8
2026-07-12 06:00:00,0,43,2026-07-13 18:00:00,1 days 12:00:00,36,35.5,119.5,993.7,53.5
2026-07-12 06:00:00,0,43,2026-07-14 00:00:00,1 days 18:00:00,42,36.39,121.11,994.1,52.7
2026-07-12 06:00:00,0,43,2026-07-14 06:00:00,2 days 00:00:00,48,37.25,122.75,994.6,52.0
2026-07-12 06:00:00,0,43,2026-07-14 12:00:00,2 days 06:00:00,54,38.41,125.46,993.3,53.9
2026-07-12 06:00:00,0,43,2026-07-14 18:00:00,2 days 12:00:00,60,39.5,128.25,992.0,55.9
2026-07-12 06:00:00,0,43,2026-07-15 00:00:00,2 days 18:00:00,66,40.28,130.85,990.1,58.5
2026-07-12 06:00:00,0,43,2026-07-15 06:00:00,3 days 00:00:00,72,41.0,133.5,988.2,61.2
2026-07-12 06:00:00,3,43,2026-07-12 06:00:00,0 days 00:00:00,0,-41.75,-140.0,971.7,82.5
2026-07-12 06:00:00,3,43,2026-07-12 12:00:00,0 days 06:00:00,6,-43.13,-139.63,970.8,83.6
2026-07-12 06:00:00,3,43,2026-07-12 18:00:00,0 days 12:00:00,12,-44.5,-139.25,969.9,84.8
2026-07-12 06:00:00,3,43,2026-07-13 00:00:00,0 days 18:00:00,18,-45.63,-139.86,971.0,83.3
2026-07-12 06:00:00,3,43,2026-07-13 06:00:00,1 days 00:00:00,24,-46.75,-140.5,972.2,81.9
2026-07-12 06:00:00,3,43,2026-07-13 12:00:00,1 days 06:00:00,30,-46.0,-141.51,975.4,78.0
2026-07-12 06:00:00,3,43,2026-07-13 18:00:00,1 days 12:00:00,36,-45.25,-142.5,978.5,74.1
2026-07-12 06:00:00,3,43,2026-07-14 00:00:00,1 days 18:00:00,42,-43.63,-143.53,979.8,72.5
2026-07-12 06:00:00,3,43,2026-07-14 06:00:00,2 days 00:00:00,48,-42.0,-144.5,981.1,70.8
2026-07-12 06:00:00,3,43,2026-07-14 12:00:00,2 days 06:00:00,54,-41.25,-144.12,981.7,70.0
2026-07-12 06:00:00,3,43,2026-07-14 18:00:00,2 days 12:00:00,60,-40.5,-143.75,982.3,69.3
2026-07-12 06:00:00,4,43,2026-07-12 06:00:00,0 days 00:00:00,0,-41.0,-92.75,973.3,80.6
2026-07-12 06:00:00,4,43,2026-07-12 12:00:00,0 days 06:00:00,6,-41.9,-90.41,973.9,79.9
2026-07-12 06:00:00,4,43,2026-07-12 18:00:00,0 days 12:00:00,12,-42.75,-88.0,974.5,79.1
2026-07-12 06:00:00,4,43,2026-07-13 00:00:00,0 days 18:00:00,18,-43.28,-85.4,976.8,76.2
2026-07-12 06:00:00,4,43,2026-07-13 06:00:00,1 days 00:00:00,24,-43.75,-82.75,979.1,73.4
2026-07-12 06:00:00,4,43,2026-07-13 12:00:00,1 days 06:00:00,30,-44.26,-81.14,981.6,70.1
2026-07-12 06:00:00,4,43,2026-07-13 18:00:00,1 days 12:00:00,36,-44.75,-79.5,984.1,66.9
2026-07-12 06:00:00,4,43,2026-07-14 00:00:00,1 days 18:00:00,42,-45.63,-78.76,986.9,62.9
2026-07-12 06:00:00,4,43,2026-07-14 06:00:00,2 days 00:00:00,48,-46.5,-78.0,989.8,59.0
2026-07-12 06:00:00,5,43,2026-07-15 18:00:00,3 days 12:00:00,84,15.25,-116.25,1003.8,37.2
2026-07-12 06:00:00,5,43,2026-07-16 00:00:00,3 days 18:00:00,90,14.75,-116.63,1003.3,38.1
2026-07-12 06:00:00,5,43,2026-07-16 06:00:00,4 days 00:00:00,96,14.25,-117.0,1002.8,39.0
2026-07-12 06:00:00,5,43,2026-07-16 12:00:00,4 days 06:00:00,102,14.75,-117.75,1000.4,42.9
2026-07-12 06:00:00,5,43,2026-07-16 18:00:00,4 days 12:00:00,108,15.25,-118.5,998.0,46.8
2026-07-12 06:00:00,5,43,2026-07-17 00:00:00,4 days 18:00:00,114,15.88,-119.37,997.4,47.8
2026-07-12 06:00:00,5,43,2026-07-17 06:00:00,5 days 00:00:00,120,16.5,-120.25,996.8,48.8
2026-07-12 06:00:00,5,43,2026-07-17 12:00:00,5 days 06:00:00,126,16.88,-120.62,997.5,47.6
2026-07-12 06:00:00,5,43,2026-07-17 18:00:00,5 days 12:00:00,132,17.25,-121.0,998.3,46.4
2026-07-12 06:00:00,5,43,2026-07-18 00:00:00,5 days 18:00:00,138,17.88,-121.62,999.0,45.2
2026-07-12 06:00:00,5,43,2026-07-18 06:00:00,6 days 00:00:00,144,18.5,-122.25,999.7,44.1
2026-07-12 06:00:00,5,43,2026-07-18 12:00:00,6 days 06:00:00,150,19.0,-123.12,1000.1,43.5
2026-07-12 06:00:00,5,43,2026-07-18 18:00:00,6 days 12:00:00,156,19.5,-124.0,1000.4,43.0
2026-07-12 06:00:00,6,43,2026-07-17 18:00:00,5 days 12:00:00,132,9.75,-106.5,1009.1,27.4
2026-07-12 06:00:00,6,43,2026-07-18 00:00:00,5 days 18:00:00,138,9.88,-106.87,1007.8,29.9
2026-07-12 06:00:00,6,43,2026-07-18 06:00:00,6 days 00:00:00,144,10.0,-107.25,1006.4,32.5
2026-07-12 06:00:00,6,43,2026-07-18 12:00:00,6 days 06:00:00,150,10.25,-107.75,1005.1,34.9
2026-07-12 06:00:00,6,43,2026-07-18 18:00:00,6 days 12:00:00,156,10.5,-108.25,1003.7,37.4
2026-07-12 06:00:00,6,43,2026-07-19 00:00:00,6 days 18:00:00,162,11.0,-109.37,1002.1,40.0
2026-07-12 06:00:00,6,43,2026-07-19 06:00:00,7 days 00:00:00,168,11.5,-110.5,1000.6,42.7
2026-07-12 06:00:00,6,43,2026-07-19 12:00:00,7 days 06:00:00,174,12.13,-112.0,997.4,47.7
2026-07-12 06:00:00,6,43,2026-07-19 18:00:00,7 days 12:00:00,180,12.75,-113.5,994.1,52.7
2026-07-12 06:00:00,6,43,2026-07-20 00:00:00,7 days 18:00:00,186,13.25,-114.75,991.4,56.7
2026-07-12 06:00:00,6,43,2026-07-20 06:00:00,8 days 00:00:00,192,13.75,-116.0,988.7,60.6
2026-07-12 06:00:00,6,43,2026-07-20 12:00:00,8 days 06:00:00,198,14.38,-117.25,991.8,56.1
2026-07-12 06:00:00,6,43,2026-07-20 18:00:00,8 days 12:00:00,204,15.0,-118.5,994.8,51.7
2026-07-12 06:00:00,6,43,2026-07-21 00:00:00,8 days 18:00:00,210,15.5,-119.75,996.6,48.9
2026-07-12 06:00:00,6,43,2026-07-21 06:00:00,9 days 00:00:00,216,16.0,-121.0,998.4,46.2
2026-07-12 06:00:00,6,43,2026-07-21 12:00:00,9 days 06:00:00,222,16.5,-122.0,997.1,48.2
2026-07-12 06:00:00,6,43,2026-07-21 18:00:00,9 days 12:00:00,228,17.0,-123.0,995.7,50.3
2026-07-12 06:00:00,6,43,2026-07-22 00:00:00,9 days 18:00:00,234,17.38,-124.0,997.4,47.8
2026-07-12 06:00:00,6,43,2026-07-22 06:00:00,10 days 00:00:00,240,17.75,-125.0,999.0,45.2
2026-07-12 06:00:00,6,43,2026-07-22 12:00:00,10 days 06:00:00,246,17.76,-126.63,999.2,44.9
2026-07-12 06:00:00,6,43,2026-07-22 18:00:00,10 days 12:00:00,252,17.75,-128.25,999.4,44.6
2026-07-12 06:00:00,6,43,2026-07-23 00:00:00,10 days 18:00:00,258,17.75,-129.5,999.7,44.1
2026-07-12 06:00:00,6,43,2026-07-23 06:00:00,11 days 00:00:00,264,17.75,-130.75,1000.0,43.7
2026-07-12 06:00:00,6,43,2026-07-23 12:00:00,11 days 06:00:00,270,17.75,-132.13,999.7,44.1
2026-07-12 06:00:00,6,43,2026-07-23 18:00:00,11 days 12:00:00,276,17.75,-133.5,999.4,44.6
2026-07-12 06:00:00,6,43,2026-07-24 00:00:00,11 days 18:00:00,282,17.88,-135.37,998.6,45.9
2026-07-12 06:00:00,6,43,2026-07-24 06:00:00,12 days 00:00:00,288,18.0,-137.25,997.8,47.2
2026-07-12 06:00:00,6,43,2026-07-24 12:00:00,12 days 06:00:00,294,18.26,-139.0,998.2,46.5
2026-07-12 06:00:00,6,43,2026-07-24 18:00:00,12 days 12:00:00,300,18.5,-140.75,998.6,45.8
2026-07-12 06:00:00,6,43,2026-07-25 00:00:00,12 days 18:00:00,306,18.88,-142.5,999.8,43.9
2026-07-12 06:00:00,6,43,2026-07-25 06:00:00,13 days 00:00:00,312,19.25,-144.25,1001.0,42.0
2026-07-12 06:00:00,6,43,2026-07-25 12:00:00,13 days 06:00:00,318,19.51,-145.87,1002.4,39.7
2026-07-12 06:00:00,6,43,2026-07-25 18:00:00,13 days 12:00:00,324,19.75,-147.5,1003.7,37.4
2026-07-12 06:00:00,0,44,2026-07-12 06:00:00,0 days 00:00:00,0,31.25,118.75,986.3,63.8
2026-07-12 06:00:00,0,44,2026-07-12 12:00:00,0 days 06:00:00,6,32.13,118.38,988.1,61.4
2026-07-12 06:00:00,0,44,2026-07-12 18:00:00,0 days 12:00:00,12,33.0,118.0,989.9,58.9
2026-07-12 06:00:00,0,44,2026-07-13 00:00:00,0 days 18:00:00,18,33.13,117.88,991.7,56.3
2026-07-12 06:00:00,0,44,2026-07-13 06:00:00,1 days 00:00:00,24,33.25,117.75,993.4,53.8
2026-07-12 06:00:00,0,44,2026-07-13 12:00:00,1 days 06:00:00,30,34.0,118.62,993.7,53.3
2026-07-12 06:00:00,0,44,2026-07-13 18:00:00,1 days 12:00:00,36,34.75,119.5,994.1,52.8
2026-07-12 06:00:00,0,44,2026-07-14 00:00:00,1 days 18:00:00,42,35.5,120.37,993.8,53.2
2026-07-12 06:00:00,0,44,2026-07-14 06:00:00,2 days 00:00:00,48,36.25,121.25,993.6,53.5
2026-07-12 06:00:00,0,44,2026-07-14 12:00:00,2 days 06:00:00,54,37.8,124.56,992.3,55.5
2026-07-12 06:00:00,0,44,2026-07-14 18:00:00,2 days 12:00:00,60,39.25,128.0,990.9,57.4
2026-07-12 06:00:00,3,44,2026-07-12 06:00:00,0 days 00:00:00,0,-41.75,-140.0,971.7,82.5
2026-07-12 06:00:00,3,44,2026-07-12 12:00:00,0 days 06:00:00,6,-43.25,-140.0,970.9,83.5
2026-07-12 06:00:00,3,44,2026-07-12 18:00:00,0 days 12:00:00,12,-44.75,-140.0,970.1,84.5
2026-07-12 06:00:00,3,44,2026-07-13 00:00:00,0 days 18:00:00,18,-45.88,-140.37,971.2,83.2
2026-07-12 06:00:00,3,44,2026-07-13 06:00:00,1 days 00:00:00,24,-47.0,-140.75,972.3,81.8
2026-07-12 06:00:00,3,44,2026-07-13 12:00:00,1 days 06:00:00,30,-46.0,-141.51,974.6,79.0
2026-07-12 06:00:00,3,44,2026-07-13 18:00:00,1 days 12:00:00,36,-45.0,-142.25,976.8,76.2
2026-07-12 06:00:00,3,44,2026-07-14 00:00:00,1 days 18:00:00,42,-43.88,-142.76,979.4,72.9
2026-07-12 06:00:00,3,44,2026-07-14 06:00:00,2 days 00:00:00,48,-42.75,-143.25,982.0,69.6
2026-07-12 06:00:00,4,44,2026-07-12 06:00:00,0 days 00:00:00,0,-41.0,-92.75,973.3,80.6
2026-07-12 06:00:00,4,44,2026-07-12 12:00:00,0 days 06:00:00,6,-41.91,-90.04,974.0,79.8
2026-07-12 06:00:00,4,44,2026-07-12 18:00:00,0 days 12:00:00,12,-42.75,-87.25,974.7,78.9
2026-07-12 06:00:00,4,44,2026-07-13 00:00:00,0 days 18:00:00,18,-43.39,-85.27,976.2,77.1
2026-07-12 06:00:00,4,44,2026-07-13 06:00:00,1 days 00:00:00,24,-44.0,-83.25,977.7,75.2
2026-07-12 06:00:00,4,44,2026-07-13 12:00:00,1 days 06:00:00,30,-44.77,-81.4,980.2,71.9
2026-07-12 06:00:00,4,44,2026-07-13 18:00:00,1 days 12:00:00,36,-45.5,-79.5,982.8,68.6
2026-07-12 06:00:00,4,44,2026-07-14 00:00:00,1 days 18:00:00,42,-46.13,-78.63,985.2,65.4
2026-07-12 06:00:00,4,44,2026-07-14 06:00:00,2 days 00:00:00,48,-46.75,-77.75,987.5,62.2
2026-07-12 06:00:00,4,44,2026-07-14 12:00:00,2 days 06:00:00,54,-43.46,-82.5,992.2,55.5
2026-07-12 06:00:00,4,44,2026-07-14 18:00:00,2 days 12:00:00,60,-40.0,-86.75,996.8,48.7
2026-07-12 06:00:00,4,44,2026-07-15 00:00:00,2 days 18:00:00,66,-42.41,-80.96,991.9,55.8
2026-07-12 06:00:00,4,44,2026-07-15 06:00:00,3 days 00:00:00,72,-44.5,-74.75,987.1,62.8
2026-07-12 06:00:00,5,44,2026-07-17 06:00:00,5 days 00:00:00,120,17.5,-117.75,1000.7,42.5
2026-07-12 06:00:00,5,44,2026-07-17 12:00:00,5 days 06:00:00,126,17.88,-118.12,1000.9,42.2
2026-07-12 06:00:00,5,44,2026-07-17 18:00:00,5 days 12:00:00,132,18.25,-118.5,1001.1,41.9
2026-07-12 06:00:00,5,44,2026-07-18 00:00:00,5 days 18:00:00,138,19.37,-118.5,1001.3,41.5
2026-07-12 06:00:00,5,44,2026-07-18 06:00:00,6 days 00:00:00,144,20.5,-118.5,1001.5,41.2
2026-07-12 06:00:00,5,44,2026-07-18 12:00:00,6 days 06:00:00,150,20.75,-119.37,1001.9,40.4
2026-07-12 06:00:00,5,44,2026-07-18 18:00:00,6 days 12:00:00,156,21.0,-120.25,1002.4,39.6
2026-07-12 06:00:00,5,44,2026-07-19 00:00:00,6 days 18:00:00,162,21.75,-121.12,1003.5,37.8
2026-07-12 06:00:00,5,44,2026-07-19 06:00:00,7 days 00:00:00,168,22.5,-122.0,1004.5,36.0
2026-07-12 06:00:00,5,44,2026-07-19 12:00:00,7 days 06:00:00,174,22.88,-122.87,1005.9,33.4
2026-07-12 06:00:00,5,44,2026-07-19 18:00:00,7 days 12:00:00,180,23.25,-123.75,1007.3,30.9
2026-07-12 06:00:00,5,44,2026-07-20 00:00:00,7 days 18:00:00,186,23.5,-124.62,1008.0,29.6
2026-07-12 06:00:00,5,44,2026-07-20 06:00:00,8 days 00:00:00,192,23.75,-125.5,1008.6,28.3
2026-07-12 06:00:00,6,44,2026-07-18 18:00:00,6 days 12:00:00,156,10.0,-105.0,1008.5,28.5
2026-07-12 06:00:00,6,44,2026-07-19 00:00:00,6 days 18:00:00,162,11.38,-106.37,1007.6,30.3
2026-07-12 06:00:00,6,44,2026-07-19 06:00:00,7 days 00:00:00,168,12.75,-107.75,1006.7,32.1
2026-07-12 06:00:00,6,44,2026-07-19 12:00:00,7 days 06:00:00,174,12.88,-108.62,1005.3,34.5
2026-07-12 06:00:00,6,44,2026-07-19 18:00:00,7 days 12:00:00,180,13.0,-109.5,1004.0,36.9
2026-07-12 06:00:00,6,44,2026-07-20 00:00:00,7 days 18:00:00,186,13.63,-110.75,1002.4,39.7
2026-07-12 06:00:00,6,44,2026-07-20 06:00:00,8 days 00:00:00,192,14.25,-112.0,1000.8,42.4
2026-07-12 06:00:00,6,44,2026-07-20 12:00:00,8 days 06:00:00,198,14.88,-113.12,1000.3,43.1
2026-07-12 06:00:00,6,44,2026-07-20 18:00:00,8 days 12:00:00,204,15.5,-114.25,999.9,43.8
2026-07-12 06:00:00,6,44,2026-07-21 00:00:00,8 days 18:00:00,210,15.75,-114.87,1000.0,43.7
2026-07-12 06:00:00,6,44,2026-07-21 06:00:00,9 days 00:00:00,216,16.0,-115.5,1000.1,43.5
2026-07-12 06:00:00,6,44,2026-07-21 12:00:00,9 days 06:00:00,222,16.38,-116.5,997.8,47.1
2026-07-12 06:00:00,6,44,2026-07-21 18:00:00,9 days 12:00:00,228,16.75,-117.5,995.5,50.6
2026-07-12 06:00:00,6,44,2026-07-22 00:00:00,9 days 18:00:00,234,17.38,-117.75,992.8,54.6
2026-07-12 06:00:00,6,44,2026-07-22 06:00:00,10 days 00:00:00,240,18.0,-118.0,990.1,58.6
2026-07-12 06:00:00,6,44,2026-07-22 12:00:00,10 days 06:00:00,246,18.13,-118.62,990.5,58.1
2026-07-12 06:00:00,6,44,2026-07-22 18:00:00,10 days 12:00:00,252,18.25,-119.25,990.9,57.5
2026-07-12 06:00:00,6,44,2026-07-23 00:00:00,10 days 18:00:00,258,18.63,-119.75,989.1,60.0
2026-07-12 06:00:00,6,44,2026-07-23 06:00:00,11 days 00:00:00,264,19.0,-120.25,987.3,62.6
2026-07-12 06:00:00,6,44,2026-07-23 12:00:00,11 days 06:00:00,270,19.13,-121.12,987.7,61.9
2026-07-12 06:00:00,6,44,2026-07-23 18:00:00,11 days 12:00:00,276,19.25,-122.0,988.2,61.2
2026-07-12 06:00:00,6,44,2026-07-24 00:00:00,11 days 18:00:00,282,19.5,-123.0,990.9,57.4
2026-07-12 06:00:00,6,44,2026-07-24 06:00:00,12 days 00:00:00,288,19.75,-124.0,993.5,53.7
2026-07-12 06:00:00,6,44,2026-07-24 12:00:00,12 days 06:00:00,294,20.5,-125.24,994.4,52.3
2026-07-12 06:00:00,6,44,2026-07-24 18:00:00,12 days 12:00:00,300,21.25,-126.5,995.4,50.9
2026-07-12 06:00:00,6,44,2026-07-25 00:00:00,12 days 18:00:00,306,21.88,-127.62,996.3,49.5
2026-07-12 06:00:00,6,44,2026-07-25 06:00:00,13 days 00:00:00,312,22.5,-128.75,997.2,48.0
2026-07-12 06:00:00,6,44,2026-07-25 12:00:00,13 days 06:00:00,318,23.13,-129.99,998.4,46.2
2026-07-12 06:00:00,6,44,2026-07-25 18:00:00,13 days 12:00:00,324,23.75,-131.25,999.5,44.4
2026-07-12 06:00:00,6,44,2026-07-26 00:00:00,13 days 18:00:00,330,24.63,-132.24,1002.4,39.6
2026-07-12 06:00:00,6,44,2026-07-26 06:00:00,14 days 00:00:00,336,25.5,-133.25,1005.2,34.7
2026-07-12 06:00:00,7,44,2026-07-19 06:00:00,7 days 00:00:00,168,32.0,62.25,993.2,54.2
2026-07-12 06:00:00,7,44,2026-07-19 12:00:00,7 days 06:00:00,174,32.0,62.25,991.3,56.9
2026-07-12 06:00:00,7,44,2026-07-19 18:00:00,7 days 12:00:00,180,32.0,62.25,989.4,59.6
2026-07-12 06:00:00,7,44,2026-07-20 00:00:00,7 days 18:00:00,186,31.38,63.0,990.8,57.6
2026-07-12 06:00:00,7,44,2026-07-20 06:00:00,8 days 00:00:00,192,30.75,63.75,992.2,55.6
2026-07-12 06:00:00,7,44,2026-07-20 12:00:00,8 days 06:00:00,198,31.06,63.56,992.3,55.4
2026-07-12 06:00:00,7,44,2026-07-20 18:00:00,8 days 12:00:00,204,31.38,63.38,992.5,55.2
2026-07-12 06:00:00,7,44,2026-07-21 00:00:00,8 days 18:00:00,210,31.69,63.19,992.7,54.9
2026-07-12 06:00:00,7,44,2026-07-21 06:00:00,9 days 00:00:00,216,32.0,63.0,992.8,54.7
2026-07-12 06:00:00,7,44,2026-07-21 12:00:00,9 days 06:00:00,222,32.0,63.0,991.5,56.7
2026-07-12 06:00:00,7,44,2026-07-21 18:00:00,9 days 12:00:00,228,32.0,63.0,990.1,58.6
2026-07-12 06:00:00,7,44,2026-07-22 00:00:00,9 days 18:00:00,234,32.0,63.0,990.5,58.0
2026-07-12 06:00:00,7,44,2026-07-22 06:00:00,10 days 00:00:00,240,32.0,63.0,991.0,57.3
2026-07-12 06:00:00,7,44,2026-07-22 12:00:00,10 days 06:00:00,246,32.0,63.0,991.5,56.6
2026-07-12 06:00:00,7,44,2026-07-22 18:00:00,10 days 12:00:00,252,32.0,63.0,991.9,56.0
2026-07-12 06:00:00,7,44,2026-07-23 00:00:00,10 days 18:00:00,258,30.11,68.48,994.0,52.9
2026-07-12 06:00:00,7,44,2026-07-23 06:00:00,11 days 00:00:00,264,28.0,73.75,996.0,49.9
2026-07-12 06:00:00,7,44,2026-07-23 12:00:00,11 days 06:00:00,270,27.81,73.37,995.1,51.3
2026-07-12 06:00:00,7,44,2026-07-23 18:00:00,11 days 12:00:00,276,27.63,73.0,994.2,52.7
2026-07-12 06:00:00,7,44,2026-07-24 00:00:00,11 days 18:00:00,282,27.44,72.62,993.3,54.0
2026-07-12 06:00:00,7,44,2026-07-24 06:00:00,12 days 00:00:00,288,27.25,72.25,992.3,55.4
2026-07-12 06:00:00,7,44,2026-07-24 12:00:00,12 days 06:00:00,294,26.88,71.87,991.5,56.6
2026-07-12 06:00:00,7,44,2026-07-24 18:00:00,12 days 12:00:00,300,26.5,71.5,990.7,57.8
2026-07-12 06:00:00,7,44,2026-07-25 00:00:00,12 days 18:00:00,306,26.25,70.87,989.8,59.0
2026-07-12 06:00:00,7,44,2026-07-25 06:00:00,13 days 00:00:00,312,26.0,70.25,988.9,60.3
2026-07-12 06:00:00,7,44,2026-07-25 12:00:00,13 days 06:00:00,318,26.0,69.5,990.0,58.8
2026-07-12 06:00:00,7,44,2026-07-25 18:00:00,13 days 12:00:00,324,26.0,68.75,991.0,57.3
2026-07-12 06:00:00,8,44,2026-07-22 06:00:00,10 days 00:00:00,240,12.5,132.75,1002.8,39.0
2026-07-12 06:00:00,8,44,2026-07-22 12:00:00,10 days 06:00:00,246,12.88,133.37,1002.9,38.8
2026-07-12 06:00:00,8,44,2026-07-22 18:00:00,10 days 12:00:00,252,13.25,134.0,1002.9,38.7
2026-07-12 06:00:00,8,44,2026-07-23 00:00:00,10 days 18:00:00,258,14.75,132.76,1002.4,39.7
2026-07-12 06:00:00,8,44,2026-07-23 06:00:00,11 days 00:00:00,264,16.25,131.5,1001.8,40.7
2026-07-12 06:00:00,8,44,2026-07-23 12:00:00,11 days 06:00:00,270,16.75,130.5,1000.8,42.4
2026-07-12 06:00:00,8,44,2026-07-23 18:00:00,11 days 12:00:00,276,17.25,129.5,999.8,44.0
2026-07-12 06:00:00,8,44,2026-07-24 00:00:00,11 days 18:00:00,282,17.38,127.88,998.9,45.4
2026-07-12 06:00:00,8,44,2026-07-24 06:00:00,12 days 00:00:00,288,17.5,126.25,998.0,46.9
2026-07-12 06:00:00,8,44,2026-07-24 12:00:00,12 days 06:00:00,294,18.38,125.88,995.6,50.5
2026-07-12 06:00:00,8,44,2026-07-24 18:00:00,12 days 12:00:00,300,19.25,125.5,993.2,54.1
2026-07-12 06:00:00,8,44,2026-07-25 00:00:00,12 days 18:00:00,306,19.88,124.5,992.0,55.8
2026-07-12 06:00:00,8,44,2026-07-25 06:00:00,13 days 00:00:00,312,20.5,123.5,990.8,57.6
2026-07-12 06:00:00,8,44,2026-07-25 12:00:00,13 days 06:00:00,318,21.13,122.63,988.9,60.3
2026-07-12 06:00:00,8,44,2026-07-25 18:00:00,13 days 12:00:00,324,21.75,121.75,986.9,63.1
2026-07-12 06:00:00,8,44,2026-07-26 00:00:00,13 days 18:00:00,330,22.38,121.63,988.9,60.3
2026-07-12 06:00:00,8,44,2026-07-26 06:00:00,14 days 00:00:00,336,23.0,121.5,990.8,57.6
2026-07-12 06:00:00,8,44,2026-07-26 12:00:00,14 days 06:00:00,342,24.5,121.01,990.4,58.2
2026-07-12 06:00:00,8,44,2026-07-26 18:00:00,14 days 12:00:00,348,26.0,120.5,989.9,58.8
2026-07-12 06:00:00,8,44,2026-07-27 00:00:00,14 days 18:00:00,354,26.88,120.62,992.8,54.7
2026-07-12 06:00:00,8,44,2026-07-27 06:00:00,15 days 00:00:00,360,27.75,120.75,995.6,50.5
2026-07-12 06:00:00,9,44,2026-07-23 18:00:00,11 days 12:00:00,276,10.75,-151.5,1008.3,28.9
2026-07-12 06:00:00,9,44,2026-07-24 00:00:00,11 days 18:00:00,282,11.5,-152.12,1007.4,30.6
2026-07-12 06:00:00,9,44,2026-07-24 06:00:00,12 days 00:00:00,288,12.25,-152.75,1006.6,32.2
2026-07-12 06:00:00,9,44,2026-07-24 12:00:00,12 days 06:00:00,294,12.5,-153.25,1005.4,34.4
2026-07-12 06:00:00,9,44,2026-07-24 18:00:00,12 days 12:00:00,300,12.75,-153.75,1004.2,36.6
2026-07-12 06:00:00,9,44,2026-07-25 00:00:00,12 days 18:00:00,306,13.25,-154.37,1004.9,35.3
2026-07-12 06:00:00,9,44,2026-07-25 06:00:00,13 days 00:00:00,312,13.75,-155.0,1005.6,34.0
2026-07-12 06:00:00,9,44,2026-07-25 12:00:00,13 days 06:00:00,318,14.13,-155.75,1005.0,35.0
2026-07-12 06:00:00,9,44,2026-07-25 18:00:00,13 days 12:00:00,324,14.5,-156.5,1004.5,36.1
2026-07-12 06:00:00,9,44,2026-07-26 00:00:00,13 days 18:00:00,330,14.63,-157.25,1003.2,38.3
2026-07-12 06:00:00,9,44,2026-07-26 06:00:00,14 days 00:00:00,336,14.75,-158.0,1001.9,40.6
2026-07-12 06:00:00,9,44,2026-07-26 12:00:00,14 days 06:00:00,342,15.13,-158.37,1001.0,41.9
2026-07-12 06:00:00,9,44,2026-07-26 18:00:00,14 days 12:00:00,348,15.5,-158.75,1000.2,43.3
2026-07-12 06:00:00,9,44,2026-07-27 00:00:00,14 days 18:00:00,354,15.75,-159.37,1001.7,40.8
2026-07-12 06:00:00,9,44,2026-07-27 06:00:00,15 days 00:00:00,360,16.0,-160.0,1003.2,38.3
2026-07-12 06:00:00,0,45,2026-07-12 06:00:00,0 days 00:00:00,0,31.25,118.75,986.3,63.8
2026-07-12 06:00:00,0,45,2026-07-12 12:00:00,0 days 06:00:00,6,32.25,118.5,988.2,61.3
2026-07-12 06:00:00,0,45,2026-07-12 18:00:00,0 days 12:00:00,12,33.25,118.25,990.0,58.7
2026-07-12 06:00:00,0,45,2026-07-13 00:00:00,0 days 18:00:00,18,33.63,118.13,991.7,56.3
2026-07-12 06:00:00,0,45,2026-07-13 06:00:00,1 days 00:00:00,24,34.0,118.0,993.4,53.9
2026-07-12 06:00:00,0,45,2026-07-13 12:00:00,1 days 06:00:00,30,34.5,118.62,993.9,53.1
2026-07-12 06:00:00,0,45,2026-07-13 18:00:00,1 days 12:00:00,36,35.0,119.25,994.4,52.4
2026-07-12 06:00:00,0,45,2026-07-14 00:00:00,1 days 18:00:00,42,36.51,121.09,993.6,53.5
2026-07-12 06:00:00,0,45,2026-07-14 06:00:00,2 days 00:00:00,48,38.0,123.0,992.8,54.7
2026-07-12 06:00:00,0,45,2026-07-14 12:00:00,2 days 06:00:00,54,39.14,126.22,991.0,57.2
2026-07-12 06:00:00,0,45,2026-07-14 18:00:00,2 days 12:00:00,60,40.2,129.55,989.2,59.8
2026-07-12 06:00:00,0,45,2026-07-15 00:00:00,2 days 18:00:00,66,41.15,132.99,987.4,62.3
2026-07-12 06:00:00,0,45,2026-07-15 06:00:00,3 days 00:00:00,72,42.0,136.5,985.5,64.9
2026-07-12 06:00:00,10,45,2026-07-24 18:00:00,12 days 12:00:00,300,30.75,-66.75,1018.3,0.8
2026-07-12 06:00:00,10,45,2026-07-25 00:00:00,12 days 18:00:00,306,30.5,-67.38,1016.9,6.6
2026-07-12 06:00:00,10,45,2026-07-25 06:00:00,13 days 00:00:00,312,30.25,-68.0,1015.5,12.3
2026-07-12 06:00:00,10,45,2026-07-25 12:00:00,13 days 06:00:00,318,30.25,-68.0,1012.7,19.0
2026-07-12 06:00:00,10,45,2026-07-25 18:00:00,13 days 12:00:00,324,30.25,-68.0,1009.9,25.7
2026-07-12 06:00:00,10,45,2026-07-26 00:00:00,13 days 18:00:00,330,30.13,-68.25,1007.4,30.5
2026-07-12 06:00:00,10,45,2026-07-26 06:00:00,14 days 00:00:00,336,30.0,-68.5,1004.9,35.3
2026-07-12 06:00:00,10,45,2026-07-26 12:00:00,14 days 06:00:00,342,30.25,-68.25,1002.7,39.0
2026-07-12 06:00:00,10,45,2026-07-26 18:00:00,14 days 12:00:00,348,30.5,-68.0,1000.6,42.7
2026-07-12 06:00:00,10,45,2026-07-27 00:00:00,14 days 18:00:00,354,30.75,-68.37,996.3,49.3
2026-07-12 06:00:00,10,45,2026-07-27 06:00:00,15 days 00:00:00,360,31.0,-68.75,992.1,55.8
2026-07-12 06:00:00,3,45,2026-07-12 06:00:00,0 days 00:00:00,0,-41.75,-140.0,971.7,82.5
2026-07-12 06:00:00,3,45,2026-07-12 12:00:00,0 days 06:00:00,6,-43.13,-139.88,970.4,84.2
2026-07-12 06:00:00,3,45,2026-07-12 18:00:00,0 days 12:00:00,12,-44.5,-139.75,969.0,85.8
2026-07-12 06:00:00,3,45,2026-07-13 00:00:00,0 days 18:00:00,18,-45.5,-140.36,970.2,84.3
2026-07-12 06:00:00,3,45,2026-07-13 06:00:00,1 days 00:00:00,24,-46.5,-141.0,971.5,82.8
2026-07-12 06:00:00,3,45,2026-07-13 12:00:00,1 days 06:00:00,30,-45.75,-142.01,974.0,79.8
2026-07-12 06:00:00,3,45,2026-07-13 18:00:00,1 days 12:00:00,36,-45.0,-143.0,976.5,76.7
2026-07-12 06:00:00,3,45,2026-07-14 00:00:00,1 days 18:00:00,42,-43.38,-144.28,979.7,72.5
2026-07-12 06:00:00,3,45,2026-07-14 06:00:00,2 days 00:00:00,48,-41.75,-145.5,983.0,68.3
2026-07-12 06:00:00,3,45,2026-07-14 12:00:00,2 days 06:00:00,54,-41.38,-144.49,983.1,68.2
2026-07-12 06:00:00,3,45,2026-07-14 18:00:00,2 days 12:00:00,60,-41.0,-143.5,983.2,68.1
2026-07-12 06:00:00,3,45,2026-07-15 00:00:00,2 days 18:00:00,66,-41.13,-143.75,984.0,66.9
2026-07-12 06:00:00,3,45,2026-07-15 06:00:00,3 days 00:00:00,72,-41.25,-144.0,984.9,65.7
2026-07-12 06:00:00,4,45,2026-07-12 06:00:00,0 days 00:00:00,0,-41.0,-92.75,973.3,80.6
2026-07-12 06:00:00,4,45,2026-07-12 12:00:00,0 days 06:00:00,6,-41.9,-90.41,973.8,80.1
2026-07-12 06:00:00,4,45,2026-07-12 18:00:00,0 days 12:00:00,12,-42.75,-88.0,974.2,79.5
2026-07-12 06:00:00,4,45,2026-07-13 00:00:00,0 days 18:00:00,18,-43.41,-85.03,976.3,76.9
2026-07-12 06:00:00,4,45,2026-07-13 06:00:00,1 days 00:00:00,24,-44.0,-82.0,978.4,74.3
2026-07-12 06:00:00,4,45,2026-07-13 12:00:00,1 days 06:00:00,30,-45.27,-80.17,981.1,70.8
2026-07-12 06:00:00,4,45,2026-07-13 18:00:00,1 days 12:00:00,36,-46.5,-78.25,983.8,67.3
2026-07-12 06:00:00,4,45,2026-07-14 00:00:00,1 days 18:00:00,42,-47.25,-78.13,986.4,63.8
2026-07-12 06:00:00,4,45,2026-07-14 06:00:00,2 days 00:00:00,48,-48.0,-78.0,988.9,60.2
2026-07-12 06:00:00,4,45,2026-07-14 12:00:00,2 days 06:00:00,54,-44.7,-82.5,992.1,55.6
2026-07-12 06:00:00,4,45,2026-07-14 18:00:00,2 days 12:00:00,60,-41.25,-86.5,995.3,51.0
2026-07-12 06:00:00,5,45,2026-07-15 18:00:00,3 days 12:00:00,84,14.0,-114.25,1004.6,35.9
2026-07-12 06:00:00,5,45,2026-07-16 00:00:00,3 days 18:00:00,90,14.63,-114.75,1003.4,37.9
2026-07-12 06:00:00,5,45,2026-07-16 06:00:00,4 days 00:00:00,96,15.25,-115.25,1002.2,39.9
2026-07-12 06:00:00,5,45,2026-07-16 12:00:00,4 days 06:00:00,102,15.88,-115.75,1000.9,42.2
2026-07-12 06:00:00,5,45,2026-07-16 18:00:00,4 days 12:00:00,108,16.5,-116.25,999.5,44.4
2026-07-12 06:00:00,5,45,2026-07-17 00:00:00,4 days 18:00:00,114,17.0,-116.5,999.0,45.3
2026-07-12 06:00:00,5,45,2026-07-17 06:00:00,5 days 00:00:00,120,17.5,-116.75,998.4,46.2
2026-07-12 06:00:00,5,45,2026-07-17 12:00:00,5 days 06:00:00,126,18.5,-117.25,996.7,48.8
2026-07-12 06:00:00,5,45,2026-07-17 18:00:00,5 days 12:00:00,132,19.5,-117.75,995.0,51.4
2026-07-12 06:00:00,5,45,2026-07-18 00:00:00,5 days 18:00:00,138,20.25,-118.37,996.6,48.9
2026-07-12 06:00:00,5,45,2026-07-18 06:00:00,6 days 00:00:00,144,21.0,-119.0,998.2,46.5
2026-07-12 06:00:00,5,45,2026-07-18 12:00:00,6 days 06:00:00,150,21.63,-120.12,1000.4,42.8
2026-07-12 06:00:00,5,45,2026-07-18 18:00:00,6 days 12:00:00,156,22.25,-121.25,1002.6,39.2
2026-07-12 06:00:00,5,45,2026-07-19 00:00:00,6 days 18:00:00,162,22.75,-121.62,1003.4,37.9
2026-07-12 06:00:00,5,45,2026-07-19 06:00:00,7 days 00:00:00,168,23.25,-122.0,1004.2,36.5
2026-07-12 06:00:00,5,45,2026-07-19 12:00:00,7 days 06:00:00,174,24.13,-122.62,1005.2,34.8
2026-07-12 06:00:00,5,45,2026-07-19 18:00:00,7 days 12:00:00,180,25.0,-123.25,1006.1,33.1
2026-07-12 06:00:00,5,45,2026-07-20 00:00:00,7 days 18:00:00,186,25.5,-123.75,1007.7,30.0
2026-07-12 06:00:00,5,45,2026-07-20 06:00:00,8 days 00:00:00,192,26.0,-124.25,1009.4,26.8
2026-07-12 06:00:00,5,45,2026-07-20 12:00:00,8 days 06:00:00,198,26.75,-124.62,1010.7,23.9
2026-07-12 06:00:00,5,45,2026-07-20 18:00:00,8 days 12:00:00,204,27.5,-125.0,1012.1,21.0
2026-07-12 06:00:00,6,45,2026-07-18 06:00:00,6 days 00:00:00,144,9.75,-104.5,1010.0,25.4
2026-07-12 06:00:00,6,45,2026-07-18 12:00:00,6 days 06:00:00,150,10.13,-105.62,1009.9,25.7
2026-07-12 06:00:00,6,45,2026-07-18 18:00:00,6 days 12:00:00,156,10.5,-106.75,1009.8,26.0
2026-07-12 06:00:00,6,45,2026-07-19 00:00:00,6 days 18:00:00,162,10.25,-107.63,1009.2,27.1
2026-07-12 06:00:00,6,45,2026-07-19 06:00:00,7 days 00:00:00,168,10.0,-108.5,1008.7,28.2
2026-07-12 06:00:00,6,45,2026-07-19 12:00:00,7 days 06:00:00,174,10.38,-109.62,1007.8,29.8
2026-07-12 06:00:00,6,45,2026-07-19 18:00:00,7 days 12:00:00,180,10.75,-110.75,1007.0,31.4
2026-07-12 06:00:00,6,45,2026-07-20 00:00:00,7 days 18:00:00,186,10.88,-111.87,1005.4,34.3
2026-07-12 06:00:00,6,45,2026-07-20 06:00:00,8 days 00:00:00,192,11.0,-113.0,1003.8,37.3
2026-07-12 06:00:00,6,45,2026-07-20 12:00:00,8 days 06:00:00,198,11.38,-114.25,1002.5,39.5
2026-07-12 06:00:00,6,45,2026-07-20 18:00:00,8 days 12:00:00,204,11.75,-115.5,1001.1,41.8
2026-07-12 06:00:00,6,45,2026-07-21 00:00:00,8 days 18:00:00,210,12.13,-116.37,999.4,44.5
2026-07-12 06:00:00,6,45,2026-07-21 06:00:00,9 days 00:00:00,216,12.5,-117.25,997.7,47.2
2026-07-12 06:00:00,6,45,2026-07-21 12:00:00,9 days 06:00:00,222,13.13,-118.12,995.2,51.1
2026-07-12 06:00:00,6,45,2026-07-21 18:00:00,9 days 12:00:00,228,13.75,-119.0,992.7,54.9
2026-07-12 06:00:00,6,45,2026-07-22 00:00:00,9 days 18:00:00,234,14.0,-119.62,992.8,54.7
2026-07-12 06:00:00,6,45,2026-07-22 06:00:00,10 days 00:00:00,240,14.25,-120.25,993.0,54.4
2026-07-12 06:00:00,6,45,2026-07-22 12:00:00,10 days 06:00:00,246,14.38,-121.0,991.1,57.2
2026-07-12 06:00:00,6,45,2026-07-22 18:00:00,10 days 12:00:00,252,14.5,-121.75,989.2,59.9
2026-07-12 06:00:00,6,45,2026-07-23 00:00:00,10 days 18:00:00,258,14.63,-122.62,988.2,61.3
2026-07-12 06:00:00,6,45,2026-07-23 06:00:00,11 days 00:00:00,264,14.75,-123.5,987.2,62.6
2026-07-12 06:00:00,6,45,2026-07-23 12:00:00,11 days 06:00:00,270,14.75,-124.25,985.6,64.8
2026-07-12 06:00:00,6,45,2026-07-23 18:00:00,11 days 12:00:00,276,14.75,-125.0,983.9,67.1
2026-07-12 06:00:00,6,45,2026-07-24 00:00:00,11 days 18:00:00,282,15.13,-125.75,984.6,66.2
2026-07-12 06:00:00,6,45,2026-07-24 06:00:00,12 days 00:00:00,288,15.5,-126.5,985.2,65.4
2026-07-12 06:00:00,6,45,2026-07-24 12:00:00,12 days 06:00:00,294,16.5,-127.49,987.0,62.9
2026-07-12 06:00:00,6,45,2026-07-24 18:00:00,12 days 12:00:00,300,17.5,-128.5,988.8,60.4
2026-07-12 06:00:00,6,45,2026-07-25 00:00:00,12 days 18:00:00,306,18.0,-129.87,990.7,57.7
2026-07-12 06:00:00,6,45,2026-07-25 06:00:00,13 days 00:00:00,312,18.5,-131.25,992.6,54.9
2026-07-12 06:00:00,6,45,2026-07-25 12:00:00,13 days 06:00:00,318,18.88,-132.62,996.6,48.9
2026-07-12 06:00:00,6,45,2026-07-25 18:00:00,13 days 12:00:00,324,19.25,-134.0,1000.5,42.9
2026-07-12 06:00:00,6,45,2026-07-26 00:00:00,13 days 18:00:00,330,19.88,-135.12,1002.2,40.0
2026-07-12 06:00:00,6,45,2026-07-26 06:00:00,14 days 00:00:00,336,20.5,-136.25,1003.9,37.1
2026-07-12 06:00:00,6,45,2026-07-26 12:00:00,14 days 06:00:00,342,21.19,-136.99,1004.4,36.1
2026-07-12 06:00:00,6,45,2026-07-26 18:00:00,14 days 12:00:00,348,21.88,-137.74,1005.0,35.2
2026-07-12 06:00:00,6,45,2026-07-27 00:00:00,14 days 18:00:00,354,22.57,-138.49,1005.5,34.2
2026-07-12 06:00:00,6,45,2026-07-27 06:00:00,15 days 00:00:00,360,23.25,-139.25,1006.1,33.2
2026-07-12 06:00:00,7,45,2026-07-19 06:00:00,7 days 00:00:00,168,10.75,151.0,1004.3,36.4
2026-07-12 06:00:00,7,45,2026-07-19 12:00:00,7 days 06:00:00,174,11.25,150.63,1003.2,38.2
2026-07-12 06:00:00,7,45,2026-07-19 18:00:00,7 days 12:00:00,180,11.75,150.25,1002.2,40.0
2026-07-12 06:00:00,7,45,2026-07-20 00:00:00,7 days 18:00:00,186,12.38,149.13,1001.4,41.3
2026-07-12 06:00:00,7,45,2026-07-20 06:00:00,8 days 00:00:00,192,13.0,148.0,1000.7,42.5
2026-07-12 06:00:00,7,45,2026-07-20 12:00:00,8 days 06:00:00,198,13.75,146.63,999.0,45.2
2026-07-12 06:00:00,7,45,2026-07-20 18:00:00,8 days 12:00:00,204,14.5,145.25,997.3,48.0
2026-07-12 06:00:00,7,45,2026-07-21 00:00:00,8 days 18:00:00,210,15.38,144.38,996.9,48.6
2026-07-12 06:00:00,7,45,2026-07-21 06:00:00,9 days 00:00:00,216,16.25,143.5,996.5,49.2
2026-07-12 06:00:00,7,45,2026-07-21 12:00:00,9 days 06:00:00,222,17.0,142.5,994.5,52.1
2026-07-12 06:00:00,7,45,2026-07-21 18:00:00,9 days 12:00:00,228,17.75,141.5,992.6,55.0
2026-07-12 06:00:00,7,45,2026-07-22 00:00:00,9 days 18:00:00,234,18.25,140.75,989.5,59.4
2026-07-12 06:00:00,7,45,2026-07-22 06:00:00,10 days 00:00:00,240,18.75,140.0,986.4,63.7
2026-07-12 06:00:00,7,45,2026-07-22 12:00:00,10 days 06:00:00,246,19.13,139.13,985.2,65.3
2026-07-12 06:00:00,7,45,2026-07-22 18:00:00,10 days 12:00:00,252,19.5,138.25,984.1,66.9
2026-07-12 06:00:00,7,45,2026-07-23 00:00:00,10 days 18:00:00,258,20.13,138.13,980.7,71.2
2026-07-12 06:00:00,7,45,2026-07-23 06:00:00,11 days 00:00:00,264,20.75,138.0,977.3,75.6
2026-07-12 06:00:00,7,45,2026-07-23 12:00:00,11 days 06:00:00,270,21.88,138.12,977.3,75.7
2026-07-12 06:00:00,7,45,2026-07-23 18:00:00,11 days 12:00:00,276,23.0,138.25,977.3,75.7
2026-07-12 06:00:00,7,45,2026-07-24 00:00:00,11 days 18:00:00,282,24.13,139.12,976.8,76.2
2026-07-12 06:00:00,7,45,2026-07-24 06:00:00,12 days 00:00:00,288,25.25,140.0,976.4,76.7
2026-07-12 06:00:00,7,45,2026-07-24 12:00:00,12 days 06:00:00,294,26.5,140.87,970.9,83.4
2026-07-12 06:00:00,7,45,2026-07-24 18:00:00,12 days 12:00:00,300,27.75,141.75,965.4,90.1
2026-07-12 06:00:00,7,45,2026-07-25 00:00:00,12 days 18:00:00,306,29.01,143.11,966.9,88.3
2026-07-12 06:00:00,7,45,2026-07-25 06:00:00,13 days 00:00:00,312,30.25,144.5,968.5,86.4
2026-07-12 06:00:00,7,45,2026-07-25 12:00:00,13 days 06:00:00,318,31.13,145.37,968.7,86.1
2026-07-12 06:00:00,7,45,2026-07-25 18:00:00,13 days 12:00:00,324,32.0,146.25,969.0,85.8
2026-07-12 06:00:00,7,45,2026-07-26 00:00:00,13 days 18:00:00,330,32.38,147.37,969.8,84.8
2026-07-12 06:00:00,7,45,2026-07-26 06:00:00,14 days 00:00:00,336,32.75,148.5,970.7,83.8
2026-07-12 06:00:00,7,45,2026-07-26 12:00:00,14 days 06:00:00,342,33.39,150.24,971.4,82.9
2026-07-12 06:00:00,7,45,2026-07-26 18:00:00,14 days 12:00:00,348,34.0,152.0,972.1,82.0
2026-07-12 06:00:00,7,45,2026-07-27 00:00:00,14 days 18:00:00,354,34.26,153.62,977.6,75.1
2026-07-12 06:00:00,7,45,2026-07-27 06:00:00,15 days 00:00:00,360,34.5,155.25,983.0,68.3
2026-07-12 06:00:00,8,45,2026-07-19 18:00:00,7 days 12:00:00,180,25.5,168.0,1002.3,39.8
2026-07-12 06:00:00,8,45,2026-07-20 00:00:00,7 days 18:00:00,186,26.13,167.75,1000.6,42.7
2026-07-12 06:00:00,8,45,2026-07-20 06:00:00,8 days 00:00:00,192,26.75,167.5,998.8,45.6
2026-07-12 06:00:00,8,45,2026-07-20 12:00:00,8 days 06:00:00,198,27.25,167.13,996.8,48.6
2026-07-12 06:00:00,8,45,2026-07-20 18:00:00,8 days 12:00:00,204,27.75,166.75,994.9,51.7
2026-07-12 06:00:00,8,45,2026-07-21 00:00:00,8 days 18:00:00,210,28.38,166.75,994.4,52.3
2026-07-12 06:00:00,8,45,2026-07-21 06:00:00,9 days 00:00:00,216,29.0,166.75,994.0,53.0
2026-07-12 06:00:00,8,45,2026-07-21 12:00:00,9 days 06:00:00,222,29.63,166.5,992.7,54.8
2026-07-12 06:00:00,8,45,2026-07-21 18:00:00,9 days 12:00:00,228,30.25,166.25,991.5,56.6
2026-07-12 06:00:00,8,45,2026-07-22 00:00:00,9 days 18:00:00,234,31.38,166.87,990.3,58.3
2026-07-12 06:00:00,8,45,2026-07-22 06:00:00,10 days 00:00:00,240,32.5,167.5,989.1,60.0
2026-07-12 06:00:00,8,45,2026-07-22 12:00:00,10 days 06:00:00,246,33.63,167.99,988.2,61.2
2026-07-12 06:00:00,8,45,2026-07-22 18:00:00,10 days 12:00:00,252,34.75,168.5,987.4,62.4
2026-07-12 06:00:00,8,45,2026-07-23 00:00:00,10 days 18:00:00,258,36.25,169.11,987.0,62.9
2026-07-12 06:00:00,8,45,2026-07-23 06:00:00,11 days 00:00:00,264,37.75,169.75,986.6,63.4
2026-07-12 06:00:00,8,45,2026-07-23 12:00:00,11 days 06:00:00,270,39.75,169.87,986.5,63.6
2026-07-12 06:00:00,8,45,2026-07-23 18:00:00,11 days 12:00:00,276,41.75,170.0,986.4,63.8
2026-07-12 06:00:00,8,45,2026-07-24 00:00:00,11 days 18:00:00,282,43.63,170.61,986.6,63.5
2026-07-12 06:00:00,8,45,2026-07-24 06:00:00,12 days 00:00:00,288,45.5,171.25,986.8,63.1
2026-07-12 06:00:00,8,45,2026-07-24 12:00:00,12 days 06:00:00,294,46.5,171.74,988.4,61.0
2026-07-12 06:00:00,8,45,2026-07-24 18:00:00,12 days 12:00:00,300,47.5,172.25,990.0,58.8
2026-07-12 06:00:00,8,45,2026-07-25 00:00:00,12 days 18:00:00,306,49.14,174.31,992.9,54.5
2026-07-12 06:00:00,8,45,2026-07-25 06:00:00,13 days 00:00:00,312,50.75,176.5,995.8,50.3
2026-07-12 06:00:00,8,45,2026-07-25 12:00:00,13 days 06:00:00,318,53.2,-179.6,998.0,46.8
2026-07-12 06:00:00,8,45,2026-07-25 18:00:00,13 days 12:00:00,324,55.5,-175.25,1000.2,43.3
2026-07-12 06:00:00,9,45,2026-07-20 18:00:00,8 days 12:00:00,204,33.25,137.5,998.9,45.4
2026-07-12 06:00:00,9,45,2026-07-21 00:00:00,8 days 18:00:00,210,33.38,138.12,998.6,45.9
2026-07-12 06:00:00,9,45,2026-07-21 06:00:00,9 days 00:00:00,216,33.5,138.75,998.3,46.4
2026-07-12 06:00:00,9,45,2026-07-21 12:00:00,9 days 06:00:00,222,34.0,139.37,997.9,47.0
2026-07-12 06:00:00,9,45,2026-07-21 18:00:00,9 days 12:00:00,228,34.5,140.0,997.4,47.7
2026-07-12 06:00:00,9,45,2026-07-22 00:00:00,9 days 18:00:00,234,34.5,141.0,997.1,48.3
2026-07-12 06:00:00,9,45,2026-07-22 06:00:00,10 days 00:00:00,240,34.5,142.0,996.7,48.8
2026-07-12 06:00:00,9,45,2026-07-22 12:00:00,10 days 06:00:00,246,34.51,143.12,996.2,49.6
2026-07-12 06:00:00,9,45,2026-07-22 18:00:00,10 days 12:00:00,252,34.5,144.25,995.6,50.5
2026-07-12 06:00:00,9,45,2026-07-23 00:00:00,10 days 18:00:00,258,34.13,145.63,995.6,50.5
2026-07-12 06:00:00,9,45,2026-07-23 06:00:00,11 days 00:00:00,264,33.75,147.0,995.6,50.6
2026-07-12 06:00:00,9,45,2026-07-23 12:00:00,11 days 06:00:00,270,33.39,148.76,995.3,51.0
2026-07-12 06:00:00,9,45,2026-07-23 18:00:00,11 days 12:00:00,276,33.0,150.5,995.0,51.4
2026-07-12 06:00:00,9,45,2026-07-24 00:00:00,11 days 18:00:00,282,32.14,152.77,995.4,50.9
2026-07-12 06:00:00,9,45,2026-07-24 06:00:00,12 days 00:00:00,288,31.25,155.0,995.8,50.3
2026-07-12 06:00:00,9,45,2026-07-24 12:00:00,12 days 06:00:00,294,30.78,157.76,994.5,52.2
2026-07-12 06:00:00,9,45,2026-07-24 18:00:00,12 days 12:00:00,300,30.25,160.5,993.2,54.1
2026-07-12 06:00:00,9,45,2026-07-25 00:00:00,12 days 18:00:00,306,30.39,162.5,994.2,52.7
2026-07-12 06:00:00,9,45,2026-07-25 06:00:00,13 days 00:00:00,312,30.5,164.5,995.1,51.3
2026-07-12 06:00:00,9,45,2026-07-25 12:00:00,13 days 06:00:00,318,30.88,165.37,995.6,50.6
2026-07-12 06:00:00,9,45,2026-07-25 18:00:00,13 days 12:00:00,324,31.25,166.25,996.0,49.9
2026-07-12 06:00:00,9,45,2026-07-26 00:00:00,13 days 18:00:00,330,32.13,167.36,997.6,47.4
2026-07-12 06:00:00,9,45,2026-07-26 06:00:00,14 days 00:00:00,336,33.0,168.5,999.2,44.9
2026-07-12 06:00:00,9,45,2026-07-26 12:00:00,14 days 06:00:00,342,34.88,169.48,1001.8,40.5
2026-07-12 06:00:00,9,45,2026-07-26 18:00:00,14 days 12:00:00,348,36.75,170.5,1004.5,36.1
2026-07-12 06:00:00,9,45,2026-07-27 00:00:00,14 days 18:00:00,354,39.76,171.7,1004.6,35.7
2026-07-12 06:00:00,9,45,2026-07-27 06:00:00,15 days 00:00:00,360,42.75,173.0,1004.8,35.4
2026-07-12 06:00:00,0,46,2026-07-12 06:00:00,0 days 00:00:00,0,31.25,118.75,986.3,63.8
2026-07-12 06:00:00,0,46,2026-07-12 12:00:00,0 days 06:00:00,6,32.13,118.25,988.3,61.2
2026-07-12 06:00:00,0,46,2026-07-12 18:00:00,0 days 12:00:00,12,33.0,117.75,990.2,58.5
2026-07-12 06:00:00,0,46,2026-07-13 00:00:00,0 days 18:00:00,18,33.5,117.87,990.6,57.9
2026-07-12 06:00:00,0,46,2026-07-13 06:00:00,1 days 00:00:00,24,34.0,118.0,990.9,57.4
2026-07-12 06:00:00,0,46,2026-07-13 12:00:00,1 days 06:00:00,30,34.75,118.87,991.9,56.0
2026-07-12 06:00:00,0,46,2026-07-13 18:00:00,1 days 12:00:00,36,35.5,119.75,992.9,54.6
2026-07-12 06:00:00,0,46,2026-07-14 00:00:00,1 days 18:00:00,42,36.5,120.61,993.1,54.2
2026-07-12 06:00:00,0,46,2026-07-14 06:00:00,2 days 00:00:00,48,37.5,121.5,993.4,53.8
2026-07-12 06:00:00,0,46,2026-07-14 12:00:00,2 days 06:00:00,54,38.43,124.96,992.5,55.1
2026-07-12 06:00:00,0,46,2026-07-14 18:00:00,2 days 12:00:00,60,39.25,128.5,991.7,56.3
2026-07-12 06:00:00,10,46,2026-07-23 06:00:00,11 days 00:00:00,264,14.25,127.25,995.1,51.4
2026-07-12 06:00:00,10,46,2026-07-23 12:00:00,11 days 06:00:00,270,14.38,126.5,995.9,50.1
2026-07-12 06:00:00,10,46,2026-07-23 18:00:00,11 days 12:00:00,276,14.5,125.75,996.7,48.8
2026-07-12 06:00:00,10,46,2026-07-24 00:00:00,11 days 18:00:00,282,14.88,124.5,995.4,50.9
2026-07-12 06:00:00,10,46,2026-07-24 06:00:00,12 days 00:00:00,288,15.25,123.25,994.0,52.9
2026-07-12 06:00:00,10,46,2026-07-24 12:00:00,12 days 06:00:00,294,15.88,123.0,994.2,52.7
2026-07-12 06:00:00,10,46,2026-07-24 18:00:00,12 days 12:00:00,300,16.5,122.75,994.3,52.5
2026-07-12 06:00:00,10,46,2026-07-25 00:00:00,12 days 18:00:00,306,16.76,121.13,993.8,53.2
2026-07-12 06:00:00,10,46,2026-07-25 06:00:00,13 days 00:00:00,312,17.0,119.5,993.4,53.8
2026-07-12 06:00:00,10,46,2026-07-25 12:00:00,13 days 06:00:00,318,17.13,118.38,993.4,53.9
2026-07-12 06:00:00,10,46,2026-07-25 18:00:00,13 days 12:00:00,324,17.25,117.25,993.3,54.0
2026-07-12 06:00:00,10,46,2026-07-26 00:00:00,13 days 18:00:00,330,18.0,116.75,992.4,55.3
2026-07-12 06:00:00,10,46,2026-07-26 06:00:00,14 days 00:00:00,336,18.75,116.25,991.4,56.7
2026-07-12 06:00:00,10,46,2026-07-26 12:00:00,14 days 06:00:00,342,19.13,115.75,989.5,59.4
2026-07-12 06:00:00,10,46,2026-07-26 18:00:00,14 days 12:00:00,348,19.5,115.25,987.5,62.2
2026-07-12 06:00:00,10,46,2026-07-27 00:00:00,14 days 18:00:00,354,20.0,114.88,988.6,60.7
2026-07-12 06:00:00,10,46,2026-07-27 06:00:00,15 days 00:00:00,360,20.5,114.5,989.6,59.3
2026-07-12 06:00:00,3,46,2026-07-12 06:00:00,0 days 00:00:00,0,-41.75,-140.0,971.7,82.5
2026-07-12 06:00:00,3,46,2026-07-12 12:00:00,0 days 06:00:00,6,-43.38,-139.88,970.0,84.6
2026-07-12 06:00:00,3,46,2026-07-12 18:00:00,0 days 12:00:00,12,-45.0,-139.75,968.2,86.7
2026-07-12 06:00:00,3,46,2026-07-13 00:00:00,0 days 18:00:00,18,-45.88,-140.12,970.1,84.5
2026-07-12 06:00:00,3,46,2026-07-13 06:00:00,1 days 00:00:00,24,-46.75,-140.5,972.0,82.3
2026-07-12 06:00:00,3,46,2026-07-13 12:00:00,1 days 06:00:00,30,-46.13,-141.76,974.8,78.8
2026-07-12 06:00:00,3,46,2026-07-13 18:00:00,1 days 12:00:00,36,-45.5,-143.0,977.6,75.3
2026-07-12 06:00:00,3,46,2026-07-14 00:00:00,1 days 18:00:00,42,-43.88,-144.54,979.7,72.5
2026-07-12 06:00:00,3,46,2026-07-14 06:00:00,2 days 00:00:00,48,-42.25,-146.0,981.9,69.8
2026-07-12 06:00:00,3,46,2026-07-14 12:00:00,2 days 06:00:00,54,-41.13,-145.36,982.3,69.2
2026-07-12 06:00:00,3,46,2026-07-14 18:00:00,2 days 12:00:00,60,-40.0,-144.75,982.7,68.7
2026-07-12 06:00:00,3,46,2026-07-15 00:00:00,2 days 18:00:00,66,-39.88,-144.75,983.5,67.6
2026-07-12 06:00:00,3,46,2026-07-15 06:00:00,3 days 00:00:00,72,-39.75,-144.75,984.3,66.5
2026-07-12 06:00:00,3,46,2026-07-15 12:00:00,3 days 06:00:00,78,-39.63,-144.25,985.4,65.1
2026-07-12 06:00:00,3,46,2026-07-15 18:00:00,3 days 12:00:00,84,-39.5,-143.75,986.4,63.7
2026-07-12 06:00:00,3,46,2026-07-16 00:00:00,3 days 18:00:00,90,-39.5,-143.63,986.7,63.3
2026-07-12 06:00:00,3,46,2026-07-16 06:00:00,4 days 00:00:00,96,-39.5,-143.5,987.1,62.8
2026-07-12 06:00:00,3,46,2026-07-16 12:00:00,4 days 06:00:00,102,-40.13,-142.76,987.1,62.8
2026-07-12 06:00:00,3,46,2026-07-16 18:00:00,4 days 12:00:00,108,-40.75,-142.0,987.1,62.8
2026-07-12 06:00:00,3,46,2026-07-17 00:00:00,4 days 18:00:00,114,-41.13,-142.25,987.5,62.3
2026-07-12 06:00:00,3,46,2026-07-17 06:00:00,5 days 00:00:00,120,-41.5,-142.5,987.9,61.7
2026-07-12 06:00:00,3,46,2026-07-17 12:00:00,5 days 06:00:00,126,-41.75,-143.0,989.4,59.5
2026-07-12 06:00:00,3,46,2026-07-17 18:00:00,5 days 12:00:00,132,-42.0,-143.5,991.0,57.3
2026-07-12 06:00:00,4,46,2026-07-12 06:00:00,0 days 00:00:00,0,-41.0,-92.75,973.3,80.6
2026-07-12 06:00:00,4,46,2026-07-12 12:00:00,0 days 06:00:00,6,-41.9,-90.41,973.0,81.0
2026-07-12 06:00:00,4,46,2026-07-12 18:00:00,0 days 12:00:00,12,-42.75,-88.0,972.7,81.3
2026-07-12 06:00:00,4,46,2026-07-13 00:00:00,0 days 18:00:00,18,-43.28,-85.52,974.6,79.0
2026-07-12 06:00:00,4,46,2026-07-13 06:00:00,1 days 00:00:00,24,-43.75,-83.0,976.4,76.7
2026-07-12 06:00:00,4,46,2026-07-13 12:00:00,1 days 06:00:00,30,-44.65,-80.66,979.8,72.4
2026-07-12 06:00:00,4,46,2026-07-13 18:00:00,1 days 12:00:00,36,-45.5,-78.25,983.2,68.0
2026-07-12 06:00:00,4,46,2026-07-14 00:00:00,1 days 18:00:00,42,-46.63,-77.64,985.1,65.5
2026-07-12 06:00:00,4,46,2026-07-14 06:00:00,2 days 00:00:00,48,-47.75,-77.0,987.0,63.0
2026-07-12 06:00:00,4,46,2026-07-14 12:00:00,2 days 06:00:00,54,-46.11,-78.97,988.8,60.3
2026-07-12 06:00:00,4,46,2026-07-14 18:00:00,2 days 12:00:00,60,-44.43,-80.83,990.7,57.6
2026-07-12 06:00:00,4,46,2026-07-15 00:00:00,2 days 18:00:00,66,-42.73,-82.59,992.6,54.9
2026-07-12 06:00:00,4,46,2026-07-15 06:00:00,3 days 00:00:00,72,-41.0,-84.25,994.5,52.2
2026-07-12 06:00:00,4,46,2026-07-15 12:00:00,3 days 06:00:00,78,-41.38,-83.13,994.3,52.5
2026-07-12 06:00:00,4,46,2026-07-15 18:00:00,3 days 12:00:00,84,-41.75,-82.0,994.1,52.8
2026-07-12 06:00:00,4,46,2026-07-16 00:00:00,3 days 18:00:00,90,-41.5,-81.37,995.4,50.8
2026-07-12 06:00:00,4,46,2026-07-16 06:00:00,4 days 00:00:00,96,-41.25,-80.75,996.8,48.7
2026-07-12 06:00:00,4,46,2026-07-16 12:00:00,4 days 06:00:00,102,-41.08,-79.49,993.5,53.4
2026-07-12 06:00:00,4,46,2026-07-16 18:00:00,4 days 12:00:00,108,-40.9,-78.24,990.3,58.0
2026-07-12 06:00:00,4,46,2026-07-17 00:00:00,4 days 18:00:00,114,-40.71,-76.99,987.0,62.6
2026-07-12 06:00:00,4,46,2026-07-17 06:00:00,5 days 00:00:00,120,-40.5,-75.75,983.8,67.2
2026-07-12 06:00:00,4,46,2026-07-17 12:00:00,5 days 06:00:00,126,-41.63,-74.77,988.2,61.1
2026-07-12 06:00:00,4,46,2026-07-17 18:00:00,5 days 12:00:00,132,-42.75,-73.75,992.6,55.0
2026-07-12 06:00:00,5,46,2026-07-14 18:00:00,2 days 12:00:00,60,14.25,-108.5,1006.2,32.9
2026-07-12 06:00:00,5,46,2026-07-15 00:00:00,2 days 18:00:00,66,14.13,-110.0,1005.7,33.9
2026-07-12 06:00:00,5,46,2026-07-15 06:00:00,3 days 00:00:00,72,14.0,-111.5,1005.1,34.8
2026-07-12 06:00:00,5,46,2026-07-15 12:00:00,3 days 06:00:00,78,13.88,-113.13,1003.3,38.1
2026-07-12 06:00:00,5,46,2026-07-15 18:00:00,3 days 12:00:00,84,13.75,-114.75,1001.4,41.3
2026-07-12 06:00:00,5,46,2026-07-16 00:00:00,3 days 18:00:00,90,13.75,-115.5,1000.5,42.8
2026-07-12 06:00:00,5,46,2026-07-16 06:00:00,4 days 00:00:00,96,13.75,-116.25,999.6,44.3
2026-07-12 06:00:00,5,46,2026-07-16 12:00:00,4 days 06:00:00,102,14.38,-117.25,996.4,49.2
2026-07-12 06:00:00,5,46,2026-07-16 18:00:00,4 days 12:00:00,108,15.0,-118.25,993.3,54.0
2026-07-12 06:00:00,5,46,2026-07-17 00:00:00,4 days 18:00:00,114,15.38,-119.0,990.1,58.5
2026-07-12 06:00:00,5,46,2026-07-17 06:00:00,5 days 00:00:00,120,15.75,-119.75,987.0,62.9
2026-07-12 06:00:00,5,46,2026-07-17 12:00:00,5 days 06:00:00,126,16.13,-120.62,986.1,64.1
2026-07-12 06:00:00,5,46,2026-07-17 18:00:00,5 days 12:00:00,132,16.5,-121.5,985.2,65.4
2026-07-12 06:00:00,5,46,2026-07-18 00:00:00,5 days 18:00:00,138,17.25,-122.37,983.9,67.1
2026-07-12 06:00:00,5,46,2026-07-18 06:00:00,6 days 00:00:00,144,18.0,-123.25,982.6,68.8
2026-07-12 06:00:00,5,46,2026-07-18 12:00:00,6 days 06:00:00,150,18.63,-124.37,982.0,69.7
2026-07-12 06:00:00,5,46,2026-07-18 18:00:00,6 days 12:00:00,156,19.25,-125.5,981.3,70.5
2026-07-12 06:00:00,5,46,2026-07-19 00:00:00,6 days 18:00:00,162,19.63,-126.25,985.3,65.1
2026-07-12 06:00:00,5,46,2026-07-19 06:00:00,7 days 00:00:00,168,20.0,-127.0,989.3,59.7
2026-07-12 06:00:00,5,46,2026-07-19 12:00:00,7 days 06:00:00,174,20.38,-128.0,991.6,56.4
2026-07-12 06:00:00,5,46,2026-07-19 18:00:00,7 days 12:00:00,180,20.75,-129.0,993.9,53.0
2026-07-12 06:00:00,5,46,2026-07-20 00:00:00,7 days 18:00:00,186,21.25,-129.87,996.9,48.5
2026-07-12 06:00:00,5,46,2026-07-20 06:00:00,8 days 00:00:00,192,21.75,-130.75,999.8,44.0
2026-07-12 06:00:00,5,46,2026-07-20 12:00:00,8 days 06:00:00,198,22.0,-131.87,999.7,44.1
2026-07-12 06:00:00,5,46,2026-07-20 18:00:00,8 days 12:00:00,204,22.25,-133.0,999.6,44.3
2026-07-12 06:00:00,5,46,2026-07-21 00:00:00,8 days 18:00:00,210,22.25,-134.25,1001.5,41.1
2026-07-12 06:00:00,5,46,2026-07-21 06:00:00,9 days 00:00:00,216,22.25,-135.5,1003.4,38.0
2026-07-12 06:00:00,5,46,2026-07-21 12:00:00,9 days 06:00:00,222,22.26,-136.88,1005.4,34.3
2026-07-12 06:00:00,5,46,2026-07-21 18:00:00,9 days 12:00:00,228,22.25,-138.25,1007.4,30.7
2026-07-12 06:00:00,6,46,2026-07-17 18:00:00,5 days 12:00:00,132,37.75,65.25,995.1,51.3
2026-07-12 06:00:00,6,46,2026-07-18 00:00:00,5 days 18:00:00,138,36.32,64.72,994.4,52.3
2026-07-12 06:00:00,6,46,2026-07-18 06:00:00,6 days 00:00:00,144,34.88,64.21,993.7,53.4
2026-07-12 06:00:00,6,46,2026-07-18 12:00:00,6 days 06:00:00,150,33.44,63.72,993.0,54.5
2026-07-12 06:00:00,6,46,2026-07-18 18:00:00,6 days 12:00:00,156,32.0,63.25,992.2,55.5
2026-07-12 06:00:00,6,46,2026-07-19 00:00:00,6 days 18:00:00,162,31.75,62.62,993.1,54.3
2026-07-12 06:00:00,6,46,2026-07-19 06:00:00,7 days 00:00:00,168,31.5,62.0,993.9,53.0
2026-07-12 06:00:00,6,46,2026-07-19 12:00:00,7 days 06:00:00,174,31.38,62.5,992.9,54.6
2026-07-12 06:00:00,6,46,2026-07-19 18:00:00,7 days 12:00:00,180,31.25,63.0,991.8,56.2
2026-07-12 06:00:00,6,46,2026-07-20 00:00:00,7 days 18:00:00,186,31.13,63.5,992.6,55.0
2026-07-12 06:00:00,6,46,2026-07-20 06:00:00,8 days 00:00:00,192,31.0,64.0,993.4,53.8
2026-07-12 06:00:00,6,46,2026-07-20 12:00:00,8 days 06:00:00,198,31.5,63.63,991.1,57.1
2026-07-12 06:00:00,6,46,2026-07-20 18:00:00,8 days 12:00:00,204,32.0,63.25,988.9,60.3
2026-07-12 06:00:00,7,46,2026-07-18 06:00:00,6 days 00:00:00,144,10.5,-107.5,1009.5,26.6
2026-07-12 06:00:00,7,46,2026-07-18 12:00:00,6 days 06:00:00,150,11.0,-108.25,1008.6,28.3
2026-07-12 06:00:00,7,46,2026-07-18 18:00:00,6 days 12:00:00,156,11.5,-109.0,1007.8,29.9
2026-07-12 06:00:00,7,46,2026-07-19 00:00:00,6 days 18:00:00,162,12.13,-109.37,1007.9,29.7
2026-07-12 06:00:00,7,46,2026-07-19 06:00:00,7 days 00:00:00,168,12.75,-109.75,1008.0,29.4
2026-07-12 06:00:00,7,46,2026-07-19 12:00:00,7 days 06:00:00,174,13.13,-110.75,1007.4,30.6
2026-07-12 06:00:00,7,46,2026-07-19 18:00:00,7 days 12:00:00,180,13.5,-111.75,1006.9,31.7
2026-07-12 06:00:00,7,46,2026-07-20 00:00:00,7 days 18:00:00,186,13.75,-113.25,1006.0,33.3
2026-07-12 06:00:00,7,46,2026-07-20 06:00:00,8 days 00:00:00,192,14.0,-114.75,1005.2,34.8
2026-07-12 06:00:00,7,46,2026-07-20 12:00:00,8 days 06:00:00,198,14.63,-115.87,1002.6,39.1
2026-07-12 06:00:00,7,46,2026-07-20 18:00:00,8 days 12:00:00,204,15.25,-117.0,1000.1,43.4
2026-07-12 06:00:00,7,46,2026-07-21 00:00:00,8 days 18:00:00,210,15.5,-118.12,997.5,47.5
2026-07-12 06:00:00,7,46,2026-07-21 06:00:00,9 days 00:00:00,216,15.75,-119.25,994.8,51.7
2026-07-12 06:00:00,7,46,2026-07-21 12:00:00,9 days 06:00:00,222,15.88,-120.12,993.8,53.2
2026-07-12 06:00:00,7,46,2026-07-21 18:00:00,9 days 12:00:00,228,16.0,-121.0,992.8,54.8
2026-07-12 06:00:00,7,46,2026-07-22 00:00:00,9 days 18:00:00,234,16.13,-121.62,991.2,57.1
2026-07-12 06:00:00,7,46,2026-07-22 06:00:00,10 days 00:00:00,240,16.25,-122.25,989.6,59.3
2026-07-12 06:00:00,7,46,2026-07-22 12:00:00,10 days 06:00:00,246,16.25,-123.0,985.3,65.1
2026-07-12 06:00:00,7,46,2026-07-22 18:00:00,10 days 12:00:00,252,16.25,-123.75,981.0,70.9
2026-07-12 06:00:00,7,46,2026-07-23 00:00:00,10 days 18:00:00,258,16.38,-124.62,979.1,73.4
2026-07-12 06:00:00,7,46,2026-07-23 06:00:00,11 days 00:00:00,264,16.5,-125.5,977.1,75.9
2026-07-12 06:00:00,7,46,2026-07-23 12:00:00,11 days 06:00:00,270,16.75,-126.37,979.3,73.1
2026-07-12 06:00:00,7,46,2026-07-23 18:00:00,11 days 12:00:00,276,17.0,-127.25,981.4,70.4
2026-07-12 06:00:00,7,46,2026-07-24 00:00:00,11 days 18:00:00,282,17.25,-128.5,981.5,70.2
2026-07-12 06:00:00,7,46,2026-07-24 06:00:00,12 days 00:00:00,288,17.5,-129.75,981.7,70.0
2026-07-12 06:00:00,7,46,2026-07-24 12:00:00,12 days 06:00:00,294,17.75,-131.0,982.6,68.8
2026-07-12 06:00:00,7,46,2026-07-24 18:00:00,12 days 12:00:00,300,18.0,-132.25,983.6,67.6
2026-07-12 06:00:00,7,46,2026-07-25 00:00:00,12 days 18:00:00,306,18.13,-133.5,985.6,64.9
2026-07-12 06:00:00,7,46,2026-07-25 06:00:00,13 days 00:00:00,312,18.25,-134.75,987.6,62.2
2026-07-12 06:00:00,7,46,2026-07-25 12:00:00,13 days 06:00:00,318,18.51,-136.25,988.8,60.4
2026-07-12 06:00:00,7,46,2026-07-25 18:00:00,13 days 12:00:00,324,18.75,-137.75,990.1,58.6
2026-07-12 06:00:00,7,46,2026-07-26 00:00:00,13 days 18:00:00,330,18.88,-139.5,993.4,53.8
2026-07-12 06:00:00,7,46,2026-07-26 06:00:00,14 days 00:00:00,336,19.0,-141.25,996.6,48.9
2026-07-12 06:00:00,7,46,2026-07-26 12:00:00,14 days 06:00:00,342,19.26,-143.37,996.7,48.8
2026-07-12 06:00:00,7,46,2026-07-26 18:00:00,14 days 12:00:00,348,19.5,-145.5,996.8,48.7
2026-07-12 06:00:00,7,46,2026-07-27 00:00:00,14 days 18:00:00,354,19.88,-147.12,998.1,46.6
2026-07-12 06:00:00,7,46,2026-07-27 06:00:00,15 days 00:00:00,360,20.25,-148.75,999.5,44.5
2026-07-12 06:00:00,8,46,2026-07-20 06:00:00,8 days 00:00:00,192,24.75,169.0,1006.3,32.7
2026-07-12 06:00:00,8,46,2026-07-20 12:00:00,8 days 06:00:00,198,23.88,169.0,1005.3,34.5
2026-07-12 06:00:00,8,46,2026-07-20 18:00:00,8 days 12:00:00,204,23.0,169.0,1004.3,36.3
2026-07-12 06:00:00,8,46,2026-07-21 00:00:00,8 days 18:00:00,210,23.0,168.88,1003.3,38.1
2026-07-12 06:00:00,8,46,2026-07-21 06:00:00,9 days 00:00:00,216,23.0,168.75,1002.3,39.8
2026-07-12 06:00:00,8,46,2026-07-21 12:00:00,9 days 06:00:00,222,22.38,168.25,1002.9,38.7
2026-07-12 06:00:00,8,46,2026-07-21 18:00:00,9 days 12:00:00,228,21.75,167.75,1003.6,37.7
2026-07-12 06:00:00,8,46,2026-07-22 00:00:00,9 days 18:00:00,234,21.63,167.88,1003.2,38.2
2026-07-12 06:00:00,8,46,2026-07-22 06:00:00,10 days 00:00:00,240,21.5,168.0,1002.9,38.7
2026-07-12 06:00:00,8,46,2026-07-22 12:00:00,10 days 06:00:00,246,21.82,168.56,1003.0,38.6
2026-07-12 06:00:00,8,46,2026-07-22 18:00:00,10 days 12:00:00,252,22.13,169.12,1003.1,38.4
2026-07-12 06:00:00,8,46,2026-07-23 00:00:00,10 days 18:00:00,258,22.44,169.68,1003.2,38.3
2026-07-12 06:00:00,8,46,2026-07-23 06:00:00,11 days 00:00:00,264,22.75,170.25,1003.3,38.1
2026-07-12 06:00:00,9,46,2026-07-20 18:00:00,8 days 12:00:00,204,11.75,140.5,1003.6,37.6
2026-07-12 06:00:00,9,46,2026-07-21 00:00:00,8 days 18:00:00,210,12.63,139.88,1003.3,38.1
2026-07-12 06:00:00,9,46,2026-07-21 06:00:00,9 days 00:00:00,216,13.5,139.25,1003.0,38.6
2026-07-12 06:00:00,9,46,2026-07-21 12:00:00,9 days 06:00:00,222,13.43,144.75,1002.3,39.8
2026-07-12 06:00:00,9,46,2026-07-21 18:00:00,9 days 12:00:00,228,13.25,150.25,1001.6,41.1
2026-07-12 06:00:00,9,46,2026-07-22 00:00:00,9 days 18:00:00,234,13.63,149.63,1001.1,41.8
2026-07-12 06:00:00,9,46,2026-07-22 06:00:00,10 days 00:00:00,240,14.0,149.0,1000.7,42.6
2026-07-12 06:00:00,9,46,2026-07-22 12:00:00,10 days 06:00:00,246,15.0,149.12,998.9,45.3
2026-07-12 06:00:00,9,46,2026-07-22 18:00:00,10 days 12:00:00,252,16.0,149.25,997.2,48.1
2026-07-12 06:00:00,9,46,2026-07-23 00:00:00,10 days 18:00:00,258,16.38,148.25,994.5,52.2
2026-07-12 06:00:00,9,46,2026-07-23 06:00:00,11 days 00:00:00,264,16.75,147.25,991.7,56.3
2026-07-12 06:00:00,9,46,2026-07-23 12:00:00,11 days 06:00:00,270,17.13,146.13,989.4,59.5
2026-07-12 06:00:00,9,46,2026-07-23 18:00:00,11 days 12:00:00,276,17.5,145.0,987.1,62.8
2026-07-12 06:00:00,9,46,2026-07-24 00:00:00,11 days 18:00:00,282,18.0,144.38,984.1,66.8
2026-07-12 06:00:00,9,46,2026-07-24 06:00:00,12 days 00:00:00,288,18.5,143.75,981.1,70.8
2026-07-12 06:00:00,9,46,2026-07-24 12:00:00,12 days 06:00:00,294,18.88,143.0,976.1,77.1
2026-07-12 06:00:00,9,46,2026-07-24 18:00:00,12 days 12:00:00,300,19.25,142.25,971.0,83.4
2026-07-12 06:00:00,9,46,2026-07-25 00:00:00,12 days 18:00:00,306,19.75,141.38,968.1,86.9
2026-07-12 06:00:00,9,46,2026-07-25 06:00:00,13 days 00:00:00,312,20.25,140.5,965.1,90.4
2026-07-12 06:00:00,9,46,2026-07-25 12:00:00,13 days 06:00:00,318,20.25,139.63,963.1,92.7
2026-07-12 06:00:00,9,46,2026-07-25 18:00:00,13 days 12:00:00,324,20.25,138.75,961.0,95.1
2026-07-12 06:00:00,9,46,2026-07-26 00:00:00,13 days 18:00:00,330,20.63,138.13,957.5,99.0
2026-07-12 06:00:00,9,46,2026-07-26 06:00:00,14 days 00:00:00,336,21.0,137.5,953.9,103.0
2026-07-12 06:00:00,9,46,2026-07-26 12:00:00,14 days 06:00:00,342,21.13,136.63,948.7,108.5
2026-07-12 06:00:00,9,46,2026-07-26 18:00:00,14 days 12:00:00,348,21.25,135.75,943.5,114.1
2026-07-12 06:00:00,9,46,2026-07-27 00:00:00,14 days 18:00:00,354,21.38,135.0,944.5,113.0
2026-07-12 06:00:00,9,46,2026-07-27 06:00:00,15 days 00:00:00,360,21.5,134.25,945.5,112.0
2026-07-12 06:00:00,0,47,2026-07-12 06:00:00,0 days 00:00:00,0,31.25,118.75,986.3,63.8
2026-07-12 06:00:00,0,47,2026-07-12 12:00:00,0 days 06:00:00,6,32.25,118.63,987.2,62.7
2026-07-12 06:00:00,0,47,2026-07-12 18:00:00,0 days 12:00:00,12,33.25,118.5,988.0,61.5
2026-07-12 06:00:00,0,47,2026-07-13 00:00:00,0 days 18:00:00,18,33.5,118.25,989.1,60.0
2026-07-12 06:00:00,0,47,2026-07-13 06:00:00,1 days 00:00:00,24,33.75,118.0,990.2,58.4
2026-07-12 06:00:00,0,47,2026-07-13 12:00:00,1 days 06:00:00,30,34.5,118.74,990.9,57.5
2026-07-12 06:00:00,0,47,2026-07-13 18:00:00,1 days 12:00:00,36,35.25,119.5,991.5,56.6
2026-07-12 06:00:00,0,47,2026-07-14 00:00:00,1 days 18:00:00,42,35.88,120.62,992.1,55.8
2026-07-12 06:00:00,0,47,2026-07-14 06:00:00,2 days 00:00:00,48,36.5,121.75,992.6,54.9
2026-07-12 06:00:00,3,47,2026-07-12 06:00:00,0 days 00:00:00,0,-41.75,-140.0,971.7,82.5
2026-07-12 06:00:00,3,47,2026-07-12 12:00:00,0 days 06:00:00,6,-43.0,-139.76,970.9,83.5
2026-07-12 06:00:00,3,47,2026-07-12 18:00:00,0 days 12:00:00,12,-44.25,-139.5,970.1,84.5
2026-07-12 06:00:00,3,47,2026-07-13 00:00:00,0 days 18:00:00,18,-45.63,-140.11,971.7,82.6
2026-07-12 06:00:00,3,47,2026-07-13 06:00:00,1 days 00:00:00,24,-47.0,-140.75,973.2,80.7
2026-07-12 06:00:00,3,47,2026-07-13 12:00:00,1 days 06:00:00,30,-46.13,-141.51,975.9,77.4
2026-07-12 06:00:00,3,47,2026-07-13 18:00:00,1 days 12:00:00,36,-45.25,-142.25,978.6,74.0
2026-07-12 06:00:00,3,47,2026-07-14 00:00:00,1 days 18:00:00,42,-44.13,-143.14,980.0,72.2
2026-07-12 06:00:00,3,47,2026-07-14 06:00:00,2 days 00:00:00,48,-43.0,-144.0,981.4,70.3
2026-07-12 06:00:00,4,47,2026-07-12 06:00:00,0 days 00:00:00,0,-41.0,-92.75,973.3,80.6
2026-07-12 06:00:00,4,47,2026-07-12 12:00:00,0 days 06:00:00,6,-41.78,-90.16,974.0,79.7
2026-07-12 06:00:00,4,47,2026-07-12 18:00:00,0 days 12:00:00,12,-42.5,-87.5,974.8,78.8
2026-07-12 06:00:00,4,47,2026-07-13 00:00:00,0 days 18:00:00,18,-43.28,-84.78,976.5,76.7
2026-07-12 06:00:00,4,47,2026-07-13 06:00:00,1 days 00:00:00,24,-44.0,-82.0,978.2,74.5
2026-07-12 06:00:00,4,47,2026-07-13 12:00:00,1 days 06:00:00,30,-45.02,-80.03,980.8,71.2
2026-07-12 06:00:00,4,47,2026-07-13 18:00:00,1 days 12:00:00,36,-46.0,-78.0,983.4,67.8
2026-07-12 06:00:00,4,47,2026-07-14 00:00:00,1 days 18:00:00,42,-47.0,-77.51,986.4,63.7
2026-07-12 06:00:00,4,47,2026-07-14 06:00:00,2 days 00:00:00,48,-48.0,-77.0,989.3,59.7
2026-07-12 06:00:00,5,47,2026-07-19 18:00:00,7 days 12:00:00,180,11.5,-111.5,1008.3,28.9
2026-07-12 06:00:00,5,47,2026-07-20 00:00:00,7 days 18:00:00,186,12.5,-112.37,1008.1,29.2
2026-07-12 06:00:00,5,47,2026-07-20 06:00:00,8 days 00:00:00,192,13.5,-113.25,1008.0,29.6
2026-07-12 06:00:00,5,47,2026-07-20 12:00:00,8 days 06:00:00,198,14.38,-114.25,1007.0,31.4
2026-07-12 06:00:00,5,47,2026-07-20 18:00:00,8 days 12:00:00,204,15.25,-115.25,1006.0,33.3
2026-07-12 06:00:00,5,47,2026-07-21 00:00:00,8 days 18:00:00,210,16.01,-116.87,1004.7,35.6
2026-07-12 06:00:00,5,47,2026-07-21 06:00:00,9 days 00:00:00,216,16.75,-118.5,1003.5,37.8
2026-07-12 06:00:00,5,47,2026-07-21 12:00:00,9 days 06:00:00,222,16.75,-118.88,1002.4,39.7
2026-07-12 06:00:00,5,47,2026-07-21 18:00:00,9 days 12:00:00,228,16.75,-119.25,1001.3,41.5
2026-07-12 06:00:00,5,47,2026-07-22 00:00:00,9 days 18:00:00,234,17.13,-120.12,999.7,44.0
2026-07-12 06:00:00,5,47,2026-07-22 06:00:00,10 days 00:00:00,240,17.5,-121.0,998.1,46.6
2026-07-12 06:00:00,5,47,2026-07-22 12:00:00,10 days 06:00:00,246,17.75,-121.75,994.5,52.0
2026-07-12 06:00:00,5,47,2026-07-22 18:00:00,10 days 12:00:00,252,18.0,-122.5,990.9,57.4
2026-07-12 06:00:00,5,47,2026-07-23 00:00:00,10 days 18:00:00,258,18.0,-123.38,990.2,58.4
2026-07-12 06:00:00,5,47,2026-07-23 06:00:00,11 days 00:00:00,264,18.0,-124.25,989.5,59.5
2026-07-12 06:00:00,5,47,2026-07-23 12:00:00,11 days 06:00:00,270,18.13,-125.25,989.6,59.4
2026-07-12 06:00:00,5,47,2026-07-23 18:00:00,11 days 12:00:00,276,18.25,-126.25,989.6,59.3
2026-07-12 06:00:00,5,47,2026-07-24 00:00:00,11 days 18:00:00,282,18.5,-127.37,989.9,58.9
2026-07-12 06:00:00,5,47,2026-07-24 06:00:00,12 days 00:00:00,288,18.75,-128.5,990.1,58.6
2026-07-12 06:00:00,5,47,2026-07-24 12:00:00,12 days 06:00:00,294,18.76,-129.88,992.6,54.9
2026-07-12 06:00:00,5,47,2026-07-24 18:00:00,12 days 12:00:00,300,18.75,-131.25,995.2,51.2
2026-07-12 06:00:00,5,47,2026-07-25 00:00:00,12 days 18:00:00,306,19.01,-132.62,995.6,50.5
2026-07-12 06:00:00,5,47,2026-07-25 06:00:00,13 days 00:00:00,312,19.25,-134.0,996.1,49.8
2026-07-12 06:00:00,5,47,2026-07-25 12:00:00,13 days 06:00:00,318,19.63,-135.0,996.4,49.3
2026-07-12 06:00:00,5,47,2026-07-25 18:00:00,13 days 12:00:00,324,20.0,-136.0,996.7,48.8
2026-07-12 06:00:00,5,47,2026-07-26 00:00:00,13 days 18:00:00,330,20.26,-137.37,997.0,48.3
2026-07-12 06:00:00,5,47,2026-07-26 06:00:00,14 days 00:00:00,336,20.5,-138.75,997.3,47.9
2026-07-12 06:00:00,5,47,2026-07-26 12:00:00,14 days 06:00:00,342,20.88,-140.0,999.8,43.8
2026-07-12 06:00:00,5,47,2026-07-26 18:00:00,14 days 12:00:00,348,21.25,-141.25,1002.3,39.7
2026-07-12 06:00:00,5,47,2026-07-27 00:00:00,14 days 18:00:00,354,21.25,-142.12,1002.9,38.7
2026-07-12 06:00:00,5,47,2026-07-27 06:00:00,15 days 00:00:00,360,21.25,-143.0,1003.5,37.7
2026-07-12 06:00:00,6,47,2026-07-21 18:00:00,9 days 12:00:00,228,13.25,132.25,1002.0,40.3
2026-07-12 06:00:00,6,47,2026-07-22 00:00:00,9 days 18:00:00,234,13.25,131.12,1002.1,40.2
2026-07-12 06:00:00,6,47,2026-07-22 06:00:00,10 days 00:00:00,240,13.25,130.0,1002.1,40.1
2026-07-12 06:00:00,6,47,2026-07-22 12:00:00,10 days 06:00:00,246,13.51,128.38,1000.8,42.3
2026-07-12 06:00:00,6,47,2026-07-22 18:00:00,10 days 12:00:00,252,13.75,126.75,999.5,44.5
2026-07-12 06:00:00,6,47,2026-07-23 00:00:00,10 days 18:00:00,258,13.63,125.0,999.1,45.1
2026-07-12 06:00:00,6,47,2026-07-23 06:00:00,11 days 00:00:00,264,13.5,123.25,998.7,45.8
2026-07-12 06:00:00,6,47,2026-07-23 12:00:00,11 days 06:00:00,270,15.38,121.76,997.3,48.0
2026-07-12 06:00:00,6,47,2026-07-23 18:00:00,11 days 12:00:00,276,17.25,120.25,995.8,50.2
2026-07-12 06:00:00,6,47,2026-07-24 00:00:00,11 days 18:00:00,282,16.76,118.37,993.2,54.1
2026-07-12 06:00:00,6,47,2026-07-24 06:00:00,12 days 00:00:00,288,16.25,116.5,990.5,58.1
2026-07-12 06:00:00,6,47,2026-07-24 12:00:00,12 days 06:00:00,294,17.5,116.0,991.0,57.4
2026-07-12 06:00:00,6,47,2026-07-24 18:00:00,12 days 12:00:00,300,18.75,115.5,991.4,56.7
2026-07-12 06:00:00,6,47,2026-07-25 00:00:00,12 days 18:00:00,306,19.5,114.88,989.9,58.9
2026-07-12 06:00:00,6,47,2026-07-25 06:00:00,13 days 00:00:00,312,20.25,114.25,988.4,61.0
2026-07-12 06:00:00,6,47,2026-07-25 12:00:00,13 days 06:00:00,318,21.25,113.75,988.8,60.4
2026-07-12 06:00:00,6,47,2026-07-25 18:00:00,13 days 12:00:00,324,22.25,113.25,989.2,59.8
2026-07-12 06:00:00,0,48,2026-07-12 06:00:00,0 days 00:00:00,0,31.25,118.75,986.3,63.8
2026-07-12 06:00:00,0,48,2026-07-12 12:00:00,0 days 06:00:00,6,32.25,118.26,988.1,61.4
2026-07-12 06:00:00,0,48,2026-07-12 18:00:00,0 days 12:00:00,12,33.25,117.75,989.9,58.9
2026-07-12 06:00:00,0,48,2026-07-13 00:00:00,0 days 18:00:00,18,33.38,117.87,990.9,57.4
2026-07-12 06:00:00,0,48,2026-07-13 06:00:00,1 days 00:00:00,24,33.5,118.0,992.0,55.9
2026-07-12 06:00:00,0,48,2026-07-13 12:00:00,1 days 06:00:00,30,33.88,118.62,992.4,55.3
2026-07-12 06:00:00,0,48,2026-07-13 18:00:00,1 days 12:00:00,36,34.25,119.25,992.8,54.7
2026-07-12 06:00:00,0,48,2026-07-14 00:00:00,1 days 18:00:00,42,35.38,120.48,991.7,56.4
2026-07-12 06:00:00,0,48,2026-07-14 06:00:00,2 days 00:00:00,48,36.5,121.75,990.5,58.0
2026-07-12 06:00:00,0,48,2026-07-14 12:00:00,2 days 06:00:00,54,38.01,123.59,989.7,59.1
2026-07-12 06:00:00,0,48,2026-07-14 18:00:00,2 days 12:00:00,60,39.5,125.5,988.9,60.2
2026-07-12 06:00:00,0,48,2026-07-15 00:00:00,2 days 18:00:00,66,40.82,129.42,987.8,61.8
2026-07-12 06:00:00,0,48,2026-07-15 06:00:00,3 days 00:00:00,72,42.0,133.5,986.7,63.3
2026-07-12 06:00:00,0,48,2026-07-15 12:00:00,3 days 06:00:00,78,40.21,134.78,989.0,60.0
2026-07-12 06:00:00,0,48,2026-07-15 18:00:00,3 days 12:00:00,84,38.4,135.99,991.3,56.7
2026-07-12 06:00:00,0,48,2026-07-16 00:00:00,3 days 18:00:00,90,36.58,137.15,993.6,53.4
2026-07-12 06:00:00,0,48,2026-07-16 06:00:00,4 days 00:00:00,96,34.75,138.25,995.9,50.0
2026-07-12 06:00:00,3,48,2026-07-12 06:00:00,0 days 00:00:00,0,-41.75,-140.0,971.7,82.5
2026-07-12 06:00:00,3,48,2026-07-12 12:00:00,0 days 06:00:00,6,-43.25,-139.88,970.5,84.0
2026-07-12 06:00:00,3,48,2026-07-12 18:00:00,0 days 12:00:00,12,-44.75,-139.75,969.3,85.4
2026-07-12 06:00:00,3,48,2026-07-13 00:00:00,0 days 18:00:00,18,-45.75,-140.12,970.9,83.5
2026-07-12 06:00:00,3,48,2026-07-13 06:00:00,1 days 00:00:00,24,-46.75,-140.5,972.5,81.5
2026-07-12 06:00:00,3,48,2026-07-13 12:00:00,1 days 06:00:00,30,-46.13,-141.89,975.3,78.2
2026-07-12 06:00:00,3,48,2026-07-13 18:00:00,1 days 12:00:00,36,-45.5,-143.25,978.0,74.8
2026-07-12 06:00:00,4,48,2026-07-12 06:00:00,0 days 00:00:00,0,-41.0,-92.75,973.3,80.6
2026-07-12 06:00:00,4,48,2026-07-12 12:00:00,0 days 06:00:00,6,-42.03,-90.29,973.4,80.5
2026-07-12 06:00:00,4,48,2026-07-12 18:00:00,0 days 12:00:00,12,-43.0,-87.75,973.6,80.3
2026-07-12 06:00:00,4,48,2026-07-13 00:00:00,0 days 18:00:00,18,-43.53,-85.02,976.8,76.3
2026-07-12 06:00:00,4,48,2026-07-13 06:00:00,1 days 00:00:00,24,-44.0,-82.25,980.0,72.2
2026-07-12 06:00:00,4,48,2026-07-13 12:00:00,1 days 06:00:00,30,-45.02,-80.16,982.1,69.4
2026-07-12 06:00:00,4,48,2026-07-13 18:00:00,1 days 12:00:00,36,-46.0,-78.0,984.3,66.6
2026-07-12 06:00:00,5,48,2026-07-14 18:00:00,2 days 12:00:00,60,13.5,-109.75,1006.0,33.3
2026-07-12 06:00:00,5,48,2026-07-15 00:00:00,2 days 18:00:00,66,14.0,-110.87,1005.4,34.4
2026-07-12 06:00:00,5,48,2026-07-15 06:00:00,3 days 00:00:00,72,14.5,-112.0,1004.8,35.5
2026-07-12 06:00:00,5,48,2026-07-15 12:00:00,3 days 06:00:00,78,14.5,-113.25,1003.2,38.2
2026-07-12 06:00:00,5,48,2026-07-15 18:00:00,3 days 12:00:00,84,14.5,-114.5,1001.7,40.9
2026-07-12 06:00:00,5,48,2026-07-16 00:00:00,3 days 18:00:00,90,13.5,-116.01,1000.6,42.7
2026-07-12 06:00:00,5,48,2026-07-16 06:00:00,4 days 00:00:00,96,12.5,-117.5,999.5,44.5
2026-07-12 06:00:00,5,48,2026-07-16 12:00:00,4 days 06:00:00,102,13.63,-118.25,997.4,47.7
2026-07-12 06:00:00,5,48,2026-07-16 18:00:00,4 days 12:00:00,108,14.75,-119.0,995.4,50.9
2026-07-12 06:00:00,5,48,2026-07-17 00:00:00,4 days 18:00:00,114,15.25,-119.75,993.0,54.3
2026-07-12 06:00:00,5,48,2026-07-17 06:00:00,5 days 00:00:00,120,15.75,-120.5,990.7,57.8
2026-07-12 06:00:00,5,48,2026-07-17 12:00:00,5 days 06:00:00,126,16.13,-121.5,988.8,60.5
2026-07-12 06:00:00,5,48,2026-07-17 18:00:00,5 days 12:00:00,132,16.5,-122.5,986.8,63.2
2026-07-12 06:00:00,5,48,2026-07-18 00:00:00,5 days 18:00:00,138,17.13,-123.37,986.9,63.0
2026-07-12 06:00:00,5,48,2026-07-18 06:00:00,6 days 00:00:00,144,17.75,-124.25,987.1,62.8
2026-07-12 06:00:00,5,48,2026-07-18 12:00:00,6 days 06:00:00,150,18.38,-125.12,988.7,60.6
2026-07-12 06:00:00,5,48,2026-07-18 18:00:00,6 days 12:00:00,156,19.0,-126.0,990.3,58.3
2026-07-12 06:00:00,5,48,2026-07-19 00:00:00,6 days 18:00:00,162,19.38,-126.75,992.2,55.5
2026-07-12 06:00:00,5,48,2026-07-19 06:00:00,7 days 00:00:00,168,19.75,-127.5,994.1,52.7
2026-07-12 06:00:00,5,48,2026-07-19 12:00:00,7 days 06:00:00,174,20.63,-128.49,994.5,52.1
2026-07-12 06:00:00,5,48,2026-07-19 18:00:00,7 days 12:00:00,180,21.5,-129.5,994.9,51.5
2026-07-12 06:00:00,5,48,2026-07-20 00:00:00,7 days 18:00:00,186,21.88,-130.75,996.7,48.8
2026-07-12 06:00:00,5,48,2026-07-20 06:00:00,8 days 00:00:00,192,22.25,-132.0,998.5,46.0
2026-07-12 06:00:00,5,48,2026-07-20 12:00:00,8 days 06:00:00,198,22.25,-133.0,999.9,43.7
2026-07-12 06:00:00,5,48,2026-07-20 18:00:00,8 days 12:00:00,204,22.25,-134.0,1001.4,41.4
2026-07-12 06:00:00,5,48,2026-07-21 00:00:00,8 days 18:00:00,210,22.38,-134.75,1002.1,40.2
2026-07-12 06:00:00,5,48,2026-07-21 06:00:00,9 days 00:00:00,216,22.5,-135.5,1002.8,39.0
2026-07-12 06:00:00,5,48,2026-07-21 12:00:00,9 days 06:00:00,222,23.0,-136.37,1004.8,35.5
2026-07-12 06:00:00,5,48,2026-07-21 18:00:00,9 days 12:00:00,228,23.5,-137.25,1006.7,32.0
2026-07-12 06:00:00,6,48,2026-07-17 06:00:00,5 days 00:00:00,120,31.5,62.0,996.3,49.5
2026-07-12 06:00:00,6,48,2026-07-17 12:00:00,5 days 06:00:00,126,31.56,64.18,996.0,49.9
2026-07-12 06:00:00,6,48,2026-07-17 18:00:00,5 days 12:00:00,132,31.57,66.38,995.7,50.3
2026-07-12 06:00:00,6,48,2026-07-18 00:00:00,5 days 18:00:00,138,31.56,68.57,995.5,50.7
2026-07-12 06:00:00,6,48,2026-07-18 06:00:00,6 days 00:00:00,144,31.5,70.75,995.2,51.1
2026-07-12 06:00:00,6,48,2026-07-18 12:00:00,6 days 06:00:00,150,31.45,66.49,993.0,54.4
2026-07-12 06:00:00,6,48,2026-07-18 18:00:00,6 days 12:00:00,156,31.25,62.25,990.8,57.6
2026-07-12 06:00:00,6,48,2026-07-19 00:00:00,6 days 18:00:00,162,31.38,62.37,992.0,55.9
2026-07-12 06:00:00,6,48,2026-07-19 06:00:00,7 days 00:00:00,168,31.5,62.5,993.2,54.1
2026-07-12 06:00:00,6,48,2026-07-19 12:00:00,7 days 06:00:00,174,31.5,62.63,991.9,56.0
2026-07-12 06:00:00,6,48,2026-07-19 18:00:00,7 days 12:00:00,180,31.5,62.75,990.7,57.8
2026-07-12 06:00:00,6,48,2026-07-20 00:00:00,7 days 18:00:00,186,31.38,63.0,990.6,57.9
2026-07-12 06:00:00,6,48,2026-07-20 06:00:00,8 days 00:00:00,192,31.25,63.25,990.5,58.1
2026-07-12 06:00:00,6,48,2026-07-20 12:00:00,8 days 06:00:00,198,31.13,63.5,990.4,58.2
2026-07-12 06:00:00,6,48,2026-07-20 18:00:00,8 days 12:00:00,204,31.0,63.75,990.3,58.4
2026-07-12 06:00:00,6,48,2026-07-21 00:00:00,8 days 18:00:00,210,31.5,63.38,991.5,56.6
2026-07-12 06:00:00,6,48,2026-07-21 06:00:00,9 days 00:00:00,216,32.0,63.0,992.7,54.9
2026-07-12 06:00:00,6,48,2026-07-21 12:00:00,9 days 06:00:00,222,32.0,63.13,991.9,56.0
2026-07-12 06:00:00,6,48,2026-07-21 18:00:00,9 days 12:00:00,228,32.0,63.25,991.1,57.1
2026-07-12 06:00:00,7,48,2026-07-17 18:00:00,5 days 12:00:00,132,9.0,-105.25,1007.7,30.1
2026-07-12 06:00:00,7,48,2026-07-18 00:00:00,5 days 18:00:00,138,10.25,-105.5,1007.9,29.8
2026-07-12 06:00:00,7,48,2026-07-18 06:00:00,6 days 00:00:00,144,11.5,-105.75,1008.0,29.4
2026-07-12 06:00:00,7,48,2026-07-18 12:00:00,6 days 06:00:00,150,11.63,-106.87,1007.1,31.2
2026-07-12 06:00:00,7,48,2026-07-18 18:00:00,6 days 12:00:00,156,11.75,-108.0,1006.1,33.1
2026-07-12 06:00:00,7,48,2026-07-19 00:00:00,6 days 18:00:00,162,12.5,-108.25,1004.4,36.1
2026-07-12 06:00:00,7,48,2026-07-19 06:00:00,7 days 00:00:00,168,13.25,-108.5,1002.7,39.1
2026-07-12 06:00:00,7,48,2026-07-19 12:00:00,7 days 06:00:00,174,13.75,-109.62,1000.3,43.1
2026-07-12 06:00:00,7,48,2026-07-19 18:00:00,7 days 12:00:00,180,14.25,-110.75,997.9,47.0
2026-07-12 06:00:00,7,48,2026-07-20 00:00:00,7 days 18:00:00,186,14.88,-111.62,996.4,49.3
2026-07-12 06:00:00,7,48,2026-07-20 06:00:00,8 days 00:00:00,192,15.5,-112.5,994.9,51.5
2026-07-12 06:00:00,7,48,2026-07-20 12:00:00,8 days 06:00:00,198,16.25,-113.5,993.6,53.5
2026-07-12 06:00:00,7,48,2026-07-20 18:00:00,8 days 12:00:00,204,17.0,-114.5,992.3,55.4
2026-07-12 06:00:00,7,48,2026-07-21 00:00:00,8 days 18:00:00,210,17.5,-115.62,990.4,58.1
2026-07-12 06:00:00,7,48,2026-07-21 06:00:00,9 days 00:00:00,216,18.0,-116.75,988.6,60.7
2026-07-12 06:00:00,7,48,2026-07-21 12:00:00,9 days 06:00:00,222,18.5,-117.62,985.5,64.9
2026-07-12 06:00:00,7,48,2026-07-21 18:00:00,9 days 12:00:00,228,19.0,-118.5,982.4,69.0
2026-07-12 06:00:00,7,48,2026-07-22 00:00:00,9 days 18:00:00,234,19.5,-119.75,984.0,67.0
2026-07-12 06:00:00,7,48,2026-07-22 06:00:00,10 days 00:00:00,240,20.0,-121.0,985.5,65.0
2026-07-12 06:00:00,7,48,2026-07-22 12:00:00,10 days 06:00:00,246,20.13,-122.12,985.6,64.9
2026-07-12 06:00:00,7,48,2026-07-22 18:00:00,10 days 12:00:00,252,20.25,-123.25,985.7,64.8
2026-07-12 06:00:00,7,48,2026-07-23 00:00:00,10 days 18:00:00,258,20.5,-124.37,989.5,59.3
2026-07-12 06:00:00,7,48,2026-07-23 06:00:00,11 days 00:00:00,264,20.75,-125.5,993.3,53.9
2026-07-12 06:00:00,7,48,2026-07-23 12:00:00,11 days 06:00:00,270,20.76,-126.88,994.3,52.4
2026-07-12 06:00:00,7,48,2026-07-23 18:00:00,11 days 12:00:00,276,20.75,-128.25,995.3,50.9
2026-07-12 06:00:00,7,48,2026-07-24 00:00:00,11 days 18:00:00,282,20.76,-129.75,997.2,48.1
2026-07-12 06:00:00,7,48,2026-07-24 06:00:00,12 days 00:00:00,288,20.75,-131.25,999.0,45.3
2026-07-12 06:00:00,7,48,2026-07-24 12:00:00,12 days 06:00:00,294,20.75,-132.5,1000.3,43.1
2026-07-12 06:00:00,7,48,2026-07-24 18:00:00,12 days 12:00:00,300,20.75,-133.75,1001.7,40.8
2026-07-12 06:00:00,7,48,2026-07-25 00:00:00,12 days 18:00:00,306,20.89,-135.62,1003.6,37.5
2026-07-12 06:00:00,7,48,2026-07-25 06:00:00,13 days 00:00:00,312,21.0,-137.5,1005.5,34.1
2026-07-12 06:00:00,7,48,2026-07-25 12:00:00,13 days 06:00:00,318,21.14,-139.37,1005.4,34.5
2026-07-12 06:00:00,7,48,2026-07-25 18:00:00,13 days 12:00:00,324,21.25,-141.25,1005.2,34.8
2026-07-12 06:00:00,7,48,2026-07-26 00:00:00,13 days 18:00:00,330,21.38,-142.87,1006.0,33.2
2026-07-12 06:00:00,7,48,2026-07-26 06:00:00,14 days 00:00:00,336,21.5,-144.5,1006.9,31.6
2026-07-12 06:00:00,7,48,2026-07-26 12:00:00,14 days 06:00:00,342,22.0,-145.75,1006.6,32.3
2026-07-12 06:00:00,7,48,2026-07-26 18:00:00,14 days 12:00:00,348,22.5,-147.0,1006.2,32.9
2026-07-12 06:00:00,7,48,2026-07-27 00:00:00,14 days 18:00:00,354,22.5,-148.13,1005.6,33.9
2026-07-12 06:00:00,7,48,2026-07-27 06:00:00,15 days 00:00:00,360,22.5,-149.25,1005.1,35.0
2026-07-12 06:00:00,8,48,2026-07-22 06:00:00,10 days 00:00:00,240,21.75,162.25,1003.3,38.1
2026-07-12 06:00:00,8,48,2026-07-22 12:00:00,10 days 06:00:00,246,22.5,162.87,1002.1,40.1
2026-07-12 06:00:00,8,48,2026-07-22 18:00:00,10 days 12:00:00,252,23.25,163.5,1000.9,42.2
2026-07-12 06:00:00,8,48,2026-07-23 00:00:00,10 days 18:00:00,258,24.25,163.5,997.5,47.5
2026-07-12 06:00:00,8,48,2026-07-23 06:00:00,11 days 00:00:00,264,25.25,163.5,994.0,52.9
2026-07-12 06:00:00,8,48,2026-07-23 12:00:00,11 days 06:00:00,270,25.88,164.12,994.2,52.7
2026-07-12 06:00:00,8,48,2026-07-23 18:00:00,11 days 12:00:00,276,26.5,164.75,994.3,52.5
2026-07-12 06:00:00,8,48,2026-07-24 00:00:00,11 days 18:00:00,282,27.13,164.87,992.9,54.6
2026-07-12 06:00:00,8,48,2026-07-24 06:00:00,12 days 00:00:00,288,27.75,165.0,991.4,56.7
2026-07-12 06:00:00,8,48,2026-07-24 12:00:00,12 days 06:00:00,294,28.0,165.37,990.2,58.4
2026-07-12 06:00:00,8,48,2026-07-24 18:00:00,12 days 12:00:00,300,28.25,165.75,989.0,60.1
2026-07-12 06:00:00,8,48,2026-07-25 00:00:00,12 days 18:00:00,306,28.5,166.25,988.5,60.9
2026-07-12 06:00:00,8,48,2026-07-25 06:00:00,13 days 00:00:00,312,28.75,166.75,987.9,61.7
2026-07-12 06:00:00,8,48,2026-07-25 12:00:00,13 days 06:00:00,318,29.25,166.75,987.4,62.4
2026-07-12 06:00:00,8,48,2026-07-25 18:00:00,13 days 12:00:00,324,29.75,166.75,986.8,63.2
2026-07-12 06:00:00,8,48,2026-07-26 00:00:00,13 days 18:00:00,330,30.63,165.88,986.6,63.5
2026-07-12 06:00:00,8,48,2026-07-26 06:00:00,14 days 00:00:00,336,31.5,165.0,986.3,63.8
2026-07-12 06:00:00,8,48,2026-07-26 12:00:00,14 days 06:00:00,342,32.38,163.89,987.4,62.4
2026-07-12 06:00:00,8,48,2026-07-26 18:00:00,14 days 12:00:00,348,33.25,162.75,988.4,60.9
2026-07-12 06:00:00,8,48,2026-07-27 00:00:00,14 days 18:00:00,354,33.38,161.88,989.9,58.9
2026-07-12 06:00:00,8,48,2026-07-27 06:00:00,15 days 00:00:00,360,33.5,161.0,991.3,56.9
2026-07-12 06:00:00,9,48,2026-07-23 06:00:00,11 days 00:00:00,264,11.0,-94.75,1007.7,30.0
2026-07-12 06:00:00,9,48,2026-07-23 12:00:00,11 days 06:00:00,270,11.88,-95.5,1007.1,31.3
2026-07-12 06:00:00,9,48,2026-07-23 18:00:00,11 days 12:00:00,276,12.75,-96.25,1006.4,32.6
2026-07-12 06:00:00,9,48,2026-07-24 00:00:00,11 days 18:00:00,282,13.0,-97.5,1004.4,36.1
2026-07-12 06:00:00,9,48,2026-07-24 06:00:00,12 days 00:00:00,288,13.25,-98.75,1002.4,39.6
2026-07-12 06:00:00,9,48,2026-07-24 12:00:00,12 days 06:00:00,294,13.38,-99.62,998.3,46.1
2026-07-12 06:00:00,9,48,2026-07-24 18:00:00,12 days 12:00:00,300,13.5,-100.5,994.2,52.7
2026-07-12 06:00:00,9,48,2026-07-25 00:00:00,12 days 18:00:00,306,13.88,-101.25,993.1,54.2
2026-07-12 06:00:00,9,48,2026-07-25 06:00:00,13 days 00:00:00,312,14.25,-102.0,992.1,55.8
2026-07-12 06:00:00,9,48,2026-07-25 12:00:00,13 days 06:00:00,318,14.88,-102.87,990.9,57.5
2026-07-12 06:00:00,9,48,2026-07-25 18:00:00,13 days 12:00:00,324,15.5,-103.75,989.7,59.2
2026-07-12 06:00:00,9,48,2026-07-26 00:00:00,13 days 18:00:00,330,16.13,-105.12,986.5,63.5
2026-07-12 06:00:00,9,48,2026-07-26 06:00:00,14 days 00:00:00,336,16.75,-106.5,983.3,67.9
2026-07-12 06:00:00,9,48,2026-07-26 12:00:00,14 days 06:00:00,342,17.5,-107.87,983.6,67.5
2026-07-12 06:00:00,9,48,2026-07-26 18:00:00,14 days 12:00:00,348,18.25,-109.25,983.9,67.1
2026-07-12 06:00:00,9,48,2026-07-27 00:00:00,14 days 18:00:00,354,18.75,-110.25,982.1,69.4
2026-07-12 06:00:00,9,48,2026-07-27 06:00:00,15 days 00:00:00,360,19.25,-111.25,980.4,71.7
2026-07-12 06:00:00,0,49,2026-07-12 06:00:00,0 days 00:00:00,0,31.25,118.75,986.3,63.8
2026-07-12 06:00:00,0,49,2026-07-12 12:00:00,0 days 06:00:00,6,32.25,118.5,988.7,60.6
2026-07-12 06:00:00,0,49,2026-07-12 18:00:00,0 days 12:00:00,12,33.25,118.25,991.0,57.3
2026-07-12 06:00:00,0,49,2026-07-13 00:00:00,0 days 18:00:00,18,33.75,118.5,991.7,56.2
2026-07-12 06:00:00,0,49,2026-07-13 06:00:00,1 days 00:00:00,24,34.25,118.75,992.5,55.2
2026-07-12 06:00:00,0,49,2026-07-13 12:00:00,1 days 06:00:00,30,34.75,119.25,993.3,53.9
2026-07-12 06:00:00,0,49,2026-07-13 18:00:00,1 days 12:00:00,36,35.25,119.75,994.2,52.6
2026-07-12 06:00:00,0,49,2026-07-14 00:00:00,1 days 18:00:00,42,36.51,120.98,993.8,53.3
2026-07-12 06:00:00,0,49,2026-07-14 06:00:00,2 days 00:00:00,48,37.75,122.25,993.4,53.9
2026-07-12 06:00:00,3,49,2026-07-12 06:00:00,0 days 00:00:00,0,-41.75,-140.0,971.7,82.5
2026-07-12 06:00:00,3,49,2026-07-12 12:00:00,0 days 06:00:00,6,-43.38,-139.88,971.7,82.5
2026-07-12 06:00:00,3,49,2026-07-12 18:00:00,0 days 12:00:00,12,-45.0,-139.75,971.7,82.6
2026-07-12 06:00:00,3,49,2026-07-13 00:00:00,0 days 18:00:00,18,-45.88,-140.24,972.7,81.4
2026-07-12 06:00:00,3,49,2026-07-13 06:00:00,1 days 00:00:00,24,-46.75,-140.75,973.6,80.2
2026-07-12 06:00:00,3,49,2026-07-13 12:00:00,1 days 06:00:00,30,-45.76,-141.9,975.9,77.4
2026-07-12 06:00:00,3,49,2026-07-13 18:00:00,1 days 12:00:00,36,-44.75,-143.0,978.2,74.6
2026-07-12 06:00:00,3,49,2026-07-14 00:00:00,1 days 18:00:00,42,-43.13,-143.9,979.8,72.5
2026-07-12 06:00:00,3,49,2026-07-14 06:00:00,2 days 00:00:00,48,-41.5,-144.75,981.4,70.3
2026-07-12 06:00:00,3,49,2026-07-14 12:00:00,2 days 06:00:00,54,-41.01,-143.62,982.3,69.3
2026-07-12 06:00:00,3,49,2026-07-14 18:00:00,2 days 12:00:00,60,-40.5,-142.5,983.1,68.2
2026-07-12 06:00:00,3,49,2026-07-15 00:00:00,2 days 18:00:00,66,-40.63,-142.56,983.5,67.6
2026-07-12 06:00:00,3,49,2026-07-15 06:00:00,3 days 00:00:00,72,-40.75,-142.62,984.0,67.0
2026-07-12 06:00:00,3,49,2026-07-15 12:00:00,3 days 06:00:00,78,-40.88,-142.69,984.4,66.5
2026-07-12 06:00:00,3,49,2026-07-15 18:00:00,3 days 12:00:00,84,-41.0,-142.75,984.8,65.9
2026-07-12 06:00:00,3,49,2026-07-16 00:00:00,3 days 18:00:00,90,-41.25,-143.12,984.9,65.8
2026-07-12 06:00:00,3,49,2026-07-16 06:00:00,4 days 00:00:00,96,-41.5,-143.5,984.9,65.8
2026-07-12 06:00:00,3,49,2026-07-16 12:00:00,4 days 06:00:00,102,-42.13,-144.12,985.2,65.4
2026-07-12 06:00:00,3,49,2026-07-16 18:00:00,4 days 12:00:00,108,-42.75,-144.75,985.5,65.0
2026-07-12 06:00:00,4,49,2026-07-12 06:00:00,0 days 00:00:00,0,-41.0,-92.75,973.3,80.6
2026-07-12 06:00:00,4,49,2026-07-12 12:00:00,0 days 06:00:00,6,-41.9,-90.16,972.9,81.2
2026-07-12 06:00:00,4,49,2026-07-12 18:00:00,0 days 12:00:00,12,-42.75,-87.5,972.4,81.7
2026-07-12 06:00:00,4,49,2026-07-13 00:00:00,0 days 18:00:00,18,-43.52,-85.15,974.1,79.6
2026-07-12 06:00:00,4,49,2026-07-13 06:00:00,1 days 00:00:00,24,-44.25,-82.75,975.9,77.4
2026-07-12 06:00:00,4,49,2026-07-13 12:00:00,1 days 06:00:00,30,-45.01,-81.02,979.3,73.0
2026-07-12 06:00:00,4,49,2026-07-13 18:00:00,1 days 12:00:00,36,-45.75,-79.25,982.8,68.6
2026-07-12 06:00:00,4,49,2026-07-14 00:00:00,1 days 18:00:00,42,-46.25,-78.75,986.1,64.1
2026-07-12 06:00:00,4,49,2026-07-14 06:00:00,2 days 00:00:00,48,-46.75,-78.25,989.4,59.6
2026-07-12 06:00:00,5,49,2026-07-14 06:00:00,2 days 00:00:00,48,-31.5,-68.75,1006.2,32.9
2026-07-12 06:00:00,5,49,2026-07-14 12:00:00,2 days 06:00:00,54,-30.56,-68.36,1005.1,34.9
2026-07-12 06:00:00,5,49,2026-07-14 18:00:00,2 days 12:00:00,60,-29.63,-67.99,1003.9,37.0
2026-07-12 06:00:00,5,49,2026-07-15 00:00:00,2 days 18:00:00,66,-28.69,-67.61,1002.8,39.0
2026-07-12 06:00:00,5,49,2026-07-15 06:00:00,3 days 00:00:00,72,-27.75,-67.25,1001.6,41.0
2026-07-12 06:00:00,5,49,2026-07-15 12:00:00,3 days 06:00:00,78,-27.5,-67.0,999.5,44.4
2026-07-12 06:00:00,5,49,2026-07-15 18:00:00,3 days 12:00:00,84,-27.25,-66.75,997.4,47.7
2026-07-12 06:00:00,5,49,2026-07-16 00:00:00,3 days 18:00:00,90,-28.0,-66.93,995.6,50.4
2026-07-12 06:00:00,5,49,2026-07-16 06:00:00,4 days 00:00:00,96,-28.75,-67.12,993.8,53.1
2026-07-12 06:00:00,5,49,2026-07-16 12:00:00,4 days 06:00:00,102,-29.5,-67.31,992.0,55.8
2026-07-12 06:00:00,5,49,2026-07-16 18:00:00,4 days 12:00:00,108,-30.25,-67.5,990.2,58.4
2026-07-12 06:00:00,5,49,2026-07-17 00:00:00,4 days 18:00:00,114,-28.75,-66.36,990.3,58.4
2026-07-12 06:00:00,5,49,2026-07-17 06:00:00,5 days 00:00:00,120,-27.25,-65.25,990.3,58.3
2026-07-12 06:00:00,5,49,2026-07-17 12:00:00,5 days 06:00:00,126,-27.75,-65.8,992.4,55.2
2026-07-12 06:00:00,5,49,2026-07-17 18:00:00,5 days 12:00:00,132,-28.25,-66.36,994.4,52.1
2026-07-12 06:00:00,5,49,2026-07-18 00:00:00,5 days 18:00:00,138,-28.75,-66.93,996.5,49.0
2026-07-12 06:00:00,5,49,2026-07-18 06:00:00,6 days 00:00:00,144,-29.25,-67.5,998.6,45.9
2026-07-12 06:00:00,5,49,2026-07-18 12:00:00,6 days 06:00:00,150,-32.78,-70.26,994.5,52.0
2026-07-12 06:00:00,5,49,2026-07-18 18:00:00,6 days 12:00:00,156,-36.25,-73.25,990.4,58.2
2026-07-12 06:00:00,5,49,2026-07-19 00:00:00,6 days 18:00:00,162,-34.16,-71.64,990.8,57.6
2026-07-12 06:00:00,5,49,2026-07-19 06:00:00,7 days 00:00:00,168,-32.04,-70.11,991.3,56.9
2026-07-12 06:00:00,5,49,2026-07-19 12:00:00,7 days 06:00:00,174,-29.9,-68.65,991.7,56.3
2026-07-12 06:00:00,5,49,2026-07-19 18:00:00,7 days 12:00:00,180,-27.75,-67.25,992.1,55.7
2026-07-12 06:00:00,5,49,2026-07-20 00:00:00,7 days 18:00:00,186,-27.25,-66.5,991.7,56.3
2026-07-12 06:00:00,5,49,2026-07-20 06:00:00,8 days 00:00:00,192,-26.75,-65.75,991.3,56.8
2026-07-12 06:00:00,5,49,2026-07-20 12:00:00,8 days 06:00:00,198,-23.88,-64.86,990.9,57.5
2026-07-12 06:00:00,5,49,2026-07-20 18:00:00,8 days 12:00:00,204,-21.0,-64.0,990.4,58.1
2026-07-12 06:00:00,5,49,2026-07-21 00:00:00,8 days 18:00:00,210,-21.19,-64.19,992.2,55.6
2026-07-12 06:00:00,5,49,2026-07-21 06:00:00,9 days 00:00:00,216,-21.38,-64.37,993.9,53.0
2026-07-12 06:00:00,5,49,2026-07-21 12:00:00,9 days 06:00:00,222,-21.56,-64.56,995.6,50.4
2026-07-12 06:00:00,5,49,2026-07-21 18:00:00,9 days 12:00:00,228,-21.75,-64.75,997.3,47.9
2026-07-12 06:00:00,6,49,2026-07-16 18:00:00,4 days 12:00:00,108,15.75,-118.25,1000.3,43.2
2026-07-12 06:00:00,6,49,2026-07-17 00:00:00,4 days 18:00:00,114,16.38,-118.62,998.5,46.1
2026-07-12 06:00:00,6,49,2026-07-17 06:00:00,5 days 00:00:00,120,17.0,-119.0,996.7,48.9
2026-07-12 06:00:00,6,49,2026-07-17 12:00:00,5 days 06:00:00,126,17.75,-119.62,997.2,48.1
2026-07-12 06:00:00,6,49,2026-07-17 18:00:00,5 days 12:00:00,132,18.5,-120.25,997.7,47.3
2026-07-12 06:00:00,6,49,2026-07-18 00:00:00,5 days 18:00:00,138,19.13,-120.62,998.7,45.8
2026-07-12 06:00:00,6,49,2026-07-18 06:00:00,6 days 00:00:00,144,19.75,-121.0,999.6,44.2
2026-07-12 06:00:00,6,49,2026-07-18 12:00:00,6 days 06:00:00,150,20.38,-122.0,999.0,45.3
2026-07-12 06:00:00,6,49,2026-07-18 18:00:00,6 days 12:00:00,156,21.0,-123.0,998.3,46.3
2026-07-12 06:00:00,6,49,2026-07-19 00:00:00,6 days 18:00:00,162,21.5,-123.37,999.5,44.4
2026-07-12 06:00:00,6,49,2026-07-19 06:00:00,7 days 00:00:00,168,22.0,-123.75,1000.7,42.5
2026-07-12 06:00:00,6,49,2026-07-19 12:00:00,7 days 06:00:00,174,22.63,-124.25,1001.3,41.5
2026-07-12 06:00:00,6,49,2026-07-19 18:00:00,7 days 12:00:00,180,23.25,-124.75,1001.9,40.5
2026-07-12 06:00:00,6,49,2026-07-20 00:00:00,7 days 18:00:00,186,21.55,-122.49,1000.6,42.6
2026-07-12 06:00:00,6,49,2026-07-20 06:00:00,8 days 00:00:00,192,19.8,-120.28,999.2,44.8
2026-07-12 06:00:00,6,49,2026-07-20 12:00:00,8 days 06:00:00,198,18.03,-118.11,997.8,47.0
2026-07-12 06:00:00,6,49,2026-07-20 18:00:00,8 days 12:00:00,204,16.25,-116.0,996.5,49.2
2026-07-12 06:00:00,6,49,2026-07-21 00:00:00,8 days 18:00:00,210,17.13,-117.0,997.8,47.1
2026-07-12 06:00:00,6,49,2026-07-21 06:00:00,9 days 00:00:00,216,18.0,-118.0,999.1,45.0
2026-07-12 06:00:00,6,49,2026-07-21 12:00:00,9 days 06:00:00,222,18.38,-118.62,998.4,46.2
2026-07-12 06:00:00,6,49,2026-07-21 18:00:00,9 days 12:00:00,228,18.75,-119.25,997.6,47.4
2026-07-12 06:00:00,6,49,2026-07-22 00:00:00,9 days 18:00:00,234,19.5,-119.87,996.1,49.7
2026-07-12 06:00:00,6,49,2026-07-22 06:00:00,10 days 00:00:00,240,20.25,-120.5,994.6,52.0
2026-07-12 06:00:00,6,49,2026-07-22 12:00:00,10 days 06:00:00,246,20.5,-121.5,995.2,51.1
2026-07-12 06:00:00,6,49,2026-07-22 18:00:00,10 days 12:00:00,252,20.75,-122.5,995.8,50.2
2026-07-12 06:00:00,6,49,2026-07-23 00:00:00,10 days 18:00:00,258,20.88,-123.5,996.4,49.3
2026-07-12 06:00:00,6,49,2026-07-23 06:00:00,11 days 00:00:00,264,21.0,-124.5,997.0,48.4
2026-07-12 06:00:00,6,49,2026-07-23 12:00:00,11 days 06:00:00,270,21.25,-125.75,998.8,45.6
2026-07-12 06:00:00,6,49,2026-07-23 18:00:00,11 days 12:00:00,276,21.5,-127.0,1000.6,42.7
2026-07-12 06:00:00,6,49,2026-07-24 00:00:00,11 days 18:00:00,282,21.13,-128.25,1001.7,40.8
2026-07-12 06:00:00,6,49,2026-07-24 06:00:00,12 days 00:00:00,288,20.75,-129.5,1002.9,38.8
2026-07-12 06:00:00,6,49,2026-07-24 12:00:00,12 days 06:00:00,294,20.38,-131.25,1003.4,38.0
2026-07-12 06:00:00,6,49,2026-07-24 18:00:00,12 days 12:00:00,300,20.0,-133.0,1003.8,37.2
2026-07-12 06:00:00,6,49,2026-07-25 00:00:00,12 days 18:00:00,306,19.88,-133.88,1004.9,35.3
2026-07-12 06:00:00,6,49,2026-07-25 06:00:00,13 days 00:00:00,312,19.75,-134.75,1005.9,33.4
2026-07-12 06:00:00,6,49,2026-07-25 12:00:00,13 days 06:00:00,318,19.63,-136.13,1005.9,33.5
2026-07-12 06:00:00,6,49,2026-07-25 18:00:00,13 days 12:00:00,324,19.5,-137.5,1005.8,33.6
2026-07-12 06:00:00,6,49,2026-07-26 00:00:00,13 days 18:00:00,330,19.51,-138.88,1006.1,33.2
2026-07-12 06:00:00,6,49,2026-07-26 06:00:00,14 days 00:00:00,336,19.5,-140.25,1006.3,32.7
2026-07-12 06:00:00,7,49,2026-07-17 06:00:00,5 days 00:00:00,120,9.0,-104.75,1007.7,30.0
2026-07-12 06:00:00,7,49,2026-07-17 12:00:00,5 days 06:00:00,126,9.75,-105.37,1007.5,30.4
2026-07-12 06:00:00,7,49,2026-07-17 18:00:00,5 days 12:00:00,132,10.5,-106.0,1007.4,30.8
2026-07-12 06:00:00,7,49,2026-07-18 00:00:00,5 days 18:00:00,138,10.38,-106.88,1004.8,35.3
2026-07-12 06:00:00,7,49,2026-07-18 06:00:00,6 days 00:00:00,144,10.25,-107.75,1002.3,39.9
2026-07-12 06:00:00,7,49,2026-07-18 12:00:00,6 days 06:00:00,150,10.38,-108.37,1002.6,39.4
2026-07-12 06:00:00,7,49,2026-07-18 18:00:00,6 days 12:00:00,156,10.5,-109.0,1002.9,38.8
2026-07-12 06:00:00,7,49,2026-07-19 00:00:00,6 days 18:00:00,162,11.0,-109.75,1000.6,42.6
2026-07-12 06:00:00,7,49,2026-07-19 06:00:00,7 days 00:00:00,168,11.5,-110.5,998.2,46.4
2026-07-12 06:00:00,7,49,2026-07-19 12:00:00,7 days 06:00:00,174,12.0,-111.5,996.4,49.3
2026-07-12 06:00:00,7,49,2026-07-19 18:00:00,7 days 12:00:00,180,12.5,-112.5,994.6,52.1
2026-07-12 06:00:00,7,49,2026-07-20 00:00:00,7 days 18:00:00,186,13.38,-113.37,994.6,52.0
2026-07-12 06:00:00,7,49,2026-07-20 06:00:00,8 days 00:00:00,192,14.25,-114.25,994.7,51.9
2026-07-12 06:00:00,7,49,2026-07-20 12:00:00,8 days 06:00:00,198,15.25,-115.12,995.6,50.6
2026-07-12 06:00:00,7,49,2026-07-20 18:00:00,8 days 12:00:00,204,16.25,-116.0,996.5,49.2
2026-07-12 06:00:00,8,49,2026-07-22 18:00:00,10 days 12:00:00,252,14.5,139.5,1001.6,41.0
2026-07-12 06:00:00,8,49,2026-07-23 00:00:00,10 days 18:00:00,258,14.88,139.13,1000.0,43.6
2026-07-12 06:00:00,8,49,2026-07-23 06:00:00,11 days 00:00:00,264,15.25,138.75,998.4,46.1
2026-07-12 06:00:00,8,49,2026-07-23 12:00:00,11 days 06:00:00,270,15.75,138.13,996.3,49.4
2026-07-12 06:00:00,8,49,2026-07-23 18:00:00,11 days 12:00:00,276,16.25,137.5,994.2,52.6
2026-07-12 06:00:00,8,49,2026-07-24 00:00:00,11 days 18:00:00,282,16.51,136.0,993.9,53.1
2026-07-12 06:00:00,8,49,2026-07-24 06:00:00,12 days 00:00:00,288,16.75,134.5,993.6,53.5
2026-07-12 06:00:00,8,49,2026-07-24 12:00:00,12 days 06:00:00,294,17.88,133.75,992.0,55.8
2026-07-12 06:00:00,8,49,2026-07-24 18:00:00,12 days 12:00:00,300,19.0,133.0,990.4,58.2
2026-07-12 06:00:00,8,49,2026-07-25 00:00:00,12 days 18:00:00,306,19.63,131.88,989.4,59.6
2026-07-12 06:00:00,8,49,2026-07-25 06:00:00,13 days 00:00:00,312,20.25,130.75,988.4,61.1
2026-07-12 06:00:00,8,49,2026-07-25 12:00:00,13 days 06:00:00,318,21.13,129.63,985.6,64.8
2026-07-12 06:00:00,8,49,2026-07-25 18:00:00,13 days 12:00:00,324,22.0,128.5,982.8,68.5
2026-07-12 06:00:00,8,49,2026-07-26 00:00:00,13 days 18:00:00,330,22.63,127.88,979.6,72.7
2026-07-12 06:00:00,8,49,2026-07-26 06:00:00,14 days 00:00:00,336,23.25,127.25,976.3,76.9
2026-07-12 06:00:00,8,49,2026-07-26 12:00:00,14 days 06:00:00,342,24.5,127.0,970.7,83.7
2026-07-12 06:00:00,8,49,2026-07-26 18:00:00,14 days 12:00:00,348,25.75,126.75,965.0,90.5
2026-07-12 06:00:00,8,49,2026-07-27 00:00:00,14 days 18:00:00,354,26.5,126.87,963.0,92.8
2026-07-12 06:00:00,8,49,2026-07-27 06:00:00,15 days 00:00:00,360,27.25,127.0,960.9,95.2
2026-07-12 06:00:00,0,5,2026-07-12 06:00:00,0 days 00:00:00,0,31.25,118.75,986.3,63.8
2026-07-12 06:00:00,0,5,2026-07-12 12:00:00,0 days 06:00:00,6,32.13,118.25,987.9,61.7
2026-07-12 06:00:00,0,5,2026-07-12 18:00:00,0 days 12:00:00,12,33.0,117.75,989.5,59.5
2026-07-12 06:00:00,0,5,2026-07-13 00:00:00,0 days 18:00:00,18,33.5,118.0,990.4,58.2
2026-07-12 06:00:00,0,5,2026-07-13 06:00:00,1 days 00:00:00,24,34.0,118.25,991.3,56.9
2026-07-12 06:00:00,0,5,2026-07-13 12:00:00,1 days 06:00:00,30,34.63,118.99,992.3,55.4
2026-07-12 06:00:00,0,5,2026-07-13 18:00:00,1 days 12:00:00,36,35.25,119.75,993.3,53.9
2026-07-12 06:00:00,0,5,2026-07-14 00:00:00,1 days 18:00:00,42,36.63,120.61,994.0,53.0
2026-07-12 06:00:00,0,5,2026-07-14 06:00:00,2 days 00:00:00,48,38.0,121.5,994.6,52.0
2026-07-12 06:00:00,0,5,2026-07-14 12:00:00,2 days 06:00:00,54,38.79,124.47,994.0,52.9
2026-07-12 06:00:00,0,5,2026-07-14 18:00:00,2 days 12:00:00,60,39.5,127.5,993.4,53.8
2026-07-12 06:00:00,3,5,2026-07-12 06:00:00,0 days 00:00:00,0,-41.75,-140.0,971.7,82.5
2026-07-12 06:00:00,3,5,2026-07-12 12:00:00,0 days 06:00:00,6,-43.25,-139.88,970.0,84.6
2026-07-12 06:00:00,3,5,2026-07-12 18:00:00,0 days 12:00:00,12,-44.75,-139.75,968.3,86.6
2026-07-12 06:00:00,3,5,2026-07-13 00:00:00,0 days 18:00:00,18,-45.88,-139.99,970.3,84.2
2026-07-12 06:00:00,3,5,2026-07-13 06:00:00,1 days 00:00:00,24,-47.0,-140.25,972.3,81.8
2026-07-12 06:00:00,3,5,2026-07-13 12:00:00,1 days 06:00:00,30,-46.38,-141.26,975.1,78.4
2026-07-12 06:00:00,3,5,2026-07-13 18:00:00,1 days 12:00:00,36,-45.75,-142.25,977.9,74.9
2026-07-12 06:00:00,4,5,2026-07-12 06:00:00,0 days 00:00:00,0,-41.0,-92.75,973.3,80.6
2026-07-12 06:00:00,4,5,2026-07-12 12:00:00,0 days 06:00:00,6,-41.9,-90.41,973.1,80.8
2026-07-12 06:00:00,4,5,2026-07-12 18:00:00,0 days 12:00:00,12,-42.75,-88.0,972.9,81.1
2026-07-12 06:00:00,4,5,2026-07-13 00:00:00,0 days 18:00:00,18,-43.29,-85.02,976.6,76.5
2026-07-12 06:00:00,4,5,2026-07-13 06:00:00,1 days 00:00:00,24,-43.75,-82.0,980.2,72.0
2026-07-12 06:00:00,4,5,2026-07-13 12:00:00,1 days 06:00:00,30,-45.27,-80.05,982.1,69.5
2026-07-12 06:00:00,4,5,2026-07-13 18:00:00,1 days 12:00:00,36,-46.75,-78.0,984.0,67.0
2026-07-12 06:00:00,4,5,2026-07-14 00:00:00,1 days 18:00:00,42,-47.0,-78.25,986.8,63.2
2026-07-12 06:00:00,4,5,2026-07-14 06:00:00,2 days 00:00:00,48,-47.25,-78.5,989.5,59.4
2026-07-12 06:00:00,5,5,2026-07-15 06:00:00,3 days 00:00:00,72,13.25,-114.25,1005.7,33.9
2026-07-12 06:00:00,5,5,2026-07-15 12:00:00,3 days 06:00:00,78,13.5,-115.25,1004.7,35.7
2026-07-12 06:00:00,5,5,2026-07-15 18:00:00,3 days 12:00:00,84,13.75,-116.25,1003.7,37.5
2026-07-12 06:00:00,5,5,2026-07-16 00:00:00,3 days 18:00:00,90,13.38,-117.25,1003.0,38.7
2026-07-12 06:00:00,5,5,2026-07-16 06:00:00,4 days 00:00:00,96,13.0,-118.25,1002.3,39.9
2026-07-12 06:00:00,5,5,2026-07-16 12:00:00,4 days 06:00:00,102,13.5,-118.37,1000.7,42.5
2026-07-12 06:00:00,5,5,2026-07-16 18:00:00,4 days 12:00:00,108,14.0,-118.5,999.1,45.1
2026-07-12 06:00:00,5,5,2026-07-17 00:00:00,4 days 18:00:00,114,14.5,-119.0,998.5,46.1
2026-07-12 06:00:00,5,5,2026-07-17 06:00:00,5 days 00:00:00,120,15.0,-119.5,997.8,47.1
2026-07-12 06:00:00,5,5,2026-07-17 12:00:00,5 days 06:00:00,126,15.38,-121.0,995.7,50.4
2026-07-12 06:00:00,5,5,2026-07-17 18:00:00,5 days 12:00:00,132,15.75,-122.5,993.5,53.6
2026-07-12 06:00:00,5,5,2026-07-18 00:00:00,5 days 18:00:00,138,16.5,-123.12,993.6,53.6
2026-07-12 06:00:00,5,5,2026-07-18 06:00:00,6 days 00:00:00,144,17.25,-123.75,993.6,53.5
2026-07-12 06:00:00,5,5,2026-07-18 12:00:00,6 days 06:00:00,150,18.0,-124.37,991.9,56.0
2026-07-12 06:00:00,5,5,2026-07-18 18:00:00,6 days 12:00:00,156,18.75,-125.0,990.1,58.6
2026-07-12 06:00:00,5,5,2026-07-19 00:00:00,6 days 18:00:00,162,19.5,-125.62,990.8,57.6
2026-07-12 06:00:00,5,5,2026-07-19 06:00:00,7 days 00:00:00,168,20.25,-126.25,991.5,56.6
2026-07-12 06:00:00,5,5,2026-07-19 12:00:00,7 days 06:00:00,174,21.0,-127.24,991.1,57.1
2026-07-12 06:00:00,5,5,2026-07-19 18:00:00,7 days 12:00:00,180,21.75,-128.25,990.7,57.7
2026-07-12 06:00:00,5,5,2026-07-20 00:00:00,7 days 18:00:00,186,22.13,-129.0,993.7,53.3
2026-07-12 06:00:00,5,5,2026-07-20 06:00:00,8 days 00:00:00,192,22.5,-129.75,996.7,48.8
2026-07-12 06:00:00,5,5,2026-07-20 12:00:00,8 days 06:00:00,198,22.88,-130.75,997.7,47.3
2026-07-12 06:00:00,5,5,2026-07-20 18:00:00,8 days 12:00:00,204,23.25,-131.75,998.6,45.8
2026-07-12 06:00:00,5,5,2026-07-21 00:00:00,8 days 18:00:00,210,23.38,-132.75,1000.1,43.4
2026-07-12 06:00:00,5,5,2026-07-21 06:00:00,9 days 00:00:00,216,23.5,-133.75,1001.6,41.1
2026-07-12 06:00:00,5,5,2026-07-21 12:00:00,9 days 06:00:00,222,23.25,-135.0,1002.5,39.5
2026-07-12 06:00:00,5,5,2026-07-21 18:00:00,9 days 12:00:00,228,23.0,-136.25,1003.4,37.9
2026-07-12 06:00:00,5,5,2026-07-22 00:00:00,9 days 18:00:00,234,22.63,-137.75,1004.5,35.9
2026-07-12 06:00:00,5,5,2026-07-22 06:00:00,10 days 00:00:00,240,22.25,-139.25,1005.6,34.0
2026-07-12 06:00:00,6,5,2026-07-15 18:00:00,3 days 12:00:00,84,32.25,48.25,994.7,51.8
2026-07-12 06:00:00,6,5,2026-07-16 00:00:00,3 days 18:00:00,90,32.25,48.31,994.8,51.8
2026-07-12 06:00:00,6,5,2026-07-16 06:00:00,4 days 00:00:00,96,32.25,48.38,994.8,51.8
2026-07-12 06:00:00,6,5,2026-07-16 12:00:00,4 days 06:00:00,102,32.25,48.44,994.8,51.7
2026-07-12 06:00:00,6,5,2026-07-16 18:00:00,4 days 12:00:00,108,32.25,48.5,994.8,51.7
2026-07-12 06:00:00,6,5,2026-07-17 00:00:00,4 days 18:00:00,114,32.14,51.95,994.7,51.9
2026-07-12 06:00:00,6,5,2026-07-17 06:00:00,5 days 00:00:00,120,31.94,55.41,994.6,52.1
2026-07-12 06:00:00,6,5,2026-07-17 12:00:00,5 days 06:00:00,126,31.64,58.85,994.4,52.3
2026-07-12 06:00:00,6,5,2026-07-17 18:00:00,5 days 12:00:00,132,31.25,62.25,994.3,52.5
2026-07-12 06:00:00,6,5,2026-07-18 00:00:00,5 days 18:00:00,138,31.63,62.37,994.8,51.7
2026-07-12 06:00:00,6,5,2026-07-18 06:00:00,6 days 00:00:00,144,32.0,62.5,995.4,50.9
2026-07-12 06:00:00,6,5,2026-07-18 12:00:00,6 days 06:00:00,150,31.75,62.5,993.8,53.2
2026-07-12 06:00:00,6,5,2026-07-18 18:00:00,6 days 12:00:00,156,31.5,62.5,992.3,55.5
2026-07-12 06:00:00,6,5,2026-07-19 00:00:00,6 days 18:00:00,162,31.38,62.37,993.3,53.9
2026-07-12 06:00:00,6,5,2026-07-19 06:00:00,7 days 00:00:00,168,31.25,62.25,994.3,52.4
2026-07-12 06:00:00,6,5,2026-07-19 12:00:00,7 days 06:00:00,174,31.38,62.5,992.8,54.6
2026-07-12 06:00:00,6,5,2026-07-19 18:00:00,7 days 12:00:00,180,31.5,62.75,991.3,56.8
2026-07-12 06:00:00,7,5,2026-07-18 06:00:00,6 days 00:00:00,144,10.0,-107.0,1010.0,25.5
2026-07-12 06:00:00,7,5,2026-07-18 12:00:00,6 days 06:00:00,150,10.75,-107.75,1008.7,28.1
2026-07-12 06:00:00,7,5,2026-07-18 18:00:00,6 days 12:00:00,156,11.5,-108.5,1007.4,30.7
2026-07-12 06:00:00,7,5,2026-07-19 00:00:00,6 days 18:00:00,162,11.88,-109.87,1007.2,31.1
2026-07-12 06:00:00,7,5,2026-07-19 06:00:00,7 days 00:00:00,168,12.25,-111.25,1007.0,31.5
2026-07-12 06:00:00,7,5,2026-07-19 12:00:00,7 days 06:00:00,174,12.13,-112.5,1005.5,34.2
2026-07-12 06:00:00,7,5,2026-07-19 18:00:00,7 days 12:00:00,180,12.0,-113.75,1004.0,36.8
2026-07-12 06:00:00,7,5,2026-07-20 00:00:00,7 days 18:00:00,186,12.25,-115.0,1004.2,36.6
2026-07-12 06:00:00,7,5,2026-07-20 06:00:00,8 days 00:00:00,192,12.5,-116.25,1004.3,36.3
2026-07-12 06:00:00,7,5,2026-07-20 12:00:00,8 days 06:00:00,198,12.88,-117.62,1004.6,35.8
2026-07-12 06:00:00,7,5,2026-07-20 18:00:00,8 days 12:00:00,204,13.25,-119.0,1004.9,35.3
2026-07-12 06:00:00,7,5,2026-07-21 00:00:00,8 days 18:00:00,210,13.63,-119.75,1003.1,38.5
2026-07-12 06:00:00,7,5,2026-07-21 06:00:00,9 days 00:00:00,216,14.0,-120.5,1001.2,41.6
2026-07-12 06:00:00,7,5,2026-07-21 12:00:00,9 days 06:00:00,222,14.25,-121.12,998.2,46.5
2026-07-12 06:00:00,7,5,2026-07-21 18:00:00,9 days 12:00:00,228,14.5,-121.75,995.1,51.3
2026-07-12 06:00:00,7,5,2026-07-22 00:00:00,9 days 18:00:00,234,14.63,-122.5,992.3,55.3
2026-07-12 06:00:00,7,5,2026-07-22 06:00:00,10 days 00:00:00,240,14.75,-123.25,989.6,59.4
2026-07-12 06:00:00,7,5,2026-07-22 12:00:00,10 days 06:00:00,246,15.25,-123.75,987.3,62.5
2026-07-12 06:00:00,7,5,2026-07-22 18:00:00,10 days 12:00:00,252,15.75,-124.25,985.1,65.6
2026-07-12 06:00:00,7,5,2026-07-23 00:00:00,10 days 18:00:00,258,16.0,-124.87,987.3,62.4
2026-07-12 06:00:00,7,5,2026-07-23 06:00:00,11 days 00:00:00,264,16.25,-125.5,989.6,59.3
2026-07-12 06:00:00,7,5,2026-07-23 12:00:00,11 days 06:00:00,270,16.38,-126.12,988.5,60.8
2026-07-12 06:00:00,7,5,2026-07-23 18:00:00,11 days 12:00:00,276,16.5,-126.75,987.4,62.4
2026-07-12 06:00:00,7,5,2026-07-24 00:00:00,11 days 18:00:00,282,16.63,-127.37,989.0,60.1
2026-07-12 06:00:00,7,5,2026-07-24 06:00:00,12 days 00:00:00,288,16.75,-128.0,990.7,57.8
2026-07-12 06:00:00,7,5,2026-07-24 12:00:00,12 days 06:00:00,294,16.75,-128.88,991.4,56.8
2026-07-12 06:00:00,7,5,2026-07-24 18:00:00,12 days 12:00:00,300,16.75,-129.75,992.1,55.8
2026-07-12 06:00:00,7,5,2026-07-25 00:00:00,12 days 18:00:00,306,16.75,-131.0,990.3,58.2
2026-07-12 06:00:00,7,5,2026-07-25 06:00:00,13 days 00:00:00,312,16.75,-132.25,988.6,60.7
2026-07-12 06:00:00,7,5,2026-07-25 12:00:00,13 days 06:00:00,318,16.25,-133.38,989.9,58.8
2026-07-12 06:00:00,7,5,2026-07-25 18:00:00,13 days 12:00:00,324,15.75,-134.5,991.2,57.0
2026-07-12 06:00:00,7,5,2026-07-26 00:00:00,13 days 18:00:00,330,15.25,-135.38,990.5,58.0
2026-07-12 06:00:00,7,5,2026-07-26 06:00:00,14 days 00:00:00,336,14.75,-136.25,989.8,59.1
2026-07-12 06:00:00,7,5,2026-07-26 12:00:00,14 days 06:00:00,342,14.63,-137.13,989.3,59.8
2026-07-12 06:00:00,7,5,2026-07-26 18:00:00,14 days 12:00:00,348,14.5,-138.0,988.8,60.4
2026-07-12 06:00:00,7,5,2026-07-27 00:00:00,14 days 18:00:00,354,14.5,-138.75,988.9,60.3
2026-07-12 06:00:00,7,5,2026-07-27 06:00:00,15 days 00:00:00,360,14.5,-139.5,989.0,60.2
2026-07-12 06:00:00,8,5,2026-07-21 06:00:00,9 days 00:00:00,216,12.0,-107.75,1008.8,28.0
2026-07-12 06:00:00,8,5,2026-07-21 12:00:00,9 days 06:00:00,222,12.38,-108.62,1009.0,27.6
2026-07-12 06:00:00,8,5,2026-07-21 18:00:00,9 days 12:00:00,228,12.75,-109.5,1009.1,27.2
2026-07-12 06:00:00,8,5,2026-07-22 00:00:00,9 days 18:00:00,234,13.13,-110.75,1008.3,28.8
2026-07-12 06:00:00,8,5,2026-07-22 06:00:00,10 days 00:00:00,240,13.5,-112.0,1007.5,30.5
2026-07-12 06:00:00,8,5,2026-07-22 12:00:00,10 days 06:00:00,246,13.88,-112.99,1007.7,30.1
2026-07-12 06:00:00,8,5,2026-07-22 18:00:00,10 days 12:00:00,252,14.26,-113.99,1007.9,29.7
2026-07-12 06:00:00,8,5,2026-07-23 00:00:00,10 days 18:00:00,258,14.63,-115.0,1008.1,29.4
2026-07-12 06:00:00,8,5,2026-07-23 06:00:00,11 days 00:00:00,264,15.0,-116.0,1008.3,29.0
2026-07-12 06:00:00,8,5,2026-07-23 12:00:00,11 days 06:00:00,270,15.82,-121.36,997.8,45.7
2026-07-12 06:00:00,8,5,2026-07-23 18:00:00,11 days 12:00:00,276,16.5,-126.75,987.4,62.4
2026-07-12 06:00:00,0,6,2026-07-12 06:00:00,0 days 00:00:00,0,31.25,118.75,986.3,63.8
2026-07-12 06:00:00,0,6,2026-07-12 12:00:00,0 days 06:00:00,6,32.13,118.38,987.8,61.8
2026-07-12 06:00:00,0,6,2026-07-12 18:00:00,0 days 12:00:00,12,33.0,118.0,989.3,59.7
2026-07-12 06:00:00,0,6,2026-07-13 00:00:00,0 days 18:00:00,18,33.38,118.12,990.2,58.4
2026-07-12 06:00:00,0,6,2026-07-13 06:00:00,1 days 00:00:00,24,33.75,118.25,991.1,57.1
2026-07-12 06:00:00,0,6,2026-07-13 12:00:00,1 days 06:00:00,30,34.5,118.99,990.9,57.4
2026-07-12 06:00:00,0,6,2026-07-13 18:00:00,1 days 12:00:00,36,35.25,119.75,990.7,57.8
2026-07-12 06:00:00,0,6,2026-07-14 00:00:00,1 days 18:00:00,42,36.51,120.86,991.2,57.1
2026-07-12 06:00:00,0,6,2026-07-14 06:00:00,2 days 00:00:00,48,37.75,122.0,991.6,56.4
2026-07-12 06:00:00,0,6,2026-07-14 12:00:00,2 days 06:00:00,54,38.43,125.47,990.9,57.5
2026-07-12 06:00:00,0,6,2026-07-14 18:00:00,2 days 12:00:00,60,39.0,129.0,990.1,58.6
2026-07-12 06:00:00,3,6,2026-07-12 06:00:00,0 days 00:00:00,0,-41.75,-140.0,971.7,82.5
2026-07-12 06:00:00,3,6,2026-07-12 12:00:00,0 days 06:00:00,6,-43.13,-139.88,971.5,82.8
2026-07-12 06:00:00,3,6,2026-07-12 18:00:00,0 days 12:00:00,12,-44.5,-139.75,971.2,83.1
2026-07-12 06:00:00,3,6,2026-07-13 00:00:00,0 days 18:00:00,18,-45.63,-140.24,973.0,81.0
2026-07-12 06:00:00,3,6,2026-07-13 06:00:00,1 days 00:00:00,24,-46.75,-140.75,974.8,78.8
2026-07-12 06:00:00,3,6,2026-07-13 12:00:00,1 days 06:00:00,30,-46.0,-141.76,976.6,76.5
2026-07-12 06:00:00,3,6,2026-07-13 18:00:00,1 days 12:00:00,36,-45.25,-142.75,978.4,74.2
2026-07-12 06:00:00,3,6,2026-07-14 00:00:00,1 days 18:00:00,42,-43.88,-143.9,980.3,71.8
2026-07-12 06:00:00,3,6,2026-07-14 06:00:00,2 days 00:00:00,48,-42.5,-145.0,982.2,69.4
2026-07-12 06:00:00,3,6,2026-07-14 12:00:00,2 days 06:00:00,54,-41.88,-144.24,981.8,69.9
2026-07-12 06:00:00,3,6,2026-07-14 18:00:00,2 days 12:00:00,60,-41.25,-143.5,981.4,70.4
2026-07-12 06:00:00,3,6,2026-07-15 00:00:00,2 days 18:00:00,66,-41.38,-143.75,980.9,71.1
2026-07-12 06:00:00,3,6,2026-07-15 06:00:00,3 days 00:00:00,72,-41.5,-144.0,980.3,71.8
2026-07-12 06:00:00,3,6,2026-07-15 12:00:00,3 days 06:00:00,78,-41.63,-144.75,982.5,68.9
2026-07-12 06:00:00,3,6,2026-07-15 18:00:00,3 days 12:00:00,84,-41.75,-145.5,984.6,66.1
2026-07-12 06:00:00,3,6,2026-07-16 00:00:00,3 days 18:00:00,90,-41.25,-146.13,984.8,65.9
2026-07-12 06:00:00,3,6,2026-07-16 06:00:00,4 days 00:00:00,96,-40.75,-146.75,985.0,65.7
2026-07-12 06:00:00,3,6,2026-07-16 12:00:00,4 days 06:00:00,102,-40.63,-146.25,985.0,65.6
2026-07-12 06:00:00,3,6,2026-07-16 18:00:00,4 days 12:00:00,108,-40.5,-145.75,985.0,65.6
2026-07-12 06:00:00,3,6,2026-07-17 00:00:00,4 days 18:00:00,114,-40.13,-145.37,985.3,65.2
2026-07-12 06:00:00,3,6,2026-07-17 06:00:00,5 days 00:00:00,120,-39.75,-145.0,985.6,64.9
2026-07-12 06:00:00,3,6,2026-07-17 12:00:00,5 days 06:00:00,126,-39.5,-144.0,987.3,62.5
2026-07-12 06:00:00,3,6,2026-07-17 18:00:00,5 days 12:00:00,132,-39.25,-143.0,989.1,60.0
2026-07-12 06:00:00,4,6,2026-07-12 06:00:00,0 days 00:00:00,0,-41.0,-92.75,973.3,80.6
2026-07-12 06:00:00,4,6,2026-07-12 12:00:00,0 days 06:00:00,6,-42.03,-90.29,974.2,79.5
2026-07-12 06:00:00,4,6,2026-07-12 18:00:00,0 days 12:00:00,12,-43.0,-87.75,975.1,78.4
2026-07-12 06:00:00,4,6,2026-07-13 00:00:00,0 days 18:00:00,18,-43.53,-85.27,977.3,75.7
2026-07-12 06:00:00,4,6,2026-07-13 06:00:00,1 days 00:00:00,24,-44.0,-82.75,979.5,72.9
2026-07-12 06:00:00,4,6,2026-07-13 12:00:00,1 days 06:00:00,30,-44.9,-80.53,981.7,69.9
2026-07-12 06:00:00,4,6,2026-07-13 18:00:00,1 days 12:00:00,36,-45.75,-78.25,984.0,67.0
2026-07-12 06:00:00,4,6,2026-07-14 00:00:00,1 days 18:00:00,42,-46.88,-78.13,986.7,63.2
2026-07-12 06:00:00,4,6,2026-07-14 06:00:00,2 days 00:00:00,48,-48.0,-78.0,989.4,59.5
2026-07-12 06:00:00,4,6,2026-07-14 12:00:00,2 days 06:00:00,54,-47.01,-77.34,988.0,61.5
2026-07-12 06:00:00,4,6,2026-07-14 18:00:00,2 days 12:00:00,60,-46.01,-76.7,986.5,63.6
2026-07-12 06:00:00,4,6,2026-07-15 00:00:00,2 days 18:00:00,66,-45.0,-76.09,985.0,65.6
2026-07-12 06:00:00,4,6,2026-07-15 06:00:00,3 days 00:00:00,72,-44.0,-75.5,983.5,67.6
2026-07-12 06:00:00,4,6,2026-07-15 12:00:00,3 days 06:00:00,78,-42.36,-77.52,987.5,61.9
2026-07-12 06:00:00,4,6,2026-07-15 18:00:00,3 days 12:00:00,84,-40.69,-79.44,991.4,56.2
2026-07-12 06:00:00,4,6,2026-07-16 00:00:00,3 days 18:00:00,90,-38.98,-81.27,995.3,50.5
2026-07-12 06:00:00,4,6,2026-07-16 06:00:00,4 days 00:00:00,96,-37.25,-83.0,999.3,44.8
2026-07-12 06:00:00,4,6,2026-07-16 12:00:00,4 days 06:00:00,102,-36.9,-81.54,996.0,49.7
2026-07-12 06:00:00,4,6,2026-07-16 18:00:00,4 days 12:00:00,108,-36.53,-80.1,992.6,54.6
2026-07-12 06:00:00,4,6,2026-07-17 00:00:00,4 days 18:00:00,114,-36.15,-78.67,989.3,59.4
2026-07-12 06:00:00,4,6,2026-07-17 06:00:00,5 days 00:00:00,120,-35.75,-77.25,986.0,64.3
2026-07-12 06:00:00,4,6,2026-07-17 12:00:00,5 days 06:00:00,126,-38.88,-76.06,986.2,64.0
2026-07-12 06:00:00,4,6,2026-07-17 18:00:00,5 days 12:00:00,132,-42.0,-74.75,986.5,63.6
2026-07-12 06:00:00,5,6,2026-07-15 06:00:00,3 days 00:00:00,72,-29.5,-68.75,1001.2,41.7
2026-07-12 06:00:00,5,6,2026-07-15 12:00:00,3 days 06:00:00,78,-29.5,-68.12,998.7,45.6
2026-07-12 06:00:00,5,6,2026-07-15 18:00:00,3 days 12:00:00,84,-29.5,-67.5,996.3,49.5
2026-07-12 06:00:00,5,6,2026-07-16 00:00:00,3 days 18:00:00,90,-29.88,-67.87,996.4,49.3
2026-07-12 06:00:00,5,6,2026-07-16 06:00:00,4 days 00:00:00,96,-30.25,-68.25,996.6,49.0
2026-07-12 06:00:00,5,6,2026-07-16 12:00:00,4 days 06:00:00,102,-28.51,-66.73,995.3,51.0
2026-07-12 06:00:00,5,6,2026-07-16 18:00:00,4 days 12:00:00,108,-26.75,-65.25,994.0,53.0
2026-07-12 06:00:00,5,6,2026-07-17 00:00:00,4 days 18:00:00,114,-25.69,-65.06,994.0,52.9
2026-07-12 06:00:00,5,6,2026-07-17 06:00:00,5 days 00:00:00,120,-24.63,-64.87,994.1,52.8
2026-07-12 06:00:00,5,6,2026-07-17 12:00:00,5 days 06:00:00,126,-23.56,-64.68,994.1,52.7
2026-07-12 06:00:00,5,6,2026-07-17 18:00:00,5 days 12:00:00,132,-22.5,-64.5,994.2,52.6
2026-07-12 06:00:00,5,6,2026-07-18 00:00:00,5 days 18:00:00,138,-24.0,-65.22,992.6,54.9
2026-07-12 06:00:00,5,6,2026-07-18 06:00:00,6 days 00:00:00,144,-25.51,-65.96,991.0,57.2
2026-07-12 06:00:00,5,6,2026-07-18 12:00:00,6 days 06:00:00,150,-27.01,-66.72,989.4,59.5
2026-07-12 06:00:00,5,6,2026-07-18 18:00:00,6 days 12:00:00,156,-28.5,-67.5,987.8,61.8
2026-07-12 06:00:00,5,6,2026-07-19 00:00:00,6 days 18:00:00,162,-26.64,-66.58,989.6,59.2
2026-07-12 06:00:00,5,6,2026-07-19 06:00:00,7 days 00:00:00,168,-24.76,-65.7,991.4,56.7
2026-07-12 06:00:00,5,6,2026-07-19 12:00:00,7 days 06:00:00,174,-22.88,-64.84,993.2,54.1
2026-07-12 06:00:00,5,6,2026-07-19 18:00:00,7 days 12:00:00,180,-21.0,-64.0,994.9,51.6
2026-07-12 06:00:00,6,6,2026-07-16 18:00:00,4 days 12:00:00,108,15.25,-118.25,1001.5,41.2
2026-07-12 06:00:00,6,6,2026-07-17 00:00:00,4 days 18:00:00,114,16.25,-119.24,1000.2,43.3
2026-07-12 06:00:00,6,6,2026-07-17 06:00:00,5 days 00:00:00,120,17.25,-120.25,998.9,45.4
2026-07-12 06:00:00,6,6,2026-07-17 12:00:00,5 days 06:00:00,126,17.63,-120.62,998.5,46.0
2026-07-12 06:00:00,6,6,2026-07-17 18:00:00,5 days 12:00:00,132,18.0,-121.0,998.1,46.7
2026-07-12 06:00:00,6,6,2026-07-18 00:00:00,5 days 18:00:00,138,18.63,-122.12,998.6,45.8
2026-07-12 06:00:00,6,6,2026-07-18 06:00:00,6 days 00:00:00,144,19.25,-123.25,999.2,45.0
2026-07-12 06:00:00,6,6,2026-07-18 12:00:00,6 days 06:00:00,150,19.75,-123.87,1000.0,43.6
2026-07-12 06:00:00,6,6,2026-07-18 18:00:00,6 days 12:00:00,156,20.25,-124.5,1000.8,42.3
2026-07-12 06:00:00,6,6,2026-07-19 00:00:00,6 days 18:00:00,162,20.63,-125.5,1001.3,41.6
2026-07-12 06:00:00,6,6,2026-07-19 06:00:00,7 days 00:00:00,168,21.0,-126.5,1001.7,40.8
2026-07-12 06:00:00,6,6,2026-07-19 12:00:00,7 days 06:00:00,174,19.24,-123.93,1002.2,40.0
2026-07-12 06:00:00,6,6,2026-07-19 18:00:00,7 days 12:00:00,180,17.44,-121.4,1002.6,39.2
2026-07-12 06:00:00,6,6,2026-07-20 00:00:00,7 days 18:00:00,186,15.6,-118.92,1003.1,38.4
2026-07-12 06:00:00,6,6,2026-07-20 06:00:00,8 days 00:00:00,192,13.75,-116.5,1003.6,37.6
2026-07-12 06:00:00,6,6,2026-07-20 12:00:00,8 days 06:00:00,198,14.63,-117.5,1002.2,39.9
2026-07-12 06:00:00,6,6,2026-07-20 18:00:00,8 days 12:00:00,204,15.5,-118.5,1000.9,42.2
2026-07-12 06:00:00,6,6,2026-07-21 00:00:00,8 days 18:00:00,210,16.0,-119.5,1000.7,42.5
2026-07-12 06:00:00,6,6,2026-07-21 06:00:00,9 days 00:00:00,216,16.5,-120.5,1000.5,42.9
2026-07-12 06:00:00,6,6,2026-07-21 12:00:00,9 days 06:00:00,222,16.88,-121.5,1001.5,41.2
2026-07-12 06:00:00,6,6,2026-07-21 18:00:00,9 days 12:00:00,228,17.25,-122.5,1002.5,39.5
2026-07-12 06:00:00,6,6,2026-07-22 00:00:00,9 days 18:00:00,234,17.63,-123.12,1003.7,37.4
2026-07-12 06:00:00,6,6,2026-07-22 06:00:00,10 days 00:00:00,240,18.0,-123.75,1004.9,35.3
2026-07-12 06:00:00,6,6,2026-07-22 12:00:00,10 days 06:00:00,246,18.5,-124.0,1004.5,36.0
2026-07-12 06:00:00,6,6,2026-07-22 18:00:00,10 days 12:00:00,252,19.0,-124.25,1004.1,36.6
2026-07-12 06:00:00,6,6,2026-07-23 00:00:00,10 days 18:00:00,258,18.88,-125.0,1004.5,36.0
2026-07-12 06:00:00,6,6,2026-07-23 06:00:00,11 days 00:00:00,264,18.75,-125.75,1004.8,35.4
2026-07-12 06:00:00,6,6,2026-07-23 12:00:00,11 days 06:00:00,270,18.38,-126.5,1004.7,35.7
2026-07-12 06:00:00,6,6,2026-07-23 18:00:00,11 days 12:00:00,276,18.0,-127.25,1004.5,36.0
2026-07-12 06:00:00,6,6,2026-07-24 00:00:00,11 days 18:00:00,282,18.0,-128.12,1004.9,35.3
2026-07-12 06:00:00,6,6,2026-07-24 06:00:00,12 days 00:00:00,288,18.0,-129.0,1005.3,34.6
2026-07-12 06:00:00,6,6,2026-07-24 12:00:00,12 days 06:00:00,294,17.38,-130.25,1004.0,36.8
2026-07-12 06:00:00,6,6,2026-07-24 18:00:00,12 days 12:00:00,300,16.75,-131.5,1002.8,39.0
2026-07-12 06:00:00,6,6,2026-07-25 00:00:00,12 days 18:00:00,306,16.38,-132.25,1001.7,40.9
2026-07-12 06:00:00,6,6,2026-07-25 06:00:00,13 days 00:00:00,312,16.0,-133.0,1000.6,42.7
2026-07-12 06:00:00,6,6,2026-07-25 12:00:00,13 days 06:00:00,318,16.25,-133.87,1000.5,42.9
2026-07-12 06:00:00,6,6,2026-07-25 18:00:00,13 days 12:00:00,324,16.5,-134.75,1000.3,43.1
2026-07-12 06:00:00,6,6,2026-07-26 00:00:00,13 days 18:00:00,330,16.5,-135.62,1001.0,42.0
2026-07-12 06:00:00,6,6,2026-07-26 06:00:00,14 days 00:00:00,336,16.5,-136.5,1001.7,40.8
2026-07-12 06:00:00,6,6,2026-07-26 12:00:00,14 days 06:00:00,342,16.63,-137.5,1001.7,40.8
2026-07-12 06:00:00,6,6,2026-07-26 18:00:00,14 days 12:00:00,348,16.75,-138.5,1001.8,40.7
2026-07-12 06:00:00,6,6,2026-07-27 00:00:00,14 days 18:00:00,354,16.88,-139.25,1001.4,41.3
2026-07-12 06:00:00,6,6,2026-07-27 06:00:00,15 days 00:00:00,360,17.0,-140.0,1001.0,41.9
2026-07-12 06:00:00,7,6,2026-07-20 18:00:00,8 days 12:00:00,204,-47.5,-139.5,1004.1,36.7
2026-07-12 06:00:00,7,6,2026-07-21 00:00:00,8 days 18:00:00,210,-46.26,-138.35,1007.1,31.0
2026-07-12 06:00:00,7,6,2026-07-21 06:00:00,9 days 00:00:00,216,-45.0,-137.25,1010.1,25.3
2026-07-12 06:00:00,7,6,2026-07-21 12:00:00,9 days 06:00:00,222,-44.31,-133.42,1001.2,38.8
2026-07-12 06:00:00,7,6,2026-07-21 18:00:00,9 days 12:00:00,228,-43.49,-129.66,992.3,52.2
2026-07-12 06:00:00,7,6,2026-07-22 00:00:00,9 days 18:00:00,234,-42.55,-126.02,983.4,65.6
2026-07-12 06:00:00,7,6,2026-07-22 06:00:00,10 days 00:00:00,240,-41.5,-122.5,974.6,79.1
2026-07-12 06:00:00,7,6,2026-07-22 12:00:00,10 days 06:00:00,246,-42.5,-122.01,976.7,76.4
2026-07-12 06:00:00,7,6,2026-07-22 18:00:00,10 days 12:00:00,252,-43.5,-121.5,978.8,73.7
2026-07-12 06:00:00,7,6,2026-07-23 00:00:00,10 days 18:00:00,258,-44.63,-122.11,980.6,71.4
2026-07-12 06:00:00,7,6,2026-07-23 06:00:00,11 days 00:00:00,264,-45.75,-122.75,982.4,69.0
2026-07-12 06:00:00,7,6,2026-07-23 12:00:00,11 days 06:00:00,270,-46.38,-121.76,983.8,67.2
2026-07-12 06:00:00,7,6,2026-07-23 18:00:00,11 days 12:00:00,276,-47.0,-120.75,985.1,65.4
2026-07-12 06:00:00,7,6,2026-07-24 00:00:00,11 days 18:00:00,282,-48.39,-119.05,988.8,60.3
2026-07-12 06:00:00,7,6,2026-07-24 06:00:00,12 days 00:00:00,288,-49.75,-117.25,992.5,55.1
2026-07-12 06:00:00,8,6,2026-07-20 18:00:00,8 days 12:00:00,204,15.25,137.75,1004.2,36.6
2026-07-12 06:00:00,8,6,2026-07-21 00:00:00,8 days 18:00:00,210,15.0,136.75,1003.7,37.4
2026-07-12 06:00:00,8,6,2026-07-21 06:00:00,9 days 00:00:00,216,14.75,135.75,1003.2,38.3
2026-07-12 06:00:00,8,6,2026-07-21 12:00:00,9 days 06:00:00,222,14.38,133.62,1003.1,38.4
2026-07-12 06:00:00,8,6,2026-07-21 18:00:00,9 days 12:00:00,228,14.0,131.5,1003.1,38.5
2026-07-12 06:00:00,8,6,2026-07-22 00:00:00,9 days 18:00:00,234,14.13,130.38,1002.6,39.2
2026-07-12 06:00:00,8,6,2026-07-22 06:00:00,10 days 00:00:00,240,14.25,129.25,1002.2,39.9
2026-07-12 06:00:00,8,6,2026-07-22 12:00:00,10 days 06:00:00,246,14.5,128.13,1001.2,41.6
2026-07-12 06:00:00,8,6,2026-07-22 18:00:00,10 days 12:00:00,252,14.75,127.0,1000.3,43.2
2026-07-12 06:00:00,8,6,2026-07-23 00:00:00,10 days 18:00:00,258,15.5,126.38,1001.0,42.0
2026-07-12 06:00:00,8,6,2026-07-23 06:00:00,11 days 00:00:00,264,16.25,125.75,1001.7,40.8
2026-07-12 06:00:00,8,6,2026-07-23 12:00:00,11 days 06:00:00,270,17.25,124.51,1001.8,40.7
2026-07-12 06:00:00,8,6,2026-07-23 18:00:00,11 days 12:00:00,276,18.25,123.25,1001.9,40.6
2026-07-12 06:00:00,8,6,2026-07-24 00:00:00,11 days 18:00:00,282,19.01,121.88,1001.6,41.0
2026-07-12 06:00:00,8,6,2026-07-24 06:00:00,12 days 00:00:00,288,19.75,120.5,1001.3,41.4
2026-07-12 06:00:00,8,6,2026-07-24 12:00:00,12 days 06:00:00,294,20.13,119.5,1001.6,41.1
2026-07-12 06:00:00,8,6,2026-07-24 18:00:00,12 days 12:00:00,300,20.5,118.5,1001.8,40.7
2026-07-12 06:00:00,8,6,2026-07-25 00:00:00,12 days 18:00:00,306,21.25,117.75,1001.7,40.8
2026-07-12 06:00:00,8,6,2026-07-25 06:00:00,13 days 00:00:00,312,22.0,117.0,1001.7,40.9
2026-07-12 06:00:00,9,6,2026-07-24 18:00:00,12 days 12:00:00,300,12.25,-102.75,1010.1,25.2
2026-07-12 06:00:00,9,6,2026-07-25 00:00:00,12 days 18:00:00,306,12.13,-103.75,1009.2,27.1
2026-07-12 06:00:00,9,6,2026-07-25 06:00:00,13 days 00:00:00,312,12.0,-104.75,1008.2,29.0
2026-07-12 06:00:00,9,6,2026-07-25 12:00:00,13 days 06:00:00,318,12.5,-104.75,1008.1,29.4
2026-07-12 06:00:00,9,6,2026-07-25 18:00:00,13 days 12:00:00,324,13.0,-104.75,1007.9,29.7
2026-07-12 06:00:00,9,6,2026-07-26 00:00:00,13 days 18:00:00,330,13.25,-105.62,1006.6,32.2
2026-07-12 06:00:00,9,6,2026-07-26 06:00:00,14 days 00:00:00,336,13.5,-106.5,1005.2,34.7
2026-07-12 06:00:00,9,6,2026-07-26 12:00:00,14 days 06:00:00,342,14.0,-107.25,1004.6,35.7
2026-07-12 06:00:00,9,6,2026-07-26 18:00:00,14 days 12:00:00,348,14.5,-108.0,1004.1,36.8
2026-07-12 06:00:00,9,6,2026-07-27 00:00:00,14 days 18:00:00,354,15.25,-109.12,1004.0,36.9
2026-07-12 06:00:00,9,6,2026-07-27 06:00:00,15 days 00:00:00,360,16.0,-110.25,1003.9,37.0
2026-07-12 06:00:00,0,7,2026-07-12 06:00:00,0 days 00:00:00,0,31.25,118.75,986.3,63.8
2026-07-12 06:00:00,0,7,2026-07-12 12:00:00,0 days 06:00:00,6,32.25,118.5,987.8,61.7
2026-07-12 06:00:00,0,7,2026-07-12 18:00:00,0 days 12:00:00,12,33.25,118.25,989.4,59.6
2026-07-12 06:00:00,0,7,2026-07-13 00:00:00,0 days 18:00:00,18,33.63,118.13,990.4,58.1
2026-07-12 06:00:00,0,7,2026-07-13 06:00:00,1 days 00:00:00,24,34.0,118.0,991.5,56.6
2026-07-12 06:00:00,0,7,2026-07-13 12:00:00,1 days 06:00:00,30,34.5,118.62,992.0,55.8
2026-07-12 06:00:00,0,7,2026-07-13 18:00:00,1 days 12:00:00,36,35.0,119.25,992.6,55.0
2026-07-12 06:00:00,0,7,2026-07-14 00:00:00,1 days 18:00:00,42,36.26,120.48,992.8,54.6
2026-07-12 06:00:00,0,7,2026-07-14 06:00:00,2 days 00:00:00,48,37.5,121.75,993.1,54.3
2026-07-12 06:00:00,0,7,2026-07-14 12:00:00,2 days 06:00:00,54,38.54,124.71,992.6,55.0
2026-07-12 06:00:00,0,7,2026-07-14 18:00:00,2 days 12:00:00,60,39.5,127.75,992.1,55.7
2026-07-12 06:00:00,10,7,2026-07-22 06:00:00,10 days 00:00:00,240,23.25,168.25,1006.9,31.6
2026-07-12 06:00:00,10,7,2026-07-22 12:00:00,10 days 06:00:00,246,23.13,167.62,1006.9,31.5
2026-07-12 06:00:00,10,7,2026-07-22 18:00:00,10 days 12:00:00,252,23.0,167.0,1007.0,31.4
2026-07-12 06:00:00,10,7,2026-07-23 00:00:00,10 days 18:00:00,258,23.25,166.25,1006.9,31.5
2026-07-12 06:00:00,10,7,2026-07-23 06:00:00,11 days 00:00:00,264,23.5,165.5,1006.9,31.6
2026-07-12 06:00:00,10,7,2026-07-23 12:00:00,11 days 06:00:00,270,22.88,164.5,1006.0,33.3
2026-07-12 06:00:00,10,7,2026-07-23 18:00:00,11 days 12:00:00,276,22.25,163.5,1005.0,35.1
2026-07-12 06:00:00,10,7,2026-07-24 00:00:00,11 days 18:00:00,282,22.13,162.25,1004.9,35.4
2026-07-12 06:00:00,10,7,2026-07-24 06:00:00,12 days 00:00:00,288,22.0,161.0,1004.7,35.7
2026-07-12 06:00:00,10,7,2026-07-24 12:00:00,12 days 06:00:00,294,21.63,159.37,999.5,44.1
2026-07-12 06:00:00,10,7,2026-07-24 18:00:00,12 days 12:00:00,300,21.25,157.75,994.3,52.5
2026-07-12 06:00:00,10,7,2026-07-25 00:00:00,12 days 18:00:00,306,21.5,156.63,992.3,55.4
2026-07-12 06:00:00,10,7,2026-07-25 06:00:00,13 days 00:00:00,312,21.75,155.5,990.4,58.2
2026-07-12 06:00:00,10,7,2026-07-25 12:00:00,13 days 06:00:00,318,22.13,154.5,987.0,62.8
2026-07-12 06:00:00,10,7,2026-07-25 18:00:00,13 days 12:00:00,324,22.5,153.5,983.6,67.4
2026-07-12 06:00:00,10,7,2026-07-26 00:00:00,13 days 18:00:00,330,23.13,152.63,978.6,73.9
2026-07-12 06:00:00,10,7,2026-07-26 06:00:00,14 days 00:00:00,336,23.75,151.75,973.5,80.4
2026-07-12 06:00:00,10,7,2026-07-26 12:00:00,14 days 06:00:00,342,24.13,151.13,970.6,83.8
2026-07-12 06:00:00,10,7,2026-07-26 18:00:00,14 days 12:00:00,348,24.5,150.5,967.8,87.2
2026-07-12 06:00:00,10,7,2026-07-27 00:00:00,14 days 18:00:00,354,25.13,149.51,966.4,88.8
2026-07-12 06:00:00,10,7,2026-07-27 06:00:00,15 days 00:00:00,360,25.75,148.5,965.1,90.4
2026-07-12 06:00:00,3,7,2026-07-12 06:00:00,0 days 00:00:00,0,-41.75,-140.0,971.7,82.5
2026-07-12 06:00:00,3,7,2026-07-12 12:00:00,0 days 06:00:00,6,-43.0,-139.88,970.6,83.9
2026-07-12 06:00:00,3,7,2026-07-12 18:00:00,0 days 12:00:00,12,-44.25,-139.75,969.5,85.2
2026-07-12 06:00:00,3,7,2026-07-13 00:00:00,0 days 18:00:00,18,-45.63,-139.87,972.1,82.0
2026-07-12 06:00:00,3,7,2026-07-13 06:00:00,1 days 00:00:00,24,-47.0,-140.0,974.7,78.9
2026-07-12 06:00:00,3,7,2026-07-13 12:00:00,1 days 06:00:00,30,-46.38,-141.26,976.2,77.0
2026-07-12 06:00:00,3,7,2026-07-13 18:00:00,1 days 12:00:00,36,-45.75,-142.5,977.8,75.1
2026-07-12 06:00:00,3,7,2026-07-14 00:00:00,1 days 18:00:00,42,-44.38,-143.4,980.4,71.7
2026-07-12 06:00:00,3,7,2026-07-14 06:00:00,2 days 00:00:00,48,-43.0,-144.25,982.9,68.4
2026-07-12 06:00:00,3,7,2026-07-14 12:00:00,2 days 06:00:00,54,-42.69,-144.5,983.9,67.1
2026-07-12 06:00:00,3,7,2026-07-14 18:00:00,2 days 12:00:00,60,-42.38,-144.75,984.9,65.8
2026-07-12 06:00:00,3,7,2026-07-15 00:00:00,2 days 18:00:00,66,-42.06,-145.0,985.8,64.5
2026-07-12 06:00:00,3,7,2026-07-15 06:00:00,3 days 00:00:00,72,-41.75,-145.25,986.8,63.2
2026-07-12 06:00:00,3,7,2026-07-15 12:00:00,3 days 06:00:00,78,-41.5,-145.25,986.8,63.2
2026-07-12 06:00:00,3,7,2026-07-15 18:00:00,3 days 12:00:00,84,-41.25,-145.25,986.8,63.2
2026-07-12 06:00:00,4,7,2026-07-12 06:00:00,0 days 00:00:00,0,-41.0,-92.75,973.3,80.6
2026-07-12 06:00:00,4,7,2026-07-12 12:00:00,0 days 06:00:00,6,-41.77,-90.4,974.2,79.5
2026-07-12 06:00:00,4,7,2026-07-12 18:00:00,0 days 12:00:00,12,-42.5,-88.0,975.1,78.4
2026-07-12 06:00:00,4,7,2026-07-13 00:00:00,0 days 18:00:00,18,-43.28,-85.28,976.8,76.3
2026-07-12 06:00:00,4,7,2026-07-13 06:00:00,1 days 00:00:00,24,-44.0,-82.5,978.5,74.2
2026-07-12 06:00:00,4,7,2026-07-13 12:00:00,1 days 06:00:00,30,-44.76,-80.77,980.5,71.6
2026-07-12 06:00:00,4,7,2026-07-13 18:00:00,1 days 12:00:00,36,-45.5,-79.0,982.5,69.0
2026-07-12 06:00:00,4,7,2026-07-14 00:00:00,1 days 18:00:00,42,-46.38,-78.39,985.1,65.4
2026-07-12 06:00:00,4,7,2026-07-14 06:00:00,2 days 00:00:00,48,-47.25,-77.75,987.8,61.8
2026-07-12 06:00:00,4,7,2026-07-14 12:00:00,2 days 06:00:00,54,-47.69,-77.57,988.5,60.8
2026-07-12 06:00:00,4,7,2026-07-14 18:00:00,2 days 12:00:00,60,-48.13,-77.38,989.3,59.7
2026-07-12 06:00:00,4,7,2026-07-15 00:00:00,2 days 18:00:00,66,-48.56,-77.19,990.1,58.6
2026-07-12 06:00:00,4,7,2026-07-15 06:00:00,3 days 00:00:00,72,-49.0,-77.0,990.8,57.5
2026-07-12 06:00:00,5,7,2026-07-15 18:00:00,3 days 12:00:00,84,13.25,-113.25,1004.8,35.5
2026-07-12 06:00:00,5,7,2026-07-16 00:00:00,3 days 18:00:00,90,14.19,-114.3,1004.0,36.8
2026-07-12 06:00:00,5,7,2026-07-16 06:00:00,4 days 00:00:00,96,15.13,-115.36,1003.3,38.1
2026-07-12 06:00:00,5,7,2026-07-16 12:00:00,4 days 06:00:00,102,16.07,-116.42,1002.5,39.5
2026-07-12 06:00:00,5,7,2026-07-16 18:00:00,4 days 12:00:00,108,17.0,-117.5,1001.7,40.8
2026-07-12 06:00:00,5,7,2026-07-17 00:00:00,4 days 18:00:00,114,17.38,-117.38,1001.3,41.5
2026-07-12 06:00:00,5,7,2026-07-17 06:00:00,5 days 00:00:00,120,17.75,-117.25,1000.9,42.1
2026-07-12 06:00:00,5,7,2026-07-17 12:00:00,5 days 06:00:00,126,18.38,-117.87,1000.4,43.0
2026-07-12 06:00:00,5,7,2026-07-17 18:00:00,5 days 12:00:00,132,19.0,-118.5,999.8,43.9
2026-07-12 06:00:00,5,7,2026-07-18 00:00:00,5 days 18:00:00,138,19.25,-119.5,998.9,45.4
2026-07-12 06:00:00,5,7,2026-07-18 06:00:00,6 days 00:00:00,144,19.5,-120.5,997.9,47.0
2026-07-12 06:00:00,5,7,2026-07-18 12:00:00,6 days 06:00:00,150,20.0,-121.62,999.1,45.1
2026-07-12 06:00:00,5,7,2026-07-18 18:00:00,6 days 12:00:00,156,20.5,-122.75,1000.3,43.1
2026-07-12 06:00:00,5,7,2026-07-19 00:00:00,6 days 18:00:00,162,21.13,-123.62,1001.2,41.7
2026-07-12 06:00:00,5,7,2026-07-19 06:00:00,7 days 00:00:00,168,21.75,-124.5,1002.0,40.3
2026-07-12 06:00:00,5,7,2026-07-19 12:00:00,7 days 06:00:00,174,22.63,-125.37,1003.0,38.6
2026-07-12 06:00:00,5,7,2026-07-19 18:00:00,7 days 12:00:00,180,23.5,-126.25,1004.0,36.9
2026-07-12 06:00:00,6,7,2026-07-18 06:00:00,6 days 00:00:00,144,32.25,62.25,995.2,51.1
2026-07-12 06:00:00,6,7,2026-07-18 12:00:00,6 days 06:00:00,150,32.12,62.25,993.4,53.8
2026-07-12 06:00:00,6,7,2026-07-18 18:00:00,6 days 12:00:00,156,32.0,62.25,991.6,56.5
2026-07-12 06:00:00,6,7,2026-07-19 00:00:00,6 days 18:00:00,162,31.88,62.25,991.8,56.1
2026-07-12 06:00:00,6,7,2026-07-19 06:00:00,7 days 00:00:00,168,31.75,62.25,992.1,55.8
2026-07-12 06:00:00,6,7,2026-07-19 12:00:00,7 days 06:00:00,174,31.88,62.75,990.1,58.6
2026-07-12 06:00:00,6,7,2026-07-19 18:00:00,7 days 12:00:00,180,32.0,63.25,988.0,61.5
2026-07-12 06:00:00,6,7,2026-07-20 00:00:00,7 days 18:00:00,186,31.5,63.5,989.1,60.0
2026-07-12 06:00:00,6,7,2026-07-20 06:00:00,8 days 00:00:00,192,31.0,63.75,990.1,58.6
2026-07-12 06:00:00,6,7,2026-07-20 12:00:00,8 days 06:00:00,198,31.13,63.38,990.3,58.3
2026-07-12 06:00:00,6,7,2026-07-20 18:00:00,8 days 12:00:00,204,31.25,63.0,990.5,58.1
2026-07-12 06:00:00,6,7,2026-07-21 00:00:00,8 days 18:00:00,210,31.38,62.63,990.6,57.8
2026-07-12 06:00:00,6,7,2026-07-21 06:00:00,9 days 00:00:00,216,31.5,62.25,990.8,57.6
2026-07-12 06:00:00,7,7,2026-07-18 18:00:00,6 days 12:00:00,156,9.5,-106.75,1007.5,30.5
2026-07-12 06:00:00,7,7,2026-07-19 00:00:00,6 days 18:00:00,162,10.38,-108.17,1007.6,30.3
2026-07-12 06:00:00,7,7,2026-07-19 06:00:00,7 days 00:00:00,168,11.26,-109.61,1007.7,30.1
2026-07-12 06:00:00,7,7,2026-07-19 12:00:00,7 days 06:00:00,174,12.14,-111.05,1007.8,29.9
2026-07-12 06:00:00,7,7,2026-07-19 18:00:00,7 days 12:00:00,180,13.0,-112.5,1007.9,29.7
2026-07-12 06:00:00,7,7,2026-07-20 00:00:00,7 days 18:00:00,186,13.38,-113.12,1006.6,32.1
2026-07-12 06:00:00,7,7,2026-07-20 06:00:00,8 days 00:00:00,192,13.75,-113.75,1005.4,34.5
2026-07-12 06:00:00,7,7,2026-07-20 12:00:00,8 days 06:00:00,198,14.0,-114.5,1004.5,36.0
2026-07-12 06:00:00,7,7,2026-07-20 18:00:00,8 days 12:00:00,204,14.25,-115.25,1003.6,37.6
2026-07-12 06:00:00,7,7,2026-07-21 00:00:00,8 days 18:00:00,210,15.0,-116.25,1002.8,38.9
2026-07-12 06:00:00,7,7,2026-07-21 06:00:00,9 days 00:00:00,216,15.75,-117.25,1002.1,40.2
2026-07-12 06:00:00,7,7,2026-07-21 12:00:00,9 days 06:00:00,222,16.75,-117.37,999.4,44.5
2026-07-12 06:00:00,7,7,2026-07-21 18:00:00,9 days 12:00:00,228,17.75,-117.5,996.8,48.7
2026-07-12 06:00:00,7,7,2026-07-22 00:00:00,9 days 18:00:00,234,18.38,-117.87,997.2,48.1
2026-07-12 06:00:00,7,7,2026-07-22 06:00:00,10 days 00:00:00,240,19.0,-118.25,997.5,47.6
2026-07-12 06:00:00,7,7,2026-07-22 12:00:00,10 days 06:00:00,246,19.5,-118.87,996.9,48.5
2026-07-12 06:00:00,7,7,2026-07-22 18:00:00,10 days 12:00:00,252,20.0,-119.5,996.3,49.5
2026-07-12 06:00:00,7,7,2026-07-23 00:00:00,10 days 18:00:00,258,21.0,-119.87,997.8,47.1
2026-07-12 06:00:00,7,7,2026-07-23 06:00:00,11 days 00:00:00,264,22.0,-120.25,999.3,44.7
2026-07-12 06:00:00,7,7,2026-07-23 12:00:00,11 days 06:00:00,270,22.75,-121.49,998.9,45.4
2026-07-12 06:00:00,7,7,2026-07-23 18:00:00,11 days 12:00:00,276,23.5,-122.75,998.4,46.1
2026-07-12 06:00:00,7,7,2026-07-24 00:00:00,11 days 18:00:00,282,24.26,-124.12,999.5,44.4
2026-07-12 06:00:00,7,7,2026-07-24 06:00:00,12 days 00:00:00,288,25.0,-125.5,1000.6,42.7
2026-07-12 06:00:00,7,7,2026-07-24 12:00:00,12 days 06:00:00,294,25.38,-126.75,1003.9,36.8
2026-07-12 06:00:00,7,7,2026-07-24 18:00:00,12 days 12:00:00,300,25.75,-128.0,1007.2,31.0
2026-07-12 06:00:00,7,7,2026-07-25 00:00:00,12 days 18:00:00,306,26.13,-129.25,1009.4,26.6
2026-07-12 06:00:00,7,7,2026-07-25 06:00:00,13 days 00:00:00,312,26.5,-130.5,1011.6,22.1
2026-07-12 06:00:00,8,7,2026-07-20 06:00:00,8 days 00:00:00,192,33.25,141.0,1000.2,43.3
2026-07-12 06:00:00,8,7,2026-07-20 12:00:00,8 days 06:00:00,198,33.77,143.58,998.1,46.5
2026-07-12 06:00:00,8,7,2026-07-20 18:00:00,8 days 12:00:00,204,34.24,146.2,996.0,49.7
2026-07-12 06:00:00,8,7,2026-07-21 00:00:00,8 days 18:00:00,210,34.65,148.84,993.9,52.9
2026-07-12 06:00:00,8,7,2026-07-21 06:00:00,9 days 00:00:00,216,35.0,151.5,991.9,56.1
2026-07-12 06:00:00,8,7,2026-07-21 12:00:00,9 days 06:00:00,222,35.5,152.0,990.1,58.6
2026-07-12 06:00:00,8,7,2026-07-21 18:00:00,9 days 12:00:00,228,36.0,152.5,988.3,61.1
2026-07-12 06:00:00,8,7,2026-07-22 00:00:00,9 days 18:00:00,234,36.5,152.62,988.1,61.4
2026-07-12 06:00:00,8,7,2026-07-22 06:00:00,10 days 00:00:00,240,37.0,152.75,987.8,61.8
2026-07-12 06:00:00,8,7,2026-07-22 12:00:00,10 days 06:00:00,246,37.13,153.12,988.2,61.3
2026-07-12 06:00:00,8,7,2026-07-22 18:00:00,10 days 12:00:00,252,37.25,153.5,988.6,60.7
2026-07-12 06:00:00,9,7,2026-07-21 18:00:00,9 days 12:00:00,228,12.75,139.0,1005.4,34.4
2026-07-12 06:00:00,9,7,2026-07-22 00:00:00,9 days 18:00:00,234,13.25,138.75,1003.8,37.1
2026-07-12 06:00:00,9,7,2026-07-22 06:00:00,10 days 00:00:00,240,13.75,138.5,1002.3,39.8
2026-07-12 06:00:00,9,7,2026-07-22 12:00:00,10 days 06:00:00,246,14.38,137.63,1001.1,41.7
2026-07-12 06:00:00,9,7,2026-07-22 18:00:00,10 days 12:00:00,252,15.0,136.75,1000.0,43.6
2026-07-12 06:00:00,9,7,2026-07-23 00:00:00,10 days 18:00:00,258,15.75,136.25,997.7,47.2
2026-07-12 06:00:00,9,7,2026-07-23 06:00:00,11 days 00:00:00,264,16.5,135.75,995.5,50.7
2026-07-12 06:00:00,9,7,2026-07-23 12:00:00,11 days 06:00:00,270,17.13,135.25,990.5,57.8
2026-07-12 06:00:00,9,7,2026-07-23 18:00:00,11 days 12:00:00,276,17.75,134.75,985.6,64.9
2026-07-12 06:00:00,9,7,2026-07-24 00:00:00,11 days 18:00:00,282,18.75,134.13,984.2,66.7
2026-07-12 06:00:00,9,7,2026-07-24 06:00:00,12 days 00:00:00,288,19.75,133.5,982.9,68.4
2026-07-12 06:00:00,9,7,2026-07-24 12:00:00,12 days 06:00:00,294,20.75,133.0,978.1,74.6
2026-07-12 06:00:00,9,7,2026-07-24 18:00:00,12 days 12:00:00,300,21.75,132.5,973.2,80.7
2026-07-12 06:00:00,9,7,2026-07-25 00:00:00,12 days 18:00:00,306,22.63,131.88,972.4,81.7
2026-07-12 06:00:00,9,7,2026-07-25 06:00:00,13 days 00:00:00,312,23.5,131.25,971.6,82.7
2026-07-12 06:00:00,9,7,2026-07-25 12:00:00,13 days 06:00:00,318,24.5,130.63,970.7,83.7
2026-07-12 06:00:00,9,7,2026-07-25 18:00:00,13 days 12:00:00,324,25.5,130.0,969.9,84.8
2026-07-12 06:00:00,9,7,2026-07-26 00:00:00,13 days 18:00:00,330,26.25,129.75,972.8,81.2
2026-07-12 06:00:00,9,7,2026-07-26 06:00:00,14 days 00:00:00,336,27.0,129.5,975.7,77.7
2026-07-12 06:00:00,9,7,2026-07-26 12:00:00,14 days 06:00:00,342,28.25,129.25,981.4,70.1
2026-07-12 06:00:00,9,7,2026-07-26 18:00:00,14 days 12:00:00,348,29.5,129.0,987.2,62.6
2026-07-12 06:00:00,9,7,2026-07-27 00:00:00,14 days 18:00:00,354,30.38,129.12,989.0,60.1
2026-07-12 06:00:00,9,7,2026-07-27 06:00:00,15 days 00:00:00,360,31.25,129.25,990.8,57.7
2026-07-12 06:00:00,0,8,2026-07-12 06:00:00,0 days 00:00:00,0,31.25,118.75,986.3,63.8
2026-07-12 06:00:00,0,8,2026-07-12 12:00:00,0 days 06:00:00,6,32.13,118.38,988.1,61.3
2026-07-12 06:00:00,0,8,2026-07-12 18:00:00,0 days 12:00:00,12,33.0,118.0,990.0,58.8
2026-07-12 06:00:00,0,8,2026-07-13 00:00:00,0 days 18:00:00,18,33.25,117.88,991.0,57.3
2026-07-12 06:00:00,0,8,2026-07-13 06:00:00,1 days 00:00:00,24,33.5,117.75,992.0,55.8
2026-07-12 06:00:00,0,8,2026-07-13 12:00:00,1 days 06:00:00,30,34.51,118.86,992.4,55.4
2026-07-12 06:00:00,0,8,2026-07-13 18:00:00,1 days 12:00:00,36,35.5,120.0,992.7,54.9
2026-07-12 06:00:00,0,8,2026-07-14 00:00:00,1 days 18:00:00,42,36.63,121.23,992.7,54.9
2026-07-12 06:00:00,0,8,2026-07-14 06:00:00,2 days 00:00:00,48,37.75,122.5,992.7,54.9
2026-07-12 06:00:00,0,8,2026-07-14 12:00:00,2 days 06:00:00,54,38.79,125.33,991.0,57.2
2026-07-12 06:00:00,0,8,2026-07-14 18:00:00,2 days 12:00:00,60,39.75,128.25,989.4,59.5
2026-07-12 06:00:00,3,8,2026-07-12 06:00:00,0 days 00:00:00,0,-41.75,-140.0,971.7,82.5
2026-07-12 06:00:00,3,8,2026-07-12 12:00:00,0 days 06:00:00,6,-43.13,-139.88,970.7,83.7
2026-07-12 06:00:00,3,8,2026-07-12 18:00:00,0 days 12:00:00,12,-44.5,-139.75,969.7,85.0
2026-07-12 06:00:00,3,8,2026-07-13 00:00:00,0 days 18:00:00,18,-45.88,-139.99,972.0,82.2
2026-07-12 06:00:00,3,8,2026-07-13 06:00:00,1 days 00:00:00,24,-47.25,-140.25,974.2,79.5
2026-07-12 06:00:00,3,8,2026-07-13 12:00:00,1 days 06:00:00,30,-46.88,-141.38,976.7,76.4
2026-07-12 06:00:00,3,8,2026-07-13 18:00:00,1 days 12:00:00,36,-46.5,-142.5,979.2,73.3
2026-07-12 06:00:00,3,8,2026-07-14 00:00:00,1 days 18:00:00,42,-44.76,-144.05,981.7,70.0
2026-07-12 06:00:00,3,8,2026-07-14 06:00:00,2 days 00:00:00,48,-43.0,-145.5,984.2,66.8
2026-07-12 06:00:00,3,8,2026-07-14 12:00:00,2 days 06:00:00,54,-42.25,-145.63,984.9,65.8
2026-07-12 06:00:00,3,8,2026-07-14 18:00:00,2 days 12:00:00,60,-41.5,-145.76,985.5,64.9
2026-07-12 06:00:00,3,8,2026-07-15 00:00:00,2 days 18:00:00,66,-40.75,-145.88,986.2,64.0
2026-07-12 06:00:00,3,8,2026-07-15 06:00:00,3 days 00:00:00,72,-40.0,-146.0,986.9,63.0
2026-07-12 06:00:00,4,8,2026-07-12 06:00:00,0 days 00:00:00,0,-41.0,-92.75,973.3,80.6
2026-07-12 06:00:00,4,8,2026-07-12 12:00:00,0 days 06:00:00,6,-41.9,-90.41,973.6,80.3
2026-07-12 06:00:00,4,8,2026-07-12 18:00:00,0 days 12:00:00,12,-42.75,-88.0,973.9,79.9
2026-07-12 06:00:00,4,8,2026-07-13 00:00:00,0 days 18:00:00,18,-43.28,-85.4,976.0,77.2
2026-07-12 06:00:00,4,8,2026-07-13 06:00:00,1 days 00:00:00,24,-43.75,-82.75,978.1,74.6
2026-07-12 06:00:00,4,8,2026-07-13 12:00:00,1 days 06:00:00,30,-44.65,-80.29,981.8,69.8
2026-07-12 06:00:00,4,8,2026-07-13 18:00:00,1 days 12:00:00,36,-45.5,-77.75,985.5,64.9
2026-07-12 06:00:00,4,8,2026-07-14 00:00:00,1 days 18:00:00,42,-46.5,-76.77,988.9,60.1
2026-07-12 06:00:00,4,8,2026-07-14 06:00:00,2 days 00:00:00,48,-47.5,-75.75,992.4,55.3
2026-07-12 06:00:00,4,8,2026-07-14 12:00:00,2 days 06:00:00,54,-48.32,-74.86,993.0,54.5
2026-07-12 06:00:00,4,8,2026-07-14 18:00:00,2 days 12:00:00,60,-49.14,-73.94,993.5,53.6
2026-07-12 06:00:00,4,8,2026-07-15 00:00:00,2 days 18:00:00,66,-49.95,-72.98,994.1,52.8
2026-07-12 06:00:00,4,8,2026-07-15 06:00:00,3 days 00:00:00,72,-50.75,-72.0,994.7,51.9
2026-07-12 06:00:00,5,8,2026-07-15 18:00:00,3 days 12:00:00,84,12.75,-115.25,1004.7,35.7
2026-07-12 06:00:00,5,8,2026-07-16 00:00:00,3 days 18:00:00,90,13.88,-115.5,1003.5,37.8
2026-07-12 06:00:00,5,8,2026-07-16 06:00:00,4 days 00:00:00,96,15.0,-115.75,1002.3,39.9
2026-07-12 06:00:00,5,8,2026-07-16 12:00:00,4 days 06:00:00,102,15.13,-117.12,1000.9,42.2
2026-07-12 06:00:00,5,8,2026-07-16 18:00:00,4 days 12:00:00,108,15.25,-118.5,999.5,44.5
2026-07-12 06:00:00,5,8,2026-07-17 00:00:00,4 days 18:00:00,114,15.88,-119.37,998.4,46.1
2026-07-12 06:00:00,5,8,2026-07-17 06:00:00,5 days 00:00:00,120,16.5,-120.25,997.4,47.7
2026-07-12 06:00:00,5,8,2026-07-17 12:00:00,5 days 06:00:00,126,16.5,-121.25,996.6,48.9
2026-07-12 06:00:00,5,8,2026-07-17 18:00:00,5 days 12:00:00,132,16.5,-122.25,995.8,50.2
2026-07-12 06:00:00,5,8,2026-07-18 00:00:00,5 days 18:00:00,138,17.25,-122.62,993.9,53.1
2026-07-12 06:00:00,5,8,2026-07-18 06:00:00,6 days 00:00:00,144,18.0,-123.0,991.9,56.0
2026-07-12 06:00:00,5,8,2026-07-18 12:00:00,6 days 06:00:00,150,18.38,-124.25,991.9,56.0
2026-07-12 06:00:00,5,8,2026-07-18 18:00:00,6 days 12:00:00,156,18.75,-125.5,991.9,56.0
2026-07-12 06:00:00,5,8,2026-07-19 00:00:00,6 days 18:00:00,162,19.75,-126.12,992.3,55.5
2026-07-12 06:00:00,5,8,2026-07-19 06:00:00,7 days 00:00:00,168,20.75,-126.75,992.6,55.0
2026-07-12 06:00:00,5,8,2026-07-19 12:00:00,7 days 06:00:00,174,22.25,-127.62,992.8,54.6
2026-07-12 06:00:00,5,8,2026-07-19 18:00:00,7 days 12:00:00,180,23.75,-128.5,993.1,54.3
2026-07-12 06:00:00,5,8,2026-07-20 00:00:00,7 days 18:00:00,186,24.5,-128.75,995.7,50.4
2026-07-12 06:00:00,5,8,2026-07-20 06:00:00,8 days 00:00:00,192,25.25,-129.0,998.2,46.4
2026-07-12 06:00:00,6,8,2026-07-18 18:00:00,6 days 12:00:00,156,10.75,-106.75,1007.5,30.5
2026-07-12 06:00:00,6,8,2026-07-19 00:00:00,6 days 18:00:00,162,11.0,-107.25,1007.3,30.9
2026-07-12 06:00:00,6,8,2026-07-19 06:00:00,7 days 00:00:00,168,11.25,-107.75,1007.0,31.4
2026-07-12 06:00:00,6,8,2026-07-19 12:00:00,7 days 06:00:00,174,12.13,-108.87,1006.6,32.1
2026-07-12 06:00:00,6,8,2026-07-19 18:00:00,7 days 12:00:00,180,13.0,-110.0,1006.2,32.9
2026-07-12 06:00:00,6,8,2026-07-20 00:00:00,7 days 18:00:00,186,13.75,-110.87,1005.0,35.1
2026-07-12 06:00:00,6,8,2026-07-20 06:00:00,8 days 00:00:00,192,14.5,-111.75,1003.8,37.2
2026-07-12 06:00:00,6,8,2026-07-20 12:00:00,8 days 06:00:00,198,15.13,-112.5,1002.8,38.9
2026-07-12 06:00:00,6,8,2026-07-20 18:00:00,8 days 12:00:00,204,15.75,-113.25,1001.9,40.6
2026-07-12 06:00:00,6,8,2026-07-21 00:00:00,8 days 18:00:00,210,16.25,-113.75,998.7,45.6
2026-07-12 06:00:00,6,8,2026-07-21 06:00:00,9 days 00:00:00,216,16.75,-114.25,995.5,50.6
2026-07-12 06:00:00,6,8,2026-07-21 12:00:00,9 days 06:00:00,222,17.63,-114.75,993.7,53.4
2026-07-12 06:00:00,6,8,2026-07-21 18:00:00,9 days 12:00:00,228,18.5,-115.25,991.8,56.2
2026-07-12 06:00:00,6,8,2026-07-22 00:00:00,9 days 18:00:00,234,19.13,-115.87,989.0,60.0
2026-07-12 06:00:00,6,8,2026-07-22 06:00:00,10 days 00:00:00,240,19.75,-116.5,986.3,63.9
2026-07-12 06:00:00,6,8,2026-07-22 12:00:00,10 days 06:00:00,246,20.38,-117.12,985.4,65.1
2026-07-12 06:00:00,6,8,2026-07-22 18:00:00,10 days 12:00:00,252,21.0,-117.75,984.5,66.3
2026-07-12 06:00:00,6,8,2026-07-23 00:00:00,10 days 18:00:00,258,21.63,-118.5,985.6,64.9
2026-07-12 06:00:00,6,8,2026-07-23 06:00:00,11 days 00:00:00,264,22.25,-119.25,986.6,63.5
2026-07-12 06:00:00,6,8,2026-07-23 12:00:00,11 days 06:00:00,270,22.75,-120.37,987.7,62.0
2026-07-12 06:00:00,6,8,2026-07-23 18:00:00,11 days 12:00:00,276,23.25,-121.5,988.8,60.4
2026-07-12 06:00:00,6,8,2026-07-24 00:00:00,11 days 18:00:00,282,23.63,-122.5,990.4,58.2
2026-07-12 06:00:00,6,8,2026-07-24 06:00:00,12 days 00:00:00,288,24.0,-123.5,991.9,56.0
2026-07-12 06:00:00,6,8,2026-07-24 12:00:00,12 days 06:00:00,294,24.5,-124.5,994.5,52.1
2026-07-12 06:00:00,6,8,2026-07-24 18:00:00,12 days 12:00:00,300,25.0,-125.5,997.1,48.3
2026-07-12 06:00:00,6,8,2026-07-25 00:00:00,12 days 18:00:00,306,25.38,-126.5,999.9,43.8
2026-07-12 06:00:00,6,8,2026-07-25 06:00:00,13 days 00:00:00,312,25.75,-127.5,1002.6,39.2
2026-07-12 06:00:00,6,8,2026-07-25 12:00:00,13 days 06:00:00,318,25.88,-128.5,1004.5,36.0
2026-07-12 06:00:00,6,8,2026-07-25 18:00:00,13 days 12:00:00,324,26.0,-129.5,1006.3,32.7
2026-07-12 06:00:00,6,8,2026-07-26 00:00:00,13 days 18:00:00,330,26.25,-130.25,1008.0,29.5
2026-07-12 06:00:00,6,8,2026-07-26 06:00:00,14 days 00:00:00,336,26.5,-131.0,1009.6,26.2
2026-07-12 06:00:00,6,8,2026-07-26 12:00:00,14 days 06:00:00,342,26.5,-131.62,1011.5,22.1
2026-07-12 06:00:00,6,8,2026-07-26 18:00:00,14 days 12:00:00,348,26.5,-132.25,1013.4,17.9
2026-07-12 06:00:00,0,9,2026-07-12 06:00:00,0 days 00:00:00,0,31.25,118.75,986.3,63.8
2026-07-12 06:00:00,0,9,2026-07-12 12:00:00,0 days 06:00:00,6,32.25,118.5,988.1,61.4
2026-07-12 06:00:00,0,9,2026-07-12 18:00:00,0 days 12:00:00,12,33.25,118.25,989.8,59.0
2026-07-12 06:00:00,0,9,2026-07-13 00:00:00,0 days 18:00:00,18,33.62,118.25,991.5,56.6
2026-07-12 06:00:00,0,9,2026-07-13 06:00:00,1 days 00:00:00,24,34.0,118.25,993.1,54.3
2026-07-12 06:00:00,0,9,2026-07-13 12:00:00,1 days 06:00:00,30,34.5,118.75,993.5,53.6
2026-07-12 06:00:00,0,9,2026-07-13 18:00:00,1 days 12:00:00,36,35.0,119.25,993.9,53.0
2026-07-12 06:00:00,0,9,2026-07-14 00:00:00,1 days 18:00:00,42,35.75,120.24,993.8,53.2
2026-07-12 06:00:00,0,9,2026-07-14 06:00:00,2 days 00:00:00,48,36.5,121.25,993.7,53.3
2026-07-12 06:00:00,3,9,2026-07-12 06:00:00,0 days 00:00:00,0,-41.75,-140.0,971.7,82.5
2026-07-12 06:00:00,3,9,2026-07-12 12:00:00,0 days 06:00:00,6,-43.25,-139.88,970.8,83.6
2026-07-12 06:00:00,3,9,2026-07-12 18:00:00,0 days 12:00:00,12,-44.75,-139.75,969.9,84.7
2026-07-12 06:00:00,3,9,2026-07-13 00:00:00,0 days 18:00:00,18,-45.5,-139.87,971.7,82.5
2026-07-12 06:00:00,3,9,2026-07-13 06:00:00,1 days 00:00:00,24,-46.25,-140.0,973.5,80.3
2026-07-12 06:00:00,3,9,2026-07-13 12:00:00,1 days 06:00:00,30,-45.88,-141.26,975.2,78.3
2026-07-12 06:00:00,3,9,2026-07-13 18:00:00,1 days 12:00:00,36,-45.5,-142.5,976.9,76.2
2026-07-12 06:00:00,3,9,2026-07-14 00:00:00,1 days 18:00:00,42,-44.0,-143.53,977.6,75.2
2026-07-12 06:00:00,3,9,2026-07-14 06:00:00,2 days 00:00:00,48,-42.5,-144.5,978.4,74.2
2026-07-12 06:00:00,3,9,2026-07-14 12:00:00,2 days 06:00:00,54,-42.13,-144.63,979.9,72.3
2026-07-12 06:00:00,3,9,2026-07-14 18:00:00,2 days 12:00:00,60,-41.75,-144.75,981.4,70.4
2026-07-12 06:00:00,3,9,2026-07-15 00:00:00,2 days 18:00:00,66,-41.38,-144.88,982.9,68.5
2026-07-12 06:00:00,3,9,2026-07-15 06:00:00,3 days 00:00:00,72,-41.0,-145.0,984.3,66.5
2026-07-12 06:00:00,3,9,2026-07-15 12:00:00,3 days 06:00:00,78,-40.88,-145.0,985.0,65.6
2026-07-12 06:00:00,3,9,2026-07-15 18:00:00,3 days 12:00:00,84,-40.75,-145.0,985.7,64.7
2026-07-12 06:00:00,3,9,2026-07-16 00:00:00,3 days 18:00:00,90,-40.38,-145.75,985.8,64.5
2026-07-12 06:00:00,3,9,2026-07-16 06:00:00,4 days 00:00:00,96,-40.0,-146.5,986.0,64.3
2026-07-12 06:00:00,4,9,2026-07-12 06:00:00,0 days 00:00:00,0,-41.0,-92.75,973.3,80.6
2026-07-12 06:00:00,4,9,2026-07-12 12:00:00,0 days 06:00:00,6,-41.9,-90.41,972.8,81.3
2026-07-12 06:00:00,4,9,2026-07-12 18:00:00,0 days 12:00:00,12,-42.75,-88.0,972.2,81.9
2026-07-12 06:00:00,4,9,2026-07-13 00:00:00,0 days 18:00:00,18,-43.28,-85.27,973.7,80.1
2026-07-12 06:00:00,4,9,2026-07-13 06:00:00,1 days 00:00:00,24,-43.75,-82.5,975.1,78.3
2026-07-12 06:00:00,4,9,2026-07-13 12:00:00,1 days 06:00:00,30,-44.64,-80.41,978.9,73.6
2026-07-12 06:00:00,4,9,2026-07-13 18:00:00,1 days 12:00:00,36,-45.5,-78.25,982.6,68.9
2026-07-12 06:00:00,4,9,2026-07-14 00:00:00,1 days 18:00:00,42,-46.63,-77.64,985.8,64.5
2026-07-12 06:00:00,4,9,2026-07-14 06:00:00,2 days 00:00:00,48,-47.75,-77.0,989.0,60.1
2026-07-12 06:00:00,4,9,2026-07-14 12:00:00,2 days 06:00:00,54,-46.33,-79.56,990.2,58.4
2026-07-12 06:00:00,4,9,2026-07-14 18:00:00,2 days 12:00:00,60,-44.85,-82.0,991.4,56.7
2026-07-12 06:00:00,4,9,2026-07-15 00:00:00,2 days 18:00:00,66,-43.32,-84.31,992.6,55.0
2026-07-12 06:00:00,4,9,2026-07-15 06:00:00,3 days 00:00:00,72,-41.75,-86.5,993.8,53.2
2026-07-12 06:00:00,5,9,2026-07-16 06:00:00,4 days 00:00:00,96,14.5,-116.5,1002.3,39.9
2026-07-12 06:00:00,5,9,2026-07-16 12:00:00,4 days 06:00:00,102,14.63,-117.62,999.9,43.7
2026-07-12 06:00:00,5,9,2026-07-16 18:00:00,4 days 12:00:00,108,14.75,-118.75,997.6,47.4
2026-07-12 06:00:00,5,9,2026-07-17 00:00:00,4 days 18:00:00,114,15.25,-120.12,995.2,51.1
2026-07-12 06:00:00,5,9,2026-07-17 06:00:00,5 days 00:00:00,120,15.75,-121.5,992.8,54.7
2026-07-12 06:00:00,5,9,2026-07-17 12:00:00,5 days 06:00:00,126,15.88,-122.0,991.3,56.8
2026-07-12 06:00:00,5,9,2026-07-17 18:00:00,5 days 12:00:00,132,16.0,-122.5,989.8,59.0
2026-07-12 06:00:00,5,9,2026-07-18 00:00:00,5 days 18:00:00,138,16.75,-123.37,990.7,57.7
2026-07-12 06:00:00,5,9,2026-07-18 06:00:00,6 days 00:00:00,144,17.5,-124.25,991.7,56.4
2026-07-12 06:00:00,5,9,2026-07-18 12:00:00,6 days 06:00:00,150,18.13,-125.12,992.1,55.7
2026-07-12 06:00:00,5,9,2026-07-18 18:00:00,6 days 12:00:00,156,18.75,-126.0,992.6,55.1
2026-07-12 06:00:00,5,9,2026-07-19 00:00:00,6 days 18:00:00,162,19.5,-126.5,994.1,52.8
2026-07-12 06:00:00,5,9,2026-07-19 06:00:00,7 days 00:00:00,168,20.25,-127.0,995.6,50.6
2026-07-12 06:00:00,5,9,2026-07-19 12:00:00,7 days 06:00:00,174,21.0,-127.62,995.9,50.0
2026-07-12 06:00:00,5,9,2026-07-19 18:00:00,7 days 12:00:00,180,21.75,-128.25,996.3,49.5
2026-07-12 06:00:00,5,9,2026-07-20 00:00:00,7 days 18:00:00,186,22.25,-128.75,997.7,47.2
2026-07-12 06:00:00,5,9,2026-07-20 06:00:00,8 days 00:00:00,192,22.75,-129.25,999.2,44.9
2026-07-12 06:00:00,5,9,2026-07-20 12:00:00,8 days 06:00:00,198,23.38,-130.12,1001.8,40.5
2026-07-12 06:00:00,5,9,2026-07-20 18:00:00,8 days 12:00:00,204,24.0,-131.0,1004.4,36.2
2026-07-12 06:00:00,5,9,2026-07-21 00:00:00,8 days 18:00:00,210,23.88,-132.0,1006.0,33.2
2026-07-12 06:00:00,5,9,2026-07-21 06:00:00,9 days 00:00:00,216,23.75,-133.0,1007.7,30.2
2026-07-12 06:00:00,6,9,2026-07-17 06:00:00,5 days 00:00:00,120,9.75,-106.5,1007.9,29.8
2026-07-12 06:00:00,6,9,2026-07-17 12:00:00,5 days 06:00:00,126,9.88,-107.37,1008.0,29.6
2026-07-12 06:00:00,6,9,2026-07-17 18:00:00,5 days 12:00:00,132,10.0,-108.25,1008.1,29.4
2026-07-12 06:00:00,6,9,2026-07-18 00:00:00,5 days 18:00:00,138,10.25,-109.12,1006.8,31.7
2026-07-12 06:00:00,6,9,2026-07-18 06:00:00,6 days 00:00:00,144,10.5,-110.0,1005.6,34.1
2026-07-12 06:00:00,6,9,2026-07-18 12:00:00,6 days 06:00:00,150,10.88,-110.87,1005.4,34.5
2026-07-12 06:00:00,6,9,2026-07-18 18:00:00,6 days 12:00:00,156,11.25,-111.75,1005.1,34.9
2026-07-12 06:00:00,6,9,2026-07-19 00:00:00,6 days 18:00:00,162,11.63,-112.62,1005.4,34.5
2026-07-12 06:00:00,6,9,2026-07-19 06:00:00,7 days 00:00:00,168,12.0,-113.5,1005.6,34.1
2026-07-12 06:00:00,6,9,2026-07-19 12:00:00,7 days 06:00:00,174,12.75,-114.0,1005.1,34.8
2026-07-12 06:00:00,6,9,2026-07-19 18:00:00,7 days 12:00:00,180,13.5,-114.5,1004.7,35.6
2026-07-12 06:00:00,6,9,2026-07-20 00:00:00,7 days 18:00:00,186,13.75,-115.25,1003.2,38.2
2026-07-12 06:00:00,6,9,2026-07-20 06:00:00,8 days 00:00:00,192,14.0,-116.0,1001.8,40.7
2026-07-12 06:00:00,6,9,2026-07-20 12:00:00,8 days 06:00:00,198,14.0,-116.38,1000.6,42.7
2026-07-12 06:00:00,6,9,2026-07-20 18:00:00,8 days 12:00:00,204,14.0,-116.75,999.3,44.7
2026-07-12 06:00:00,6,9,2026-07-21 00:00:00,8 days 18:00:00,210,14.63,-117.0,997.3,47.9
2026-07-12 06:00:00,6,9,2026-07-21 06:00:00,9 days 00:00:00,216,15.25,-117.25,995.3,51.0
2026-07-12 06:00:00,6,9,2026-07-21 12:00:00,9 days 06:00:00,222,15.75,-117.62,992.3,55.3
2026-07-12 06:00:00,6,9,2026-07-21 18:00:00,9 days 12:00:00,228,16.25,-118.0,989.4,59.6
2026-07-12 06:00:00,6,9,2026-07-22 00:00:00,9 days 18:00:00,234,16.75,-118.87,988.9,60.3
2026-07-12 06:00:00,6,9,2026-07-22 06:00:00,10 days 00:00:00,240,17.25,-119.75,988.4,61.0
2026-07-12 06:00:00,6,9,2026-07-22 12:00:00,10 days 06:00:00,246,17.63,-120.5,986.5,63.5
2026-07-12 06:00:00,6,9,2026-07-22 18:00:00,10 days 12:00:00,252,18.0,-121.25,984.7,66.1
2026-07-12 06:00:00,6,9,2026-07-23 00:00:00,10 days 18:00:00,258,18.38,-122.5,985.3,65.3
2026-07-12 06:00:00,6,9,2026-07-23 06:00:00,11 days 00:00:00,264,18.75,-123.75,985.8,64.5
2026-07-12 06:00:00,6,9,2026-07-23 12:00:00,11 days 06:00:00,270,19.25,-124.75,984.7,66.0
2026-07-12 06:00:00,6,9,2026-07-23 18:00:00,11 days 12:00:00,276,19.75,-125.75,983.5,67.6
2026-07-12 06:00:00,6,9,2026-07-24 00:00:00,11 days 18:00:00,282,20.13,-127.12,989.7,58.8
2026-07-12 06:00:00,6,9,2026-07-24 06:00:00,12 days 00:00:00,288,20.5,-128.5,995.9,50.0
2026-07-12 06:00:00,6,9,2026-07-24 12:00:00,12 days 06:00:00,294,20.63,-129.87,996.6,49.0
2026-07-12 06:00:00,6,9,2026-07-24 18:00:00,12 days 12:00:00,300,20.75,-131.25,997.3,48.0
2026-07-12 06:00:00,6,9,2026-07-25 00:00:00,12 days 18:00:00,306,21.13,-132.5,998.8,45.6
2026-07-12 06:00:00,6,9,2026-07-25 06:00:00,13 days 00:00:00,312,21.5,-133.75,1000.3,43.2
2026-07-12 06:00:00,6,9,2026-07-25 12:00:00,13 days 06:00:00,318,21.76,-135.12,1001.5,41.1
2026-07-12 06:00:00,6,9,2026-07-25 18:00:00,13 days 12:00:00,324,22.0,-136.5,1002.7,39.1
2026-07-12 06:00:00,6,9,2026-07-26 00:00:00,13 days 18:00:00,330,22.26,-137.87,1003.2,38.3
2026-07-12 06:00:00,6,9,2026-07-26 06:00:00,14 days 00:00:00,336,22.5,-139.25,1003.7,37.4
2026-07-12 06:00:00,7,9,2026-07-23 18:00:00,11 days 12:00:00,276,18.5,140.25,1004.3,36.3
2026-07-12 06:00:00,7,9,2026-07-24 00:00:00,11 days 18:00:00,282,18.5,139.0,1001.9,40.4
2026-07-12 06:00:00,7,9,2026-07-24 06:00:00,12 days 00:00:00,288,18.5,137.75,999.4,44.5
2026-07-12 06:00:00,7,9,2026-07-24 12:00:00,12 days 06:00:00,294,19.25,136.75,997.8,47.1
2026-07-12 06:00:00,7,9,2026-07-24 18:00:00,12 days 12:00:00,300,20.0,135.75,996.2,49.6
2026-07-12 06:00:00,7,9,2026-07-25 00:00:00,12 days 18:00:00,306,20.63,134.75,994.7,51.9
2026-07-12 06:00:00,7,9,2026-07-25 06:00:00,13 days 00:00:00,312,21.25,133.75,993.2,54.2
2026-07-12 06:00:00,7,9,2026-07-25 12:00:00,13 days 06:00:00,318,21.75,132.5,990.4,58.1
2026-07-12 06:00:00,7,9,2026-07-25 18:00:00,13 days 12:00:00,324,22.25,131.25,987.6,62.1
2026-07-12 06:00:00,7,9,2026-07-26 00:00:00,13 days 18:00:00,330,23.25,130.13,984.6,66.1
2026-07-12 06:00:00,7,9,2026-07-26 06:00:00,14 days 00:00:00,336,24.25,129.0,981.6,70.1
2026-07-12 06:00:00,7,9,2026-07-26 12:00:00,14 days 06:00:00,342,25.01,127.51,978.7,73.8
2026-07-12 06:00:00,7,9,2026-07-26 18:00:00,14 days 12:00:00,348,25.75,126.0,975.7,77.6
2026-07-12 06:00:00,7,9,2026-07-27 00:00:00,14 days 18:00:00,354,26.76,124.76,970.7,83.7
2026-07-12 06:00:00,7,9,2026-07-27 06:00:00,15 days 00:00:00,360,27.75,123.5,965.6,89.7
