# If this file contains data that relates to a time no more than 48 hours ago,
# BY USING IT YOU AGREE TO THE LEGALLY BINDING TERMS OF USE FOUND AT
#   https://storage.googleapis.com/weathernext-public/terms-of-use.pdf
# Any data that relates to a time more than 48 hours ago is licensed under the
# Creative Commons Attribution International License, Version 4.0 (CC BY 4.0).
# BEGIN DATA
init_time,track_id,sample,valid_time,lead_time,lead_time_hours,lat,lon,minimum_sea_level_pressure_hpa,maximum_sustained_wind_speed_knots
2026-07-27,1,0,2026-07-27 00:00:00,0 days 00:00:00,0,20.0,-143.0,995.2,51.2
2026-07-27,1,0,2026-07-27 06:00:00,0 days 06:00:00,6,20.38,-144.37,996.4,49.3
2026-07-27,1,0,2026-07-27 12:00:00,0 days 12:00:00,12,20.75,-145.75,997.6,47.5
2026-07-27,1,0,2026-07-27 18:00:00,0 days 18:00:00,18,21.13,-146.87,1001.1,41.6
2026-07-27,1,0,2026-07-28 00:00:00,1 days 00:00:00,24,21.5,-148.0,1004.7,35.7
2026-07-27,1,0,2026-07-28 06:00:00,1 days 06:00:00,30,21.76,-149.5,1005.6,33.9
2026-07-27,1,0,2026-07-28 12:00:00,1 days 12:00:00,36,22.0,-151.0,1006.6,32.2
2026-07-27,10,0,2026-08-08 12:00:00,12 days 12:00:00,300,-46.0,-137.0,971.5,82.9
2026-07-27,10,0,2026-08-08 18:00:00,12 days 18:00:00,306,-46.13,-136.13,969.7,85.0
2026-07-27,10,0,2026-08-09 00:00:00,13 days 00:00:00,312,-46.25,-135.25,967.9,87.1
2026-07-27,10,0,2026-08-09 06:00:00,13 days 06:00:00,318,-45.13,-135.63,971.2,83.2
2026-07-27,10,0,2026-08-09 12:00:00,13 days 12:00:00,324,-44.0,-136.0,974.4,79.2
2026-07-27,10,0,2026-08-09 18:00:00,13 days 18:00:00,330,-44.48,-131.89,973.7,80.2
2026-07-27,10,0,2026-08-10 00:00:00,14 days 00:00:00,336,-44.81,-127.7,972.9,81.1
2026-07-27,10,0,2026-08-10 06:00:00,14 days 06:00:00,342,-44.98,-123.47,972.2,82.0
2026-07-27,10,0,2026-08-10 12:00:00,14 days 12:00:00,348,-45.0,-119.25,971.4,82.9
2026-07-27,10,0,2026-08-10 18:00:00,14 days 18:00:00,354,-44.75,-119.0,970.1,84.5
2026-07-27,10,0,2026-08-11 00:00:00,15 days 00:00:00,360,-44.5,-118.75,968.8,86.0
2026-07-27,5,0,2026-07-27 00:00:00,0 days 00:00:00,0,14.5,-110.75,972.9,81.1
2026-07-27,5,0,2026-07-27 06:00:00,0 days 06:00:00,6,15.13,-111.62,974.2,79.5
2026-07-27,5,0,2026-07-27 12:00:00,0 days 12:00:00,12,15.75,-112.5,975.5,77.9
2026-07-27,5,0,2026-07-27 18:00:00,0 days 18:00:00,18,16.25,-113.37,975.0,78.5
2026-07-27,5,0,2026-07-28 00:00:00,1 days 00:00:00,24,16.75,-114.25,974.5,79.1
2026-07-27,5,0,2026-07-28 06:00:00,1 days 06:00:00,30,17.25,-115.0,975.2,78.3
2026-07-27,5,0,2026-07-28 12:00:00,1 days 12:00:00,36,17.75,-115.75,975.8,77.5
2026-07-27,5,0,2026-07-28 18:00:00,1 days 18:00:00,42,18.13,-116.5,977.6,75.2
2026-07-27,5,0,2026-07-29 00:00:00,2 days 00:00:00,48,18.5,-117.25,979.4,73.0
2026-07-27,5,0,2026-07-29 06:00:00,2 days 06:00:00,54,18.63,-118.12,981.9,69.8
2026-07-27,5,0,2026-07-29 12:00:00,2 days 12:00:00,60,18.75,-119.0,984.3,66.5
2026-07-27,5,0,2026-07-29 18:00:00,2 days 18:00:00,66,19.0,-119.62,986.6,63.4
2026-07-27,5,0,2026-07-30 00:00:00,3 days 00:00:00,72,19.25,-120.25,988.9,60.3
2026-07-27,5,0,2026-07-30 06:00:00,3 days 06:00:00,78,19.5,-121.37,990.5,58.1
2026-07-27,5,0,2026-07-30 12:00:00,3 days 12:00:00,84,19.75,-122.5,992.0,55.8
2026-07-27,5,0,2026-07-30 18:00:00,3 days 18:00:00,90,20.13,-123.62,993.1,54.3
2026-07-27,5,0,2026-07-31 00:00:00,4 days 00:00:00,96,20.5,-124.75,994.1,52.8
2026-07-27,5,0,2026-07-31 06:00:00,4 days 06:00:00,102,20.63,-126.0,997.3,47.8
2026-07-27,5,0,2026-07-31 12:00:00,4 days 12:00:00,108,20.75,-127.25,1000.5,42.8
2026-07-27,5,0,2026-07-31 18:00:00,4 days 18:00:00,114,21.13,-128.5,1002.5,39.4
2026-07-27,5,0,2026-08-01 00:00:00,5 days 00:00:00,120,21.5,-129.75,1004.5,36.0
2026-07-27,5,0,2026-08-01 06:00:00,5 days 06:00:00,126,22.21,-131.16,1005.2,34.8
2026-07-27,5,0,2026-08-01 12:00:00,5 days 12:00:00,132,22.9,-132.6,1005.8,33.6
2026-07-27,5,0,2026-08-01 18:00:00,5 days 18:00:00,138,23.58,-134.04,1006.5,32.4
2026-07-27,5,0,2026-08-02 00:00:00,6 days 00:00:00,144,24.25,-135.5,1007.1,31.2
2026-07-27,5,0,2026-08-02 06:00:00,6 days 06:00:00,150,24.51,-136.68,1007.6,30.2
2026-07-27,5,0,2026-08-02 12:00:00,6 days 12:00:00,156,24.77,-137.87,1008.1,29.3
2026-07-27,5,0,2026-08-02 18:00:00,6 days 18:00:00,162,25.01,-139.06,1008.6,28.3
2026-07-27,5,0,2026-08-03 00:00:00,7 days 00:00:00,168,25.25,-140.25,1009.1,27.3
2026-07-27,6,0,2026-07-27 00:00:00,0 days 00:00:00,0,21.25,88.5,992.6,54.9
2026-07-27,6,0,2026-07-27 06:00:00,0 days 06:00:00,6,21.25,88.25,992.7,54.8
2026-07-27,6,0,2026-07-27 12:00:00,0 days 12:00:00,12,21.25,88.0,992.8,54.7
2026-07-27,6,0,2026-07-27 18:00:00,0 days 18:00:00,18,21.63,87.75,992.2,55.5
2026-07-27,6,0,2026-07-28 00:00:00,1 days 00:00:00,24,22.0,87.5,991.7,56.3
2026-07-27,6,0,2026-07-28 06:00:00,1 days 06:00:00,30,22.13,87.13,991.6,56.5
2026-07-27,6,0,2026-07-28 12:00:00,1 days 12:00:00,36,22.25,86.75,991.4,56.7
2026-07-27,6,0,2026-07-28 18:00:00,1 days 18:00:00,42,22.13,85.37,992.6,55.0
2026-07-27,6,0,2026-07-29 00:00:00,2 days 00:00:00,48,22.0,84.0,993.7,53.4
2026-07-27,6,0,2026-07-29 06:00:00,2 days 06:00:00,54,22.26,83.01,993.9,53.1
2026-07-27,6,0,2026-07-29 12:00:00,2 days 12:00:00,60,22.51,82.01,994.1,52.7
2026-07-27,6,0,2026-07-29 18:00:00,2 days 18:00:00,66,22.76,81.01,994.4,52.4
2026-07-27,6,0,2026-07-30 00:00:00,3 days 00:00:00,72,23.0,80.0,994.6,52.1
2026-07-27,6,0,2026-07-30 06:00:00,3 days 06:00:00,78,22.72,77.99,994.1,52.8
2026-07-27,6,0,2026-07-30 12:00:00,3 days 12:00:00,84,22.42,75.98,993.6,53.6
2026-07-27,6,0,2026-07-30 18:00:00,3 days 18:00:00,90,22.1,73.98,993.0,54.4
2026-07-27,6,0,2026-07-31 00:00:00,4 days 00:00:00,96,21.75,72.0,992.5,55.1
2026-07-27,7,0,2026-07-27 00:00:00,0 days 00:00:00,0,12.75,178.25,1002.3,39.9
2026-07-27,7,0,2026-07-27 06:00:00,0 days 06:00:00,6,13.13,176.88,1000.7,42.5
2026-07-27,7,0,2026-07-27 12:00:00,0 days 12:00:00,12,13.5,175.5,999.1,45.1
2026-07-27,7,0,2026-07-27 18:00:00,0 days 18:00:00,18,13.38,174.37,997.9,47.0
2026-07-27,7,0,2026-07-28 00:00:00,1 days 00:00:00,24,13.25,173.25,996.7,48.8
2026-07-27,7,0,2026-07-28 06:00:00,1 days 06:00:00,30,13.5,172.13,996.9,48.6
2026-07-27,7,0,2026-07-28 12:00:00,1 days 12:00:00,36,13.75,171.0,997.0,48.3
2026-07-27,7,0,2026-07-28 18:00:00,1 days 18:00:00,42,14.13,170.25,995.2,51.1
2026-07-27,7,0,2026-07-29 00:00:00,2 days 00:00:00,48,14.5,169.5,993.4,53.8
2026-07-27,7,0,2026-07-29 06:00:00,2 days 06:00:00,54,15.13,168.75,991.8,56.2
2026-07-27,7,0,2026-07-29 12:00:00,2 days 12:00:00,60,15.75,168.0,990.1,58.5
2026-07-27,7,0,2026-07-29 18:00:00,2 days 18:00:00,66,16.25,167.5,988.9,60.3
2026-07-27,7,0,2026-07-30 00:00:00,3 days 00:00:00,72,16.75,167.0,987.6,62.1
2026-07-27,7,0,2026-07-30 06:00:00,3 days 06:00:00,78,17.25,166.13,986.4,63.7
2026-07-27,7,0,2026-07-30 12:00:00,3 days 12:00:00,84,17.75,165.25,985.3,65.3
2026-07-27,7,0,2026-07-30 18:00:00,3 days 18:00:00,90,18.25,164.25,980.9,70.9
2026-07-27,7,0,2026-07-31 00:00:00,4 days 00:00:00,96,18.75,163.25,976.6,76.5
2026-07-27,7,0,2026-07-31 06:00:00,4 days 06:00:00,102,19.13,162.13,972.6,81.5
2026-07-27,7,0,2026-07-31 12:00:00,4 days 12:00:00,108,19.5,161.0,968.5,86.4
2026-07-27,7,0,2026-07-31 18:00:00,4 days 18:00:00,114,20.13,159.88,964.5,91.0
2026-07-27,7,0,2026-08-01 00:00:00,5 days 00:00:00,120,20.75,158.75,960.5,95.6
2026-07-27,7,0,2026-08-01 06:00:00,5 days 06:00:00,126,21.63,157.76,962.2,93.7
2026-07-27,7,0,2026-08-01 12:00:00,5 days 12:00:00,132,22.5,156.75,963.9,91.8
2026-07-27,7,0,2026-08-01 18:00:00,5 days 18:00:00,138,23.25,155.63,961.3,94.7
2026-07-27,7,0,2026-08-02 00:00:00,6 days 00:00:00,144,24.0,154.5,958.7,97.7
2026-07-27,7,0,2026-08-02 06:00:00,6 days 06:00:00,150,24.75,153.38,959.7,96.5
2026-07-27,7,0,2026-08-02 12:00:00,6 days 12:00:00,156,25.5,152.25,960.8,95.3
2026-07-27,7,0,2026-08-02 18:00:00,6 days 18:00:00,162,26.13,151.5,959.3,96.9
2026-07-27,7,0,2026-08-03 00:00:00,7 days 00:00:00,168,26.75,150.75,957.9,98.6
2026-07-27,7,0,2026-08-03 06:00:00,7 days 06:00:00,174,27.38,150.0,958.5,97.8
2026-07-27,7,0,2026-08-03 12:00:00,7 days 12:00:00,180,28.0,149.25,959.2,97.1
2026-07-27,7,0,2026-08-03 18:00:00,7 days 18:00:00,186,28.5,148.38,958.7,97.7
2026-07-27,7,0,2026-08-04 00:00:00,8 days 00:00:00,192,29.0,147.5,958.1,98.3
2026-07-27,7,0,2026-08-04 06:00:00,8 days 06:00:00,198,29.5,146.63,958.4,98.0
2026-07-27,7,0,2026-08-04 12:00:00,8 days 12:00:00,204,30.0,145.75,958.6,97.8
2026-07-27,7,0,2026-08-04 18:00:00,8 days 18:00:00,210,30.38,145.13,957.6,98.9
2026-07-27,7,0,2026-08-05 00:00:00,9 days 00:00:00,216,30.75,144.5,956.7,99.9
2026-07-27,7,0,2026-08-05 06:00:00,9 days 06:00:00,222,31.13,144.0,959.7,96.5
2026-07-27,7,0,2026-08-05 12:00:00,9 days 12:00:00,228,31.5,143.5,962.8,93.0
2026-07-27,7,0,2026-08-05 18:00:00,9 days 18:00:00,234,31.75,142.88,965.9,89.5
2026-07-27,7,0,2026-08-06 00:00:00,10 days 00:00:00,240,32.0,142.25,968.9,85.9
2026-07-27,7,0,2026-08-06 06:00:00,10 days 06:00:00,246,32.38,141.75,969.8,84.8
2026-07-27,7,0,2026-08-06 12:00:00,10 days 12:00:00,252,32.75,141.25,970.7,83.8
2026-07-27,7,0,2026-08-06 18:00:00,10 days 18:00:00,258,33.13,140.63,973.8,80.0
2026-07-27,7,0,2026-08-07 00:00:00,11 days 00:00:00,264,33.5,140.0,976.8,76.3
2026-07-27,7,0,2026-08-07 06:00:00,11 days 06:00:00,270,34.38,139.75,981.5,70.2
2026-07-27,7,0,2026-08-07 12:00:00,11 days 12:00:00,276,35.25,139.5,986.1,64.1
2026-07-27,7,0,2026-08-07 18:00:00,11 days 18:00:00,282,36.63,138.52,989.8,58.9
2026-07-27,7,0,2026-08-08 00:00:00,12 days 00:00:00,288,38.0,137.5,993.5,53.7
2026-07-27,7,0,2026-08-08 06:00:00,12 days 06:00:00,294,38.75,136.88,993.8,53.2
2026-07-27,7,0,2026-08-08 12:00:00,12 days 12:00:00,300,39.5,136.25,994.1,52.7
2026-07-27,7,0,2026-08-08 18:00:00,12 days 18:00:00,306,40.13,135.88,994.1,52.7
2026-07-27,7,0,2026-08-09 00:00:00,13 days 00:00:00,312,40.75,135.5,994.1,52.7
2026-07-27,7,0,2026-08-09 06:00:00,13 days 06:00:00,318,41.38,135.38,995.0,51.5
2026-07-27,7,0,2026-08-09 12:00:00,13 days 12:00:00,324,42.0,135.25,995.8,50.2
2026-07-27,7,0,2026-08-09 18:00:00,13 days 18:00:00,330,42.63,135.62,997.8,47.1
2026-07-27,7,0,2026-08-10 00:00:00,14 days 00:00:00,336,43.25,136.0,999.8,43.9
2026-07-27,8,0,2026-08-03 00:00:00,7 days 00:00:00,168,14.75,163.5,1003.9,37.0
2026-07-27,8,0,2026-08-03 06:00:00,7 days 06:00:00,174,14.94,163.13,1003.4,37.9
2026-07-27,8,0,2026-08-03 12:00:00,7 days 12:00:00,180,15.13,162.75,1002.9,38.8
2026-07-27,8,0,2026-08-03 18:00:00,7 days 18:00:00,186,15.31,162.38,1002.4,39.7
2026-07-27,8,0,2026-08-04 00:00:00,8 days 00:00:00,192,15.5,162.0,1001.9,40.5
2026-07-27,8,0,2026-08-04 06:00:00,8 days 06:00:00,198,16.13,161.5,1000.8,42.3
2026-07-27,8,0,2026-08-04 12:00:00,8 days 12:00:00,204,16.75,161.0,999.8,44.0
2026-07-27,8,0,2026-08-04 18:00:00,8 days 18:00:00,210,17.0,161.37,998.6,45.9
2026-07-27,8,0,2026-08-05 00:00:00,9 days 00:00:00,216,17.25,161.75,997.4,47.7
2026-07-27,8,0,2026-08-05 06:00:00,9 days 06:00:00,222,18.25,162.37,997.6,47.4
2026-07-27,8,0,2026-08-05 12:00:00,9 days 12:00:00,228,19.25,163.0,997.9,47.1
2026-07-27,8,0,2026-08-05 18:00:00,9 days 18:00:00,234,20.38,162.5,997.7,47.2
2026-07-27,8,0,2026-08-06 00:00:00,10 days 00:00:00,240,21.5,162.0,997.6,47.4
2026-07-27,8,0,2026-08-06 06:00:00,10 days 06:00:00,246,22.38,161.13,997.1,48.3
2026-07-27,8,0,2026-08-06 12:00:00,10 days 12:00:00,252,23.25,160.25,996.5,49.1
2026-07-27,8,0,2026-08-06 18:00:00,10 days 18:00:00,258,24.13,158.88,994.6,51.9
2026-07-27,8,0,2026-08-07 00:00:00,11 days 00:00:00,264,25.0,157.5,992.8,54.8
2026-07-27,8,0,2026-08-07 06:00:00,11 days 06:00:00,270,25.0,156.38,991.2,56.9
2026-07-27,8,0,2026-08-07 12:00:00,11 days 12:00:00,276,25.0,155.25,989.7,59.1
2026-07-27,8,0,2026-08-07 18:00:00,11 days 18:00:00,282,25.25,154.63,987.4,62.3
2026-07-27,8,0,2026-08-08 00:00:00,12 days 00:00:00,288,25.5,154.0,985.1,65.5
2026-07-27,8,0,2026-08-08 06:00:00,12 days 06:00:00,294,25.5,153.38,983.9,67.1
2026-07-27,8,0,2026-08-08 12:00:00,12 days 12:00:00,300,25.5,152.75,982.7,68.7
2026-07-27,8,0,2026-08-08 18:00:00,12 days 18:00:00,306,26.38,152.38,982.0,69.6
2026-07-27,8,0,2026-08-09 00:00:00,13 days 00:00:00,312,27.25,152.0,981.4,70.4
2026-07-27,8,0,2026-08-09 06:00:00,13 days 06:00:00,318,28.13,151.5,980.0,72.2
2026-07-27,8,0,2026-08-09 12:00:00,13 days 12:00:00,324,29.0,151.0,978.5,74.1
2026-07-27,8,0,2026-08-09 18:00:00,13 days 18:00:00,330,29.63,150.13,978.2,74.5
2026-07-27,8,0,2026-08-10 00:00:00,14 days 00:00:00,336,30.25,149.25,977.9,74.9
2026-07-27,8,0,2026-08-10 06:00:00,14 days 06:00:00,342,31.0,148.51,977.2,75.8
2026-07-27,8,0,2026-08-10 12:00:00,14 days 12:00:00,348,31.75,147.75,976.5,76.7
2026-07-27,8,0,2026-08-10 18:00:00,14 days 18:00:00,354,31.75,147.12,976.4,76.7
2026-07-27,8,0,2026-08-11 00:00:00,15 days 00:00:00,360,31.75,146.5,976.4,76.8
2026-07-27,9,0,2026-08-08 00:00:00,12 days 00:00:00,288,21.0,125.5,1000.3,43.2
2026-07-27,9,0,2026-08-08 06:00:00,12 days 06:00:00,294,21.75,126.0,999.8,44.0
2026-07-27,9,0,2026-08-08 12:00:00,12 days 12:00:00,300,22.5,126.5,999.3,44.8
2026-07-27,9,0,2026-08-08 18:00:00,12 days 18:00:00,306,22.75,126.13,998.0,46.8
2026-07-27,9,0,2026-08-09 00:00:00,13 days 00:00:00,312,23.0,125.75,996.7,48.8
2026-07-27,9,0,2026-08-09 06:00:00,13 days 06:00:00,318,23.5,125.5,994.8,51.7
2026-07-27,9,0,2026-08-09 12:00:00,13 days 12:00:00,324,24.0,125.25,992.9,54.6
2026-07-27,9,0,2026-08-09 18:00:00,13 days 18:00:00,330,24.63,125.13,988.7,60.4
2026-07-27,9,0,2026-08-10 00:00:00,14 days 00:00:00,336,25.25,125.0,984.6,66.2
2026-07-27,9,0,2026-08-10 06:00:00,14 days 06:00:00,342,26.0,124.63,982.6,68.8
2026-07-27,9,0,2026-08-10 12:00:00,14 days 12:00:00,348,26.75,124.25,980.7,71.4
2026-07-27,9,0,2026-08-10 18:00:00,14 days 18:00:00,354,27.5,124.25,976.7,76.3
2026-07-27,9,0,2026-08-11 00:00:00,15 days 00:00:00,360,28.25,124.25,972.7,81.3
2026-07-27,1,1,2026-07-27 00:00:00,0 days 00:00:00,0,20.0,-143.0,995.2,51.2
2026-07-27,1,1,2026-07-27 06:00:00,0 days 06:00:00,6,20.38,-144.37,996.0,49.9
2026-07-27,1,1,2026-07-27 12:00:00,0 days 12:00:00,12,20.75,-145.75,996.9,48.6
2026-07-27,1,1,2026-07-27 18:00:00,0 days 18:00:00,18,21.13,-147.0,999.4,44.5
2026-07-27,1,1,2026-07-28 00:00:00,1 days 00:00:00,24,21.5,-148.25,1002.0,40.4
2026-07-27,10,1,2026-08-05 00:00:00,9 days 00:00:00,216,17.75,117.75,1004.7,35.6
2026-07-27,10,1,2026-08-05 06:00:00,9 days 06:00:00,222,17.75,117.62,1003.0,38.6
2026-07-27,10,1,2026-08-05 12:00:00,9 days 12:00:00,228,17.75,117.5,1001.2,41.6
2026-07-27,10,1,2026-08-05 18:00:00,9 days 18:00:00,234,18.0,117.5,1000.0,43.6
2026-07-27,10,1,2026-08-06 00:00:00,10 days 00:00:00,240,18.25,117.5,998.8,45.5
2026-07-27,10,1,2026-08-06 06:00:00,10 days 06:00:00,246,18.25,118.0,997.9,47.0
2026-07-27,10,1,2026-08-06 12:00:00,10 days 12:00:00,252,18.25,118.5,996.9,48.5
2026-07-27,10,1,2026-08-06 18:00:00,10 days 18:00:00,258,18.13,119.13,995.4,50.8
2026-07-27,10,1,2026-08-07 00:00:00,11 days 00:00:00,264,18.0,119.75,993.8,53.2
2026-07-27,10,1,2026-08-07 06:00:00,11 days 06:00:00,270,17.88,121.0,995.3,51.0
2026-07-27,10,1,2026-08-07 12:00:00,11 days 12:00:00,276,17.75,122.25,996.7,48.8
2026-07-27,10,1,2026-08-07 18:00:00,11 days 18:00:00,282,17.88,123.0,997.7,47.4
2026-07-27,10,1,2026-08-08 00:00:00,12 days 00:00:00,288,18.0,123.75,998.6,45.9
2026-07-27,10,1,2026-08-08 06:00:00,12 days 06:00:00,294,18.13,124.5,998.4,46.2
2026-07-27,10,1,2026-08-08 12:00:00,12 days 12:00:00,300,18.25,125.25,998.2,46.6
2026-07-27,10,1,2026-08-08 18:00:00,12 days 18:00:00,306,18.63,125.37,998.3,46.4
2026-07-27,10,1,2026-08-09 00:00:00,13 days 00:00:00,312,19.0,125.5,998.4,46.2
2026-07-27,10,1,2026-08-09 06:00:00,13 days 06:00:00,318,19.13,125.13,997.9,47.0
2026-07-27,10,1,2026-08-09 12:00:00,13 days 12:00:00,324,19.25,124.75,997.4,47.7
2026-07-27,10,1,2026-08-09 18:00:00,13 days 18:00:00,330,19.25,124.12,997.4,47.8
2026-07-27,10,1,2026-08-10 00:00:00,14 days 00:00:00,336,19.25,123.5,997.4,47.8
2026-07-27,10,1,2026-08-10 06:00:00,14 days 06:00:00,342,19.75,123.13,997.3,47.9
2026-07-27,10,1,2026-08-10 12:00:00,14 days 12:00:00,348,20.25,122.75,997.3,47.9
2026-07-27,10,1,2026-08-10 18:00:00,14 days 18:00:00,354,20.5,122.0,997.0,48.4
2026-07-27,10,1,2026-08-11 00:00:00,15 days 00:00:00,360,20.75,121.25,996.7,48.9
2026-07-27,5,1,2026-07-27 00:00:00,0 days 00:00:00,0,14.5,-110.75,972.9,81.1
2026-07-27,5,1,2026-07-27 06:00:00,0 days 06:00:00,6,15.25,-111.5,976.6,76.4
2026-07-27,5,1,2026-07-27 12:00:00,0 days 12:00:00,12,16.0,-112.25,980.4,71.7
2026-07-27,5,1,2026-07-27 18:00:00,0 days 18:00:00,18,16.38,-113.37,978.9,73.6
2026-07-27,5,1,2026-07-28 00:00:00,1 days 00:00:00,24,16.75,-114.5,977.4,75.5
2026-07-27,5,1,2026-07-28 06:00:00,1 days 06:00:00,30,17.0,-115.12,980.5,71.5
2026-07-27,5,1,2026-07-28 12:00:00,1 days 12:00:00,36,17.25,-115.75,983.6,67.5
2026-07-27,5,1,2026-07-28 18:00:00,1 days 18:00:00,42,17.25,-116.25,981.6,70.1
2026-07-27,5,1,2026-07-29 00:00:00,2 days 00:00:00,48,17.25,-116.75,979.7,72.7
2026-07-27,5,1,2026-07-29 06:00:00,2 days 06:00:00,54,17.75,-117.75,980.3,71.8
2026-07-27,5,1,2026-07-29 12:00:00,2 days 12:00:00,60,18.25,-118.75,981.0,71.0
2026-07-27,5,1,2026-07-29 18:00:00,2 days 18:00:00,66,18.5,-119.5,981.6,70.1
2026-07-27,5,1,2026-07-30 00:00:00,3 days 00:00:00,72,18.75,-120.25,982.3,69.2
2026-07-27,5,1,2026-07-30 06:00:00,3 days 06:00:00,78,19.0,-121.37,988.0,61.3
2026-07-27,5,1,2026-07-30 12:00:00,3 days 12:00:00,84,19.25,-122.5,993.6,53.5
2026-07-27,5,1,2026-07-30 18:00:00,3 days 18:00:00,90,19.63,-123.62,994.5,52.1
2026-07-27,5,1,2026-07-31 00:00:00,4 days 00:00:00,96,20.0,-124.75,995.5,50.8
2026-07-27,5,1,2026-07-31 06:00:00,4 days 06:00:00,102,20.26,-126.12,997.8,47.1
2026-07-27,5,1,2026-07-31 12:00:00,4 days 12:00:00,108,20.5,-127.5,1000.1,43.4
2026-07-27,5,1,2026-07-31 18:00:00,4 days 18:00:00,114,20.88,-128.75,1002.4,39.6
2026-07-27,5,1,2026-08-01 00:00:00,5 days 00:00:00,120,21.25,-130.0,1004.7,35.7
2026-07-27,5,1,2026-08-01 06:00:00,5 days 06:00:00,126,21.25,-131.0,1006.2,32.9
2026-07-27,5,1,2026-08-01 12:00:00,5 days 12:00:00,132,21.25,-132.0,1007.6,30.2
2026-07-27,6,1,2026-07-27 00:00:00,0 days 00:00:00,0,21.25,88.5,992.6,54.9
2026-07-27,6,1,2026-07-27 06:00:00,0 days 06:00:00,6,21.5,88.38,991.8,56.2
2026-07-27,6,1,2026-07-27 12:00:00,0 days 12:00:00,12,21.75,88.25,990.9,57.5
2026-07-27,6,1,2026-07-27 18:00:00,0 days 18:00:00,18,21.88,88.25,990.7,57.8
2026-07-27,6,1,2026-07-28 00:00:00,1 days 00:00:00,24,22.0,88.25,990.5,58.1
2026-07-27,6,1,2026-07-28 06:00:00,1 days 06:00:00,30,22.25,87.5,989.8,59.1
2026-07-27,6,1,2026-07-28 12:00:00,1 days 12:00:00,36,22.5,86.75,989.1,60.1
2026-07-27,6,1,2026-07-28 18:00:00,1 days 18:00:00,42,22.38,85.5,989.8,58.9
2026-07-27,6,1,2026-07-29 00:00:00,2 days 00:00:00,48,22.25,84.25,990.6,57.8
2026-07-27,6,1,2026-07-29 06:00:00,2 days 06:00:00,54,22.63,83.38,990.5,58.0
2026-07-27,6,1,2026-07-29 12:00:00,2 days 12:00:00,60,23.0,82.5,990.4,58.2
2026-07-27,6,1,2026-07-29 18:00:00,2 days 18:00:00,66,22.5,81.25,988.8,60.4
2026-07-27,6,1,2026-07-30 00:00:00,3 days 00:00:00,72,22.0,80.0,987.2,62.6
2026-07-27,6,1,2026-07-30 06:00:00,3 days 06:00:00,78,22.0,79.0,987.7,61.9
2026-07-27,6,1,2026-07-30 12:00:00,3 days 12:00:00,84,22.0,78.0,988.2,61.3
2026-07-27,6,1,2026-07-30 18:00:00,3 days 18:00:00,90,21.51,76.37,987.9,61.6
2026-07-27,6,1,2026-07-31 00:00:00,4 days 00:00:00,96,21.0,74.75,987.7,62.0
2026-07-27,6,1,2026-07-31 06:00:00,4 days 06:00:00,102,20.88,73.87,987.4,62.4
2026-07-27,6,1,2026-07-31 12:00:00,4 days 12:00:00,108,20.75,73.0,987.1,62.8
2026-07-27,6,1,2026-07-31 18:00:00,4 days 18:00:00,114,21.13,72.63,987.9,61.7
2026-07-27,6,1,2026-08-01 00:00:00,5 days 00:00:00,120,21.5,72.25,988.6,60.6
2026-07-27,6,1,2026-08-01 06:00:00,5 days 06:00:00,126,23.39,70.4,989.7,59.2
2026-07-27,6,1,2026-08-01 12:00:00,5 days 12:00:00,132,25.25,68.5,990.7,57.8
2026-07-27,7,1,2026-07-27 00:00:00,0 days 00:00:00,0,12.75,178.25,1002.3,39.9
2026-07-27,7,1,2026-07-27 06:00:00,0 days 06:00:00,6,13.0,176.88,1001.9,40.4
2026-07-27,7,1,2026-07-27 12:00:00,0 days 12:00:00,12,13.25,175.5,1001.6,41.0
2026-07-27,7,1,2026-07-27 18:00:00,0 days 18:00:00,18,13.13,174.25,999.8,43.9
2026-07-27,7,1,2026-07-28 00:00:00,1 days 00:00:00,24,13.0,173.0,998.0,46.9
2026-07-27,7,1,2026-07-28 06:00:00,1 days 06:00:00,30,13.13,172.0,997.2,48.0
2026-07-27,7,1,2026-07-28 12:00:00,1 days 12:00:00,36,13.25,171.0,996.5,49.1
2026-07-27,7,1,2026-07-28 18:00:00,1 days 18:00:00,42,13.5,170.5,994.4,52.3
2026-07-27,7,1,2026-07-29 00:00:00,2 days 00:00:00,48,13.75,170.0,992.3,55.4
2026-07-27,7,1,2026-07-29 06:00:00,2 days 06:00:00,54,14.25,169.38,991.3,56.9
2026-07-27,7,1,2026-07-29 12:00:00,2 days 12:00:00,60,14.75,168.75,990.3,58.4
2026-07-27,7,1,2026-07-29 18:00:00,2 days 18:00:00,66,15.25,168.13,988.4,61.0
2026-07-27,7,1,2026-07-30 00:00:00,3 days 00:00:00,72,15.75,167.5,986.4,63.7
2026-07-27,7,1,2026-07-30 06:00:00,3 days 06:00:00,78,16.25,167.0,983.7,67.3
2026-07-27,7,1,2026-07-30 12:00:00,3 days 12:00:00,84,16.75,166.5,981.0,70.9
2026-07-27,7,1,2026-07-30 18:00:00,3 days 18:00:00,90,17.38,165.63,977.2,75.7
2026-07-27,7,1,2026-07-31 00:00:00,4 days 00:00:00,96,18.0,164.75,973.5,80.4
2026-07-27,7,1,2026-07-31 06:00:00,4 days 06:00:00,102,18.63,164.0,967.6,87.4
2026-07-27,7,1,2026-07-31 12:00:00,4 days 12:00:00,108,19.25,163.25,961.7,94.3
2026-07-27,7,1,2026-07-31 18:00:00,4 days 18:00:00,114,19.88,162.38,960.6,95.5
2026-07-27,7,1,2026-08-01 00:00:00,5 days 00:00:00,120,20.5,161.5,959.6,96.7
2026-07-27,7,1,2026-08-01 06:00:00,5 days 06:00:00,126,21.13,160.38,958.4,98.0
2026-07-27,7,1,2026-08-01 12:00:00,5 days 12:00:00,132,21.75,159.25,957.2,99.4
2026-07-27,7,1,2026-08-01 18:00:00,5 days 18:00:00,138,22.63,158.26,958.2,98.2
2026-07-27,7,1,2026-08-02 00:00:00,6 days 00:00:00,144,23.5,157.25,959.2,97.1
2026-07-27,7,1,2026-08-02 06:00:00,6 days 06:00:00,150,24.13,156.38,955.8,100.9
2026-07-27,7,1,2026-08-02 12:00:00,6 days 12:00:00,156,24.75,155.5,952.4,104.7
2026-07-27,7,1,2026-08-02 18:00:00,6 days 18:00:00,162,25.5,154.63,951.7,105.4
2026-07-27,7,1,2026-08-03 00:00:00,7 days 00:00:00,168,26.25,153.75,951.0,106.1
2026-07-27,7,1,2026-08-03 06:00:00,7 days 06:00:00,174,26.63,153.0,955.2,101.5
2026-07-27,7,1,2026-08-03 12:00:00,7 days 12:00:00,180,27.0,152.25,959.4,96.9
2026-07-27,7,1,2026-08-03 18:00:00,7 days 18:00:00,186,27.5,151.5,958.5,97.9
2026-07-27,7,1,2026-08-04 00:00:00,8 days 00:00:00,192,28.0,150.75,957.5,99.0
2026-07-27,7,1,2026-08-04 06:00:00,8 days 06:00:00,198,28.38,149.63,955.7,101.0
2026-07-27,7,1,2026-08-04 12:00:00,8 days 12:00:00,204,28.75,148.5,953.9,103.0
2026-07-27,7,1,2026-08-04 18:00:00,8 days 18:00:00,210,29.13,147.25,957.6,98.9
2026-07-27,7,1,2026-08-05 00:00:00,9 days 00:00:00,216,29.5,146.0,961.3,94.8
2026-07-27,7,1,2026-08-05 06:00:00,9 days 06:00:00,222,29.5,144.88,958.7,97.6
2026-07-27,7,1,2026-08-05 12:00:00,9 days 12:00:00,228,29.5,143.75,956.2,100.5
2026-07-27,7,1,2026-08-05 18:00:00,9 days 18:00:00,234,30.13,143.0,956.4,100.3
2026-07-27,7,1,2026-08-06 00:00:00,10 days 00:00:00,240,30.75,142.25,956.5,100.1
2026-07-27,7,1,2026-08-06 06:00:00,10 days 06:00:00,246,31.25,141.38,958.8,97.6
2026-07-27,7,1,2026-08-06 12:00:00,10 days 12:00:00,252,31.75,140.5,961.1,95.0
2026-07-27,7,1,2026-08-06 18:00:00,10 days 18:00:00,258,32.13,139.75,963.7,92.0
2026-07-27,7,1,2026-08-07 00:00:00,11 days 00:00:00,264,32.5,139.0,966.3,89.0
2026-07-27,7,1,2026-08-07 06:00:00,11 days 06:00:00,270,33.38,139.12,969.3,85.4
2026-07-27,7,1,2026-08-07 12:00:00,11 days 12:00:00,276,34.25,139.25,972.4,81.8
2026-07-27,7,1,2026-08-07 18:00:00,11 days 18:00:00,282,35.13,139.62,977.1,75.9
2026-07-27,7,1,2026-08-08 00:00:00,12 days 00:00:00,288,36.0,140.0,981.7,70.0
2026-07-27,7,1,2026-08-08 06:00:00,12 days 06:00:00,294,36.88,140.99,984.5,66.3
2026-07-27,7,1,2026-08-08 12:00:00,12 days 12:00:00,300,37.75,142.0,987.2,62.6
2026-07-27,7,1,2026-08-08 18:00:00,12 days 18:00:00,306,38.5,142.87,987.0,62.9
2026-07-27,7,1,2026-08-09 00:00:00,13 days 00:00:00,312,39.25,143.75,986.7,63.3
2026-07-27,7,1,2026-08-09 06:00:00,13 days 06:00:00,318,39.51,145.37,988.2,61.2
2026-07-27,7,1,2026-08-09 12:00:00,13 days 12:00:00,324,39.75,147.0,989.8,59.1
2026-07-27,7,1,2026-08-09 18:00:00,13 days 18:00:00,330,39.89,148.87,991.0,57.4
2026-07-27,7,1,2026-08-10 00:00:00,14 days 00:00:00,336,40.0,150.75,992.2,55.7
2026-07-27,7,1,2026-08-10 06:00:00,14 days 06:00:00,342,40.52,152.74,993.0,54.4
2026-07-27,7,1,2026-08-10 12:00:00,14 days 12:00:00,348,41.0,154.75,993.8,53.2
2026-07-27,7,1,2026-08-10 18:00:00,14 days 18:00:00,354,42.52,157.07,992.2,55.6
2026-07-27,7,1,2026-08-11 00:00:00,15 days 00:00:00,360,44.0,159.5,990.6,57.9
2026-07-27,8,1,2026-08-03 12:00:00,7 days 12:00:00,180,31.25,49.0,992.6,55.0
2026-07-27,8,1,2026-08-03 18:00:00,7 days 18:00:00,186,31.68,55.86,992.4,55.3
2026-07-27,8,1,2026-08-04 00:00:00,8 days 00:00:00,192,31.75,62.75,992.2,55.6
2026-07-27,8,1,2026-08-04 06:00:00,8 days 06:00:00,198,31.88,62.75,991.5,56.6
2026-07-27,8,1,2026-08-04 12:00:00,8 days 12:00:00,204,32.0,62.75,990.8,57.7
2026-07-27,8,1,2026-08-04 18:00:00,8 days 18:00:00,210,32.0,63.0,992.8,54.7
2026-07-27,8,1,2026-08-05 00:00:00,9 days 00:00:00,216,32.0,63.25,994.8,51.7
2026-07-27,8,1,2026-08-05 06:00:00,9 days 06:00:00,222,32.0,63.0,994.7,51.9
2026-07-27,8,1,2026-08-05 12:00:00,9 days 12:00:00,228,32.0,62.75,994.5,52.1
2026-07-27,8,1,2026-08-05 18:00:00,9 days 18:00:00,234,32.0,62.75,995.7,50.4
2026-07-27,8,1,2026-08-06 00:00:00,10 days 00:00:00,240,32.0,62.75,996.9,48.6
2026-07-27,9,1,2026-08-04 12:00:00,8 days 12:00:00,204,10.25,-129.75,1005.4,34.4
2026-07-27,9,1,2026-08-04 18:00:00,8 days 18:00:00,210,11.25,-130.25,1004.9,35.3
2026-07-27,9,1,2026-08-05 00:00:00,9 days 00:00:00,216,12.25,-130.75,1004.4,36.1
2026-07-27,9,1,2026-08-05 06:00:00,9 days 06:00:00,222,12.5,-131.37,1002.9,38.8
2026-07-27,9,1,2026-08-05 12:00:00,9 days 12:00:00,228,12.75,-132.0,1001.3,41.5
2026-07-27,9,1,2026-08-05 18:00:00,9 days 18:00:00,234,13.0,-132.87,999.4,44.5
2026-07-27,9,1,2026-08-06 00:00:00,10 days 00:00:00,240,13.25,-133.75,997.5,47.6
2026-07-27,9,1,2026-08-06 06:00:00,10 days 06:00:00,246,13.13,-134.63,993.6,53.4
2026-07-27,9,1,2026-08-06 12:00:00,10 days 12:00:00,252,13.0,-135.5,989.7,59.1
2026-07-27,9,1,2026-08-06 18:00:00,10 days 18:00:00,258,13.0,-136.5,988.1,61.4
2026-07-27,9,1,2026-08-07 00:00:00,11 days 00:00:00,264,13.0,-137.5,986.5,63.6
2026-07-27,9,1,2026-08-07 06:00:00,11 days 06:00:00,270,13.0,-138.5,988.6,60.7
2026-07-27,9,1,2026-08-07 12:00:00,11 days 12:00:00,276,13.0,-139.5,990.6,57.8
2026-07-27,9,1,2026-08-07 18:00:00,11 days 18:00:00,282,13.13,-140.5,990.0,58.7
2026-07-27,9,1,2026-08-08 00:00:00,12 days 00:00:00,288,13.25,-141.5,989.4,59.6
2026-07-27,9,1,2026-08-08 06:00:00,12 days 06:00:00,294,13.38,-142.5,991.1,57.1
2026-07-27,9,1,2026-08-08 12:00:00,12 days 12:00:00,300,13.5,-143.5,992.9,54.6
2026-07-27,9,1,2026-08-08 18:00:00,12 days 18:00:00,306,13.75,-144.25,991.3,56.9
2026-07-27,9,1,2026-08-09 00:00:00,13 days 00:00:00,312,14.0,-145.0,989.7,59.2
2026-07-27,9,1,2026-08-09 06:00:00,13 days 06:00:00,318,14.25,-145.62,991.2,57.0
2026-07-27,9,1,2026-08-09 12:00:00,13 days 12:00:00,324,14.5,-146.25,992.8,54.7
2026-07-27,9,1,2026-08-09 18:00:00,13 days 18:00:00,330,15.25,-146.5,992.3,55.4
2026-07-27,9,1,2026-08-10 00:00:00,14 days 00:00:00,336,16.0,-146.75,991.9,56.1
2026-07-27,9,1,2026-08-10 06:00:00,14 days 06:00:00,342,16.5,-147.5,991.4,56.8
2026-07-27,9,1,2026-08-10 12:00:00,14 days 12:00:00,348,17.0,-148.25,990.9,57.5
2026-07-27,9,1,2026-08-10 18:00:00,14 days 18:00:00,354,17.25,-148.87,990.7,57.8
2026-07-27,9,1,2026-08-11 00:00:00,15 days 00:00:00,360,17.5,-149.5,990.5,58.1
2026-07-27,1,10,2026-07-27 00:00:00,0 days 00:00:00,0,20.0,-143.0,995.2,51.2
2026-07-27,1,10,2026-07-27 06:00:00,0 days 06:00:00,6,20.38,-144.5,996.4,49.3
2026-07-27,1,10,2026-07-27 12:00:00,0 days 12:00:00,12,20.75,-146.0,997.6,47.4
2026-07-27,1,10,2026-07-27 18:00:00,0 days 18:00:00,18,20.88,-147.25,1000.4,42.8
2026-07-27,1,10,2026-07-28 00:00:00,1 days 00:00:00,24,21.0,-148.5,1003.2,38.3
2026-07-27,5,10,2026-07-27 00:00:00,0 days 00:00:00,0,14.5,-110.75,972.9,81.1
2026-07-27,5,10,2026-07-27 06:00:00,0 days 06:00:00,6,15.13,-111.75,975.5,77.8
2026-07-27,5,10,2026-07-27 12:00:00,0 days 12:00:00,12,15.75,-112.75,978.2,74.5
2026-07-27,5,10,2026-07-27 18:00:00,0 days 18:00:00,18,16.13,-113.5,979.6,72.8
2026-07-27,5,10,2026-07-28 00:00:00,1 days 00:00:00,24,16.5,-114.25,980.9,71.0
2026-07-27,5,10,2026-07-28 06:00:00,1 days 06:00:00,30,16.88,-114.87,979.3,73.0
2026-07-27,5,10,2026-07-28 12:00:00,1 days 12:00:00,36,17.25,-115.5,977.7,75.1
2026-07-27,5,10,2026-07-28 18:00:00,1 days 18:00:00,42,17.38,-116.12,978.9,73.6
2026-07-27,5,10,2026-07-29 00:00:00,2 days 00:00:00,48,17.5,-116.75,980.1,72.1
2026-07-27,5,10,2026-07-29 06:00:00,2 days 06:00:00,54,17.63,-117.5,981.2,70.7
2026-07-27,5,10,2026-07-29 12:00:00,2 days 12:00:00,60,17.75,-118.25,982.2,69.4
2026-07-27,5,10,2026-07-29 18:00:00,2 days 18:00:00,66,18.0,-119.25,985.0,65.6
2026-07-27,5,10,2026-07-30 00:00:00,3 days 00:00:00,72,18.25,-120.25,987.8,61.8
2026-07-27,5,10,2026-07-30 06:00:00,3 days 06:00:00,78,18.38,-121.0,988.5,60.8
2026-07-27,5,10,2026-07-30 12:00:00,3 days 12:00:00,84,18.5,-121.75,989.2,59.9
2026-07-27,5,10,2026-07-30 18:00:00,3 days 18:00:00,90,18.75,-122.62,991.6,56.4
2026-07-27,5,10,2026-07-31 00:00:00,4 days 00:00:00,96,19.0,-123.5,994.1,52.8
2026-07-27,5,10,2026-07-31 06:00:00,4 days 06:00:00,102,19.25,-124.5,993.4,53.9
2026-07-27,5,10,2026-07-31 12:00:00,4 days 12:00:00,108,19.5,-125.5,992.7,54.9
2026-07-27,5,10,2026-07-31 18:00:00,4 days 18:00:00,114,19.51,-127.0,995.2,51.0
2026-07-27,5,10,2026-08-01 00:00:00,5 days 00:00:00,120,19.5,-128.5,997.8,47.2
2026-07-27,5,10,2026-08-01 06:00:00,5 days 06:00:00,126,19.75,-129.75,1000.1,43.3
2026-07-27,5,10,2026-08-01 12:00:00,5 days 12:00:00,132,20.0,-131.0,1002.5,39.5
2026-07-27,5,10,2026-08-01 18:00:00,5 days 18:00:00,138,20.26,-132.37,1003.5,37.7
2026-07-27,5,10,2026-08-02 00:00:00,6 days 00:00:00,144,20.5,-133.75,1004.5,36.0
2026-07-27,5,10,2026-08-02 06:00:00,6 days 06:00:00,150,21.38,-135.24,1004.3,36.4
2026-07-27,5,10,2026-08-02 12:00:00,6 days 12:00:00,156,22.25,-136.75,1004.0,36.9
2026-07-27,5,10,2026-08-02 18:00:00,6 days 18:00:00,162,22.63,-138.12,1004.1,36.8
2026-07-27,5,10,2026-08-03 00:00:00,7 days 00:00:00,168,23.0,-139.5,1004.1,36.7
2026-07-27,5,10,2026-08-03 06:00:00,7 days 06:00:00,174,23.75,-140.49,1005.2,34.7
2026-07-27,5,10,2026-08-03 12:00:00,7 days 12:00:00,180,24.5,-141.5,1006.4,32.6
2026-07-27,5,10,2026-08-03 18:00:00,7 days 18:00:00,186,26.0,-142.49,1005.6,34.1
2026-07-27,5,10,2026-08-04 00:00:00,8 days 00:00:00,192,27.5,-143.5,1004.7,35.6
2026-07-27,5,10,2026-08-04 06:00:00,8 days 06:00:00,198,28.75,-143.99,1004.0,36.8
2026-07-27,5,10,2026-08-04 12:00:00,8 days 12:00:00,204,30.0,-144.5,1003.3,38.1
2026-07-27,5,10,2026-08-04 18:00:00,8 days 18:00:00,210,31.25,-144.87,1005.5,34.1
2026-07-27,5,10,2026-08-05 00:00:00,9 days 00:00:00,216,32.5,-145.25,1007.7,30.1
2026-07-27,5,10,2026-08-05 06:00:00,9 days 06:00:00,222,33.75,-145.25,1009.0,27.5
2026-07-27,5,10,2026-08-05 12:00:00,9 days 12:00:00,228,35.0,-145.25,1010.2,25.0
2026-07-27,5,10,2026-08-05 18:00:00,9 days 18:00:00,234,36.0,-145.13,1012.2,20.3
2026-07-27,5,10,2026-08-06 00:00:00,10 days 00:00:00,240,37.0,-145.0,1014.3,15.7
2026-07-27,6,10,2026-07-27 00:00:00,0 days 00:00:00,0,21.25,88.5,992.6,54.9
2026-07-27,6,10,2026-07-27 06:00:00,0 days 06:00:00,6,21.38,88.25,991.6,56.5
2026-07-27,6,10,2026-07-27 12:00:00,0 days 12:00:00,12,21.5,88.0,990.5,58.0
2026-07-27,6,10,2026-07-27 18:00:00,0 days 18:00:00,18,21.88,87.88,989.7,59.1
2026-07-27,6,10,2026-07-28 00:00:00,1 days 00:00:00,24,22.25,87.75,988.9,60.3
2026-07-27,6,10,2026-07-28 06:00:00,1 days 06:00:00,30,22.26,86.12,989.9,58.9
2026-07-27,6,10,2026-07-28 12:00:00,1 days 12:00:00,36,22.25,84.5,990.9,57.4
2026-07-27,6,10,2026-07-28 18:00:00,1 days 18:00:00,42,22.25,84.5,991.4,56.8
2026-07-27,6,10,2026-07-29 00:00:00,2 days 00:00:00,48,22.25,84.5,991.8,56.1
2026-07-27,6,10,2026-07-29 06:00:00,2 days 06:00:00,54,22.25,83.25,991.7,56.3
2026-07-27,6,10,2026-07-29 12:00:00,2 days 12:00:00,60,22.25,82.0,991.6,56.5
2026-07-27,6,10,2026-07-29 18:00:00,2 days 18:00:00,66,21.63,80.87,991.4,56.7
2026-07-27,6,10,2026-07-30 00:00:00,3 days 00:00:00,72,21.0,79.75,991.2,57.0
2026-07-27,6,10,2026-07-30 06:00:00,3 days 06:00:00,78,22.0,79.01,991.6,56.4
2026-07-27,6,10,2026-07-30 12:00:00,3 days 12:00:00,84,23.0,78.25,992.0,55.9
2026-07-27,6,10,2026-07-30 18:00:00,3 days 18:00:00,90,22.51,76.24,991.6,56.4
2026-07-27,6,10,2026-07-31 00:00:00,4 days 00:00:00,96,22.0,74.25,991.2,57.0
2026-07-27,6,10,2026-07-31 06:00:00,4 days 06:00:00,102,22.25,73.0,990.6,57.9
2026-07-27,6,10,2026-07-31 12:00:00,4 days 12:00:00,108,22.5,71.75,989.9,58.9
2026-07-27,6,10,2026-07-31 18:00:00,4 days 18:00:00,114,22.63,71.87,989.6,59.2
2026-07-27,6,10,2026-08-01 00:00:00,5 days 00:00:00,120,22.75,72.0,989.4,59.6
2026-07-27,6,10,2026-08-01 06:00:00,5 days 06:00:00,126,23.13,71.19,990.9,57.4
2026-07-27,6,10,2026-08-01 12:00:00,5 days 12:00:00,132,23.51,70.38,992.4,55.2
2026-07-27,6,10,2026-08-01 18:00:00,5 days 18:00:00,138,23.88,69.57,993.9,53.0
2026-07-27,6,10,2026-08-02 00:00:00,6 days 00:00:00,144,24.25,68.75,995.4,50.8
2026-07-27,6,10,2026-08-02 06:00:00,6 days 06:00:00,150,27.91,65.73,993.6,53.6
2026-07-27,6,10,2026-08-02 12:00:00,6 days 12:00:00,156,31.5,62.5,991.7,56.3
2026-07-27,6,10,2026-08-02 18:00:00,6 days 18:00:00,162,31.75,62.87,993.3,54.0
2026-07-27,6,10,2026-08-03 00:00:00,7 days 00:00:00,168,32.0,63.25,994.8,51.7
2026-07-27,7,10,2026-07-27 00:00:00,0 days 00:00:00,0,12.75,178.25,1002.3,39.9
2026-07-27,7,10,2026-07-27 06:00:00,0 days 06:00:00,6,13.0,176.88,1001.1,41.8
2026-07-27,7,10,2026-07-27 12:00:00,0 days 12:00:00,12,13.25,175.5,1000.0,43.7
2026-07-27,7,10,2026-07-27 18:00:00,0 days 18:00:00,18,13.25,174.0,999.1,45.1
2026-07-27,7,10,2026-07-28 00:00:00,1 days 00:00:00,24,13.25,172.5,998.2,46.5
2026-07-27,7,10,2026-07-28 06:00:00,1 days 06:00:00,30,13.13,171.5,997.1,48.3
2026-07-27,7,10,2026-07-28 12:00:00,1 days 12:00:00,36,13.0,170.5,995.9,50.1
2026-07-27,7,10,2026-07-28 18:00:00,1 days 18:00:00,42,13.5,169.63,993.1,54.2
2026-07-27,7,10,2026-07-29 00:00:00,2 days 00:00:00,48,14.0,168.75,990.3,58.4
2026-07-27,7,10,2026-07-29 06:00:00,2 days 06:00:00,54,14.25,168.13,991.4,56.8
2026-07-27,7,10,2026-07-29 12:00:00,2 days 12:00:00,60,14.5,167.5,992.5,55.2
2026-07-27,7,10,2026-07-29 18:00:00,2 days 18:00:00,66,15.0,167.0,989.1,59.9
2026-07-27,7,10,2026-07-30 00:00:00,3 days 00:00:00,72,15.5,166.5,985.7,64.7
2026-07-27,7,10,2026-07-30 06:00:00,3 days 06:00:00,78,16.0,165.63,986.3,63.9
2026-07-27,7,10,2026-07-30 12:00:00,3 days 12:00:00,84,16.5,164.75,986.9,63.1
2026-07-27,7,10,2026-07-30 18:00:00,3 days 18:00:00,90,17.0,164.0,982.5,68.9
2026-07-27,7,10,2026-07-31 00:00:00,4 days 00:00:00,96,17.5,163.25,978.0,74.7
2026-07-27,7,10,2026-07-31 06:00:00,4 days 06:00:00,102,18.38,162.38,975.0,78.5
2026-07-27,7,10,2026-07-31 12:00:00,4 days 12:00:00,108,19.25,161.5,971.9,82.3
2026-07-27,7,10,2026-07-31 18:00:00,4 days 18:00:00,114,19.88,160.38,967.6,87.4
2026-07-27,7,10,2026-08-01 00:00:00,5 days 00:00:00,120,20.5,159.25,963.2,92.6
2026-07-27,7,10,2026-08-01 06:00:00,5 days 06:00:00,126,21.38,158.26,959.9,96.3
2026-07-27,7,10,2026-08-01 12:00:00,5 days 12:00:00,132,22.25,157.25,956.6,100.0
2026-07-27,7,10,2026-08-01 18:00:00,5 days 18:00:00,138,23.25,156.26,956.6,100.1
2026-07-27,7,10,2026-08-02 00:00:00,6 days 00:00:00,144,24.25,155.25,956.5,100.1
2026-07-27,7,10,2026-08-02 06:00:00,6 days 06:00:00,150,25.13,154.01,959.3,96.9
2026-07-27,7,10,2026-08-02 12:00:00,6 days 12:00:00,156,26.0,152.75,962.2,93.7
2026-07-27,7,10,2026-08-02 18:00:00,6 days 18:00:00,162,26.88,151.76,963.4,92.4
2026-07-27,7,10,2026-08-03 00:00:00,7 days 00:00:00,168,27.75,150.75,964.5,91.0
2026-07-27,7,10,2026-08-03 06:00:00,7 days 06:00:00,174,28.25,150.13,963.2,92.6
2026-07-27,7,10,2026-08-03 12:00:00,7 days 12:00:00,180,28.75,149.5,961.8,94.1
2026-07-27,7,10,2026-08-03 18:00:00,7 days 18:00:00,186,29.5,148.38,964.3,91.3
2026-07-27,7,10,2026-08-04 00:00:00,8 days 00:00:00,192,30.25,147.25,966.8,88.4
2026-07-27,7,10,2026-08-04 06:00:00,8 days 06:00:00,198,30.63,146.13,968.5,86.4
2026-07-27,7,10,2026-08-04 12:00:00,8 days 12:00:00,204,31.0,145.0,970.1,84.4
2026-07-27,7,10,2026-08-04 18:00:00,8 days 18:00:00,210,31.14,143.38,969.9,84.8
2026-07-27,7,10,2026-08-05 00:00:00,9 days 00:00:00,216,31.25,141.75,969.6,85.1
2026-07-27,7,10,2026-08-05 06:00:00,9 days 06:00:00,222,31.75,140.88,969.3,85.4
2026-07-27,7,10,2026-08-05 12:00:00,9 days 12:00:00,228,32.25,140.0,969.0,85.8
2026-07-27,7,10,2026-08-05 18:00:00,9 days 18:00:00,234,32.38,138.75,971.0,83.4
2026-07-27,7,10,2026-08-06 00:00:00,10 days 00:00:00,240,32.5,137.5,972.9,81.1
2026-07-27,7,10,2026-08-06 06:00:00,10 days 06:00:00,246,33.38,136.51,978.9,73.5
2026-07-27,7,10,2026-08-06 12:00:00,10 days 12:00:00,252,34.25,135.5,984.8,65.9
2026-07-27,7,10,2026-08-06 18:00:00,10 days 18:00:00,258,35.0,134.63,989.3,59.5
2026-07-27,7,10,2026-08-07 00:00:00,11 days 00:00:00,264,35.75,133.75,993.9,53.1
2026-07-27,7,10,2026-08-07 06:00:00,11 days 06:00:00,270,35.88,133.63,994.5,52.3
2026-07-27,7,10,2026-08-07 12:00:00,11 days 12:00:00,276,36.0,133.5,995.0,51.4
2026-07-27,7,10,2026-08-07 18:00:00,11 days 18:00:00,282,36.25,133.75,995.9,50.1
2026-07-27,7,10,2026-08-08 00:00:00,12 days 00:00:00,288,36.5,134.0,996.7,48.9
2026-07-27,7,10,2026-08-08 06:00:00,12 days 06:00:00,294,36.75,134.62,996.3,49.4
2026-07-27,7,10,2026-08-08 12:00:00,12 days 12:00:00,300,37.0,135.25,995.9,50.0
2026-07-27,7,10,2026-08-08 18:00:00,12 days 18:00:00,306,38.02,137.35,997.4,47.7
2026-07-27,7,10,2026-08-09 00:00:00,13 days 00:00:00,312,39.0,139.5,998.9,45.4
2026-07-27,7,10,2026-08-09 06:00:00,13 days 06:00:00,318,37.88,140.26,999.0,45.3
2026-07-27,7,10,2026-08-09 12:00:00,13 days 12:00:00,324,36.75,141.0,999.0,45.2
2026-07-27,7,10,2026-08-09 18:00:00,13 days 18:00:00,330,36.0,141.13,998.4,46.2
2026-07-27,7,10,2026-08-10 00:00:00,14 days 00:00:00,336,35.25,141.25,997.8,47.1
2026-07-27,8,10,2026-08-07 00:00:00,11 days 00:00:00,264,10.75,-139.25,1005.4,34.5
2026-07-27,8,10,2026-08-07 06:00:00,11 days 06:00:00,270,11.5,-139.62,1004.7,35.6
2026-07-27,8,10,2026-08-07 12:00:00,11 days 12:00:00,276,12.25,-140.0,1004.1,36.7
2026-07-27,8,10,2026-08-07 18:00:00,11 days 18:00:00,282,11.88,-141.13,1003.8,37.2
2026-07-27,8,10,2026-08-08 00:00:00,12 days 00:00:00,288,11.5,-142.25,1003.5,37.8
2026-07-27,8,10,2026-08-08 06:00:00,12 days 06:00:00,294,12.13,-142.13,1002.6,39.3
2026-07-27,8,10,2026-08-08 12:00:00,12 days 12:00:00,300,12.75,-142.0,1001.7,40.9
2026-07-27,8,10,2026-08-08 18:00:00,12 days 18:00:00,306,12.88,-142.75,1001.8,40.7
2026-07-27,8,10,2026-08-09 00:00:00,13 days 00:00:00,312,13.0,-143.5,1001.9,40.5
2026-07-27,8,10,2026-08-09 06:00:00,13 days 06:00:00,318,13.38,-144.0,999.7,44.1
2026-07-27,8,10,2026-08-09 12:00:00,13 days 12:00:00,324,13.75,-144.5,997.4,47.7
2026-07-27,8,10,2026-08-09 18:00:00,13 days 18:00:00,330,14.13,-144.62,997.8,47.1
2026-07-27,8,10,2026-08-10 00:00:00,14 days 00:00:00,336,14.5,-144.75,998.2,46.4
2026-07-27,8,10,2026-08-10 06:00:00,14 days 06:00:00,342,15.13,-144.87,998.6,45.8
2026-07-27,8,10,2026-08-10 12:00:00,14 days 12:00:00,348,15.75,-145.0,999.0,45.3
2026-07-27,1,11,2026-07-27 00:00:00,0 days 00:00:00,0,20.0,-143.0,995.2,51.2
2026-07-27,1,11,2026-07-27 06:00:00,0 days 06:00:00,6,20.38,-144.37,994.4,52.3
2026-07-27,1,11,2026-07-27 12:00:00,0 days 12:00:00,12,20.75,-145.75,993.7,53.4
2026-07-27,1,11,2026-07-27 18:00:00,0 days 18:00:00,18,21.0,-146.87,997.0,48.3
2026-07-27,1,11,2026-07-28 00:00:00,1 days 00:00:00,24,21.25,-148.0,1000.2,43.2
2026-07-27,1,11,2026-07-28 06:00:00,1 days 06:00:00,30,21.38,-149.25,1002.6,39.3
2026-07-27,1,11,2026-07-28 12:00:00,1 days 12:00:00,36,21.5,-150.5,1004.9,35.3
2026-07-27,5,11,2026-07-27 00:00:00,0 days 00:00:00,0,14.5,-110.75,972.9,81.1
2026-07-27,5,11,2026-07-27 06:00:00,0 days 06:00:00,6,15.25,-111.62,975.3,78.2
2026-07-27,5,11,2026-07-27 12:00:00,0 days 12:00:00,12,16.0,-112.5,977.6,75.2
2026-07-27,5,11,2026-07-27 18:00:00,0 days 18:00:00,18,16.5,-113.37,981.0,70.8
2026-07-27,5,11,2026-07-28 00:00:00,1 days 00:00:00,24,17.0,-114.25,984.4,66.4
2026-07-27,5,11,2026-07-28 06:00:00,1 days 06:00:00,30,17.25,-115.0,982.5,69.0
2026-07-27,5,11,2026-07-28 12:00:00,1 days 12:00:00,36,17.5,-115.75,980.5,71.5
2026-07-27,5,11,2026-07-28 18:00:00,1 days 18:00:00,42,17.75,-116.37,982.4,69.0
2026-07-27,5,11,2026-07-29 00:00:00,2 days 00:00:00,48,18.0,-117.0,984.3,66.6
2026-07-27,5,11,2026-07-29 06:00:00,2 days 06:00:00,54,18.13,-117.75,983.4,67.8
2026-07-27,5,11,2026-07-29 12:00:00,2 days 12:00:00,60,18.25,-118.5,982.5,69.0
2026-07-27,5,11,2026-07-29 18:00:00,2 days 18:00:00,66,18.5,-119.37,982.2,69.3
2026-07-27,5,11,2026-07-30 00:00:00,3 days 00:00:00,72,18.75,-120.25,982.0,69.7
2026-07-27,5,11,2026-07-30 06:00:00,3 days 06:00:00,78,19.0,-121.37,981.8,69.9
2026-07-27,5,11,2026-07-30 12:00:00,3 days 12:00:00,84,19.25,-122.5,981.6,70.1
2026-07-27,5,11,2026-07-30 18:00:00,3 days 18:00:00,90,19.5,-123.62,985.5,64.8
2026-07-27,5,11,2026-07-31 00:00:00,4 days 00:00:00,96,19.75,-124.75,989.4,59.5
2026-07-27,5,11,2026-07-31 06:00:00,4 days 06:00:00,102,19.75,-126.0,989.6,59.3
2026-07-27,5,11,2026-07-31 12:00:00,4 days 12:00:00,108,19.75,-127.25,989.7,59.1
2026-07-27,5,11,2026-07-31 18:00:00,4 days 18:00:00,114,20.13,-128.75,992.7,54.7
2026-07-27,5,11,2026-08-01 00:00:00,5 days 00:00:00,120,20.5,-130.25,995.8,50.3
2026-07-27,5,11,2026-08-01 06:00:00,5 days 06:00:00,126,20.76,-131.75,998.4,46.2
2026-07-27,5,11,2026-08-01 12:00:00,5 days 12:00:00,132,21.0,-133.25,1000.9,42.1
2026-07-27,5,11,2026-08-01 18:00:00,5 days 18:00:00,138,21.51,-135.12,1000.4,43.0
2026-07-27,5,11,2026-08-02 00:00:00,6 days 00:00:00,144,22.0,-137.0,999.8,43.9
2026-07-27,5,11,2026-08-02 06:00:00,6 days 06:00:00,150,22.13,-138.5,1000.7,42.5
2026-07-27,5,11,2026-08-02 12:00:00,6 days 12:00:00,156,22.25,-140.0,1001.5,41.1
2026-07-27,5,11,2026-08-02 18:00:00,6 days 18:00:00,162,22.38,-141.37,1003.0,38.5
2026-07-27,5,11,2026-08-03 00:00:00,7 days 00:00:00,168,22.5,-142.75,1004.5,35.9
2026-07-27,6,11,2026-07-27 00:00:00,0 days 00:00:00,0,21.25,88.5,992.6,54.9
2026-07-27,6,11,2026-07-27 06:00:00,0 days 06:00:00,6,21.63,88.25,992.3,55.4
2026-07-27,6,11,2026-07-27 12:00:00,0 days 12:00:00,12,22.0,88.0,992.0,55.9
2026-07-27,6,11,2026-07-27 18:00:00,0 days 18:00:00,18,22.13,87.5,992.1,55.7
2026-07-27,6,11,2026-07-28 00:00:00,1 days 00:00:00,24,22.25,87.0,992.3,55.5
2026-07-27,6,11,2026-07-28 06:00:00,1 days 06:00:00,30,22.63,86.5,992.0,55.9
2026-07-27,6,11,2026-07-28 12:00:00,1 days 12:00:00,36,23.0,86.0,991.7,56.3
2026-07-27,6,11,2026-07-28 18:00:00,1 days 18:00:00,42,22.63,85.5,992.2,55.5
2026-07-27,6,11,2026-07-29 00:00:00,2 days 00:00:00,48,22.25,85.0,992.8,54.7
2026-07-27,6,11,2026-07-29 06:00:00,2 days 06:00:00,54,27.4,82.62,993.5,53.7
2026-07-27,6,11,2026-07-29 12:00:00,2 days 12:00:00,60,32.5,80.0,994.1,52.8
2026-07-27,6,11,2026-07-29 18:00:00,2 days 18:00:00,66,27.75,80.0,993.9,53.0
2026-07-27,6,11,2026-07-30 00:00:00,3 days 00:00:00,72,23.0,80.0,993.8,53.3
2026-07-27,6,11,2026-07-30 06:00:00,3 days 06:00:00,78,23.0,79.12,993.0,54.4
2026-07-27,6,11,2026-07-30 12:00:00,3 days 12:00:00,84,23.0,78.25,992.3,55.4
2026-07-27,6,11,2026-07-30 18:00:00,3 days 18:00:00,90,22.75,77.37,992.8,54.7
2026-07-27,6,11,2026-07-31 00:00:00,4 days 00:00:00,96,22.5,76.5,993.3,54.0
2026-07-27,6,11,2026-07-31 06:00:00,4 days 06:00:00,102,22.51,74.88,992.4,55.3
2026-07-27,6,11,2026-07-31 12:00:00,4 days 12:00:00,108,22.5,73.25,991.5,56.6
2026-07-27,7,11,2026-07-27 00:00:00,0 days 00:00:00,0,12.75,178.25,1002.3,39.9
2026-07-27,7,11,2026-07-27 06:00:00,0 days 06:00:00,6,12.75,176.88,1002.2,40.0
2026-07-27,7,11,2026-07-27 12:00:00,0 days 12:00:00,12,12.75,175.5,1002.1,40.1
2026-07-27,7,11,2026-07-27 18:00:00,0 days 18:00:00,18,12.75,174.12,1000.6,42.7
2026-07-27,7,11,2026-07-28 00:00:00,1 days 00:00:00,24,12.75,172.75,999.0,45.2
2026-07-27,7,11,2026-07-28 06:00:00,1 days 06:00:00,30,13.13,171.88,997.8,47.1
2026-07-27,7,11,2026-07-28 12:00:00,1 days 12:00:00,36,13.5,171.0,996.7,48.9
2026-07-27,7,11,2026-07-28 18:00:00,1 days 18:00:00,42,13.88,170.13,994.2,52.6
2026-07-27,7,11,2026-07-29 00:00:00,2 days 00:00:00,48,14.25,169.25,991.6,56.4
2026-07-27,7,11,2026-07-29 06:00:00,2 days 06:00:00,54,14.63,168.5,990.2,58.5
2026-07-27,7,11,2026-07-29 12:00:00,2 days 12:00:00,60,15.0,167.75,988.7,60.6
2026-07-27,7,11,2026-07-29 18:00:00,2 days 18:00:00,66,15.38,167.13,987.1,62.8
2026-07-27,7,11,2026-07-30 00:00:00,3 days 00:00:00,72,15.75,166.5,985.5,65.0
2026-07-27,7,11,2026-07-30 06:00:00,3 days 06:00:00,78,16.0,165.63,983.6,67.5
2026-07-27,7,11,2026-07-30 12:00:00,3 days 12:00:00,84,16.25,164.75,981.8,69.9
2026-07-27,7,11,2026-07-30 18:00:00,3 days 18:00:00,90,16.63,164.13,977.4,75.4
2026-07-27,7,11,2026-07-31 00:00:00,4 days 00:00:00,96,17.0,163.5,973.1,80.8
2026-07-27,7,11,2026-07-31 06:00:00,4 days 06:00:00,102,17.38,162.63,973.4,80.6
2026-07-27,7,11,2026-07-31 12:00:00,4 days 12:00:00,108,17.75,161.75,973.6,80.3
2026-07-27,7,11,2026-07-31 18:00:00,4 days 18:00:00,114,18.5,161.0,970.7,83.7
2026-07-27,7,11,2026-08-01 00:00:00,5 days 00:00:00,120,19.25,160.25,967.8,87.2
2026-07-27,7,11,2026-08-01 06:00:00,5 days 06:00:00,126,20.0,159.25,966.5,88.7
2026-07-27,7,11,2026-08-01 12:00:00,5 days 12:00:00,132,20.75,158.25,965.3,90.2
2026-07-27,7,11,2026-08-01 18:00:00,5 days 18:00:00,138,22.0,157.13,963.1,92.7
2026-07-27,7,11,2026-08-02 00:00:00,6 days 00:00:00,144,23.25,156.0,960.9,95.2
2026-07-27,7,11,2026-08-02 06:00:00,6 days 06:00:00,150,24.13,154.76,960.4,95.7
2026-07-27,7,11,2026-08-02 12:00:00,6 days 12:00:00,156,25.0,153.5,960.0,96.2
2026-07-27,7,11,2026-08-02 18:00:00,6 days 18:00:00,162,26.0,152.38,962.0,94.0
2026-07-27,7,11,2026-08-03 00:00:00,7 days 00:00:00,168,27.0,151.25,963.9,91.8
2026-07-27,7,11,2026-08-03 06:00:00,7 days 06:00:00,174,27.88,150.26,965.8,89.6
2026-07-27,7,11,2026-08-03 12:00:00,7 days 12:00:00,180,28.75,149.25,967.6,87.4
2026-07-27,7,11,2026-08-03 18:00:00,7 days 18:00:00,186,29.5,148.38,967.3,87.8
2026-07-27,7,11,2026-08-04 00:00:00,8 days 00:00:00,192,30.25,147.5,967.0,88.1
2026-07-27,7,11,2026-08-04 06:00:00,8 days 06:00:00,198,30.63,146.88,968.5,86.4
2026-07-27,7,11,2026-08-04 12:00:00,8 days 12:00:00,204,31.0,146.25,970.0,84.7
2026-07-27,7,11,2026-08-04 18:00:00,8 days 18:00:00,210,31.38,145.88,972.7,81.3
2026-07-27,7,11,2026-08-05 00:00:00,9 days 00:00:00,216,31.75,145.5,975.4,78.0
2026-07-27,7,11,2026-08-05 06:00:00,9 days 06:00:00,222,31.75,145.25,974.9,78.7
2026-07-27,7,11,2026-08-05 12:00:00,9 days 12:00:00,228,31.75,145.0,974.4,79.3
2026-07-27,7,11,2026-08-05 18:00:00,9 days 18:00:00,234,31.88,145.25,975.1,78.4
2026-07-27,7,11,2026-08-06 00:00:00,10 days 00:00:00,240,32.0,145.5,975.8,77.5
2026-07-27,7,11,2026-08-06 06:00:00,10 days 06:00:00,246,32.38,145.75,977.1,75.9
2026-07-27,7,11,2026-08-06 12:00:00,10 days 12:00:00,252,32.75,146.0,978.4,74.3
2026-07-27,7,11,2026-08-06 18:00:00,10 days 18:00:00,258,33.0,145.75,979.1,73.3
2026-07-27,7,11,2026-08-07 00:00:00,11 days 00:00:00,264,33.25,145.5,979.9,72.4
2026-07-27,7,11,2026-08-07 06:00:00,11 days 06:00:00,270,33.5,145.0,981.4,70.4
2026-07-27,7,11,2026-08-07 12:00:00,11 days 12:00:00,276,33.75,144.5,982.9,68.4
2026-07-27,7,11,2026-08-07 18:00:00,11 days 18:00:00,282,34.13,143.63,984.4,66.5
2026-07-27,7,11,2026-08-08 00:00:00,12 days 00:00:00,288,34.5,142.75,985.8,64.5
2026-07-27,7,11,2026-08-08 06:00:00,12 days 06:00:00,294,34.75,142.0,986.9,63.0
2026-07-27,7,11,2026-08-08 12:00:00,12 days 12:00:00,300,35.0,141.25,988.0,61.6
2026-07-27,7,11,2026-08-08 18:00:00,12 days 18:00:00,306,35.5,140.63,991.1,57.2
2026-07-27,7,11,2026-08-09 00:00:00,13 days 00:00:00,312,36.0,140.0,994.1,52.7
2026-07-27,7,11,2026-08-09 06:00:00,13 days 06:00:00,318,37.01,138.52,995.5,50.6
2026-07-27,7,11,2026-08-09 12:00:00,13 days 12:00:00,324,38.0,137.0,996.9,48.5
2026-07-27,7,11,2026-08-09 18:00:00,13 days 18:00:00,330,38.75,136.75,997.7,47.3
2026-07-27,7,11,2026-08-10 00:00:00,14 days 00:00:00,336,39.5,136.5,998.5,46.1
2026-07-27,7,11,2026-08-10 06:00:00,14 days 06:00:00,342,39.75,136.0,1000.3,43.1
2026-07-27,7,11,2026-08-10 12:00:00,14 days 12:00:00,348,40.0,135.5,1002.1,40.2
2026-07-27,7,11,2026-08-10 18:00:00,14 days 18:00:00,354,40.13,135.75,1003.0,38.6
2026-07-27,7,11,2026-08-11 00:00:00,15 days 00:00:00,360,40.25,136.0,1003.9,37.0
2026-07-27,8,11,2026-08-08 00:00:00,12 days 00:00:00,288,22.75,88.75,996.7,48.9
2026-07-27,8,11,2026-08-08 06:00:00,12 days 06:00:00,294,22.75,88.75,996.0,50.0
2026-07-27,8,11,2026-08-08 12:00:00,12 days 12:00:00,300,22.75,88.75,995.2,51.1
2026-07-27,8,11,2026-08-08 18:00:00,12 days 18:00:00,306,22.63,89.63,995.7,50.4
2026-07-27,8,11,2026-08-09 00:00:00,13 days 00:00:00,312,22.5,90.5,996.1,49.8
2026-07-27,8,11,2026-08-09 06:00:00,13 days 06:00:00,318,22.88,90.25,995.3,51.0
2026-07-27,8,11,2026-08-09 12:00:00,13 days 12:00:00,324,23.25,90.0,994.6,52.1
2026-07-27,8,11,2026-08-09 18:00:00,13 days 18:00:00,330,23.0,89.87,994.5,52.3
2026-07-27,8,11,2026-08-10 00:00:00,14 days 00:00:00,336,22.75,89.75,994.4,52.4
2026-07-27,8,11,2026-08-10 06:00:00,14 days 06:00:00,342,22.88,89.38,994.8,51.8
2026-07-27,8,11,2026-08-10 12:00:00,14 days 12:00:00,348,23.0,89.0,995.2,51.2
2026-07-27,8,11,2026-08-10 18:00:00,14 days 18:00:00,354,23.0,88.0,996.6,49.0
2026-07-27,8,11,2026-08-11 00:00:00,15 days 00:00:00,360,23.0,87.0,998.1,46.7
2026-07-27,1,12,2026-07-27 00:00:00,0 days 00:00:00,0,20.0,-143.0,995.2,51.2
2026-07-27,1,12,2026-07-27 06:00:00,0 days 06:00:00,6,20.38,-144.37,997.1,48.2
2026-07-27,1,12,2026-07-27 12:00:00,0 days 12:00:00,12,20.75,-145.75,999.1,45.1
2026-07-27,1,12,2026-07-27 18:00:00,0 days 18:00:00,18,21.01,-147.12,1001.4,41.3
2026-07-27,1,12,2026-07-28 00:00:00,1 days 00:00:00,24,21.25,-148.5,1003.7,37.4
2026-07-27,10,12,2026-08-03 00:00:00,7 days 00:00:00,168,16.0,123.25,1004.7,35.6
2026-07-27,10,12,2026-08-03 06:00:00,7 days 06:00:00,174,16.06,123.56,1004.5,36.0
2026-07-27,10,12,2026-08-03 12:00:00,7 days 12:00:00,180,16.13,123.87,1004.3,36.4
2026-07-27,10,12,2026-08-03 18:00:00,7 days 18:00:00,186,16.19,124.19,1004.0,36.8
2026-07-27,10,12,2026-08-04 00:00:00,8 days 00:00:00,192,16.25,124.5,1003.8,37.2
2026-07-27,10,12,2026-08-04 06:00:00,8 days 06:00:00,198,16.63,124.62,1003.0,38.6
2026-07-27,10,12,2026-08-04 12:00:00,8 days 12:00:00,204,17.0,124.75,1002.2,39.9
2026-07-27,10,12,2026-08-04 18:00:00,8 days 18:00:00,210,17.13,124.87,1001.4,41.4
2026-07-27,10,12,2026-08-05 00:00:00,9 days 00:00:00,216,17.25,125.0,1000.5,42.8
2026-07-27,10,12,2026-08-05 06:00:00,9 days 06:00:00,222,17.13,125.25,999.9,43.7
2026-07-27,10,12,2026-08-05 12:00:00,9 days 12:00:00,228,17.0,125.5,999.4,44.6
2026-07-27,10,12,2026-08-05 18:00:00,9 days 18:00:00,234,16.88,125.37,998.6,45.9
2026-07-27,10,12,2026-08-06 00:00:00,10 days 00:00:00,240,16.75,125.25,997.8,47.2
2026-07-27,10,12,2026-08-06 06:00:00,10 days 06:00:00,246,16.5,125.5,996.7,48.8
2026-07-27,10,12,2026-08-06 12:00:00,10 days 12:00:00,252,16.25,125.75,995.7,50.4
2026-07-27,10,12,2026-08-06 18:00:00,10 days 18:00:00,258,16.38,125.87,995.8,50.3
2026-07-27,10,12,2026-08-07 00:00:00,11 days 00:00:00,264,16.5,126.0,995.9,50.1
2026-07-27,10,12,2026-08-07 06:00:00,11 days 06:00:00,270,16.63,125.5,993.0,54.3
2026-07-27,10,12,2026-08-07 12:00:00,11 days 12:00:00,276,16.75,125.0,990.2,58.4
2026-07-27,10,12,2026-08-07 18:00:00,11 days 18:00:00,282,16.75,124.5,988.6,60.7
2026-07-27,10,12,2026-08-08 00:00:00,12 days 00:00:00,288,16.75,124.0,987.0,62.9
2026-07-27,10,12,2026-08-08 06:00:00,12 days 06:00:00,294,16.63,123.5,989.4,59.6
2026-07-27,10,12,2026-08-08 12:00:00,12 days 12:00:00,300,16.5,123.0,991.7,56.3
2026-07-27,10,12,2026-08-08 18:00:00,12 days 18:00:00,306,16.63,122.5,993.1,54.2
2026-07-27,10,12,2026-08-09 00:00:00,13 days 00:00:00,312,16.75,122.0,994.5,52.2
2026-07-27,10,12,2026-08-09 06:00:00,13 days 06:00:00,318,17.25,121.13,995.2,51.1
2026-07-27,10,12,2026-08-09 12:00:00,13 days 12:00:00,324,17.75,120.25,995.9,50.1
2026-07-27,10,12,2026-08-09 18:00:00,13 days 18:00:00,330,17.25,119.87,996.1,49.7
2026-07-27,10,12,2026-08-10 00:00:00,14 days 00:00:00,336,16.75,119.5,996.3,49.4
2026-07-27,10,12,2026-08-10 06:00:00,14 days 06:00:00,342,17.0,119.0,994.1,52.7
2026-07-27,10,12,2026-08-10 12:00:00,14 days 12:00:00,348,17.25,118.5,991.8,56.1
2026-07-27,10,12,2026-08-10 18:00:00,14 days 18:00:00,354,17.25,117.5,991.5,56.6
2026-07-27,10,12,2026-08-11 00:00:00,15 days 00:00:00,360,17.25,116.5,991.1,57.2
2026-07-27,11,12,2026-08-03 12:00:00,7 days 12:00:00,180,31.25,62.75,991.2,57.1
2026-07-27,11,12,2026-08-03 18:00:00,7 days 18:00:00,186,31.75,62.87,992.8,54.7
2026-07-27,11,12,2026-08-04 00:00:00,8 days 00:00:00,192,32.25,63.0,994.4,52.3
2026-07-27,11,12,2026-08-04 06:00:00,8 days 06:00:00,198,31.75,62.87,992.7,54.9
2026-07-27,11,12,2026-08-04 12:00:00,8 days 12:00:00,204,31.25,62.75,990.9,57.4
2026-07-27,11,12,2026-08-04 18:00:00,8 days 18:00:00,210,31.63,63.0,992.7,54.8
2026-07-27,11,12,2026-08-05 00:00:00,9 days 00:00:00,216,32.0,63.25,994.5,52.3
2026-07-27,11,12,2026-08-05 06:00:00,9 days 06:00:00,222,31.75,63.0,992.9,54.5
2026-07-27,11,12,2026-08-05 12:00:00,9 days 12:00:00,228,31.5,62.75,991.3,56.8
2026-07-27,11,12,2026-08-05 18:00:00,9 days 18:00:00,234,30.52,64.04,991.3,56.8
2026-07-27,11,12,2026-08-06 00:00:00,10 days 00:00:00,240,29.52,65.3,991.4,56.8
2026-07-27,11,12,2026-08-06 06:00:00,10 days 06:00:00,246,28.52,66.54,991.4,56.8
2026-07-27,11,12,2026-08-06 12:00:00,10 days 12:00:00,252,27.5,67.75,991.4,56.8
2026-07-27,11,12,2026-08-06 18:00:00,10 days 18:00:00,258,28.45,66.53,991.8,56.2
2026-07-27,11,12,2026-08-07 00:00:00,11 days 00:00:00,264,29.4,65.3,992.2,55.6
2026-07-27,11,12,2026-08-07 06:00:00,11 days 06:00:00,270,30.33,64.03,992.5,55.1
2026-07-27,11,12,2026-08-07 12:00:00,11 days 12:00:00,276,31.25,62.75,992.9,54.5
2026-07-27,11,12,2026-08-07 18:00:00,11 days 18:00:00,282,31.5,62.75,994.3,52.4
2026-07-27,11,12,2026-08-08 00:00:00,12 days 00:00:00,288,31.75,62.75,995.8,50.3
2026-07-27,12,12,2026-08-05 00:00:00,9 days 00:00:00,216,21.0,108.0,1002.4,39.7
2026-07-27,12,12,2026-08-05 06:00:00,9 days 06:00:00,222,20.63,107.25,1001.4,41.3
2026-07-27,12,12,2026-08-05 12:00:00,9 days 12:00:00,228,20.25,106.5,1000.5,42.8
2026-07-27,12,12,2026-08-05 18:00:00,9 days 18:00:00,234,20.75,107.12,999.7,44.2
2026-07-27,12,12,2026-08-06 00:00:00,10 days 00:00:00,240,21.25,107.75,998.8,45.5
2026-07-27,12,12,2026-08-06 06:00:00,10 days 06:00:00,246,20.63,107.12,999.5,44.5
2026-07-27,12,12,2026-08-06 12:00:00,10 days 12:00:00,252,20.0,106.5,1000.1,43.4
2026-07-27,12,12,2026-08-06 18:00:00,10 days 18:00:00,258,20.38,106.75,1000.4,43.0
2026-07-27,12,12,2026-08-07 00:00:00,11 days 00:00:00,264,20.75,107.0,1000.6,42.6
2026-07-27,12,12,2026-08-07 06:00:00,11 days 06:00:00,270,20.75,106.88,1000.0,43.6
2026-07-27,12,12,2026-08-07 12:00:00,11 days 12:00:00,276,20.75,106.75,999.4,44.6
2026-07-27,12,12,2026-08-07 18:00:00,11 days 18:00:00,282,20.88,106.25,1000.2,43.2
2026-07-27,12,12,2026-08-08 00:00:00,12 days 00:00:00,288,21.0,105.75,1001.1,41.9
2026-07-27,12,12,2026-08-08 06:00:00,12 days 06:00:00,294,20.5,105.75,1000.8,42.3
2026-07-27,12,12,2026-08-08 12:00:00,12 days 12:00:00,300,20.0,105.75,1000.6,42.7
2026-07-27,12,12,2026-08-08 18:00:00,12 days 18:00:00,306,20.0,105.75,1001.0,42.1
2026-07-27,12,12,2026-08-09 00:00:00,13 days 00:00:00,312,20.0,105.75,1001.3,41.5
2026-07-27,12,12,2026-08-09 06:00:00,13 days 06:00:00,318,19.88,105.88,1001.0,41.9
2026-07-27,12,12,2026-08-09 12:00:00,13 days 12:00:00,324,19.75,106.0,1000.8,42.4
2026-07-27,13,12,2026-08-05 12:00:00,9 days 12:00:00,228,10.5,-132.75,1004.7,35.6
2026-07-27,13,12,2026-08-05 18:00:00,9 days 18:00:00,234,11.0,-133.37,1004.0,36.9
2026-07-27,13,12,2026-08-06 00:00:00,10 days 00:00:00,240,11.5,-134.0,1003.2,38.2
2026-07-27,13,12,2026-08-06 06:00:00,10 days 06:00:00,246,11.75,-134.75,1001.4,41.3
2026-07-27,13,12,2026-08-06 12:00:00,10 days 12:00:00,252,12.0,-135.5,999.5,44.4
2026-07-27,13,12,2026-08-06 18:00:00,10 days 18:00:00,258,12.13,-136.37,998.8,45.5
2026-07-27,13,12,2026-08-07 00:00:00,11 days 00:00:00,264,12.25,-137.25,998.1,46.6
2026-07-27,13,12,2026-08-07 06:00:00,11 days 06:00:00,270,12.63,-138.37,997.2,48.0
2026-07-27,13,12,2026-08-07 12:00:00,11 days 12:00:00,276,13.0,-139.5,996.4,49.4
2026-07-27,13,12,2026-08-07 18:00:00,11 days 18:00:00,282,13.13,-140.62,997.1,48.2
2026-07-27,13,12,2026-08-08 00:00:00,12 days 00:00:00,288,13.25,-141.75,997.8,47.1
2026-07-27,13,12,2026-08-08 06:00:00,12 days 06:00:00,294,13.38,-142.12,998.1,46.6
2026-07-27,13,12,2026-08-08 12:00:00,12 days 12:00:00,300,13.5,-142.5,998.4,46.1
2026-07-27,13,12,2026-08-08 18:00:00,12 days 18:00:00,306,14.0,-143.12,998.0,46.9
2026-07-27,13,12,2026-08-09 00:00:00,13 days 00:00:00,312,14.5,-143.75,997.5,47.7
2026-07-27,13,12,2026-08-09 06:00:00,13 days 06:00:00,318,15.13,-144.5,996.6,48.9
2026-07-27,13,12,2026-08-09 12:00:00,13 days 12:00:00,324,15.75,-145.25,995.8,50.2
2026-07-27,13,12,2026-08-09 18:00:00,13 days 18:00:00,330,16.0,-145.75,994.5,52.1
2026-07-27,13,12,2026-08-10 00:00:00,14 days 00:00:00,336,16.25,-146.25,993.3,54.0
2026-07-27,13,12,2026-08-10 06:00:00,14 days 06:00:00,342,16.75,-146.87,994.4,52.3
2026-07-27,13,12,2026-08-10 12:00:00,14 days 12:00:00,348,17.25,-147.5,995.6,50.5
2026-07-27,13,12,2026-08-10 18:00:00,14 days 18:00:00,354,17.38,-148.12,996.8,48.7
2026-07-27,13,12,2026-08-11 00:00:00,15 days 00:00:00,360,17.5,-148.75,998.0,46.9
2026-07-27,14,12,2026-08-07 00:00:00,11 days 00:00:00,264,39.25,-49.0,1007.2,31.1
2026-07-27,14,12,2026-08-07 06:00:00,11 days 06:00:00,270,38.25,-48.11,1005.2,34.6
2026-07-27,14,12,2026-08-07 12:00:00,11 days 12:00:00,276,37.25,-47.25,1003.3,38.1
2026-07-27,14,12,2026-08-07 18:00:00,11 days 18:00:00,282,37.0,-46.37,1003.6,37.6
2026-07-27,14,12,2026-08-08 00:00:00,12 days 00:00:00,288,36.75,-45.5,1003.9,37.1
2026-07-27,14,12,2026-08-08 06:00:00,12 days 06:00:00,294,37.38,-44.76,1003.6,37.5
2026-07-27,14,12,2026-08-08 12:00:00,12 days 12:00:00,300,38.0,-44.0,1003.4,37.9
2026-07-27,14,12,2026-08-08 18:00:00,12 days 18:00:00,306,38.75,-43.51,1003.7,37.3
2026-07-27,14,12,2026-08-09 00:00:00,13 days 00:00:00,312,39.5,-43.0,1004.1,36.7
2026-07-27,14,12,2026-08-09 06:00:00,13 days 06:00:00,318,40.38,-41.77,1004.4,36.2
2026-07-27,14,12,2026-08-09 12:00:00,13 days 12:00:00,324,41.25,-40.5,1004.6,35.8
2026-07-27,14,12,2026-08-09 18:00:00,13 days 18:00:00,330,41.26,-38.88,1005.6,34.1
2026-07-27,14,12,2026-08-10 00:00:00,14 days 00:00:00,336,41.25,-37.25,1006.5,32.4
2026-07-27,14,12,2026-08-10 06:00:00,14 days 06:00:00,342,41.13,-36.0,1006.5,32.3
2026-07-27,14,12,2026-08-10 12:00:00,14 days 12:00:00,348,41.0,-34.75,1006.6,32.1
2026-07-27,14,12,2026-08-10 18:00:00,14 days 18:00:00,354,40.64,-33.12,1007.8,29.8
2026-07-27,14,12,2026-08-11 00:00:00,15 days 00:00:00,360,40.25,-31.5,1009.1,27.4
2026-07-27,15,12,2026-08-07 12:00:00,11 days 12:00:00,276,15.5,141.75,1001.9,40.6
2026-07-27,15,12,2026-08-07 18:00:00,11 days 18:00:00,282,15.63,141.25,1000.5,42.8
2026-07-27,15,12,2026-08-08 00:00:00,12 days 00:00:00,288,15.75,140.75,999.2,45.0
2026-07-27,15,12,2026-08-08 06:00:00,12 days 06:00:00,294,16.0,140.5,999.0,45.2
2026-07-27,15,12,2026-08-08 12:00:00,12 days 12:00:00,300,16.25,140.25,998.9,45.4
2026-07-27,15,12,2026-08-08 18:00:00,12 days 18:00:00,306,16.63,139.25,998.4,46.2
2026-07-27,15,12,2026-08-09 00:00:00,13 days 00:00:00,312,17.0,138.25,997.9,47.0
2026-07-27,15,12,2026-08-09 06:00:00,13 days 06:00:00,318,17.13,137.38,995.7,50.3
2026-07-27,15,12,2026-08-09 12:00:00,13 days 12:00:00,324,17.25,136.5,993.5,53.7
2026-07-27,15,12,2026-08-09 18:00:00,13 days 18:00:00,330,17.88,136.25,991.4,56.7
2026-07-27,15,12,2026-08-10 00:00:00,14 days 00:00:00,336,18.5,136.0,989.3,59.7
2026-07-27,15,12,2026-08-10 06:00:00,14 days 06:00:00,342,19.38,135.88,987.4,62.3
2026-07-27,15,12,2026-08-10 12:00:00,14 days 12:00:00,348,20.25,135.75,985.5,64.9
2026-07-27,15,12,2026-08-10 18:00:00,14 days 18:00:00,354,21.38,135.63,984.0,67.0
2026-07-27,15,12,2026-08-11 00:00:00,15 days 00:00:00,360,22.5,135.5,982.5,69.0
2026-07-27,16,12,2026-08-08 12:00:00,12 days 12:00:00,300,-32.5,-89.75,992.2,55.5
2026-07-27,16,12,2026-08-08 18:00:00,12 days 18:00:00,306,-36.02,-87.48,989.4,59.5
2026-07-27,16,12,2026-08-09 00:00:00,13 days 00:00:00,312,-39.5,-85.0,986.7,63.4
2026-07-27,16,12,2026-08-09 06:00:00,13 days 06:00:00,318,-41.57,-85.96,983.7,67.2
2026-07-27,16,12,2026-08-09 12:00:00,13 days 12:00:00,324,-43.64,-86.98,980.8,71.0
2026-07-27,16,12,2026-08-09 18:00:00,13 days 18:00:00,330,-45.71,-88.07,977.8,74.8
2026-07-27,16,12,2026-08-10 00:00:00,14 days 00:00:00,336,-47.75,-89.25,974.9,78.7
2026-07-27,16,12,2026-08-10 06:00:00,14 days 06:00:00,342,-48.4,-91.6,975.5,77.9
2026-07-27,16,12,2026-08-10 12:00:00,14 days 12:00:00,348,-49.0,-94.0,976.1,77.2
2026-07-27,16,12,2026-08-10 18:00:00,14 days 18:00:00,354,-48.02,-95.91,976.5,76.6
2026-07-27,16,12,2026-08-11 00:00:00,15 days 00:00:00,360,-47.0,-97.75,976.9,76.1
2026-07-27,5,12,2026-07-27 00:00:00,0 days 00:00:00,0,14.5,-110.75,972.9,81.1
2026-07-27,5,12,2026-07-27 06:00:00,0 days 06:00:00,6,15.25,-111.62,975.8,77.5
2026-07-27,5,12,2026-07-27 12:00:00,0 days 12:00:00,12,16.0,-112.5,978.7,73.9
2026-07-27,5,12,2026-07-27 18:00:00,0 days 18:00:00,18,16.38,-113.25,978.9,73.6
2026-07-27,5,12,2026-07-28 00:00:00,1 days 00:00:00,24,16.75,-114.0,979.1,73.3
2026-07-27,5,12,2026-07-28 06:00:00,1 days 06:00:00,30,17.13,-114.5,980.8,71.1
2026-07-27,5,12,2026-07-28 12:00:00,1 days 12:00:00,36,17.5,-115.0,982.5,68.9
2026-07-27,5,12,2026-07-28 18:00:00,1 days 18:00:00,42,17.63,-115.5,982.5,68.9
2026-07-27,5,12,2026-07-29 00:00:00,2 days 00:00:00,48,17.75,-116.0,982.6,68.9
2026-07-27,5,12,2026-07-29 06:00:00,2 days 06:00:00,54,18.13,-116.75,985.4,65.1
2026-07-27,5,12,2026-07-29 12:00:00,2 days 12:00:00,60,18.5,-117.5,988.1,61.3
2026-07-27,5,12,2026-07-29 18:00:00,2 days 18:00:00,66,18.88,-118.37,988.5,60.9
2026-07-27,5,12,2026-07-30 00:00:00,3 days 00:00:00,72,19.25,-119.25,988.8,60.4
2026-07-27,5,12,2026-07-30 06:00:00,3 days 06:00:00,78,19.25,-120.25,989.9,58.9
2026-07-27,5,12,2026-07-30 12:00:00,3 days 12:00:00,84,19.25,-121.25,990.9,57.4
2026-07-27,5,12,2026-07-30 18:00:00,3 days 18:00:00,90,19.75,-122.37,992.4,55.3
2026-07-27,5,12,2026-07-31 00:00:00,4 days 00:00:00,96,20.25,-123.5,993.8,53.2
2026-07-27,5,12,2026-07-31 06:00:00,4 days 06:00:00,102,20.0,-124.38,995.8,50.1
2026-07-27,5,12,2026-07-31 12:00:00,4 days 12:00:00,108,19.75,-125.25,997.8,47.1
2026-07-27,5,12,2026-07-31 18:00:00,4 days 18:00:00,114,20.01,-126.62,999.5,44.5
2026-07-27,5,12,2026-08-01 00:00:00,5 days 00:00:00,120,20.25,-128.0,1001.1,41.8
2026-07-27,5,12,2026-08-01 06:00:00,5 days 06:00:00,126,20.38,-129.37,1002.8,39.0
2026-07-27,5,12,2026-08-01 12:00:00,5 days 12:00:00,132,20.5,-130.75,1004.4,36.2
2026-07-27,5,12,2026-08-01 18:00:00,5 days 18:00:00,138,20.63,-131.87,1005.3,34.6
2026-07-27,5,12,2026-08-02 00:00:00,6 days 00:00:00,144,20.75,-133.0,1006.2,33.0
2026-07-27,6,12,2026-07-27 00:00:00,0 days 00:00:00,0,-53.5,-131.75,981.2,70.6
2026-07-27,6,12,2026-07-27 06:00:00,0 days 06:00:00,6,-53.76,-133.24,979.3,73.1
2026-07-27,6,12,2026-07-27 12:00:00,0 days 12:00:00,12,-54.0,-134.75,977.3,75.6
2026-07-27,6,12,2026-07-27 18:00:00,0 days 18:00:00,18,-54.03,-137.62,975.4,78.0
2026-07-27,6,12,2026-07-28 00:00:00,1 days 00:00:00,24,-54.0,-140.5,973.5,80.4
2026-07-27,6,12,2026-07-28 06:00:00,1 days 06:00:00,30,-55.13,-140.14,974.9,78.7
2026-07-27,6,12,2026-07-28 12:00:00,1 days 12:00:00,36,-56.25,-139.75,976.3,77.0
2026-07-27,6,12,2026-07-28 18:00:00,1 days 18:00:00,42,-55.15,-137.31,976.9,76.1
2026-07-27,6,12,2026-07-29 00:00:00,2 days 00:00:00,48,-54.0,-135.0,977.6,75.3
2026-07-27,6,12,2026-07-29 06:00:00,2 days 06:00:00,54,-51.21,-133.82,974.0,79.6
2026-07-27,6,12,2026-07-29 12:00:00,2 days 12:00:00,60,-48.39,-132.78,970.5,83.9
2026-07-27,6,12,2026-07-29 18:00:00,2 days 18:00:00,66,-45.57,-131.84,966.9,88.1
2026-07-27,6,12,2026-07-30 00:00:00,3 days 00:00:00,72,-42.75,-131.0,963.3,92.4
2026-07-27,6,12,2026-07-30 06:00:00,3 days 06:00:00,78,-43.51,-129.27,961.9,94.0
2026-07-27,6,12,2026-07-30 12:00:00,3 days 12:00:00,84,-44.25,-127.5,960.5,95.7
2026-07-27,6,12,2026-07-30 18:00:00,3 days 18:00:00,90,-45.27,-125.29,960.0,96.3
2026-07-27,6,12,2026-07-31 00:00:00,4 days 00:00:00,96,-46.25,-123.0,959.4,96.9
2026-07-27,6,12,2026-07-31 06:00:00,4 days 06:00:00,102,-46.88,-121.76,961.9,94.0
2026-07-27,6,12,2026-07-31 12:00:00,4 days 12:00:00,108,-47.5,-120.5,964.4,91.2
2026-07-27,6,12,2026-07-31 18:00:00,4 days 18:00:00,114,-47.88,-119.01,966.0,89.3
2026-07-27,6,12,2026-08-01 00:00:00,5 days 00:00:00,120,-48.25,-117.5,967.7,87.4
2026-07-27,6,12,2026-08-01 06:00:00,5 days 06:00:00,126,-48.5,-117.0,968.9,86.0
2026-07-27,6,12,2026-08-01 12:00:00,5 days 12:00:00,132,-48.75,-116.5,970.1,84.5
2026-07-27,6,12,2026-08-01 18:00:00,5 days 18:00:00,138,-48.25,-115.62,973.9,79.8
2026-07-27,6,12,2026-08-02 00:00:00,6 days 00:00:00,144,-47.75,-114.75,977.8,75.0
2026-07-27,6,12,2026-08-02 06:00:00,6 days 06:00:00,150,-45.88,-113.85,984.1,66.6
2026-07-27,6,12,2026-08-02 12:00:00,6 days 12:00:00,156,-44.0,-113.0,990.4,58.1
2026-07-27,7,12,2026-07-27 00:00:00,0 days 00:00:00,0,21.25,88.5,992.6,54.9
2026-07-27,7,12,2026-07-27 06:00:00,0 days 06:00:00,6,21.38,88.5,991.6,56.5
2026-07-27,7,12,2026-07-27 12:00:00,0 days 12:00:00,12,21.5,88.5,990.5,58.0
2026-07-27,7,12,2026-07-27 18:00:00,0 days 18:00:00,18,21.5,88.0,990.1,58.6
2026-07-27,7,12,2026-07-28 00:00:00,1 days 00:00:00,24,21.5,87.5,989.7,59.2
2026-07-27,7,12,2026-07-28 06:00:00,1 days 06:00:00,30,21.5,86.25,989.7,59.2
2026-07-27,7,12,2026-07-28 12:00:00,1 days 12:00:00,36,21.5,85.0,989.7,59.2
2026-07-27,7,12,2026-07-28 18:00:00,1 days 18:00:00,42,21.5,84.38,990.2,58.5
2026-07-27,7,12,2026-07-29 00:00:00,2 days 00:00:00,48,21.5,83.75,990.6,57.9
2026-07-27,7,12,2026-07-29 06:00:00,2 days 06:00:00,54,21.5,83.75,990.9,57.5
2026-07-27,7,12,2026-07-29 12:00:00,2 days 12:00:00,60,21.5,83.75,991.2,57.1
2026-07-27,7,12,2026-07-29 18:00:00,2 days 18:00:00,66,21.75,83.25,991.6,56.5
2026-07-27,7,12,2026-07-30 00:00:00,3 days 00:00:00,72,22.0,82.75,992.0,55.9
2026-07-27,7,12,2026-07-30 06:00:00,3 days 06:00:00,78,22.51,81.13,992.2,55.7
2026-07-27,7,12,2026-07-30 12:00:00,3 days 12:00:00,84,23.0,79.5,992.3,55.4
2026-07-27,7,12,2026-07-30 18:00:00,3 days 18:00:00,90,23.0,79.12,992.5,55.2
2026-07-27,7,12,2026-07-31 00:00:00,4 days 00:00:00,96,23.0,78.75,992.7,54.9
2026-07-27,7,12,2026-07-31 06:00:00,4 days 06:00:00,102,26.21,83.62,993.7,53.4
2026-07-27,7,12,2026-07-31 12:00:00,4 days 12:00:00,108,29.25,88.75,994.7,51.8
2026-07-27,8,12,2026-07-27 00:00:00,0 days 00:00:00,0,12.75,178.25,1002.3,39.9
2026-07-27,8,12,2026-07-27 06:00:00,0 days 06:00:00,6,13.0,176.88,1001.6,41.0
2026-07-27,8,12,2026-07-27 12:00:00,0 days 12:00:00,12,13.25,175.5,1000.9,42.2
2026-07-27,8,12,2026-07-27 18:00:00,0 days 18:00:00,18,13.13,174.5,1000.8,42.3
2026-07-27,8,12,2026-07-28 00:00:00,1 days 00:00:00,24,13.0,173.5,1000.7,42.5
2026-07-27,8,12,2026-07-28 06:00:00,1 days 06:00:00,30,13.13,172.75,999.6,44.3
2026-07-27,8,12,2026-07-28 12:00:00,1 days 12:00:00,36,13.25,172.0,998.5,46.1
2026-07-27,8,12,2026-07-28 18:00:00,1 days 18:00:00,42,13.75,171.38,997.2,48.1
2026-07-27,8,12,2026-07-29 00:00:00,2 days 00:00:00,48,14.25,170.75,995.9,50.1
2026-07-27,8,12,2026-07-29 06:00:00,2 days 06:00:00,54,14.63,170.13,992.6,55.0
2026-07-27,8,12,2026-07-29 12:00:00,2 days 12:00:00,60,15.0,169.5,989.2,59.9
2026-07-27,8,12,2026-07-29 18:00:00,2 days 18:00:00,66,15.63,169.0,987.5,62.2
2026-07-27,8,12,2026-07-30 00:00:00,3 days 00:00:00,72,16.25,168.5,985.9,64.5
2026-07-27,8,12,2026-07-30 06:00:00,3 days 06:00:00,78,17.13,167.63,984.1,66.8
2026-07-27,8,12,2026-07-30 12:00:00,3 days 12:00:00,84,18.0,166.75,982.4,69.1
2026-07-27,8,12,2026-07-30 18:00:00,3 days 18:00:00,90,18.63,165.88,979.2,73.2
2026-07-27,8,12,2026-07-31 00:00:00,4 days 00:00:00,96,19.25,165.0,976.0,77.3
2026-07-27,8,12,2026-07-31 06:00:00,4 days 06:00:00,102,20.0,164.13,974.0,79.8
2026-07-27,8,12,2026-07-31 12:00:00,4 days 12:00:00,108,20.75,163.25,972.0,82.2
2026-07-27,8,12,2026-07-31 18:00:00,4 days 18:00:00,114,21.75,162.26,967.3,87.7
2026-07-27,8,12,2026-08-01 00:00:00,5 days 00:00:00,120,22.75,161.25,962.6,93.3
2026-07-27,8,12,2026-08-01 06:00:00,5 days 06:00:00,126,24.0,160.26,961.3,94.7
2026-07-27,8,12,2026-08-01 12:00:00,5 days 12:00:00,132,25.25,159.25,960.1,96.1
2026-07-27,8,12,2026-08-01 18:00:00,5 days 18:00:00,138,26.13,158.26,958.7,97.7
2026-07-27,8,12,2026-08-02 00:00:00,6 days 00:00:00,144,27.0,157.25,957.3,99.2
2026-07-27,8,12,2026-08-02 06:00:00,6 days 06:00:00,150,28.5,156.26,961.3,94.7
2026-07-27,8,12,2026-08-02 12:00:00,6 days 12:00:00,156,30.0,155.25,965.2,90.3
2026-07-27,8,12,2026-08-02 18:00:00,6 days 18:00:00,162,31.5,154.76,967.8,87.2
2026-07-27,8,12,2026-08-03 00:00:00,7 days 00:00:00,168,33.0,154.25,970.4,84.2
2026-07-27,8,12,2026-08-03 06:00:00,7 days 06:00:00,174,34.0,154.0,973.3,80.6
2026-07-27,8,12,2026-08-03 12:00:00,7 days 12:00:00,180,35.0,153.75,976.3,77.0
2026-07-27,8,12,2026-08-03 18:00:00,7 days 18:00:00,186,36.0,154.37,979.5,72.8
2026-07-27,8,12,2026-08-04 00:00:00,8 days 00:00:00,192,37.0,155.0,982.7,68.7
2026-07-27,8,12,2026-08-04 06:00:00,8 days 06:00:00,198,39.13,155.73,978.1,74.5
2026-07-27,8,12,2026-08-04 12:00:00,8 days 12:00:00,204,41.25,156.5,973.6,80.3
2026-07-27,8,12,2026-08-04 18:00:00,8 days 18:00:00,210,42.88,157.23,975.5,77.8
2026-07-27,8,12,2026-08-05 00:00:00,9 days 00:00:00,216,44.5,158.0,977.5,75.4
2026-07-27,8,12,2026-08-05 06:00:00,9 days 06:00:00,222,46.38,158.72,981.4,70.3
2026-07-27,8,12,2026-08-05 12:00:00,9 days 12:00:00,228,48.25,159.5,985.4,65.1
2026-07-27,8,12,2026-08-05 18:00:00,9 days 18:00:00,234,49.75,160.23,988.0,61.5
2026-07-27,8,12,2026-08-06 00:00:00,10 days 00:00:00,240,51.25,161.0,990.7,57.8
2026-07-27,8,12,2026-08-06 06:00:00,10 days 06:00:00,246,52.57,160.21,993.3,53.8
2026-07-27,8,12,2026-08-06 12:00:00,10 days 12:00:00,252,53.89,159.36,995.9,49.7
2026-07-27,8,12,2026-08-06 18:00:00,10 days 18:00:00,258,55.2,158.46,998.6,45.7
2026-07-27,8,12,2026-08-07 00:00:00,11 days 00:00:00,264,56.5,157.5,1001.2,41.7
2026-07-27,8,12,2026-08-07 06:00:00,11 days 06:00:00,270,56.38,157.5,1002.5,39.4
2026-07-27,8,12,2026-08-07 12:00:00,11 days 12:00:00,276,56.25,157.5,1003.9,37.1
2026-07-27,9,12,2026-08-03 00:00:00,7 days 00:00:00,168,15.5,158.25,1003.1,38.4
2026-07-27,9,12,2026-08-03 06:00:00,7 days 06:00:00,174,15.44,158.75,1002.1,40.1
2026-07-27,9,12,2026-08-03 12:00:00,7 days 12:00:00,180,15.38,159.25,1001.0,41.9
2026-07-27,9,12,2026-08-03 18:00:00,7 days 18:00:00,186,15.31,159.75,1000.0,43.6
2026-07-27,9,12,2026-08-04 00:00:00,8 days 00:00:00,192,15.25,160.25,999.0,45.3
2026-07-27,9,12,2026-08-04 06:00:00,8 days 06:00:00,198,15.63,160.5,996.9,48.5
2026-07-27,9,12,2026-08-04 12:00:00,8 days 12:00:00,204,16.0,160.75,994.9,51.7
2026-07-27,9,12,2026-08-04 18:00:00,8 days 18:00:00,210,16.5,160.5,993.9,53.0
2026-07-27,9,12,2026-08-05 00:00:00,9 days 00:00:00,216,17.0,160.25,993.0,54.4
2026-07-27,9,12,2026-08-05 06:00:00,9 days 06:00:00,222,16.88,160.5,990.8,57.6
2026-07-27,9,12,2026-08-05 12:00:00,9 days 12:00:00,228,16.75,160.75,988.6,60.7
2026-07-27,9,12,2026-08-05 18:00:00,9 days 18:00:00,234,18.0,161.62,985.2,65.3
2026-07-27,9,12,2026-08-06 00:00:00,10 days 00:00:00,240,19.25,162.5,981.7,70.0
2026-07-27,9,12,2026-08-06 06:00:00,10 days 06:00:00,246,20.63,163.37,980.6,71.5
2026-07-27,9,12,2026-08-06 12:00:00,10 days 12:00:00,252,22.0,164.25,979.4,73.0
2026-07-27,9,12,2026-08-06 18:00:00,10 days 18:00:00,258,23.5,164.99,977.3,75.6
2026-07-27,9,12,2026-08-07 00:00:00,11 days 00:00:00,264,25.0,165.75,975.2,78.2
2026-07-27,9,12,2026-08-07 06:00:00,11 days 06:00:00,270,25.88,166.25,972.1,82.1
2026-07-27,9,12,2026-08-07 12:00:00,11 days 12:00:00,276,26.75,166.75,968.9,85.9
2026-07-27,9,12,2026-08-07 18:00:00,11 days 18:00:00,282,27.5,167.37,968.2,86.7
2026-07-27,9,12,2026-08-08 00:00:00,12 days 00:00:00,288,28.25,168.0,967.6,87.5
2026-07-27,9,12,2026-08-08 06:00:00,12 days 06:00:00,294,28.75,168.37,970.0,84.6
2026-07-27,9,12,2026-08-08 12:00:00,12 days 12:00:00,300,29.25,168.75,972.4,81.7
2026-07-27,9,12,2026-08-08 18:00:00,12 days 18:00:00,306,29.63,168.87,974.1,79.6
2026-07-27,9,12,2026-08-09 00:00:00,13 days 00:00:00,312,30.0,169.0,975.8,77.5
2026-07-27,9,12,2026-08-09 06:00:00,13 days 06:00:00,318,30.38,169.25,978.2,74.5
2026-07-27,9,12,2026-08-09 12:00:00,13 days 12:00:00,324,30.75,169.5,980.7,71.4
2026-07-27,9,12,2026-08-09 18:00:00,13 days 18:00:00,330,31.13,170.25,982.4,69.1
2026-07-27,9,12,2026-08-10 00:00:00,14 days 00:00:00,336,31.5,171.0,984.2,66.8
2026-07-27,9,12,2026-08-10 06:00:00,14 days 06:00:00,342,31.75,171.62,985.1,65.5
2026-07-27,9,12,2026-08-10 12:00:00,14 days 12:00:00,348,32.0,172.25,986.1,64.2
2026-07-27,9,12,2026-08-10 18:00:00,14 days 18:00:00,354,33.01,173.61,988.1,61.3
2026-07-27,9,12,2026-08-11 00:00:00,15 days 00:00:00,360,34.0,175.0,990.2,58.5
2026-07-27,1,13,2026-07-27 00:00:00,0 days 00:00:00,0,20.0,-143.0,995.2,51.2
2026-07-27,1,13,2026-07-27 06:00:00,0 days 06:00:00,6,20.26,-144.37,995.2,51.2
2026-07-27,1,13,2026-07-27 12:00:00,0 days 12:00:00,12,20.5,-145.75,995.2,51.2
2026-07-27,1,13,2026-07-27 18:00:00,0 days 18:00:00,18,20.76,-147.25,998.2,46.4
2026-07-27,1,13,2026-07-28 00:00:00,1 days 00:00:00,24,21.0,-148.75,1001.2,41.6
2026-07-27,1,13,2026-07-28 06:00:00,1 days 06:00:00,30,21.38,-150.0,1003.6,37.5
2026-07-27,1,13,2026-07-28 12:00:00,1 days 12:00:00,36,21.75,-151.25,1006.0,33.4
2026-07-27,1,13,2026-07-28 18:00:00,1 days 18:00:00,42,22.13,-152.18,1006.3,32.8
2026-07-27,1,13,2026-07-29 00:00:00,2 days 00:00:00,48,22.51,-153.11,1006.6,32.2
2026-07-27,1,13,2026-07-29 06:00:00,2 days 06:00:00,54,22.88,-154.06,1006.9,31.6
2026-07-27,1,13,2026-07-29 12:00:00,2 days 12:00:00,60,23.25,-155.0,1007.2,31.1
2026-07-27,10,13,2026-08-08 00:00:00,12 days 00:00:00,288,36.25,165.25,991.5,56.6
2026-07-27,10,13,2026-08-08 06:00:00,12 days 06:00:00,294,37.87,165.37,992.8,54.6
2026-07-27,10,13,2026-08-08 12:00:00,12 days 12:00:00,300,39.5,165.49,994.1,52.7
2026-07-27,10,13,2026-08-08 18:00:00,12 days 18:00:00,306,41.13,165.62,995.4,50.7
2026-07-27,10,13,2026-08-09 00:00:00,13 days 00:00:00,312,42.75,165.75,996.8,48.8
2026-07-27,10,13,2026-08-09 06:00:00,13 days 06:00:00,318,44.27,167.58,998.0,46.8
2026-07-27,10,13,2026-08-09 12:00:00,13 days 12:00:00,324,45.75,169.5,999.3,44.8
2026-07-27,10,13,2026-08-09 18:00:00,13 days 18:00:00,330,46.77,171.59,999.6,44.3
2026-07-27,10,13,2026-08-10 00:00:00,14 days 00:00:00,336,47.75,173.75,1000.0,43.7
2026-07-27,10,13,2026-08-10 06:00:00,14 days 06:00:00,342,48.01,175.24,1000.7,42.4
2026-07-27,10,13,2026-08-10 12:00:00,14 days 12:00:00,348,48.25,176.75,1001.5,41.2
2026-07-27,10,13,2026-08-10 18:00:00,14 days 18:00:00,354,48.01,178.26,1003.1,38.4
2026-07-27,10,13,2026-08-11 00:00:00,15 days 00:00:00,360,47.75,179.75,1004.7,35.7
2026-07-27,5,13,2026-07-27 00:00:00,0 days 00:00:00,0,14.5,-110.75,972.9,81.1
2026-07-27,5,13,2026-07-27 06:00:00,0 days 06:00:00,6,15.25,-111.62,973.6,80.2
2026-07-27,5,13,2026-07-27 12:00:00,0 days 12:00:00,12,16.0,-112.5,974.4,79.3
2026-07-27,5,13,2026-07-27 18:00:00,0 days 18:00:00,18,16.25,-113.25,975.4,78.0
2026-07-27,5,13,2026-07-28 00:00:00,1 days 00:00:00,24,16.5,-114.0,976.4,76.8
2026-07-27,5,13,2026-07-28 06:00:00,1 days 06:00:00,30,17.0,-114.5,979.4,72.9
2026-07-27,5,13,2026-07-28 12:00:00,1 days 12:00:00,36,17.5,-115.0,982.4,69.1
2026-07-27,5,13,2026-07-28 18:00:00,1 days 18:00:00,42,17.5,-115.5,982.8,68.6
2026-07-27,5,13,2026-07-29 00:00:00,2 days 00:00:00,48,17.5,-116.0,983.1,68.1
2026-07-27,5,13,2026-07-29 06:00:00,2 days 06:00:00,54,17.88,-116.62,985.8,64.6
2026-07-27,5,13,2026-07-29 12:00:00,2 days 12:00:00,60,18.25,-117.25,988.4,61.0
2026-07-27,5,13,2026-07-29 18:00:00,2 days 18:00:00,66,18.38,-118.25,989.1,60.0
2026-07-27,5,13,2026-07-30 00:00:00,3 days 00:00:00,72,18.5,-119.25,989.9,58.9
2026-07-27,5,13,2026-07-30 06:00:00,3 days 06:00:00,78,19.0,-120.25,990.7,57.7
2026-07-27,5,13,2026-07-30 12:00:00,3 days 12:00:00,84,19.5,-121.25,991.6,56.5
2026-07-27,5,13,2026-07-30 18:00:00,3 days 18:00:00,90,20.0,-122.5,991.9,56.0
2026-07-27,5,13,2026-07-31 00:00:00,4 days 00:00:00,96,20.5,-123.75,992.2,55.6
2026-07-27,5,13,2026-07-31 06:00:00,4 days 06:00:00,102,20.88,-124.87,996.0,49.8
2026-07-27,5,13,2026-07-31 12:00:00,4 days 12:00:00,108,21.25,-126.0,999.7,44.1
2026-07-27,5,13,2026-07-31 18:00:00,4 days 18:00:00,114,21.38,-127.5,1001.2,41.7
2026-07-27,5,13,2026-08-01 00:00:00,5 days 00:00:00,120,21.5,-129.0,1002.6,39.3
2026-07-27,5,13,2026-08-01 06:00:00,5 days 06:00:00,126,22.13,-130.12,1004.6,35.8
2026-07-27,5,13,2026-08-01 12:00:00,5 days 12:00:00,132,22.75,-131.25,1006.6,32.3
2026-07-27,6,13,2026-07-27 00:00:00,0 days 00:00:00,0,21.25,88.5,992.6,54.9
2026-07-27,6,13,2026-07-27 06:00:00,0 days 06:00:00,6,21.25,88.5,991.8,56.1
2026-07-27,6,13,2026-07-27 12:00:00,0 days 12:00:00,12,21.25,88.5,991.0,57.3
2026-07-27,6,13,2026-07-27 18:00:00,0 days 18:00:00,18,21.38,88.38,990.1,58.6
2026-07-27,6,13,2026-07-28 00:00:00,1 days 00:00:00,24,21.5,88.25,989.2,59.8
2026-07-27,6,13,2026-07-28 06:00:00,1 days 06:00:00,30,21.75,87.75,989.2,59.9
2026-07-27,6,13,2026-07-28 12:00:00,1 days 12:00:00,36,22.0,87.25,989.1,60.0
2026-07-27,6,13,2026-07-28 18:00:00,1 days 18:00:00,42,22.13,86.0,990.2,58.4
2026-07-27,6,13,2026-07-29 00:00:00,2 days 00:00:00,48,22.25,84.75,991.3,56.9
2026-07-27,6,13,2026-07-29 06:00:00,2 days 06:00:00,54,22.25,83.5,991.2,57.1
2026-07-27,6,13,2026-07-29 12:00:00,2 days 12:00:00,60,22.25,82.25,991.0,57.3
2026-07-27,6,13,2026-07-29 18:00:00,2 days 18:00:00,66,21.88,80.75,989.5,59.4
2026-07-27,6,13,2026-07-30 00:00:00,3 days 00:00:00,72,21.5,79.25,988.0,61.5
2026-07-27,6,13,2026-07-30 06:00:00,3 days 06:00:00,78,21.5,78.62,988.6,60.7
2026-07-27,6,13,2026-07-30 12:00:00,3 days 12:00:00,84,21.5,78.0,989.1,60.0
2026-07-27,6,13,2026-07-30 18:00:00,3 days 18:00:00,90,21.75,77.25,989.4,59.6
2026-07-27,6,13,2026-07-31 00:00:00,4 days 00:00:00,96,22.0,76.5,989.7,59.2
2026-07-27,6,13,2026-07-31 06:00:00,4 days 06:00:00,102,21.89,74.25,988.4,61.0
2026-07-27,6,13,2026-07-31 12:00:00,4 days 12:00:00,108,21.75,72.0,987.1,62.8
2026-07-27,6,13,2026-07-31 18:00:00,4 days 18:00:00,114,21.75,72.0,986.6,63.5
2026-07-27,6,13,2026-08-01 00:00:00,5 days 00:00:00,120,21.75,72.0,986.1,64.1
2026-07-27,6,13,2026-08-01 06:00:00,5 days 06:00:00,126,23.38,70.52,987.6,62.1
2026-07-27,6,13,2026-08-01 12:00:00,5 days 12:00:00,132,25.0,69.0,989.0,60.1
2026-07-27,6,13,2026-08-01 18:00:00,5 days 18:00:00,138,24.75,69.63,990.9,57.4
2026-07-27,6,13,2026-08-02 00:00:00,6 days 00:00:00,144,24.5,70.25,992.8,54.8
2026-07-27,7,13,2026-07-27 00:00:00,0 days 00:00:00,0,12.75,178.25,1002.3,39.9
2026-07-27,7,13,2026-07-27 06:00:00,0 days 06:00:00,6,12.88,176.75,1002.5,39.5
2026-07-27,7,13,2026-07-27 12:00:00,0 days 12:00:00,12,13.0,175.25,1002.7,39.2
2026-07-27,7,13,2026-07-27 18:00:00,0 days 18:00:00,18,12.75,174.25,1002.1,40.1
2026-07-27,7,13,2026-07-28 00:00:00,1 days 00:00:00,24,12.5,173.25,1001.6,41.0
2026-07-27,7,13,2026-07-28 06:00:00,1 days 06:00:00,30,13.0,172.0,1001.0,41.9
2026-07-27,7,13,2026-07-28 12:00:00,1 days 12:00:00,36,13.5,170.75,1000.5,42.8
2026-07-27,7,13,2026-07-28 18:00:00,1 days 18:00:00,42,13.63,170.0,998.5,46.0
2026-07-27,7,13,2026-07-29 00:00:00,2 days 00:00:00,48,13.75,169.25,996.5,49.1
2026-07-27,7,13,2026-07-29 06:00:00,2 days 06:00:00,54,14.25,168.75,997.0,48.4
2026-07-27,7,13,2026-07-29 12:00:00,2 days 12:00:00,60,14.75,168.25,997.4,47.7
2026-07-27,7,13,2026-07-29 18:00:00,2 days 18:00:00,66,15.38,167.25,994.9,51.6
2026-07-27,7,13,2026-07-30 00:00:00,3 days 00:00:00,72,16.0,166.25,992.3,55.5
2026-07-27,7,13,2026-07-30 06:00:00,3 days 06:00:00,78,16.38,165.63,989.1,59.9
2026-07-27,7,13,2026-07-30 12:00:00,3 days 12:00:00,84,16.75,165.0,986.0,64.3
2026-07-27,7,13,2026-07-30 18:00:00,3 days 18:00:00,90,17.25,164.13,985.6,64.8
2026-07-27,7,13,2026-07-31 00:00:00,4 days 00:00:00,96,17.75,163.25,985.3,65.3
2026-07-27,7,13,2026-07-31 06:00:00,4 days 06:00:00,102,18.25,162.5,980.1,71.9
2026-07-27,7,13,2026-07-31 12:00:00,4 days 12:00:00,108,18.75,161.75,974.9,78.6
2026-07-27,7,13,2026-07-31 18:00:00,4 days 18:00:00,114,19.13,161.13,973.0,81.0
2026-07-27,7,13,2026-08-01 00:00:00,5 days 00:00:00,120,19.5,160.5,971.1,83.3
2026-07-27,7,13,2026-08-01 06:00:00,5 days 06:00:00,126,20.0,159.75,966.8,88.3
2026-07-27,7,13,2026-08-01 12:00:00,5 days 12:00:00,132,20.5,159.0,962.5,93.3
2026-07-27,7,13,2026-08-01 18:00:00,5 days 18:00:00,138,21.13,158.25,965.3,90.1
2026-07-27,7,13,2026-08-02 00:00:00,6 days 00:00:00,144,21.75,157.5,968.0,86.9
2026-07-27,7,13,2026-08-02 06:00:00,6 days 06:00:00,150,22.13,156.5,966.1,89.2
2026-07-27,7,13,2026-08-02 12:00:00,6 days 12:00:00,156,22.5,155.5,964.2,91.4
2026-07-27,7,13,2026-08-02 18:00:00,6 days 18:00:00,162,22.88,154.38,963.6,92.1
2026-07-27,7,13,2026-08-03 00:00:00,7 days 00:00:00,168,23.25,153.25,963.0,92.8
2026-07-27,7,13,2026-08-03 06:00:00,7 days 06:00:00,174,23.13,152.0,966.3,88.9
2026-07-27,7,13,2026-08-03 12:00:00,7 days 12:00:00,180,23.0,150.75,969.6,85.0
2026-07-27,7,13,2026-08-03 18:00:00,7 days 18:00:00,186,22.76,149.37,967.4,87.7
2026-07-27,7,13,2026-08-04 00:00:00,8 days 00:00:00,192,22.5,148.0,965.2,90.3
2026-07-27,7,13,2026-08-04 06:00:00,8 days 06:00:00,198,22.25,147.12,966.1,89.2
2026-07-27,7,13,2026-08-04 12:00:00,8 days 12:00:00,204,22.0,146.25,967.0,88.2
2026-07-27,7,13,2026-08-04 18:00:00,8 days 18:00:00,210,21.5,145.37,961.6,94.3
2026-07-27,7,13,2026-08-05 00:00:00,9 days 00:00:00,216,21.0,144.5,956.3,100.4
2026-07-27,7,13,2026-08-05 06:00:00,9 days 06:00:00,222,21.0,143.88,953.0,103.9
2026-07-27,7,13,2026-08-05 12:00:00,9 days 12:00:00,228,21.0,143.25,949.7,107.5
2026-07-27,7,13,2026-08-05 18:00:00,9 days 18:00:00,234,21.0,142.75,950.8,106.4
2026-07-27,7,13,2026-08-06 00:00:00,10 days 00:00:00,240,21.0,142.25,951.8,105.2
2026-07-27,7,13,2026-08-06 06:00:00,10 days 06:00:00,246,21.0,141.75,948.3,109.0
2026-07-27,7,13,2026-08-06 12:00:00,10 days 12:00:00,252,21.0,141.25,944.7,112.8
2026-07-27,7,13,2026-08-06 18:00:00,10 days 18:00:00,258,21.38,141.0,943.1,114.5
2026-07-27,7,13,2026-08-07 00:00:00,11 days 00:00:00,264,21.75,140.75,941.5,116.2
2026-07-27,7,13,2026-08-07 06:00:00,11 days 06:00:00,270,21.88,140.87,940.8,116.9
2026-07-27,7,13,2026-08-07 12:00:00,11 days 12:00:00,276,22.0,141.0,940.1,117.6
2026-07-27,7,13,2026-08-07 18:00:00,11 days 18:00:00,282,22.25,141.25,939.9,117.8
2026-07-27,7,13,2026-08-08 00:00:00,12 days 00:00:00,288,22.5,141.5,939.8,117.9
2026-07-27,7,13,2026-08-08 06:00:00,12 days 06:00:00,294,22.63,141.62,941.7,116.0
2026-07-27,7,13,2026-08-08 12:00:00,12 days 12:00:00,300,22.75,141.75,943.5,114.1
2026-07-27,7,13,2026-08-08 18:00:00,12 days 18:00:00,306,23.12,141.75,951.1,105.9
2026-07-27,7,13,2026-08-09 00:00:00,13 days 00:00:00,312,23.5,141.75,958.7,97.7
2026-07-27,7,13,2026-08-09 06:00:00,13 days 06:00:00,318,24.5,141.38,962.1,93.8
2026-07-27,7,13,2026-08-09 12:00:00,13 days 12:00:00,324,25.5,141.0,965.6,89.8
2026-07-27,7,13,2026-08-09 18:00:00,13 days 18:00:00,330,26.13,140.88,966.1,89.2
2026-07-27,7,13,2026-08-10 00:00:00,14 days 00:00:00,336,26.75,140.75,966.6,88.6
2026-07-27,7,13,2026-08-10 06:00:00,14 days 06:00:00,342,28.0,140.26,966.9,88.3
2026-07-27,7,13,2026-08-10 12:00:00,14 days 12:00:00,348,29.25,139.75,967.2,88.0
2026-07-27,7,13,2026-08-10 18:00:00,14 days 18:00:00,354,30.75,139.87,969.2,85.5
2026-07-27,7,13,2026-08-11 00:00:00,15 days 00:00:00,360,32.25,140.0,971.3,83.0
2026-07-27,8,13,2026-07-29 00:00:00,2 days 00:00:00,48,31.25,62.75,993.5,53.7
2026-07-27,8,13,2026-07-29 06:00:00,2 days 06:00:00,54,31.38,62.63,992.4,55.3
2026-07-27,8,13,2026-07-29 12:00:00,2 days 12:00:00,60,31.5,62.5,991.3,57.0
2026-07-27,8,13,2026-07-29 18:00:00,2 days 18:00:00,66,31.63,62.62,992.7,54.9
2026-07-27,8,13,2026-07-30 00:00:00,3 days 00:00:00,72,31.75,62.75,994.1,52.8
2026-07-27,8,13,2026-07-30 06:00:00,3 days 06:00:00,78,31.75,62.81,993.8,53.3
2026-07-27,8,13,2026-07-30 12:00:00,3 days 12:00:00,84,31.75,62.87,993.4,53.8
2026-07-27,8,13,2026-07-30 18:00:00,3 days 18:00:00,90,31.75,62.94,993.0,54.4
2026-07-27,8,13,2026-07-31 00:00:00,4 days 00:00:00,96,31.75,63.0,992.7,54.9
2026-07-27,8,13,2026-07-31 06:00:00,4 days 06:00:00,102,31.5,62.75,991.5,56.5
2026-07-27,8,13,2026-07-31 12:00:00,4 days 12:00:00,108,31.25,62.5,990.4,58.2
2026-07-27,8,13,2026-07-31 18:00:00,4 days 18:00:00,114,29.72,64.2,990.1,58.7
2026-07-27,8,13,2026-08-01 00:00:00,5 days 00:00:00,120,28.16,65.84,989.7,59.1
2026-07-27,8,13,2026-08-01 06:00:00,5 days 06:00:00,126,26.59,67.45,989.4,59.6
2026-07-27,8,13,2026-08-01 12:00:00,5 days 12:00:00,132,25.0,69.0,989.0,60.1
2026-07-27,9,13,2026-08-01 00:00:00,5 days 00:00:00,120,18.75,130.0,1003.5,37.7
2026-07-27,9,13,2026-08-01 06:00:00,5 days 06:00:00,126,19.13,129.5,1003.0,38.6
2026-07-27,9,13,2026-08-01 12:00:00,5 days 12:00:00,132,19.5,129.0,1002.5,39.5
2026-07-27,9,13,2026-08-01 18:00:00,5 days 18:00:00,138,19.5,128.12,1001.6,41.0
2026-07-27,9,13,2026-08-02 00:00:00,6 days 00:00:00,144,19.5,127.25,1000.7,42.5
2026-07-27,9,13,2026-08-02 06:00:00,6 days 06:00:00,150,19.38,126.25,999.4,44.5
2026-07-27,9,13,2026-08-02 12:00:00,6 days 12:00:00,156,19.25,125.25,998.2,46.5
2026-07-27,9,13,2026-08-02 18:00:00,6 days 18:00:00,162,19.13,124.5,996.5,49.2
2026-07-27,9,13,2026-08-03 00:00:00,7 days 00:00:00,168,19.0,123.75,994.8,51.8
2026-07-27,9,13,2026-08-03 06:00:00,7 days 06:00:00,174,18.75,122.87,994.7,51.8
2026-07-27,9,13,2026-08-03 12:00:00,7 days 12:00:00,180,18.5,122.0,994.7,51.8
2026-07-27,9,13,2026-08-03 18:00:00,7 days 18:00:00,186,18.13,121.75,996.9,48.5
2026-07-27,9,13,2026-08-04 00:00:00,8 days 00:00:00,192,17.75,121.5,999.0,45.2
2026-07-27,9,13,2026-08-04 06:00:00,8 days 06:00:00,198,18.0,121.5,998.8,45.5
2026-07-27,9,13,2026-08-04 12:00:00,8 days 12:00:00,204,18.25,121.5,998.6,45.9
2026-07-27,9,13,2026-08-04 18:00:00,8 days 18:00:00,210,18.62,121.5,998.7,45.8
2026-07-27,9,13,2026-08-05 00:00:00,9 days 00:00:00,216,19.0,121.5,998.7,45.6
2026-07-27,9,13,2026-08-05 06:00:00,9 days 06:00:00,222,18.88,121.75,998.3,46.3
2026-07-27,9,13,2026-08-05 12:00:00,9 days 12:00:00,228,18.75,122.0,997.9,47.0
2026-07-27,9,13,2026-08-05 18:00:00,9 days 18:00:00,234,18.75,122.12,997.5,47.5
2026-07-27,9,13,2026-08-06 00:00:00,10 days 00:00:00,240,18.75,122.25,997.2,48.1
2026-07-27,9,13,2026-08-06 06:00:00,10 days 06:00:00,246,18.88,122.62,996.7,48.9
2026-07-27,9,13,2026-08-06 12:00:00,10 days 12:00:00,252,19.0,123.0,996.2,49.6
2026-07-27,9,13,2026-08-06 18:00:00,10 days 18:00:00,258,18.63,123.13,995.7,50.4
2026-07-27,9,13,2026-08-07 00:00:00,11 days 00:00:00,264,18.25,123.25,995.2,51.1
2026-07-27,9,13,2026-08-07 06:00:00,11 days 06:00:00,270,18.0,123.75,994.0,52.9
2026-07-27,9,13,2026-08-07 12:00:00,11 days 12:00:00,276,17.75,124.25,992.8,54.6
2026-07-27,9,13,2026-08-07 18:00:00,11 days 18:00:00,282,17.75,124.5,992.4,55.2
2026-07-27,9,13,2026-08-08 00:00:00,12 days 00:00:00,288,17.75,124.75,992.0,55.9
2026-07-27,9,13,2026-08-08 06:00:00,12 days 06:00:00,294,17.75,125.0,991.4,56.8
2026-07-27,9,13,2026-08-08 12:00:00,12 days 12:00:00,300,17.75,125.25,990.7,57.7
2026-07-27,9,13,2026-08-08 18:00:00,12 days 18:00:00,306,17.63,125.75,989.4,59.6
2026-07-27,9,13,2026-08-09 00:00:00,13 days 00:00:00,312,17.5,126.25,988.0,61.5
2026-07-27,9,13,2026-08-09 06:00:00,13 days 06:00:00,318,17.75,126.87,987.0,62.9
2026-07-27,9,13,2026-08-09 12:00:00,13 days 12:00:00,324,18.0,127.5,986.0,64.3
2026-07-27,9,13,2026-08-09 18:00:00,13 days 18:00:00,330,18.38,128.12,985.2,65.3
2026-07-27,9,13,2026-08-10 00:00:00,14 days 00:00:00,336,18.75,128.75,984.4,66.4
2026-07-27,9,13,2026-08-10 06:00:00,14 days 06:00:00,342,19.13,129.5,986.0,64.3
2026-07-27,9,13,2026-08-10 12:00:00,14 days 12:00:00,348,19.5,130.25,987.6,62.1
2026-07-27,9,13,2026-08-10 18:00:00,14 days 18:00:00,354,20.0,131.37,986.2,64.0
2026-07-27,9,13,2026-08-11 00:00:00,15 days 00:00:00,360,20.5,132.5,984.8,66.0
2026-07-27,1,14,2026-07-27 00:00:00,0 days 00:00:00,0,20.0,-143.0,995.2,51.2
2026-07-27,1,14,2026-07-27 06:00:00,0 days 06:00:00,6,20.38,-144.62,997.0,48.4
2026-07-27,1,14,2026-07-27 12:00:00,0 days 12:00:00,12,20.75,-146.25,998.8,45.6
2026-07-27,1,14,2026-07-27 18:00:00,0 days 18:00:00,18,20.75,-147.38,1000.9,42.2
2026-07-27,1,14,2026-07-28 00:00:00,1 days 00:00:00,24,20.75,-148.5,1002.9,38.7
2026-07-27,1,14,2026-07-28 06:00:00,1 days 06:00:00,30,21.13,-149.5,1002.2,40.0
2026-07-27,1,14,2026-07-28 12:00:00,1 days 12:00:00,36,21.5,-150.5,1001.4,41.3
2026-07-27,10,14,2026-08-05 12:00:00,9 days 12:00:00,228,11.5,-134.75,1004.8,35.5
2026-07-27,10,14,2026-08-05 18:00:00,9 days 18:00:00,234,12.13,-135.37,1004.3,36.4
2026-07-27,10,14,2026-08-06 00:00:00,10 days 00:00:00,240,12.75,-136.0,1003.8,37.3
2026-07-27,10,14,2026-08-06 06:00:00,10 days 06:00:00,246,12.63,-137.0,1002.9,38.9
2026-07-27,10,14,2026-08-06 12:00:00,10 days 12:00:00,252,12.5,-138.0,1002.0,40.4
2026-07-27,10,14,2026-08-06 18:00:00,10 days 18:00:00,258,12.38,-139.25,1000.9,42.1
2026-07-27,10,14,2026-08-07 00:00:00,11 days 00:00:00,264,12.25,-140.5,999.8,43.9
2026-07-27,10,14,2026-08-07 06:00:00,11 days 06:00:00,270,12.63,-141.5,998.4,46.1
2026-07-27,10,14,2026-08-07 12:00:00,11 days 12:00:00,276,13.0,-142.5,997.0,48.3
2026-07-27,10,14,2026-08-07 18:00:00,11 days 18:00:00,282,13.0,-143.62,997.0,48.4
2026-07-27,10,14,2026-08-08 00:00:00,12 days 00:00:00,288,13.0,-144.75,997.0,48.4
2026-07-27,10,14,2026-08-08 06:00:00,12 days 06:00:00,294,13.13,-146.0,999.1,45.1
2026-07-27,10,14,2026-08-08 12:00:00,12 days 12:00:00,300,13.25,-147.25,1001.1,41.8
2026-07-27,10,14,2026-08-08 18:00:00,12 days 18:00:00,306,12.88,-148.38,1002.0,40.3
2026-07-27,10,14,2026-08-09 00:00:00,13 days 00:00:00,312,12.5,-149.5,1002.9,38.8
2026-07-27,10,14,2026-08-09 06:00:00,13 days 06:00:00,318,12.25,-150.63,1001.7,40.8
2026-07-27,10,14,2026-08-09 12:00:00,13 days 12:00:00,324,12.0,-151.75,1000.5,42.9
2026-07-27,10,14,2026-08-09 18:00:00,13 days 18:00:00,330,11.88,-153.0,999.9,43.9
2026-07-27,10,14,2026-08-10 00:00:00,14 days 00:00:00,336,11.75,-154.25,999.2,44.9
2026-07-27,10,14,2026-08-10 06:00:00,14 days 06:00:00,342,11.63,-155.5,998.1,46.6
2026-07-27,10,14,2026-08-10 12:00:00,14 days 12:00:00,348,11.5,-156.75,997.0,48.4
2026-07-27,10,14,2026-08-10 18:00:00,14 days 18:00:00,354,11.63,-158.0,993.7,53.2
2026-07-27,10,14,2026-08-11 00:00:00,15 days 00:00:00,360,11.75,-159.25,990.5,58.0
2026-07-27,11,14,2026-08-08 00:00:00,12 days 00:00:00,288,-36.0,177.0,984.4,66.5
2026-07-27,11,14,2026-08-08 06:00:00,12 days 06:00:00,294,-36.88,176.63,984.5,66.3
2026-07-27,11,14,2026-08-08 12:00:00,12 days 12:00:00,300,-37.75,176.25,984.6,66.2
2026-07-27,11,14,2026-08-08 18:00:00,12 days 18:00:00,306,-37.25,177.13,985.0,65.7
2026-07-27,11,14,2026-08-09 00:00:00,13 days 00:00:00,312,-36.75,178.0,985.3,65.2
2026-07-27,11,14,2026-08-09 06:00:00,13 days 06:00:00,318,-39.9,-179.73,983.7,67.3
2026-07-27,11,14,2026-08-09 12:00:00,13 days 12:00:00,324,-43.0,-177.25,982.1,69.4
2026-07-27,11,14,2026-08-09 18:00:00,13 days 18:00:00,330,-43.13,-178.62,984.0,67.0
2026-07-27,11,14,2026-08-10 00:00:00,14 days 00:00:00,336,-43.25,180.0,985.8,64.5
2026-07-27,11,14,2026-08-10 06:00:00,14 days 06:00:00,342,-43.18,-176.37,986.6,63.5
2026-07-27,11,14,2026-08-10 12:00:00,14 days 12:00:00,348,-43.0,-172.75,987.3,62.5
2026-07-27,5,14,2026-07-27 00:00:00,0 days 00:00:00,0,14.5,-110.75,972.9,81.1
2026-07-27,5,14,2026-07-27 06:00:00,0 days 06:00:00,6,15.25,-111.62,976.2,77.0
2026-07-27,5,14,2026-07-27 12:00:00,0 days 12:00:00,12,16.0,-112.5,979.5,72.8
2026-07-27,5,14,2026-07-27 18:00:00,0 days 18:00:00,18,16.38,-113.37,977.2,75.8
2026-07-27,5,14,2026-07-28 00:00:00,1 days 00:00:00,24,16.75,-114.25,974.9,78.7
2026-07-27,5,14,2026-07-28 06:00:00,1 days 06:00:00,30,17.13,-114.75,976.0,77.3
2026-07-27,5,14,2026-07-28 12:00:00,1 days 12:00:00,36,17.5,-115.25,977.1,75.9
2026-07-27,5,14,2026-07-28 18:00:00,1 days 18:00:00,42,17.75,-116.0,978.4,74.3
2026-07-27,5,14,2026-07-29 00:00:00,2 days 00:00:00,48,18.0,-116.75,979.7,72.7
2026-07-27,5,14,2026-07-29 06:00:00,2 days 06:00:00,54,18.38,-117.5,980.9,71.1
2026-07-27,5,14,2026-07-29 12:00:00,2 days 12:00:00,60,18.75,-118.25,982.1,69.5
2026-07-27,5,14,2026-07-29 18:00:00,2 days 18:00:00,66,18.88,-119.0,982.1,69.5
2026-07-27,5,14,2026-07-30 00:00:00,3 days 00:00:00,72,19.0,-119.75,982.1,69.5
2026-07-27,5,14,2026-07-30 06:00:00,3 days 06:00:00,78,19.5,-120.5,983.3,68.0
2026-07-27,5,14,2026-07-30 12:00:00,3 days 12:00:00,84,20.0,-121.25,984.4,66.4
2026-07-27,5,14,2026-07-30 18:00:00,3 days 18:00:00,90,20.38,-122.37,986.8,63.1
2026-07-27,5,14,2026-07-31 00:00:00,4 days 00:00:00,96,20.75,-123.5,989.2,59.9
2026-07-27,5,14,2026-07-31 06:00:00,4 days 06:00:00,102,21.0,-124.75,991.1,57.2
2026-07-27,5,14,2026-07-31 12:00:00,4 days 12:00:00,108,21.25,-126.0,992.9,54.5
2026-07-27,5,14,2026-07-31 18:00:00,4 days 18:00:00,114,21.38,-127.37,994.4,52.3
2026-07-27,5,14,2026-08-01 00:00:00,5 days 00:00:00,120,21.5,-128.75,995.9,50.0
2026-07-27,5,14,2026-08-01 06:00:00,5 days 06:00:00,126,21.76,-130.12,998.0,46.8
2026-07-27,5,14,2026-08-01 12:00:00,5 days 12:00:00,132,22.0,-131.5,1000.0,43.7
2026-07-27,5,14,2026-08-01 18:00:00,5 days 18:00:00,138,22.5,-132.75,1001.3,41.5
2026-07-27,5,14,2026-08-02 00:00:00,6 days 00:00:00,144,23.0,-134.0,1002.6,39.2
2026-07-27,5,14,2026-08-02 06:00:00,6 days 06:00:00,150,23.4,-135.49,1003.2,38.3
2026-07-27,5,14,2026-08-02 12:00:00,6 days 12:00:00,156,23.78,-136.98,1003.7,37.5
2026-07-27,5,14,2026-08-02 18:00:00,6 days 18:00:00,162,24.15,-138.49,1004.2,36.6
2026-07-27,5,14,2026-08-03 00:00:00,7 days 00:00:00,168,24.5,-140.0,1004.7,35.7
2026-07-27,5,14,2026-08-03 06:00:00,7 days 06:00:00,174,24.88,-141.0,1005.3,34.6
2026-07-27,5,14,2026-08-03 12:00:00,7 days 12:00:00,180,25.25,-142.0,1005.9,33.5
2026-07-27,6,14,2026-07-27 00:00:00,0 days 00:00:00,0,21.25,88.5,992.6,54.9
2026-07-27,6,14,2026-07-27 06:00:00,0 days 06:00:00,6,21.38,88.25,991.4,56.7
2026-07-27,6,14,2026-07-27 12:00:00,0 days 12:00:00,12,21.5,88.0,990.2,58.5
2026-07-27,6,14,2026-07-27 18:00:00,0 days 18:00:00,18,21.88,87.38,991.1,57.2
2026-07-27,6,14,2026-07-28 00:00:00,1 days 00:00:00,24,22.25,86.75,992.0,55.8
2026-07-27,6,14,2026-07-28 06:00:00,1 days 06:00:00,30,22.25,85.88,992.0,55.8
2026-07-27,6,14,2026-07-28 12:00:00,1 days 12:00:00,36,22.25,85.0,992.0,55.9
2026-07-27,6,14,2026-07-28 18:00:00,1 days 18:00:00,42,22.5,84.5,992.1,55.7
2026-07-27,6,14,2026-07-29 00:00:00,2 days 00:00:00,48,22.75,84.0,992.2,55.6
2026-07-27,6,14,2026-07-29 06:00:00,2 days 06:00:00,54,22.5,83.0,991.9,56.0
2026-07-27,6,14,2026-07-29 12:00:00,2 days 12:00:00,60,22.25,82.0,991.7,56.4
2026-07-27,6,14,2026-07-29 18:00:00,2 days 18:00:00,66,22.0,81.12,992.2,55.5
2026-07-27,6,14,2026-07-30 00:00:00,3 days 00:00:00,72,21.75,80.25,992.8,54.7
2026-07-27,7,14,2026-07-27 00:00:00,0 days 00:00:00,0,12.75,178.25,1002.3,39.9
2026-07-27,7,14,2026-07-27 06:00:00,0 days 06:00:00,6,13.0,176.75,1002.6,39.3
2026-07-27,7,14,2026-07-27 12:00:00,0 days 12:00:00,12,13.25,175.25,1003.0,38.7
2026-07-27,7,14,2026-07-27 18:00:00,0 days 18:00:00,18,13.13,174.12,1001.7,40.8
2026-07-27,7,14,2026-07-28 00:00:00,1 days 00:00:00,24,13.0,173.0,1000.4,43.0
2026-07-27,7,14,2026-07-28 06:00:00,1 days 06:00:00,30,13.25,172.0,999.4,44.6
2026-07-27,7,14,2026-07-28 12:00:00,1 days 12:00:00,36,13.5,171.0,998.4,46.1
2026-07-27,7,14,2026-07-28 18:00:00,1 days 18:00:00,42,13.88,170.25,996.2,49.6
2026-07-27,7,14,2026-07-29 00:00:00,2 days 00:00:00,48,14.25,169.5,993.9,53.0
2026-07-27,7,14,2026-07-29 06:00:00,2 days 06:00:00,54,14.5,168.75,992.4,55.3
2026-07-27,7,14,2026-07-29 12:00:00,2 days 12:00:00,60,14.75,168.0,990.8,57.6
2026-07-27,7,14,2026-07-29 18:00:00,2 days 18:00:00,66,15.0,167.25,989.5,59.4
2026-07-27,7,14,2026-07-30 00:00:00,3 days 00:00:00,72,15.25,166.5,988.2,61.3
2026-07-27,7,14,2026-07-30 06:00:00,3 days 06:00:00,78,15.63,165.88,985.7,64.7
2026-07-27,7,14,2026-07-30 12:00:00,3 days 12:00:00,84,16.0,165.25,983.2,68.1
2026-07-27,7,14,2026-07-30 18:00:00,3 days 18:00:00,90,16.25,164.75,983.7,67.4
2026-07-27,7,14,2026-07-31 00:00:00,4 days 00:00:00,96,16.5,164.25,984.2,66.7
2026-07-27,7,14,2026-07-31 06:00:00,4 days 06:00:00,102,17.13,163.63,980.6,71.3
2026-07-27,7,14,2026-07-31 12:00:00,4 days 12:00:00,108,17.75,163.0,977.1,75.9
2026-07-27,7,14,2026-07-31 18:00:00,4 days 18:00:00,114,18.63,162.13,974.6,79.0
2026-07-27,7,14,2026-08-01 00:00:00,5 days 00:00:00,120,19.5,161.25,972.1,82.1
2026-07-27,7,14,2026-08-01 06:00:00,5 days 06:00:00,126,20.13,160.25,967.4,87.6
2026-07-27,7,14,2026-08-01 12:00:00,5 days 12:00:00,132,20.75,159.25,962.7,93.2
2026-07-27,7,14,2026-08-01 18:00:00,5 days 18:00:00,138,21.13,158.0,961.2,94.9
2026-07-27,7,14,2026-08-02 00:00:00,6 days 00:00:00,144,21.5,156.75,959.7,96.6
2026-07-27,7,14,2026-08-02 06:00:00,6 days 06:00:00,150,21.75,155.75,957.8,98.7
2026-07-27,7,14,2026-08-02 12:00:00,6 days 12:00:00,156,22.0,154.75,955.8,100.9
2026-07-27,7,14,2026-08-02 18:00:00,6 days 18:00:00,162,22.38,153.75,954.8,102.0
2026-07-27,7,14,2026-08-03 00:00:00,7 days 00:00:00,168,22.75,152.75,953.7,103.2
2026-07-27,7,14,2026-08-03 06:00:00,7 days 06:00:00,174,22.88,151.88,953.0,104.0
2026-07-27,7,14,2026-08-03 12:00:00,7 days 12:00:00,180,23.0,151.0,952.2,104.8
2026-07-27,7,14,2026-08-03 18:00:00,7 days 18:00:00,186,23.01,149.5,951.3,105.8
2026-07-27,7,14,2026-08-04 00:00:00,8 days 00:00:00,192,23.0,148.0,950.4,106.8
2026-07-27,7,14,2026-08-04 06:00:00,8 days 06:00:00,198,22.88,146.75,951.7,105.4
2026-07-27,7,14,2026-08-04 12:00:00,8 days 12:00:00,204,22.75,145.5,952.9,104.0
2026-07-27,7,14,2026-08-04 18:00:00,8 days 18:00:00,210,22.63,144.5,951.8,105.3
2026-07-27,7,14,2026-08-05 00:00:00,9 days 00:00:00,216,22.5,143.5,950.6,106.6
2026-07-27,7,14,2026-08-05 06:00:00,9 days 06:00:00,222,22.38,142.62,949.6,107.7
2026-07-27,7,14,2026-08-05 12:00:00,9 days 12:00:00,228,22.25,141.75,948.5,108.8
2026-07-27,7,14,2026-08-05 18:00:00,9 days 18:00:00,234,22.25,140.75,946.7,110.8
2026-07-27,7,14,2026-08-06 00:00:00,10 days 00:00:00,240,22.25,139.75,944.8,112.7
2026-07-27,7,14,2026-08-06 06:00:00,10 days 06:00:00,246,22.5,139.0,949.0,108.3
2026-07-27,7,14,2026-08-06 12:00:00,10 days 12:00:00,252,22.75,138.25,953.2,103.8
2026-07-27,7,14,2026-08-06 18:00:00,10 days 18:00:00,258,22.88,137.0,955.4,101.4
2026-07-27,7,14,2026-08-07 00:00:00,11 days 00:00:00,264,23.0,135.75,957.6,98.9
2026-07-27,7,14,2026-08-07 06:00:00,11 days 06:00:00,270,23.13,135.0,957.5,99.0
2026-07-27,7,14,2026-08-07 12:00:00,11 days 12:00:00,276,23.25,134.25,957.4,99.1
2026-07-27,7,14,2026-08-07 18:00:00,11 days 18:00:00,282,23.88,133.75,959.4,96.9
2026-07-27,7,14,2026-08-08 00:00:00,12 days 00:00:00,288,24.5,133.25,961.3,94.7
2026-07-27,7,14,2026-08-08 06:00:00,12 days 06:00:00,294,24.13,132.62,962.9,92.9
2026-07-27,7,14,2026-08-08 12:00:00,12 days 12:00:00,300,23.75,132.0,964.5,91.1
2026-07-27,7,14,2026-08-08 18:00:00,12 days 18:00:00,306,24.38,131.5,965.6,89.8
2026-07-27,7,14,2026-08-09 00:00:00,13 days 00:00:00,312,25.0,131.0,966.7,88.5
2026-07-27,7,14,2026-08-09 06:00:00,13 days 06:00:00,318,25.5,130.88,968.0,87.0
2026-07-27,7,14,2026-08-09 12:00:00,13 days 12:00:00,324,26.0,130.75,969.3,85.5
2026-07-27,7,14,2026-08-09 18:00:00,13 days 18:00:00,330,26.88,130.63,969.9,84.7
2026-07-27,7,14,2026-08-10 00:00:00,14 days 00:00:00,336,27.75,130.5,970.6,83.9
2026-07-27,7,14,2026-08-10 06:00:00,14 days 06:00:00,342,28.38,130.25,970.6,83.9
2026-07-27,7,14,2026-08-10 12:00:00,14 days 12:00:00,348,29.0,130.0,970.5,84.0
2026-07-27,7,14,2026-08-10 18:00:00,14 days 18:00:00,354,30.0,129.88,970.2,84.4
2026-07-27,7,14,2026-08-11 00:00:00,15 days 00:00:00,360,31.0,129.75,969.9,84.8
2026-07-27,8,14,2026-07-28 12:00:00,1 days 12:00:00,36,30.25,50.0,994.1,52.9
2026-07-27,8,14,2026-07-28 18:00:00,1 days 18:00:00,42,31.16,56.32,993.8,53.3
2026-07-27,8,14,2026-07-29 00:00:00,2 days 00:00:00,48,31.75,62.75,993.5,53.7
2026-07-27,8,14,2026-07-29 06:00:00,2 days 06:00:00,54,31.75,62.75,992.6,55.0
2026-07-27,8,14,2026-07-29 12:00:00,2 days 12:00:00,60,31.75,62.75,991.7,56.3
2026-07-27,8,14,2026-07-29 18:00:00,2 days 18:00:00,66,31.75,62.75,992.9,54.6
2026-07-27,8,14,2026-07-30 00:00:00,3 days 00:00:00,72,31.75,62.75,994.0,52.9
2026-07-27,8,14,2026-07-30 06:00:00,3 days 06:00:00,78,31.75,62.75,992.8,54.7
2026-07-27,8,14,2026-07-30 12:00:00,3 days 12:00:00,84,31.75,62.75,991.5,56.6
2026-07-27,8,14,2026-07-30 18:00:00,3 days 18:00:00,90,31.75,62.75,992.0,55.8
2026-07-27,8,14,2026-07-31 00:00:00,4 days 00:00:00,96,31.75,62.75,992.5,55.1
2026-07-27,8,14,2026-07-31 06:00:00,4 days 06:00:00,102,31.38,62.37,991.7,56.3
2026-07-27,8,14,2026-07-31 12:00:00,4 days 12:00:00,108,31.0,62.0,990.9,57.5
2026-07-27,8,14,2026-07-31 18:00:00,4 days 18:00:00,114,27.71,67.03,992.5,55.2
2026-07-27,8,14,2026-08-01 00:00:00,5 days 00:00:00,120,24.25,71.75,994.1,52.8
2026-07-27,8,14,2026-08-01 06:00:00,5 days 06:00:00,126,24.44,71.69,994.7,51.9
2026-07-27,8,14,2026-08-01 12:00:00,5 days 12:00:00,132,24.63,71.63,995.3,51.0
2026-07-27,8,14,2026-08-01 18:00:00,5 days 18:00:00,138,24.81,71.56,995.9,50.0
2026-07-27,8,14,2026-08-02 00:00:00,6 days 00:00:00,144,25.0,71.5,996.5,49.1
2026-07-27,9,14,2026-08-04 12:00:00,8 days 12:00:00,204,19.75,169.0,1000.2,43.3
2026-07-27,9,14,2026-08-04 18:00:00,8 days 18:00:00,210,20.25,169.25,999.2,44.8
2026-07-27,9,14,2026-08-05 00:00:00,9 days 00:00:00,216,20.75,169.5,998.3,46.4
2026-07-27,9,14,2026-08-05 06:00:00,9 days 06:00:00,222,22.5,168.64,996.6,48.9
2026-07-27,9,14,2026-08-05 12:00:00,9 days 12:00:00,228,24.25,167.75,995.0,51.4
2026-07-27,9,14,2026-08-05 18:00:00,9 days 18:00:00,234,26.13,166.64,993.3,53.9
2026-07-27,9,14,2026-08-06 00:00:00,10 days 00:00:00,240,28.0,165.5,991.6,56.5
2026-07-27,9,14,2026-08-06 06:00:00,10 days 06:00:00,246,28.88,164.51,990.0,58.7
2026-07-27,9,14,2026-08-06 12:00:00,10 days 12:00:00,252,29.75,163.5,988.5,60.9
2026-07-27,9,14,2026-08-06 18:00:00,10 days 18:00:00,258,31.0,162.76,989.8,59.0
2026-07-27,9,14,2026-08-07 00:00:00,11 days 00:00:00,264,32.25,162.0,991.1,57.2
2026-07-27,9,14,2026-08-07 06:00:00,11 days 06:00:00,270,33.63,161.38,991.2,57.1
2026-07-27,9,14,2026-08-07 12:00:00,11 days 12:00:00,276,35.0,160.75,991.2,57.0
2026-07-27,9,14,2026-08-07 18:00:00,11 days 18:00:00,282,37.13,160.63,991.2,57.1
2026-07-27,9,14,2026-08-08 00:00:00,12 days 00:00:00,288,39.25,160.5,991.1,57.2
2026-07-27,9,14,2026-08-08 06:00:00,12 days 06:00:00,294,40.38,160.01,993.1,54.3
2026-07-27,9,14,2026-08-08 12:00:00,12 days 12:00:00,300,41.5,159.5,995.1,51.3
2026-07-27,9,14,2026-08-08 18:00:00,12 days 18:00:00,306,42.13,160.0,996.3,49.4
2026-07-27,9,14,2026-08-09 00:00:00,13 days 00:00:00,312,42.75,160.5,997.6,47.5
2026-07-27,9,14,2026-08-09 06:00:00,13 days 06:00:00,318,43.88,161.36,998.7,45.8
2026-07-27,9,14,2026-08-09 12:00:00,13 days 12:00:00,324,45.0,162.25,999.7,44.1
2026-07-27,1,15,2026-07-27 00:00:00,0 days 00:00:00,0,20.0,-143.0,995.2,51.2
2026-07-27,1,15,2026-07-27 06:00:00,0 days 06:00:00,6,20.38,-144.5,995.9,50.1
2026-07-27,1,15,2026-07-27 12:00:00,0 days 12:00:00,12,20.75,-146.0,996.6,49.0
2026-07-27,1,15,2026-07-27 18:00:00,0 days 18:00:00,18,21.0,-147.25,1000.4,42.8
2026-07-27,1,15,2026-07-28 00:00:00,1 days 00:00:00,24,21.25,-148.5,1004.2,36.5
2026-07-27,1,15,2026-07-28 06:00:00,1 days 06:00:00,30,21.38,-149.87,1004.5,36.0
2026-07-27,1,15,2026-07-28 12:00:00,1 days 12:00:00,36,21.5,-151.25,1004.8,35.5
2026-07-27,5,15,2026-07-27 00:00:00,0 days 00:00:00,0,14.5,-110.75,972.9,81.1
2026-07-27,5,15,2026-07-27 06:00:00,0 days 06:00:00,6,15.25,-111.62,976.8,76.2
2026-07-27,5,15,2026-07-27 12:00:00,0 days 12:00:00,12,16.0,-112.5,980.7,71.3
2026-07-27,5,15,2026-07-27 18:00:00,0 days 18:00:00,18,16.5,-113.37,979.3,73.1
2026-07-27,5,15,2026-07-28 00:00:00,1 days 00:00:00,24,17.0,-114.25,978.0,74.8
2026-07-27,5,15,2026-07-28 06:00:00,1 days 06:00:00,30,17.25,-115.0,978.0,74.7
2026-07-27,5,15,2026-07-28 12:00:00,1 days 12:00:00,36,17.5,-115.75,978.1,74.6
2026-07-27,5,15,2026-07-28 18:00:00,1 days 18:00:00,42,17.75,-116.62,979.1,73.3
2026-07-27,5,15,2026-07-29 00:00:00,2 days 00:00:00,48,18.0,-117.5,980.1,72.1
2026-07-27,5,15,2026-07-29 06:00:00,2 days 06:00:00,54,18.38,-118.37,983.1,68.1
2026-07-27,5,15,2026-07-29 12:00:00,2 days 12:00:00,60,18.75,-119.25,986.2,64.1
2026-07-27,5,15,2026-07-29 18:00:00,2 days 18:00:00,66,19.0,-120.0,986.3,63.9
2026-07-27,5,15,2026-07-30 00:00:00,3 days 00:00:00,72,19.25,-120.75,986.4,63.7
2026-07-27,5,15,2026-07-30 06:00:00,3 days 06:00:00,78,19.63,-121.62,985.3,65.3
2026-07-27,5,15,2026-07-30 12:00:00,3 days 12:00:00,84,20.0,-122.5,984.1,66.9
2026-07-27,5,15,2026-07-30 18:00:00,3 days 18:00:00,90,20.63,-123.74,988.3,60.9
2026-07-27,5,15,2026-07-31 00:00:00,4 days 00:00:00,96,21.25,-125.0,992.6,55.0
2026-07-27,5,15,2026-07-31 06:00:00,4 days 06:00:00,102,21.25,-126.25,994.8,51.7
2026-07-27,5,15,2026-07-31 12:00:00,4 days 12:00:00,108,21.25,-127.5,997.0,48.3
2026-07-27,5,15,2026-07-31 18:00:00,4 days 18:00:00,114,21.63,-128.37,999.8,43.9
2026-07-27,5,15,2026-08-01 00:00:00,5 days 00:00:00,120,22.0,-129.25,1002.6,39.4
2026-07-27,5,15,2026-08-01 06:00:00,5 days 06:00:00,126,22.5,-130.5,1003.5,37.7
2026-07-27,5,15,2026-08-01 12:00:00,5 days 12:00:00,132,23.0,-131.75,1004.4,36.1
2026-07-27,5,15,2026-08-01 18:00:00,5 days 18:00:00,138,23.63,-133.12,1005.8,33.6
2026-07-27,5,15,2026-08-02 00:00:00,6 days 00:00:00,144,24.25,-134.5,1007.1,31.2
2026-07-27,5,15,2026-08-02 06:00:00,6 days 06:00:00,150,24.64,-136.24,1007.8,29.8
2026-07-27,5,15,2026-08-02 12:00:00,6 days 12:00:00,156,25.0,-138.0,1008.5,28.4
2026-07-27,6,15,2026-07-27 00:00:00,0 days 00:00:00,0,21.25,88.5,992.6,54.9
2026-07-27,6,15,2026-07-27 06:00:00,0 days 06:00:00,6,21.38,88.38,991.9,56.0
2026-07-27,6,15,2026-07-27 12:00:00,0 days 12:00:00,12,21.5,88.25,991.2,57.0
2026-07-27,6,15,2026-07-27 18:00:00,0 days 18:00:00,18,21.5,87.88,991.1,57.1
2026-07-27,6,15,2026-07-28 00:00:00,1 days 00:00:00,24,21.5,87.5,991.1,57.2
2026-07-27,6,15,2026-07-28 06:00:00,1 days 06:00:00,30,21.76,86.44,991.2,57.0
2026-07-27,6,15,2026-07-28 12:00:00,1 days 12:00:00,36,22.01,85.38,991.4,56.7
2026-07-27,6,15,2026-07-28 18:00:00,1 days 18:00:00,42,22.26,84.32,991.6,56.5
2026-07-27,6,15,2026-07-29 00:00:00,2 days 00:00:00,48,22.5,83.25,991.8,56.2
2026-07-27,6,15,2026-07-29 06:00:00,2 days 06:00:00,54,22.38,82.37,991.3,56.8
2026-07-27,6,15,2026-07-29 12:00:00,2 days 12:00:00,60,22.25,81.5,990.9,57.4
2026-07-27,6,15,2026-07-29 18:00:00,2 days 18:00:00,66,21.63,79.99,991.2,57.1
2026-07-27,6,15,2026-07-30 00:00:00,3 days 00:00:00,72,21.0,78.5,991.4,56.7
2026-07-27,6,15,2026-07-30 06:00:00,3 days 06:00:00,78,21.63,77.63,990.8,57.6
2026-07-27,6,15,2026-07-30 12:00:00,3 days 12:00:00,84,22.25,76.75,990.2,58.4
2026-07-27,6,15,2026-07-30 18:00:00,3 days 18:00:00,90,21.88,75.5,990.5,58.0
2026-07-27,6,15,2026-07-31 00:00:00,4 days 00:00:00,96,21.5,74.25,990.8,57.6
2026-07-27,6,15,2026-07-31 06:00:00,4 days 06:00:00,102,22.2,73.33,991.3,56.9
2026-07-27,6,15,2026-07-31 12:00:00,4 days 12:00:00,108,22.89,72.39,991.7,56.2
2026-07-27,6,15,2026-07-31 18:00:00,4 days 18:00:00,114,23.57,71.45,992.2,55.6
2026-07-27,6,15,2026-08-01 00:00:00,5 days 00:00:00,120,24.25,70.5,992.7,54.9
2026-07-27,6,15,2026-08-01 06:00:00,5 days 06:00:00,126,28.19,66.28,991.5,56.6
2026-07-27,6,15,2026-08-01 12:00:00,5 days 12:00:00,132,32.0,61.75,990.4,58.2
2026-07-27,7,15,2026-07-27 00:00:00,0 days 00:00:00,0,12.75,178.25,1002.3,39.9
2026-07-27,7,15,2026-07-27 06:00:00,0 days 06:00:00,6,12.88,176.88,1001.5,41.1
2026-07-27,7,15,2026-07-27 12:00:00,0 days 12:00:00,12,13.0,175.5,1000.8,42.4
2026-07-27,7,15,2026-07-27 18:00:00,0 days 18:00:00,18,13.0,174.25,999.6,44.3
2026-07-27,7,15,2026-07-28 00:00:00,1 days 00:00:00,24,13.0,173.0,998.4,46.3
2026-07-27,7,15,2026-07-28 06:00:00,1 days 06:00:00,30,13.13,172.25,996.9,48.5
2026-07-27,7,15,2026-07-28 12:00:00,1 days 12:00:00,36,13.25,171.5,995.5,50.7
2026-07-27,7,15,2026-07-28 18:00:00,1 days 18:00:00,42,13.5,170.63,992.5,55.1
2026-07-27,7,15,2026-07-29 00:00:00,2 days 00:00:00,48,13.75,169.75,989.4,59.5
2026-07-27,7,15,2026-07-29 06:00:00,2 days 06:00:00,54,14.38,169.25,988.8,60.4
2026-07-27,7,15,2026-07-29 12:00:00,2 days 12:00:00,60,15.0,168.75,988.2,61.3
2026-07-27,7,15,2026-07-29 18:00:00,2 days 18:00:00,66,15.75,168.13,985.2,65.3
2026-07-27,7,15,2026-07-30 00:00:00,3 days 00:00:00,72,16.5,167.5,982.2,69.3
2026-07-27,7,15,2026-07-30 06:00:00,3 days 06:00:00,78,17.0,166.75,980.9,71.0
2026-07-27,7,15,2026-07-30 12:00:00,3 days 12:00:00,84,17.5,166.0,979.6,72.7
2026-07-27,7,15,2026-07-30 18:00:00,3 days 18:00:00,90,18.13,165.25,975.1,78.4
2026-07-27,7,15,2026-07-31 00:00:00,4 days 00:00:00,96,18.75,164.5,970.5,84.0
2026-07-27,7,15,2026-07-31 06:00:00,4 days 06:00:00,102,19.13,163.75,969.1,85.7
2026-07-27,7,15,2026-07-31 12:00:00,4 days 12:00:00,108,19.5,163.0,967.7,87.4
2026-07-27,7,15,2026-07-31 18:00:00,4 days 18:00:00,114,20.25,162.38,961.5,94.4
2026-07-27,7,15,2026-08-01 00:00:00,5 days 00:00:00,120,21.0,161.75,955.4,101.3
2026-07-27,7,15,2026-08-01 06:00:00,5 days 06:00:00,126,22.0,160.88,956.9,99.6
2026-07-27,7,15,2026-08-01 12:00:00,5 days 12:00:00,132,23.0,160.0,958.5,97.9
2026-07-27,7,15,2026-08-01 18:00:00,5 days 18:00:00,138,23.75,159.13,957.3,99.2
2026-07-27,7,15,2026-08-02 00:00:00,6 days 00:00:00,144,24.5,158.25,956.1,100.6
2026-07-27,7,15,2026-08-02 06:00:00,6 days 06:00:00,150,25.38,157.38,957.9,98.5
2026-07-27,7,15,2026-08-02 12:00:00,6 days 12:00:00,156,26.25,156.5,959.8,96.5
2026-07-27,7,15,2026-08-02 18:00:00,6 days 18:00:00,162,26.75,155.63,961.2,94.8
2026-07-27,7,15,2026-08-03 00:00:00,7 days 00:00:00,168,27.25,154.75,962.6,93.2
2026-07-27,7,15,2026-08-03 06:00:00,7 days 06:00:00,174,27.75,153.75,962.3,93.6
2026-07-27,7,15,2026-08-03 12:00:00,7 days 12:00:00,180,28.25,152.75,962.0,93.9
2026-07-27,7,15,2026-08-03 18:00:00,7 days 18:00:00,186,28.75,151.88,964.0,91.6
2026-07-27,7,15,2026-08-04 00:00:00,8 days 00:00:00,192,29.25,151.0,966.0,89.4
2026-07-27,7,15,2026-08-04 06:00:00,8 days 06:00:00,198,29.13,150.0,964.9,90.7
2026-07-27,7,15,2026-08-04 12:00:00,8 days 12:00:00,204,29.0,149.0,963.7,92.0
2026-07-27,7,15,2026-08-04 18:00:00,8 days 18:00:00,210,29.38,148.25,963.8,91.9
2026-07-27,7,15,2026-08-05 00:00:00,9 days 00:00:00,216,29.75,147.5,963.9,91.8
2026-07-27,7,15,2026-08-05 06:00:00,9 days 06:00:00,222,30.13,146.25,965.1,90.4
2026-07-27,7,15,2026-08-05 12:00:00,9 days 12:00:00,228,30.5,145.0,966.3,89.0
2026-07-27,7,15,2026-08-05 18:00:00,9 days 18:00:00,234,30.76,143.5,967.0,88.1
2026-07-27,7,15,2026-08-06 00:00:00,10 days 00:00:00,240,31.0,142.0,967.8,87.2
2026-07-27,7,15,2026-08-06 06:00:00,10 days 06:00:00,246,31.63,141.01,968.0,87.0
2026-07-27,7,15,2026-08-06 12:00:00,10 days 12:00:00,252,32.25,140.0,968.1,86.8
2026-07-27,7,15,2026-08-06 18:00:00,10 days 18:00:00,258,32.38,139.38,970.0,84.6
2026-07-27,7,15,2026-08-07 00:00:00,11 days 00:00:00,264,32.5,138.75,971.9,82.3
2026-07-27,7,15,2026-08-07 06:00:00,11 days 06:00:00,270,33.25,138.5,974.0,79.7
2026-07-27,7,15,2026-08-07 12:00:00,11 days 12:00:00,276,34.0,138.25,976.2,77.0
2026-07-27,7,15,2026-08-07 18:00:00,11 days 18:00:00,282,35.0,138.87,981.6,69.9
2026-07-27,7,15,2026-08-08 00:00:00,12 days 00:00:00,288,36.0,139.5,987.1,62.8
2026-07-27,7,15,2026-08-08 06:00:00,12 days 06:00:00,294,37.38,139.5,990.1,58.6
2026-07-27,7,15,2026-08-08 12:00:00,12 days 12:00:00,300,38.75,139.5,993.1,54.3
2026-07-27,8,15,2026-07-30 00:00:00,3 days 00:00:00,72,31.5,62.75,994.7,51.9
2026-07-27,8,15,2026-07-30 06:00:00,3 days 06:00:00,78,31.44,62.75,994.1,52.7
2026-07-27,8,15,2026-07-30 12:00:00,3 days 12:00:00,84,31.38,62.75,993.5,53.6
2026-07-27,8,15,2026-07-30 18:00:00,3 days 18:00:00,90,31.31,62.75,992.9,54.5
2026-07-27,8,15,2026-07-31 00:00:00,4 days 00:00:00,96,31.25,62.75,992.3,55.4
2026-07-27,8,15,2026-07-31 06:00:00,4 days 06:00:00,102,31.25,62.38,991.6,56.5
2026-07-27,8,15,2026-07-31 12:00:00,4 days 12:00:00,108,31.25,62.0,990.8,57.6
2026-07-27,8,15,2026-07-31 18:00:00,4 days 18:00:00,114,31.13,62.75,992.2,55.5
2026-07-27,8,15,2026-08-01 00:00:00,5 days 00:00:00,120,31.0,63.5,993.6,53.5
2026-07-27,8,15,2026-08-01 06:00:00,5 days 06:00:00,126,31.5,62.63,992.0,55.9
2026-07-27,8,15,2026-08-01 12:00:00,5 days 12:00:00,132,32.0,61.75,990.4,58.2
2026-07-27,9,15,2026-08-03 00:00:00,7 days 00:00:00,168,17.25,164.0,1004.1,36.8
2026-07-27,9,15,2026-08-03 06:00:00,7 days 06:00:00,174,18.0,163.0,1003.8,37.2
2026-07-27,9,15,2026-08-03 12:00:00,7 days 12:00:00,180,18.75,162.0,1003.6,37.5
2026-07-27,9,15,2026-08-03 18:00:00,7 days 18:00:00,186,19.13,161.25,1002.6,39.4
2026-07-27,9,15,2026-08-04 00:00:00,8 days 00:00:00,192,19.5,160.5,1001.5,41.2
2026-07-27,9,15,2026-08-04 06:00:00,8 days 06:00:00,198,19.62,160.5,1001.0,42.0
2026-07-27,9,15,2026-08-04 12:00:00,8 days 12:00:00,204,19.75,160.5,1000.5,42.8
2026-07-27,9,15,2026-08-04 18:00:00,8 days 18:00:00,210,20.0,160.38,998.7,45.6
2026-07-27,9,15,2026-08-05 00:00:00,9 days 00:00:00,216,20.25,160.25,996.9,48.5
2026-07-27,9,15,2026-08-05 06:00:00,9 days 06:00:00,222,20.5,159.63,997.2,48.1
2026-07-27,9,15,2026-08-05 12:00:00,9 days 12:00:00,228,20.75,159.0,997.4,47.7
2026-07-27,9,15,2026-08-05 18:00:00,9 days 18:00:00,234,20.63,159.5,995.4,50.8
2026-07-27,9,15,2026-08-06 00:00:00,10 days 00:00:00,240,20.5,160.0,993.3,53.9
2026-07-27,9,15,2026-08-06 06:00:00,10 days 06:00:00,246,20.5,160.0,994.0,52.9
2026-07-27,9,15,2026-08-06 12:00:00,10 days 12:00:00,252,20.5,160.0,994.8,51.8
2026-07-27,9,15,2026-08-06 18:00:00,10 days 18:00:00,258,21.13,161.37,994.5,52.1
2026-07-27,9,15,2026-08-07 00:00:00,11 days 00:00:00,264,21.75,162.75,994.3,52.4
2026-07-27,9,15,2026-08-07 06:00:00,11 days 06:00:00,270,23.13,163.49,993.0,54.4
2026-07-27,9,15,2026-08-07 12:00:00,11 days 12:00:00,276,24.5,164.25,991.6,56.4
2026-07-27,9,15,2026-08-07 18:00:00,11 days 18:00:00,282,25.88,164.5,990.4,58.2
2026-07-27,9,15,2026-08-08 00:00:00,12 days 00:00:00,288,27.25,164.75,989.2,59.9
2026-07-27,9,15,2026-08-08 06:00:00,12 days 06:00:00,294,28.5,164.63,988.2,61.2
2026-07-27,9,15,2026-08-08 12:00:00,12 days 12:00:00,300,29.75,164.5,987.3,62.5
2026-07-27,9,15,2026-08-08 18:00:00,12 days 18:00:00,306,29.63,163.25,986.8,63.2
2026-07-27,9,15,2026-08-09 00:00:00,13 days 00:00:00,312,29.5,162.0,986.3,63.8
2026-07-27,9,15,2026-08-09 06:00:00,13 days 06:00:00,318,29.63,161.75,986.5,63.6
2026-07-27,9,15,2026-08-09 12:00:00,13 days 12:00:00,324,29.75,161.5,986.6,63.4
2026-07-27,9,15,2026-08-09 18:00:00,13 days 18:00:00,330,29.88,161.5,985.1,65.5
2026-07-27,9,15,2026-08-10 00:00:00,14 days 00:00:00,336,30.0,161.5,983.5,67.6
2026-07-27,9,15,2026-08-10 06:00:00,14 days 06:00:00,342,30.88,161.38,984.3,66.6
2026-07-27,9,15,2026-08-10 12:00:00,14 days 12:00:00,348,31.75,161.25,985.1,65.5
2026-07-27,9,15,2026-08-10 18:00:00,14 days 18:00:00,354,32.38,161.62,984.2,66.7
2026-07-27,9,15,2026-08-11 00:00:00,15 days 00:00:00,360,33.0,162.0,983.3,68.0
2026-07-27,1,16,2026-07-27 00:00:00,0 days 00:00:00,0,20.0,-143.0,995.2,51.2
2026-07-27,1,16,2026-07-27 06:00:00,0 days 06:00:00,6,20.25,-144.25,996.4,49.3
2026-07-27,1,16,2026-07-27 12:00:00,0 days 12:00:00,12,20.5,-145.5,997.6,47.5
2026-07-27,1,16,2026-07-27 18:00:00,0 days 18:00:00,18,20.76,-147.12,1000.3,43.0
2026-07-27,1,16,2026-07-28 00:00:00,1 days 00:00:00,24,21.0,-148.75,1003.1,38.5
2026-07-27,1,16,2026-07-28 06:00:00,1 days 06:00:00,30,21.45,-149.74,1004.1,36.7
2026-07-27,1,16,2026-07-28 12:00:00,1 days 12:00:00,36,21.89,-150.74,1005.1,34.9
2026-07-27,1,16,2026-07-28 18:00:00,1 days 18:00:00,42,22.32,-151.74,1006.1,33.1
2026-07-27,1,16,2026-07-29 00:00:00,2 days 00:00:00,48,22.75,-152.75,1007.1,31.3
2026-07-27,10,16,2026-08-07 12:00:00,11 days 12:00:00,276,15.0,119.5,1003.5,37.8
2026-07-27,10,16,2026-08-07 18:00:00,11 days 18:00:00,282,15.25,119.5,1002.9,38.9
2026-07-27,10,16,2026-08-08 00:00:00,12 days 00:00:00,288,15.5,119.5,1002.3,39.9
2026-07-27,10,16,2026-08-08 06:00:00,12 days 06:00:00,294,15.75,119.5,1001.5,41.2
2026-07-27,10,16,2026-08-08 12:00:00,12 days 12:00:00,300,16.0,119.5,1000.7,42.4
2026-07-27,10,16,2026-08-08 18:00:00,12 days 18:00:00,306,16.0,119.5,999.2,44.9
2026-07-27,10,16,2026-08-09 00:00:00,13 days 00:00:00,312,16.0,119.5,997.6,47.5
2026-07-27,10,16,2026-08-09 06:00:00,13 days 06:00:00,318,16.13,119.38,996.5,49.2
2026-07-27,10,16,2026-08-09 12:00:00,13 days 12:00:00,324,16.25,119.25,995.3,50.9
2026-07-27,10,16,2026-08-09 18:00:00,13 days 18:00:00,330,16.25,119.25,993.9,53.1
2026-07-27,10,16,2026-08-10 00:00:00,14 days 00:00:00,336,16.25,119.25,992.5,55.2
2026-07-27,10,16,2026-08-10 06:00:00,14 days 06:00:00,342,16.88,119.5,993.5,53.6
2026-07-27,10,16,2026-08-10 12:00:00,14 days 12:00:00,348,17.5,119.75,994.6,52.0
2026-07-27,10,16,2026-08-10 18:00:00,14 days 18:00:00,354,18.5,120.12,995.3,50.9
2026-07-27,10,16,2026-08-11 00:00:00,15 days 00:00:00,360,19.5,120.5,996.1,49.8
2026-07-27,5,16,2026-07-27 00:00:00,0 days 00:00:00,0,14.5,-110.75,972.9,81.1
2026-07-27,5,16,2026-07-27 06:00:00,0 days 06:00:00,6,15.13,-111.62,974.5,79.1
2026-07-27,5,16,2026-07-27 12:00:00,0 days 12:00:00,12,15.75,-112.5,976.2,77.1
2026-07-27,5,16,2026-07-27 18:00:00,0 days 18:00:00,18,16.25,-113.25,974.9,78.7
2026-07-27,5,16,2026-07-28 00:00:00,1 days 00:00:00,24,16.75,-114.0,973.6,80.3
2026-07-27,5,16,2026-07-28 06:00:00,1 days 06:00:00,30,17.13,-114.87,976.0,77.3
2026-07-27,5,16,2026-07-28 12:00:00,1 days 12:00:00,36,17.5,-115.75,978.3,74.3
2026-07-27,5,16,2026-07-28 18:00:00,1 days 18:00:00,42,17.63,-116.37,978.9,73.6
2026-07-27,5,16,2026-07-29 00:00:00,2 days 00:00:00,48,17.75,-117.0,979.5,72.9
2026-07-27,5,16,2026-07-29 06:00:00,2 days 06:00:00,54,17.88,-117.75,982.9,68.4
2026-07-27,5,16,2026-07-29 12:00:00,2 days 12:00:00,60,18.0,-118.5,986.4,63.8
2026-07-27,5,16,2026-07-29 18:00:00,2 days 18:00:00,66,18.25,-119.37,986.0,64.2
2026-07-27,5,16,2026-07-30 00:00:00,3 days 00:00:00,72,18.5,-120.25,985.7,64.7
2026-07-27,5,16,2026-07-30 06:00:00,3 days 06:00:00,78,18.5,-121.25,986.5,63.5
2026-07-27,5,16,2026-07-30 12:00:00,3 days 12:00:00,84,18.5,-122.25,987.4,62.4
2026-07-27,5,16,2026-07-30 18:00:00,3 days 18:00:00,90,18.75,-123.5,988.4,61.0
2026-07-27,5,16,2026-07-31 00:00:00,4 days 00:00:00,96,19.0,-124.75,989.4,59.6
2026-07-27,5,16,2026-07-31 06:00:00,4 days 06:00:00,102,19.01,-126.13,991.5,56.6
2026-07-27,5,16,2026-07-31 12:00:00,4 days 12:00:00,108,19.0,-127.5,993.6,53.5
2026-07-27,5,16,2026-07-31 18:00:00,4 days 18:00:00,114,19.13,-128.87,995.5,50.7
2026-07-27,5,16,2026-08-01 00:00:00,5 days 00:00:00,120,19.25,-130.25,997.4,47.8
2026-07-27,5,16,2026-08-01 06:00:00,5 days 06:00:00,126,19.51,-131.75,999.2,44.9
2026-07-27,5,16,2026-08-01 12:00:00,5 days 12:00:00,132,19.75,-133.25,1001.0,42.0
2026-07-27,5,16,2026-08-01 18:00:00,5 days 18:00:00,138,20.13,-134.62,1000.3,43.1
2026-07-27,5,16,2026-08-02 00:00:00,6 days 00:00:00,144,20.5,-136.0,999.6,44.3
2026-07-27,5,16,2026-08-02 06:00:00,6 days 06:00:00,150,20.88,-137.5,1001.7,40.8
2026-07-27,5,16,2026-08-02 12:00:00,6 days 12:00:00,156,21.25,-139.0,1003.8,37.3
2026-07-27,5,16,2026-08-02 18:00:00,6 days 18:00:00,162,21.63,-140.0,1003.3,38.1
2026-07-27,5,16,2026-08-03 00:00:00,7 days 00:00:00,168,22.0,-141.0,1002.8,39.0
2026-07-27,6,16,2026-07-27 00:00:00,0 days 00:00:00,0,21.25,88.5,992.6,54.9
2026-07-27,6,16,2026-07-27 06:00:00,0 days 06:00:00,6,21.5,88.13,992.5,55.1
2026-07-27,6,16,2026-07-27 12:00:00,0 days 12:00:00,12,21.75,87.75,992.4,55.3
2026-07-27,6,16,2026-07-27 18:00:00,0 days 18:00:00,18,21.63,87.37,992.0,55.9
2026-07-27,6,16,2026-07-28 00:00:00,1 days 00:00:00,24,21.5,87.0,991.6,56.4
2026-07-27,6,16,2026-07-28 06:00:00,1 days 06:00:00,30,21.69,86.88,992.2,55.6
2026-07-27,6,16,2026-07-28 12:00:00,1 days 12:00:00,36,21.88,86.75,992.7,54.8
2026-07-27,6,16,2026-07-28 18:00:00,1 days 18:00:00,42,22.06,86.63,993.2,54.1
2026-07-27,6,16,2026-07-29 00:00:00,2 days 00:00:00,48,22.25,86.5,993.8,53.3
2026-07-27,7,16,2026-07-27 00:00:00,0 days 00:00:00,0,12.75,178.25,1002.3,39.9
2026-07-27,7,16,2026-07-27 06:00:00,0 days 06:00:00,6,13.13,176.5,1002.3,39.8
2026-07-27,7,16,2026-07-27 12:00:00,0 days 12:00:00,12,13.5,174.75,1002.3,39.8
2026-07-27,7,16,2026-07-27 18:00:00,0 days 18:00:00,18,13.0,173.75,1001.4,41.3
2026-07-27,7,16,2026-07-28 00:00:00,1 days 00:00:00,24,12.5,172.75,1000.5,42.9
2026-07-27,7,16,2026-07-28 06:00:00,1 days 06:00:00,30,12.88,171.75,1000.4,43.0
2026-07-27,7,16,2026-07-28 12:00:00,1 days 12:00:00,36,13.25,170.75,1000.3,43.2
2026-07-27,7,16,2026-07-28 18:00:00,1 days 18:00:00,42,13.75,169.88,997.8,47.1
2026-07-27,7,16,2026-07-29 00:00:00,2 days 00:00:00,48,14.25,169.0,995.3,51.0
2026-07-27,7,16,2026-07-29 06:00:00,2 days 06:00:00,54,14.75,168.5,991.7,56.2
2026-07-27,7,16,2026-07-29 12:00:00,2 days 12:00:00,60,15.25,168.0,988.1,61.4
2026-07-27,7,16,2026-07-29 18:00:00,2 days 18:00:00,66,15.75,167.25,986.1,64.2
2026-07-27,7,16,2026-07-30 00:00:00,3 days 00:00:00,72,16.25,166.5,984.0,67.0
2026-07-27,7,16,2026-07-30 06:00:00,3 days 06:00:00,78,17.0,165.88,980.8,71.1
2026-07-27,7,16,2026-07-30 12:00:00,3 days 12:00:00,84,17.75,165.25,977.6,75.2
2026-07-27,7,16,2026-07-30 18:00:00,3 days 18:00:00,90,18.38,164.63,973.6,80.2
2026-07-27,7,16,2026-07-31 00:00:00,4 days 00:00:00,96,19.0,164.0,969.5,85.2
2026-07-27,7,16,2026-07-31 06:00:00,4 days 06:00:00,102,19.88,163.01,965.7,89.7
2026-07-27,7,16,2026-07-31 12:00:00,4 days 12:00:00,108,20.75,162.0,961.8,94.2
2026-07-27,7,16,2026-07-31 18:00:00,4 days 18:00:00,114,21.75,161.13,959.8,96.4
2026-07-27,7,16,2026-08-01 00:00:00,5 days 00:00:00,120,22.75,160.25,957.9,98.6
2026-07-27,7,16,2026-08-01 06:00:00,5 days 06:00:00,126,24.13,159.63,959.5,96.8
2026-07-27,7,16,2026-08-01 12:00:00,5 days 12:00:00,132,25.5,159.0,961.1,94.9
2026-07-27,7,16,2026-08-01 18:00:00,5 days 18:00:00,138,27.26,157.77,961.7,94.3
2026-07-27,7,16,2026-08-02 00:00:00,6 days 00:00:00,144,29.0,156.5,962.2,93.7
2026-07-27,7,16,2026-08-02 06:00:00,6 days 06:00:00,150,31.0,155.89,966.2,89.0
2026-07-27,7,16,2026-08-02 12:00:00,6 days 12:00:00,156,33.0,155.25,970.2,84.4
2026-07-27,7,16,2026-08-02 18:00:00,6 days 18:00:00,162,35.0,155.13,971.2,83.1
2026-07-27,7,16,2026-08-03 00:00:00,7 days 00:00:00,168,37.0,155.0,972.3,81.9
2026-07-27,7,16,2026-08-03 06:00:00,7 days 06:00:00,174,39.01,156.21,979.4,72.7
2026-07-27,7,16,2026-08-03 12:00:00,7 days 12:00:00,180,41.0,157.5,986.5,63.6
2026-07-27,7,16,2026-08-03 18:00:00,7 days 18:00:00,186,42.91,160.29,987.8,61.8
2026-07-27,7,16,2026-08-04 00:00:00,8 days 00:00:00,192,44.75,163.25,989.1,60.0
2026-07-27,7,16,2026-08-04 06:00:00,8 days 06:00:00,198,46.69,166.99,986.9,63.0
2026-07-27,7,16,2026-08-04 12:00:00,8 days 12:00:00,204,48.5,171.0,984.8,65.9
2026-07-27,7,16,2026-08-04 18:00:00,8 days 18:00:00,210,49.76,176.49,985.1,65.5
2026-07-27,7,16,2026-08-05 00:00:00,9 days 00:00:00,216,50.75,-177.75,985.4,65.2
2026-07-27,8,16,2026-07-30 00:00:00,3 days 00:00:00,72,-41.75,-125.75,974.5,79.2
2026-07-27,8,16,2026-07-30 06:00:00,3 days 06:00:00,78,-43.26,-124.04,970.8,83.6
2026-07-27,8,16,2026-07-30 12:00:00,3 days 12:00:00,84,-44.75,-122.25,967.1,88.0
2026-07-27,8,16,2026-07-30 18:00:00,3 days 18:00:00,90,-46.25,-121.76,966.6,88.7
2026-07-27,8,16,2026-07-31 00:00:00,4 days 00:00:00,96,-47.75,-121.25,966.0,89.3
2026-07-27,8,16,2026-07-31 06:00:00,4 days 06:00:00,102,-49.13,-121.01,966.7,88.6
2026-07-27,8,16,2026-07-31 12:00:00,4 days 12:00:00,108,-50.5,-120.75,967.3,87.8
2026-07-27,8,16,2026-07-31 18:00:00,4 days 18:00:00,114,-48.49,-115.28,971.7,82.5
2026-07-27,8,16,2026-08-01 00:00:00,5 days 00:00:00,120,-46.25,-110.25,976.1,77.2
2026-07-27,8,16,2026-08-01 06:00:00,5 days 06:00:00,126,-46.75,-110.55,976.5,76.6
2026-07-27,8,16,2026-08-01 12:00:00,5 days 12:00:00,132,-47.25,-110.86,976.9,76.1
2026-07-27,8,16,2026-08-01 18:00:00,5 days 18:00:00,138,-47.75,-111.18,977.4,75.6
2026-07-27,8,16,2026-08-02 00:00:00,6 days 00:00:00,144,-48.25,-111.5,977.8,75.0
2026-07-27,8,16,2026-08-02 06:00:00,6 days 06:00:00,150,-47.0,-110.86,982.3,69.1
2026-07-27,8,16,2026-08-02 12:00:00,6 days 12:00:00,156,-45.75,-110.25,986.8,63.1
2026-07-27,9,16,2026-08-04 12:00:00,8 days 12:00:00,204,14.5,141.25,1002.1,40.1
2026-07-27,9,16,2026-08-04 18:00:00,8 days 18:00:00,210,14.88,140.75,1001.0,42.0
2026-07-27,9,16,2026-08-05 00:00:00,9 days 00:00:00,216,15.25,140.25,999.9,43.8
2026-07-27,9,16,2026-08-05 06:00:00,9 days 06:00:00,222,15.5,140.5,998.3,46.3
2026-07-27,9,16,2026-08-05 12:00:00,9 days 12:00:00,228,15.75,140.75,996.7,48.8
2026-07-27,9,16,2026-08-05 18:00:00,9 days 18:00:00,234,15.75,140.62,994.7,51.9
2026-07-27,9,16,2026-08-06 00:00:00,10 days 00:00:00,240,15.75,140.5,992.6,55.0
2026-07-27,9,16,2026-08-06 06:00:00,10 days 06:00:00,246,15.88,140.87,989.4,59.6
2026-07-27,9,16,2026-08-06 12:00:00,10 days 12:00:00,252,16.0,141.25,986.1,64.1
2026-07-27,9,16,2026-08-06 18:00:00,10 days 18:00:00,258,16.5,141.37,983.4,67.7
2026-07-27,9,16,2026-08-07 00:00:00,11 days 00:00:00,264,17.0,141.5,980.7,71.3
2026-07-27,9,16,2026-08-07 06:00:00,11 days 06:00:00,270,17.5,141.25,979.0,73.5
2026-07-27,9,16,2026-08-07 12:00:00,11 days 12:00:00,276,18.0,141.0,977.2,75.8
2026-07-27,9,16,2026-08-07 18:00:00,11 days 18:00:00,282,18.63,140.63,971.9,82.2
2026-07-27,9,16,2026-08-08 00:00:00,12 days 00:00:00,288,19.25,140.25,966.7,88.6
2026-07-27,9,16,2026-08-08 06:00:00,12 days 06:00:00,294,19.5,139.75,963.4,92.3
2026-07-27,9,16,2026-08-08 12:00:00,12 days 12:00:00,300,19.75,139.25,960.2,96.0
2026-07-27,9,16,2026-08-08 18:00:00,12 days 18:00:00,306,20.13,139.0,958.0,98.5
2026-07-27,9,16,2026-08-09 00:00:00,13 days 00:00:00,312,20.5,138.75,955.8,100.9
2026-07-27,9,16,2026-08-09 06:00:00,13 days 06:00:00,318,20.75,138.5,950.9,106.2
2026-07-27,9,16,2026-08-09 12:00:00,13 days 12:00:00,324,21.0,138.25,946.0,111.5
2026-07-27,9,16,2026-08-09 18:00:00,13 days 18:00:00,330,21.12,138.25,944.8,112.8
2026-07-27,9,16,2026-08-10 00:00:00,14 days 00:00:00,336,21.25,138.25,943.6,114.0
2026-07-27,9,16,2026-08-10 06:00:00,14 days 06:00:00,342,21.63,138.87,951.0,106.0
2026-07-27,9,16,2026-08-10 12:00:00,14 days 12:00:00,348,22.0,139.5,958.4,98.0
2026-07-27,9,16,2026-08-10 18:00:00,14 days 18:00:00,354,22.25,140.12,958.4,98.1
2026-07-27,9,16,2026-08-11 00:00:00,15 days 00:00:00,360,22.5,140.75,958.3,98.1
2026-07-27,1,17,2026-07-27 00:00:00,0 days 00:00:00,0,20.0,-143.0,995.2,51.2
2026-07-27,1,17,2026-07-27 06:00:00,0 days 06:00:00,6,20.38,-144.37,995.4,50.9
2026-07-27,1,17,2026-07-27 12:00:00,0 days 12:00:00,12,20.75,-145.75,995.6,50.5
2026-07-27,1,17,2026-07-27 18:00:00,0 days 18:00:00,18,21.13,-147.0,997.9,46.9
2026-07-27,1,17,2026-07-28 00:00:00,1 days 00:00:00,24,21.5,-148.25,1000.2,43.3
2026-07-27,10,17,2026-08-03 00:00:00,7 days 00:00:00,168,15.5,142.0,1003.2,38.2
2026-07-27,10,17,2026-08-03 06:00:00,7 days 06:00:00,174,15.94,142.37,1003.2,38.3
2026-07-27,10,17,2026-08-03 12:00:00,7 days 12:00:00,180,16.38,142.75,1003.2,38.3
2026-07-27,10,17,2026-08-03 18:00:00,7 days 18:00:00,186,16.81,143.12,1003.1,38.4
2026-07-27,10,17,2026-08-04 00:00:00,8 days 00:00:00,192,17.25,143.5,1003.1,38.4
2026-07-27,10,17,2026-08-04 06:00:00,8 days 06:00:00,198,17.19,143.31,1002.9,38.9
2026-07-27,10,17,2026-08-04 12:00:00,8 days 12:00:00,204,17.13,143.12,1002.6,39.3
2026-07-27,10,17,2026-08-04 18:00:00,8 days 18:00:00,210,17.06,142.94,1002.3,39.7
2026-07-27,10,17,2026-08-05 00:00:00,9 days 00:00:00,216,17.0,142.75,1002.1,40.2
2026-07-27,10,17,2026-08-05 06:00:00,9 days 06:00:00,222,15.32,148.55,1000.6,42.7
2026-07-27,10,17,2026-08-05 12:00:00,9 days 12:00:00,228,13.5,154.25,999.1,45.1
2026-07-27,10,17,2026-08-05 18:00:00,9 days 18:00:00,234,14.25,153.38,998.5,46.0
2026-07-27,10,17,2026-08-06 00:00:00,10 days 00:00:00,240,15.0,152.5,997.9,47.0
2026-07-27,10,17,2026-08-06 06:00:00,10 days 06:00:00,246,15.75,151.5,997.4,47.8
2026-07-27,10,17,2026-08-06 12:00:00,10 days 12:00:00,252,16.5,150.5,996.9,48.6
2026-07-27,10,17,2026-08-06 18:00:00,10 days 18:00:00,258,17.5,151.37,996.0,49.9
2026-07-27,10,17,2026-08-07 00:00:00,11 days 00:00:00,264,18.5,152.25,995.1,51.3
2026-07-27,10,17,2026-08-07 06:00:00,11 days 06:00:00,270,19.25,153.0,992.9,54.5
2026-07-27,10,17,2026-08-07 12:00:00,11 days 12:00:00,276,20.0,153.75,990.8,57.6
2026-07-27,10,17,2026-08-07 18:00:00,11 days 18:00:00,282,21.0,154.37,988.1,61.4
2026-07-27,10,17,2026-08-08 00:00:00,12 days 00:00:00,288,22.0,155.0,985.3,65.2
2026-07-27,10,17,2026-08-08 06:00:00,12 days 06:00:00,294,23.5,155.74,979.7,72.4
2026-07-27,10,17,2026-08-08 12:00:00,12 days 12:00:00,300,25.0,156.5,974.2,79.6
2026-07-27,10,17,2026-08-08 18:00:00,12 days 18:00:00,306,26.5,156.25,974.3,79.4
2026-07-27,10,17,2026-08-09 00:00:00,13 days 00:00:00,312,28.0,156.0,974.5,79.2
2026-07-27,10,17,2026-08-09 06:00:00,13 days 06:00:00,318,29.25,155.38,975.9,77.3
2026-07-27,10,17,2026-08-09 12:00:00,13 days 12:00:00,324,30.5,154.75,977.4,75.5
2026-07-27,10,17,2026-08-09 18:00:00,13 days 18:00:00,330,31.63,154.01,980.2,71.9
2026-07-27,10,17,2026-08-10 00:00:00,14 days 00:00:00,336,32.75,153.25,982.9,68.4
2026-07-27,10,17,2026-08-10 06:00:00,14 days 06:00:00,342,33.88,152.63,985.3,65.2
2026-07-27,10,17,2026-08-10 12:00:00,14 days 12:00:00,348,35.0,152.0,987.7,61.9
2026-07-27,10,17,2026-08-10 18:00:00,14 days 18:00:00,354,36.13,151.63,989.3,59.7
2026-07-27,10,17,2026-08-11 00:00:00,15 days 00:00:00,360,37.25,151.25,990.9,57.5
2026-07-27,11,17,2026-08-04 12:00:00,8 days 12:00:00,204,-42.5,-152.0,966.6,88.6
2026-07-27,11,17,2026-08-04 18:00:00,8 days 18:00:00,210,-42.52,-150.75,968.5,86.3
2026-07-27,11,17,2026-08-05 00:00:00,9 days 00:00:00,216,-42.53,-149.5,970.4,84.0
2026-07-27,11,17,2026-08-05 06:00:00,9 days 06:00:00,222,-42.52,-148.25,972.3,81.8
2026-07-27,11,17,2026-08-05 12:00:00,9 days 12:00:00,228,-42.5,-147.0,974.2,79.5
2026-07-27,11,17,2026-08-05 18:00:00,9 days 18:00:00,234,-44.02,-144.81,975.1,78.4
2026-07-27,11,17,2026-08-06 00:00:00,10 days 00:00:00,240,-45.5,-142.5,976.0,77.3
2026-07-27,11,17,2026-08-06 06:00:00,10 days 06:00:00,246,-46.5,-144.69,975.1,78.4
2026-07-27,11,17,2026-08-06 12:00:00,10 days 12:00:00,252,-47.47,-146.96,974.3,79.4
2026-07-27,11,17,2026-08-06 18:00:00,10 days 18:00:00,258,-48.38,-149.32,973.4,80.5
2026-07-27,11,17,2026-08-07 00:00:00,11 days 00:00:00,264,-49.25,-151.75,972.5,81.6
2026-07-27,11,17,2026-08-07 06:00:00,11 days 06:00:00,270,-48.25,-150.73,974.2,79.5
2026-07-27,11,17,2026-08-07 12:00:00,11 days 12:00:00,276,-47.25,-149.75,975.9,77.4
2026-07-27,11,17,2026-08-07 18:00:00,11 days 18:00:00,282,-47.0,-149.0,976.4,76.8
2026-07-27,11,17,2026-08-08 00:00:00,12 days 00:00:00,288,-46.75,-148.25,976.9,76.2
2026-07-27,11,17,2026-08-08 06:00:00,12 days 06:00:00,294,-46.13,-146.99,977.8,75.0
2026-07-27,11,17,2026-08-08 12:00:00,12 days 12:00:00,300,-45.5,-145.75,978.8,73.8
2026-07-27,11,17,2026-08-08 18:00:00,12 days 18:00:00,306,-45.52,-143.38,979.7,72.5
2026-07-27,11,17,2026-08-09 00:00:00,13 days 00:00:00,312,-45.5,-141.0,980.7,71.3
2026-07-27,12,17,2026-08-06 00:00:00,10 days 00:00:00,240,21.25,-68.0,1011.8,21.6
2026-07-27,12,17,2026-08-06 06:00:00,10 days 06:00:00,246,22.25,-69.12,1011.9,21.3
2026-07-27,12,17,2026-08-06 12:00:00,10 days 12:00:00,252,23.25,-70.25,1012.0,21.1
2026-07-27,12,17,2026-08-06 18:00:00,10 days 18:00:00,258,24.26,-72.11,1011.7,21.8
2026-07-27,12,17,2026-08-07 00:00:00,11 days 00:00:00,264,25.25,-74.0,1011.4,22.6
2026-07-27,12,17,2026-08-07 06:00:00,11 days 06:00:00,270,25.88,-75.24,1010.9,23.6
2026-07-27,12,17,2026-08-07 12:00:00,11 days 12:00:00,276,26.5,-76.5,1010.4,24.6
2026-07-27,12,17,2026-08-07 18:00:00,11 days 18:00:00,282,26.88,-77.37,1007.7,29.8
2026-07-27,12,17,2026-08-08 00:00:00,12 days 00:00:00,288,27.25,-78.25,1005.0,35.1
2026-07-27,12,17,2026-08-08 06:00:00,12 days 06:00:00,294,28.0,-78.62,1005.0,35.1
2026-07-27,12,17,2026-08-08 12:00:00,12 days 12:00:00,300,28.75,-79.0,1005.0,35.2
2026-07-27,12,17,2026-08-08 18:00:00,12 days 18:00:00,306,29.5,-79.25,1005.2,34.8
2026-07-27,12,17,2026-08-09 00:00:00,13 days 00:00:00,312,30.25,-79.5,1005.4,34.5
2026-07-27,12,17,2026-08-09 06:00:00,13 days 06:00:00,318,31.0,-79.38,1004.9,35.3
2026-07-27,12,17,2026-08-09 12:00:00,13 days 12:00:00,324,31.75,-79.25,1004.4,36.2
2026-07-27,12,17,2026-08-09 18:00:00,13 days 18:00:00,330,32.88,-78.76,1005.7,33.9
2026-07-27,12,17,2026-08-10 00:00:00,14 days 00:00:00,336,34.0,-78.25,1006.9,31.5
2026-07-27,12,17,2026-08-10 06:00:00,14 days 06:00:00,342,35.51,-76.53,1007.3,30.9
2026-07-27,12,17,2026-08-10 12:00:00,14 days 12:00:00,348,37.0,-74.75,1007.6,30.3
2026-07-27,13,17,2026-08-08 00:00:00,12 days 00:00:00,288,14.25,144.25,999.3,44.7
2026-07-27,13,17,2026-08-08 06:00:00,12 days 06:00:00,294,15.25,145.25,996.9,48.4
2026-07-27,13,17,2026-08-08 12:00:00,12 days 12:00:00,300,16.25,146.25,994.6,52.1
2026-07-27,13,17,2026-08-08 18:00:00,12 days 18:00:00,306,17.0,146.87,992.6,54.9
2026-07-27,13,17,2026-08-09 00:00:00,13 days 00:00:00,312,17.75,147.5,990.7,57.7
2026-07-27,13,17,2026-08-09 06:00:00,13 days 06:00:00,318,18.75,148.62,987.9,61.7
2026-07-27,13,17,2026-08-09 12:00:00,13 days 12:00:00,324,19.75,149.75,985.0,65.7
2026-07-27,13,17,2026-08-09 18:00:00,13 days 18:00:00,330,21.13,150.74,983.1,68.2
2026-07-27,13,17,2026-08-10 00:00:00,14 days 00:00:00,336,22.5,151.75,981.2,70.7
2026-07-27,13,17,2026-08-10 06:00:00,14 days 06:00:00,342,24.0,152.61,980.0,72.1
2026-07-27,13,17,2026-08-10 12:00:00,14 days 12:00:00,348,25.5,153.5,978.9,73.6
2026-07-27,13,17,2026-08-10 18:00:00,14 days 18:00:00,354,27.25,153.75,980.3,71.8
2026-07-27,13,17,2026-08-11 00:00:00,15 days 00:00:00,360,29.0,154.0,981.7,70.0
2026-07-27,5,17,2026-07-27 00:00:00,0 days 00:00:00,0,14.5,-110.75,972.9,81.1
2026-07-27,5,17,2026-07-27 06:00:00,0 days 06:00:00,6,15.25,-111.62,974.4,79.3
2026-07-27,5,17,2026-07-27 12:00:00,0 days 12:00:00,12,16.0,-112.5,975.8,77.5
2026-07-27,5,17,2026-07-27 18:00:00,0 days 18:00:00,18,16.5,-113.37,975.5,77.9
2026-07-27,5,17,2026-07-28 00:00:00,1 days 00:00:00,24,17.0,-114.25,975.1,78.4
2026-07-27,5,17,2026-07-28 06:00:00,1 days 06:00:00,30,17.25,-115.0,975.0,78.5
2026-07-27,5,17,2026-07-28 12:00:00,1 days 12:00:00,36,17.5,-115.75,974.9,78.7
2026-07-27,5,17,2026-07-28 18:00:00,1 days 18:00:00,42,17.63,-116.25,978.4,74.2
2026-07-27,5,17,2026-07-29 00:00:00,2 days 00:00:00,48,17.75,-116.75,981.9,69.8
2026-07-27,5,17,2026-07-29 06:00:00,2 days 06:00:00,54,17.88,-117.37,983.0,68.2
2026-07-27,5,17,2026-07-29 12:00:00,2 days 12:00:00,60,18.0,-118.0,984.2,66.7
2026-07-27,5,17,2026-07-29 18:00:00,2 days 18:00:00,66,18.25,-118.62,982.6,68.8
2026-07-27,5,17,2026-07-30 00:00:00,3 days 00:00:00,72,18.5,-119.25,981.1,70.9
2026-07-27,5,17,2026-07-30 06:00:00,3 days 06:00:00,78,18.88,-120.25,983.0,68.2
2026-07-27,5,17,2026-07-30 12:00:00,3 days 12:00:00,84,19.25,-121.25,985.0,65.6
2026-07-27,5,17,2026-07-30 18:00:00,3 days 18:00:00,90,19.75,-122.5,987.5,62.2
2026-07-27,5,17,2026-07-31 00:00:00,4 days 00:00:00,96,20.25,-123.75,989.9,58.8
2026-07-27,5,17,2026-07-31 06:00:00,4 days 06:00:00,102,20.76,-125.12,991.7,56.3
2026-07-27,5,17,2026-07-31 12:00:00,4 days 12:00:00,108,21.25,-126.5,993.5,53.7
2026-07-27,5,17,2026-07-31 18:00:00,4 days 18:00:00,114,21.76,-127.87,996.3,49.4
2026-07-27,5,17,2026-08-01 00:00:00,5 days 00:00:00,120,22.25,-129.25,999.2,45.0
2026-07-27,5,17,2026-08-01 06:00:00,5 days 06:00:00,126,22.63,-131.0,1001.4,41.3
2026-07-27,5,17,2026-08-01 12:00:00,5 days 12:00:00,132,23.0,-132.75,1003.6,37.5
2026-07-27,6,17,2026-07-27 00:00:00,0 days 00:00:00,0,21.25,88.5,992.6,54.9
2026-07-27,6,17,2026-07-27 06:00:00,0 days 06:00:00,6,21.38,88.25,992.3,55.4
2026-07-27,6,17,2026-07-27 12:00:00,0 days 12:00:00,12,21.5,88.0,992.0,55.9
2026-07-27,6,17,2026-07-27 18:00:00,0 days 18:00:00,18,21.62,88.0,992.5,55.2
2026-07-27,6,17,2026-07-28 00:00:00,1 days 00:00:00,24,21.75,88.0,993.0,54.4
2026-07-27,6,17,2026-07-28 06:00:00,1 days 06:00:00,30,21.88,87.5,992.9,54.5
2026-07-27,6,17,2026-07-28 12:00:00,1 days 12:00:00,36,22.0,87.0,992.8,54.7
2026-07-27,6,17,2026-07-28 18:00:00,1 days 18:00:00,42,22.25,86.13,993.5,53.7
2026-07-27,6,17,2026-07-29 00:00:00,2 days 00:00:00,48,22.5,85.25,994.2,52.6
2026-07-27,6,17,2026-07-29 06:00:00,2 days 06:00:00,54,22.25,84.25,993.5,53.7
2026-07-27,6,17,2026-07-29 12:00:00,2 days 12:00:00,60,22.0,83.25,992.7,54.8
2026-07-27,6,17,2026-07-29 18:00:00,2 days 18:00:00,66,22.0,83.0,992.7,54.9
2026-07-27,6,17,2026-07-30 00:00:00,3 days 00:00:00,72,22.0,82.75,992.6,55.0
2026-07-27,6,17,2026-07-30 06:00:00,3 days 06:00:00,78,21.85,80.81,992.5,55.1
2026-07-27,6,17,2026-07-30 12:00:00,3 days 12:00:00,84,21.67,78.86,992.5,55.2
2026-07-27,6,17,2026-07-30 18:00:00,3 days 18:00:00,90,21.47,76.93,992.4,55.3
2026-07-27,6,17,2026-07-31 00:00:00,4 days 00:00:00,96,21.25,75.0,992.3,55.4
2026-07-27,6,17,2026-07-31 06:00:00,4 days 06:00:00,102,21.57,74.32,992.2,55.6
2026-07-27,6,17,2026-07-31 12:00:00,4 days 12:00:00,108,21.88,73.63,992.1,55.7
2026-07-27,6,17,2026-07-31 18:00:00,4 days 18:00:00,114,22.19,72.94,992.0,55.9
2026-07-27,6,17,2026-08-01 00:00:00,5 days 00:00:00,120,22.5,72.25,991.9,56.1
2026-07-27,6,17,2026-08-01 06:00:00,5 days 06:00:00,126,23.0,71.25,991.4,56.7
2026-07-27,6,17,2026-08-01 12:00:00,5 days 12:00:00,132,23.5,70.25,991.0,57.3
2026-07-27,6,17,2026-08-01 18:00:00,5 days 18:00:00,138,24.13,70.13,990.4,58.1
2026-07-27,6,17,2026-08-02 00:00:00,6 days 00:00:00,144,24.75,70.0,989.8,59.0
2026-07-27,7,17,2026-07-27 00:00:00,0 days 00:00:00,0,12.75,178.25,1002.3,39.9
2026-07-27,7,17,2026-07-27 06:00:00,0 days 06:00:00,6,13.0,176.75,1002.4,39.6
2026-07-27,7,17,2026-07-27 12:00:00,0 days 12:00:00,12,13.25,175.25,1002.6,39.3
2026-07-27,7,17,2026-07-27 18:00:00,0 days 18:00:00,18,13.25,173.88,1001.4,41.3
2026-07-27,7,17,2026-07-28 00:00:00,1 days 00:00:00,24,13.25,172.5,1000.2,43.3
2026-07-27,7,17,2026-07-28 06:00:00,1 days 06:00:00,30,13.13,171.5,999.8,43.9
2026-07-27,7,17,2026-07-28 12:00:00,1 days 12:00:00,36,13.0,170.5,999.5,44.5
2026-07-27,7,17,2026-07-28 18:00:00,1 days 18:00:00,42,13.5,169.75,998.4,46.2
2026-07-27,7,17,2026-07-29 00:00:00,2 days 00:00:00,48,14.0,169.0,997.3,48.0
2026-07-27,7,17,2026-07-29 06:00:00,2 days 06:00:00,54,14.38,168.13,995.4,50.8
2026-07-27,7,17,2026-07-29 12:00:00,2 days 12:00:00,60,14.75,167.25,993.5,53.7
2026-07-27,7,17,2026-07-29 18:00:00,2 days 18:00:00,66,15.0,166.75,990.9,57.4
2026-07-27,7,17,2026-07-30 00:00:00,3 days 00:00:00,72,15.25,166.25,988.3,61.1
2026-07-27,7,17,2026-07-30 06:00:00,3 days 06:00:00,78,15.88,165.88,987.3,62.6
2026-07-27,7,17,2026-07-30 12:00:00,3 days 12:00:00,84,16.5,165.5,986.2,64.0
2026-07-27,7,17,2026-07-30 18:00:00,3 days 18:00:00,90,16.88,164.75,982.5,68.9
2026-07-27,7,17,2026-07-31 00:00:00,4 days 00:00:00,96,17.25,164.0,978.8,73.7
2026-07-27,7,17,2026-07-31 06:00:00,4 days 06:00:00,102,18.13,163.25,976.6,76.5
2026-07-27,7,17,2026-07-31 12:00:00,4 days 12:00:00,108,19.0,162.5,974.4,79.3
2026-07-27,7,17,2026-07-31 18:00:00,4 days 18:00:00,114,19.75,161.5,968.9,85.8
2026-07-27,7,17,2026-08-01 00:00:00,5 days 00:00:00,120,20.5,160.5,963.5,92.2
2026-07-27,7,17,2026-08-01 06:00:00,5 days 06:00:00,126,21.38,159.38,963.5,92.3
2026-07-27,7,17,2026-08-01 12:00:00,5 days 12:00:00,132,22.25,158.25,963.4,92.3
2026-07-27,7,17,2026-08-01 18:00:00,5 days 18:00:00,138,23.25,157.01,963.6,92.1
2026-07-27,7,17,2026-08-02 00:00:00,6 days 00:00:00,144,24.25,155.75,963.8,91.9
2026-07-27,7,17,2026-08-02 06:00:00,6 days 06:00:00,150,25.5,154.64,964.7,90.8
2026-07-27,7,17,2026-08-02 12:00:00,6 days 12:00:00,156,26.75,153.5,965.6,89.8
2026-07-27,7,17,2026-08-02 18:00:00,6 days 18:00:00,162,27.88,152.14,968.5,86.4
2026-07-27,7,17,2026-08-03 00:00:00,7 days 00:00:00,168,29.0,150.75,971.5,82.9
2026-07-27,7,17,2026-08-03 06:00:00,7 days 06:00:00,174,30.01,149.39,972.4,81.8
2026-07-27,7,17,2026-08-03 12:00:00,7 days 12:00:00,180,31.0,148.0,973.3,80.6
2026-07-27,7,17,2026-08-03 18:00:00,7 days 18:00:00,186,31.88,147.38,974.0,79.7
2026-07-27,7,17,2026-08-04 00:00:00,8 days 00:00:00,192,32.75,146.75,974.8,78.8
2026-07-27,7,17,2026-08-04 06:00:00,8 days 06:00:00,198,33.63,146.5,977.5,75.4
2026-07-27,7,17,2026-08-04 12:00:00,8 days 12:00:00,204,34.5,146.25,980.1,72.1
2026-07-27,7,17,2026-08-04 18:00:00,8 days 18:00:00,210,35.25,146.25,982.0,69.6
2026-07-27,7,17,2026-08-05 00:00:00,9 days 00:00:00,216,36.0,146.25,983.9,67.2
2026-07-27,7,17,2026-08-05 06:00:00,9 days 06:00:00,222,36.38,147.37,984.0,66.9
2026-07-27,7,17,2026-08-05 12:00:00,9 days 12:00:00,228,36.75,148.5,984.2,66.7
2026-07-27,7,17,2026-08-05 18:00:00,9 days 18:00:00,234,37.26,149.74,983.7,67.4
2026-07-27,7,17,2026-08-06 00:00:00,10 days 00:00:00,240,37.75,151.0,983.2,68.1
2026-07-27,7,17,2026-08-06 06:00:00,10 days 06:00:00,246,39.01,152.35,982.2,69.3
2026-07-27,7,17,2026-08-06 12:00:00,10 days 12:00:00,252,40.25,153.75,981.3,70.6
2026-07-27,7,17,2026-08-06 18:00:00,10 days 18:00:00,258,41.63,154.97,981.7,70.0
2026-07-27,7,17,2026-08-07 00:00:00,11 days 00:00:00,264,43.0,156.25,982.2,69.4
2026-07-27,7,17,2026-08-07 06:00:00,11 days 06:00:00,270,45.0,156.85,982.2,69.3
2026-07-27,7,17,2026-08-07 12:00:00,11 days 12:00:00,276,47.0,157.5,982.3,69.2
2026-07-27,7,17,2026-08-07 18:00:00,11 days 18:00:00,282,47.76,158.98,983.6,67.5
2026-07-27,7,17,2026-08-08 00:00:00,12 days 00:00:00,288,48.5,160.5,984.9,65.8
2026-07-27,7,17,2026-08-08 06:00:00,12 days 06:00:00,294,50.55,163.85,988.0,61.4
2026-07-27,7,17,2026-08-08 12:00:00,12 days 12:00:00,300,52.5,167.5,991.2,57.1
2026-07-27,8,17,2026-07-30 12:00:00,3 days 12:00:00,84,-41.25,-85.5,982.7,68.7
2026-07-27,8,17,2026-07-30 18:00:00,3 days 18:00:00,90,-41.88,-84.01,983.0,68.3
2026-07-27,8,17,2026-07-31 00:00:00,4 days 00:00:00,96,-42.5,-82.5,983.3,68.0
2026-07-27,8,17,2026-07-31 06:00:00,4 days 06:00:00,102,-41.75,-82.5,983.8,67.2
2026-07-27,8,17,2026-07-31 12:00:00,4 days 12:00:00,108,-41.0,-82.5,984.4,66.4
2026-07-27,8,17,2026-07-31 18:00:00,4 days 18:00:00,114,-42.26,-80.91,985.4,65.1
2026-07-27,8,17,2026-08-01 00:00:00,5 days 00:00:00,120,-43.5,-79.25,986.3,63.9
2026-07-27,8,17,2026-08-01 06:00:00,5 days 06:00:00,126,-44.62,-79.25,987.2,62.6
2026-07-27,8,17,2026-08-01 12:00:00,5 days 12:00:00,132,-45.75,-79.25,988.2,61.3
2026-07-27,8,17,2026-08-01 18:00:00,5 days 18:00:00,138,-47.13,-80.22,989.8,59.1
2026-07-27,8,17,2026-08-02 00:00:00,6 days 00:00:00,144,-48.5,-81.25,991.4,56.8
2026-07-27,8,17,2026-08-02 06:00:00,6 days 06:00:00,150,-49.13,-82.61,992.9,54.6
2026-07-27,8,17,2026-08-02 12:00:00,6 days 12:00:00,156,-49.75,-84.0,994.4,52.3
2026-07-27,8,17,2026-08-02 18:00:00,6 days 18:00:00,162,-50.39,-85.97,997.0,48.3
2026-07-27,8,17,2026-08-03 00:00:00,7 days 00:00:00,168,-51.0,-88.0,999.6,44.3
2026-07-27,9,17,2026-07-31 00:00:00,4 days 00:00:00,96,-47.0,-116.5,970.8,83.7
2026-07-27,9,17,2026-07-31 06:00:00,4 days 06:00:00,102,-48.38,-116.14,972.6,81.5
2026-07-27,9,17,2026-07-31 12:00:00,4 days 12:00:00,108,-49.75,-115.75,974.4,79.3
2026-07-27,9,17,2026-07-31 18:00:00,4 days 18:00:00,114,-49.39,-116.71,975.7,77.6
2026-07-27,9,17,2026-08-01 00:00:00,5 days 00:00:00,120,-49.02,-117.65,977.1,75.9
2026-07-27,9,17,2026-08-01 06:00:00,5 days 06:00:00,126,-48.64,-118.58,978.4,74.2
2026-07-27,9,17,2026-08-01 12:00:00,5 days 12:00:00,132,-48.25,-119.5,979.8,72.5
2026-07-27,9,17,2026-08-01 18:00:00,5 days 18:00:00,138,-48.63,-118.88,980.1,72.1
2026-07-27,9,17,2026-08-02 00:00:00,6 days 00:00:00,144,-49.0,-118.25,980.5,71.6
2026-07-27,9,17,2026-08-02 06:00:00,6 days 06:00:00,150,-47.13,-118.25,985.4,64.9
2026-07-27,9,17,2026-08-02 12:00:00,6 days 12:00:00,156,-45.25,-118.25,990.4,58.2
2026-07-27,1,18,2026-07-27 00:00:00,0 days 00:00:00,0,20.0,-143.0,995.2,51.2
2026-07-27,1,18,2026-07-27 06:00:00,0 days 06:00:00,6,20.25,-144.25,995.2,51.2
2026-07-27,1,18,2026-07-27 12:00:00,0 days 12:00:00,12,20.5,-145.5,995.2,51.2
2026-07-27,1,18,2026-07-27 18:00:00,0 days 18:00:00,18,20.88,-146.87,998.0,46.8
2026-07-27,1,18,2026-07-28 00:00:00,1 days 00:00:00,24,21.25,-148.25,1000.8,42.4
2026-07-27,1,18,2026-07-28 06:00:00,1 days 06:00:00,30,21.63,-149.37,1003.1,38.3
2026-07-27,1,18,2026-07-28 12:00:00,1 days 12:00:00,36,22.0,-150.5,1005.4,34.3
2026-07-27,10,18,2026-08-02 12:00:00,6 days 12:00:00,156,34.0,-77.5,1005.4,34.4
2026-07-27,10,18,2026-08-02 18:00:00,6 days 18:00:00,162,35.27,-75.41,1004.6,35.8
2026-07-27,10,18,2026-08-03 00:00:00,7 days 00:00:00,168,36.5,-73.25,1003.8,37.2
2026-07-27,10,18,2026-08-03 06:00:00,7 days 06:00:00,174,37.01,-71.64,1003.0,38.6
2026-07-27,10,18,2026-08-03 12:00:00,7 days 12:00:00,180,37.5,-70.0,1002.2,39.9
2026-07-27,10,18,2026-08-03 18:00:00,7 days 18:00:00,186,37.64,-68.25,1002.0,40.3
2026-07-27,10,18,2026-08-04 00:00:00,8 days 00:00:00,192,37.75,-66.5,1001.8,40.7
2026-07-27,10,18,2026-08-04 06:00:00,8 days 06:00:00,198,37.88,-65.75,1003.0,38.6
2026-07-27,10,18,2026-08-04 12:00:00,8 days 12:00:00,204,38.0,-65.0,1004.2,36.6
2026-07-27,10,18,2026-08-04 18:00:00,8 days 18:00:00,210,38.63,-64.01,1004.2,36.5
2026-07-27,10,18,2026-08-05 00:00:00,9 days 00:00:00,216,39.25,-63.0,1004.3,36.4
2026-07-27,10,18,2026-08-05 06:00:00,9 days 06:00:00,222,40.26,-62.11,1000.3,42.6
2026-07-27,10,18,2026-08-05 12:00:00,9 days 12:00:00,228,41.27,-61.18,996.3,48.7
2026-07-27,10,18,2026-08-05 18:00:00,9 days 18:00:00,234,42.26,-60.23,992.3,54.9
2026-07-27,10,18,2026-08-06 00:00:00,10 days 00:00:00,240,43.25,-59.25,988.4,61.0
2026-07-27,11,18,2026-08-04 00:00:00,8 days 00:00:00,192,12.25,-130.5,1003.2,38.2
2026-07-27,11,18,2026-08-04 06:00:00,8 days 06:00:00,198,12.13,-131.13,1001.1,41.8
2026-07-27,11,18,2026-08-04 12:00:00,8 days 12:00:00,204,12.0,-131.75,998.9,45.4
2026-07-27,11,18,2026-08-04 18:00:00,8 days 18:00:00,210,12.25,-132.25,997.9,46.9
2026-07-27,11,18,2026-08-05 00:00:00,9 days 00:00:00,216,12.5,-132.75,997.0,48.4
2026-07-27,11,18,2026-08-05 06:00:00,9 days 06:00:00,222,12.5,-133.88,996.1,49.7
2026-07-27,11,18,2026-08-05 12:00:00,9 days 12:00:00,228,12.5,-135.0,995.3,51.0
2026-07-27,11,18,2026-08-05 18:00:00,9 days 18:00:00,234,12.75,-135.75,993.5,53.7
2026-07-27,11,18,2026-08-06 00:00:00,10 days 00:00:00,240,13.0,-136.5,991.7,56.4
2026-07-27,11,18,2026-08-06 06:00:00,10 days 06:00:00,246,13.25,-137.5,989.7,59.1
2026-07-27,11,18,2026-08-06 12:00:00,10 days 12:00:00,252,13.5,-138.5,987.7,61.9
2026-07-27,11,18,2026-08-06 18:00:00,10 days 18:00:00,258,13.75,-139.87,988.6,60.7
2026-07-27,11,18,2026-08-07 00:00:00,11 days 00:00:00,264,14.0,-141.25,989.5,59.4
2026-07-27,11,18,2026-08-07 06:00:00,11 days 06:00:00,270,14.25,-142.75,990.0,58.7
2026-07-27,11,18,2026-08-07 12:00:00,11 days 12:00:00,276,14.5,-144.25,990.5,58.0
2026-07-27,11,18,2026-08-07 18:00:00,11 days 18:00:00,282,14.76,-145.87,987.7,61.9
2026-07-27,11,18,2026-08-08 00:00:00,12 days 00:00:00,288,15.0,-147.5,985.0,65.7
2026-07-27,11,18,2026-08-08 06:00:00,12 days 06:00:00,294,15.01,-149.12,985.1,65.4
2026-07-27,11,18,2026-08-08 12:00:00,12 days 12:00:00,300,15.0,-150.75,985.3,65.2
2026-07-27,11,18,2026-08-08 18:00:00,12 days 18:00:00,306,15.0,-152.25,988.1,61.4
2026-07-27,11,18,2026-08-09 00:00:00,13 days 00:00:00,312,15.0,-153.75,990.8,57.5
2026-07-27,11,18,2026-08-09 06:00:00,13 days 06:00:00,318,15.13,-155.12,989.9,58.8
2026-07-27,11,18,2026-08-09 12:00:00,13 days 12:00:00,324,15.25,-156.5,989.0,60.1
2026-07-27,11,18,2026-08-09 18:00:00,13 days 18:00:00,330,15.13,-157.88,987.1,62.8
2026-07-27,11,18,2026-08-10 00:00:00,14 days 00:00:00,336,15.0,-159.25,985.1,65.5
2026-07-27,11,18,2026-08-10 06:00:00,14 days 06:00:00,342,15.13,-160.25,983.1,68.2
2026-07-27,11,18,2026-08-10 12:00:00,14 days 12:00:00,348,15.25,-161.25,981.0,70.9
2026-07-27,11,18,2026-08-10 18:00:00,14 days 18:00:00,354,15.63,-162.12,979.6,72.7
2026-07-27,11,18,2026-08-11 00:00:00,15 days 00:00:00,360,16.0,-163.0,978.2,74.6
2026-07-27,12,18,2026-08-04 00:00:00,8 days 00:00:00,192,17.0,158.25,1000.9,42.1
2026-07-27,12,18,2026-08-04 06:00:00,8 days 06:00:00,198,17.13,157.88,999.5,44.4
2026-07-27,12,18,2026-08-04 12:00:00,8 days 12:00:00,204,17.25,157.5,998.0,46.8
2026-07-27,12,18,2026-08-04 18:00:00,8 days 18:00:00,210,17.5,156.63,996.2,49.6
2026-07-27,12,18,2026-08-05 00:00:00,9 days 00:00:00,216,17.75,155.75,994.4,52.4
2026-07-27,12,18,2026-08-05 06:00:00,9 days 06:00:00,222,17.63,155.62,993.1,54.2
2026-07-27,12,18,2026-08-05 12:00:00,9 days 12:00:00,228,17.5,155.5,991.9,56.1
2026-07-27,12,18,2026-08-05 18:00:00,9 days 18:00:00,234,17.88,155.0,988.1,61.3
2026-07-27,12,18,2026-08-06 00:00:00,10 days 00:00:00,240,18.25,154.5,984.4,66.5
2026-07-27,12,18,2026-08-06 06:00:00,10 days 06:00:00,246,18.75,154.25,982.5,68.9
2026-07-27,12,18,2026-08-06 12:00:00,10 days 12:00:00,252,19.25,154.0,980.6,71.4
2026-07-27,12,18,2026-08-06 18:00:00,10 days 18:00:00,258,20.0,154.0,978.3,74.4
2026-07-27,12,18,2026-08-07 00:00:00,11 days 00:00:00,264,20.75,154.0,976.0,77.3
2026-07-27,12,18,2026-08-07 06:00:00,11 days 06:00:00,270,22.0,154.12,971.5,82.8
2026-07-27,12,18,2026-08-07 12:00:00,11 days 12:00:00,276,23.25,154.25,967.0,88.2
2026-07-27,12,18,2026-08-07 18:00:00,11 days 18:00:00,282,24.13,154.13,964.4,91.2
2026-07-27,12,18,2026-08-08 00:00:00,12 days 00:00:00,288,25.0,154.0,961.7,94.3
2026-07-27,12,18,2026-08-08 06:00:00,12 days 06:00:00,294,26.0,154.0,963.2,92.6
2026-07-27,12,18,2026-08-08 12:00:00,12 days 12:00:00,300,27.0,154.0,964.7,90.9
2026-07-27,12,18,2026-08-08 18:00:00,12 days 18:00:00,306,27.88,154.12,966.7,88.5
2026-07-27,12,18,2026-08-09 00:00:00,13 days 00:00:00,312,28.75,154.25,968.8,86.1
2026-07-27,12,18,2026-08-09 06:00:00,13 days 06:00:00,318,29.88,154.13,971.4,82.9
2026-07-27,12,18,2026-08-09 12:00:00,13 days 12:00:00,324,31.0,154.0,974.1,79.7
2026-07-27,12,18,2026-08-09 18:00:00,13 days 18:00:00,330,32.5,154.12,974.1,79.7
2026-07-27,12,18,2026-08-10 00:00:00,14 days 00:00:00,336,34.0,154.25,974.1,79.7
2026-07-27,12,18,2026-08-10 06:00:00,14 days 06:00:00,342,35.25,154.74,976.4,76.7
2026-07-27,12,18,2026-08-10 12:00:00,14 days 12:00:00,348,36.5,155.25,978.8,73.8
2026-07-27,12,18,2026-08-10 18:00:00,14 days 18:00:00,354,38.25,155.37,980.4,71.6
2026-07-27,12,18,2026-08-11 00:00:00,15 days 00:00:00,360,40.0,155.5,982.1,69.5
2026-07-27,13,18,2026-08-08 12:00:00,12 days 12:00:00,300,12.5,-112.75,1005.4,34.3
2026-07-27,13,18,2026-08-08 18:00:00,12 days 18:00:00,306,13.13,-114.12,1005.0,35.2
2026-07-27,13,18,2026-08-09 00:00:00,13 days 00:00:00,312,13.75,-115.5,1004.5,36.0
2026-07-27,13,18,2026-08-09 06:00:00,13 days 06:00:00,318,14.38,-116.0,1002.6,39.2
2026-07-27,13,18,2026-08-09 12:00:00,13 days 12:00:00,324,15.0,-116.5,1000.8,42.4
2026-07-27,13,18,2026-08-09 18:00:00,13 days 18:00:00,330,15.25,-117.12,998.4,46.2
2026-07-27,13,18,2026-08-10 00:00:00,14 days 00:00:00,336,15.5,-117.75,996.0,50.0
2026-07-27,13,18,2026-08-10 06:00:00,14 days 06:00:00,342,16.25,-118.25,991.4,56.6
2026-07-27,13,18,2026-08-10 12:00:00,14 days 12:00:00,348,17.0,-118.75,986.7,63.3
2026-07-27,13,18,2026-08-10 18:00:00,14 days 18:00:00,354,17.38,-119.37,982.1,69.3
2026-07-27,13,18,2026-08-11 00:00:00,15 days 00:00:00,360,17.75,-120.0,977.5,75.3
2026-07-27,5,18,2026-07-27 00:00:00,0 days 00:00:00,0,14.5,-110.75,972.9,81.1
2026-07-27,5,18,2026-07-27 06:00:00,0 days 06:00:00,6,15.13,-111.62,974.6,79.0
2026-07-27,5,18,2026-07-27 12:00:00,0 days 12:00:00,12,15.75,-112.5,976.4,76.8
2026-07-27,5,18,2026-07-27 18:00:00,0 days 18:00:00,18,16.38,-113.37,977.0,76.0
2026-07-27,5,18,2026-07-28 00:00:00,1 days 00:00:00,24,17.0,-114.25,977.7,75.2
2026-07-27,5,18,2026-07-28 06:00:00,1 days 06:00:00,30,17.38,-114.87,979.0,73.5
2026-07-27,5,18,2026-07-28 12:00:00,1 days 12:00:00,36,17.75,-115.5,980.3,71.9
2026-07-27,5,18,2026-07-28 18:00:00,1 days 18:00:00,42,18.0,-116.0,981.6,70.2
2026-07-27,5,18,2026-07-29 00:00:00,2 days 00:00:00,48,18.25,-116.5,982.9,68.5
2026-07-27,5,18,2026-07-29 06:00:00,2 days 06:00:00,54,18.38,-117.0,983.4,67.8
2026-07-27,5,18,2026-07-29 12:00:00,2 days 12:00:00,60,18.5,-117.5,983.9,67.2
2026-07-27,5,18,2026-07-29 18:00:00,2 days 18:00:00,66,19.0,-118.12,985.7,64.7
2026-07-27,5,18,2026-07-30 00:00:00,3 days 00:00:00,72,19.5,-118.75,987.5,62.2
2026-07-27,5,18,2026-07-30 06:00:00,3 days 06:00:00,78,20.0,-119.87,989.5,59.4
2026-07-27,5,18,2026-07-30 12:00:00,3 days 12:00:00,84,20.5,-121.0,991.5,56.6
2026-07-27,5,18,2026-07-30 18:00:00,3 days 18:00:00,90,21.13,-122.12,990.4,58.2
2026-07-27,5,18,2026-07-31 00:00:00,4 days 00:00:00,96,21.75,-123.25,989.2,59.9
2026-07-27,5,18,2026-07-31 06:00:00,4 days 06:00:00,102,22.13,-124.62,991.2,57.0
2026-07-27,5,18,2026-07-31 12:00:00,4 days 12:00:00,108,22.5,-126.0,993.1,54.2
2026-07-27,5,18,2026-07-31 18:00:00,4 days 18:00:00,114,22.88,-127.37,995.7,50.3
2026-07-27,5,18,2026-08-01 00:00:00,5 days 00:00:00,120,23.25,-128.75,998.2,46.4
2026-07-27,5,18,2026-08-01 06:00:00,5 days 06:00:00,126,23.76,-130.12,1001.1,41.7
2026-07-27,5,18,2026-08-01 12:00:00,5 days 12:00:00,132,24.25,-131.5,1004.0,36.9
2026-07-27,5,18,2026-08-01 18:00:00,5 days 18:00:00,138,24.76,-132.87,1005.3,34.5
2026-07-27,5,18,2026-08-02 00:00:00,6 days 00:00:00,144,25.25,-134.25,1006.6,32.1
2026-07-27,5,18,2026-08-02 06:00:00,6 days 06:00:00,150,26.0,-135.37,1007.2,31.0
2026-07-27,5,18,2026-08-02 12:00:00,6 days 12:00:00,156,26.75,-136.5,1007.8,29.9
2026-07-27,5,18,2026-08-02 18:00:00,6 days 18:00:00,162,27.0,-137.12,1009.0,27.4
2026-07-27,5,18,2026-08-03 00:00:00,7 days 00:00:00,168,27.25,-137.75,1010.2,25.0
2026-07-27,5,18,2026-08-03 06:00:00,7 days 06:00:00,174,27.63,-138.37,1011.3,22.6
2026-07-27,5,18,2026-08-03 12:00:00,7 days 12:00:00,180,28.0,-139.0,1012.4,20.2
2026-07-27,6,18,2026-07-27 00:00:00,0 days 00:00:00,0,21.25,88.5,992.6,54.9
2026-07-27,6,18,2026-07-27 06:00:00,0 days 06:00:00,6,21.13,88.37,992.1,55.8
2026-07-27,6,18,2026-07-27 12:00:00,0 days 12:00:00,12,21.0,88.25,991.5,56.6
2026-07-27,6,18,2026-07-27 18:00:00,0 days 18:00:00,18,21.25,87.63,990.8,57.6
2026-07-27,6,18,2026-07-28 00:00:00,1 days 00:00:00,24,21.5,87.0,990.1,58.6
2026-07-27,6,18,2026-07-28 06:00:00,1 days 06:00:00,30,21.75,86.0,989.9,58.8
2026-07-27,6,18,2026-07-28 12:00:00,1 days 12:00:00,36,22.0,85.0,989.8,59.1
2026-07-27,6,18,2026-07-28 18:00:00,1 days 18:00:00,42,21.88,84.62,989.9,58.8
2026-07-27,6,18,2026-07-29 00:00:00,2 days 00:00:00,48,21.75,84.25,990.1,58.6
2026-07-27,6,18,2026-07-29 06:00:00,2 days 06:00:00,54,21.75,83.25,990.7,57.8
2026-07-27,6,18,2026-07-29 12:00:00,2 days 12:00:00,60,21.75,82.25,991.3,56.9
2026-07-27,6,18,2026-07-29 18:00:00,2 days 18:00:00,66,21.75,81.62,991.7,56.2
2026-07-27,6,18,2026-07-30 00:00:00,3 days 00:00:00,72,21.75,81.0,992.2,55.6
2026-07-27,6,18,2026-07-30 06:00:00,3 days 06:00:00,78,21.63,79.87,991.4,56.7
2026-07-27,6,18,2026-07-30 12:00:00,3 days 12:00:00,84,21.5,78.75,990.7,57.8
2026-07-27,6,18,2026-07-30 18:00:00,3 days 18:00:00,90,21.52,77.25,989.9,58.8
2026-07-27,6,18,2026-07-31 00:00:00,4 days 00:00:00,96,21.53,75.75,989.2,59.9
2026-07-27,6,18,2026-07-31 06:00:00,4 days 06:00:00,102,21.52,74.25,988.4,60.9
2026-07-27,6,18,2026-07-31 12:00:00,4 days 12:00:00,108,21.5,72.75,987.7,62.0
2026-07-27,6,18,2026-07-31 18:00:00,4 days 18:00:00,114,22.25,72.25,988.9,60.3
2026-07-27,6,18,2026-08-01 00:00:00,5 days 00:00:00,120,23.0,71.75,990.1,58.6
2026-07-27,6,18,2026-08-01 06:00:00,5 days 06:00:00,126,23.38,71.25,990.8,57.7
2026-07-27,6,18,2026-08-01 12:00:00,5 days 12:00:00,132,23.75,70.75,991.4,56.7
2026-07-27,7,18,2026-07-27 00:00:00,0 days 00:00:00,0,12.75,178.25,1002.3,39.9
2026-07-27,7,18,2026-07-27 06:00:00,0 days 06:00:00,6,12.88,176.75,1001.7,40.7
2026-07-27,7,18,2026-07-27 12:00:00,0 days 12:00:00,12,13.0,175.25,1001.2,41.6
2026-07-27,7,18,2026-07-27 18:00:00,0 days 18:00:00,18,13.0,174.12,999.0,45.1
2026-07-27,7,18,2026-07-28 00:00:00,1 days 00:00:00,24,13.0,173.0,996.9,48.6
2026-07-27,7,18,2026-07-28 06:00:00,1 days 06:00:00,30,13.13,172.13,995.8,50.3
2026-07-27,7,18,2026-07-28 12:00:00,1 days 12:00:00,36,13.25,171.25,994.7,52.0
2026-07-27,7,18,2026-07-28 18:00:00,1 days 18:00:00,42,13.5,170.5,992.8,54.7
2026-07-27,7,18,2026-07-29 00:00:00,2 days 00:00:00,48,13.75,169.75,990.9,57.5
2026-07-27,7,18,2026-07-29 06:00:00,2 days 06:00:00,54,14.5,169.25,989.9,58.8
2026-07-27,7,18,2026-07-29 12:00:00,2 days 12:00:00,60,15.25,168.75,989.0,60.2
2026-07-27,7,18,2026-07-29 18:00:00,2 days 18:00:00,66,16.0,168.25,985.7,64.7
2026-07-27,7,18,2026-07-30 00:00:00,3 days 00:00:00,72,16.75,167.75,982.4,69.1
2026-07-27,7,18,2026-07-30 06:00:00,3 days 06:00:00,78,17.25,166.75,979.2,73.2
2026-07-27,7,18,2026-07-30 12:00:00,3 days 12:00:00,84,17.75,165.75,976.0,77.3
2026-07-27,7,18,2026-07-30 18:00:00,3 days 18:00:00,90,18.38,165.25,973.2,80.7
2026-07-27,7,18,2026-07-31 00:00:00,4 days 00:00:00,96,19.0,164.75,970.3,84.2
2026-07-27,7,18,2026-07-31 06:00:00,4 days 06:00:00,102,19.63,164.0,966.8,88.4
2026-07-27,7,18,2026-07-31 12:00:00,4 days 12:00:00,108,20.25,163.25,963.2,92.6
2026-07-27,7,18,2026-07-31 18:00:00,4 days 18:00:00,114,21.0,162.63,959.9,96.3
2026-07-27,7,18,2026-08-01 00:00:00,5 days 00:00:00,120,21.75,162.0,956.6,100.1
2026-07-27,7,18,2026-08-01 06:00:00,5 days 06:00:00,126,22.63,161.01,957.7,98.7
2026-07-27,7,18,2026-08-01 12:00:00,5 days 12:00:00,132,23.5,160.0,958.9,97.4
2026-07-27,7,18,2026-08-01 18:00:00,5 days 18:00:00,138,24.25,158.88,958.8,97.6
2026-07-27,7,18,2026-08-02 00:00:00,6 days 00:00:00,144,25.0,157.75,958.6,97.8
2026-07-27,7,18,2026-08-02 06:00:00,6 days 06:00:00,150,25.75,157.0,958.4,98.1
2026-07-27,7,18,2026-08-02 12:00:00,6 days 12:00:00,156,26.5,156.25,958.1,98.3
2026-07-27,7,18,2026-08-02 18:00:00,6 days 18:00:00,162,27.63,155.14,959.0,97.4
2026-07-27,7,18,2026-08-03 00:00:00,7 days 00:00:00,168,28.75,154.0,959.8,96.4
2026-07-27,7,18,2026-08-03 06:00:00,7 days 06:00:00,174,29.5,153.01,963.7,91.9
2026-07-27,7,18,2026-08-03 12:00:00,7 days 12:00:00,180,30.25,152.0,967.6,87.4
2026-07-27,7,18,2026-08-03 18:00:00,7 days 18:00:00,186,31.0,151.38,971.0,83.3
2026-07-27,7,18,2026-08-04 00:00:00,8 days 00:00:00,192,31.75,150.75,974.5,79.2
2026-07-27,7,18,2026-08-04 06:00:00,8 days 06:00:00,198,32.75,150.26,975.1,78.4
2026-07-27,7,18,2026-08-04 12:00:00,8 days 12:00:00,204,33.75,149.75,975.8,77.6
2026-07-27,7,18,2026-08-04 18:00:00,8 days 18:00:00,210,35.38,149.63,976.4,76.7
2026-07-27,7,18,2026-08-05 00:00:00,9 days 00:00:00,216,37.0,149.5,977.1,75.9
2026-07-27,7,18,2026-08-05 06:00:00,9 days 06:00:00,222,38.88,149.74,975.9,77.4
2026-07-27,7,18,2026-08-05 12:00:00,9 days 12:00:00,228,40.75,150.0,974.6,79.0
2026-07-27,7,18,2026-08-05 18:00:00,9 days 18:00:00,234,42.38,150.12,976.8,76.3
2026-07-27,7,18,2026-08-06 00:00:00,10 days 00:00:00,240,44.0,150.25,978.9,73.7
2026-07-27,7,18,2026-08-06 06:00:00,10 days 06:00:00,246,46.13,151.33,983.6,67.4
2026-07-27,7,18,2026-08-06 12:00:00,10 days 12:00:00,252,48.25,152.5,988.4,61.0
2026-07-27,7,18,2026-08-06 18:00:00,10 days 18:00:00,258,49.63,152.14,989.8,59.1
2026-07-27,7,18,2026-08-07 00:00:00,11 days 00:00:00,264,51.0,151.75,991.1,57.1
2026-07-27,8,18,2026-07-29 12:00:00,2 days 12:00:00,60,31.75,63.0,991.7,56.4
2026-07-27,8,18,2026-07-29 18:00:00,2 days 18:00:00,66,32.0,62.88,992.9,54.6
2026-07-27,8,18,2026-07-30 00:00:00,3 days 00:00:00,72,32.25,62.75,994.1,52.8
2026-07-27,8,18,2026-07-30 06:00:00,3 days 06:00:00,78,32.5,62.63,992.6,54.9
2026-07-27,8,18,2026-07-30 12:00:00,3 days 12:00:00,84,32.75,62.5,991.2,57.0
2026-07-27,8,18,2026-07-30 18:00:00,3 days 18:00:00,90,32.25,62.75,992.4,55.2
2026-07-27,8,18,2026-07-31 00:00:00,4 days 00:00:00,96,31.75,63.0,993.7,53.4
2026-07-27,8,18,2026-07-31 06:00:00,4 days 06:00:00,102,31.88,62.5,991.9,56.0
2026-07-27,8,18,2026-07-31 12:00:00,4 days 12:00:00,108,32.0,62.0,990.1,58.6
2026-07-27,8,18,2026-07-31 18:00:00,4 days 18:00:00,114,30.0,64.31,990.4,58.1
2026-07-27,8,18,2026-08-01 00:00:00,5 days 00:00:00,120,27.94,66.54,990.8,57.7
2026-07-27,8,18,2026-08-01 06:00:00,5 days 06:00:00,126,25.86,68.69,991.1,57.2
2026-07-27,8,18,2026-08-01 12:00:00,5 days 12:00:00,132,23.75,70.75,991.4,56.7
2026-07-27,9,18,2026-08-02 00:00:00,6 days 00:00:00,144,-42.25,-77.0,977.8,75.0
2026-07-27,9,18,2026-08-02 06:00:00,6 days 06:00:00,150,-43.13,-76.88,979.6,72.8
2026-07-27,9,18,2026-08-02 12:00:00,6 days 12:00:00,156,-44.0,-76.75,981.3,70.5
2026-07-27,9,18,2026-08-02 18:00:00,6 days 18:00:00,162,-44.75,-76.63,985.9,64.3
2026-07-27,9,18,2026-08-03 00:00:00,7 days 00:00:00,168,-45.5,-76.5,990.5,58.0
2026-07-27,9,18,2026-08-03 06:00:00,7 days 06:00:00,174,-46.63,-77.36,995.1,51.1
2026-07-27,9,18,2026-08-03 12:00:00,7 days 12:00:00,180,-47.75,-78.25,999.7,44.2
2026-07-27,9,18,2026-08-03 18:00:00,7 days 18:00:00,186,-48.01,-79.49,1003.5,37.5
2026-07-27,9,18,2026-08-04 00:00:00,8 days 00:00:00,192,-48.25,-80.75,1007.4,30.7
2026-07-27,9,18,2026-08-04 06:00:00,8 days 06:00:00,198,-49.95,-87.29,1008.9,27.8
2026-07-27,9,18,2026-08-04 12:00:00,8 days 12:00:00,204,-51.25,-94.25,1010.3,24.8
2026-07-27,1,19,2026-07-27 00:00:00,0 days 00:00:00,0,20.0,-143.0,995.2,51.2
2026-07-27,1,19,2026-07-27 06:00:00,0 days 06:00:00,6,20.38,-144.37,996.5,49.2
2026-07-27,1,19,2026-07-27 12:00:00,0 days 12:00:00,12,20.75,-145.75,997.8,47.1
2026-07-27,1,19,2026-07-27 18:00:00,0 days 18:00:00,18,21.01,-147.12,999.6,44.2
2026-07-27,1,19,2026-07-28 00:00:00,1 days 00:00:00,24,21.25,-148.5,1001.4,41.3
2026-07-27,1,19,2026-07-28 06:00:00,1 days 06:00:00,30,21.5,-149.5,1002.1,40.2
2026-07-27,1,19,2026-07-28 12:00:00,1 days 12:00:00,36,21.75,-150.5,1002.7,39.1
2026-07-27,1,19,2026-07-28 18:00:00,1 days 18:00:00,42,22.38,-151.25,1004.7,35.5
2026-07-27,1,19,2026-07-29 00:00:00,2 days 00:00:00,48,23.0,-152.0,1006.8,31.9
2026-07-27,1,19,2026-07-29 06:00:00,2 days 06:00:00,54,23.14,-153.06,1007.5,30.4
2026-07-27,1,19,2026-07-29 12:00:00,2 days 12:00:00,60,23.26,-154.12,1008.3,28.9
2026-07-27,1,19,2026-07-29 18:00:00,2 days 18:00:00,66,23.39,-155.18,1009.0,27.4
2026-07-27,1,19,2026-07-30 00:00:00,3 days 00:00:00,72,23.5,-156.25,1009.8,25.9
2026-07-27,10,19,2026-08-07 00:00:00,11 days 00:00:00,264,27.0,80.25,996.6,49.1
2026-07-27,10,19,2026-08-07 06:00:00,11 days 06:00:00,270,26.88,79.69,995.9,50.0
2026-07-27,10,19,2026-08-07 12:00:00,11 days 12:00:00,276,26.75,79.12,995.3,51.0
2026-07-27,10,19,2026-08-07 18:00:00,11 days 18:00:00,282,26.63,78.56,994.6,52.0
2026-07-27,10,19,2026-08-08 00:00:00,12 days 00:00:00,288,26.5,78.0,994.0,53.0
2026-07-27,10,19,2026-08-08 06:00:00,12 days 06:00:00,294,26.38,77.87,993.6,53.6
2026-07-27,10,19,2026-08-08 12:00:00,12 days 12:00:00,300,26.25,77.75,993.2,54.2
2026-07-27,10,19,2026-08-08 18:00:00,12 days 18:00:00,306,26.25,77.75,993.9,53.1
2026-07-27,10,19,2026-08-09 00:00:00,13 days 00:00:00,312,26.25,77.75,994.6,52.1
2026-07-27,10,19,2026-08-09 06:00:00,13 days 06:00:00,318,23.86,83.61,994.8,51.8
2026-07-27,10,19,2026-08-09 12:00:00,13 days 12:00:00,324,21.25,89.25,995.0,51.4
2026-07-27,10,19,2026-08-09 18:00:00,13 days 18:00:00,330,21.63,89.75,995.9,50.1
2026-07-27,10,19,2026-08-10 00:00:00,14 days 00:00:00,336,22.0,90.25,996.7,48.9
2026-07-27,10,19,2026-08-10 06:00:00,14 days 06:00:00,342,22.13,89.63,996.2,49.6
2026-07-27,10,19,2026-08-10 12:00:00,14 days 12:00:00,348,22.25,89.0,995.7,50.3
2026-07-27,10,19,2026-08-10 18:00:00,14 days 18:00:00,354,22.13,88.5,996.9,48.5
2026-07-27,10,19,2026-08-11 00:00:00,15 days 00:00:00,360,22.0,88.0,998.1,46.6
2026-07-27,11,19,2026-08-08 12:00:00,12 days 12:00:00,300,32.75,164.75,995.9,50.1
2026-07-27,11,19,2026-08-08 18:00:00,12 days 18:00:00,306,34.25,164.63,994.2,52.7
2026-07-27,11,19,2026-08-09 00:00:00,13 days 00:00:00,312,35.75,164.5,992.4,55.2
2026-07-27,11,19,2026-08-09 06:00:00,13 days 06:00:00,318,38.13,165.23,993.8,53.2
2026-07-27,11,19,2026-08-09 12:00:00,13 days 12:00:00,324,40.5,166.0,995.1,51.2
2026-07-27,11,19,2026-08-09 18:00:00,13 days 18:00:00,330,42.63,166.48,994.9,51.6
2026-07-27,11,19,2026-08-10 00:00:00,14 days 00:00:00,336,44.75,167.0,994.6,52.0
2026-07-27,11,19,2026-08-10 06:00:00,14 days 06:00:00,342,46.15,169.19,996.7,48.8
2026-07-27,11,19,2026-08-10 12:00:00,14 days 12:00:00,348,47.5,171.5,998.7,45.7
2026-07-27,11,19,2026-08-10 18:00:00,14 days 18:00:00,354,49.06,175.26,998.7,45.8
2026-07-27,11,19,2026-08-11 00:00:00,15 days 00:00:00,360,50.5,179.25,998.6,45.9
2026-07-27,5,19,2026-07-27 00:00:00,0 days 00:00:00,0,14.5,-110.75,972.9,81.1
2026-07-27,5,19,2026-07-27 06:00:00,0 days 06:00:00,6,15.25,-111.62,974.6,79.0
2026-07-27,5,19,2026-07-27 12:00:00,0 days 12:00:00,12,16.0,-112.5,976.2,77.0
2026-07-27,5,19,2026-07-27 18:00:00,0 days 18:00:00,18,16.38,-113.37,979.1,73.3
2026-07-27,5,19,2026-07-28 00:00:00,1 days 00:00:00,24,16.75,-114.25,982.0,69.6
2026-07-27,5,19,2026-07-28 06:00:00,1 days 06:00:00,30,17.13,-114.87,982.7,68.7
2026-07-27,5,19,2026-07-28 12:00:00,1 days 12:00:00,36,17.5,-115.5,983.4,67.8
2026-07-27,5,19,2026-07-28 18:00:00,1 days 18:00:00,42,17.63,-116.37,984.7,66.0
2026-07-27,5,19,2026-07-29 00:00:00,2 days 00:00:00,48,17.75,-117.25,986.0,64.2
2026-07-27,5,19,2026-07-29 06:00:00,2 days 06:00:00,54,17.88,-117.87,986.2,64.0
2026-07-27,5,19,2026-07-29 12:00:00,2 days 12:00:00,60,18.0,-118.5,986.4,63.7
2026-07-27,5,19,2026-07-29 18:00:00,2 days 18:00:00,66,18.25,-119.25,989.9,58.7
2026-07-27,5,19,2026-07-30 00:00:00,3 days 00:00:00,72,18.5,-120.0,993.5,53.7
2026-07-27,5,19,2026-07-30 06:00:00,3 days 06:00:00,78,19.25,-120.75,993.7,53.4
2026-07-27,5,19,2026-07-30 12:00:00,3 days 12:00:00,84,20.0,-121.5,994.0,53.0
2026-07-27,5,19,2026-07-30 18:00:00,3 days 18:00:00,90,20.63,-123.12,994.1,52.8
2026-07-27,5,19,2026-07-31 00:00:00,4 days 00:00:00,96,21.25,-124.75,994.3,52.5
2026-07-27,5,19,2026-07-31 06:00:00,4 days 06:00:00,102,21.38,-125.62,996.4,49.2
2026-07-27,5,19,2026-07-31 12:00:00,4 days 12:00:00,108,21.5,-126.5,998.6,45.9
2026-07-27,5,19,2026-07-31 18:00:00,4 days 18:00:00,114,21.75,-127.37,1000.4,42.9
2026-07-27,5,19,2026-08-01 00:00:00,5 days 00:00:00,120,22.0,-128.25,1002.2,40.0
2026-07-27,5,19,2026-08-01 06:00:00,5 days 06:00:00,126,22.38,-129.62,1002.9,38.8
2026-07-27,5,19,2026-08-01 12:00:00,5 days 12:00:00,132,22.75,-131.0,1003.7,37.5
2026-07-27,5,19,2026-08-01 18:00:00,5 days 18:00:00,138,23.13,-132.12,1004.8,35.4
2026-07-27,5,19,2026-08-02 00:00:00,6 days 00:00:00,144,23.5,-133.25,1006.0,33.4
2026-07-27,5,19,2026-08-02 06:00:00,6 days 06:00:00,150,24.13,-134.37,1006.7,32.0
2026-07-27,5,19,2026-08-02 12:00:00,6 days 12:00:00,156,24.75,-135.5,1007.5,30.6
2026-07-27,5,19,2026-08-02 18:00:00,6 days 18:00:00,162,24.88,-136.62,1007.7,30.1
2026-07-27,5,19,2026-08-03 00:00:00,7 days 00:00:00,168,25.0,-137.75,1007.9,29.7
2026-07-27,6,19,2026-07-27 00:00:00,0 days 00:00:00,0,21.25,88.5,992.6,54.9
2026-07-27,6,19,2026-07-27 06:00:00,0 days 06:00:00,6,21.38,88.25,991.6,56.4
2026-07-27,6,19,2026-07-27 12:00:00,0 days 12:00:00,12,21.5,88.0,990.6,57.8
2026-07-27,6,19,2026-07-27 18:00:00,0 days 18:00:00,18,21.63,87.63,991.0,57.4
2026-07-27,6,19,2026-07-28 00:00:00,1 days 00:00:00,24,21.75,87.25,991.3,56.9
2026-07-27,6,19,2026-07-28 06:00:00,1 days 06:00:00,30,21.88,87.0,991.4,56.7
2026-07-27,6,19,2026-07-28 12:00:00,1 days 12:00:00,36,22.0,86.75,991.6,56.4
2026-07-27,6,19,2026-07-28 18:00:00,1 days 18:00:00,42,22.13,85.5,992.6,55.0
2026-07-27,6,19,2026-07-29 00:00:00,2 days 00:00:00,48,22.25,84.25,993.5,53.6
2026-07-27,6,19,2026-07-29 06:00:00,2 days 06:00:00,54,22.45,82.94,993.4,53.9
2026-07-27,6,19,2026-07-29 12:00:00,2 days 12:00:00,60,22.65,81.63,993.2,54.1
2026-07-27,6,19,2026-07-29 18:00:00,2 days 18:00:00,66,22.83,80.32,993.1,54.3
2026-07-27,6,19,2026-07-30 00:00:00,3 days 00:00:00,72,23.0,79.0,992.9,54.5
2026-07-27,6,19,2026-07-30 06:00:00,3 days 06:00:00,78,23.25,78.25,992.3,55.4
2026-07-27,6,19,2026-07-30 12:00:00,3 days 12:00:00,84,23.5,77.5,991.7,56.3
2026-07-27,6,19,2026-07-30 18:00:00,3 days 18:00:00,90,23.14,74.99,991.5,56.6
2026-07-27,6,19,2026-07-31 00:00:00,4 days 00:00:00,96,22.75,72.5,991.3,56.8
2026-07-27,6,19,2026-07-31 06:00:00,4 days 06:00:00,102,23.63,71.88,991.1,57.1
2026-07-27,6,19,2026-07-31 12:00:00,4 days 12:00:00,108,24.5,71.25,990.9,57.4
2026-07-27,6,19,2026-07-31 18:00:00,4 days 18:00:00,114,24.5,71.25,991.7,56.3
2026-07-27,6,19,2026-08-01 00:00:00,5 days 00:00:00,120,24.5,71.25,992.5,55.1
2026-07-27,6,19,2026-08-01 06:00:00,5 days 06:00:00,126,24.75,71.0,992.6,55.0
2026-07-27,6,19,2026-08-01 12:00:00,5 days 12:00:00,132,25.0,70.75,992.7,54.9
2026-07-27,7,19,2026-07-27 00:00:00,0 days 00:00:00,0,12.75,178.25,1002.3,39.9
2026-07-27,7,19,2026-07-27 06:00:00,0 days 06:00:00,6,13.0,176.75,1002.0,40.4
2026-07-27,7,19,2026-07-27 12:00:00,0 days 12:00:00,12,13.25,175.25,1001.7,40.9
2026-07-27,7,19,2026-07-27 18:00:00,0 days 18:00:00,18,13.13,174.0,1000.8,42.4
2026-07-27,7,19,2026-07-28 00:00:00,1 days 00:00:00,24,13.0,172.75,999.9,43.8
2026-07-27,7,19,2026-07-28 06:00:00,1 days 06:00:00,30,13.13,171.75,997.1,48.1
2026-07-27,7,19,2026-07-28 12:00:00,1 days 12:00:00,36,13.25,170.75,994.4,52.4
2026-07-27,7,19,2026-07-28 18:00:00,1 days 18:00:00,42,13.5,169.75,993.6,53.5
2026-07-27,7,19,2026-07-29 00:00:00,2 days 00:00:00,48,13.75,168.75,992.8,54.7
2026-07-27,7,19,2026-07-29 06:00:00,2 days 06:00:00,54,14.0,168.0,993.0,54.3
2026-07-27,7,19,2026-07-29 12:00:00,2 days 12:00:00,60,14.25,167.25,993.3,54.0
2026-07-27,7,19,2026-07-29 18:00:00,2 days 18:00:00,66,14.88,166.75,991.7,56.3
2026-07-27,7,19,2026-07-30 00:00:00,3 days 00:00:00,72,15.5,166.25,990.1,58.5
2026-07-27,7,19,2026-07-30 06:00:00,3 days 06:00:00,78,15.88,165.13,986.7,63.2
2026-07-27,7,19,2026-07-30 12:00:00,3 days 12:00:00,84,16.25,164.0,983.3,67.9
2026-07-27,7,19,2026-07-30 18:00:00,3 days 18:00:00,90,16.75,163.0,978.9,73.5
2026-07-27,7,19,2026-07-31 00:00:00,4 days 00:00:00,96,17.25,162.0,974.4,79.2
2026-07-27,7,19,2026-07-31 06:00:00,4 days 06:00:00,102,17.75,161.25,974.7,78.8
2026-07-27,7,19,2026-07-31 12:00:00,4 days 12:00:00,108,18.25,160.5,975.0,78.5
2026-07-27,7,19,2026-07-31 18:00:00,4 days 18:00:00,114,18.88,159.5,970.2,84.3
2026-07-27,7,19,2026-08-01 00:00:00,5 days 00:00:00,120,19.5,158.5,965.4,90.1
2026-07-27,7,19,2026-08-01 06:00:00,5 days 06:00:00,126,20.38,157.51,964.8,90.8
2026-07-27,7,19,2026-08-01 12:00:00,5 days 12:00:00,132,21.25,156.5,964.1,91.5
2026-07-27,7,19,2026-08-01 18:00:00,5 days 18:00:00,138,22.0,155.51,960.2,95.9
2026-07-27,7,19,2026-08-02 00:00:00,6 days 00:00:00,144,22.75,154.5,956.4,100.3
2026-07-27,7,19,2026-08-02 06:00:00,6 days 06:00:00,150,23.51,153.13,958.0,98.4
2026-07-27,7,19,2026-08-02 12:00:00,6 days 12:00:00,156,24.25,151.75,959.7,96.6
2026-07-27,7,19,2026-08-02 18:00:00,6 days 18:00:00,162,24.88,150.38,960.5,95.7
2026-07-27,7,19,2026-08-03 00:00:00,7 days 00:00:00,168,25.5,149.0,961.3,94.7
2026-07-27,7,19,2026-08-03 06:00:00,7 days 06:00:00,174,26.13,147.88,963.2,92.6
2026-07-27,7,19,2026-08-03 12:00:00,7 days 12:00:00,180,26.75,146.75,965.0,90.5
2026-07-27,7,19,2026-08-03 18:00:00,7 days 18:00:00,186,27.01,145.25,964.1,91.5
2026-07-27,7,19,2026-08-04 00:00:00,8 days 00:00:00,192,27.25,143.75,963.2,92.6
2026-07-27,7,19,2026-08-04 06:00:00,8 days 06:00:00,198,27.51,142.0,964.3,91.3
2026-07-27,7,19,2026-08-04 12:00:00,8 days 12:00:00,204,27.75,140.25,965.3,90.1
2026-07-27,7,19,2026-08-04 18:00:00,8 days 18:00:00,210,28.01,138.63,963.4,92.4
2026-07-27,7,19,2026-08-05 00:00:00,9 days 00:00:00,216,28.25,137.0,961.4,94.6
2026-07-27,7,19,2026-08-05 06:00:00,9 days 06:00:00,222,28.38,135.63,959.8,96.4
2026-07-27,7,19,2026-08-05 12:00:00,9 days 12:00:00,228,28.5,134.25,958.2,98.3
2026-07-27,7,19,2026-08-05 18:00:00,9 days 18:00:00,234,28.76,133.0,958.4,98.0
2026-07-27,7,19,2026-08-06 00:00:00,10 days 00:00:00,240,29.0,131.75,958.6,97.8
2026-07-27,7,19,2026-08-06 06:00:00,10 days 06:00:00,246,29.38,130.63,958.5,97.9
2026-07-27,7,19,2026-08-06 12:00:00,10 days 12:00:00,252,29.75,129.5,958.4,98.0
2026-07-27,7,19,2026-08-06 18:00:00,10 days 18:00:00,258,30.38,128.51,960.9,95.1
2026-07-27,7,19,2026-08-07 00:00:00,11 days 00:00:00,264,31.0,127.5,963.5,92.3
2026-07-27,7,19,2026-08-07 06:00:00,11 days 06:00:00,270,31.5,126.75,966.7,88.5
2026-07-27,7,19,2026-08-07 12:00:00,11 days 12:00:00,276,32.0,126.0,969.9,84.7
2026-07-27,7,19,2026-08-07 18:00:00,11 days 18:00:00,282,32.88,125.63,972.6,81.4
2026-07-27,7,19,2026-08-08 00:00:00,12 days 00:00:00,288,33.75,125.25,975.3,78.1
2026-07-27,7,19,2026-08-08 06:00:00,12 days 06:00:00,294,34.75,125.25,976.6,76.6
2026-07-27,7,19,2026-08-08 12:00:00,12 days 12:00:00,300,35.75,125.25,977.8,75.0
2026-07-27,7,19,2026-08-08 18:00:00,12 days 18:00:00,306,36.38,126.12,980.8,71.1
2026-07-27,7,19,2026-08-09 00:00:00,13 days 00:00:00,312,37.0,127.0,983.8,67.2
2026-07-27,7,19,2026-08-09 06:00:00,13 days 06:00:00,318,38.39,128.59,982.7,68.7
2026-07-27,7,19,2026-08-09 12:00:00,13 days 12:00:00,324,39.75,130.25,981.5,70.3
2026-07-27,7,19,2026-08-09 18:00:00,13 days 18:00:00,330,40.63,131.36,978.7,73.8
2026-07-27,7,19,2026-08-10 00:00:00,14 days 00:00:00,336,41.5,132.5,975.9,77.4
2026-07-27,7,19,2026-08-10 06:00:00,14 days 06:00:00,342,42.51,134.22,978.2,74.5
2026-07-27,7,19,2026-08-10 12:00:00,14 days 12:00:00,348,43.5,136.0,980.4,71.7
2026-07-27,7,19,2026-08-10 18:00:00,14 days 18:00:00,354,44.76,137.35,983.8,67.2
2026-07-27,7,19,2026-08-11 00:00:00,15 days 00:00:00,360,46.0,138.75,987.2,62.6
2026-07-27,8,19,2026-08-05 00:00:00,9 days 00:00:00,216,16.0,152.75,998.6,45.9
2026-07-27,8,19,2026-08-05 06:00:00,9 days 06:00:00,222,16.0,153.13,997.0,48.3
2026-07-27,8,19,2026-08-05 12:00:00,9 days 12:00:00,228,16.0,153.5,995.5,50.7
2026-07-27,8,19,2026-08-05 18:00:00,9 days 18:00:00,234,16.25,154.12,995.7,50.3
2026-07-27,8,19,2026-08-06 00:00:00,10 days 00:00:00,240,16.5,154.75,996.0,49.9
2026-07-27,8,19,2026-08-06 06:00:00,10 days 06:00:00,246,16.75,154.75,995.2,51.2
2026-07-27,8,19,2026-08-06 12:00:00,10 days 12:00:00,252,17.0,154.75,994.3,52.5
2026-07-27,8,19,2026-08-06 18:00:00,10 days 18:00:00,258,17.75,155.25,992.7,54.9
2026-07-27,8,19,2026-08-07 00:00:00,11 days 00:00:00,264,18.5,155.75,991.0,57.2
2026-07-27,8,19,2026-08-07 06:00:00,11 days 06:00:00,270,19.75,156.74,991.6,56.5
2026-07-27,8,19,2026-08-07 12:00:00,11 days 12:00:00,276,21.0,157.75,992.1,55.7
2026-07-27,8,19,2026-08-07 18:00:00,11 days 18:00:00,282,21.75,158.25,988.6,60.7
2026-07-27,8,19,2026-08-08 00:00:00,12 days 00:00:00,288,22.5,158.75,985.0,65.6
2026-07-27,8,19,2026-08-08 06:00:00,12 days 06:00:00,294,23.38,160.12,982.6,68.8
2026-07-27,8,19,2026-08-08 12:00:00,12 days 12:00:00,300,24.25,161.5,980.1,72.0
2026-07-27,8,19,2026-08-08 18:00:00,12 days 18:00:00,306,25.25,162.37,978.1,74.7
2026-07-27,8,19,2026-08-09 00:00:00,13 days 00:00:00,312,26.25,163.25,976.0,77.3
2026-07-27,8,19,2026-08-09 06:00:00,13 days 06:00:00,318,27.88,163.87,976.4,76.8
2026-07-27,8,19,2026-08-09 12:00:00,13 days 12:00:00,324,29.5,164.5,976.8,76.3
2026-07-27,8,19,2026-08-09 18:00:00,13 days 18:00:00,330,31.5,164.5,980.4,71.6
2026-07-27,8,19,2026-08-10 00:00:00,14 days 00:00:00,336,33.5,164.5,984.1,66.8
2026-07-27,8,19,2026-08-10 06:00:00,14 days 06:00:00,342,35.63,164.87,985.5,64.9
2026-07-27,8,19,2026-08-10 12:00:00,14 days 12:00:00,348,37.75,165.25,986.9,63.0
2026-07-27,8,19,2026-08-10 18:00:00,14 days 18:00:00,354,39.64,166.83,989.5,59.4
2026-07-27,8,19,2026-08-11 00:00:00,15 days 00:00:00,360,41.5,168.5,992.0,55.8
2026-07-27,9,19,2026-08-06 12:00:00,10 days 12:00:00,252,12.75,-118.25,1003.0,38.7
2026-07-27,9,19,2026-08-06 18:00:00,10 days 18:00:00,258,12.63,-119.06,1002.7,39.1
2026-07-27,9,19,2026-08-07 00:00:00,11 days 00:00:00,264,12.5,-119.88,1002.5,39.6
2026-07-27,9,19,2026-08-07 06:00:00,11 days 06:00:00,270,12.38,-120.69,1002.2,40.0
2026-07-27,9,19,2026-08-07 12:00:00,11 days 12:00:00,276,12.25,-121.5,1002.0,40.4
2026-07-27,9,19,2026-08-07 18:00:00,11 days 18:00:00,282,12.63,-122.25,1000.7,42.5
2026-07-27,9,19,2026-08-08 00:00:00,12 days 00:00:00,288,13.0,-123.0,999.3,44.7
2026-07-27,9,19,2026-08-08 06:00:00,12 days 06:00:00,294,13.63,-123.87,998.3,46.4
2026-07-27,9,19,2026-08-08 12:00:00,12 days 12:00:00,300,14.25,-124.75,997.2,48.1
2026-07-27,9,19,2026-08-08 18:00:00,12 days 18:00:00,306,14.5,-125.62,997.5,47.5
2026-07-27,9,19,2026-08-09 00:00:00,13 days 00:00:00,312,14.75,-126.5,997.9,47.0
2026-07-27,9,19,2026-08-09 06:00:00,13 days 06:00:00,318,15.5,-127.62,995.1,51.2
2026-07-27,9,19,2026-08-09 12:00:00,13 days 12:00:00,324,16.25,-128.75,992.2,55.5
2026-07-27,9,19,2026-08-09 18:00:00,13 days 18:00:00,330,17.0,-129.99,991.2,57.0
2026-07-27,9,19,2026-08-10 00:00:00,14 days 00:00:00,336,17.75,-131.25,990.2,58.5
2026-07-27,9,19,2026-08-10 06:00:00,14 days 06:00:00,342,18.5,-132.37,988.1,61.4
2026-07-27,9,19,2026-08-10 12:00:00,14 days 12:00:00,348,19.25,-133.5,986.1,64.2
2026-07-27,9,19,2026-08-10 18:00:00,14 days 18:00:00,354,20.01,-134.87,989.0,60.1
2026-07-27,9,19,2026-08-11 00:00:00,15 days 00:00:00,360,20.75,-136.25,992.0,55.9
2026-07-27,1,2,2026-07-27 00:00:00,0 days 00:00:00,0,20.0,-143.0,995.2,51.2
2026-07-27,1,2,2026-07-27 06:00:00,0 days 06:00:00,6,20.38,-144.5,996.0,49.8
2026-07-27,1,2,2026-07-27 12:00:00,0 days 12:00:00,12,20.75,-146.0,996.9,48.5
2026-07-27,1,2,2026-07-27 18:00:00,0 days 18:00:00,18,20.88,-147.0,999.4,44.5
2026-07-27,1,2,2026-07-28 00:00:00,1 days 00:00:00,24,21.0,-148.0,1001.8,40.6
2026-07-27,10,2,2026-08-05 00:00:00,9 days 00:00:00,216,14.5,144.0,1000.7,42.5
2026-07-27,10,2,2026-08-05 06:00:00,9 days 06:00:00,222,14.13,143.62,1000.7,42.5
2026-07-27,10,2,2026-08-05 12:00:00,9 days 12:00:00,228,13.75,143.25,1000.7,42.5
2026-07-27,10,2,2026-08-05 18:00:00,9 days 18:00:00,234,13.88,143.0,1000.1,43.5
2026-07-27,10,2,2026-08-06 00:00:00,10 days 00:00:00,240,14.0,142.75,999.5,44.5
2026-07-27,10,2,2026-08-06 06:00:00,10 days 06:00:00,246,13.88,142.62,1000.4,43.0
2026-07-27,10,2,2026-08-06 12:00:00,10 days 12:00:00,252,13.75,142.5,1001.3,41.5
2026-07-27,10,2,2026-08-06 18:00:00,10 days 18:00:00,258,13.88,141.25,1000.8,42.3
2026-07-27,10,2,2026-08-07 00:00:00,11 days 00:00:00,264,14.0,140.0,1000.4,43.1
2026-07-27,10,2,2026-08-07 06:00:00,11 days 06:00:00,270,14.38,139.13,1000.4,42.9
2026-07-27,10,2,2026-08-07 12:00:00,11 days 12:00:00,276,14.75,138.25,1000.5,42.8
2026-07-27,10,2,2026-08-07 18:00:00,11 days 18:00:00,282,14.88,137.25,999.5,44.4
2026-07-27,10,2,2026-08-08 00:00:00,12 days 00:00:00,288,15.0,136.25,998.6,46.0
2026-07-27,10,2,2026-08-08 06:00:00,12 days 06:00:00,294,15.63,136.37,998.0,46.9
2026-07-27,10,2,2026-08-08 12:00:00,12 days 12:00:00,300,16.25,136.5,997.4,47.8
2026-07-27,10,2,2026-08-08 18:00:00,12 days 18:00:00,306,17.0,136.13,994.5,52.1
2026-07-27,10,2,2026-08-09 00:00:00,13 days 00:00:00,312,17.75,135.75,991.6,56.5
2026-07-27,10,2,2026-08-09 06:00:00,13 days 06:00:00,318,18.38,135.13,988.0,61.4
2026-07-27,10,2,2026-08-09 12:00:00,13 days 12:00:00,324,19.0,134.5,984.5,66.3
2026-07-27,10,2,2026-08-09 18:00:00,13 days 18:00:00,330,19.63,134.0,979.7,72.5
2026-07-27,10,2,2026-08-10 00:00:00,14 days 00:00:00,336,20.25,133.5,974.9,78.6
2026-07-27,10,2,2026-08-10 06:00:00,14 days 06:00:00,342,21.25,133.87,971.5,82.7
2026-07-27,10,2,2026-08-10 12:00:00,14 days 12:00:00,348,22.25,134.25,968.2,86.8
2026-07-27,10,2,2026-08-10 18:00:00,14 days 18:00:00,354,23.38,134.5,965.6,89.7
2026-07-27,10,2,2026-08-11 00:00:00,15 days 00:00:00,360,24.5,134.75,963.1,92.7
2026-07-27,11,2,2026-08-05 00:00:00,9 days 00:00:00,216,14.5,155.75,1000.5,42.8
2026-07-27,11,2,2026-08-05 06:00:00,9 days 06:00:00,222,14.75,156.0,998.3,46.2
2026-07-27,11,2,2026-08-05 12:00:00,9 days 12:00:00,228,15.0,156.25,996.2,49.7
2026-07-27,11,2,2026-08-05 18:00:00,9 days 18:00:00,234,16.13,156.5,994.7,51.9
2026-07-27,11,2,2026-08-06 00:00:00,10 days 00:00:00,240,17.25,156.75,993.2,54.1
2026-07-27,11,2,2026-08-06 06:00:00,10 days 06:00:00,246,18.63,156.5,990.8,57.6
2026-07-27,11,2,2026-08-06 12:00:00,10 days 12:00:00,252,20.0,156.25,988.4,61.0
2026-07-27,11,2,2026-08-06 18:00:00,10 days 18:00:00,258,21.13,155.88,986.1,64.1
2026-07-27,11,2,2026-08-07 00:00:00,11 days 00:00:00,264,22.25,155.5,983.9,67.1
2026-07-27,11,2,2026-08-07 06:00:00,11 days 06:00:00,270,23.88,155.01,982.0,69.6
2026-07-27,11,2,2026-08-07 12:00:00,11 days 12:00:00,276,25.5,154.5,980.1,72.1
2026-07-27,11,2,2026-08-07 18:00:00,11 days 18:00:00,282,26.5,153.38,977.0,75.9
2026-07-27,11,2,2026-08-08 00:00:00,12 days 00:00:00,288,27.5,152.25,974.0,79.7
2026-07-27,11,2,2026-08-08 06:00:00,12 days 06:00:00,294,28.5,151.51,975.4,78.1
2026-07-27,11,2,2026-08-08 12:00:00,12 days 12:00:00,300,29.5,150.75,976.7,76.4
2026-07-27,11,2,2026-08-08 18:00:00,12 days 18:00:00,306,30.38,149.64,977.1,75.9
2026-07-27,11,2,2026-08-09 00:00:00,13 days 00:00:00,312,31.25,148.5,977.5,75.4
2026-07-27,11,2,2026-08-09 06:00:00,13 days 06:00:00,318,32.01,147.26,977.8,75.0
2026-07-27,11,2,2026-08-09 12:00:00,13 days 12:00:00,324,32.75,146.0,978.1,74.7
2026-07-27,11,2,2026-08-09 18:00:00,13 days 18:00:00,330,33.5,145.26,979.0,73.5
2026-07-27,11,2,2026-08-10 00:00:00,14 days 00:00:00,336,34.25,144.5,979.9,72.4
2026-07-27,11,2,2026-08-10 06:00:00,14 days 06:00:00,342,35.38,144.01,981.4,70.4
2026-07-27,11,2,2026-08-10 12:00:00,14 days 12:00:00,348,36.5,143.5,983.0,68.4
2026-07-27,11,2,2026-08-10 18:00:00,14 days 18:00:00,354,37.63,143.25,983.7,67.4
2026-07-27,11,2,2026-08-11 00:00:00,15 days 00:00:00,360,38.75,143.0,984.5,66.3
2026-07-27,5,2,2026-07-27 00:00:00,0 days 00:00:00,0,14.5,-110.75,972.9,81.1
2026-07-27,5,2,2026-07-27 06:00:00,0 days 06:00:00,6,15.25,-111.62,975.5,77.8
2026-07-27,5,2,2026-07-27 12:00:00,0 days 12:00:00,12,16.0,-112.5,978.2,74.6
2026-07-27,5,2,2026-07-27 18:00:00,0 days 18:00:00,18,16.5,-113.37,979.7,72.6
2026-07-27,5,2,2026-07-28 00:00:00,1 days 00:00:00,24,17.0,-114.25,981.2,70.7
2026-07-27,5,2,2026-07-28 06:00:00,1 days 06:00:00,30,17.38,-114.87,979.5,72.9
2026-07-27,5,2,2026-07-28 12:00:00,1 days 12:00:00,36,17.75,-115.5,977.8,75.0
2026-07-27,5,2,2026-07-28 18:00:00,1 days 18:00:00,42,17.88,-116.25,977.5,75.4
2026-07-27,5,2,2026-07-29 00:00:00,2 days 00:00:00,48,18.0,-117.0,977.3,75.7
2026-07-27,5,2,2026-07-29 06:00:00,2 days 06:00:00,54,18.0,-117.38,979.6,72.8
2026-07-27,5,2,2026-07-29 12:00:00,2 days 12:00:00,60,18.0,-117.75,981.9,69.8
2026-07-27,5,2,2026-07-29 18:00:00,2 days 18:00:00,66,18.25,-118.87,982.8,68.6
2026-07-27,5,2,2026-07-30 00:00:00,3 days 00:00:00,72,18.5,-120.0,983.7,67.4
2026-07-27,5,2,2026-07-30 06:00:00,3 days 06:00:00,78,18.75,-121.12,984.3,66.5
2026-07-27,5,2,2026-07-30 12:00:00,3 days 12:00:00,84,19.0,-122.25,985.0,65.7
2026-07-27,5,2,2026-07-30 18:00:00,3 days 18:00:00,90,19.25,-123.12,987.2,62.7
2026-07-27,5,2,2026-07-31 00:00:00,4 days 00:00:00,96,19.5,-124.0,989.3,59.7
2026-07-27,5,2,2026-07-31 06:00:00,4 days 06:00:00,102,19.75,-125.25,991.5,56.6
2026-07-27,5,2,2026-07-31 12:00:00,4 days 12:00:00,108,20.0,-126.5,993.6,53.6
2026-07-27,5,2,2026-07-31 18:00:00,4 days 18:00:00,114,20.0,-127.5,995.7,50.3
2026-07-27,5,2,2026-08-01 00:00:00,5 days 00:00:00,120,20.0,-128.5,997.8,47.1
2026-07-27,5,2,2026-08-01 06:00:00,5 days 06:00:00,126,20.38,-129.75,999.9,43.7
2026-07-27,5,2,2026-08-01 12:00:00,5 days 12:00:00,132,20.75,-131.0,1002.0,40.3
2026-07-27,5,2,2026-08-01 18:00:00,5 days 18:00:00,138,21.13,-132.25,1002.3,39.8
2026-07-27,5,2,2026-08-02 00:00:00,6 days 00:00:00,144,21.5,-133.5,1002.6,39.2
2026-07-27,5,2,2026-08-02 06:00:00,6 days 06:00:00,150,21.75,-134.75,1002.8,39.0
2026-07-27,5,2,2026-08-02 12:00:00,6 days 12:00:00,156,22.0,-136.0,1002.9,38.8
2026-07-27,5,2,2026-08-02 18:00:00,6 days 18:00:00,162,22.5,-137.0,1003.9,37.0
2026-07-27,5,2,2026-08-03 00:00:00,7 days 00:00:00,168,23.0,-138.0,1004.9,35.3
2026-07-27,5,2,2026-08-03 06:00:00,7 days 06:00:00,174,23.13,-138.87,1006.0,33.3
2026-07-27,5,2,2026-08-03 12:00:00,7 days 12:00:00,180,23.25,-139.75,1007.0,31.3
2026-07-27,5,2,2026-08-03 18:00:00,7 days 18:00:00,186,23.63,-140.37,1008.4,28.7
2026-07-27,5,2,2026-08-04 00:00:00,8 days 00:00:00,192,24.0,-141.0,1009.7,26.1
2026-07-27,6,2,2026-07-27 00:00:00,0 days 00:00:00,0,21.25,88.5,992.6,54.9
2026-07-27,6,2,2026-07-27 06:00:00,0 days 06:00:00,6,21.38,88.62,992.2,55.6
2026-07-27,6,2,2026-07-27 12:00:00,0 days 12:00:00,12,21.5,88.75,991.8,56.2
2026-07-27,6,2,2026-07-27 18:00:00,0 days 18:00:00,18,21.75,88.38,991.8,56.1
2026-07-27,6,2,2026-07-28 00:00:00,1 days 00:00:00,24,22.0,88.0,991.9,56.1
2026-07-27,6,2,2026-07-28 06:00:00,1 days 06:00:00,30,22.38,87.0,991.7,56.3
2026-07-27,6,2,2026-07-28 12:00:00,1 days 12:00:00,36,22.75,86.0,991.6,56.4
2026-07-27,6,2,2026-07-28 18:00:00,1 days 18:00:00,42,22.38,84.62,991.6,56.5
2026-07-27,6,2,2026-07-29 00:00:00,2 days 00:00:00,48,22.0,83.25,991.5,56.5
2026-07-27,6,2,2026-07-29 06:00:00,2 days 06:00:00,54,22.88,82.38,992.0,55.9
2026-07-27,6,2,2026-07-29 12:00:00,2 days 12:00:00,60,23.75,81.5,992.5,55.2
2026-07-27,7,2,2026-07-27 00:00:00,0 days 00:00:00,0,12.75,178.25,1002.3,39.9
2026-07-27,7,2,2026-07-27 06:00:00,0 days 06:00:00,6,12.88,177.0,1002.2,40.0
2026-07-27,7,2,2026-07-27 12:00:00,0 days 12:00:00,12,13.0,175.75,1002.1,40.1
2026-07-27,7,2,2026-07-27 18:00:00,0 days 18:00:00,18,13.25,174.38,1000.1,43.4
2026-07-27,7,2,2026-07-28 00:00:00,1 days 00:00:00,24,13.5,173.0,998.0,46.8
2026-07-27,7,2,2026-07-28 06:00:00,1 days 06:00:00,30,13.63,172.25,997.0,48.4
2026-07-27,7,2,2026-07-28 12:00:00,1 days 12:00:00,36,13.75,171.5,995.9,50.0
2026-07-27,7,2,2026-07-28 18:00:00,1 days 18:00:00,42,14.38,170.75,992.6,54.9
2026-07-27,7,2,2026-07-29 00:00:00,2 days 00:00:00,48,15.0,170.0,989.3,59.8
2026-07-27,7,2,2026-07-29 06:00:00,2 days 06:00:00,54,15.63,169.25,986.9,63.1
2026-07-27,7,2,2026-07-29 12:00:00,2 days 12:00:00,60,16.25,168.5,984.5,66.4
2026-07-27,7,2,2026-07-29 18:00:00,2 days 18:00:00,66,16.88,168.0,982.3,69.2
2026-07-27,7,2,2026-07-30 00:00:00,3 days 00:00:00,72,17.5,167.5,980.1,72.0
2026-07-27,7,2,2026-07-30 06:00:00,3 days 06:00:00,78,18.13,166.75,978.7,73.8
2026-07-27,7,2,2026-07-30 12:00:00,3 days 12:00:00,84,18.75,166.0,977.4,75.6
2026-07-27,7,2,2026-07-30 18:00:00,3 days 18:00:00,90,19.63,165.25,971.3,82.8
2026-07-27,7,2,2026-07-31 00:00:00,4 days 00:00:00,96,20.5,164.5,965.3,90.1
2026-07-27,7,2,2026-07-31 06:00:00,4 days 06:00:00,102,21.5,163.76,964.5,91.1
2026-07-27,7,2,2026-07-31 12:00:00,4 days 12:00:00,108,22.5,163.0,963.6,92.1
2026-07-27,7,2,2026-07-31 18:00:00,4 days 18:00:00,114,23.5,162.13,960.0,96.2
2026-07-27,7,2,2026-08-01 00:00:00,5 days 00:00:00,120,24.5,161.25,956.3,100.3
2026-07-27,7,2,2026-08-01 06:00:00,5 days 06:00:00,126,25.75,160.26,956.7,99.9
2026-07-27,7,2,2026-08-01 12:00:00,5 days 12:00:00,132,27.0,159.25,957.1,99.5
2026-07-27,7,2,2026-08-01 18:00:00,5 days 18:00:00,138,28.38,158.51,960.7,95.3
2026-07-27,7,2,2026-08-02 00:00:00,6 days 00:00:00,144,29.75,157.75,964.4,91.2
2026-07-27,7,2,2026-08-02 06:00:00,6 days 06:00:00,150,31.13,157.13,966.9,88.3
2026-07-27,7,2,2026-08-02 12:00:00,6 days 12:00:00,156,32.5,156.5,969.3,85.4
2026-07-27,7,2,2026-08-02 18:00:00,6 days 18:00:00,162,34.0,156.13,972.6,81.4
2026-07-27,7,2,2026-08-03 00:00:00,7 days 00:00:00,168,35.5,155.75,975.9,77.4
2026-07-27,7,2,2026-08-03 06:00:00,7 days 06:00:00,174,37.25,156.24,978.6,74.0
2026-07-27,7,2,2026-08-03 12:00:00,7 days 12:00:00,180,39.0,156.75,981.3,70.5
2026-07-27,7,2,2026-08-03 18:00:00,7 days 18:00:00,186,40.63,158.21,983.5,67.6
2026-07-27,7,2,2026-08-04 00:00:00,8 days 00:00:00,192,42.25,159.75,985.8,64.6
2026-07-27,7,2,2026-08-04 06:00:00,8 days 06:00:00,198,44.3,162.89,988.6,60.7
2026-07-27,7,2,2026-08-04 12:00:00,8 days 12:00:00,204,46.25,166.25,991.3,56.8
2026-07-27,7,2,2026-08-04 18:00:00,8 days 18:00:00,210,46.73,171.09,994.0,52.9
2026-07-27,7,2,2026-08-05 00:00:00,9 days 00:00:00,216,47.0,176.0,996.6,49.0
2026-07-27,8,2,2026-07-31 00:00:00,4 days 00:00:00,96,15.25,130.5,1004.2,36.5
2026-07-27,8,2,2026-07-31 06:00:00,4 days 06:00:00,102,15.88,129.88,1002.7,39.0
2026-07-27,8,2,2026-07-31 12:00:00,4 days 12:00:00,108,16.5,129.25,1001.3,41.6
2026-07-27,8,2,2026-07-31 18:00:00,4 days 18:00:00,114,16.75,128.75,1000.2,43.3
2026-07-27,8,2,2026-08-01 00:00:00,5 days 00:00:00,120,17.0,128.25,999.1,45.0
2026-07-27,8,2,2026-08-01 06:00:00,5 days 06:00:00,126,17.5,127.88,996.2,49.6
2026-07-27,8,2,2026-08-01 12:00:00,5 days 12:00:00,132,18.0,127.5,993.2,54.2
2026-07-27,8,2,2026-08-01 18:00:00,5 days 18:00:00,138,18.38,127.0,991.3,56.8
2026-07-27,8,2,2026-08-02 00:00:00,6 days 00:00:00,144,18.75,126.5,989.5,59.5
2026-07-27,8,2,2026-08-02 06:00:00,6 days 06:00:00,150,18.75,125.88,988.2,61.3
2026-07-27,8,2,2026-08-02 12:00:00,6 days 12:00:00,156,18.75,125.25,986.9,63.0
2026-07-27,8,2,2026-08-02 18:00:00,6 days 18:00:00,162,18.63,124.87,985.5,64.9
2026-07-27,8,2,2026-08-03 00:00:00,7 days 00:00:00,168,18.5,124.5,984.2,66.8
2026-07-27,8,2,2026-08-03 06:00:00,7 days 06:00:00,174,18.38,123.75,981.6,70.1
2026-07-27,8,2,2026-08-03 12:00:00,7 days 12:00:00,180,18.25,123.0,979.0,73.5
2026-07-27,8,2,2026-08-03 18:00:00,7 days 18:00:00,186,18.38,122.5,983.9,66.9
2026-07-27,8,2,2026-08-04 00:00:00,8 days 00:00:00,192,18.5,122.0,988.9,60.3
2026-07-27,8,2,2026-08-04 06:00:00,8 days 06:00:00,198,18.38,121.25,989.5,59.4
2026-07-27,8,2,2026-08-04 12:00:00,8 days 12:00:00,204,18.25,120.5,990.2,58.5
2026-07-27,8,2,2026-08-04 18:00:00,8 days 18:00:00,210,17.88,120.12,990.5,58.0
2026-07-27,8,2,2026-08-05 00:00:00,9 days 00:00:00,216,17.5,119.75,990.8,57.6
2026-07-27,8,2,2026-08-05 06:00:00,9 days 06:00:00,222,17.5,119.75,989.4,59.6
2026-07-27,8,2,2026-08-05 12:00:00,9 days 12:00:00,228,17.5,119.75,988.0,61.6
2026-07-27,8,2,2026-08-05 18:00:00,9 days 18:00:00,234,17.75,119.63,987.7,61.9
2026-07-27,8,2,2026-08-06 00:00:00,10 days 00:00:00,240,18.0,119.5,987.5,62.2
2026-07-27,8,2,2026-08-06 06:00:00,10 days 06:00:00,246,18.75,119.13,987.5,62.2
2026-07-27,8,2,2026-08-06 12:00:00,10 days 12:00:00,252,19.5,118.75,987.6,62.1
2026-07-27,8,2,2026-08-06 18:00:00,10 days 18:00:00,258,19.88,118.25,987.4,62.4
2026-07-27,8,2,2026-08-07 00:00:00,11 days 00:00:00,264,20.25,117.75,987.2,62.6
2026-07-27,8,2,2026-08-07 06:00:00,11 days 06:00:00,270,20.75,117.0,984.7,65.9
2026-07-27,8,2,2026-08-07 12:00:00,11 days 12:00:00,276,21.25,116.25,982.2,69.3
2026-07-27,8,2,2026-08-07 18:00:00,11 days 18:00:00,282,21.88,115.63,981.1,70.8
2026-07-27,8,2,2026-08-08 00:00:00,12 days 00:00:00,288,22.5,115.0,979.9,72.3
2026-07-27,8,2,2026-08-08 06:00:00,12 days 06:00:00,294,23.0,114.25,984.5,66.2
2026-07-27,8,2,2026-08-08 12:00:00,12 days 12:00:00,300,23.5,113.5,989.0,60.1
2026-07-27,8,2,2026-08-08 18:00:00,12 days 18:00:00,306,23.75,112.75,992.6,54.9
2026-07-27,8,2,2026-08-09 00:00:00,13 days 00:00:00,312,24.0,112.0,996.2,49.6
2026-07-27,8,2,2026-08-09 06:00:00,13 days 06:00:00,318,25.25,111.88,997.5,47.6
2026-07-27,8,2,2026-08-09 12:00:00,13 days 12:00:00,324,26.5,111.76,998.7,45.6
2026-07-27,8,2,2026-08-09 18:00:00,13 days 18:00:00,330,27.75,111.63,1000.0,43.6
2026-07-27,8,2,2026-08-10 00:00:00,14 days 00:00:00,336,29.0,111.5,1001.2,41.7
2026-07-27,9,2,2026-08-04 12:00:00,8 days 12:00:00,204,32.0,62.25,993.1,54.3
2026-07-27,9,2,2026-08-04 18:00:00,8 days 18:00:00,210,32.38,62.5,995.0,51.4
2026-07-27,9,2,2026-08-05 00:00:00,9 days 00:00:00,216,32.75,62.75,996.9,48.6
2026-07-27,9,2,2026-08-05 06:00:00,9 days 06:00:00,222,32.38,62.5,994.8,51.7
2026-07-27,9,2,2026-08-05 12:00:00,9 days 12:00:00,228,32.0,62.25,992.7,54.9
2026-07-27,9,2,2026-08-05 18:00:00,9 days 18:00:00,234,32.0,62.31,992.3,55.5
2026-07-27,9,2,2026-08-06 00:00:00,10 days 00:00:00,240,32.0,62.38,991.9,56.0
2026-07-27,9,2,2026-08-06 06:00:00,10 days 06:00:00,246,32.0,62.44,991.5,56.6
2026-07-27,9,2,2026-08-06 12:00:00,10 days 12:00:00,252,32.0,62.5,991.1,57.2
2026-07-27,9,2,2026-08-06 18:00:00,10 days 18:00:00,258,32.0,62.75,992.9,54.6
2026-07-27,9,2,2026-08-07 00:00:00,11 days 00:00:00,264,32.0,63.0,994.7,51.9
2026-07-27,9,2,2026-08-07 06:00:00,11 days 06:00:00,270,31.88,62.5,993.3,53.9
2026-07-27,9,2,2026-08-07 12:00:00,11 days 12:00:00,276,31.75,62.0,992.0,55.9
2026-07-27,9,2,2026-08-07 18:00:00,11 days 18:00:00,282,31.75,62.12,992.9,54.6
2026-07-27,9,2,2026-08-08 00:00:00,12 days 00:00:00,288,31.75,62.25,993.8,53.2
2026-07-27,9,2,2026-08-08 06:00:00,12 days 06:00:00,294,31.75,62.19,994.0,52.9
2026-07-27,9,2,2026-08-08 12:00:00,12 days 12:00:00,300,31.75,62.12,994.2,52.7
2026-07-27,9,2,2026-08-08 18:00:00,12 days 18:00:00,306,31.75,62.06,994.4,52.4
2026-07-27,9,2,2026-08-09 00:00:00,13 days 00:00:00,312,31.75,62.0,994.6,52.1
2026-07-27,9,2,2026-08-09 06:00:00,13 days 06:00:00,318,31.5,62.13,993.2,54.0
2026-07-27,9,2,2026-08-09 12:00:00,13 days 12:00:00,324,31.25,62.25,991.9,56.0
2026-07-27,9,2,2026-08-09 18:00:00,13 days 18:00:00,330,31.38,62.5,993.1,54.2
2026-07-27,9,2,2026-08-10 00:00:00,14 days 00:00:00,336,31.5,62.75,994.3,52.5
2026-07-27,9,2,2026-08-10 06:00:00,14 days 06:00:00,342,32.12,62.75,992.4,55.2
2026-07-27,9,2,2026-08-10 12:00:00,14 days 12:00:00,348,32.75,62.75,990.5,58.0
2026-07-27,9,2,2026-08-10 18:00:00,14 days 18:00:00,354,32.25,63.0,992.4,55.3
2026-07-27,9,2,2026-08-11 00:00:00,15 days 00:00:00,360,31.75,63.25,994.2,52.6
2026-07-27,1,20,2026-07-27 00:00:00,0 days 00:00:00,0,20.0,-143.0,995.2,51.2
2026-07-27,1,20,2026-07-27 06:00:00,0 days 06:00:00,6,20.25,-144.25,995.1,51.4
2026-07-27,1,20,2026-07-27 12:00:00,0 days 12:00:00,12,20.5,-145.5,995.0,51.5
2026-07-27,1,20,2026-07-27 18:00:00,0 days 18:00:00,18,20.88,-146.75,996.8,48.7
2026-07-27,1,20,2026-07-28 00:00:00,1 days 00:00:00,24,21.25,-148.0,998.6,45.9
2026-07-27,1,20,2026-07-28 06:00:00,1 days 06:00:00,30,21.51,-149.5,1001.8,40.5
2026-07-27,1,20,2026-07-28 12:00:00,1 days 12:00:00,36,21.75,-151.0,1005.0,35.2
2026-07-27,1,20,2026-07-28 18:00:00,1 days 18:00:00,42,21.88,-151.87,1006.5,32.4
2026-07-27,1,20,2026-07-29 00:00:00,2 days 00:00:00,48,22.0,-152.75,1008.0,29.6
2026-07-27,5,20,2026-07-27 00:00:00,0 days 00:00:00,0,14.5,-110.75,972.9,81.1
2026-07-27,5,20,2026-07-27 06:00:00,0 days 06:00:00,6,15.13,-111.62,977.2,75.7
2026-07-27,5,20,2026-07-27 12:00:00,0 days 12:00:00,12,15.75,-112.5,981.5,70.2
2026-07-27,5,20,2026-07-27 18:00:00,0 days 18:00:00,18,16.38,-113.25,980.2,72.0
2026-07-27,5,20,2026-07-28 00:00:00,1 days 00:00:00,24,17.0,-114.0,978.8,73.7
2026-07-27,5,20,2026-07-28 06:00:00,1 days 06:00:00,30,17.38,-114.62,977.2,75.7
2026-07-27,5,20,2026-07-28 12:00:00,1 days 12:00:00,36,17.75,-115.25,975.7,77.7
2026-07-27,5,20,2026-07-28 18:00:00,1 days 18:00:00,42,17.88,-116.12,977.9,74.8
2026-07-27,5,20,2026-07-29 00:00:00,2 days 00:00:00,48,18.0,-117.0,980.2,72.0
2026-07-27,5,20,2026-07-29 06:00:00,2 days 06:00:00,54,18.13,-117.62,981.5,70.3
2026-07-27,5,20,2026-07-29 12:00:00,2 days 12:00:00,60,18.25,-118.25,982.8,68.5
2026-07-27,5,20,2026-07-29 18:00:00,2 days 18:00:00,66,18.5,-119.12,981.6,70.1
2026-07-27,5,20,2026-07-30 00:00:00,3 days 00:00:00,72,18.75,-120.0,980.4,71.8
2026-07-27,5,20,2026-07-30 06:00:00,3 days 06:00:00,78,19.13,-120.87,982.0,69.6
2026-07-27,5,20,2026-07-30 12:00:00,3 days 12:00:00,84,19.5,-121.75,983.7,67.4
2026-07-27,5,20,2026-07-30 18:00:00,3 days 18:00:00,90,19.75,-123.0,986.5,63.5
2026-07-27,5,20,2026-07-31 00:00:00,4 days 00:00:00,96,20.0,-124.25,989.4,59.6
2026-07-27,5,20,2026-07-31 06:00:00,4 days 06:00:00,102,20.26,-125.75,992.2,55.6
2026-07-27,5,20,2026-07-31 12:00:00,4 days 12:00:00,108,20.5,-127.25,994.9,51.5
2026-07-27,5,20,2026-07-31 18:00:00,4 days 18:00:00,114,20.5,-128.5,997.7,47.3
2026-07-27,5,20,2026-08-01 00:00:00,5 days 00:00:00,120,20.5,-129.75,1000.4,43.0
2026-07-27,5,20,2026-08-01 06:00:00,5 days 06:00:00,126,20.63,-131.5,1001.3,41.5
2026-07-27,5,20,2026-08-01 12:00:00,5 days 12:00:00,132,20.75,-133.25,1002.2,39.9
2026-07-27,5,20,2026-08-01 18:00:00,5 days 18:00:00,138,21.13,-134.62,1002.8,38.9
2026-07-27,5,20,2026-08-02 00:00:00,6 days 00:00:00,144,21.5,-136.0,1003.4,38.0
2026-07-27,6,20,2026-07-27 00:00:00,0 days 00:00:00,0,21.25,88.5,992.6,54.9
2026-07-27,6,20,2026-07-27 06:00:00,0 days 06:00:00,6,21.5,88.5,991.9,56.0
2026-07-27,6,20,2026-07-27 12:00:00,0 days 12:00:00,12,21.75,88.5,991.2,57.0
2026-07-27,6,20,2026-07-27 18:00:00,0 days 18:00:00,18,22.0,87.88,991.8,56.1
2026-07-27,6,20,2026-07-28 00:00:00,1 days 00:00:00,24,22.25,87.25,992.4,55.3
2026-07-27,6,20,2026-07-28 06:00:00,1 days 06:00:00,30,21.88,86.12,991.7,56.3
2026-07-27,6,20,2026-07-28 12:00:00,1 days 12:00:00,36,21.5,85.0,991.0,57.4
2026-07-27,6,20,2026-07-28 18:00:00,1 days 18:00:00,42,21.63,84.38,990.9,57.5
2026-07-27,6,20,2026-07-29 00:00:00,2 days 00:00:00,48,21.75,83.75,990.8,57.6
2026-07-27,6,20,2026-07-29 06:00:00,2 days 06:00:00,54,21.75,82.5,991.7,56.3
2026-07-27,6,20,2026-07-29 12:00:00,2 days 12:00:00,60,21.75,81.25,992.7,54.9
2026-07-27,6,20,2026-07-29 18:00:00,2 days 18:00:00,66,21.5,80.5,992.6,55.1
2026-07-27,6,20,2026-07-30 00:00:00,3 days 00:00:00,72,21.25,79.75,992.4,55.2
2026-07-27,6,20,2026-07-30 06:00:00,3 days 06:00:00,78,21.25,79.5,992.1,55.7
2026-07-27,6,20,2026-07-30 12:00:00,3 days 12:00:00,84,21.25,79.25,991.8,56.2
2026-07-27,6,20,2026-07-30 18:00:00,3 days 18:00:00,90,21.03,76.12,990.7,57.8
2026-07-27,6,20,2026-07-31 00:00:00,4 days 00:00:00,96,20.75,73.0,989.6,59.3
2026-07-27,6,20,2026-07-31 06:00:00,4 days 06:00:00,102,21.31,72.75,990.3,58.3
2026-07-27,6,20,2026-07-31 12:00:00,4 days 12:00:00,108,21.88,72.5,991.0,57.3
2026-07-27,6,20,2026-07-31 18:00:00,4 days 18:00:00,114,22.44,72.25,991.7,56.3
2026-07-27,6,20,2026-08-01 00:00:00,5 days 00:00:00,120,23.0,72.0,992.4,55.3
2026-07-27,6,20,2026-08-01 06:00:00,5 days 06:00:00,126,23.38,71.0,991.6,56.4
2026-07-27,6,20,2026-08-01 12:00:00,5 days 12:00:00,132,23.75,70.0,990.8,57.5
2026-07-27,7,20,2026-07-27 00:00:00,0 days 00:00:00,0,12.75,178.25,1002.3,39.9
2026-07-27,7,20,2026-07-27 06:00:00,0 days 06:00:00,6,13.0,177.0,1001.6,41.0
2026-07-27,7,20,2026-07-27 12:00:00,0 days 12:00:00,12,13.25,175.75,1001.0,42.0
2026-07-27,7,20,2026-07-27 18:00:00,0 days 18:00:00,18,13.38,174.38,999.3,44.8
2026-07-27,7,20,2026-07-28 00:00:00,1 days 00:00:00,24,13.5,173.0,997.6,47.5
2026-07-27,7,20,2026-07-28 06:00:00,1 days 06:00:00,30,13.5,172.12,995.8,50.2
2026-07-27,7,20,2026-07-28 12:00:00,1 days 12:00:00,36,13.5,171.25,994.1,52.8
2026-07-27,7,20,2026-07-28 18:00:00,1 days 18:00:00,42,13.88,170.5,992.3,55.5
2026-07-27,7,20,2026-07-29 00:00:00,2 days 00:00:00,48,14.25,169.75,990.4,58.1
2026-07-27,7,20,2026-07-29 06:00:00,2 days 06:00:00,54,15.0,169.13,988.9,60.3
2026-07-27,7,20,2026-07-29 12:00:00,2 days 12:00:00,60,15.75,168.5,987.3,62.5
2026-07-27,7,20,2026-07-29 18:00:00,2 days 18:00:00,66,16.38,167.75,985.7,64.7
2026-07-27,7,20,2026-07-30 00:00:00,3 days 00:00:00,72,17.0,167.0,984.1,66.9
2026-07-27,7,20,2026-07-30 06:00:00,3 days 06:00:00,78,17.63,166.13,979.7,72.5
2026-07-27,7,20,2026-07-30 12:00:00,3 days 12:00:00,84,18.25,165.25,975.3,78.2
2026-07-27,7,20,2026-07-30 18:00:00,3 days 18:00:00,90,18.75,164.5,971.4,82.8
2026-07-27,7,20,2026-07-31 00:00:00,4 days 00:00:00,96,19.25,163.75,967.6,87.5
2026-07-27,7,20,2026-07-31 06:00:00,4 days 06:00:00,102,19.88,163.0,963.5,92.2
2026-07-27,7,20,2026-07-31 12:00:00,4 days 12:00:00,108,20.5,162.25,959.4,96.9
2026-07-27,7,20,2026-07-31 18:00:00,4 days 18:00:00,114,21.25,161.13,959.3,97.0
2026-07-27,7,20,2026-08-01 00:00:00,5 days 00:00:00,120,22.0,160.0,959.2,97.1
2026-07-27,7,20,2026-08-01 06:00:00,5 days 06:00:00,126,22.75,159.01,957.8,98.7
2026-07-27,7,20,2026-08-01 12:00:00,5 days 12:00:00,132,23.5,158.0,956.4,100.2
2026-07-27,7,20,2026-08-01 18:00:00,5 days 18:00:00,138,24.38,157.01,956.3,100.4
2026-07-27,7,20,2026-08-02 00:00:00,6 days 00:00:00,144,25.25,156.0,956.1,100.5
2026-07-27,7,20,2026-08-02 06:00:00,6 days 06:00:00,150,26.13,154.76,959.1,97.2
2026-07-27,7,20,2026-08-02 12:00:00,6 days 12:00:00,156,27.0,153.5,962.0,93.9
2026-07-27,7,20,2026-08-02 18:00:00,6 days 18:00:00,162,28.0,152.51,963.0,92.8
2026-07-27,7,20,2026-08-03 00:00:00,7 days 00:00:00,168,29.0,151.5,964.0,91.7
2026-07-27,7,20,2026-08-03 06:00:00,7 days 06:00:00,174,29.76,150.26,967.2,87.9
2026-07-27,7,20,2026-08-03 12:00:00,7 days 12:00:00,180,30.5,149.0,970.4,84.2
2026-07-27,7,20,2026-08-03 18:00:00,7 days 18:00:00,186,31.0,148.13,974.0,79.7
2026-07-27,7,20,2026-08-04 00:00:00,8 days 00:00:00,192,31.5,147.25,977.7,75.2
2026-07-27,7,20,2026-08-04 06:00:00,8 days 06:00:00,198,32.01,146.01,978.4,74.3
2026-07-27,7,20,2026-08-04 12:00:00,8 days 12:00:00,204,32.5,144.75,979.1,73.4
2026-07-27,7,20,2026-08-04 18:00:00,8 days 18:00:00,210,33.01,143.63,979.9,72.4
2026-07-27,7,20,2026-08-05 00:00:00,9 days 00:00:00,216,33.5,142.5,980.6,71.4
2026-07-27,7,20,2026-08-05 06:00:00,9 days 06:00:00,222,33.76,141.13,979.6,72.8
2026-07-27,7,20,2026-08-05 12:00:00,9 days 12:00:00,228,34.0,139.75,978.5,74.1
2026-07-27,7,20,2026-08-05 18:00:00,9 days 18:00:00,234,35.63,138.77,985.2,65.0
2026-07-27,7,20,2026-08-06 00:00:00,10 days 00:00:00,240,37.25,137.75,991.9,56.0
2026-07-27,7,20,2026-08-06 06:00:00,10 days 06:00:00,246,37.39,135.63,995.2,51.1
2026-07-27,7,20,2026-08-06 12:00:00,10 days 12:00:00,252,37.5,133.5,998.4,46.2
2026-07-27,7,20,2026-08-06 18:00:00,10 days 18:00:00,258,37.5,132.88,999.2,44.9
2026-07-27,7,20,2026-08-07 00:00:00,11 days 00:00:00,264,37.5,132.25,1000.0,43.6
2026-07-27,7,20,2026-08-07 06:00:00,11 days 06:00:00,270,37.75,132.13,1000.2,43.3
2026-07-27,7,20,2026-08-07 12:00:00,11 days 12:00:00,276,38.0,132.0,1000.5,42.9
2026-07-27,7,20,2026-08-07 18:00:00,11 days 18:00:00,282,38.25,132.62,999.6,44.3
2026-07-27,7,20,2026-08-08 00:00:00,12 days 00:00:00,288,38.5,133.25,998.7,45.7
2026-07-27,7,20,2026-08-08 06:00:00,12 days 06:00:00,294,38.5,133.12,998.4,46.3
2026-07-27,7,20,2026-08-08 12:00:00,12 days 12:00:00,300,38.5,133.0,998.0,46.9
2026-07-27,7,20,2026-08-08 18:00:00,12 days 18:00:00,306,38.88,133.0,997.7,47.3
2026-07-27,7,20,2026-08-09 00:00:00,13 days 00:00:00,312,39.25,133.0,997.4,47.7
2026-07-27,8,20,2026-08-03 12:00:00,7 days 12:00:00,180,14.75,160.75,1001.4,41.4
2026-07-27,8,20,2026-08-03 18:00:00,7 days 18:00:00,186,14.88,160.38,1000.5,42.8
2026-07-27,8,20,2026-08-04 00:00:00,8 days 00:00:00,192,15.0,160.0,999.6,44.2
2026-07-27,8,20,2026-08-04 06:00:00,8 days 06:00:00,198,14.88,159.75,998.9,45.3
2026-07-27,8,20,2026-08-04 12:00:00,8 days 12:00:00,204,14.75,159.5,998.3,46.4
2026-07-27,8,20,2026-08-04 18:00:00,8 days 18:00:00,210,15.25,159.38,997.0,48.3
2026-07-27,8,20,2026-08-05 00:00:00,9 days 00:00:00,216,15.75,159.25,995.8,50.2
2026-07-27,8,20,2026-08-05 06:00:00,9 days 06:00:00,222,16.5,159.75,994.6,52.1
2026-07-27,8,20,2026-08-05 12:00:00,9 days 12:00:00,228,17.25,160.25,993.3,53.9
2026-07-27,8,20,2026-08-05 18:00:00,9 days 18:00:00,234,18.88,161.24,992.8,54.6
2026-07-27,8,20,2026-08-06 00:00:00,10 days 00:00:00,240,20.5,162.25,992.4,55.3
2026-07-27,8,20,2026-08-06 06:00:00,10 days 06:00:00,246,22.5,162.74,990.8,57.5
2026-07-27,8,20,2026-08-06 12:00:00,10 days 12:00:00,252,24.5,163.25,989.3,59.7
2026-07-27,8,20,2026-08-06 18:00:00,10 days 18:00:00,258,25.88,163.5,986.2,64.0
2026-07-27,8,20,2026-08-07 00:00:00,11 days 00:00:00,264,27.25,163.75,983.1,68.2
2026-07-27,8,20,2026-08-07 06:00:00,11 days 06:00:00,270,27.63,164.12,983.2,68.0
2026-07-27,8,20,2026-08-07 12:00:00,11 days 12:00:00,276,28.0,164.5,983.4,67.8
2026-07-27,8,20,2026-08-07 18:00:00,11 days 18:00:00,282,28.5,165.5,983.9,67.1
2026-07-27,8,20,2026-08-08 00:00:00,12 days 00:00:00,288,29.0,166.5,984.4,66.4
2026-07-27,8,20,2026-08-08 06:00:00,12 days 06:00:00,294,29.38,167.99,982.8,68.5
2026-07-27,8,20,2026-08-08 12:00:00,12 days 12:00:00,300,29.75,169.5,981.2,70.6
2026-07-27,8,20,2026-08-08 18:00:00,12 days 18:00:00,306,30.76,170.74,983.0,68.2
2026-07-27,8,20,2026-08-09 00:00:00,13 days 00:00:00,312,31.75,172.0,984.8,65.9
2026-07-27,8,20,2026-08-09 06:00:00,13 days 06:00:00,318,33.89,173.58,984.9,65.8
2026-07-27,8,20,2026-08-09 12:00:00,13 days 12:00:00,324,36.0,175.25,984.9,65.8
2026-07-27,8,20,2026-08-09 18:00:00,13 days 18:00:00,330,38.51,176.7,985.4,65.1
2026-07-27,8,20,2026-08-10 00:00:00,14 days 00:00:00,336,41.0,178.25,985.9,64.4
2026-07-27,8,20,2026-08-10 06:00:00,14 days 06:00:00,342,43.77,-179.48,988.3,61.0
2026-07-27,8,20,2026-08-10 12:00:00,14 days 12:00:00,348,46.5,-177.0,990.8,57.7
2026-07-27,8,20,2026-08-10 18:00:00,14 days 18:00:00,354,48.53,-174.36,991.3,56.8
2026-07-27,8,20,2026-08-11 00:00:00,15 days 00:00:00,360,50.5,-171.5,991.9,56.0
2026-07-27,9,20,2026-08-04 12:00:00,8 days 12:00:00,204,11.75,-132.25,1003.9,37.0
2026-07-27,9,20,2026-08-04 18:00:00,8 days 18:00:00,210,12.13,-133.12,1002.6,39.2
2026-07-27,9,20,2026-08-05 00:00:00,9 days 00:00:00,216,12.5,-134.0,1001.3,41.4
2026-07-27,9,20,2026-08-05 06:00:00,9 days 06:00:00,222,12.13,-135.88,1000.9,42.1
2026-07-27,9,20,2026-08-05 12:00:00,9 days 12:00:00,228,11.75,-137.75,1000.5,42.8
2026-07-27,9,20,2026-08-05 18:00:00,9 days 18:00:00,234,11.75,-138.5,999.5,44.5
2026-07-27,9,20,2026-08-06 00:00:00,10 days 00:00:00,240,11.75,-139.25,998.4,46.2
2026-07-27,9,20,2026-08-06 06:00:00,10 days 06:00:00,246,11.88,-140.37,997.2,48.0
2026-07-27,9,20,2026-08-06 12:00:00,10 days 12:00:00,252,12.0,-141.5,996.0,49.9
2026-07-27,9,20,2026-08-06 18:00:00,10 days 18:00:00,258,12.0,-142.88,995.2,51.2
2026-07-27,9,20,2026-08-07 00:00:00,11 days 00:00:00,264,12.0,-144.25,994.3,52.5
2026-07-27,9,20,2026-08-07 06:00:00,11 days 06:00:00,270,12.5,-145.5,993.0,54.4
2026-07-27,9,20,2026-08-07 12:00:00,11 days 12:00:00,276,13.0,-146.75,991.7,56.3
2026-07-27,9,20,2026-08-07 18:00:00,11 days 18:00:00,282,13.38,-148.12,990.6,57.9
2026-07-27,9,20,2026-08-08 00:00:00,12 days 00:00:00,288,13.75,-149.5,989.4,59.6
2026-07-27,9,20,2026-08-08 06:00:00,12 days 06:00:00,294,13.75,-150.75,988.6,60.7
2026-07-27,9,20,2026-08-08 12:00:00,12 days 12:00:00,300,13.75,-152.0,987.8,61.8
2026-07-27,9,20,2026-08-08 18:00:00,12 days 18:00:00,306,14.0,-153.12,985.0,65.5
2026-07-27,9,20,2026-08-09 00:00:00,13 days 00:00:00,312,14.25,-154.25,982.3,69.3
2026-07-27,9,20,2026-08-09 06:00:00,13 days 06:00:00,318,14.75,-155.12,980.5,71.6
2026-07-27,9,20,2026-08-09 12:00:00,13 days 12:00:00,324,15.25,-156.0,978.7,73.9
2026-07-27,9,20,2026-08-09 18:00:00,13 days 18:00:00,330,15.88,-156.87,975.5,77.9
2026-07-27,9,20,2026-08-10 00:00:00,14 days 00:00:00,336,16.5,-157.75,972.3,81.8
2026-07-27,9,20,2026-08-10 06:00:00,14 days 06:00:00,342,17.0,-158.5,973.0,81.0
2026-07-27,9,20,2026-08-10 12:00:00,14 days 12:00:00,348,17.5,-159.25,973.6,80.2
2026-07-27,9,20,2026-08-10 18:00:00,14 days 18:00:00,354,17.88,-159.87,976.9,76.1
2026-07-27,9,20,2026-08-11 00:00:00,15 days 00:00:00,360,18.25,-160.5,980.2,72.0
2026-07-27,1,21,2026-07-27 00:00:00,0 days 00:00:00,0,20.0,-143.0,995.2,51.2
2026-07-27,1,21,2026-07-27 06:00:00,0 days 06:00:00,6,20.38,-144.37,997.7,47.3
2026-07-27,1,21,2026-07-27 12:00:00,0 days 12:00:00,12,20.75,-145.75,1000.2,43.4
2026-07-27,1,21,2026-07-27 18:00:00,0 days 18:00:00,18,21.13,-147.0,1002.3,39.8
2026-07-27,1,21,2026-07-28 00:00:00,1 days 00:00:00,24,21.5,-148.25,1004.4,36.1
2026-07-27,10,21,2026-08-05 12:00:00,9 days 12:00:00,228,17.25,159.5,996.5,49.2
2026-07-27,10,21,2026-08-05 18:00:00,9 days 18:00:00,234,18.25,159.5,993.5,53.7
2026-07-27,10,21,2026-08-06 00:00:00,10 days 00:00:00,240,19.25,159.5,990.5,58.1
2026-07-27,10,21,2026-08-06 06:00:00,10 days 06:00:00,246,20.13,159.87,990.2,58.5
2026-07-27,10,21,2026-08-06 12:00:00,10 days 12:00:00,252,21.0,160.25,989.9,58.9
2026-07-27,10,21,2026-08-06 18:00:00,10 days 18:00:00,258,21.88,160.37,987.9,61.7
2026-07-27,10,21,2026-08-07 00:00:00,11 days 00:00:00,264,22.75,160.5,985.8,64.5
2026-07-27,10,21,2026-08-07 06:00:00,11 days 06:00:00,270,23.88,161.12,985.8,64.5
2026-07-27,10,21,2026-08-07 12:00:00,11 days 12:00:00,276,25.0,161.75,985.9,64.4
2026-07-27,10,21,2026-08-07 18:00:00,11 days 18:00:00,282,26.25,162.0,984.7,66.0
2026-07-27,10,21,2026-08-08 00:00:00,12 days 00:00:00,288,27.5,162.25,983.6,67.5
2026-07-27,10,21,2026-08-08 06:00:00,12 days 06:00:00,294,28.63,162.5,982.0,69.5
2026-07-27,10,21,2026-08-08 12:00:00,12 days 12:00:00,300,29.75,162.75,980.5,71.5
2026-07-27,10,21,2026-08-08 18:00:00,12 days 18:00:00,306,31.38,161.89,982.6,68.8
2026-07-27,10,21,2026-08-09 00:00:00,13 days 00:00:00,312,33.0,161.0,984.7,66.1
2026-07-27,10,21,2026-08-09 06:00:00,13 days 06:00:00,318,29.76,159.71,979.4,72.8
2026-07-27,10,21,2026-08-09 12:00:00,13 days 12:00:00,324,26.5,158.5,974.2,79.5
2026-07-27,5,21,2026-07-27 00:00:00,0 days 00:00:00,0,14.5,-110.75,972.9,81.1
2026-07-27,5,21,2026-07-27 06:00:00,0 days 06:00:00,6,15.25,-111.62,976.5,76.6
2026-07-27,5,21,2026-07-27 12:00:00,0 days 12:00:00,12,16.0,-112.5,980.1,72.1
2026-07-27,5,21,2026-07-27 18:00:00,0 days 18:00:00,18,16.38,-113.37,978.1,74.7
2026-07-27,5,21,2026-07-28 00:00:00,1 days 00:00:00,24,16.75,-114.25,976.1,77.2
2026-07-27,5,21,2026-07-28 06:00:00,1 days 06:00:00,30,17.13,-114.75,978.2,74.4
2026-07-27,5,21,2026-07-28 12:00:00,1 days 12:00:00,36,17.5,-115.25,980.4,71.7
2026-07-27,5,21,2026-07-28 18:00:00,1 days 18:00:00,42,17.5,-115.75,979.8,72.5
2026-07-27,5,21,2026-07-29 00:00:00,2 days 00:00:00,48,17.5,-116.25,979.2,73.2
2026-07-27,5,21,2026-07-29 06:00:00,2 days 06:00:00,54,17.63,-117.12,979.8,72.5
2026-07-27,5,21,2026-07-29 12:00:00,2 days 12:00:00,60,17.75,-118.0,980.3,71.8
2026-07-27,5,21,2026-07-29 18:00:00,2 days 18:00:00,66,18.0,-118.75,983.1,68.1
2026-07-27,5,21,2026-07-30 00:00:00,3 days 00:00:00,72,18.25,-119.5,985.9,64.4
2026-07-27,5,21,2026-07-30 06:00:00,3 days 06:00:00,78,18.63,-120.37,986.4,63.7
2026-07-27,5,21,2026-07-30 12:00:00,3 days 12:00:00,84,19.0,-121.25,986.9,63.1
2026-07-27,5,21,2026-07-30 18:00:00,3 days 18:00:00,90,19.5,-122.37,988.3,61.1
2026-07-27,5,21,2026-07-31 00:00:00,4 days 00:00:00,96,20.0,-123.5,989.7,59.1
2026-07-27,5,21,2026-07-31 06:00:00,4 days 06:00:00,102,20.26,-124.87,991.2,57.0
2026-07-27,5,21,2026-07-31 12:00:00,4 days 12:00:00,108,20.5,-126.25,992.6,55.0
2026-07-27,5,21,2026-07-31 18:00:00,4 days 18:00:00,114,20.75,-127.5,993.5,53.7
2026-07-27,5,21,2026-08-01 00:00:00,5 days 00:00:00,120,21.0,-128.75,994.3,52.4
2026-07-27,5,21,2026-08-01 06:00:00,5 days 06:00:00,126,21.38,-130.37,996.0,49.9
2026-07-27,5,21,2026-08-01 12:00:00,5 days 12:00:00,132,21.75,-132.0,997.7,47.3
2026-07-27,5,21,2026-08-01 18:00:00,5 days 18:00:00,138,22.26,-133.62,999.5,44.4
2026-07-27,5,21,2026-08-02 00:00:00,6 days 00:00:00,144,22.75,-135.25,1001.3,41.5
2026-07-27,5,21,2026-08-02 06:00:00,6 days 06:00:00,150,23.14,-137.12,1003.4,37.9
2026-07-27,5,21,2026-08-02 12:00:00,6 days 12:00:00,156,23.5,-139.0,1005.5,34.3
2026-07-27,5,21,2026-08-02 18:00:00,6 days 18:00:00,162,23.76,-140.25,1006.4,32.6
2026-07-27,5,21,2026-08-03 00:00:00,7 days 00:00:00,168,24.0,-141.5,1007.2,31.0
2026-07-27,5,21,2026-08-03 06:00:00,7 days 06:00:00,174,24.25,-142.62,1007.2,31.1
2026-07-27,5,21,2026-08-03 12:00:00,7 days 12:00:00,180,24.5,-143.75,1007.1,31.2
2026-07-27,6,21,2026-07-27 00:00:00,0 days 00:00:00,0,21.25,88.5,992.6,54.9
2026-07-27,6,21,2026-07-27 06:00:00,0 days 06:00:00,6,21.38,88.25,992.1,55.7
2026-07-27,6,21,2026-07-27 12:00:00,0 days 12:00:00,12,21.5,88.0,991.6,56.4
2026-07-27,6,21,2026-07-27 18:00:00,0 days 18:00:00,18,21.75,87.75,992.0,55.8
2026-07-27,6,21,2026-07-28 00:00:00,1 days 00:00:00,24,22.0,87.5,992.5,55.2
2026-07-27,6,21,2026-07-28 06:00:00,1 days 06:00:00,30,22.13,86.88,992.0,55.8
2026-07-27,6,21,2026-07-28 12:00:00,1 days 12:00:00,36,22.25,86.25,991.6,56.5
2026-07-27,6,21,2026-07-28 18:00:00,1 days 18:00:00,42,22.5,86.13,992.0,55.8
2026-07-27,6,21,2026-07-29 00:00:00,2 days 00:00:00,48,22.75,86.0,992.5,55.2
2026-07-27,6,21,2026-07-29 06:00:00,2 days 06:00:00,54,22.5,85.12,992.1,55.7
2026-07-27,6,21,2026-07-29 12:00:00,2 days 12:00:00,60,22.25,84.25,991.7,56.3
2026-07-27,6,21,2026-07-29 18:00:00,2 days 18:00:00,66,22.14,82.25,990.7,57.7
2026-07-27,6,21,2026-07-30 00:00:00,3 days 00:00:00,72,22.0,80.25,989.7,59.2
2026-07-27,6,21,2026-07-30 06:00:00,3 days 06:00:00,78,22.5,79.88,990.5,58.0
2026-07-27,6,21,2026-07-30 12:00:00,3 days 12:00:00,84,23.0,79.5,991.3,56.9
2026-07-27,6,21,2026-07-30 18:00:00,3 days 18:00:00,90,22.63,78.0,991.2,57.1
2026-07-27,6,21,2026-07-31 00:00:00,4 days 00:00:00,96,22.25,76.5,991.1,57.2
2026-07-27,6,21,2026-07-31 06:00:00,4 days 06:00:00,102,22.26,75.44,991.0,57.3
2026-07-27,6,21,2026-07-31 12:00:00,4 days 12:00:00,108,22.26,74.37,991.0,57.3
2026-07-27,6,21,2026-07-31 18:00:00,4 days 18:00:00,114,22.26,73.31,990.9,57.4
2026-07-27,6,21,2026-08-01 00:00:00,5 days 00:00:00,120,22.25,72.25,990.9,57.5
2026-07-27,6,21,2026-08-01 06:00:00,5 days 06:00:00,126,23.5,71.26,991.0,57.4
2026-07-27,6,21,2026-08-01 12:00:00,5 days 12:00:00,132,24.75,70.25,991.0,57.3
2026-07-27,6,21,2026-08-01 18:00:00,5 days 18:00:00,138,24.38,69.5,992.9,54.5
2026-07-27,6,21,2026-08-02 00:00:00,6 days 00:00:00,144,24.0,68.75,994.9,51.6
2026-07-27,7,21,2026-07-27 00:00:00,0 days 00:00:00,0,12.75,178.25,1002.3,39.9
2026-07-27,7,21,2026-07-27 06:00:00,0 days 06:00:00,6,13.0,176.75,1003.0,38.6
2026-07-27,7,21,2026-07-27 12:00:00,0 days 12:00:00,12,13.25,175.25,1003.7,37.4
2026-07-27,7,21,2026-07-27 18:00:00,0 days 18:00:00,18,13.13,174.0,1001.1,41.7
2026-07-27,7,21,2026-07-28 00:00:00,1 days 00:00:00,24,13.0,172.75,998.5,46.0
2026-07-27,7,21,2026-07-28 06:00:00,1 days 06:00:00,30,13.25,171.63,997.3,47.8
2026-07-27,7,21,2026-07-28 12:00:00,1 days 12:00:00,36,13.5,170.5,996.2,49.7
2026-07-27,7,21,2026-07-28 18:00:00,1 days 18:00:00,42,14.0,169.5,992.3,55.2
2026-07-27,7,21,2026-07-29 00:00:00,2 days 00:00:00,48,14.5,168.5,988.5,60.8
2026-07-27,7,21,2026-07-29 06:00:00,2 days 06:00:00,54,14.75,167.63,986.2,63.9
2026-07-27,7,21,2026-07-29 12:00:00,2 days 12:00:00,60,15.0,166.75,984.0,67.0
2026-07-27,7,21,2026-07-29 18:00:00,2 days 18:00:00,66,15.5,166.0,983.4,67.8
2026-07-27,7,21,2026-07-30 00:00:00,3 days 00:00:00,72,16.0,165.25,982.8,68.5
2026-07-27,7,21,2026-07-30 06:00:00,3 days 06:00:00,78,16.63,164.25,979.9,72.3
2026-07-27,7,21,2026-07-30 12:00:00,3 days 12:00:00,84,17.25,163.25,976.9,76.1
2026-07-27,7,21,2026-07-30 18:00:00,3 days 18:00:00,90,17.5,162.38,975.2,78.3
2026-07-27,7,21,2026-07-31 00:00:00,4 days 00:00:00,96,17.75,161.5,973.4,80.5
2026-07-27,7,21,2026-07-31 06:00:00,4 days 06:00:00,102,18.5,160.5,971.6,82.7
2026-07-27,7,21,2026-07-31 12:00:00,4 days 12:00:00,108,19.25,159.5,969.8,84.9
2026-07-27,7,21,2026-07-31 18:00:00,4 days 18:00:00,114,20.0,158.75,967.5,87.5
2026-07-27,7,21,2026-08-01 00:00:00,5 days 00:00:00,120,20.75,158.0,965.3,90.2
2026-07-27,7,21,2026-08-01 06:00:00,5 days 06:00:00,126,21.5,156.88,965.7,89.6
2026-07-27,7,21,2026-08-01 12:00:00,5 days 12:00:00,132,22.25,155.75,966.2,89.1
2026-07-27,7,21,2026-08-01 18:00:00,5 days 18:00:00,138,23.0,154.76,965.7,89.7
2026-07-27,7,21,2026-08-02 00:00:00,6 days 00:00:00,144,23.75,153.75,965.2,90.3
2026-07-27,7,21,2026-08-02 06:00:00,6 days 06:00:00,150,24.5,152.63,966.1,89.2
2026-07-27,7,21,2026-08-02 12:00:00,6 days 12:00:00,156,25.25,151.5,967.1,88.0
2026-07-27,7,21,2026-08-02 18:00:00,6 days 18:00:00,162,25.63,150.25,967.8,87.2
2026-07-27,7,21,2026-08-03 00:00:00,7 days 00:00:00,168,26.0,149.0,968.6,86.3
2026-07-27,7,21,2026-08-03 06:00:00,7 days 06:00:00,174,26.38,147.75,967.4,87.7
2026-07-27,7,21,2026-08-03 12:00:00,7 days 12:00:00,180,26.75,146.5,966.3,89.0
2026-07-27,7,21,2026-08-03 18:00:00,7 days 18:00:00,186,27.01,145.13,967.7,87.4
2026-07-27,7,21,2026-08-04 00:00:00,8 days 00:00:00,192,27.25,143.75,969.1,85.7
2026-07-27,7,21,2026-08-04 06:00:00,8 days 06:00:00,198,27.26,142.13,967.1,88.1
2026-07-27,7,21,2026-08-04 12:00:00,8 days 12:00:00,204,27.25,140.5,965.1,90.4
2026-07-27,7,21,2026-08-04 18:00:00,8 days 18:00:00,210,27.51,138.88,965.9,89.4
2026-07-27,7,21,2026-08-05 00:00:00,9 days 00:00:00,216,27.75,137.25,966.8,88.4
2026-07-27,7,21,2026-08-05 06:00:00,9 days 06:00:00,222,27.64,135.25,963.6,92.1
2026-07-27,7,21,2026-08-05 12:00:00,9 days 12:00:00,228,27.5,133.25,960.4,95.7
2026-07-27,7,21,2026-08-05 18:00:00,9 days 18:00:00,234,27.51,131.62,960.7,95.4
2026-07-27,7,21,2026-08-06 00:00:00,10 days 00:00:00,240,27.5,130.0,961.0,95.1
2026-07-27,7,21,2026-08-06 06:00:00,10 days 06:00:00,246,27.51,128.62,958.8,97.5
2026-07-27,7,21,2026-08-06 12:00:00,10 days 12:00:00,252,27.5,127.25,956.7,100.0
2026-07-27,7,21,2026-08-06 18:00:00,10 days 18:00:00,258,27.5,126.13,955.4,101.3
2026-07-27,7,21,2026-08-07 00:00:00,11 days 00:00:00,264,27.5,125.0,954.2,102.6
2026-07-27,7,21,2026-08-07 06:00:00,11 days 06:00:00,270,27.5,123.88,955.4,101.3
2026-07-27,7,21,2026-08-07 12:00:00,11 days 12:00:00,276,27.5,122.75,956.6,100.0
2026-07-27,7,21,2026-08-07 18:00:00,11 days 18:00:00,282,28.01,121.38,967.5,87.2
2026-07-27,7,21,2026-08-08 00:00:00,12 days 00:00:00,288,28.5,120.0,978.3,74.3
2026-07-27,7,21,2026-08-08 06:00:00,12 days 06:00:00,294,28.51,118.37,984.4,66.2
2026-07-27,7,21,2026-08-08 12:00:00,12 days 12:00:00,300,28.5,116.75,990.5,58.0
2026-07-27,7,21,2026-08-08 18:00:00,12 days 18:00:00,306,28.38,116.25,993.1,54.3
2026-07-27,7,21,2026-08-09 00:00:00,13 days 00:00:00,312,28.25,115.75,995.6,50.5
2026-07-27,7,21,2026-08-09 06:00:00,13 days 06:00:00,318,28.25,115.25,996.6,49.0
2026-07-27,7,21,2026-08-09 12:00:00,13 days 12:00:00,324,28.25,114.75,997.6,47.4
2026-07-27,7,21,2026-08-09 18:00:00,13 days 18:00:00,330,28.63,113.88,998.0,46.9
2026-07-27,7,21,2026-08-10 00:00:00,14 days 00:00:00,336,29.0,113.0,998.3,46.3
2026-07-27,7,21,2026-08-10 06:00:00,14 days 06:00:00,342,29.13,112.88,998.9,45.4
2026-07-27,7,21,2026-08-10 12:00:00,14 days 12:00:00,348,29.25,112.75,999.5,44.5
2026-07-27,7,21,2026-08-10 18:00:00,14 days 18:00:00,354,29.38,113.12,1000.3,43.1
2026-07-27,7,21,2026-08-11 00:00:00,15 days 00:00:00,360,29.5,113.5,1001.2,41.7
2026-07-27,8,21,2026-08-04 12:00:00,8 days 12:00:00,204,15.0,158.25,1000.6,42.7
2026-07-27,8,21,2026-08-04 18:00:00,8 days 18:00:00,210,16.52,155.4,999.6,44.2
2026-07-27,8,21,2026-08-05 00:00:00,9 days 00:00:00,216,18.0,152.5,998.7,45.7
2026-07-27,8,21,2026-08-05 06:00:00,9 days 06:00:00,222,17.5,151.75,998.3,46.3
2026-07-27,8,21,2026-08-05 12:00:00,9 days 12:00:00,228,17.0,151.0,997.9,46.9
2026-07-27,8,21,2026-08-05 18:00:00,9 days 18:00:00,234,16.88,150.62,996.3,49.4
2026-07-27,8,21,2026-08-06 00:00:00,10 days 00:00:00,240,16.75,150.25,994.6,52.0
2026-07-27,8,21,2026-08-06 06:00:00,10 days 06:00:00,246,16.88,150.37,993.3,54.0
2026-07-27,8,21,2026-08-06 12:00:00,10 days 12:00:00,252,17.0,150.5,991.9,56.0
2026-07-27,8,21,2026-08-06 18:00:00,10 days 18:00:00,258,17.0,150.37,988.2,61.1
2026-07-27,8,21,2026-08-07 00:00:00,11 days 00:00:00,264,17.0,150.25,984.5,66.2
2026-07-27,8,21,2026-08-07 06:00:00,11 days 06:00:00,270,17.5,150.62,984.2,66.7
2026-07-27,8,21,2026-08-07 12:00:00,11 days 12:00:00,276,18.0,151.0,983.9,67.2
2026-07-27,8,21,2026-08-07 18:00:00,11 days 18:00:00,282,19.0,151.5,979.1,73.2
2026-07-27,8,21,2026-08-08 00:00:00,12 days 00:00:00,288,20.0,152.0,974.4,79.2
2026-07-27,8,21,2026-08-08 06:00:00,12 days 06:00:00,294,21.0,152.62,969.8,84.8
2026-07-27,8,21,2026-08-08 12:00:00,12 days 12:00:00,300,22.0,153.25,965.1,90.4
2026-07-27,8,21,2026-08-08 18:00:00,12 days 18:00:00,306,23.0,154.49,968.5,86.3
2026-07-27,8,21,2026-08-09 00:00:00,13 days 00:00:00,312,24.0,155.75,972.0,82.2
2026-07-27,8,21,2026-08-09 06:00:00,13 days 06:00:00,318,25.26,157.11,973.1,80.9
2026-07-27,8,21,2026-08-09 12:00:00,13 days 12:00:00,324,26.5,158.5,974.2,79.5
2026-07-27,8,21,2026-08-09 18:00:00,13 days 18:00:00,330,27.88,160.1,979.3,73.0
2026-07-27,8,21,2026-08-10 00:00:00,14 days 00:00:00,336,29.25,161.75,984.4,66.5
2026-07-27,8,21,2026-08-10 06:00:00,14 days 06:00:00,342,31.0,161.87,985.0,65.6
2026-07-27,8,21,2026-08-10 12:00:00,14 days 12:00:00,348,32.75,162.0,985.6,64.8
2026-07-27,8,21,2026-08-10 18:00:00,14 days 18:00:00,354,35.63,161.04,985.2,65.4
2026-07-27,8,21,2026-08-11 00:00:00,15 days 00:00:00,360,38.5,160.0,984.7,66.0
2026-07-27,9,21,2026-08-05 12:00:00,9 days 12:00:00,228,12.75,-133.75,1002.3,39.8
2026-07-27,9,21,2026-08-05 18:00:00,9 days 18:00:00,234,12.88,-135.12,1001.7,40.8
2026-07-27,9,21,2026-08-06 00:00:00,10 days 00:00:00,240,13.0,-136.5,1001.2,41.7
2026-07-27,9,21,2026-08-06 06:00:00,10 days 06:00:00,246,12.88,-137.63,999.4,44.6
2026-07-27,9,21,2026-08-06 12:00:00,10 days 12:00:00,252,12.75,-138.75,997.6,47.5
2026-07-27,9,21,2026-08-06 18:00:00,10 days 18:00:00,258,12.75,-139.75,996.5,49.2
2026-07-27,9,21,2026-08-07 00:00:00,11 days 00:00:00,264,12.75,-140.75,995.3,51.0
2026-07-27,9,21,2026-08-07 06:00:00,11 days 06:00:00,270,12.88,-141.62,994.4,52.3
2026-07-27,9,21,2026-08-07 12:00:00,11 days 12:00:00,276,13.0,-142.5,993.6,53.6
2026-07-27,9,21,2026-08-07 18:00:00,11 days 18:00:00,282,13.13,-143.37,993.4,53.9
2026-07-27,9,21,2026-08-08 00:00:00,12 days 00:00:00,288,13.25,-144.25,993.1,54.2
2026-07-27,9,21,2026-08-08 06:00:00,12 days 06:00:00,294,13.63,-145.37,990.1,58.5
2026-07-27,9,21,2026-08-08 12:00:00,12 days 12:00:00,300,14.0,-146.5,987.0,62.9
2026-07-27,9,21,2026-08-08 18:00:00,12 days 18:00:00,306,14.13,-147.5,988.9,60.3
2026-07-27,9,21,2026-08-09 00:00:00,13 days 00:00:00,312,14.25,-148.5,990.8,57.7
2026-07-27,9,21,2026-08-09 06:00:00,13 days 06:00:00,318,14.5,-149.5,990.6,57.9
2026-07-27,9,21,2026-08-09 12:00:00,13 days 12:00:00,324,14.75,-150.5,990.4,58.2
2026-07-27,9,21,2026-08-09 18:00:00,13 days 18:00:00,330,15.0,-151.25,990.9,57.4
2026-07-27,9,21,2026-08-10 00:00:00,14 days 00:00:00,336,15.25,-152.0,991.5,56.6
2026-07-27,9,21,2026-08-10 06:00:00,14 days 06:00:00,342,15.38,-152.62,991.9,56.1
2026-07-27,9,21,2026-08-10 12:00:00,14 days 12:00:00,348,15.5,-153.25,992.3,55.5
2026-07-27,9,21,2026-08-10 18:00:00,14 days 18:00:00,354,15.5,-153.75,992.5,55.2
2026-07-27,9,21,2026-08-11 00:00:00,15 days 00:00:00,360,15.5,-154.25,992.7,54.9
2026-07-27,1,22,2026-07-27 00:00:00,0 days 00:00:00,0,20.0,-143.0,995.2,51.2
2026-07-27,1,22,2026-07-27 06:00:00,0 days 06:00:00,6,20.38,-144.37,996.5,49.1
2026-07-27,1,22,2026-07-27 12:00:00,0 days 12:00:00,12,20.75,-145.75,997.9,47.0
2026-07-27,1,22,2026-07-27 18:00:00,0 days 18:00:00,18,20.88,-147.25,1000.1,43.4
2026-07-27,1,22,2026-07-28 00:00:00,1 days 00:00:00,24,21.0,-148.75,1002.3,39.8
2026-07-27,1,22,2026-07-28 06:00:00,1 days 06:00:00,30,21.26,-150.12,1004.2,36.4
2026-07-27,1,22,2026-07-28 12:00:00,1 days 12:00:00,36,21.5,-151.5,1006.1,33.1
2026-07-27,10,22,2026-08-07 00:00:00,11 days 00:00:00,264,-31.5,-121.5,993.6,53.6
2026-07-27,10,22,2026-08-07 06:00:00,11 days 06:00:00,270,-33.19,-120.74,989.4,59.2
2026-07-27,10,22,2026-08-07 12:00:00,11 days 12:00:00,276,-34.89,-119.94,985.3,64.8
2026-07-27,10,22,2026-08-07 18:00:00,11 days 18:00:00,282,-36.57,-119.11,981.2,70.4
2026-07-27,10,22,2026-08-08 00:00:00,12 days 00:00:00,288,-38.25,-118.25,977.0,76.0
2026-07-27,10,22,2026-08-08 06:00:00,12 days 06:00:00,294,-39.5,-118.25,976.0,77.3
2026-07-27,10,22,2026-08-08 12:00:00,12 days 12:00:00,300,-40.75,-118.25,975.0,78.6
2026-07-27,10,22,2026-08-08 18:00:00,12 days 18:00:00,306,-41.25,-118.5,976.2,77.0
2026-07-27,10,22,2026-08-09 00:00:00,13 days 00:00:00,312,-41.75,-118.75,977.5,75.4
2026-07-27,10,22,2026-08-09 06:00:00,13 days 06:00:00,318,-41.88,-117.75,980.6,71.3
2026-07-27,10,22,2026-08-09 12:00:00,13 days 12:00:00,324,-42.0,-116.75,983.8,67.3
2026-07-27,10,22,2026-08-09 18:00:00,13 days 18:00:00,330,-42.28,-114.26,985.8,64.6
2026-07-27,10,22,2026-08-10 00:00:00,14 days 00:00:00,336,-42.5,-111.75,987.7,61.9
2026-07-27,11,22,2026-08-07 12:00:00,11 days 12:00:00,276,37.75,-46.5,1016.5,9.2
2026-07-27,11,22,2026-08-07 18:00:00,11 days 18:00:00,282,37.64,-44.75,1015.5,12.2
2026-07-27,11,22,2026-08-08 00:00:00,12 days 00:00:00,288,37.5,-43.0,1014.5,15.1
2026-07-27,11,22,2026-08-08 06:00:00,12 days 06:00:00,294,37.64,-41.13,1012.3,20.2
2026-07-27,11,22,2026-08-08 12:00:00,12 days 12:00:00,300,37.75,-39.25,1010.1,25.3
2026-07-27,11,22,2026-08-08 18:00:00,12 days 18:00:00,306,38.33,-36.81,1009.3,26.9
2026-07-27,11,22,2026-08-09 00:00:00,13 days 00:00:00,312,38.86,-34.32,1008.5,28.4
2026-07-27,11,22,2026-08-09 06:00:00,13 days 06:00:00,318,39.33,-31.8,1007.7,29.9
2026-07-27,11,22,2026-08-09 12:00:00,13 days 12:00:00,324,39.75,-29.25,1007.0,31.5
2026-07-27,11,22,2026-08-09 18:00:00,13 days 18:00:00,330,41.16,-26.31,1007.7,30.1
2026-07-27,11,22,2026-08-10 00:00:00,14 days 00:00:00,336,42.5,-23.25,1008.4,28.8
2026-07-27,12,22,2026-08-08 00:00:00,12 days 00:00:00,288,20.75,158.25,1004.1,36.7
2026-07-27,12,22,2026-08-08 06:00:00,12 days 06:00:00,294,20.25,158.75,1003.4,38.0
2026-07-27,12,22,2026-08-08 12:00:00,12 days 12:00:00,300,19.75,159.25,1002.6,39.3
2026-07-27,12,22,2026-08-08 18:00:00,12 days 18:00:00,306,20.63,159.93,1002.2,40.1
2026-07-27,12,22,2026-08-09 00:00:00,13 days 00:00:00,312,21.51,160.61,1001.7,40.8
2026-07-27,12,22,2026-08-09 06:00:00,13 days 06:00:00,318,22.38,161.3,1001.3,41.5
2026-07-27,12,22,2026-08-09 12:00:00,13 days 12:00:00,324,23.25,162.0,1000.8,42.3
2026-07-27,12,22,2026-08-09 18:00:00,13 days 18:00:00,330,24.14,160.65,1000.5,42.8
2026-07-27,12,22,2026-08-10 00:00:00,14 days 00:00:00,336,25.03,159.29,1000.2,43.3
2026-07-27,12,22,2026-08-10 06:00:00,14 days 06:00:00,342,25.89,157.9,999.9,43.7
2026-07-27,12,22,2026-08-10 12:00:00,14 days 12:00:00,348,26.75,156.5,999.6,44.2
2026-07-27,12,22,2026-08-10 18:00:00,14 days 18:00:00,354,27.38,155.13,1000.0,43.6
2026-07-27,12,22,2026-08-11 00:00:00,15 days 00:00:00,360,28.0,153.75,1000.4,42.9
2026-07-27,5,22,2026-07-27 00:00:00,0 days 00:00:00,0,14.5,-110.75,972.9,81.1
2026-07-27,5,22,2026-07-27 06:00:00,0 days 06:00:00,6,15.25,-111.62,974.7,78.9
2026-07-27,5,22,2026-07-27 12:00:00,0 days 12:00:00,12,16.0,-112.5,976.5,76.6
2026-07-27,5,22,2026-07-27 18:00:00,0 days 18:00:00,18,16.5,-113.5,979.2,73.2
2026-07-27,5,22,2026-07-28 00:00:00,1 days 00:00:00,24,17.0,-114.5,981.9,69.8
2026-07-27,5,22,2026-07-28 06:00:00,1 days 06:00:00,30,17.13,-115.0,982.8,68.6
2026-07-27,5,22,2026-07-28 12:00:00,1 days 12:00:00,36,17.25,-115.5,983.6,67.4
2026-07-27,5,22,2026-07-28 18:00:00,1 days 18:00:00,42,17.5,-116.25,983.3,67.9
2026-07-27,5,22,2026-07-29 00:00:00,2 days 00:00:00,48,17.75,-117.0,983.0,68.3
2026-07-27,5,22,2026-07-29 06:00:00,2 days 06:00:00,54,18.0,-117.87,983.7,67.3
2026-07-27,5,22,2026-07-29 12:00:00,2 days 12:00:00,60,18.25,-118.75,984.5,66.3
2026-07-27,5,22,2026-07-29 18:00:00,2 days 18:00:00,66,18.5,-119.5,984.9,65.8
2026-07-27,5,22,2026-07-30 00:00:00,3 days 00:00:00,72,18.75,-120.25,985.3,65.3
2026-07-27,5,22,2026-07-30 06:00:00,3 days 06:00:00,78,19.13,-121.25,987.2,62.6
2026-07-27,5,22,2026-07-30 12:00:00,3 days 12:00:00,84,19.5,-122.25,989.1,60.0
2026-07-27,5,22,2026-07-30 18:00:00,3 days 18:00:00,90,19.88,-123.37,990.3,58.2
2026-07-27,5,22,2026-07-31 00:00:00,4 days 00:00:00,96,20.25,-124.5,991.6,56.5
2026-07-27,5,22,2026-07-31 06:00:00,4 days 06:00:00,102,20.38,-125.62,993.3,53.9
2026-07-27,5,22,2026-07-31 12:00:00,4 days 12:00:00,108,20.5,-126.75,995.1,51.4
2026-07-27,5,22,2026-07-31 18:00:00,4 days 18:00:00,114,20.88,-128.0,997.8,47.0
2026-07-27,5,22,2026-08-01 00:00:00,5 days 00:00:00,120,21.25,-129.25,1000.6,42.6
2026-07-27,5,22,2026-08-01 06:00:00,5 days 06:00:00,126,21.26,-130.62,1001.7,40.8
2026-07-27,5,22,2026-08-01 12:00:00,5 days 12:00:00,132,21.25,-132.0,1002.8,38.9
2026-07-27,5,22,2026-08-01 18:00:00,5 days 18:00:00,138,21.76,-133.37,1003.9,37.0
2026-07-27,5,22,2026-08-02 00:00:00,6 days 00:00:00,144,22.25,-134.75,1005.1,35.0
2026-07-27,5,22,2026-08-02 06:00:00,6 days 06:00:00,150,22.75,-136.0,1004.3,36.4
2026-07-27,5,22,2026-08-02 12:00:00,6 days 12:00:00,156,23.25,-137.25,1003.5,37.8
2026-07-27,5,22,2026-08-02 18:00:00,6 days 18:00:00,162,23.5,-138.12,1004.7,35.7
2026-07-27,5,22,2026-08-03 00:00:00,7 days 00:00:00,168,23.75,-139.0,1005.9,33.5
2026-07-27,6,22,2026-07-27 00:00:00,0 days 00:00:00,0,21.25,88.5,992.6,54.9
2026-07-27,6,22,2026-07-27 06:00:00,0 days 06:00:00,6,21.38,88.38,991.8,56.1
2026-07-27,6,22,2026-07-27 12:00:00,0 days 12:00:00,12,21.5,88.25,991.0,57.3
2026-07-27,6,22,2026-07-27 18:00:00,0 days 18:00:00,18,21.75,88.0,991.8,56.1
2026-07-27,6,22,2026-07-28 00:00:00,1 days 00:00:00,24,22.0,87.75,992.6,55.0
2026-07-27,6,22,2026-07-28 06:00:00,1 days 06:00:00,30,22.38,86.75,992.5,55.2
2026-07-27,6,22,2026-07-28 12:00:00,1 days 12:00:00,36,22.75,85.75,992.3,55.4
2026-07-27,6,22,2026-07-28 18:00:00,1 days 18:00:00,42,22.38,84.37,992.0,55.9
2026-07-27,6,22,2026-07-29 00:00:00,2 days 00:00:00,48,22.0,83.0,991.7,56.3
2026-07-27,6,22,2026-07-29 06:00:00,2 days 06:00:00,54,21.75,82.37,991.6,56.4
2026-07-27,6,22,2026-07-29 12:00:00,2 days 12:00:00,60,21.5,81.75,991.5,56.6
2026-07-27,6,22,2026-07-29 18:00:00,2 days 18:00:00,66,21.38,80.62,991.5,56.5
2026-07-27,6,22,2026-07-30 00:00:00,3 days 00:00:00,72,21.25,79.5,991.6,56.5
2026-07-27,7,22,2026-07-27 00:00:00,0 days 00:00:00,0,12.75,178.25,1002.3,39.9
2026-07-27,7,22,2026-07-27 06:00:00,0 days 06:00:00,6,13.0,177.0,1001.9,40.4
2026-07-27,7,22,2026-07-27 12:00:00,0 days 12:00:00,12,13.25,175.75,1001.6,41.0
2026-07-27,7,22,2026-07-27 18:00:00,0 days 18:00:00,18,13.38,174.25,1000.2,43.3
2026-07-27,7,22,2026-07-28 00:00:00,1 days 00:00:00,24,13.5,172.75,998.8,45.5
2026-07-27,7,22,2026-07-28 06:00:00,1 days 06:00:00,30,13.63,171.75,997.7,47.2
2026-07-27,7,22,2026-07-28 12:00:00,1 days 12:00:00,36,13.75,170.75,996.6,49.0
2026-07-27,7,22,2026-07-28 18:00:00,1 days 18:00:00,42,14.0,169.63,991.8,55.9
2026-07-27,7,22,2026-07-29 00:00:00,2 days 00:00:00,48,14.25,168.5,987.1,62.8
2026-07-27,7,22,2026-07-29 06:00:00,2 days 06:00:00,54,14.5,167.63,987.5,62.3
2026-07-27,7,22,2026-07-29 12:00:00,2 days 12:00:00,60,14.75,166.75,987.9,61.7
2026-07-27,7,22,2026-07-29 18:00:00,2 days 18:00:00,66,15.0,166.13,985.4,65.0
2026-07-27,7,22,2026-07-30 00:00:00,3 days 00:00:00,72,15.25,165.5,983.0,68.3
2026-07-27,7,22,2026-07-30 06:00:00,3 days 06:00:00,78,15.63,164.75,983.2,68.1
2026-07-27,7,22,2026-07-30 12:00:00,3 days 12:00:00,84,16.0,164.0,983.3,67.8
2026-07-27,7,22,2026-07-30 18:00:00,3 days 18:00:00,90,16.25,163.25,977.7,75.0
2026-07-27,7,22,2026-07-31 00:00:00,4 days 00:00:00,96,16.5,162.5,972.0,82.2
2026-07-27,7,22,2026-07-31 06:00:00,4 days 06:00:00,102,16.63,161.5,971.1,83.3
2026-07-27,7,22,2026-07-31 12:00:00,4 days 12:00:00,108,16.75,160.5,970.1,84.4
2026-07-27,7,22,2026-07-31 18:00:00,4 days 18:00:00,114,16.88,159.88,965.8,89.5
2026-07-27,7,22,2026-08-01 00:00:00,5 days 00:00:00,120,17.0,159.25,961.5,94.5
2026-07-27,7,22,2026-08-01 06:00:00,5 days 06:00:00,126,17.38,158.88,961.3,94.7
2026-07-27,7,22,2026-08-01 12:00:00,5 days 12:00:00,132,17.75,158.5,961.1,95.0
2026-07-27,7,22,2026-08-01 18:00:00,5 days 18:00:00,138,18.38,157.75,959.8,96.4
2026-07-27,7,22,2026-08-02 00:00:00,6 days 00:00:00,144,19.0,157.0,958.5,97.9
2026-07-27,7,22,2026-08-02 06:00:00,6 days 06:00:00,150,19.38,156.63,958.1,98.4
2026-07-27,7,22,2026-08-02 12:00:00,6 days 12:00:00,156,19.75,156.25,957.7,98.8
2026-07-27,7,22,2026-08-02 18:00:00,6 days 18:00:00,162,20.13,155.88,956.1,100.6
2026-07-27,7,22,2026-08-03 00:00:00,7 days 00:00:00,168,20.5,155.5,954.5,102.4
2026-07-27,7,22,2026-08-03 06:00:00,7 days 06:00:00,174,20.88,155.25,952.5,104.5
2026-07-27,7,22,2026-08-03 12:00:00,7 days 12:00:00,180,21.25,155.0,950.5,106.7
2026-07-27,7,22,2026-08-03 18:00:00,7 days 18:00:00,186,21.5,154.88,948.9,108.4
2026-07-27,7,22,2026-08-04 00:00:00,8 days 00:00:00,192,21.75,154.75,947.2,110.1
2026-07-27,7,22,2026-08-04 06:00:00,8 days 06:00:00,198,22.63,154.13,948.8,108.4
2026-07-27,7,22,2026-08-04 12:00:00,8 days 12:00:00,204,23.5,153.5,950.4,106.8
2026-07-27,7,22,2026-08-04 18:00:00,8 days 18:00:00,210,24.0,152.5,948.6,108.7
2026-07-27,7,22,2026-08-05 00:00:00,9 days 00:00:00,216,24.5,151.5,946.9,110.6
2026-07-27,7,22,2026-08-05 06:00:00,9 days 06:00:00,222,25.25,150.88,946.3,111.2
2026-07-27,7,22,2026-08-05 12:00:00,9 days 12:00:00,228,26.0,150.25,945.7,111.8
2026-07-27,7,22,2026-08-05 18:00:00,9 days 18:00:00,234,26.75,149.13,948.5,108.8
2026-07-27,7,22,2026-08-06 00:00:00,10 days 00:00:00,240,27.5,148.0,951.4,105.8
2026-07-27,7,22,2026-08-06 06:00:00,10 days 06:00:00,246,28.5,146.89,952.4,104.6
2026-07-27,7,22,2026-08-06 12:00:00,10 days 12:00:00,252,29.5,145.75,953.5,103.5
2026-07-27,7,22,2026-08-06 18:00:00,10 days 18:00:00,258,30.25,144.76,959.1,97.1
2026-07-27,7,22,2026-08-07 00:00:00,11 days 00:00:00,264,31.0,143.75,964.8,90.8
2026-07-27,7,22,2026-08-07 06:00:00,11 days 06:00:00,270,32.0,143.13,968.8,86.0
2026-07-27,7,22,2026-08-07 12:00:00,11 days 12:00:00,276,33.0,142.5,972.8,81.2
2026-07-27,7,22,2026-08-07 18:00:00,11 days 18:00:00,282,33.62,142.5,974.9,78.6
2026-07-27,7,22,2026-08-08 00:00:00,12 days 00:00:00,288,34.25,142.5,977.1,76.0
2026-07-27,7,22,2026-08-08 06:00:00,12 days 06:00:00,294,35.51,143.73,978.3,74.4
2026-07-27,7,22,2026-08-08 12:00:00,12 days 12:00:00,300,36.75,145.0,979.5,72.8
2026-07-27,7,22,2026-08-08 18:00:00,12 days 18:00:00,306,38.63,145.37,978.9,73.6
2026-07-27,7,22,2026-08-09 00:00:00,13 days 00:00:00,312,40.5,145.75,978.2,74.5
2026-07-27,7,22,2026-08-09 06:00:00,13 days 06:00:00,318,41.76,147.1,980.1,72.0
2026-07-27,7,22,2026-08-09 12:00:00,13 days 12:00:00,324,43.0,148.5,982.0,69.6
2026-07-27,7,22,2026-08-09 18:00:00,13 days 18:00:00,330,44.52,150.57,982.7,68.7
2026-07-27,7,22,2026-08-10 00:00:00,14 days 00:00:00,336,46.0,152.75,983.4,67.7
2026-07-27,7,22,2026-08-10 06:00:00,14 days 06:00:00,342,47.16,155.56,985.0,65.6
2026-07-27,7,22,2026-08-10 12:00:00,14 days 12:00:00,348,48.25,158.5,986.6,63.4
2026-07-27,7,22,2026-08-10 18:00:00,14 days 18:00:00,354,48.82,162.46,987.1,62.7
2026-07-27,7,22,2026-08-11 00:00:00,15 days 00:00:00,360,49.25,166.5,987.6,62.1
2026-07-27,8,22,2026-07-28 12:00:00,1 days 12:00:00,36,31.75,49.0,993.1,54.3
2026-07-27,8,22,2026-07-28 18:00:00,1 days 18:00:00,42,32.07,55.99,993.3,53.9
2026-07-27,8,22,2026-07-29 00:00:00,2 days 00:00:00,48,32.0,63.0,993.6,53.5
2026-07-27,8,22,2026-07-29 06:00:00,2 days 06:00:00,54,32.25,62.5,993.0,54.4
2026-07-27,8,22,2026-07-29 12:00:00,2 days 12:00:00,60,32.5,62.0,992.4,55.3
2026-07-27,8,22,2026-07-29 18:00:00,2 days 18:00:00,66,32.13,62.5,993.5,53.6
2026-07-27,8,22,2026-07-30 00:00:00,3 days 00:00:00,72,31.75,63.0,994.7,51.9
2026-07-27,8,22,2026-07-30 06:00:00,3 days 06:00:00,78,31.69,63.0,994.0,52.9
2026-07-27,8,22,2026-07-30 12:00:00,3 days 12:00:00,84,31.62,63.0,993.3,54.0
2026-07-27,8,22,2026-07-30 18:00:00,3 days 18:00:00,90,31.56,63.0,992.6,55.0
2026-07-27,8,22,2026-07-31 00:00:00,4 days 00:00:00,96,31.5,63.0,991.9,56.0
2026-07-27,8,22,2026-07-31 06:00:00,4 days 06:00:00,102,30.88,63.0,991.0,57.3
2026-07-27,8,22,2026-07-31 12:00:00,4 days 12:00:00,108,30.25,63.0,990.1,58.6
2026-07-27,8,22,2026-07-31 18:00:00,4 days 18:00:00,114,27.69,67.35,991.9,56.0
2026-07-27,8,22,2026-08-01 00:00:00,5 days 00:00:00,120,25.0,71.5,993.7,53.4
2026-07-27,8,22,2026-08-01 06:00:00,5 days 06:00:00,126,24.63,71.0,993.4,53.9
2026-07-27,8,22,2026-08-01 12:00:00,5 days 12:00:00,132,24.25,70.5,993.0,54.4
2026-07-27,9,22,2026-07-30 12:00:00,3 days 12:00:00,84,-41.0,-86.0,978.0,74.8
2026-07-27,9,22,2026-07-30 18:00:00,3 days 18:00:00,90,-42.6,-84.39,979.6,72.7
2026-07-27,9,22,2026-07-31 00:00:00,4 days 00:00:00,96,-44.18,-82.69,981.2,70.6
2026-07-27,9,22,2026-07-31 06:00:00,4 days 06:00:00,102,-45.73,-80.89,982.8,68.5
2026-07-27,9,22,2026-07-31 12:00:00,4 days 12:00:00,108,-47.25,-79.0,984.4,66.4
2026-07-27,9,22,2026-07-31 18:00:00,4 days 18:00:00,114,-47.63,-79.25,985.5,65.0
2026-07-27,9,22,2026-08-01 00:00:00,5 days 00:00:00,120,-48.0,-79.5,986.6,63.5
2026-07-27,9,22,2026-08-01 06:00:00,5 days 06:00:00,126,-48.75,-80.24,987.1,62.7
2026-07-27,9,22,2026-08-01 12:00:00,5 days 12:00:00,132,-49.5,-81.0,987.7,61.9
2026-07-27,9,22,2026-08-01 18:00:00,5 days 18:00:00,138,-50.01,-82.73,989.6,59.3
2026-07-27,9,22,2026-08-02 00:00:00,6 days 00:00:00,144,-50.5,-84.5,991.5,56.6
2026-07-27,9,22,2026-08-02 06:00:00,6 days 06:00:00,150,-46.26,-78.43,991.7,56.3
2026-07-27,9,22,2026-08-02 12:00:00,6 days 12:00:00,156,-41.75,-73.25,991.9,56.0
2026-07-27,1,23,2026-07-27 00:00:00,0 days 00:00:00,0,20.0,-143.0,995.2,51.2
2026-07-27,1,23,2026-07-27 06:00:00,0 days 06:00:00,6,20.38,-144.5,996.9,48.6
2026-07-27,1,23,2026-07-27 12:00:00,0 days 12:00:00,12,20.75,-146.0,998.6,45.9
2026-07-27,1,23,2026-07-27 18:00:00,0 days 18:00:00,18,20.88,-147.12,1000.2,43.2
2026-07-27,1,23,2026-07-28 00:00:00,1 days 00:00:00,24,21.0,-148.25,1001.8,40.6
2026-07-27,1,23,2026-07-28 06:00:00,1 days 06:00:00,30,21.13,-149.62,1003.8,37.1
2026-07-27,1,23,2026-07-28 12:00:00,1 days 12:00:00,36,21.25,-151.0,1005.8,33.7
2026-07-27,1,23,2026-07-28 18:00:00,1 days 18:00:00,42,21.5,-151.87,1006.4,32.5
2026-07-27,1,23,2026-07-29 00:00:00,2 days 00:00:00,48,21.75,-152.75,1007.0,31.4
2026-07-27,1,23,2026-07-29 06:00:00,2 days 06:00:00,54,21.88,-153.87,1007.9,29.7
2026-07-27,1,23,2026-07-29 12:00:00,2 days 12:00:00,60,22.0,-155.0,1008.8,28.0
2026-07-27,10,23,2026-08-07 00:00:00,11 days 00:00:00,264,30.25,168.5,992.9,54.6
2026-07-27,10,23,2026-08-07 06:00:00,11 days 06:00:00,270,31.75,169.24,992.1,55.8
2026-07-27,10,23,2026-08-07 12:00:00,11 days 12:00:00,276,33.25,170.0,991.2,57.0
2026-07-27,10,23,2026-08-07 18:00:00,11 days 18:00:00,282,35.0,170.12,991.0,57.3
2026-07-27,10,23,2026-08-08 00:00:00,12 days 00:00:00,288,36.75,170.25,990.9,57.5
2026-07-27,10,23,2026-08-08 06:00:00,12 days 06:00:00,294,38.13,170.5,992.9,54.5
2026-07-27,10,23,2026-08-08 12:00:00,12 days 12:00:00,300,39.5,170.75,995.0,51.4
2026-07-27,10,23,2026-08-08 18:00:00,12 days 18:00:00,306,41.0,170.63,997.6,47.3
2026-07-27,10,23,2026-08-09 00:00:00,13 days 00:00:00,312,42.5,170.5,1000.2,43.2
2026-07-27,10,23,2026-08-09 06:00:00,13 days 06:00:00,318,43.38,170.25,1001.4,41.3
2026-07-27,10,23,2026-08-09 12:00:00,13 days 12:00:00,324,44.25,170.0,1002.5,39.5
2026-07-27,10,23,2026-08-09 18:00:00,13 days 18:00:00,330,44.88,170.62,1004.3,36.4
2026-07-27,10,23,2026-08-10 00:00:00,14 days 00:00:00,336,45.5,171.25,1006.0,33.3
2026-07-27,5,23,2026-07-27 00:00:00,0 days 00:00:00,0,14.5,-110.75,972.9,81.1
2026-07-27,5,23,2026-07-27 06:00:00,0 days 06:00:00,6,15.13,-111.62,974.3,79.4
2026-07-27,5,23,2026-07-27 12:00:00,0 days 12:00:00,12,15.75,-112.5,975.7,77.7
2026-07-27,5,23,2026-07-27 18:00:00,0 days 18:00:00,18,16.38,-113.5,975.5,78.0
2026-07-27,5,23,2026-07-28 00:00:00,1 days 00:00:00,24,17.0,-114.5,975.2,78.2
2026-07-27,5,23,2026-07-28 06:00:00,1 days 06:00:00,30,17.25,-115.12,975.9,77.4
2026-07-27,5,23,2026-07-28 12:00:00,1 days 12:00:00,36,17.5,-115.75,976.5,76.7
2026-07-27,5,23,2026-07-28 18:00:00,1 days 18:00:00,42,17.75,-116.37,977.5,75.4
2026-07-27,5,23,2026-07-29 00:00:00,2 days 00:00:00,48,18.0,-117.0,978.4,74.2
2026-07-27,5,23,2026-07-29 06:00:00,2 days 06:00:00,54,18.13,-117.75,981.8,69.8
2026-07-27,5,23,2026-07-29 12:00:00,2 days 12:00:00,60,18.25,-118.5,985.1,65.5
2026-07-27,5,23,2026-07-29 18:00:00,2 days 18:00:00,66,18.38,-119.12,985.5,65.0
2026-07-27,5,23,2026-07-30 00:00:00,3 days 00:00:00,72,18.5,-119.75,985.9,64.5
2026-07-27,5,23,2026-07-30 06:00:00,3 days 06:00:00,78,18.88,-121.0,985.4,65.1
2026-07-27,5,23,2026-07-30 12:00:00,3 days 12:00:00,84,19.25,-122.25,984.9,65.8
2026-07-27,5,23,2026-07-30 18:00:00,3 days 18:00:00,90,19.63,-123.62,985.0,65.6
2026-07-27,5,23,2026-07-31 00:00:00,4 days 00:00:00,96,20.0,-125.0,985.1,65.5
2026-07-27,5,23,2026-07-31 06:00:00,4 days 06:00:00,102,20.13,-126.25,986.9,63.0
2026-07-27,5,23,2026-07-31 12:00:00,4 days 12:00:00,108,20.25,-127.5,988.7,60.6
2026-07-27,5,23,2026-07-31 18:00:00,4 days 18:00:00,114,20.63,-129.0,990.9,57.4
2026-07-27,5,23,2026-08-01 00:00:00,5 days 00:00:00,120,21.0,-130.5,993.1,54.3
2026-07-27,5,23,2026-08-01 06:00:00,5 days 06:00:00,126,21.26,-131.87,994.7,51.9
2026-07-27,5,23,2026-08-01 12:00:00,5 days 12:00:00,132,21.5,-133.25,996.2,49.6
2026-07-27,5,23,2026-08-01 18:00:00,5 days 18:00:00,138,21.88,-134.62,997.5,47.6
2026-07-27,5,23,2026-08-02 00:00:00,6 days 00:00:00,144,22.25,-136.0,998.8,45.6
2026-07-27,5,23,2026-08-02 06:00:00,6 days 06:00:00,150,22.26,-137.5,1001.7,40.7
2026-07-27,5,23,2026-08-02 12:00:00,6 days 12:00:00,156,22.25,-139.0,1004.6,35.8
2026-07-27,6,23,2026-07-27 00:00:00,0 days 00:00:00,0,21.25,88.5,992.6,54.9
2026-07-27,6,23,2026-07-27 06:00:00,0 days 06:00:00,6,21.5,88.25,992.2,55.6
2026-07-27,6,23,2026-07-27 12:00:00,0 days 12:00:00,12,21.75,88.0,991.7,56.3
2026-07-27,6,23,2026-07-27 18:00:00,0 days 18:00:00,18,21.63,87.87,990.0,58.7
2026-07-27,6,23,2026-07-28 00:00:00,1 days 00:00:00,24,21.5,87.75,988.3,61.1
2026-07-27,6,23,2026-07-28 06:00:00,1 days 06:00:00,30,21.88,86.88,989.2,59.9
2026-07-27,6,23,2026-07-28 12:00:00,1 days 12:00:00,36,22.25,86.0,990.0,58.7
2026-07-27,6,23,2026-07-28 18:00:00,1 days 18:00:00,42,22.13,84.87,990.8,57.6
2026-07-27,6,23,2026-07-29 00:00:00,2 days 00:00:00,48,22.0,83.75,991.5,56.6
2026-07-27,6,23,2026-07-29 06:00:00,2 days 06:00:00,54,22.25,83.13,991.4,56.8
2026-07-27,6,23,2026-07-29 12:00:00,2 days 12:00:00,60,22.5,82.5,991.3,56.9
2026-07-27,6,23,2026-07-29 18:00:00,2 days 18:00:00,66,23.0,81.88,991.6,56.5
2026-07-27,6,23,2026-07-30 00:00:00,3 days 00:00:00,72,23.5,81.25,991.8,56.1
2026-07-27,6,23,2026-07-30 06:00:00,3 days 06:00:00,78,23.13,79.75,991.0,57.3
2026-07-27,6,23,2026-07-30 12:00:00,3 days 12:00:00,84,22.75,78.25,990.2,58.5
2026-07-27,7,23,2026-07-27 00:00:00,0 days 00:00:00,0,12.75,178.25,1002.3,39.9
2026-07-27,7,23,2026-07-27 06:00:00,0 days 06:00:00,6,12.88,176.75,1002.8,38.9
2026-07-27,7,23,2026-07-27 12:00:00,0 days 12:00:00,12,13.0,175.25,1003.4,38.0
2026-07-27,7,23,2026-07-27 18:00:00,0 days 18:00:00,18,12.88,174.37,1002.1,40.1
2026-07-27,7,23,2026-07-28 00:00:00,1 days 00:00:00,24,12.75,173.5,1000.8,42.3
2026-07-27,7,23,2026-07-28 06:00:00,1 days 06:00:00,30,13.13,172.5,999.5,44.4
2026-07-27,7,23,2026-07-28 12:00:00,1 days 12:00:00,36,13.5,171.5,998.2,46.5
2026-07-27,7,23,2026-07-28 18:00:00,1 days 18:00:00,42,14.0,170.63,996.4,49.2
2026-07-27,7,23,2026-07-29 00:00:00,2 days 00:00:00,48,14.5,169.75,994.7,51.9
2026-07-27,7,23,2026-07-29 06:00:00,2 days 06:00:00,54,14.88,168.88,991.4,56.6
2026-07-27,7,23,2026-07-29 12:00:00,2 days 12:00:00,60,15.25,168.0,988.2,61.3
2026-07-27,7,23,2026-07-29 18:00:00,2 days 18:00:00,66,15.75,167.25,985.6,64.8
2026-07-27,7,23,2026-07-30 00:00:00,3 days 00:00:00,72,16.25,166.5,982.9,68.4
2026-07-27,7,23,2026-07-30 06:00:00,3 days 06:00:00,78,16.63,165.75,980.2,71.9
2026-07-27,7,23,2026-07-30 12:00:00,3 days 12:00:00,84,17.0,165.0,977.5,75.4
2026-07-27,7,23,2026-07-30 18:00:00,3 days 18:00:00,90,17.25,164.0,974.0,79.7
2026-07-27,7,23,2026-07-31 00:00:00,4 days 00:00:00,96,17.5,163.0,970.5,84.1
2026-07-27,7,23,2026-07-31 06:00:00,4 days 06:00:00,102,18.13,162.38,967.4,87.6
2026-07-27,7,23,2026-07-31 12:00:00,4 days 12:00:00,108,18.75,161.75,964.4,91.2
2026-07-27,7,23,2026-07-31 18:00:00,4 days 18:00:00,114,19.63,161.0,964.7,90.9
2026-07-27,7,23,2026-08-01 00:00:00,5 days 00:00:00,120,20.5,160.25,964.9,90.6
2026-07-27,7,23,2026-08-01 06:00:00,5 days 06:00:00,126,21.38,159.26,963.2,92.6
2026-07-27,7,23,2026-08-01 12:00:00,5 days 12:00:00,132,22.25,158.25,961.4,94.6
2026-07-27,7,23,2026-08-01 18:00:00,5 days 18:00:00,138,23.38,157.01,960.2,96.0
2026-07-27,7,23,2026-08-02 00:00:00,6 days 00:00:00,144,24.5,155.75,958.9,97.5
2026-07-27,7,23,2026-08-02 06:00:00,6 days 06:00:00,150,25.38,154.51,959.8,96.4
2026-07-27,7,23,2026-08-02 12:00:00,6 days 12:00:00,156,26.25,153.25,960.7,95.4
2026-07-27,7,23,2026-08-02 18:00:00,6 days 18:00:00,162,27.13,152.13,965.0,90.4
2026-07-27,7,23,2026-08-03 00:00:00,7 days 00:00:00,168,28.0,151.0,969.3,85.4
2026-07-27,7,23,2026-08-03 06:00:00,7 days 06:00:00,174,28.75,150.13,969.9,84.7
2026-07-27,7,23,2026-08-03 12:00:00,7 days 12:00:00,180,29.5,149.25,970.5,84.0
2026-07-27,7,23,2026-08-03 18:00:00,7 days 18:00:00,186,30.38,148.26,972.0,82.2
2026-07-27,7,23,2026-08-04 00:00:00,8 days 00:00:00,192,31.25,147.25,973.6,80.3
2026-07-27,7,23,2026-08-04 06:00:00,8 days 06:00:00,198,31.5,146.25,976.2,77.0
2026-07-27,7,23,2026-08-04 12:00:00,8 days 12:00:00,204,31.75,145.25,978.8,73.7
2026-07-27,7,23,2026-08-04 18:00:00,8 days 18:00:00,210,32.0,144.38,977.9,74.9
2026-07-27,7,23,2026-08-05 00:00:00,9 days 00:00:00,216,32.25,143.5,976.9,76.1
2026-07-27,7,23,2026-08-05 06:00:00,9 days 06:00:00,222,32.5,142.75,978.3,74.4
2026-07-27,7,23,2026-08-05 12:00:00,9 days 12:00:00,228,32.75,142.0,979.7,72.6
2026-07-27,7,23,2026-08-05 18:00:00,9 days 18:00:00,234,32.63,141.37,980.1,72.1
2026-07-27,7,23,2026-08-06 00:00:00,10 days 00:00:00,240,32.5,140.75,980.4,71.7
2026-07-27,7,23,2026-08-06 06:00:00,10 days 06:00:00,246,33.0,140.13,982.7,68.7
2026-07-27,7,23,2026-08-06 12:00:00,10 days 12:00:00,252,33.5,139.5,984.9,65.7
2026-07-27,7,23,2026-08-06 18:00:00,10 days 18:00:00,258,34.38,139.62,986.1,64.2
2026-07-27,7,23,2026-08-07 00:00:00,11 days 00:00:00,264,35.25,139.75,987.2,62.7
2026-07-27,7,23,2026-08-07 06:00:00,11 days 06:00:00,270,36.38,138.76,988.9,60.2
2026-07-27,7,23,2026-08-07 12:00:00,11 days 12:00:00,276,37.5,137.75,990.7,57.8
2026-07-27,7,23,2026-08-07 18:00:00,11 days 18:00:00,282,38.38,137.87,991.7,56.3
2026-07-27,7,23,2026-08-08 00:00:00,12 days 00:00:00,288,39.25,138.0,992.7,54.8
2026-07-27,7,23,2026-08-08 06:00:00,12 days 06:00:00,294,39.63,138.37,994.0,52.9
2026-07-27,7,23,2026-08-08 12:00:00,12 days 12:00:00,300,40.0,138.75,995.3,51.0
2026-07-27,7,23,2026-08-08 18:00:00,12 days 18:00:00,306,40.63,139.12,996.2,49.6
2026-07-27,7,23,2026-08-09 00:00:00,13 days 00:00:00,312,41.25,139.5,997.2,48.1
2026-07-27,7,23,2026-08-09 06:00:00,13 days 06:00:00,318,42.38,140.11,998.3,46.4
2026-07-27,7,23,2026-08-09 12:00:00,13 days 12:00:00,324,43.5,140.75,999.4,44.6
2026-07-27,7,23,2026-08-09 18:00:00,13 days 18:00:00,330,45.76,142.31,996.9,48.5
2026-07-27,7,23,2026-08-10 00:00:00,14 days 00:00:00,336,48.0,144.0,994.3,52.5
2026-07-27,8,23,2026-08-03 12:00:00,7 days 12:00:00,180,9.5,-127.25,1004.4,36.1
2026-07-27,8,23,2026-08-03 18:00:00,7 days 18:00:00,186,9.75,-128.25,1003.9,37.1
2026-07-27,8,23,2026-08-04 00:00:00,8 days 00:00:00,192,10.0,-129.25,1003.3,38.2
2026-07-27,8,23,2026-08-04 06:00:00,8 days 06:00:00,198,10.5,-129.62,1001.2,41.5
2026-07-27,8,23,2026-08-04 12:00:00,8 days 12:00:00,204,11.0,-130.0,999.2,44.9
2026-07-27,8,23,2026-08-04 18:00:00,8 days 18:00:00,210,11.25,-130.37,997.4,47.8
2026-07-27,8,23,2026-08-05 00:00:00,9 days 00:00:00,216,11.5,-130.75,995.5,50.6
2026-07-27,8,23,2026-08-05 06:00:00,9 days 06:00:00,222,11.88,-131.25,994.6,52.1
2026-07-27,8,23,2026-08-05 12:00:00,9 days 12:00:00,228,12.25,-131.75,993.6,53.6
2026-07-27,8,23,2026-08-05 18:00:00,9 days 18:00:00,234,12.63,-132.37,991.8,56.1
2026-07-27,8,23,2026-08-06 00:00:00,10 days 00:00:00,240,13.0,-133.0,990.1,58.6
2026-07-27,8,23,2026-08-06 06:00:00,10 days 06:00:00,246,13.5,-133.75,987.2,62.7
2026-07-27,8,23,2026-08-06 12:00:00,10 days 12:00:00,252,14.0,-134.5,984.2,66.7
2026-07-27,8,23,2026-08-06 18:00:00,10 days 18:00:00,258,14.38,-135.25,983.8,67.3
2026-07-27,8,23,2026-08-07 00:00:00,11 days 00:00:00,264,14.75,-136.0,983.4,67.8
2026-07-27,8,23,2026-08-07 06:00:00,11 days 06:00:00,270,15.38,-137.37,981.4,70.3
2026-07-27,8,23,2026-08-07 12:00:00,11 days 12:00:00,276,16.0,-138.75,979.5,72.9
2026-07-27,8,23,2026-08-07 18:00:00,11 days 18:00:00,282,16.38,-140.37,981.8,69.8
2026-07-27,8,23,2026-08-08 00:00:00,12 days 00:00:00,288,16.75,-142.0,984.2,66.7
2026-07-27,8,23,2026-08-08 06:00:00,12 days 06:00:00,294,16.88,-143.75,984.4,66.5
2026-07-27,8,23,2026-08-08 12:00:00,12 days 12:00:00,300,17.0,-145.5,984.6,66.2
2026-07-27,8,23,2026-08-08 18:00:00,12 days 18:00:00,306,17.01,-147.38,985.7,64.7
2026-07-27,8,23,2026-08-09 00:00:00,13 days 00:00:00,312,17.0,-149.25,986.8,63.2
2026-07-27,8,23,2026-08-09 06:00:00,13 days 06:00:00,318,16.76,-151.25,988.5,60.9
2026-07-27,8,23,2026-08-09 12:00:00,13 days 12:00:00,324,16.5,-153.25,990.1,58.6
2026-07-27,8,23,2026-08-09 18:00:00,13 days 18:00:00,330,16.51,-154.88,988.7,60.5
2026-07-27,8,23,2026-08-10 00:00:00,14 days 00:00:00,336,16.5,-156.5,987.3,62.5
2026-07-27,8,23,2026-08-10 06:00:00,14 days 06:00:00,342,16.63,-158.0,988.1,61.4
2026-07-27,8,23,2026-08-10 12:00:00,14 days 12:00:00,348,16.75,-159.5,989.0,60.2
2026-07-27,8,23,2026-08-10 18:00:00,14 days 18:00:00,354,16.88,-161.0,988.5,60.9
2026-07-27,8,23,2026-08-11 00:00:00,15 days 00:00:00,360,17.0,-162.5,988.0,61.5
2026-07-27,9,23,2026-08-06 00:00:00,10 days 00:00:00,240,15.0,144.75,1001.6,41.0
2026-07-27,9,23,2026-08-06 06:00:00,10 days 06:00:00,246,15.0,145.25,1001.3,41.4
2026-07-27,9,23,2026-08-06 12:00:00,10 days 12:00:00,252,15.0,145.75,1001.1,41.8
2026-07-27,9,23,2026-08-06 18:00:00,10 days 18:00:00,258,15.38,145.87,999.4,44.6
2026-07-27,9,23,2026-08-07 00:00:00,11 days 00:00:00,264,15.75,146.0,997.6,47.4
2026-07-27,9,23,2026-08-07 06:00:00,11 days 06:00:00,270,16.13,145.63,996.8,48.7
2026-07-27,9,23,2026-08-07 12:00:00,11 days 12:00:00,276,16.5,145.25,995.9,50.1
2026-07-27,9,23,2026-08-07 18:00:00,11 days 18:00:00,282,17.0,144.63,994.7,51.9
2026-07-27,9,23,2026-08-08 00:00:00,12 days 00:00:00,288,17.5,144.0,993.5,53.7
2026-07-27,9,23,2026-08-08 06:00:00,12 days 06:00:00,294,17.88,143.38,991.3,56.8
2026-07-27,9,23,2026-08-08 12:00:00,12 days 12:00:00,300,18.25,142.75,989.2,59.9
2026-07-27,9,23,2026-08-08 18:00:00,12 days 18:00:00,306,19.38,142.13,985.8,64.5
2026-07-27,9,23,2026-08-09 00:00:00,13 days 00:00:00,312,20.5,141.5,982.4,69.0
2026-07-27,9,23,2026-08-09 06:00:00,13 days 06:00:00,318,21.38,140.51,981.4,70.4
2026-07-27,9,23,2026-08-09 12:00:00,13 days 12:00:00,324,22.25,139.5,980.3,71.8
2026-07-27,9,23,2026-08-09 18:00:00,13 days 18:00:00,330,23.13,138.88,975.7,77.6
2026-07-27,9,23,2026-08-10 00:00:00,14 days 00:00:00,336,24.0,138.25,971.1,83.3
2026-07-27,9,23,2026-08-10 06:00:00,14 days 06:00:00,342,24.63,137.5,966.7,88.5
2026-07-27,9,23,2026-08-10 12:00:00,14 days 12:00:00,348,25.25,136.75,962.3,93.6
2026-07-27,9,23,2026-08-10 18:00:00,14 days 18:00:00,354,25.63,136.38,958.0,98.4
2026-07-27,9,23,2026-08-11 00:00:00,15 days 00:00:00,360,26.0,136.0,953.7,103.2
2026-07-27,1,24,2026-07-27 00:00:00,0 days 00:00:00,0,20.0,-143.0,995.2,51.2
2026-07-27,1,24,2026-07-27 06:00:00,0 days 06:00:00,6,20.38,-144.5,995.9,50.1
2026-07-27,1,24,2026-07-27 12:00:00,0 days 12:00:00,12,20.75,-146.0,996.6,49.0
2026-07-27,1,24,2026-07-27 18:00:00,0 days 18:00:00,18,21.0,-147.12,999.0,45.2
2026-07-27,1,24,2026-07-28 00:00:00,1 days 00:00:00,24,21.25,-148.25,1001.3,41.5
2026-07-27,1,24,2026-07-28 06:00:00,1 days 06:00:00,30,21.38,-149.87,1004.0,36.7
2026-07-27,1,24,2026-07-28 12:00:00,1 days 12:00:00,36,21.5,-151.5,1006.8,31.8
2026-07-27,10,24,2026-08-08 00:00:00,12 days 00:00:00,288,21.75,163.0,1003.3,38.1
2026-07-27,10,24,2026-08-08 06:00:00,12 days 06:00:00,294,22.13,163.75,1004.3,36.3
2026-07-27,10,24,2026-08-08 12:00:00,12 days 12:00:00,300,22.5,164.5,1005.3,34.5
2026-07-27,10,24,2026-08-08 18:00:00,12 days 18:00:00,306,23.38,164.5,1003.1,38.3
2026-07-27,10,24,2026-08-09 00:00:00,13 days 00:00:00,312,24.25,164.5,1000.9,42.2
2026-07-27,10,24,2026-08-09 06:00:00,13 days 06:00:00,318,24.38,164.25,1000.9,42.1
2026-07-27,10,24,2026-08-09 12:00:00,13 days 12:00:00,324,24.5,164.0,1001.0,42.0
2026-07-27,10,24,2026-08-09 18:00:00,13 days 18:00:00,330,25.13,163.38,1001.2,41.6
2026-07-27,10,24,2026-08-10 00:00:00,14 days 00:00:00,336,25.75,162.75,1001.5,41.2
2026-07-27,10,24,2026-08-10 06:00:00,14 days 06:00:00,342,26.46,161.4,1001.0,42.0
2026-07-27,10,24,2026-08-10 12:00:00,14 days 12:00:00,348,27.15,160.03,1000.5,42.8
2026-07-27,10,24,2026-08-10 18:00:00,14 days 18:00:00,354,27.83,158.65,1000.0,43.6
2026-07-27,10,24,2026-08-11 00:00:00,15 days 00:00:00,360,28.5,157.25,999.6,44.3
2026-07-27,5,24,2026-07-27 00:00:00,0 days 00:00:00,0,14.5,-110.75,972.9,81.1
2026-07-27,5,24,2026-07-27 06:00:00,0 days 06:00:00,6,15.13,-111.62,975.3,78.2
2026-07-27,5,24,2026-07-27 12:00:00,0 days 12:00:00,12,15.75,-112.5,977.6,75.2
2026-07-27,5,24,2026-07-27 18:00:00,0 days 18:00:00,18,16.25,-113.37,978.5,74.1
2026-07-27,5,24,2026-07-28 00:00:00,1 days 00:00:00,24,16.75,-114.25,979.4,73.0
2026-07-27,5,24,2026-07-28 06:00:00,1 days 06:00:00,30,17.13,-114.87,978.9,73.6
2026-07-27,5,24,2026-07-28 12:00:00,1 days 12:00:00,36,17.5,-115.5,978.4,74.3
2026-07-27,5,24,2026-07-28 18:00:00,1 days 18:00:00,42,17.63,-116.25,978.7,73.8
2026-07-27,5,24,2026-07-29 00:00:00,2 days 00:00:00,48,17.75,-117.0,979.1,73.4
2026-07-27,5,24,2026-07-29 06:00:00,2 days 06:00:00,54,17.88,-117.62,980.7,71.3
2026-07-27,5,24,2026-07-29 12:00:00,2 days 12:00:00,60,18.0,-118.25,982.3,69.2
2026-07-27,5,24,2026-07-29 18:00:00,2 days 18:00:00,66,18.38,-119.25,983.7,67.3
2026-07-27,5,24,2026-07-30 00:00:00,3 days 00:00:00,72,18.75,-120.25,985.2,65.4
2026-07-27,5,24,2026-07-30 06:00:00,3 days 06:00:00,78,18.75,-121.25,984.6,66.2
2026-07-27,5,24,2026-07-30 12:00:00,3 days 12:00:00,84,18.75,-122.25,984.0,67.0
2026-07-27,5,24,2026-07-30 18:00:00,3 days 18:00:00,90,19.25,-123.25,986.3,63.8
2026-07-27,5,24,2026-07-31 00:00:00,4 days 00:00:00,96,19.75,-124.25,988.7,60.5
2026-07-27,5,24,2026-07-31 06:00:00,4 days 06:00:00,102,20.01,-125.75,989.8,59.0
2026-07-27,5,24,2026-07-31 12:00:00,4 days 12:00:00,108,20.25,-127.25,990.9,57.5
2026-07-27,5,24,2026-07-31 18:00:00,4 days 18:00:00,114,20.75,-128.37,994.3,52.3
2026-07-27,5,24,2026-08-01 00:00:00,5 days 00:00:00,120,21.25,-129.5,997.8,47.2
2026-07-27,5,24,2026-08-01 06:00:00,5 days 06:00:00,126,21.51,-131.12,1000.5,42.7
2026-07-27,5,24,2026-08-01 12:00:00,5 days 12:00:00,132,21.75,-132.75,1003.2,38.2
2026-07-27,5,24,2026-08-01 18:00:00,5 days 18:00:00,138,22.39,-134.62,1004.3,36.4
2026-07-27,5,24,2026-08-02 00:00:00,6 days 00:00:00,144,23.0,-136.5,1005.3,34.5
2026-07-27,5,24,2026-08-02 06:00:00,6 days 06:00:00,150,23.38,-137.75,1006.0,33.4
2026-07-27,5,24,2026-08-02 12:00:00,6 days 12:00:00,156,23.75,-139.0,1006.6,32.2
2026-07-27,5,24,2026-08-02 18:00:00,6 days 18:00:00,162,24.38,-139.87,1006.9,31.7
2026-07-27,5,24,2026-08-03 00:00:00,7 days 00:00:00,168,25.0,-140.75,1007.2,31.1
2026-07-27,5,24,2026-08-03 06:00:00,7 days 06:00:00,174,26.13,-141.86,1006.7,31.9
2026-07-27,5,24,2026-08-03 12:00:00,7 days 12:00:00,180,27.25,-143.0,1006.3,32.8
2026-07-27,5,24,2026-08-03 18:00:00,7 days 18:00:00,186,28.38,-143.74,1004.2,36.4
2026-07-27,5,24,2026-08-04 00:00:00,8 days 00:00:00,192,29.5,-144.5,1002.2,40.1
2026-07-27,5,24,2026-08-04 06:00:00,8 days 06:00:00,198,30.75,-144.38,1002.1,40.2
2026-07-27,5,24,2026-08-04 12:00:00,8 days 12:00:00,204,32.0,-144.25,1002.0,40.4
2026-07-27,5,24,2026-08-04 18:00:00,8 days 18:00:00,210,33.5,-144.0,1003.4,37.9
2026-07-27,5,24,2026-08-05 00:00:00,9 days 00:00:00,216,35.0,-143.75,1004.9,35.4
2026-07-27,6,24,2026-07-27 00:00:00,0 days 00:00:00,0,21.25,88.5,992.6,54.9
2026-07-27,6,24,2026-07-27 06:00:00,0 days 06:00:00,6,21.38,88.25,992.2,55.6
2026-07-27,6,24,2026-07-27 12:00:00,0 days 12:00:00,12,21.5,88.0,991.8,56.2
2026-07-27,6,24,2026-07-27 18:00:00,0 days 18:00:00,18,21.63,88.25,992.4,55.3
2026-07-27,6,24,2026-07-28 00:00:00,1 days 00:00:00,24,21.75,88.5,993.1,54.3
2026-07-27,6,24,2026-07-28 06:00:00,1 days 06:00:00,30,21.57,87.43,993.2,54.2
2026-07-27,6,24,2026-07-28 12:00:00,1 days 12:00:00,36,21.39,86.37,993.3,54.0
2026-07-27,6,24,2026-07-28 18:00:00,1 days 18:00:00,42,21.2,85.31,993.3,53.9
2026-07-27,6,24,2026-07-29 00:00:00,2 days 00:00:00,48,21.0,84.25,993.4,53.8
2026-07-27,6,24,2026-07-29 06:00:00,2 days 06:00:00,54,21.13,83.5,993.2,54.0
2026-07-27,6,24,2026-07-29 12:00:00,2 days 12:00:00,60,21.26,82.75,993.1,54.3
2026-07-27,6,24,2026-07-29 18:00:00,2 days 18:00:00,66,21.38,82.0,992.9,54.6
2026-07-27,6,24,2026-07-30 00:00:00,3 days 00:00:00,72,21.5,81.25,992.7,54.9
2026-07-27,6,24,2026-07-30 06:00:00,3 days 06:00:00,78,21.35,79.12,992.4,55.3
2026-07-27,6,24,2026-07-30 12:00:00,3 days 12:00:00,84,21.18,76.99,992.1,55.7
2026-07-27,6,24,2026-07-30 18:00:00,3 days 18:00:00,90,20.98,74.86,991.9,56.0
2026-07-27,6,24,2026-07-31 00:00:00,4 days 00:00:00,96,20.75,72.75,991.6,56.4
2026-07-27,6,24,2026-07-31 06:00:00,4 days 06:00:00,102,21.25,72.5,991.7,56.2
2026-07-27,6,24,2026-07-31 12:00:00,4 days 12:00:00,108,21.75,72.25,991.9,56.1
2026-07-27,6,24,2026-07-31 18:00:00,4 days 18:00:00,114,22.25,72.0,992.0,55.9
2026-07-27,6,24,2026-08-01 00:00:00,5 days 00:00:00,120,22.75,71.75,992.1,55.7
2026-07-27,6,24,2026-08-01 06:00:00,5 days 06:00:00,126,23.13,71.44,993.0,54.4
2026-07-27,6,24,2026-08-01 12:00:00,5 days 12:00:00,132,23.5,71.13,993.9,53.1
2026-07-27,6,24,2026-08-01 18:00:00,5 days 18:00:00,138,23.88,70.82,994.7,51.8
2026-07-27,6,24,2026-08-02 00:00:00,6 days 00:00:00,144,24.25,70.5,995.6,50.6
2026-07-27,7,24,2026-07-27 00:00:00,0 days 00:00:00,0,12.75,178.25,1002.3,39.9
2026-07-27,7,24,2026-07-27 06:00:00,0 days 06:00:00,6,13.0,176.75,1002.1,40.1
2026-07-27,7,24,2026-07-27 12:00:00,0 days 12:00:00,12,13.25,175.25,1002.0,40.3
2026-07-27,7,24,2026-07-27 18:00:00,0 days 18:00:00,18,13.13,173.87,1001.1,41.8
2026-07-27,7,24,2026-07-28 00:00:00,1 days 00:00:00,24,13.0,172.5,1000.2,43.3
2026-07-27,7,24,2026-07-28 06:00:00,1 days 06:00:00,30,13.25,171.75,999.7,44.1
2026-07-27,7,24,2026-07-28 12:00:00,1 days 12:00:00,36,13.5,171.0,999.3,44.8
2026-07-27,7,24,2026-07-28 18:00:00,1 days 18:00:00,42,14.0,170.38,998.3,46.3
2026-07-27,7,24,2026-07-29 00:00:00,2 days 00:00:00,48,14.5,169.75,997.4,47.7
2026-07-27,7,24,2026-07-29 06:00:00,2 days 06:00:00,54,14.88,169.0,994.7,51.8
2026-07-27,7,24,2026-07-29 12:00:00,2 days 12:00:00,60,15.25,168.25,992.0,55.8
2026-07-27,7,24,2026-07-29 18:00:00,2 days 18:00:00,66,15.5,167.63,991.7,56.3
2026-07-27,7,24,2026-07-30 00:00:00,3 days 00:00:00,72,15.75,167.0,991.3,56.8
2026-07-27,7,24,2026-07-30 06:00:00,3 days 06:00:00,78,16.25,166.25,990.8,57.5
2026-07-27,7,24,2026-07-30 12:00:00,3 days 12:00:00,84,16.75,165.5,990.3,58.3
2026-07-27,7,24,2026-07-30 18:00:00,3 days 18:00:00,90,17.38,164.75,985.1,65.3
2026-07-27,7,24,2026-07-31 00:00:00,4 days 00:00:00,96,18.0,164.0,979.9,72.3
2026-07-27,7,24,2026-07-31 06:00:00,4 days 06:00:00,102,18.75,163.25,979.8,72.4
2026-07-27,7,24,2026-07-31 12:00:00,4 days 12:00:00,108,19.5,162.5,979.7,72.6
2026-07-27,7,24,2026-07-31 18:00:00,4 days 18:00:00,114,20.38,161.63,973.7,80.0
2026-07-27,7,24,2026-08-01 00:00:00,5 days 00:00:00,120,21.25,160.75,967.6,87.4
2026-07-27,7,24,2026-08-01 06:00:00,5 days 06:00:00,126,22.13,160.0,965.2,90.2
2026-07-27,7,24,2026-08-01 12:00:00,5 days 12:00:00,132,23.0,159.25,962.8,93.0
2026-07-27,7,24,2026-08-01 18:00:00,5 days 18:00:00,138,23.75,158.5,961.7,94.3
2026-07-27,7,24,2026-08-02 00:00:00,6 days 00:00:00,144,24.5,157.75,960.6,95.5
2026-07-27,7,24,2026-08-02 06:00:00,6 days 06:00:00,150,25.5,157.13,962.0,93.9
2026-07-27,7,24,2026-08-02 12:00:00,6 days 12:00:00,156,26.5,156.5,963.4,92.3
2026-07-27,7,24,2026-08-02 18:00:00,6 days 18:00:00,162,27.25,155.38,965.2,90.2
2026-07-27,7,24,2026-08-03 00:00:00,7 days 00:00:00,168,28.0,154.25,967.1,88.1
2026-07-27,7,24,2026-08-03 06:00:00,7 days 06:00:00,174,28.63,153.63,968.4,86.5
2026-07-27,7,24,2026-08-03 12:00:00,7 days 12:00:00,180,29.25,153.0,969.7,85.0
2026-07-27,7,24,2026-08-03 18:00:00,7 days 18:00:00,186,30.25,152.13,970.1,84.5
2026-07-27,7,24,2026-08-04 00:00:00,8 days 00:00:00,192,31.25,151.25,970.5,84.0
2026-07-27,7,24,2026-08-04 06:00:00,8 days 06:00:00,198,32.0,150.88,974.0,79.7
2026-07-27,7,24,2026-08-04 12:00:00,8 days 12:00:00,204,32.75,150.5,977.5,75.4
2026-07-27,7,24,2026-08-04 18:00:00,8 days 18:00:00,210,33.5,149.88,979.9,72.4
2026-07-27,7,24,2026-08-05 00:00:00,9 days 00:00:00,216,34.25,149.25,982.3,69.3
2026-07-27,7,24,2026-08-05 06:00:00,9 days 06:00:00,222,35.38,148.76,984.1,66.8
2026-07-27,7,24,2026-08-05 12:00:00,9 days 12:00:00,228,36.5,148.25,985.9,64.4
2026-07-27,7,24,2026-08-05 18:00:00,9 days 18:00:00,234,37.5,148.37,986.7,63.4
2026-07-27,7,24,2026-08-06 00:00:00,10 days 00:00:00,240,38.5,148.5,987.4,62.4
2026-07-27,7,24,2026-08-06 06:00:00,10 days 06:00:00,246,38.88,148.87,989.1,59.9
2026-07-27,7,24,2026-08-06 12:00:00,10 days 12:00:00,252,39.25,149.25,990.9,57.5
2026-07-27,7,24,2026-08-06 18:00:00,10 days 18:00:00,258,39.62,149.25,991.9,56.0
2026-07-27,7,24,2026-08-07 00:00:00,11 days 00:00:00,264,40.0,149.25,993.0,54.4
2026-07-27,7,24,2026-08-07 06:00:00,11 days 06:00:00,270,40.75,149.25,996.1,49.7
2026-07-27,7,24,2026-08-07 12:00:00,11 days 12:00:00,276,41.5,149.25,999.1,45.0
2026-07-27,8,24,2026-07-27 12:00:00,0 days 12:00:00,12,22.0,55.75,995.3,51.0
2026-07-27,8,24,2026-07-27 18:00:00,0 days 18:00:00,18,23.89,54.62,994.9,51.6
2026-07-27,8,24,2026-07-28 00:00:00,1 days 00:00:00,24,25.77,53.45,994.5,52.2
2026-07-27,8,24,2026-07-28 06:00:00,1 days 06:00:00,30,27.64,52.24,994.1,52.8
2026-07-27,8,24,2026-07-28 12:00:00,1 days 12:00:00,36,29.5,51.0,993.7,53.4
2026-07-27,8,24,2026-07-28 18:00:00,1 days 18:00:00,42,30.89,57.05,993.3,54.0
2026-07-27,8,24,2026-07-29 00:00:00,2 days 00:00:00,48,32.0,63.25,992.8,54.7
2026-07-27,8,24,2026-07-29 06:00:00,2 days 06:00:00,54,31.63,63.0,992.0,55.9
2026-07-27,8,24,2026-07-29 12:00:00,2 days 12:00:00,60,31.25,62.75,991.1,57.1
2026-07-27,8,24,2026-07-29 18:00:00,2 days 18:00:00,66,31.63,63.0,992.8,54.7
2026-07-27,8,24,2026-07-30 00:00:00,3 days 00:00:00,72,32.0,63.25,994.5,52.2
2026-07-27,8,24,2026-07-30 06:00:00,3 days 06:00:00,78,32.0,63.06,994.6,52.0
2026-07-27,8,24,2026-07-30 12:00:00,3 days 12:00:00,84,32.0,62.87,994.8,51.7
2026-07-27,8,24,2026-07-30 18:00:00,3 days 18:00:00,90,32.0,62.69,995.0,51.5
2026-07-27,8,24,2026-07-31 00:00:00,4 days 00:00:00,96,32.0,62.5,995.1,51.2
2026-07-27,8,24,2026-07-31 06:00:00,4 days 06:00:00,102,31.75,62.25,993.5,53.6
2026-07-27,8,24,2026-07-31 12:00:00,4 days 12:00:00,108,31.5,62.0,991.9,56.0
2026-07-27,9,24,2026-08-04 12:00:00,8 days 12:00:00,204,17.0,157.0,1003.4,38.0
2026-07-27,9,24,2026-08-04 18:00:00,8 days 18:00:00,210,16.88,156.5,1002.9,38.8
2026-07-27,9,24,2026-08-05 00:00:00,9 days 00:00:00,216,16.75,156.0,1002.4,39.6
2026-07-27,9,24,2026-08-05 06:00:00,9 days 06:00:00,222,17.13,156.0,1002.1,40.2
2026-07-27,9,24,2026-08-05 12:00:00,9 days 12:00:00,228,17.5,156.0,1001.8,40.7
2026-07-27,9,24,2026-08-05 18:00:00,9 days 18:00:00,234,17.82,154.82,1000.5,42.7
2026-07-27,9,24,2026-08-06 00:00:00,10 days 00:00:00,240,18.14,153.63,999.3,44.7
2026-07-27,9,24,2026-08-06 06:00:00,10 days 06:00:00,246,18.45,152.44,998.1,46.6
2026-07-27,9,24,2026-08-06 12:00:00,10 days 12:00:00,252,18.75,151.25,996.9,48.6
2026-07-27,9,24,2026-08-06 18:00:00,10 days 18:00:00,258,19.0,150.38,994.9,51.5
2026-07-27,9,24,2026-08-07 00:00:00,11 days 00:00:00,264,19.25,149.5,993.0,54.4
2026-07-27,9,24,2026-08-07 06:00:00,11 days 06:00:00,270,19.13,148.12,992.9,54.6
2026-07-27,9,24,2026-08-07 12:00:00,11 days 12:00:00,276,19.0,146.75,992.7,54.9
2026-07-27,9,24,2026-08-07 18:00:00,11 days 18:00:00,282,19.63,146.38,992.2,55.5
2026-07-27,9,24,2026-08-08 00:00:00,12 days 00:00:00,288,20.25,146.0,991.8,56.2
2026-07-27,9,24,2026-08-08 06:00:00,12 days 06:00:00,294,19.88,144.75,991.3,56.9
2026-07-27,9,24,2026-08-08 12:00:00,12 days 12:00:00,300,19.5,143.5,990.8,57.7
2026-07-27,9,24,2026-08-08 18:00:00,12 days 18:00:00,306,20.25,143.62,988.2,61.2
2026-07-27,9,24,2026-08-09 00:00:00,13 days 00:00:00,312,21.0,143.75,985.7,64.7
2026-07-27,9,24,2026-08-09 06:00:00,13 days 06:00:00,318,21.75,142.76,983.0,68.3
2026-07-27,9,24,2026-08-09 12:00:00,13 days 12:00:00,324,22.5,141.75,980.3,71.8
2026-07-27,9,24,2026-08-09 18:00:00,13 days 18:00:00,330,23.38,141.0,974.3,79.2
2026-07-27,9,24,2026-08-10 00:00:00,14 days 00:00:00,336,24.25,140.25,968.3,86.6
2026-07-27,9,24,2026-08-10 06:00:00,14 days 06:00:00,342,25.0,139.26,965.8,89.6
2026-07-27,9,24,2026-08-10 12:00:00,14 days 12:00:00,348,25.75,138.25,963.2,92.5
2026-07-27,9,24,2026-08-10 18:00:00,14 days 18:00:00,354,26.13,137.38,959.0,97.3
2026-07-27,9,24,2026-08-11 00:00:00,15 days 00:00:00,360,26.5,136.5,954.8,102.0
2026-07-27,1,25,2026-07-27 00:00:00,0 days 00:00:00,0,20.0,-143.0,995.2,51.2
2026-07-27,1,25,2026-07-27 06:00:00,0 days 06:00:00,6,20.38,-144.5,995.8,50.2
2026-07-27,1,25,2026-07-27 12:00:00,0 days 12:00:00,12,20.75,-146.0,996.5,49.2
2026-07-27,1,25,2026-07-27 18:00:00,0 days 18:00:00,18,21.0,-147.25,1000.3,43.0
2026-07-27,1,25,2026-07-28 00:00:00,1 days 00:00:00,24,21.25,-148.5,1004.0,36.8
2026-07-27,1,25,2026-07-28 06:00:00,1 days 06:00:00,30,21.45,-149.5,1004.7,35.7
2026-07-27,1,25,2026-07-28 12:00:00,1 days 12:00:00,36,21.64,-150.49,1005.3,34.5
2026-07-27,1,25,2026-07-28 18:00:00,1 days 18:00:00,42,21.82,-151.5,1006.0,33.3
2026-07-27,1,25,2026-07-29 00:00:00,2 days 00:00:00,48,22.0,-152.5,1006.6,32.1
2026-07-27,10,25,2026-08-05 00:00:00,9 days 00:00:00,216,14.75,155.75,1000.0,43.7
2026-07-27,10,25,2026-08-05 06:00:00,9 days 06:00:00,222,15.25,156.12,999.3,44.7
2026-07-27,10,25,2026-08-05 12:00:00,9 days 12:00:00,228,15.75,156.5,998.7,45.7
2026-07-27,10,25,2026-08-05 18:00:00,9 days 18:00:00,234,15.5,155.25,997.8,47.1
2026-07-27,10,25,2026-08-06 00:00:00,10 days 00:00:00,240,15.25,154.0,997.0,48.4
2026-07-27,10,25,2026-08-06 06:00:00,10 days 06:00:00,246,15.51,155.5,996.6,49.0
2026-07-27,10,25,2026-08-06 12:00:00,10 days 12:00:00,252,15.75,157.0,996.2,49.6
2026-07-27,10,25,2026-08-06 18:00:00,10 days 18:00:00,258,17.13,157.5,993.3,53.9
2026-07-27,10,25,2026-08-07 00:00:00,11 days 00:00:00,264,18.5,158.0,990.3,58.3
2026-07-27,10,25,2026-08-07 06:00:00,11 days 06:00:00,270,20.0,158.74,990.1,58.6
2026-07-27,10,25,2026-08-07 12:00:00,11 days 12:00:00,276,21.5,159.5,989.8,59.0
2026-07-27,10,25,2026-08-07 18:00:00,11 days 18:00:00,282,23.63,159.13,988.8,60.5
2026-07-27,10,25,2026-08-08 00:00:00,12 days 00:00:00,288,25.75,158.75,987.7,61.9
2026-07-27,10,25,2026-08-08 06:00:00,12 days 06:00:00,294,26.75,157.88,986.2,64.0
2026-07-27,10,25,2026-08-08 12:00:00,12 days 12:00:00,300,27.75,157.0,984.7,66.1
2026-07-27,10,25,2026-08-08 18:00:00,12 days 18:00:00,306,27.88,155.88,984.0,67.0
2026-07-27,10,25,2026-08-09 00:00:00,13 days 00:00:00,312,28.0,154.75,983.3,68.0
2026-07-27,10,25,2026-08-09 06:00:00,13 days 06:00:00,318,28.25,154.13,983.8,67.2
2026-07-27,10,25,2026-08-09 12:00:00,13 days 12:00:00,324,28.5,153.5,984.4,66.5
2026-07-27,10,25,2026-08-09 18:00:00,13 days 18:00:00,330,28.5,152.75,984.0,67.0
2026-07-27,10,25,2026-08-10 00:00:00,14 days 00:00:00,336,28.5,152.0,983.6,67.6
2026-07-27,10,25,2026-08-10 06:00:00,14 days 06:00:00,342,28.75,151.88,983.5,67.7
2026-07-27,10,25,2026-08-10 12:00:00,14 days 12:00:00,348,29.0,151.75,983.4,67.8
2026-07-27,10,25,2026-08-10 18:00:00,14 days 18:00:00,354,29.63,151.38,982.7,68.6
2026-07-27,10,25,2026-08-11 00:00:00,15 days 00:00:00,360,30.25,151.0,982.1,69.5
2026-07-27,5,25,2026-07-27 00:00:00,0 days 00:00:00,0,14.5,-110.75,972.9,81.1
2026-07-27,5,25,2026-07-27 06:00:00,0 days 06:00:00,6,15.25,-111.75,976.0,77.2
2026-07-27,5,25,2026-07-27 12:00:00,0 days 12:00:00,12,16.0,-112.75,979.2,73.3
2026-07-27,5,25,2026-07-27 18:00:00,0 days 18:00:00,18,16.5,-113.5,980.1,72.1
2026-07-27,5,25,2026-07-28 00:00:00,1 days 00:00:00,24,17.0,-114.25,980.9,71.0
2026-07-27,5,25,2026-07-28 06:00:00,1 days 06:00:00,30,17.5,-114.75,981.6,70.1
2026-07-27,5,25,2026-07-28 12:00:00,1 days 12:00:00,36,18.0,-115.25,982.3,69.2
2026-07-27,5,25,2026-07-28 18:00:00,1 days 18:00:00,42,18.13,-116.0,978.9,73.5
2026-07-27,5,25,2026-07-29 00:00:00,2 days 00:00:00,48,18.25,-116.75,975.6,77.8
2026-07-27,5,25,2026-07-29 06:00:00,2 days 06:00:00,54,18.25,-117.38,976.4,76.8
2026-07-27,5,25,2026-07-29 12:00:00,2 days 12:00:00,60,18.25,-118.0,977.2,75.7
2026-07-27,5,25,2026-07-29 18:00:00,2 days 18:00:00,66,18.63,-118.75,979.3,73.0
2026-07-27,5,25,2026-07-30 00:00:00,3 days 00:00:00,72,19.0,-119.5,981.5,70.3
2026-07-27,5,25,2026-07-30 06:00:00,3 days 06:00:00,78,19.25,-120.37,984.8,65.9
2026-07-27,5,25,2026-07-30 12:00:00,3 days 12:00:00,84,19.5,-121.25,988.1,61.4
2026-07-27,5,25,2026-07-30 18:00:00,3 days 18:00:00,90,19.88,-122.37,987.3,62.5
2026-07-27,5,25,2026-07-31 00:00:00,4 days 00:00:00,96,20.25,-123.5,986.5,63.6
2026-07-27,5,25,2026-07-31 06:00:00,4 days 06:00:00,102,20.38,-124.62,988.1,61.3
2026-07-27,5,25,2026-07-31 12:00:00,4 days 12:00:00,108,20.5,-125.75,989.8,59.1
2026-07-27,5,25,2026-07-31 18:00:00,4 days 18:00:00,114,20.5,-126.63,992.8,54.6
2026-07-27,5,25,2026-08-01 00:00:00,5 days 00:00:00,120,20.5,-127.5,995.9,50.1
2026-07-27,5,25,2026-08-01 06:00:00,5 days 06:00:00,126,20.88,-128.75,998.0,46.9
2026-07-27,5,25,2026-08-01 12:00:00,5 days 12:00:00,132,21.25,-130.0,1000.0,43.6
2026-07-27,5,25,2026-08-01 18:00:00,5 days 18:00:00,138,21.51,-131.5,1001.2,41.6
2026-07-27,5,25,2026-08-02 00:00:00,6 days 00:00:00,144,21.75,-133.0,1002.4,39.6
2026-07-27,5,25,2026-08-02 06:00:00,6 days 06:00:00,150,22.26,-134.37,1001.7,40.8
2026-07-27,5,25,2026-08-02 12:00:00,6 days 12:00:00,156,22.75,-135.75,1001.0,42.1
2026-07-27,5,25,2026-08-02 18:00:00,6 days 18:00:00,162,23.63,-137.24,1001.0,42.1
2026-07-27,5,25,2026-08-03 00:00:00,7 days 00:00:00,168,24.5,-138.75,1001.0,42.0
2026-07-27,5,25,2026-08-03 06:00:00,7 days 06:00:00,174,25.0,-139.87,1002.0,40.3
2026-07-27,5,25,2026-08-03 12:00:00,7 days 12:00:00,180,25.5,-141.0,1003.0,38.5
2026-07-27,5,25,2026-08-03 18:00:00,7 days 18:00:00,186,26.13,-141.5,1004.6,35.8
2026-07-27,5,25,2026-08-04 00:00:00,8 days 00:00:00,192,26.75,-142.0,1006.1,33.1
2026-07-27,5,25,2026-08-04 06:00:00,8 days 06:00:00,198,27.75,-142.12,1007.8,29.8
2026-07-27,5,25,2026-08-04 12:00:00,8 days 12:00:00,204,28.75,-142.25,1009.6,26.4
2026-07-27,6,25,2026-07-27 00:00:00,0 days 00:00:00,0,21.25,88.5,992.6,54.9
2026-07-27,6,25,2026-07-27 06:00:00,0 days 06:00:00,6,21.38,88.5,992.1,55.7
2026-07-27,6,25,2026-07-27 12:00:00,0 days 12:00:00,12,21.5,88.5,991.6,56.5
2026-07-27,6,25,2026-07-27 18:00:00,0 days 18:00:00,18,21.88,88.25,992.3,55.5
2026-07-27,6,25,2026-07-28 00:00:00,1 days 00:00:00,24,22.25,88.0,993.0,54.4
2026-07-27,6,25,2026-07-28 06:00:00,1 days 06:00:00,30,22.26,87.19,993.4,53.8
2026-07-27,6,25,2026-07-28 12:00:00,1 days 12:00:00,36,22.26,86.38,993.9,53.1
2026-07-27,6,25,2026-07-28 18:00:00,1 days 18:00:00,42,22.26,85.56,994.3,52.5
2026-07-27,6,25,2026-07-29 00:00:00,2 days 00:00:00,48,22.25,84.75,994.7,51.9
2026-07-27,7,25,2026-07-27 00:00:00,0 days 00:00:00,0,12.75,178.25,1002.3,39.9
2026-07-27,7,25,2026-07-27 06:00:00,0 days 06:00:00,6,12.88,176.88,1001.8,40.7
2026-07-27,7,25,2026-07-27 12:00:00,0 days 12:00:00,12,13.0,175.5,1001.3,41.6
2026-07-27,7,25,2026-07-27 18:00:00,0 days 18:00:00,18,13.0,174.38,1000.2,43.3
2026-07-27,7,25,2026-07-28 00:00:00,1 days 00:00:00,24,13.0,173.25,999.1,45.0
2026-07-27,7,25,2026-07-28 06:00:00,1 days 06:00:00,30,13.38,172.38,997.9,47.0
2026-07-27,7,25,2026-07-28 12:00:00,1 days 12:00:00,36,13.75,171.5,996.6,49.0
2026-07-27,7,25,2026-07-28 18:00:00,1 days 18:00:00,42,14.0,171.0,993.5,53.7
2026-07-27,7,25,2026-07-29 00:00:00,2 days 00:00:00,48,14.25,170.5,990.3,58.3
2026-07-27,7,25,2026-07-29 06:00:00,2 days 06:00:00,54,15.0,169.75,986.3,63.7
2026-07-27,7,25,2026-07-29 12:00:00,2 days 12:00:00,60,15.75,169.0,982.4,69.1
2026-07-27,7,25,2026-07-29 18:00:00,2 days 18:00:00,66,16.0,168.5,979.7,72.5
2026-07-27,7,25,2026-07-30 00:00:00,3 days 00:00:00,72,16.25,168.0,977.1,75.9
2026-07-27,7,25,2026-07-30 06:00:00,3 days 06:00:00,78,16.75,167.25,976.8,76.3
2026-07-27,7,25,2026-07-30 12:00:00,3 days 12:00:00,84,17.25,166.5,976.5,76.7
2026-07-27,7,25,2026-07-30 18:00:00,3 days 18:00:00,90,17.88,165.63,973.3,80.5
2026-07-27,7,25,2026-07-31 00:00:00,4 days 00:00:00,96,18.5,164.75,970.2,84.4
2026-07-27,7,25,2026-07-31 06:00:00,4 days 06:00:00,102,19.13,163.88,964.8,90.7
2026-07-27,7,25,2026-07-31 12:00:00,4 days 12:00:00,108,19.75,163.0,959.4,96.9
2026-07-27,7,25,2026-07-31 18:00:00,4 days 18:00:00,114,20.63,162.01,960.7,95.5
2026-07-27,7,25,2026-08-01 00:00:00,5 days 00:00:00,120,21.5,161.0,961.9,94.0
2026-07-27,7,25,2026-08-01 06:00:00,5 days 06:00:00,126,22.38,159.76,961.4,94.6
2026-07-27,7,25,2026-08-01 12:00:00,5 days 12:00:00,132,23.25,158.5,960.9,95.2
2026-07-27,7,25,2026-08-01 18:00:00,5 days 18:00:00,138,24.13,157.51,959.8,96.4
2026-07-27,7,25,2026-08-02 00:00:00,6 days 00:00:00,144,25.0,156.5,958.8,97.5
2026-07-27,7,25,2026-08-02 06:00:00,6 days 06:00:00,150,25.88,155.38,961.4,94.6
2026-07-27,7,25,2026-08-02 12:00:00,6 days 12:00:00,156,26.75,154.25,964.1,91.6
2026-07-27,7,25,2026-08-02 18:00:00,6 days 18:00:00,162,27.5,153.38,967.0,88.1
2026-07-27,7,25,2026-08-03 00:00:00,7 days 00:00:00,168,28.25,152.5,969.9,84.7
2026-07-27,7,25,2026-08-03 06:00:00,7 days 06:00:00,174,29.13,151.88,969.7,85.0
2026-07-27,7,25,2026-08-03 12:00:00,7 days 12:00:00,180,30.0,151.25,969.4,85.3
2026-07-27,7,25,2026-08-03 18:00:00,7 days 18:00:00,186,30.38,150.25,970.6,83.9
2026-07-27,7,25,2026-08-04 00:00:00,8 days 00:00:00,192,30.75,149.25,971.7,82.6
2026-07-27,7,25,2026-08-04 06:00:00,8 days 06:00:00,198,30.75,148.38,971.0,83.4
2026-07-27,7,25,2026-08-04 12:00:00,8 days 12:00:00,204,30.75,147.5,970.3,84.3
2026-07-27,7,25,2026-08-04 18:00:00,8 days 18:00:00,210,31.25,146.75,969.6,85.1
2026-07-27,7,25,2026-08-05 00:00:00,9 days 00:00:00,216,31.75,146.0,968.8,86.0
2026-07-27,7,25,2026-08-05 06:00:00,9 days 06:00:00,222,31.88,145.5,970.7,83.8
2026-07-27,7,25,2026-08-05 12:00:00,9 days 12:00:00,228,32.0,145.0,972.5,81.6
2026-07-27,7,25,2026-08-05 18:00:00,9 days 18:00:00,234,32.25,144.63,972.7,81.4
2026-07-27,7,25,2026-08-06 00:00:00,10 days 00:00:00,240,32.5,144.25,972.8,81.2
2026-07-27,7,25,2026-08-06 06:00:00,10 days 06:00:00,246,32.75,143.88,975.1,78.4
2026-07-27,7,25,2026-08-06 12:00:00,10 days 12:00:00,252,33.0,143.5,977.3,75.6
2026-07-27,7,25,2026-08-06 18:00:00,10 days 18:00:00,258,33.13,142.88,977.5,75.4
2026-07-27,7,25,2026-08-07 00:00:00,11 days 00:00:00,264,33.25,142.25,977.7,75.1
2026-07-27,7,25,2026-08-07 06:00:00,11 days 06:00:00,270,33.63,141.88,977.1,75.9
2026-07-27,7,25,2026-08-07 12:00:00,11 days 12:00:00,276,34.0,141.5,976.4,76.8
2026-07-27,7,25,2026-08-07 18:00:00,11 days 18:00:00,282,34.75,141.13,980.6,71.3
2026-07-27,7,25,2026-08-08 00:00:00,12 days 00:00:00,288,35.5,140.75,984.9,65.8
2026-07-27,7,25,2026-08-08 06:00:00,12 days 06:00:00,294,36.75,139.89,990.1,58.4
2026-07-27,7,25,2026-08-08 12:00:00,12 days 12:00:00,300,38.0,139.0,995.3,51.0
2026-07-27,7,25,2026-08-08 18:00:00,12 days 18:00:00,306,38.25,138.88,996.5,49.2
2026-07-27,7,25,2026-08-09 00:00:00,13 days 00:00:00,312,38.5,138.75,997.7,47.4
2026-07-27,7,25,2026-08-09 06:00:00,13 days 06:00:00,318,39.88,139.48,998.0,46.8
2026-07-27,7,25,2026-08-09 12:00:00,13 days 12:00:00,324,41.25,140.25,998.3,46.3
2026-07-27,8,25,2026-07-29 00:00:00,2 days 00:00:00,48,32.25,63.25,993.5,53.7
2026-07-27,8,25,2026-07-29 06:00:00,2 days 06:00:00,54,31.75,62.87,992.6,55.0
2026-07-27,8,25,2026-07-29 12:00:00,2 days 12:00:00,60,31.25,62.5,991.7,56.3
2026-07-27,8,25,2026-07-29 18:00:00,2 days 18:00:00,66,31.63,62.62,992.4,55.3
2026-07-27,8,25,2026-07-30 00:00:00,3 days 00:00:00,72,32.0,62.75,993.1,54.3
2026-07-27,8,25,2026-07-30 06:00:00,3 days 06:00:00,78,31.94,62.81,993.1,54.2
2026-07-27,8,25,2026-07-30 12:00:00,3 days 12:00:00,84,31.88,62.88,993.2,54.2
2026-07-27,8,25,2026-07-30 18:00:00,3 days 18:00:00,90,31.81,62.94,993.2,54.1
2026-07-27,8,25,2026-07-31 00:00:00,4 days 00:00:00,96,31.75,63.0,993.3,54.0
2026-07-27,8,25,2026-07-31 06:00:00,4 days 06:00:00,102,31.5,62.75,992.2,55.6
2026-07-27,8,25,2026-07-31 12:00:00,4 days 12:00:00,108,31.25,62.5,991.1,57.1
2026-07-27,9,25,2026-08-01 12:00:00,5 days 12:00:00,132,16.0,128.75,1002.8,38.9
2026-07-27,9,25,2026-08-01 18:00:00,5 days 18:00:00,138,16.13,127.5,1002.0,40.3
2026-07-27,9,25,2026-08-02 00:00:00,6 days 00:00:00,144,16.25,126.25,1001.2,41.6
2026-07-27,9,25,2026-08-02 06:00:00,6 days 06:00:00,150,16.13,125.75,1000.0,43.7
2026-07-27,9,25,2026-08-02 12:00:00,6 days 12:00:00,156,16.0,125.25,998.7,45.7
2026-07-27,9,25,2026-08-02 18:00:00,6 days 18:00:00,162,16.0,124.25,996.6,49.0
2026-07-27,9,25,2026-08-03 00:00:00,7 days 00:00:00,168,16.0,123.25,994.4,52.3
2026-07-27,9,25,2026-08-03 06:00:00,7 days 06:00:00,174,16.0,122.75,996.8,48.6
2026-07-27,9,25,2026-08-03 12:00:00,7 days 12:00:00,180,16.0,122.25,999.3,44.8
2026-07-27,9,25,2026-08-03 18:00:00,7 days 18:00:00,186,17.0,121.13,1000.5,42.7
2026-07-27,9,25,2026-08-04 00:00:00,8 days 00:00:00,192,18.0,120.0,1001.8,40.6
2026-07-27,9,25,2026-08-04 06:00:00,8 days 06:00:00,198,17.63,119.5,1000.3,43.2
2026-07-27,9,25,2026-08-04 12:00:00,8 days 12:00:00,204,17.25,119.0,998.7,45.7
2026-07-27,9,25,2026-08-04 18:00:00,8 days 18:00:00,210,17.38,118.88,996.8,48.7
2026-07-27,9,25,2026-08-05 00:00:00,9 days 00:00:00,216,17.5,118.75,994.9,51.6
2026-07-27,9,25,2026-08-05 06:00:00,9 days 06:00:00,222,17.62,118.75,992.9,54.6
2026-07-27,9,25,2026-08-05 12:00:00,9 days 12:00:00,228,17.75,118.75,990.8,57.6
2026-07-27,9,25,2026-08-05 18:00:00,9 days 18:00:00,234,17.75,119.12,990.3,58.3
2026-07-27,9,25,2026-08-06 00:00:00,10 days 00:00:00,240,17.75,119.5,989.8,59.1
2026-07-27,9,25,2026-08-06 06:00:00,10 days 06:00:00,246,18.0,119.62,989.8,59.0
2026-07-27,9,25,2026-08-06 12:00:00,10 days 12:00:00,252,18.25,119.75,989.9,58.9
2026-07-27,9,25,2026-08-06 18:00:00,10 days 18:00:00,258,18.25,119.75,990.0,58.7
2026-07-27,9,25,2026-08-07 00:00:00,11 days 00:00:00,264,18.25,119.75,990.2,58.5
2026-07-27,9,25,2026-08-07 06:00:00,11 days 06:00:00,270,18.13,119.62,988.8,60.4
2026-07-27,9,25,2026-08-07 12:00:00,11 days 12:00:00,276,18.0,119.5,987.5,62.2
2026-07-27,9,25,2026-08-07 18:00:00,11 days 18:00:00,282,18.0,119.12,985.8,64.5
2026-07-27,9,25,2026-08-08 00:00:00,12 days 00:00:00,288,18.0,118.75,984.1,66.8
2026-07-27,9,25,2026-08-08 06:00:00,12 days 06:00:00,294,17.75,118.12,984.2,66.7
2026-07-27,9,25,2026-08-08 12:00:00,12 days 12:00:00,300,17.5,117.5,984.3,66.6
2026-07-27,9,25,2026-08-08 18:00:00,12 days 18:00:00,306,17.63,117.0,983.9,67.0
2026-07-27,9,25,2026-08-09 00:00:00,13 days 00:00:00,312,17.75,116.5,983.6,67.5
2026-07-27,9,25,2026-08-09 06:00:00,13 days 06:00:00,318,17.63,116.25,983.1,68.2
2026-07-27,9,25,2026-08-09 12:00:00,13 days 12:00:00,324,17.5,116.0,982.5,69.0
2026-07-27,9,25,2026-08-09 18:00:00,13 days 18:00:00,330,17.63,115.25,980.4,71.7
2026-07-27,9,25,2026-08-10 00:00:00,14 days 00:00:00,336,17.75,114.5,978.2,74.5
2026-07-27,9,25,2026-08-10 06:00:00,14 days 06:00:00,342,17.88,114.13,975.9,77.4
2026-07-27,9,25,2026-08-10 12:00:00,14 days 12:00:00,348,18.0,113.75,973.6,80.2
2026-07-27,9,25,2026-08-10 18:00:00,14 days 18:00:00,354,18.5,113.13,973.5,80.4
2026-07-27,9,25,2026-08-11 00:00:00,15 days 00:00:00,360,19.0,112.5,973.4,80.5
2026-07-27,1,26,2026-07-27 00:00:00,0 days 00:00:00,0,20.0,-143.0,995.2,51.2
2026-07-27,1,26,2026-07-27 06:00:00,0 days 06:00:00,6,20.38,-144.37,995.8,50.2
2026-07-27,1,26,2026-07-27 12:00:00,0 days 12:00:00,12,20.75,-145.75,996.5,49.1
2026-07-27,1,26,2026-07-27 18:00:00,0 days 18:00:00,18,20.88,-147.37,1000.5,42.6
2026-07-27,1,26,2026-07-28 00:00:00,1 days 00:00:00,24,21.0,-149.0,1004.4,36.1
2026-07-27,5,26,2026-07-27 00:00:00,0 days 00:00:00,0,14.5,-110.75,972.9,81.1
2026-07-27,5,26,2026-07-27 06:00:00,0 days 06:00:00,6,15.25,-111.5,974.8,78.8
2026-07-27,5,26,2026-07-27 12:00:00,0 days 12:00:00,12,16.0,-112.25,976.6,76.5
2026-07-27,5,26,2026-07-27 18:00:00,0 days 18:00:00,18,16.5,-113.25,980.2,71.8
2026-07-27,5,26,2026-07-28 00:00:00,1 days 00:00:00,24,17.0,-114.25,983.9,67.2
2026-07-27,5,26,2026-07-28 06:00:00,1 days 06:00:00,30,17.38,-114.75,983.6,67.6
2026-07-27,5,26,2026-07-28 12:00:00,1 days 12:00:00,36,17.75,-115.25,983.3,68.0
2026-07-27,5,26,2026-07-28 18:00:00,1 days 18:00:00,42,18.0,-116.0,984.9,65.7
2026-07-27,5,26,2026-07-29 00:00:00,2 days 00:00:00,48,18.25,-116.75,986.5,63.5
2026-07-27,5,26,2026-07-29 06:00:00,2 days 06:00:00,54,18.38,-117.5,986.9,63.1
2026-07-27,5,26,2026-07-29 12:00:00,2 days 12:00:00,60,18.5,-118.25,987.2,62.7
2026-07-27,5,26,2026-07-29 18:00:00,2 days 18:00:00,66,19.0,-119.0,989.3,59.7
2026-07-27,5,26,2026-07-30 00:00:00,3 days 00:00:00,72,19.5,-119.75,991.3,56.8
2026-07-27,5,26,2026-07-30 06:00:00,3 days 06:00:00,78,19.75,-121.0,992.0,55.9
2026-07-27,5,26,2026-07-30 12:00:00,3 days 12:00:00,84,20.0,-122.25,992.7,54.9
2026-07-27,5,26,2026-07-30 18:00:00,3 days 18:00:00,90,20.5,-123.5,994.3,52.5
2026-07-27,5,26,2026-07-31 00:00:00,4 days 00:00:00,96,21.0,-124.75,995.9,50.1
2026-07-27,5,26,2026-07-31 06:00:00,4 days 06:00:00,102,21.38,-126.25,996.9,48.5
2026-07-27,5,26,2026-07-31 12:00:00,4 days 12:00:00,108,21.75,-127.75,997.9,46.9
2026-07-27,5,26,2026-07-31 18:00:00,4 days 18:00:00,114,22.25,-129.0,1001.1,41.7
2026-07-27,5,26,2026-08-01 00:00:00,5 days 00:00:00,120,22.75,-130.25,1004.2,36.5
2026-07-27,5,26,2026-08-01 06:00:00,5 days 06:00:00,126,23.13,-131.62,1005.5,34.1
2026-07-27,5,26,2026-08-01 12:00:00,5 days 12:00:00,132,23.5,-133.0,1006.9,31.7
2026-07-27,5,26,2026-08-01 18:00:00,5 days 18:00:00,138,24.13,-134.49,1007.8,29.9
2026-07-27,5,26,2026-08-02 00:00:00,6 days 00:00:00,144,24.75,-136.0,1008.7,28.1
2026-07-27,6,26,2026-07-27 00:00:00,0 days 00:00:00,0,21.25,88.5,992.6,54.9
2026-07-27,6,26,2026-07-27 06:00:00,0 days 06:00:00,6,21.25,88.5,992.4,55.3
2026-07-27,6,26,2026-07-27 12:00:00,0 days 12:00:00,12,21.25,88.5,992.2,55.7
2026-07-27,6,26,2026-07-27 18:00:00,0 days 18:00:00,18,21.75,88.0,992.8,54.7
2026-07-27,6,26,2026-07-28 00:00:00,1 days 00:00:00,24,22.25,87.5,993.4,53.8
2026-07-27,6,26,2026-07-28 06:00:00,1 days 06:00:00,30,22.01,85.87,993.2,54.1
2026-07-27,6,26,2026-07-28 12:00:00,1 days 12:00:00,36,21.75,84.25,993.0,54.4
2026-07-27,6,26,2026-07-28 18:00:00,1 days 18:00:00,42,21.75,84.25,993.6,53.6
2026-07-27,6,26,2026-07-29 00:00:00,2 days 00:00:00,48,21.75,84.25,994.1,52.8
2026-07-27,6,26,2026-07-29 06:00:00,2 days 06:00:00,54,25.52,86.55,994.5,52.2
2026-07-27,6,26,2026-07-29 12:00:00,2 days 12:00:00,60,29.25,89.0,994.9,51.6
2026-07-27,6,26,2026-07-29 18:00:00,2 days 18:00:00,66,29.25,89.06,994.6,52.0
2026-07-27,6,26,2026-07-30 00:00:00,3 days 00:00:00,72,29.25,89.12,994.3,52.5
2026-07-27,6,26,2026-07-30 06:00:00,3 days 06:00:00,78,29.25,89.19,994.0,52.9
2026-07-27,6,26,2026-07-30 12:00:00,3 days 12:00:00,84,29.25,89.25,993.7,53.4
2026-07-27,7,26,2026-07-27 00:00:00,0 days 00:00:00,0,12.75,178.25,1002.3,39.9
2026-07-27,7,26,2026-07-27 06:00:00,0 days 06:00:00,6,13.0,176.88,1001.7,40.8
2026-07-27,7,26,2026-07-27 12:00:00,0 days 12:00:00,12,13.25,175.5,1001.1,41.8
2026-07-27,7,26,2026-07-27 18:00:00,0 days 18:00:00,18,13.38,174.25,999.3,44.7
2026-07-27,7,26,2026-07-28 00:00:00,1 days 00:00:00,24,13.5,173.0,997.5,47.7
2026-07-27,7,26,2026-07-28 06:00:00,1 days 06:00:00,30,13.75,172.25,995.5,50.6
2026-07-27,7,26,2026-07-28 12:00:00,1 days 12:00:00,36,14.0,171.5,993.6,53.5
2026-07-27,7,26,2026-07-28 18:00:00,1 days 18:00:00,42,14.38,170.75,992.7,54.9
2026-07-27,7,26,2026-07-29 00:00:00,2 days 00:00:00,48,14.75,170.0,991.8,56.2
2026-07-27,7,26,2026-07-29 06:00:00,2 days 06:00:00,54,15.25,169.5,988.1,61.3
2026-07-27,7,26,2026-07-29 12:00:00,2 days 12:00:00,60,15.75,169.0,984.4,66.5
2026-07-27,7,26,2026-07-29 18:00:00,2 days 18:00:00,66,16.25,168.13,984.7,66.0
2026-07-27,7,26,2026-07-30 00:00:00,3 days 00:00:00,72,16.75,167.25,985.1,65.5
2026-07-27,7,26,2026-07-30 06:00:00,3 days 06:00:00,78,17.25,166.63,982.7,68.7
2026-07-27,7,26,2026-07-30 12:00:00,3 days 12:00:00,84,17.75,166.0,980.4,71.8
2026-07-27,7,26,2026-07-30 18:00:00,3 days 18:00:00,90,18.38,165.13,977.6,75.2
2026-07-27,7,26,2026-07-31 00:00:00,4 days 00:00:00,96,19.0,164.25,974.8,78.7
2026-07-27,7,26,2026-07-31 06:00:00,4 days 06:00:00,102,19.63,163.38,973.0,81.0
2026-07-27,7,26,2026-07-31 12:00:00,4 days 12:00:00,108,20.25,162.5,971.1,83.2
2026-07-27,7,26,2026-07-31 18:00:00,4 days 18:00:00,114,20.75,161.25,966.1,89.1
2026-07-27,7,26,2026-08-01 00:00:00,5 days 00:00:00,120,21.25,160.0,961.1,95.0
2026-07-27,7,26,2026-08-01 06:00:00,5 days 06:00:00,126,22.13,158.76,961.2,94.8
2026-07-27,7,26,2026-08-01 12:00:00,5 days 12:00:00,132,23.0,157.5,961.4,94.6
2026-07-27,7,26,2026-08-01 18:00:00,5 days 18:00:00,138,23.88,156.26,959.2,97.1
2026-07-27,7,26,2026-08-02 00:00:00,6 days 00:00:00,144,24.75,155.0,957.1,99.5
2026-07-27,7,26,2026-08-02 06:00:00,6 days 06:00:00,150,25.5,154.01,957.1,99.5
2026-07-27,7,26,2026-08-02 12:00:00,6 days 12:00:00,156,26.25,153.0,957.1,99.4
2026-07-27,7,26,2026-08-02 18:00:00,6 days 18:00:00,162,27.13,151.88,963.7,91.9
2026-07-27,7,26,2026-08-03 00:00:00,7 days 00:00:00,168,28.0,150.75,970.3,84.3
2026-07-27,7,26,2026-08-03 06:00:00,7 days 06:00:00,174,28.63,149.76,966.2,89.1
2026-07-27,7,26,2026-08-03 12:00:00,7 days 12:00:00,180,29.25,148.75,962.1,93.9
2026-07-27,7,26,2026-08-03 18:00:00,7 days 18:00:00,186,29.76,147.51,964.8,90.6
2026-07-27,7,26,2026-08-04 00:00:00,8 days 00:00:00,192,30.25,146.25,967.6,87.4
2026-07-27,7,26,2026-08-04 06:00:00,8 days 06:00:00,198,30.51,144.75,968.9,85.9
2026-07-27,7,26,2026-08-04 12:00:00,8 days 12:00:00,204,30.75,143.25,970.2,84.3
2026-07-27,7,26,2026-08-04 18:00:00,8 days 18:00:00,210,31.13,141.88,971.4,82.9
2026-07-27,7,26,2026-08-05 00:00:00,9 days 00:00:00,216,31.5,140.5,972.6,81.5
2026-07-27,7,26,2026-08-05 06:00:00,9 days 06:00:00,222,31.76,139.0,969.6,85.1
2026-07-27,7,26,2026-08-05 12:00:00,9 days 12:00:00,228,32.0,137.5,966.6,88.7
2026-07-27,7,26,2026-08-05 18:00:00,9 days 18:00:00,234,32.01,136.12,965.9,89.4
2026-07-27,7,26,2026-08-06 00:00:00,10 days 00:00:00,240,32.0,134.75,965.3,90.1
2026-07-27,7,26,2026-08-06 06:00:00,10 days 06:00:00,246,32.5,133.88,968.9,85.9
2026-07-27,7,26,2026-08-06 12:00:00,10 days 12:00:00,252,33.0,133.0,972.5,81.6
2026-07-27,7,26,2026-08-06 18:00:00,10 days 18:00:00,258,33.0,132.25,980.2,71.6
2026-07-27,7,26,2026-08-07 00:00:00,11 days 00:00:00,264,33.0,131.5,988.0,61.5
2026-07-27,7,26,2026-08-07 06:00:00,11 days 06:00:00,270,33.5,130.88,989.3,59.7
2026-07-27,7,26,2026-08-07 12:00:00,11 days 12:00:00,276,34.0,130.25,990.6,57.8
2026-07-27,7,26,2026-08-07 18:00:00,11 days 18:00:00,282,34.75,130.75,990.5,58.1
2026-07-27,7,26,2026-08-08 00:00:00,12 days 00:00:00,288,35.5,131.25,990.3,58.3
2026-07-27,7,26,2026-08-08 06:00:00,12 days 06:00:00,294,35.63,131.37,989.0,60.1
2026-07-27,7,26,2026-08-08 12:00:00,12 days 12:00:00,300,35.75,131.5,987.8,61.8
2026-07-27,7,26,2026-08-08 18:00:00,12 days 18:00:00,306,35.75,132.12,987.1,62.7
2026-07-27,7,26,2026-08-09 00:00:00,13 days 00:00:00,312,35.75,132.75,986.5,63.6
2026-07-27,7,26,2026-08-09 06:00:00,13 days 06:00:00,318,35.88,133.12,987.0,62.9
2026-07-27,7,26,2026-08-09 12:00:00,13 days 12:00:00,324,36.0,133.5,987.6,62.1
2026-07-27,7,26,2026-08-09 18:00:00,13 days 18:00:00,330,36.0,133.75,988.4,60.9
2026-07-27,7,26,2026-08-10 00:00:00,14 days 00:00:00,336,36.0,134.0,989.3,59.8
2026-07-27,7,26,2026-08-10 06:00:00,14 days 06:00:00,342,35.5,134.5,992.6,54.9
2026-07-27,7,26,2026-08-10 12:00:00,14 days 12:00:00,348,35.0,135.0,996.0,50.0
2026-07-27,7,26,2026-08-10 18:00:00,14 days 18:00:00,354,36.14,136.72,997.5,47.6
2026-07-27,7,26,2026-08-11 00:00:00,15 days 00:00:00,360,37.25,138.5,999.0,45.2
2026-07-27,8,26,2026-07-29 00:00:00,2 days 00:00:00,48,31.75,63.25,994.6,52.1
2026-07-27,8,26,2026-07-29 06:00:00,2 days 06:00:00,54,31.88,62.63,993.3,53.9
2026-07-27,8,26,2026-07-29 12:00:00,2 days 12:00:00,60,32.0,62.0,992.1,55.8
2026-07-27,8,26,2026-07-29 18:00:00,2 days 18:00:00,66,31.88,62.5,993.1,54.2
2026-07-27,8,26,2026-07-30 00:00:00,3 days 00:00:00,72,31.75,63.0,994.2,52.6
2026-07-27,8,26,2026-07-30 06:00:00,3 days 06:00:00,78,32.13,62.63,993.0,54.3
2026-07-27,8,26,2026-07-30 12:00:00,3 days 12:00:00,84,32.5,62.25,991.9,56.1
2026-07-27,8,26,2026-07-30 18:00:00,3 days 18:00:00,90,32.13,62.38,992.8,54.8
2026-07-27,8,26,2026-07-31 00:00:00,4 days 00:00:00,96,31.75,62.5,993.6,53.5
2026-07-27,8,26,2026-07-31 06:00:00,4 days 06:00:00,102,31.88,62.25,992.1,55.6
2026-07-27,8,26,2026-07-31 12:00:00,4 days 12:00:00,108,32.0,62.0,990.7,57.8
2026-07-27,8,26,2026-07-31 18:00:00,4 days 18:00:00,114,28.72,67.29,991.9,56.1
2026-07-27,8,26,2026-08-01 00:00:00,5 days 00:00:00,120,25.25,72.25,993.1,54.3
2026-07-27,8,26,2026-08-01 06:00:00,5 days 06:00:00,126,25.19,71.62,993.5,53.6
2026-07-27,8,26,2026-08-01 12:00:00,5 days 12:00:00,132,25.13,71.0,994.0,52.9
2026-07-27,8,26,2026-08-01 18:00:00,5 days 18:00:00,138,25.07,70.37,994.5,52.2
2026-07-27,8,26,2026-08-02 00:00:00,6 days 00:00:00,144,25.0,69.75,995.0,51.5
2026-07-27,8,26,2026-08-02 06:00:00,6 days 06:00:00,150,28.55,66.0,992.8,54.6
2026-07-27,8,26,2026-08-02 12:00:00,6 days 12:00:00,156,32.0,62.0,990.7,57.7
2026-07-27,8,26,2026-08-02 18:00:00,6 days 18:00:00,162,31.88,62.13,990.6,58.0
2026-07-27,8,26,2026-08-03 00:00:00,7 days 00:00:00,168,31.75,62.25,990.4,58.2
2026-07-27,8,26,2026-08-03 06:00:00,7 days 06:00:00,174,31.63,62.38,990.2,58.4
2026-07-27,8,26,2026-08-03 12:00:00,7 days 12:00:00,180,31.5,62.5,990.1,58.6
2026-07-27,8,26,2026-08-03 18:00:00,7 days 18:00:00,186,31.75,62.75,991.9,55.9
2026-07-27,8,26,2026-08-04 00:00:00,8 days 00:00:00,192,32.0,63.0,993.8,53.3
2026-07-27,8,26,2026-08-04 06:00:00,8 days 06:00:00,198,32.0,62.62,992.7,54.8
2026-07-27,8,26,2026-08-04 12:00:00,8 days 12:00:00,204,32.0,62.25,991.7,56.3
2026-07-27,8,26,2026-08-04 18:00:00,8 days 18:00:00,210,32.0,62.62,993.1,54.3
2026-07-27,8,26,2026-08-05 00:00:00,9 days 00:00:00,216,32.0,63.0,994.5,52.2
2026-07-27,8,26,2026-08-05 06:00:00,9 days 06:00:00,222,31.68,65.08,994.9,51.5
2026-07-27,8,26,2026-08-05 12:00:00,9 days 12:00:00,228,31.32,67.16,995.4,50.8
2026-07-27,8,26,2026-08-05 18:00:00,9 days 18:00:00,234,30.92,69.21,995.8,50.2
2026-07-27,8,26,2026-08-06 00:00:00,10 days 00:00:00,240,30.5,71.25,996.3,49.5
2026-07-27,9,26,2026-07-31 00:00:00,4 days 00:00:00,96,-47.5,-123.25,963.6,92.1
2026-07-27,9,26,2026-07-31 06:00:00,4 days 06:00:00,102,-47.34,-119.19,967.0,88.0
2026-07-27,9,26,2026-07-31 12:00:00,4 days 12:00:00,108,-47.03,-115.14,970.4,84.0
2026-07-27,9,26,2026-07-31 18:00:00,4 days 18:00:00,114,-46.58,-111.15,973.7,80.0
2026-07-27,9,26,2026-08-01 00:00:00,5 days 00:00:00,120,-46.0,-107.25,977.1,75.9
2026-07-27,9,26,2026-08-01 06:00:00,5 days 06:00:00,126,-47.0,-106.64,977.4,75.6
2026-07-27,9,26,2026-08-01 12:00:00,5 days 12:00:00,132,-48.0,-106.0,977.7,75.2
2026-07-27,9,26,2026-08-01 18:00:00,5 days 18:00:00,138,-47.89,-104.8,977.6,75.3
2026-07-27,9,26,2026-08-02 00:00:00,6 days 00:00:00,144,-47.77,-103.61,977.6,75.3
2026-07-27,9,26,2026-08-02 06:00:00,6 days 06:00:00,150,-47.64,-102.43,977.5,75.4
2026-07-27,9,26,2026-08-02 12:00:00,6 days 12:00:00,156,-47.5,-101.25,977.5,75.5
2026-07-27,9,26,2026-08-02 18:00:00,6 days 18:00:00,162,-48.38,-99.78,979.4,72.9
2026-07-27,9,26,2026-08-03 00:00:00,7 days 00:00:00,168,-49.25,-98.25,981.4,70.4
2026-07-27,1,27,2026-07-27 00:00:00,0 days 00:00:00,0,20.0,-143.0,995.2,51.2
2026-07-27,1,27,2026-07-27 06:00:00,0 days 06:00:00,6,20.26,-144.37,997.6,47.4
2026-07-27,1,27,2026-07-27 12:00:00,0 days 12:00:00,12,20.5,-145.75,1000.1,43.5
2026-07-27,1,27,2026-07-27 18:00:00,0 days 18:00:00,18,20.88,-146.87,1001.8,40.6
2026-07-27,1,27,2026-07-28 00:00:00,1 days 00:00:00,24,21.25,-148.0,1003.5,37.7
2026-07-27,10,27,2026-08-06 00:00:00,10 days 00:00:00,240,19.0,168.5,1002.7,39.2
2026-07-27,10,27,2026-08-06 06:00:00,10 days 06:00:00,246,19.31,168.87,1002.4,39.7
2026-07-27,10,27,2026-08-06 12:00:00,10 days 12:00:00,252,19.63,169.25,1002.1,40.2
2026-07-27,10,27,2026-08-06 18:00:00,10 days 18:00:00,258,19.94,169.62,1001.8,40.7
2026-07-27,10,27,2026-08-07 00:00:00,11 days 00:00:00,264,20.25,170.0,1001.5,41.2
2026-07-27,10,27,2026-08-07 06:00:00,11 days 06:00:00,270,21.38,170.3,1000.4,42.9
2026-07-27,10,27,2026-08-07 12:00:00,11 days 12:00:00,276,22.5,170.61,999.3,44.6
2026-07-27,10,27,2026-08-07 18:00:00,11 days 18:00:00,282,23.63,170.93,998.3,46.4
2026-07-27,10,27,2026-08-08 00:00:00,12 days 00:00:00,288,24.75,171.25,997.2,48.1
2026-07-27,10,27,2026-08-08 06:00:00,12 days 06:00:00,294,26.38,170.88,995.2,51.1
2026-07-27,10,27,2026-08-08 12:00:00,12 days 12:00:00,300,28.0,170.5,993.2,54.1
2026-07-27,10,27,2026-08-08 18:00:00,12 days 18:00:00,306,28.63,169.26,989.6,59.2
2026-07-27,10,27,2026-08-09 00:00:00,13 days 00:00:00,312,29.25,168.0,986.0,64.3
2026-07-27,10,27,2026-08-09 06:00:00,13 days 06:00:00,318,30.13,167.38,988.1,61.4
2026-07-27,10,27,2026-08-09 12:00:00,13 days 12:00:00,324,31.0,166.75,990.2,58.5
2026-07-27,10,27,2026-08-09 18:00:00,13 days 18:00:00,330,31.88,166.13,992.0,55.8
2026-07-27,10,27,2026-08-10 00:00:00,14 days 00:00:00,336,32.75,165.5,993.9,53.1
2026-07-27,10,27,2026-08-10 06:00:00,14 days 06:00:00,342,33.75,164.76,996.1,49.7
2026-07-27,10,27,2026-08-10 12:00:00,14 days 12:00:00,348,34.75,164.0,998.3,46.3
2026-07-27,10,27,2026-08-10 18:00:00,14 days 18:00:00,354,35.25,163.63,1000.3,43.0
2026-07-27,10,27,2026-08-11 00:00:00,15 days 00:00:00,360,35.75,163.25,1002.3,39.8
2026-07-27,11,27,2026-08-08 12:00:00,12 days 12:00:00,300,12.75,-24.25,1010.4,24.7
2026-07-27,11,27,2026-08-08 18:00:00,12 days 18:00:00,306,13.13,-25.87,1010.5,24.5
2026-07-27,11,27,2026-08-09 00:00:00,13 days 00:00:00,312,13.5,-27.5,1010.5,24.4
2026-07-27,11,27,2026-08-09 06:00:00,13 days 06:00:00,318,13.38,-28.25,1010.1,25.2
2026-07-27,11,27,2026-08-09 12:00:00,13 days 12:00:00,324,13.25,-29.0,1009.7,26.1
2026-07-27,11,27,2026-08-09 18:00:00,13 days 18:00:00,330,14.13,-30.37,1009.9,25.8
2026-07-27,11,27,2026-08-10 00:00:00,14 days 00:00:00,336,15.0,-31.75,1010.0,25.5
2026-07-27,11,27,2026-08-10 06:00:00,14 days 06:00:00,342,14.75,-33.13,1009.9,25.7
2026-07-27,11,27,2026-08-10 12:00:00,14 days 12:00:00,348,14.5,-34.5,1009.8,25.9
2026-07-27,11,27,2026-08-10 18:00:00,14 days 18:00:00,354,14.5,-36.0,1009.2,27.1
2026-07-27,11,27,2026-08-11 00:00:00,15 days 00:00:00,360,14.5,-37.5,1008.6,28.4
2026-07-27,5,27,2026-07-27 00:00:00,0 days 00:00:00,0,14.5,-110.75,972.9,81.1
2026-07-27,5,27,2026-07-27 06:00:00,0 days 06:00:00,6,15.25,-111.5,975.1,78.4
2026-07-27,5,27,2026-07-27 12:00:00,0 days 12:00:00,12,16.0,-112.25,977.2,75.7
2026-07-27,5,27,2026-07-27 18:00:00,0 days 18:00:00,18,16.5,-113.25,978.1,74.6
2026-07-27,5,27,2026-07-28 00:00:00,1 days 00:00:00,24,17.0,-114.25,979.0,73.5
2026-07-27,5,27,2026-07-28 06:00:00,1 days 06:00:00,30,17.38,-114.87,980.7,71.3
2026-07-27,5,27,2026-07-28 12:00:00,1 days 12:00:00,36,17.75,-115.5,982.4,69.1
2026-07-27,5,27,2026-07-28 18:00:00,1 days 18:00:00,42,17.88,-116.12,981.9,69.8
2026-07-27,5,27,2026-07-29 00:00:00,2 days 00:00:00,48,18.0,-116.75,981.3,70.5
2026-07-27,5,27,2026-07-29 06:00:00,2 days 06:00:00,54,18.38,-117.5,985.6,64.7
2026-07-27,5,27,2026-07-29 12:00:00,2 days 12:00:00,60,18.75,-118.25,989.9,58.8
2026-07-27,5,27,2026-07-29 18:00:00,2 days 18:00:00,66,18.75,-119.13,990.5,58.1
2026-07-27,5,27,2026-07-30 00:00:00,3 days 00:00:00,72,18.75,-120.0,991.0,57.3
2026-07-27,5,27,2026-07-30 06:00:00,3 days 06:00:00,78,19.38,-121.0,991.2,57.1
2026-07-27,5,27,2026-07-30 12:00:00,3 days 12:00:00,84,20.0,-122.0,991.3,56.8
2026-07-27,5,27,2026-07-30 18:00:00,3 days 18:00:00,90,20.25,-123.12,991.9,56.0
2026-07-27,5,27,2026-07-31 00:00:00,4 days 00:00:00,96,20.5,-124.25,992.5,55.2
2026-07-27,5,27,2026-07-31 06:00:00,4 days 06:00:00,102,20.63,-125.5,995.2,51.1
2026-07-27,5,27,2026-07-31 12:00:00,4 days 12:00:00,108,20.75,-126.75,997.9,47.0
2026-07-27,5,27,2026-07-31 18:00:00,4 days 18:00:00,114,21.01,-128.12,999.9,43.7
2026-07-27,5,27,2026-08-01 00:00:00,5 days 00:00:00,120,21.25,-129.5,1001.9,40.5
2026-07-27,5,27,2026-08-01 06:00:00,5 days 06:00:00,126,21.76,-131.24,1003.5,37.7
2026-07-27,5,27,2026-08-01 12:00:00,5 days 12:00:00,132,22.25,-133.0,1005.2,34.8
2026-07-27,5,27,2026-08-01 18:00:00,5 days 18:00:00,138,22.71,-134.61,1005.0,35.2
2026-07-27,5,27,2026-08-02 00:00:00,6 days 00:00:00,144,23.16,-136.23,1004.8,35.5
2026-07-27,5,27,2026-08-02 06:00:00,6 days 06:00:00,150,23.59,-137.86,1004.6,35.8
2026-07-27,5,27,2026-08-02 12:00:00,6 days 12:00:00,156,24.0,-139.5,1004.4,36.2
2026-07-27,5,27,2026-08-02 18:00:00,6 days 18:00:00,162,24.5,-140.5,1005.7,33.8
2026-07-27,5,27,2026-08-03 00:00:00,7 days 00:00:00,168,25.0,-141.5,1007.0,31.3
2026-07-27,5,27,2026-08-03 06:00:00,7 days 06:00:00,174,25.25,-142.5,1007.4,30.6
2026-07-27,5,27,2026-08-03 12:00:00,7 days 12:00:00,180,25.5,-143.5,1007.8,29.9
2026-07-27,6,27,2026-07-27 00:00:00,0 days 00:00:00,0,21.25,88.5,992.6,54.9
2026-07-27,6,27,2026-07-27 06:00:00,0 days 06:00:00,6,21.38,88.38,991.9,56.0
2026-07-27,6,27,2026-07-27 12:00:00,0 days 12:00:00,12,21.5,88.25,991.1,57.1
2026-07-27,6,27,2026-07-27 18:00:00,0 days 18:00:00,18,21.75,87.75,992.4,55.3
2026-07-27,6,27,2026-07-28 00:00:00,1 days 00:00:00,24,22.0,87.25,993.7,53.5
2026-07-27,6,27,2026-07-28 06:00:00,1 days 06:00:00,30,22.25,87.13,993.0,54.4
2026-07-27,6,27,2026-07-28 12:00:00,1 days 12:00:00,36,22.5,87.0,992.4,55.3
2026-07-27,6,27,2026-07-28 18:00:00,1 days 18:00:00,42,21.88,86.0,992.2,55.5
2026-07-27,6,27,2026-07-29 00:00:00,2 days 00:00:00,48,21.25,85.0,992.1,55.8
2026-07-27,6,27,2026-07-29 06:00:00,2 days 06:00:00,54,21.5,84.25,991.1,57.1
2026-07-27,6,27,2026-07-29 12:00:00,2 days 12:00:00,60,21.75,83.5,990.2,58.4
2026-07-27,6,27,2026-07-29 18:00:00,2 days 18:00:00,66,21.5,83.12,990.2,58.5
2026-07-27,6,27,2026-07-30 00:00:00,3 days 00:00:00,72,21.25,82.75,990.1,58.6
2026-07-27,6,27,2026-07-30 06:00:00,3 days 06:00:00,78,21.38,81.38,991.7,56.2
2026-07-27,6,27,2026-07-30 12:00:00,3 days 12:00:00,84,21.5,80.0,993.3,53.9
2026-07-27,6,27,2026-07-30 18:00:00,3 days 18:00:00,90,22.25,79.13,993.8,53.2
2026-07-27,6,27,2026-07-31 00:00:00,4 days 00:00:00,96,23.0,78.25,994.3,52.5
2026-07-27,7,27,2026-07-27 00:00:00,0 days 00:00:00,0,12.75,178.25,1002.3,39.9
2026-07-27,7,27,2026-07-27 06:00:00,0 days 06:00:00,6,12.75,177.0,1002.2,39.9
2026-07-27,7,27,2026-07-27 12:00:00,0 days 12:00:00,12,12.75,175.75,1002.2,39.9
2026-07-27,7,27,2026-07-27 18:00:00,0 days 18:00:00,18,12.75,174.5,1000.0,43.5
2026-07-27,7,27,2026-07-28 00:00:00,1 days 00:00:00,24,12.75,173.25,997.9,47.1
2026-07-27,7,27,2026-07-28 06:00:00,1 days 06:00:00,30,13.13,172.5,997.0,48.3
2026-07-27,7,27,2026-07-28 12:00:00,1 days 12:00:00,36,13.5,171.75,996.2,49.6
2026-07-27,7,27,2026-07-28 18:00:00,1 days 18:00:00,42,14.0,170.88,992.7,54.7
2026-07-27,7,27,2026-07-29 00:00:00,2 days 00:00:00,48,14.5,170.0,989.2,59.8
2026-07-27,7,27,2026-07-29 06:00:00,2 days 06:00:00,54,15.0,169.25,986.7,63.3
2026-07-27,7,27,2026-07-29 12:00:00,2 days 12:00:00,60,15.5,168.5,984.2,66.7
2026-07-27,7,27,2026-07-29 18:00:00,2 days 18:00:00,66,16.13,168.0,981.2,70.6
2026-07-27,7,27,2026-07-30 00:00:00,3 days 00:00:00,72,16.75,167.5,978.3,74.4
2026-07-27,7,27,2026-07-30 06:00:00,3 days 06:00:00,78,17.38,166.63,975.0,78.4
2026-07-27,7,27,2026-07-30 12:00:00,3 days 12:00:00,84,18.0,165.75,971.8,82.5
2026-07-27,7,27,2026-07-30 18:00:00,3 days 18:00:00,90,18.5,164.88,966.7,88.4
2026-07-27,7,27,2026-07-31 00:00:00,4 days 00:00:00,96,19.0,164.0,961.6,94.4
2026-07-27,7,27,2026-07-31 06:00:00,4 days 06:00:00,102,19.75,163.0,959.7,96.5
2026-07-27,7,27,2026-07-31 12:00:00,4 days 12:00:00,108,20.5,162.0,957.8,98.7
2026-07-27,7,27,2026-07-31 18:00:00,4 days 18:00:00,114,21.25,161.13,957.1,99.5
2026-07-27,7,27,2026-08-01 00:00:00,5 days 00:00:00,120,22.0,160.25,956.3,100.3
2026-07-27,7,27,2026-08-01 06:00:00,5 days 06:00:00,126,23.0,159.26,954.7,102.1
2026-07-27,7,27,2026-08-01 12:00:00,5 days 12:00:00,132,24.0,158.25,953.1,103.8
2026-07-27,7,27,2026-08-01 18:00:00,5 days 18:00:00,138,25.0,157.26,956.4,100.2
2026-07-27,7,27,2026-08-02 00:00:00,6 days 00:00:00,144,26.0,156.25,959.7,96.6
2026-07-27,7,27,2026-08-02 06:00:00,6 days 06:00:00,150,27.25,155.51,961.8,94.1
2026-07-27,7,27,2026-08-02 12:00:00,6 days 12:00:00,156,28.5,154.75,964.0,91.7
2026-07-27,7,27,2026-08-02 18:00:00,6 days 18:00:00,162,29.38,154.13,964.3,91.4
2026-07-27,7,27,2026-08-03 00:00:00,7 days 00:00:00,168,30.25,153.5,964.5,91.0
2026-07-27,7,27,2026-08-03 06:00:00,7 days 06:00:00,174,30.88,153.38,966.5,88.7
2026-07-27,7,27,2026-08-03 12:00:00,7 days 12:00:00,180,31.5,153.25,968.5,86.4
2026-07-27,7,27,2026-08-03 18:00:00,7 days 18:00:00,186,32.12,153.25,973.1,80.7
2026-07-27,7,27,2026-08-04 00:00:00,8 days 00:00:00,192,32.75,153.25,977.7,75.1
2026-07-27,7,27,2026-08-04 06:00:00,8 days 06:00:00,198,33.38,153.13,977.9,74.9
2026-07-27,7,27,2026-08-04 12:00:00,8 days 12:00:00,204,34.0,153.0,978.1,74.7
2026-07-27,7,27,2026-08-04 18:00:00,8 days 18:00:00,210,34.88,152.88,980.1,72.0
2026-07-27,7,27,2026-08-05 00:00:00,9 days 00:00:00,216,35.75,152.75,982.2,69.4
2026-07-27,7,27,2026-08-05 06:00:00,9 days 06:00:00,222,37.5,152.75,980.4,71.7
2026-07-27,7,27,2026-08-05 12:00:00,9 days 12:00:00,228,39.25,152.75,978.6,74.0
2026-07-27,7,27,2026-08-05 18:00:00,9 days 18:00:00,234,40.75,152.38,978.6,74.1
2026-07-27,7,27,2026-08-06 00:00:00,10 days 00:00:00,240,42.25,152.0,978.5,74.2
2026-07-27,7,27,2026-08-06 06:00:00,10 days 06:00:00,246,43.63,152.49,982.6,68.8
2026-07-27,7,27,2026-08-06 12:00:00,10 days 12:00:00,252,45.0,153.0,986.6,63.4
2026-07-27,7,27,2026-08-06 18:00:00,10 days 18:00:00,258,46.38,153.97,990.0,58.6
2026-07-27,7,27,2026-08-07 00:00:00,11 days 00:00:00,264,47.75,155.0,993.4,53.8
2026-07-27,7,27,2026-08-07 06:00:00,11 days 06:00:00,270,50.52,157.24,989.6,59.1
2026-07-27,7,27,2026-08-07 12:00:00,11 days 12:00:00,276,53.25,159.75,985.9,64.5
2026-07-27,7,27,2026-08-07 18:00:00,11 days 18:00:00,282,53.51,161.12,984.5,66.3
2026-07-27,7,27,2026-08-08 00:00:00,12 days 00:00:00,288,53.75,162.5,983.2,68.0
2026-07-27,7,27,2026-08-08 06:00:00,12 days 06:00:00,294,54.9,165.05,984.7,66.1
2026-07-27,7,27,2026-08-08 12:00:00,12 days 12:00:00,300,56.0,167.75,986.1,64.1
2026-07-27,8,27,2026-08-04 12:00:00,8 days 12:00:00,204,16.25,149.75,1003.0,38.5
2026-07-27,8,27,2026-08-04 18:00:00,8 days 18:00:00,210,15.63,149.62,1001.7,40.8
2026-07-27,8,27,2026-08-05 00:00:00,9 days 00:00:00,216,15.0,149.5,1000.4,43.0
2026-07-27,8,27,2026-08-05 06:00:00,9 days 06:00:00,222,15.25,149.25,998.9,45.3
2026-07-27,8,27,2026-08-05 12:00:00,9 days 12:00:00,228,15.5,149.0,997.5,47.7
2026-07-27,8,27,2026-08-05 18:00:00,9 days 18:00:00,234,15.5,149.0,996.1,49.7
2026-07-27,8,27,2026-08-06 00:00:00,10 days 00:00:00,240,15.5,149.0,994.8,51.7
2026-07-27,8,27,2026-08-06 06:00:00,10 days 06:00:00,246,16.13,148.25,993.8,53.2
2026-07-27,8,27,2026-08-06 12:00:00,10 days 12:00:00,252,16.75,147.5,992.9,54.6
2026-07-27,8,27,2026-08-06 18:00:00,10 days 18:00:00,258,17.38,147.25,991.6,56.5
2026-07-27,8,27,2026-08-07 00:00:00,11 days 00:00:00,264,18.0,147.0,990.3,58.4
2026-07-27,8,27,2026-08-07 06:00:00,11 days 06:00:00,270,18.63,146.88,988.9,60.3
2026-07-27,8,27,2026-08-07 12:00:00,11 days 12:00:00,276,19.25,146.75,987.5,62.2
2026-07-27,8,27,2026-08-07 18:00:00,11 days 18:00:00,282,20.13,146.25,985.6,64.8
2026-07-27,8,27,2026-08-08 00:00:00,12 days 00:00:00,288,21.0,145.75,983.6,67.4
2026-07-27,8,27,2026-08-08 06:00:00,12 days 06:00:00,294,21.5,145.87,981.9,69.7
2026-07-27,8,27,2026-08-08 12:00:00,12 days 12:00:00,300,22.0,146.0,980.2,71.9
2026-07-27,8,27,2026-08-08 18:00:00,12 days 18:00:00,306,22.88,146.62,977.1,75.8
2026-07-27,8,27,2026-08-09 00:00:00,13 days 00:00:00,312,23.75,147.25,974.0,79.7
2026-07-27,8,27,2026-08-09 06:00:00,13 days 06:00:00,318,24.38,147.75,972.8,81.2
2026-07-27,8,27,2026-08-09 12:00:00,13 days 12:00:00,324,25.0,148.25,971.7,82.6
2026-07-27,8,27,2026-08-09 18:00:00,13 days 18:00:00,330,25.63,148.37,971.4,82.9
2026-07-27,8,27,2026-08-10 00:00:00,14 days 00:00:00,336,26.25,148.5,971.2,83.2
2026-07-27,8,27,2026-08-10 06:00:00,14 days 06:00:00,342,27.13,148.38,973.1,80.8
2026-07-27,8,27,2026-08-10 12:00:00,14 days 12:00:00,348,28.0,148.25,975.1,78.4
2026-07-27,8,27,2026-08-10 18:00:00,14 days 18:00:00,354,28.63,148.13,977.6,75.3
2026-07-27,8,27,2026-08-11 00:00:00,15 days 00:00:00,360,29.25,148.0,980.1,72.1
2026-07-27,9,27,2026-08-05 12:00:00,9 days 12:00:00,228,14.0,-130.0,1005.4,34.3
2026-07-27,9,27,2026-08-05 18:00:00,9 days 18:00:00,234,14.25,-131.0,1004.8,35.5
2026-07-27,9,27,2026-08-06 00:00:00,10 days 00:00:00,240,14.5,-132.0,1004.2,36.6
2026-07-27,9,27,2026-08-06 06:00:00,10 days 06:00:00,246,14.88,-132.5,1003.0,38.6
2026-07-27,9,27,2026-08-06 12:00:00,10 days 12:00:00,252,15.25,-133.0,1001.8,40.6
2026-07-27,9,27,2026-08-06 18:00:00,10 days 18:00:00,258,15.25,-133.62,1002.0,40.3
2026-07-27,9,27,2026-08-07 00:00:00,11 days 00:00:00,264,15.25,-134.25,1002.1,40.1
2026-07-27,9,27,2026-08-07 06:00:00,11 days 06:00:00,270,15.25,-134.88,1001.9,40.5
2026-07-27,9,27,2026-08-07 12:00:00,11 days 12:00:00,276,15.25,-135.5,1001.6,41.0
2026-07-27,9,27,2026-08-07 18:00:00,11 days 18:00:00,282,15.38,-136.5,1002.2,40.0
2026-07-27,9,27,2026-08-08 00:00:00,12 days 00:00:00,288,15.5,-137.5,1002.8,39.0
2026-07-27,9,27,2026-08-08 06:00:00,12 days 06:00:00,294,15.63,-138.75,1003.3,38.0
2026-07-27,9,27,2026-08-08 12:00:00,12 days 12:00:00,300,15.75,-140.0,1003.9,37.0
2026-07-27,9,27,2026-08-08 18:00:00,12 days 18:00:00,306,15.5,-141.38,1004.1,36.6
2026-07-27,9,27,2026-08-09 00:00:00,13 days 00:00:00,312,15.25,-142.75,1004.3,36.3
2026-07-27,9,27,2026-08-09 06:00:00,13 days 06:00:00,318,15.76,-144.25,1003.4,38.0
2026-07-27,9,27,2026-08-09 12:00:00,13 days 12:00:00,324,16.25,-145.75,1002.4,39.7
2026-07-27,9,27,2026-08-09 18:00:00,13 days 18:00:00,330,16.25,-147.0,1003.9,37.0
2026-07-27,9,27,2026-08-10 00:00:00,14 days 00:00:00,336,16.25,-148.25,1005.4,34.3
2026-07-27,9,27,2026-08-10 06:00:00,14 days 06:00:00,342,16.26,-150.25,1005.1,35.0
2026-07-27,9,27,2026-08-10 12:00:00,14 days 12:00:00,348,16.25,-152.25,1004.7,35.6
2026-07-27,9,27,2026-08-10 18:00:00,14 days 18:00:00,354,16.38,-153.75,1005.0,35.1
2026-07-27,9,27,2026-08-11 00:00:00,15 days 00:00:00,360,16.5,-155.25,1005.3,34.5
2026-07-27,1,28,2026-07-27 00:00:00,0 days 00:00:00,0,20.0,-143.0,995.2,51.2
2026-07-27,1,28,2026-07-27 06:00:00,0 days 06:00:00,6,20.26,-144.37,995.6,50.5
2026-07-27,1,28,2026-07-27 12:00:00,0 days 12:00:00,12,20.5,-145.75,996.1,49.8
2026-07-27,1,28,2026-07-27 18:00:00,0 days 18:00:00,18,20.88,-147.0,996.8,48.7
2026-07-27,1,28,2026-07-28 00:00:00,1 days 00:00:00,24,21.25,-148.25,997.5,47.6
2026-07-27,5,28,2026-07-27 00:00:00,0 days 00:00:00,0,14.5,-110.75,972.9,81.1
2026-07-27,5,28,2026-07-27 06:00:00,0 days 06:00:00,6,15.13,-111.75,977.0,75.9
2026-07-27,5,28,2026-07-27 12:00:00,0 days 12:00:00,12,15.75,-112.75,981.1,70.8
2026-07-27,5,28,2026-07-27 18:00:00,0 days 18:00:00,18,16.25,-113.62,979.7,72.6
2026-07-27,5,28,2026-07-28 00:00:00,1 days 00:00:00,24,16.75,-114.5,978.2,74.5
2026-07-27,5,28,2026-07-28 06:00:00,1 days 06:00:00,30,17.0,-115.12,979.7,72.5
2026-07-27,5,28,2026-07-28 12:00:00,1 days 12:00:00,36,17.25,-115.75,981.3,70.6
2026-07-27,5,28,2026-07-28 18:00:00,1 days 18:00:00,42,17.5,-116.37,982.1,69.5
2026-07-27,5,28,2026-07-29 00:00:00,2 days 00:00:00,48,17.75,-117.0,982.9,68.4
2026-07-27,5,28,2026-07-29 06:00:00,2 days 06:00:00,54,17.75,-117.63,984.2,66.7
2026-07-27,5,28,2026-07-29 12:00:00,2 days 12:00:00,60,17.75,-118.25,985.5,65.0
2026-07-27,5,28,2026-07-29 18:00:00,2 days 18:00:00,66,18.0,-118.87,986.0,64.2
2026-07-27,5,28,2026-07-30 00:00:00,3 days 00:00:00,72,18.25,-119.5,986.6,63.5
2026-07-27,5,28,2026-07-30 06:00:00,3 days 06:00:00,78,18.63,-120.37,984.9,65.8
2026-07-27,5,28,2026-07-30 12:00:00,3 days 12:00:00,84,19.0,-121.25,983.2,68.0
2026-07-27,5,28,2026-07-30 18:00:00,3 days 18:00:00,90,19.38,-122.12,982.5,69.0
2026-07-27,5,28,2026-07-31 00:00:00,4 days 00:00:00,96,19.75,-123.0,981.8,69.9
2026-07-27,5,28,2026-07-31 06:00:00,4 days 06:00:00,102,20.38,-124.24,985.2,65.3
2026-07-27,5,28,2026-07-31 12:00:00,4 days 12:00:00,108,21.0,-125.5,988.6,60.7
2026-07-27,5,28,2026-07-31 18:00:00,4 days 18:00:00,114,21.25,-126.62,992.1,55.7
2026-07-27,5,28,2026-08-01 00:00:00,5 days 00:00:00,120,21.5,-127.75,995.5,50.7
2026-07-27,5,28,2026-08-01 06:00:00,5 days 06:00:00,126,21.75,-128.87,998.8,45.4
2026-07-27,5,28,2026-08-01 12:00:00,5 days 12:00:00,132,22.0,-130.0,1002.2,40.0
2026-07-27,5,28,2026-08-01 18:00:00,5 days 18:00:00,138,22.51,-131.62,1004.0,36.9
2026-07-27,5,28,2026-08-02 00:00:00,6 days 00:00:00,144,23.0,-133.25,1005.8,33.7
2026-07-27,5,28,2026-08-02 06:00:00,6 days 06:00:00,150,23.76,-134.62,1006.1,33.1
2026-07-27,5,28,2026-08-02 12:00:00,6 days 12:00:00,156,24.5,-136.0,1006.4,32.5
2026-07-27,5,28,2026-08-02 18:00:00,6 days 18:00:00,162,24.88,-137.37,1007.3,30.8
2026-07-27,5,28,2026-08-03 00:00:00,7 days 00:00:00,168,25.25,-138.75,1008.2,29.1
2026-07-27,6,28,2026-07-27 00:00:00,0 days 00:00:00,0,21.25,88.5,992.6,54.9
2026-07-27,6,28,2026-07-27 06:00:00,0 days 06:00:00,6,21.38,88.38,991.5,56.6
2026-07-27,6,28,2026-07-27 12:00:00,0 days 12:00:00,12,21.5,88.25,990.3,58.2
2026-07-27,6,28,2026-07-27 18:00:00,0 days 18:00:00,18,21.88,87.88,989.7,59.2
2026-07-27,6,28,2026-07-28 00:00:00,1 days 00:00:00,24,22.25,87.5,989.0,60.1
2026-07-27,6,28,2026-07-28 06:00:00,1 days 06:00:00,30,22.0,86.25,989.6,59.3
2026-07-27,6,28,2026-07-28 12:00:00,1 days 12:00:00,36,21.75,85.0,990.2,58.4
2026-07-27,6,28,2026-07-28 18:00:00,1 days 18:00:00,42,22.13,84.5,991.0,57.3
2026-07-27,6,28,2026-07-29 00:00:00,2 days 00:00:00,48,22.5,84.0,991.8,56.2
2026-07-27,6,28,2026-07-29 06:00:00,2 days 06:00:00,54,22.38,82.87,992.1,55.7
2026-07-27,6,28,2026-07-29 12:00:00,2 days 12:00:00,60,22.25,81.75,992.4,55.3
2026-07-27,6,28,2026-07-29 18:00:00,2 days 18:00:00,66,22.25,80.63,992.6,55.0
2026-07-27,6,28,2026-07-30 00:00:00,3 days 00:00:00,72,22.25,79.5,992.8,54.7
2026-07-27,6,28,2026-07-30 06:00:00,3 days 06:00:00,78,21.9,77.8,991.8,56.2
2026-07-27,6,28,2026-07-30 12:00:00,3 days 12:00:00,84,21.53,76.11,990.8,57.6
2026-07-27,6,28,2026-07-30 18:00:00,3 days 18:00:00,90,21.15,74.42,989.8,59.1
2026-07-27,6,28,2026-07-31 00:00:00,4 days 00:00:00,96,20.75,72.75,988.7,60.5
2026-07-27,6,28,2026-07-31 06:00:00,4 days 06:00:00,102,21.25,72.0,988.8,60.4
2026-07-27,6,28,2026-07-31 12:00:00,4 days 12:00:00,108,21.75,71.25,988.9,60.3
2026-07-27,6,28,2026-07-31 18:00:00,4 days 18:00:00,114,22.38,70.5,990.0,58.7
2026-07-27,6,28,2026-08-01 00:00:00,5 days 00:00:00,120,23.0,69.75,991.1,57.2
2026-07-27,6,28,2026-08-01 06:00:00,5 days 06:00:00,126,27.17,66.38,991.0,57.3
2026-07-27,6,28,2026-08-01 12:00:00,5 days 12:00:00,132,31.25,62.75,990.9,57.4
2026-07-27,7,28,2026-07-27 00:00:00,0 days 00:00:00,0,12.75,178.25,1002.3,39.9
2026-07-27,7,28,2026-07-27 06:00:00,0 days 06:00:00,6,13.0,176.75,1001.8,40.7
2026-07-27,7,28,2026-07-27 12:00:00,0 days 12:00:00,12,13.25,175.25,1001.3,41.5
2026-07-27,7,28,2026-07-27 18:00:00,0 days 18:00:00,18,13.13,174.0,1000.7,42.5
2026-07-27,7,28,2026-07-28 00:00:00,1 days 00:00:00,24,13.0,172.75,1000.1,43.5
2026-07-27,7,28,2026-07-28 06:00:00,1 days 06:00:00,30,13.25,171.75,1000.3,43.2
2026-07-27,7,28,2026-07-28 12:00:00,1 days 12:00:00,36,13.5,170.75,1000.5,42.9
2026-07-27,7,28,2026-07-28 18:00:00,1 days 18:00:00,42,14.0,170.25,999.3,44.7
2026-07-27,7,28,2026-07-29 00:00:00,2 days 00:00:00,48,14.5,169.75,998.2,46.5
2026-07-27,7,28,2026-07-29 06:00:00,2 days 06:00:00,54,15.0,169.13,995.8,50.1
2026-07-27,7,28,2026-07-29 12:00:00,2 days 12:00:00,60,15.5,168.5,993.4,53.8
2026-07-27,7,28,2026-07-29 18:00:00,2 days 18:00:00,66,16.0,167.88,991.5,56.6
2026-07-27,7,28,2026-07-30 00:00:00,3 days 00:00:00,72,16.5,167.25,989.6,59.3
2026-07-27,7,28,2026-07-30 06:00:00,3 days 06:00:00,78,16.88,166.63,988.3,61.2
2026-07-27,7,28,2026-07-30 12:00:00,3 days 12:00:00,84,17.25,166.0,987.0,63.0
2026-07-27,7,28,2026-07-30 18:00:00,3 days 18:00:00,90,17.63,165.38,983.3,67.8
2026-07-27,7,28,2026-07-31 00:00:00,4 days 00:00:00,96,18.0,164.75,979.6,72.7
2026-07-27,7,28,2026-07-31 06:00:00,4 days 06:00:00,102,18.63,164.0,976.7,76.3
2026-07-27,7,28,2026-07-31 12:00:00,4 days 12:00:00,108,19.25,163.25,973.8,80.0
2026-07-27,7,28,2026-07-31 18:00:00,4 days 18:00:00,114,19.88,162.38,969.6,85.1
2026-07-27,7,28,2026-08-01 00:00:00,5 days 00:00:00,120,20.5,161.5,965.3,90.1
2026-07-27,7,28,2026-08-01 06:00:00,5 days 06:00:00,126,21.13,160.63,964.8,90.7
2026-07-27,7,28,2026-08-01 12:00:00,5 days 12:00:00,132,21.75,159.75,964.4,91.2
2026-07-27,7,28,2026-08-01 18:00:00,5 days 18:00:00,138,22.75,158.88,962.2,93.7
2026-07-27,7,28,2026-08-02 00:00:00,6 days 00:00:00,144,23.75,158.0,960.1,96.2
2026-07-27,7,28,2026-08-02 06:00:00,6 days 06:00:00,150,24.63,156.63,958.7,97.7
2026-07-27,7,28,2026-08-02 12:00:00,6 days 12:00:00,156,25.5,155.25,957.3,99.3
2026-07-27,7,28,2026-08-02 18:00:00,6 days 18:00:00,162,26.25,154.13,962.6,93.2
2026-07-27,7,28,2026-08-03 00:00:00,7 days 00:00:00,168,27.0,153.0,967.9,87.1
2026-07-27,7,28,2026-08-03 06:00:00,7 days 06:00:00,174,27.88,152.01,970.4,84.1
2026-07-27,7,28,2026-08-03 12:00:00,7 days 12:00:00,180,28.75,151.0,972.9,81.1
2026-07-27,7,28,2026-08-03 18:00:00,7 days 18:00:00,186,29.13,149.75,973.2,80.8
2026-07-27,7,28,2026-08-04 00:00:00,8 days 00:00:00,192,29.5,148.5,973.4,80.5
2026-07-27,7,28,2026-08-04 06:00:00,8 days 06:00:00,198,29.63,147.25,970.7,83.8
2026-07-27,7,28,2026-08-04 12:00:00,8 days 12:00:00,204,29.75,146.0,967.9,87.1
2026-07-27,7,28,2026-08-04 18:00:00,8 days 18:00:00,210,29.88,144.75,966.9,88.3
2026-07-27,7,28,2026-08-05 00:00:00,9 days 00:00:00,216,30.0,143.5,965.8,89.6
2026-07-27,7,28,2026-08-05 06:00:00,9 days 06:00:00,222,30.01,142.13,966.9,88.2
2026-07-27,7,28,2026-08-05 12:00:00,9 days 12:00:00,228,30.0,140.75,968.1,86.9
2026-07-27,7,28,2026-08-05 18:00:00,9 days 18:00:00,234,30.01,139.5,968.3,86.6
2026-07-27,7,28,2026-08-06 00:00:00,10 days 00:00:00,240,30.0,138.25,968.5,86.4
2026-07-27,7,28,2026-08-06 06:00:00,10 days 06:00:00,246,30.26,137.0,967.5,87.5
2026-07-27,7,28,2026-08-06 12:00:00,10 days 12:00:00,252,30.5,135.75,966.6,88.7
2026-07-27,7,28,2026-08-06 18:00:00,10 days 18:00:00,258,30.63,134.75,965.2,90.3
2026-07-27,7,28,2026-08-07 00:00:00,11 days 00:00:00,264,30.75,133.75,963.8,91.9
2026-07-27,7,28,2026-08-07 06:00:00,11 days 06:00:00,270,31.0,132.63,963.0,92.8
2026-07-27,7,28,2026-08-07 12:00:00,11 days 12:00:00,276,31.25,131.5,962.3,93.6
2026-07-27,7,28,2026-08-07 18:00:00,11 days 18:00:00,282,31.75,130.51,969.8,84.6
2026-07-27,7,28,2026-08-08 00:00:00,12 days 00:00:00,288,32.25,129.5,977.3,75.6
2026-07-27,7,28,2026-08-08 06:00:00,12 days 06:00:00,294,32.5,129.25,980.4,71.6
2026-07-27,7,28,2026-08-08 12:00:00,12 days 12:00:00,300,32.75,129.0,983.5,67.6
2026-07-27,7,28,2026-08-08 18:00:00,12 days 18:00:00,306,33.25,129.12,984.2,66.8
2026-07-27,7,28,2026-08-09 00:00:00,13 days 00:00:00,312,33.75,129.25,984.8,65.9
2026-07-27,7,28,2026-08-09 06:00:00,13 days 06:00:00,318,34.38,129.75,983.5,67.6
2026-07-27,7,28,2026-08-09 12:00:00,13 days 12:00:00,324,35.0,130.25,982.3,69.3
2026-07-27,7,28,2026-08-09 18:00:00,13 days 18:00:00,330,35.5,130.62,982.0,69.6
2026-07-27,7,28,2026-08-10 00:00:00,14 days 00:00:00,336,36.0,131.0,981.7,70.0
2026-07-27,7,28,2026-08-10 06:00:00,14 days 06:00:00,342,36.25,131.62,980.3,71.8
2026-07-27,7,28,2026-08-10 12:00:00,14 days 12:00:00,348,36.5,132.25,978.8,73.7
2026-07-27,7,28,2026-08-10 18:00:00,14 days 18:00:00,354,36.75,133.0,979.8,72.5
2026-07-27,7,28,2026-08-11 00:00:00,15 days 00:00:00,360,37.0,133.75,980.7,71.3
2026-07-27,8,28,2026-07-28 12:00:00,1 days 12:00:00,36,22.5,55.0,994.2,52.6
2026-07-27,8,28,2026-07-28 18:00:00,1 days 18:00:00,42,24.91,56.93,993.8,53.3
2026-07-27,8,28,2026-07-29 00:00:00,2 days 00:00:00,48,27.31,58.95,993.3,53.9
2026-07-27,8,28,2026-07-29 06:00:00,2 days 06:00:00,54,29.68,61.05,992.9,54.6
2026-07-27,8,28,2026-07-29 12:00:00,2 days 12:00:00,60,32.0,63.25,992.4,55.3
2026-07-27,8,28,2026-07-29 18:00:00,2 days 18:00:00,66,31.88,62.75,993.7,53.4
2026-07-27,8,28,2026-07-30 00:00:00,3 days 00:00:00,72,31.75,62.25,994.9,51.6
2026-07-27,8,28,2026-07-30 06:00:00,3 days 06:00:00,78,31.75,62.25,994.6,52.1
2026-07-27,8,28,2026-07-30 12:00:00,3 days 12:00:00,84,31.75,62.25,994.2,52.6
2026-07-27,8,28,2026-07-30 18:00:00,3 days 18:00:00,90,31.75,62.25,993.9,53.1
2026-07-27,8,28,2026-07-31 00:00:00,4 days 00:00:00,96,31.75,62.25,993.5,53.7
2026-07-27,8,28,2026-07-31 06:00:00,4 days 06:00:00,102,32.25,62.37,992.1,55.7
2026-07-27,8,28,2026-07-31 12:00:00,4 days 12:00:00,108,32.75,62.5,990.8,57.7
2026-07-27,8,28,2026-07-31 18:00:00,4 days 18:00:00,114,27.92,66.29,990.9,57.4
2026-07-27,8,28,2026-08-01 00:00:00,5 days 00:00:00,120,23.0,69.75,991.1,57.2
2026-07-27,9,28,2026-08-02 12:00:00,6 days 12:00:00,156,36.0,-75.5,1004.1,36.8
2026-07-27,9,28,2026-08-02 18:00:00,6 days 18:00:00,162,37.26,-74.15,1004.2,36.6
2026-07-27,9,28,2026-08-03 00:00:00,7 days 00:00:00,168,38.5,-72.75,1004.3,36.4
2026-07-27,9,28,2026-08-03 06:00:00,7 days 06:00:00,174,39.77,-70.91,1004.7,35.6
2026-07-27,9,28,2026-08-03 12:00:00,7 days 12:00:00,180,41.0,-69.0,1005.2,34.7
2026-07-27,9,28,2026-08-03 18:00:00,7 days 18:00:00,186,41.53,-66.4,1006.7,31.9
2026-07-27,9,28,2026-08-04 00:00:00,8 days 00:00:00,192,42.0,-63.75,1008.2,29.1
2026-07-27,9,28,2026-08-04 06:00:00,8 days 06:00:00,198,41.46,-62.4,1008.2,29.0
2026-07-27,9,28,2026-08-04 12:00:00,8 days 12:00:00,204,40.9,-61.08,1008.3,29.0
2026-07-27,9,28,2026-08-04 18:00:00,8 days 18:00:00,210,40.33,-59.78,1008.3,29.0
2026-07-27,9,28,2026-08-05 00:00:00,9 days 00:00:00,216,39.75,-58.5,1008.3,29.0
2026-07-27,9,28,2026-08-05 06:00:00,9 days 06:00:00,222,40.19,-58.87,1007.6,30.2
2026-07-27,9,28,2026-08-05 12:00:00,9 days 12:00:00,228,40.63,-59.24,1006.9,31.5
2026-07-27,9,28,2026-08-05 18:00:00,9 days 18:00:00,234,41.06,-59.62,1006.3,32.8
2026-07-27,9,28,2026-08-06 00:00:00,10 days 00:00:00,240,41.5,-60.0,1005.6,34.0
2026-07-27,9,28,2026-08-06 06:00:00,10 days 06:00:00,246,41.0,-59.5,1001.2,41.4
2026-07-27,9,28,2026-08-06 12:00:00,10 days 12:00:00,252,40.5,-59.0,996.7,48.8
2026-07-27,9,28,2026-08-06 18:00:00,10 days 18:00:00,258,40.01,-57.36,996.0,50.0
2026-07-27,9,28,2026-08-07 00:00:00,11 days 00:00:00,264,39.5,-55.75,995.2,51.1
2026-07-27,9,28,2026-08-07 06:00:00,11 days 06:00:00,270,39.63,-55.25,994.0,52.9
2026-07-27,9,28,2026-08-07 12:00:00,11 days 12:00:00,276,39.75,-54.75,992.8,54.6
2026-07-27,9,28,2026-08-07 18:00:00,11 days 18:00:00,282,39.38,-53.37,993.0,54.5
2026-07-27,9,28,2026-08-08 00:00:00,12 days 00:00:00,288,39.0,-52.0,993.1,54.3
2026-07-27,9,28,2026-08-08 06:00:00,12 days 06:00:00,294,39.39,-50.38,991.6,56.5
2026-07-27,9,28,2026-08-08 12:00:00,12 days 12:00:00,300,39.75,-48.75,990.1,58.6
2026-07-27,9,28,2026-08-08 18:00:00,12 days 18:00:00,306,40.52,-46.53,990.0,58.7
2026-07-27,9,28,2026-08-09 00:00:00,13 days 00:00:00,312,41.25,-44.25,990.0,58.7
2026-07-27,9,28,2026-08-09 06:00:00,13 days 06:00:00,318,41.14,-42.5,989.6,59.3
2026-07-27,9,28,2026-08-09 12:00:00,13 days 12:00:00,324,41.0,-40.75,989.1,60.0
2026-07-27,9,28,2026-08-09 18:00:00,13 days 18:00:00,330,40.76,-38.99,991.7,56.3
2026-07-27,9,28,2026-08-10 00:00:00,14 days 00:00:00,336,40.5,-37.25,994.2,52.7
2026-07-27,9,28,2026-08-10 06:00:00,14 days 06:00:00,342,39.88,-35.74,996.9,48.4
2026-07-27,9,28,2026-08-10 12:00:00,14 days 12:00:00,348,39.25,-34.25,999.7,44.2
2026-07-27,1,29,2026-07-27 00:00:00,0 days 00:00:00,0,20.0,-143.0,995.2,51.2
2026-07-27,1,29,2026-07-27 06:00:00,0 days 06:00:00,6,20.38,-144.37,996.5,49.1
2026-07-27,1,29,2026-07-27 12:00:00,0 days 12:00:00,12,20.75,-145.75,997.9,47.0
2026-07-27,1,29,2026-07-27 18:00:00,0 days 18:00:00,18,21.0,-147.0,1000.3,43.0
2026-07-27,1,29,2026-07-28 00:00:00,1 days 00:00:00,24,21.25,-148.25,1002.8,39.0
2026-07-27,1,29,2026-07-28 06:00:00,1 days 06:00:00,30,21.38,-149.5,1004.5,36.0
2026-07-27,1,29,2026-07-28 12:00:00,1 days 12:00:00,36,21.5,-150.75,1006.2,32.9
2026-07-27,1,29,2026-07-28 18:00:00,1 days 18:00:00,42,22.13,-151.75,1007.0,31.4
2026-07-27,1,29,2026-07-29 00:00:00,2 days 00:00:00,48,22.75,-152.75,1007.8,29.8
2026-07-27,10,29,2026-08-04 00:00:00,8 days 00:00:00,192,14.5,164.75,1000.5,42.8
2026-07-27,10,29,2026-08-04 06:00:00,8 days 06:00:00,198,15.0,164.25,999.7,44.1
2026-07-27,10,29,2026-08-04 12:00:00,8 days 12:00:00,204,15.5,163.75,998.9,45.4
2026-07-27,10,29,2026-08-04 18:00:00,8 days 18:00:00,210,15.88,163.63,998.5,46.0
2026-07-27,10,29,2026-08-05 00:00:00,9 days 00:00:00,216,16.25,163.5,998.2,46.6
2026-07-27,10,29,2026-08-05 06:00:00,9 days 06:00:00,222,17.38,163.87,997.5,47.6
2026-07-27,10,29,2026-08-05 12:00:00,9 days 12:00:00,228,18.5,164.25,996.8,48.7
2026-07-27,10,29,2026-08-05 18:00:00,9 days 18:00:00,234,20.0,164.13,995.6,50.6
2026-07-27,10,29,2026-08-06 00:00:00,10 days 00:00:00,240,21.5,164.0,994.3,52.5
2026-07-27,10,29,2026-08-06 06:00:00,10 days 06:00:00,246,23.25,164.0,992.9,54.6
2026-07-27,10,29,2026-08-06 12:00:00,10 days 12:00:00,252,25.0,164.0,991.4,56.7
2026-07-27,10,29,2026-08-06 18:00:00,10 days 18:00:00,258,26.63,164.12,990.2,58.5
2026-07-27,10,29,2026-08-07 00:00:00,11 days 00:00:00,264,28.25,164.25,988.9,60.3
2026-07-27,11,29,2026-08-07 12:00:00,11 days 12:00:00,276,16.25,145.0,999.6,44.3
2026-07-27,11,29,2026-08-07 18:00:00,11 days 18:00:00,282,16.5,145.87,998.9,45.4
2026-07-27,11,29,2026-08-08 00:00:00,12 days 00:00:00,288,16.75,146.75,998.1,46.6
2026-07-27,11,29,2026-08-08 06:00:00,12 days 06:00:00,294,17.63,147.25,997.7,47.3
2026-07-27,11,29,2026-08-08 12:00:00,12 days 12:00:00,300,18.5,147.75,997.2,48.0
2026-07-27,11,29,2026-08-08 18:00:00,12 days 18:00:00,306,19.5,148.25,998.2,46.5
2026-07-27,11,29,2026-08-09 00:00:00,13 days 00:00:00,312,20.5,148.75,999.2,45.0
2026-07-27,11,29,2026-08-09 06:00:00,13 days 06:00:00,318,21.0,149.12,999.5,44.4
2026-07-27,11,29,2026-08-09 12:00:00,13 days 12:00:00,324,21.5,149.5,999.9,43.8
2026-07-27,11,29,2026-08-09 18:00:00,13 days 18:00:00,330,23.75,149.87,999.3,44.8
2026-07-27,11,29,2026-08-10 00:00:00,14 days 00:00:00,336,26.0,150.25,998.6,45.9
2026-07-27,11,29,2026-08-10 06:00:00,14 days 06:00:00,342,27.25,150.99,996.9,48.5
2026-07-27,11,29,2026-08-10 12:00:00,14 days 12:00:00,348,28.5,151.75,995.3,51.0
2026-07-27,11,29,2026-08-10 18:00:00,14 days 18:00:00,354,29.88,152.12,994.7,51.8
2026-07-27,11,29,2026-08-11 00:00:00,15 days 00:00:00,360,31.25,152.5,994.2,52.6
2026-07-27,5,29,2026-07-27 00:00:00,0 days 00:00:00,0,14.5,-110.75,972.9,81.1
2026-07-27,5,29,2026-07-27 06:00:00,0 days 06:00:00,6,15.13,-111.62,974.9,78.7
2026-07-27,5,29,2026-07-27 12:00:00,0 days 12:00:00,12,15.75,-112.5,976.8,76.2
2026-07-27,5,29,2026-07-27 18:00:00,0 days 18:00:00,18,16.25,-113.37,980.1,72.0
2026-07-27,5,29,2026-07-28 00:00:00,1 days 00:00:00,24,16.75,-114.25,983.4,67.8
2026-07-27,5,29,2026-07-28 06:00:00,1 days 06:00:00,30,17.13,-114.75,981.4,70.4
2026-07-27,5,29,2026-07-28 12:00:00,1 days 12:00:00,36,17.5,-115.25,979.4,73.0
2026-07-27,5,29,2026-07-28 18:00:00,1 days 18:00:00,42,17.75,-116.0,983.1,68.1
2026-07-27,5,29,2026-07-29 00:00:00,2 days 00:00:00,48,18.0,-116.75,986.8,63.1
2026-07-27,5,29,2026-07-29 06:00:00,2 days 06:00:00,54,18.0,-117.38,987.0,63.0
2026-07-27,5,29,2026-07-29 12:00:00,2 days 12:00:00,60,18.0,-118.0,987.1,62.8
2026-07-27,5,29,2026-07-29 18:00:00,2 days 18:00:00,66,18.25,-118.5,988.5,60.8
2026-07-27,5,29,2026-07-30 00:00:00,3 days 00:00:00,72,18.5,-119.0,989.9,58.9
2026-07-27,5,29,2026-07-30 06:00:00,3 days 06:00:00,78,19.0,-120.0,989.9,58.9
2026-07-27,5,29,2026-07-30 12:00:00,3 days 12:00:00,84,19.5,-121.0,989.9,58.9
2026-07-27,5,29,2026-07-30 18:00:00,3 days 18:00:00,90,20.0,-121.87,989.1,60.0
2026-07-27,5,29,2026-07-31 00:00:00,4 days 00:00:00,96,20.5,-122.75,988.3,61.2
2026-07-27,5,29,2026-07-31 06:00:00,4 days 06:00:00,102,20.88,-124.12,991.0,57.2
2026-07-27,5,29,2026-07-31 12:00:00,4 days 12:00:00,108,21.25,-125.5,993.8,53.2
2026-07-27,5,29,2026-07-31 18:00:00,4 days 18:00:00,114,21.76,-126.87,997.2,48.0
2026-07-27,5,29,2026-08-01 00:00:00,5 days 00:00:00,120,22.25,-128.25,1000.5,42.8
2026-07-27,5,29,2026-08-01 06:00:00,5 days 06:00:00,126,22.63,-129.5,1001.7,40.9
2026-07-27,5,29,2026-08-01 12:00:00,5 days 12:00:00,132,23.0,-130.75,1002.8,38.9
2026-07-27,5,29,2026-08-01 18:00:00,5 days 18:00:00,138,23.76,-132.49,1004.1,36.7
2026-07-27,5,29,2026-08-02 00:00:00,6 days 00:00:00,144,24.5,-134.25,1005.3,34.5
2026-07-27,6,29,2026-07-27 00:00:00,0 days 00:00:00,0,21.25,88.5,992.6,54.9
2026-07-27,6,29,2026-07-27 06:00:00,0 days 06:00:00,6,21.25,88.5,991.8,56.2
2026-07-27,6,29,2026-07-27 12:00:00,0 days 12:00:00,12,21.25,88.5,991.0,57.4
2026-07-27,6,29,2026-07-27 18:00:00,0 days 18:00:00,18,21.5,87.75,991.4,56.8
2026-07-27,6,29,2026-07-28 00:00:00,1 days 00:00:00,24,21.75,87.0,991.8,56.2
2026-07-27,6,29,2026-07-28 06:00:00,1 days 06:00:00,30,22.13,86.75,992.2,55.5
2026-07-27,6,29,2026-07-28 12:00:00,1 days 12:00:00,36,22.5,86.5,992.7,54.9
2026-07-27,6,29,2026-07-28 18:00:00,1 days 18:00:00,42,22.13,85.37,993.0,54.4
2026-07-27,6,29,2026-07-29 00:00:00,2 days 00:00:00,48,21.75,84.25,993.3,54.0
2026-07-27,6,29,2026-07-29 06:00:00,2 days 06:00:00,54,21.88,83.38,993.1,54.2
2026-07-27,6,29,2026-07-29 12:00:00,2 days 12:00:00,60,22.0,82.5,993.0,54.4
2026-07-27,6,29,2026-07-29 18:00:00,2 days 18:00:00,66,21.75,81.37,993.4,53.9
2026-07-27,6,29,2026-07-30 00:00:00,3 days 00:00:00,72,21.5,80.25,993.7,53.4
2026-07-27,6,29,2026-07-30 06:00:00,3 days 06:00:00,78,22.25,79.5,993.5,53.7
2026-07-27,6,29,2026-07-30 12:00:00,3 days 12:00:00,84,23.0,78.75,993.2,54.1
2026-07-27,7,29,2026-07-27 00:00:00,0 days 00:00:00,0,12.75,178.25,1002.3,39.9
2026-07-27,7,29,2026-07-27 06:00:00,0 days 06:00:00,6,12.88,176.75,1002.6,39.3
2026-07-27,7,29,2026-07-27 12:00:00,0 days 12:00:00,12,13.0,175.25,1003.0,38.6
2026-07-27,7,29,2026-07-27 18:00:00,0 days 18:00:00,18,13.0,174.0,1001.1,41.8
2026-07-27,7,29,2026-07-28 00:00:00,1 days 00:00:00,24,13.0,172.75,999.2,45.0
2026-07-27,7,29,2026-07-28 06:00:00,1 days 06:00:00,30,13.25,171.88,998.5,46.0
2026-07-27,7,29,2026-07-28 12:00:00,1 days 12:00:00,36,13.5,171.0,997.9,47.0
2026-07-27,7,29,2026-07-28 18:00:00,1 days 18:00:00,42,13.75,170.25,996.6,49.0
2026-07-27,7,29,2026-07-29 00:00:00,2 days 00:00:00,48,14.0,169.5,995.2,51.1
2026-07-27,7,29,2026-07-29 06:00:00,2 days 06:00:00,54,14.5,168.88,993.1,54.2
2026-07-27,7,29,2026-07-29 12:00:00,2 days 12:00:00,60,15.0,168.25,991.1,57.2
2026-07-27,7,29,2026-07-29 18:00:00,2 days 18:00:00,66,15.63,167.75,989.7,59.2
2026-07-27,7,29,2026-07-30 00:00:00,3 days 00:00:00,72,16.25,167.25,988.3,61.1
2026-07-27,7,29,2026-07-30 06:00:00,3 days 06:00:00,78,16.88,166.5,984.2,66.6
2026-07-27,7,29,2026-07-30 12:00:00,3 days 12:00:00,84,17.5,165.75,980.1,72.0
2026-07-27,7,29,2026-07-30 18:00:00,3 days 18:00:00,90,18.13,165.0,977.2,75.8
2026-07-27,7,29,2026-07-31 00:00:00,4 days 00:00:00,96,18.75,164.25,974.2,79.5
2026-07-27,7,29,2026-07-31 06:00:00,4 days 06:00:00,102,19.25,163.25,972.8,81.2
2026-07-27,7,29,2026-07-31 12:00:00,4 days 12:00:00,108,19.75,162.25,971.4,83.0
2026-07-27,7,29,2026-07-31 18:00:00,4 days 18:00:00,114,20.5,161.25,967.9,87.0
2026-07-27,7,29,2026-08-01 00:00:00,5 days 00:00:00,120,21.25,160.25,964.5,91.1
2026-07-27,7,29,2026-08-01 06:00:00,5 days 06:00:00,126,22.13,159.13,963.3,92.4
2026-07-27,7,29,2026-08-01 12:00:00,5 days 12:00:00,132,23.0,158.0,962.2,93.7
2026-07-27,7,29,2026-08-01 18:00:00,5 days 18:00:00,138,23.63,156.51,961.5,94.6
2026-07-27,7,29,2026-08-02 00:00:00,6 days 00:00:00,144,24.25,155.0,960.7,95.4
2026-07-27,7,29,2026-08-02 06:00:00,6 days 06:00:00,150,24.88,153.51,956.5,100.1
2026-07-27,7,29,2026-08-02 12:00:00,6 days 12:00:00,156,25.5,152.0,952.2,104.8
2026-07-27,7,29,2026-08-02 18:00:00,6 days 18:00:00,162,25.88,150.75,957.8,98.6
2026-07-27,7,29,2026-08-03 00:00:00,7 days 00:00:00,168,26.25,149.5,963.4,92.4
2026-07-27,7,29,2026-08-03 06:00:00,7 days 06:00:00,174,26.76,148.01,966.1,89.2
2026-07-27,7,29,2026-08-03 12:00:00,7 days 12:00:00,180,27.25,146.5,968.8,86.1
2026-07-27,7,29,2026-08-03 18:00:00,7 days 18:00:00,186,27.38,144.88,969.7,84.9
2026-07-27,7,29,2026-08-04 00:00:00,8 days 00:00:00,192,27.5,143.25,970.7,83.8
2026-07-27,7,29,2026-08-04 06:00:00,8 days 06:00:00,198,27.88,141.63,970.9,83.6
2026-07-27,7,29,2026-08-04 12:00:00,8 days 12:00:00,204,28.25,140.0,971.0,83.4
2026-07-27,7,29,2026-08-04 18:00:00,8 days 18:00:00,210,28.26,138.38,967.7,87.3
2026-07-27,7,29,2026-08-05 00:00:00,9 days 00:00:00,216,28.25,136.75,964.4,91.2
2026-07-27,7,29,2026-08-05 06:00:00,9 days 06:00:00,222,28.26,135.38,965.0,90.5
2026-07-27,7,29,2026-08-05 12:00:00,9 days 12:00:00,228,28.25,134.0,965.6,89.8
2026-07-27,7,29,2026-08-05 18:00:00,9 days 18:00:00,234,28.5,132.88,964.3,91.3
2026-07-27,7,29,2026-08-06 00:00:00,10 days 00:00:00,240,28.75,131.75,963.1,92.7
2026-07-27,7,29,2026-08-06 06:00:00,10 days 06:00:00,246,28.88,130.5,965.0,90.5
2026-07-27,7,29,2026-08-06 12:00:00,10 days 12:00:00,252,29.0,129.25,966.9,88.2
2026-07-27,7,29,2026-08-06 18:00:00,10 days 18:00:00,258,29.0,128.25,967.7,87.4
2026-07-27,7,29,2026-08-07 00:00:00,11 days 00:00:00,264,29.0,127.25,968.4,86.5
2026-07-27,7,29,2026-08-07 06:00:00,11 days 06:00:00,270,29.13,126.13,969.6,85.1
2026-07-27,7,29,2026-08-07 12:00:00,11 days 12:00:00,276,29.25,125.0,970.7,83.8
2026-07-27,7,29,2026-08-07 18:00:00,11 days 18:00:00,282,29.5,125.0,970.5,84.0
2026-07-27,7,29,2026-08-08 00:00:00,12 days 00:00:00,288,29.75,125.0,970.3,84.3
2026-07-27,7,29,2026-08-08 06:00:00,12 days 06:00:00,294,30.13,123.88,971.5,82.8
2026-07-27,7,29,2026-08-08 12:00:00,12 days 12:00:00,300,30.5,122.75,972.8,81.2
2026-07-27,7,29,2026-08-08 18:00:00,12 days 18:00:00,306,30.88,122.25,976.2,76.9
2026-07-27,7,29,2026-08-09 00:00:00,13 days 00:00:00,312,31.25,121.75,979.7,72.6
2026-07-27,7,29,2026-08-09 06:00:00,13 days 06:00:00,318,32.0,121.01,979.8,72.5
2026-07-27,7,29,2026-08-09 12:00:00,13 days 12:00:00,324,32.75,120.25,979.8,72.5
2026-07-27,7,29,2026-08-09 18:00:00,13 days 18:00:00,330,33.25,119.63,981.5,70.3
2026-07-27,7,29,2026-08-10 00:00:00,14 days 00:00:00,336,33.75,119.0,983.1,68.1
2026-07-27,7,29,2026-08-10 06:00:00,14 days 06:00:00,342,34.88,118.51,984.2,66.7
2026-07-27,7,29,2026-08-10 12:00:00,14 days 12:00:00,348,36.0,118.0,985.2,65.4
2026-07-27,7,29,2026-08-10 18:00:00,14 days 18:00:00,354,36.88,118.49,985.0,65.7
2026-07-27,7,29,2026-08-11 00:00:00,15 days 00:00:00,360,37.75,119.0,984.7,66.0
2026-07-27,8,29,2026-07-28 12:00:00,1 days 12:00:00,36,30.5,49.75,994.0,53.0
2026-07-27,8,29,2026-07-28 18:00:00,1 days 18:00:00,42,31.3,56.33,993.6,53.6
2026-07-27,8,29,2026-07-29 00:00:00,2 days 00:00:00,48,31.75,63.0,993.2,54.2
2026-07-27,8,29,2026-07-29 06:00:00,2 days 06:00:00,54,32.25,62.88,992.1,55.7
2026-07-27,8,29,2026-07-29 12:00:00,2 days 12:00:00,60,32.75,62.75,991.1,57.2
2026-07-27,8,29,2026-07-29 18:00:00,2 days 18:00:00,66,32.25,62.88,992.4,55.3
2026-07-27,8,29,2026-07-30 00:00:00,3 days 00:00:00,72,31.75,63.0,993.7,53.3
2026-07-27,8,29,2026-07-30 06:00:00,3 days 06:00:00,78,31.81,62.94,993.6,53.5
2026-07-27,8,29,2026-07-30 12:00:00,3 days 12:00:00,84,31.88,62.88,993.5,53.7
2026-07-27,8,29,2026-07-30 18:00:00,3 days 18:00:00,90,31.94,62.81,993.3,53.9
2026-07-27,8,29,2026-07-31 00:00:00,4 days 00:00:00,96,32.0,62.75,993.2,54.1
2026-07-27,8,29,2026-07-31 06:00:00,4 days 06:00:00,102,31.75,62.75,992.2,55.6
2026-07-27,8,29,2026-07-31 12:00:00,4 days 12:00:00,108,31.5,62.75,991.2,57.0
2026-07-27,8,29,2026-07-31 18:00:00,4 days 18:00:00,114,31.75,62.75,992.3,55.4
2026-07-27,8,29,2026-08-01 00:00:00,5 days 00:00:00,120,32.0,62.75,993.4,53.8
2026-07-27,8,29,2026-08-01 06:00:00,5 days 06:00:00,126,31.75,62.37,992.3,55.4
2026-07-27,8,29,2026-08-01 12:00:00,5 days 12:00:00,132,31.5,62.0,991.2,57.0
2026-07-27,9,29,2026-07-31 12:00:00,4 days 12:00:00,108,-44.25,-83.0,982.9,68.4
2026-07-27,9,29,2026-07-31 18:00:00,4 days 18:00:00,114,-45.0,-82.63,984.3,66.6
2026-07-27,9,29,2026-08-01 00:00:00,5 days 00:00:00,120,-45.75,-82.25,985.6,64.8
2026-07-27,9,29,2026-08-01 06:00:00,5 days 06:00:00,126,-47.25,-82.37,986.4,63.8
2026-07-27,9,29,2026-08-01 12:00:00,5 days 12:00:00,132,-48.75,-82.5,987.2,62.7
2026-07-27,9,29,2026-08-01 18:00:00,5 days 18:00:00,138,-47.22,-80.87,985.7,64.7
2026-07-27,9,29,2026-08-02 00:00:00,6 days 00:00:00,144,-45.66,-79.33,984.2,66.7
2026-07-27,9,29,2026-08-02 06:00:00,6 days 06:00:00,150,-44.09,-77.88,982.7,68.7
2026-07-27,9,29,2026-08-02 12:00:00,6 days 12:00:00,156,-42.5,-76.5,981.2,70.6
2026-07-27,9,29,2026-08-02 18:00:00,6 days 18:00:00,162,-43.63,-75.27,987.1,62.5
2026-07-27,9,29,2026-08-03 00:00:00,7 days 00:00:00,168,-44.75,-74.0,993.0,54.4
2026-07-27,9,29,2026-08-03 06:00:00,7 days 06:00:00,174,-44.91,-75.61,993.2,54.1
2026-07-27,9,29,2026-08-03 12:00:00,7 days 12:00:00,180,-45.05,-77.24,993.4,53.9
2026-07-27,9,29,2026-08-03 18:00:00,7 days 18:00:00,186,-45.16,-78.87,993.5,53.6
2026-07-27,9,29,2026-08-04 00:00:00,8 days 00:00:00,192,-45.25,-80.5,993.7,53.3
2026-07-27,1,3,2026-07-27 00:00:00,0 days 00:00:00,0,20.0,-143.0,995.2,51.2
2026-07-27,1,3,2026-07-27 06:00:00,0 days 06:00:00,6,20.26,-144.37,995.6,50.6
2026-07-27,1,3,2026-07-27 12:00:00,0 days 12:00:00,12,20.5,-145.75,996.0,49.9
2026-07-27,1,3,2026-07-27 18:00:00,0 days 18:00:00,18,20.75,-146.87,999.6,44.1
2026-07-27,1,3,2026-07-28 00:00:00,1 days 00:00:00,24,21.0,-148.0,1003.2,38.3
2026-07-27,1,3,2026-07-28 06:00:00,1 days 06:00:00,30,21.38,-149.25,1005.2,34.7
2026-07-27,1,3,2026-07-28 12:00:00,1 days 12:00:00,36,21.75,-150.5,1007.2,31.1
2026-07-27,10,3,2026-08-05 00:00:00,9 days 00:00:00,216,16.25,160.75,1001.4,41.3
2026-07-27,10,3,2026-08-05 06:00:00,9 days 06:00:00,222,16.25,160.0,1000.1,43.5
2026-07-27,10,3,2026-08-05 12:00:00,9 days 12:00:00,228,16.25,159.25,998.7,45.7
2026-07-27,10,3,2026-08-05 18:00:00,9 days 18:00:00,234,16.0,158.75,997.3,47.9
2026-07-27,10,3,2026-08-06 00:00:00,10 days 00:00:00,240,15.75,158.25,995.9,50.1
2026-07-27,10,3,2026-08-06 06:00:00,10 days 06:00:00,246,15.88,158.5,994.8,51.7
2026-07-27,10,3,2026-08-06 12:00:00,10 days 12:00:00,252,16.0,158.75,993.7,53.4
2026-07-27,10,3,2026-08-06 18:00:00,10 days 18:00:00,258,16.5,159.0,992.3,55.5
2026-07-27,10,3,2026-08-07 00:00:00,11 days 00:00:00,264,17.0,159.25,990.8,57.5
2026-07-27,10,3,2026-08-07 06:00:00,11 days 06:00:00,270,18.25,159.37,990.3,58.3
2026-07-27,10,3,2026-08-07 12:00:00,11 days 12:00:00,276,19.5,159.5,989.8,59.0
2026-07-27,10,3,2026-08-07 18:00:00,11 days 18:00:00,282,20.5,159.13,987.4,62.4
2026-07-27,10,3,2026-08-08 00:00:00,12 days 00:00:00,288,21.5,158.75,984.9,65.8
2026-07-27,10,3,2026-08-08 06:00:00,12 days 06:00:00,294,22.38,158.13,981.7,70.0
2026-07-27,10,3,2026-08-08 12:00:00,12 days 12:00:00,300,23.25,157.5,978.5,74.1
2026-07-27,10,3,2026-08-08 18:00:00,12 days 18:00:00,306,24.13,156.88,977.6,75.2
2026-07-27,10,3,2026-08-09 00:00:00,13 days 00:00:00,312,25.0,156.25,976.8,76.3
2026-07-27,10,3,2026-08-09 06:00:00,13 days 06:00:00,318,25.75,155.75,978.5,74.1
2026-07-27,10,3,2026-08-09 12:00:00,13 days 12:00:00,324,26.5,155.25,980.3,71.8
2026-07-27,10,3,2026-08-09 18:00:00,13 days 18:00:00,330,27.75,155.13,982.7,68.7
2026-07-27,10,3,2026-08-10 00:00:00,14 days 00:00:00,336,29.0,155.0,985.0,65.6
2026-07-27,10,3,2026-08-10 06:00:00,14 days 06:00:00,342,29.38,154.63,987.2,62.7
2026-07-27,10,3,2026-08-10 12:00:00,14 days 12:00:00,348,29.75,154.25,989.3,59.7
2026-07-27,10,3,2026-08-10 18:00:00,14 days 18:00:00,354,30.0,154.13,990.9,57.4
2026-07-27,10,3,2026-08-11 00:00:00,15 days 00:00:00,360,30.25,154.0,992.5,55.1
2026-07-27,5,3,2026-07-27 00:00:00,0 days 00:00:00,0,14.5,-110.75,972.9,81.1
2026-07-27,5,3,2026-07-27 06:00:00,0 days 06:00:00,6,15.13,-111.62,974.1,79.6
2026-07-27,5,3,2026-07-27 12:00:00,0 days 12:00:00,12,15.75,-112.5,975.4,78.1
2026-07-27,5,3,2026-07-27 18:00:00,0 days 18:00:00,18,16.25,-113.25,974.4,79.2
2026-07-27,5,3,2026-07-28 00:00:00,1 days 00:00:00,24,16.75,-114.0,973.5,80.4
2026-07-27,5,3,2026-07-28 06:00:00,1 days 06:00:00,30,17.13,-114.62,975.9,77.3
2026-07-27,5,3,2026-07-28 12:00:00,1 days 12:00:00,36,17.5,-115.25,978.4,74.3
2026-07-27,5,3,2026-07-28 18:00:00,1 days 18:00:00,42,17.63,-116.0,981.4,70.3
2026-07-27,5,3,2026-07-29 00:00:00,2 days 00:00:00,48,17.75,-116.75,984.4,66.4
2026-07-27,5,3,2026-07-29 06:00:00,2 days 06:00:00,54,17.88,-117.5,983.9,67.1
2026-07-27,5,3,2026-07-29 12:00:00,2 days 12:00:00,60,18.0,-118.25,983.3,67.9
2026-07-27,5,3,2026-07-29 18:00:00,2 days 18:00:00,66,18.13,-118.75,983.3,67.9
2026-07-27,5,3,2026-07-30 00:00:00,3 days 00:00:00,72,18.25,-119.25,983.4,67.8
2026-07-27,5,3,2026-07-30 06:00:00,3 days 06:00:00,78,18.63,-120.25,985.4,65.0
2026-07-27,5,3,2026-07-30 12:00:00,3 days 12:00:00,84,19.0,-121.25,987.5,62.3
2026-07-27,5,3,2026-07-30 18:00:00,3 days 18:00:00,90,19.5,-122.25,987.8,61.8
2026-07-27,5,3,2026-07-31 00:00:00,4 days 00:00:00,96,20.0,-123.25,988.1,61.3
2026-07-27,5,3,2026-07-31 06:00:00,4 days 06:00:00,102,20.13,-124.37,989.1,60.0
2026-07-27,5,3,2026-07-31 12:00:00,4 days 12:00:00,108,20.25,-125.5,990.0,58.7
2026-07-27,5,3,2026-07-31 18:00:00,4 days 18:00:00,114,20.88,-126.87,991.1,57.2
2026-07-27,5,3,2026-08-01 00:00:00,5 days 00:00:00,120,21.5,-128.25,992.1,55.7
2026-07-27,5,3,2026-08-01 06:00:00,5 days 06:00:00,126,21.75,-129.5,992.3,55.5
2026-07-27,5,3,2026-08-01 12:00:00,5 days 12:00:00,132,22.0,-130.75,992.4,55.2
2026-07-27,5,3,2026-08-01 18:00:00,5 days 18:00:00,138,22.63,-132.24,996.2,49.5
2026-07-27,5,3,2026-08-02 00:00:00,6 days 00:00:00,144,23.25,-133.75,1000.0,43.7
2026-07-27,5,3,2026-08-02 06:00:00,6 days 06:00:00,150,23.75,-134.87,1001.4,41.4
2026-07-27,5,3,2026-08-02 12:00:00,6 days 12:00:00,156,24.25,-136.0,1002.8,39.0
2026-07-27,5,3,2026-08-02 18:00:00,6 days 18:00:00,162,25.0,-136.87,1003.5,37.7
2026-07-27,5,3,2026-08-03 00:00:00,7 days 00:00:00,168,25.75,-137.75,1004.3,36.4
2026-07-27,5,3,2026-08-03 06:00:00,7 days 06:00:00,174,26.5,-138.37,1004.8,35.4
2026-07-27,5,3,2026-08-03 12:00:00,7 days 12:00:00,180,27.25,-139.0,1005.4,34.4
2026-07-27,6,3,2026-07-27 00:00:00,0 days 00:00:00,0,21.25,88.5,992.6,54.9
2026-07-27,6,3,2026-07-27 06:00:00,0 days 06:00:00,6,21.38,88.38,992.0,55.8
2026-07-27,6,3,2026-07-27 12:00:00,0 days 12:00:00,12,21.5,88.25,991.4,56.7
2026-07-27,6,3,2026-07-27 18:00:00,0 days 18:00:00,18,21.88,88.0,991.8,56.2
2026-07-27,6,3,2026-07-28 00:00:00,1 days 00:00:00,24,22.25,87.75,992.1,55.7
2026-07-27,6,3,2026-07-28 06:00:00,1 days 06:00:00,30,22.38,86.75,992.4,55.4
2026-07-27,6,3,2026-07-28 12:00:00,1 days 12:00:00,36,22.5,85.75,992.6,55.0
2026-07-27,6,3,2026-07-28 18:00:00,1 days 18:00:00,42,22.38,85.25,993.5,53.7
2026-07-27,6,3,2026-07-29 00:00:00,2 days 00:00:00,48,22.25,84.75,994.3,52.4
2026-07-27,6,3,2026-07-29 06:00:00,2 days 06:00:00,54,21.89,82.62,993.0,54.4
2026-07-27,6,3,2026-07-29 12:00:00,2 days 12:00:00,60,21.5,80.5,991.7,56.3
2026-07-27,7,3,2026-07-27 00:00:00,0 days 00:00:00,0,12.75,178.25,1002.3,39.9
2026-07-27,7,3,2026-07-27 06:00:00,0 days 06:00:00,6,12.88,176.88,1002.6,39.3
2026-07-27,7,3,2026-07-27 12:00:00,0 days 12:00:00,12,13.0,175.5,1003.0,38.7
2026-07-27,7,3,2026-07-27 18:00:00,0 days 18:00:00,18,13.0,174.25,1001.3,41.4
2026-07-27,7,3,2026-07-28 00:00:00,1 days 00:00:00,24,13.0,173.0,999.7,44.1
2026-07-27,7,3,2026-07-28 06:00:00,1 days 06:00:00,30,12.88,171.87,998.5,46.0
2026-07-27,7,3,2026-07-28 12:00:00,1 days 12:00:00,36,12.75,170.75,997.3,47.9
2026-07-27,7,3,2026-07-28 18:00:00,1 days 18:00:00,42,13.25,170.25,994.1,52.7
2026-07-27,7,3,2026-07-29 00:00:00,2 days 00:00:00,48,13.75,169.75,990.8,57.6
2026-07-27,7,3,2026-07-29 06:00:00,2 days 06:00:00,54,14.25,168.88,990.5,58.0
2026-07-27,7,3,2026-07-29 12:00:00,2 days 12:00:00,60,14.75,168.0,990.2,58.4
2026-07-27,7,3,2026-07-29 18:00:00,2 days 18:00:00,66,15.5,167.5,986.8,63.0
2026-07-27,7,3,2026-07-30 00:00:00,3 days 00:00:00,72,16.25,167.0,983.5,67.7
2026-07-27,7,3,2026-07-30 06:00:00,3 days 06:00:00,78,16.75,166.0,980.3,71.8
2026-07-27,7,3,2026-07-30 12:00:00,3 days 12:00:00,84,17.25,165.0,977.1,75.8
2026-07-27,7,3,2026-07-30 18:00:00,3 days 18:00:00,90,17.88,164.13,973.1,80.8
2026-07-27,7,3,2026-07-31 00:00:00,4 days 00:00:00,96,18.5,163.25,969.1,85.7
2026-07-27,7,3,2026-07-31 06:00:00,4 days 06:00:00,102,19.13,162.5,965.0,90.5
2026-07-27,7,3,2026-07-31 12:00:00,4 days 12:00:00,108,19.75,161.75,960.8,95.3
2026-07-27,7,3,2026-07-31 18:00:00,4 days 18:00:00,114,20.5,160.88,960.3,95.9
2026-07-27,7,3,2026-08-01 00:00:00,5 days 00:00:00,120,21.25,160.0,959.7,96.6
2026-07-27,7,3,2026-08-01 06:00:00,5 days 06:00:00,126,22.13,159.01,959.5,96.8
2026-07-27,7,3,2026-08-01 12:00:00,5 days 12:00:00,132,23.0,158.0,959.2,97.1
2026-07-27,7,3,2026-08-01 18:00:00,5 days 18:00:00,138,23.76,156.76,959.9,96.3
2026-07-27,7,3,2026-08-02 00:00:00,6 days 00:00:00,144,24.5,155.5,960.6,95.6
2026-07-27,7,3,2026-08-02 06:00:00,6 days 06:00:00,150,25.25,154.51,959.7,96.6
2026-07-27,7,3,2026-08-02 12:00:00,6 days 12:00:00,156,26.0,153.5,958.8,97.5
2026-07-27,7,3,2026-08-02 18:00:00,6 days 18:00:00,162,26.63,152.63,957.8,98.7
2026-07-27,7,3,2026-08-03 00:00:00,7 days 00:00:00,168,27.25,151.75,956.7,99.9
2026-07-27,7,3,2026-08-03 06:00:00,7 days 06:00:00,174,27.75,150.88,961.1,94.9
2026-07-27,7,3,2026-08-03 12:00:00,7 days 12:00:00,180,28.25,150.0,965.5,89.9
2026-07-27,7,3,2026-08-03 18:00:00,7 days 18:00:00,186,28.63,148.51,964.3,91.3
2026-07-27,7,3,2026-08-04 00:00:00,8 days 00:00:00,192,29.0,147.0,963.1,92.7
2026-07-27,7,3,2026-08-04 06:00:00,8 days 06:00:00,198,29.13,145.88,963.8,91.9
2026-07-27,7,3,2026-08-04 12:00:00,8 days 12:00:00,204,29.25,144.75,964.4,91.1
2026-07-27,7,3,2026-08-04 18:00:00,8 days 18:00:00,210,29.38,143.5,965.4,90.1
2026-07-27,7,3,2026-08-05 00:00:00,9 days 00:00:00,216,29.5,142.25,966.3,89.0
2026-07-27,7,3,2026-08-05 06:00:00,9 days 06:00:00,222,29.76,140.88,965.7,89.6
2026-07-27,7,3,2026-08-05 12:00:00,9 days 12:00:00,228,30.0,139.5,965.2,90.3
2026-07-27,7,3,2026-08-05 18:00:00,9 days 18:00:00,234,30.5,138.75,966.1,89.2
2026-07-27,7,3,2026-08-06 00:00:00,10 days 00:00:00,240,31.0,138.0,967.0,88.1
2026-07-27,7,3,2026-08-06 06:00:00,10 days 06:00:00,246,31.51,136.76,967.4,87.7
2026-07-27,7,3,2026-08-06 12:00:00,10 days 12:00:00,252,32.0,135.5,967.8,87.3
2026-07-27,7,3,2026-08-06 18:00:00,10 days 18:00:00,258,32.63,134.63,971.2,83.1
2026-07-27,7,3,2026-08-07 00:00:00,11 days 00:00:00,264,33.25,133.75,974.7,78.9
2026-07-27,7,3,2026-08-07 06:00:00,11 days 06:00:00,270,34.13,133.13,980.9,70.9
2026-07-27,7,3,2026-08-07 12:00:00,11 days 12:00:00,276,35.0,132.5,987.1,62.8
2026-07-27,7,3,2026-08-07 18:00:00,11 days 18:00:00,282,35.88,132.01,988.1,61.4
2026-07-27,7,3,2026-08-08 00:00:00,12 days 00:00:00,288,36.75,131.5,989.1,60.0
2026-07-27,7,3,2026-08-08 06:00:00,12 days 06:00:00,294,37.88,132.24,988.3,61.1
2026-07-27,7,3,2026-08-08 12:00:00,12 days 12:00:00,300,39.0,133.0,987.6,62.2
2026-07-27,7,3,2026-08-08 18:00:00,12 days 18:00:00,306,40.02,134.85,987.4,62.3
2026-07-27,7,3,2026-08-09 00:00:00,13 days 00:00:00,312,41.0,136.75,987.3,62.5
2026-07-27,7,3,2026-08-09 06:00:00,13 days 06:00:00,318,43.05,140.01,984.8,65.9
2026-07-27,7,3,2026-08-09 12:00:00,13 days 12:00:00,324,45.0,143.5,982.2,69.3
2026-07-27,7,3,2026-08-09 18:00:00,13 days 18:00:00,330,46.57,147.27,981.3,70.5
2026-07-27,7,3,2026-08-10 00:00:00,14 days 00:00:00,336,48.0,151.25,980.4,71.7
2026-07-27,7,3,2026-08-10 06:00:00,14 days 06:00:00,342,52.15,153.4,980.2,71.9
2026-07-27,7,3,2026-08-10 12:00:00,14 days 12:00:00,348,56.25,156.0,980.1,72.1
2026-07-27,8,3,2026-07-31 00:00:00,4 days 00:00:00,96,31.5,62.5,994.7,51.9
2026-07-27,8,3,2026-07-31 06:00:00,4 days 06:00:00,102,31.13,63.13,993.2,54.1
2026-07-27,8,3,2026-07-31 12:00:00,4 days 12:00:00,108,30.75,63.75,991.8,56.2
2026-07-27,8,3,2026-07-31 18:00:00,4 days 18:00:00,114,31.25,63.38,992.5,55.2
2026-07-27,8,3,2026-08-01 00:00:00,5 days 00:00:00,120,31.75,63.0,993.2,54.1
2026-07-27,8,3,2026-08-01 06:00:00,5 days 06:00:00,126,31.5,62.5,991.9,56.0
2026-07-27,8,3,2026-08-01 12:00:00,5 days 12:00:00,132,31.25,62.0,990.6,57.9
2026-07-27,8,3,2026-08-01 18:00:00,5 days 18:00:00,138,31.31,62.12,990.8,57.6
2026-07-27,8,3,2026-08-02 00:00:00,6 days 00:00:00,144,31.38,62.25,991.0,57.4
2026-07-27,8,3,2026-08-02 06:00:00,6 days 06:00:00,150,31.44,62.37,991.1,57.1
2026-07-27,8,3,2026-08-02 12:00:00,6 days 12:00:00,156,31.5,62.5,991.3,56.9
2026-07-27,8,3,2026-08-02 18:00:00,6 days 18:00:00,162,31.63,62.62,992.3,55.4
2026-07-27,8,3,2026-08-03 00:00:00,7 days 00:00:00,168,31.75,62.75,993.3,54.0
2026-07-27,8,3,2026-08-03 06:00:00,7 days 06:00:00,174,31.88,62.38,991.7,56.2
2026-07-27,8,3,2026-08-03 12:00:00,7 days 12:00:00,180,32.0,62.0,990.2,58.4
2026-07-27,8,3,2026-08-03 18:00:00,7 days 18:00:00,186,31.88,62.5,991.5,56.6
2026-07-27,8,3,2026-08-04 00:00:00,8 days 00:00:00,192,31.75,63.0,992.8,54.7
2026-07-27,8,3,2026-08-04 06:00:00,8 days 06:00:00,198,31.75,63.0,992.6,55.0
2026-07-27,8,3,2026-08-04 12:00:00,8 days 12:00:00,204,31.75,63.0,992.3,55.4
2026-07-27,9,3,2026-08-03 12:00:00,7 days 12:00:00,180,11.0,-127.0,1005.0,35.0
2026-07-27,9,3,2026-08-03 18:00:00,7 days 18:00:00,186,11.0,-127.88,1004.5,35.9
2026-07-27,9,3,2026-08-04 00:00:00,8 days 00:00:00,192,11.0,-128.75,1004.0,36.9
2026-07-27,9,3,2026-08-04 06:00:00,8 days 06:00:00,198,11.0,-129.25,1002.2,40.0
2026-07-27,9,3,2026-08-04 12:00:00,8 days 12:00:00,204,11.0,-129.75,1000.3,43.1
2026-07-27,9,3,2026-08-04 18:00:00,8 days 18:00:00,210,11.5,-130.5,1000.9,42.1
2026-07-27,9,3,2026-08-05 00:00:00,9 days 00:00:00,216,12.0,-131.25,1001.5,41.2
2026-07-27,9,3,2026-08-05 06:00:00,9 days 06:00:00,222,12.38,-132.5,1001.7,40.8
2026-07-27,9,3,2026-08-05 12:00:00,9 days 12:00:00,228,12.75,-133.75,1001.9,40.5
2026-07-27,9,3,2026-08-05 18:00:00,9 days 18:00:00,234,13.25,-135.25,1001.1,41.8
2026-07-27,9,3,2026-08-06 00:00:00,10 days 00:00:00,240,13.75,-136.75,1000.2,43.2
2026-07-27,9,3,2026-08-06 06:00:00,10 days 06:00:00,246,14.0,-138.12,999.5,44.4
2026-07-27,9,3,2026-08-06 12:00:00,10 days 12:00:00,252,14.25,-139.5,998.8,45.6
2026-07-27,9,3,2026-08-06 18:00:00,10 days 18:00:00,258,14.5,-140.87,1001.2,41.6
2026-07-27,9,3,2026-08-07 00:00:00,11 days 00:00:00,264,14.75,-142.25,1003.6,37.6
2026-07-27,9,3,2026-08-07 06:00:00,11 days 06:00:00,270,15.13,-143.62,1003.5,37.8
2026-07-27,9,3,2026-08-07 12:00:00,11 days 12:00:00,276,15.5,-145.0,1003.4,37.9
2026-07-27,1,30,2026-07-27 00:00:00,0 days 00:00:00,0,20.0,-143.0,995.2,51.2
2026-07-27,1,30,2026-07-27 06:00:00,0 days 06:00:00,6,20.38,-144.37,995.8,50.2
2026-07-27,1,30,2026-07-27 12:00:00,0 days 12:00:00,12,20.75,-145.75,996.5,49.1
2026-07-27,1,30,2026-07-27 18:00:00,0 days 18:00:00,18,21.0,-147.0,999.6,44.2
2026-07-27,1,30,2026-07-28 00:00:00,1 days 00:00:00,24,21.25,-148.25,1002.7,39.2
2026-07-27,10,30,2026-08-04 00:00:00,8 days 00:00:00,192,21.5,108.5,1004.6,35.9
2026-07-27,10,30,2026-08-04 06:00:00,8 days 06:00:00,198,21.38,108.31,1004.2,36.5
2026-07-27,10,30,2026-08-04 12:00:00,8 days 12:00:00,204,21.25,108.12,1003.8,37.2
2026-07-27,10,30,2026-08-04 18:00:00,8 days 18:00:00,210,21.13,107.94,1003.5,37.8
2026-07-27,10,30,2026-08-05 00:00:00,9 days 00:00:00,216,21.0,107.75,1003.1,38.5
2026-07-27,10,30,2026-08-05 06:00:00,9 days 06:00:00,222,21.25,108.0,1002.1,40.1
2026-07-27,10,30,2026-08-05 12:00:00,9 days 12:00:00,228,21.5,108.25,1001.2,41.6
2026-07-27,10,30,2026-08-05 18:00:00,9 days 18:00:00,234,21.38,108.38,1001.4,41.3
2026-07-27,10,30,2026-08-06 00:00:00,10 days 00:00:00,240,21.25,108.5,1001.7,40.9
2026-07-27,10,30,2026-08-06 06:00:00,10 days 06:00:00,246,21.38,108.38,1001.0,42.1
2026-07-27,10,30,2026-08-06 12:00:00,10 days 12:00:00,252,21.5,108.25,1000.2,43.2
2026-07-27,11,30,2026-08-06 00:00:00,10 days 00:00:00,240,21.25,155.75,997.4,47.8
2026-07-27,11,30,2026-08-06 06:00:00,10 days 06:00:00,246,22.25,156.49,996.0,49.9
2026-07-27,11,30,2026-08-06 12:00:00,10 days 12:00:00,252,23.25,157.25,994.6,52.0
2026-07-27,11,30,2026-08-06 18:00:00,10 days 18:00:00,258,23.75,157.0,994.1,52.8
2026-07-27,11,30,2026-08-07 00:00:00,11 days 00:00:00,264,24.25,156.75,993.5,53.6
2026-07-27,11,30,2026-08-07 06:00:00,11 days 06:00:00,270,25.63,156.38,994.5,52.2
2026-07-27,11,30,2026-08-07 12:00:00,11 days 12:00:00,276,27.0,156.0,995.5,50.7
2026-07-27,11,30,2026-08-07 18:00:00,11 days 18:00:00,282,27.38,155.38,995.5,50.6
2026-07-27,11,30,2026-08-08 00:00:00,12 days 00:00:00,288,27.75,154.75,995.6,50.6
2026-07-27,11,30,2026-08-08 06:00:00,12 days 06:00:00,294,28.25,154.63,995.9,50.1
2026-07-27,11,30,2026-08-08 12:00:00,12 days 12:00:00,300,28.75,154.5,996.2,49.6
2026-07-27,11,30,2026-08-08 18:00:00,12 days 18:00:00,306,29.63,154.0,994.7,51.9
2026-07-27,11,30,2026-08-09 00:00:00,13 days 00:00:00,312,30.5,153.5,993.1,54.3
2026-07-27,11,30,2026-08-09 06:00:00,13 days 06:00:00,318,31.26,152.01,992.3,55.4
2026-07-27,11,30,2026-08-09 12:00:00,13 days 12:00:00,324,32.0,150.5,991.6,56.5
2026-07-27,11,30,2026-08-09 18:00:00,13 days 18:00:00,330,32.5,149.63,992.2,55.6
2026-07-27,11,30,2026-08-10 00:00:00,14 days 00:00:00,336,33.0,148.75,992.7,54.8
2026-07-27,11,30,2026-08-10 06:00:00,14 days 06:00:00,342,33.88,147.88,994.5,52.1
2026-07-27,11,30,2026-08-10 12:00:00,14 days 12:00:00,348,34.75,147.0,996.3,49.4
2026-07-27,11,30,2026-08-10 18:00:00,14 days 18:00:00,354,35.63,146.88,996.9,48.5
2026-07-27,11,30,2026-08-11 00:00:00,15 days 00:00:00,360,36.5,146.75,997.5,47.7
2026-07-27,5,30,2026-07-27 00:00:00,0 days 00:00:00,0,14.5,-110.75,972.9,81.1
2026-07-27,5,30,2026-07-27 06:00:00,0 days 06:00:00,6,15.25,-111.62,975.1,78.4
2026-07-27,5,30,2026-07-27 12:00:00,0 days 12:00:00,12,16.0,-112.5,977.3,75.7
2026-07-27,5,30,2026-07-27 18:00:00,0 days 18:00:00,18,16.5,-113.5,976.7,76.4
2026-07-27,5,30,2026-07-28 00:00:00,1 days 00:00:00,24,17.0,-114.5,976.2,77.1
2026-07-27,5,30,2026-07-28 06:00:00,1 days 06:00:00,30,17.25,-115.0,978.9,73.6
2026-07-27,5,30,2026-07-28 12:00:00,1 days 12:00:00,36,17.5,-115.5,981.7,70.0
2026-07-27,5,30,2026-07-28 18:00:00,1 days 18:00:00,42,17.63,-116.0,983.1,68.2
2026-07-27,5,30,2026-07-29 00:00:00,2 days 00:00:00,48,17.75,-116.5,984.5,66.4
2026-07-27,5,30,2026-07-29 06:00:00,2 days 06:00:00,54,17.88,-117.37,983.4,67.8
2026-07-27,5,30,2026-07-29 12:00:00,2 days 12:00:00,60,18.0,-118.25,982.4,69.2
2026-07-27,5,30,2026-07-29 18:00:00,2 days 18:00:00,66,18.38,-118.87,985.5,65.0
2026-07-27,5,30,2026-07-30 00:00:00,3 days 00:00:00,72,18.75,-119.5,988.6,60.7
2026-07-27,5,30,2026-07-30 06:00:00,3 days 06:00:00,78,19.13,-120.62,988.5,60.9
2026-07-27,5,30,2026-07-30 12:00:00,3 days 12:00:00,84,19.5,-121.75,988.4,61.0
2026-07-27,5,30,2026-07-30 18:00:00,3 days 18:00:00,90,19.88,-123.0,988.4,60.9
2026-07-27,5,30,2026-07-31 00:00:00,4 days 00:00:00,96,20.25,-124.25,988.5,60.9
2026-07-27,5,30,2026-07-31 06:00:00,4 days 06:00:00,102,20.88,-125.37,989.9,58.8
2026-07-27,5,30,2026-07-31 12:00:00,4 days 12:00:00,108,21.5,-126.5,991.4,56.8
2026-07-27,5,30,2026-07-31 18:00:00,4 days 18:00:00,114,22.0,-127.75,993.3,53.9
2026-07-27,5,30,2026-08-01 00:00:00,5 days 00:00:00,120,22.5,-129.0,995.3,51.0
2026-07-27,5,30,2026-08-01 06:00:00,5 days 06:00:00,126,23.13,-130.12,999.1,44.8
2026-07-27,5,30,2026-08-01 12:00:00,5 days 12:00:00,132,23.75,-131.25,1003.0,38.6
2026-07-27,5,30,2026-08-01 18:00:00,5 days 18:00:00,138,24.01,-132.5,1004.7,35.7
2026-07-27,5,30,2026-08-02 00:00:00,6 days 00:00:00,144,24.25,-133.75,1006.3,32.7
2026-07-27,5,30,2026-08-02 06:00:00,6 days 06:00:00,150,24.38,-135.0,1006.4,32.5
2026-07-27,5,30,2026-08-02 12:00:00,6 days 12:00:00,156,24.5,-136.25,1006.5,32.4
2026-07-27,5,30,2026-08-02 18:00:00,6 days 18:00:00,162,24.88,-137.0,1007.9,29.7
2026-07-27,5,30,2026-08-03 00:00:00,7 days 00:00:00,168,25.25,-137.75,1009.2,27.0
2026-07-27,5,30,2026-08-03 06:00:00,7 days 06:00:00,174,26.01,-138.49,1009.5,26.4
2026-07-27,5,30,2026-08-03 12:00:00,7 days 12:00:00,180,26.76,-139.23,1009.8,25.9
2026-07-27,5,30,2026-08-03 18:00:00,7 days 18:00:00,186,27.51,-139.99,1010.1,25.3
2026-07-27,5,30,2026-08-04 00:00:00,8 days 00:00:00,192,28.25,-140.75,1010.4,24.7
2026-07-27,5,30,2026-08-04 06:00:00,8 days 06:00:00,198,29.25,-141.62,1010.8,23.7
2026-07-27,5,30,2026-08-04 12:00:00,8 days 12:00:00,204,30.25,-142.5,1011.3,22.7
2026-07-27,6,30,2026-07-27 00:00:00,0 days 00:00:00,0,21.25,88.5,992.6,54.9
2026-07-27,6,30,2026-07-27 06:00:00,0 days 06:00:00,6,21.38,88.38,992.4,55.3
2026-07-27,6,30,2026-07-27 12:00:00,0 days 12:00:00,12,21.5,88.25,992.1,55.7
2026-07-27,6,30,2026-07-27 18:00:00,0 days 18:00:00,18,21.75,88.0,991.4,56.8
2026-07-27,6,30,2026-07-28 00:00:00,1 days 00:00:00,24,22.0,87.75,990.6,57.8
2026-07-27,6,30,2026-07-28 06:00:00,1 days 06:00:00,30,22.0,87.25,991.9,56.0
2026-07-27,6,30,2026-07-28 12:00:00,1 days 12:00:00,36,22.0,86.75,993.1,54.2
2026-07-27,6,30,2026-07-28 18:00:00,1 days 18:00:00,42,22.13,85.88,993.4,53.9
2026-07-27,6,30,2026-07-29 00:00:00,2 days 00:00:00,48,22.25,85.0,993.6,53.5
2026-07-27,6,30,2026-07-29 06:00:00,2 days 06:00:00,54,22.13,84.12,993.8,53.3
2026-07-27,6,30,2026-07-29 12:00:00,2 days 12:00:00,60,22.0,83.25,993.9,53.1
2026-07-27,6,30,2026-07-29 18:00:00,2 days 18:00:00,66,22.32,82.38,993.9,53.0
2026-07-27,6,30,2026-07-30 00:00:00,3 days 00:00:00,72,22.63,81.51,994.0,52.9
2026-07-27,6,30,2026-07-30 06:00:00,3 days 06:00:00,78,22.94,80.63,994.1,52.8
2026-07-27,6,30,2026-07-30 12:00:00,3 days 12:00:00,84,23.25,79.75,994.1,52.8
2026-07-27,6,30,2026-07-30 18:00:00,3 days 18:00:00,90,24.8,81.97,995.2,51.1
2026-07-27,6,30,2026-07-31 00:00:00,4 days 00:00:00,96,26.32,84.26,996.2,49.5
2026-07-27,6,30,2026-07-31 06:00:00,4 days 06:00:00,102,27.81,86.6,997.3,47.9
2026-07-27,6,30,2026-07-31 12:00:00,4 days 12:00:00,108,29.25,89.0,998.3,46.3
2026-07-27,7,30,2026-07-27 00:00:00,0 days 00:00:00,0,12.75,178.25,1002.3,39.9
2026-07-27,7,30,2026-07-27 06:00:00,0 days 06:00:00,6,13.0,176.88,1000.8,42.2
2026-07-27,7,30,2026-07-27 12:00:00,0 days 12:00:00,12,13.25,175.5,999.4,44.6
2026-07-27,7,30,2026-07-27 18:00:00,0 days 18:00:00,18,13.38,174.25,998.6,45.9
2026-07-27,7,30,2026-07-28 00:00:00,1 days 00:00:00,24,13.5,173.0,997.8,47.2
2026-07-27,7,30,2026-07-28 06:00:00,1 days 06:00:00,30,13.5,172.0,996.6,48.9
2026-07-27,7,30,2026-07-28 12:00:00,1 days 12:00:00,36,13.5,171.0,995.5,50.7
2026-07-27,7,30,2026-07-28 18:00:00,1 days 18:00:00,42,13.75,170.25,992.4,55.2
2026-07-27,7,30,2026-07-29 00:00:00,2 days 00:00:00,48,14.0,169.5,989.3,59.7
2026-07-27,7,30,2026-07-29 06:00:00,2 days 06:00:00,54,14.5,169.0,987.9,61.6
2026-07-27,7,30,2026-07-29 12:00:00,2 days 12:00:00,60,15.0,168.5,986.5,63.5
2026-07-27,7,30,2026-07-29 18:00:00,2 days 18:00:00,66,15.63,167.75,982.6,68.7
2026-07-27,7,30,2026-07-30 00:00:00,3 days 00:00:00,72,16.25,167.0,978.7,73.8
2026-07-27,7,30,2026-07-30 06:00:00,3 days 06:00:00,78,16.88,166.25,978.5,74.1
2026-07-27,7,30,2026-07-30 12:00:00,3 days 12:00:00,84,17.5,165.5,978.3,74.3
2026-07-27,7,30,2026-07-30 18:00:00,3 days 18:00:00,90,18.13,164.88,975.2,78.2
2026-07-27,7,30,2026-07-31 00:00:00,4 days 00:00:00,96,18.75,164.25,972.0,82.1
2026-07-27,7,30,2026-07-31 06:00:00,4 days 06:00:00,102,19.38,163.38,967.6,87.4
2026-07-27,7,30,2026-07-31 12:00:00,4 days 12:00:00,108,20.0,162.5,963.2,92.6
2026-07-27,7,30,2026-07-31 18:00:00,4 days 18:00:00,114,20.75,161.75,962.6,93.2
2026-07-27,7,30,2026-08-01 00:00:00,5 days 00:00:00,120,21.5,161.0,962.1,93.8
2026-07-27,7,30,2026-08-01 06:00:00,5 days 06:00:00,126,22.5,160.13,961.2,94.8
2026-07-27,7,30,2026-08-01 12:00:00,5 days 12:00:00,132,23.5,159.25,960.3,95.9
2026-07-27,7,30,2026-08-01 18:00:00,5 days 18:00:00,138,24.51,158.01,960.0,96.3
2026-07-27,7,30,2026-08-02 00:00:00,6 days 00:00:00,144,25.5,156.75,959.6,96.6
2026-07-27,7,30,2026-08-02 06:00:00,6 days 06:00:00,150,26.38,155.51,959.5,96.8
2026-07-27,7,30,2026-08-02 12:00:00,6 days 12:00:00,156,27.25,154.25,959.3,97.0
2026-07-27,7,30,2026-08-02 18:00:00,6 days 18:00:00,162,28.38,153.14,962.0,93.9
2026-07-27,7,30,2026-08-03 00:00:00,7 days 00:00:00,168,29.5,152.0,964.7,90.8
2026-07-27,7,30,2026-08-03 06:00:00,7 days 06:00:00,174,30.25,151.01,969.0,85.7
2026-07-27,7,30,2026-08-03 12:00:00,7 days 12:00:00,180,31.0,150.0,973.3,80.6
2026-07-27,7,30,2026-08-03 18:00:00,7 days 18:00:00,186,31.51,148.76,978.0,74.7
2026-07-27,7,30,2026-08-04 00:00:00,8 days 00:00:00,192,32.0,147.5,982.6,68.8
2026-07-27,7,30,2026-08-04 06:00:00,8 days 06:00:00,198,32.63,146.38,985.1,65.4
2026-07-27,7,30,2026-08-04 12:00:00,8 days 12:00:00,204,33.25,145.25,987.6,62.1
2026-07-27,7,30,2026-08-04 18:00:00,8 days 18:00:00,210,33.5,144.63,989.4,59.6
2026-07-27,7,30,2026-08-05 00:00:00,9 days 00:00:00,216,33.75,144.0,991.1,57.2
2026-07-27,7,30,2026-08-05 06:00:00,9 days 06:00:00,222,34.25,143.5,991.6,56.5
2026-07-27,7,30,2026-08-05 12:00:00,9 days 12:00:00,228,34.75,143.0,992.1,55.7
2026-07-27,7,30,2026-08-05 18:00:00,9 days 18:00:00,234,35.0,142.5,992.6,55.0
2026-07-27,7,30,2026-08-06 00:00:00,10 days 00:00:00,240,35.25,142.0,993.1,54.3
2026-07-27,7,30,2026-08-06 06:00:00,10 days 06:00:00,246,35.5,142.25,993.4,53.9
2026-07-27,7,30,2026-08-06 12:00:00,10 days 12:00:00,252,35.75,142.5,993.6,53.5
2026-07-27,7,30,2026-08-06 18:00:00,10 days 18:00:00,258,36.0,142.38,992.7,54.9
2026-07-27,7,30,2026-08-07 00:00:00,11 days 00:00:00,264,36.25,142.25,991.7,56.3
2026-07-27,7,30,2026-08-07 06:00:00,11 days 06:00:00,270,36.75,141.75,992.7,54.8
2026-07-27,7,30,2026-08-07 12:00:00,11 days 12:00:00,276,37.25,141.25,993.7,53.4
2026-07-27,7,30,2026-08-07 18:00:00,11 days 18:00:00,282,38.25,140.63,995.0,51.5
2026-07-27,7,30,2026-08-08 00:00:00,12 days 00:00:00,288,39.25,140.0,996.2,49.6
2026-07-27,7,30,2026-08-08 06:00:00,12 days 06:00:00,294,39.88,139.63,996.7,48.8
2026-07-27,7,30,2026-08-08 12:00:00,12 days 12:00:00,300,40.5,139.25,997.2,48.0
2026-07-27,7,30,2026-08-08 18:00:00,12 days 18:00:00,306,40.36,136.35,998.1,46.7
2026-07-27,7,30,2026-08-09 00:00:00,13 days 00:00:00,312,40.14,133.46,998.9,45.3
2026-07-27,7,30,2026-08-09 06:00:00,13 days 06:00:00,318,39.86,130.59,999.8,43.9
2026-07-27,7,30,2026-08-09 12:00:00,13 days 12:00:00,324,39.5,127.75,1000.6,42.6
2026-07-27,7,30,2026-08-09 18:00:00,13 days 18:00:00,330,39.38,126.5,1002.0,40.3
2026-07-27,7,30,2026-08-10 00:00:00,14 days 00:00:00,336,39.25,125.25,1003.4,38.0
2026-07-27,8,30,2026-07-29 12:00:00,2 days 12:00:00,60,32.0,62.25,992.1,55.7
2026-07-27,8,30,2026-07-29 18:00:00,2 days 18:00:00,66,31.81,62.31,992.1,55.7
2026-07-27,8,30,2026-07-30 00:00:00,3 days 00:00:00,72,31.63,62.38,992.1,55.7
2026-07-27,8,30,2026-07-30 06:00:00,3 days 06:00:00,78,31.44,62.44,992.2,55.6
2026-07-27,8,30,2026-07-30 12:00:00,3 days 12:00:00,84,31.25,62.5,992.2,55.6
2026-07-27,8,30,2026-07-30 18:00:00,3 days 18:00:00,90,31.5,62.75,993.3,54.0
2026-07-27,8,30,2026-07-31 00:00:00,4 days 00:00:00,96,31.75,63.0,994.3,52.5
2026-07-27,8,30,2026-07-31 06:00:00,4 days 06:00:00,102,31.5,62.62,992.8,54.7
2026-07-27,8,30,2026-07-31 12:00:00,4 days 12:00:00,108,31.25,62.25,991.3,56.9
2026-07-27,8,30,2026-07-31 18:00:00,4 days 18:00:00,114,31.25,62.38,992.5,55.2
2026-07-27,8,30,2026-08-01 00:00:00,5 days 00:00:00,120,31.25,62.5,993.7,53.4
2026-07-27,8,30,2026-08-01 06:00:00,5 days 06:00:00,126,31.25,62.38,992.0,55.9
2026-07-27,8,30,2026-08-01 12:00:00,5 days 12:00:00,132,31.25,62.25,990.3,58.4
2026-07-27,8,30,2026-08-01 18:00:00,5 days 18:00:00,138,27.46,67.17,990.9,57.4
2026-07-27,8,30,2026-08-02 00:00:00,6 days 00:00:00,144,23.5,71.75,991.6,56.4
2026-07-27,8,30,2026-08-02 06:00:00,6 days 06:00:00,150,24.38,71.75,991.8,56.2
2026-07-27,8,30,2026-08-02 12:00:00,6 days 12:00:00,156,25.25,71.75,992.0,55.9
2026-07-27,8,30,2026-08-02 18:00:00,6 days 18:00:00,162,25.63,70.75,993.3,53.9
2026-07-27,8,30,2026-08-03 00:00:00,7 days 00:00:00,168,26.0,69.75,994.7,51.9
2026-07-27,9,30,2026-08-04 00:00:00,8 days 00:00:00,192,12.5,-126.5,1005.2,34.7
2026-07-27,9,30,2026-08-04 06:00:00,8 days 06:00:00,198,12.63,-127.5,1004.0,36.9
2026-07-27,9,30,2026-08-04 12:00:00,8 days 12:00:00,204,12.75,-128.5,1002.7,39.1
2026-07-27,9,30,2026-08-04 18:00:00,8 days 18:00:00,210,12.5,-129.88,1002.6,39.4
2026-07-27,9,30,2026-08-05 00:00:00,9 days 00:00:00,216,12.25,-131.25,1002.4,39.6
2026-07-27,9,30,2026-08-05 06:00:00,9 days 06:00:00,222,12.25,-131.75,999.5,44.4
2026-07-27,9,30,2026-08-05 12:00:00,9 days 12:00:00,228,12.25,-132.25,996.5,49.1
2026-07-27,9,30,2026-08-05 18:00:00,9 days 18:00:00,234,12.13,-133.38,994.7,51.8
2026-07-27,9,30,2026-08-06 00:00:00,10 days 00:00:00,240,12.0,-134.5,992.9,54.5
2026-07-27,9,30,2026-08-06 06:00:00,10 days 06:00:00,246,12.13,-135.5,990.2,58.4
2026-07-27,9,30,2026-08-06 12:00:00,10 days 12:00:00,252,12.25,-136.5,987.5,62.2
2026-07-27,9,30,2026-08-06 18:00:00,10 days 18:00:00,258,12.63,-137.75,985.7,64.6
2026-07-27,9,30,2026-08-07 00:00:00,11 days 00:00:00,264,13.0,-139.0,984.0,67.0
2026-07-27,9,30,2026-08-07 06:00:00,11 days 06:00:00,270,13.5,-140.0,982.4,69.0
2026-07-27,9,30,2026-08-07 12:00:00,11 days 12:00:00,276,14.0,-141.0,980.9,71.1
2026-07-27,9,30,2026-08-07 18:00:00,11 days 18:00:00,282,14.38,-142.25,984.4,66.4
2026-07-27,9,30,2026-08-08 00:00:00,12 days 00:00:00,288,14.75,-143.5,987.8,61.8
2026-07-27,9,30,2026-08-08 06:00:00,12 days 06:00:00,294,15.0,-145.0,988.8,60.5
2026-07-27,9,30,2026-08-08 12:00:00,12 days 12:00:00,300,15.25,-146.5,989.7,59.1
2026-07-27,9,30,2026-08-08 18:00:00,12 days 18:00:00,306,15.5,-147.87,991.7,56.3
2026-07-27,9,30,2026-08-09 00:00:00,13 days 00:00:00,312,15.75,-149.25,993.6,53.5
2026-07-27,9,30,2026-08-09 06:00:00,13 days 06:00:00,318,16.13,-150.37,995.2,51.1
2026-07-27,9,30,2026-08-09 12:00:00,13 days 12:00:00,324,16.5,-151.5,996.8,48.7
2026-07-27,1,31,2026-07-27 00:00:00,0 days 00:00:00,0,20.0,-143.0,995.2,51.2
2026-07-27,1,31,2026-07-27 06:00:00,0 days 06:00:00,6,20.26,-144.37,997.0,48.3
2026-07-27,1,31,2026-07-27 12:00:00,0 days 12:00:00,12,20.5,-145.75,998.9,45.3
2026-07-27,1,31,2026-07-27 18:00:00,0 days 18:00:00,18,20.76,-147.25,1001.2,41.5
2026-07-27,1,31,2026-07-28 00:00:00,1 days 00:00:00,24,21.0,-148.75,1003.5,37.7
2026-07-27,1,31,2026-07-28 06:00:00,1 days 06:00:00,30,21.38,-150.0,1004.8,35.5
2026-07-27,1,31,2026-07-28 12:00:00,1 days 12:00:00,36,21.75,-151.25,1006.0,33.2
2026-07-27,1,31,2026-07-28 18:00:00,1 days 18:00:00,42,22.07,-152.24,1006.6,32.2
2026-07-27,1,31,2026-07-29 00:00:00,2 days 00:00:00,48,22.39,-153.24,1007.1,31.1
2026-07-27,1,31,2026-07-29 06:00:00,2 days 06:00:00,54,22.7,-154.24,1007.7,30.1
2026-07-27,1,31,2026-07-29 12:00:00,2 days 12:00:00,60,23.0,-155.25,1008.2,29.1
2026-07-27,10,31,2026-08-04 12:00:00,8 days 12:00:00,204,13.25,-126.75,1004.4,36.3
2026-07-27,10,31,2026-08-04 18:00:00,8 days 18:00:00,210,13.38,-128.25,1004.5,36.0
2026-07-27,10,31,2026-08-05 00:00:00,9 days 00:00:00,216,13.5,-129.75,1004.7,35.7
2026-07-27,10,31,2026-08-05 06:00:00,9 days 06:00:00,222,13.88,-130.25,1004.3,36.3
2026-07-27,10,31,2026-08-05 12:00:00,9 days 12:00:00,228,14.25,-130.75,1004.0,36.9
2026-07-27,10,31,2026-08-05 18:00:00,9 days 18:00:00,234,14.38,-131.0,1003.1,38.5
2026-07-27,10,31,2026-08-06 00:00:00,10 days 00:00:00,240,14.5,-131.25,1002.2,40.1
2026-07-27,10,31,2026-08-06 06:00:00,10 days 06:00:00,246,14.88,-131.87,1001.3,41.5
2026-07-27,10,31,2026-08-06 12:00:00,10 days 12:00:00,252,15.25,-132.5,1000.4,42.9
2026-07-27,10,31,2026-08-06 18:00:00,10 days 18:00:00,258,15.5,-133.25,999.5,44.4
2026-07-27,10,31,2026-08-07 00:00:00,11 days 00:00:00,264,15.75,-134.0,998.6,45.8
2026-07-27,10,31,2026-08-07 06:00:00,11 days 06:00:00,270,16.0,-134.87,995.0,51.3
2026-07-27,10,31,2026-08-07 12:00:00,11 days 12:00:00,276,16.25,-135.75,991.4,56.7
2026-07-27,10,31,2026-08-07 18:00:00,11 days 18:00:00,282,16.63,-136.75,992.4,55.3
2026-07-27,10,31,2026-08-08 00:00:00,12 days 00:00:00,288,17.0,-137.75,993.3,54.0
2026-07-27,10,31,2026-08-08 06:00:00,12 days 06:00:00,294,17.13,-138.87,992.3,55.4
2026-07-27,10,31,2026-08-08 12:00:00,12 days 12:00:00,300,17.25,-140.0,991.3,56.9
2026-07-27,10,31,2026-08-08 18:00:00,12 days 18:00:00,306,17.5,-141.25,990.7,57.8
2026-07-27,10,31,2026-08-09 00:00:00,13 days 00:00:00,312,17.75,-142.5,990.1,58.7
2026-07-27,10,31,2026-08-09 06:00:00,13 days 06:00:00,318,18.25,-143.62,989.9,58.9
2026-07-27,10,31,2026-08-09 12:00:00,13 days 12:00:00,324,18.75,-144.75,989.7,59.1
2026-07-27,10,31,2026-08-09 18:00:00,13 days 18:00:00,330,19.25,-145.62,992.6,54.9
2026-07-27,10,31,2026-08-10 00:00:00,14 days 00:00:00,336,19.75,-146.5,995.5,50.6
2026-07-27,10,31,2026-08-10 06:00:00,14 days 06:00:00,342,20.25,-147.5,997.6,47.4
2026-07-27,10,31,2026-08-10 12:00:00,14 days 12:00:00,348,20.75,-148.5,999.7,44.2
2026-07-27,10,31,2026-08-10 18:00:00,14 days 18:00:00,354,20.88,-149.87,1001.5,41.2
2026-07-27,10,31,2026-08-11 00:00:00,15 days 00:00:00,360,21.0,-151.25,1003.3,38.1
2026-07-27,5,31,2026-07-27 00:00:00,0 days 00:00:00,0,14.5,-110.75,972.9,81.1
2026-07-27,5,31,2026-07-27 06:00:00,0 days 06:00:00,6,15.25,-111.75,976.0,77.3
2026-07-27,5,31,2026-07-27 12:00:00,0 days 12:00:00,12,16.0,-112.75,979.0,73.4
2026-07-27,5,31,2026-07-27 18:00:00,0 days 18:00:00,18,16.5,-113.5,980.1,72.1
2026-07-27,5,31,2026-07-28 00:00:00,1 days 00:00:00,24,17.0,-114.25,981.1,70.8
2026-07-27,5,31,2026-07-28 06:00:00,1 days 06:00:00,30,17.25,-114.87,980.5,71.5
2026-07-27,5,31,2026-07-28 12:00:00,1 days 12:00:00,36,17.5,-115.5,980.0,72.2
2026-07-27,5,31,2026-07-28 18:00:00,1 days 18:00:00,42,17.63,-116.25,979.5,72.8
2026-07-27,5,31,2026-07-29 00:00:00,2 days 00:00:00,48,17.75,-117.0,979.0,73.5
2026-07-27,5,31,2026-07-29 06:00:00,2 days 06:00:00,54,17.88,-117.5,979.6,72.7
2026-07-27,5,31,2026-07-29 12:00:00,2 days 12:00:00,60,18.0,-118.0,980.2,71.9
2026-07-27,5,31,2026-07-29 18:00:00,2 days 18:00:00,66,18.25,-118.75,981.8,69.9
2026-07-27,5,31,2026-07-30 00:00:00,3 days 00:00:00,72,18.5,-119.5,983.3,67.9
2026-07-27,5,31,2026-07-30 06:00:00,3 days 06:00:00,78,19.0,-120.75,983.0,68.4
2026-07-27,5,31,2026-07-30 12:00:00,3 days 12:00:00,84,19.5,-122.0,982.6,68.9
2026-07-27,5,31,2026-07-30 18:00:00,3 days 18:00:00,90,19.75,-123.0,984.2,66.7
2026-07-27,5,31,2026-07-31 00:00:00,4 days 00:00:00,96,20.0,-124.0,985.8,64.5
2026-07-27,5,31,2026-07-31 06:00:00,4 days 06:00:00,102,20.01,-125.38,989.4,59.4
2026-07-27,5,31,2026-07-31 12:00:00,4 days 12:00:00,108,20.0,-126.75,993.1,54.3
2026-07-27,5,31,2026-07-31 18:00:00,4 days 18:00:00,114,20.01,-128.12,995.8,50.2
2026-07-27,5,31,2026-08-01 00:00:00,5 days 00:00:00,120,20.0,-129.5,998.5,46.1
2026-07-27,5,31,2026-08-01 06:00:00,5 days 06:00:00,126,20.13,-131.12,999.4,44.6
2026-07-27,5,31,2026-08-01 12:00:00,5 days 12:00:00,132,20.25,-132.75,1000.2,43.2
2026-07-27,5,31,2026-08-01 18:00:00,5 days 18:00:00,138,20.38,-134.12,1000.3,43.2
2026-07-27,5,31,2026-08-02 00:00:00,6 days 00:00:00,144,20.5,-135.5,1000.3,43.1
2026-07-27,5,31,2026-08-02 06:00:00,6 days 06:00:00,150,20.63,-136.87,999.9,43.7
2026-07-27,5,31,2026-08-02 12:00:00,6 days 12:00:00,156,20.75,-138.25,999.6,44.3
2026-07-27,5,31,2026-08-02 18:00:00,6 days 18:00:00,162,21.13,-139.5,1001.4,41.3
2026-07-27,5,31,2026-08-03 00:00:00,7 days 00:00:00,168,21.5,-140.75,1003.2,38.2
2026-07-27,5,31,2026-08-03 06:00:00,7 days 06:00:00,174,21.63,-141.75,1003.2,38.2
2026-07-27,5,31,2026-08-03 12:00:00,7 days 12:00:00,180,21.75,-142.75,1003.2,38.2
2026-07-27,6,31,2026-07-27 00:00:00,0 days 00:00:00,0,21.25,88.5,992.6,54.9
2026-07-27,6,31,2026-07-27 06:00:00,0 days 06:00:00,6,21.5,88.62,992.1,55.7
2026-07-27,6,31,2026-07-27 12:00:00,0 days 12:00:00,12,21.75,88.75,991.6,56.5
2026-07-27,6,31,2026-07-27 18:00:00,0 days 18:00:00,18,22.0,88.38,990.6,57.9
2026-07-27,6,31,2026-07-28 00:00:00,1 days 00:00:00,24,22.25,88.0,989.6,59.3
2026-07-27,6,31,2026-07-28 06:00:00,1 days 06:00:00,30,22.26,86.38,989.5,59.5
2026-07-27,6,31,2026-07-28 12:00:00,1 days 12:00:00,36,22.25,84.75,989.3,59.7
2026-07-27,6,31,2026-07-28 18:00:00,1 days 18:00:00,42,22.0,84.12,989.1,60.1
2026-07-27,6,31,2026-07-29 00:00:00,2 days 00:00:00,48,21.75,83.5,988.8,60.5
2026-07-27,6,31,2026-07-29 06:00:00,2 days 06:00:00,54,22.0,82.5,989.7,59.2
2026-07-27,6,31,2026-07-29 12:00:00,2 days 12:00:00,60,22.25,81.5,990.6,57.9
2026-07-27,6,31,2026-07-29 18:00:00,2 days 18:00:00,66,22.75,80.63,991.3,56.9
2026-07-27,6,31,2026-07-30 00:00:00,3 days 00:00:00,72,23.25,79.75,991.9,55.9
2026-07-27,6,31,2026-07-30 06:00:00,3 days 06:00:00,78,22.63,78.24,991.0,57.3
2026-07-27,6,31,2026-07-30 12:00:00,3 days 12:00:00,84,22.0,76.75,990.1,58.6
2026-07-27,6,31,2026-07-30 18:00:00,3 days 18:00:00,90,21.51,74.87,990.4,58.2
2026-07-27,6,31,2026-07-31 00:00:00,4 days 00:00:00,96,21.0,73.0,990.6,57.9
2026-07-27,6,31,2026-07-31 06:00:00,4 days 06:00:00,102,21.31,72.75,989.9,58.8
2026-07-27,6,31,2026-07-31 12:00:00,4 days 12:00:00,108,21.63,72.5,989.2,59.8
2026-07-27,6,31,2026-07-31 18:00:00,4 days 18:00:00,114,21.94,72.25,988.5,60.8
2026-07-27,6,31,2026-08-01 00:00:00,5 days 00:00:00,120,22.25,72.0,987.8,61.8
2026-07-27,7,31,2026-07-27 00:00:00,0 days 00:00:00,0,12.75,178.25,1002.3,39.9
2026-07-27,7,31,2026-07-27 06:00:00,0 days 06:00:00,6,12.88,176.75,1002.5,39.5
2026-07-27,7,31,2026-07-27 12:00:00,0 days 12:00:00,12,13.0,175.25,1002.7,39.1
2026-07-27,7,31,2026-07-27 18:00:00,0 days 18:00:00,18,13.13,174.13,1000.7,42.4
2026-07-27,7,31,2026-07-28 00:00:00,1 days 00:00:00,24,13.25,173.0,998.7,45.6
2026-07-27,7,31,2026-07-28 06:00:00,1 days 06:00:00,30,13.5,172.0,997.1,48.3
2026-07-27,7,31,2026-07-28 12:00:00,1 days 12:00:00,36,13.75,171.0,995.4,50.9
2026-07-27,7,31,2026-07-28 18:00:00,1 days 18:00:00,42,14.0,170.25,992.2,55.5
2026-07-27,7,31,2026-07-29 00:00:00,2 days 00:00:00,48,14.25,169.5,989.0,60.1
2026-07-27,7,31,2026-07-29 06:00:00,2 days 06:00:00,54,14.88,168.63,987.0,62.9
2026-07-27,7,31,2026-07-29 12:00:00,2 days 12:00:00,60,15.5,167.75,985.0,65.6
2026-07-27,7,31,2026-07-29 18:00:00,2 days 18:00:00,66,16.13,167.38,983.1,68.2
2026-07-27,7,31,2026-07-30 00:00:00,3 days 00:00:00,72,16.75,167.0,981.1,70.7
2026-07-27,7,31,2026-07-30 06:00:00,3 days 06:00:00,78,17.38,166.0,979.8,72.5
2026-07-27,7,31,2026-07-30 12:00:00,3 days 12:00:00,84,18.0,165.0,978.5,74.2
2026-07-27,7,31,2026-07-30 18:00:00,3 days 18:00:00,90,18.38,164.0,975.3,78.1
2026-07-27,7,31,2026-07-31 00:00:00,4 days 00:00:00,96,18.75,163.0,972.2,82.0
2026-07-27,7,31,2026-07-31 06:00:00,4 days 06:00:00,102,19.5,162.13,969.3,85.5
2026-07-27,7,31,2026-07-31 12:00:00,4 days 12:00:00,108,20.25,161.25,966.3,88.9
2026-07-27,7,31,2026-07-31 18:00:00,4 days 18:00:00,114,21.13,160.26,964.3,91.3
2026-07-27,7,31,2026-08-01 00:00:00,5 days 00:00:00,120,22.0,159.25,962.2,93.7
2026-07-27,7,31,2026-08-01 06:00:00,5 days 06:00:00,126,23.13,158.38,960.0,96.3
2026-07-27,7,31,2026-08-01 12:00:00,5 days 12:00:00,132,24.25,157.5,957.7,98.8
2026-07-27,7,31,2026-08-01 18:00:00,5 days 18:00:00,138,25.38,156.63,959.9,96.3
2026-07-27,7,31,2026-08-02 00:00:00,6 days 00:00:00,144,26.5,155.75,962.1,93.9
2026-07-27,7,31,2026-08-02 06:00:00,6 days 06:00:00,150,27.75,155.01,961.7,94.3
2026-07-27,7,31,2026-08-02 12:00:00,6 days 12:00:00,156,29.0,154.25,961.4,94.7
2026-07-27,7,31,2026-08-02 18:00:00,6 days 18:00:00,162,29.88,154.13,966.0,89.3
2026-07-27,7,31,2026-08-03 00:00:00,7 days 00:00:00,168,30.75,154.0,970.5,84.0
2026-07-27,7,31,2026-08-03 06:00:00,7 days 06:00:00,174,31.13,153.88,971.3,83.1
2026-07-27,7,31,2026-08-03 12:00:00,7 days 12:00:00,180,31.5,153.75,972.0,82.2
2026-07-27,7,31,2026-08-03 18:00:00,7 days 18:00:00,186,31.75,154.0,971.6,82.7
2026-07-27,7,31,2026-08-04 00:00:00,8 days 00:00:00,192,32.0,154.25,971.1,83.3
2026-07-27,7,31,2026-08-04 06:00:00,8 days 06:00:00,198,32.63,154.62,969.3,85.4
2026-07-27,7,31,2026-08-04 12:00:00,8 days 12:00:00,204,33.25,155.0,967.6,87.5
2026-07-27,7,31,2026-08-04 18:00:00,8 days 18:00:00,210,35.0,155.49,970.9,83.5
2026-07-27,7,31,2026-08-05 00:00:00,9 days 00:00:00,216,36.75,156.0,974.2,79.6
2026-07-27,7,31,2026-08-05 06:00:00,9 days 06:00:00,222,38.63,154.9,975.5,77.9
2026-07-27,7,31,2026-08-05 12:00:00,9 days 12:00:00,228,40.5,153.75,976.8,76.3
2026-07-27,7,31,2026-08-05 18:00:00,9 days 18:00:00,234,41.63,153.14,980.1,72.1
2026-07-27,7,31,2026-08-06 00:00:00,10 days 00:00:00,240,42.75,152.5,983.3,67.9
2026-07-27,7,31,2026-08-06 06:00:00,10 days 06:00:00,246,43.5,151.88,988.7,60.4
2026-07-27,7,31,2026-08-06 12:00:00,10 days 12:00:00,252,44.25,151.25,994.0,52.9
2026-07-27,7,31,2026-08-06 18:00:00,10 days 18:00:00,258,45.75,151.86,996.4,49.2
2026-07-27,7,31,2026-08-07 00:00:00,11 days 00:00:00,264,47.25,152.5,998.9,45.5
2026-07-27,7,31,2026-08-07 06:00:00,11 days 06:00:00,270,48.63,153.11,1000.9,42.0
2026-07-27,7,31,2026-08-07 12:00:00,11 days 12:00:00,276,50.0,153.75,1003.0,38.6
2026-07-27,8,31,2026-07-29 12:00:00,2 days 12:00:00,60,-39.0,-92.0,988.4,61.0
2026-07-27,8,31,2026-07-29 18:00:00,2 days 18:00:00,66,-39.38,-90.88,986.6,63.5
2026-07-27,8,31,2026-07-30 00:00:00,3 days 00:00:00,72,-39.75,-89.75,984.8,66.0
2026-07-27,8,31,2026-07-30 06:00:00,3 days 06:00:00,78,-39.63,-88.75,984.7,66.1
2026-07-27,8,31,2026-07-30 12:00:00,3 days 12:00:00,84,-39.5,-87.75,984.6,66.2
2026-07-27,8,31,2026-07-30 18:00:00,3 days 18:00:00,90,-41.31,-85.69,983.2,68.0
2026-07-27,8,31,2026-07-31 00:00:00,4 days 00:00:00,96,-43.09,-83.51,981.8,69.8
2026-07-27,8,31,2026-07-31 06:00:00,4 days 06:00:00,102,-44.82,-81.19,980.5,71.6
2026-07-27,8,31,2026-07-31 12:00:00,4 days 12:00:00,108,-46.5,-78.75,979.1,73.4
2026-07-27,8,31,2026-07-31 18:00:00,4 days 18:00:00,114,-47.38,-79.73,980.2,71.9
2026-07-27,8,31,2026-08-01 00:00:00,5 days 00:00:00,120,-48.25,-80.75,981.4,70.5
2026-07-27,8,31,2026-08-01 06:00:00,5 days 06:00:00,126,-48.63,-81.25,981.7,70.0
2026-07-27,8,31,2026-08-01 12:00:00,5 days 12:00:00,132,-49.0,-81.75,982.1,69.5
2026-07-27,8,31,2026-08-01 18:00:00,5 days 18:00:00,138,-49.5,-81.63,984.6,66.1
2026-07-27,8,31,2026-08-02 00:00:00,6 days 00:00:00,144,-50.0,-81.5,987.1,62.8
2026-07-27,8,31,2026-08-02 06:00:00,6 days 06:00:00,150,-50.5,-82.24,988.7,60.5
2026-07-27,8,31,2026-08-02 12:00:00,6 days 12:00:00,156,-51.0,-83.0,990.3,58.3
2026-07-27,8,31,2026-08-02 18:00:00,6 days 18:00:00,162,-51.63,-84.36,993.9,52.9
2026-07-27,8,31,2026-08-03 00:00:00,7 days 00:00:00,168,-52.25,-85.75,997.5,47.6
2026-07-27,8,31,2026-08-03 06:00:00,7 days 06:00:00,174,-50.94,-89.08,995.6,50.4
2026-07-27,8,31,2026-08-03 12:00:00,7 days 12:00:00,180,-49.54,-92.23,993.8,53.1
2026-07-27,8,31,2026-08-03 18:00:00,7 days 18:00:00,186,-48.05,-95.21,991.9,55.9
2026-07-27,8,31,2026-08-04 00:00:00,8 days 00:00:00,192,-46.5,-98.0,990.0,58.7
2026-07-27,8,31,2026-08-04 06:00:00,8 days 06:00:00,198,-46.81,-106.38,994.6,51.8
2026-07-27,8,31,2026-08-04 12:00:00,8 days 12:00:00,204,-46.5,-114.75,999.2,44.9
2026-07-27,8,31,2026-08-04 18:00:00,8 days 18:00:00,210,-49.21,-113.45,1001.3,41.2
2026-07-27,8,31,2026-08-05 00:00:00,9 days 00:00:00,216,-51.92,-112.0,1003.5,37.5
2026-07-27,8,31,2026-08-05 06:00:00,9 days 06:00:00,222,-54.6,-110.36,1005.6,33.7
2026-07-27,8,31,2026-08-05 12:00:00,9 days 12:00:00,228,-57.25,-108.5,1007.8,30.0
2026-07-27,9,31,2026-08-04 00:00:00,8 days 00:00:00,192,13.75,152.25,1003.2,38.3
2026-07-27,9,31,2026-08-04 06:00:00,8 days 06:00:00,198,13.75,152.25,1002.7,39.1
2026-07-27,9,31,2026-08-04 12:00:00,8 days 12:00:00,204,13.75,152.25,1002.3,39.9
2026-07-27,9,31,2026-08-04 18:00:00,8 days 18:00:00,210,13.63,151.5,1001.7,40.9
2026-07-27,9,31,2026-08-05 00:00:00,9 days 00:00:00,216,13.5,150.75,1001.0,41.9
2026-07-27,9,31,2026-08-05 06:00:00,9 days 06:00:00,222,13.25,150.12,1000.1,43.5
2026-07-27,9,31,2026-08-05 12:00:00,9 days 12:00:00,228,13.0,149.5,999.1,45.0
2026-07-27,9,31,2026-08-05 18:00:00,9 days 18:00:00,234,13.0,149.38,998.3,46.4
2026-07-27,9,31,2026-08-06 00:00:00,10 days 00:00:00,240,13.0,149.25,997.5,47.7
2026-07-27,9,31,2026-08-06 06:00:00,10 days 06:00:00,246,13.88,149.13,995.3,51.0
2026-07-27,9,31,2026-08-06 12:00:00,10 days 12:00:00,252,14.75,149.0,993.1,54.3
2026-07-27,9,31,2026-08-06 18:00:00,10 days 18:00:00,258,15.25,148.13,991.4,56.7
2026-07-27,9,31,2026-08-07 00:00:00,11 days 00:00:00,264,15.75,147.25,989.7,59.1
2026-07-27,9,31,2026-08-07 06:00:00,11 days 06:00:00,270,16.5,146.5,987.7,62.0
2026-07-27,9,31,2026-08-07 12:00:00,11 days 12:00:00,276,17.25,145.75,985.6,64.8
2026-07-27,9,31,2026-08-07 18:00:00,11 days 18:00:00,282,18.13,144.63,982.2,69.3
2026-07-27,9,31,2026-08-08 00:00:00,12 days 00:00:00,288,19.0,143.5,978.8,73.8
2026-07-27,9,31,2026-08-08 06:00:00,12 days 06:00:00,294,19.63,142.75,976.2,77.0
2026-07-27,9,31,2026-08-08 12:00:00,12 days 12:00:00,300,20.25,142.0,973.6,80.2
2026-07-27,9,31,2026-08-08 18:00:00,12 days 18:00:00,306,20.63,141.0,968.6,86.1
2026-07-27,9,31,2026-08-09 00:00:00,13 days 00:00:00,312,21.0,140.0,963.7,92.1
2026-07-27,9,31,2026-08-09 06:00:00,13 days 06:00:00,318,21.5,139.25,957.4,99.0
2026-07-27,9,31,2026-08-09 12:00:00,13 days 12:00:00,324,22.0,138.5,951.2,105.9
2026-07-27,9,31,2026-08-09 18:00:00,13 days 18:00:00,330,22.13,138.13,945.9,111.4
2026-07-27,9,31,2026-08-10 00:00:00,14 days 00:00:00,336,22.25,137.75,940.7,117.0
2026-07-27,9,31,2026-08-10 06:00:00,14 days 06:00:00,342,22.63,138.0,939.0,118.7
2026-07-27,9,31,2026-08-10 12:00:00,14 days 12:00:00,348,23.0,138.25,937.4,120.3
2026-07-27,9,31,2026-08-10 18:00:00,14 days 18:00:00,354,23.13,138.37,941.0,116.6
2026-07-27,9,31,2026-08-11 00:00:00,15 days 00:00:00,360,23.25,138.5,944.6,112.9
2026-07-27,1,32,2026-07-27 00:00:00,0 days 00:00:00,0,20.0,-143.0,995.2,51.2
2026-07-27,1,32,2026-07-27 06:00:00,0 days 06:00:00,6,20.13,-144.37,996.3,49.5
2026-07-27,1,32,2026-07-27 12:00:00,0 days 12:00:00,12,20.25,-145.75,997.4,47.8
2026-07-27,1,32,2026-07-27 18:00:00,0 days 18:00:00,18,20.63,-147.0,1000.4,42.9
2026-07-27,1,32,2026-07-28 00:00:00,1 days 00:00:00,24,21.0,-148.25,1003.3,38.1
2026-07-27,1,32,2026-07-28 06:00:00,1 days 06:00:00,30,21.26,-149.62,1004.8,35.4
2026-07-27,1,32,2026-07-28 12:00:00,1 days 12:00:00,36,21.5,-151.0,1006.3,32.7
2026-07-27,10,32,2026-08-06 12:00:00,10 days 12:00:00,252,12.5,-111.5,1003.2,38.2
2026-07-27,10,32,2026-08-06 18:00:00,10 days 18:00:00,258,12.63,-112.87,1001.3,41.5
2026-07-27,10,32,2026-08-07 00:00:00,11 days 00:00:00,264,12.75,-114.25,999.3,44.8
2026-07-27,10,32,2026-08-07 06:00:00,11 days 06:00:00,270,12.75,-115.5,998.9,45.4
2026-07-27,10,32,2026-08-07 12:00:00,11 days 12:00:00,276,12.75,-116.75,998.5,46.0
2026-07-27,10,32,2026-08-07 18:00:00,11 days 18:00:00,282,12.75,-117.87,998.7,45.8
2026-07-27,10,32,2026-08-08 00:00:00,12 days 00:00:00,288,12.75,-119.0,998.8,45.5
2026-07-27,10,32,2026-08-08 06:00:00,12 days 06:00:00,294,13.25,-120.25,998.1,46.6
2026-07-27,10,32,2026-08-08 12:00:00,12 days 12:00:00,300,13.75,-121.5,997.5,47.7
2026-07-27,10,32,2026-08-08 18:00:00,12 days 18:00:00,306,14.0,-123.0,995.8,50.3
2026-07-27,10,32,2026-08-09 00:00:00,13 days 00:00:00,312,14.25,-124.5,994.1,52.8
2026-07-27,10,32,2026-08-09 06:00:00,13 days 06:00:00,318,14.38,-126.12,993.1,54.2
2026-07-27,10,32,2026-08-09 12:00:00,13 days 12:00:00,324,14.5,-127.75,992.1,55.7
2026-07-27,10,32,2026-08-09 18:00:00,13 days 18:00:00,330,15.0,-129.25,988.9,60.2
2026-07-27,10,32,2026-08-10 00:00:00,14 days 00:00:00,336,15.5,-130.75,985.7,64.7
2026-07-27,10,32,2026-08-10 06:00:00,14 days 06:00:00,342,15.88,-132.37,984.0,66.9
2026-07-27,10,32,2026-08-10 12:00:00,14 days 12:00:00,348,16.25,-134.0,982.4,69.1
2026-07-27,10,32,2026-08-10 18:00:00,14 days 18:00:00,354,17.13,-135.37,980.1,72.1
2026-07-27,10,32,2026-08-11 00:00:00,15 days 00:00:00,360,18.0,-136.75,977.7,75.1
2026-07-27,11,32,2026-08-07 12:00:00,11 days 12:00:00,276,-26.0,175.75,997.0,48.5
2026-07-27,11,32,2026-08-07 18:00:00,11 days 18:00:00,282,-27.0,175.25,994.6,51.9
2026-07-27,11,32,2026-08-08 00:00:00,12 days 00:00:00,288,-28.0,174.75,992.3,55.4
2026-07-27,11,32,2026-08-08 06:00:00,12 days 06:00:00,294,-28.63,174.0,994.4,52.4
2026-07-27,11,32,2026-08-08 12:00:00,12 days 12:00:00,300,-29.25,173.25,996.4,49.3
2026-07-27,11,32,2026-08-08 18:00:00,12 days 18:00:00,306,-30.06,172.95,995.8,50.2
2026-07-27,11,32,2026-08-09 00:00:00,13 days 00:00:00,312,-30.88,172.64,995.3,51.0
2026-07-27,11,32,2026-08-09 06:00:00,13 days 06:00:00,318,-31.69,172.32,994.7,51.9
2026-07-27,11,32,2026-08-09 12:00:00,13 days 12:00:00,324,-32.5,172.0,994.1,52.7
2026-07-27,11,32,2026-08-09 18:00:00,13 days 18:00:00,330,-33.38,172.12,994.6,52.0
2026-07-27,11,32,2026-08-10 00:00:00,14 days 00:00:00,336,-34.25,172.25,995.1,51.3
2026-07-27,11,32,2026-08-10 06:00:00,14 days 06:00:00,342,-36.25,171.64,992.7,54.7
2026-07-27,11,32,2026-08-10 12:00:00,14 days 12:00:00,348,-38.25,171.0,990.4,58.2
2026-07-27,11,32,2026-08-10 18:00:00,14 days 18:00:00,354,-38.78,168.39,990.9,57.5
2026-07-27,11,32,2026-08-11 00:00:00,15 days 00:00:00,360,-39.25,165.75,991.4,56.7
2026-07-27,5,32,2026-07-27 00:00:00,0 days 00:00:00,0,14.5,-110.75,972.9,81.1
2026-07-27,5,32,2026-07-27 06:00:00,0 days 06:00:00,6,15.25,-111.62,975.3,78.1
2026-07-27,5,32,2026-07-27 12:00:00,0 days 12:00:00,12,16.0,-112.5,977.7,75.1
2026-07-27,5,32,2026-07-27 18:00:00,0 days 18:00:00,18,16.25,-113.25,979.2,73.3
2026-07-27,5,32,2026-07-28 00:00:00,1 days 00:00:00,24,16.5,-114.0,980.7,71.4
2026-07-27,5,32,2026-07-28 06:00:00,1 days 06:00:00,30,17.0,-114.62,982.2,69.4
2026-07-27,5,32,2026-07-28 12:00:00,1 days 12:00:00,36,17.5,-115.25,983.7,67.4
2026-07-27,5,32,2026-07-28 18:00:00,1 days 18:00:00,42,17.5,-116.0,984.0,67.0
2026-07-27,5,32,2026-07-29 00:00:00,2 days 00:00:00,48,17.5,-116.75,984.3,66.6
2026-07-27,5,32,2026-07-29 06:00:00,2 days 06:00:00,54,17.5,-117.38,985.0,65.7
2026-07-27,5,32,2026-07-29 12:00:00,2 days 12:00:00,60,17.5,-118.0,985.6,64.8
2026-07-27,5,32,2026-07-29 18:00:00,2 days 18:00:00,66,17.75,-119.0,985.1,65.5
2026-07-27,5,32,2026-07-30 00:00:00,3 days 00:00:00,72,18.0,-120.0,984.6,66.2
2026-07-27,5,32,2026-07-30 06:00:00,3 days 06:00:00,78,18.25,-121.0,985.7,64.6
2026-07-27,5,32,2026-07-30 12:00:00,3 days 12:00:00,84,18.5,-122.0,986.9,63.1
2026-07-27,5,32,2026-07-30 18:00:00,3 days 18:00:00,90,18.88,-123.0,989.2,59.9
2026-07-27,5,32,2026-07-31 00:00:00,4 days 00:00:00,96,19.25,-124.0,991.5,56.7
2026-07-27,5,32,2026-07-31 06:00:00,4 days 06:00:00,102,19.38,-125.25,993.3,54.0
2026-07-27,5,32,2026-07-31 12:00:00,4 days 12:00:00,108,19.5,-126.5,995.1,51.2
2026-07-27,5,32,2026-07-31 18:00:00,4 days 18:00:00,114,19.88,-127.87,997.9,46.8
2026-07-27,5,32,2026-08-01 00:00:00,5 days 00:00:00,120,20.25,-129.25,1000.7,42.5
2026-07-27,5,32,2026-08-01 06:00:00,5 days 06:00:00,126,20.63,-130.37,1002.0,40.4
2026-07-27,5,32,2026-08-01 12:00:00,5 days 12:00:00,132,21.0,-131.5,1003.2,38.3
2026-07-27,5,32,2026-08-01 18:00:00,5 days 18:00:00,138,21.38,-133.0,1003.6,37.6
2026-07-27,5,32,2026-08-02 00:00:00,6 days 00:00:00,144,21.75,-134.5,1004.0,37.0
2026-07-27,5,32,2026-08-02 06:00:00,6 days 06:00:00,150,22.01,-136.0,1004.8,35.5
2026-07-27,5,32,2026-08-02 12:00:00,6 days 12:00:00,156,22.25,-137.5,1005.5,34.1
2026-07-27,5,32,2026-08-02 18:00:00,6 days 18:00:00,162,22.26,-138.88,1006.7,32.0
2026-07-27,5,32,2026-08-03 00:00:00,7 days 00:00:00,168,22.25,-140.25,1007.8,29.9
2026-07-27,6,32,2026-07-27 00:00:00,0 days 00:00:00,0,21.25,88.5,992.6,54.9
2026-07-27,6,32,2026-07-27 06:00:00,0 days 06:00:00,6,21.38,88.38,992.2,55.6
2026-07-27,6,32,2026-07-27 12:00:00,0 days 12:00:00,12,21.5,88.25,991.8,56.2
2026-07-27,6,32,2026-07-27 18:00:00,0 days 18:00:00,18,21.5,87.88,991.6,56.4
2026-07-27,6,32,2026-07-28 00:00:00,1 days 00:00:00,24,21.5,87.5,991.5,56.6
2026-07-27,6,32,2026-07-28 06:00:00,1 days 06:00:00,30,21.75,87.25,991.9,56.1
2026-07-27,6,32,2026-07-28 12:00:00,1 days 12:00:00,36,22.0,87.0,992.3,55.5
2026-07-27,6,32,2026-07-28 18:00:00,1 days 18:00:00,42,21.63,85.62,992.7,54.9
2026-07-27,6,32,2026-07-29 00:00:00,2 days 00:00:00,48,21.25,84.25,993.1,54.3
2026-07-27,6,32,2026-07-29 06:00:00,2 days 06:00:00,54,21.63,84.0,993.4,53.8
2026-07-27,6,32,2026-07-29 12:00:00,2 days 12:00:00,60,22.0,83.75,993.7,53.4
2026-07-27,6,32,2026-07-29 18:00:00,2 days 18:00:00,66,22.5,83.13,993.8,53.2
2026-07-27,6,32,2026-07-30 00:00:00,3 days 00:00:00,72,23.0,82.5,994.0,53.0
2026-07-27,7,32,2026-07-27 00:00:00,0 days 00:00:00,0,12.75,178.25,1002.3,39.9
2026-07-27,7,32,2026-07-27 06:00:00,0 days 06:00:00,6,13.0,176.88,1001.5,41.2
2026-07-27,7,32,2026-07-27 12:00:00,0 days 12:00:00,12,13.25,175.5,1000.7,42.5
2026-07-27,7,32,2026-07-27 18:00:00,0 days 18:00:00,18,13.25,174.38,999.7,44.1
2026-07-27,7,32,2026-07-28 00:00:00,1 days 00:00:00,24,13.25,173.25,998.7,45.8
2026-07-27,7,32,2026-07-28 06:00:00,1 days 06:00:00,30,13.5,172.25,998.0,46.8
2026-07-27,7,32,2026-07-28 12:00:00,1 days 12:00:00,36,13.75,171.25,997.3,47.9
2026-07-27,7,32,2026-07-28 18:00:00,1 days 18:00:00,42,14.13,170.5,994.1,52.7
2026-07-27,7,32,2026-07-29 00:00:00,2 days 00:00:00,48,14.5,169.75,990.8,57.6
2026-07-27,7,32,2026-07-29 06:00:00,2 days 06:00:00,54,14.88,169.25,987.7,61.9
2026-07-27,7,32,2026-07-29 12:00:00,2 days 12:00:00,60,15.25,168.75,984.5,66.3
2026-07-27,7,32,2026-07-29 18:00:00,2 days 18:00:00,66,15.75,167.88,981.1,70.7
2026-07-27,7,32,2026-07-30 00:00:00,3 days 00:00:00,72,16.25,167.0,977.7,75.1
2026-07-27,7,32,2026-07-30 06:00:00,3 days 06:00:00,78,16.5,166.13,973.1,80.7
2026-07-27,7,32,2026-07-30 12:00:00,3 days 12:00:00,84,16.75,165.25,968.6,86.3
2026-07-27,7,32,2026-07-30 18:00:00,3 days 18:00:00,90,17.13,164.5,967.6,87.5
2026-07-27,7,32,2026-07-31 00:00:00,4 days 00:00:00,96,17.5,163.75,966.6,88.6
2026-07-27,7,32,2026-07-31 06:00:00,4 days 06:00:00,102,18.0,162.75,965.2,90.3
2026-07-27,7,32,2026-07-31 12:00:00,4 days 12:00:00,108,18.5,161.75,963.7,92.0
2026-07-27,7,32,2026-07-31 18:00:00,4 days 18:00:00,114,19.25,160.63,960.6,95.5
2026-07-27,7,32,2026-08-01 00:00:00,5 days 00:00:00,120,20.0,159.5,957.6,98.9
2026-07-27,7,32,2026-08-01 06:00:00,5 days 06:00:00,126,20.63,158.26,957.2,99.3
2026-07-27,7,32,2026-08-01 12:00:00,5 days 12:00:00,132,21.25,157.0,956.9,99.7
2026-07-27,7,32,2026-08-01 18:00:00,5 days 18:00:00,138,22.01,155.51,955.1,101.7
2026-07-27,7,32,2026-08-02 00:00:00,6 days 00:00:00,144,22.75,154.0,953.3,103.7
2026-07-27,7,32,2026-08-02 06:00:00,6 days 06:00:00,150,23.38,152.51,955.1,101.6
2026-07-27,7,32,2026-08-02 12:00:00,6 days 12:00:00,156,24.0,151.0,956.9,99.6
2026-07-27,7,32,2026-08-02 18:00:00,6 days 18:00:00,162,24.38,149.63,955.7,101.1
2026-07-27,7,32,2026-08-03 00:00:00,7 days 00:00:00,168,24.75,148.25,954.4,102.5
2026-07-27,7,32,2026-08-03 06:00:00,7 days 06:00:00,174,25.13,146.88,954.4,102.4
2026-07-27,7,32,2026-08-03 12:00:00,7 days 12:00:00,180,25.5,145.5,954.5,102.4
2026-07-27,7,32,2026-08-03 18:00:00,7 days 18:00:00,186,25.5,144.5,956.0,100.7
2026-07-27,7,32,2026-08-04 00:00:00,8 days 00:00:00,192,25.5,143.5,957.5,99.0
2026-07-27,7,32,2026-08-04 06:00:00,8 days 06:00:00,198,25.63,142.88,954.4,102.4
2026-07-27,7,32,2026-08-04 12:00:00,8 days 12:00:00,204,25.75,142.25,951.3,105.8
2026-07-27,7,32,2026-08-04 18:00:00,8 days 18:00:00,210,25.75,141.5,951.8,105.2
2026-07-27,7,32,2026-08-05 00:00:00,9 days 00:00:00,216,25.75,140.75,952.4,104.6
2026-07-27,7,32,2026-08-05 06:00:00,9 days 06:00:00,222,25.76,139.38,950.7,106.5
2026-07-27,7,32,2026-08-05 12:00:00,9 days 12:00:00,228,25.75,138.0,949.0,108.3
2026-07-27,7,32,2026-08-05 18:00:00,9 days 18:00:00,234,25.88,136.88,950.1,107.1
2026-07-27,7,32,2026-08-06 00:00:00,10 days 00:00:00,240,26.0,135.75,951.1,106.0
2026-07-27,7,32,2026-08-06 06:00:00,10 days 06:00:00,246,26.26,134.38,952.4,104.6
2026-07-27,7,32,2026-08-06 12:00:00,10 days 12:00:00,252,26.5,133.0,953.6,103.3
2026-07-27,7,32,2026-08-06 18:00:00,10 days 18:00:00,258,26.63,131.63,955.0,101.8
2026-07-27,7,32,2026-08-07 00:00:00,11 days 00:00:00,264,26.75,130.25,956.3,100.3
2026-07-27,7,32,2026-08-07 06:00:00,11 days 06:00:00,270,27.0,129.13,953.8,103.1
2026-07-27,7,32,2026-08-07 12:00:00,11 days 12:00:00,276,27.25,128.0,951.3,105.8
2026-07-27,7,32,2026-08-07 18:00:00,11 days 18:00:00,282,27.38,127.0,950.4,106.7
2026-07-27,7,32,2026-08-08 00:00:00,12 days 00:00:00,288,27.5,126.0,949.6,107.6
2026-07-27,7,32,2026-08-08 06:00:00,12 days 06:00:00,294,27.88,125.13,951.9,105.2
2026-07-27,7,32,2026-08-08 12:00:00,12 days 12:00:00,300,28.25,124.25,954.1,102.8
2026-07-27,7,32,2026-08-08 18:00:00,12 days 18:00:00,306,28.75,123.25,956.0,100.6
2026-07-27,7,32,2026-08-09 00:00:00,13 days 00:00:00,312,29.25,122.25,958.0,98.5
2026-07-27,7,32,2026-08-09 06:00:00,13 days 06:00:00,318,29.88,121.13,966.5,88.5
2026-07-27,7,32,2026-08-09 12:00:00,13 days 12:00:00,324,30.5,120.0,975.0,78.6
2026-07-27,7,32,2026-08-09 18:00:00,13 days 18:00:00,330,30.75,119.5,978.7,73.8
2026-07-27,7,32,2026-08-10 00:00:00,14 days 00:00:00,336,31.0,119.0,982.4,69.1
2026-07-27,7,32,2026-08-10 06:00:00,14 days 06:00:00,342,31.63,118.63,983.2,68.1
2026-07-27,7,32,2026-08-10 12:00:00,14 days 12:00:00,348,32.25,118.25,983.9,67.1
2026-07-27,7,32,2026-08-10 18:00:00,14 days 18:00:00,354,33.0,118.13,984.8,65.9
2026-07-27,7,32,2026-08-11 00:00:00,15 days 00:00:00,360,33.75,118.0,985.7,64.7
2026-07-27,8,32,2026-08-02 12:00:00,6 days 12:00:00,156,14.5,175.25,1007.5,30.4
2026-07-27,8,32,2026-08-02 18:00:00,6 days 18:00:00,162,14.88,174.38,1006.5,32.3
2026-07-27,8,32,2026-08-03 00:00:00,7 days 00:00:00,168,15.25,173.5,1005.5,34.2
2026-07-27,8,32,2026-08-03 06:00:00,7 days 06:00:00,174,15.17,170.88,1004.6,35.8
2026-07-27,8,32,2026-08-03 12:00:00,7 days 12:00:00,180,15.06,168.24,1003.6,37.5
2026-07-27,8,32,2026-08-03 18:00:00,7 days 18:00:00,186,14.92,165.61,1002.7,39.1
2026-07-27,8,32,2026-08-04 00:00:00,8 days 00:00:00,192,14.75,163.0,1001.8,40.7
2026-07-27,8,32,2026-08-04 06:00:00,8 days 06:00:00,198,15.38,163.5,1001.6,41.0
2026-07-27,8,32,2026-08-04 12:00:00,8 days 12:00:00,204,16.0,164.0,1001.3,41.4
2026-07-27,8,32,2026-08-04 18:00:00,8 days 18:00:00,210,16.75,164.0,1001.0,42.0
2026-07-27,8,32,2026-08-05 00:00:00,9 days 00:00:00,216,17.5,164.0,1000.7,42.6
2026-07-27,8,32,2026-08-05 06:00:00,9 days 06:00:00,222,19.13,164.0,1000.6,42.7
2026-07-27,8,32,2026-08-05 12:00:00,9 days 12:00:00,228,20.75,164.0,1000.5,42.9
2026-07-27,8,32,2026-08-05 18:00:00,9 days 18:00:00,234,22.25,164.74,999.0,45.2
2026-07-27,8,32,2026-08-06 00:00:00,10 days 00:00:00,240,23.75,165.5,997.5,47.5
2026-07-27,8,32,2026-08-06 06:00:00,10 days 06:00:00,246,25.0,165.13,996.5,49.1
2026-07-27,8,32,2026-08-06 12:00:00,10 days 12:00:00,252,26.25,164.75,995.5,50.6
2026-07-27,8,32,2026-08-06 18:00:00,10 days 18:00:00,258,27.0,164.87,993.0,54.3
2026-07-27,8,32,2026-08-07 00:00:00,11 days 00:00:00,264,27.75,165.0,990.5,58.0
2026-07-27,8,32,2026-08-07 06:00:00,11 days 06:00:00,270,28.5,164.63,987.4,62.3
2026-07-27,8,32,2026-08-07 12:00:00,11 days 12:00:00,276,29.25,164.25,984.3,66.5
2026-07-27,8,32,2026-08-07 18:00:00,11 days 18:00:00,282,30.13,163.88,983.4,67.7
2026-07-27,8,32,2026-08-08 00:00:00,12 days 00:00:00,288,31.0,163.5,982.6,68.9
2026-07-27,8,32,2026-08-08 06:00:00,12 days 06:00:00,294,31.63,163.62,984.3,66.6
2026-07-27,8,32,2026-08-08 12:00:00,12 days 12:00:00,300,32.25,163.75,986.0,64.2
2026-07-27,8,32,2026-08-08 18:00:00,12 days 18:00:00,306,32.88,163.63,987.6,62.1
2026-07-27,8,32,2026-08-09 00:00:00,13 days 00:00:00,312,33.5,163.5,989.1,60.0
2026-07-27,8,32,2026-08-09 06:00:00,13 days 06:00:00,318,34.0,163.25,990.5,58.1
2026-07-27,8,32,2026-08-09 12:00:00,13 days 12:00:00,324,34.5,163.0,991.8,56.1
2026-07-27,8,32,2026-08-09 18:00:00,13 days 18:00:00,330,35.0,163.25,992.7,54.8
2026-07-27,8,32,2026-08-10 00:00:00,14 days 00:00:00,336,35.5,163.5,993.6,53.5
2026-07-27,8,32,2026-08-10 06:00:00,14 days 06:00:00,342,36.25,162.76,993.6,53.5
2026-07-27,8,32,2026-08-10 12:00:00,14 days 12:00:00,348,37.0,162.0,993.6,53.5
2026-07-27,8,32,2026-08-10 18:00:00,14 days 18:00:00,354,36.88,162.13,992.9,54.6
2026-07-27,8,32,2026-08-11 00:00:00,15 days 00:00:00,360,36.75,162.25,992.2,55.6
2026-07-27,9,32,2026-08-05 12:00:00,9 days 12:00:00,228,9.75,-134.25,1005.3,34.5
2026-07-27,9,32,2026-08-05 18:00:00,9 days 18:00:00,234,10.63,-135.0,1004.6,35.9
2026-07-27,9,32,2026-08-06 00:00:00,10 days 00:00:00,240,11.5,-135.75,1003.8,37.3
2026-07-27,9,32,2026-08-06 06:00:00,10 days 06:00:00,246,11.88,-136.25,1002.9,38.8
2026-07-27,9,32,2026-08-06 12:00:00,10 days 12:00:00,252,12.25,-136.75,1002.0,40.3
2026-07-27,9,32,2026-08-06 18:00:00,10 days 18:00:00,258,12.13,-137.63,1001.0,42.0
2026-07-27,9,32,2026-08-07 00:00:00,11 days 00:00:00,264,12.0,-138.5,1000.0,43.7
2026-07-27,9,32,2026-08-07 06:00:00,11 days 06:00:00,270,12.38,-139.12,998.7,45.7
2026-07-27,9,32,2026-08-07 12:00:00,11 days 12:00:00,276,12.75,-139.75,997.4,47.8
2026-07-27,9,32,2026-08-07 18:00:00,11 days 18:00:00,282,13.13,-140.37,996.7,48.8
2026-07-27,9,32,2026-08-08 00:00:00,12 days 00:00:00,288,13.5,-141.0,996.1,49.8
2026-07-27,9,32,2026-08-08 06:00:00,12 days 06:00:00,294,13.63,-141.62,996.1,49.8
2026-07-27,9,32,2026-08-08 12:00:00,12 days 12:00:00,300,13.75,-142.25,996.0,49.9
2026-07-27,9,32,2026-08-08 18:00:00,12 days 18:00:00,306,14.25,-143.25,997.2,48.0
2026-07-27,9,32,2026-08-09 00:00:00,13 days 00:00:00,312,14.75,-144.25,998.4,46.2
2026-07-27,9,32,2026-08-09 06:00:00,13 days 06:00:00,318,14.88,-145.25,998.7,45.7
2026-07-27,9,32,2026-08-09 12:00:00,13 days 12:00:00,324,15.0,-146.25,999.1,45.2
2026-07-27,9,32,2026-08-09 18:00:00,13 days 18:00:00,330,15.13,-146.87,1000.8,42.2
2026-07-27,9,32,2026-08-10 00:00:00,14 days 00:00:00,336,15.25,-147.5,1002.6,39.3
2026-07-27,9,32,2026-08-10 06:00:00,14 days 06:00:00,342,15.38,-149.0,1002.9,38.7
2026-07-27,9,32,2026-08-10 12:00:00,14 days 12:00:00,348,15.5,-150.5,1003.3,38.2
2026-07-27,1,33,2026-07-27 00:00:00,0 days 00:00:00,0,20.0,-143.0,995.2,51.2
2026-07-27,1,33,2026-07-27 06:00:00,0 days 06:00:00,6,20.38,-144.37,995.5,50.6
2026-07-27,1,33,2026-07-27 12:00:00,0 days 12:00:00,12,20.75,-145.75,995.9,50.1
2026-07-27,1,33,2026-07-27 18:00:00,0 days 18:00:00,18,20.88,-147.12,999.1,45.0
2026-07-27,1,33,2026-07-28 00:00:00,1 days 00:00:00,24,21.0,-148.5,1002.3,39.9
2026-07-27,1,33,2026-07-28 06:00:00,1 days 06:00:00,30,21.38,-149.87,1003.3,38.1
2026-07-27,1,33,2026-07-28 12:00:00,1 days 12:00:00,36,21.75,-151.25,1004.3,36.3
2026-07-27,1,33,2026-07-28 18:00:00,1 days 18:00:00,42,22.13,-152.37,1005.2,34.7
2026-07-27,1,33,2026-07-29 00:00:00,2 days 00:00:00,48,22.5,-153.5,1006.1,33.0
2026-07-27,1,33,2026-07-29 06:00:00,2 days 06:00:00,54,22.75,-154.25,1006.6,32.1
2026-07-27,1,33,2026-07-29 12:00:00,2 days 12:00:00,60,23.0,-155.0,1007.2,31.1
2026-07-27,5,33,2026-07-27 00:00:00,0 days 00:00:00,0,14.5,-110.75,972.9,81.1
2026-07-27,5,33,2026-07-27 06:00:00,0 days 06:00:00,6,15.13,-111.75,976.2,77.0
2026-07-27,5,33,2026-07-27 12:00:00,0 days 12:00:00,12,15.75,-112.75,979.5,72.8
2026-07-27,5,33,2026-07-27 18:00:00,0 days 18:00:00,18,16.13,-113.5,979.8,72.5
2026-07-27,5,33,2026-07-28 00:00:00,1 days 00:00:00,24,16.5,-114.25,980.0,72.2
2026-07-27,5,33,2026-07-28 06:00:00,1 days 06:00:00,30,16.75,-114.87,979.1,73.4
2026-07-27,5,33,2026-07-28 12:00:00,1 days 12:00:00,36,17.0,-115.5,978.2,74.5
2026-07-27,5,33,2026-07-28 18:00:00,1 days 18:00:00,42,17.38,-116.0,978.8,73.7
2026-07-27,5,33,2026-07-29 00:00:00,2 days 00:00:00,48,17.75,-116.5,979.4,72.9
2026-07-27,5,33,2026-07-29 06:00:00,2 days 06:00:00,54,17.88,-117.37,982.6,68.8
2026-07-27,5,33,2026-07-29 12:00:00,2 days 12:00:00,60,18.0,-118.25,985.7,64.6
2026-07-27,5,33,2026-07-29 18:00:00,2 days 18:00:00,66,18.5,-119.25,986.8,63.1
2026-07-27,5,33,2026-07-30 00:00:00,3 days 00:00:00,72,19.0,-120.25,987.9,61.7
2026-07-27,5,33,2026-07-30 06:00:00,3 days 06:00:00,78,19.38,-121.37,985.5,65.0
2026-07-27,5,33,2026-07-30 12:00:00,3 days 12:00:00,84,19.75,-122.5,983.0,68.3
2026-07-27,5,33,2026-07-30 18:00:00,3 days 18:00:00,90,20.5,-123.74,986.3,63.8
2026-07-27,5,33,2026-07-31 00:00:00,4 days 00:00:00,96,21.25,-125.0,989.6,59.3
2026-07-27,5,33,2026-07-31 06:00:00,4 days 06:00:00,102,21.63,-126.25,993.8,53.0
2026-07-27,5,33,2026-07-31 12:00:00,4 days 12:00:00,108,22.0,-127.5,998.1,46.7
2026-07-27,5,33,2026-07-31 18:00:00,4 days 18:00:00,114,22.63,-128.99,1000.2,43.2
2026-07-27,5,33,2026-08-01 00:00:00,5 days 00:00:00,120,23.25,-130.5,1002.4,39.7
2026-07-27,5,33,2026-08-01 06:00:00,5 days 06:00:00,126,23.88,-131.87,1004.9,35.1
2026-07-27,5,33,2026-08-01 12:00:00,5 days 12:00:00,132,24.5,-133.25,1007.5,30.5
2026-07-27,5,33,2026-08-01 18:00:00,5 days 18:00:00,138,25.26,-134.86,1009.8,25.8
2026-07-27,5,33,2026-08-02 00:00:00,6 days 00:00:00,144,26.0,-136.5,1012.0,21.1
2026-07-27,6,33,2026-07-27 00:00:00,0 days 00:00:00,0,21.25,88.5,992.6,54.9
2026-07-27,6,33,2026-07-27 06:00:00,0 days 06:00:00,6,21.5,88.25,991.3,56.8
2026-07-27,6,33,2026-07-27 12:00:00,0 days 12:00:00,12,21.75,88.0,990.0,58.7
2026-07-27,6,33,2026-07-27 18:00:00,0 days 18:00:00,18,22.0,88.0,988.4,61.0
2026-07-27,6,33,2026-07-28 00:00:00,1 days 00:00:00,24,22.25,88.0,986.8,63.2
2026-07-27,6,33,2026-07-28 06:00:00,1 days 06:00:00,30,21.88,86.87,987.3,62.4
2026-07-27,6,33,2026-07-28 12:00:00,1 days 12:00:00,36,21.5,85.75,987.9,61.7
2026-07-27,6,33,2026-07-28 18:00:00,1 days 18:00:00,42,21.5,84.88,988.9,60.3
2026-07-27,6,33,2026-07-29 00:00:00,2 days 00:00:00,48,21.5,84.0,989.9,58.9
2026-07-27,6,33,2026-07-29 06:00:00,2 days 06:00:00,54,21.75,83.38,989.6,59.4
2026-07-27,6,33,2026-07-29 12:00:00,2 days 12:00:00,60,22.0,82.75,989.2,59.9
2026-07-27,6,33,2026-07-29 18:00:00,2 days 18:00:00,66,22.01,81.38,989.2,59.9
2026-07-27,6,33,2026-07-30 00:00:00,3 days 00:00:00,72,22.0,80.0,989.1,60.0
2026-07-27,6,33,2026-07-30 06:00:00,3 days 06:00:00,78,22.01,78.38,989.1,60.1
2026-07-27,6,33,2026-07-30 12:00:00,3 days 12:00:00,84,22.0,76.75,989.0,60.2
2026-07-27,6,33,2026-07-30 18:00:00,3 days 18:00:00,90,21.51,74.99,989.3,59.7
2026-07-27,6,33,2026-07-31 00:00:00,4 days 00:00:00,96,21.0,73.25,989.6,59.3
2026-07-27,6,33,2026-07-31 06:00:00,4 days 06:00:00,102,21.38,73.0,989.5,59.5
2026-07-27,6,33,2026-07-31 12:00:00,4 days 12:00:00,108,21.75,72.75,989.4,59.6
2026-07-27,6,33,2026-07-31 18:00:00,4 days 18:00:00,114,22.13,71.63,988.7,60.5
2026-07-27,6,33,2026-08-01 00:00:00,5 days 00:00:00,120,22.5,70.5,988.1,61.4
2026-07-27,7,33,2026-07-27 00:00:00,0 days 00:00:00,0,12.75,178.25,1002.3,39.9
2026-07-27,7,33,2026-07-27 06:00:00,0 days 06:00:00,6,12.88,176.75,1001.9,40.4
2026-07-27,7,33,2026-07-27 12:00:00,0 days 12:00:00,12,13.0,175.25,1001.6,41.0
2026-07-27,7,33,2026-07-27 18:00:00,0 days 18:00:00,18,12.88,173.87,1000.4,43.0
2026-07-27,7,33,2026-07-28 00:00:00,1 days 00:00:00,24,12.75,172.5,999.1,45.1
2026-07-27,7,33,2026-07-28 06:00:00,1 days 06:00:00,30,12.75,171.62,996.1,49.6
2026-07-27,7,33,2026-07-28 12:00:00,1 days 12:00:00,36,12.75,170.75,993.2,54.2
2026-07-27,7,33,2026-07-28 18:00:00,1 days 18:00:00,42,13.13,169.88,992.3,55.5
2026-07-27,7,33,2026-07-29 00:00:00,2 days 00:00:00,48,13.5,169.0,991.4,56.8
2026-07-27,7,33,2026-07-29 06:00:00,2 days 06:00:00,54,14.13,168.25,990.8,57.6
2026-07-27,7,33,2026-07-29 12:00:00,2 days 12:00:00,60,14.75,167.5,990.2,58.4
2026-07-27,7,33,2026-07-29 18:00:00,2 days 18:00:00,66,15.38,166.75,987.1,62.7
2026-07-27,7,33,2026-07-30 00:00:00,3 days 00:00:00,72,16.0,166.0,984.0,66.9
2026-07-27,7,33,2026-07-30 06:00:00,3 days 06:00:00,78,16.75,165.13,978.9,73.5
2026-07-27,7,33,2026-07-30 12:00:00,3 days 12:00:00,84,17.5,164.25,973.7,80.2
2026-07-27,7,33,2026-07-30 18:00:00,3 days 18:00:00,90,18.38,163.13,971.4,82.9
2026-07-27,7,33,2026-07-31 00:00:00,4 days 00:00:00,96,19.25,162.0,969.1,85.7
2026-07-27,7,33,2026-07-31 06:00:00,4 days 06:00:00,102,20.0,161.0,966.9,88.2
2026-07-27,7,33,2026-07-31 12:00:00,4 days 12:00:00,108,20.75,160.0,964.8,90.8
2026-07-27,7,33,2026-07-31 18:00:00,4 days 18:00:00,114,21.75,159.01,960.6,95.5
2026-07-27,7,33,2026-08-01 00:00:00,5 days 00:00:00,120,22.75,158.0,956.4,100.2
2026-07-27,7,33,2026-08-01 06:00:00,5 days 06:00:00,126,23.88,157.13,959.1,97.2
2026-07-27,7,33,2026-08-01 12:00:00,5 days 12:00:00,132,25.0,156.25,961.8,94.1
2026-07-27,7,33,2026-08-01 18:00:00,5 days 18:00:00,138,26.0,155.38,961.8,94.2
2026-07-27,7,33,2026-08-02 00:00:00,6 days 00:00:00,144,27.0,154.5,961.7,94.2
2026-07-27,7,33,2026-08-02 06:00:00,6 days 06:00:00,150,27.88,153.51,965.9,89.4
2026-07-27,7,33,2026-08-02 12:00:00,6 days 12:00:00,156,28.75,152.5,970.1,84.5
2026-07-27,7,33,2026-08-02 18:00:00,6 days 18:00:00,162,29.5,151.88,970.8,83.7
2026-07-27,7,33,2026-08-03 00:00:00,7 days 00:00:00,168,30.25,151.25,971.5,82.8
2026-07-27,7,33,2026-08-03 06:00:00,7 days 06:00:00,174,31.13,150.38,974.6,79.0
2026-07-27,7,33,2026-08-03 12:00:00,7 days 12:00:00,180,32.0,149.5,977.8,75.1
2026-07-27,7,33,2026-08-03 18:00:00,7 days 18:00:00,186,32.5,148.88,982.5,68.8
2026-07-27,7,33,2026-08-04 00:00:00,8 days 00:00:00,192,33.0,148.25,987.2,62.6
2026-07-27,7,33,2026-08-04 06:00:00,8 days 06:00:00,198,33.5,148.0,989.4,59.6
2026-07-27,7,33,2026-08-04 12:00:00,8 days 12:00:00,204,34.0,147.75,991.5,56.6
2026-07-27,8,33,2026-07-29 00:00:00,2 days 00:00:00,48,32.0,63.0,992.4,55.3
2026-07-27,8,33,2026-07-29 06:00:00,2 days 06:00:00,54,31.63,62.62,991.6,56.5
2026-07-27,8,33,2026-07-29 12:00:00,2 days 12:00:00,60,31.25,62.25,990.8,57.6
2026-07-27,8,33,2026-07-29 18:00:00,2 days 18:00:00,66,31.31,62.25,990.8,57.6
2026-07-27,8,33,2026-07-30 00:00:00,3 days 00:00:00,72,31.38,62.25,990.8,57.6
2026-07-27,8,33,2026-07-30 06:00:00,3 days 06:00:00,78,31.44,62.25,990.8,57.6
2026-07-27,8,33,2026-07-30 12:00:00,3 days 12:00:00,84,31.5,62.25,990.8,57.6
2026-07-27,8,33,2026-07-30 18:00:00,3 days 18:00:00,90,31.75,62.75,992.4,55.3
2026-07-27,8,33,2026-07-31 00:00:00,4 days 00:00:00,96,32.0,63.25,994.0,53.0
2026-07-27,8,33,2026-07-31 06:00:00,4 days 06:00:00,102,31.88,62.87,991.9,56.0
2026-07-27,8,33,2026-07-31 12:00:00,4 days 12:00:00,108,31.75,62.5,989.9,58.9
2026-07-27,8,33,2026-07-31 18:00:00,4 days 18:00:00,114,27.18,66.67,989.0,60.2
2026-07-27,8,33,2026-08-01 00:00:00,5 days 00:00:00,120,22.5,70.5,988.1,61.4
2026-07-27,9,33,2026-08-04 12:00:00,8 days 12:00:00,204,18.25,151.75,1001.4,41.4
2026-07-27,9,33,2026-08-04 18:00:00,8 days 18:00:00,210,18.0,151.25,1000.0,43.6
2026-07-27,9,33,2026-08-05 00:00:00,9 days 00:00:00,216,17.75,150.75,998.7,45.8
2026-07-27,9,33,2026-08-05 06:00:00,9 days 06:00:00,222,18.38,150.63,998.0,46.8
2026-07-27,9,33,2026-08-05 12:00:00,9 days 12:00:00,228,19.0,150.5,997.3,47.9
2026-07-27,9,33,2026-08-05 18:00:00,9 days 18:00:00,234,18.75,149.37,995.8,50.2
2026-07-27,9,33,2026-08-06 00:00:00,10 days 00:00:00,240,18.5,148.25,994.3,52.5
2026-07-27,9,33,2026-08-06 06:00:00,10 days 06:00:00,246,20.0,148.25,993.4,53.8
2026-07-27,9,33,2026-08-06 12:00:00,10 days 12:00:00,252,21.5,148.25,992.6,55.0
2026-07-27,9,33,2026-08-06 18:00:00,10 days 18:00:00,258,21.5,148.12,990.2,58.4
2026-07-27,9,33,2026-08-07 00:00:00,11 days 00:00:00,264,21.5,148.0,987.8,61.8
2026-07-27,9,33,2026-08-07 06:00:00,11 days 06:00:00,270,22.75,147.75,985.2,65.3
2026-07-27,9,33,2026-08-07 12:00:00,11 days 12:00:00,276,24.0,147.5,982.7,68.7
2026-07-27,9,33,2026-08-07 18:00:00,11 days 18:00:00,282,25.0,147.62,979.5,72.8
2026-07-27,9,33,2026-08-08 00:00:00,12 days 00:00:00,288,26.0,147.75,976.3,76.9
2026-07-27,9,33,2026-08-08 06:00:00,12 days 06:00:00,294,27.0,147.87,976.6,76.5
2026-07-27,9,33,2026-08-08 12:00:00,12 days 12:00:00,300,28.0,148.0,977.0,76.1
2026-07-27,9,33,2026-08-08 18:00:00,12 days 18:00:00,306,29.0,147.63,975.7,77.7
2026-07-27,9,33,2026-08-09 00:00:00,13 days 00:00:00,312,30.0,147.25,974.4,79.3
2026-07-27,9,33,2026-08-09 06:00:00,13 days 06:00:00,318,31.0,147.25,974.8,78.8
2026-07-27,9,33,2026-08-09 12:00:00,13 days 12:00:00,324,32.0,147.25,975.2,78.3
2026-07-27,9,33,2026-08-09 18:00:00,13 days 18:00:00,330,32.75,146.88,976.5,76.6
2026-07-27,9,33,2026-08-10 00:00:00,14 days 00:00:00,336,33.5,146.5,977.9,74.9
2026-07-27,9,33,2026-08-10 06:00:00,14 days 06:00:00,342,34.13,146.25,980.7,71.3
2026-07-27,9,33,2026-08-10 12:00:00,14 days 12:00:00,348,34.75,146.0,983.5,67.7
2026-07-27,9,33,2026-08-10 18:00:00,14 days 18:00:00,354,35.63,145.88,986.2,63.9
2026-07-27,9,33,2026-08-11 00:00:00,15 days 00:00:00,360,36.5,145.75,988.9,60.2
2026-07-27,1,34,2026-07-27 00:00:00,0 days 00:00:00,0,20.0,-143.0,995.2,51.2
2026-07-27,1,34,2026-07-27 06:00:00,0 days 06:00:00,6,20.38,-144.5,995.3,51.0
2026-07-27,1,34,2026-07-27 12:00:00,0 days 12:00:00,12,20.75,-146.0,995.4,50.9
2026-07-27,1,34,2026-07-27 18:00:00,0 days 18:00:00,18,21.01,-147.37,998.7,45.5
2026-07-27,1,34,2026-07-28 00:00:00,1 days 00:00:00,24,21.25,-148.75,1002.1,40.2
2026-07-27,1,34,2026-07-28 06:00:00,1 days 06:00:00,30,21.63,-150.0,1003.8,37.2
2026-07-27,1,34,2026-07-28 12:00:00,1 days 12:00:00,36,22.0,-151.25,1005.5,34.2
2026-07-27,1,34,2026-07-28 18:00:00,1 days 18:00:00,42,22.25,-152.0,1006.5,32.4
2026-07-27,1,34,2026-07-29 00:00:00,2 days 00:00:00,48,22.5,-152.75,1007.5,30.5
2026-07-27,10,34,2026-08-05 00:00:00,9 days 00:00:00,216,24.25,168.0,1001.1,41.8
2026-07-27,10,34,2026-08-05 06:00:00,9 days 06:00:00,222,26.51,166.41,999.0,45.2
2026-07-27,10,34,2026-08-05 12:00:00,9 days 12:00:00,228,28.75,164.75,996.9,48.5
2026-07-27,10,34,2026-08-05 18:00:00,9 days 18:00:00,234,29.89,162.77,995.9,50.1
2026-07-27,10,34,2026-08-06 00:00:00,10 days 00:00:00,240,31.0,160.75,994.9,51.6
2026-07-27,10,34,2026-08-06 06:00:00,10 days 06:00:00,246,31.38,159.5,995.3,51.0
2026-07-27,10,34,2026-08-06 12:00:00,10 days 12:00:00,252,31.75,158.25,995.7,50.4
2026-07-27,10,34,2026-08-06 18:00:00,10 days 18:00:00,258,31.63,157.87,995.0,51.4
2026-07-27,10,34,2026-08-07 00:00:00,11 days 00:00:00,264,31.5,157.5,994.3,52.5
2026-07-27,10,34,2026-08-07 06:00:00,11 days 06:00:00,270,33.04,160.45,992.8,54.7
2026-07-27,10,34,2026-08-07 12:00:00,11 days 12:00:00,276,34.5,163.5,991.3,56.9
2026-07-27,5,34,2026-07-27 00:00:00,0 days 00:00:00,0,14.5,-110.75,972.9,81.1
2026-07-27,5,34,2026-07-27 06:00:00,0 days 06:00:00,6,15.25,-111.62,975.7,77.6
2026-07-27,5,34,2026-07-27 12:00:00,0 days 12:00:00,12,16.0,-112.5,978.6,74.1
2026-07-27,5,34,2026-07-27 18:00:00,0 days 18:00:00,18,16.25,-113.37,977.7,75.1
2026-07-27,5,34,2026-07-28 00:00:00,1 days 00:00:00,24,16.5,-114.25,976.9,76.2
2026-07-27,5,34,2026-07-28 06:00:00,1 days 06:00:00,30,17.0,-114.75,978.3,74.3
2026-07-27,5,34,2026-07-28 12:00:00,1 days 12:00:00,36,17.5,-115.25,979.8,72.5
2026-07-27,5,34,2026-07-28 18:00:00,1 days 18:00:00,42,17.63,-115.75,979.4,73.0
2026-07-27,5,34,2026-07-29 00:00:00,2 days 00:00:00,48,17.75,-116.25,979.0,73.6
2026-07-27,5,34,2026-07-29 06:00:00,2 days 06:00:00,54,18.13,-117.12,979.2,73.2
2026-07-27,5,34,2026-07-29 12:00:00,2 days 12:00:00,60,18.5,-118.0,979.5,72.8
2026-07-27,5,34,2026-07-29 18:00:00,2 days 18:00:00,66,18.88,-118.62,984.1,66.8
2026-07-27,5,34,2026-07-30 00:00:00,3 days 00:00:00,72,19.25,-119.25,988.6,60.7
2026-07-27,5,34,2026-07-30 06:00:00,3 days 06:00:00,78,19.63,-120.25,987.7,62.0
2026-07-27,5,34,2026-07-30 12:00:00,3 days 12:00:00,84,20.0,-121.25,986.8,63.2
2026-07-27,5,34,2026-07-30 18:00:00,3 days 18:00:00,90,20.5,-122.37,986.6,63.5
2026-07-27,5,34,2026-07-31 00:00:00,4 days 00:00:00,96,21.0,-123.5,986.4,63.7
2026-07-27,5,34,2026-07-31 06:00:00,4 days 06:00:00,102,21.13,-124.5,988.6,60.7
2026-07-27,5,34,2026-07-31 12:00:00,4 days 12:00:00,108,21.25,-125.5,990.8,57.6
2026-07-27,5,34,2026-07-31 18:00:00,4 days 18:00:00,114,21.63,-126.5,994.9,51.4
2026-07-27,5,34,2026-08-01 00:00:00,5 days 00:00:00,120,22.0,-127.5,999.0,45.2
2026-07-27,5,34,2026-08-01 06:00:00,5 days 06:00:00,126,22.38,-128.75,1001.6,40.9
2026-07-27,5,34,2026-08-01 12:00:00,5 days 12:00:00,132,22.75,-130.0,1004.1,36.6
2026-07-27,5,34,2026-08-01 18:00:00,5 days 18:00:00,138,23.38,-131.24,1004.9,35.3
2026-07-27,5,34,2026-08-02 00:00:00,6 days 00:00:00,144,24.0,-132.5,1005.6,34.0
2026-07-27,5,34,2026-08-02 06:00:00,6 days 06:00:00,150,24.25,-133.62,1006.9,31.6
2026-07-27,5,34,2026-08-02 12:00:00,6 days 12:00:00,156,24.5,-134.75,1008.1,29.2
2026-07-27,5,34,2026-08-02 18:00:00,6 days 18:00:00,162,25.38,-135.62,1009.4,26.7
2026-07-27,5,34,2026-08-03 00:00:00,7 days 00:00:00,168,26.25,-136.5,1010.6,24.3
2026-07-27,6,34,2026-07-27 00:00:00,0 days 00:00:00,0,12.75,178.25,1002.3,39.9
2026-07-27,6,34,2026-07-27 06:00:00,0 days 06:00:00,6,13.0,176.88,1002.3,39.8
2026-07-27,6,34,2026-07-27 12:00:00,0 days 12:00:00,12,13.25,175.5,1002.3,39.8
2026-07-27,6,34,2026-07-27 18:00:00,0 days 18:00:00,18,12.88,174.25,1000.0,43.5
2026-07-27,6,34,2026-07-28 00:00:00,1 days 00:00:00,24,12.5,173.0,997.7,47.2
2026-07-27,6,34,2026-07-28 06:00:00,1 days 06:00:00,30,13.0,172.0,996.8,48.6
2026-07-27,6,34,2026-07-28 12:00:00,1 days 12:00:00,36,13.5,171.0,995.9,50.0
2026-07-27,6,34,2026-07-28 18:00:00,1 days 18:00:00,42,13.5,170.12,994.6,52.0
2026-07-27,6,34,2026-07-29 00:00:00,2 days 00:00:00,48,13.5,169.25,993.3,54.0
2026-07-27,6,34,2026-07-29 06:00:00,2 days 06:00:00,54,14.0,168.63,990.4,58.1
2026-07-27,6,34,2026-07-29 12:00:00,2 days 12:00:00,60,14.5,168.0,987.5,62.2
2026-07-27,6,34,2026-07-29 18:00:00,2 days 18:00:00,66,15.13,167.38,984.1,66.7
2026-07-27,6,34,2026-07-30 00:00:00,3 days 00:00:00,72,15.75,166.75,980.7,71.3
2026-07-27,6,34,2026-07-30 06:00:00,3 days 06:00:00,78,16.25,165.88,978.2,74.5
2026-07-27,6,34,2026-07-30 12:00:00,3 days 12:00:00,84,16.75,165.0,975.7,77.6
2026-07-27,6,34,2026-07-30 18:00:00,3 days 18:00:00,90,17.13,164.13,969.9,84.6
2026-07-27,6,34,2026-07-31 00:00:00,4 days 00:00:00,96,17.5,163.25,964.1,91.5
2026-07-27,6,34,2026-07-31 06:00:00,4 days 06:00:00,102,18.0,162.25,961.8,94.2
2026-07-27,6,34,2026-07-31 12:00:00,4 days 12:00:00,108,18.5,161.25,959.4,96.9
2026-07-27,6,34,2026-07-31 18:00:00,4 days 18:00:00,114,19.25,160.38,956.3,100.4
2026-07-27,6,34,2026-08-01 00:00:00,5 days 00:00:00,120,20.0,159.5,953.1,103.9
2026-07-27,6,34,2026-08-01 06:00:00,5 days 06:00:00,126,20.75,158.63,957.5,98.9
2026-07-27,6,34,2026-08-01 12:00:00,5 days 12:00:00,132,21.5,157.75,962.0,93.9
2026-07-27,6,34,2026-08-01 18:00:00,5 days 18:00:00,138,22.5,156.76,957.3,99.2
2026-07-27,6,34,2026-08-02 00:00:00,6 days 00:00:00,144,23.5,155.75,952.6,104.5
2026-07-27,6,34,2026-08-02 06:00:00,6 days 06:00:00,150,24.76,154.39,956.5,100.1
2026-07-27,6,34,2026-08-02 12:00:00,6 days 12:00:00,156,26.0,153.0,960.4,95.8
2026-07-27,6,34,2026-08-02 18:00:00,6 days 18:00:00,162,27.26,151.64,961.0,95.1
2026-07-27,6,34,2026-08-03 00:00:00,7 days 00:00:00,168,28.5,150.25,961.6,94.4
2026-07-27,6,34,2026-08-03 06:00:00,7 days 06:00:00,174,29.76,148.89,963.5,92.2
2026-07-27,6,34,2026-08-03 12:00:00,7 days 12:00:00,180,31.0,147.5,965.4,90.0
2026-07-27,6,34,2026-08-03 18:00:00,7 days 18:00:00,186,31.88,146.14,970.6,83.7
2026-07-27,6,34,2026-08-04 00:00:00,8 days 00:00:00,192,32.75,144.75,975.8,77.5
2026-07-27,6,34,2026-08-04 06:00:00,8 days 06:00:00,198,33.63,143.88,978.6,74.0
2026-07-27,6,34,2026-08-04 12:00:00,8 days 12:00:00,204,34.5,143.0,981.4,70.4
2026-07-27,6,34,2026-08-04 18:00:00,8 days 18:00:00,210,34.88,143.0,980.6,71.5
2026-07-27,6,34,2026-08-05 00:00:00,9 days 00:00:00,216,35.25,143.0,979.8,72.5
2026-07-27,6,34,2026-08-05 06:00:00,9 days 06:00:00,222,36.13,143.12,977.3,75.6
2026-07-27,6,34,2026-08-05 12:00:00,9 days 12:00:00,228,37.0,143.25,974.8,78.8
2026-07-27,6,34,2026-08-05 18:00:00,9 days 18:00:00,234,37.63,143.25,978.4,74.2
2026-07-27,6,34,2026-08-06 00:00:00,10 days 00:00:00,240,38.25,143.25,982.0,69.7
2026-07-27,6,34,2026-08-06 06:00:00,10 days 06:00:00,246,38.88,142.26,987.7,61.7
2026-07-27,6,34,2026-08-06 12:00:00,10 days 12:00:00,252,39.5,141.25,993.5,53.7
2026-07-27,6,34,2026-08-06 18:00:00,10 days 18:00:00,258,39.13,139.74,994.6,52.0
2026-07-27,6,34,2026-08-07 00:00:00,11 days 00:00:00,264,38.75,138.25,995.8,50.3
2026-07-27,7,34,2026-08-03 12:00:00,7 days 12:00:00,180,12.0,-129.25,1005.2,34.7
2026-07-27,7,34,2026-08-03 18:00:00,7 days 18:00:00,186,12.0,-130.25,1004.6,35.9
2026-07-27,7,34,2026-08-04 00:00:00,8 days 00:00:00,192,12.0,-131.25,1003.9,37.0
2026-07-27,7,34,2026-08-04 06:00:00,8 days 06:00:00,198,12.0,-132.12,1003.8,37.2
2026-07-27,7,34,2026-08-04 12:00:00,8 days 12:00:00,204,12.0,-133.0,1003.7,37.4
2026-07-27,7,34,2026-08-04 18:00:00,8 days 18:00:00,210,12.5,-133.87,1002.7,39.2
2026-07-27,7,34,2026-08-05 00:00:00,9 days 00:00:00,216,13.0,-134.75,1001.6,40.9
2026-07-27,7,34,2026-08-05 06:00:00,9 days 06:00:00,222,12.88,-135.38,998.9,45.3
2026-07-27,7,34,2026-08-05 12:00:00,9 days 12:00:00,228,12.75,-136.0,996.2,49.6
2026-07-27,7,34,2026-08-05 18:00:00,9 days 18:00:00,234,13.0,-136.75,996.0,50.0
2026-07-27,7,34,2026-08-06 00:00:00,10 days 00:00:00,240,13.25,-137.5,995.8,50.3
2026-07-27,7,34,2026-08-06 06:00:00,10 days 06:00:00,246,13.5,-138.37,997.1,48.2
2026-07-27,7,34,2026-08-06 12:00:00,10 days 12:00:00,252,13.75,-139.25,998.5,46.1
2026-07-27,7,34,2026-08-06 18:00:00,10 days 18:00:00,258,13.63,-140.25,997.8,47.1
2026-07-27,7,34,2026-08-07 00:00:00,11 days 00:00:00,264,13.5,-141.25,997.2,48.1
2026-07-27,7,34,2026-08-07 06:00:00,11 days 06:00:00,270,13.75,-142.37,995.9,50.1
2026-07-27,7,34,2026-08-07 12:00:00,11 days 12:00:00,276,14.0,-143.5,994.5,52.2
2026-07-27,7,34,2026-08-07 18:00:00,11 days 18:00:00,282,14.13,-144.37,994.0,53.0
2026-07-27,7,34,2026-08-08 00:00:00,12 days 00:00:00,288,14.25,-145.25,993.5,53.7
2026-07-27,7,34,2026-08-08 06:00:00,12 days 06:00:00,294,14.63,-145.75,995.0,51.5
2026-07-27,7,34,2026-08-08 12:00:00,12 days 12:00:00,300,15.0,-146.25,996.5,49.2
2026-07-27,7,34,2026-08-08 18:00:00,12 days 18:00:00,306,15.5,-146.5,996.4,49.4
2026-07-27,7,34,2026-08-09 00:00:00,13 days 00:00:00,312,16.0,-146.75,996.3,49.5
2026-07-27,7,34,2026-08-09 06:00:00,13 days 06:00:00,318,16.38,-147.12,995.1,51.3
2026-07-27,7,34,2026-08-09 12:00:00,13 days 12:00:00,324,16.75,-147.5,993.9,53.1
2026-07-27,7,34,2026-08-09 18:00:00,13 days 18:00:00,330,17.38,-148.0,996.8,48.6
2026-07-27,7,34,2026-08-10 00:00:00,14 days 00:00:00,336,18.0,-148.5,999.7,44.1
2026-07-27,7,34,2026-08-10 06:00:00,14 days 06:00:00,342,18.63,-149.0,999.1,45.1
2026-07-27,7,34,2026-08-10 12:00:00,14 days 12:00:00,348,19.25,-149.5,998.5,46.0
2026-07-27,8,34,2026-08-03 12:00:00,7 days 12:00:00,180,16.75,157.75,1003.8,37.3
2026-07-27,8,34,2026-08-03 18:00:00,7 days 18:00:00,186,16.63,157.37,1003.0,38.6
2026-07-27,8,34,2026-08-04 00:00:00,8 days 00:00:00,192,16.5,157.0,1002.3,39.8
2026-07-27,8,34,2026-08-04 06:00:00,8 days 06:00:00,198,16.0,156.87,1001.3,41.5
2026-07-27,8,34,2026-08-04 12:00:00,8 days 12:00:00,204,15.5,156.75,1000.3,43.1
2026-07-27,8,34,2026-08-04 18:00:00,8 days 18:00:00,210,15.75,157.0,999.5,44.5
2026-07-27,8,34,2026-08-05 00:00:00,9 days 00:00:00,216,16.0,157.25,998.6,45.9
2026-07-27,8,34,2026-08-05 06:00:00,9 days 06:00:00,222,16.63,158.12,998.6,45.9
2026-07-27,8,34,2026-08-05 12:00:00,9 days 12:00:00,228,17.25,159.0,998.6,45.9
2026-07-27,8,34,2026-08-05 18:00:00,9 days 18:00:00,234,19.26,160.36,998.9,45.5
2026-07-27,8,34,2026-08-06 00:00:00,10 days 00:00:00,240,21.25,161.75,999.1,45.1
2026-07-27,8,34,2026-08-06 06:00:00,10 days 06:00:00,246,23.26,163.23,999.3,44.8
2026-07-27,8,34,2026-08-06 12:00:00,10 days 12:00:00,252,25.25,164.75,999.5,44.5
2026-07-27,8,34,2026-08-06 18:00:00,10 days 18:00:00,258,27.62,164.75,995.7,50.2
2026-07-27,8,34,2026-08-07 00:00:00,11 days 00:00:00,264,30.0,164.75,992.0,55.9
2026-07-27,8,34,2026-08-07 06:00:00,11 days 06:00:00,270,32.25,164.14,991.6,56.4
2026-07-27,8,34,2026-08-07 12:00:00,11 days 12:00:00,276,34.5,163.5,991.3,56.9
2026-07-27,8,34,2026-08-07 18:00:00,11 days 18:00:00,282,36.38,162.04,992.1,55.7
2026-07-27,8,34,2026-08-08 00:00:00,12 days 00:00:00,288,38.25,160.5,993.0,54.5
2026-07-27,8,34,2026-08-08 06:00:00,12 days 06:00:00,294,39.64,158.54,993.4,53.9
2026-07-27,8,34,2026-08-08 12:00:00,12 days 12:00:00,300,41.0,156.5,993.8,53.3
2026-07-27,8,34,2026-08-08 18:00:00,12 days 18:00:00,306,41.01,155.38,994.6,52.1
2026-07-27,8,34,2026-08-09 00:00:00,13 days 00:00:00,312,41.0,154.25,995.3,50.9
2026-07-27,8,34,2026-08-09 06:00:00,13 days 06:00:00,318,41.25,154.25,999.1,44.8
2026-07-27,8,34,2026-08-09 12:00:00,13 days 12:00:00,324,41.5,154.25,1003.0,38.7
2026-07-27,8,34,2026-08-09 18:00:00,13 days 18:00:00,330,42.51,155.36,1005.3,34.4
2026-07-27,8,34,2026-08-10 00:00:00,14 days 00:00:00,336,43.5,156.5,1007.7,30.2
2026-07-27,8,34,2026-08-10 06:00:00,14 days 06:00:00,342,44.38,156.99,1008.2,29.0
2026-07-27,8,34,2026-08-10 12:00:00,14 days 12:00:00,348,45.25,157.5,1008.8,27.9
2026-07-27,9,34,2026-08-04 12:00:00,8 days 12:00:00,204,10.0,-106.0,1006.4,32.6
2026-07-27,9,34,2026-08-04 18:00:00,8 days 18:00:00,210,10.5,-106.68,1005.9,33.5
2026-07-27,9,34,2026-08-05 00:00:00,9 days 00:00:00,216,11.0,-107.37,1005.4,34.4
2026-07-27,9,34,2026-08-05 06:00:00,9 days 06:00:00,222,11.5,-108.06,1004.9,35.3
2026-07-27,9,34,2026-08-05 12:00:00,9 days 12:00:00,228,12.0,-108.75,1004.4,36.2
2026-07-27,9,34,2026-08-05 18:00:00,9 days 18:00:00,234,11.88,-109.0,1004.3,36.4
2026-07-27,9,34,2026-08-06 00:00:00,10 days 00:00:00,240,11.75,-109.25,1004.1,36.7
2026-07-27,9,34,2026-08-06 06:00:00,10 days 06:00:00,246,12.13,-109.75,1003.9,37.1
2026-07-27,9,34,2026-08-06 12:00:00,10 days 12:00:00,252,12.5,-110.25,1003.7,37.5
2026-07-27,9,34,2026-08-06 18:00:00,10 days 18:00:00,258,12.75,-111.12,1003.2,38.3
2026-07-27,9,34,2026-08-07 00:00:00,11 days 00:00:00,264,13.0,-112.0,1002.7,39.2
2026-07-27,9,34,2026-08-07 06:00:00,11 days 06:00:00,270,13.0,-112.75,1002.9,38.8
2026-07-27,9,34,2026-08-07 12:00:00,11 days 12:00:00,276,13.0,-113.5,1003.1,38.4
2026-07-27,1,35,2026-07-27 00:00:00,0 days 00:00:00,0,20.0,-143.0,995.2,51.2
2026-07-27,1,35,2026-07-27 06:00:00,0 days 06:00:00,6,20.38,-144.37,995.2,51.1
2026-07-27,1,35,2026-07-27 12:00:00,0 days 12:00:00,12,20.75,-145.75,995.3,51.0
2026-07-27,1,35,2026-07-27 18:00:00,0 days 18:00:00,18,21.13,-146.87,997.9,46.9
2026-07-27,1,35,2026-07-28 00:00:00,1 days 00:00:00,24,21.5,-148.0,1000.6,42.7
2026-07-27,10,35,2026-08-07 12:00:00,11 days 12:00:00,276,-42.0,-129.5,976.8,76.2
2026-07-27,10,35,2026-08-07 18:00:00,11 days 18:00:00,282,-44.77,-130.72,975.6,77.7
2026-07-27,10,35,2026-08-08 00:00:00,12 days 00:00:00,288,-47.54,-132.07,974.4,79.2
2026-07-27,10,35,2026-08-08 06:00:00,12 days 06:00:00,294,-50.29,-133.57,973.2,80.7
2026-07-27,10,35,2026-08-08 12:00:00,12 days 12:00:00,300,-53.0,-135.25,972.1,82.1
2026-07-27,10,35,2026-08-08 18:00:00,12 days 18:00:00,306,-53.58,-139.57,972.4,81.7
2026-07-27,10,35,2026-08-09 00:00:00,13 days 00:00:00,312,-54.0,-144.0,972.8,81.2
2026-07-27,10,35,2026-08-09 06:00:00,13 days 06:00:00,318,-51.5,-144.4,974.8,78.7
2026-07-27,10,35,2026-08-09 12:00:00,13 days 12:00:00,324,-49.0,-144.75,976.8,76.3
2026-07-27,10,35,2026-08-09 18:00:00,13 days 18:00:00,330,-47.75,-143.98,977.3,75.6
2026-07-27,10,35,2026-08-10 00:00:00,14 days 00:00:00,336,-46.5,-143.25,977.9,74.9
2026-07-27,10,35,2026-08-10 06:00:00,14 days 06:00:00,342,-45.38,-141.98,977.9,74.9
2026-07-27,10,35,2026-08-10 12:00:00,14 days 12:00:00,348,-44.25,-140.75,977.8,75.0
2026-07-27,10,35,2026-08-10 18:00:00,14 days 18:00:00,354,-43.27,-138.34,978.6,74.0
2026-07-27,10,35,2026-08-11 00:00:00,15 days 00:00:00,360,-42.25,-136.0,979.4,72.9
2026-07-27,11,35,2026-08-07 12:00:00,11 days 12:00:00,276,14.0,140.0,1003.2,38.3
2026-07-27,11,35,2026-08-07 18:00:00,11 days 18:00:00,282,14.25,139.75,1001.7,40.8
2026-07-27,11,35,2026-08-08 00:00:00,12 days 00:00:00,288,14.5,139.5,1000.2,43.3
2026-07-27,11,35,2026-08-08 06:00:00,12 days 06:00:00,294,15.38,139.75,1000.4,42.9
2026-07-27,11,35,2026-08-08 12:00:00,12 days 12:00:00,300,16.25,140.0,1000.6,42.6
2026-07-27,11,35,2026-08-08 18:00:00,12 days 18:00:00,306,16.13,138.62,999.7,44.1
2026-07-27,11,35,2026-08-09 00:00:00,13 days 00:00:00,312,16.0,137.25,998.8,45.6
2026-07-27,11,35,2026-08-09 06:00:00,13 days 06:00:00,318,16.75,137.13,998.2,46.6
2026-07-27,11,35,2026-08-09 12:00:00,13 days 12:00:00,324,17.5,137.0,997.5,47.6
2026-07-27,11,35,2026-08-09 18:00:00,13 days 18:00:00,330,18.38,136.25,996.7,48.9
2026-07-27,11,35,2026-08-10 00:00:00,14 days 00:00:00,336,19.25,135.5,995.8,50.2
2026-07-27,11,35,2026-08-10 06:00:00,14 days 06:00:00,342,20.0,135.13,994.2,52.6
2026-07-27,11,35,2026-08-10 12:00:00,14 days 12:00:00,348,20.75,134.75,992.6,55.1
2026-07-27,11,35,2026-08-10 18:00:00,14 days 18:00:00,354,21.63,134.75,987.7,61.8
2026-07-27,11,35,2026-08-11 00:00:00,15 days 00:00:00,360,22.5,134.75,982.7,68.6
2026-07-27,5,35,2026-07-27 00:00:00,0 days 00:00:00,0,14.5,-110.75,972.9,81.1
2026-07-27,5,35,2026-07-27 06:00:00,0 days 06:00:00,6,15.13,-111.62,977.0,75.9
2026-07-27,5,35,2026-07-27 12:00:00,0 days 12:00:00,12,15.75,-112.5,981.2,70.7
2026-07-27,5,35,2026-07-27 18:00:00,0 days 18:00:00,18,16.38,-113.37,979.8,72.5
2026-07-27,5,35,2026-07-28 00:00:00,1 days 00:00:00,24,17.0,-114.25,978.4,74.3
2026-07-27,5,35,2026-07-28 06:00:00,1 days 06:00:00,30,17.38,-115.0,978.4,74.3
2026-07-27,5,35,2026-07-28 12:00:00,1 days 12:00:00,36,17.75,-115.75,978.4,74.3
2026-07-27,5,35,2026-07-28 18:00:00,1 days 18:00:00,42,18.0,-116.37,978.2,74.5
2026-07-27,5,35,2026-07-29 00:00:00,2 days 00:00:00,48,18.25,-117.0,978.0,74.7
2026-07-27,5,35,2026-07-29 06:00:00,2 days 06:00:00,54,18.38,-117.5,980.5,71.5
2026-07-27,5,35,2026-07-29 12:00:00,2 days 12:00:00,60,18.5,-118.0,983.0,68.2
2026-07-27,5,35,2026-07-29 18:00:00,2 days 18:00:00,66,18.75,-118.87,982.3,69.2
2026-07-27,5,35,2026-07-30 00:00:00,3 days 00:00:00,72,19.0,-119.75,981.6,70.1
2026-07-27,5,35,2026-07-30 06:00:00,3 days 06:00:00,78,19.38,-120.75,982.2,69.3
2026-07-27,5,35,2026-07-30 12:00:00,3 days 12:00:00,84,19.75,-121.75,982.8,68.5
2026-07-27,5,35,2026-07-30 18:00:00,3 days 18:00:00,90,20.38,-122.99,983.5,67.7
2026-07-27,5,35,2026-07-31 00:00:00,4 days 00:00:00,96,21.0,-124.25,984.2,66.8
2026-07-27,5,35,2026-07-31 06:00:00,4 days 06:00:00,102,21.26,-125.62,987.8,61.7
2026-07-27,5,35,2026-07-31 12:00:00,4 days 12:00:00,108,21.5,-127.0,991.5,56.6
2026-07-27,5,35,2026-07-31 18:00:00,4 days 18:00:00,114,22.01,-128.37,993.4,53.8
2026-07-27,5,35,2026-08-01 00:00:00,5 days 00:00:00,120,22.5,-129.75,995.3,50.9
2026-07-27,5,35,2026-08-01 06:00:00,5 days 06:00:00,126,22.63,-131.25,997.6,47.4
2026-07-27,5,35,2026-08-01 12:00:00,5 days 12:00:00,132,22.75,-132.75,999.8,43.9
2026-07-27,5,35,2026-08-01 18:00:00,5 days 18:00:00,138,23.13,-134.12,1002.4,39.4
2026-07-27,5,35,2026-08-02 00:00:00,6 days 00:00:00,144,23.5,-135.5,1005.1,35.0
2026-07-27,5,35,2026-08-02 06:00:00,6 days 06:00:00,150,23.88,-137.24,1005.1,34.9
2026-07-27,5,35,2026-08-02 12:00:00,6 days 12:00:00,156,24.25,-139.0,1005.1,34.9
2026-07-27,5,35,2026-08-02 18:00:00,6 days 18:00:00,162,24.38,-140.37,1005.4,34.4
2026-07-27,5,35,2026-08-03 00:00:00,7 days 00:00:00,168,24.5,-141.75,1005.7,33.8
2026-07-27,5,35,2026-08-03 06:00:00,7 days 06:00:00,174,25.0,-142.75,1006.0,33.3
2026-07-27,5,35,2026-08-03 12:00:00,7 days 12:00:00,180,25.5,-143.75,1006.3,32.8
2026-07-27,5,35,2026-08-03 18:00:00,7 days 18:00:00,186,26.38,-144.12,1007.0,31.4
2026-07-27,5,35,2026-08-04 00:00:00,8 days 00:00:00,192,27.25,-144.5,1007.7,30.0
2026-07-27,5,35,2026-08-04 06:00:00,8 days 06:00:00,198,28.5,-144.87,1007.8,29.9
2026-07-27,5,35,2026-08-04 12:00:00,8 days 12:00:00,204,29.75,-145.25,1007.8,29.9
2026-07-27,5,35,2026-08-04 18:00:00,8 days 18:00:00,210,31.5,-145.62,1007.1,31.3
2026-07-27,5,35,2026-08-05 00:00:00,9 days 00:00:00,216,33.25,-146.0,1006.3,32.8
2026-07-27,5,35,2026-08-05 06:00:00,9 days 06:00:00,222,34.63,-145.51,1007.1,31.3
2026-07-27,5,35,2026-08-05 12:00:00,9 days 12:00:00,228,36.0,-145.0,1007.9,29.8
2026-07-27,5,35,2026-08-05 18:00:00,9 days 18:00:00,234,37.25,-144.63,1009.7,26.0
2026-07-27,5,35,2026-08-06 00:00:00,10 days 00:00:00,240,38.5,-144.25,1011.5,22.3
2026-07-27,5,35,2026-08-06 06:00:00,10 days 06:00:00,246,39.63,-143.76,1012.8,19.3
2026-07-27,5,35,2026-08-06 12:00:00,10 days 12:00:00,252,40.75,-143.25,1014.0,16.3
2026-07-27,6,35,2026-07-27 00:00:00,0 days 00:00:00,0,21.25,88.5,992.6,54.9
2026-07-27,6,35,2026-07-27 06:00:00,0 days 06:00:00,6,21.38,88.38,992.2,55.6
2026-07-27,6,35,2026-07-27 12:00:00,0 days 12:00:00,12,21.5,88.25,991.7,56.3
2026-07-27,6,35,2026-07-27 18:00:00,0 days 18:00:00,18,22.0,87.88,992.2,55.6
2026-07-27,6,35,2026-07-28 00:00:00,1 days 00:00:00,24,22.5,87.5,992.6,55.0
2026-07-27,6,35,2026-07-28 06:00:00,1 days 06:00:00,30,22.5,86.75,992.1,55.7
2026-07-27,6,35,2026-07-28 12:00:00,1 days 12:00:00,36,22.5,86.0,991.7,56.4
2026-07-27,6,35,2026-07-28 18:00:00,1 days 18:00:00,42,22.25,84.75,991.6,56.5
2026-07-27,6,35,2026-07-29 00:00:00,2 days 00:00:00,48,22.0,83.5,991.5,56.6
2026-07-27,6,35,2026-07-29 06:00:00,2 days 06:00:00,54,22.0,83.0,991.7,56.4
2026-07-27,6,35,2026-07-29 12:00:00,2 days 12:00:00,60,22.0,82.5,991.8,56.1
2026-07-27,6,35,2026-07-29 18:00:00,2 days 18:00:00,66,22.0,82.0,992.0,55.9
2026-07-27,6,35,2026-07-30 00:00:00,3 days 00:00:00,72,22.0,81.5,992.1,55.7
2026-07-27,7,35,2026-07-27 00:00:00,0 days 00:00:00,0,12.75,178.25,1002.3,39.9
2026-07-27,7,35,2026-07-27 06:00:00,0 days 06:00:00,6,12.88,176.88,1001.6,41.1
2026-07-27,7,35,2026-07-27 12:00:00,0 days 12:00:00,12,13.0,175.5,1000.8,42.3
2026-07-27,7,35,2026-07-27 18:00:00,0 days 18:00:00,18,13.13,174.25,998.7,45.7
2026-07-27,7,35,2026-07-28 00:00:00,1 days 00:00:00,24,13.25,173.0,996.5,49.2
2026-07-27,7,35,2026-07-28 06:00:00,1 days 06:00:00,30,13.38,172.13,994.3,52.5
2026-07-27,7,35,2026-07-28 12:00:00,1 days 12:00:00,36,13.5,171.25,992.1,55.7
2026-07-27,7,35,2026-07-28 18:00:00,1 days 18:00:00,42,14.13,170.5,991.0,57.3
2026-07-27,7,35,2026-07-29 00:00:00,2 days 00:00:00,48,14.75,169.75,989.9,58.9
2026-07-27,7,35,2026-07-29 06:00:00,2 days 06:00:00,54,15.13,169.0,988.4,61.0
2026-07-27,7,35,2026-07-29 12:00:00,2 days 12:00:00,60,15.5,168.25,986.8,63.1
2026-07-27,7,35,2026-07-29 18:00:00,2 days 18:00:00,66,15.88,167.5,982.3,69.1
2026-07-27,7,35,2026-07-30 00:00:00,3 days 00:00:00,72,16.25,166.75,977.7,75.1
2026-07-27,7,35,2026-07-30 06:00:00,3 days 06:00:00,78,16.75,165.75,976.1,77.1
2026-07-27,7,35,2026-07-30 12:00:00,3 days 12:00:00,84,17.25,164.75,974.5,79.2
2026-07-27,7,35,2026-07-30 18:00:00,3 days 18:00:00,90,17.88,164.13,971.4,82.9
2026-07-27,7,35,2026-07-31 00:00:00,4 days 00:00:00,96,18.5,163.5,968.4,86.5
2026-07-27,7,35,2026-07-31 06:00:00,4 days 06:00:00,102,19.13,162.25,966.9,88.2
2026-07-27,7,35,2026-07-31 12:00:00,4 days 12:00:00,108,19.75,161.0,965.5,89.9
2026-07-27,7,35,2026-07-31 18:00:00,4 days 18:00:00,114,20.5,159.88,960.6,95.4
2026-07-27,7,35,2026-08-01 00:00:00,5 days 00:00:00,120,21.25,158.75,955.7,101.0
2026-07-27,7,35,2026-08-01 06:00:00,5 days 06:00:00,126,22.01,157.38,956.6,100.1
2026-07-27,7,35,2026-08-01 12:00:00,5 days 12:00:00,132,22.75,156.0,957.4,99.1
2026-07-27,7,35,2026-08-01 18:00:00,5 days 18:00:00,138,23.38,154.38,958.0,98.4
2026-07-27,7,35,2026-08-02 00:00:00,6 days 00:00:00,144,24.0,152.75,958.7,97.7
2026-07-27,7,35,2026-08-02 06:00:00,6 days 06:00:00,150,24.63,151.13,960.0,96.2
2026-07-27,7,35,2026-08-02 12:00:00,6 days 12:00:00,156,25.25,149.5,961.3,94.7
2026-07-27,7,35,2026-08-02 18:00:00,6 days 18:00:00,162,25.51,147.88,962.0,94.0
2026-07-27,7,35,2026-08-03 00:00:00,7 days 00:00:00,168,25.75,146.25,962.7,93.2
2026-07-27,7,35,2026-08-03 06:00:00,7 days 06:00:00,174,25.89,144.5,962.5,93.4
2026-07-27,7,35,2026-08-03 12:00:00,7 days 12:00:00,180,26.0,142.75,962.3,93.6
2026-07-27,7,35,2026-08-03 18:00:00,7 days 18:00:00,186,26.26,141.0,960.9,95.2
2026-07-27,7,35,2026-08-04 00:00:00,8 days 00:00:00,192,26.5,139.25,959.4,96.8
2026-07-27,7,35,2026-08-04 06:00:00,8 days 06:00:00,198,26.76,137.38,959.0,97.3
2026-07-27,7,35,2026-08-04 12:00:00,8 days 12:00:00,204,27.0,135.5,958.6,97.8
2026-07-27,7,35,2026-08-04 18:00:00,8 days 18:00:00,210,27.01,133.75,957.8,98.7
2026-07-27,7,35,2026-08-05 00:00:00,9 days 00:00:00,216,27.0,132.0,957.1,99.5
2026-07-27,7,35,2026-08-05 06:00:00,9 days 06:00:00,222,27.01,130.12,958.1,98.4
2026-07-27,7,35,2026-08-05 12:00:00,9 days 12:00:00,228,27.0,128.25,959.1,97.2
2026-07-27,7,35,2026-08-05 18:00:00,9 days 18:00:00,234,26.76,126.87,958.3,98.1
2026-07-27,7,35,2026-08-06 00:00:00,10 days 00:00:00,240,26.5,125.5,957.5,99.0
2026-07-27,7,35,2026-08-06 06:00:00,10 days 06:00:00,246,26.75,124.75,958.7,97.7
2026-07-27,7,35,2026-08-06 12:00:00,10 days 12:00:00,252,27.0,124.0,959.8,96.4
2026-07-27,7,35,2026-08-06 18:00:00,10 days 18:00:00,258,26.88,122.62,965.0,90.4
2026-07-27,7,35,2026-08-07 00:00:00,11 days 00:00:00,264,26.75,121.25,970.3,84.3
2026-07-27,7,35,2026-08-07 06:00:00,11 days 06:00:00,270,26.75,120.5,978.7,73.5
2026-07-27,7,35,2026-08-07 12:00:00,11 days 12:00:00,276,26.75,119.75,987.1,62.8
2026-07-27,7,35,2026-08-07 18:00:00,11 days 18:00:00,282,26.88,118.75,990.1,58.5
2026-07-27,7,35,2026-08-08 00:00:00,12 days 00:00:00,288,27.0,117.75,993.1,54.3
2026-07-27,7,35,2026-08-08 06:00:00,12 days 06:00:00,294,28.0,117.01,994.3,52.5
2026-07-27,7,35,2026-08-08 12:00:00,12 days 12:00:00,300,29.0,116.25,995.5,50.7
2026-07-27,7,35,2026-08-08 18:00:00,12 days 18:00:00,306,29.75,115.13,996.9,48.5
2026-07-27,7,35,2026-08-09 00:00:00,13 days 00:00:00,312,30.5,114.0,998.3,46.4
2026-07-27,8,35,2026-08-03 12:00:00,7 days 12:00:00,180,14.0,161.0,1002.0,40.3
2026-07-27,8,35,2026-08-03 18:00:00,7 days 18:00:00,186,14.5,160.69,1001.0,41.9
2026-07-27,8,35,2026-08-04 00:00:00,8 days 00:00:00,192,15.0,160.38,1000.0,43.5
2026-07-27,8,35,2026-08-04 06:00:00,8 days 06:00:00,198,15.5,160.06,999.0,45.2
2026-07-27,8,35,2026-08-04 12:00:00,8 days 12:00:00,204,16.0,159.75,998.0,46.8
2026-07-27,8,35,2026-08-04 18:00:00,8 days 18:00:00,210,16.13,159.75,996.8,48.7
2026-07-27,8,35,2026-08-05 00:00:00,9 days 00:00:00,216,16.25,159.75,995.5,50.7
2026-07-27,8,35,2026-08-05 06:00:00,9 days 06:00:00,222,17.88,161.24,994.9,51.5
2026-07-27,8,35,2026-08-05 12:00:00,9 days 12:00:00,228,19.5,162.75,994.4,52.4
2026-07-27,8,35,2026-08-05 18:00:00,9 days 18:00:00,234,20.75,162.63,993.8,53.3
2026-07-27,8,35,2026-08-06 00:00:00,10 days 00:00:00,240,22.0,162.5,993.2,54.1
2026-07-27,8,35,2026-08-06 06:00:00,10 days 06:00:00,246,23.25,163.74,991.1,57.1
2026-07-27,8,35,2026-08-06 12:00:00,10 days 12:00:00,252,24.5,165.0,989.1,60.1
2026-07-27,8,35,2026-08-06 18:00:00,10 days 18:00:00,258,26.0,165.25,987.7,61.9
2026-07-27,8,35,2026-08-07 00:00:00,11 days 00:00:00,264,27.5,165.5,986.4,63.7
2026-07-27,8,35,2026-08-07 06:00:00,11 days 06:00:00,270,27.62,165.5,985.1,65.5
2026-07-27,8,35,2026-08-07 12:00:00,11 days 12:00:00,276,27.75,165.5,983.8,67.3
2026-07-27,8,35,2026-08-07 18:00:00,11 days 18:00:00,282,28.75,165.62,983.9,67.2
2026-07-27,8,35,2026-08-08 00:00:00,12 days 00:00:00,288,29.75,165.75,983.9,67.0
2026-07-27,8,35,2026-08-08 06:00:00,12 days 06:00:00,294,30.38,165.25,983.8,67.2
2026-07-27,8,35,2026-08-08 12:00:00,12 days 12:00:00,300,31.0,164.75,983.7,67.4
2026-07-27,8,35,2026-08-08 18:00:00,12 days 18:00:00,306,32.0,164.63,985.0,65.7
2026-07-27,8,35,2026-08-09 00:00:00,13 days 00:00:00,312,33.0,164.5,986.3,63.9
2026-07-27,8,35,2026-08-09 06:00:00,13 days 06:00:00,318,33.88,164.25,985.8,64.6
2026-07-27,8,35,2026-08-09 12:00:00,13 days 12:00:00,324,34.75,164.0,985.3,65.3
2026-07-27,8,35,2026-08-09 18:00:00,13 days 18:00:00,330,36.88,163.88,985.5,65.0
2026-07-27,8,35,2026-08-10 00:00:00,14 days 00:00:00,336,39.0,163.75,985.7,64.7
2026-07-27,8,35,2026-08-10 06:00:00,14 days 06:00:00,342,40.63,162.53,984.9,65.8
2026-07-27,8,35,2026-08-10 12:00:00,14 days 12:00:00,348,42.25,161.25,984.1,66.9
2026-07-27,8,35,2026-08-10 18:00:00,14 days 18:00:00,354,43.38,160.15,983.8,67.2
2026-07-27,8,35,2026-08-11 00:00:00,15 days 00:00:00,360,44.5,159.0,983.5,67.6
2026-07-27,9,35,2026-08-06 00:00:00,10 days 00:00:00,240,11.0,-135.5,1005.3,34.6
2026-07-27,9,35,2026-08-06 06:00:00,10 days 06:00:00,246,11.25,-136.25,1004.6,35.8
2026-07-27,9,35,2026-08-06 12:00:00,10 days 12:00:00,252,11.5,-137.0,1003.9,37.0
2026-07-27,9,35,2026-08-06 18:00:00,10 days 18:00:00,258,12.25,-137.75,1002.5,39.4
2026-07-27,9,35,2026-08-07 00:00:00,11 days 00:00:00,264,13.0,-138.5,1001.1,41.8
2026-07-27,9,35,2026-08-07 06:00:00,11 days 06:00:00,270,13.0,-139.5,1001.2,41.7
2026-07-27,9,35,2026-08-07 12:00:00,11 days 12:00:00,276,13.0,-140.5,1001.2,41.7
2026-07-27,9,35,2026-08-07 18:00:00,11 days 18:00:00,282,13.63,-141.12,1001.1,41.8
2026-07-27,9,35,2026-08-08 00:00:00,12 days 00:00:00,288,14.25,-141.75,1001.0,42.0
2026-07-27,9,35,2026-08-08 06:00:00,12 days 06:00:00,294,14.38,-142.37,1000.2,43.3
2026-07-27,9,35,2026-08-08 12:00:00,12 days 12:00:00,300,14.5,-143.0,999.4,44.6
2026-07-27,9,35,2026-08-08 18:00:00,12 days 18:00:00,306,14.63,-143.37,999.3,44.8
2026-07-27,9,35,2026-08-09 00:00:00,13 days 00:00:00,312,14.75,-143.75,999.1,45.1
2026-07-27,9,35,2026-08-09 06:00:00,13 days 06:00:00,318,15.63,-143.63,999.4,44.5
2026-07-27,9,35,2026-08-09 12:00:00,13 days 12:00:00,324,16.5,-143.5,999.8,44.0
2026-07-27,9,35,2026-08-09 18:00:00,13 days 18:00:00,330,17.25,-143.75,1000.4,43.0
2026-07-27,9,35,2026-08-10 00:00:00,14 days 00:00:00,336,18.0,-144.0,1001.0,42.1
2026-07-27,9,35,2026-08-10 06:00:00,14 days 06:00:00,342,19.0,-144.12,1000.4,43.0
2026-07-27,9,35,2026-08-10 12:00:00,14 days 12:00:00,348,20.0,-144.25,999.8,43.9
2026-07-27,9,35,2026-08-10 18:00:00,14 days 18:00:00,354,20.88,-144.5,999.9,43.8
2026-07-27,9,35,2026-08-11 00:00:00,15 days 00:00:00,360,21.75,-144.75,999.9,43.8
2026-07-27,1,36,2026-07-27 00:00:00,0 days 00:00:00,0,20.0,-143.0,995.2,51.2
2026-07-27,1,36,2026-07-27 06:00:00,0 days 06:00:00,6,20.38,-144.37,996.3,49.5
2026-07-27,1,36,2026-07-27 12:00:00,0 days 12:00:00,12,20.75,-145.75,997.4,47.8
2026-07-27,1,36,2026-07-27 18:00:00,0 days 18:00:00,18,21.13,-147.12,1000.4,42.8
2026-07-27,1,36,2026-07-28 00:00:00,1 days 00:00:00,24,21.5,-148.5,1003.4,37.9
2026-07-27,10,36,2026-08-04 12:00:00,8 days 12:00:00,204,16.5,142.25,1002.8,39.0
2026-07-27,10,36,2026-08-04 18:00:00,8 days 18:00:00,210,16.25,141.87,1001.5,41.1
2026-07-27,10,36,2026-08-05 00:00:00,9 days 00:00:00,216,16.0,141.5,1000.2,43.3
2026-07-27,10,36,2026-08-05 06:00:00,9 days 06:00:00,222,16.0,141.75,998.2,46.4
2026-07-27,10,36,2026-08-05 12:00:00,9 days 12:00:00,228,16.0,142.0,996.3,49.5
2026-07-27,10,36,2026-08-05 18:00:00,9 days 18:00:00,234,15.75,141.37,995.5,50.7
2026-07-27,10,36,2026-08-06 00:00:00,10 days 00:00:00,240,15.5,140.75,994.7,51.8
2026-07-27,10,36,2026-08-06 06:00:00,10 days 06:00:00,246,15.63,141.12,992.3,55.4
2026-07-27,10,36,2026-08-06 12:00:00,10 days 12:00:00,252,15.75,141.5,989.8,59.0
2026-07-27,10,36,2026-08-06 18:00:00,10 days 18:00:00,258,16.0,141.25,988.2,61.2
2026-07-27,10,36,2026-08-07 00:00:00,11 days 00:00:00,264,16.25,141.0,986.7,63.4
2026-07-27,10,36,2026-08-07 06:00:00,11 days 06:00:00,270,16.63,140.88,985.3,65.2
2026-07-27,10,36,2026-08-07 12:00:00,11 days 12:00:00,276,17.0,140.75,983.9,67.0
2026-07-27,10,36,2026-08-07 18:00:00,11 days 18:00:00,282,17.38,140.5,981.3,70.5
2026-07-27,10,36,2026-08-08 00:00:00,12 days 00:00:00,288,17.75,140.25,978.7,73.9
2026-07-27,10,36,2026-08-08 06:00:00,12 days 06:00:00,294,18.25,140.13,975.9,77.3
2026-07-27,10,36,2026-08-08 12:00:00,12 days 12:00:00,300,18.75,140.0,973.2,80.8
2026-07-27,10,36,2026-08-08 18:00:00,12 days 18:00:00,306,19.63,139.5,971.2,83.2
2026-07-27,10,36,2026-08-09 00:00:00,13 days 00:00:00,312,20.5,139.0,969.1,85.7
2026-07-27,10,36,2026-08-09 06:00:00,13 days 06:00:00,318,21.38,138.13,968.6,86.2
2026-07-27,10,36,2026-08-09 12:00:00,13 days 12:00:00,324,22.25,137.25,968.1,86.8
2026-07-27,10,36,2026-08-09 18:00:00,13 days 18:00:00,330,23.26,135.89,967.5,87.5
2026-07-27,10,36,2026-08-10 00:00:00,14 days 00:00:00,336,24.25,134.5,966.9,88.2
2026-07-27,10,36,2026-08-10 06:00:00,14 days 06:00:00,342,25.38,133.26,967.0,88.1
2026-07-27,10,36,2026-08-10 12:00:00,14 days 12:00:00,348,26.5,132.0,967.1,88.0
2026-07-27,10,36,2026-08-10 18:00:00,14 days 18:00:00,354,27.63,130.76,965.5,89.9
2026-07-27,10,36,2026-08-11 00:00:00,15 days 00:00:00,360,28.75,129.5,963.9,91.8
2026-07-27,11,36,2026-08-05 12:00:00,9 days 12:00:00,228,11.5,-134.75,1004.5,35.9
2026-07-27,11,36,2026-08-05 18:00:00,9 days 18:00:00,234,11.63,-136.0,1003.4,37.9
2026-07-27,11,36,2026-08-06 00:00:00,10 days 00:00:00,240,11.75,-137.25,1002.3,39.9
2026-07-27,11,36,2026-08-06 06:00:00,10 days 06:00:00,246,11.63,-138.63,1003.0,38.7
2026-07-27,11,36,2026-08-06 12:00:00,10 days 12:00:00,252,11.5,-140.0,1003.6,37.5
2026-07-27,11,36,2026-08-06 18:00:00,10 days 18:00:00,258,11.38,-141.13,1003.1,38.4
2026-07-27,11,36,2026-08-07 00:00:00,11 days 00:00:00,264,11.26,-142.25,1002.7,39.2
2026-07-27,11,36,2026-08-07 06:00:00,11 days 06:00:00,270,11.13,-143.38,1002.2,40.1
2026-07-27,11,36,2026-08-07 12:00:00,11 days 12:00:00,276,11.0,-144.5,1001.7,40.9
2026-07-27,11,36,2026-08-07 18:00:00,11 days 18:00:00,282,11.5,-145.5,1000.8,42.3
2026-07-27,11,36,2026-08-08 00:00:00,12 days 00:00:00,288,12.0,-146.5,999.9,43.8
2026-07-27,11,36,2026-08-08 06:00:00,12 days 06:00:00,294,12.0,-147.5,1000.0,43.7
2026-07-27,11,36,2026-08-08 12:00:00,12 days 12:00:00,300,12.0,-148.5,1000.0,43.6
2026-07-27,11,36,2026-08-08 18:00:00,12 days 18:00:00,306,12.5,-149.5,1000.0,43.7
2026-07-27,11,36,2026-08-09 00:00:00,13 days 00:00:00,312,13.0,-150.5,999.9,43.8
2026-07-27,11,36,2026-08-09 06:00:00,13 days 06:00:00,318,13.13,-151.25,999.5,44.4
2026-07-27,11,36,2026-08-09 12:00:00,13 days 12:00:00,324,13.25,-152.0,999.1,45.0
2026-07-27,11,36,2026-08-09 18:00:00,13 days 18:00:00,330,13.5,-152.37,1000.2,43.3
2026-07-27,11,36,2026-08-10 00:00:00,14 days 00:00:00,336,13.75,-152.75,1001.3,41.5
2026-07-27,11,36,2026-08-10 06:00:00,14 days 06:00:00,342,13.88,-153.5,1001.1,41.9
2026-07-27,11,36,2026-08-10 12:00:00,14 days 12:00:00,348,14.0,-154.25,1000.9,42.2
2026-07-27,11,36,2026-08-10 18:00:00,14 days 18:00:00,354,14.38,-154.62,1000.8,42.3
2026-07-27,11,36,2026-08-11 00:00:00,15 days 00:00:00,360,14.75,-155.0,1000.8,42.3
2026-07-27,5,36,2026-07-27 00:00:00,0 days 00:00:00,0,14.5,-110.75,972.9,81.1
2026-07-27,5,36,2026-07-27 06:00:00,0 days 06:00:00,6,15.25,-111.62,976.0,77.3
2026-07-27,5,36,2026-07-27 12:00:00,0 days 12:00:00,12,16.0,-112.5,979.1,73.4
2026-07-27,5,36,2026-07-27 18:00:00,0 days 18:00:00,18,16.38,-113.37,978.7,73.9
2026-07-27,5,36,2026-07-28 00:00:00,1 days 00:00:00,24,16.75,-114.25,978.3,74.4
2026-07-27,5,36,2026-07-28 06:00:00,1 days 06:00:00,30,17.0,-114.87,979.4,72.9
2026-07-27,5,36,2026-07-28 12:00:00,1 days 12:00:00,36,17.25,-115.5,980.6,71.4
2026-07-27,5,36,2026-07-28 18:00:00,1 days 18:00:00,42,17.38,-115.87,979.9,72.3
2026-07-27,5,36,2026-07-29 00:00:00,2 days 00:00:00,48,17.5,-116.25,979.3,73.2
2026-07-27,5,36,2026-07-29 06:00:00,2 days 06:00:00,54,17.63,-117.25,980.9,71.1
2026-07-27,5,36,2026-07-29 12:00:00,2 days 12:00:00,60,17.75,-118.25,982.5,69.0
2026-07-27,5,36,2026-07-29 18:00:00,2 days 18:00:00,66,18.0,-118.87,983.1,68.2
2026-07-27,5,36,2026-07-30 00:00:00,3 days 00:00:00,72,18.25,-119.5,983.6,67.5
2026-07-27,5,36,2026-07-30 06:00:00,3 days 06:00:00,78,18.63,-120.5,983.4,67.7
2026-07-27,5,36,2026-07-30 12:00:00,3 days 12:00:00,84,19.0,-121.5,983.2,68.0
2026-07-27,5,36,2026-07-30 18:00:00,3 days 18:00:00,90,19.38,-122.5,984.8,65.9
2026-07-27,5,36,2026-07-31 00:00:00,4 days 00:00:00,96,19.75,-123.5,986.4,63.8
2026-07-27,5,36,2026-07-31 06:00:00,4 days 06:00:00,102,20.0,-124.75,988.0,61.5
2026-07-27,5,36,2026-07-31 12:00:00,4 days 12:00:00,108,20.25,-126.0,989.7,59.2
2026-07-27,5,36,2026-07-31 18:00:00,4 days 18:00:00,114,20.51,-127.37,992.4,55.3
2026-07-27,5,36,2026-08-01 00:00:00,5 days 00:00:00,120,20.75,-128.75,995.0,51.4
2026-07-27,5,36,2026-08-01 06:00:00,5 days 06:00:00,126,21.51,-130.12,996.2,49.7
2026-07-27,5,36,2026-08-01 12:00:00,5 days 12:00:00,132,22.25,-131.5,997.3,47.9
2026-07-27,5,36,2026-08-01 18:00:00,5 days 18:00:00,138,22.75,-132.62,998.6,45.9
2026-07-27,5,36,2026-08-02 00:00:00,6 days 00:00:00,144,23.25,-133.75,999.8,44.0
2026-07-27,5,36,2026-08-02 06:00:00,6 days 06:00:00,150,23.88,-135.12,1001.4,41.2
2026-07-27,5,36,2026-08-02 12:00:00,6 days 12:00:00,156,24.5,-136.5,1003.1,38.4
2026-07-27,5,36,2026-08-02 18:00:00,6 days 18:00:00,162,24.75,-137.62,1003.8,37.3
2026-07-27,5,36,2026-08-03 00:00:00,7 days 00:00:00,168,25.0,-138.75,1004.5,36.1
2026-07-27,6,36,2026-07-27 00:00:00,0 days 00:00:00,0,21.25,88.5,992.6,54.9
2026-07-27,6,36,2026-07-27 06:00:00,0 days 06:00:00,6,21.38,88.25,991.6,56.5
2026-07-27,6,36,2026-07-27 12:00:00,0 days 12:00:00,12,21.5,88.0,990.5,58.1
2026-07-27,6,36,2026-07-27 18:00:00,0 days 18:00:00,18,21.63,87.75,990.6,57.9
2026-07-27,6,36,2026-07-28 00:00:00,1 days 00:00:00,24,21.75,87.5,990.8,57.6
2026-07-27,6,36,2026-07-28 06:00:00,1 days 06:00:00,30,22.13,86.38,991.6,56.4
2026-07-27,6,36,2026-07-28 12:00:00,1 days 12:00:00,36,22.5,85.25,992.5,55.1
2026-07-27,6,36,2026-07-28 18:00:00,1 days 18:00:00,42,22.13,84.62,992.4,55.4
2026-07-27,6,36,2026-07-29 00:00:00,2 days 00:00:00,48,21.75,84.0,992.2,55.6
2026-07-27,6,36,2026-07-29 06:00:00,2 days 06:00:00,54,22.0,83.0,992.6,55.0
2026-07-27,6,36,2026-07-29 12:00:00,2 days 12:00:00,60,22.25,82.0,993.0,54.4
2026-07-27,6,36,2026-07-29 18:00:00,2 days 18:00:00,66,22.75,80.88,993.0,54.4
2026-07-27,6,36,2026-07-30 00:00:00,3 days 00:00:00,72,23.25,79.75,993.1,54.3
2026-07-27,6,36,2026-07-30 06:00:00,3 days 06:00:00,78,23.13,79.0,992.9,54.5
2026-07-27,6,36,2026-07-30 12:00:00,3 days 12:00:00,84,23.0,78.25,992.8,54.7
2026-07-27,6,36,2026-07-30 18:00:00,3 days 18:00:00,90,23.25,77.38,993.2,54.2
2026-07-27,6,36,2026-07-31 00:00:00,4 days 00:00:00,96,23.5,76.5,993.5,53.7
2026-07-27,7,36,2026-07-27 00:00:00,0 days 00:00:00,0,12.75,178.25,1002.3,39.9
2026-07-27,7,36,2026-07-27 06:00:00,0 days 06:00:00,6,12.88,176.63,1001.9,40.6
2026-07-27,7,36,2026-07-27 12:00:00,0 days 12:00:00,12,13.0,175.0,1001.4,41.3
2026-07-27,7,36,2026-07-27 18:00:00,0 days 18:00:00,18,12.88,173.75,999.9,43.7
2026-07-27,7,36,2026-07-28 00:00:00,1 days 00:00:00,24,12.75,172.5,998.4,46.1
2026-07-27,7,36,2026-07-28 06:00:00,1 days 06:00:00,30,13.0,171.75,998.1,46.7
2026-07-27,7,36,2026-07-28 12:00:00,1 days 12:00:00,36,13.25,171.0,997.8,47.2
2026-07-27,7,36,2026-07-28 18:00:00,1 days 18:00:00,42,13.5,170.5,996.6,49.0
2026-07-27,7,36,2026-07-29 00:00:00,2 days 00:00:00,48,13.75,170.0,995.4,50.8
2026-07-27,7,36,2026-07-29 06:00:00,2 days 06:00:00,54,14.25,169.63,994.6,52.0
2026-07-27,7,36,2026-07-29 12:00:00,2 days 12:00:00,60,14.75,169.25,993.8,53.2
2026-07-27,7,36,2026-07-29 18:00:00,2 days 18:00:00,66,15.38,168.5,991.3,56.8
2026-07-27,7,36,2026-07-30 00:00:00,3 days 00:00:00,72,16.0,167.75,988.8,60.4
2026-07-27,7,36,2026-07-30 06:00:00,3 days 06:00:00,78,17.0,166.88,986.9,63.1
2026-07-27,7,36,2026-07-30 12:00:00,3 days 12:00:00,84,18.0,166.0,984.9,65.7
2026-07-27,7,36,2026-07-30 18:00:00,3 days 18:00:00,90,18.25,165.13,980.2,71.8
2026-07-27,7,36,2026-07-31 00:00:00,4 days 00:00:00,96,18.5,164.25,975.5,77.9
2026-07-27,7,36,2026-07-31 06:00:00,4 days 06:00:00,102,19.25,163.25,974.6,79.0
2026-07-27,7,36,2026-07-31 12:00:00,4 days 12:00:00,108,20.0,162.25,973.7,80.1
2026-07-27,7,36,2026-07-31 18:00:00,4 days 18:00:00,114,20.63,161.5,968.2,86.6
2026-07-27,7,36,2026-08-01 00:00:00,5 days 00:00:00,120,21.25,160.75,962.7,93.2
2026-07-27,7,36,2026-08-01 06:00:00,5 days 06:00:00,126,22.13,159.88,961.2,94.8
2026-07-27,7,36,2026-08-01 12:00:00,5 days 12:00:00,132,23.0,159.0,959.8,96.5
2026-07-27,7,36,2026-08-01 18:00:00,5 days 18:00:00,138,24.0,157.88,960.6,95.5
2026-07-27,7,36,2026-08-02 00:00:00,6 days 00:00:00,144,25.0,156.75,961.4,94.6
2026-07-27,7,36,2026-08-02 06:00:00,6 days 06:00:00,150,26.26,155.51,960.6,95.5
2026-07-27,7,36,2026-08-02 12:00:00,6 days 12:00:00,156,27.5,154.25,959.8,96.5
2026-07-27,7,36,2026-08-02 18:00:00,6 days 18:00:00,162,28.76,153.01,963.5,92.2
2026-07-27,7,36,2026-08-03 00:00:00,7 days 00:00:00,168,30.0,151.75,967.2,87.9
2026-07-27,7,36,2026-08-03 06:00:00,7 days 06:00:00,174,30.88,151.13,967.7,87.3
2026-07-27,7,36,2026-08-03 12:00:00,7 days 12:00:00,180,31.75,150.5,968.2,86.8
2026-07-27,7,36,2026-08-03 18:00:00,7 days 18:00:00,186,32.63,149.76,971.4,82.9
2026-07-27,7,36,2026-08-04 00:00:00,8 days 00:00:00,192,33.5,149.0,974.5,79.1
2026-07-27,7,36,2026-08-04 06:00:00,8 days 06:00:00,198,34.75,149.25,976.8,76.2
2026-07-27,7,36,2026-08-04 12:00:00,8 days 12:00:00,204,36.0,149.5,979.2,73.3
2026-07-27,7,36,2026-08-04 18:00:00,8 days 18:00:00,210,37.5,150.11,979.3,73.1
2026-07-27,7,36,2026-08-05 00:00:00,9 days 00:00:00,216,39.0,150.75,979.5,72.8
2026-07-27,7,36,2026-08-05 06:00:00,9 days 06:00:00,222,40.76,152.33,980.4,71.7
2026-07-27,7,36,2026-08-05 12:00:00,9 days 12:00:00,228,42.5,154.0,981.3,70.5
2026-07-27,7,36,2026-08-05 18:00:00,9 days 18:00:00,234,44.63,155.32,982.9,68.4
2026-07-27,7,36,2026-08-06 00:00:00,10 days 00:00:00,240,46.75,156.75,984.6,66.2
2026-07-27,7,36,2026-08-06 06:00:00,10 days 06:00:00,246,47.9,159.07,987.4,62.3
2026-07-27,7,36,2026-08-06 12:00:00,10 days 12:00:00,252,49.0,161.5,990.2,58.5
2026-07-27,7,36,2026-08-06 18:00:00,10 days 18:00:00,258,49.29,164.36,993.2,54.1
2026-07-27,7,36,2026-08-07 00:00:00,11 days 00:00:00,264,49.5,167.25,996.1,49.7
2026-07-27,8,36,2026-07-29 00:00:00,2 days 00:00:00,48,31.5,62.75,993.3,53.9
2026-07-27,8,36,2026-07-29 06:00:00,2 days 06:00:00,54,31.63,62.5,992.3,55.5
2026-07-27,8,36,2026-07-29 12:00:00,2 days 12:00:00,60,31.75,62.25,991.2,57.1
2026-07-27,8,36,2026-07-29 18:00:00,2 days 18:00:00,66,31.75,62.38,992.9,54.5
2026-07-27,8,36,2026-07-30 00:00:00,3 days 00:00:00,72,31.75,62.5,994.7,52.0
2026-07-27,8,36,2026-07-30 06:00:00,3 days 06:00:00,78,31.88,62.38,993.1,54.3
2026-07-27,8,36,2026-07-30 12:00:00,3 days 12:00:00,84,32.0,62.25,991.5,56.6
2026-07-27,8,36,2026-07-30 18:00:00,3 days 18:00:00,90,31.88,62.5,992.9,54.5
2026-07-27,8,36,2026-07-31 00:00:00,4 days 00:00:00,96,31.75,62.75,994.3,52.4
2026-07-27,8,36,2026-07-31 06:00:00,4 days 06:00:00,102,31.5,62.5,992.8,54.7
2026-07-27,8,36,2026-07-31 12:00:00,4 days 12:00:00,108,31.25,62.25,991.2,57.0
2026-07-27,9,36,2026-08-04 12:00:00,8 days 12:00:00,204,16.25,158.5,1001.3,41.5
2026-07-27,9,36,2026-08-04 18:00:00,8 days 18:00:00,210,16.13,157.37,1000.5,42.9
2026-07-27,9,36,2026-08-05 00:00:00,9 days 00:00:00,216,16.0,156.25,999.6,44.3
2026-07-27,9,36,2026-08-05 06:00:00,9 days 06:00:00,222,15.63,157.0,998.7,45.7
2026-07-27,9,36,2026-08-05 12:00:00,9 days 12:00:00,228,15.25,157.75,997.8,47.2
2026-07-27,9,36,2026-08-05 18:00:00,9 days 18:00:00,234,15.88,158.25,997.0,48.4
2026-07-27,9,36,2026-08-06 00:00:00,10 days 00:00:00,240,16.5,158.75,996.3,49.5
2026-07-27,9,36,2026-08-06 06:00:00,10 days 06:00:00,246,18.38,159.74,996.6,49.0
2026-07-27,9,36,2026-08-06 12:00:00,10 days 12:00:00,252,20.25,160.75,997.0,48.4
2026-07-27,9,36,2026-08-06 18:00:00,10 days 18:00:00,258,22.88,159.28,994.3,52.5
2026-07-27,9,36,2026-08-07 00:00:00,11 days 00:00:00,264,25.5,157.75,991.6,56.5
2026-07-27,9,36,2026-08-07 06:00:00,11 days 06:00:00,270,27.5,157.38,991.6,56.4
2026-07-27,9,36,2026-08-07 12:00:00,11 days 12:00:00,276,29.5,157.0,991.7,56.3
2026-07-27,9,36,2026-08-07 18:00:00,11 days 18:00:00,282,30.75,156.88,992.3,55.4
2026-07-27,9,36,2026-08-08 00:00:00,12 days 00:00:00,288,32.0,156.75,992.9,54.5
2026-07-27,9,36,2026-08-08 06:00:00,12 days 06:00:00,294,34.88,155.54,993.7,53.4
2026-07-27,9,36,2026-08-08 12:00:00,12 days 12:00:00,300,37.75,154.25,994.5,52.2
2026-07-27,1,37,2026-07-27 00:00:00,0 days 00:00:00,0,20.0,-143.0,995.2,51.2
2026-07-27,1,37,2026-07-27 06:00:00,0 days 06:00:00,6,20.38,-144.37,996.0,50.0
2026-07-27,1,37,2026-07-27 12:00:00,0 days 12:00:00,12,20.75,-145.75,996.8,48.7
2026-07-27,1,37,2026-07-27 18:00:00,0 days 18:00:00,18,21.0,-146.87,1000.4,42.7
2026-07-27,1,37,2026-07-28 00:00:00,1 days 00:00:00,24,21.25,-148.0,1004.1,36.7
2026-07-27,10,37,2026-08-04 00:00:00,8 days 00:00:00,192,13.5,-127.5,1002.6,39.2
2026-07-27,10,37,2026-08-04 06:00:00,8 days 06:00:00,198,13.75,-128.37,1002.3,39.9
2026-07-27,10,37,2026-08-04 12:00:00,8 days 12:00:00,204,14.0,-129.25,1001.9,40.5
2026-07-27,10,37,2026-08-04 18:00:00,8 days 18:00:00,210,14.25,-130.25,1001.1,41.7
2026-07-27,10,37,2026-08-05 00:00:00,9 days 00:00:00,216,14.5,-131.25,1000.4,43.0
2026-07-27,10,37,2026-08-05 06:00:00,9 days 06:00:00,222,14.63,-132.5,999.5,44.5
2026-07-27,10,37,2026-08-05 12:00:00,9 days 12:00:00,228,14.75,-133.75,998.5,46.0
2026-07-27,10,37,2026-08-05 18:00:00,9 days 18:00:00,234,15.0,-134.87,997.1,48.2
2026-07-27,10,37,2026-08-06 00:00:00,10 days 00:00:00,240,15.25,-136.0,995.7,50.4
2026-07-27,10,37,2026-08-06 06:00:00,10 days 06:00:00,246,15.38,-137.25,993.9,53.0
2026-07-27,10,37,2026-08-06 12:00:00,10 days 12:00:00,252,15.5,-138.5,992.2,55.5
2026-07-27,10,37,2026-08-06 18:00:00,10 days 18:00:00,258,15.88,-139.75,992.3,55.5
2026-07-27,10,37,2026-08-07 00:00:00,11 days 00:00:00,264,16.25,-141.0,992.3,55.5
2026-07-27,10,37,2026-08-07 06:00:00,11 days 06:00:00,270,16.63,-142.37,991.5,56.7
2026-07-27,10,37,2026-08-07 12:00:00,11 days 12:00:00,276,17.0,-143.75,990.6,57.9
2026-07-27,10,37,2026-08-07 18:00:00,11 days 18:00:00,282,17.25,-145.0,992.2,55.6
2026-07-27,10,37,2026-08-08 00:00:00,12 days 00:00:00,288,17.5,-146.25,993.8,53.3
2026-07-27,10,37,2026-08-08 06:00:00,12 days 06:00:00,294,17.75,-147.25,991.7,56.3
2026-07-27,10,37,2026-08-08 12:00:00,12 days 12:00:00,300,18.0,-148.25,989.6,59.3
2026-07-27,10,37,2026-08-08 18:00:00,12 days 18:00:00,306,18.25,-149.25,990.7,57.8
2026-07-27,10,37,2026-08-09 00:00:00,13 days 00:00:00,312,18.5,-150.25,991.7,56.2
2026-07-27,10,37,2026-08-09 06:00:00,13 days 06:00:00,318,18.75,-151.5,990.6,57.9
2026-07-27,10,37,2026-08-09 12:00:00,13 days 12:00:00,324,19.0,-152.75,989.4,59.6
2026-07-27,10,37,2026-08-09 18:00:00,13 days 18:00:00,330,19.25,-153.62,988.9,60.4
2026-07-27,10,37,2026-08-10 00:00:00,14 days 00:00:00,336,19.5,-154.5,988.3,61.2
2026-07-27,10,37,2026-08-10 06:00:00,14 days 06:00:00,342,20.25,-155.37,992.1,55.7
2026-07-27,10,37,2026-08-10 12:00:00,14 days 12:00:00,348,21.0,-156.25,995.8,50.2
2026-07-27,10,37,2026-08-10 18:00:00,14 days 18:00:00,354,21.25,-156.87,996.2,49.7
2026-07-27,10,37,2026-08-11 00:00:00,15 days 00:00:00,360,21.5,-157.5,996.5,49.2
2026-07-27,11,37,2026-08-07 00:00:00,11 days 00:00:00,264,14.75,117.5,1002.5,39.5
2026-07-27,11,37,2026-08-07 06:00:00,11 days 06:00:00,270,15.0,116.88,1001.6,40.9
2026-07-27,11,37,2026-08-07 12:00:00,11 days 12:00:00,276,15.25,116.25,1000.8,42.4
2026-07-27,11,37,2026-08-07 18:00:00,11 days 18:00:00,282,15.38,115.38,999.8,44.0
2026-07-27,11,37,2026-08-08 00:00:00,12 days 00:00:00,288,15.5,114.5,998.7,45.6
2026-07-27,11,37,2026-08-08 06:00:00,12 days 06:00:00,294,16.0,114.0,997.1,48.2
2026-07-27,11,37,2026-08-08 12:00:00,12 days 12:00:00,300,16.5,113.5,995.5,50.7
2026-07-27,11,37,2026-08-08 18:00:00,12 days 18:00:00,306,16.88,112.88,994.9,51.6
2026-07-27,11,37,2026-08-09 00:00:00,13 days 00:00:00,312,17.25,112.25,994.3,52.5
2026-07-27,11,37,2026-08-09 06:00:00,13 days 06:00:00,318,17.13,111.87,991.6,56.4
2026-07-27,11,37,2026-08-09 12:00:00,13 days 12:00:00,324,17.0,111.5,988.8,60.4
2026-07-27,11,37,2026-08-09 18:00:00,13 days 18:00:00,330,16.75,111.25,989.0,60.2
2026-07-27,11,37,2026-08-10 00:00:00,14 days 00:00:00,336,16.5,111.0,989.1,60.0
2026-07-27,11,37,2026-08-10 06:00:00,14 days 06:00:00,342,16.62,111.0,986.7,63.3
2026-07-27,11,37,2026-08-10 12:00:00,14 days 12:00:00,348,16.75,111.0,984.3,66.6
2026-07-27,11,37,2026-08-10 18:00:00,14 days 18:00:00,354,17.0,111.0,984.1,66.9
2026-07-27,11,37,2026-08-11 00:00:00,15 days 00:00:00,360,17.25,111.0,983.9,67.1
2026-07-27,5,37,2026-07-27 00:00:00,0 days 00:00:00,0,14.5,-110.75,972.9,81.1
2026-07-27,5,37,2026-07-27 06:00:00,0 days 06:00:00,6,15.25,-111.62,975.8,77.5
2026-07-27,5,37,2026-07-27 12:00:00,0 days 12:00:00,12,16.0,-112.5,978.6,74.0
2026-07-27,5,37,2026-07-27 18:00:00,0 days 18:00:00,18,16.5,-113.5,979.6,72.7
2026-07-27,5,37,2026-07-28 00:00:00,1 days 00:00:00,24,17.0,-114.5,980.5,71.5
2026-07-27,5,37,2026-07-28 06:00:00,1 days 06:00:00,30,17.25,-115.25,982.2,69.4
2026-07-27,5,37,2026-07-28 12:00:00,1 days 12:00:00,36,17.5,-116.0,983.8,67.2
2026-07-27,5,37,2026-07-28 18:00:00,1 days 18:00:00,42,17.75,-116.5,984.3,66.6
2026-07-27,5,37,2026-07-29 00:00:00,2 days 00:00:00,48,18.0,-117.0,984.8,65.9
2026-07-27,5,37,2026-07-29 06:00:00,2 days 06:00:00,54,18.25,-117.75,984.5,66.4
2026-07-27,5,37,2026-07-29 12:00:00,2 days 12:00:00,60,18.5,-118.5,984.1,66.8
2026-07-27,5,37,2026-07-29 18:00:00,2 days 18:00:00,66,18.75,-119.25,985.5,64.9
2026-07-27,5,37,2026-07-30 00:00:00,3 days 00:00:00,72,19.0,-120.0,986.9,63.1
2026-07-27,5,37,2026-07-30 06:00:00,3 days 06:00:00,78,19.0,-120.75,988.5,60.9
2026-07-27,5,37,2026-07-30 12:00:00,3 days 12:00:00,84,19.0,-121.5,990.0,58.7
2026-07-27,5,37,2026-07-30 18:00:00,3 days 18:00:00,90,19.5,-122.5,990.0,58.8
2026-07-27,5,37,2026-07-31 00:00:00,4 days 00:00:00,96,20.0,-123.5,990.0,58.8
2026-07-27,5,37,2026-07-31 06:00:00,4 days 06:00:00,102,20.0,-124.62,990.4,58.2
2026-07-27,5,37,2026-07-31 12:00:00,4 days 12:00:00,108,20.0,-125.75,990.8,57.6
2026-07-27,5,37,2026-07-31 18:00:00,4 days 18:00:00,114,20.0,-127.0,993.0,54.4
2026-07-27,5,37,2026-08-01 00:00:00,5 days 00:00:00,120,20.0,-128.25,995.2,51.1
2026-07-27,5,37,2026-08-01 06:00:00,5 days 06:00:00,126,20.13,-129.5,996.4,49.3
2026-07-27,5,37,2026-08-01 12:00:00,5 days 12:00:00,132,20.25,-130.75,997.5,47.6
2026-07-27,5,37,2026-08-01 18:00:00,5 days 18:00:00,138,20.38,-132.25,999.2,44.9
2026-07-27,5,37,2026-08-02 00:00:00,6 days 00:00:00,144,20.5,-133.75,1000.9,42.2
2026-07-27,5,37,2026-08-02 06:00:00,6 days 06:00:00,150,20.89,-135.24,1001.1,41.8
2026-07-27,5,37,2026-08-02 12:00:00,6 days 12:00:00,156,21.28,-136.73,1001.4,41.3
2026-07-27,5,37,2026-08-02 18:00:00,6 days 18:00:00,162,21.65,-138.24,1001.7,40.8
2026-07-27,5,37,2026-08-03 00:00:00,7 days 00:00:00,168,22.0,-139.75,1002.0,40.4
2026-07-27,5,37,2026-08-03 06:00:00,7 days 06:00:00,174,22.13,-141.0,1002.0,40.3
2026-07-27,5,37,2026-08-03 12:00:00,7 days 12:00:00,180,22.25,-142.25,1002.1,40.1
2026-07-27,6,37,2026-07-27 00:00:00,0 days 00:00:00,0,21.25,88.5,992.6,54.9
2026-07-27,6,37,2026-07-27 06:00:00,0 days 06:00:00,6,21.38,88.38,991.8,56.2
2026-07-27,6,37,2026-07-27 12:00:00,0 days 12:00:00,12,21.5,88.25,990.9,57.4
2026-07-27,6,37,2026-07-27 18:00:00,0 days 18:00:00,18,21.63,88.0,990.1,58.6
2026-07-27,6,37,2026-07-28 00:00:00,1 days 00:00:00,24,21.75,87.75,989.3,59.8
2026-07-27,6,37,2026-07-28 06:00:00,1 days 06:00:00,30,22.0,86.88,989.4,59.6
2026-07-27,6,37,2026-07-28 12:00:00,1 days 12:00:00,36,22.25,86.0,989.6,59.4
2026-07-27,6,37,2026-07-28 18:00:00,1 days 18:00:00,42,22.25,85.25,990.3,58.3
2026-07-27,6,37,2026-07-29 00:00:00,2 days 00:00:00,48,22.25,84.5,991.0,57.3
2026-07-27,6,37,2026-07-29 06:00:00,2 days 06:00:00,54,22.25,83.62,991.2,57.0
2026-07-27,6,37,2026-07-29 12:00:00,2 days 12:00:00,60,22.25,82.75,991.4,56.7
2026-07-27,6,37,2026-07-29 18:00:00,2 days 18:00:00,66,22.01,81.37,992.0,55.9
2026-07-27,6,37,2026-07-30 00:00:00,3 days 00:00:00,72,21.75,80.0,992.5,55.1
2026-07-27,6,37,2026-07-30 06:00:00,3 days 06:00:00,78,21.65,78.37,992.4,55.3
2026-07-27,6,37,2026-07-30 12:00:00,3 days 12:00:00,84,21.53,76.74,992.2,55.5
2026-07-27,6,37,2026-07-30 18:00:00,3 days 18:00:00,90,21.4,75.12,992.1,55.8
2026-07-27,6,37,2026-07-31 00:00:00,4 days 00:00:00,96,21.25,73.5,991.9,56.0
2026-07-27,6,37,2026-07-31 06:00:00,4 days 06:00:00,102,21.88,72.51,992.2,55.5
2026-07-27,6,37,2026-07-31 12:00:00,4 days 12:00:00,108,22.51,71.52,992.6,55.1
2026-07-27,6,37,2026-07-31 18:00:00,4 days 18:00:00,114,23.13,70.51,992.9,54.6
2026-07-27,6,37,2026-08-01 00:00:00,5 days 00:00:00,120,23.75,69.5,993.2,54.2
2026-07-27,6,37,2026-08-01 06:00:00,5 days 06:00:00,126,23.63,69.88,993.0,54.4
2026-07-27,6,37,2026-08-01 12:00:00,5 days 12:00:00,132,23.5,70.25,992.9,54.5
2026-07-27,6,37,2026-08-01 18:00:00,5 days 18:00:00,138,25.73,68.25,992.2,55.5
2026-07-27,6,37,2026-08-02 00:00:00,6 days 00:00:00,144,27.94,66.17,991.5,56.6
2026-07-27,6,37,2026-08-02 06:00:00,6 days 06:00:00,150,30.12,64.0,990.8,57.6
2026-07-27,6,37,2026-08-02 12:00:00,6 days 12:00:00,156,32.25,61.75,990.1,58.6
2026-07-27,6,37,2026-08-02 18:00:00,6 days 18:00:00,162,31.75,62.25,990.8,57.6
2026-07-27,6,37,2026-08-03 00:00:00,7 days 00:00:00,168,31.25,62.75,991.5,56.6
2026-07-27,6,37,2026-08-03 06:00:00,7 days 06:00:00,174,31.25,62.5,990.6,57.8
2026-07-27,6,37,2026-08-03 12:00:00,7 days 12:00:00,180,31.25,62.25,989.7,59.1
2026-07-27,6,37,2026-08-03 18:00:00,7 days 18:00:00,186,31.63,62.37,991.7,56.3
2026-07-27,6,37,2026-08-04 00:00:00,8 days 00:00:00,192,32.0,62.5,993.6,53.5
2026-07-27,6,37,2026-08-04 06:00:00,8 days 06:00:00,198,32.38,62.62,993.0,54.4
2026-07-27,6,37,2026-08-04 12:00:00,8 days 12:00:00,204,32.75,62.75,992.4,55.3
2026-07-27,6,37,2026-08-04 18:00:00,8 days 18:00:00,210,32.38,62.75,994.1,52.8
2026-07-27,6,37,2026-08-05 00:00:00,9 days 00:00:00,216,32.0,62.75,995.7,50.3
2026-07-27,6,37,2026-08-05 06:00:00,9 days 06:00:00,222,30.83,63.98,995.1,51.3
2026-07-27,6,37,2026-08-05 12:00:00,9 days 12:00:00,228,29.65,65.18,994.4,52.3
2026-07-27,6,37,2026-08-05 18:00:00,9 days 18:00:00,234,28.45,66.35,993.7,53.3
2026-07-27,6,37,2026-08-06 00:00:00,10 days 00:00:00,240,27.25,67.5,993.1,54.3
2026-07-27,6,37,2026-08-06 06:00:00,10 days 06:00:00,246,27.88,67.62,991.5,56.5
2026-07-27,6,37,2026-08-06 12:00:00,10 days 12:00:00,252,28.5,67.75,990.0,58.7
2026-07-27,6,37,2026-08-06 18:00:00,10 days 18:00:00,258,27.28,70.66,991.6,56.4
2026-07-27,6,37,2026-08-07 00:00:00,11 days 00:00:00,264,26.0,73.5,993.2,54.2
2026-07-27,6,37,2026-08-07 06:00:00,11 days 06:00:00,270,26.5,73.75,992.2,55.6
2026-07-27,6,37,2026-08-07 12:00:00,11 days 12:00:00,276,27.0,74.0,991.2,57.0
2026-07-27,6,37,2026-08-07 18:00:00,11 days 18:00:00,282,27.0,73.62,991.7,56.3
2026-07-27,6,37,2026-08-08 00:00:00,12 days 00:00:00,288,27.0,73.25,992.1,55.7
2026-07-27,6,37,2026-08-08 06:00:00,12 days 06:00:00,294,27.13,72.63,991.9,56.0
2026-07-27,6,37,2026-08-08 12:00:00,12 days 12:00:00,300,27.25,72.0,991.7,56.3
2026-07-27,6,37,2026-08-08 18:00:00,12 days 18:00:00,306,26.88,71.62,992.2,55.6
2026-07-27,6,37,2026-08-09 00:00:00,13 days 00:00:00,312,26.5,71.25,992.7,54.9
2026-07-27,6,37,2026-08-09 06:00:00,13 days 06:00:00,318,26.38,71.12,993.0,54.4
2026-07-27,6,37,2026-08-09 12:00:00,13 days 12:00:00,324,26.25,71.0,993.3,53.9
2026-07-27,6,37,2026-08-09 18:00:00,13 days 18:00:00,330,26.13,70.87,993.2,54.1
2026-07-27,6,37,2026-08-10 00:00:00,14 days 00:00:00,336,26.0,70.75,993.1,54.3
2026-07-27,6,37,2026-08-10 06:00:00,14 days 06:00:00,342,26.25,70.5,993.1,54.3
2026-07-27,6,37,2026-08-10 12:00:00,14 days 12:00:00,348,26.5,70.25,993.1,54.3
2026-07-27,6,37,2026-08-10 18:00:00,14 days 18:00:00,354,26.13,70.0,993.8,53.2
2026-07-27,6,37,2026-08-11 00:00:00,15 days 00:00:00,360,25.75,69.75,994.6,52.1
2026-07-27,7,37,2026-07-27 00:00:00,0 days 00:00:00,0,12.75,178.25,1002.3,39.9
2026-07-27,7,37,2026-07-27 06:00:00,0 days 06:00:00,6,12.88,176.75,1002.2,40.1
2026-07-27,7,37,2026-07-27 12:00:00,0 days 12:00:00,12,13.0,175.25,1002.0,40.3
2026-07-27,7,37,2026-07-27 18:00:00,0 days 18:00:00,18,13.13,174.13,999.4,44.4
2026-07-27,7,37,2026-07-28 00:00:00,1 days 00:00:00,24,13.25,173.0,996.9,48.6
2026-07-27,7,37,2026-07-28 06:00:00,1 days 06:00:00,30,13.5,172.0,995.2,51.2
2026-07-27,7,37,2026-07-28 12:00:00,1 days 12:00:00,36,13.75,171.0,993.5,53.7
2026-07-27,7,37,2026-07-28 18:00:00,1 days 18:00:00,42,14.0,170.13,991.0,57.2
2026-07-27,7,37,2026-07-29 00:00:00,2 days 00:00:00,48,14.25,169.25,988.6,60.7
2026-07-27,7,37,2026-07-29 06:00:00,2 days 06:00:00,54,14.75,168.63,987.0,63.0
2026-07-27,7,37,2026-07-29 12:00:00,2 days 12:00:00,60,15.25,168.0,985.3,65.2
2026-07-27,7,37,2026-07-29 18:00:00,2 days 18:00:00,66,16.13,167.38,983.4,67.8
2026-07-27,7,37,2026-07-30 00:00:00,3 days 00:00:00,72,17.0,166.75,981.4,70.3
2026-07-27,7,37,2026-07-30 06:00:00,3 days 06:00:00,78,17.88,165.75,978.9,73.6
2026-07-27,7,37,2026-07-30 12:00:00,3 days 12:00:00,84,18.75,164.75,976.3,76.9
2026-07-27,7,37,2026-07-30 18:00:00,3 days 18:00:00,90,19.25,163.63,971.2,83.1
2026-07-27,7,37,2026-07-31 00:00:00,4 days 00:00:00,96,19.75,162.5,966.0,89.3
2026-07-27,7,37,2026-07-31 06:00:00,4 days 06:00:00,102,20.5,161.5,964.5,91.1
2026-07-27,7,37,2026-07-31 12:00:00,4 days 12:00:00,108,21.25,160.5,962.9,92.9
2026-07-27,7,37,2026-07-31 18:00:00,4 days 18:00:00,114,22.25,159.38,962.1,93.8
2026-07-27,7,37,2026-08-01 00:00:00,5 days 00:00:00,120,23.25,158.25,961.4,94.7
2026-07-27,7,37,2026-08-01 06:00:00,5 days 06:00:00,126,24.76,157.02,960.3,95.8
2026-07-27,7,37,2026-08-01 12:00:00,5 days 12:00:00,132,26.25,155.75,959.3,97.0
2026-07-27,7,37,2026-08-01 18:00:00,5 days 18:00:00,138,27.75,154.76,961.6,94.4
2026-07-27,7,37,2026-08-02 00:00:00,6 days 00:00:00,144,29.25,153.75,963.8,91.9
2026-07-27,7,37,2026-08-02 06:00:00,6 days 06:00:00,150,30.5,153.63,964.3,91.3
2026-07-27,7,37,2026-08-02 12:00:00,6 days 12:00:00,156,31.75,153.5,964.8,90.8
2026-07-27,7,37,2026-08-02 18:00:00,6 days 18:00:00,162,33.0,153.62,967.7,87.3
2026-07-27,7,37,2026-08-03 00:00:00,7 days 00:00:00,168,34.25,153.75,970.6,83.8
2026-07-27,7,37,2026-08-03 06:00:00,7 days 06:00:00,174,35.76,154.85,974.7,78.8
2026-07-27,7,37,2026-08-03 12:00:00,7 days 12:00:00,180,37.25,156.0,978.8,73.8
2026-07-27,7,37,2026-08-03 18:00:00,7 days 18:00:00,186,38.88,156.98,979.0,73.6
2026-07-27,7,37,2026-08-04 00:00:00,8 days 00:00:00,192,40.5,158.0,979.2,73.3
2026-07-27,7,37,2026-08-04 06:00:00,8 days 06:00:00,198,42.63,159.33,978.3,74.4
2026-07-27,7,37,2026-08-04 12:00:00,8 days 12:00:00,204,44.75,160.75,977.4,75.5
2026-07-27,7,37,2026-08-04 18:00:00,8 days 18:00:00,210,46.0,161.73,976.1,77.2
2026-07-27,7,37,2026-08-05 00:00:00,9 days 00:00:00,216,47.25,162.75,974.8,78.8
2026-07-27,7,37,2026-08-05 06:00:00,9 days 06:00:00,222,48.26,163.85,976.7,76.4
2026-07-27,7,37,2026-08-05 12:00:00,9 days 12:00:00,228,49.25,165.0,978.6,74.0
2026-07-27,7,37,2026-08-05 18:00:00,9 days 18:00:00,234,50.38,166.34,981.5,70.2
2026-07-27,7,37,2026-08-06 00:00:00,10 days 00:00:00,240,51.5,167.75,984.4,66.5
2026-07-27,7,37,2026-08-06 06:00:00,10 days 06:00:00,246,52.26,168.98,986.2,64.0
2026-07-27,7,37,2026-08-06 12:00:00,10 days 12:00:00,252,53.0,170.25,988.0,61.6
2026-07-27,7,37,2026-08-06 18:00:00,10 days 18:00:00,258,53.01,172.12,990.3,58.3
2026-07-27,7,37,2026-08-07 00:00:00,11 days 00:00:00,264,53.0,174.0,992.6,55.0
2026-07-27,7,37,2026-08-07 06:00:00,11 days 06:00:00,270,53.65,176.22,993.6,53.6
2026-07-27,7,37,2026-08-07 12:00:00,11 days 12:00:00,276,54.25,178.5,994.5,52.2
2026-07-27,7,37,2026-08-07 18:00:00,11 days 18:00:00,282,54.13,-180.0,995.3,51.0
2026-07-27,7,37,2026-08-08 00:00:00,12 days 00:00:00,288,54.0,-178.5,996.1,49.7
2026-07-27,7,37,2026-08-08 06:00:00,12 days 06:00:00,294,54.0,-177.5,997.0,48.4
2026-07-27,7,37,2026-08-08 12:00:00,12 days 12:00:00,300,54.0,-176.5,997.8,47.1
2026-07-27,8,37,2026-08-03 00:00:00,7 days 00:00:00,168,15.5,140.0,1003.3,38.1
2026-07-27,8,37,2026-08-03 06:00:00,7 days 06:00:00,174,15.5,139.88,1003.0,38.6
2026-07-27,8,37,2026-08-03 12:00:00,7 days 12:00:00,180,15.5,139.75,1002.7,39.1
2026-07-27,8,37,2026-08-03 18:00:00,7 days 18:00:00,186,16.38,139.25,1002.0,40.3
2026-07-27,8,37,2026-08-04 00:00:00,8 days 00:00:00,192,17.25,138.75,1001.3,41.5
2026-07-27,8,37,2026-08-04 06:00:00,8 days 06:00:00,198,17.25,137.75,1000.7,42.5
2026-07-27,8,37,2026-08-04 12:00:00,8 days 12:00:00,204,17.25,136.75,1000.1,43.5
2026-07-27,8,37,2026-08-04 18:00:00,8 days 18:00:00,210,17.38,136.13,999.9,43.8
2026-07-27,8,37,2026-08-05 00:00:00,9 days 00:00:00,216,17.5,135.5,999.6,44.2
2026-07-27,8,37,2026-08-05 06:00:00,9 days 06:00:00,222,17.0,135.12,999.7,44.2
2026-07-27,8,37,2026-08-05 12:00:00,9 days 12:00:00,228,16.5,134.75,999.7,44.2
2026-07-27,8,37,2026-08-05 18:00:00,9 days 18:00:00,234,16.5,134.19,999.7,44.1
2026-07-27,8,37,2026-08-06 00:00:00,10 days 00:00:00,240,16.5,133.62,999.8,44.0
2026-07-27,8,37,2026-08-06 06:00:00,10 days 06:00:00,246,16.5,133.06,999.8,43.9
2026-07-27,8,37,2026-08-06 12:00:00,10 days 12:00:00,252,16.5,132.5,999.9,43.8
2026-07-27,8,37,2026-08-06 18:00:00,10 days 18:00:00,258,16.13,131.62,999.8,44.0
2026-07-27,8,37,2026-08-07 00:00:00,11 days 00:00:00,264,15.75,130.75,999.6,44.3
2026-07-27,8,37,2026-08-07 06:00:00,11 days 06:00:00,270,15.75,130.75,999.8,44.0
2026-07-27,8,37,2026-08-07 12:00:00,11 days 12:00:00,276,15.75,130.75,999.9,43.8
2026-07-27,8,37,2026-08-07 18:00:00,11 days 18:00:00,282,15.75,130.75,998.8,45.6
2026-07-27,8,37,2026-08-08 00:00:00,12 days 00:00:00,288,15.75,130.75,997.7,47.4
2026-07-27,8,37,2026-08-08 06:00:00,12 days 06:00:00,294,15.75,131.38,996.8,48.6
2026-07-27,8,37,2026-08-08 12:00:00,12 days 12:00:00,300,15.75,132.0,996.0,49.9
2026-07-27,8,37,2026-08-08 18:00:00,12 days 18:00:00,306,15.88,132.75,994.3,52.4
2026-07-27,8,37,2026-08-09 00:00:00,13 days 00:00:00,312,16.0,133.5,992.7,54.9
2026-07-27,8,37,2026-08-09 06:00:00,13 days 06:00:00,318,16.38,135.0,993.0,54.4
2026-07-27,8,37,2026-08-09 12:00:00,13 days 12:00:00,324,16.75,136.5,993.3,54.0
2026-07-27,8,37,2026-08-09 18:00:00,13 days 18:00:00,330,22.38,137.46,982.2,68.7
2026-07-27,8,37,2026-08-10 00:00:00,14 days 00:00:00,336,28.0,138.5,971.1,83.3
2026-07-27,8,37,2026-08-10 06:00:00,14 days 06:00:00,342,29.25,137.39,971.4,82.9
2026-07-27,8,37,2026-08-10 12:00:00,14 days 12:00:00,348,30.5,136.25,971.7,82.6
2026-07-27,8,37,2026-08-10 18:00:00,14 days 18:00:00,354,32.13,135.39,972.7,81.4
2026-07-27,8,37,2026-08-11 00:00:00,15 days 00:00:00,360,33.75,134.5,973.7,80.2
2026-07-27,9,37,2026-08-03 12:00:00,7 days 12:00:00,180,13.0,153.75,1002.3,39.9
2026-07-27,9,37,2026-08-03 18:00:00,7 days 18:00:00,186,13.38,152.38,1000.9,42.1
2026-07-27,9,37,2026-08-04 00:00:00,8 days 00:00:00,192,13.75,151.0,999.5,44.4
2026-07-27,9,37,2026-08-04 06:00:00,8 days 06:00:00,198,14.13,152.0,998.3,46.3
2026-07-27,9,37,2026-08-04 12:00:00,8 days 12:00:00,204,14.5,153.0,997.1,48.2
2026-07-27,9,37,2026-08-04 18:00:00,8 days 18:00:00,210,15.0,152.5,995.6,50.5
2026-07-27,9,37,2026-08-05 00:00:00,9 days 00:00:00,216,15.5,152.0,994.0,52.9
2026-07-27,9,37,2026-08-05 06:00:00,9 days 06:00:00,222,15.88,151.13,992.3,55.4
2026-07-27,9,37,2026-08-05 12:00:00,9 days 12:00:00,228,16.25,150.25,990.6,57.9
2026-07-27,9,37,2026-08-05 18:00:00,9 days 18:00:00,234,16.63,149.63,989.5,59.5
2026-07-27,9,37,2026-08-06 00:00:00,10 days 00:00:00,240,17.0,149.0,988.3,61.1
2026-07-27,9,37,2026-08-06 06:00:00,10 days 06:00:00,246,17.63,148.38,988.3,61.1
2026-07-27,9,37,2026-08-06 12:00:00,10 days 12:00:00,252,18.25,147.75,988.3,61.1
2026-07-27,9,37,2026-08-06 18:00:00,10 days 18:00:00,258,19.13,147.25,985.4,65.0
2026-07-27,9,37,2026-08-07 00:00:00,11 days 00:00:00,264,20.0,146.75,982.6,68.9
2026-07-27,9,37,2026-08-07 06:00:00,11 days 06:00:00,270,20.63,146.25,978.9,73.5
2026-07-27,9,37,2026-08-07 12:00:00,11 days 12:00:00,276,21.25,145.75,975.3,78.2
2026-07-27,9,37,2026-08-07 18:00:00,11 days 18:00:00,282,21.75,145.13,972.0,82.2
2026-07-27,9,37,2026-08-08 00:00:00,12 days 00:00:00,288,22.25,144.5,968.7,86.2
2026-07-27,9,37,2026-08-08 06:00:00,12 days 06:00:00,294,22.75,143.88,968.2,86.7
2026-07-27,9,37,2026-08-08 12:00:00,12 days 12:00:00,300,23.25,143.25,967.8,87.3
2026-07-27,9,37,2026-08-08 18:00:00,12 days 18:00:00,306,24.13,142.88,967.7,87.4
2026-07-27,9,37,2026-08-09 00:00:00,13 days 00:00:00,312,25.0,142.5,967.6,87.5
2026-07-27,9,37,2026-08-09 06:00:00,13 days 06:00:00,318,25.63,141.26,969.2,85.6
2026-07-27,9,37,2026-08-09 12:00:00,13 days 12:00:00,324,26.25,140.0,970.8,83.7
2026-07-27,9,37,2026-08-09 18:00:00,13 days 18:00:00,330,27.13,139.26,970.9,83.5
2026-07-27,9,37,2026-08-10 00:00:00,14 days 00:00:00,336,28.0,138.5,971.1,83.3
2026-07-27,1,38,2026-07-27 00:00:00,0 days 00:00:00,0,20.0,-143.0,995.2,51.2
2026-07-27,1,38,2026-07-27 06:00:00,0 days 06:00:00,6,20.26,-144.37,996.6,49.0
2026-07-27,1,38,2026-07-27 12:00:00,0 days 12:00:00,12,20.5,-145.75,998.0,46.8
2026-07-27,1,38,2026-07-27 18:00:00,0 days 18:00:00,18,20.76,-147.37,1001.2,41.5
2026-07-27,1,38,2026-07-28 00:00:00,1 days 00:00:00,24,21.0,-149.0,1004.4,36.2
2026-07-27,10,38,2026-08-03 12:00:00,7 days 12:00:00,180,15.25,143.0,1003.3,38.2
2026-07-27,10,38,2026-08-03 18:00:00,7 days 18:00:00,186,15.75,143.37,1002.6,39.4
2026-07-27,10,38,2026-08-04 00:00:00,8 days 00:00:00,192,16.25,143.75,1001.8,40.6
2026-07-27,10,38,2026-08-04 06:00:00,8 days 06:00:00,198,16.25,143.63,1001.2,41.6
2026-07-27,10,38,2026-08-04 12:00:00,8 days 12:00:00,204,16.25,143.5,1000.6,42.6
2026-07-27,10,38,2026-08-04 18:00:00,8 days 18:00:00,210,16.5,143.87,999.5,44.4
2026-07-27,10,38,2026-08-05 00:00:00,9 days 00:00:00,216,16.75,144.25,998.4,46.2
2026-07-27,10,38,2026-08-05 06:00:00,9 days 06:00:00,222,16.63,144.38,997.9,47.0
2026-07-27,10,38,2026-08-05 12:00:00,9 days 12:00:00,228,16.5,144.5,997.4,47.7
2026-07-27,10,38,2026-08-05 18:00:00,9 days 18:00:00,234,16.38,144.63,996.9,48.5
2026-07-27,10,38,2026-08-06 00:00:00,10 days 00:00:00,240,16.25,144.75,996.5,49.2
2026-07-27,10,38,2026-08-06 06:00:00,10 days 06:00:00,246,16.38,144.38,996.1,49.8
2026-07-27,10,38,2026-08-06 12:00:00,10 days 12:00:00,252,16.5,144.0,995.7,50.4
2026-07-27,10,38,2026-08-06 18:00:00,10 days 18:00:00,258,16.63,143.38,995.3,51.1
2026-07-27,10,38,2026-08-07 00:00:00,11 days 00:00:00,264,16.75,142.75,994.8,51.7
2026-07-27,10,38,2026-08-07 06:00:00,11 days 06:00:00,270,17.25,142.87,994.4,52.3
2026-07-27,10,38,2026-08-07 12:00:00,11 days 12:00:00,276,17.75,143.0,994.1,52.8
2026-07-27,10,38,2026-08-07 18:00:00,11 days 18:00:00,282,18.13,143.25,991.1,57.0
2026-07-27,10,38,2026-08-08 00:00:00,12 days 00:00:00,288,18.5,143.5,988.2,61.2
2026-07-27,10,38,2026-08-08 06:00:00,12 days 06:00:00,294,18.88,143.87,983.9,67.0
2026-07-27,10,38,2026-08-08 12:00:00,12 days 12:00:00,300,19.25,144.25,979.6,72.8
2026-07-27,10,38,2026-08-08 18:00:00,12 days 18:00:00,306,19.75,144.87,973.6,80.1
2026-07-27,10,38,2026-08-09 00:00:00,13 days 00:00:00,312,20.25,145.5,967.6,87.5
2026-07-27,10,38,2026-08-09 06:00:00,13 days 06:00:00,318,20.75,146.12,969.5,85.2
2026-07-27,10,38,2026-08-09 12:00:00,13 days 12:00:00,324,21.25,146.75,971.4,82.9
2026-07-27,10,38,2026-08-09 18:00:00,13 days 18:00:00,330,21.88,147.12,973.1,80.8
2026-07-27,10,38,2026-08-10 00:00:00,14 days 00:00:00,336,22.5,147.5,974.8,78.8
2026-07-27,10,38,2026-08-10 06:00:00,14 days 06:00:00,342,23.38,147.87,978.0,74.7
2026-07-27,10,38,2026-08-10 12:00:00,14 days 12:00:00,348,24.25,148.25,981.2,70.6
2026-07-27,10,38,2026-08-10 18:00:00,14 days 18:00:00,354,25.38,148.13,981.7,70.1
2026-07-27,10,38,2026-08-11 00:00:00,15 days 00:00:00,360,26.5,148.0,982.1,69.5
2026-07-27,11,38,2026-08-04 12:00:00,8 days 12:00:00,204,26.25,-147.25,1005.6,34.1
2026-07-27,11,38,2026-08-04 18:00:00,8 days 18:00:00,210,27.13,-148.12,1005.9,33.4
2026-07-27,11,38,2026-08-05 00:00:00,9 days 00:00:00,216,28.0,-149.0,1006.3,32.7
2026-07-27,11,38,2026-08-05 06:00:00,9 days 06:00:00,222,28.51,-150.37,1007.5,30.4
2026-07-27,11,38,2026-08-05 12:00:00,9 days 12:00:00,228,29.0,-151.75,1008.7,28.1
2026-07-27,11,38,2026-08-05 18:00:00,9 days 18:00:00,234,29.88,-153.24,1008.5,28.6
2026-07-27,11,38,2026-08-06 00:00:00,10 days 00:00:00,240,30.75,-154.75,1008.2,29.1
2026-07-27,11,38,2026-08-06 06:00:00,10 days 06:00:00,246,30.64,-156.88,1008.9,27.7
2026-07-27,11,38,2026-08-06 12:00:00,10 days 12:00:00,252,30.5,-159.0,1009.6,26.2
2026-07-27,11,38,2026-08-06 18:00:00,10 days 18:00:00,258,30.89,-160.99,1008.8,27.9
2026-07-27,11,38,2026-08-07 00:00:00,11 days 00:00:00,264,31.25,-163.0,1008.0,29.5
2026-07-27,11,38,2026-08-07 06:00:00,11 days 06:00:00,270,31.76,-164.74,1006.9,31.5
2026-07-27,11,38,2026-08-07 12:00:00,11 days 12:00:00,276,32.25,-166.5,1005.9,33.5
2026-07-27,11,38,2026-08-07 18:00:00,11 days 18:00:00,282,33.01,-167.99,1006.2,32.8
2026-07-27,11,38,2026-08-08 00:00:00,12 days 00:00:00,288,33.75,-169.5,1006.6,32.1
2026-07-27,11,38,2026-08-08 06:00:00,12 days 06:00:00,294,34.76,-170.98,1008.9,27.6
2026-07-27,11,38,2026-08-08 12:00:00,12 days 12:00:00,300,35.75,-172.5,1011.2,23.0
2026-07-27,12,38,2026-08-06 00:00:00,10 days 00:00:00,240,16.25,156.0,1001.3,41.5
2026-07-27,12,38,2026-08-06 06:00:00,10 days 06:00:00,246,17.5,155.88,1000.3,43.1
2026-07-27,12,38,2026-08-06 12:00:00,10 days 12:00:00,252,18.75,155.75,999.3,44.7
2026-07-27,12,38,2026-08-06 18:00:00,10 days 18:00:00,258,19.13,156.25,997.3,47.9
2026-07-27,12,38,2026-08-07 00:00:00,11 days 00:00:00,264,19.5,156.75,995.3,51.0
2026-07-27,12,38,2026-08-07 06:00:00,11 days 06:00:00,270,20.38,157.25,993.3,54.0
2026-07-27,12,38,2026-08-07 12:00:00,11 days 12:00:00,276,21.25,157.75,991.3,56.9
2026-07-27,12,38,2026-08-07 18:00:00,11 days 18:00:00,282,22.13,157.87,987.2,62.5
2026-07-27,12,38,2026-08-08 00:00:00,12 days 00:00:00,288,23.0,158.0,983.1,68.2
2026-07-27,12,38,2026-08-08 06:00:00,12 days 06:00:00,294,23.5,158.0,979.0,73.4
2026-07-27,12,38,2026-08-08 12:00:00,12 days 12:00:00,300,24.0,158.0,974.9,78.6
2026-07-27,12,38,2026-08-08 18:00:00,12 days 18:00:00,306,24.88,157.13,972.7,81.3
2026-07-27,12,38,2026-08-09 00:00:00,13 days 00:00:00,312,25.75,156.25,970.5,84.0
2026-07-27,12,38,2026-08-09 06:00:00,13 days 06:00:00,318,26.63,155.13,971.5,82.8
2026-07-27,12,38,2026-08-09 12:00:00,13 days 12:00:00,324,27.5,154.0,972.5,81.6
2026-07-27,12,38,2026-08-09 18:00:00,13 days 18:00:00,330,28.76,152.64,973.2,80.7
2026-07-27,12,38,2026-08-10 00:00:00,14 days 00:00:00,336,30.0,151.25,973.9,79.8
2026-07-27,12,38,2026-08-10 06:00:00,14 days 06:00:00,342,30.76,149.76,977.1,75.8
2026-07-27,12,38,2026-08-10 12:00:00,14 days 12:00:00,348,31.5,148.25,980.3,71.8
2026-07-27,12,38,2026-08-10 18:00:00,14 days 18:00:00,354,32.63,147.02,981.4,70.4
2026-07-27,12,38,2026-08-11 00:00:00,15 days 00:00:00,360,33.75,145.75,982.5,68.9
2026-07-27,5,38,2026-07-27 00:00:00,0 days 00:00:00,0,14.5,-110.75,972.9,81.1
2026-07-27,5,38,2026-07-27 06:00:00,0 days 06:00:00,6,15.13,-111.62,974.1,79.6
2026-07-27,5,38,2026-07-27 12:00:00,0 days 12:00:00,12,15.75,-112.5,975.4,78.1
2026-07-27,5,38,2026-07-27 18:00:00,0 days 18:00:00,18,16.13,-113.37,975.4,78.1
2026-07-27,5,38,2026-07-28 00:00:00,1 days 00:00:00,24,16.5,-114.25,975.4,78.1
2026-07-27,5,38,2026-07-28 06:00:00,1 days 06:00:00,30,17.0,-114.87,977.6,75.3
2026-07-27,5,38,2026-07-28 12:00:00,1 days 12:00:00,36,17.5,-115.5,979.8,72.4
2026-07-27,5,38,2026-07-28 18:00:00,1 days 18:00:00,42,17.75,-116.12,976.6,76.5
2026-07-27,5,38,2026-07-29 00:00:00,2 days 00:00:00,48,18.0,-116.75,973.3,80.6
2026-07-27,5,38,2026-07-29 06:00:00,2 days 06:00:00,54,18.0,-117.25,972.5,81.6
2026-07-27,5,38,2026-07-29 12:00:00,2 days 12:00:00,60,18.0,-117.75,971.6,82.7
2026-07-27,5,38,2026-07-29 18:00:00,2 days 18:00:00,66,18.5,-118.37,972.3,81.9
2026-07-27,5,38,2026-07-30 00:00:00,3 days 00:00:00,72,19.0,-119.0,972.9,81.1
2026-07-27,5,38,2026-07-30 06:00:00,3 days 06:00:00,78,19.25,-120.0,974.5,79.1
2026-07-27,5,38,2026-07-30 12:00:00,3 days 12:00:00,84,19.5,-121.0,976.1,77.2
2026-07-27,5,38,2026-07-30 18:00:00,3 days 18:00:00,90,19.88,-122.12,977.0,76.0
2026-07-27,5,38,2026-07-31 00:00:00,4 days 00:00:00,96,20.25,-123.25,978.0,74.8
2026-07-27,5,38,2026-07-31 06:00:00,4 days 06:00:00,102,20.51,-124.75,982.9,68.3
2026-07-27,5,38,2026-07-31 12:00:00,4 days 12:00:00,108,20.75,-126.25,987.8,61.8
2026-07-27,5,38,2026-07-31 18:00:00,4 days 18:00:00,114,20.88,-127.62,990.7,57.7
2026-07-27,5,38,2026-08-01 00:00:00,5 days 00:00:00,120,21.0,-129.0,993.6,53.6
2026-07-27,5,38,2026-08-01 06:00:00,5 days 06:00:00,126,21.13,-130.5,996.3,49.4
2026-07-27,5,38,2026-08-01 12:00:00,5 days 12:00:00,132,21.25,-132.0,999.0,45.3
2026-07-27,5,38,2026-08-01 18:00:00,5 days 18:00:00,138,21.26,-133.75,1001.0,42.0
2026-07-27,5,38,2026-08-02 00:00:00,6 days 00:00:00,144,21.25,-135.5,1003.0,38.7
2026-07-27,5,38,2026-08-02 06:00:00,6 days 06:00:00,150,21.38,-137.12,1004.8,35.4
2026-07-27,5,38,2026-08-02 12:00:00,6 days 12:00:00,156,21.5,-138.75,1006.6,32.2
2026-07-27,6,38,2026-07-27 00:00:00,0 days 00:00:00,0,21.25,88.5,992.6,54.9
2026-07-27,6,38,2026-07-27 06:00:00,0 days 06:00:00,6,21.63,88.25,991.8,56.1
2026-07-27,6,38,2026-07-27 12:00:00,0 days 12:00:00,12,22.0,88.0,991.0,57.3
2026-07-27,6,38,2026-07-27 18:00:00,0 days 18:00:00,18,21.75,87.37,990.2,58.5
2026-07-27,6,38,2026-07-28 00:00:00,1 days 00:00:00,24,21.5,86.75,989.4,59.6
2026-07-27,6,38,2026-07-28 06:00:00,1 days 06:00:00,30,21.88,86.5,989.6,59.3
2026-07-27,6,38,2026-07-28 12:00:00,1 days 12:00:00,36,22.25,86.25,989.8,59.1
2026-07-27,6,38,2026-07-28 18:00:00,1 days 18:00:00,42,22.38,85.38,991.0,57.2
2026-07-27,6,38,2026-07-29 00:00:00,2 days 00:00:00,48,22.5,84.5,992.3,55.4
2026-07-27,6,38,2026-07-29 06:00:00,2 days 06:00:00,54,22.38,83.37,992.0,55.8
2026-07-27,6,38,2026-07-29 12:00:00,2 days 12:00:00,60,22.25,82.25,991.7,56.3
2026-07-27,6,38,2026-07-29 18:00:00,2 days 18:00:00,66,22.76,80.76,991.2,57.1
2026-07-27,6,38,2026-07-30 00:00:00,3 days 00:00:00,72,23.25,79.25,990.6,57.9
2026-07-27,6,38,2026-07-30 06:00:00,3 days 06:00:00,78,23.13,78.75,990.6,57.9
2026-07-27,6,38,2026-07-30 12:00:00,3 days 12:00:00,84,23.0,78.25,990.6,57.8
2026-07-27,6,38,2026-07-30 18:00:00,3 days 18:00:00,90,22.41,74.86,988.7,60.5
2026-07-27,6,38,2026-07-31 00:00:00,4 days 00:00:00,96,21.75,71.5,986.9,63.1
2026-07-27,6,38,2026-07-31 06:00:00,4 days 06:00:00,102,21.63,71.63,987.9,61.6
2026-07-27,6,38,2026-07-31 12:00:00,4 days 12:00:00,108,21.5,71.75,989.0,60.1
2026-07-27,6,38,2026-07-31 18:00:00,4 days 18:00:00,114,22.51,70.26,989.8,59.0
2026-07-27,6,38,2026-08-01 00:00:00,5 days 00:00:00,120,23.5,68.75,990.6,57.8
2026-07-27,6,38,2026-08-01 06:00:00,5 days 06:00:00,126,23.69,68.75,992.0,55.9
2026-07-27,6,38,2026-08-01 12:00:00,5 days 12:00:00,132,23.88,68.75,993.3,53.9
2026-07-27,6,38,2026-08-01 18:00:00,5 days 18:00:00,138,24.06,68.75,994.7,51.9
2026-07-27,6,38,2026-08-02 00:00:00,6 days 00:00:00,144,24.25,68.75,996.0,49.9
2026-07-27,7,38,2026-07-27 00:00:00,0 days 00:00:00,0,12.75,178.25,1002.3,39.9
2026-07-27,7,38,2026-07-27 06:00:00,0 days 06:00:00,6,12.88,176.88,1001.6,41.0
2026-07-27,7,38,2026-07-27 12:00:00,0 days 12:00:00,12,13.0,175.5,1000.9,42.2
2026-07-27,7,38,2026-07-27 18:00:00,0 days 18:00:00,18,13.13,174.38,999.6,44.2
2026-07-27,7,38,2026-07-28 00:00:00,1 days 00:00:00,24,13.25,173.25,998.4,46.2
2026-07-27,7,38,2026-07-28 06:00:00,1 days 06:00:00,30,13.5,172.38,997.0,48.4
2026-07-27,7,38,2026-07-28 12:00:00,1 days 12:00:00,36,13.75,171.5,995.6,50.6
2026-07-27,7,38,2026-07-28 18:00:00,1 days 18:00:00,42,14.13,170.75,993.2,54.0
2026-07-27,7,38,2026-07-29 00:00:00,2 days 00:00:00,48,14.5,170.0,990.9,57.5
2026-07-27,7,38,2026-07-29 06:00:00,2 days 06:00:00,54,14.75,169.25,989.8,59.1
2026-07-27,7,38,2026-07-29 12:00:00,2 days 12:00:00,60,15.0,168.5,988.6,60.7
2026-07-27,7,38,2026-07-29 18:00:00,2 days 18:00:00,66,15.75,168.0,985.2,65.3
2026-07-27,7,38,2026-07-30 00:00:00,3 days 00:00:00,72,16.5,167.5,981.7,70.0
2026-07-27,7,38,2026-07-30 06:00:00,3 days 06:00:00,78,17.0,166.63,979.4,73.0
2026-07-27,7,38,2026-07-30 12:00:00,3 days 12:00:00,84,17.5,165.75,977.0,76.0
2026-07-27,7,38,2026-07-30 18:00:00,3 days 18:00:00,90,18.25,165.0,973.7,80.1
2026-07-27,7,38,2026-07-31 00:00:00,4 days 00:00:00,96,19.0,164.25,970.4,84.1
2026-07-27,7,38,2026-07-31 06:00:00,4 days 06:00:00,102,19.5,163.25,968.4,86.5
2026-07-27,7,38,2026-07-31 12:00:00,4 days 12:00:00,108,20.0,162.25,966.4,88.9
2026-07-27,7,38,2026-07-31 18:00:00,4 days 18:00:00,114,20.88,161.38,963.1,92.6
2026-07-27,7,38,2026-08-01 00:00:00,5 days 00:00:00,120,21.75,160.5,959.9,96.4
2026-07-27,7,38,2026-08-01 06:00:00,5 days 06:00:00,126,22.38,159.63,961.0,95.1
2026-07-27,7,38,2026-08-01 12:00:00,5 days 12:00:00,132,23.0,158.75,962.1,93.9
2026-07-27,7,38,2026-08-01 18:00:00,5 days 18:00:00,138,23.88,157.76,959.1,97.2
2026-07-27,7,38,2026-08-02 00:00:00,6 days 00:00:00,144,24.75,156.75,956.2,100.5
2026-07-27,7,38,2026-08-02 06:00:00,6 days 06:00:00,150,25.5,155.63,958.3,98.1
2026-07-27,7,38,2026-08-02 12:00:00,6 days 12:00:00,156,26.25,154.5,960.4,95.7
2026-07-27,7,38,2026-08-02 18:00:00,6 days 18:00:00,162,27.13,153.63,965.0,90.4
2026-07-27,7,38,2026-08-03 00:00:00,7 days 00:00:00,168,28.0,152.75,969.6,85.1
2026-07-27,7,38,2026-08-03 06:00:00,7 days 06:00:00,174,28.5,152.25,972.1,82.0
2026-07-27,7,38,2026-08-03 12:00:00,7 days 12:00:00,180,29.0,151.75,974.6,79.0
2026-07-27,7,38,2026-08-03 18:00:00,7 days 18:00:00,186,29.38,150.88,976.4,76.8
2026-07-27,7,38,2026-08-04 00:00:00,8 days 00:00:00,192,29.75,150.0,978.2,74.5
2026-07-27,7,38,2026-08-04 06:00:00,8 days 06:00:00,198,29.75,149.0,977.9,74.9
2026-07-27,7,38,2026-08-04 12:00:00,8 days 12:00:00,204,29.75,148.0,977.6,75.2
2026-07-27,7,38,2026-08-04 18:00:00,8 days 18:00:00,210,29.88,147.0,979.2,73.3
2026-07-27,7,38,2026-08-05 00:00:00,9 days 00:00:00,216,30.0,146.0,980.7,71.3
2026-07-27,7,38,2026-08-05 06:00:00,9 days 06:00:00,222,30.13,144.63,981.6,70.1
2026-07-27,7,38,2026-08-05 12:00:00,9 days 12:00:00,228,30.25,143.25,982.5,69.0
2026-07-27,7,38,2026-08-05 18:00:00,9 days 18:00:00,234,30.51,142.0,982.4,69.1
2026-07-27,7,38,2026-08-06 00:00:00,10 days 00:00:00,240,30.75,140.75,982.4,69.1
2026-07-27,7,38,2026-08-06 06:00:00,10 days 06:00:00,246,31.5,139.76,983.5,67.6
2026-07-27,7,38,2026-08-06 12:00:00,10 days 12:00:00,252,32.25,138.75,984.7,66.0
2026-07-27,7,38,2026-08-06 18:00:00,10 days 18:00:00,258,32.75,138.0,985.3,65.2
2026-07-27,7,38,2026-08-07 00:00:00,11 days 00:00:00,264,33.25,137.25,986.0,64.3
2026-07-27,7,38,2026-08-07 06:00:00,11 days 06:00:00,270,35.25,136.88,988.9,60.2
2026-07-27,7,38,2026-08-07 12:00:00,11 days 12:00:00,276,37.25,136.5,991.9,56.0
2026-07-27,7,38,2026-08-07 18:00:00,11 days 18:00:00,282,38.88,137.84,992.5,55.1
2026-07-27,7,38,2026-08-08 00:00:00,12 days 00:00:00,288,40.5,139.25,993.1,54.3
2026-07-27,7,38,2026-08-08 06:00:00,12 days 06:00:00,294,41.52,141.47,993.8,53.2
2026-07-27,7,38,2026-08-08 12:00:00,12 days 12:00:00,300,42.5,143.75,994.6,52.1
2026-07-27,7,38,2026-08-08 18:00:00,12 days 18:00:00,306,43.13,145.11,995.3,51.0
2026-07-27,7,38,2026-08-09 00:00:00,13 days 00:00:00,312,43.75,146.5,996.0,50.0
2026-07-27,8,38,2026-07-29 00:00:00,2 days 00:00:00,48,31.75,63.0,993.3,54.0
2026-07-27,8,38,2026-07-29 06:00:00,2 days 06:00:00,54,31.88,62.63,992.4,55.3
2026-07-27,8,38,2026-07-29 12:00:00,2 days 12:00:00,60,32.0,62.25,991.5,56.7
2026-07-27,8,38,2026-07-29 18:00:00,2 days 18:00:00,66,31.88,62.75,992.4,55.3
2026-07-27,8,38,2026-07-30 00:00:00,3 days 00:00:00,72,31.75,63.25,993.3,53.9
2026-07-27,8,38,2026-07-30 06:00:00,3 days 06:00:00,78,31.88,62.63,992.0,55.9
2026-07-27,8,38,2026-07-30 12:00:00,3 days 12:00:00,84,32.0,62.0,990.6,57.9
2026-07-27,8,38,2026-07-30 18:00:00,3 days 18:00:00,90,32.0,62.25,991.4,56.8
2026-07-27,8,38,2026-07-31 00:00:00,4 days 00:00:00,96,32.0,62.5,992.2,55.6
2026-07-27,8,38,2026-07-31 06:00:00,4 days 06:00:00,102,31.5,62.37,990.4,58.2
2026-07-27,8,38,2026-07-31 12:00:00,4 days 12:00:00,108,31.0,62.25,988.6,60.7
2026-07-27,8,38,2026-07-31 18:00:00,4 days 18:00:00,114,27.29,65.61,989.6,59.3
2026-07-27,8,38,2026-08-01 00:00:00,5 days 00:00:00,120,23.5,68.75,990.6,57.8
2026-07-27,9,38,2026-08-02 12:00:00,6 days 12:00:00,156,-42.5,-73.75,988.2,61.3
2026-07-27,9,38,2026-08-02 18:00:00,6 days 18:00:00,162,-43.28,-71.22,991.7,55.9
2026-07-27,9,38,2026-08-03 00:00:00,7 days 00:00:00,168,-44.0,-68.62,995.2,50.6
2026-07-27,9,38,2026-08-03 06:00:00,7 days 06:00:00,174,-44.65,-65.96,998.7,45.2
2026-07-27,9,38,2026-08-03 12:00:00,7 days 12:00:00,180,-45.25,-63.25,1002.3,39.9
2026-07-27,9,38,2026-08-03 18:00:00,7 days 18:00:00,186,-45.07,-56.58,990.4,57.0
2026-07-27,9,38,2026-08-04 00:00:00,8 days 00:00:00,192,-44.5,-50.0,978.5,74.2
2026-07-27,9,38,2026-08-04 06:00:00,8 days 06:00:00,198,-45.01,-48.27,975.7,77.7
2026-07-27,9,38,2026-08-04 12:00:00,8 days 12:00:00,204,-45.5,-46.5,972.8,81.2
2026-07-27,9,38,2026-08-04 18:00:00,8 days 18:00:00,210,-44.9,-43.97,976.0,77.2
2026-07-27,9,38,2026-08-05 00:00:00,9 days 00:00:00,216,-44.25,-41.5,979.2,73.2
2026-07-27,9,38,2026-08-05 06:00:00,9 days 06:00:00,222,-43.54,-38.34,982.2,69.3
2026-07-27,9,38,2026-08-05 12:00:00,9 days 12:00:00,228,-42.75,-35.25,985.1,65.5
2026-07-27,1,39,2026-07-27 00:00:00,0 days 00:00:00,0,20.0,-143.0,995.2,51.2
2026-07-27,1,39,2026-07-27 06:00:00,0 days 06:00:00,6,20.26,-144.5,996.1,49.7
2026-07-27,1,39,2026-07-27 12:00:00,0 days 12:00:00,12,20.5,-146.0,997.1,48.3
2026-07-27,1,39,2026-07-27 18:00:00,0 days 18:00:00,18,20.88,-147.25,1000.0,43.5
2026-07-27,1,39,2026-07-28 00:00:00,1 days 00:00:00,24,21.25,-148.5,1003.0,38.7
2026-07-27,10,39,2026-08-07 00:00:00,11 days 00:00:00,264,18.0,162.25,1002.8,38.9
2026-07-27,10,39,2026-08-07 06:00:00,11 days 06:00:00,270,18.38,161.88,1002.4,39.6
2026-07-27,10,39,2026-08-07 12:00:00,11 days 12:00:00,276,18.75,161.5,1002.0,40.4
2026-07-27,10,39,2026-08-07 18:00:00,11 days 18:00:00,282,19.13,160.88,1001.9,40.5
2026-07-27,10,39,2026-08-08 00:00:00,12 days 00:00:00,288,19.5,160.25,1001.8,40.6
2026-07-27,10,39,2026-08-08 06:00:00,12 days 06:00:00,294,19.75,160.25,1001.8,40.7
2026-07-27,10,39,2026-08-08 12:00:00,12 days 12:00:00,300,20.0,160.25,1001.7,40.8
2026-07-27,10,39,2026-08-08 18:00:00,12 days 18:00:00,306,20.25,159.75,1000.7,42.4
2026-07-27,10,39,2026-08-09 00:00:00,13 days 00:00:00,312,20.5,159.25,999.7,44.0
2026-07-27,10,39,2026-08-09 06:00:00,13 days 06:00:00,318,20.62,159.25,999.7,44.2
2026-07-27,10,39,2026-08-09 12:00:00,13 days 12:00:00,324,20.75,159.25,999.6,44.3
2026-07-27,10,39,2026-08-09 18:00:00,13 days 18:00:00,330,21.13,158.63,998.5,46.1
2026-07-27,10,39,2026-08-10 00:00:00,14 days 00:00:00,336,21.5,158.0,997.3,47.9
2026-07-27,10,39,2026-08-10 06:00:00,14 days 06:00:00,342,21.63,156.88,997.1,48.2
2026-07-27,10,39,2026-08-10 12:00:00,14 days 12:00:00,348,21.75,155.75,997.0,48.4
2026-07-27,10,39,2026-08-10 18:00:00,14 days 18:00:00,354,21.75,154.88,995.1,51.3
2026-07-27,10,39,2026-08-11 00:00:00,15 days 00:00:00,360,21.75,154.0,993.2,54.1
2026-07-27,11,39,2026-08-07 12:00:00,11 days 12:00:00,276,15.0,-176.5,1007.3,30.9
2026-07-27,11,39,2026-08-07 18:00:00,11 days 18:00:00,282,14.5,-177.5,1007.1,31.3
2026-07-27,11,39,2026-08-08 00:00:00,12 days 00:00:00,288,14.0,-178.5,1006.8,31.8
2026-07-27,11,39,2026-08-08 06:00:00,12 days 06:00:00,294,13.63,-178.37,1005.7,33.8
2026-07-27,11,39,2026-08-08 12:00:00,12 days 12:00:00,300,13.25,-178.25,1004.6,35.7
2026-07-27,11,39,2026-08-08 18:00:00,12 days 18:00:00,306,14.13,-179.12,1003.2,38.2
2026-07-27,11,39,2026-08-09 00:00:00,13 days 00:00:00,312,15.0,180.0,1001.8,40.7
2026-07-27,11,39,2026-08-09 06:00:00,13 days 06:00:00,318,15.38,179.0,1000.4,43.0
2026-07-27,11,39,2026-08-09 12:00:00,13 days 12:00:00,324,15.75,178.0,999.0,45.2
2026-07-27,11,39,2026-08-09 18:00:00,13 days 18:00:00,330,16.63,177.25,998.6,45.9
2026-07-27,11,39,2026-08-10 00:00:00,14 days 00:00:00,336,17.5,176.5,998.2,46.6
2026-07-27,11,39,2026-08-10 06:00:00,14 days 06:00:00,342,18.5,175.75,998.0,46.9
2026-07-27,11,39,2026-08-10 12:00:00,14 days 12:00:00,348,19.5,175.0,997.8,47.2
2026-07-27,11,39,2026-08-10 18:00:00,14 days 18:00:00,354,19.63,174.5,995.3,51.0
2026-07-27,11,39,2026-08-11 00:00:00,15 days 00:00:00,360,19.75,174.0,992.7,54.8
2026-07-27,5,39,2026-07-27 00:00:00,0 days 00:00:00,0,14.5,-110.75,972.9,81.1
2026-07-27,5,39,2026-07-27 06:00:00,0 days 06:00:00,6,15.25,-111.62,974.7,78.8
2026-07-27,5,39,2026-07-27 12:00:00,0 days 12:00:00,12,16.0,-112.5,976.6,76.5
2026-07-27,5,39,2026-07-27 18:00:00,0 days 18:00:00,18,16.25,-113.25,978.3,74.3
2026-07-27,5,39,2026-07-28 00:00:00,1 days 00:00:00,24,16.5,-114.0,980.1,72.1
2026-07-27,5,39,2026-07-28 06:00:00,1 days 06:00:00,30,17.0,-114.62,981.6,70.1
2026-07-27,5,39,2026-07-28 12:00:00,1 days 12:00:00,36,17.5,-115.25,983.2,68.0
2026-07-27,5,39,2026-07-28 18:00:00,1 days 18:00:00,42,17.75,-115.75,983.6,67.5
2026-07-27,5,39,2026-07-29 00:00:00,2 days 00:00:00,48,18.0,-116.25,984.1,66.9
2026-07-27,5,39,2026-07-29 06:00:00,2 days 06:00:00,54,18.13,-116.75,986.4,63.7
2026-07-27,5,39,2026-07-29 12:00:00,2 days 12:00:00,60,18.25,-117.25,988.7,60.5
2026-07-27,5,39,2026-07-29 18:00:00,2 days 18:00:00,66,18.5,-118.25,990.8,57.5
2026-07-27,5,39,2026-07-30 00:00:00,3 days 00:00:00,72,18.75,-119.25,993.0,54.5
2026-07-27,5,39,2026-07-30 06:00:00,3 days 06:00:00,78,19.13,-120.25,994.0,52.9
2026-07-27,5,39,2026-07-30 12:00:00,3 days 12:00:00,84,19.5,-121.25,995.0,51.4
2026-07-27,5,39,2026-07-30 18:00:00,3 days 18:00:00,90,19.88,-122.37,995.7,50.3
2026-07-27,5,39,2026-07-31 00:00:00,4 days 00:00:00,96,20.25,-123.5,996.5,49.2
2026-07-27,5,39,2026-07-31 06:00:00,4 days 06:00:00,102,20.63,-124.5,998.9,45.3
2026-07-27,5,39,2026-07-31 12:00:00,4 days 12:00:00,108,21.0,-125.5,1001.4,41.4
2026-07-27,5,39,2026-07-31 18:00:00,4 days 18:00:00,114,21.25,-126.62,1003.5,37.6
2026-07-27,5,39,2026-08-01 00:00:00,5 days 00:00:00,120,21.5,-127.75,1005.7,33.9
2026-07-27,6,39,2026-07-27 00:00:00,0 days 00:00:00,0,21.25,88.5,992.6,54.9
2026-07-27,6,39,2026-07-27 06:00:00,0 days 06:00:00,6,21.25,88.25,992.2,55.5
2026-07-27,6,39,2026-07-27 12:00:00,0 days 12:00:00,12,21.25,88.0,991.9,56.1
2026-07-27,6,39,2026-07-27 18:00:00,0 days 18:00:00,18,21.5,87.75,992.1,55.7
2026-07-27,6,39,2026-07-28 00:00:00,1 days 00:00:00,24,21.75,87.5,992.4,55.2
2026-07-27,6,39,2026-07-28 06:00:00,1 days 06:00:00,30,22.13,87.0,991.8,56.2
2026-07-27,6,39,2026-07-28 12:00:00,1 days 12:00:00,36,22.5,86.5,991.1,57.2
2026-07-27,6,39,2026-07-28 18:00:00,1 days 18:00:00,42,22.5,85.88,991.7,56.3
2026-07-27,6,39,2026-07-29 00:00:00,2 days 00:00:00,48,22.5,85.25,992.3,55.4
2026-07-27,6,39,2026-07-29 06:00:00,2 days 06:00:00,54,22.26,83.37,992.1,55.7
2026-07-27,6,39,2026-07-29 12:00:00,2 days 12:00:00,60,22.0,81.5,991.8,56.1
2026-07-27,6,39,2026-07-29 18:00:00,2 days 18:00:00,66,22.13,80.75,991.7,56.3
2026-07-27,6,39,2026-07-30 00:00:00,3 days 00:00:00,72,22.25,80.0,991.6,56.5
2026-07-27,6,39,2026-07-30 06:00:00,3 days 06:00:00,78,22.63,79.5,991.1,57.2
2026-07-27,6,39,2026-07-30 12:00:00,3 days 12:00:00,84,23.0,79.0,990.6,57.8
2026-07-27,6,39,2026-07-30 18:00:00,3 days 18:00:00,90,22.51,77.37,990.8,57.6
2026-07-27,6,39,2026-07-31 00:00:00,4 days 00:00:00,96,22.0,75.75,991.0,57.3
2026-07-27,6,39,2026-07-31 06:00:00,4 days 06:00:00,102,21.38,74.37,988.3,61.1
2026-07-27,6,39,2026-07-31 12:00:00,4 days 12:00:00,108,20.75,73.0,985.6,64.8
2026-07-27,6,39,2026-07-31 18:00:00,4 days 18:00:00,114,21.38,73.0,987.5,62.3
2026-07-27,6,39,2026-08-01 00:00:00,5 days 00:00:00,120,22.0,73.0,989.3,59.7
2026-07-27,6,39,2026-08-01 06:00:00,5 days 06:00:00,126,22.38,72.5,990.1,58.5
2026-07-27,6,39,2026-08-01 12:00:00,5 days 12:00:00,132,22.75,72.0,991.0,57.3
2026-07-27,6,39,2026-08-01 18:00:00,5 days 18:00:00,138,23.01,70.13,991.9,56.1
2026-07-27,6,39,2026-08-02 00:00:00,6 days 00:00:00,144,23.25,68.25,992.7,54.9
2026-07-27,7,39,2026-07-27 00:00:00,0 days 00:00:00,0,12.75,178.25,1002.3,39.9
2026-07-27,7,39,2026-07-27 06:00:00,0 days 06:00:00,6,12.88,176.88,1002.2,40.1
2026-07-27,7,39,2026-07-27 12:00:00,0 days 12:00:00,12,13.0,175.5,1002.0,40.2
2026-07-27,7,39,2026-07-27 18:00:00,0 days 18:00:00,18,13.25,174.25,1000.5,42.8
2026-07-27,7,39,2026-07-28 00:00:00,1 days 00:00:00,24,13.5,173.0,998.9,45.3
2026-07-27,7,39,2026-07-28 06:00:00,1 days 06:00:00,30,13.63,172.13,998.3,46.3
2026-07-27,7,39,2026-07-28 12:00:00,1 days 12:00:00,36,13.75,171.25,997.7,47.2
2026-07-27,7,39,2026-07-28 18:00:00,1 days 18:00:00,42,14.13,170.63,995.9,50.0
2026-07-27,7,39,2026-07-29 00:00:00,2 days 00:00:00,48,14.5,170.0,994.1,52.7
2026-07-27,7,39,2026-07-29 06:00:00,2 days 06:00:00,54,15.0,169.25,992.1,55.7
2026-07-27,7,39,2026-07-29 12:00:00,2 days 12:00:00,60,15.5,168.5,990.1,58.6
2026-07-27,7,39,2026-07-29 18:00:00,2 days 18:00:00,66,15.88,168.0,989.0,60.1
2026-07-27,7,39,2026-07-30 00:00:00,3 days 00:00:00,72,16.25,167.5,988.0,61.6
2026-07-27,7,39,2026-07-30 06:00:00,3 days 06:00:00,78,16.88,166.88,985.4,65.0
2026-07-27,7,39,2026-07-30 12:00:00,3 days 12:00:00,84,17.5,166.25,982.9,68.4
2026-07-27,7,39,2026-07-30 18:00:00,3 days 18:00:00,90,17.88,165.63,978.4,74.2
2026-07-27,7,39,2026-07-31 00:00:00,4 days 00:00:00,96,18.25,165.0,973.8,80.0
2026-07-27,7,39,2026-07-31 06:00:00,4 days 06:00:00,102,18.88,164.5,974.8,78.8
2026-07-27,7,39,2026-07-31 12:00:00,4 days 12:00:00,108,19.5,164.0,975.7,77.7
2026-07-27,7,39,2026-07-31 18:00:00,4 days 18:00:00,114,20.13,163.13,970.7,83.7
2026-07-27,7,39,2026-08-01 00:00:00,5 days 00:00:00,120,20.75,162.25,965.7,89.7
2026-07-27,7,39,2026-08-01 06:00:00,5 days 06:00:00,126,21.13,161.25,965.4,90.0
2026-07-27,7,39,2026-08-01 12:00:00,5 days 12:00:00,132,21.5,160.25,965.1,90.4
2026-07-27,7,39,2026-08-01 18:00:00,5 days 18:00:00,138,21.88,159.13,962.4,93.5
2026-07-27,7,39,2026-08-02 00:00:00,6 days 00:00:00,144,22.25,158.0,959.6,96.6
2026-07-27,7,39,2026-08-02 06:00:00,6 days 06:00:00,150,22.75,157.25,957.1,99.4
2026-07-27,7,39,2026-08-02 12:00:00,6 days 12:00:00,156,23.25,156.5,954.6,102.2
2026-07-27,7,39,2026-08-02 18:00:00,6 days 18:00:00,162,23.75,155.63,951.0,106.1
2026-07-27,7,39,2026-08-03 00:00:00,7 days 00:00:00,168,24.25,154.75,947.4,109.9
2026-07-27,7,39,2026-08-03 06:00:00,7 days 06:00:00,174,24.63,154.0,951.1,106.0
2026-07-27,7,39,2026-08-03 12:00:00,7 days 12:00:00,180,25.0,153.25,954.8,102.0
2026-07-27,7,39,2026-08-03 18:00:00,7 days 18:00:00,186,25.38,152.38,953.1,103.9
2026-07-27,7,39,2026-08-04 00:00:00,8 days 00:00:00,192,25.75,151.5,951.4,105.7
2026-07-27,7,39,2026-08-04 06:00:00,8 days 06:00:00,198,26.13,150.63,952.1,105.0
2026-07-27,7,39,2026-08-04 12:00:00,8 days 12:00:00,204,26.5,149.75,952.8,104.2
2026-07-27,7,39,2026-08-04 18:00:00,8 days 18:00:00,210,27.26,148.38,951.9,105.1
2026-07-27,7,39,2026-08-05 00:00:00,9 days 00:00:00,216,28.0,147.0,951.1,106.0
2026-07-27,7,39,2026-08-05 06:00:00,9 days 06:00:00,222,28.63,145.63,952.9,104.1
2026-07-27,7,39,2026-08-05 12:00:00,9 days 12:00:00,228,29.25,144.25,954.7,102.1
2026-07-27,7,39,2026-08-05 18:00:00,9 days 18:00:00,234,30.01,143.01,956.2,100.4
2026-07-27,7,39,2026-08-06 00:00:00,10 days 00:00:00,240,30.75,141.75,957.7,98.8
2026-07-27,7,39,2026-08-06 06:00:00,10 days 06:00:00,246,31.25,140.76,962.2,93.7
2026-07-27,7,39,2026-08-06 12:00:00,10 days 12:00:00,252,31.75,139.75,966.7,88.6
2026-07-27,7,39,2026-08-06 18:00:00,10 days 18:00:00,258,32.38,139.25,968.3,86.6
2026-07-27,7,39,2026-08-07 00:00:00,11 days 00:00:00,264,33.0,138.75,970.0,84.6
2026-07-27,7,39,2026-08-07 06:00:00,11 days 06:00:00,270,34.38,139.12,975.3,78.0
2026-07-27,7,39,2026-08-07 12:00:00,11 days 12:00:00,276,35.75,139.5,980.6,71.5
2026-07-27,7,39,2026-08-07 18:00:00,11 days 18:00:00,282,37.25,139.5,983.3,67.9
2026-07-27,7,39,2026-08-08 00:00:00,12 days 00:00:00,288,38.75,139.5,986.0,64.3
2026-07-27,7,39,2026-08-08 06:00:00,12 days 06:00:00,294,39.25,139.75,987.8,61.8
2026-07-27,7,39,2026-08-08 12:00:00,12 days 12:00:00,300,39.75,140.0,989.6,59.3
2026-07-27,7,39,2026-08-08 18:00:00,12 days 18:00:00,306,40.64,141.73,990.6,57.8
2026-07-27,7,39,2026-08-09 00:00:00,13 days 00:00:00,312,41.5,143.5,991.7,56.3
2026-07-27,7,39,2026-08-09 06:00:00,13 days 06:00:00,318,42.26,144.98,993.0,54.4
2026-07-27,7,39,2026-08-09 12:00:00,13 days 12:00:00,324,43.0,146.5,994.3,52.5
2026-07-27,7,39,2026-08-09 18:00:00,13 days 18:00:00,330,43.39,148.61,994.8,51.8
2026-07-27,7,39,2026-08-10 00:00:00,14 days 00:00:00,336,43.75,150.75,995.3,51.1
2026-07-27,8,39,2026-07-30 00:00:00,3 days 00:00:00,72,-41.25,-128.0,971.3,83.0
2026-07-27,8,39,2026-07-30 06:00:00,3 days 06:00:00,78,-41.89,-126.02,970.3,84.2
2026-07-27,8,39,2026-07-30 12:00:00,3 days 12:00:00,84,-42.5,-124.0,969.3,85.4
2026-07-27,8,39,2026-07-30 18:00:00,3 days 18:00:00,90,-43.17,-120.91,970.3,84.3
2026-07-27,8,39,2026-07-31 00:00:00,4 days 00:00:00,96,-43.75,-117.75,971.2,83.1
2026-07-27,8,39,2026-07-31 06:00:00,4 days 06:00:00,102,-45.38,-117.14,970.7,83.8
2026-07-27,8,39,2026-07-31 12:00:00,4 days 12:00:00,108,-47.0,-116.5,970.2,84.4
2026-07-27,8,39,2026-07-31 18:00:00,4 days 18:00:00,114,-48.63,-116.98,972.8,81.2
2026-07-27,8,39,2026-08-01 00:00:00,5 days 00:00:00,120,-50.25,-117.5,975.4,78.0
2026-07-27,8,39,2026-08-01 06:00:00,5 days 06:00:00,126,-49.76,-116.53,977.8,74.9
2026-07-27,8,39,2026-08-01 12:00:00,5 days 12:00:00,132,-49.27,-115.59,980.2,71.8
2026-07-27,8,39,2026-08-01 18:00:00,5 days 18:00:00,138,-48.76,-114.66,982.7,68.6
2026-07-27,8,39,2026-08-02 00:00:00,6 days 00:00:00,144,-48.25,-113.75,985.1,65.5
2026-07-27,8,39,2026-08-02 06:00:00,6 days 06:00:00,150,-47.9,-110.35,986.2,64.0
2026-07-27,8,39,2026-08-02 12:00:00,6 days 12:00:00,156,-47.44,-107.0,987.2,62.6
2026-07-27,8,39,2026-08-02 18:00:00,6 days 18:00:00,162,-46.89,-103.71,988.3,61.1
2026-07-27,8,39,2026-08-03 00:00:00,7 days 00:00:00,168,-46.25,-100.5,989.4,59.6
2026-07-27,8,39,2026-08-03 06:00:00,7 days 06:00:00,174,-50.47,-96.16,991.5,56.5
2026-07-27,8,39,2026-08-03 12:00:00,7 days 12:00:00,180,-54.5,-91.0,993.7,53.4
2026-07-27,8,39,2026-08-03 18:00:00,7 days 18:00:00,186,-56.0,-91.48,994.6,52.1
2026-07-27,8,39,2026-08-04 00:00:00,8 days 00:00:00,192,-57.5,-92.0,995.4,50.8
2026-07-27,8,39,2026-08-04 06:00:00,8 days 06:00:00,198,-59.38,-92.35,994.6,52.1
2026-07-27,8,39,2026-08-04 12:00:00,8 days 12:00:00,204,-61.25,-92.75,993.7,53.3
2026-07-27,9,39,2026-08-06 12:00:00,10 days 12:00:00,252,9.0,-130.75,1004.7,35.7
2026-07-27,9,39,2026-08-06 18:00:00,10 days 18:00:00,258,9.44,-131.62,1004.6,35.8
2026-07-27,9,39,2026-08-07 00:00:00,11 days 00:00:00,264,9.88,-132.5,1004.5,36.0
2026-07-27,9,39,2026-08-07 06:00:00,11 days 06:00:00,270,10.32,-133.37,1004.4,36.1
2026-07-27,9,39,2026-08-07 12:00:00,11 days 12:00:00,276,10.75,-134.25,1004.3,36.3
2026-07-27,9,39,2026-08-07 18:00:00,11 days 18:00:00,282,10.88,-135.0,1004.0,36.8
2026-07-27,9,39,2026-08-08 00:00:00,12 days 00:00:00,288,11.0,-135.75,1003.7,37.4
2026-07-27,9,39,2026-08-08 06:00:00,12 days 06:00:00,294,11.25,-136.62,1002.0,40.3
2026-07-27,9,39,2026-08-08 12:00:00,12 days 12:00:00,300,11.5,-137.5,1000.3,43.1
2026-07-27,9,39,2026-08-08 18:00:00,12 days 18:00:00,306,11.88,-138.12,1000.4,43.0
2026-07-27,9,39,2026-08-09 00:00:00,13 days 00:00:00,312,12.25,-138.75,1000.5,42.9
2026-07-27,9,39,2026-08-09 06:00:00,13 days 06:00:00,318,13.13,-139.12,1000.1,43.4
2026-07-27,9,39,2026-08-09 12:00:00,13 days 12:00:00,324,14.0,-139.5,999.8,44.0
2026-07-27,9,39,2026-08-09 18:00:00,13 days 18:00:00,330,14.5,-140.25,1000.1,43.4
2026-07-27,9,39,2026-08-10 00:00:00,14 days 00:00:00,336,15.0,-141.0,1000.4,42.9
2026-07-27,9,39,2026-08-10 06:00:00,14 days 06:00:00,342,15.75,-141.87,998.9,45.3
2026-07-27,9,39,2026-08-10 12:00:00,14 days 12:00:00,348,16.5,-142.75,997.4,47.7
2026-07-27,9,39,2026-08-10 18:00:00,14 days 18:00:00,354,17.0,-143.62,996.1,49.7
2026-07-27,9,39,2026-08-11 00:00:00,15 days 00:00:00,360,17.5,-144.5,994.8,51.7
2026-07-27,1,4,2026-07-27 00:00:00,0 days 00:00:00,0,20.0,-143.0,995.2,51.2
2026-07-27,1,4,2026-07-27 06:00:00,0 days 06:00:00,6,20.38,-144.25,994.9,51.6
2026-07-27,1,4,2026-07-27 12:00:00,0 days 12:00:00,12,20.75,-145.5,994.6,52.0
2026-07-27,1,4,2026-07-27 18:00:00,0 days 18:00:00,18,21.13,-146.87,996.8,48.6
2026-07-27,1,4,2026-07-28 00:00:00,1 days 00:00:00,24,21.5,-148.25,999.0,45.3
2026-07-27,1,4,2026-07-28 06:00:00,1 days 06:00:00,30,21.88,-149.37,1001.7,40.7
2026-07-27,1,4,2026-07-28 12:00:00,1 days 12:00:00,36,22.25,-150.5,1004.4,36.2
2026-07-27,1,4,2026-07-28 18:00:00,1 days 18:00:00,42,22.25,-151.62,1005.9,33.4
2026-07-27,1,4,2026-07-29 00:00:00,2 days 00:00:00,48,22.25,-152.75,1007.4,30.7
2026-07-27,10,4,2026-08-06 12:00:00,10 days 12:00:00,252,28.25,165.75,991.5,56.6
2026-07-27,10,4,2026-08-06 18:00:00,10 days 18:00:00,258,29.26,164.51,991.7,56.3
2026-07-27,10,4,2026-08-07 00:00:00,11 days 00:00:00,264,30.25,163.25,991.9,56.0
2026-07-27,10,4,2026-08-07 06:00:00,11 days 06:00:00,270,30.75,162.13,992.9,54.6
2026-07-27,10,4,2026-08-07 12:00:00,11 days 12:00:00,276,31.25,161.0,993.9,53.1
2026-07-27,10,4,2026-08-07 18:00:00,11 days 18:00:00,282,32.01,159.64,994.1,52.8
2026-07-27,10,4,2026-08-08 00:00:00,12 days 00:00:00,288,32.75,158.25,994.4,52.4
2026-07-27,10,4,2026-08-08 06:00:00,12 days 06:00:00,294,33.13,157.38,994.7,51.9
2026-07-27,10,4,2026-08-08 12:00:00,12 days 12:00:00,300,33.5,156.5,995.0,51.5
2026-07-27,10,4,2026-08-08 18:00:00,12 days 18:00:00,306,33.88,155.38,995.9,50.1
2026-07-27,10,4,2026-08-09 00:00:00,13 days 00:00:00,312,34.25,154.25,996.8,48.7
2026-07-27,10,4,2026-08-09 06:00:00,13 days 06:00:00,318,34.63,153.75,997.9,47.0
2026-07-27,10,4,2026-08-09 12:00:00,13 days 12:00:00,324,35.0,153.25,999.0,45.2
2026-07-27,10,4,2026-08-09 18:00:00,13 days 18:00:00,330,35.38,152.88,1000.0,43.6
2026-07-27,10,4,2026-08-10 00:00:00,14 days 00:00:00,336,35.75,152.5,1001.0,42.0
2026-07-27,11,4,2026-08-08 12:00:00,12 days 12:00:00,300,12.25,-116.5,1006.5,32.3
2026-07-27,11,4,2026-08-08 18:00:00,12 days 18:00:00,306,12.88,-117.0,1006.3,32.8
2026-07-27,11,4,2026-08-09 00:00:00,13 days 00:00:00,312,13.5,-117.5,1006.0,33.2
2026-07-27,11,4,2026-08-09 06:00:00,13 days 06:00:00,318,14.13,-118.25,1004.7,35.6
2026-07-27,11,4,2026-08-09 12:00:00,13 days 12:00:00,324,14.75,-119.0,1003.4,37.9
2026-07-27,11,4,2026-08-09 18:00:00,13 days 18:00:00,330,15.13,-119.87,1002.9,38.8
2026-07-27,11,4,2026-08-10 00:00:00,14 days 00:00:00,336,15.5,-120.75,1002.4,39.7
2026-07-27,11,4,2026-08-10 06:00:00,14 days 06:00:00,342,16.13,-121.12,1000.3,43.1
2026-07-27,11,4,2026-08-10 12:00:00,14 days 12:00:00,348,16.75,-121.5,998.2,46.5
2026-07-27,11,4,2026-08-10 18:00:00,14 days 18:00:00,354,17.13,-122.5,997.6,47.4
2026-07-27,11,4,2026-08-11 00:00:00,15 days 00:00:00,360,17.5,-123.5,997.1,48.3
2026-07-27,5,4,2026-07-27 00:00:00,0 days 00:00:00,0,14.5,-110.75,972.9,81.1
2026-07-27,5,4,2026-07-27 06:00:00,0 days 06:00:00,6,15.25,-111.62,975.1,78.4
2026-07-27,5,4,2026-07-27 12:00:00,0 days 12:00:00,12,16.0,-112.5,977.3,75.7
2026-07-27,5,4,2026-07-27 18:00:00,0 days 18:00:00,18,16.5,-113.5,978.6,73.9
2026-07-27,5,4,2026-07-28 00:00:00,1 days 00:00:00,24,17.0,-114.5,980.0,72.2
2026-07-27,5,4,2026-07-28 06:00:00,1 days 06:00:00,30,17.25,-115.0,980.4,71.7
2026-07-27,5,4,2026-07-28 12:00:00,1 days 12:00:00,36,17.5,-115.5,980.8,71.2
2026-07-27,5,4,2026-07-28 18:00:00,1 days 18:00:00,42,17.63,-116.0,982.4,69.0
2026-07-27,5,4,2026-07-29 00:00:00,2 days 00:00:00,48,17.75,-116.5,984.1,66.8
2026-07-27,5,4,2026-07-29 06:00:00,2 days 06:00:00,54,17.75,-117.25,983.3,67.9
2026-07-27,5,4,2026-07-29 12:00:00,2 days 12:00:00,60,17.75,-118.0,982.5,69.0
2026-07-27,5,4,2026-07-29 18:00:00,2 days 18:00:00,66,18.13,-118.75,984.2,66.7
2026-07-27,5,4,2026-07-30 00:00:00,3 days 00:00:00,72,18.5,-119.5,985.9,64.5
2026-07-27,5,4,2026-07-30 06:00:00,3 days 06:00:00,78,18.63,-120.62,985.7,64.7
2026-07-27,5,4,2026-07-30 12:00:00,3 days 12:00:00,84,18.75,-121.75,985.5,65.0
2026-07-27,5,4,2026-07-30 18:00:00,3 days 18:00:00,90,19.13,-122.5,985.6,64.8
2026-07-27,5,4,2026-07-31 00:00:00,4 days 00:00:00,96,19.5,-123.25,985.7,64.7
2026-07-27,5,4,2026-07-31 06:00:00,4 days 06:00:00,102,19.63,-124.5,985.5,65.0
2026-07-27,5,4,2026-07-31 12:00:00,4 days 12:00:00,108,19.75,-125.75,985.3,65.2
2026-07-27,5,4,2026-07-31 18:00:00,4 days 18:00:00,114,20.13,-127.25,986.0,64.3
2026-07-27,5,4,2026-08-01 00:00:00,5 days 00:00:00,120,20.5,-128.75,986.6,63.5
2026-07-27,5,4,2026-08-01 06:00:00,5 days 06:00:00,126,20.88,-130.12,987.8,61.8
2026-07-27,5,4,2026-08-01 12:00:00,5 days 12:00:00,132,21.25,-131.5,989.0,60.2
2026-07-27,5,4,2026-08-01 18:00:00,5 days 18:00:00,138,21.76,-132.87,992.9,54.4
2026-07-27,5,4,2026-08-02 00:00:00,6 days 00:00:00,144,22.25,-134.25,996.9,48.5
2026-07-27,5,4,2026-08-02 06:00:00,6 days 06:00:00,150,22.63,-135.75,998.4,46.2
2026-07-27,5,4,2026-08-02 12:00:00,6 days 12:00:00,156,23.0,-137.25,999.9,43.8
2026-07-27,5,4,2026-08-02 18:00:00,6 days 18:00:00,162,23.76,-138.49,1001.0,42.0
2026-07-27,5,4,2026-08-03 00:00:00,7 days 00:00:00,168,24.5,-139.75,1002.1,40.2
2026-07-27,5,4,2026-08-03 06:00:00,7 days 06:00:00,174,25.38,-140.99,1000.7,42.4
2026-07-27,5,4,2026-08-03 12:00:00,7 days 12:00:00,180,26.25,-142.25,999.4,44.6
2026-07-27,5,4,2026-08-03 18:00:00,7 days 18:00:00,186,27.0,-142.87,1001.2,41.7
2026-07-27,5,4,2026-08-04 00:00:00,8 days 00:00:00,192,27.75,-143.5,1002.9,38.8
2026-07-27,5,4,2026-08-04 06:00:00,8 days 06:00:00,198,28.63,-143.75,1002.5,39.5
2026-07-27,5,4,2026-08-04 12:00:00,8 days 12:00:00,204,29.5,-144.0,1002.1,40.1
2026-07-27,5,4,2026-08-04 18:00:00,8 days 18:00:00,210,31.25,-143.51,1002.7,39.1
2026-07-27,5,4,2026-08-05 00:00:00,9 days 00:00:00,216,33.0,-143.0,1003.4,38.0
2026-07-27,6,4,2026-07-27 00:00:00,0 days 00:00:00,0,21.25,88.5,992.6,54.9
2026-07-27,6,4,2026-07-27 06:00:00,0 days 06:00:00,6,21.5,88.5,991.8,56.1
2026-07-27,6,4,2026-07-27 12:00:00,0 days 12:00:00,12,21.75,88.5,991.0,57.3
2026-07-27,6,4,2026-07-27 18:00:00,0 days 18:00:00,18,21.75,88.12,990.9,57.5
2026-07-27,6,4,2026-07-28 00:00:00,1 days 00:00:00,24,21.75,87.75,990.7,57.8
2026-07-27,6,4,2026-07-28 06:00:00,1 days 06:00:00,30,21.5,86.87,990.7,57.8
2026-07-27,6,4,2026-07-28 12:00:00,1 days 12:00:00,36,21.25,86.0,990.7,57.7
2026-07-27,6,4,2026-07-28 18:00:00,1 days 18:00:00,42,21.5,85.5,990.4,58.2
2026-07-27,6,4,2026-07-29 00:00:00,2 days 00:00:00,48,21.75,85.0,990.0,58.7
2026-07-27,6,4,2026-07-29 06:00:00,2 days 06:00:00,54,21.75,84.0,989.8,59.0
2026-07-27,6,4,2026-07-29 12:00:00,2 days 12:00:00,60,21.75,83.0,989.7,59.2
2026-07-27,6,4,2026-07-29 18:00:00,2 days 18:00:00,66,21.63,82.5,990.1,58.6
2026-07-27,6,4,2026-07-30 00:00:00,3 days 00:00:00,72,21.5,82.0,990.5,58.0
2026-07-27,6,4,2026-07-30 06:00:00,3 days 06:00:00,78,21.75,81.0,990.7,57.8
2026-07-27,6,4,2026-07-30 12:00:00,3 days 12:00:00,84,22.0,80.0,990.8,57.6
2026-07-27,6,4,2026-07-30 18:00:00,3 days 18:00:00,90,21.63,79.0,990.7,57.8
2026-07-27,6,4,2026-07-31 00:00:00,4 days 00:00:00,96,21.25,78.0,990.6,57.9
2026-07-27,6,4,2026-07-31 06:00:00,4 days 06:00:00,102,21.88,77.25,990.5,58.1
2026-07-27,6,4,2026-07-31 12:00:00,4 days 12:00:00,108,22.5,76.5,990.3,58.3
2026-07-27,6,4,2026-07-31 18:00:00,4 days 18:00:00,114,23.0,75.38,990.9,57.5
2026-07-27,6,4,2026-08-01 00:00:00,5 days 00:00:00,120,23.5,74.25,991.4,56.8
2026-07-27,6,4,2026-08-01 06:00:00,5 days 06:00:00,126,24.38,73.01,991.6,56.4
2026-07-27,6,4,2026-08-01 12:00:00,5 days 12:00:00,132,25.25,71.75,991.8,56.1
2026-07-27,6,4,2026-08-01 18:00:00,5 days 18:00:00,138,24.88,71.37,992.6,55.0
2026-07-27,6,4,2026-08-02 00:00:00,6 days 00:00:00,144,24.5,71.0,993.3,53.9
2026-07-27,7,4,2026-07-27 00:00:00,0 days 00:00:00,0,12.75,178.25,1002.3,39.9
2026-07-27,7,4,2026-07-27 06:00:00,0 days 06:00:00,6,12.75,176.75,1002.7,39.1
2026-07-27,7,4,2026-07-27 12:00:00,0 days 12:00:00,12,12.75,175.25,1003.2,38.3
2026-07-27,7,4,2026-07-27 18:00:00,0 days 18:00:00,18,12.75,173.88,1001.0,41.9
2026-07-27,7,4,2026-07-28 00:00:00,1 days 00:00:00,24,12.75,172.5,998.8,45.5
2026-07-27,7,4,2026-07-28 06:00:00,1 days 06:00:00,30,13.13,171.5,997.4,47.8
2026-07-27,7,4,2026-07-28 12:00:00,1 days 12:00:00,36,13.5,170.5,995.9,50.1
2026-07-27,7,4,2026-07-28 18:00:00,1 days 18:00:00,42,13.88,169.63,993.8,53.2
2026-07-27,7,4,2026-07-29 00:00:00,2 days 00:00:00,48,14.25,168.75,991.7,56.3
2026-07-27,7,4,2026-07-29 06:00:00,2 days 06:00:00,54,14.75,168.38,989.7,59.1
2026-07-27,7,4,2026-07-29 12:00:00,2 days 12:00:00,60,15.25,168.0,987.7,62.0
2026-07-27,7,4,2026-07-29 18:00:00,2 days 18:00:00,66,16.0,167.5,986.2,64.1
2026-07-27,7,4,2026-07-30 00:00:00,3 days 00:00:00,72,16.75,167.0,984.6,66.2
2026-07-27,7,4,2026-07-30 06:00:00,3 days 06:00:00,78,17.25,166.25,981.4,70.4
2026-07-27,7,4,2026-07-30 12:00:00,3 days 12:00:00,84,17.75,165.5,978.1,74.6
2026-07-27,7,4,2026-07-30 18:00:00,3 days 18:00:00,90,18.5,164.88,974.6,79.0
2026-07-27,7,4,2026-07-31 00:00:00,4 days 00:00:00,96,19.25,164.25,971.0,83.4
2026-07-27,7,4,2026-07-31 06:00:00,4 days 06:00:00,102,20.0,163.63,968.3,86.6
2026-07-27,7,4,2026-07-31 12:00:00,4 days 12:00:00,108,20.75,163.0,965.6,89.8
2026-07-27,7,4,2026-07-31 18:00:00,4 days 18:00:00,114,21.63,162.25,962.9,92.9
2026-07-27,7,4,2026-08-01 00:00:00,5 days 00:00:00,120,22.5,161.5,960.2,96.0
2026-07-27,7,4,2026-08-01 06:00:00,5 days 06:00:00,126,23.38,160.51,959.7,96.6
2026-07-27,7,4,2026-08-01 12:00:00,5 days 12:00:00,132,24.25,159.5,959.2,97.1
2026-07-27,7,4,2026-08-01 18:00:00,5 days 18:00:00,138,24.88,158.63,960.3,95.9
2026-07-27,7,4,2026-08-02 00:00:00,6 days 00:00:00,144,25.5,157.75,961.4,94.7
2026-07-27,7,4,2026-08-02 06:00:00,6 days 06:00:00,150,26.01,156.51,961.5,94.5
2026-07-27,7,4,2026-08-02 12:00:00,6 days 12:00:00,156,26.5,155.25,961.6,94.4
2026-07-27,7,4,2026-08-02 18:00:00,6 days 18:00:00,162,26.76,154.0,964.0,91.7
2026-07-27,7,4,2026-08-03 00:00:00,7 days 00:00:00,168,27.0,152.75,966.4,88.9
2026-07-27,7,4,2026-08-03 06:00:00,7 days 06:00:00,174,27.01,151.38,965.0,90.5
2026-07-27,7,4,2026-08-03 12:00:00,7 days 12:00:00,180,27.0,150.0,963.7,92.0
2026-07-27,7,4,2026-08-03 18:00:00,7 days 18:00:00,186,27.13,148.75,961.0,95.0
2026-07-27,7,4,2026-08-04 00:00:00,8 days 00:00:00,192,27.25,147.5,958.4,98.1
2026-07-27,7,4,2026-08-04 06:00:00,8 days 06:00:00,198,27.25,146.38,959.2,97.2
2026-07-27,7,4,2026-08-04 12:00:00,8 days 12:00:00,204,27.25,145.25,960.0,96.2
2026-07-27,7,4,2026-08-04 18:00:00,8 days 18:00:00,210,27.25,144.13,955.5,101.1
2026-07-27,7,4,2026-08-05 00:00:00,9 days 00:00:00,216,27.25,143.0,951.1,106.0
2026-07-27,7,4,2026-08-05 06:00:00,9 days 06:00:00,222,27.25,142.12,953.4,103.5
2026-07-27,7,4,2026-08-05 12:00:00,9 days 12:00:00,228,27.25,141.25,955.7,101.0
2026-07-27,7,4,2026-08-05 18:00:00,9 days 18:00:00,234,27.01,139.87,954.3,102.5
2026-07-27,7,4,2026-08-06 00:00:00,10 days 00:00:00,240,26.75,138.5,953.0,104.0
2026-07-27,7,4,2026-08-06 06:00:00,10 days 06:00:00,246,27.0,137.38,949.1,108.1
2026-07-27,7,4,2026-08-06 12:00:00,10 days 12:00:00,252,27.25,136.25,945.2,112.3
2026-07-27,7,4,2026-08-06 18:00:00,10 days 18:00:00,258,27.5,135.25,946.8,110.7
2026-07-27,7,4,2026-08-07 00:00:00,11 days 00:00:00,264,27.75,134.25,948.3,109.0
2026-07-27,7,4,2026-08-07 06:00:00,11 days 06:00:00,270,28.0,133.13,949.0,108.3
2026-07-27,7,4,2026-08-07 12:00:00,11 days 12:00:00,276,28.25,132.0,949.6,107.6
2026-07-27,7,4,2026-08-07 18:00:00,11 days 18:00:00,282,28.75,131.0,949.3,108.0
2026-07-27,7,4,2026-08-08 00:00:00,12 days 00:00:00,288,29.25,130.0,948.9,108.4
2026-07-27,7,4,2026-08-08 06:00:00,12 days 06:00:00,294,29.88,129.5,948.5,108.8
2026-07-27,7,4,2026-08-08 12:00:00,12 days 12:00:00,300,30.5,129.0,948.2,109.2
2026-07-27,7,4,2026-08-08 18:00:00,12 days 18:00:00,306,31.63,128.75,955.5,101.1
2026-07-27,7,4,2026-08-09 00:00:00,13 days 00:00:00,312,32.75,128.5,962.8,93.0
2026-07-27,7,4,2026-08-09 06:00:00,13 days 06:00:00,318,33.75,128.01,968.2,86.7
2026-07-27,7,4,2026-08-09 12:00:00,13 days 12:00:00,324,34.75,127.5,973.6,80.3
2026-07-27,7,4,2026-08-09 18:00:00,13 days 18:00:00,330,35.5,127.0,978.4,74.1
2026-07-27,7,4,2026-08-10 00:00:00,14 days 00:00:00,336,36.25,126.5,983.3,67.9
2026-07-27,7,4,2026-08-10 06:00:00,14 days 06:00:00,342,37.51,127.61,984.6,66.1
2026-07-27,7,4,2026-08-10 12:00:00,14 days 12:00:00,348,38.75,128.75,985.9,64.4
2026-07-27,7,4,2026-08-10 18:00:00,14 days 18:00:00,354,39.25,129.37,986.5,63.6
2026-07-27,7,4,2026-08-11 00:00:00,15 days 00:00:00,360,39.75,130.0,987.1,62.8
2026-07-27,8,4,2026-08-01 00:00:00,5 days 00:00:00,120,16.75,129.25,1004.3,36.3
2026-07-27,8,4,2026-08-01 06:00:00,5 days 06:00:00,126,17.5,127.88,1003.9,37.0
2026-07-27,8,4,2026-08-01 12:00:00,5 days 12:00:00,132,18.25,126.5,1003.5,37.7
2026-07-27,8,4,2026-08-01 18:00:00,5 days 18:00:00,138,18.75,126.13,1004.0,36.9
2026-07-27,8,4,2026-08-02 00:00:00,6 days 00:00:00,144,19.25,125.75,1004.4,36.2
2026-07-27,8,4,2026-08-02 06:00:00,6 days 06:00:00,150,19.13,124.0,1003.3,38.1
2026-07-27,8,4,2026-08-02 12:00:00,6 days 12:00:00,156,19.0,122.25,1002.2,40.0
2026-07-27,8,4,2026-08-02 18:00:00,6 days 18:00:00,162,19.13,121.38,1001.5,41.1
2026-07-27,8,4,2026-08-03 00:00:00,7 days 00:00:00,168,19.25,120.5,1000.9,42.2
2026-07-27,8,4,2026-08-03 06:00:00,7 days 06:00:00,174,19.13,119.37,999.0,45.2
2026-07-27,8,4,2026-08-03 12:00:00,7 days 12:00:00,180,19.0,118.25,997.2,48.1
2026-07-27,8,4,2026-08-03 18:00:00,7 days 18:00:00,186,19.0,117.75,997.8,47.2
2026-07-27,8,4,2026-08-04 00:00:00,8 days 00:00:00,192,19.0,117.25,998.4,46.3
2026-07-27,8,4,2026-08-04 06:00:00,8 days 06:00:00,198,18.88,116.62,999.1,45.0
2026-07-27,8,4,2026-08-04 12:00:00,8 days 12:00:00,204,18.75,116.0,999.9,43.8
2026-07-27,8,4,2026-08-04 18:00:00,8 days 18:00:00,210,18.38,115.75,998.0,46.8
2026-07-27,8,4,2026-08-05 00:00:00,9 days 00:00:00,216,18.0,115.5,996.1,49.7
2026-07-27,8,4,2026-08-05 06:00:00,9 days 06:00:00,222,17.88,115.88,994.8,51.7
2026-07-27,8,4,2026-08-05 12:00:00,9 days 12:00:00,228,17.75,116.25,993.6,53.6
2026-07-27,8,4,2026-08-05 18:00:00,9 days 18:00:00,234,18.13,116.75,992.0,55.9
2026-07-27,8,4,2026-08-06 00:00:00,10 days 00:00:00,240,18.5,117.25,990.4,58.2
2026-07-27,8,4,2026-08-06 06:00:00,10 days 06:00:00,246,19.0,117.37,989.9,58.9
2026-07-27,8,4,2026-08-06 12:00:00,10 days 12:00:00,252,19.5,117.5,989.4,59.5
2026-07-27,8,4,2026-08-06 18:00:00,10 days 18:00:00,258,19.5,117.5,989.7,59.2
2026-07-27,8,4,2026-08-07 00:00:00,11 days 00:00:00,264,19.5,117.5,989.9,58.8
2026-07-27,8,4,2026-08-07 06:00:00,11 days 06:00:00,270,19.13,117.37,991.2,56.9
2026-07-27,8,4,2026-08-07 12:00:00,11 days 12:00:00,276,18.75,117.25,992.5,55.1
2026-07-27,8,4,2026-08-07 18:00:00,11 days 18:00:00,282,18.62,117.25,993.6,53.6
2026-07-27,8,4,2026-08-08 00:00:00,12 days 00:00:00,288,18.5,117.25,994.6,52.1
2026-07-27,8,4,2026-08-08 06:00:00,12 days 06:00:00,294,18.25,117.25,992.8,54.7
2026-07-27,8,4,2026-08-08 12:00:00,12 days 12:00:00,300,18.0,117.25,991.1,57.2
2026-07-27,8,4,2026-08-08 18:00:00,12 days 18:00:00,306,17.63,117.38,991.3,56.9
2026-07-27,8,4,2026-08-09 00:00:00,13 days 00:00:00,312,17.25,117.5,991.4,56.7
2026-07-27,8,4,2026-08-09 06:00:00,13 days 06:00:00,318,17.75,118.0,991.0,57.4
2026-07-27,8,4,2026-08-09 12:00:00,13 days 12:00:00,324,18.25,118.5,990.5,58.1
2026-07-27,8,4,2026-08-09 18:00:00,13 days 18:00:00,330,19.0,118.38,992.4,55.2
2026-07-27,8,4,2026-08-10 00:00:00,14 days 00:00:00,336,19.75,118.25,994.4,52.4
2026-07-27,8,4,2026-08-10 06:00:00,14 days 06:00:00,342,20.38,118.37,993.9,53.1
2026-07-27,8,4,2026-08-10 12:00:00,14 days 12:00:00,348,21.0,118.5,993.4,53.8
2026-07-27,8,4,2026-08-10 18:00:00,14 days 18:00:00,354,21.5,118.62,992.7,54.8
2026-07-27,8,4,2026-08-11 00:00:00,15 days 00:00:00,360,22.0,118.75,992.0,55.9
2026-07-27,9,4,2026-08-05 12:00:00,9 days 12:00:00,228,10.0,-133.5,1004.8,35.4
2026-07-27,9,4,2026-08-05 18:00:00,9 days 18:00:00,234,10.63,-133.62,1004.3,36.4
2026-07-27,9,4,2026-08-06 00:00:00,10 days 00:00:00,240,11.25,-133.75,1003.7,37.4
2026-07-27,9,4,2026-08-06 06:00:00,10 days 06:00:00,246,11.38,-134.87,1003.1,38.5
2026-07-27,9,4,2026-08-06 12:00:00,10 days 12:00:00,252,11.5,-136.0,1002.5,39.6
2026-07-27,9,4,2026-08-06 18:00:00,10 days 18:00:00,258,11.5,-136.75,1000.8,42.3
2026-07-27,9,4,2026-08-07 00:00:00,11 days 00:00:00,264,11.5,-137.5,999.1,45.0
2026-07-27,9,4,2026-08-07 06:00:00,11 days 06:00:00,270,11.75,-138.75,996.3,49.4
2026-07-27,9,4,2026-08-07 12:00:00,11 days 12:00:00,276,12.0,-140.0,993.4,53.8
2026-07-27,9,4,2026-08-07 18:00:00,11 days 18:00:00,282,12.38,-141.25,993.3,54.0
2026-07-27,9,4,2026-08-08 00:00:00,12 days 00:00:00,288,12.75,-142.5,993.1,54.2
2026-07-27,9,4,2026-08-08 06:00:00,12 days 06:00:00,294,13.38,-143.5,992.8,54.7
2026-07-27,9,4,2026-08-08 12:00:00,12 days 12:00:00,300,14.0,-144.5,992.4,55.3
2026-07-27,9,4,2026-08-08 18:00:00,12 days 18:00:00,306,14.63,-145.62,991.4,56.7
2026-07-27,9,4,2026-08-09 00:00:00,13 days 00:00:00,312,15.25,-146.75,990.4,58.2
2026-07-27,9,4,2026-08-09 06:00:00,13 days 06:00:00,318,15.75,-147.62,989.8,59.0
2026-07-27,9,4,2026-08-09 12:00:00,13 days 12:00:00,324,16.25,-148.5,989.3,59.7
2026-07-27,9,4,2026-08-09 18:00:00,13 days 18:00:00,330,16.75,-149.25,988.9,60.3
2026-07-27,9,4,2026-08-10 00:00:00,14 days 00:00:00,336,17.25,-150.0,988.5,60.9
2026-07-27,9,4,2026-08-10 06:00:00,14 days 06:00:00,342,17.13,-150.63,986.3,63.8
2026-07-27,9,4,2026-08-10 12:00:00,14 days 12:00:00,348,17.0,-151.25,984.1,66.8
2026-07-27,9,4,2026-08-10 18:00:00,14 days 18:00:00,354,17.13,-151.62,984.2,66.7
2026-07-27,9,4,2026-08-11 00:00:00,15 days 00:00:00,360,17.25,-152.0,984.3,66.5
2026-07-27,1,40,2026-07-27 00:00:00,0 days 00:00:00,0,20.0,-143.0,995.2,51.2
2026-07-27,1,40,2026-07-27 06:00:00,0 days 06:00:00,6,20.26,-144.37,995.7,50.3
2026-07-27,1,40,2026-07-27 12:00:00,0 days 12:00:00,12,20.5,-145.75,996.3,49.4
2026-07-27,1,40,2026-07-27 18:00:00,0 days 18:00:00,18,20.88,-147.37,999.6,44.1
2026-07-27,1,40,2026-07-28 00:00:00,1 days 00:00:00,24,21.25,-149.0,1002.9,38.7
2026-07-27,1,40,2026-07-28 06:00:00,1 days 06:00:00,30,21.5,-150.12,1004.7,35.6
2026-07-27,1,40,2026-07-28 12:00:00,1 days 12:00:00,36,21.75,-151.25,1006.5,32.4
2026-07-27,10,40,2026-08-05 00:00:00,9 days 00:00:00,216,-31.0,-110.5,980.3,71.9
2026-07-27,10,40,2026-08-05 06:00:00,9 days 06:00:00,222,-31.0,-110.5,980.3,71.8
2026-07-27,10,40,2026-08-05 12:00:00,9 days 12:00:00,228,-31.0,-110.5,980.3,71.8
2026-07-27,10,40,2026-08-05 18:00:00,9 days 18:00:00,234,-30.88,-110.37,980.8,71.1
2026-07-27,10,40,2026-08-06 00:00:00,10 days 00:00:00,240,-30.75,-110.25,981.3,70.5
2026-07-27,10,40,2026-08-06 06:00:00,10 days 06:00:00,246,-31.13,-109.5,982.8,68.5
2026-07-27,10,40,2026-08-06 12:00:00,10 days 12:00:00,252,-31.5,-108.75,984.3,66.6
2026-07-27,10,40,2026-08-06 18:00:00,10 days 18:00:00,258,-32.75,-108.26,985.8,64.5
2026-07-27,10,40,2026-08-07 00:00:00,11 days 00:00:00,264,-34.0,-107.75,987.4,62.4
2026-07-27,10,40,2026-08-07 06:00:00,11 days 06:00:00,270,-35.38,-108.61,988.6,60.7
2026-07-27,10,40,2026-08-07 12:00:00,11 days 12:00:00,276,-36.75,-109.5,989.7,59.1
2026-07-27,10,40,2026-08-07 18:00:00,11 days 18:00:00,282,-38.54,-112.31,988.9,60.3
2026-07-27,10,40,2026-08-08 00:00:00,12 days 00:00:00,288,-40.25,-115.25,988.1,61.4
2026-07-27,5,40,2026-07-27 00:00:00,0 days 00:00:00,0,14.5,-110.75,972.9,81.1
2026-07-27,5,40,2026-07-27 06:00:00,0 days 06:00:00,6,15.13,-111.62,975.7,77.7
2026-07-27,5,40,2026-07-27 12:00:00,0 days 12:00:00,12,15.75,-112.5,978.4,74.2
2026-07-27,5,40,2026-07-27 18:00:00,0 days 18:00:00,18,16.38,-113.37,979.6,72.7
2026-07-27,5,40,2026-07-28 00:00:00,1 days 00:00:00,24,17.0,-114.25,980.7,71.2
2026-07-27,5,40,2026-07-28 06:00:00,1 days 06:00:00,30,17.25,-114.87,980.1,72.0
2026-07-27,5,40,2026-07-28 12:00:00,1 days 12:00:00,36,17.5,-115.5,979.5,72.8
2026-07-27,5,40,2026-07-28 18:00:00,1 days 18:00:00,42,17.5,-115.88,981.9,69.8
2026-07-27,5,40,2026-07-29 00:00:00,2 days 00:00:00,48,17.5,-116.25,984.2,66.7
2026-07-27,5,40,2026-07-29 06:00:00,2 days 06:00:00,54,17.63,-116.87,983.5,67.7
2026-07-27,5,40,2026-07-29 12:00:00,2 days 12:00:00,60,17.75,-117.5,982.8,68.6
2026-07-27,5,40,2026-07-29 18:00:00,2 days 18:00:00,66,18.13,-118.25,986.4,63.7
2026-07-27,5,40,2026-07-30 00:00:00,3 days 00:00:00,72,18.5,-119.0,990.0,58.8
2026-07-27,5,40,2026-07-30 06:00:00,3 days 06:00:00,78,19.0,-120.12,991.0,57.4
2026-07-27,5,40,2026-07-30 12:00:00,3 days 12:00:00,84,19.5,-121.25,991.9,55.9
2026-07-27,5,40,2026-07-30 18:00:00,3 days 18:00:00,90,19.88,-122.37,990.9,57.4
2026-07-27,5,40,2026-07-31 00:00:00,4 days 00:00:00,96,20.25,-123.5,989.9,58.9
2026-07-27,5,40,2026-07-31 06:00:00,4 days 06:00:00,102,20.63,-124.87,992.2,55.5
2026-07-27,5,40,2026-07-31 12:00:00,4 days 12:00:00,108,21.0,-126.25,994.5,52.2
2026-07-27,5,40,2026-07-31 18:00:00,4 days 18:00:00,114,21.5,-127.5,997.2,48.1
2026-07-27,5,40,2026-08-01 00:00:00,5 days 00:00:00,120,22.0,-128.75,999.8,43.9
2026-07-27,5,40,2026-08-01 06:00:00,5 days 06:00:00,126,22.88,-130.36,999.5,44.4
2026-07-27,5,40,2026-08-01 12:00:00,5 days 12:00:00,132,23.75,-132.0,999.2,44.9
2026-07-27,5,40,2026-08-01 18:00:00,5 days 18:00:00,138,24.39,-133.74,1001.5,41.1
2026-07-27,5,40,2026-08-02 00:00:00,6 days 00:00:00,144,25.0,-135.5,1003.8,37.3
2026-07-27,5,40,2026-08-02 06:00:00,6 days 06:00:00,150,25.26,-136.75,1004.9,35.2
2026-07-27,5,40,2026-08-02 12:00:00,6 days 12:00:00,156,25.5,-138.0,1006.1,33.1
2026-07-27,5,40,2026-08-02 18:00:00,6 days 18:00:00,162,26.0,-139.0,1006.7,32.0
2026-07-27,5,40,2026-08-03 00:00:00,7 days 00:00:00,168,26.5,-140.0,1007.3,30.9
2026-07-27,6,40,2026-07-27 00:00:00,0 days 00:00:00,0,21.25,88.5,992.6,54.9
2026-07-27,6,40,2026-07-27 06:00:00,0 days 06:00:00,6,21.38,88.5,992.4,55.3
2026-07-27,6,40,2026-07-27 12:00:00,0 days 12:00:00,12,21.5,88.5,992.2,55.6
2026-07-27,6,40,2026-07-27 18:00:00,0 days 18:00:00,18,21.88,88.13,992.7,54.8
2026-07-27,6,40,2026-07-28 00:00:00,1 days 00:00:00,24,22.25,87.75,993.3,54.0
2026-07-27,6,40,2026-07-28 06:00:00,1 days 06:00:00,30,22.13,87.37,993.4,53.8
2026-07-27,6,40,2026-07-28 12:00:00,1 days 12:00:00,36,22.0,87.0,993.6,53.6
2026-07-27,6,40,2026-07-28 18:00:00,1 days 18:00:00,42,24.32,87.82,994.5,52.2
2026-07-27,6,40,2026-07-29 00:00:00,2 days 00:00:00,48,26.64,88.68,995.4,50.9
2026-07-27,6,40,2026-07-29 06:00:00,2 days 06:00:00,54,28.95,89.57,996.3,49.5
2026-07-27,6,40,2026-07-29 12:00:00,2 days 12:00:00,60,31.25,90.5,997.2,48.1
2026-07-27,7,40,2026-07-27 00:00:00,0 days 00:00:00,0,12.75,178.25,1002.3,39.9
2026-07-27,7,40,2026-07-27 06:00:00,0 days 06:00:00,6,13.0,176.88,1001.7,40.9
2026-07-27,7,40,2026-07-27 12:00:00,0 days 12:00:00,12,13.25,175.5,1001.1,41.9
2026-07-27,7,40,2026-07-27 18:00:00,0 days 18:00:00,18,13.13,174.12,1000.2,43.2
2026-07-27,7,40,2026-07-28 00:00:00,1 days 00:00:00,24,13.0,172.75,999.4,44.6
2026-07-27,7,40,2026-07-28 06:00:00,1 days 06:00:00,30,13.13,171.88,998.6,45.8
2026-07-27,7,40,2026-07-28 12:00:00,1 days 12:00:00,36,13.25,171.0,997.9,47.1
2026-07-27,7,40,2026-07-28 18:00:00,1 days 18:00:00,42,13.63,170.25,995.3,50.9
2026-07-27,7,40,2026-07-29 00:00:00,2 days 00:00:00,48,14.0,169.5,992.7,54.8
2026-07-27,7,40,2026-07-29 06:00:00,2 days 06:00:00,54,14.38,169.0,990.1,58.5
2026-07-27,7,40,2026-07-29 12:00:00,2 days 12:00:00,60,14.75,168.5,987.5,62.3
2026-07-27,7,40,2026-07-29 18:00:00,2 days 18:00:00,66,15.38,167.88,984.1,66.7
2026-07-27,7,40,2026-07-30 00:00:00,3 days 00:00:00,72,16.0,167.25,980.8,71.2
2026-07-27,7,40,2026-07-30 06:00:00,3 days 06:00:00,78,16.88,166.25,980.2,72.0
2026-07-27,7,40,2026-07-30 12:00:00,3 days 12:00:00,84,17.75,165.25,979.5,72.8
2026-07-27,7,40,2026-07-30 18:00:00,3 days 18:00:00,90,18.13,164.38,972.2,81.7
2026-07-27,7,40,2026-07-31 00:00:00,4 days 00:00:00,96,18.5,163.5,964.9,90.7
2026-07-27,7,40,2026-07-31 06:00:00,4 days 06:00:00,102,19.0,162.63,961.6,94.4
2026-07-27,7,40,2026-07-31 12:00:00,4 days 12:00:00,108,19.5,161.75,958.3,98.1
2026-07-27,7,40,2026-07-31 18:00:00,4 days 18:00:00,114,20.13,161.0,957.1,99.5
2026-07-27,7,40,2026-08-01 00:00:00,5 days 00:00:00,120,20.75,160.25,955.8,100.9
2026-07-27,7,40,2026-08-01 06:00:00,5 days 06:00:00,126,21.63,159.38,954.5,102.4
2026-07-27,7,40,2026-08-01 12:00:00,5 days 12:00:00,132,22.5,158.5,953.2,103.8
2026-07-27,7,40,2026-08-01 18:00:00,5 days 18:00:00,138,23.63,157.38,952.3,104.8
2026-07-27,7,40,2026-08-02 00:00:00,6 days 00:00:00,144,24.75,156.25,951.4,105.7
2026-07-27,7,40,2026-08-02 06:00:00,6 days 06:00:00,150,25.88,155.14,954.2,102.7
2026-07-27,7,40,2026-08-02 12:00:00,6 days 12:00:00,156,27.0,154.0,957.0,99.6
2026-07-27,7,40,2026-08-02 18:00:00,6 days 18:00:00,162,28.5,153.14,959.1,97.2
2026-07-27,7,40,2026-08-03 00:00:00,7 days 00:00:00,168,30.0,152.25,961.2,94.9
2026-07-27,7,40,2026-08-03 06:00:00,7 days 06:00:00,174,31.13,151.63,963.5,92.3
2026-07-27,7,40,2026-08-03 12:00:00,7 days 12:00:00,180,32.25,151.0,965.7,89.7
2026-07-27,7,40,2026-08-03 18:00:00,7 days 18:00:00,186,33.38,150.51,968.7,86.1
2026-07-27,7,40,2026-08-04 00:00:00,8 days 00:00:00,192,34.5,150.0,971.6,82.6
2026-07-27,7,40,2026-08-04 06:00:00,8 days 06:00:00,198,35.63,149.63,972.9,81.1
2026-07-27,7,40,2026-08-04 12:00:00,8 days 12:00:00,204,36.75,149.25,974.2,79.6
2026-07-27,7,40,2026-08-04 18:00:00,8 days 18:00:00,210,37.25,149.0,979.2,73.1
2026-07-27,7,40,2026-08-05 00:00:00,9 days 00:00:00,216,37.75,148.75,984.3,66.6
2026-07-27,7,40,2026-08-05 06:00:00,9 days 06:00:00,222,38.25,149.0,987.4,62.2
2026-07-27,7,40,2026-08-05 12:00:00,9 days 12:00:00,228,38.75,149.25,990.6,57.9
2026-07-27,7,40,2026-08-05 18:00:00,9 days 18:00:00,234,39.13,150.49,992.3,55.4
2026-07-27,7,40,2026-08-06 00:00:00,10 days 00:00:00,240,39.5,151.75,994.0,52.9
2026-07-27,7,40,2026-08-06 06:00:00,10 days 06:00:00,246,40.63,152.86,996.3,49.3
2026-07-27,7,40,2026-08-06 12:00:00,10 days 12:00:00,252,41.75,154.0,998.6,45.8
2026-07-27,8,40,2026-07-29 00:00:00,2 days 00:00:00,48,32.0,63.0,993.5,53.7
2026-07-27,8,40,2026-07-29 06:00:00,2 days 06:00:00,54,31.63,62.87,992.5,55.2
2026-07-27,8,40,2026-07-29 12:00:00,2 days 12:00:00,60,31.25,62.75,991.5,56.6
2026-07-27,8,40,2026-07-29 18:00:00,2 days 18:00:00,66,31.5,62.75,992.8,54.7
2026-07-27,8,40,2026-07-30 00:00:00,3 days 00:00:00,72,31.75,62.75,994.1,52.8
2026-07-27,8,40,2026-07-30 06:00:00,3 days 06:00:00,78,31.69,62.75,994.2,52.6
2026-07-27,8,40,2026-07-30 12:00:00,3 days 12:00:00,84,31.63,62.75,994.3,52.5
2026-07-27,8,40,2026-07-30 18:00:00,3 days 18:00:00,90,31.56,62.75,994.4,52.3
2026-07-27,8,40,2026-07-31 00:00:00,4 days 00:00:00,96,31.5,62.75,994.5,52.2
2026-07-27,8,40,2026-07-31 06:00:00,4 days 06:00:00,102,31.38,62.5,992.9,54.5
2026-07-27,8,40,2026-07-31 12:00:00,4 days 12:00:00,108,31.25,62.25,991.3,56.9
2026-07-27,8,40,2026-07-31 18:00:00,4 days 18:00:00,114,28.05,66.24,993.0,54.4
2026-07-27,8,40,2026-08-01 00:00:00,5 days 00:00:00,120,24.75,70.0,994.7,51.9
2026-07-27,9,40,2026-08-03 12:00:00,7 days 12:00:00,180,16.0,158.75,1002.6,39.4
2026-07-27,9,40,2026-08-03 18:00:00,7 days 18:00:00,186,15.38,157.25,1001.2,41.7
2026-07-27,9,40,2026-08-04 00:00:00,8 days 00:00:00,192,14.75,155.75,999.8,44.0
2026-07-27,9,40,2026-08-04 06:00:00,8 days 06:00:00,198,14.0,155.37,997.6,47.4
2026-07-27,9,40,2026-08-04 12:00:00,8 days 12:00:00,204,13.25,155.0,995.4,50.8
2026-07-27,9,40,2026-08-04 18:00:00,8 days 18:00:00,210,12.88,155.38,994.3,52.6
2026-07-27,9,40,2026-08-05 00:00:00,9 days 00:00:00,216,12.5,155.75,993.1,54.3
2026-07-27,9,40,2026-08-05 06:00:00,9 days 06:00:00,222,13.0,156.25,990.7,57.7
2026-07-27,9,40,2026-08-05 12:00:00,9 days 12:00:00,228,13.5,156.75,988.2,61.2
2026-07-27,9,40,2026-08-05 18:00:00,9 days 18:00:00,234,14.25,156.75,986.8,63.2
2026-07-27,9,40,2026-08-06 00:00:00,10 days 00:00:00,240,15.0,156.75,985.3,65.2
2026-07-27,9,40,2026-08-06 06:00:00,10 days 06:00:00,246,16.5,156.75,985.8,64.6
2026-07-27,9,40,2026-08-06 12:00:00,10 days 12:00:00,252,18.0,156.75,986.2,64.0
2026-07-27,9,40,2026-08-06 18:00:00,10 days 18:00:00,258,19.75,156.01,983.3,67.8
2026-07-27,9,40,2026-08-07 00:00:00,11 days 00:00:00,264,21.5,155.25,980.4,71.7
2026-07-27,9,40,2026-08-07 06:00:00,11 days 06:00:00,270,22.64,153.39,980.2,72.0
2026-07-27,9,40,2026-08-07 12:00:00,11 days 12:00:00,276,23.75,151.5,980.0,72.2
2026-07-27,9,40,2026-08-07 18:00:00,11 days 18:00:00,282,24.26,150.01,976.4,76.8
2026-07-27,9,40,2026-08-08 00:00:00,12 days 00:00:00,288,24.75,148.5,972.7,81.4
2026-07-27,9,40,2026-08-08 06:00:00,12 days 06:00:00,294,25.01,147.25,970.5,84.0
2026-07-27,9,40,2026-08-08 12:00:00,12 days 12:00:00,300,25.25,146.0,968.3,86.7
2026-07-27,9,40,2026-08-08 18:00:00,12 days 18:00:00,306,25.5,144.88,964.9,90.6
2026-07-27,9,40,2026-08-09 00:00:00,13 days 00:00:00,312,25.75,143.75,961.5,94.5
2026-07-27,9,40,2026-08-09 06:00:00,13 days 06:00:00,318,25.88,142.88,958.6,97.8
2026-07-27,9,40,2026-08-09 12:00:00,13 days 12:00:00,324,26.0,142.0,955.7,101.0
2026-07-27,9,40,2026-08-09 18:00:00,13 days 18:00:00,330,26.38,141.13,956.7,99.9
2026-07-27,9,40,2026-08-10 00:00:00,14 days 00:00:00,336,26.75,140.25,957.8,98.7
2026-07-27,9,40,2026-08-10 06:00:00,14 days 06:00:00,342,27.38,139.26,960.2,95.9
2026-07-27,9,40,2026-08-10 12:00:00,14 days 12:00:00,348,28.0,138.25,962.7,93.1
2026-07-27,9,40,2026-08-10 18:00:00,14 days 18:00:00,354,28.5,137.13,966.8,88.4
2026-07-27,9,40,2026-08-11 00:00:00,15 days 00:00:00,360,29.0,136.0,970.8,83.6
2026-07-27,1,41,2026-07-27 00:00:00,0 days 00:00:00,0,20.0,-143.0,995.2,51.2
2026-07-27,1,41,2026-07-27 06:00:00,0 days 06:00:00,6,20.38,-144.37,995.5,50.7
2026-07-27,1,41,2026-07-27 12:00:00,0 days 12:00:00,12,20.75,-145.75,995.8,50.2
2026-07-27,1,41,2026-07-27 18:00:00,0 days 18:00:00,18,21.01,-147.12,998.2,46.4
2026-07-27,1,41,2026-07-28 00:00:00,1 days 00:00:00,24,21.25,-148.5,1000.7,42.6
2026-07-27,1,41,2026-07-28 06:00:00,1 days 06:00:00,30,21.38,-149.87,1003.3,38.1
2026-07-27,1,41,2026-07-28 12:00:00,1 days 12:00:00,36,21.5,-151.25,1005.9,33.6
2026-07-27,5,41,2026-07-27 00:00:00,0 days 00:00:00,0,14.5,-110.75,972.9,81.1
2026-07-27,5,41,2026-07-27 06:00:00,0 days 06:00:00,6,15.25,-111.62,975.6,77.7
2026-07-27,5,41,2026-07-27 12:00:00,0 days 12:00:00,12,16.0,-112.5,978.4,74.3
2026-07-27,5,41,2026-07-27 18:00:00,0 days 18:00:00,18,16.5,-113.25,977.3,75.6
2026-07-27,5,41,2026-07-28 00:00:00,1 days 00:00:00,24,17.0,-114.0,976.3,76.9
2026-07-27,5,41,2026-07-28 06:00:00,1 days 06:00:00,30,17.38,-114.62,975.5,77.9
2026-07-27,5,41,2026-07-28 12:00:00,1 days 12:00:00,36,17.75,-115.25,974.7,78.8
2026-07-27,5,41,2026-07-28 18:00:00,1 days 18:00:00,42,17.88,-116.0,978.3,74.4
2026-07-27,5,41,2026-07-29 00:00:00,2 days 00:00:00,48,18.0,-116.75,981.8,69.9
2026-07-27,5,41,2026-07-29 06:00:00,2 days 06:00:00,54,18.13,-117.5,984.0,66.9
2026-07-27,5,41,2026-07-29 12:00:00,2 days 12:00:00,60,18.25,-118.25,986.3,63.9
2026-07-27,5,41,2026-07-29 18:00:00,2 days 18:00:00,66,18.5,-119.0,987.3,62.5
2026-07-27,5,41,2026-07-30 00:00:00,3 days 00:00:00,72,18.75,-119.75,988.3,61.1
2026-07-27,5,41,2026-07-30 06:00:00,3 days 06:00:00,78,19.25,-120.75,988.4,61.0
2026-07-27,5,41,2026-07-30 12:00:00,3 days 12:00:00,84,19.75,-121.75,988.5,60.8
2026-07-27,5,41,2026-07-30 18:00:00,3 days 18:00:00,90,20.13,-123.12,991.0,57.3
2026-07-27,5,41,2026-07-31 00:00:00,4 days 00:00:00,96,20.5,-124.5,993.5,53.7
2026-07-27,5,41,2026-07-31 06:00:00,4 days 06:00:00,102,20.75,-125.62,996.3,49.4
2026-07-27,5,41,2026-07-31 12:00:00,4 days 12:00:00,108,21.0,-126.75,999.1,45.1
2026-07-27,5,41,2026-07-31 18:00:00,4 days 18:00:00,114,20.88,-128.13,1000.2,43.3
2026-07-27,5,41,2026-08-01 00:00:00,5 days 00:00:00,120,20.75,-129.5,1001.3,41.6
2026-07-27,5,41,2026-08-01 06:00:00,5 days 06:00:00,126,21.5,-130.62,1002.8,38.9
2026-07-27,5,41,2026-08-01 12:00:00,5 days 12:00:00,132,22.25,-131.75,1004.3,36.3
2026-07-27,5,41,2026-08-01 18:00:00,5 days 18:00:00,138,22.88,-133.24,1005.4,34.4
2026-07-27,5,41,2026-08-02 00:00:00,6 days 00:00:00,144,23.5,-134.75,1006.4,32.5
2026-07-27,5,41,2026-08-02 06:00:00,6 days 06:00:00,150,23.63,-136.25,1007.4,30.7
2026-07-27,5,41,2026-08-02 12:00:00,6 days 12:00:00,156,23.75,-137.75,1008.3,28.9
2026-07-27,6,41,2026-07-27 00:00:00,0 days 00:00:00,0,21.25,88.5,992.6,54.9
2026-07-27,6,41,2026-07-27 06:00:00,0 days 06:00:00,6,21.38,88.38,991.8,56.2
2026-07-27,6,41,2026-07-27 12:00:00,0 days 12:00:00,12,21.5,88.25,990.9,57.5
2026-07-27,6,41,2026-07-27 18:00:00,0 days 18:00:00,18,21.75,88.13,991.2,57.0
2026-07-27,6,41,2026-07-28 00:00:00,1 days 00:00:00,24,22.0,88.0,991.6,56.5
2026-07-27,6,41,2026-07-28 06:00:00,1 days 06:00:00,30,22.0,87.0,991.3,56.8
2026-07-27,6,41,2026-07-28 12:00:00,1 days 12:00:00,36,22.0,86.0,991.1,57.2
2026-07-27,6,41,2026-07-28 18:00:00,1 days 18:00:00,42,22.13,85.25,991.0,57.3
2026-07-27,6,41,2026-07-29 00:00:00,2 days 00:00:00,48,22.25,84.5,991.0,57.4
2026-07-27,6,41,2026-07-29 06:00:00,2 days 06:00:00,54,22.25,83.37,990.7,57.8
2026-07-27,6,41,2026-07-29 12:00:00,2 days 12:00:00,60,22.25,82.25,990.4,58.1
2026-07-27,6,41,2026-07-29 18:00:00,2 days 18:00:00,66,22.0,82.12,989.7,59.1
2026-07-27,6,41,2026-07-30 00:00:00,3 days 00:00:00,72,21.75,82.0,989.0,60.1
2026-07-27,6,41,2026-07-30 06:00:00,3 days 06:00:00,78,22.26,80.13,990.3,58.3
2026-07-27,6,41,2026-07-30 12:00:00,3 days 12:00:00,84,22.75,78.25,991.6,56.4
2026-07-27,6,41,2026-07-30 18:00:00,3 days 18:00:00,90,22.63,77.62,991.7,56.4
2026-07-27,6,41,2026-07-31 00:00:00,4 days 00:00:00,96,22.5,77.0,991.7,56.4
2026-07-27,6,41,2026-07-31 06:00:00,4 days 06:00:00,102,23.02,75.58,992.1,55.7
2026-07-27,6,41,2026-07-31 12:00:00,4 days 12:00:00,108,23.53,74.15,992.5,55.1
2026-07-27,6,41,2026-07-31 18:00:00,4 days 18:00:00,114,24.02,72.7,993.0,54.4
2026-07-27,6,41,2026-08-01 00:00:00,5 days 00:00:00,120,24.5,71.25,993.4,53.8
2026-07-27,6,41,2026-08-01 06:00:00,5 days 06:00:00,126,24.81,70.94,993.8,53.2
2026-07-27,6,41,2026-08-01 12:00:00,5 days 12:00:00,132,25.13,70.63,994.2,52.7
2026-07-27,6,41,2026-08-01 18:00:00,5 days 18:00:00,138,25.44,70.31,994.6,52.1
2026-07-27,6,41,2026-08-02 00:00:00,6 days 00:00:00,144,25.75,70.0,994.9,51.5
2026-07-27,6,41,2026-08-02 06:00:00,6 days 06:00:00,150,27.26,71.6,995.1,51.2
2026-07-27,6,41,2026-08-02 12:00:00,6 days 12:00:00,156,28.75,73.25,995.3,50.9
2026-07-27,7,41,2026-07-27 00:00:00,0 days 00:00:00,0,12.75,178.25,1002.3,39.9
2026-07-27,7,41,2026-07-27 06:00:00,0 days 06:00:00,6,12.88,176.88,1001.7,40.8
2026-07-27,7,41,2026-07-27 12:00:00,0 days 12:00:00,12,13.0,175.5,1001.2,41.7
2026-07-27,7,41,2026-07-27 18:00:00,0 days 18:00:00,18,13.0,174.38,999.4,44.6
2026-07-27,7,41,2026-07-28 00:00:00,1 days 00:00:00,24,13.0,173.25,997.5,47.6
2026-07-27,7,41,2026-07-28 06:00:00,1 days 06:00:00,30,13.13,172.38,997.1,48.3
2026-07-27,7,41,2026-07-28 12:00:00,1 days 12:00:00,36,13.25,171.5,996.6,49.0
2026-07-27,7,41,2026-07-28 18:00:00,1 days 18:00:00,42,13.88,170.75,992.9,54.5
2026-07-27,7,41,2026-07-29 00:00:00,2 days 00:00:00,48,14.5,170.0,989.2,59.9
2026-07-27,7,41,2026-07-29 06:00:00,2 days 06:00:00,54,15.0,169.13,989.6,59.3
2026-07-27,7,41,2026-07-29 12:00:00,2 days 12:00:00,60,15.5,168.25,990.0,58.7
2026-07-27,7,41,2026-07-29 18:00:00,2 days 18:00:00,66,16.0,167.5,988.6,60.7
2026-07-27,7,41,2026-07-30 00:00:00,3 days 00:00:00,72,16.5,166.75,987.2,62.6
2026-07-27,7,41,2026-07-30 06:00:00,3 days 06:00:00,78,17.13,165.5,985.0,65.6
2026-07-27,7,41,2026-07-30 12:00:00,3 days 12:00:00,84,17.75,164.25,982.8,68.6
2026-07-27,7,41,2026-07-30 18:00:00,3 days 18:00:00,90,18.0,163.13,977.4,75.4
2026-07-27,7,41,2026-07-31 00:00:00,4 days 00:00:00,96,18.25,162.0,972.1,82.1
2026-07-27,7,41,2026-07-31 06:00:00,4 days 06:00:00,102,19.0,161.0,969.0,85.8
2026-07-27,7,41,2026-07-31 12:00:00,4 days 12:00:00,108,19.75,160.0,965.8,89.5
2026-07-27,7,41,2026-07-31 18:00:00,4 days 18:00:00,114,20.13,158.88,963.5,92.2
2026-07-27,7,41,2026-08-01 00:00:00,5 days 00:00:00,120,20.5,157.75,961.2,94.9
2026-07-27,7,41,2026-08-01 06:00:00,5 days 06:00:00,126,21.25,156.51,962.7,93.2
2026-07-27,7,41,2026-08-01 12:00:00,5 days 12:00:00,132,22.0,155.25,964.2,91.5
2026-07-27,7,41,2026-08-01 18:00:00,5 days 18:00:00,138,22.63,154.13,960.4,95.8
2026-07-27,7,41,2026-08-02 00:00:00,6 days 00:00:00,144,23.25,153.0,956.6,100.1
2026-07-27,7,41,2026-08-02 06:00:00,6 days 06:00:00,150,23.88,151.76,959.3,97.0
2026-07-27,7,41,2026-08-02 12:00:00,6 days 12:00:00,156,24.5,150.5,962.0,93.9
2026-07-27,7,41,2026-08-02 18:00:00,6 days 18:00:00,162,25.13,149.38,966.2,89.0
2026-07-27,7,41,2026-08-03 00:00:00,7 days 00:00:00,168,25.75,148.25,970.5,84.1
2026-07-27,7,41,2026-08-03 06:00:00,7 days 06:00:00,174,26.13,147.38,968.2,86.8
2026-07-27,7,41,2026-08-03 12:00:00,7 days 12:00:00,180,26.5,146.5,965.9,89.5
2026-07-27,7,41,2026-08-03 18:00:00,7 days 18:00:00,186,26.75,145.5,965.7,89.6
2026-07-27,7,41,2026-08-04 00:00:00,8 days 00:00:00,192,27.0,144.5,965.6,89.8
2026-07-27,7,41,2026-08-04 06:00:00,8 days 06:00:00,198,27.25,143.38,963.3,92.4
2026-07-27,7,41,2026-08-04 12:00:00,8 days 12:00:00,204,27.5,142.25,961.1,95.0
2026-07-27,7,41,2026-08-04 18:00:00,8 days 18:00:00,210,27.76,140.63,960.9,95.1
2026-07-27,7,41,2026-08-05 00:00:00,9 days 00:00:00,216,28.0,139.0,960.8,95.3
2026-07-27,7,41,2026-08-05 06:00:00,9 days 06:00:00,222,28.26,137.63,959.2,97.1
2026-07-27,7,41,2026-08-05 12:00:00,9 days 12:00:00,228,28.5,136.25,957.6,98.9
2026-07-27,7,41,2026-08-05 18:00:00,9 days 18:00:00,234,28.51,135.0,960.0,96.2
2026-07-27,7,41,2026-08-06 00:00:00,10 days 00:00:00,240,28.5,133.75,962.5,93.4
2026-07-27,7,41,2026-08-06 06:00:00,10 days 06:00:00,246,29.0,132.75,963.8,91.8
2026-07-27,7,41,2026-08-06 12:00:00,10 days 12:00:00,252,29.5,131.75,965.2,90.2
2026-07-27,7,41,2026-08-06 18:00:00,10 days 18:00:00,258,29.63,130.75,964.6,90.9
2026-07-27,7,41,2026-08-07 00:00:00,11 days 00:00:00,264,29.75,129.75,964.1,91.6
2026-07-27,7,41,2026-08-07 06:00:00,11 days 06:00:00,270,30.0,129.25,963.1,92.7
2026-07-27,7,41,2026-08-07 12:00:00,11 days 12:00:00,276,30.25,128.75,962.2,93.7
2026-07-27,7,41,2026-08-07 18:00:00,11 days 18:00:00,282,30.63,128.13,963.1,92.7
2026-07-27,7,41,2026-08-08 00:00:00,12 days 00:00:00,288,31.0,127.5,964.0,91.6
2026-07-27,7,41,2026-08-08 06:00:00,12 days 06:00:00,294,31.88,127.0,963.7,92.0
2026-07-27,7,41,2026-08-08 12:00:00,12 days 12:00:00,300,32.75,126.5,963.3,92.5
2026-07-27,7,41,2026-08-08 18:00:00,12 days 18:00:00,306,33.75,126.13,964.7,90.8
2026-07-27,7,41,2026-08-09 00:00:00,13 days 00:00:00,312,34.75,125.75,966.2,89.1
2026-07-27,7,41,2026-08-09 06:00:00,13 days 06:00:00,318,36.38,125.38,975.3,77.7
2026-07-27,7,41,2026-08-09 12:00:00,13 days 12:00:00,324,38.0,125.0,984.5,66.3
2026-07-27,7,41,2026-08-09 18:00:00,13 days 18:00:00,330,39.38,124.75,990.2,58.2
2026-07-27,7,41,2026-08-10 00:00:00,14 days 00:00:00,336,40.75,124.5,996.0,50.0
2026-07-27,8,41,2026-08-03 12:00:00,7 days 12:00:00,180,16.25,159.75,1003.5,37.8
2026-07-27,8,41,2026-08-03 18:00:00,7 days 18:00:00,186,16.63,158.75,1002.3,39.7
2026-07-27,8,41,2026-08-04 00:00:00,8 days 00:00:00,192,17.0,157.75,1001.2,41.7
2026-07-27,8,41,2026-08-04 06:00:00,8 days 06:00:00,198,16.63,157.62,1000.0,43.7
2026-07-27,8,41,2026-08-04 12:00:00,8 days 12:00:00,204,16.25,157.5,998.7,45.7
2026-07-27,8,41,2026-08-04 18:00:00,8 days 18:00:00,210,16.38,157.5,997.3,47.9
2026-07-27,8,41,2026-08-05 00:00:00,9 days 00:00:00,216,16.5,157.5,995.9,50.1
2026-07-27,8,41,2026-08-05 06:00:00,9 days 06:00:00,222,17.0,157.75,993.5,53.6
2026-07-27,8,41,2026-08-05 12:00:00,9 days 12:00:00,228,17.5,158.0,991.1,57.1
2026-07-27,8,41,2026-08-05 18:00:00,9 days 18:00:00,234,17.88,157.25,988.1,61.4
2026-07-27,8,41,2026-08-06 00:00:00,10 days 00:00:00,240,18.25,156.5,985.0,65.6
2026-07-27,8,41,2026-08-06 06:00:00,10 days 06:00:00,246,18.63,156.25,983.0,68.3
2026-07-27,8,41,2026-08-06 12:00:00,10 days 12:00:00,252,19.0,156.0,981.0,71.0
2026-07-27,8,41,2026-08-06 18:00:00,10 days 18:00:00,258,19.5,155.25,977.8,75.0
2026-07-27,8,41,2026-08-07 00:00:00,11 days 00:00:00,264,20.0,154.5,974.6,79.1
2026-07-27,8,41,2026-08-07 06:00:00,11 days 06:00:00,270,20.88,153.75,972.3,81.8
2026-07-27,8,41,2026-08-07 12:00:00,11 days 12:00:00,276,21.75,153.0,970.1,84.5
2026-07-27,8,41,2026-08-07 18:00:00,11 days 18:00:00,282,22.25,151.88,968.5,86.4
2026-07-27,8,41,2026-08-08 00:00:00,12 days 00:00:00,288,22.75,150.75,966.8,88.4
2026-07-27,8,41,2026-08-08 06:00:00,12 days 06:00:00,294,23.13,149.88,967.6,87.5
2026-07-27,8,41,2026-08-08 12:00:00,12 days 12:00:00,300,23.5,149.0,968.3,86.6
2026-07-27,8,41,2026-08-08 18:00:00,12 days 18:00:00,306,24.25,148.01,969.6,85.1
2026-07-27,8,41,2026-08-09 00:00:00,13 days 00:00:00,312,25.0,147.0,970.9,83.5
2026-07-27,8,41,2026-08-09 06:00:00,13 days 06:00:00,318,25.88,146.26,970.2,84.3
2026-07-27,8,41,2026-08-09 12:00:00,13 days 12:00:00,324,26.75,145.5,969.5,85.1
2026-07-27,8,41,2026-08-09 18:00:00,13 days 18:00:00,330,27.13,144.5,970.2,84.3
2026-07-27,8,41,2026-08-10 00:00:00,14 days 00:00:00,336,27.5,143.5,970.9,83.5
2026-07-27,8,41,2026-08-10 06:00:00,14 days 06:00:00,342,27.88,142.63,971.6,82.6
2026-07-27,8,41,2026-08-10 12:00:00,14 days 12:00:00,348,28.25,141.75,972.4,81.7
2026-07-27,8,41,2026-08-10 18:00:00,14 days 18:00:00,354,28.75,140.63,972.5,81.6
2026-07-27,8,41,2026-08-11 00:00:00,15 days 00:00:00,360,29.25,139.5,972.6,81.5
2026-07-27,1,42,2026-07-27 00:00:00,0 days 00:00:00,0,20.0,-143.0,995.2,51.2
2026-07-27,1,42,2026-07-27 06:00:00,0 days 06:00:00,6,20.38,-144.37,996.1,49.8
2026-07-27,1,42,2026-07-27 12:00:00,0 days 12:00:00,12,20.75,-145.75,997.0,48.4
2026-07-27,1,42,2026-07-27 18:00:00,0 days 18:00:00,18,21.13,-147.0,998.9,45.3
2026-07-27,1,42,2026-07-28 00:00:00,1 days 00:00:00,24,21.5,-148.25,1000.9,42.2
2026-07-27,1,42,2026-07-28 06:00:00,1 days 06:00:00,30,21.63,-149.37,1003.0,38.5
2026-07-27,1,42,2026-07-28 12:00:00,1 days 12:00:00,36,21.75,-150.5,1005.2,34.8
2026-07-27,1,42,2026-07-28 18:00:00,1 days 18:00:00,42,21.75,-151.62,1006.4,32.5
2026-07-27,1,42,2026-07-29 00:00:00,2 days 00:00:00,48,21.75,-152.75,1007.6,30.2
2026-07-27,10,42,2026-08-06 00:00:00,10 days 00:00:00,240,17.0,165.75,1003.4,37.9
2026-07-27,10,42,2026-08-06 06:00:00,10 days 06:00:00,246,17.75,166.99,1003.8,37.3
2026-07-27,10,42,2026-08-06 12:00:00,10 days 12:00:00,252,18.5,168.25,1004.2,36.6
2026-07-27,10,42,2026-08-06 18:00:00,10 days 18:00:00,258,20.0,168.62,1003.4,37.9
2026-07-27,10,42,2026-08-07 00:00:00,11 days 00:00:00,264,21.5,169.0,1002.6,39.2
2026-07-27,10,42,2026-08-07 06:00:00,11 days 06:00:00,270,23.25,169.0,1003.3,38.1
2026-07-27,10,42,2026-08-07 12:00:00,11 days 12:00:00,276,25.0,169.0,1004.0,36.9
2026-07-27,10,42,2026-08-07 18:00:00,11 days 18:00:00,282,26.88,168.51,1004.9,35.3
2026-07-27,10,42,2026-08-08 00:00:00,12 days 00:00:00,288,28.75,168.0,1005.8,33.6
2026-07-27,10,42,2026-08-08 06:00:00,12 days 06:00:00,294,30.88,167.14,1006.4,32.5
2026-07-27,10,42,2026-08-08 12:00:00,12 days 12:00:00,300,33.0,166.25,1007.0,31.3
2026-07-27,5,42,2026-07-27 00:00:00,0 days 00:00:00,0,14.5,-110.75,972.9,81.1
2026-07-27,5,42,2026-07-27 06:00:00,0 days 06:00:00,6,15.25,-111.5,973.9,79.8
2026-07-27,5,42,2026-07-27 12:00:00,0 days 12:00:00,12,16.0,-112.25,974.9,78.6
2026-07-27,5,42,2026-07-27 18:00:00,0 days 18:00:00,18,16.5,-113.12,975.6,77.8
2026-07-27,5,42,2026-07-28 00:00:00,1 days 00:00:00,24,17.0,-114.0,976.2,77.0
2026-07-27,5,42,2026-07-28 06:00:00,1 days 06:00:00,30,17.25,-114.75,977.3,75.6
2026-07-27,5,42,2026-07-28 12:00:00,1 days 12:00:00,36,17.5,-115.5,978.4,74.3
2026-07-27,5,42,2026-07-28 18:00:00,1 days 18:00:00,42,17.75,-116.25,976.5,76.7
2026-07-27,5,42,2026-07-29 00:00:00,2 days 00:00:00,48,18.0,-117.0,974.6,79.0
2026-07-27,5,42,2026-07-29 06:00:00,2 days 06:00:00,54,18.25,-117.62,977.3,75.6
2026-07-27,5,42,2026-07-29 12:00:00,2 days 12:00:00,60,18.5,-118.25,980.0,72.3
2026-07-27,5,42,2026-07-29 18:00:00,2 days 18:00:00,66,18.75,-119.37,981.5,70.2
2026-07-27,5,42,2026-07-30 00:00:00,3 days 00:00:00,72,19.0,-120.5,983.1,68.2
2026-07-27,5,42,2026-07-30 06:00:00,3 days 06:00:00,78,19.63,-121.37,982.4,69.0
2026-07-27,5,42,2026-07-30 12:00:00,3 days 12:00:00,84,20.25,-122.25,981.8,69.9
2026-07-27,5,42,2026-07-30 18:00:00,3 days 18:00:00,90,20.88,-123.62,984.8,65.8
2026-07-27,5,42,2026-07-31 00:00:00,4 days 00:00:00,96,21.5,-125.0,987.9,61.7
2026-07-27,5,42,2026-07-31 06:00:00,4 days 06:00:00,102,21.75,-126.0,991.3,56.7
2026-07-27,5,42,2026-07-31 12:00:00,4 days 12:00:00,108,22.0,-127.0,994.8,51.8
2026-07-27,5,42,2026-07-31 18:00:00,4 days 18:00:00,114,22.63,-128.24,997.6,47.4
2026-07-27,5,42,2026-08-01 00:00:00,5 days 00:00:00,120,23.25,-129.5,1000.4,43.0
2026-07-27,5,42,2026-08-01 06:00:00,5 days 06:00:00,126,23.76,-130.75,1001.9,40.5
2026-07-27,5,42,2026-08-01 12:00:00,5 days 12:00:00,132,24.25,-132.0,1003.4,37.9
2026-07-27,5,42,2026-08-01 18:00:00,5 days 18:00:00,138,24.75,-133.12,1006.2,32.8
2026-07-27,5,42,2026-08-02 00:00:00,6 days 00:00:00,144,25.25,-134.25,1008.9,27.7
2026-07-27,5,42,2026-08-02 06:00:00,6 days 06:00:00,150,25.88,-135.62,1009.2,27.1
2026-07-27,5,42,2026-08-02 12:00:00,6 days 12:00:00,156,26.5,-137.0,1009.5,26.5
2026-07-27,5,42,2026-08-02 18:00:00,6 days 18:00:00,162,27.25,-137.87,1009.5,26.6
2026-07-27,5,42,2026-08-03 00:00:00,7 days 00:00:00,168,28.0,-138.75,1009.4,26.7
2026-07-27,6,42,2026-07-27 00:00:00,0 days 00:00:00,0,21.25,88.5,992.6,54.9
2026-07-27,6,42,2026-07-27 06:00:00,0 days 06:00:00,6,21.38,88.5,991.5,56.6
2026-07-27,6,42,2026-07-27 12:00:00,0 days 12:00:00,12,21.5,88.5,990.3,58.3
2026-07-27,6,42,2026-07-27 18:00:00,0 days 18:00:00,18,21.75,88.0,989.1,59.9
2026-07-27,6,42,2026-07-28 00:00:00,1 days 00:00:00,24,22.0,87.5,988.0,61.6
2026-07-27,6,42,2026-07-28 06:00:00,1 days 06:00:00,30,22.13,86.88,987.5,62.2
2026-07-27,6,42,2026-07-28 12:00:00,1 days 12:00:00,36,22.25,86.25,987.1,62.8
2026-07-27,6,42,2026-07-28 18:00:00,1 days 18:00:00,42,22.25,85.25,989.2,59.8
2026-07-27,6,42,2026-07-29 00:00:00,2 days 00:00:00,48,22.25,84.25,991.3,56.9
2026-07-27,6,42,2026-07-29 06:00:00,2 days 06:00:00,54,22.26,83.19,991.6,56.4
2026-07-27,6,42,2026-07-29 12:00:00,2 days 12:00:00,60,22.26,82.12,991.9,56.0
2026-07-27,6,42,2026-07-29 18:00:00,2 days 18:00:00,66,22.26,81.06,992.2,55.5
2026-07-27,6,42,2026-07-30 00:00:00,3 days 00:00:00,72,22.25,80.0,992.5,55.1
2026-07-27,6,42,2026-07-30 06:00:00,3 days 06:00:00,78,22.51,78.63,991.9,56.0
2026-07-27,6,42,2026-07-30 12:00:00,3 days 12:00:00,84,22.75,77.25,991.2,57.0
2026-07-27,6,42,2026-07-30 18:00:00,3 days 18:00:00,90,22.38,76.12,991.4,56.7
2026-07-27,6,42,2026-07-31 00:00:00,4 days 00:00:00,96,22.0,75.0,991.6,56.5
2026-07-27,6,42,2026-07-31 06:00:00,4 days 06:00:00,102,22.45,74.01,991.8,56.2
2026-07-27,6,42,2026-07-31 12:00:00,4 days 12:00:00,108,22.89,73.01,992.0,55.9
2026-07-27,6,42,2026-07-31 18:00:00,4 days 18:00:00,114,23.32,72.01,992.2,55.7
2026-07-27,6,42,2026-08-01 00:00:00,5 days 00:00:00,120,23.75,71.0,992.3,55.4
2026-07-27,6,42,2026-08-01 06:00:00,5 days 06:00:00,126,27.57,66.77,991.6,56.5
2026-07-27,6,42,2026-08-01 12:00:00,5 days 12:00:00,132,31.25,62.25,990.8,57.6
2026-07-27,6,42,2026-08-01 18:00:00,5 days 18:00:00,138,31.31,62.19,990.7,57.7
2026-07-27,6,42,2026-08-02 00:00:00,6 days 00:00:00,144,31.38,62.13,990.6,57.9
2026-07-27,6,42,2026-08-02 06:00:00,6 days 06:00:00,150,31.44,62.06,990.4,58.1
2026-07-27,6,42,2026-08-02 12:00:00,6 days 12:00:00,156,31.5,62.0,990.3,58.3
2026-07-27,6,42,2026-08-02 18:00:00,6 days 18:00:00,162,31.38,62.38,991.7,56.3
2026-07-27,6,42,2026-08-03 00:00:00,7 days 00:00:00,168,31.25,62.75,993.0,54.4
2026-07-27,6,42,2026-08-03 06:00:00,7 days 06:00:00,174,31.25,62.38,991.6,56.5
2026-07-27,6,42,2026-08-03 12:00:00,7 days 12:00:00,180,31.25,62.0,990.1,58.6
2026-07-27,6,42,2026-08-03 18:00:00,7 days 18:00:00,186,31.38,62.37,991.5,56.6
2026-07-27,6,42,2026-08-04 00:00:00,8 days 00:00:00,192,31.5,62.75,992.9,54.6
2026-07-27,6,42,2026-08-04 06:00:00,8 days 06:00:00,198,31.38,62.75,992.3,55.4
2026-07-27,6,42,2026-08-04 12:00:00,8 days 12:00:00,204,31.25,62.75,991.8,56.2
2026-07-27,7,42,2026-07-27 00:00:00,0 days 00:00:00,0,12.75,178.25,1002.3,39.9
2026-07-27,7,42,2026-07-27 06:00:00,0 days 06:00:00,6,12.88,176.88,1002.0,40.3
2026-07-27,7,42,2026-07-27 12:00:00,0 days 12:00:00,12,13.0,175.5,1001.8,40.7
2026-07-27,7,42,2026-07-27 18:00:00,0 days 18:00:00,18,13.01,173.88,999.9,43.7
2026-07-27,7,42,2026-07-28 00:00:00,1 days 00:00:00,24,13.0,172.25,998.1,46.7
2026-07-27,7,42,2026-07-28 06:00:00,1 days 06:00:00,30,13.13,171.5,996.5,49.1
2026-07-27,7,42,2026-07-28 12:00:00,1 days 12:00:00,36,13.25,170.75,995.0,51.5
2026-07-27,7,42,2026-07-28 18:00:00,1 days 18:00:00,42,13.38,169.88,993.6,53.5
2026-07-27,7,42,2026-07-29 00:00:00,2 days 00:00:00,48,13.5,169.0,992.3,55.5
2026-07-27,7,42,2026-07-29 06:00:00,2 days 06:00:00,54,13.88,168.38,990.1,58.5
2026-07-27,7,42,2026-07-29 12:00:00,2 days 12:00:00,60,14.25,167.75,988.0,61.5
2026-07-27,7,42,2026-07-29 18:00:00,2 days 18:00:00,66,14.88,167.13,988.6,60.7
2026-07-27,7,42,2026-07-30 00:00:00,3 days 00:00:00,72,15.5,166.5,989.2,59.9
2026-07-27,7,42,2026-07-30 06:00:00,3 days 06:00:00,78,16.38,165.63,986.6,63.4
2026-07-27,7,42,2026-07-30 12:00:00,3 days 12:00:00,84,17.25,164.75,984.0,67.0
2026-07-27,7,42,2026-07-30 18:00:00,3 days 18:00:00,90,17.75,163.63,979.1,73.2
2026-07-27,7,42,2026-07-31 00:00:00,4 days 00:00:00,96,18.25,162.5,974.3,79.4
2026-07-27,7,42,2026-07-31 06:00:00,4 days 06:00:00,102,18.88,161.5,973.0,80.9
2026-07-27,7,42,2026-07-31 12:00:00,4 days 12:00:00,108,19.5,160.5,971.8,82.5
2026-07-27,7,42,2026-07-31 18:00:00,4 days 18:00:00,114,20.13,159.5,966.6,88.6
2026-07-27,7,42,2026-08-01 00:00:00,5 days 00:00:00,120,20.75,158.5,961.4,94.7
2026-07-27,7,42,2026-08-01 06:00:00,5 days 06:00:00,126,21.38,157.5,960.4,95.8
2026-07-27,7,42,2026-08-01 12:00:00,5 days 12:00:00,132,22.0,156.5,959.3,97.0
2026-07-27,7,42,2026-08-01 18:00:00,5 days 18:00:00,138,22.75,155.51,958.9,97.4
2026-07-27,7,42,2026-08-02 00:00:00,6 days 00:00:00,144,23.5,154.5,958.5,97.9
2026-07-27,7,42,2026-08-02 06:00:00,6 days 06:00:00,150,24.5,153.88,961.2,94.8
2026-07-27,7,42,2026-08-02 12:00:00,6 days 12:00:00,156,25.5,153.25,963.9,91.8
2026-07-27,7,42,2026-08-02 18:00:00,6 days 18:00:00,162,26.63,152.51,961.7,94.3
2026-07-27,7,42,2026-08-03 00:00:00,7 days 00:00:00,168,27.75,151.75,959.5,96.8
2026-07-27,7,42,2026-08-03 06:00:00,7 days 06:00:00,174,28.38,150.76,965.2,90.2
2026-07-27,7,42,2026-08-03 12:00:00,7 days 12:00:00,180,29.0,149.75,970.8,83.6
2026-07-27,7,42,2026-08-03 18:00:00,7 days 18:00:00,186,29.88,148.76,971.8,82.4
2026-07-27,7,42,2026-08-04 00:00:00,8 days 00:00:00,192,30.75,147.75,972.8,81.2
2026-07-27,7,42,2026-08-04 06:00:00,8 days 06:00:00,198,31.38,147.0,975.1,78.4
2026-07-27,7,42,2026-08-04 12:00:00,8 days 12:00:00,204,32.0,146.25,977.4,75.6
2026-07-27,7,42,2026-08-04 18:00:00,8 days 18:00:00,210,32.5,145.75,978.2,74.5
2026-07-27,7,42,2026-08-05 00:00:00,9 days 00:00:00,216,33.0,145.25,979.1,73.3
2026-07-27,7,42,2026-08-05 06:00:00,9 days 06:00:00,222,33.38,145.13,979.6,72.8
2026-07-27,7,42,2026-08-05 12:00:00,9 days 12:00:00,228,33.75,145.0,980.0,72.2
2026-07-27,7,42,2026-08-05 18:00:00,9 days 18:00:00,234,34.38,145.0,982.0,69.6
2026-07-27,7,42,2026-08-06 00:00:00,10 days 00:00:00,240,35.0,145.0,984.0,67.0
2026-07-27,7,42,2026-08-06 06:00:00,10 days 06:00:00,246,35.0,145.38,984.6,66.1
2026-07-27,7,42,2026-08-06 12:00:00,10 days 12:00:00,252,35.0,145.75,985.3,65.2
2026-07-27,7,42,2026-08-06 18:00:00,10 days 18:00:00,258,35.0,145.75,984.5,66.3
2026-07-27,7,42,2026-08-07 00:00:00,11 days 00:00:00,264,35.0,145.75,983.7,67.4
2026-07-27,7,42,2026-08-07 06:00:00,11 days 06:00:00,270,35.25,145.5,986.4,63.8
2026-07-27,7,42,2026-08-07 12:00:00,11 days 12:00:00,276,35.5,145.25,989.0,60.1
2026-07-27,7,42,2026-08-07 18:00:00,11 days 18:00:00,282,36.13,145.0,990.5,58.1
2026-07-27,7,42,2026-08-08 00:00:00,12 days 00:00:00,288,36.75,144.75,991.9,56.0
2026-07-27,7,42,2026-08-08 06:00:00,12 days 06:00:00,294,37.0,143.88,994.0,53.0
2026-07-27,7,42,2026-08-08 12:00:00,12 days 12:00:00,300,37.25,143.0,996.0,49.9
2026-07-27,7,42,2026-08-08 18:00:00,12 days 18:00:00,306,37.25,142.88,996.2,49.7
2026-07-27,7,42,2026-08-09 00:00:00,13 days 00:00:00,312,37.25,142.75,996.3,49.4
2026-07-27,8,42,2026-08-02 12:00:00,6 days 12:00:00,156,5.0,-165.75,1006.2,32.9
2026-07-27,8,42,2026-08-02 18:00:00,6 days 18:00:00,162,5.38,-166.12,1005.4,34.4
2026-07-27,8,42,2026-08-03 00:00:00,7 days 00:00:00,168,5.75,-166.5,1004.6,35.9
2026-07-27,8,42,2026-08-03 06:00:00,7 days 06:00:00,174,6.38,-167.25,1005.3,34.6
2026-07-27,8,42,2026-08-03 12:00:00,7 days 12:00:00,180,7.0,-168.0,1006.0,33.4
2026-07-27,8,42,2026-08-03 18:00:00,7 days 18:00:00,186,7.5,-168.62,1005.2,34.7
2026-07-27,8,42,2026-08-04 00:00:00,8 days 00:00:00,192,8.0,-169.25,1004.4,36.1
2026-07-27,8,42,2026-08-04 06:00:00,8 days 06:00:00,198,8.5,-170.31,1004.1,36.7
2026-07-27,8,42,2026-08-04 12:00:00,8 days 12:00:00,204,9.01,-171.37,1003.8,37.3
2026-07-27,8,42,2026-08-04 18:00:00,8 days 18:00:00,210,9.5,-172.43,1003.5,37.8
2026-07-27,8,42,2026-08-05 00:00:00,9 days 00:00:00,216,10.0,-173.5,1003.1,38.4
2026-07-27,9,42,2026-08-05 00:00:00,9 days 00:00:00,216,16.25,151.75,1001.7,40.9
2026-07-27,9,42,2026-08-05 06:00:00,9 days 06:00:00,222,16.5,150.88,1001.5,41.2
2026-07-27,9,42,2026-08-05 12:00:00,9 days 12:00:00,228,16.75,150.0,1001.3,41.5
2026-07-27,9,42,2026-08-05 18:00:00,9 days 18:00:00,234,16.63,150.13,1000.8,42.3
2026-07-27,9,42,2026-08-06 00:00:00,10 days 00:00:00,240,16.5,150.25,1000.3,43.1
2026-07-27,9,42,2026-08-06 06:00:00,10 days 06:00:00,246,17.38,150.37,999.9,43.7
2026-07-27,9,42,2026-08-06 12:00:00,10 days 12:00:00,252,18.25,150.5,999.6,44.4
2026-07-27,9,42,2026-08-06 18:00:00,10 days 18:00:00,258,17.88,149.5,999.3,44.8
2026-07-27,9,42,2026-08-07 00:00:00,11 days 00:00:00,264,17.5,148.5,998.9,45.3
2026-07-27,9,42,2026-08-07 06:00:00,11 days 06:00:00,270,17.88,148.62,998.7,45.8
2026-07-27,9,42,2026-08-07 12:00:00,11 days 12:00:00,276,18.25,148.75,998.4,46.2
2026-07-27,9,42,2026-08-07 18:00:00,11 days 18:00:00,282,18.38,149.37,998.0,46.9
2026-07-27,9,42,2026-08-08 00:00:00,12 days 00:00:00,288,18.5,150.0,997.5,47.6
2026-07-27,9,42,2026-08-08 06:00:00,12 days 06:00:00,294,20.0,150.74,996.6,49.0
2026-07-27,9,42,2026-08-08 12:00:00,12 days 12:00:00,300,21.5,151.5,995.7,50.4
2026-07-27,9,42,2026-08-08 18:00:00,12 days 18:00:00,306,21.88,152.37,994.9,51.6
2026-07-27,9,42,2026-08-09 00:00:00,13 days 00:00:00,312,22.25,153.25,994.1,52.8
2026-07-27,9,42,2026-08-09 06:00:00,13 days 06:00:00,318,23.25,153.87,993.0,54.4
2026-07-27,9,42,2026-08-09 12:00:00,13 days 12:00:00,324,24.25,154.5,992.0,55.9
2026-07-27,9,42,2026-08-09 18:00:00,13 days 18:00:00,330,25.5,154.99,991.1,57.1
2026-07-27,9,42,2026-08-10 00:00:00,14 days 00:00:00,336,26.75,155.5,990.3,58.4
2026-07-27,9,42,2026-08-10 06:00:00,14 days 06:00:00,342,27.63,155.13,989.5,59.4
2026-07-27,9,42,2026-08-10 12:00:00,14 days 12:00:00,348,28.5,154.75,988.8,60.4
2026-07-27,9,42,2026-08-10 18:00:00,14 days 18:00:00,354,29.25,154.63,989.7,59.1
2026-07-27,9,42,2026-08-11 00:00:00,15 days 00:00:00,360,30.0,154.5,990.7,57.8
2026-07-27,1,43,2026-07-27 00:00:00,0 days 00:00:00,0,20.0,-143.0,995.2,51.2
2026-07-27,1,43,2026-07-27 06:00:00,0 days 06:00:00,6,20.25,-144.25,996.6,49.0
2026-07-27,1,43,2026-07-27 12:00:00,0 days 12:00:00,12,20.5,-145.5,998.0,46.8
2026-07-27,1,43,2026-07-27 18:00:00,0 days 18:00:00,18,20.76,-146.87,1000.9,42.1
2026-07-27,1,43,2026-07-28 00:00:00,1 days 00:00:00,24,21.0,-148.25,1003.7,37.5
2026-07-27,1,43,2026-07-28 06:00:00,1 days 06:00:00,30,21.5,-149.37,1003.8,37.2
2026-07-27,1,43,2026-07-28 12:00:00,1 days 12:00:00,36,22.0,-150.5,1004.0,36.9
2026-07-27,1,43,2026-07-28 18:00:00,1 days 18:00:00,42,22.25,-151.5,1004.3,36.3
2026-07-27,1,43,2026-07-29 00:00:00,2 days 00:00:00,48,22.5,-152.5,1004.7,35.7
2026-07-27,10,43,2026-08-04 12:00:00,8 days 12:00:00,204,18.75,162.0,1000.5,42.9
2026-07-27,10,43,2026-08-04 18:00:00,8 days 18:00:00,210,19.5,161.38,999.1,45.1
2026-07-27,10,43,2026-08-05 00:00:00,9 days 00:00:00,216,20.25,160.75,997.6,47.4
2026-07-27,10,43,2026-08-05 06:00:00,9 days 06:00:00,222,20.25,160.62,995.9,50.0
2026-07-27,10,43,2026-08-05 12:00:00,9 days 12:00:00,228,20.25,160.5,994.2,52.7
2026-07-27,10,43,2026-08-05 18:00:00,9 days 18:00:00,234,20.5,160.13,992.7,54.8
2026-07-27,10,43,2026-08-06 00:00:00,10 days 00:00:00,240,20.75,159.75,991.2,57.0
2026-07-27,10,43,2026-08-06 06:00:00,10 days 06:00:00,246,21.38,159.5,991.0,57.4
2026-07-27,10,43,2026-08-06 12:00:00,10 days 12:00:00,252,22.0,159.25,990.7,57.8
2026-07-27,10,43,2026-08-06 18:00:00,10 days 18:00:00,258,22.38,158.88,989.9,58.9
2026-07-27,10,43,2026-08-07 00:00:00,11 days 00:00:00,264,22.75,158.5,989.1,60.0
2026-07-27,10,43,2026-08-07 06:00:00,11 days 06:00:00,270,23.25,157.88,987.8,61.8
2026-07-27,10,43,2026-08-07 12:00:00,11 days 12:00:00,276,23.75,157.25,986.4,63.7
2026-07-27,10,43,2026-08-07 18:00:00,11 days 18:00:00,282,24.38,156.88,986.4,63.7
2026-07-27,10,43,2026-08-08 00:00:00,12 days 00:00:00,288,25.0,156.5,986.4,63.7
2026-07-27,10,43,2026-08-08 06:00:00,12 days 06:00:00,294,25.63,155.63,986.3,63.9
2026-07-27,10,43,2026-08-08 12:00:00,12 days 12:00:00,300,26.25,154.75,986.2,64.0
2026-07-27,10,43,2026-08-08 18:00:00,12 days 18:00:00,306,27.25,154.01,985.8,64.6
2026-07-27,10,43,2026-08-09 00:00:00,13 days 00:00:00,312,28.25,153.25,985.3,65.2
2026-07-27,10,43,2026-08-09 06:00:00,13 days 06:00:00,318,29.25,152.63,984.1,66.9
2026-07-27,10,43,2026-08-09 12:00:00,13 days 12:00:00,324,30.25,152.0,982.8,68.5
2026-07-27,10,43,2026-08-09 18:00:00,13 days 18:00:00,330,31.13,151.26,981.7,70.0
2026-07-27,10,43,2026-08-10 00:00:00,14 days 00:00:00,336,32.0,150.5,980.6,71.4
2026-07-27,10,43,2026-08-10 06:00:00,14 days 06:00:00,342,33.0,150.38,980.1,72.0
2026-07-27,10,43,2026-08-10 12:00:00,14 days 12:00:00,348,34.0,150.25,979.7,72.6
2026-07-27,10,43,2026-08-10 18:00:00,14 days 18:00:00,354,35.38,150.25,976.9,76.1
2026-07-27,10,43,2026-08-11 00:00:00,15 days 00:00:00,360,36.75,150.25,974.2,79.5
2026-07-27,5,43,2026-07-27 00:00:00,0 days 00:00:00,0,14.5,-110.75,972.9,81.1
2026-07-27,5,43,2026-07-27 06:00:00,0 days 06:00:00,6,15.25,-111.62,975.8,77.5
2026-07-27,5,43,2026-07-27 12:00:00,0 days 12:00:00,12,16.0,-112.5,978.7,73.9
2026-07-27,5,43,2026-07-27 18:00:00,0 days 18:00:00,18,16.38,-113.37,976.5,76.6
2026-07-27,5,43,2026-07-28 00:00:00,1 days 00:00:00,24,16.75,-114.25,974.3,79.4
2026-07-27,5,43,2026-07-28 06:00:00,1 days 06:00:00,30,17.0,-114.87,975.9,77.4
2026-07-27,5,43,2026-07-28 12:00:00,1 days 12:00:00,36,17.25,-115.5,977.5,75.3
2026-07-27,5,43,2026-07-28 18:00:00,1 days 18:00:00,42,17.63,-116.37,979.0,73.5
2026-07-27,5,43,2026-07-29 00:00:00,2 days 00:00:00,48,18.0,-117.25,980.5,71.6
2026-07-27,5,43,2026-07-29 06:00:00,2 days 06:00:00,54,18.25,-117.75,983.1,68.1
2026-07-27,5,43,2026-07-29 12:00:00,2 days 12:00:00,60,18.5,-118.25,985.8,64.5
2026-07-27,5,43,2026-07-29 18:00:00,2 days 18:00:00,66,18.88,-118.87,986.8,63.2
2026-07-27,5,43,2026-07-30 00:00:00,3 days 00:00:00,72,19.25,-119.5,987.7,62.0
2026-07-27,5,43,2026-07-30 06:00:00,3 days 06:00:00,78,19.63,-120.5,988.2,61.2
2026-07-27,5,43,2026-07-30 12:00:00,3 days 12:00:00,84,20.0,-121.5,988.8,60.4
2026-07-27,5,43,2026-07-30 18:00:00,3 days 18:00:00,90,20.25,-122.5,990.7,57.8
2026-07-27,5,43,2026-07-31 00:00:00,4 days 00:00:00,96,20.5,-123.5,992.5,55.1
2026-07-27,5,43,2026-07-31 06:00:00,4 days 06:00:00,102,21.0,-124.62,992.9,54.5
2026-07-27,5,43,2026-07-31 12:00:00,4 days 12:00:00,108,21.5,-125.75,993.3,54.0
2026-07-27,5,43,2026-07-31 18:00:00,4 days 18:00:00,114,21.88,-126.87,996.5,49.0
2026-07-27,5,43,2026-08-01 00:00:00,5 days 00:00:00,120,22.25,-128.0,999.8,44.0
2026-07-27,5,43,2026-08-01 06:00:00,5 days 06:00:00,126,22.63,-129.5,1002.0,40.3
2026-07-27,5,43,2026-08-01 12:00:00,5 days 12:00:00,132,23.0,-131.0,1004.2,36.5
2026-07-27,5,43,2026-08-01 18:00:00,5 days 18:00:00,138,23.51,-132.74,1005.7,33.9
2026-07-27,5,43,2026-08-02 00:00:00,6 days 00:00:00,144,24.0,-134.5,1007.1,31.2
2026-07-27,5,43,2026-08-02 06:00:00,6 days 06:00:00,150,24.26,-136.0,1007.3,30.8
2026-07-27,5,43,2026-08-02 12:00:00,6 days 12:00:00,156,24.5,-137.5,1007.5,30.5
2026-07-27,5,43,2026-08-02 18:00:00,6 days 18:00:00,162,24.75,-138.37,1009.0,27.4
2026-07-27,5,43,2026-08-03 00:00:00,7 days 00:00:00,168,25.0,-139.25,1010.6,24.3
2026-07-27,5,43,2026-08-03 06:00:00,7 days 06:00:00,174,25.88,-139.98,1010.5,24.4
2026-07-27,5,43,2026-08-03 12:00:00,7 days 12:00:00,180,26.76,-140.73,1010.5,24.4
2026-07-27,5,43,2026-08-03 18:00:00,7 days 18:00:00,186,27.63,-141.48,1010.5,24.5
2026-07-27,5,43,2026-08-04 00:00:00,8 days 00:00:00,192,28.5,-142.25,1010.4,24.6
2026-07-27,6,43,2026-07-27 00:00:00,0 days 00:00:00,0,21.25,88.5,992.6,54.9
2026-07-27,6,43,2026-07-27 06:00:00,0 days 06:00:00,6,21.5,88.13,992.2,55.5
2026-07-27,6,43,2026-07-27 12:00:00,0 days 12:00:00,12,21.75,87.75,991.8,56.1
2026-07-27,6,43,2026-07-27 18:00:00,0 days 18:00:00,18,21.75,87.75,992.2,55.6
2026-07-27,6,43,2026-07-28 00:00:00,1 days 00:00:00,24,21.75,87.75,992.6,55.0
2026-07-27,6,43,2026-07-28 06:00:00,1 days 06:00:00,30,22.25,86.88,992.7,54.8
2026-07-27,6,43,2026-07-28 12:00:00,1 days 12:00:00,36,22.75,86.0,992.9,54.6
2026-07-27,6,43,2026-07-28 18:00:00,1 days 18:00:00,42,22.13,85.0,993.0,54.4
2026-07-27,6,43,2026-07-29 00:00:00,2 days 00:00:00,48,21.5,84.0,993.2,54.2
2026-07-27,6,43,2026-07-29 06:00:00,2 days 06:00:00,54,21.88,82.88,992.7,54.9
2026-07-27,6,43,2026-07-29 12:00:00,2 days 12:00:00,60,22.25,81.75,992.2,55.6
2026-07-27,6,43,2026-07-29 18:00:00,2 days 18:00:00,66,22.63,80.38,992.3,55.5
2026-07-27,6,43,2026-07-30 00:00:00,3 days 00:00:00,72,23.0,79.0,992.3,55.5
2026-07-27,6,43,2026-07-30 06:00:00,3 days 06:00:00,78,22.75,77.75,991.2,57.0
2026-07-27,6,43,2026-07-30 12:00:00,3 days 12:00:00,84,22.5,76.5,990.1,58.6
2026-07-27,6,43,2026-07-30 18:00:00,3 days 18:00:00,90,22.01,74.49,989.0,60.2
2026-07-27,6,43,2026-07-31 00:00:00,4 days 00:00:00,96,21.5,72.5,987.9,61.7
2026-07-27,6,43,2026-07-31 06:00:00,4 days 06:00:00,102,21.62,72.5,987.4,62.4
2026-07-27,6,43,2026-07-31 12:00:00,4 days 12:00:00,108,21.75,72.5,986.8,63.1
2026-07-27,6,43,2026-07-31 18:00:00,4 days 18:00:00,114,22.0,72.25,988.8,60.4
2026-07-27,6,43,2026-08-01 00:00:00,5 days 00:00:00,120,22.25,72.0,990.7,57.7
2026-07-27,6,43,2026-08-01 06:00:00,5 days 06:00:00,126,23.13,70.51,991.0,57.3
2026-07-27,6,43,2026-08-01 12:00:00,5 days 12:00:00,132,24.0,69.0,991.4,56.8
2026-07-27,7,43,2026-07-27 00:00:00,0 days 00:00:00,0,12.75,178.25,1002.3,39.9
2026-07-27,7,43,2026-07-27 06:00:00,0 days 06:00:00,6,13.0,176.75,1001.4,41.3
2026-07-27,7,43,2026-07-27 12:00:00,0 days 12:00:00,12,13.25,175.25,1000.6,42.7
2026-07-27,7,43,2026-07-27 18:00:00,0 days 18:00:00,18,13.13,174.12,998.3,46.3
2026-07-27,7,43,2026-07-28 00:00:00,1 days 00:00:00,24,13.0,173.0,996.0,49.9
2026-07-27,7,43,2026-07-28 06:00:00,1 days 06:00:00,30,13.13,172.13,995.0,51.4
2026-07-27,7,43,2026-07-28 12:00:00,1 days 12:00:00,36,13.25,171.25,994.1,52.8
2026-07-27,7,43,2026-07-28 18:00:00,1 days 18:00:00,42,13.75,170.13,992.6,55.0
2026-07-27,7,43,2026-07-29 00:00:00,2 days 00:00:00,48,14.25,169.0,991.1,57.2
2026-07-27,7,43,2026-07-29 06:00:00,2 days 06:00:00,54,14.63,168.13,989.8,59.0
2026-07-27,7,43,2026-07-29 12:00:00,2 days 12:00:00,60,15.0,167.25,988.6,60.7
2026-07-27,7,43,2026-07-29 18:00:00,2 days 18:00:00,66,15.5,166.25,984.3,66.5
2026-07-27,7,43,2026-07-30 00:00:00,3 days 00:00:00,72,16.0,165.25,980.0,72.3
2026-07-27,7,43,2026-07-30 06:00:00,3 days 06:00:00,78,16.5,164.25,979.4,73.0
2026-07-27,7,43,2026-07-30 12:00:00,3 days 12:00:00,84,17.0,163.25,978.8,73.8
2026-07-27,7,43,2026-07-30 18:00:00,3 days 18:00:00,90,17.25,162.13,970.7,83.6
2026-07-27,7,43,2026-07-31 00:00:00,4 days 00:00:00,96,17.5,161.0,962.5,93.3
2026-07-27,7,43,2026-07-31 06:00:00,4 days 06:00:00,102,17.75,160.25,963.6,92.1
2026-07-27,7,43,2026-07-31 12:00:00,4 days 12:00:00,108,18.0,159.5,964.7,90.8
2026-07-27,7,43,2026-07-31 18:00:00,4 days 18:00:00,114,18.5,158.75,962.1,93.9
2026-07-27,7,43,2026-08-01 00:00:00,5 days 00:00:00,120,19.0,158.0,959.4,96.9
2026-07-27,7,43,2026-08-01 06:00:00,5 days 06:00:00,126,19.63,157.13,957.6,98.9
2026-07-27,7,43,2026-08-01 12:00:00,5 days 12:00:00,132,20.25,156.25,955.8,100.9
2026-07-27,7,43,2026-08-01 18:00:00,5 days 18:00:00,138,20.63,155.13,954.4,102.5
2026-07-27,7,43,2026-08-02 00:00:00,6 days 00:00:00,144,21.0,154.0,952.9,104.1
2026-07-27,7,43,2026-08-02 06:00:00,6 days 06:00:00,150,21.38,152.88,953.1,103.9
2026-07-27,7,43,2026-08-02 12:00:00,6 days 12:00:00,156,21.75,151.75,953.3,103.6
2026-07-27,7,43,2026-08-02 18:00:00,6 days 18:00:00,162,22.01,150.25,952.4,104.7
2026-07-27,7,43,2026-08-03 00:00:00,7 days 00:00:00,168,22.25,148.75,951.4,105.7
2026-07-27,7,43,2026-08-03 06:00:00,7 days 06:00:00,174,22.13,147.62,951.8,105.3
2026-07-27,7,43,2026-08-03 12:00:00,7 days 12:00:00,180,22.0,146.5,952.2,104.9
2026-07-27,7,43,2026-08-03 18:00:00,7 days 18:00:00,186,22.0,145.62,948.9,108.4
2026-07-27,7,43,2026-08-04 00:00:00,8 days 00:00:00,192,22.0,144.75,945.6,111.9
2026-07-27,7,43,2026-08-04 06:00:00,8 days 06:00:00,198,22.0,143.88,944.9,112.6
2026-07-27,7,43,2026-08-04 12:00:00,8 days 12:00:00,204,22.0,143.0,944.2,113.3
2026-07-27,7,43,2026-08-04 18:00:00,8 days 18:00:00,210,22.0,142.0,943.9,113.6
2026-07-27,7,43,2026-08-05 00:00:00,9 days 00:00:00,216,22.0,141.0,943.6,113.9
2026-07-27,7,43,2026-08-05 06:00:00,9 days 06:00:00,222,22.0,140.25,942.9,114.7
2026-07-27,7,43,2026-08-05 12:00:00,9 days 12:00:00,228,22.0,139.5,942.1,115.5
2026-07-27,7,43,2026-08-05 18:00:00,9 days 18:00:00,234,22.13,138.63,945.2,112.3
2026-07-27,7,43,2026-08-06 00:00:00,10 days 00:00:00,240,22.25,137.75,948.3,109.1
2026-07-27,7,43,2026-08-06 06:00:00,10 days 06:00:00,246,22.38,136.5,949.5,107.7
2026-07-27,7,43,2026-08-06 12:00:00,10 days 12:00:00,252,22.5,135.25,950.8,106.3
2026-07-27,7,43,2026-08-06 18:00:00,10 days 18:00:00,258,22.75,134.5,952.5,104.5
2026-07-27,7,43,2026-08-07 00:00:00,11 days 00:00:00,264,23.0,133.75,954.2,102.6
2026-07-27,7,43,2026-08-07 06:00:00,11 days 06:00:00,270,23.13,132.75,952.3,104.7
2026-07-27,7,43,2026-08-07 12:00:00,11 days 12:00:00,276,23.25,131.75,950.3,106.9
2026-07-27,7,43,2026-08-07 18:00:00,11 days 18:00:00,282,23.63,130.88,954.6,102.2
2026-07-27,7,43,2026-08-08 00:00:00,12 days 00:00:00,288,24.0,130.0,958.8,97.5
2026-07-27,7,43,2026-08-08 06:00:00,12 days 06:00:00,294,24.13,129.25,960.4,95.7
2026-07-27,7,43,2026-08-08 12:00:00,12 days 12:00:00,300,24.25,128.5,962.0,94.0
2026-07-27,7,43,2026-08-08 18:00:00,12 days 18:00:00,306,24.63,127.5,963.1,92.7
2026-07-27,7,43,2026-08-09 00:00:00,13 days 00:00:00,312,25.0,126.5,964.2,91.4
2026-07-27,7,43,2026-08-09 06:00:00,13 days 06:00:00,318,25.13,126.25,963.8,91.9
2026-07-27,7,43,2026-08-09 12:00:00,13 days 12:00:00,324,25.25,126.0,963.4,92.3
2026-07-27,7,43,2026-08-09 18:00:00,13 days 18:00:00,330,25.88,125.01,965.0,90.5
2026-07-27,7,43,2026-08-10 00:00:00,14 days 00:00:00,336,26.5,124.0,966.5,88.7
2026-07-27,7,43,2026-08-10 06:00:00,14 days 06:00:00,342,27.0,123.5,967.9,87.1
2026-07-27,7,43,2026-08-10 12:00:00,14 days 12:00:00,348,27.5,123.0,969.3,85.4
2026-07-27,7,43,2026-08-10 18:00:00,14 days 18:00:00,354,28.5,122.63,973.0,80.9
2026-07-27,7,43,2026-08-11 00:00:00,15 days 00:00:00,360,29.5,122.25,976.7,76.5
2026-07-27,8,43,2026-08-03 12:00:00,7 days 12:00:00,180,31.75,62.0,989.1,60.0
2026-07-27,8,43,2026-08-03 18:00:00,7 days 18:00:00,186,31.75,62.38,991.3,56.9
2026-07-27,8,43,2026-08-04 00:00:00,8 days 00:00:00,192,31.75,62.75,993.4,53.8
2026-07-27,8,43,2026-08-04 06:00:00,8 days 06:00:00,198,31.75,62.75,992.7,54.9
2026-07-27,8,43,2026-08-04 12:00:00,8 days 12:00:00,204,31.75,62.75,991.9,56.0
2026-07-27,8,43,2026-08-04 18:00:00,8 days 18:00:00,210,31.75,62.75,993.6,53.6
2026-07-27,8,43,2026-08-05 00:00:00,9 days 00:00:00,216,31.75,62.75,995.2,51.2
2026-07-27,8,43,2026-08-05 06:00:00,9 days 06:00:00,222,31.75,62.75,994.0,52.9
2026-07-27,8,43,2026-08-05 12:00:00,9 days 12:00:00,228,31.75,62.75,992.8,54.7
2026-07-27,8,43,2026-08-05 18:00:00,9 days 18:00:00,234,31.75,62.75,993.7,53.3
2026-07-27,8,43,2026-08-06 00:00:00,10 days 00:00:00,240,31.75,62.75,994.6,52.0
2026-07-27,8,43,2026-08-06 06:00:00,10 days 06:00:00,246,31.75,62.75,993.4,53.7
2026-07-27,8,43,2026-08-06 12:00:00,10 days 12:00:00,252,31.75,62.75,992.3,55.5
2026-07-27,9,43,2026-08-04 00:00:00,8 days 00:00:00,192,-27.25,-119.5,990.7,57.7
2026-07-27,9,43,2026-08-04 06:00:00,8 days 06:00:00,198,-27.13,-119.0,989.2,59.9
2026-07-27,9,43,2026-08-04 12:00:00,8 days 12:00:00,204,-27.0,-118.5,987.6,62.1
2026-07-27,9,43,2026-08-04 18:00:00,8 days 18:00:00,210,-27.13,-117.5,987.6,62.1
2026-07-27,9,43,2026-08-05 00:00:00,9 days 00:00:00,216,-27.25,-116.5,987.5,62.2
2026-07-27,9,43,2026-08-05 06:00:00,9 days 06:00:00,222,-27.63,-115.5,988.8,60.4
2026-07-27,9,43,2026-08-05 12:00:00,9 days 12:00:00,228,-28.0,-114.5,990.1,58.6
2026-07-27,9,43,2026-08-05 18:00:00,9 days 18:00:00,234,-28.5,-114.0,990.9,57.4
2026-07-27,9,43,2026-08-06 00:00:00,10 days 00:00:00,240,-29.0,-113.5,991.8,56.2
2026-07-27,9,43,2026-08-06 06:00:00,10 days 06:00:00,246,-29.75,-113.5,992.6,54.9
2026-07-27,9,43,2026-08-06 12:00:00,10 days 12:00:00,252,-30.5,-113.5,993.5,53.7
2026-07-27,9,43,2026-08-06 18:00:00,10 days 18:00:00,258,-32.13,-113.87,992.4,55.3
2026-07-27,9,43,2026-08-07 00:00:00,11 days 00:00:00,264,-33.75,-114.25,991.3,56.8
2026-07-27,9,43,2026-08-07 06:00:00,11 days 06:00:00,270,-36.89,-116.17,988.0,61.5
2026-07-27,9,43,2026-08-07 12:00:00,11 days 12:00:00,276,-40.0,-118.25,984.6,66.2
2026-07-27,1,44,2026-07-27 00:00:00,0 days 00:00:00,0,20.0,-143.0,995.2,51.2
2026-07-27,1,44,2026-07-27 06:00:00,0 days 06:00:00,6,20.38,-144.37,996.3,49.5
2026-07-27,1,44,2026-07-27 12:00:00,0 days 12:00:00,12,20.75,-145.75,997.4,47.7
2026-07-27,1,44,2026-07-27 18:00:00,0 days 18:00:00,18,21.13,-147.0,999.5,44.4
2026-07-27,1,44,2026-07-28 00:00:00,1 days 00:00:00,24,21.5,-148.25,1001.6,41.0
2026-07-27,1,44,2026-07-28 06:00:00,1 days 06:00:00,30,21.63,-149.5,1003.4,37.9
2026-07-27,1,44,2026-07-28 12:00:00,1 days 12:00:00,36,21.75,-150.75,1005.2,34.8
2026-07-27,10,44,2026-08-04 00:00:00,8 days 00:00:00,192,38.0,-76.0,1012.9,19.0
2026-07-27,10,44,2026-08-04 06:00:00,8 days 06:00:00,198,37.95,-75.06,1011.8,21.5
2026-07-27,10,44,2026-08-04 12:00:00,8 days 12:00:00,204,37.89,-74.12,1010.6,23.9
2026-07-27,10,44,2026-08-04 18:00:00,8 days 18:00:00,210,37.82,-73.18,1009.5,26.4
2026-07-27,10,44,2026-08-05 00:00:00,9 days 00:00:00,216,37.75,-72.25,1008.3,28.8
2026-07-27,10,44,2026-08-05 06:00:00,9 days 06:00:00,222,37.38,-71.24,1007.2,30.9
2026-07-27,10,44,2026-08-05 12:00:00,9 days 12:00:00,228,37.0,-70.25,1006.2,33.0
2026-07-27,10,44,2026-08-05 18:00:00,9 days 18:00:00,234,37.75,-69.51,1007.1,31.2
2026-07-27,10,44,2026-08-06 00:00:00,10 days 00:00:00,240,38.5,-68.75,1008.0,29.5
2026-07-27,10,44,2026-08-06 06:00:00,10 days 06:00:00,246,38.88,-67.26,1008.1,29.3
2026-07-27,10,44,2026-08-06 12:00:00,10 days 12:00:00,252,39.25,-65.75,1008.2,29.1
2026-07-27,10,44,2026-08-06 18:00:00,10 days 18:00:00,258,40.01,-64.14,1008.4,28.8
2026-07-27,10,44,2026-08-07 00:00:00,11 days 00:00:00,264,40.75,-62.5,1008.5,28.5
2026-07-27,10,44,2026-08-07 06:00:00,11 days 06:00:00,270,41.16,-59.64,1008.3,28.9
2026-07-27,10,44,2026-08-07 12:00:00,11 days 12:00:00,276,41.5,-56.75,1008.1,29.3
2026-07-27,10,44,2026-08-07 18:00:00,11 days 18:00:00,282,41.39,-54.62,1008.2,29.2
2026-07-27,10,44,2026-08-08 00:00:00,12 days 00:00:00,288,41.25,-52.5,1008.2,29.1
2026-07-27,10,44,2026-08-08 06:00:00,12 days 06:00:00,294,41.03,-49.87,1007.2,31.1
2026-07-27,10,44,2026-08-08 12:00:00,12 days 12:00:00,300,40.75,-47.25,1006.1,33.1
2026-07-27,10,44,2026-08-08 18:00:00,12 days 18:00:00,306,40.02,-44.85,1007.5,30.5
2026-07-27,10,44,2026-08-09 00:00:00,13 days 00:00:00,312,39.25,-42.5,1008.8,27.9
2026-07-27,11,44,2026-08-05 12:00:00,9 days 12:00:00,228,19.5,168.25,999.2,45.0
2026-07-27,11,44,2026-08-05 18:00:00,9 days 18:00:00,234,21.25,167.59,998.1,46.7
2026-07-27,11,44,2026-08-06 00:00:00,10 days 00:00:00,240,23.01,166.91,997.0,48.4
2026-07-27,11,44,2026-08-06 06:00:00,10 days 06:00:00,246,24.76,166.21,995.9,50.0
2026-07-27,11,44,2026-08-06 12:00:00,10 days 12:00:00,252,26.5,165.5,994.8,51.7
2026-07-27,11,44,2026-08-06 18:00:00,10 days 18:00:00,258,27.75,164.39,993.6,53.5
2026-07-27,11,44,2026-08-07 00:00:00,11 days 00:00:00,264,29.0,163.25,992.5,55.2
2026-07-27,11,44,2026-08-07 06:00:00,11 days 06:00:00,270,29.75,162.51,991.2,57.0
2026-07-27,11,44,2026-08-07 12:00:00,11 days 12:00:00,276,30.5,161.75,989.9,58.8
2026-07-27,11,44,2026-08-07 18:00:00,11 days 18:00:00,282,31.25,161.5,989.6,59.3
2026-07-27,11,44,2026-08-08 00:00:00,12 days 00:00:00,288,32.0,161.25,989.3,59.8
2026-07-27,11,44,2026-08-08 06:00:00,12 days 06:00:00,294,32.5,160.38,989.8,59.0
2026-07-27,11,44,2026-08-08 12:00:00,12 days 12:00:00,300,33.0,159.5,990.4,58.2
2026-07-27,11,44,2026-08-08 18:00:00,12 days 18:00:00,306,33.5,159.0,990.8,57.7
2026-07-27,11,44,2026-08-09 00:00:00,13 days 00:00:00,312,34.0,158.5,991.1,57.1
2026-07-27,11,44,2026-08-09 06:00:00,13 days 06:00:00,318,34.5,157.88,991.5,56.6
2026-07-27,11,44,2026-08-09 12:00:00,13 days 12:00:00,324,35.0,157.25,991.9,56.1
2026-07-27,11,44,2026-08-09 18:00:00,13 days 18:00:00,330,35.63,156.01,993.7,53.4
2026-07-27,11,44,2026-08-10 00:00:00,14 days 00:00:00,336,36.25,154.75,995.5,50.7
2026-07-27,11,44,2026-08-10 06:00:00,14 days 06:00:00,342,36.88,153.88,995.7,50.4
2026-07-27,11,44,2026-08-10 12:00:00,14 days 12:00:00,348,37.5,153.0,995.9,50.1
2026-07-27,11,44,2026-08-10 18:00:00,14 days 18:00:00,354,38.25,152.63,997.5,47.6
2026-07-27,11,44,2026-08-11 00:00:00,15 days 00:00:00,360,39.0,152.25,999.1,45.1
2026-07-27,12,44,2026-08-08 12:00:00,12 days 12:00:00,300,24.0,167.0,1004.6,35.8
2026-07-27,12,44,2026-08-08 18:00:00,12 days 18:00:00,306,24.63,167.5,1002.6,39.2
2026-07-27,12,44,2026-08-09 00:00:00,13 days 00:00:00,312,25.25,168.0,1000.6,42.6
2026-07-27,12,44,2026-08-09 06:00:00,13 days 06:00:00,318,26.0,168.0,996.8,48.6
2026-07-27,12,44,2026-08-09 12:00:00,13 days 12:00:00,324,26.75,168.0,993.0,54.5
2026-07-27,12,44,2026-08-09 18:00:00,13 days 18:00:00,330,27.5,167.26,992.0,55.9
2026-07-27,12,44,2026-08-10 00:00:00,14 days 00:00:00,336,28.25,166.5,991.0,57.4
2026-07-27,12,44,2026-08-10 06:00:00,14 days 06:00:00,342,28.63,165.63,987.6,62.0
2026-07-27,12,44,2026-08-10 12:00:00,14 days 12:00:00,348,29.0,164.75,984.3,66.6
2026-07-27,12,44,2026-08-10 18:00:00,14 days 18:00:00,354,29.88,163.63,982.0,69.6
2026-07-27,12,44,2026-08-11 00:00:00,15 days 00:00:00,360,30.75,162.5,979.6,72.7
2026-07-27,5,44,2026-07-27 00:00:00,0 days 00:00:00,0,14.5,-110.75,972.9,81.1
2026-07-27,5,44,2026-07-27 06:00:00,0 days 06:00:00,6,15.25,-111.62,975.2,78.3
2026-07-27,5,44,2026-07-27 12:00:00,0 days 12:00:00,12,16.0,-112.5,977.5,75.4
2026-07-27,5,44,2026-07-27 18:00:00,0 days 18:00:00,18,16.38,-113.37,978.3,74.4
2026-07-27,5,44,2026-07-28 00:00:00,1 days 00:00:00,24,16.75,-114.25,979.1,73.4
2026-07-27,5,44,2026-07-28 06:00:00,1 days 06:00:00,30,17.13,-115.0,979.6,72.8
2026-07-27,5,44,2026-07-28 12:00:00,1 days 12:00:00,36,17.5,-115.75,980.0,72.2
2026-07-27,5,44,2026-07-28 18:00:00,1 days 18:00:00,42,17.75,-116.62,979.9,72.4
2026-07-27,5,44,2026-07-29 00:00:00,2 days 00:00:00,48,18.0,-117.5,979.7,72.5
2026-07-27,5,44,2026-07-29 06:00:00,2 days 06:00:00,54,18.13,-118.25,981.0,70.9
2026-07-27,5,44,2026-07-29 12:00:00,2 days 12:00:00,60,18.25,-119.0,982.4,69.2
2026-07-27,5,44,2026-07-29 18:00:00,2 days 18:00:00,66,18.38,-120.0,984.1,66.9
2026-07-27,5,44,2026-07-30 00:00:00,3 days 00:00:00,72,18.5,-121.0,985.8,64.5
2026-07-27,5,44,2026-07-30 06:00:00,3 days 06:00:00,78,18.63,-122.0,988.3,61.0
2026-07-27,5,44,2026-07-30 12:00:00,3 days 12:00:00,84,18.75,-123.0,990.9,57.5
2026-07-27,5,44,2026-07-30 18:00:00,3 days 18:00:00,90,19.13,-124.12,992.4,55.3
2026-07-27,5,44,2026-07-31 00:00:00,4 days 00:00:00,96,19.5,-125.25,993.9,53.1
2026-07-27,5,44,2026-07-31 06:00:00,4 days 06:00:00,102,19.76,-126.62,996.0,49.9
2026-07-27,5,44,2026-07-31 12:00:00,4 days 12:00:00,108,20.0,-128.0,998.2,46.6
2026-07-27,5,44,2026-07-31 18:00:00,4 days 18:00:00,114,20.63,-129.49,999.1,45.0
2026-07-27,5,44,2026-08-01 00:00:00,5 days 00:00:00,120,21.25,-131.0,1000.1,43.4
2026-07-27,5,44,2026-08-01 06:00:00,5 days 06:00:00,126,21.26,-132.38,1001.8,40.6
2026-07-27,5,44,2026-08-01 12:00:00,5 days 12:00:00,132,21.25,-133.75,1003.5,37.8
2026-07-27,5,44,2026-08-01 18:00:00,5 days 18:00:00,138,21.78,-135.54,1004.4,36.1
2026-07-27,5,44,2026-08-02 00:00:00,6 days 00:00:00,144,22.29,-137.35,1005.3,34.5
2026-07-27,5,44,2026-08-02 06:00:00,6 days 06:00:00,150,22.78,-139.17,1006.2,32.9
2026-07-27,5,44,2026-08-02 12:00:00,6 days 12:00:00,156,23.25,-141.0,1007.1,31.2
2026-07-27,5,44,2026-08-02 18:00:00,6 days 18:00:00,162,23.13,-142.25,1007.3,30.8
2026-07-27,5,44,2026-08-03 00:00:00,7 days 00:00:00,168,23.0,-143.5,1007.5,30.5
2026-07-27,5,44,2026-08-03 06:00:00,7 days 06:00:00,174,23.13,-144.5,1008.2,29.0
2026-07-27,5,44,2026-08-03 12:00:00,7 days 12:00:00,180,23.25,-145.5,1009.0,27.6
2026-07-27,6,44,2026-07-27 00:00:00,0 days 00:00:00,0,21.25,88.5,992.6,54.9
2026-07-27,6,44,2026-07-27 06:00:00,0 days 06:00:00,6,21.38,88.25,991.3,56.9
2026-07-27,6,44,2026-07-27 12:00:00,0 days 12:00:00,12,21.5,88.0,989.9,58.8
2026-07-27,6,44,2026-07-27 18:00:00,0 days 18:00:00,18,21.88,87.88,991.2,57.0
2026-07-27,6,44,2026-07-28 00:00:00,1 days 00:00:00,24,22.25,87.75,992.5,55.2
2026-07-27,6,44,2026-07-28 06:00:00,1 days 06:00:00,30,22.38,86.88,992.7,54.9
2026-07-27,6,44,2026-07-28 12:00:00,1 days 12:00:00,36,22.5,86.0,992.9,54.6
2026-07-27,6,44,2026-07-28 18:00:00,1 days 18:00:00,42,22.38,85.12,993.0,54.4
2026-07-27,6,44,2026-07-29 00:00:00,2 days 00:00:00,48,22.25,84.25,993.2,54.1
2026-07-27,6,44,2026-07-29 06:00:00,2 days 06:00:00,54,22.57,83.2,993.4,53.9
2026-07-27,6,44,2026-07-29 12:00:00,2 days 12:00:00,60,22.89,82.13,993.5,53.7
2026-07-27,6,44,2026-07-29 18:00:00,2 days 18:00:00,66,23.2,81.07,993.6,53.5
2026-07-27,6,44,2026-07-30 00:00:00,3 days 00:00:00,72,23.5,80.0,993.8,53.3
2026-07-27,6,44,2026-07-30 06:00:00,3 days 06:00:00,78,22.97,78.1,993.1,54.2
2026-07-27,6,44,2026-07-30 12:00:00,3 days 12:00:00,84,22.42,76.22,992.5,55.2
2026-07-27,6,44,2026-07-30 18:00:00,3 days 18:00:00,90,21.84,74.35,991.8,56.1
2026-07-27,6,44,2026-07-31 00:00:00,4 days 00:00:00,96,21.25,72.5,991.2,57.1
2026-07-27,7,44,2026-07-27 00:00:00,0 days 00:00:00,0,12.75,178.25,1002.3,39.9
2026-07-27,7,44,2026-07-27 06:00:00,0 days 06:00:00,6,13.0,176.88,1001.8,40.7
2026-07-27,7,44,2026-07-27 12:00:00,0 days 12:00:00,12,13.25,175.5,1001.3,41.6
2026-07-27,7,44,2026-07-27 18:00:00,0 days 18:00:00,18,13.25,174.25,999.8,44.0
2026-07-27,7,44,2026-07-28 00:00:00,1 days 00:00:00,24,13.25,173.0,998.3,46.4
2026-07-27,7,44,2026-07-28 06:00:00,1 days 06:00:00,30,13.63,172.0,995.9,50.0
2026-07-27,7,44,2026-07-28 12:00:00,1 days 12:00:00,36,14.0,171.0,993.6,53.5
2026-07-27,7,44,2026-07-28 18:00:00,1 days 18:00:00,42,14.25,170.25,993.0,54.3
2026-07-27,7,44,2026-07-29 00:00:00,2 days 00:00:00,48,14.5,169.5,992.5,55.2
2026-07-27,7,44,2026-07-29 06:00:00,2 days 06:00:00,54,14.88,168.5,990.6,57.8
2026-07-27,7,44,2026-07-29 12:00:00,2 days 12:00:00,60,15.25,167.5,988.8,60.5
2026-07-27,7,44,2026-07-29 18:00:00,2 days 18:00:00,66,15.88,167.0,988.2,61.2
2026-07-27,7,44,2026-07-30 00:00:00,3 days 00:00:00,72,16.5,166.5,987.7,61.9
2026-07-27,7,44,2026-07-30 06:00:00,3 days 06:00:00,78,17.0,165.63,984.0,66.9
2026-07-27,7,44,2026-07-30 12:00:00,3 days 12:00:00,84,17.5,164.75,980.3,71.8
2026-07-27,7,44,2026-07-30 18:00:00,3 days 18:00:00,90,17.88,163.88,978.2,74.4
2026-07-27,7,44,2026-07-31 00:00:00,4 days 00:00:00,96,18.25,163.0,976.1,77.1
2026-07-27,7,44,2026-07-31 06:00:00,4 days 06:00:00,102,18.88,162.13,972.4,81.6
2026-07-27,7,44,2026-07-31 12:00:00,4 days 12:00:00,108,19.5,161.25,968.7,86.2
2026-07-27,7,44,2026-07-31 18:00:00,4 days 18:00:00,114,20.13,160.13,966.9,88.3
2026-07-27,7,44,2026-08-01 00:00:00,5 days 00:00:00,120,20.75,159.0,965.0,90.5
2026-07-27,7,44,2026-08-01 06:00:00,5 days 06:00:00,126,21.25,157.88,962.6,93.2
2026-07-27,7,44,2026-08-01 12:00:00,5 days 12:00:00,132,21.75,156.75,960.2,96.0
2026-07-27,7,44,2026-08-01 18:00:00,5 days 18:00:00,138,22.5,155.51,958.3,98.1
2026-07-27,7,44,2026-08-02 00:00:00,6 days 00:00:00,144,23.25,154.25,956.4,100.2
2026-07-27,7,44,2026-08-02 06:00:00,6 days 06:00:00,150,23.88,153.01,955.8,100.9
2026-07-27,7,44,2026-08-02 12:00:00,6 days 12:00:00,156,24.5,151.75,955.1,101.6
2026-07-27,7,44,2026-08-02 18:00:00,6 days 18:00:00,162,25.0,150.63,957.9,98.5
2026-07-27,7,44,2026-08-03 00:00:00,7 days 00:00:00,168,25.5,149.5,960.7,95.4
2026-07-27,7,44,2026-08-03 06:00:00,7 days 06:00:00,174,26.13,148.26,961.5,94.5
2026-07-27,7,44,2026-08-03 12:00:00,7 days 12:00:00,180,26.75,147.0,962.3,93.6
2026-07-27,7,44,2026-08-03 18:00:00,7 days 18:00:00,186,27.26,145.63,963.2,92.5
2026-07-27,7,44,2026-08-04 00:00:00,8 days 00:00:00,192,27.75,144.25,964.1,91.5
2026-07-27,7,44,2026-08-04 06:00:00,8 days 06:00:00,198,28.26,143.01,965.1,90.4
2026-07-27,7,44,2026-08-04 12:00:00,8 days 12:00:00,204,28.75,141.75,966.1,89.2
2026-07-27,7,44,2026-08-04 18:00:00,8 days 18:00:00,210,28.76,140.25,965.6,89.8
2026-07-27,7,44,2026-08-05 00:00:00,9 days 00:00:00,216,28.75,138.75,965.0,90.5
2026-07-27,7,44,2026-08-05 06:00:00,9 days 06:00:00,222,29.14,137.01,966.5,88.7
2026-07-27,7,44,2026-08-05 12:00:00,9 days 12:00:00,228,29.5,135.25,968.0,86.9
2026-07-27,7,44,2026-08-05 18:00:00,9 days 18:00:00,234,29.88,133.88,967.9,87.1
2026-07-27,7,44,2026-08-06 00:00:00,10 days 00:00:00,240,30.25,132.5,967.8,87.2
2026-07-27,7,44,2026-08-06 06:00:00,10 days 06:00:00,246,31.13,131.63,970.6,83.9
2026-07-27,7,44,2026-08-06 12:00:00,10 days 12:00:00,252,32.0,130.75,973.4,80.5
2026-07-27,7,44,2026-08-06 18:00:00,10 days 18:00:00,258,32.88,130.13,977.1,75.9
2026-07-27,7,44,2026-08-07 00:00:00,11 days 00:00:00,264,33.75,129.5,980.8,71.2
2026-07-27,7,44,2026-08-07 06:00:00,11 days 06:00:00,270,34.63,129.13,983.9,67.0
2026-07-27,7,44,2026-08-07 12:00:00,11 days 12:00:00,276,35.5,128.75,987.1,62.8
2026-07-27,7,44,2026-08-07 18:00:00,11 days 18:00:00,282,36.88,128.87,988.5,60.8
2026-07-27,7,44,2026-08-08 00:00:00,12 days 00:00:00,288,38.25,129.0,989.9,58.8
2026-07-27,7,44,2026-08-08 06:00:00,12 days 06:00:00,294,38.88,129.74,991.4,56.7
2026-07-27,7,44,2026-08-08 12:00:00,12 days 12:00:00,300,39.5,130.5,992.8,54.7
2026-07-27,7,44,2026-08-08 18:00:00,12 days 18:00:00,306,40.63,131.73,992.1,55.7
2026-07-27,7,44,2026-08-09 00:00:00,13 days 00:00:00,312,41.75,133.0,991.3,56.8
2026-07-27,7,44,2026-08-09 06:00:00,13 days 06:00:00,318,42.14,134.74,993.5,53.7
2026-07-27,7,44,2026-08-09 12:00:00,13 days 12:00:00,324,42.5,136.5,995.6,50.5
2026-07-27,8,44,2026-07-28 12:00:00,1 days 12:00:00,36,30.5,49.75,993.4,53.8
2026-07-27,8,44,2026-07-28 18:00:00,1 days 18:00:00,42,31.43,56.45,993.4,53.9
2026-07-27,8,44,2026-07-29 00:00:00,2 days 00:00:00,48,32.0,63.25,993.3,54.0
2026-07-27,8,44,2026-07-29 06:00:00,2 days 06:00:00,54,32.38,62.75,992.9,54.6
2026-07-27,8,44,2026-07-29 12:00:00,2 days 12:00:00,60,32.75,62.25,992.4,55.3
2026-07-27,8,44,2026-07-29 18:00:00,2 days 18:00:00,66,32.25,62.63,993.2,54.1
2026-07-27,8,44,2026-07-30 00:00:00,3 days 00:00:00,72,31.75,63.0,994.0,53.0
2026-07-27,8,44,2026-07-30 06:00:00,3 days 06:00:00,78,31.5,62.62,993.3,53.9
2026-07-27,8,44,2026-07-30 12:00:00,3 days 12:00:00,84,31.25,62.25,992.7,54.8
2026-07-27,8,44,2026-07-30 18:00:00,3 days 18:00:00,90,31.25,62.19,992.5,55.1
2026-07-27,8,44,2026-07-31 00:00:00,4 days 00:00:00,96,31.25,62.12,992.4,55.4
2026-07-27,8,44,2026-07-31 06:00:00,4 days 06:00:00,102,31.25,62.06,992.2,55.6
2026-07-27,8,44,2026-07-31 12:00:00,4 days 12:00:00,108,31.25,62.0,992.0,55.9
2026-07-27,9,44,2026-07-30 12:00:00,3 days 12:00:00,84,14.5,133.5,1005.5,34.1
2026-07-27,9,44,2026-07-30 18:00:00,3 days 18:00:00,90,14.69,132.75,1005.1,34.8
2026-07-27,9,44,2026-07-31 00:00:00,4 days 00:00:00,96,14.88,132.0,1004.7,35.6
2026-07-27,9,44,2026-07-31 06:00:00,4 days 06:00:00,102,15.07,131.25,1004.3,36.3
2026-07-27,9,44,2026-07-31 12:00:00,4 days 12:00:00,108,15.25,130.5,1003.9,37.0
2026-07-27,9,44,2026-07-31 18:00:00,4 days 18:00:00,114,16.0,130.01,1003.8,37.2
2026-07-27,9,44,2026-08-01 00:00:00,5 days 00:00:00,120,16.75,129.51,1003.8,37.3
2026-07-27,9,44,2026-08-01 06:00:00,5 days 06:00:00,126,17.5,129.01,1003.7,37.5
2026-07-27,9,44,2026-08-01 12:00:00,5 days 12:00:00,132,18.25,128.5,1003.6,37.6
2026-07-27,9,44,2026-08-01 18:00:00,5 days 18:00:00,138,17.75,127.37,1002.0,40.3
2026-07-27,9,44,2026-08-02 00:00:00,6 days 00:00:00,144,17.25,126.25,1000.4,43.0
2026-07-27,9,44,2026-08-02 06:00:00,6 days 06:00:00,150,17.5,125.25,997.3,47.8
2026-07-27,9,44,2026-08-02 12:00:00,6 days 12:00:00,156,17.75,124.25,994.3,52.5
2026-07-27,9,44,2026-08-02 18:00:00,6 days 18:00:00,162,17.75,123.75,991.5,56.5
2026-07-27,9,44,2026-08-03 00:00:00,7 days 00:00:00,168,17.75,123.25,988.8,60.4
2026-07-27,9,44,2026-08-03 06:00:00,7 days 06:00:00,174,17.63,122.37,992.2,55.5
2026-07-27,9,44,2026-08-03 12:00:00,7 days 12:00:00,180,17.5,121.5,995.6,50.5
2026-07-27,9,44,2026-08-03 18:00:00,7 days 18:00:00,186,17.25,121.0,996.2,49.7
2026-07-27,9,44,2026-08-04 00:00:00,8 days 00:00:00,192,17.0,120.5,996.7,48.8
2026-07-27,9,44,2026-08-04 06:00:00,8 days 06:00:00,198,17.62,120.5,998.0,46.9
2026-07-27,9,44,2026-08-04 12:00:00,8 days 12:00:00,204,18.25,120.5,999.2,44.9
2026-07-27,9,44,2026-08-04 18:00:00,8 days 18:00:00,210,17.62,120.5,998.9,45.4
2026-07-27,9,44,2026-08-05 00:00:00,9 days 00:00:00,216,17.0,120.5,998.6,45.9
2026-07-27,9,44,2026-08-05 06:00:00,9 days 06:00:00,222,17.5,120.5,999.0,45.3
2026-07-27,9,44,2026-08-05 12:00:00,9 days 12:00:00,228,18.0,120.5,999.3,44.7
2026-07-27,9,44,2026-08-05 18:00:00,9 days 18:00:00,234,18.0,121.88,999.4,44.6
2026-07-27,9,44,2026-08-06 00:00:00,10 days 00:00:00,240,18.0,123.25,999.4,44.6
2026-07-27,9,44,2026-08-06 06:00:00,10 days 06:00:00,246,18.13,124.12,999.4,44.6
2026-07-27,9,44,2026-08-06 12:00:00,10 days 12:00:00,252,18.25,125.0,999.4,44.6
2026-07-27,9,44,2026-08-06 18:00:00,10 days 18:00:00,258,18.5,125.37,998.7,45.7
2026-07-27,9,44,2026-08-07 00:00:00,11 days 00:00:00,264,18.75,125.75,998.0,46.8
2026-07-27,9,44,2026-08-07 06:00:00,11 days 06:00:00,270,19.75,125.63,996.0,49.9
2026-07-27,9,44,2026-08-07 12:00:00,11 days 12:00:00,276,20.75,125.5,993.9,53.0
2026-07-27,9,44,2026-08-07 18:00:00,11 days 18:00:00,282,21.5,124.88,991.8,56.2
2026-07-27,9,44,2026-08-08 00:00:00,12 days 00:00:00,288,22.25,124.25,989.6,59.4
2026-07-27,9,44,2026-08-08 06:00:00,12 days 06:00:00,294,22.75,123.5,990.2,58.5
2026-07-27,9,44,2026-08-08 12:00:00,12 days 12:00:00,300,23.25,122.75,990.8,57.6
2026-07-27,9,44,2026-08-08 18:00:00,12 days 18:00:00,306,23.88,121.38,993.6,53.4
2026-07-27,9,44,2026-08-09 00:00:00,13 days 00:00:00,312,24.5,120.0,996.5,49.2
2026-07-27,9,44,2026-08-09 06:00:00,13 days 06:00:00,318,24.5,119.12,996.4,49.3
2026-07-27,9,44,2026-08-09 12:00:00,13 days 12:00:00,324,24.5,118.25,996.4,49.4
2026-07-27,1,45,2026-07-27 00:00:00,0 days 00:00:00,0,20.0,-143.0,995.2,51.2
2026-07-27,1,45,2026-07-27 06:00:00,0 days 06:00:00,6,20.26,-144.37,995.7,50.3
2026-07-27,1,45,2026-07-27 12:00:00,0 days 12:00:00,12,20.5,-145.75,996.3,49.5
2026-07-27,1,45,2026-07-27 18:00:00,0 days 18:00:00,18,20.88,-147.12,999.2,44.8
2026-07-27,1,45,2026-07-28 00:00:00,1 days 00:00:00,24,21.25,-148.5,1002.1,40.1
2026-07-27,1,45,2026-07-28 06:00:00,1 days 06:00:00,30,21.38,-149.87,1003.6,37.5
2026-07-27,1,45,2026-07-28 12:00:00,1 days 12:00:00,36,21.5,-151.25,1005.2,34.8
2026-07-27,10,45,2026-08-05 00:00:00,9 days 00:00:00,216,17.0,155.0,1000.3,43.2
2026-07-27,10,45,2026-08-05 06:00:00,9 days 06:00:00,222,17.13,154.38,999.5,44.4
2026-07-27,10,45,2026-08-05 12:00:00,9 days 12:00:00,228,17.25,153.75,998.7,45.7
2026-07-27,10,45,2026-08-05 18:00:00,9 days 18:00:00,234,17.38,153.13,997.9,46.9
2026-07-27,10,45,2026-08-06 00:00:00,10 days 00:00:00,240,17.5,152.5,997.1,48.2
2026-07-27,10,45,2026-08-06 06:00:00,10 days 06:00:00,246,17.75,152.75,997.4,47.7
2026-07-27,10,45,2026-08-06 12:00:00,10 days 12:00:00,252,18.0,153.0,997.7,47.3
2026-07-27,10,45,2026-08-06 18:00:00,10 days 18:00:00,258,18.75,152.63,995.7,50.4
2026-07-27,10,45,2026-08-07 00:00:00,11 days 00:00:00,264,19.5,152.25,993.7,53.4
2026-07-27,10,45,2026-08-07 06:00:00,11 days 06:00:00,270,20.75,152.37,994.5,52.2
2026-07-27,10,45,2026-08-07 12:00:00,11 days 12:00:00,276,22.0,152.5,995.2,51.1
2026-07-27,10,45,2026-08-07 18:00:00,11 days 18:00:00,282,22.25,151.88,993.3,53.9
2026-07-27,10,45,2026-08-08 00:00:00,12 days 00:00:00,288,22.5,151.25,991.4,56.7
2026-07-27,10,45,2026-08-08 06:00:00,12 days 06:00:00,294,23.63,151.5,990.6,57.9
2026-07-27,10,45,2026-08-08 12:00:00,12 days 12:00:00,300,24.75,151.75,989.8,59.0
2026-07-27,10,45,2026-08-08 18:00:00,12 days 18:00:00,306,25.13,151.25,988.9,60.2
2026-07-27,10,45,2026-08-09 00:00:00,13 days 00:00:00,312,25.5,150.75,988.0,61.5
2026-07-27,10,45,2026-08-09 06:00:00,13 days 06:00:00,318,25.75,149.88,986.8,63.2
2026-07-27,10,45,2026-08-09 12:00:00,13 days 12:00:00,324,26.0,149.0,985.5,64.9
2026-07-27,10,45,2026-08-09 18:00:00,13 days 18:00:00,330,26.13,148.0,984.1,66.8
2026-07-27,10,45,2026-08-10 00:00:00,14 days 00:00:00,336,26.25,147.0,982.7,68.8
2026-07-27,10,45,2026-08-10 06:00:00,14 days 06:00:00,342,26.13,146.37,982.4,69.1
2026-07-27,10,45,2026-08-10 12:00:00,14 days 12:00:00,348,26.0,145.75,982.1,69.5
2026-07-27,10,45,2026-08-10 18:00:00,14 days 18:00:00,354,26.13,145.0,981.8,69.9
2026-07-27,10,45,2026-08-11 00:00:00,15 days 00:00:00,360,26.25,144.25,981.4,70.4
2026-07-27,5,45,2026-07-27 00:00:00,0 days 00:00:00,0,14.5,-110.75,972.9,81.1
2026-07-27,5,45,2026-07-27 06:00:00,0 days 06:00:00,6,15.13,-111.75,977.2,75.7
2026-07-27,5,45,2026-07-27 12:00:00,0 days 12:00:00,12,15.75,-112.75,981.5,70.3
2026-07-27,5,45,2026-07-27 18:00:00,0 days 18:00:00,18,16.13,-113.37,979.6,72.7
2026-07-27,5,45,2026-07-28 00:00:00,1 days 00:00:00,24,16.5,-114.0,977.7,75.1
2026-07-27,5,45,2026-07-28 06:00:00,1 days 06:00:00,30,16.88,-114.5,981.9,69.7
2026-07-27,5,45,2026-07-28 12:00:00,1 days 12:00:00,36,17.25,-115.0,986.0,64.3
2026-07-27,5,45,2026-07-28 18:00:00,1 days 18:00:00,42,17.5,-115.62,984.5,66.3
2026-07-27,5,45,2026-07-29 00:00:00,2 days 00:00:00,48,17.75,-116.25,983.0,68.2
2026-07-27,5,45,2026-07-29 06:00:00,2 days 06:00:00,54,18.0,-117.0,983.3,68.0
2026-07-27,5,45,2026-07-29 12:00:00,2 days 12:00:00,60,18.25,-117.75,983.5,67.7
2026-07-27,5,45,2026-07-29 18:00:00,2 days 18:00:00,66,18.63,-118.62,987.8,61.7
2026-07-27,5,45,2026-07-30 00:00:00,3 days 00:00:00,72,19.0,-119.5,992.1,55.7
2026-07-27,5,45,2026-07-30 06:00:00,3 days 06:00:00,78,19.5,-120.62,992.4,55.2
2026-07-27,5,45,2026-07-30 12:00:00,3 days 12:00:00,84,20.0,-121.75,992.7,54.8
2026-07-27,5,45,2026-07-30 18:00:00,3 days 18:00:00,90,20.76,-123.12,992.8,54.8
2026-07-27,5,45,2026-07-31 00:00:00,4 days 00:00:00,96,21.5,-124.5,992.8,54.7
2026-07-27,5,45,2026-07-31 06:00:00,4 days 06:00:00,102,22.13,-125.74,995.4,50.8
2026-07-27,5,45,2026-07-31 12:00:00,4 days 12:00:00,108,22.75,-127.0,998.0,46.9
2026-07-27,5,45,2026-07-31 18:00:00,4 days 18:00:00,114,23.51,-128.37,1001.1,41.6
2026-07-27,5,45,2026-08-01 00:00:00,5 days 00:00:00,120,24.25,-129.75,1004.3,36.4
2026-07-27,6,45,2026-07-27 00:00:00,0 days 00:00:00,0,21.25,88.5,992.6,54.9
2026-07-27,6,45,2026-07-27 06:00:00,0 days 06:00:00,6,21.38,88.38,992.4,55.3
2026-07-27,6,45,2026-07-27 12:00:00,0 days 12:00:00,12,21.5,88.25,992.2,55.6
2026-07-27,6,45,2026-07-27 18:00:00,0 days 18:00:00,18,21.75,88.0,992.6,54.9
2026-07-27,6,45,2026-07-28 00:00:00,1 days 00:00:00,24,22.0,87.75,993.1,54.3
2026-07-27,6,45,2026-07-28 06:00:00,1 days 06:00:00,30,21.76,86.37,993.1,54.2
2026-07-27,6,45,2026-07-28 12:00:00,1 days 12:00:00,36,21.5,85.0,993.2,54.1
2026-07-27,6,45,2026-07-28 18:00:00,1 days 18:00:00,42,21.5,84.25,993.6,53.5
2026-07-27,6,45,2026-07-29 00:00:00,2 days 00:00:00,48,21.5,83.5,994.0,52.9
2026-07-27,6,45,2026-07-29 06:00:00,2 days 06:00:00,54,21.51,82.38,993.8,53.2
2026-07-27,6,45,2026-07-29 12:00:00,2 days 12:00:00,60,21.52,81.25,993.6,53.6
2026-07-27,6,45,2026-07-29 18:00:00,2 days 18:00:00,66,21.51,80.12,993.4,53.9
2026-07-27,6,45,2026-07-30 00:00:00,3 days 00:00:00,72,21.5,79.0,993.1,54.2
2026-07-27,6,45,2026-07-30 06:00:00,3 days 06:00:00,78,21.4,77.43,992.5,55.1
2026-07-27,6,45,2026-07-30 12:00:00,3 days 12:00:00,84,21.28,75.87,991.9,56.0
2026-07-27,6,45,2026-07-30 18:00:00,3 days 18:00:00,90,21.15,74.31,991.3,56.9
2026-07-27,6,45,2026-07-31 00:00:00,4 days 00:00:00,96,21.0,72.75,990.7,57.8
2026-07-27,6,45,2026-07-31 06:00:00,4 days 06:00:00,102,21.56,72.38,991.3,56.8
2026-07-27,6,45,2026-07-31 12:00:00,4 days 12:00:00,108,22.13,72.01,992.0,55.9
2026-07-27,6,45,2026-07-31 18:00:00,4 days 18:00:00,114,22.69,71.63,992.6,55.0
2026-07-27,6,45,2026-08-01 00:00:00,5 days 00:00:00,120,23.25,71.25,993.3,54.0
2026-07-27,7,45,2026-07-27 00:00:00,0 days 00:00:00,0,12.75,178.25,1002.3,39.9
2026-07-27,7,45,2026-07-27 06:00:00,0 days 06:00:00,6,13.0,176.88,1001.9,40.4
2026-07-27,7,45,2026-07-27 12:00:00,0 days 12:00:00,12,13.25,175.5,1001.6,41.0
2026-07-27,7,45,2026-07-27 18:00:00,0 days 18:00:00,18,13.13,174.12,999.6,44.2
2026-07-27,7,45,2026-07-28 00:00:00,1 days 00:00:00,24,13.0,172.75,997.6,47.4
2026-07-27,7,45,2026-07-28 06:00:00,1 days 06:00:00,30,13.0,172.0,998.0,46.8
2026-07-27,7,45,2026-07-28 12:00:00,1 days 12:00:00,36,13.0,171.25,998.4,46.2
2026-07-27,7,45,2026-07-28 18:00:00,1 days 18:00:00,42,13.75,170.63,997.3,48.0
2026-07-27,7,45,2026-07-29 00:00:00,2 days 00:00:00,48,14.5,170.0,996.1,49.8
2026-07-27,7,45,2026-07-29 06:00:00,2 days 06:00:00,54,15.13,169.5,994.2,52.6
2026-07-27,7,45,2026-07-29 12:00:00,2 days 12:00:00,60,15.75,169.0,992.3,55.5
2026-07-27,7,45,2026-07-29 18:00:00,2 days 18:00:00,66,16.38,168.13,989.7,59.1
2026-07-27,7,45,2026-07-30 00:00:00,3 days 00:00:00,72,17.0,167.25,987.1,62.8
2026-07-27,7,45,2026-07-30 06:00:00,3 days 06:00:00,78,17.38,166.38,983.7,67.3
2026-07-27,7,45,2026-07-30 12:00:00,3 days 12:00:00,84,17.75,165.5,980.2,71.9
2026-07-27,7,45,2026-07-30 18:00:00,3 days 18:00:00,90,18.38,164.75,974.2,79.3
2026-07-27,7,45,2026-07-31 00:00:00,4 days 00:00:00,96,19.0,164.0,968.2,86.7
2026-07-27,7,45,2026-07-31 06:00:00,4 days 06:00:00,102,19.75,163.13,965.8,89.5
2026-07-27,7,45,2026-07-31 12:00:00,4 days 12:00:00,108,20.5,162.25,963.4,92.4
2026-07-27,7,45,2026-07-31 18:00:00,4 days 18:00:00,114,21.25,161.38,960.8,95.3
2026-07-27,7,45,2026-08-01 00:00:00,5 days 00:00:00,120,22.0,160.5,958.2,98.3
2026-07-27,7,45,2026-08-01 06:00:00,5 days 06:00:00,126,22.75,159.75,958.4,98.0
2026-07-27,7,45,2026-08-01 12:00:00,5 days 12:00:00,132,23.5,159.0,958.7,97.7
2026-07-27,7,45,2026-08-01 18:00:00,5 days 18:00:00,138,24.38,158.13,960.2,96.0
2026-07-27,7,45,2026-08-02 00:00:00,6 days 00:00:00,144,25.25,157.25,961.7,94.3
2026-07-27,7,45,2026-08-02 06:00:00,6 days 06:00:00,150,26.0,156.26,961.7,94.3
2026-07-27,7,45,2026-08-02 12:00:00,6 days 12:00:00,156,26.75,155.25,961.6,94.4
2026-07-27,7,45,2026-08-02 18:00:00,6 days 18:00:00,162,27.63,154.26,963.9,91.8
2026-07-27,7,45,2026-08-03 00:00:00,7 days 00:00:00,168,28.5,153.25,966.2,89.1
2026-07-27,7,45,2026-08-03 06:00:00,7 days 06:00:00,174,29.25,152.13,966.2,89.1
2026-07-27,7,45,2026-08-03 12:00:00,7 days 12:00:00,180,30.0,151.0,966.2,89.2
2026-07-27,7,45,2026-08-03 18:00:00,7 days 18:00:00,186,30.51,149.63,964.6,90.9
2026-07-27,7,45,2026-08-04 00:00:00,8 days 00:00:00,192,31.0,148.25,963.1,92.7
2026-07-27,7,45,2026-08-04 06:00:00,8 days 06:00:00,198,31.38,146.88,961.8,94.2
2026-07-27,7,45,2026-08-04 12:00:00,8 days 12:00:00,204,31.75,145.5,960.5,95.7
2026-07-27,7,45,2026-08-04 18:00:00,8 days 18:00:00,210,32.51,144.38,964.6,90.9
2026-07-27,7,45,2026-08-05 00:00:00,9 days 00:00:00,216,33.25,143.25,968.8,86.1
2026-07-27,7,45,2026-08-05 06:00:00,9 days 06:00:00,222,33.63,142.25,971.4,82.9
2026-07-27,7,45,2026-08-05 12:00:00,9 days 12:00:00,228,34.0,141.25,974.1,79.6
2026-07-27,7,45,2026-08-05 18:00:00,9 days 18:00:00,234,34.88,140.76,979.5,72.6
2026-07-27,7,45,2026-08-06 00:00:00,10 days 00:00:00,240,35.75,140.25,985.0,65.7
2026-07-27,7,45,2026-08-06 06:00:00,10 days 06:00:00,246,36.75,139.39,989.6,59.1
2026-07-27,7,45,2026-08-06 12:00:00,10 days 12:00:00,252,37.75,138.5,994.2,52.6
2026-07-27,7,45,2026-08-06 18:00:00,10 days 18:00:00,258,38.88,138.13,995.4,50.9
2026-07-27,7,45,2026-08-07 00:00:00,11 days 00:00:00,264,40.0,137.75,996.5,49.2
2026-07-27,7,45,2026-08-07 06:00:00,11 days 06:00:00,270,40.13,138.5,997.2,48.0
2026-07-27,7,45,2026-08-07 12:00:00,11 days 12:00:00,276,40.25,139.25,998.0,46.8
2026-07-27,8,45,2026-07-28 12:00:00,1 days 12:00:00,36,32.0,48.75,993.6,53.6
2026-07-27,8,45,2026-07-28 18:00:00,1 days 18:00:00,42,32.07,55.76,993.4,53.9
2026-07-27,8,45,2026-07-29 00:00:00,2 days 00:00:00,48,31.75,62.75,993.1,54.2
2026-07-27,8,45,2026-07-29 06:00:00,2 days 06:00:00,54,31.88,62.5,992.2,55.5
2026-07-27,8,45,2026-07-29 12:00:00,2 days 12:00:00,60,32.0,62.25,991.4,56.8
2026-07-27,8,45,2026-07-29 18:00:00,2 days 18:00:00,66,31.88,62.5,992.7,54.8
2026-07-27,8,45,2026-07-30 00:00:00,3 days 00:00:00,72,31.75,62.75,994.1,52.8
2026-07-27,8,45,2026-07-30 06:00:00,3 days 06:00:00,78,31.75,62.75,993.9,53.1
2026-07-27,8,45,2026-07-30 12:00:00,3 days 12:00:00,84,31.75,62.75,993.7,53.4
2026-07-27,8,45,2026-07-30 18:00:00,3 days 18:00:00,90,31.75,62.75,993.5,53.7
2026-07-27,8,45,2026-07-31 00:00:00,4 days 00:00:00,96,31.75,62.75,993.3,53.9
2026-07-27,8,45,2026-07-31 06:00:00,4 days 06:00:00,102,29.68,65.0,993.3,54.0
2026-07-27,8,45,2026-07-31 12:00:00,4 days 12:00:00,108,27.56,67.16,993.3,54.0
2026-07-27,8,45,2026-07-31 18:00:00,4 days 18:00:00,114,25.42,69.25,993.3,54.0
2026-07-27,8,45,2026-08-01 00:00:00,5 days 00:00:00,120,23.25,71.25,993.3,54.0
2026-07-27,9,45,2026-08-03 00:00:00,7 days 00:00:00,168,11.25,-125.5,1004.2,36.5
2026-07-27,9,45,2026-08-03 06:00:00,7 days 06:00:00,174,11.63,-126.5,1003.3,38.1
2026-07-27,9,45,2026-08-03 12:00:00,7 days 12:00:00,180,12.0,-127.5,1002.3,39.7
2026-07-27,9,45,2026-08-03 18:00:00,7 days 18:00:00,186,12.13,-128.5,1002.0,40.3
2026-07-27,9,45,2026-08-04 00:00:00,8 days 00:00:00,192,12.25,-129.5,1001.7,40.8
2026-07-27,9,45,2026-08-04 06:00:00,8 days 06:00:00,198,12.88,-130.12,999.7,44.1
2026-07-27,9,45,2026-08-04 12:00:00,8 days 12:00:00,204,13.5,-130.75,997.7,47.3
2026-07-27,9,45,2026-08-04 18:00:00,8 days 18:00:00,210,14.0,-131.87,997.3,47.9
2026-07-27,9,45,2026-08-05 00:00:00,9 days 00:00:00,216,14.5,-133.0,996.9,48.5
2026-07-27,9,45,2026-08-05 06:00:00,9 days 06:00:00,222,15.38,-133.87,997.4,47.8
2026-07-27,9,45,2026-08-05 12:00:00,9 days 12:00:00,228,16.25,-134.75,997.8,47.1
2026-07-27,9,45,2026-08-05 18:00:00,9 days 18:00:00,234,16.38,-136.25,998.9,45.3
2026-07-27,9,45,2026-08-06 00:00:00,10 days 00:00:00,240,16.5,-137.75,1000.1,43.5
2026-07-27,9,45,2026-08-06 06:00:00,10 days 06:00:00,246,16.5,-139.12,998.9,45.3
2026-07-27,9,45,2026-08-06 12:00:00,10 days 12:00:00,252,16.5,-140.5,997.8,47.1
2026-07-27,9,45,2026-08-06 18:00:00,10 days 18:00:00,258,17.0,-141.75,997.0,48.4
2026-07-27,9,45,2026-08-07 00:00:00,11 days 00:00:00,264,17.5,-143.0,996.1,49.7
2026-07-27,9,45,2026-08-07 06:00:00,11 days 06:00:00,270,17.63,-144.5,996.3,49.4
2026-07-27,9,45,2026-08-07 12:00:00,11 days 12:00:00,276,17.75,-146.0,996.6,49.1
2026-07-27,9,45,2026-08-07 18:00:00,11 days 18:00:00,282,18.0,-147.37,995.7,50.3
2026-07-27,9,45,2026-08-08 00:00:00,12 days 00:00:00,288,18.25,-148.75,994.9,51.5
2026-07-27,9,45,2026-08-08 06:00:00,12 days 06:00:00,294,18.26,-150.38,997.8,47.1
2026-07-27,9,45,2026-08-08 12:00:00,12 days 12:00:00,300,18.25,-152.0,1000.7,42.6
2026-07-27,9,45,2026-08-08 18:00:00,12 days 18:00:00,306,18.25,-153.0,1002.0,40.2
2026-07-27,9,45,2026-08-09 00:00:00,13 days 00:00:00,312,18.25,-154.0,1003.4,37.9
2026-07-27,9,45,2026-08-09 06:00:00,13 days 06:00:00,318,18.63,-154.25,1004.1,36.7
2026-07-27,9,45,2026-08-09 12:00:00,13 days 12:00:00,324,19.0,-154.5,1004.7,35.6
2026-07-27,1,46,2026-07-27 00:00:00,0 days 00:00:00,0,20.0,-143.0,995.2,51.2
2026-07-27,1,46,2026-07-27 06:00:00,0 days 06:00:00,6,20.38,-144.37,995.7,50.5
2026-07-27,1,46,2026-07-27 12:00:00,0 days 12:00:00,12,20.75,-145.75,996.1,49.7
2026-07-27,1,46,2026-07-27 18:00:00,0 days 18:00:00,18,21.01,-147.12,999.6,44.1
2026-07-27,1,46,2026-07-28 00:00:00,1 days 00:00:00,24,21.25,-148.5,1003.1,38.5
2026-07-27,10,46,2026-08-04 12:00:00,8 days 12:00:00,204,13.0,-129.5,1005.5,34.2
2026-07-27,10,46,2026-08-04 18:00:00,8 days 18:00:00,210,13.25,-130.87,1004.5,36.0
2026-07-27,10,46,2026-08-05 00:00:00,9 days 00:00:00,216,13.5,-132.25,1003.5,37.7
2026-07-27,10,46,2026-08-05 06:00:00,9 days 06:00:00,222,13.75,-133.0,1002.8,39.0
2026-07-27,10,46,2026-08-05 12:00:00,9 days 12:00:00,228,14.0,-133.75,1002.1,40.2
2026-07-27,10,46,2026-08-05 18:00:00,9 days 18:00:00,234,14.38,-135.25,1001.6,40.9
2026-07-27,10,46,2026-08-06 00:00:00,10 days 00:00:00,240,14.75,-136.75,1001.2,41.6
2026-07-27,10,46,2026-08-06 06:00:00,10 days 06:00:00,246,15.38,-137.62,1000.6,42.7
2026-07-27,10,46,2026-08-06 12:00:00,10 days 12:00:00,252,16.0,-138.5,999.9,43.8
2026-07-27,10,46,2026-08-06 18:00:00,10 days 18:00:00,258,16.25,-139.5,998.1,46.6
2026-07-27,10,46,2026-08-07 00:00:00,11 days 00:00:00,264,16.5,-140.5,996.3,49.5
2026-07-27,10,46,2026-08-07 06:00:00,11 days 06:00:00,270,17.38,-141.0,996.0,50.0
2026-07-27,10,46,2026-08-07 12:00:00,11 days 12:00:00,276,18.25,-141.5,995.7,50.5
2026-07-27,10,46,2026-08-07 18:00:00,11 days 18:00:00,282,18.25,-142.38,997.5,47.6
2026-07-27,10,46,2026-08-08 00:00:00,12 days 00:00:00,288,18.25,-143.25,999.3,44.8
2026-07-27,11,46,2026-08-07 00:00:00,11 days 00:00:00,264,11.0,-108.25,1004.1,36.7
2026-07-27,11,46,2026-08-07 06:00:00,11 days 06:00:00,270,10.88,-108.63,1003.4,37.9
2026-07-27,11,46,2026-08-07 12:00:00,11 days 12:00:00,276,10.75,-109.0,1002.7,39.1
2026-07-27,11,46,2026-08-07 18:00:00,11 days 18:00:00,282,11.26,-111.12,1003.4,38.0
2026-07-27,11,46,2026-08-08 00:00:00,12 days 00:00:00,288,11.75,-113.25,1004.0,36.9
2026-07-27,11,46,2026-08-08 06:00:00,12 days 06:00:00,294,12.13,-114.25,1002.8,38.9
2026-07-27,11,46,2026-08-08 12:00:00,12 days 12:00:00,300,12.5,-115.25,1001.6,41.0
2026-07-27,11,46,2026-08-08 18:00:00,12 days 18:00:00,306,12.75,-115.87,1000.3,43.2
2026-07-27,11,46,2026-08-09 00:00:00,13 days 00:00:00,312,13.0,-116.5,998.9,45.3
2026-07-27,11,46,2026-08-09 06:00:00,13 days 06:00:00,318,13.63,-118.12,996.2,49.6
2026-07-27,11,46,2026-08-09 12:00:00,13 days 12:00:00,324,14.25,-119.75,993.4,53.8
2026-07-27,11,46,2026-08-09 18:00:00,13 days 18:00:00,330,14.75,-120.75,992.9,54.5
2026-07-27,11,46,2026-08-10 00:00:00,14 days 00:00:00,336,15.25,-121.75,992.5,55.1
2026-07-27,11,46,2026-08-10 06:00:00,14 days 06:00:00,342,16.0,-122.62,989.2,59.8
2026-07-27,11,46,2026-08-10 12:00:00,14 days 12:00:00,348,16.75,-123.5,985.8,64.5
2026-07-27,11,46,2026-08-10 18:00:00,14 days 18:00:00,354,17.25,-124.37,984.3,66.5
2026-07-27,11,46,2026-08-11 00:00:00,15 days 00:00:00,360,17.75,-125.25,982.8,68.5
2026-07-27,5,46,2026-07-27 00:00:00,0 days 00:00:00,0,14.5,-110.75,972.9,81.1
2026-07-27,5,46,2026-07-27 06:00:00,0 days 06:00:00,6,15.25,-111.62,975.8,77.5
2026-07-27,5,46,2026-07-27 12:00:00,0 days 12:00:00,12,16.0,-112.5,978.7,73.8
2026-07-27,5,46,2026-07-27 18:00:00,0 days 18:00:00,18,16.5,-113.25,979.1,73.4
2026-07-27,5,46,2026-07-28 00:00:00,1 days 00:00:00,24,17.0,-114.0,979.4,73.0
2026-07-27,5,46,2026-07-28 06:00:00,1 days 06:00:00,30,17.25,-114.75,979.9,72.4
2026-07-27,5,46,2026-07-28 12:00:00,1 days 12:00:00,36,17.5,-115.5,980.3,71.8
2026-07-27,5,46,2026-07-28 18:00:00,1 days 18:00:00,42,17.75,-116.12,981.1,70.7
2026-07-27,5,46,2026-07-29 00:00:00,2 days 00:00:00,48,18.0,-116.75,982.0,69.7
2026-07-27,5,46,2026-07-29 06:00:00,2 days 06:00:00,54,18.25,-117.5,982.5,68.9
2026-07-27,5,46,2026-07-29 12:00:00,2 days 12:00:00,60,18.5,-118.25,983.1,68.2
2026-07-27,5,46,2026-07-29 18:00:00,2 days 18:00:00,66,18.75,-119.0,987.8,61.7
2026-07-27,5,46,2026-07-30 00:00:00,3 days 00:00:00,72,19.0,-119.75,992.4,55.2
2026-07-27,5,46,2026-07-30 06:00:00,3 days 06:00:00,78,19.25,-120.5,992.9,54.6
2026-07-27,5,46,2026-07-30 12:00:00,3 days 12:00:00,84,19.5,-121.25,993.3,54.0
2026-07-27,5,46,2026-07-30 18:00:00,3 days 18:00:00,90,20.13,-122.25,992.8,54.6
2026-07-27,5,46,2026-07-31 00:00:00,4 days 00:00:00,96,20.75,-123.25,992.4,55.3
2026-07-27,5,46,2026-07-31 06:00:00,4 days 06:00:00,102,21.01,-124.75,992.7,54.8
2026-07-27,5,46,2026-07-31 12:00:00,4 days 12:00:00,108,21.25,-126.25,993.0,54.4
2026-07-27,5,46,2026-07-31 18:00:00,4 days 18:00:00,114,21.76,-127.62,995.2,51.0
2026-07-27,5,46,2026-08-01 00:00:00,5 days 00:00:00,120,22.25,-129.0,997.5,47.7
2026-07-27,5,46,2026-08-01 06:00:00,5 days 06:00:00,126,22.63,-130.5,999.7,44.1
2026-07-27,5,46,2026-08-01 12:00:00,5 days 12:00:00,132,23.0,-132.0,1001.8,40.6
2026-07-27,6,46,2026-07-27 00:00:00,0 days 00:00:00,0,21.25,88.5,992.6,54.9
2026-07-27,6,46,2026-07-27 06:00:00,0 days 06:00:00,6,21.38,88.5,992.1,55.8
2026-07-27,6,46,2026-07-27 12:00:00,0 days 12:00:00,12,21.5,88.5,991.5,56.6
2026-07-27,6,46,2026-07-27 18:00:00,0 days 18:00:00,18,21.75,88.25,991.7,56.3
2026-07-27,6,46,2026-07-28 00:00:00,1 days 00:00:00,24,22.0,88.0,991.9,56.1
2026-07-27,6,46,2026-07-28 06:00:00,1 days 06:00:00,30,22.38,86.88,991.5,56.7
2026-07-27,6,46,2026-07-28 12:00:00,1 days 12:00:00,36,22.75,85.75,991.1,57.2
2026-07-27,6,46,2026-07-28 18:00:00,1 days 18:00:00,42,22.75,84.88,992.3,55.5
2026-07-27,6,46,2026-07-29 00:00:00,2 days 00:00:00,48,22.75,84.0,993.5,53.7
2026-07-27,6,46,2026-07-29 06:00:00,2 days 06:00:00,54,23.26,82.63,992.7,54.8
2026-07-27,6,46,2026-07-29 12:00:00,2 days 12:00:00,60,23.75,81.25,992.0,55.9
2026-07-27,6,46,2026-07-29 18:00:00,2 days 18:00:00,66,23.63,80.37,991.6,56.5
2026-07-27,6,46,2026-07-30 00:00:00,3 days 00:00:00,72,23.5,79.5,991.1,57.1
2026-07-27,6,46,2026-07-30 06:00:00,3 days 06:00:00,78,23.38,78.37,991.2,57.1
2026-07-27,6,46,2026-07-30 12:00:00,3 days 12:00:00,84,23.25,77.25,991.2,57.1
2026-07-27,7,46,2026-07-27 00:00:00,0 days 00:00:00,0,12.75,178.25,1002.3,39.9
2026-07-27,7,46,2026-07-27 06:00:00,0 days 06:00:00,6,12.88,176.88,1001.8,40.7
2026-07-27,7,46,2026-07-27 12:00:00,0 days 12:00:00,12,13.0,175.5,1001.2,41.6
2026-07-27,7,46,2026-07-27 18:00:00,0 days 18:00:00,18,13.0,174.25,999.5,44.4
2026-07-27,7,46,2026-07-28 00:00:00,1 days 00:00:00,24,13.0,173.0,997.8,47.2
2026-07-27,7,46,2026-07-28 06:00:00,1 days 06:00:00,30,13.13,172.0,995.5,50.6
2026-07-27,7,46,2026-07-28 12:00:00,1 days 12:00:00,36,13.25,171.0,993.3,54.0
2026-07-27,7,46,2026-07-28 18:00:00,1 days 18:00:00,42,13.63,170.13,992.2,55.6
2026-07-27,7,46,2026-07-29 00:00:00,2 days 00:00:00,48,14.0,169.25,991.1,57.2
2026-07-27,7,46,2026-07-29 06:00:00,2 days 06:00:00,54,14.38,168.5,988.4,60.9
2026-07-27,7,46,2026-07-29 12:00:00,2 days 12:00:00,60,14.75,167.75,985.7,64.7
2026-07-27,7,46,2026-07-29 18:00:00,2 days 18:00:00,66,15.13,167.0,982.9,68.4
2026-07-27,7,46,2026-07-30 00:00:00,3 days 00:00:00,72,15.5,166.25,980.1,72.1
2026-07-27,7,46,2026-07-30 06:00:00,3 days 06:00:00,78,16.0,165.63,978.0,74.8
2026-07-27,7,46,2026-07-30 12:00:00,3 days 12:00:00,84,16.5,165.0,975.8,77.5
2026-07-27,7,46,2026-07-30 18:00:00,3 days 18:00:00,90,17.25,164.25,972.6,81.5
2026-07-27,7,46,2026-07-31 00:00:00,4 days 00:00:00,96,18.0,163.5,969.3,85.4
2026-07-27,7,46,2026-07-31 06:00:00,4 days 06:00:00,102,18.5,162.75,969.0,85.8
2026-07-27,7,46,2026-07-31 12:00:00,4 days 12:00:00,108,19.0,162.0,968.7,86.1
2026-07-27,7,46,2026-07-31 18:00:00,4 days 18:00:00,114,19.75,161.25,964.7,90.8
2026-07-27,7,46,2026-08-01 00:00:00,5 days 00:00:00,120,20.5,160.5,960.6,95.5
2026-07-27,7,46,2026-08-01 06:00:00,5 days 06:00:00,126,21.38,159.51,961.1,95.0
2026-07-27,7,46,2026-08-01 12:00:00,5 days 12:00:00,132,22.25,158.5,961.6,94.5
2026-07-27,7,46,2026-08-01 18:00:00,5 days 18:00:00,138,23.0,157.51,958.2,98.2
2026-07-27,7,46,2026-08-02 00:00:00,6 days 00:00:00,144,23.75,156.5,954.9,101.9
2026-07-27,7,46,2026-08-02 06:00:00,6 days 06:00:00,150,24.63,155.26,955.6,101.1
2026-07-27,7,46,2026-08-02 12:00:00,6 days 12:00:00,156,25.5,154.0,956.3,100.3
2026-07-27,7,46,2026-08-02 18:00:00,6 days 18:00:00,162,26.5,152.88,959.1,97.2
2026-07-27,7,46,2026-08-03 00:00:00,7 days 00:00:00,168,27.5,151.75,961.9,94.1
2026-07-27,7,46,2026-08-03 06:00:00,7 days 06:00:00,174,28.25,150.76,964.6,90.9
2026-07-27,7,46,2026-08-03 12:00:00,7 days 12:00:00,180,29.0,149.75,967.4,87.7
2026-07-27,7,46,2026-08-03 18:00:00,7 days 18:00:00,186,29.5,148.88,968.1,86.8
2026-07-27,7,46,2026-08-04 00:00:00,8 days 00:00:00,192,30.0,148.0,968.9,85.9
2026-07-27,7,46,2026-08-04 06:00:00,8 days 06:00:00,198,29.63,146.75,967.5,87.6
2026-07-27,7,46,2026-08-04 12:00:00,8 days 12:00:00,204,29.25,145.5,966.1,89.2
2026-07-27,7,46,2026-08-04 18:00:00,8 days 18:00:00,210,29.5,144.63,967.8,87.3
2026-07-27,7,46,2026-08-05 00:00:00,9 days 00:00:00,216,29.75,143.75,969.4,85.3
2026-07-27,7,46,2026-08-05 06:00:00,9 days 06:00:00,222,30.01,142.5,967.6,87.5
2026-07-27,7,46,2026-08-05 12:00:00,9 days 12:00:00,228,30.25,141.25,965.7,89.7
2026-07-27,7,46,2026-08-05 18:00:00,9 days 18:00:00,234,30.25,140.38,966.5,88.8
2026-07-27,7,46,2026-08-06 00:00:00,10 days 00:00:00,240,30.25,139.5,967.2,87.9
2026-07-27,7,46,2026-08-06 06:00:00,10 days 06:00:00,246,30.38,138.13,967.6,87.5
2026-07-27,7,46,2026-08-06 12:00:00,10 days 12:00:00,252,30.5,136.75,967.9,87.1
2026-07-27,7,46,2026-08-06 18:00:00,10 days 18:00:00,258,30.75,135.88,968.1,86.9
2026-07-27,7,46,2026-08-07 00:00:00,11 days 00:00:00,264,31.0,135.0,968.3,86.7
2026-07-27,7,46,2026-08-07 06:00:00,11 days 06:00:00,270,31.25,134.5,966.4,88.8
2026-07-27,7,46,2026-08-07 12:00:00,11 days 12:00:00,276,31.5,134.0,964.6,91.0
2026-07-27,7,46,2026-08-07 18:00:00,11 days 18:00:00,282,32.13,133.26,967.8,87.2
2026-07-27,7,46,2026-08-08 00:00:00,12 days 00:00:00,288,32.75,132.5,971.0,83.4
2026-07-27,7,46,2026-08-08 06:00:00,12 days 06:00:00,294,33.63,131.76,979.3,72.7
2026-07-27,7,46,2026-08-08 12:00:00,12 days 12:00:00,300,34.5,131.0,987.6,62.0
2026-07-27,7,46,2026-08-08 18:00:00,12 days 18:00:00,306,35.25,130.5,989.1,60.0
2026-07-27,7,46,2026-08-09 00:00:00,13 days 00:00:00,312,36.0,130.0,990.5,58.0
2026-07-27,7,46,2026-08-09 06:00:00,13 days 06:00:00,318,37.0,130.62,990.8,57.6
2026-07-27,7,46,2026-08-09 12:00:00,13 days 12:00:00,324,38.0,131.25,991.1,57.2
2026-07-27,7,46,2026-08-09 18:00:00,13 days 18:00:00,330,38.38,131.87,989.8,59.0
2026-07-27,7,46,2026-08-10 00:00:00,14 days 00:00:00,336,38.75,132.5,988.5,60.8
2026-07-27,7,46,2026-08-10 06:00:00,14 days 06:00:00,342,39.5,132.87,989.0,60.2
2026-07-27,7,46,2026-08-10 12:00:00,14 days 12:00:00,348,40.25,133.25,989.4,59.5
2026-07-27,7,46,2026-08-10 18:00:00,14 days 18:00:00,354,41.0,133.99,989.8,59.0
2026-07-27,7,46,2026-08-11 00:00:00,15 days 00:00:00,360,41.75,134.75,990.2,58.5
2026-07-27,8,46,2026-07-29 12:00:00,2 days 12:00:00,60,31.75,62.5,991.6,56.5
2026-07-27,8,46,2026-07-29 18:00:00,2 days 18:00:00,66,32.0,62.75,992.8,54.7
2026-07-27,8,46,2026-07-30 00:00:00,3 days 00:00:00,72,32.25,63.0,994.0,52.9
2026-07-27,8,46,2026-07-30 06:00:00,3 days 06:00:00,78,32.5,62.88,992.7,54.9
2026-07-27,8,46,2026-07-30 12:00:00,3 days 12:00:00,84,32.75,62.75,991.3,56.8
2026-07-27,8,46,2026-07-30 18:00:00,3 days 18:00:00,90,32.63,62.56,991.3,56.9
2026-07-27,8,46,2026-07-31 00:00:00,4 days 00:00:00,96,32.5,62.37,991.2,57.0
2026-07-27,8,46,2026-07-31 06:00:00,4 days 06:00:00,102,32.38,62.19,991.1,57.1
2026-07-27,8,46,2026-07-31 12:00:00,4 days 12:00:00,108,32.25,62.0,991.1,57.2
2026-07-27,8,46,2026-07-31 18:00:00,4 days 18:00:00,114,32.13,62.5,992.5,55.1
2026-07-27,8,46,2026-08-01 00:00:00,5 days 00:00:00,120,32.0,63.0,993.9,53.0
2026-07-27,8,46,2026-08-01 06:00:00,5 days 06:00:00,126,32.0,62.5,992.2,55.5
2026-07-27,8,46,2026-08-01 12:00:00,5 days 12:00:00,132,32.0,62.0,990.6,57.9
2026-07-27,8,46,2026-08-01 18:00:00,5 days 18:00:00,138,31.56,62.25,990.7,57.7
2026-07-27,8,46,2026-08-02 00:00:00,6 days 00:00:00,144,31.13,62.5,990.9,57.5
2026-07-27,8,46,2026-08-02 06:00:00,6 days 06:00:00,150,30.69,62.75,991.0,57.3
2026-07-27,8,46,2026-08-02 12:00:00,6 days 12:00:00,156,30.25,63.0,991.2,57.0
2026-07-27,9,46,2026-08-01 12:00:00,5 days 12:00:00,132,17.25,127.75,1003.5,37.8
2026-07-27,9,46,2026-08-01 18:00:00,5 days 18:00:00,138,17.38,127.38,1001.5,41.1
2026-07-27,9,46,2026-08-02 00:00:00,6 days 00:00:00,144,17.5,127.0,999.5,44.5
2026-07-27,9,46,2026-08-02 06:00:00,6 days 06:00:00,150,17.63,126.5,996.0,49.9
2026-07-27,9,46,2026-08-02 12:00:00,6 days 12:00:00,156,17.75,126.0,992.4,55.2
2026-07-27,9,46,2026-08-02 18:00:00,6 days 18:00:00,162,17.75,125.5,989.0,60.1
2026-07-27,9,46,2026-08-03 00:00:00,7 days 00:00:00,168,17.75,125.0,985.5,64.9
2026-07-27,9,46,2026-08-03 06:00:00,7 days 06:00:00,174,17.88,124.13,982.9,68.4
2026-07-27,9,46,2026-08-03 12:00:00,7 days 12:00:00,180,18.0,123.25,980.2,71.9
2026-07-27,9,46,2026-08-03 18:00:00,7 days 18:00:00,186,17.63,122.5,983.2,68.0
2026-07-27,9,46,2026-08-04 00:00:00,8 days 00:00:00,192,17.25,121.75,986.2,64.0
2026-07-27,9,46,2026-08-04 06:00:00,8 days 06:00:00,198,17.13,121.88,990.3,58.1
2026-07-27,9,46,2026-08-04 12:00:00,8 days 12:00:00,204,17.0,122.0,994.5,52.2
2026-07-27,9,46,2026-08-04 18:00:00,8 days 18:00:00,210,17.13,121.88,996.0,50.0
2026-07-27,9,46,2026-08-05 00:00:00,9 days 00:00:00,216,17.25,121.75,997.4,47.8
2026-07-27,9,46,2026-08-05 06:00:00,9 days 06:00:00,222,17.38,122.12,997.1,48.2
2026-07-27,9,46,2026-08-05 12:00:00,9 days 12:00:00,228,17.5,122.5,996.8,48.6
2026-07-27,9,46,2026-08-05 18:00:00,9 days 18:00:00,234,17.5,122.5,996.6,49.0
2026-07-27,9,46,2026-08-06 00:00:00,10 days 00:00:00,240,17.5,122.5,996.4,49.3
2026-07-27,9,46,2026-08-06 06:00:00,10 days 06:00:00,246,17.75,123.12,995.9,50.0
2026-07-27,9,46,2026-08-06 12:00:00,10 days 12:00:00,252,18.0,123.75,995.5,50.7
2026-07-27,9,46,2026-08-06 18:00:00,10 days 18:00:00,258,18.5,124.12,994.4,52.3
2026-07-27,9,46,2026-08-07 00:00:00,11 days 00:00:00,264,19.0,124.5,993.4,53.8
2026-07-27,9,46,2026-08-07 06:00:00,11 days 06:00:00,270,19.25,124.87,993.4,53.8
2026-07-27,9,46,2026-08-07 12:00:00,11 days 12:00:00,276,19.5,125.25,993.4,53.8
2026-07-27,9,46,2026-08-07 18:00:00,11 days 18:00:00,282,19.75,125.37,994.8,51.7
2026-07-27,9,46,2026-08-08 00:00:00,12 days 00:00:00,288,20.0,125.5,996.2,49.6
2026-07-27,1,47,2026-07-27 00:00:00,0 days 00:00:00,0,20.0,-143.0,995.2,51.2
2026-07-27,1,47,2026-07-27 06:00:00,0 days 06:00:00,6,20.26,-144.5,997.0,48.4
2026-07-27,1,47,2026-07-27 12:00:00,0 days 12:00:00,12,20.5,-146.0,998.8,45.5
2026-07-27,1,47,2026-07-27 18:00:00,0 days 18:00:00,18,20.88,-147.37,1001.5,41.1
2026-07-27,1,47,2026-07-28 00:00:00,1 days 00:00:00,24,21.25,-148.75,1004.1,36.8
2026-07-27,1,47,2026-07-28 06:00:00,1 days 06:00:00,30,21.5,-149.75,1004.3,36.3
2026-07-27,1,47,2026-07-28 12:00:00,1 days 12:00:00,36,21.75,-150.75,1004.6,35.8
2026-07-27,1,47,2026-07-28 18:00:00,1 days 18:00:00,42,21.88,-151.87,1005.4,34.3
2026-07-27,1,47,2026-07-29 00:00:00,2 days 00:00:00,48,22.0,-153.0,1006.2,32.8
2026-07-27,10,47,2026-08-06 00:00:00,10 days 00:00:00,240,18.75,154.75,995.0,51.4
2026-07-27,10,47,2026-08-06 06:00:00,10 days 06:00:00,246,19.13,154.13,995.0,51.5
2026-07-27,10,47,2026-08-06 12:00:00,10 days 12:00:00,252,19.5,153.5,994.9,51.6
2026-07-27,10,47,2026-08-06 18:00:00,10 days 18:00:00,258,20.88,153.25,995.1,51.3
2026-07-27,10,47,2026-08-07 00:00:00,11 days 00:00:00,264,22.25,153.0,995.2,51.1
2026-07-27,10,47,2026-08-07 06:00:00,11 days 06:00:00,270,22.5,152.38,995.3,51.0
2026-07-27,10,47,2026-08-07 12:00:00,11 days 12:00:00,276,22.75,151.75,995.4,50.8
2026-07-27,10,47,2026-08-07 18:00:00,11 days 18:00:00,282,24.25,152.24,995.1,51.3
2026-07-27,10,47,2026-08-08 00:00:00,12 days 00:00:00,288,25.75,152.75,994.7,51.8
2026-07-27,10,47,2026-08-08 06:00:00,12 days 06:00:00,294,26.0,152.38,994.1,52.8
2026-07-27,10,47,2026-08-08 12:00:00,12 days 12:00:00,300,26.25,152.0,993.5,53.7
2026-07-27,10,47,2026-08-08 18:00:00,12 days 18:00:00,306,26.5,151.63,993.0,54.5
2026-07-27,10,47,2026-08-09 00:00:00,13 days 00:00:00,312,26.75,151.25,992.5,55.2
2026-07-27,10,47,2026-08-09 06:00:00,13 days 06:00:00,318,27.13,150.63,991.8,56.2
2026-07-27,10,47,2026-08-09 12:00:00,13 days 12:00:00,324,27.5,150.0,991.1,57.1
2026-07-27,10,47,2026-08-09 18:00:00,13 days 18:00:00,330,28.0,149.38,991.2,57.1
2026-07-27,10,47,2026-08-10 00:00:00,14 days 00:00:00,336,28.5,148.75,991.2,57.1
2026-07-27,10,47,2026-08-10 06:00:00,14 days 06:00:00,342,29.38,148.25,990.9,57.4
2026-07-27,10,47,2026-08-10 12:00:00,14 days 12:00:00,348,30.25,147.75,990.6,57.8
2026-07-27,10,47,2026-08-10 18:00:00,14 days 18:00:00,354,32.0,147.26,990.6,57.8
2026-07-27,10,47,2026-08-11 00:00:00,15 days 00:00:00,360,33.75,146.75,990.7,57.8
2026-07-27,5,47,2026-07-27 00:00:00,0 days 00:00:00,0,14.5,-110.75,972.9,81.1
2026-07-27,5,47,2026-07-27 06:00:00,0 days 06:00:00,6,15.25,-111.62,976.4,76.8
2026-07-27,5,47,2026-07-27 12:00:00,0 days 12:00:00,12,16.0,-112.5,979.8,72.5
2026-07-27,5,47,2026-07-27 18:00:00,0 days 18:00:00,18,16.38,-113.5,980.2,72.0
2026-07-27,5,47,2026-07-28 00:00:00,1 days 00:00:00,24,16.75,-114.5,980.5,71.6
2026-07-27,5,47,2026-07-28 06:00:00,1 days 06:00:00,30,17.13,-115.12,980.1,72.1
2026-07-27,5,47,2026-07-28 12:00:00,1 days 12:00:00,36,17.5,-115.75,979.7,72.6
2026-07-27,5,47,2026-07-28 18:00:00,1 days 18:00:00,42,17.75,-116.5,979.4,73.0
2026-07-27,5,47,2026-07-29 00:00:00,2 days 00:00:00,48,18.0,-117.25,979.0,73.5
2026-07-27,5,47,2026-07-29 06:00:00,2 days 06:00:00,54,18.25,-118.0,980.4,71.7
2026-07-27,5,47,2026-07-29 12:00:00,2 days 12:00:00,60,18.5,-118.75,981.7,70.0
2026-07-27,5,47,2026-07-29 18:00:00,2 days 18:00:00,66,18.88,-119.62,983.1,68.2
2026-07-27,5,47,2026-07-30 00:00:00,3 days 00:00:00,72,19.25,-120.5,984.4,66.4
2026-07-27,5,47,2026-07-30 06:00:00,3 days 06:00:00,78,19.75,-121.75,982.7,68.7
2026-07-27,5,47,2026-07-30 12:00:00,3 days 12:00:00,84,20.25,-123.0,981.0,70.9
2026-07-27,5,47,2026-07-30 18:00:00,3 days 18:00:00,90,20.75,-124.25,984.6,66.0
2026-07-27,5,47,2026-07-31 00:00:00,4 days 00:00:00,96,21.25,-125.5,988.3,61.2
2026-07-27,5,47,2026-07-31 06:00:00,4 days 06:00:00,102,21.63,-126.87,990.9,57.5
2026-07-27,5,47,2026-07-31 12:00:00,4 days 12:00:00,108,22.0,-128.25,993.5,53.7
2026-07-27,5,47,2026-07-31 18:00:00,4 days 18:00:00,114,22.38,-129.62,996.3,49.4
2026-07-27,5,47,2026-08-01 00:00:00,5 days 00:00:00,120,22.75,-131.0,999.1,45.0
2026-07-27,5,47,2026-08-01 06:00:00,5 days 06:00:00,126,23.38,-132.62,1000.1,43.4
2026-07-27,5,47,2026-08-01 12:00:00,5 days 12:00:00,132,24.0,-134.25,1001.1,41.8
2026-07-27,5,47,2026-08-01 18:00:00,5 days 18:00:00,138,24.38,-135.62,1002.9,38.8
2026-07-27,5,47,2026-08-02 00:00:00,6 days 00:00:00,144,24.75,-137.0,1004.6,35.9
2026-07-27,5,47,2026-08-02 06:00:00,6 days 06:00:00,150,25.26,-138.49,1006.8,31.6
2026-07-27,5,47,2026-08-02 12:00:00,6 days 12:00:00,156,25.75,-140.0,1009.1,27.4
2026-07-27,5,47,2026-08-02 18:00:00,6 days 18:00:00,162,26.13,-141.62,1009.4,26.8
2026-07-27,5,47,2026-08-03 00:00:00,7 days 00:00:00,168,26.5,-143.25,1009.7,26.1
2026-07-27,6,47,2026-07-27 00:00:00,0 days 00:00:00,0,21.25,88.5,992.6,54.9
2026-07-27,6,47,2026-07-27 06:00:00,0 days 06:00:00,6,21.25,88.38,991.9,56.0
2026-07-27,6,47,2026-07-27 12:00:00,0 days 12:00:00,12,21.25,88.25,991.1,57.1
2026-07-27,6,47,2026-07-27 18:00:00,0 days 18:00:00,18,21.5,87.75,991.6,56.5
2026-07-27,6,47,2026-07-28 00:00:00,1 days 00:00:00,24,21.75,87.25,992.0,55.9
2026-07-27,6,47,2026-07-28 06:00:00,1 days 06:00:00,30,22.13,86.63,992.1,55.8
2026-07-27,6,47,2026-07-28 12:00:00,1 days 12:00:00,36,22.5,86.0,992.2,55.6
2026-07-27,6,47,2026-07-28 18:00:00,1 days 18:00:00,42,22.38,85.12,992.5,55.1
2026-07-27,6,47,2026-07-29 00:00:00,2 days 00:00:00,48,22.25,84.25,992.9,54.6
2026-07-27,6,47,2026-07-29 06:00:00,2 days 06:00:00,54,22.45,82.94,992.9,54.5
2026-07-27,6,47,2026-07-29 12:00:00,2 days 12:00:00,60,22.65,81.63,993.0,54.4
2026-07-27,6,47,2026-07-29 18:00:00,2 days 18:00:00,66,22.83,80.32,993.1,54.3
2026-07-27,6,47,2026-07-30 00:00:00,3 days 00:00:00,72,23.0,79.0,993.1,54.2
2026-07-27,6,47,2026-07-30 06:00:00,3 days 06:00:00,78,22.41,77.1,992.9,54.6
2026-07-27,6,47,2026-07-30 12:00:00,3 days 12:00:00,84,21.79,75.22,992.6,55.0
2026-07-27,6,47,2026-07-30 18:00:00,3 days 18:00:00,90,21.16,73.35,992.3,55.4
2026-07-27,6,47,2026-07-31 00:00:00,4 days 00:00:00,96,20.5,71.5,992.1,55.8
2026-07-27,7,47,2026-07-27 00:00:00,0 days 00:00:00,0,12.75,178.25,1002.3,39.9
2026-07-27,7,47,2026-07-27 06:00:00,0 days 06:00:00,6,13.0,176.88,1002.2,40.0
2026-07-27,7,47,2026-07-27 12:00:00,0 days 12:00:00,12,13.25,175.5,1002.2,40.1
2026-07-27,7,47,2026-07-27 18:00:00,0 days 18:00:00,18,13.01,173.87,1001.0,42.0
2026-07-27,7,47,2026-07-28 00:00:00,1 days 00:00:00,24,12.75,172.25,999.9,43.9
2026-07-27,7,47,2026-07-28 06:00:00,1 days 06:00:00,30,12.88,171.63,998.3,46.4
2026-07-27,7,47,2026-07-28 12:00:00,1 days 12:00:00,36,13.0,171.0,996.7,48.9
2026-07-27,7,47,2026-07-28 18:00:00,1 days 18:00:00,42,13.25,170.13,994.7,51.9
2026-07-27,7,47,2026-07-29 00:00:00,2 days 00:00:00,48,13.5,169.25,992.7,54.9
2026-07-27,7,47,2026-07-29 06:00:00,2 days 06:00:00,54,14.0,168.88,988.3,61.0
2026-07-27,7,47,2026-07-29 12:00:00,2 days 12:00:00,60,14.5,168.5,984.0,67.0
2026-07-27,7,47,2026-07-29 18:00:00,2 days 18:00:00,66,14.88,167.63,981.5,70.2
2026-07-27,7,47,2026-07-30 00:00:00,3 days 00:00:00,72,15.25,166.75,979.1,73.4
2026-07-27,7,47,2026-07-30 06:00:00,3 days 06:00:00,78,16.13,165.88,979.9,72.3
2026-07-27,7,47,2026-07-30 12:00:00,3 days 12:00:00,84,17.0,165.0,980.8,71.2
2026-07-27,7,47,2026-07-30 18:00:00,3 days 18:00:00,90,17.38,164.13,978.9,73.6
2026-07-27,7,47,2026-07-31 00:00:00,4 days 00:00:00,96,17.75,163.25,977.0,76.0
2026-07-27,7,47,2026-07-31 06:00:00,4 days 06:00:00,102,18.5,162.38,973.5,80.3
2026-07-27,7,47,2026-07-31 12:00:00,4 days 12:00:00,108,19.25,161.5,970.0,84.6
2026-07-27,7,47,2026-07-31 18:00:00,4 days 18:00:00,114,19.75,160.63,966.5,88.8
2026-07-27,7,47,2026-08-01 00:00:00,5 days 00:00:00,120,20.25,159.75,962.9,93.0
2026-07-27,7,47,2026-08-01 06:00:00,5 days 06:00:00,126,21.0,158.88,961.9,94.0
2026-07-27,7,47,2026-08-01 12:00:00,5 days 12:00:00,132,21.75,158.0,961.0,95.1
2026-07-27,7,47,2026-08-01 18:00:00,5 days 18:00:00,138,22.63,156.88,956.6,100.0
2026-07-27,7,47,2026-08-02 00:00:00,6 days 00:00:00,144,23.5,155.75,952.2,104.8
2026-07-27,7,47,2026-08-02 06:00:00,6 days 06:00:00,150,24.63,154.51,953.6,103.3
2026-07-27,7,47,2026-08-02 12:00:00,6 days 12:00:00,156,25.75,153.25,954.9,101.9
2026-07-27,7,47,2026-08-02 18:00:00,6 days 18:00:00,162,26.76,151.64,957.3,99.2
2026-07-27,7,47,2026-08-03 00:00:00,7 days 00:00:00,168,27.75,150.0,959.8,96.5
2026-07-27,7,47,2026-08-03 06:00:00,7 days 06:00:00,174,28.76,148.39,961.2,94.9
2026-07-27,7,47,2026-08-03 12:00:00,7 days 12:00:00,180,29.75,146.75,962.6,93.3
2026-07-27,7,47,2026-08-03 18:00:00,7 days 18:00:00,186,30.64,145.02,969.8,84.7
2026-07-27,7,47,2026-08-04 00:00:00,8 days 00:00:00,192,31.5,143.25,976.9,76.1
2026-07-27,7,47,2026-08-04 06:00:00,8 days 06:00:00,198,32.13,142.13,980.2,71.9
2026-07-27,7,47,2026-08-04 12:00:00,8 days 12:00:00,204,32.75,141.0,983.4,67.7
2026-07-27,7,47,2026-08-04 18:00:00,8 days 18:00:00,210,33.38,139.88,985.1,65.4
2026-07-27,7,47,2026-08-05 00:00:00,9 days 00:00:00,216,34.0,138.75,986.8,63.2
2026-07-27,7,47,2026-08-05 06:00:00,9 days 06:00:00,222,34.75,137.76,991.0,57.1
2026-07-27,7,47,2026-08-05 12:00:00,9 days 12:00:00,228,35.5,136.75,995.2,51.1
2026-07-27,7,47,2026-08-05 18:00:00,9 days 18:00:00,234,36.88,137.85,995.1,51.3
2026-07-27,7,47,2026-08-06 00:00:00,10 days 00:00:00,240,38.25,139.0,995.0,51.5
2026-07-27,7,47,2026-08-06 06:00:00,10 days 06:00:00,246,39.0,139.49,995.6,50.6
2026-07-27,7,47,2026-08-06 12:00:00,10 days 12:00:00,252,39.75,140.0,996.2,49.6
2026-07-27,7,47,2026-08-06 18:00:00,10 days 18:00:00,258,40.26,141.36,995.7,50.4
2026-07-27,7,47,2026-08-07 00:00:00,11 days 00:00:00,264,40.75,142.75,995.2,51.2
2026-07-27,7,47,2026-08-07 06:00:00,11 days 06:00:00,270,40.75,143.38,996.4,49.3
2026-07-27,7,47,2026-08-07 12:00:00,11 days 12:00:00,276,40.75,144.0,997.6,47.4
2026-07-27,8,47,2026-07-28 12:00:00,1 days 12:00:00,36,30.25,49.75,993.7,53.4
2026-07-27,8,47,2026-07-28 18:00:00,1 days 18:00:00,42,30.86,52.76,993.2,54.1
2026-07-27,8,47,2026-07-29 00:00:00,2 days 00:00:00,48,31.4,55.81,992.8,54.7
2026-07-27,8,47,2026-07-29 06:00:00,2 days 06:00:00,54,31.86,58.9,992.4,55.3
2026-07-27,8,47,2026-07-29 12:00:00,2 days 12:00:00,60,32.25,62.0,991.9,56.0
2026-07-27,8,47,2026-07-29 18:00:00,2 days 18:00:00,66,32.13,62.5,993.1,54.2
2026-07-27,8,47,2026-07-30 00:00:00,3 days 00:00:00,72,32.0,63.0,994.3,52.5
2026-07-27,8,47,2026-07-30 06:00:00,3 days 06:00:00,78,31.75,62.62,993.0,54.5
2026-07-27,8,47,2026-07-30 12:00:00,3 days 12:00:00,84,31.5,62.25,991.6,56.4
2026-07-27,8,47,2026-07-30 18:00:00,3 days 18:00:00,90,31.5,62.5,992.4,55.3
2026-07-27,8,47,2026-07-31 00:00:00,4 days 00:00:00,96,31.5,62.75,993.2,54.1
2026-07-27,9,47,2026-08-01 12:00:00,5 days 12:00:00,132,16.0,127.75,1004.0,36.9
2026-07-27,9,47,2026-08-01 18:00:00,5 days 18:00:00,138,16.38,127.63,1002.6,39.3
2026-07-27,9,47,2026-08-02 00:00:00,6 days 00:00:00,144,16.75,127.5,1001.3,41.6
2026-07-27,9,47,2026-08-02 06:00:00,6 days 06:00:00,150,16.63,126.87,1001.5,41.2
2026-07-27,9,47,2026-08-02 12:00:00,6 days 12:00:00,156,16.5,126.25,1001.7,40.8
2026-07-27,9,47,2026-08-02 18:00:00,6 days 18:00:00,162,16.75,126.25,1001.1,41.9
2026-07-27,9,47,2026-08-03 00:00:00,7 days 00:00:00,168,17.0,126.25,1000.4,42.9
2026-07-27,9,47,2026-08-03 06:00:00,7 days 06:00:00,174,16.88,126.0,1000.3,43.1
2026-07-27,9,47,2026-08-03 12:00:00,7 days 12:00:00,180,16.75,125.75,1000.2,43.3
2026-07-27,9,47,2026-08-03 18:00:00,7 days 18:00:00,186,16.5,125.62,1000.2,43.4
2026-07-27,9,47,2026-08-04 00:00:00,8 days 00:00:00,192,16.25,125.5,1000.1,43.5
2026-07-27,9,47,2026-08-04 06:00:00,8 days 06:00:00,198,16.13,125.88,998.7,45.7
2026-07-27,9,47,2026-08-04 12:00:00,8 days 12:00:00,204,16.0,126.25,997.3,47.9
2026-07-27,9,47,2026-08-04 18:00:00,8 days 18:00:00,210,16.13,127.0,996.4,49.3
2026-07-27,9,47,2026-08-05 00:00:00,9 days 00:00:00,216,16.25,127.75,995.6,50.6
2026-07-27,9,47,2026-08-05 06:00:00,9 days 06:00:00,222,16.75,128.5,994.9,51.6
2026-07-27,9,47,2026-08-05 12:00:00,9 days 12:00:00,228,17.25,129.25,994.2,52.7
2026-07-27,9,47,2026-08-05 18:00:00,9 days 18:00:00,234,17.5,129.75,992.3,55.5
2026-07-27,9,47,2026-08-06 00:00:00,10 days 00:00:00,240,17.75,130.25,990.3,58.3
2026-07-27,9,47,2026-08-06 06:00:00,10 days 06:00:00,246,17.63,130.75,989.2,59.9
2026-07-27,9,47,2026-08-06 12:00:00,10 days 12:00:00,252,17.5,131.25,988.0,61.5
2026-07-27,9,47,2026-08-06 18:00:00,10 days 18:00:00,258,17.38,131.38,986.6,63.4
2026-07-27,9,47,2026-08-07 00:00:00,11 days 00:00:00,264,17.25,131.5,985.2,65.3
2026-07-27,9,47,2026-08-07 06:00:00,11 days 06:00:00,270,17.25,131.62,983.6,67.4
2026-07-27,9,47,2026-08-07 12:00:00,11 days 12:00:00,276,17.25,131.75,982.0,69.6
2026-07-27,9,47,2026-08-07 18:00:00,11 days 18:00:00,282,17.38,132.25,977.8,74.9
2026-07-27,9,47,2026-08-08 00:00:00,12 days 00:00:00,288,17.5,132.75,973.6,80.2
2026-07-27,9,47,2026-08-08 06:00:00,12 days 06:00:00,294,17.88,133.12,970.7,83.8
2026-07-27,9,47,2026-08-08 12:00:00,12 days 12:00:00,300,18.25,133.5,967.7,87.3
2026-07-27,9,47,2026-08-08 18:00:00,12 days 18:00:00,306,18.88,133.62,967.3,87.8
2026-07-27,9,47,2026-08-09 00:00:00,13 days 00:00:00,312,19.5,133.75,966.9,88.3
2026-07-27,9,47,2026-08-09 06:00:00,13 days 06:00:00,318,20.12,133.75,965.9,89.4
2026-07-27,9,47,2026-08-09 12:00:00,13 days 12:00:00,324,20.75,133.75,964.9,90.6
2026-07-27,9,47,2026-08-09 18:00:00,13 days 18:00:00,330,21.13,133.63,967.4,87.6
2026-07-27,9,47,2026-08-10 00:00:00,14 days 00:00:00,336,21.5,133.5,970.0,84.6
2026-07-27,9,47,2026-08-10 06:00:00,14 days 06:00:00,342,21.75,133.62,972.4,81.6
2026-07-27,9,47,2026-08-10 12:00:00,14 days 12:00:00,348,22.0,133.75,974.9,78.7
2026-07-27,9,47,2026-08-10 18:00:00,14 days 18:00:00,354,22.38,133.5,975.4,78.0
2026-07-27,9,47,2026-08-11 00:00:00,15 days 00:00:00,360,22.75,133.25,975.9,77.4
2026-07-27,1,48,2026-07-27 00:00:00,0 days 00:00:00,0,20.0,-143.0,995.2,51.2
2026-07-27,1,48,2026-07-27 06:00:00,0 days 06:00:00,6,20.38,-144.5,997.2,48.0
2026-07-27,1,48,2026-07-27 12:00:00,0 days 12:00:00,12,20.75,-146.0,999.3,44.8
2026-07-27,1,48,2026-07-27 18:00:00,0 days 18:00:00,18,21.13,-147.37,1001.7,40.7
2026-07-27,1,48,2026-07-28 00:00:00,1 days 00:00:00,24,21.5,-148.75,1004.1,36.7
2026-07-27,5,48,2026-07-27 00:00:00,0 days 00:00:00,0,14.5,-110.75,972.9,81.1
2026-07-27,5,48,2026-07-27 06:00:00,0 days 06:00:00,6,15.13,-111.75,973.9,79.9
2026-07-27,5,48,2026-07-27 12:00:00,0 days 12:00:00,12,15.75,-112.75,974.9,78.6
2026-07-27,5,48,2026-07-27 18:00:00,0 days 18:00:00,18,16.38,-113.5,975.3,78.1
2026-07-27,5,48,2026-07-28 00:00:00,1 days 00:00:00,24,17.0,-114.25,975.8,77.6
2026-07-27,5,48,2026-07-28 06:00:00,1 days 06:00:00,30,17.25,-114.75,978.3,74.4
2026-07-27,5,48,2026-07-28 12:00:00,1 days 12:00:00,36,17.5,-115.25,980.7,71.3
2026-07-27,5,48,2026-07-28 18:00:00,1 days 18:00:00,42,17.63,-115.75,982.8,68.5
2026-07-27,5,48,2026-07-29 00:00:00,2 days 00:00:00,48,17.75,-116.25,984.9,65.8
2026-07-27,5,48,2026-07-29 06:00:00,2 days 06:00:00,54,18.0,-116.75,985.2,65.3
2026-07-27,5,48,2026-07-29 12:00:00,2 days 12:00:00,60,18.25,-117.25,985.6,64.8
2026-07-27,5,48,2026-07-29 18:00:00,2 days 18:00:00,66,18.63,-118.0,987.2,62.7
2026-07-27,5,48,2026-07-30 00:00:00,3 days 00:00:00,72,19.0,-118.75,988.7,60.5
2026-07-27,5,48,2026-07-30 06:00:00,3 days 06:00:00,78,19.38,-120.0,987.0,62.9
2026-07-27,5,48,2026-07-30 12:00:00,3 days 12:00:00,84,19.75,-121.25,985.3,65.2
2026-07-27,5,48,2026-07-30 18:00:00,3 days 18:00:00,90,20.26,-122.62,986.9,63.0
2026-07-27,5,48,2026-07-31 00:00:00,4 days 00:00:00,96,20.75,-124.0,988.5,60.9
2026-07-27,5,48,2026-07-31 06:00:00,4 days 06:00:00,102,21.13,-125.62,991.9,56.0
2026-07-27,5,48,2026-07-31 12:00:00,4 days 12:00:00,108,21.5,-127.25,995.3,51.0
2026-07-27,5,48,2026-07-31 18:00:00,4 days 18:00:00,114,21.88,-128.75,997.1,48.2
2026-07-27,5,48,2026-08-01 00:00:00,5 days 00:00:00,120,22.25,-130.25,999.0,45.3
2026-07-27,5,48,2026-08-01 06:00:00,5 days 06:00:00,126,22.76,-132.24,1001.0,41.9
2026-07-27,5,48,2026-08-01 12:00:00,5 days 12:00:00,132,23.25,-134.25,1003.1,38.5
2026-07-27,5,48,2026-08-01 18:00:00,5 days 18:00:00,138,23.51,-135.87,1004.0,36.9
2026-07-27,5,48,2026-08-02 00:00:00,6 days 00:00:00,144,23.75,-137.5,1004.9,35.3
2026-07-27,5,48,2026-08-02 06:00:00,6 days 06:00:00,150,24.39,-139.37,1004.5,36.0
2026-07-27,5,48,2026-08-02 12:00:00,6 days 12:00:00,156,25.0,-141.25,1004.0,36.8
2026-07-27,5,48,2026-08-02 18:00:00,6 days 18:00:00,162,25.13,-142.25,1004.9,35.2
2026-07-27,5,48,2026-08-03 00:00:00,7 days 00:00:00,168,25.25,-143.25,1005.8,33.6
2026-07-27,5,48,2026-08-03 06:00:00,7 days 06:00:00,174,25.38,-144.0,1006.6,32.2
2026-07-27,5,48,2026-08-03 12:00:00,7 days 12:00:00,180,25.5,-144.75,1007.3,30.8
2026-07-27,6,48,2026-07-27 00:00:00,0 days 00:00:00,0,21.25,88.5,992.6,54.9
2026-07-27,6,48,2026-07-27 06:00:00,0 days 06:00:00,6,21.38,88.38,992.4,55.4
2026-07-27,6,48,2026-07-27 12:00:00,0 days 12:00:00,12,21.5,88.25,992.1,55.8
2026-07-27,6,48,2026-07-27 18:00:00,0 days 18:00:00,18,21.75,88.13,991.8,56.1
2026-07-27,6,48,2026-07-28 00:00:00,1 days 00:00:00,24,22.0,88.0,991.6,56.5
2026-07-27,6,48,2026-07-28 06:00:00,1 days 06:00:00,30,22.38,87.0,991.8,56.1
2026-07-27,6,48,2026-07-28 12:00:00,1 days 12:00:00,36,22.75,86.0,992.1,55.7
2026-07-27,6,48,2026-07-28 18:00:00,1 days 18:00:00,42,22.38,84.62,992.6,55.0
2026-07-27,6,48,2026-07-29 00:00:00,2 days 00:00:00,48,22.0,83.25,993.1,54.2
2026-07-27,6,48,2026-07-29 06:00:00,2 days 06:00:00,54,22.13,83.0,992.1,55.7
2026-07-27,6,48,2026-07-29 12:00:00,2 days 12:00:00,60,22.25,82.75,991.1,57.2
2026-07-27,6,48,2026-07-29 18:00:00,2 days 18:00:00,66,22.25,81.5,991.4,56.7
2026-07-27,6,48,2026-07-30 00:00:00,3 days 00:00:00,72,22.25,80.25,991.8,56.1
2026-07-27,6,48,2026-07-30 06:00:00,3 days 06:00:00,78,22.26,79.31,991.8,56.1
2026-07-27,6,48,2026-07-30 12:00:00,3 days 12:00:00,84,22.26,78.38,991.9,56.1
2026-07-27,6,48,2026-07-30 18:00:00,3 days 18:00:00,90,22.26,77.44,991.9,56.0
2026-07-27,6,48,2026-07-31 00:00:00,4 days 00:00:00,96,22.25,76.5,991.9,56.0
2026-07-27,7,48,2026-07-27 00:00:00,0 days 00:00:00,0,12.75,178.25,1002.3,39.9
2026-07-27,7,48,2026-07-27 06:00:00,0 days 06:00:00,6,13.0,176.88,1002.1,40.2
2026-07-27,7,48,2026-07-27 12:00:00,0 days 12:00:00,12,13.25,175.5,1001.9,40.5
2026-07-27,7,48,2026-07-27 18:00:00,0 days 18:00:00,18,13.13,174.25,1000.7,42.4
2026-07-27,7,48,2026-07-28 00:00:00,1 days 00:00:00,24,13.0,173.0,999.6,44.3
2026-07-27,7,48,2026-07-28 06:00:00,1 days 06:00:00,30,13.38,172.0,997.0,48.3
2026-07-27,7,48,2026-07-28 12:00:00,1 days 12:00:00,36,13.75,171.0,994.5,52.2
2026-07-27,7,48,2026-07-28 18:00:00,1 days 18:00:00,42,14.13,170.38,993.1,54.3
2026-07-27,7,48,2026-07-29 00:00:00,2 days 00:00:00,48,14.5,169.75,991.7,56.4
2026-07-27,7,48,2026-07-29 06:00:00,2 days 06:00:00,54,15.25,169.0,990.6,57.8
2026-07-27,7,48,2026-07-29 12:00:00,2 days 12:00:00,60,16.0,168.25,989.6,59.3
2026-07-27,7,48,2026-07-29 18:00:00,2 days 18:00:00,66,16.75,167.5,984.7,65.9
2026-07-27,7,48,2026-07-30 00:00:00,3 days 00:00:00,72,17.5,166.75,979.8,72.4
2026-07-27,7,48,2026-07-30 06:00:00,3 days 06:00:00,78,18.25,165.88,978.7,73.9
2026-07-27,7,48,2026-07-30 12:00:00,3 days 12:00:00,84,19.0,165.0,977.5,75.4
2026-07-27,7,48,2026-07-30 18:00:00,3 days 18:00:00,90,19.38,164.0,974.0,79.7
2026-07-27,7,48,2026-07-31 00:00:00,4 days 00:00:00,96,19.75,163.0,970.6,83.9
2026-07-27,7,48,2026-07-31 06:00:00,4 days 06:00:00,102,20.75,162.38,969.3,85.4
2026-07-27,7,48,2026-07-31 12:00:00,4 days 12:00:00,108,21.75,161.75,968.0,86.9
2026-07-27,7,48,2026-07-31 18:00:00,4 days 18:00:00,114,22.5,161.0,963.5,92.2
2026-07-27,7,48,2026-08-01 00:00:00,5 days 00:00:00,120,23.25,160.25,958.9,97.4
2026-07-27,7,48,2026-08-01 06:00:00,5 days 06:00:00,126,23.88,159.63,958.2,98.2
2026-07-27,7,48,2026-08-01 12:00:00,5 days 12:00:00,132,24.5,159.0,957.5,99.0
2026-07-27,7,48,2026-08-01 18:00:00,5 days 18:00:00,138,25.0,158.25,960.0,96.3
2026-07-27,7,48,2026-08-02 00:00:00,6 days 00:00:00,144,25.5,157.5,962.4,93.5
2026-07-27,7,48,2026-08-02 06:00:00,6 days 06:00:00,150,26.38,156.63,963.1,92.7
2026-07-27,7,48,2026-08-02 12:00:00,6 days 12:00:00,156,27.25,155.75,963.8,91.9
2026-07-27,7,48,2026-08-02 18:00:00,6 days 18:00:00,162,28.13,154.76,964.1,91.5
2026-07-27,7,48,2026-08-03 00:00:00,7 days 00:00:00,168,29.0,153.75,964.5,91.1
2026-07-27,7,48,2026-08-03 06:00:00,7 days 06:00:00,174,29.75,152.88,966.0,89.3
2026-07-27,7,48,2026-08-03 12:00:00,7 days 12:00:00,180,30.5,152.0,967.5,87.6
2026-07-27,7,48,2026-08-03 18:00:00,7 days 18:00:00,186,31.0,151.01,968.9,85.9
2026-07-27,7,48,2026-08-04 00:00:00,8 days 00:00:00,192,31.5,150.0,970.3,84.2
2026-07-27,7,48,2026-08-04 06:00:00,8 days 06:00:00,198,31.63,149.13,972.7,81.3
2026-07-27,7,48,2026-08-04 12:00:00,8 days 12:00:00,204,31.75,148.25,975.1,78.4
2026-07-27,7,48,2026-08-04 18:00:00,8 days 18:00:00,210,31.75,147.5,974.6,79.1
2026-07-27,7,48,2026-08-05 00:00:00,9 days 00:00:00,216,31.75,146.75,974.0,79.8
2026-07-27,7,48,2026-08-05 06:00:00,9 days 06:00:00,222,32.13,146.38,974.0,79.7
2026-07-27,7,48,2026-08-05 12:00:00,9 days 12:00:00,228,32.5,146.0,974.1,79.7
2026-07-27,7,48,2026-08-05 18:00:00,9 days 18:00:00,234,32.75,145.13,976.0,77.3
2026-07-27,7,48,2026-08-06 00:00:00,10 days 00:00:00,240,33.0,144.25,977.9,74.9
2026-07-27,7,48,2026-08-06 06:00:00,10 days 06:00:00,246,33.38,143.13,980.0,72.2
2026-07-27,7,48,2026-08-06 12:00:00,10 days 12:00:00,252,33.75,142.0,982.1,69.4
2026-07-27,7,48,2026-08-06 18:00:00,10 days 18:00:00,258,34.62,142.0,982.7,68.7
2026-07-27,7,48,2026-08-07 00:00:00,11 days 00:00:00,264,35.5,142.0,983.3,67.9
2026-07-27,7,48,2026-08-07 06:00:00,11 days 06:00:00,270,36.5,142.49,984.9,65.8
2026-07-27,7,48,2026-08-07 12:00:00,11 days 12:00:00,276,37.5,143.0,986.5,63.6
2026-07-27,7,48,2026-08-07 18:00:00,11 days 18:00:00,282,39.63,143.73,985.8,64.5
2026-07-27,7,48,2026-08-08 00:00:00,12 days 00:00:00,288,41.75,144.5,985.2,65.4
2026-07-27,7,48,2026-08-08 06:00:00,12 days 06:00:00,294,43.01,145.6,987.2,62.7
2026-07-27,7,48,2026-08-08 12:00:00,12 days 12:00:00,300,44.25,146.75,989.2,59.9
2026-07-27,7,48,2026-08-08 18:00:00,12 days 18:00:00,306,45.89,148.57,990.2,58.4
2026-07-27,7,48,2026-08-09 00:00:00,13 days 00:00:00,312,47.5,150.5,991.3,56.9
2026-07-27,7,48,2026-08-09 06:00:00,13 days 06:00:00,318,48.81,154.16,992.2,55.6
2026-07-27,7,48,2026-08-09 12:00:00,13 days 12:00:00,324,50.0,158.0,993.0,54.4
2026-07-27,7,48,2026-08-09 18:00:00,13 days 18:00:00,330,50.66,160.84,995.4,50.8
2026-07-27,7,48,2026-08-10 00:00:00,14 days 00:00:00,336,51.25,163.75,997.8,47.2
2026-07-27,7,48,2026-08-10 06:00:00,14 days 06:00:00,342,50.94,167.53,1000.0,43.5
2026-07-27,7,48,2026-08-10 12:00:00,14 days 12:00:00,348,50.5,171.25,1002.2,39.9
2026-07-27,8,48,2026-08-01 12:00:00,5 days 12:00:00,132,18.5,126.75,1004.6,35.8
2026-07-27,8,48,2026-08-01 18:00:00,5 days 18:00:00,138,18.0,125.75,1003.9,37.0
2026-07-27,8,48,2026-08-02 00:00:00,6 days 00:00:00,144,17.5,124.75,1003.2,38.2
2026-07-27,8,48,2026-08-02 06:00:00,6 days 06:00:00,150,17.75,123.75,1002.5,39.5
2026-07-27,8,48,2026-08-02 12:00:00,6 days 12:00:00,156,18.0,122.75,1001.8,40.7
2026-07-27,8,48,2026-08-02 18:00:00,6 days 18:00:00,162,18.25,121.75,1002.0,40.3
2026-07-27,8,48,2026-08-03 00:00:00,7 days 00:00:00,168,18.5,120.75,1002.2,39.9
2026-07-27,8,48,2026-08-03 06:00:00,7 days 06:00:00,174,17.88,120.25,999.6,44.1
2026-07-27,8,48,2026-08-03 12:00:00,7 days 12:00:00,180,17.25,119.75,997.0,48.4
2026-07-27,8,48,2026-08-03 18:00:00,7 days 18:00:00,186,17.63,119.25,996.1,49.8
2026-07-27,8,48,2026-08-04 00:00:00,8 days 00:00:00,192,18.0,118.75,995.2,51.1
2026-07-27,8,48,2026-08-04 06:00:00,8 days 06:00:00,198,18.13,117.88,992.7,54.8
2026-07-27,8,48,2026-08-04 12:00:00,8 days 12:00:00,204,18.25,117.0,990.2,58.5
2026-07-27,8,48,2026-08-04 18:00:00,8 days 18:00:00,210,18.5,116.75,986.8,63.1
2026-07-27,8,48,2026-08-05 00:00:00,9 days 00:00:00,216,18.75,116.5,983.4,67.8
2026-07-27,8,48,2026-08-05 06:00:00,9 days 06:00:00,222,19.25,116.13,981.7,70.0
2026-07-27,8,48,2026-08-05 12:00:00,9 days 12:00:00,228,19.75,115.75,980.0,72.3
2026-07-27,8,48,2026-08-05 18:00:00,9 days 18:00:00,234,20.13,115.63,980.5,71.5
2026-07-27,8,48,2026-08-06 00:00:00,10 days 00:00:00,240,20.5,115.5,981.1,70.8
2026-07-27,8,48,2026-08-06 06:00:00,10 days 06:00:00,246,21.0,115.38,981.9,69.7
2026-07-27,8,48,2026-08-06 12:00:00,10 days 12:00:00,252,21.5,115.25,982.7,68.7
2026-07-27,8,48,2026-08-06 18:00:00,10 days 18:00:00,258,22.0,114.88,986.5,63.6
2026-07-27,8,48,2026-08-07 00:00:00,11 days 00:00:00,264,22.5,114.5,990.2,58.5
2026-07-27,8,48,2026-08-07 06:00:00,11 days 06:00:00,270,22.75,113.88,991.7,56.2
2026-07-27,8,48,2026-08-07 12:00:00,11 days 12:00:00,276,23.0,113.25,993.3,54.0
2026-07-27,8,48,2026-08-07 18:00:00,11 days 18:00:00,282,23.13,112.38,995.1,51.2
2026-07-27,8,48,2026-08-08 00:00:00,12 days 00:00:00,288,23.25,111.5,997.0,48.4
2026-07-27,9,48,2026-08-05 00:00:00,9 days 00:00:00,216,15.0,156.0,1001.9,40.6
2026-07-27,9,48,2026-08-05 06:00:00,9 days 06:00:00,222,15.38,156.12,1000.8,42.3
2026-07-27,9,48,2026-08-05 12:00:00,9 days 12:00:00,228,15.75,156.25,999.7,44.1
2026-07-27,9,48,2026-08-05 18:00:00,9 days 18:00:00,234,15.75,156.12,999.2,44.9
2026-07-27,9,48,2026-08-06 00:00:00,10 days 00:00:00,240,15.75,156.0,998.7,45.8
2026-07-27,9,48,2026-08-06 06:00:00,10 days 06:00:00,246,16.38,156.25,998.2,46.5
2026-07-27,9,48,2026-08-06 12:00:00,10 days 12:00:00,252,17.0,156.5,997.7,47.3
2026-07-27,9,48,2026-08-06 18:00:00,10 days 18:00:00,258,17.88,156.38,996.7,48.9
2026-07-27,9,48,2026-08-07 00:00:00,11 days 00:00:00,264,18.75,156.25,995.6,50.5
2026-07-27,9,48,2026-08-07 06:00:00,11 days 06:00:00,270,19.5,156.62,992.7,54.7
2026-07-27,9,48,2026-08-07 12:00:00,11 days 12:00:00,276,20.25,157.0,989.8,59.0
2026-07-27,9,48,2026-08-07 18:00:00,11 days 18:00:00,282,21.25,156.88,987.1,62.7
2026-07-27,9,48,2026-08-08 00:00:00,12 days 00:00:00,288,22.25,156.75,984.3,66.5
2026-07-27,9,48,2026-08-08 06:00:00,12 days 06:00:00,294,23.38,156.63,983.4,67.8
2026-07-27,9,48,2026-08-08 12:00:00,12 days 12:00:00,300,24.5,156.5,982.4,69.0
2026-07-27,9,48,2026-08-08 18:00:00,12 days 18:00:00,306,25.75,155.88,981.3,70.5
2026-07-27,9,48,2026-08-09 00:00:00,13 days 00:00:00,312,27.0,155.25,980.1,72.0
2026-07-27,9,48,2026-08-09 06:00:00,13 days 06:00:00,318,27.75,154.63,979.9,72.3
2026-07-27,9,48,2026-08-09 12:00:00,13 days 12:00:00,324,28.5,154.0,979.7,72.6
2026-07-27,9,48,2026-08-09 18:00:00,13 days 18:00:00,330,29.38,153.01,981.1,70.7
2026-07-27,9,48,2026-08-10 00:00:00,14 days 00:00:00,336,30.25,152.0,982.6,68.8
2026-07-27,9,48,2026-08-10 06:00:00,14 days 06:00:00,342,31.13,151.01,984.0,67.0
2026-07-27,9,48,2026-08-10 12:00:00,14 days 12:00:00,348,32.0,150.0,985.4,65.1
2026-07-27,9,48,2026-08-10 18:00:00,14 days 18:00:00,354,33.25,149.75,986.9,63.1
2026-07-27,9,48,2026-08-11 00:00:00,15 days 00:00:00,360,34.5,149.5,988.4,61.0
2026-07-27,1,49,2026-07-27 00:00:00,0 days 00:00:00,0,20.0,-143.0,995.2,51.2
2026-07-27,1,49,2026-07-27 06:00:00,0 days 06:00:00,6,20.38,-144.25,996.5,49.1
2026-07-27,1,49,2026-07-27 12:00:00,0 days 12:00:00,12,20.75,-145.5,997.9,47.0
2026-07-27,1,49,2026-07-27 18:00:00,0 days 18:00:00,18,20.88,-146.75,1000.4,42.9
2026-07-27,1,49,2026-07-28 00:00:00,1 days 00:00:00,24,21.0,-148.0,1002.9,38.9
2026-07-27,1,49,2026-07-28 06:00:00,1 days 06:00:00,30,21.5,-149.25,1004.8,35.4
2026-07-27,1,49,2026-07-28 12:00:00,1 days 12:00:00,36,22.0,-150.5,1006.8,31.9
2026-07-27,5,49,2026-07-27 00:00:00,0 days 00:00:00,0,14.5,-110.75,972.9,81.1
2026-07-27,5,49,2026-07-27 06:00:00,0 days 06:00:00,6,15.13,-111.75,973.8,80.0
2026-07-27,5,49,2026-07-27 12:00:00,0 days 12:00:00,12,15.75,-112.75,974.6,79.0
2026-07-27,5,49,2026-07-27 18:00:00,0 days 18:00:00,18,16.38,-113.62,977.9,74.9
2026-07-27,5,49,2026-07-28 00:00:00,1 days 00:00:00,24,17.0,-114.5,981.1,70.7
2026-07-27,5,49,2026-07-28 06:00:00,1 days 06:00:00,30,17.25,-115.12,980.3,71.8
2026-07-27,5,49,2026-07-28 12:00:00,1 days 12:00:00,36,17.5,-115.75,979.5,72.8
2026-07-27,5,49,2026-07-28 18:00:00,1 days 18:00:00,42,17.75,-116.37,979.4,73.0
2026-07-27,5,49,2026-07-29 00:00:00,2 days 00:00:00,48,18.0,-117.0,979.2,73.2
2026-07-27,5,49,2026-07-29 06:00:00,2 days 06:00:00,54,18.25,-117.62,982.8,68.5
2026-07-27,5,49,2026-07-29 12:00:00,2 days 12:00:00,60,18.5,-118.25,986.3,63.8
2026-07-27,5,49,2026-07-29 18:00:00,2 days 18:00:00,66,18.75,-119.12,986.4,63.8
2026-07-27,5,49,2026-07-30 00:00:00,3 days 00:00:00,72,19.0,-120.0,986.4,63.8
2026-07-27,5,49,2026-07-30 06:00:00,3 days 06:00:00,78,19.38,-121.0,989.6,59.2
2026-07-27,5,49,2026-07-30 12:00:00,3 days 12:00:00,84,19.75,-122.0,992.9,54.6
2026-07-27,5,49,2026-07-30 18:00:00,3 days 18:00:00,90,20.0,-123.25,993.3,54.0
2026-07-27,5,49,2026-07-31 00:00:00,4 days 00:00:00,96,20.25,-124.5,993.7,53.4
2026-07-27,5,49,2026-07-31 06:00:00,4 days 06:00:00,102,20.63,-125.87,996.3,49.4
2026-07-27,5,49,2026-07-31 12:00:00,4 days 12:00:00,108,21.0,-127.25,998.9,45.4
2026-07-27,5,49,2026-07-31 18:00:00,4 days 18:00:00,114,21.38,-128.5,999.9,43.8
2026-07-27,5,49,2026-08-01 00:00:00,5 days 00:00:00,120,21.75,-129.75,1000.9,42.2
2026-07-27,5,49,2026-08-01 06:00:00,5 days 06:00:00,126,22.15,-131.24,1001.7,40.8
2026-07-27,5,49,2026-08-01 12:00:00,5 days 12:00:00,132,22.53,-132.73,1002.5,39.4
2026-07-27,5,49,2026-08-01 18:00:00,5 days 18:00:00,138,22.9,-134.24,1003.3,38.1
2026-07-27,5,49,2026-08-02 00:00:00,6 days 00:00:00,144,23.25,-135.75,1004.1,36.7
2026-07-27,5,49,2026-08-02 06:00:00,6 days 06:00:00,150,23.5,-136.62,1004.3,36.3
2026-07-27,5,49,2026-08-02 12:00:00,6 days 12:00:00,156,23.75,-137.5,1004.5,35.9
2026-07-27,5,49,2026-08-02 18:00:00,6 days 18:00:00,162,24.33,-138.67,1004.8,35.5
2026-07-27,5,49,2026-08-03 00:00:00,7 days 00:00:00,168,24.89,-139.85,1005.0,35.0
2026-07-27,5,49,2026-08-03 06:00:00,7 days 06:00:00,174,25.45,-141.05,1005.3,34.6
2026-07-27,5,49,2026-08-03 12:00:00,7 days 12:00:00,180,26.0,-142.25,1005.5,34.1
2026-07-27,5,49,2026-08-03 18:00:00,7 days 18:00:00,186,26.62,-142.25,1005.8,33.6
2026-07-27,5,49,2026-08-04 00:00:00,8 days 00:00:00,192,27.25,-142.25,1006.1,33.1
2026-07-27,6,49,2026-07-27 00:00:00,0 days 00:00:00,0,21.25,88.5,992.6,54.9
2026-07-27,6,49,2026-07-27 06:00:00,0 days 06:00:00,6,21.38,88.38,992.0,55.9
2026-07-27,6,49,2026-07-27 12:00:00,0 days 12:00:00,12,21.5,88.25,991.3,56.9
2026-07-27,6,49,2026-07-27 18:00:00,0 days 18:00:00,18,21.75,88.25,992.2,55.6
2026-07-27,6,49,2026-07-28 00:00:00,1 days 00:00:00,24,22.0,88.25,993.1,54.2
2026-07-27,6,49,2026-07-28 06:00:00,1 days 06:00:00,30,22.38,87.13,993.5,53.7
2026-07-27,6,49,2026-07-28 12:00:00,1 days 12:00:00,36,22.75,86.0,993.9,53.1
2026-07-27,6,49,2026-07-28 18:00:00,1 days 18:00:00,42,22.01,84.24,994.3,52.5
2026-07-27,6,49,2026-07-29 00:00:00,2 days 00:00:00,48,21.25,82.5,994.8,51.8
2026-07-27,7,49,2026-07-27 00:00:00,0 days 00:00:00,0,12.75,178.25,1002.3,39.9
2026-07-27,7,49,2026-07-27 06:00:00,0 days 06:00:00,6,12.88,176.88,1001.8,40.7
2026-07-27,7,49,2026-07-27 12:00:00,0 days 12:00:00,12,13.0,175.5,1001.3,41.6
2026-07-27,7,49,2026-07-27 18:00:00,0 days 18:00:00,18,12.88,174.12,1000.2,43.3
2026-07-27,7,49,2026-07-28 00:00:00,1 days 00:00:00,24,12.75,172.75,999.1,45.1
2026-07-27,7,49,2026-07-28 06:00:00,1 days 06:00:00,30,12.63,171.75,998.1,46.6
2026-07-27,7,49,2026-07-28 12:00:00,1 days 12:00:00,36,12.5,170.75,997.2,48.1
2026-07-27,7,49,2026-07-28 18:00:00,1 days 18:00:00,42,12.88,170.0,994.8,51.8
2026-07-27,7,49,2026-07-29 00:00:00,2 days 00:00:00,48,13.25,169.25,992.4,55.4
2026-07-27,7,49,2026-07-29 06:00:00,2 days 06:00:00,54,13.75,168.5,991.0,57.3
2026-07-27,7,49,2026-07-29 12:00:00,2 days 12:00:00,60,14.25,167.75,989.6,59.2
2026-07-27,7,49,2026-07-29 18:00:00,2 days 18:00:00,66,14.88,167.13,987.1,62.7
2026-07-27,7,49,2026-07-30 00:00:00,3 days 00:00:00,72,15.5,166.5,984.6,66.2
2026-07-27,7,49,2026-07-30 06:00:00,3 days 06:00:00,78,16.13,165.88,983.3,67.9
2026-07-27,7,49,2026-07-30 12:00:00,3 days 12:00:00,84,16.75,165.25,982.0,69.6
2026-07-27,7,49,2026-07-30 18:00:00,3 days 18:00:00,90,17.63,164.63,981.4,70.5
2026-07-27,7,49,2026-07-31 00:00:00,4 days 00:00:00,96,18.5,164.0,980.7,71.3
2026-07-27,7,49,2026-07-31 06:00:00,4 days 06:00:00,102,19.13,163.5,977.6,75.3
2026-07-27,7,49,2026-07-31 12:00:00,4 days 12:00:00,108,19.75,163.0,974.4,79.2
2026-07-27,7,49,2026-07-31 18:00:00,4 days 18:00:00,114,20.63,162.25,968.4,86.3
2026-07-27,7,49,2026-08-01 00:00:00,5 days 00:00:00,120,21.5,161.5,962.4,93.5
2026-07-27,7,49,2026-08-01 06:00:00,5 days 06:00:00,126,22.38,160.63,958.6,97.7
2026-07-27,7,49,2026-08-01 12:00:00,5 days 12:00:00,132,23.25,159.75,954.8,102.0
2026-07-27,7,49,2026-08-01 18:00:00,5 days 18:00:00,138,24.25,158.76,954.5,102.3
2026-07-27,7,49,2026-08-02 00:00:00,6 days 00:00:00,144,25.25,157.75,954.3,102.6
2026-07-27,7,49,2026-08-02 06:00:00,6 days 06:00:00,150,26.25,156.63,956.3,100.3
2026-07-27,7,49,2026-08-02 12:00:00,6 days 12:00:00,156,27.25,155.5,958.3,98.1
2026-07-27,7,49,2026-08-02 18:00:00,6 days 18:00:00,162,28.63,154.51,957.8,98.7
2026-07-27,7,49,2026-08-03 00:00:00,7 days 00:00:00,168,30.0,153.5,957.2,99.3
2026-07-27,7,49,2026-08-03 06:00:00,7 days 06:00:00,174,31.51,152.27,962.7,93.1
2026-07-27,7,49,2026-08-03 12:00:00,7 days 12:00:00,180,33.0,151.0,968.1,86.8
2026-07-27,7,49,2026-08-03 18:00:00,7 days 18:00:00,186,34.26,149.89,974.0,79.6
2026-07-27,7,49,2026-08-04 00:00:00,8 days 00:00:00,192,35.5,148.75,979.9,72.3
2026-07-27,7,49,2026-08-04 06:00:00,8 days 06:00:00,198,35.88,148.0,982.4,69.1
2026-07-27,7,49,2026-08-04 12:00:00,8 days 12:00:00,204,36.25,147.25,984.9,65.8
2026-07-27,7,49,2026-08-04 18:00:00,8 days 18:00:00,210,36.75,147.37,985.8,64.5
2026-07-27,7,49,2026-08-05 00:00:00,9 days 00:00:00,216,37.25,147.5,986.7,63.3
2026-07-27,7,49,2026-08-05 06:00:00,9 days 06:00:00,222,38.38,147.75,988.3,61.1
2026-07-27,7,49,2026-08-05 12:00:00,9 days 12:00:00,228,39.5,148.0,989.8,59.0
2026-07-27,7,49,2026-08-05 18:00:00,9 days 18:00:00,234,40.63,149.11,988.5,60.8
2026-07-27,7,49,2026-08-06 00:00:00,10 days 00:00:00,240,41.75,150.25,987.2,62.6
2026-07-27,7,49,2026-08-06 06:00:00,10 days 06:00:00,246,43.02,152.09,987.0,62.9
2026-07-27,7,49,2026-08-06 12:00:00,10 days 12:00:00,252,44.25,154.0,986.7,63.3
2026-07-27,7,49,2026-08-06 18:00:00,10 days 18:00:00,258,45.5,154.73,987.3,62.5
2026-07-27,7,49,2026-08-07 00:00:00,11 days 00:00:00,264,46.75,155.5,987.8,61.8
2026-07-27,7,49,2026-08-07 06:00:00,11 days 06:00:00,270,46.63,155.75,989.0,60.1
2026-07-27,7,49,2026-08-07 12:00:00,11 days 12:00:00,276,46.5,156.0,990.2,58.4
2026-07-27,7,49,2026-08-07 18:00:00,11 days 18:00:00,282,47.0,156.12,992.6,54.9
2026-07-27,7,49,2026-08-08 00:00:00,12 days 00:00:00,288,47.5,156.25,995.0,51.4
2026-07-27,7,49,2026-08-08 06:00:00,12 days 06:00:00,294,48.0,156.0,996.5,49.1
2026-07-27,7,49,2026-08-08 12:00:00,12 days 12:00:00,300,48.5,155.75,998.0,46.9
2026-07-27,8,49,2026-08-04 12:00:00,8 days 12:00:00,204,12.5,-130.5,1005.4,34.4
2026-07-27,8,49,2026-08-04 18:00:00,8 days 18:00:00,210,13.13,-131.62,1005.0,35.1
2026-07-27,8,49,2026-08-05 00:00:00,9 days 00:00:00,216,13.75,-132.75,1004.6,35.9
2026-07-27,8,49,2026-08-05 06:00:00,9 days 06:00:00,222,14.0,-133.87,1003.9,37.1
2026-07-27,8,49,2026-08-05 12:00:00,9 days 12:00:00,228,14.25,-135.0,1003.1,38.4
2026-07-27,8,49,2026-08-05 18:00:00,9 days 18:00:00,234,14.13,-136.0,1003.0,38.6
2026-07-27,8,49,2026-08-06 00:00:00,10 days 00:00:00,240,14.0,-137.0,1002.9,38.8
2026-07-27,8,49,2026-08-06 06:00:00,10 days 06:00:00,246,14.13,-138.12,1001.6,41.0
2026-07-27,8,49,2026-08-06 12:00:00,10 days 12:00:00,252,14.25,-139.25,1000.3,43.1
2026-07-27,8,49,2026-08-06 18:00:00,10 days 18:00:00,258,14.5,-140.5,998.5,46.1
2026-07-27,8,49,2026-08-07 00:00:00,11 days 00:00:00,264,14.75,-141.75,996.6,49.0
2026-07-27,8,49,2026-08-07 06:00:00,11 days 06:00:00,270,14.75,-142.75,997.9,46.9
2026-07-27,8,49,2026-08-07 12:00:00,11 days 12:00:00,276,14.75,-143.75,999.3,44.8
2026-07-27,8,49,2026-08-07 18:00:00,11 days 18:00:00,282,14.88,-144.75,999.9,43.8
2026-07-27,8,49,2026-08-08 00:00:00,12 days 00:00:00,288,15.0,-145.75,1000.5,42.9
2026-07-27,8,49,2026-08-08 06:00:00,12 days 06:00:00,294,15.25,-147.0,1000.7,42.5
2026-07-27,8,49,2026-08-08 12:00:00,12 days 12:00:00,300,15.5,-148.25,1000.9,42.1
2026-07-27,8,49,2026-08-08 18:00:00,12 days 18:00:00,306,15.75,-149.62,1000.6,42.6
2026-07-27,8,49,2026-08-09 00:00:00,13 days 00:00:00,312,16.0,-151.0,1000.3,43.2
2026-07-27,8,49,2026-08-09 06:00:00,13 days 06:00:00,318,16.01,-152.5,1000.3,43.2
2026-07-27,8,49,2026-08-09 12:00:00,13 days 12:00:00,324,16.0,-154.0,1000.3,43.1
2026-07-27,8,49,2026-08-09 18:00:00,13 days 18:00:00,330,16.25,-155.37,999.2,44.9
2026-07-27,8,49,2026-08-10 00:00:00,14 days 00:00:00,336,16.5,-156.75,998.2,46.6
2026-07-27,8,49,2026-08-10 06:00:00,14 days 06:00:00,342,16.51,-158.25,998.9,45.4
2026-07-27,8,49,2026-08-10 12:00:00,14 days 12:00:00,348,16.5,-159.75,999.6,44.2
2026-07-27,8,49,2026-08-10 18:00:00,14 days 18:00:00,354,17.0,-161.0,1000.3,43.2
2026-07-27,8,49,2026-08-11 00:00:00,15 days 00:00:00,360,17.5,-162.25,1000.9,42.2
2026-07-27,1,5,2026-07-27 00:00:00,0 days 00:00:00,0,20.0,-143.0,995.2,51.2
2026-07-27,1,5,2026-07-27 06:00:00,0 days 06:00:00,6,20.38,-144.37,997.4,47.7
2026-07-27,1,5,2026-07-27 12:00:00,0 days 12:00:00,12,20.75,-145.75,999.6,44.3
2026-07-27,1,5,2026-07-27 18:00:00,0 days 18:00:00,18,21.13,-147.0,1001.9,40.5
2026-07-27,1,5,2026-07-28 00:00:00,1 days 00:00:00,24,21.5,-148.25,1004.1,36.7
2026-07-27,10,5,2026-08-04 12:00:00,8 days 12:00:00,204,14.75,154.0,998.2,46.5
2026-07-27,10,5,2026-08-04 18:00:00,8 days 18:00:00,210,14.5,153.87,997.3,47.9
2026-07-27,10,5,2026-08-05 00:00:00,9 days 00:00:00,216,14.25,153.75,996.4,49.3
2026-07-27,10,5,2026-08-05 06:00:00,9 days 06:00:00,222,15.13,154.87,996.4,49.3
2026-07-27,10,5,2026-08-05 12:00:00,9 days 12:00:00,228,16.0,156.0,996.4,49.4
2026-07-27,10,5,2026-08-05 18:00:00,9 days 18:00:00,234,17.75,156.5,995.7,50.4
2026-07-27,10,5,2026-08-06 00:00:00,10 days 00:00:00,240,19.5,157.0,994.9,51.5
2026-07-27,10,5,2026-08-06 06:00:00,10 days 06:00:00,246,22.0,157.74,995.9,50.1
2026-07-27,10,5,2026-08-06 12:00:00,10 days 12:00:00,252,24.5,158.5,996.8,48.7
2026-07-27,10,5,2026-08-06 18:00:00,10 days 18:00:00,258,26.63,157.64,993.1,54.1
2026-07-27,10,5,2026-08-07 00:00:00,11 days 00:00:00,264,28.75,156.75,989.5,59.5
2026-07-27,10,5,2026-08-07 06:00:00,11 days 06:00:00,270,30.38,156.5,989.8,59.0
2026-07-27,10,5,2026-08-07 12:00:00,11 days 12:00:00,276,32.0,156.25,990.1,58.6
2026-07-27,10,5,2026-08-07 18:00:00,11 days 18:00:00,282,33.0,156.0,988.9,60.3
2026-07-27,10,5,2026-08-08 00:00:00,12 days 00:00:00,288,34.0,155.75,987.7,62.0
2026-07-27,10,5,2026-08-08 06:00:00,12 days 06:00:00,294,34.5,155.87,989.4,59.5
2026-07-27,10,5,2026-08-08 12:00:00,12 days 12:00:00,300,35.0,156.0,991.1,57.1
2026-07-27,10,5,2026-08-08 18:00:00,12 days 18:00:00,306,35.5,156.5,990.6,57.9
2026-07-27,10,5,2026-08-09 00:00:00,13 days 00:00:00,312,36.0,157.0,990.1,58.6
2026-07-27,10,5,2026-08-09 06:00:00,13 days 06:00:00,318,36.25,157.75,990.5,58.0
2026-07-27,10,5,2026-08-09 12:00:00,13 days 12:00:00,324,36.5,158.5,990.9,57.5
2026-07-27,10,5,2026-08-09 18:00:00,13 days 18:00:00,330,36.51,159.75,990.0,58.7
2026-07-27,10,5,2026-08-10 00:00:00,14 days 00:00:00,336,36.5,161.0,989.1,59.9
2026-07-27,10,5,2026-08-10 06:00:00,14 days 06:00:00,342,37.13,161.74,988.2,61.2
2026-07-27,10,5,2026-08-10 12:00:00,14 days 12:00:00,348,37.75,162.5,987.3,62.5
2026-07-27,10,5,2026-08-10 18:00:00,14 days 18:00:00,354,38.25,163.24,988.8,60.3
2026-07-27,10,5,2026-08-11 00:00:00,15 days 00:00:00,360,38.75,164.0,990.4,58.2
2026-07-27,11,5,2026-08-05 00:00:00,9 days 00:00:00,216,19.25,114.0,1002.6,39.4
2026-07-27,11,5,2026-08-05 06:00:00,9 days 06:00:00,222,19.88,113.63,1001.7,40.8
2026-07-27,11,5,2026-08-05 12:00:00,9 days 12:00:00,228,20.5,113.25,1000.9,42.2
2026-07-27,11,5,2026-08-05 18:00:00,9 days 18:00:00,234,20.75,113.25,999.6,44.3
2026-07-27,11,5,2026-08-06 00:00:00,10 days 00:00:00,240,21.0,113.25,998.3,46.4
2026-07-27,11,5,2026-08-06 06:00:00,10 days 06:00:00,246,21.0,113.88,996.5,49.1
2026-07-27,11,5,2026-08-06 12:00:00,10 days 12:00:00,252,21.0,114.5,994.8,51.8
2026-07-27,11,5,2026-08-06 18:00:00,10 days 18:00:00,258,21.5,114.87,993.7,53.4
2026-07-27,11,5,2026-08-07 00:00:00,11 days 00:00:00,264,22.0,115.25,992.6,55.1
2026-07-27,11,5,2026-08-07 06:00:00,11 days 06:00:00,270,22.38,115.13,993.0,54.4
2026-07-27,11,5,2026-08-07 12:00:00,11 days 12:00:00,276,22.75,115.0,993.5,53.7
2026-07-27,11,5,2026-08-07 18:00:00,11 days 18:00:00,282,23.0,114.75,995.2,51.2
2026-07-27,11,5,2026-08-08 00:00:00,12 days 00:00:00,288,23.25,114.5,996.8,48.6
2026-07-27,5,5,2026-07-27 00:00:00,0 days 00:00:00,0,14.5,-110.75,972.9,81.1
2026-07-27,5,5,2026-07-27 06:00:00,0 days 06:00:00,6,15.25,-111.62,973.6,80.2
2026-07-27,5,5,2026-07-27 12:00:00,0 days 12:00:00,12,16.0,-112.5,974.4,79.3
2026-07-27,5,5,2026-07-27 18:00:00,0 days 18:00:00,18,16.5,-113.37,976.3,76.9
2026-07-27,5,5,2026-07-28 00:00:00,1 days 00:00:00,24,17.0,-114.25,978.3,74.4
2026-07-27,5,5,2026-07-28 06:00:00,1 days 06:00:00,30,17.25,-114.87,977.6,75.3
2026-07-27,5,5,2026-07-28 12:00:00,1 days 12:00:00,36,17.5,-115.5,976.8,76.2
2026-07-27,5,5,2026-07-28 18:00:00,1 days 18:00:00,42,17.75,-116.37,979.4,73.0
2026-07-27,5,5,2026-07-29 00:00:00,2 days 00:00:00,48,18.0,-117.25,981.9,69.8
2026-07-27,5,5,2026-07-29 06:00:00,2 days 06:00:00,54,18.13,-118.0,980.7,71.3
2026-07-27,5,5,2026-07-29 12:00:00,2 days 12:00:00,60,18.25,-118.75,979.5,72.9
2026-07-27,5,5,2026-07-29 18:00:00,2 days 18:00:00,66,18.75,-119.75,981.1,70.7
2026-07-27,5,5,2026-07-30 00:00:00,3 days 00:00:00,72,19.25,-120.75,982.8,68.6
2026-07-27,5,5,2026-07-30 06:00:00,3 days 06:00:00,78,19.5,-121.62,983.0,68.2
2026-07-27,5,5,2026-07-30 12:00:00,3 days 12:00:00,84,19.75,-122.5,983.3,67.9
2026-07-27,5,5,2026-07-30 18:00:00,3 days 18:00:00,90,19.88,-123.75,985.8,64.5
2026-07-27,5,5,2026-07-31 00:00:00,4 days 00:00:00,96,20.0,-125.0,988.3,61.2
2026-07-27,5,5,2026-07-31 06:00:00,4 days 06:00:00,102,20.38,-126.25,991.4,56.7
2026-07-27,5,5,2026-07-31 12:00:00,4 days 12:00:00,108,20.75,-127.5,994.5,52.3
2026-07-27,5,5,2026-07-31 18:00:00,4 days 18:00:00,114,20.76,-129.0,997.9,46.8
2026-07-27,5,5,2026-08-01 00:00:00,5 days 00:00:00,120,20.75,-130.5,1001.3,41.4
2026-07-27,5,5,2026-08-01 06:00:00,5 days 06:00:00,126,21.01,-131.87,1002.9,38.7
2026-07-27,5,5,2026-08-01 12:00:00,5 days 12:00:00,132,21.25,-133.25,1004.5,36.1
2026-07-27,5,5,2026-08-01 18:00:00,5 days 18:00:00,138,21.88,-134.87,1004.2,36.5
2026-07-27,5,5,2026-08-02 00:00:00,6 days 00:00:00,144,22.5,-136.5,1003.9,37.0
2026-07-27,5,5,2026-08-02 06:00:00,6 days 06:00:00,150,22.88,-138.0,1003.8,37.2
2026-07-27,5,5,2026-08-02 12:00:00,6 days 12:00:00,156,23.25,-139.5,1003.7,37.4
2026-07-27,5,5,2026-08-02 18:00:00,6 days 18:00:00,162,23.5,-140.62,1004.9,35.2
2026-07-27,5,5,2026-08-03 00:00:00,7 days 00:00:00,168,23.75,-141.75,1006.1,33.1
2026-07-27,6,5,2026-07-27 00:00:00,0 days 00:00:00,0,21.25,88.5,992.6,54.9
2026-07-27,6,5,2026-07-27 06:00:00,0 days 06:00:00,6,21.38,88.13,992.2,55.6
2026-07-27,6,5,2026-07-27 12:00:00,0 days 12:00:00,12,21.5,87.75,991.7,56.3
2026-07-27,6,5,2026-07-27 18:00:00,0 days 18:00:00,18,21.63,87.5,992.0,55.9
2026-07-27,6,5,2026-07-28 00:00:00,1 days 00:00:00,24,21.75,87.25,992.3,55.5
2026-07-27,6,5,2026-07-28 06:00:00,1 days 06:00:00,30,21.88,86.13,992.1,55.7
2026-07-27,6,5,2026-07-28 12:00:00,1 days 12:00:00,36,22.0,85.0,991.9,56.0
2026-07-27,6,5,2026-07-28 18:00:00,1 days 18:00:00,42,22.0,84.5,991.3,56.9
2026-07-27,6,5,2026-07-29 00:00:00,2 days 00:00:00,48,22.0,84.0,990.7,57.7
2026-07-27,6,5,2026-07-29 06:00:00,2 days 06:00:00,54,21.82,82.93,991.6,56.4
2026-07-27,6,5,2026-07-29 12:00:00,2 days 12:00:00,60,21.64,81.87,992.6,55.0
2026-07-27,6,5,2026-07-29 18:00:00,2 days 18:00:00,66,21.45,80.81,993.5,53.6
2026-07-27,6,5,2026-07-30 00:00:00,3 days 00:00:00,72,21.25,79.75,994.5,52.2
2026-07-27,6,5,2026-07-30 06:00:00,3 days 06:00:00,78,21.34,78.13,993.9,53.0
2026-07-27,6,5,2026-07-30 12:00:00,3 days 12:00:00,84,21.41,76.5,993.4,53.8
2026-07-27,6,5,2026-07-30 18:00:00,3 days 18:00:00,90,21.46,74.88,992.8,54.7
2026-07-27,6,5,2026-07-31 00:00:00,4 days 00:00:00,96,21.5,73.25,992.3,55.5
2026-07-27,6,5,2026-07-31 06:00:00,4 days 06:00:00,102,22.38,72.82,992.6,55.0
2026-07-27,6,5,2026-07-31 12:00:00,4 days 12:00:00,108,23.25,72.39,993.0,54.5
2026-07-27,6,5,2026-07-31 18:00:00,4 days 18:00:00,114,24.13,71.95,993.3,54.0
2026-07-27,6,5,2026-08-01 00:00:00,5 days 00:00:00,120,25.0,71.5,993.6,53.5
2026-07-27,7,5,2026-07-27 00:00:00,0 days 00:00:00,0,12.75,178.25,1002.3,39.9
2026-07-27,7,5,2026-07-27 06:00:00,0 days 06:00:00,6,13.0,176.75,1002.0,40.4
2026-07-27,7,5,2026-07-27 12:00:00,0 days 12:00:00,12,13.25,175.25,1001.6,40.9
2026-07-27,7,5,2026-07-27 18:00:00,0 days 18:00:00,18,13.13,174.12,1000.0,43.6
2026-07-27,7,5,2026-07-28 00:00:00,1 days 00:00:00,24,13.0,173.0,998.3,46.3
2026-07-27,7,5,2026-07-28 06:00:00,1 days 06:00:00,30,13.13,172.13,996.8,48.7
2026-07-27,7,5,2026-07-28 12:00:00,1 days 12:00:00,36,13.25,171.25,995.2,51.1
2026-07-27,7,5,2026-07-28 18:00:00,1 days 18:00:00,42,13.5,170.5,993.6,53.5
2026-07-27,7,5,2026-07-29 00:00:00,2 days 00:00:00,48,13.75,169.75,992.0,55.9
2026-07-27,7,5,2026-07-29 06:00:00,2 days 06:00:00,54,14.25,169.0,988.4,60.9
2026-07-27,7,5,2026-07-29 12:00:00,2 days 12:00:00,60,14.75,168.25,984.8,65.9
2026-07-27,7,5,2026-07-29 18:00:00,2 days 18:00:00,66,15.25,167.63,982.3,69.1
2026-07-27,7,5,2026-07-30 00:00:00,3 days 00:00:00,72,15.75,167.0,979.9,72.4
2026-07-27,7,5,2026-07-30 06:00:00,3 days 06:00:00,78,16.38,166.38,978.1,74.6
2026-07-27,7,5,2026-07-30 12:00:00,3 days 12:00:00,84,17.0,165.75,976.4,76.8
2026-07-27,7,5,2026-07-30 18:00:00,3 days 18:00:00,90,17.75,164.88,970.1,84.3
2026-07-27,7,5,2026-07-31 00:00:00,4 days 00:00:00,96,18.5,164.0,963.8,91.9
2026-07-27,7,5,2026-07-31 06:00:00,4 days 06:00:00,102,19.25,163.0,965.7,89.7
2026-07-27,7,5,2026-07-31 12:00:00,4 days 12:00:00,108,20.0,162.0,967.7,87.4
2026-07-27,7,5,2026-07-31 18:00:00,4 days 18:00:00,114,20.75,161.0,962.9,92.9
2026-07-27,7,5,2026-08-01 00:00:00,5 days 00:00:00,120,21.5,160.0,958.0,98.4
2026-07-27,7,5,2026-08-01 06:00:00,5 days 06:00:00,126,22.5,158.88,961.7,94.3
2026-07-27,7,5,2026-08-01 12:00:00,5 days 12:00:00,132,23.5,157.75,965.3,90.1
2026-07-27,7,5,2026-08-01 18:00:00,5 days 18:00:00,138,24.51,156.51,964.9,90.7
2026-07-27,7,5,2026-08-02 00:00:00,6 days 00:00:00,144,25.5,155.25,964.4,91.2
2026-07-27,7,5,2026-08-02 06:00:00,6 days 06:00:00,150,26.51,154.01,965.6,89.8
2026-07-27,7,5,2026-08-02 12:00:00,6 days 12:00:00,156,27.5,152.75,966.7,88.5
2026-07-27,7,5,2026-08-02 18:00:00,6 days 18:00:00,162,28.51,151.51,967.9,87.1
2026-07-27,7,5,2026-08-03 00:00:00,7 days 00:00:00,168,29.5,150.25,969.1,85.7
2026-07-27,7,5,2026-08-03 06:00:00,7 days 06:00:00,174,30.38,149.51,970.1,84.5
2026-07-27,7,5,2026-08-03 12:00:00,7 days 12:00:00,180,31.25,148.75,971.1,83.3
2026-07-27,7,5,2026-08-03 18:00:00,7 days 18:00:00,186,31.75,147.76,975.2,78.2
2026-07-27,7,5,2026-08-04 00:00:00,8 days 00:00:00,192,32.25,146.75,979.3,73.1
2026-07-27,7,5,2026-08-04 06:00:00,8 days 06:00:00,198,32.75,146.5,975.8,77.5
2026-07-27,7,5,2026-08-04 12:00:00,8 days 12:00:00,204,33.25,146.25,972.2,81.9
2026-07-27,7,5,2026-08-04 18:00:00,8 days 18:00:00,210,33.38,146.13,974.6,79.0
2026-07-27,7,5,2026-08-05 00:00:00,9 days 00:00:00,216,33.5,146.0,977.0,76.1
2026-07-27,7,5,2026-08-05 06:00:00,9 days 06:00:00,222,33.88,146.0,975.9,77.4
2026-07-27,7,5,2026-08-05 12:00:00,9 days 12:00:00,228,34.25,146.0,974.9,78.6
2026-07-27,7,5,2026-08-05 18:00:00,9 days 18:00:00,234,34.38,145.88,976.3,76.9
2026-07-27,7,5,2026-08-06 00:00:00,10 days 00:00:00,240,34.5,145.75,977.7,75.2
2026-07-27,7,5,2026-08-06 06:00:00,10 days 06:00:00,246,34.63,145.25,979.7,72.6
2026-07-27,7,5,2026-08-06 12:00:00,10 days 12:00:00,252,34.75,144.75,981.8,69.9
2026-07-27,7,5,2026-08-06 18:00:00,10 days 18:00:00,258,34.75,143.75,982.7,68.7
2026-07-27,7,5,2026-08-07 00:00:00,11 days 00:00:00,264,34.75,142.75,983.6,67.5
2026-07-27,7,5,2026-08-07 06:00:00,11 days 06:00:00,270,35.0,142.0,985.5,64.9
2026-07-27,7,5,2026-08-07 12:00:00,11 days 12:00:00,276,35.25,141.25,987.4,62.4
2026-07-27,7,5,2026-08-07 18:00:00,11 days 18:00:00,282,35.88,140.51,991.1,57.0
2026-07-27,7,5,2026-08-08 00:00:00,12 days 00:00:00,288,36.5,139.75,994.9,51.6
2026-07-27,7,5,2026-08-08 06:00:00,12 days 06:00:00,294,37.38,138.39,996.5,49.2
2026-07-27,7,5,2026-08-08 12:00:00,12 days 12:00:00,300,38.25,137.0,998.1,46.7
2026-07-27,7,5,2026-08-08 18:00:00,12 days 18:00:00,306,38.75,136.26,998.4,46.2
2026-07-27,7,5,2026-08-09 00:00:00,13 days 00:00:00,312,39.25,135.5,998.8,45.6
2026-07-27,7,5,2026-08-09 06:00:00,13 days 06:00:00,318,39.63,135.25,999.5,44.4
2026-07-27,7,5,2026-08-09 12:00:00,13 days 12:00:00,324,40.0,135.0,1000.3,43.2
2026-07-27,7,5,2026-08-09 18:00:00,13 days 18:00:00,330,40.25,135.12,1000.1,43.4
2026-07-27,7,5,2026-08-10 00:00:00,14 days 00:00:00,336,40.5,135.25,1000.0,43.7
2026-07-27,7,5,2026-08-10 06:00:00,14 days 06:00:00,342,40.63,134.88,999.2,44.9
2026-07-27,7,5,2026-08-10 12:00:00,14 days 12:00:00,348,40.75,134.5,998.5,46.1
2026-07-27,7,5,2026-08-10 18:00:00,14 days 18:00:00,354,41.38,134.75,999.9,43.8
2026-07-27,7,5,2026-08-11 00:00:00,15 days 00:00:00,360,42.0,135.0,1001.2,41.6
2026-07-27,8,5,2026-07-31 12:00:00,4 days 12:00:00,108,-47.25,-77.0,977.7,75.1
2026-07-27,8,5,2026-07-31 18:00:00,4 days 18:00:00,114,-48.38,-76.88,982.6,68.7
2026-07-27,8,5,2026-08-01 00:00:00,5 days 00:00:00,120,-49.5,-76.75,987.5,62.3
2026-07-27,8,5,2026-08-01 06:00:00,5 days 06:00:00,126,-47.26,-76.33,987.1,62.7
2026-07-27,8,5,2026-08-01 12:00:00,5 days 12:00:00,132,-45.0,-75.94,986.8,63.2
2026-07-27,8,5,2026-08-01 18:00:00,5 days 18:00:00,138,-42.75,-75.58,986.4,63.7
2026-07-27,8,5,2026-08-02 00:00:00,6 days 00:00:00,144,-40.5,-75.25,986.1,64.2
2026-07-27,8,5,2026-08-02 06:00:00,6 days 06:00:00,150,-41.79,-72.43,991.4,56.5
2026-07-27,8,5,2026-08-02 12:00:00,6 days 12:00:00,156,-43.0,-69.5,996.7,48.8
2026-07-27,8,5,2026-08-02 18:00:00,6 days 18:00:00,162,-43.41,-66.52,997.7,47.3
2026-07-27,8,5,2026-08-03 00:00:00,7 days 00:00:00,168,-43.75,-63.5,998.6,45.8
2026-07-27,8,5,2026-08-03 06:00:00,7 days 06:00:00,174,-44.13,-62.38,999.1,45.1
2026-07-27,8,5,2026-08-03 12:00:00,7 days 12:00:00,180,-44.5,-61.25,999.6,44.3
2026-07-27,9,5,2026-08-04 12:00:00,8 days 12:00:00,204,13.75,-127.25,1004.9,35.3
2026-07-27,9,5,2026-08-04 18:00:00,8 days 18:00:00,210,14.25,-127.5,1004.3,36.3
2026-07-27,9,5,2026-08-05 00:00:00,9 days 00:00:00,216,14.75,-127.75,1003.8,37.2
2026-07-27,9,5,2026-08-05 06:00:00,9 days 06:00:00,222,15.0,-128.12,1003.5,37.7
2026-07-27,9,5,2026-08-05 12:00:00,9 days 12:00:00,228,15.25,-128.5,1003.3,38.2
2026-07-27,9,5,2026-08-05 18:00:00,9 days 18:00:00,234,15.38,-129.62,1001.7,40.8
2026-07-27,9,5,2026-08-06 00:00:00,10 days 00:00:00,240,15.5,-130.75,1000.2,43.3
2026-07-27,9,5,2026-08-06 06:00:00,10 days 06:00:00,246,16.0,-131.5,1000.0,43.7
2026-07-27,9,5,2026-08-06 12:00:00,10 days 12:00:00,252,16.5,-132.25,999.7,44.1
2026-07-27,9,5,2026-08-06 18:00:00,10 days 18:00:00,258,16.88,-133.25,999.1,45.1
2026-07-27,9,5,2026-08-07 00:00:00,11 days 00:00:00,264,17.25,-134.25,998.5,46.0
2026-07-27,9,5,2026-08-07 06:00:00,11 days 06:00:00,270,17.75,-135.37,997.8,47.1
2026-07-27,9,5,2026-08-07 12:00:00,11 days 12:00:00,276,18.25,-136.5,997.2,48.1
2026-07-27,9,5,2026-08-07 18:00:00,11 days 18:00:00,282,18.63,-137.5,997.2,48.1
2026-07-27,9,5,2026-08-08 00:00:00,12 days 00:00:00,288,19.0,-138.5,997.2,48.1
2026-07-27,9,5,2026-08-08 06:00:00,12 days 06:00:00,294,19.5,-139.5,996.4,49.3
2026-07-27,9,5,2026-08-08 12:00:00,12 days 12:00:00,300,20.0,-140.5,995.6,50.6
2026-07-27,9,5,2026-08-08 18:00:00,12 days 18:00:00,306,20.5,-141.75,997.4,47.7
2026-07-27,9,5,2026-08-09 00:00:00,13 days 00:00:00,312,21.0,-143.0,999.3,44.8
2026-07-27,9,5,2026-08-09 06:00:00,13 days 06:00:00,318,21.13,-143.87,999.9,43.8
2026-07-27,9,5,2026-08-09 12:00:00,13 days 12:00:00,324,21.25,-144.75,1000.5,42.9
2026-07-27,9,5,2026-08-09 18:00:00,13 days 18:00:00,330,21.5,-145.37,1001.2,41.7
2026-07-27,9,5,2026-08-10 00:00:00,14 days 00:00:00,336,21.75,-146.0,1001.9,40.5
2026-07-27,9,5,2026-08-10 06:00:00,14 days 06:00:00,342,22.0,-146.62,1002.6,39.3
2026-07-27,9,5,2026-08-10 12:00:00,14 days 12:00:00,348,22.25,-147.25,1003.3,38.2
2026-07-27,9,5,2026-08-10 18:00:00,14 days 18:00:00,354,22.38,-147.37,1005.1,34.9
2026-07-27,9,5,2026-08-11 00:00:00,15 days 00:00:00,360,22.5,-147.5,1006.9,31.6
2026-07-27,1,6,2026-07-27 00:00:00,0 days 00:00:00,0,20.0,-143.0,995.2,51.2
2026-07-27,1,6,2026-07-27 06:00:00,0 days 06:00:00,6,20.38,-144.5,995.4,50.8
2026-07-27,1,6,2026-07-27 12:00:00,0 days 12:00:00,12,20.75,-146.0,995.7,50.4
2026-07-27,1,6,2026-07-27 18:00:00,0 days 18:00:00,18,20.88,-147.12,998.9,45.3
2026-07-27,1,6,2026-07-28 00:00:00,1 days 00:00:00,24,21.0,-148.25,1002.1,40.2
2026-07-27,5,6,2026-07-27 00:00:00,0 days 00:00:00,0,14.5,-110.75,972.9,81.1
2026-07-27,5,6,2026-07-27 06:00:00,0 days 06:00:00,6,15.13,-111.62,974.2,79.5
2026-07-27,5,6,2026-07-27 12:00:00,0 days 12:00:00,12,15.75,-112.5,975.6,77.8
2026-07-27,5,6,2026-07-27 18:00:00,0 days 18:00:00,18,16.25,-113.25,975.7,77.7
2026-07-27,5,6,2026-07-28 00:00:00,1 days 00:00:00,24,16.75,-114.0,975.7,77.6
2026-07-27,5,6,2026-07-28 06:00:00,1 days 06:00:00,30,17.25,-114.75,976.4,76.8
2026-07-27,5,6,2026-07-28 12:00:00,1 days 12:00:00,36,17.75,-115.5,977.1,76.0
2026-07-27,5,6,2026-07-28 18:00:00,1 days 18:00:00,42,17.75,-116.25,978.0,74.8
2026-07-27,5,6,2026-07-29 00:00:00,2 days 00:00:00,48,17.75,-117.0,979.0,73.6
2026-07-27,5,6,2026-07-29 06:00:00,2 days 06:00:00,54,18.0,-117.75,980.4,71.7
2026-07-27,5,6,2026-07-29 12:00:00,2 days 12:00:00,60,18.25,-118.5,981.9,69.8
2026-07-27,5,6,2026-07-29 18:00:00,2 days 18:00:00,66,18.5,-119.5,982.7,68.7
2026-07-27,5,6,2026-07-30 00:00:00,3 days 00:00:00,72,18.75,-120.5,983.6,67.5
2026-07-27,5,6,2026-07-30 06:00:00,3 days 06:00:00,78,19.38,-121.5,984.0,67.0
2026-07-27,5,6,2026-07-30 12:00:00,3 days 12:00:00,84,20.0,-122.5,984.4,66.4
2026-07-27,5,6,2026-07-30 18:00:00,3 days 18:00:00,90,20.38,-123.75,986.0,64.3
2026-07-27,5,6,2026-07-31 00:00:00,4 days 00:00:00,96,20.75,-125.0,987.5,62.2
2026-07-27,5,6,2026-07-31 06:00:00,4 days 06:00:00,102,21.0,-126.25,990.5,57.9
2026-07-27,5,6,2026-07-31 12:00:00,4 days 12:00:00,108,21.25,-127.5,993.6,53.6
2026-07-27,5,6,2026-07-31 18:00:00,4 days 18:00:00,114,21.63,-128.62,995.8,50.1
2026-07-27,5,6,2026-08-01 00:00:00,5 days 00:00:00,120,22.0,-129.75,998.1,46.6
2026-07-27,5,6,2026-08-01 06:00:00,5 days 06:00:00,126,22.51,-131.37,999.3,44.7
2026-07-27,5,6,2026-08-01 12:00:00,5 days 12:00:00,132,23.0,-133.0,1000.6,42.7
2026-07-27,5,6,2026-08-01 18:00:00,5 days 18:00:00,138,23.5,-134.25,1003.0,38.5
2026-07-27,5,6,2026-08-02 00:00:00,6 days 00:00:00,144,24.0,-135.5,1005.5,34.3
2026-07-27,5,6,2026-08-02 06:00:00,6 days 06:00:00,150,24.38,-137.12,1005.6,34.0
2026-07-27,5,6,2026-08-02 12:00:00,6 days 12:00:00,156,24.75,-138.75,1005.8,33.7
2026-07-27,5,6,2026-08-02 18:00:00,6 days 18:00:00,162,25.38,-139.74,1007.1,31.1
2026-07-27,5,6,2026-08-03 00:00:00,7 days 00:00:00,168,26.0,-140.75,1008.5,28.6
2026-07-27,5,6,2026-08-03 06:00:00,7 days 06:00:00,174,26.01,-142.13,1009.2,27.0
2026-07-27,5,6,2026-08-03 12:00:00,7 days 12:00:00,180,26.0,-143.5,1010.0,25.5
2026-07-27,6,6,2026-07-27 00:00:00,0 days 00:00:00,0,21.25,88.5,992.6,54.9
2026-07-27,6,6,2026-07-27 06:00:00,0 days 06:00:00,6,21.25,88.25,991.5,56.6
2026-07-27,6,6,2026-07-27 12:00:00,0 days 12:00:00,12,21.25,88.0,990.4,58.2
2026-07-27,6,6,2026-07-27 18:00:00,0 days 18:00:00,18,21.38,87.5,990.2,58.5
2026-07-27,6,6,2026-07-28 00:00:00,1 days 00:00:00,24,21.5,87.0,989.9,58.8
2026-07-27,6,6,2026-07-28 06:00:00,1 days 06:00:00,30,21.75,86.0,989.9,58.9
2026-07-27,6,6,2026-07-28 12:00:00,1 days 12:00:00,36,22.0,85.0,989.9,58.9
2026-07-27,6,6,2026-07-28 18:00:00,1 days 18:00:00,42,22.0,84.0,989.3,59.8
2026-07-27,6,6,2026-07-29 00:00:00,2 days 00:00:00,48,22.0,83.0,988.6,60.7
2026-07-27,6,6,2026-07-29 06:00:00,2 days 06:00:00,54,21.5,81.75,988.8,60.4
2026-07-27,6,6,2026-07-29 12:00:00,2 days 12:00:00,60,21.0,80.5,989.0,60.2
2026-07-27,6,6,2026-07-29 18:00:00,2 days 18:00:00,66,21.0,80.25,989.1,60.0
2026-07-27,6,6,2026-07-30 00:00:00,3 days 00:00:00,72,21.0,80.0,989.2,59.9
2026-07-27,6,6,2026-07-30 06:00:00,3 days 06:00:00,78,21.76,78.63,990.1,58.6
2026-07-27,6,6,2026-07-30 12:00:00,3 days 12:00:00,84,22.5,77.25,991.0,57.3
2026-07-27,6,6,2026-07-30 18:00:00,3 days 18:00:00,90,22.15,74.24,990.6,57.9
2026-07-27,6,6,2026-07-31 00:00:00,4 days 00:00:00,96,21.75,71.25,990.2,58.5
2026-07-27,7,6,2026-07-27 00:00:00,0 days 00:00:00,0,12.75,178.25,1002.3,39.9
2026-07-27,7,6,2026-07-27 06:00:00,0 days 06:00:00,6,12.88,176.88,1001.5,41.2
2026-07-27,7,6,2026-07-27 12:00:00,0 days 12:00:00,12,13.0,175.5,1000.7,42.5
2026-07-27,7,6,2026-07-27 18:00:00,0 days 18:00:00,18,13.13,174.25,999.5,44.4
2026-07-27,7,6,2026-07-28 00:00:00,1 days 00:00:00,24,13.25,173.0,998.3,46.4
2026-07-27,7,6,2026-07-28 06:00:00,1 days 06:00:00,30,13.38,172.0,995.8,50.2
2026-07-27,7,6,2026-07-28 12:00:00,1 days 12:00:00,36,13.5,171.0,993.3,54.0
2026-07-27,7,6,2026-07-28 18:00:00,1 days 18:00:00,42,13.88,170.25,991.0,57.3
2026-07-27,7,6,2026-07-29 00:00:00,2 days 00:00:00,48,14.25,169.5,988.8,60.5
2026-07-27,7,6,2026-07-29 06:00:00,2 days 06:00:00,54,14.88,169.0,989.1,60.1
2026-07-27,7,6,2026-07-29 12:00:00,2 days 12:00:00,60,15.5,168.5,989.4,59.6
2026-07-27,7,6,2026-07-29 18:00:00,2 days 18:00:00,66,16.13,167.75,986.2,63.9
2026-07-27,7,6,2026-07-30 00:00:00,3 days 00:00:00,72,16.75,167.0,983.0,68.3
2026-07-27,7,6,2026-07-30 06:00:00,3 days 06:00:00,78,17.25,166.63,981.6,70.1
2026-07-27,7,6,2026-07-30 12:00:00,3 days 12:00:00,84,17.75,166.25,980.2,71.9
2026-07-27,7,6,2026-07-30 18:00:00,3 days 18:00:00,90,18.38,165.5,976.1,77.1
2026-07-27,7,6,2026-07-31 00:00:00,4 days 00:00:00,96,19.0,164.75,972.0,82.2
2026-07-27,7,6,2026-07-31 06:00:00,4 days 06:00:00,102,19.63,164.0,970.2,84.3
2026-07-27,7,6,2026-07-31 12:00:00,4 days 12:00:00,108,20.25,163.25,968.5,86.4
2026-07-27,7,6,2026-07-31 18:00:00,4 days 18:00:00,114,21.0,162.5,967.4,87.7
2026-07-27,7,6,2026-08-01 00:00:00,5 days 00:00:00,120,21.75,161.75,966.4,88.9
2026-07-27,7,6,2026-08-01 06:00:00,5 days 06:00:00,126,22.38,160.63,959.1,97.1
2026-07-27,7,6,2026-08-01 12:00:00,5 days 12:00:00,132,23.0,159.5,951.7,105.3
2026-07-27,7,6,2026-08-01 18:00:00,5 days 18:00:00,138,23.75,158.63,953.9,102.9
2026-07-27,7,6,2026-08-02 00:00:00,6 days 00:00:00,144,24.5,157.75,956.1,100.5
2026-07-27,7,6,2026-08-02 06:00:00,6 days 06:00:00,150,25.63,156.88,956.7,99.9
2026-07-27,7,6,2026-08-02 12:00:00,6 days 12:00:00,156,26.75,156.0,957.3,99.2
2026-07-27,7,6,2026-08-02 18:00:00,6 days 18:00:00,162,28.13,154.77,958.2,98.3
2026-07-27,7,6,2026-08-03 00:00:00,7 days 00:00:00,168,29.5,153.5,959.0,97.4
2026-07-27,7,6,2026-08-03 06:00:00,7 days 06:00:00,174,30.88,152.39,961.2,94.9
2026-07-27,7,6,2026-08-03 12:00:00,7 days 12:00:00,180,32.25,151.25,963.3,92.4
2026-07-27,7,6,2026-08-03 18:00:00,7 days 18:00:00,186,33.51,149.89,966.2,89.1
2026-07-27,7,6,2026-08-04 00:00:00,8 days 00:00:00,192,34.75,148.5,969.0,85.8
2026-07-27,7,6,2026-08-04 06:00:00,8 days 06:00:00,198,35.38,147.26,972.7,81.3
2026-07-27,7,6,2026-08-04 12:00:00,8 days 12:00:00,204,36.0,146.0,976.4,76.8
2026-07-27,7,6,2026-08-04 18:00:00,8 days 18:00:00,210,36.25,145.5,979.4,72.9
2026-07-27,7,6,2026-08-05 00:00:00,9 days 00:00:00,216,36.5,145.0,982.5,69.0
2026-07-27,7,6,2026-08-05 06:00:00,9 days 06:00:00,222,37.25,144.75,983.4,67.7
2026-07-27,7,6,2026-08-05 12:00:00,9 days 12:00:00,228,38.0,144.5,984.4,66.5
2026-07-27,7,6,2026-08-05 18:00:00,9 days 18:00:00,234,38.88,144.99,987.2,62.6
2026-07-27,7,6,2026-08-06 00:00:00,10 days 00:00:00,240,39.75,145.5,990.0,58.8
2026-07-27,7,6,2026-08-06 06:00:00,10 days 06:00:00,246,40.26,146.99,990.2,58.5
2026-07-27,7,6,2026-08-06 12:00:00,10 days 12:00:00,252,40.75,148.5,990.4,58.1
2026-07-27,7,6,2026-08-06 18:00:00,10 days 18:00:00,258,41.52,150.6,990.1,58.7
2026-07-27,7,6,2026-08-07 00:00:00,11 days 00:00:00,264,42.25,152.75,989.7,59.2
2026-07-27,7,6,2026-08-07 06:00:00,11 days 06:00:00,270,43.04,155.59,989.5,59.4
2026-07-27,7,6,2026-08-07 12:00:00,11 days 12:00:00,276,43.75,158.5,989.4,59.6
2026-07-27,7,6,2026-08-07 18:00:00,11 days 18:00:00,282,44.4,160.85,988.6,60.7
2026-07-27,7,6,2026-08-08 00:00:00,12 days 00:00:00,288,45.0,163.25,987.8,61.8
2026-07-27,7,6,2026-08-08 06:00:00,12 days 06:00:00,294,45.39,165.11,988.1,61.4
2026-07-27,7,6,2026-08-08 12:00:00,12 days 12:00:00,300,45.75,167.0,988.3,61.1
2026-07-27,7,6,2026-08-08 18:00:00,12 days 18:00:00,306,46.65,169.46,990.4,58.1
2026-07-27,7,6,2026-08-09 00:00:00,13 days 00:00:00,312,47.5,172.0,992.5,55.2
2026-07-27,7,6,2026-08-09 06:00:00,13 days 06:00:00,318,48.52,175.19,994.2,52.6
2026-07-27,7,6,2026-08-09 12:00:00,13 days 12:00:00,324,49.45,178.51,995.9,50.0
2026-07-27,7,6,2026-08-09 18:00:00,13 days 18:00:00,330,50.28,-178.05,997.6,47.4
2026-07-27,7,6,2026-08-10 00:00:00,14 days 00:00:00,336,51.0,-174.5,999.2,44.9
2026-07-27,7,6,2026-08-10 06:00:00,14 days 06:00:00,342,52.29,-171.46,998.0,46.9
2026-07-27,7,6,2026-08-10 12:00:00,14 days 12:00:00,348,53.5,-168.25,996.7,48.9
2026-07-27,8,6,2026-07-29 00:00:00,2 days 00:00:00,48,31.75,63.0,994.3,52.5
2026-07-27,8,6,2026-07-29 06:00:00,2 days 06:00:00,54,31.5,62.75,992.9,54.5
2026-07-27,8,6,2026-07-29 12:00:00,2 days 12:00:00,60,31.25,62.5,991.5,56.5
2026-07-27,8,6,2026-07-29 18:00:00,2 days 18:00:00,66,31.75,62.75,992.5,55.1
2026-07-27,8,6,2026-07-30 00:00:00,3 days 00:00:00,72,32.25,63.0,993.5,53.7
2026-07-27,8,6,2026-07-30 06:00:00,3 days 06:00:00,78,32.0,62.62,991.9,56.0
2026-07-27,8,6,2026-07-30 12:00:00,3 days 12:00:00,84,31.75,62.25,990.3,58.4
2026-07-27,8,6,2026-07-30 18:00:00,3 days 18:00:00,90,31.63,62.38,991.8,56.1
2026-07-27,8,6,2026-07-31 00:00:00,4 days 00:00:00,96,31.5,62.5,993.3,53.9
2026-07-27,8,6,2026-07-31 06:00:00,4 days 06:00:00,102,31.63,62.25,992.1,55.8
2026-07-27,8,6,2026-07-31 12:00:00,4 days 12:00:00,108,31.75,62.0,990.8,57.6
2026-07-27,9,6,2026-08-04 00:00:00,8 days 00:00:00,192,15.25,161.0,1002.6,39.3
2026-07-27,9,6,2026-08-04 06:00:00,8 days 06:00:00,198,14.88,160.25,1001.7,40.9
2026-07-27,9,6,2026-08-04 12:00:00,8 days 12:00:00,204,14.5,159.5,1000.8,42.4
2026-07-27,9,6,2026-08-04 18:00:00,8 days 18:00:00,210,14.88,159.13,1000.2,43.3
2026-07-27,9,6,2026-08-05 00:00:00,9 days 00:00:00,216,15.25,158.75,999.6,44.3
2026-07-27,9,6,2026-08-05 06:00:00,9 days 06:00:00,222,15.88,158.75,998.5,46.1
2026-07-27,9,6,2026-08-05 12:00:00,9 days 12:00:00,228,16.5,158.75,997.3,47.9
2026-07-27,9,6,2026-08-05 18:00:00,9 days 18:00:00,234,17.38,159.12,997.1,48.2
2026-07-27,9,6,2026-08-06 00:00:00,10 days 00:00:00,240,18.25,159.5,996.9,48.5
2026-07-27,9,6,2026-08-06 06:00:00,10 days 06:00:00,246,19.0,160.12,997.0,48.3
2026-07-27,9,6,2026-08-06 12:00:00,10 days 12:00:00,252,19.75,160.75,997.2,48.1
2026-07-27,9,6,2026-08-06 18:00:00,10 days 18:00:00,258,21.38,160.5,995.7,50.3
2026-07-27,9,6,2026-08-07 00:00:00,11 days 00:00:00,264,23.0,160.25,994.3,52.5
2026-07-27,9,6,2026-08-07 06:00:00,11 days 06:00:00,270,23.63,160.62,993.8,53.2
2026-07-27,9,6,2026-08-07 12:00:00,11 days 12:00:00,276,24.25,161.0,993.3,53.9
2026-07-27,9,6,2026-08-07 18:00:00,11 days 18:00:00,282,25.5,161.0,992.4,55.3
2026-07-27,9,6,2026-08-08 00:00:00,12 days 00:00:00,288,26.75,161.0,991.4,56.8
2026-07-27,9,6,2026-08-08 06:00:00,12 days 06:00:00,294,26.87,161.0,990.6,57.9
2026-07-27,9,6,2026-08-08 12:00:00,12 days 12:00:00,300,27.0,161.0,989.9,58.9
2026-07-27,9,6,2026-08-08 18:00:00,12 days 18:00:00,306,27.63,160.5,989.3,59.7
2026-07-27,9,6,2026-08-09 00:00:00,13 days 00:00:00,312,28.25,160.0,988.7,60.5
2026-07-27,9,6,2026-08-09 06:00:00,13 days 06:00:00,318,29.63,159.26,988.2,61.3
2026-07-27,9,6,2026-08-09 12:00:00,13 days 12:00:00,324,31.0,158.5,987.6,62.1
2026-07-27,9,6,2026-08-09 18:00:00,13 days 18:00:00,330,31.75,157.63,985.8,64.5
2026-07-27,9,6,2026-08-10 00:00:00,14 days 00:00:00,336,32.5,156.75,984.0,67.0
2026-07-27,9,6,2026-08-10 06:00:00,14 days 06:00:00,342,33.5,155.89,984.5,66.3
2026-07-27,9,6,2026-08-10 12:00:00,14 days 12:00:00,348,34.5,155.0,985.0,65.6
2026-07-27,9,6,2026-08-10 18:00:00,14 days 18:00:00,354,35.63,154.88,987.2,62.6
2026-07-27,9,6,2026-08-11 00:00:00,15 days 00:00:00,360,36.75,154.75,989.4,59.6
2026-07-27,1,7,2026-07-27 00:00:00,0 days 00:00:00,0,20.0,-143.0,995.2,51.2
2026-07-27,1,7,2026-07-27 06:00:00,0 days 06:00:00,6,20.38,-144.5,995.7,50.4
2026-07-27,1,7,2026-07-27 12:00:00,0 days 12:00:00,12,20.75,-146.0,996.2,49.6
2026-07-27,1,7,2026-07-27 18:00:00,0 days 18:00:00,18,20.88,-147.25,999.4,44.5
2026-07-27,1,7,2026-07-28 00:00:00,1 days 00:00:00,24,21.0,-148.5,1002.5,39.4
2026-07-27,1,7,2026-07-28 06:00:00,1 days 06:00:00,30,21.25,-149.75,1004.3,36.3
2026-07-27,1,7,2026-07-28 12:00:00,1 days 12:00:00,36,21.5,-151.0,1006.1,33.1
2026-07-27,1,7,2026-07-28 18:00:00,1 days 18:00:00,42,21.63,-151.87,1006.0,33.4
2026-07-27,1,7,2026-07-29 00:00:00,2 days 00:00:00,48,21.75,-152.75,1005.8,33.6
2026-07-27,5,7,2026-07-27 00:00:00,0 days 00:00:00,0,14.5,-110.75,972.9,81.1
2026-07-27,5,7,2026-07-27 06:00:00,0 days 06:00:00,6,15.25,-111.62,972.1,82.0
2026-07-27,5,7,2026-07-27 12:00:00,0 days 12:00:00,12,16.0,-112.5,971.4,83.0
2026-07-27,5,7,2026-07-27 18:00:00,0 days 18:00:00,18,16.5,-113.25,974.6,79.0
2026-07-27,5,7,2026-07-28 00:00:00,1 days 00:00:00,24,17.0,-114.0,977.8,75.0
2026-07-27,5,7,2026-07-28 06:00:00,1 days 06:00:00,30,17.38,-114.75,979.3,73.1
2026-07-27,5,7,2026-07-28 12:00:00,1 days 12:00:00,36,17.75,-115.5,980.9,71.1
2026-07-27,5,7,2026-07-28 18:00:00,1 days 18:00:00,42,18.0,-116.12,982.4,69.0
2026-07-27,5,7,2026-07-29 00:00:00,2 days 00:00:00,48,18.25,-116.75,984.0,67.0
2026-07-27,5,7,2026-07-29 06:00:00,2 days 06:00:00,54,18.5,-117.5,985.3,65.2
2026-07-27,5,7,2026-07-29 12:00:00,2 days 12:00:00,60,18.75,-118.25,986.7,63.3
2026-07-27,5,7,2026-07-29 18:00:00,2 days 18:00:00,66,19.0,-118.87,985.7,64.7
2026-07-27,5,7,2026-07-30 00:00:00,3 days 00:00:00,72,19.25,-119.5,984.7,66.1
2026-07-27,5,7,2026-07-30 06:00:00,3 days 06:00:00,78,19.63,-120.62,985.3,65.2
2026-07-27,5,7,2026-07-30 12:00:00,3 days 12:00:00,84,20.0,-121.75,986.0,64.3
2026-07-27,5,7,2026-07-30 18:00:00,3 days 18:00:00,90,20.5,-123.0,987.0,62.9
2026-07-27,5,7,2026-07-31 00:00:00,4 days 00:00:00,96,21.0,-124.25,988.1,61.4
2026-07-27,5,7,2026-07-31 06:00:00,4 days 06:00:00,102,21.38,-125.25,991.8,56.0
2026-07-27,5,7,2026-07-31 12:00:00,4 days 12:00:00,108,21.75,-126.25,995.5,50.6
2026-07-27,5,7,2026-07-31 18:00:00,4 days 18:00:00,114,22.25,-127.37,999.0,45.1
2026-07-27,5,7,2026-08-01 00:00:00,5 days 00:00:00,120,22.75,-128.5,1002.4,39.6
2026-07-27,6,7,2026-07-27 00:00:00,0 days 00:00:00,0,21.25,88.5,992.6,54.9
2026-07-27,6,7,2026-07-27 06:00:00,0 days 06:00:00,6,21.38,88.38,991.9,56.0
2026-07-27,6,7,2026-07-27 12:00:00,0 days 12:00:00,12,21.5,88.25,991.2,57.1
2026-07-27,6,7,2026-07-27 18:00:00,0 days 18:00:00,18,21.63,88.0,991.1,57.2
2026-07-27,6,7,2026-07-28 00:00:00,1 days 00:00:00,24,21.75,87.75,991.1,57.2
2026-07-27,6,7,2026-07-28 06:00:00,1 days 06:00:00,30,21.57,86.87,991.0,57.3
2026-07-27,6,7,2026-07-28 12:00:00,1 days 12:00:00,36,21.38,86.0,991.0,57.4
2026-07-27,6,7,2026-07-28 18:00:00,1 days 18:00:00,42,21.19,85.12,990.9,57.4
2026-07-27,6,7,2026-07-29 00:00:00,2 days 00:00:00,48,21.0,84.25,990.9,57.5
2026-07-27,6,7,2026-07-29 06:00:00,2 days 06:00:00,54,20.88,83.75,990.6,57.9
2026-07-27,6,7,2026-07-29 12:00:00,2 days 12:00:00,60,20.75,83.25,990.2,58.4
2026-07-27,6,7,2026-07-29 18:00:00,2 days 18:00:00,66,20.75,82.0,990.5,58.1
2026-07-27,6,7,2026-07-30 00:00:00,3 days 00:00:00,72,20.75,80.75,990.7,57.8
2026-07-27,6,7,2026-07-30 06:00:00,3 days 06:00:00,78,21.88,79.88,991.1,57.1
2026-07-27,6,7,2026-07-30 12:00:00,3 days 12:00:00,84,23.0,79.0,991.6,56.4
2026-07-27,6,7,2026-07-30 18:00:00,3 days 18:00:00,90,22.75,78.0,991.9,56.0
2026-07-27,6,7,2026-07-31 00:00:00,4 days 00:00:00,96,22.5,77.0,992.2,55.6
2026-07-27,7,7,2026-07-27 00:00:00,0 days 00:00:00,0,12.75,178.25,1002.3,39.9
2026-07-27,7,7,2026-07-27 06:00:00,0 days 06:00:00,6,13.0,177.0,1001.7,40.9
2026-07-27,7,7,2026-07-27 12:00:00,0 days 12:00:00,12,13.25,175.75,1001.1,41.9
2026-07-27,7,7,2026-07-27 18:00:00,0 days 18:00:00,18,13.25,174.25,999.3,44.8
2026-07-27,7,7,2026-07-28 00:00:00,1 days 00:00:00,24,13.25,172.75,997.4,47.7
2026-07-27,7,7,2026-07-28 06:00:00,1 days 06:00:00,30,13.38,171.63,995.0,51.4
2026-07-27,7,7,2026-07-28 12:00:00,1 days 12:00:00,36,13.5,170.5,992.5,55.1
2026-07-27,7,7,2026-07-28 18:00:00,1 days 18:00:00,42,13.63,169.75,990.1,58.6
2026-07-27,7,7,2026-07-29 00:00:00,2 days 00:00:00,48,13.75,169.0,987.6,62.1
2026-07-27,7,7,2026-07-29 06:00:00,2 days 06:00:00,54,14.25,168.25,983.0,68.1
2026-07-27,7,7,2026-07-29 12:00:00,2 days 12:00:00,60,14.75,167.5,978.5,74.1
2026-07-27,7,7,2026-07-29 18:00:00,2 days 18:00:00,66,15.25,166.63,977.7,75.2
2026-07-27,7,7,2026-07-30 00:00:00,3 days 00:00:00,72,15.75,165.75,976.9,76.2
2026-07-27,7,7,2026-07-30 06:00:00,3 days 06:00:00,78,16.13,164.88,976.5,76.6
2026-07-27,7,7,2026-07-30 12:00:00,3 days 12:00:00,84,16.5,164.0,976.2,77.0
2026-07-27,7,7,2026-07-30 18:00:00,3 days 18:00:00,90,16.88,163.0,972.3,81.7
2026-07-27,7,7,2026-07-31 00:00:00,4 days 00:00:00,96,17.25,162.0,968.4,86.5
2026-07-27,7,7,2026-07-31 06:00:00,4 days 06:00:00,102,17.63,161.0,965.6,89.7
2026-07-27,7,7,2026-07-31 12:00:00,4 days 12:00:00,108,18.0,160.0,962.9,92.9
2026-07-27,7,7,2026-07-31 18:00:00,4 days 18:00:00,114,18.63,159.0,961.6,94.4
2026-07-27,7,7,2026-08-01 00:00:00,5 days 00:00:00,120,19.25,158.0,960.3,95.9
2026-07-27,7,7,2026-08-01 06:00:00,5 days 06:00:00,126,20.0,156.88,960.2,96.0
2026-07-27,7,7,2026-08-01 12:00:00,5 days 12:00:00,132,20.75,155.75,960.2,96.0
2026-07-27,7,7,2026-08-01 18:00:00,5 days 18:00:00,138,21.38,154.26,957.8,98.6
2026-07-27,7,7,2026-08-02 00:00:00,6 days 00:00:00,144,22.0,152.75,955.5,101.2
2026-07-27,7,7,2026-08-02 06:00:00,6 days 06:00:00,150,22.51,151.26,956.2,100.5
2026-07-27,7,7,2026-08-02 12:00:00,6 days 12:00:00,156,23.0,149.75,956.8,99.8
2026-07-27,7,7,2026-08-02 18:00:00,6 days 18:00:00,162,23.25,148.63,955.2,101.6
2026-07-27,7,7,2026-08-03 00:00:00,7 days 00:00:00,168,23.5,147.5,953.6,103.3
2026-07-27,7,7,2026-08-03 06:00:00,7 days 06:00:00,174,23.63,146.0,954.2,102.6
2026-07-27,7,7,2026-08-03 12:00:00,7 days 12:00:00,180,23.75,144.5,954.9,101.9
2026-07-27,7,7,2026-08-03 18:00:00,7 days 18:00:00,186,24.0,143.38,952.1,105.0
2026-07-27,7,7,2026-08-04 00:00:00,8 days 00:00:00,192,24.25,142.25,949.3,108.0
2026-07-27,7,7,2026-08-04 06:00:00,8 days 06:00:00,198,24.51,140.5,954.7,102.0
2026-07-27,7,7,2026-08-04 12:00:00,8 days 12:00:00,204,24.75,138.75,960.2,96.0
2026-07-27,7,7,2026-08-04 18:00:00,8 days 18:00:00,210,25.01,137.25,958.1,98.4
2026-07-27,7,7,2026-08-05 00:00:00,9 days 00:00:00,216,25.25,135.75,955.9,100.8
2026-07-27,7,7,2026-08-05 06:00:00,9 days 06:00:00,222,25.51,134.0,954.9,101.8
2026-07-27,7,7,2026-08-05 12:00:00,9 days 12:00:00,228,25.75,132.25,954.0,102.9
2026-07-27,7,7,2026-08-05 18:00:00,9 days 18:00:00,234,26.01,130.75,953.2,103.8
2026-07-27,7,7,2026-08-06 00:00:00,10 days 00:00:00,240,26.25,129.25,952.4,104.6
2026-07-27,7,7,2026-08-06 06:00:00,10 days 06:00:00,246,26.63,127.63,953.2,103.7
2026-07-27,7,7,2026-08-06 12:00:00,10 days 12:00:00,252,27.0,126.0,954.0,102.8
2026-07-27,7,7,2026-08-06 18:00:00,10 days 18:00:00,258,27.25,124.88,955.9,100.8
2026-07-27,7,7,2026-08-07 00:00:00,11 days 00:00:00,264,27.5,123.75,957.7,98.8
2026-07-27,7,7,2026-08-07 06:00:00,11 days 06:00:00,270,28.13,122.63,959.9,96.3
2026-07-27,7,7,2026-08-07 12:00:00,11 days 12:00:00,276,28.75,121.5,962.2,93.7
2026-07-27,7,7,2026-08-07 18:00:00,11 days 18:00:00,282,29.25,120.63,973.5,79.8
2026-07-27,7,7,2026-08-08 00:00:00,12 days 00:00:00,288,29.75,119.75,984.9,65.8
2026-07-27,7,7,2026-08-08 06:00:00,12 days 06:00:00,294,30.5,118.63,987.0,62.9
2026-07-27,7,7,2026-08-08 12:00:00,12 days 12:00:00,300,31.25,117.5,989.1,60.0
2026-07-27,7,7,2026-08-08 18:00:00,12 days 18:00:00,306,32.13,117.0,991.5,56.5
2026-07-27,7,7,2026-08-09 00:00:00,13 days 00:00:00,312,33.0,116.5,993.9,53.0
2026-07-27,7,7,2026-08-09 06:00:00,13 days 06:00:00,318,33.88,116.25,993.9,53.1
2026-07-27,7,7,2026-08-09 12:00:00,13 days 12:00:00,324,34.75,116.0,993.9,53.1
2026-07-27,7,7,2026-08-09 18:00:00,13 days 18:00:00,330,35.88,117.36,992.2,55.6
2026-07-27,7,7,2026-08-10 00:00:00,14 days 00:00:00,336,37.0,118.75,990.5,58.0
2026-07-27,7,7,2026-08-10 06:00:00,14 days 06:00:00,342,37.0,119.12,990.2,58.5
2026-07-27,7,7,2026-08-10 12:00:00,14 days 12:00:00,348,37.0,119.5,989.9,58.9
2026-07-27,7,7,2026-08-10 18:00:00,14 days 18:00:00,354,37.38,119.5,991.3,56.8
2026-07-27,7,7,2026-08-11 00:00:00,15 days 00:00:00,360,37.75,119.5,992.8,54.7
2026-07-27,8,7,2026-08-03 12:00:00,7 days 12:00:00,180,11.5,-127.75,1004.1,36.8
2026-07-27,8,7,2026-08-03 18:00:00,7 days 18:00:00,186,12.5,-128.12,1003.0,38.6
2026-07-27,8,7,2026-08-04 00:00:00,8 days 00:00:00,192,13.5,-128.5,1001.9,40.5
2026-07-27,8,7,2026-08-04 06:00:00,8 days 06:00:00,198,13.63,-130.12,1000.1,43.5
2026-07-27,8,7,2026-08-04 12:00:00,8 days 12:00:00,204,13.75,-131.75,998.2,46.5
2026-07-27,8,7,2026-08-04 18:00:00,8 days 18:00:00,210,13.63,-132.38,998.9,45.5
2026-07-27,8,7,2026-08-05 00:00:00,9 days 00:00:00,216,13.5,-133.0,999.5,44.4
2026-07-27,8,7,2026-08-05 06:00:00,9 days 06:00:00,222,14.0,-133.75,997.8,47.2
2026-07-27,8,7,2026-08-05 12:00:00,9 days 12:00:00,228,14.5,-134.5,996.0,49.9
2026-07-27,8,7,2026-08-05 18:00:00,9 days 18:00:00,234,14.63,-135.75,995.1,51.3
2026-07-27,8,7,2026-08-06 00:00:00,10 days 00:00:00,240,14.75,-137.0,994.2,52.7
2026-07-27,8,7,2026-08-06 06:00:00,10 days 06:00:00,246,15.0,-138.12,991.8,56.1
2026-07-27,8,7,2026-08-06 12:00:00,10 days 12:00:00,252,15.25,-139.25,989.4,59.6
2026-07-27,8,7,2026-08-06 18:00:00,10 days 18:00:00,258,15.38,-140.37,989.0,60.1
2026-07-27,8,7,2026-08-07 00:00:00,11 days 00:00:00,264,15.5,-141.5,988.6,60.7
2026-07-27,8,7,2026-08-07 06:00:00,11 days 06:00:00,270,15.63,-142.75,988.5,60.8
2026-07-27,8,7,2026-08-07 12:00:00,11 days 12:00:00,276,15.75,-144.0,988.4,61.0
2026-07-27,8,7,2026-08-07 18:00:00,11 days 18:00:00,282,15.75,-145.38,988.5,60.8
2026-07-27,8,7,2026-08-08 00:00:00,12 days 00:00:00,288,15.75,-146.75,988.7,60.6
2026-07-27,8,7,2026-08-08 06:00:00,12 days 06:00:00,294,15.88,-148.5,987.6,62.1
2026-07-27,8,7,2026-08-08 12:00:00,12 days 12:00:00,300,16.0,-150.25,986.5,63.6
2026-07-27,8,7,2026-08-08 18:00:00,12 days 18:00:00,306,16.01,-152.12,987.1,62.7
2026-07-27,8,7,2026-08-09 00:00:00,13 days 00:00:00,312,16.0,-154.0,987.8,61.8
2026-07-27,8,7,2026-08-09 06:00:00,13 days 06:00:00,318,15.76,-155.5,987.5,62.2
2026-07-27,8,7,2026-08-09 12:00:00,13 days 12:00:00,324,15.5,-157.0,987.3,62.6
2026-07-27,8,7,2026-08-09 18:00:00,13 days 18:00:00,330,15.63,-158.37,988.1,61.4
2026-07-27,8,7,2026-08-10 00:00:00,14 days 00:00:00,336,15.75,-159.75,988.9,60.3
2026-07-27,8,7,2026-08-10 06:00:00,14 days 06:00:00,342,15.5,-160.75,986.2,64.0
2026-07-27,8,7,2026-08-10 12:00:00,14 days 12:00:00,348,15.25,-161.75,983.5,67.6
2026-07-27,8,7,2026-08-10 18:00:00,14 days 18:00:00,354,15.5,-162.75,982.9,68.5
2026-07-27,8,7,2026-08-11 00:00:00,15 days 00:00:00,360,15.75,-163.75,982.2,69.3
2026-07-27,1,8,2026-07-27 00:00:00,0 days 00:00:00,0,20.0,-143.0,995.2,51.2
2026-07-27,1,8,2026-07-27 06:00:00,0 days 06:00:00,6,20.38,-144.5,996.0,49.9
2026-07-27,1,8,2026-07-27 12:00:00,0 days 12:00:00,12,20.75,-146.0,996.8,48.6
2026-07-27,1,8,2026-07-27 18:00:00,0 days 18:00:00,18,20.88,-147.5,1000.2,43.2
2026-07-27,1,8,2026-07-28 00:00:00,1 days 00:00:00,24,21.0,-149.0,1003.5,37.8
2026-07-27,10,8,2026-08-06 00:00:00,10 days 00:00:00,240,22.25,157.5,1001.2,41.7
2026-07-27,10,8,2026-08-06 06:00:00,10 days 06:00:00,246,22.25,158.25,1000.7,42.5
2026-07-27,10,8,2026-08-06 12:00:00,10 days 12:00:00,252,22.25,159.0,1000.2,43.3
2026-07-27,10,8,2026-08-06 18:00:00,10 days 18:00:00,258,22.0,159.13,999.2,44.9
2026-07-27,10,8,2026-08-07 00:00:00,11 days 00:00:00,264,21.75,159.25,998.3,46.4
2026-07-27,10,8,2026-08-07 06:00:00,11 days 06:00:00,270,21.5,159.5,996.2,49.5
2026-07-27,10,8,2026-08-07 12:00:00,11 days 12:00:00,276,21.25,159.75,994.2,52.7
2026-07-27,10,8,2026-08-07 18:00:00,11 days 18:00:00,282,22.0,160.25,991.6,56.4
2026-07-27,10,8,2026-08-08 00:00:00,12 days 00:00:00,288,22.75,160.75,989.1,60.1
2026-07-27,10,8,2026-08-08 06:00:00,12 days 06:00:00,294,23.75,161.0,987.3,62.5
2026-07-27,10,8,2026-08-08 12:00:00,12 days 12:00:00,300,24.75,161.25,985.6,64.9
2026-07-27,10,8,2026-08-08 18:00:00,12 days 18:00:00,306,25.88,160.75,984.4,66.4
2026-07-27,10,8,2026-08-09 00:00:00,13 days 00:00:00,312,27.0,160.25,983.3,67.9
2026-07-27,10,8,2026-08-09 06:00:00,13 days 06:00:00,318,27.75,159.75,984.2,66.7
2026-07-27,10,8,2026-08-09 12:00:00,13 days 12:00:00,324,28.5,159.25,985.1,65.5
2026-07-27,10,8,2026-08-09 18:00:00,13 days 18:00:00,330,28.88,159.0,983.8,67.3
2026-07-27,10,8,2026-08-10 00:00:00,14 days 00:00:00,336,29.25,158.75,982.4,69.1
2026-07-27,10,8,2026-08-10 06:00:00,14 days 06:00:00,342,30.13,158.87,981.6,70.2
2026-07-27,10,8,2026-08-10 12:00:00,14 days 12:00:00,348,31.0,159.0,980.8,71.2
2026-07-27,10,8,2026-08-10 18:00:00,14 days 18:00:00,354,32.0,158.88,980.7,71.3
2026-07-27,10,8,2026-08-11 00:00:00,15 days 00:00:00,360,33.0,158.75,980.7,71.3
2026-07-27,5,8,2026-07-27 00:00:00,0 days 00:00:00,0,14.5,-110.75,972.9,81.1
2026-07-27,5,8,2026-07-27 06:00:00,0 days 06:00:00,6,15.25,-111.62,974.9,78.6
2026-07-27,5,8,2026-07-27 12:00:00,0 days 12:00:00,12,16.0,-112.5,977.0,76.1
2026-07-27,5,8,2026-07-27 18:00:00,0 days 18:00:00,18,16.38,-113.37,977.6,75.3
2026-07-27,5,8,2026-07-28 00:00:00,1 days 00:00:00,24,16.75,-114.25,978.2,74.5
2026-07-27,5,8,2026-07-28 06:00:00,1 days 06:00:00,30,17.0,-114.75,977.8,75.1
2026-07-27,5,8,2026-07-28 12:00:00,1 days 12:00:00,36,17.25,-115.25,977.3,75.7
2026-07-27,5,8,2026-07-28 18:00:00,1 days 18:00:00,42,17.38,-115.75,977.2,75.8
2026-07-27,5,8,2026-07-29 00:00:00,2 days 00:00:00,48,17.5,-116.25,977.1,75.9
2026-07-27,5,8,2026-07-29 06:00:00,2 days 06:00:00,54,17.5,-116.88,974.7,78.9
2026-07-27,5,8,2026-07-29 12:00:00,2 days 12:00:00,60,17.5,-117.5,972.3,81.9
2026-07-27,5,8,2026-07-29 18:00:00,2 days 18:00:00,66,17.88,-118.25,976.3,76.9
2026-07-27,5,8,2026-07-30 00:00:00,3 days 00:00:00,72,18.25,-119.0,980.2,71.9
2026-07-27,5,8,2026-07-30 06:00:00,3 days 06:00:00,78,18.5,-120.25,982.3,69.3
2026-07-27,5,8,2026-07-30 12:00:00,3 days 12:00:00,84,18.75,-121.5,984.3,66.6
2026-07-27,5,8,2026-07-30 18:00:00,3 days 18:00:00,90,19.13,-122.5,984.8,66.0
2026-07-27,5,8,2026-07-31 00:00:00,4 days 00:00:00,96,19.5,-123.5,985.3,65.3
2026-07-27,5,8,2026-07-31 06:00:00,4 days 06:00:00,102,19.75,-124.62,988.3,61.1
2026-07-27,5,8,2026-07-31 12:00:00,4 days 12:00:00,108,20.0,-125.75,991.3,56.9
2026-07-27,5,8,2026-07-31 18:00:00,4 days 18:00:00,114,20.38,-127.12,993.8,53.2
2026-07-27,5,8,2026-08-01 00:00:00,5 days 00:00:00,120,20.75,-128.5,996.3,49.5
2026-07-27,5,8,2026-08-01 06:00:00,5 days 06:00:00,126,21.13,-129.87,998.7,45.6
2026-07-27,5,8,2026-08-01 12:00:00,5 days 12:00:00,132,21.5,-131.25,1001.2,41.7
2026-07-27,5,8,2026-08-01 18:00:00,5 days 18:00:00,138,22.26,-132.87,1000.6,42.7
2026-07-27,5,8,2026-08-02 00:00:00,6 days 00:00:00,144,23.0,-134.5,999.9,43.7
2026-07-27,5,8,2026-08-02 06:00:00,6 days 06:00:00,150,23.51,-135.87,1000.8,42.3
2026-07-27,5,8,2026-08-02 12:00:00,6 days 12:00:00,156,24.0,-137.25,1001.7,40.9
2026-07-27,5,8,2026-08-02 18:00:00,6 days 18:00:00,162,24.26,-139.0,1004.2,36.4
2026-07-27,5,8,2026-08-03 00:00:00,7 days 00:00:00,168,24.5,-140.75,1006.8,31.8
2026-07-27,6,8,2026-07-27 00:00:00,0 days 00:00:00,0,21.25,88.5,992.6,54.9
2026-07-27,6,8,2026-07-27 06:00:00,0 days 06:00:00,6,21.38,88.5,992.1,55.8
2026-07-27,6,8,2026-07-27 12:00:00,0 days 12:00:00,12,21.5,88.5,991.5,56.6
2026-07-27,6,8,2026-07-27 18:00:00,0 days 18:00:00,18,21.5,88.25,991.2,57.0
2026-07-27,6,8,2026-07-28 00:00:00,1 days 00:00:00,24,21.5,88.0,990.9,57.4
2026-07-27,6,8,2026-07-28 06:00:00,1 days 06:00:00,30,21.88,87.38,991.0,57.3
2026-07-27,6,8,2026-07-28 12:00:00,1 days 12:00:00,36,22.25,86.75,991.1,57.2
2026-07-27,6,8,2026-07-28 18:00:00,1 days 18:00:00,42,22.26,84.75,991.6,56.4
2026-07-27,6,8,2026-07-29 00:00:00,2 days 00:00:00,48,22.25,82.75,992.1,55.7
2026-07-27,6,8,2026-07-29 06:00:00,2 days 06:00:00,54,22.25,82.75,991.8,56.2
2026-07-27,6,8,2026-07-29 12:00:00,2 days 12:00:00,60,22.25,82.75,991.4,56.7
2026-07-27,6,8,2026-07-29 18:00:00,2 days 18:00:00,66,21.76,80.87,992.1,55.7
2026-07-27,6,8,2026-07-30 00:00:00,3 days 00:00:00,72,21.25,79.0,992.8,54.7
2026-07-27,6,8,2026-07-30 06:00:00,3 days 06:00:00,78,21.19,78.44,992.9,54.6
2026-07-27,6,8,2026-07-30 12:00:00,3 days 12:00:00,84,21.13,77.87,993.0,54.4
2026-07-27,6,8,2026-07-30 18:00:00,3 days 18:00:00,90,21.07,77.31,993.1,54.2
2026-07-27,6,8,2026-07-31 00:00:00,4 days 00:00:00,96,21.0,76.75,993.2,54.1
2026-07-27,7,8,2026-07-27 00:00:00,0 days 00:00:00,0,12.75,178.25,1002.3,39.9
2026-07-27,7,8,2026-07-27 06:00:00,0 days 06:00:00,6,12.88,176.63,1002.3,39.8
2026-07-27,7,8,2026-07-27 12:00:00,0 days 12:00:00,12,13.0,175.0,1002.4,39.7
2026-07-27,7,8,2026-07-27 18:00:00,0 days 18:00:00,18,13.0,173.88,1001.4,41.3
2026-07-27,7,8,2026-07-28 00:00:00,1 days 00:00:00,24,13.0,172.75,1000.4,42.9
2026-07-27,7,8,2026-07-28 06:00:00,1 days 06:00:00,30,13.0,171.62,999.0,45.2
2026-07-27,7,8,2026-07-28 12:00:00,1 days 12:00:00,36,13.0,170.5,997.5,47.6
2026-07-27,7,8,2026-07-28 18:00:00,1 days 18:00:00,42,13.38,169.75,994.9,51.5
2026-07-27,7,8,2026-07-29 00:00:00,2 days 00:00:00,48,13.75,169.0,992.3,55.5
2026-07-27,7,8,2026-07-29 06:00:00,2 days 06:00:00,54,14.0,168.13,990.4,58.2
2026-07-27,7,8,2026-07-29 12:00:00,2 days 12:00:00,60,14.25,167.25,988.5,60.9
2026-07-27,7,8,2026-07-29 18:00:00,2 days 18:00:00,66,14.88,166.88,984.5,66.2
2026-07-27,7,8,2026-07-30 00:00:00,3 days 00:00:00,72,15.5,166.5,980.5,71.6
2026-07-27,7,8,2026-07-30 06:00:00,3 days 06:00:00,78,16.25,165.75,979.0,73.4
2026-07-27,7,8,2026-07-30 12:00:00,3 days 12:00:00,84,17.0,165.0,977.6,75.3
2026-07-27,7,8,2026-07-30 18:00:00,3 days 18:00:00,90,17.63,164.13,973.9,79.8
2026-07-27,7,8,2026-07-31 00:00:00,4 days 00:00:00,96,18.25,163.25,970.2,84.3
2026-07-27,7,8,2026-07-31 06:00:00,4 days 06:00:00,102,18.88,162.38,967.9,87.1
2026-07-27,7,8,2026-07-31 12:00:00,4 days 12:00:00,108,19.5,161.5,965.6,89.8
2026-07-27,7,8,2026-07-31 18:00:00,4 days 18:00:00,114,20.25,160.63,964.7,90.8
2026-07-27,7,8,2026-08-01 00:00:00,5 days 00:00:00,120,21.0,159.75,963.8,91.8
2026-07-27,7,8,2026-08-01 06:00:00,5 days 06:00:00,126,21.63,158.63,961.3,94.7
2026-07-27,7,8,2026-08-01 12:00:00,5 days 12:00:00,132,22.25,157.5,958.8,97.6
2026-07-27,7,8,2026-08-01 18:00:00,5 days 18:00:00,138,23.0,156.75,960.0,96.2
2026-07-27,7,8,2026-08-02 00:00:00,6 days 00:00:00,144,23.75,156.0,961.2,94.8
2026-07-27,7,8,2026-08-02 06:00:00,6 days 06:00:00,150,24.5,155.01,960.1,96.1
2026-07-27,7,8,2026-08-02 12:00:00,6 days 12:00:00,156,25.25,154.0,959.0,97.4
2026-07-27,7,8,2026-08-02 18:00:00,6 days 18:00:00,162,26.0,153.01,963.1,92.7
2026-07-27,7,8,2026-08-03 00:00:00,7 days 00:00:00,168,26.75,152.0,967.2,88.0
2026-07-27,7,8,2026-08-03 06:00:00,7 days 06:00:00,174,27.13,151.25,966.9,88.2
2026-07-27,7,8,2026-08-03 12:00:00,7 days 12:00:00,180,27.5,150.5,966.7,88.5
2026-07-27,7,8,2026-08-03 18:00:00,7 days 18:00:00,186,27.75,149.63,968.3,86.6
2026-07-27,7,8,2026-08-04 00:00:00,8 days 00:00:00,192,28.0,148.75,970.0,84.6
2026-07-27,7,8,2026-08-04 06:00:00,8 days 06:00:00,198,28.0,147.88,970.6,83.9
2026-07-27,7,8,2026-08-04 12:00:00,8 days 12:00:00,204,28.0,147.0,971.2,83.1
2026-07-27,7,8,2026-08-04 18:00:00,8 days 18:00:00,210,27.88,146.0,967.8,87.2
2026-07-27,7,8,2026-08-05 00:00:00,9 days 00:00:00,216,27.75,145.0,964.4,91.2
2026-07-27,7,8,2026-08-05 06:00:00,9 days 06:00:00,222,27.38,144.12,961.3,94.7
2026-07-27,7,8,2026-08-05 12:00:00,9 days 12:00:00,228,27.0,143.25,958.2,98.3
2026-07-27,7,8,2026-08-05 18:00:00,9 days 18:00:00,234,27.13,142.75,954.1,102.7
2026-07-27,7,8,2026-08-06 00:00:00,10 days 00:00:00,240,27.25,142.25,950.0,107.2
2026-07-27,7,8,2026-08-06 06:00:00,10 days 06:00:00,246,27.5,141.25,951.3,105.8
2026-07-27,7,8,2026-08-06 12:00:00,10 days 12:00:00,252,27.75,140.25,952.6,104.4
2026-07-27,7,8,2026-08-06 18:00:00,10 days 18:00:00,258,28.13,139.13,953.6,103.3
2026-07-27,7,8,2026-08-07 00:00:00,11 days 00:00:00,264,28.5,138.0,954.5,102.3
2026-07-27,7,8,2026-08-07 06:00:00,11 days 06:00:00,270,28.88,137.0,952.8,104.2
2026-07-27,7,8,2026-08-07 12:00:00,11 days 12:00:00,276,29.25,136.0,951.0,106.1
2026-07-27,7,8,2026-08-07 18:00:00,11 days 18:00:00,282,29.63,135.13,953.2,103.7
2026-07-27,7,8,2026-08-08 00:00:00,12 days 00:00:00,288,30.0,134.25,955.4,101.3
2026-07-27,7,8,2026-08-08 06:00:00,12 days 06:00:00,294,30.5,133.63,957.8,98.6
2026-07-27,7,8,2026-08-08 12:00:00,12 days 12:00:00,300,31.0,133.0,960.2,96.0
2026-07-27,7,8,2026-08-08 18:00:00,12 days 18:00:00,306,32.0,131.89,964.4,91.2
2026-07-27,7,8,2026-08-09 00:00:00,13 days 00:00:00,312,33.0,130.75,968.5,86.4
2026-07-27,7,8,2026-08-09 06:00:00,13 days 06:00:00,318,33.5,130.38,972.2,81.9
2026-07-27,7,8,2026-08-09 12:00:00,13 days 12:00:00,324,34.0,130.0,975.9,77.4
2026-07-27,7,8,2026-08-09 18:00:00,13 days 18:00:00,330,35.38,129.75,980.7,71.2
2026-07-27,7,8,2026-08-10 00:00:00,14 days 00:00:00,336,36.75,129.5,985.6,64.9
2026-07-27,7,8,2026-08-10 06:00:00,14 days 06:00:00,342,37.13,129.38,988.0,61.5
2026-07-27,7,8,2026-08-10 12:00:00,14 days 12:00:00,348,37.5,129.25,990.4,58.2
2026-07-27,7,8,2026-08-10 18:00:00,14 days 18:00:00,354,38.13,129.75,990.3,58.3
2026-07-27,7,8,2026-08-11 00:00:00,15 days 00:00:00,360,38.75,130.25,990.2,58.4
2026-07-27,8,8,2026-07-29 12:00:00,2 days 12:00:00,60,12.25,136.25,1006.0,33.3
2026-07-27,8,8,2026-07-29 18:00:00,2 days 18:00:00,66,12.5,135.0,1004.9,35.3
2026-07-27,8,8,2026-07-30 00:00:00,3 days 00:00:00,72,12.75,133.75,1003.7,37.4
2026-07-27,8,8,2026-07-30 06:00:00,3 days 06:00:00,78,13.13,132.75,1003.9,37.0
2026-07-27,8,8,2026-07-30 12:00:00,3 days 12:00:00,84,13.5,131.75,1004.1,36.7
2026-07-27,8,8,2026-07-30 18:00:00,3 days 18:00:00,90,14.0,130.5,1003.1,38.4
2026-07-27,8,8,2026-07-31 00:00:00,4 days 00:00:00,96,14.5,129.25,1002.1,40.2
2026-07-27,8,8,2026-07-31 06:00:00,4 days 06:00:00,102,15.0,129.37,1000.5,42.8
2026-07-27,8,8,2026-07-31 12:00:00,4 days 12:00:00,108,15.5,129.5,998.9,45.4
2026-07-27,8,8,2026-07-31 18:00:00,4 days 18:00:00,114,16.25,129.0,998.8,45.5
2026-07-27,8,8,2026-08-01 00:00:00,5 days 00:00:00,120,17.0,128.5,998.7,45.7
2026-07-27,8,8,2026-08-01 06:00:00,5 days 06:00:00,126,17.13,127.88,996.4,49.3
2026-07-27,8,8,2026-08-01 12:00:00,5 days 12:00:00,132,17.25,127.25,994.0,52.9
2026-07-27,8,8,2026-08-01 18:00:00,5 days 18:00:00,138,17.88,126.5,993.6,53.6
2026-07-27,8,8,2026-08-02 00:00:00,6 days 00:00:00,144,18.5,125.75,993.1,54.2
2026-07-27,8,8,2026-08-02 06:00:00,6 days 06:00:00,150,18.5,125.0,991.4,56.7
2026-07-27,8,8,2026-08-02 12:00:00,6 days 12:00:00,156,18.5,124.25,989.7,59.1
2026-07-27,8,8,2026-08-02 18:00:00,6 days 18:00:00,162,18.5,123.5,987.1,62.8
2026-07-27,8,8,2026-08-03 00:00:00,7 days 00:00:00,168,18.5,122.75,984.4,66.4
2026-07-27,8,8,2026-08-03 06:00:00,7 days 06:00:00,174,18.13,122.25,987.6,62.0
2026-07-27,8,8,2026-08-03 12:00:00,7 days 12:00:00,180,17.75,121.75,990.8,57.6
2026-07-27,8,8,2026-08-03 18:00:00,7 days 18:00:00,186,17.88,121.13,993.6,53.4
2026-07-27,8,8,2026-08-04 00:00:00,8 days 00:00:00,192,18.0,120.5,996.5,49.2
2026-07-27,8,8,2026-08-04 06:00:00,8 days 06:00:00,198,18.0,120.5,997.3,48.0
2026-07-27,8,8,2026-08-04 12:00:00,8 days 12:00:00,204,18.0,120.5,998.0,46.8
2026-07-27,8,8,2026-08-04 18:00:00,8 days 18:00:00,210,18.12,120.5,996.7,48.8
2026-07-27,8,8,2026-08-05 00:00:00,9 days 00:00:00,216,18.25,120.5,995.4,50.8
2026-07-27,8,8,2026-08-05 06:00:00,9 days 06:00:00,222,18.63,120.62,995.1,51.3
2026-07-27,8,8,2026-08-05 12:00:00,9 days 12:00:00,228,19.0,120.75,994.8,51.7
2026-07-27,8,8,2026-08-05 18:00:00,9 days 18:00:00,234,19.25,120.87,993.9,53.0
2026-07-27,8,8,2026-08-06 00:00:00,10 days 00:00:00,240,19.5,121.0,993.0,54.4
2026-07-27,8,8,2026-08-06 06:00:00,10 days 06:00:00,246,19.63,120.75,992.5,55.1
2026-07-27,8,8,2026-08-06 12:00:00,10 days 12:00:00,252,19.75,120.5,992.1,55.8
2026-07-27,8,8,2026-08-06 18:00:00,10 days 18:00:00,258,20.0,120.0,991.6,56.4
2026-07-27,8,8,2026-08-07 00:00:00,11 days 00:00:00,264,20.25,119.5,991.1,57.1
2026-07-27,8,8,2026-08-07 06:00:00,11 days 06:00:00,270,20.25,118.88,990.1,58.6
2026-07-27,8,8,2026-08-07 12:00:00,11 days 12:00:00,276,20.25,118.25,989.0,60.1
2026-07-27,8,8,2026-08-07 18:00:00,11 days 18:00:00,282,20.13,117.87,990.1,58.6
2026-07-27,8,8,2026-08-08 00:00:00,12 days 00:00:00,288,20.0,117.5,991.2,57.0
2026-07-27,8,8,2026-08-08 06:00:00,12 days 06:00:00,294,20.0,117.0,989.8,59.0
2026-07-27,8,8,2026-08-08 12:00:00,12 days 12:00:00,300,20.0,116.5,988.3,61.1
2026-07-27,8,8,2026-08-08 18:00:00,12 days 18:00:00,306,20.0,116.25,987.6,62.0
2026-07-27,8,8,2026-08-09 00:00:00,13 days 00:00:00,312,20.0,116.0,986.9,63.0
2026-07-27,8,8,2026-08-09 06:00:00,13 days 06:00:00,318,20.13,115.5,986.3,63.9
2026-07-27,8,8,2026-08-09 12:00:00,13 days 12:00:00,324,20.25,115.0,985.7,64.7
2026-07-27,8,8,2026-08-09 18:00:00,13 days 18:00:00,330,20.38,114.5,982.9,68.4
2026-07-27,8,8,2026-08-10 00:00:00,14 days 00:00:00,336,20.5,114.0,980.2,72.0
2026-07-27,8,8,2026-08-10 06:00:00,14 days 06:00:00,342,20.63,113.25,979.0,73.4
2026-07-27,8,8,2026-08-10 12:00:00,14 days 12:00:00,348,20.75,112.5,977.9,74.9
2026-07-27,8,8,2026-08-10 18:00:00,14 days 18:00:00,354,21.0,111.88,978.6,74.0
2026-07-27,8,8,2026-08-11 00:00:00,15 days 00:00:00,360,21.25,111.25,979.2,73.2
2026-07-27,9,8,2026-08-05 00:00:00,9 days 00:00:00,216,21.0,-60.0,1009.1,27.4
2026-07-27,9,8,2026-08-05 06:00:00,9 days 06:00:00,222,21.75,-61.24,1008.3,28.8
2026-07-27,9,8,2026-08-05 12:00:00,9 days 12:00:00,228,22.5,-62.5,1007.6,30.3
2026-07-27,9,8,2026-08-05 18:00:00,9 days 18:00:00,234,23.63,-63.62,1007.2,31.1
2026-07-27,9,8,2026-08-06 00:00:00,10 days 00:00:00,240,24.75,-64.75,1006.7,31.9
2026-07-27,9,8,2026-08-06 06:00:00,10 days 06:00:00,246,25.76,-66.11,1004.8,35.4
2026-07-27,9,8,2026-08-06 12:00:00,10 days 12:00:00,252,26.75,-67.5,1002.9,38.8
2026-07-27,9,8,2026-08-06 18:00:00,10 days 18:00:00,258,27.75,-68.49,1000.5,42.8
2026-07-27,9,8,2026-08-07 00:00:00,11 days 00:00:00,264,28.75,-69.5,998.0,46.8
2026-07-27,9,8,2026-08-07 06:00:00,11 days 06:00:00,270,29.88,-69.87,996.4,49.2
2026-07-27,9,8,2026-08-07 12:00:00,11 days 12:00:00,276,31.0,-70.25,994.8,51.7
2026-07-27,9,8,2026-08-07 18:00:00,11 days 18:00:00,282,32.25,-70.37,995.9,50.1
2026-07-27,9,8,2026-08-08 00:00:00,12 days 00:00:00,288,33.5,-70.5,996.9,48.5
2026-07-27,9,8,2026-08-08 06:00:00,12 days 06:00:00,294,34.5,-70.25,997.6,47.5
2026-07-27,9,8,2026-08-08 12:00:00,12 days 12:00:00,300,35.5,-70.0,998.2,46.4
2026-07-27,9,8,2026-08-08 18:00:00,12 days 18:00:00,306,36.51,-68.89,998.2,46.4
2026-07-27,9,8,2026-08-09 00:00:00,13 days 00:00:00,312,37.5,-67.75,998.2,46.4
2026-07-27,9,8,2026-08-09 06:00:00,13 days 06:00:00,318,38.38,-66.39,995.8,50.2
2026-07-27,9,8,2026-08-09 12:00:00,13 days 12:00:00,324,39.25,-65.0,993.3,54.0
2026-07-27,9,8,2026-08-09 18:00:00,13 days 18:00:00,330,39.89,-63.14,991.9,56.0
2026-07-27,9,8,2026-08-10 00:00:00,14 days 00:00:00,336,40.5,-61.25,990.5,58.0
2026-07-27,9,8,2026-08-10 06:00:00,14 days 06:00:00,342,40.63,-59.75,993.3,53.9
2026-07-27,9,8,2026-08-10 12:00:00,14 days 12:00:00,348,40.75,-58.25,996.1,49.8
2026-07-27,9,8,2026-08-10 18:00:00,14 days 18:00:00,354,40.39,-56.11,996.9,48.5
2026-07-27,9,8,2026-08-11 00:00:00,15 days 00:00:00,360,40.0,-54.0,997.8,47.1
2026-07-27,1,9,2026-07-27 00:00:00,0 days 00:00:00,0,20.0,-143.0,995.2,51.2
2026-07-27,1,9,2026-07-27 06:00:00,0 days 06:00:00,6,20.26,-144.37,996.2,49.7
2026-07-27,1,9,2026-07-27 12:00:00,0 days 12:00:00,12,20.5,-145.75,997.2,48.1
2026-07-27,1,9,2026-07-27 18:00:00,0 days 18:00:00,18,21.0,-146.87,999.1,45.0
2026-07-27,1,9,2026-07-28 00:00:00,1 days 00:00:00,24,21.5,-148.0,1001.1,41.9
2026-07-27,1,9,2026-07-28 06:00:00,1 days 06:00:00,30,21.75,-149.25,1003.4,37.8
2026-07-27,1,9,2026-07-28 12:00:00,1 days 12:00:00,36,22.0,-150.5,1005.7,33.8
2026-07-27,10,9,2026-08-04 12:00:00,8 days 12:00:00,204,32.75,-75.5,1013.6,17.3
2026-07-27,10,9,2026-08-04 18:00:00,8 days 18:00:00,210,33.19,-75.38,1013.3,18.0
2026-07-27,10,9,2026-08-05 00:00:00,9 days 00:00:00,216,33.63,-75.25,1013.1,18.6
2026-07-27,10,9,2026-08-05 06:00:00,9 days 06:00:00,222,34.06,-75.13,1012.8,19.2
2026-07-27,10,9,2026-08-05 12:00:00,9 days 12:00:00,228,34.5,-75.0,1012.6,19.8
2026-07-27,10,9,2026-08-05 18:00:00,9 days 18:00:00,234,34.88,-74.57,1012.2,20.7
2026-07-27,10,9,2026-08-06 00:00:00,10 days 00:00:00,240,35.25,-74.13,1011.8,21.5
2026-07-27,10,9,2026-08-06 06:00:00,10 days 06:00:00,246,35.63,-73.69,1011.4,22.4
2026-07-27,10,9,2026-08-06 12:00:00,10 days 12:00:00,252,36.0,-73.25,1011.0,23.3
2026-07-27,10,9,2026-08-06 18:00:00,10 days 18:00:00,258,37.39,-71.65,1010.0,25.5
2026-07-27,10,9,2026-08-07 00:00:00,11 days 00:00:00,264,38.75,-70.0,1008.9,27.8
2026-07-27,10,9,2026-08-07 06:00:00,11 days 06:00:00,270,39.38,-68.76,1007.8,29.8
2026-07-27,10,9,2026-08-07 12:00:00,11 days 12:00:00,276,40.0,-67.5,1006.7,31.9
2026-07-27,10,9,2026-08-07 18:00:00,11 days 18:00:00,282,40.38,-66.01,1007.1,31.3
2026-07-27,10,9,2026-08-08 00:00:00,12 days 00:00:00,288,40.75,-64.5,1007.4,30.7
2026-07-27,11,9,2026-08-05 00:00:00,9 days 00:00:00,216,-30.25,-107.75,978.3,74.4
2026-07-27,11,9,2026-08-05 06:00:00,9 days 06:00:00,222,-30.0,-106.75,980.4,71.6
2026-07-27,11,9,2026-08-05 12:00:00,9 days 12:00:00,228,-29.75,-105.75,982.6,68.9
2026-07-27,11,9,2026-08-05 18:00:00,9 days 18:00:00,234,-29.75,-104.75,983.2,68.0
2026-07-27,11,9,2026-08-06 00:00:00,10 days 00:00:00,240,-29.75,-103.75,983.8,67.2
2026-07-27,11,9,2026-08-06 06:00:00,10 days 06:00:00,246,-29.5,-102.87,986.2,64.0
2026-07-27,11,9,2026-08-06 12:00:00,10 days 12:00:00,252,-29.25,-102.0,988.6,60.7
2026-07-27,11,9,2026-08-06 18:00:00,10 days 18:00:00,258,-28.75,-101.37,988.9,60.3
2026-07-27,11,9,2026-08-07 00:00:00,11 days 00:00:00,264,-28.25,-100.75,989.3,59.8
2026-07-27,11,9,2026-08-07 06:00:00,11 days 06:00:00,270,-27.63,-99.87,990.1,58.6
2026-07-27,11,9,2026-08-07 12:00:00,11 days 12:00:00,276,-27.0,-99.0,990.9,57.5
2026-07-27,12,9,2026-08-06 00:00:00,10 days 00:00:00,240,15.75,154.75,1000.1,43.6
2026-07-27,12,9,2026-08-06 06:00:00,10 days 06:00:00,246,16.0,155.37,999.1,45.1
2026-07-27,12,9,2026-08-06 12:00:00,10 days 12:00:00,252,16.25,156.0,998.2,46.6
2026-07-27,12,9,2026-08-06 18:00:00,10 days 18:00:00,258,16.88,156.62,996.9,48.5
2026-07-27,12,9,2026-08-07 00:00:00,11 days 00:00:00,264,17.5,157.25,995.7,50.4
2026-07-27,12,9,2026-08-07 06:00:00,11 days 06:00:00,270,18.38,157.62,994.1,52.8
2026-07-27,12,9,2026-08-07 12:00:00,11 days 12:00:00,276,19.25,158.0,992.5,55.1
2026-07-27,12,9,2026-08-07 18:00:00,11 days 18:00:00,282,20.0,158.0,989.4,59.5
2026-07-27,12,9,2026-08-08 00:00:00,12 days 00:00:00,288,20.75,158.0,986.2,64.0
2026-07-27,12,9,2026-08-08 06:00:00,12 days 06:00:00,294,21.38,158.25,985.0,65.6
2026-07-27,12,9,2026-08-08 12:00:00,12 days 12:00:00,300,22.0,158.5,983.8,67.2
2026-07-27,12,9,2026-08-08 18:00:00,12 days 18:00:00,306,22.63,158.13,977.4,75.4
2026-07-27,12,9,2026-08-09 00:00:00,13 days 00:00:00,312,23.25,157.75,970.9,83.6
2026-07-27,12,9,2026-08-09 06:00:00,13 days 06:00:00,318,23.63,156.88,971.2,83.2
2026-07-27,12,9,2026-08-09 12:00:00,13 days 12:00:00,324,24.0,156.0,971.4,82.9
2026-07-27,12,9,2026-08-09 18:00:00,13 days 18:00:00,330,24.38,155.0,971.8,82.5
2026-07-27,12,9,2026-08-10 00:00:00,14 days 00:00:00,336,24.75,154.0,972.1,82.1
2026-07-27,12,9,2026-08-10 06:00:00,14 days 06:00:00,342,24.25,153.5,970.6,83.9
2026-07-27,12,9,2026-08-10 12:00:00,14 days 12:00:00,348,23.75,153.0,969.1,85.7
2026-07-27,12,9,2026-08-10 18:00:00,14 days 18:00:00,354,23.63,153.25,969.3,85.4
2026-07-27,12,9,2026-08-11 00:00:00,15 days 00:00:00,360,23.5,153.5,969.6,85.1
2026-07-27,13,9,2026-08-06 00:00:00,10 days 00:00:00,240,17.75,115.5,1004.7,35.6
2026-07-27,13,9,2026-08-06 06:00:00,10 days 06:00:00,246,17.81,115.62,1004.5,36.0
2026-07-27,13,9,2026-08-06 12:00:00,10 days 12:00:00,252,17.88,115.75,1004.2,36.5
2026-07-27,13,9,2026-08-06 18:00:00,10 days 18:00:00,258,17.94,115.87,1004.0,36.9
2026-07-27,13,9,2026-08-07 00:00:00,11 days 00:00:00,264,18.0,116.0,1003.8,37.3
2026-07-27,13,9,2026-08-07 06:00:00,11 days 06:00:00,270,18.13,116.5,1002.8,39.0
2026-07-27,13,9,2026-08-07 12:00:00,11 days 12:00:00,276,18.25,117.0,1001.8,40.7
2026-07-27,13,9,2026-08-07 18:00:00,11 days 18:00:00,282,18.13,116.62,1001.3,41.4
2026-07-27,13,9,2026-08-08 00:00:00,12 days 00:00:00,288,18.0,116.25,1000.9,42.2
2026-07-27,13,9,2026-08-08 06:00:00,12 days 06:00:00,294,18.12,116.25,1000.8,42.4
2026-07-27,13,9,2026-08-08 12:00:00,12 days 12:00:00,300,18.25,116.25,1000.7,42.5
2026-07-27,13,9,2026-08-08 18:00:00,12 days 18:00:00,306,18.0,115.5,999.9,43.8
2026-07-27,13,9,2026-08-09 00:00:00,13 days 00:00:00,312,17.75,114.75,999.1,45.1
2026-07-27,13,9,2026-08-09 06:00:00,13 days 06:00:00,318,17.63,114.0,998.6,45.9
2026-07-27,13,9,2026-08-09 12:00:00,13 days 12:00:00,324,17.5,113.25,998.0,46.8
2026-07-27,13,9,2026-08-09 18:00:00,13 days 18:00:00,330,17.75,112.75,996.7,48.9
2026-07-27,13,9,2026-08-10 00:00:00,14 days 00:00:00,336,18.0,112.25,995.4,50.9
2026-07-27,13,9,2026-08-10 06:00:00,14 days 06:00:00,342,17.88,111.37,995.8,50.2
2026-07-27,13,9,2026-08-10 12:00:00,14 days 12:00:00,348,17.75,110.5,996.3,49.5
2026-07-27,13,9,2026-08-10 18:00:00,14 days 18:00:00,354,17.75,110.88,995.8,50.2
2026-07-27,13,9,2026-08-11 00:00:00,15 days 00:00:00,360,17.75,111.25,995.3,51.0
2026-07-27,14,9,2026-08-07 00:00:00,11 days 00:00:00,264,15.5,140.0,997.6,47.5
2026-07-27,14,9,2026-08-07 06:00:00,11 days 06:00:00,270,15.5,139.12,997.6,47.5
2026-07-27,14,9,2026-08-07 12:00:00,11 days 12:00:00,276,15.5,138.25,997.6,47.5
2026-07-27,14,9,2026-08-07 18:00:00,11 days 18:00:00,282,16.0,138.13,996.6,49.0
2026-07-27,14,9,2026-08-08 00:00:00,12 days 00:00:00,288,16.5,138.0,995.6,50.5
2026-07-27,14,9,2026-08-08 06:00:00,12 days 06:00:00,294,17.75,137.38,995.5,50.7
2026-07-27,14,9,2026-08-08 12:00:00,12 days 12:00:00,300,19.0,136.75,995.3,50.9
2026-07-27,14,9,2026-08-08 18:00:00,12 days 18:00:00,306,19.63,136.25,993.0,54.4
2026-07-27,14,9,2026-08-09 00:00:00,13 days 00:00:00,312,20.25,135.75,990.6,57.8
2026-07-27,14,9,2026-08-09 06:00:00,13 days 06:00:00,318,20.63,135.0,989.5,59.5
2026-07-27,14,9,2026-08-09 12:00:00,13 days 12:00:00,324,21.0,134.25,988.3,61.1
2026-07-27,14,9,2026-08-09 18:00:00,13 days 18:00:00,330,21.63,133.63,985.9,64.3
2026-07-27,14,9,2026-08-10 00:00:00,14 days 00:00:00,336,22.25,133.0,983.6,67.6
2026-07-27,14,9,2026-08-10 06:00:00,14 days 06:00:00,342,22.25,132.0,981.4,70.3
2026-07-27,14,9,2026-08-10 12:00:00,14 days 12:00:00,348,22.25,131.0,979.3,73.1
2026-07-27,14,9,2026-08-10 18:00:00,14 days 18:00:00,354,22.25,130.37,975.6,77.7
2026-07-27,14,9,2026-08-11 00:00:00,15 days 00:00:00,360,22.25,129.75,972.0,82.2
2026-07-27,5,9,2026-07-27 00:00:00,0 days 00:00:00,0,14.5,-110.75,972.9,81.1
2026-07-27,5,9,2026-07-27 06:00:00,0 days 06:00:00,6,15.0,-111.75,974.5,79.1
2026-07-27,5,9,2026-07-27 12:00:00,0 days 12:00:00,12,15.5,-112.75,976.2,77.0
2026-07-27,5,9,2026-07-27 18:00:00,0 days 18:00:00,18,16.25,-113.5,975.6,77.8
2026-07-27,5,9,2026-07-28 00:00:00,1 days 00:00:00,24,17.0,-114.25,975.0,78.5
2026-07-27,5,9,2026-07-28 06:00:00,1 days 06:00:00,30,17.25,-115.0,978.8,73.7
2026-07-27,5,9,2026-07-28 12:00:00,1 days 12:00:00,36,17.5,-115.75,982.5,69.0
2026-07-27,5,9,2026-07-28 18:00:00,1 days 18:00:00,42,17.75,-116.25,983.7,67.3
2026-07-27,5,9,2026-07-29 00:00:00,2 days 00:00:00,48,18.0,-116.75,985.0,65.7
2026-07-27,5,9,2026-07-29 06:00:00,2 days 06:00:00,54,18.38,-117.5,985.8,64.5
2026-07-27,5,9,2026-07-29 12:00:00,2 days 12:00:00,60,18.75,-118.25,986.7,63.3
2026-07-27,5,9,2026-07-29 18:00:00,2 days 18:00:00,66,18.88,-118.87,986.9,63.1
2026-07-27,5,9,2026-07-30 00:00:00,3 days 00:00:00,72,19.0,-119.5,987.1,62.8
2026-07-27,5,9,2026-07-30 06:00:00,3 days 06:00:00,78,19.25,-120.37,988.4,60.9
2026-07-27,5,9,2026-07-30 12:00:00,3 days 12:00:00,84,19.5,-121.25,989.8,59.0
2026-07-27,5,9,2026-07-30 18:00:00,3 days 18:00:00,90,20.0,-122.25,989.4,59.6
2026-07-27,5,9,2026-07-31 00:00:00,4 days 00:00:00,96,20.5,-123.25,989.0,60.2
2026-07-27,5,9,2026-07-31 06:00:00,4 days 06:00:00,102,20.88,-124.5,991.1,57.1
2026-07-27,5,9,2026-07-31 12:00:00,4 days 12:00:00,108,21.25,-125.75,993.3,53.9
2026-07-27,5,9,2026-07-31 18:00:00,4 days 18:00:00,114,21.51,-127.5,996.8,48.6
2026-07-27,5,9,2026-08-01 00:00:00,5 days 00:00:00,120,21.75,-129.25,1000.3,43.2
2026-07-27,5,9,2026-08-01 06:00:00,5 days 06:00:00,126,21.76,-130.75,1001.7,40.8
2026-07-27,5,9,2026-08-01 12:00:00,5 days 12:00:00,132,21.75,-132.25,1003.1,38.4
2026-07-27,5,9,2026-08-01 18:00:00,5 days 18:00:00,138,21.89,-134.12,1004.6,35.7
2026-07-27,5,9,2026-08-02 00:00:00,6 days 00:00:00,144,22.0,-136.0,1006.1,33.1
2026-07-27,6,9,2026-07-27 00:00:00,0 days 00:00:00,0,21.25,88.5,992.6,54.9
2026-07-27,6,9,2026-07-27 06:00:00,0 days 06:00:00,6,21.38,88.38,991.6,56.4
2026-07-27,6,9,2026-07-27 12:00:00,0 days 12:00:00,12,21.5,88.25,990.7,57.8
2026-07-27,6,9,2026-07-27 18:00:00,0 days 18:00:00,18,21.63,88.25,990.8,57.5
2026-07-27,6,9,2026-07-28 00:00:00,1 days 00:00:00,24,21.75,88.25,991.0,57.3
2026-07-27,6,9,2026-07-28 06:00:00,1 days 06:00:00,30,22.0,87.5,991.5,56.5
2026-07-27,6,9,2026-07-28 12:00:00,1 days 12:00:00,36,22.25,86.75,992.0,55.8
2026-07-27,6,9,2026-07-28 18:00:00,1 days 18:00:00,42,22.01,85.12,992.3,55.5
2026-07-27,6,9,2026-07-29 00:00:00,2 days 00:00:00,48,21.75,83.5,992.5,55.2
2026-07-27,6,9,2026-07-29 06:00:00,2 days 06:00:00,54,21.75,82.88,991.9,56.0
2026-07-27,6,9,2026-07-29 12:00:00,2 days 12:00:00,60,21.75,82.25,991.3,56.9
2026-07-27,6,9,2026-07-29 18:00:00,2 days 18:00:00,66,21.38,80.87,991.7,56.4
2026-07-27,6,9,2026-07-30 00:00:00,3 days 00:00:00,72,21.0,79.5,992.0,55.8
2026-07-27,6,9,2026-07-30 06:00:00,3 days 06:00:00,78,22.0,79.25,992.0,55.9
2026-07-27,6,9,2026-07-30 12:00:00,3 days 12:00:00,84,23.0,79.0,992.0,55.9
2026-07-27,6,9,2026-07-30 18:00:00,3 days 18:00:00,90,21.78,75.72,991.6,56.4
2026-07-27,6,9,2026-07-31 00:00:00,4 days 00:00:00,96,20.5,72.5,991.2,57.0
2026-07-27,6,9,2026-07-31 06:00:00,4 days 06:00:00,102,21.19,72.44,990.0,58.7
2026-07-27,6,9,2026-07-31 12:00:00,4 days 12:00:00,108,21.88,72.38,988.8,60.4
2026-07-27,6,9,2026-07-31 18:00:00,4 days 18:00:00,114,22.56,72.31,987.5,62.1
2026-07-27,6,9,2026-08-01 00:00:00,5 days 00:00:00,120,23.25,72.25,986.3,63.9
2026-07-27,6,9,2026-08-01 06:00:00,5 days 06:00:00,126,23.01,70.87,988.6,60.6
2026-07-27,6,9,2026-08-01 12:00:00,5 days 12:00:00,132,22.75,69.5,991.0,57.4
2026-07-27,7,9,2026-07-27 00:00:00,0 days 00:00:00,0,12.75,178.25,1002.3,39.9
2026-07-27,7,9,2026-07-27 06:00:00,0 days 06:00:00,6,13.0,176.88,1002.6,39.3
2026-07-27,7,9,2026-07-27 12:00:00,0 days 12:00:00,12,13.25,175.5,1003.0,38.6
2026-07-27,7,9,2026-07-27 18:00:00,0 days 18:00:00,18,12.88,174.37,1001.8,40.6
2026-07-27,7,9,2026-07-28 00:00:00,1 days 00:00:00,24,12.5,173.25,1000.6,42.6
2026-07-27,7,9,2026-07-28 06:00:00,1 days 06:00:00,30,12.88,172.5,998.2,46.5
2026-07-27,7,9,2026-07-28 12:00:00,1 days 12:00:00,36,13.25,171.75,995.7,50.4
2026-07-27,7,9,2026-07-28 18:00:00,1 days 18:00:00,42,14.0,171.0,993.2,54.1
2026-07-27,7,9,2026-07-29 00:00:00,2 days 00:00:00,48,14.75,170.25,990.7,57.7
2026-07-27,7,9,2026-07-29 06:00:00,2 days 06:00:00,54,15.25,169.75,987.9,61.7
2026-07-27,7,9,2026-07-29 12:00:00,2 days 12:00:00,60,15.75,169.25,985.0,65.6
2026-07-27,7,9,2026-07-29 18:00:00,2 days 18:00:00,66,16.25,168.88,981.4,70.3
2026-07-27,7,9,2026-07-30 00:00:00,3 days 00:00:00,72,16.75,168.5,977.8,75.0
2026-07-27,7,9,2026-07-30 06:00:00,3 days 06:00:00,78,17.75,167.88,970.5,83.8
2026-07-27,7,9,2026-07-30 12:00:00,3 days 12:00:00,84,18.75,167.25,963.2,92.5
2026-07-27,7,9,2026-07-30 18:00:00,3 days 18:00:00,90,19.63,166.5,960.8,95.3
2026-07-27,7,9,2026-07-31 00:00:00,4 days 00:00:00,96,20.5,165.75,958.4,98.0
2026-07-27,7,9,2026-07-31 06:00:00,4 days 06:00:00,102,21.63,164.88,957.5,99.0
2026-07-27,7,9,2026-07-31 12:00:00,4 days 12:00:00,108,22.75,164.0,956.6,100.0
2026-07-27,7,9,2026-07-31 18:00:00,4 days 18:00:00,114,24.0,163.01,957.7,98.7
2026-07-27,7,9,2026-08-01 00:00:00,5 days 00:00:00,120,25.25,162.0,958.9,97.5
2026-07-27,7,9,2026-08-01 06:00:00,5 days 06:00:00,126,26.38,160.89,960.0,96.2
2026-07-27,7,9,2026-08-01 12:00:00,5 days 12:00:00,132,27.5,159.75,961.2,94.8
2026-07-27,7,9,2026-08-01 18:00:00,5 days 18:00:00,138,28.88,158.52,964.9,90.6
2026-07-27,7,9,2026-08-02 00:00:00,6 days 00:00:00,144,30.25,157.25,968.5,86.4
2026-07-27,7,9,2026-08-02 06:00:00,6 days 06:00:00,150,31.88,156.39,970.6,83.8
2026-07-27,7,9,2026-08-02 12:00:00,6 days 12:00:00,156,33.5,155.5,972.8,81.3
2026-07-27,7,9,2026-08-02 18:00:00,6 days 18:00:00,162,35.0,155.5,975.3,78.1
2026-07-27,7,9,2026-08-03 00:00:00,7 days 00:00:00,168,36.5,155.5,977.8,75.0
2026-07-27,7,9,2026-08-03 06:00:00,7 days 06:00:00,174,38.38,156.23,979.6,72.8
2026-07-27,7,9,2026-08-03 12:00:00,7 days 12:00:00,180,40.25,157.0,981.3,70.5
2026-07-27,7,9,2026-08-03 18:00:00,7 days 18:00:00,186,42.38,158.21,980.3,71.8
2026-07-27,7,9,2026-08-04 00:00:00,8 days 00:00:00,192,44.5,159.5,979.4,73.0
2026-07-27,7,9,2026-08-04 06:00:00,8 days 06:00:00,198,47.41,162.22,981.1,70.7
2026-07-27,7,9,2026-08-04 12:00:00,8 days 12:00:00,204,50.25,165.25,982.9,68.5
2026-07-27,7,9,2026-08-04 18:00:00,8 days 18:00:00,210,52.76,166.55,979.3,73.1
2026-07-27,7,9,2026-08-05 00:00:00,9 days 00:00:00,216,55.25,168.0,975.7,77.6
2026-07-27,7,9,2026-08-05 06:00:00,9 days 06:00:00,222,56.38,168.24,976.3,76.9
2026-07-27,7,9,2026-08-05 12:00:00,9 days 12:00:00,228,57.5,168.5,976.8,76.2
2026-07-27,7,9,2026-08-05 18:00:00,9 days 18:00:00,234,58.13,169.11,980.8,71.2
2026-07-27,7,9,2026-08-06 00:00:00,10 days 00:00:00,240,58.75,169.75,984.7,66.1
2026-07-27,8,9,2026-07-30 00:00:00,3 days 00:00:00,72,-42.75,-127.25,972.3,81.8
2026-07-27,8,9,2026-07-30 06:00:00,3 days 06:00:00,78,-43.13,-126.13,971.1,83.3
2026-07-27,8,9,2026-07-30 12:00:00,3 days 12:00:00,84,-43.5,-125.0,969.8,84.8
2026-07-27,8,9,2026-07-30 18:00:00,3 days 18:00:00,90,-44.65,-122.67,968.9,86.0
2026-07-27,8,9,2026-07-31 00:00:00,4 days 00:00:00,96,-45.75,-120.25,967.9,87.1
2026-07-27,8,9,2026-07-31 06:00:00,4 days 06:00:00,102,-46.26,-119.01,969.1,85.7
2026-07-27,8,9,2026-07-31 12:00:00,4 days 12:00:00,108,-46.75,-117.75,970.3,84.2
2026-07-27,8,9,2026-07-31 18:00:00,4 days 18:00:00,114,-48.25,-117.87,972.6,81.4
2026-07-27,8,9,2026-08-01 00:00:00,5 days 00:00:00,120,-49.75,-118.0,974.9,78.6
2026-07-27,8,9,2026-08-01 06:00:00,5 days 06:00:00,126,-49.26,-117.16,977.3,75.5
2026-07-27,8,9,2026-08-01 12:00:00,5 days 12:00:00,132,-48.76,-116.34,979.8,72.4
2026-07-27,8,9,2026-08-01 18:00:00,5 days 18:00:00,138,-48.26,-115.54,982.2,69.3
2026-07-27,8,9,2026-08-02 00:00:00,6 days 00:00:00,144,-47.75,-114.75,984.6,66.2
2026-07-27,8,9,2026-08-02 06:00:00,6 days 06:00:00,150,-46.5,-114.11,988.1,61.3
2026-07-27,8,9,2026-08-02 12:00:00,6 days 12:00:00,156,-45.25,-113.5,991.7,56.4
2026-07-27,9,9,2026-08-04 00:00:00,8 days 00:00:00,192,26.25,-147.75,1004.5,36.0
2026-07-27,9,9,2026-08-04 06:00:00,8 days 06:00:00,198,27.13,-148.49,1003.7,37.3
2026-07-27,9,9,2026-08-04 12:00:00,8 days 12:00:00,204,28.0,-149.25,1003.0,38.7
2026-07-27,9,9,2026-08-04 18:00:00,8 days 18:00:00,210,29.13,-149.87,1001.7,40.8
2026-07-27,9,9,2026-08-05 00:00:00,9 days 00:00:00,216,30.25,-150.5,1000.4,43.0
2026-07-27,9,9,2026-08-05 06:00:00,9 days 06:00:00,222,31.63,-150.62,1001.7,40.8
2026-07-27,9,9,2026-08-05 12:00:00,9 days 12:00:00,228,33.0,-150.75,1003.0,38.6
2026-07-27,9,9,2026-08-05 18:00:00,9 days 18:00:00,234,35.0,-150.02,1004.6,35.8
2026-07-27,9,9,2026-08-06 00:00:00,10 days 00:00:00,240,37.0,-149.25,1006.2,32.9
2026-07-27,9,9,2026-08-06 06:00:00,10 days 06:00:00,246,39.63,-148.17,1006.6,32.1
2026-07-27,9,9,2026-08-06 12:00:00,10 days 12:00:00,252,42.25,-147.0,1007.0,31.3
