# If this file contains data that relates to a time no more than 48 hours ago,
# BY USING IT YOU AGREE TO THE LEGALLY BINDING TERMS OF USE FOUND AT
#   https://storage.googleapis.com/weathernext-public/terms-of-use.pdf
# Any data that relates to a time more than 48 hours ago is licensed under the
# Creative Commons Attribution International License, Version 4.0 (CC BY 4.0).
# BEGIN DATA
init_time,track_id,sample,valid_time,lead_time,lead_time_hours,lat,lon,minimum_sea_level_pressure_hpa,maximum_sustained_wind_speed_knots
2026-07-03 12:00:00,3,0,2026-07-03 12:00:00,0 days 00:00:00,0,12.75,153.0,976.5,76.7
2026-07-03 12:00:00,3,0,2026-07-03 18:00:00,0 days 06:00:00,6,12.88,152.38,973.3,80.6
2026-07-03 12:00:00,3,0,2026-07-04 00:00:00,0 days 12:00:00,12,13.0,151.75,970.0,84.6
2026-07-03 12:00:00,3,0,2026-07-04 06:00:00,0 days 18:00:00,18,13.0,150.88,971.3,83.0
2026-07-03 12:00:00,3,0,2026-07-04 12:00:00,1 days 00:00:00,24,13.0,150.0,972.6,81.5
2026-07-03 12:00:00,3,0,2026-07-04 18:00:00,1 days 06:00:00,30,13.0,149.25,971.3,83.0
2026-07-03 12:00:00,3,0,2026-07-05 00:00:00,1 days 12:00:00,36,13.0,148.5,970.1,84.5
2026-07-03 12:00:00,3,0,2026-07-05 06:00:00,1 days 18:00:00,42,13.38,147.75,968.2,86.7
2026-07-03 12:00:00,3,0,2026-07-05 12:00:00,2 days 00:00:00,48,13.75,147.0,966.4,88.8
2026-07-03 12:00:00,3,0,2026-07-05 18:00:00,2 days 06:00:00,54,14.13,145.88,962.2,93.7
2026-07-03 12:00:00,3,0,2026-07-06 00:00:00,2 days 12:00:00,60,14.5,144.75,958.0,98.5
2026-07-03 12:00:00,3,0,2026-07-06 06:00:00,2 days 18:00:00,66,14.88,143.5,955.7,101.0
2026-07-03 12:00:00,3,0,2026-07-06 12:00:00,3 days 00:00:00,72,15.25,142.25,953.5,103.5
2026-07-03 12:00:00,3,0,2026-07-06 18:00:00,3 days 06:00:00,78,15.76,140.75,950.8,106.4
2026-07-03 12:00:00,3,0,2026-07-07 00:00:00,3 days 12:00:00,84,16.25,139.25,948.1,109.2
2026-07-03 12:00:00,3,0,2026-07-07 06:00:00,3 days 18:00:00,90,16.5,137.88,949.6,107.7
2026-07-03 12:00:00,3,0,2026-07-07 12:00:00,4 days 00:00:00,96,16.75,136.5,951.0,106.1
2026-07-03 12:00:00,3,0,2026-07-07 18:00:00,4 days 06:00:00,102,17.01,134.88,951.3,105.8
2026-07-03 12:00:00,3,0,2026-07-08 00:00:00,4 days 12:00:00,108,17.25,133.25,951.6,105.5
2026-07-03 12:00:00,3,0,2026-07-08 06:00:00,4 days 18:00:00,114,17.63,131.88,949.9,107.3
2026-07-03 12:00:00,3,0,2026-07-08 12:00:00,5 days 00:00:00,120,18.0,130.5,948.2,109.1
2026-07-03 12:00:00,3,0,2026-07-08 18:00:00,5 days 06:00:00,126,18.38,129.25,947.0,110.4
2026-07-03 12:00:00,3,0,2026-07-09 00:00:00,5 days 12:00:00,132,18.75,128.0,945.9,111.6
2026-07-03 12:00:00,3,0,2026-07-09 06:00:00,5 days 18:00:00,138,19.38,127.13,948.1,109.3
2026-07-03 12:00:00,3,0,2026-07-09 12:00:00,6 days 00:00:00,144,20.0,126.25,950.3,106.9
2026-07-03 12:00:00,3,0,2026-07-09 18:00:00,6 days 06:00:00,150,20.75,125.5,948.9,108.4
2026-07-03 12:00:00,3,0,2026-07-10 00:00:00,6 days 12:00:00,156,21.5,124.75,947.5,109.9
2026-07-03 12:00:00,3,0,2026-07-10 06:00:00,6 days 18:00:00,162,22.5,123.88,953.0,103.9
2026-07-03 12:00:00,3,0,2026-07-10 12:00:00,7 days 00:00:00,168,23.5,123.0,958.5,97.9
2026-07-03 12:00:00,3,0,2026-07-10 18:00:00,7 days 06:00:00,174,24.5,121.88,963.1,92.6
2026-07-03 12:00:00,3,0,2026-07-11 00:00:00,7 days 12:00:00,180,25.5,120.75,967.7,87.3
2026-07-03 12:00:00,3,0,2026-07-11 06:00:00,7 days 18:00:00,186,26.63,120.38,976.0,76.9
2026-07-03 12:00:00,3,0,2026-07-11 12:00:00,8 days 00:00:00,192,27.75,120.0,984.3,66.6
2026-07-03 12:00:00,3,0,2026-07-11 18:00:00,8 days 06:00:00,198,29.25,118.89,987.7,61.8
2026-07-03 12:00:00,3,0,2026-07-12 00:00:00,8 days 12:00:00,204,30.75,117.75,991.2,57.1
2026-07-03 12:00:00,3,0,2026-07-12 06:00:00,8 days 18:00:00,210,31.13,117.38,992.9,54.6
2026-07-03 12:00:00,3,0,2026-07-12 12:00:00,9 days 00:00:00,216,31.5,117.0,994.6,52.1
2026-07-03 12:00:00,3,0,2026-07-12 18:00:00,9 days 06:00:00,222,31.25,117.13,995.2,51.2
2026-07-03 12:00:00,3,0,2026-07-13 00:00:00,9 days 12:00:00,228,31.0,117.25,995.8,50.2
2026-07-03 12:00:00,3,0,2026-07-13 06:00:00,9 days 18:00:00,234,32.13,117.87,995.4,50.8
2026-07-03 12:00:00,3,0,2026-07-13 12:00:00,10 days 00:00:00,240,33.25,118.5,995.1,51.4
2026-07-03 12:00:00,3,0,2026-07-13 18:00:00,10 days 06:00:00,246,33.5,118.75,995.4,50.9
2026-07-03 12:00:00,3,0,2026-07-14 00:00:00,10 days 12:00:00,252,33.75,119.0,995.7,50.4
2026-07-03 12:00:00,3,0,2026-07-14 06:00:00,10 days 18:00:00,258,34.63,119.74,996.1,49.7
2026-07-03 12:00:00,3,0,2026-07-14 12:00:00,11 days 00:00:00,264,35.5,120.5,996.6,49.0
2026-07-03 12:00:00,3,0,2026-07-14 18:00:00,11 days 06:00:00,270,37.88,121.83,995.1,51.3
2026-07-03 12:00:00,3,0,2026-07-15 00:00:00,11 days 12:00:00,276,40.25,123.25,993.6,53.5
2026-07-03 12:00:00,4,0,2026-07-03 12:00:00,0 days 00:00:00,0,19.5,-128.5,1001.2,41.7
2026-07-03 12:00:00,4,0,2026-07-03 18:00:00,0 days 06:00:00,6,20.25,-128.5,1001.6,40.9
2026-07-03 12:00:00,4,0,2026-07-04 00:00:00,0 days 12:00:00,12,21.0,-128.5,1002.1,40.2
2026-07-03 12:00:00,5,0,2026-07-03 12:00:00,0 days 00:00:00,0,18.5,110.0,997.5,47.5
2026-07-03 12:00:00,5,0,2026-07-03 18:00:00,0 days 06:00:00,6,19.38,109.01,996.3,49.5
2026-07-03 12:00:00,5,0,2026-07-04 00:00:00,0 days 12:00:00,12,20.25,108.0,995.0,51.5
2026-07-03 12:00:00,5,0,2026-07-04 06:00:00,0 days 18:00:00,18,20.5,107.75,995.0,51.4
2026-07-03 12:00:00,5,0,2026-07-04 12:00:00,1 days 00:00:00,24,20.75,107.5,995.1,51.3
2026-07-03 12:00:00,5,0,2026-07-04 18:00:00,1 days 06:00:00,30,21.5,107.5,996.8,48.7
2026-07-03 12:00:00,5,0,2026-07-05 00:00:00,1 days 12:00:00,36,22.25,107.5,998.5,46.0
2026-07-03 12:00:00,6,0,2026-07-11 12:00:00,8 days 00:00:00,192,-41.25,-154.25,979.4,72.9
2026-07-03 12:00:00,6,0,2026-07-11 18:00:00,8 days 06:00:00,198,-42.5,-154.37,976.7,76.4
2026-07-03 12:00:00,6,0,2026-07-12 00:00:00,8 days 12:00:00,204,-43.75,-154.5,973.9,79.8
2026-07-03 12:00:00,6,0,2026-07-12 06:00:00,8 days 18:00:00,210,-43.26,-156.14,975.4,78.0
2026-07-03 12:00:00,6,0,2026-07-12 12:00:00,9 days 00:00:00,216,-42.75,-157.75,976.8,76.2
2026-07-03 12:00:00,6,0,2026-07-12 18:00:00,9 days 06:00:00,222,-40.88,-157.36,977.9,74.9
2026-07-03 12:00:00,6,0,2026-07-13 00:00:00,9 days 12:00:00,228,-39.0,-157.0,978.9,73.6
2026-07-03 12:00:00,6,0,2026-07-13 06:00:00,9 days 18:00:00,234,-39.27,-154.88,976.2,77.0
2026-07-03 12:00:00,6,0,2026-07-13 12:00:00,10 days 00:00:00,240,-39.5,-152.75,973.5,80.4
2026-07-03 12:00:00,6,0,2026-07-13 18:00:00,10 days 06:00:00,246,-40.38,-152.75,975.5,77.9
2026-07-03 12:00:00,6,0,2026-07-14 00:00:00,10 days 12:00:00,252,-41.25,-152.75,977.5,75.4
2026-07-03 12:00:00,6,0,2026-07-14 06:00:00,10 days 18:00:00,258,-41.38,-153.5,978.8,73.7
2026-07-03 12:00:00,6,0,2026-07-14 12:00:00,11 days 00:00:00,264,-41.5,-154.25,980.2,72.0
2026-07-03 12:00:00,6,0,2026-07-14 18:00:00,11 days 06:00:00,270,-40.88,-155.01,980.1,72.1
2026-07-03 12:00:00,6,0,2026-07-15 00:00:00,11 days 12:00:00,276,-40.25,-155.75,980.0,72.3
2026-07-03 12:00:00,6,0,2026-07-15 06:00:00,11 days 18:00:00,282,-39.63,-155.5,980.9,71.0
2026-07-03 12:00:00,6,0,2026-07-15 12:00:00,12 days 00:00:00,288,-39.0,-155.25,981.9,69.8
2026-07-03 12:00:00,6,0,2026-07-15 18:00:00,12 days 06:00:00,294,-38.44,-154.67,982.2,69.4
2026-07-03 12:00:00,6,0,2026-07-16 00:00:00,12 days 12:00:00,300,-37.88,-154.11,982.5,69.0
2026-07-03 12:00:00,6,0,2026-07-16 06:00:00,12 days 18:00:00,306,-37.32,-153.55,982.8,68.6
2026-07-03 12:00:00,6,0,2026-07-16 12:00:00,13 days 00:00:00,312,-36.75,-153.0,983.1,68.2
2026-07-03 12:00:00,7,0,2026-07-12 12:00:00,9 days 00:00:00,216,22.75,154.25,1007.1,31.2
2026-07-03 12:00:00,7,0,2026-07-12 18:00:00,9 days 06:00:00,222,23.63,154.5,1007.3,30.8
2026-07-03 12:00:00,7,0,2026-07-13 00:00:00,9 days 12:00:00,228,24.5,154.75,1007.5,30.5
2026-07-03 12:00:00,7,0,2026-07-13 06:00:00,9 days 18:00:00,234,24.63,155.25,1005.8,33.5
2026-07-03 12:00:00,7,0,2026-07-13 12:00:00,10 days 00:00:00,240,24.75,155.75,1004.2,36.6
2026-07-03 12:00:00,7,0,2026-07-13 18:00:00,10 days 06:00:00,246,24.63,155.25,1001.8,40.6
2026-07-03 12:00:00,7,0,2026-07-14 00:00:00,10 days 12:00:00,252,24.5,154.75,999.4,44.6
2026-07-03 12:00:00,7,0,2026-07-14 06:00:00,10 days 18:00:00,258,24.5,154.12,998.7,45.7
2026-07-03 12:00:00,7,0,2026-07-14 12:00:00,11 days 00:00:00,264,24.5,153.5,998.0,46.8
2026-07-03 12:00:00,7,0,2026-07-14 18:00:00,11 days 06:00:00,270,24.75,152.75,995.3,50.9
2026-07-03 12:00:00,7,0,2026-07-15 00:00:00,11 days 12:00:00,276,25.0,152.0,992.6,55.0
2026-07-03 12:00:00,7,0,2026-07-15 06:00:00,11 days 18:00:00,282,25.38,151.0,992.0,55.8
2026-07-03 12:00:00,7,0,2026-07-15 12:00:00,12 days 00:00:00,288,25.75,150.0,991.5,56.7
2026-07-03 12:00:00,7,0,2026-07-15 18:00:00,12 days 06:00:00,294,26.0,149.25,986.7,63.1
2026-07-03 12:00:00,7,0,2026-07-16 00:00:00,12 days 12:00:00,300,26.25,148.5,982.0,69.6
2026-07-03 12:00:00,7,0,2026-07-16 06:00:00,12 days 18:00:00,306,26.25,147.75,981.0,70.9
2026-07-03 12:00:00,7,0,2026-07-16 12:00:00,13 days 00:00:00,312,26.25,147.0,980.0,72.3
2026-07-03 12:00:00,7,0,2026-07-16 18:00:00,13 days 06:00:00,318,26.13,146.25,978.4,74.3
2026-07-03 12:00:00,7,0,2026-07-17 00:00:00,13 days 12:00:00,324,26.0,145.5,976.8,76.3
2026-07-03 12:00:00,7,0,2026-07-17 06:00:00,13 days 18:00:00,330,25.88,144.62,977.6,75.2
2026-07-03 12:00:00,7,0,2026-07-17 12:00:00,14 days 00:00:00,336,25.75,143.75,978.5,74.2
2026-07-03 12:00:00,7,0,2026-07-17 18:00:00,14 days 06:00:00,342,26.13,142.88,981.3,70.5
2026-07-03 12:00:00,7,0,2026-07-18 00:00:00,14 days 12:00:00,348,26.5,142.0,984.2,66.8
2026-07-03 12:00:00,7,0,2026-07-18 06:00:00,14 days 18:00:00,354,26.38,140.87,982.8,68.6
2026-07-03 12:00:00,7,0,2026-07-18 12:00:00,15 days 00:00:00,360,26.25,139.75,981.4,70.5
2026-07-03 12:00:00,10,1,2026-07-14 12:00:00,11 days 00:00:00,264,10.5,-136.25,1006.3,32.7
2026-07-03 12:00:00,10,1,2026-07-14 18:00:00,11 days 06:00:00,270,9.94,-136.94,1005.7,33.8
2026-07-03 12:00:00,10,1,2026-07-15 00:00:00,11 days 12:00:00,276,9.38,-137.63,1005.1,34.9
2026-07-03 12:00:00,10,1,2026-07-15 06:00:00,11 days 18:00:00,282,8.81,-138.32,1004.5,36.0
2026-07-03 12:00:00,10,1,2026-07-15 12:00:00,12 days 00:00:00,288,8.25,-139.0,1003.9,37.1
2026-07-03 12:00:00,10,1,2026-07-15 18:00:00,12 days 06:00:00,294,8.38,-138.0,1002.7,39.2
2026-07-03 12:00:00,10,1,2026-07-16 00:00:00,12 days 12:00:00,300,8.5,-137.0,1001.4,41.3
2026-07-03 12:00:00,10,1,2026-07-16 06:00:00,12 days 18:00:00,306,8.63,-137.25,1001.4,41.3
2026-07-03 12:00:00,10,1,2026-07-16 12:00:00,13 days 00:00:00,312,8.75,-137.5,1001.4,41.3
2026-07-03 12:00:00,10,1,2026-07-16 18:00:00,13 days 06:00:00,318,9.38,-137.75,1002.5,39.5
2026-07-03 12:00:00,10,1,2026-07-17 00:00:00,13 days 12:00:00,324,10.0,-138.0,1003.5,37.7
2026-07-03 12:00:00,10,1,2026-07-17 06:00:00,13 days 18:00:00,330,10.13,-138.75,1004.8,35.5
2026-07-03 12:00:00,10,1,2026-07-17 12:00:00,14 days 00:00:00,336,10.25,-139.5,1006.0,33.2
2026-07-03 12:00:00,10,1,2026-07-17 18:00:00,14 days 06:00:00,342,11.91,-136.99,1002.2,39.4
2026-07-03 12:00:00,10,1,2026-07-18 00:00:00,14 days 12:00:00,348,13.55,-134.45,998.3,45.6
2026-07-03 12:00:00,10,1,2026-07-18 06:00:00,14 days 18:00:00,354,15.17,-131.86,994.4,51.8
2026-07-03 12:00:00,10,1,2026-07-18 12:00:00,15 days 00:00:00,360,16.75,-129.25,990.5,58.1
2026-07-03 12:00:00,11,1,2026-07-15 00:00:00,11 days 12:00:00,276,19.25,90.0,991.3,56.9
2026-07-03 12:00:00,11,1,2026-07-15 06:00:00,11 days 18:00:00,282,19.5,90.5,990.3,58.3
2026-07-03 12:00:00,11,1,2026-07-15 12:00:00,12 days 00:00:00,288,19.75,91.0,989.4,59.6
2026-07-03 12:00:00,11,1,2026-07-15 18:00:00,12 days 06:00:00,294,19.88,90.25,989.5,59.5
2026-07-03 12:00:00,11,1,2026-07-16 00:00:00,12 days 12:00:00,300,20.0,89.5,989.5,59.4
2026-07-03 12:00:00,11,1,2026-07-16 06:00:00,12 days 18:00:00,306,19.88,88.75,988.9,60.3
2026-07-03 12:00:00,11,1,2026-07-16 12:00:00,13 days 00:00:00,312,19.75,88.0,988.2,61.3
2026-07-03 12:00:00,11,1,2026-07-16 18:00:00,13 days 06:00:00,318,20.25,87.63,987.3,62.4
2026-07-03 12:00:00,11,1,2026-07-17 00:00:00,13 days 12:00:00,324,20.75,87.25,986.5,63.6
2026-07-03 12:00:00,11,1,2026-07-17 06:00:00,13 days 18:00:00,330,20.88,86.38,986.8,63.1
2026-07-03 12:00:00,11,1,2026-07-17 12:00:00,14 days 00:00:00,336,21.0,85.5,987.2,62.6
2026-07-03 12:00:00,11,1,2026-07-17 18:00:00,14 days 06:00:00,342,20.88,85.25,989.6,59.3
2026-07-03 12:00:00,11,1,2026-07-18 00:00:00,14 days 12:00:00,348,20.75,85.0,992.0,55.9
2026-07-03 12:00:00,3,1,2026-07-03 12:00:00,0 days 00:00:00,0,12.75,153.0,976.5,76.7
2026-07-03 12:00:00,3,1,2026-07-03 18:00:00,0 days 06:00:00,6,12.75,152.25,973.1,80.9
2026-07-03 12:00:00,3,1,2026-07-04 00:00:00,0 days 12:00:00,12,12.75,151.5,969.6,85.1
2026-07-03 12:00:00,3,1,2026-07-04 06:00:00,0 days 18:00:00,18,12.88,151.0,970.6,83.8
2026-07-03 12:00:00,3,1,2026-07-04 12:00:00,1 days 00:00:00,24,13.0,150.5,971.7,82.6
2026-07-03 12:00:00,3,1,2026-07-04 18:00:00,1 days 06:00:00,30,13.0,149.62,970.7,83.7
2026-07-03 12:00:00,3,1,2026-07-05 00:00:00,1 days 12:00:00,36,13.0,148.75,969.8,84.8
2026-07-03 12:00:00,3,1,2026-07-05 06:00:00,1 days 18:00:00,42,13.25,147.88,967.1,88.1
2026-07-03 12:00:00,3,1,2026-07-05 12:00:00,2 days 00:00:00,48,13.5,147.0,964.3,91.3
2026-07-03 12:00:00,3,1,2026-07-05 18:00:00,2 days 06:00:00,54,13.88,146.25,963.3,92.5
2026-07-03 12:00:00,3,1,2026-07-06 00:00:00,2 days 12:00:00,60,14.25,145.5,962.2,93.7
2026-07-03 12:00:00,3,1,2026-07-06 06:00:00,2 days 18:00:00,66,14.63,144.13,962.6,93.2
2026-07-03 12:00:00,3,1,2026-07-06 12:00:00,3 days 00:00:00,72,15.0,142.75,963.0,92.8
2026-07-03 12:00:00,3,1,2026-07-06 18:00:00,3 days 06:00:00,78,15.38,141.25,958.0,98.4
2026-07-03 12:00:00,3,1,2026-07-07 00:00:00,3 days 12:00:00,84,15.75,139.75,953.1,103.9
2026-07-03 12:00:00,3,1,2026-07-07 06:00:00,3 days 18:00:00,90,16.13,138.38,953.7,103.2
2026-07-03 12:00:00,3,1,2026-07-07 12:00:00,4 days 00:00:00,96,16.5,137.0,954.3,102.5
2026-07-03 12:00:00,3,1,2026-07-07 18:00:00,4 days 06:00:00,102,16.63,135.25,952.3,104.7
2026-07-03 12:00:00,3,1,2026-07-08 00:00:00,4 days 12:00:00,108,16.75,133.5,950.2,106.9
2026-07-03 12:00:00,3,1,2026-07-08 06:00:00,4 days 18:00:00,114,16.88,132.25,947.5,109.8
2026-07-03 12:00:00,3,1,2026-07-08 12:00:00,5 days 00:00:00,120,17.0,131.0,944.8,112.7
2026-07-03 12:00:00,3,1,2026-07-08 18:00:00,5 days 06:00:00,126,17.38,130.13,943.7,113.9
2026-07-03 12:00:00,3,1,2026-07-09 00:00:00,5 days 12:00:00,132,17.75,129.25,942.6,115.0
2026-07-03 12:00:00,3,1,2026-07-09 06:00:00,5 days 18:00:00,138,18.38,128.25,944.6,113.0
2026-07-03 12:00:00,3,1,2026-07-09 12:00:00,6 days 00:00:00,144,19.0,127.25,946.5,110.9
2026-07-03 12:00:00,3,1,2026-07-09 18:00:00,6 days 06:00:00,150,19.63,126.5,944.4,113.1
2026-07-03 12:00:00,3,1,2026-07-10 00:00:00,6 days 12:00:00,156,20.25,125.75,942.4,115.3
2026-07-03 12:00:00,3,1,2026-07-10 06:00:00,6 days 18:00:00,162,21.25,124.88,947.8,109.5
2026-07-03 12:00:00,3,1,2026-07-10 12:00:00,7 days 00:00:00,168,22.25,124.0,953.2,103.8
2026-07-03 12:00:00,3,1,2026-07-10 18:00:00,7 days 06:00:00,174,23.5,122.89,958.8,97.5
2026-07-03 12:00:00,3,1,2026-07-11 00:00:00,7 days 12:00:00,180,24.75,121.75,964.4,91.2
2026-07-03 12:00:00,3,1,2026-07-11 06:00:00,7 days 18:00:00,186,25.38,121.0,966.7,88.5
2026-07-03 12:00:00,3,1,2026-07-11 12:00:00,8 days 00:00:00,192,26.0,120.25,969.0,85.9
2026-07-03 12:00:00,3,1,2026-07-11 18:00:00,8 days 06:00:00,198,27.38,119.39,977.9,74.4
2026-07-03 12:00:00,3,1,2026-07-12 00:00:00,8 days 12:00:00,204,28.75,118.5,986.9,63.0
2026-07-03 12:00:00,3,1,2026-07-12 06:00:00,8 days 18:00:00,210,28.75,117.38,987.2,62.7
2026-07-03 12:00:00,3,1,2026-07-12 12:00:00,9 days 00:00:00,216,28.75,116.25,987.4,62.4
2026-07-03 12:00:00,3,1,2026-07-12 18:00:00,9 days 06:00:00,222,29.13,116.5,989.3,59.7
2026-07-03 12:00:00,3,1,2026-07-13 00:00:00,9 days 12:00:00,228,29.5,116.75,991.1,57.1
2026-07-03 12:00:00,3,1,2026-07-13 06:00:00,9 days 18:00:00,234,31.88,117.24,992.0,55.9
2026-07-03 12:00:00,3,1,2026-07-13 12:00:00,10 days 00:00:00,240,34.25,117.75,992.8,54.7
2026-07-03 12:00:00,4,1,2026-07-03 12:00:00,0 days 00:00:00,0,19.5,-128.5,1001.2,41.7
2026-07-03 12:00:00,4,1,2026-07-03 18:00:00,0 days 06:00:00,6,20.5,-128.38,1001.9,40.5
2026-07-03 12:00:00,4,1,2026-07-04 00:00:00,0 days 12:00:00,12,21.5,-128.25,1002.6,39.3
2026-07-03 12:00:00,5,1,2026-07-03 12:00:00,0 days 00:00:00,0,18.5,110.0,997.5,47.5
2026-07-03 12:00:00,5,1,2026-07-03 18:00:00,0 days 06:00:00,6,19.38,109.01,996.0,49.9
2026-07-03 12:00:00,5,1,2026-07-04 00:00:00,0 days 12:00:00,12,20.25,108.0,994.4,52.3
2026-07-03 12:00:00,5,1,2026-07-04 06:00:00,0 days 18:00:00,18,20.5,107.63,992.4,55.2
2026-07-03 12:00:00,5,1,2026-07-04 12:00:00,1 days 00:00:00,24,20.75,107.25,990.4,58.1
2026-07-03 12:00:00,5,1,2026-07-04 18:00:00,1 days 06:00:00,30,21.63,107.25,994.3,52.3
2026-07-03 12:00:00,5,1,2026-07-05 00:00:00,1 days 12:00:00,36,22.5,107.25,998.2,46.5
2026-07-03 12:00:00,5,1,2026-07-05 06:00:00,1 days 18:00:00,42,22.75,107.62,999.1,45.0
2026-07-03 12:00:00,5,1,2026-07-05 12:00:00,2 days 00:00:00,48,23.0,108.0,1000.1,43.5
2026-07-03 12:00:00,6,1,2026-07-04 00:00:00,0 days 12:00:00,12,19.75,85.75,994.0,52.9
2026-07-03 12:00:00,6,1,2026-07-04 06:00:00,0 days 18:00:00,18,20.25,86.62,991.7,56.3
2026-07-03 12:00:00,6,1,2026-07-04 12:00:00,1 days 00:00:00,24,20.75,87.5,989.3,59.7
2026-07-03 12:00:00,6,1,2026-07-04 18:00:00,1 days 06:00:00,30,21.13,87.25,989.1,60.1
2026-07-03 12:00:00,6,1,2026-07-05 00:00:00,1 days 12:00:00,36,21.5,87.0,988.8,60.4
2026-07-03 12:00:00,6,1,2026-07-05 06:00:00,1 days 18:00:00,42,21.5,86.0,990.2,58.4
2026-07-03 12:00:00,6,1,2026-07-05 12:00:00,2 days 00:00:00,48,21.5,85.0,991.7,56.3
2026-07-03 12:00:00,6,1,2026-07-05 18:00:00,2 days 06:00:00,54,22.0,85.5,993.1,54.3
2026-07-03 12:00:00,6,1,2026-07-06 00:00:00,2 days 12:00:00,60,22.5,86.0,994.5,52.2
2026-07-03 12:00:00,6,1,2026-07-06 06:00:00,2 days 18:00:00,66,27.25,86.24,992.4,55.2
2026-07-03 12:00:00,6,1,2026-07-06 12:00:00,3 days 00:00:00,72,32.0,86.5,990.4,58.2
2026-07-03 12:00:00,6,1,2026-07-06 18:00:00,3 days 06:00:00,78,27.88,85.46,992.1,55.7
2026-07-03 12:00:00,6,1,2026-07-07 00:00:00,3 days 12:00:00,84,23.75,84.5,993.8,53.2
2026-07-03 12:00:00,6,1,2026-07-07 06:00:00,3 days 18:00:00,90,24.26,83.51,994.0,53.0
2026-07-03 12:00:00,6,1,2026-07-07 12:00:00,4 days 00:00:00,96,24.76,82.52,994.1,52.8
2026-07-03 12:00:00,6,1,2026-07-07 18:00:00,4 days 06:00:00,102,25.26,81.51,994.2,52.6
2026-07-03 12:00:00,6,1,2026-07-08 00:00:00,4 days 12:00:00,108,25.75,80.5,994.4,52.4
2026-07-03 12:00:00,6,1,2026-07-08 06:00:00,4 days 18:00:00,114,28.82,84.87,992.6,55.0
2026-07-03 12:00:00,6,1,2026-07-08 12:00:00,5 days 00:00:00,120,31.75,89.5,990.7,57.7
2026-07-03 12:00:00,6,1,2026-07-08 18:00:00,5 days 06:00:00,126,31.75,89.5,991.5,56.5
2026-07-03 12:00:00,6,1,2026-07-09 00:00:00,5 days 12:00:00,132,31.75,89.5,992.3,55.4
2026-07-03 12:00:00,6,1,2026-07-09 06:00:00,5 days 18:00:00,138,31.75,89.5,993.1,54.3
2026-07-03 12:00:00,6,1,2026-07-09 12:00:00,6 days 00:00:00,144,31.75,89.5,993.9,53.1
2026-07-03 12:00:00,7,1,2026-07-11 12:00:00,8 days 00:00:00,192,11.75,144.0,1005.3,34.5
2026-07-03 12:00:00,7,1,2026-07-11 18:00:00,8 days 06:00:00,198,11.75,143.25,1003.9,37.0
2026-07-03 12:00:00,7,1,2026-07-12 00:00:00,8 days 12:00:00,204,11.75,142.5,1002.5,39.5
2026-07-03 12:00:00,7,1,2026-07-12 06:00:00,8 days 18:00:00,210,12.0,141.38,1003.3,38.2
2026-07-03 12:00:00,7,1,2026-07-12 12:00:00,9 days 00:00:00,216,12.25,140.25,1004.0,36.9
2026-07-03 12:00:00,7,1,2026-07-12 18:00:00,9 days 06:00:00,222,13.25,139.25,1003.9,37.0
2026-07-03 12:00:00,7,1,2026-07-13 00:00:00,9 days 12:00:00,228,14.25,138.25,1003.9,37.1
2026-07-03 12:00:00,7,1,2026-07-13 06:00:00,9 days 18:00:00,234,14.75,137.5,1002.6,39.2
2026-07-03 12:00:00,7,1,2026-07-13 12:00:00,10 days 00:00:00,240,15.25,136.75,1001.4,41.3
2026-07-03 12:00:00,7,1,2026-07-13 18:00:00,10 days 06:00:00,246,16.38,135.88,1001.4,41.3
2026-07-03 12:00:00,7,1,2026-07-14 00:00:00,10 days 12:00:00,252,17.5,135.0,1001.5,41.2
2026-07-03 12:00:00,7,1,2026-07-14 06:00:00,10 days 18:00:00,258,18.0,133.88,1001.0,42.1
2026-07-03 12:00:00,7,1,2026-07-14 12:00:00,11 days 00:00:00,264,18.5,132.75,1000.5,42.9
2026-07-03 12:00:00,7,1,2026-07-14 18:00:00,11 days 06:00:00,270,19.38,132.38,1001.4,41.3
2026-07-03 12:00:00,7,1,2026-07-15 00:00:00,11 days 12:00:00,276,20.25,132.0,1002.4,39.7
2026-07-03 12:00:00,8,1,2026-07-12 00:00:00,8 days 12:00:00,204,-44.25,-155.0,963.7,92.0
2026-07-03 12:00:00,8,1,2026-07-12 06:00:00,8 days 18:00:00,210,-45.0,-155.37,966.3,88.9
2026-07-03 12:00:00,8,1,2026-07-12 12:00:00,9 days 00:00:00,216,-45.75,-155.75,969.0,85.9
2026-07-03 12:00:00,8,1,2026-07-12 18:00:00,9 days 06:00:00,222,-44.25,-156.52,970.1,84.4
2026-07-03 12:00:00,8,1,2026-07-13 00:00:00,9 days 12:00:00,228,-42.75,-157.25,971.3,83.0
2026-07-03 12:00:00,8,1,2026-07-13 06:00:00,9 days 18:00:00,234,-41.75,-157.12,973.8,80.0
2026-07-03 12:00:00,8,1,2026-07-13 12:00:00,10 days 00:00:00,240,-40.75,-157.0,976.2,77.0
2026-07-03 12:00:00,8,1,2026-07-13 18:00:00,10 days 06:00:00,246,-40.71,-155.75,977.7,75.1
2026-07-03 12:00:00,8,1,2026-07-14 00:00:00,10 days 12:00:00,252,-40.65,-154.5,979.2,73.3
2026-07-03 12:00:00,8,1,2026-07-14 06:00:00,10 days 18:00:00,258,-40.58,-153.25,980.6,71.4
2026-07-03 12:00:00,8,1,2026-07-14 12:00:00,11 days 00:00:00,264,-40.5,-152.0,982.1,69.5
2026-07-03 12:00:00,9,1,2026-07-14 00:00:00,10 days 12:00:00,252,6.5,-121.25,1004.7,35.6
2026-07-03 12:00:00,9,1,2026-07-14 06:00:00,10 days 18:00:00,258,7.38,-121.37,1004.9,35.3
2026-07-03 12:00:00,9,1,2026-07-14 12:00:00,11 days 00:00:00,264,8.25,-121.5,1005.1,35.0
2026-07-03 12:00:00,9,1,2026-07-14 18:00:00,11 days 06:00:00,270,8.63,-122.62,1003.8,37.1
2026-07-03 12:00:00,9,1,2026-07-15 00:00:00,11 days 12:00:00,276,9.0,-123.75,1002.6,39.3
2026-07-03 12:00:00,9,1,2026-07-15 06:00:00,11 days 18:00:00,282,9.38,-123.75,1000.3,43.1
2026-07-03 12:00:00,9,1,2026-07-15 12:00:00,12 days 00:00:00,288,9.75,-123.75,997.9,47.0
2026-07-03 12:00:00,9,1,2026-07-15 18:00:00,12 days 06:00:00,294,9.88,-124.5,995.2,51.0
2026-07-03 12:00:00,9,1,2026-07-16 00:00:00,12 days 12:00:00,300,10.0,-125.25,992.6,55.0
2026-07-03 12:00:00,9,1,2026-07-16 06:00:00,12 days 18:00:00,306,10.5,-125.37,990.3,58.3
2026-07-03 12:00:00,9,1,2026-07-16 12:00:00,13 days 00:00:00,312,11.0,-125.5,988.0,61.5
2026-07-03 12:00:00,9,1,2026-07-16 18:00:00,13 days 06:00:00,318,11.75,-125.5,987.8,61.8
2026-07-03 12:00:00,9,1,2026-07-17 00:00:00,13 days 12:00:00,324,12.5,-125.5,987.6,62.2
2026-07-03 12:00:00,9,1,2026-07-17 06:00:00,13 days 18:00:00,330,13.38,-125.87,989.0,60.2
2026-07-03 12:00:00,9,1,2026-07-17 12:00:00,14 days 00:00:00,336,14.25,-126.25,990.4,58.2
2026-07-03 12:00:00,9,1,2026-07-17 18:00:00,14 days 06:00:00,342,14.75,-126.75,992.6,55.0
2026-07-03 12:00:00,9,1,2026-07-18 00:00:00,14 days 12:00:00,348,15.25,-127.25,994.8,51.8
2026-07-03 12:00:00,9,1,2026-07-18 06:00:00,14 days 18:00:00,354,16.0,-128.25,992.6,54.9
2026-07-03 12:00:00,9,1,2026-07-18 12:00:00,15 days 00:00:00,360,16.75,-129.25,990.5,58.1
2026-07-03 12:00:00,3,10,2026-07-03 12:00:00,0 days 00:00:00,0,12.75,153.0,976.5,76.7
2026-07-03 12:00:00,3,10,2026-07-03 18:00:00,0 days 06:00:00,6,12.75,152.25,970.7,83.6
2026-07-03 12:00:00,3,10,2026-07-04 00:00:00,0 days 12:00:00,12,12.75,151.5,965.0,90.5
2026-07-03 12:00:00,3,10,2026-07-04 06:00:00,0 days 18:00:00,18,12.75,150.87,966.1,89.2
2026-07-03 12:00:00,3,10,2026-07-04 12:00:00,1 days 00:00:00,24,12.75,150.25,967.2,87.9
2026-07-03 12:00:00,3,10,2026-07-04 18:00:00,1 days 06:00:00,30,12.88,149.38,965.5,89.9
2026-07-03 12:00:00,3,10,2026-07-05 00:00:00,1 days 12:00:00,36,13.0,148.5,963.8,91.9
2026-07-03 12:00:00,3,10,2026-07-05 06:00:00,1 days 18:00:00,42,13.38,147.63,964.4,91.2
2026-07-03 12:00:00,3,10,2026-07-05 12:00:00,2 days 00:00:00,48,13.75,146.75,965.0,90.5
2026-07-03 12:00:00,3,10,2026-07-05 18:00:00,2 days 06:00:00,54,14.13,145.63,960.7,95.3
2026-07-03 12:00:00,3,10,2026-07-06 00:00:00,2 days 12:00:00,60,14.5,144.5,956.5,100.2
2026-07-03 12:00:00,3,10,2026-07-06 06:00:00,2 days 18:00:00,66,14.88,143.13,956.6,100.0
2026-07-03 12:00:00,3,10,2026-07-06 12:00:00,3 days 00:00:00,72,15.25,141.75,956.8,99.8
2026-07-03 12:00:00,3,10,2026-07-06 18:00:00,3 days 06:00:00,78,15.63,140.13,955.4,101.3
2026-07-03 12:00:00,3,10,2026-07-07 00:00:00,3 days 12:00:00,84,16.0,138.5,954.1,102.8
2026-07-03 12:00:00,3,10,2026-07-07 06:00:00,3 days 18:00:00,90,16.13,137.25,951.5,105.6
2026-07-03 12:00:00,3,10,2026-07-07 12:00:00,4 days 00:00:00,96,16.25,136.0,948.9,108.4
2026-07-03 12:00:00,3,10,2026-07-07 18:00:00,4 days 06:00:00,102,16.5,134.63,948.5,108.8
2026-07-03 12:00:00,3,10,2026-07-08 00:00:00,4 days 12:00:00,108,16.75,133.25,948.2,109.1
2026-07-03 12:00:00,3,10,2026-07-08 06:00:00,4 days 18:00:00,114,17.38,132.25,948.0,109.4
2026-07-03 12:00:00,3,10,2026-07-08 12:00:00,5 days 00:00:00,120,18.0,131.25,947.7,109.7
2026-07-03 12:00:00,3,10,2026-07-08 18:00:00,5 days 06:00:00,126,18.38,130.38,945.2,112.3
2026-07-03 12:00:00,3,10,2026-07-09 00:00:00,5 days 12:00:00,132,18.75,129.5,942.8,114.8
2026-07-03 12:00:00,3,10,2026-07-09 06:00:00,5 days 18:00:00,138,19.5,128.63,943.3,114.3
2026-07-03 12:00:00,3,10,2026-07-09 12:00:00,6 days 00:00:00,144,20.25,127.75,943.9,113.7
2026-07-03 12:00:00,3,10,2026-07-09 18:00:00,6 days 06:00:00,150,21.0,127.0,942.6,115.0
2026-07-03 12:00:00,3,10,2026-07-10 00:00:00,6 days 12:00:00,156,21.75,126.25,941.3,116.4
2026-07-03 12:00:00,3,10,2026-07-10 06:00:00,6 days 18:00:00,162,22.75,125.51,942.7,114.9
2026-07-03 12:00:00,3,10,2026-07-10 12:00:00,7 days 00:00:00,168,23.75,124.75,944.1,113.5
2026-07-03 12:00:00,3,10,2026-07-10 18:00:00,7 days 06:00:00,174,25.0,124.26,946.1,111.4
2026-07-03 12:00:00,3,10,2026-07-11 00:00:00,7 days 12:00:00,180,26.25,123.75,948.1,109.3
2026-07-03 12:00:00,3,10,2026-07-11 06:00:00,7 days 18:00:00,186,27.5,123.5,951.1,106.0
2026-07-03 12:00:00,3,10,2026-07-11 12:00:00,8 days 00:00:00,192,28.75,123.25,954.1,102.8
2026-07-03 12:00:00,3,10,2026-07-11 18:00:00,8 days 06:00:00,198,30.25,122.88,963.9,91.5
2026-07-03 12:00:00,3,10,2026-07-12 00:00:00,8 days 12:00:00,204,31.75,122.5,973.7,80.2
2026-07-03 12:00:00,3,10,2026-07-12 06:00:00,8 days 18:00:00,210,32.75,122.75,977.5,75.4
2026-07-03 12:00:00,3,10,2026-07-12 12:00:00,9 days 00:00:00,216,33.75,123.0,981.3,70.6
2026-07-03 12:00:00,3,10,2026-07-12 18:00:00,9 days 06:00:00,222,34.64,124.61,983.3,67.8
2026-07-03 12:00:00,3,10,2026-07-13 00:00:00,9 days 12:00:00,228,35.5,126.25,985.4,65.1
2026-07-03 12:00:00,3,10,2026-07-13 06:00:00,9 days 18:00:00,234,36.91,128.95,985.2,65.3
2026-07-03 12:00:00,3,10,2026-07-13 12:00:00,10 days 00:00:00,240,38.25,131.75,985.0,65.6
2026-07-03 12:00:00,4,10,2026-07-03 12:00:00,0 days 00:00:00,0,19.5,-128.5,1001.2,41.7
2026-07-03 12:00:00,5,10,2026-07-03 12:00:00,0 days 00:00:00,0,18.5,110.0,997.5,47.5
2026-07-03 12:00:00,5,10,2026-07-03 18:00:00,0 days 06:00:00,6,19.5,109.25,997.3,47.9
2026-07-03 12:00:00,5,10,2026-07-04 00:00:00,0 days 12:00:00,12,20.5,108.5,997.1,48.2
2026-07-03 12:00:00,5,10,2026-07-04 06:00:00,0 days 18:00:00,18,20.88,108.25,997.3,48.0
2026-07-03 12:00:00,5,10,2026-07-04 12:00:00,1 days 00:00:00,24,21.25,108.0,997.4,47.7
2026-07-03 12:00:00,5,10,2026-07-04 18:00:00,1 days 06:00:00,30,21.88,107.88,999.0,45.2
2026-07-03 12:00:00,5,10,2026-07-05 00:00:00,1 days 12:00:00,36,22.5,107.75,1000.6,42.6
2026-07-03 12:00:00,6,10,2026-07-04 00:00:00,0 days 12:00:00,12,20.5,87.5,992.9,54.6
2026-07-03 12:00:00,6,10,2026-07-04 06:00:00,0 days 18:00:00,18,20.63,87.0,991.9,56.0
2026-07-03 12:00:00,6,10,2026-07-04 12:00:00,1 days 00:00:00,24,20.75,86.5,990.9,57.5
2026-07-03 12:00:00,6,10,2026-07-04 18:00:00,1 days 06:00:00,30,21.0,85.88,991.6,56.5
2026-07-03 12:00:00,6,10,2026-07-05 00:00:00,1 days 12:00:00,36,21.25,85.25,992.3,55.5
2026-07-03 12:00:00,6,10,2026-07-05 06:00:00,1 days 18:00:00,42,21.5,85.13,992.1,55.7
2026-07-03 12:00:00,6,10,2026-07-05 12:00:00,2 days 00:00:00,48,21.75,85.0,992.0,55.9
2026-07-03 12:00:00,6,10,2026-07-05 18:00:00,2 days 06:00:00,54,21.88,84.0,991.5,56.5
2026-07-03 12:00:00,6,10,2026-07-06 00:00:00,2 days 12:00:00,60,22.0,83.0,991.1,57.2
2026-07-03 12:00:00,6,10,2026-07-06 06:00:00,2 days 18:00:00,66,22.5,82.63,991.6,56.5
2026-07-03 12:00:00,6,10,2026-07-06 12:00:00,3 days 00:00:00,72,23.0,82.25,992.0,55.8
2026-07-03 12:00:00,6,10,2026-07-06 18:00:00,3 days 06:00:00,78,23.38,81.75,992.2,55.7
2026-07-03 12:00:00,6,10,2026-07-07 00:00:00,3 days 12:00:00,84,23.75,81.25,992.3,55.5
2026-07-03 12:00:00,6,10,2026-07-07 06:00:00,3 days 18:00:00,90,24.63,80.75,991.8,56.1
2026-07-03 12:00:00,6,10,2026-07-07 12:00:00,4 days 00:00:00,96,25.5,80.25,991.4,56.7
2026-07-03 12:00:00,6,10,2026-07-07 18:00:00,4 days 06:00:00,102,25.88,79.75,990.9,57.4
2026-07-03 12:00:00,6,10,2026-07-08 00:00:00,4 days 12:00:00,108,26.25,79.25,990.4,58.1
2026-07-03 12:00:00,6,10,2026-07-08 06:00:00,4 days 18:00:00,114,26.75,78.75,990.7,57.7
2026-07-03 12:00:00,6,10,2026-07-08 12:00:00,5 days 00:00:00,120,27.25,78.25,991.0,57.3
2026-07-03 12:00:00,6,10,2026-07-08 18:00:00,5 days 06:00:00,126,28.0,78.0,991.3,56.9
2026-07-03 12:00:00,6,10,2026-07-09 00:00:00,5 days 12:00:00,132,28.75,77.75,991.5,56.5
2026-07-03 12:00:00,6,10,2026-07-09 06:00:00,5 days 18:00:00,138,30.22,82.68,991.7,56.3
2026-07-03 12:00:00,6,10,2026-07-09 12:00:00,6 days 00:00:00,144,31.5,87.75,991.9,56.1
2026-07-03 12:00:00,6,10,2026-07-09 18:00:00,6 days 06:00:00,150,30.72,82.7,993.6,53.5
2026-07-03 12:00:00,6,10,2026-07-10 00:00:00,6 days 12:00:00,156,29.75,77.75,995.3,50.9
2026-07-03 12:00:00,6,10,2026-07-10 06:00:00,6 days 18:00:00,162,30.43,81.6,994.2,52.7
2026-07-03 12:00:00,6,10,2026-07-10 12:00:00,7 days 00:00:00,168,31.0,85.5,993.0,54.4
2026-07-03 12:00:00,7,10,2026-07-13 12:00:00,10 days 00:00:00,240,10.25,-100.75,1006.3,32.8
2026-07-03 12:00:00,7,10,2026-07-13 18:00:00,10 days 06:00:00,246,10.51,-102.25,1005.5,34.2
2026-07-03 12:00:00,7,10,2026-07-14 00:00:00,10 days 12:00:00,252,10.76,-103.75,1004.7,35.6
2026-07-03 12:00:00,7,10,2026-07-14 06:00:00,10 days 18:00:00,258,11.01,-105.25,1003.9,37.0
2026-07-03 12:00:00,7,10,2026-07-14 12:00:00,11 days 00:00:00,264,11.25,-106.75,1003.1,38.4
2026-07-03 12:00:00,7,10,2026-07-14 18:00:00,11 days 06:00:00,270,11.88,-108.62,1002.6,39.4
2026-07-03 12:00:00,7,10,2026-07-15 00:00:00,11 days 12:00:00,276,12.5,-110.5,1002.0,40.3
2026-07-03 12:00:00,7,10,2026-07-15 06:00:00,11 days 18:00:00,282,12.76,-112.37,1002.0,40.2
2026-07-03 12:00:00,7,10,2026-07-15 12:00:00,12 days 00:00:00,288,13.0,-114.25,1002.1,40.2
2026-07-03 12:00:00,7,10,2026-07-15 18:00:00,12 days 06:00:00,294,13.63,-115.75,999.5,44.4
2026-07-03 12:00:00,7,10,2026-07-16 00:00:00,12 days 12:00:00,300,14.25,-117.25,996.9,48.6
2026-07-03 12:00:00,7,10,2026-07-16 06:00:00,12 days 18:00:00,306,14.75,-118.25,995.1,51.3
2026-07-03 12:00:00,7,10,2026-07-16 12:00:00,13 days 00:00:00,312,15.25,-119.25,993.2,54.1
2026-07-03 12:00:00,7,10,2026-07-16 18:00:00,13 days 06:00:00,318,15.75,-120.12,991.2,57.0
2026-07-03 12:00:00,7,10,2026-07-17 00:00:00,13 days 12:00:00,324,16.25,-121.0,989.2,59.9
2026-07-03 12:00:00,7,10,2026-07-17 06:00:00,13 days 18:00:00,330,16.63,-121.75,988.4,61.0
2026-07-03 12:00:00,7,10,2026-07-17 12:00:00,14 days 00:00:00,336,17.0,-122.5,987.6,62.2
2026-07-03 12:00:00,7,10,2026-07-17 18:00:00,14 days 06:00:00,342,17.25,-123.25,983.9,67.0
2026-07-03 12:00:00,7,10,2026-07-18 00:00:00,14 days 12:00:00,348,17.5,-124.0,980.3,71.8
2026-07-03 12:00:00,7,10,2026-07-18 06:00:00,14 days 18:00:00,354,17.88,-124.75,983.0,68.2
2026-07-03 12:00:00,7,10,2026-07-18 12:00:00,15 days 00:00:00,360,18.25,-125.5,985.7,64.6
2026-07-03 12:00:00,8,10,2026-07-13 12:00:00,10 days 00:00:00,240,20.5,145.75,1006.8,31.8
2026-07-03 12:00:00,8,10,2026-07-13 18:00:00,10 days 06:00:00,246,20.88,146.25,1005.1,34.8
2026-07-03 12:00:00,8,10,2026-07-14 00:00:00,10 days 12:00:00,252,21.25,146.75,1003.5,37.8
2026-07-03 12:00:00,8,10,2026-07-14 06:00:00,10 days 18:00:00,258,21.88,147.0,1001.4,41.2
2026-07-03 12:00:00,8,10,2026-07-14 12:00:00,11 days 00:00:00,264,22.5,147.25,999.4,44.7
2026-07-03 12:00:00,8,10,2026-07-14 18:00:00,11 days 06:00:00,270,22.25,146.75,997.0,48.3
2026-07-03 12:00:00,8,10,2026-07-15 00:00:00,11 days 12:00:00,276,22.0,146.25,994.6,52.0
2026-07-03 12:00:00,8,10,2026-07-15 06:00:00,11 days 18:00:00,282,21.88,145.75,990.9,57.3
2026-07-03 12:00:00,8,10,2026-07-15 12:00:00,12 days 00:00:00,288,21.75,145.25,987.2,62.7
2026-07-03 12:00:00,8,10,2026-07-15 18:00:00,12 days 06:00:00,294,21.63,145.0,982.9,68.4
2026-07-03 12:00:00,8,10,2026-07-16 00:00:00,12 days 12:00:00,300,21.5,144.75,978.6,74.0
2026-07-03 12:00:00,8,10,2026-07-16 06:00:00,12 days 18:00:00,306,21.38,144.25,976.2,77.0
2026-07-03 12:00:00,8,10,2026-07-16 12:00:00,13 days 00:00:00,312,21.25,143.75,973.8,80.0
2026-07-03 12:00:00,8,10,2026-07-16 18:00:00,13 days 06:00:00,318,21.63,142.88,970.1,84.5
2026-07-03 12:00:00,8,10,2026-07-17 00:00:00,13 days 12:00:00,324,22.0,142.0,966.4,88.9
2026-07-03 12:00:00,8,10,2026-07-17 06:00:00,13 days 18:00:00,330,22.5,140.88,964.5,91.0
2026-07-03 12:00:00,8,10,2026-07-17 12:00:00,14 days 00:00:00,336,23.0,139.75,962.7,93.2
2026-07-03 12:00:00,8,10,2026-07-17 18:00:00,14 days 06:00:00,342,23.63,138.13,960.8,95.3
2026-07-03 12:00:00,8,10,2026-07-18 00:00:00,14 days 12:00:00,348,24.25,136.5,959.0,97.4
2026-07-03 12:00:00,8,10,2026-07-18 06:00:00,14 days 18:00:00,354,24.64,134.63,958.5,97.9
2026-07-03 12:00:00,8,10,2026-07-18 12:00:00,15 days 00:00:00,360,25.0,132.75,957.9,98.5
2026-07-03 12:00:00,9,10,2026-07-13 12:00:00,10 days 00:00:00,240,31.25,62.25,992.4,55.2
2026-07-03 12:00:00,9,10,2026-07-13 18:00:00,10 days 06:00:00,246,31.75,62.37,993.6,53.5
2026-07-03 12:00:00,9,10,2026-07-14 00:00:00,10 days 12:00:00,252,32.25,62.5,994.8,51.7
2026-07-03 12:00:00,9,10,2026-07-14 06:00:00,10 days 18:00:00,258,30.14,60.33,994.4,52.4
2026-07-03 12:00:00,9,10,2026-07-14 12:00:00,11 days 00:00:00,264,28.0,58.25,993.9,53.0
2026-07-03 12:00:00,9,10,2026-07-14 18:00:00,11 days 06:00:00,270,28.88,59.1,993.4,53.8
2026-07-03 12:00:00,9,10,2026-07-15 00:00:00,11 days 12:00:00,276,29.76,59.97,992.9,54.6
2026-07-03 12:00:00,9,10,2026-07-15 06:00:00,11 days 18:00:00,282,30.63,60.85,992.4,55.3
2026-07-03 12:00:00,9,10,2026-07-15 12:00:00,12 days 00:00:00,288,31.5,61.75,991.8,56.1
2026-07-03 12:00:00,9,10,2026-07-15 18:00:00,12 days 06:00:00,294,31.63,62.37,991.4,56.7
2026-07-03 12:00:00,9,10,2026-07-16 00:00:00,12 days 12:00:00,300,31.75,63.0,991.1,57.2
2026-07-03 12:00:00,10,11,2026-07-14 12:00:00,11 days 00:00:00,264,3.5,169.5,1007.7,30.0
2026-07-03 12:00:00,10,11,2026-07-14 18:00:00,11 days 06:00:00,270,4.13,169.62,1006.7,31.9
2026-07-03 12:00:00,10,11,2026-07-15 00:00:00,11 days 12:00:00,276,4.75,169.75,1005.7,33.9
2026-07-03 12:00:00,10,11,2026-07-15 06:00:00,11 days 18:00:00,282,5.38,169.5,1005.1,34.9
2026-07-03 12:00:00,10,11,2026-07-15 12:00:00,12 days 00:00:00,288,6.0,169.25,1004.6,35.9
2026-07-03 12:00:00,10,11,2026-07-15 18:00:00,12 days 06:00:00,294,6.25,169.5,1004.4,36.1
2026-07-03 12:00:00,10,11,2026-07-16 00:00:00,12 days 12:00:00,300,6.5,169.75,1004.3,36.4
2026-07-03 12:00:00,10,11,2026-07-16 06:00:00,12 days 18:00:00,306,6.88,169.38,1003.6,37.6
2026-07-03 12:00:00,10,11,2026-07-16 12:00:00,13 days 00:00:00,312,7.25,169.0,1002.9,38.8
2026-07-03 12:00:00,10,11,2026-07-16 18:00:00,13 days 06:00:00,318,8.0,169.37,1000.5,42.8
2026-07-03 12:00:00,10,11,2026-07-17 00:00:00,13 days 12:00:00,324,8.75,169.75,998.1,46.7
2026-07-03 12:00:00,10,11,2026-07-17 06:00:00,13 days 18:00:00,330,9.12,169.75,996.4,49.2
2026-07-03 12:00:00,10,11,2026-07-17 12:00:00,14 days 00:00:00,336,9.5,169.75,994.8,51.7
2026-07-03 12:00:00,10,11,2026-07-17 18:00:00,14 days 06:00:00,342,9.88,170.0,990.3,58.1
2026-07-03 12:00:00,10,11,2026-07-18 00:00:00,14 days 12:00:00,348,10.25,170.25,985.9,64.5
2026-07-03 12:00:00,10,11,2026-07-18 06:00:00,14 days 18:00:00,354,11.0,170.5,985.4,65.1
2026-07-03 12:00:00,10,11,2026-07-18 12:00:00,15 days 00:00:00,360,11.75,170.75,984.9,65.8
2026-07-03 12:00:00,11,11,2026-07-16 00:00:00,12 days 12:00:00,300,9.75,-179.25,1005.7,33.8
2026-07-03 12:00:00,11,11,2026-07-16 06:00:00,12 days 18:00:00,306,9.88,-179.25,1003.9,37.1
2026-07-03 12:00:00,11,11,2026-07-16 12:00:00,13 days 00:00:00,312,10.0,-179.25,1002.0,40.3
2026-07-03 12:00:00,11,11,2026-07-16 18:00:00,13 days 06:00:00,318,9.75,-178.87,1002.9,38.7
2026-07-03 12:00:00,11,11,2026-07-17 00:00:00,13 days 12:00:00,324,9.5,-178.5,1003.9,37.1
2026-07-03 12:00:00,11,11,2026-07-17 06:00:00,13 days 18:00:00,330,9.88,-178.5,1004.3,36.4
2026-07-03 12:00:00,11,11,2026-07-17 12:00:00,14 days 00:00:00,336,10.25,-178.5,1004.7,35.7
2026-07-03 12:00:00,11,11,2026-07-17 18:00:00,14 days 06:00:00,342,10.5,-178.87,1005.3,34.6
2026-07-03 12:00:00,11,11,2026-07-18 00:00:00,14 days 12:00:00,348,10.75,-179.25,1005.9,33.5
2026-07-03 12:00:00,11,11,2026-07-18 06:00:00,14 days 18:00:00,354,11.29,175.76,995.4,49.6
2026-07-03 12:00:00,11,11,2026-07-18 12:00:00,15 days 00:00:00,360,11.75,170.75,984.9,65.8
2026-07-03 12:00:00,12,11,2026-07-16 00:00:00,12 days 12:00:00,300,12.75,-114.0,1000.7,42.5
2026-07-03 12:00:00,12,11,2026-07-16 06:00:00,12 days 18:00:00,306,13.51,-115.74,1001.2,41.6
2026-07-03 12:00:00,12,11,2026-07-16 12:00:00,13 days 00:00:00,312,14.25,-117.5,1001.7,40.8
2026-07-03 12:00:00,12,11,2026-07-16 18:00:00,13 days 06:00:00,318,14.5,-118.75,1000.3,43.2
2026-07-03 12:00:00,12,11,2026-07-17 00:00:00,13 days 12:00:00,324,14.75,-120.0,998.8,45.5
2026-07-03 12:00:00,12,11,2026-07-17 06:00:00,13 days 18:00:00,330,14.63,-121.13,999.3,44.8
2026-07-03 12:00:00,12,11,2026-07-17 12:00:00,14 days 00:00:00,336,14.5,-122.25,999.7,44.1
2026-07-03 12:00:00,12,11,2026-07-17 18:00:00,14 days 06:00:00,342,14.88,-123.12,1000.3,43.2
2026-07-03 12:00:00,12,11,2026-07-18 00:00:00,14 days 12:00:00,348,15.25,-124.0,1000.8,42.3
2026-07-03 12:00:00,12,11,2026-07-18 06:00:00,14 days 18:00:00,354,15.63,-125.25,1001.9,40.4
2026-07-03 12:00:00,12,11,2026-07-18 12:00:00,15 days 00:00:00,360,16.0,-126.5,1003.1,38.5
2026-07-03 12:00:00,3,11,2026-07-03 12:00:00,0 days 00:00:00,0,12.75,153.0,976.5,76.7
2026-07-03 12:00:00,3,11,2026-07-03 18:00:00,0 days 06:00:00,6,12.75,152.38,975.3,78.2
2026-07-03 12:00:00,3,11,2026-07-04 00:00:00,0 days 12:00:00,12,12.75,151.75,974.0,79.7
2026-07-03 12:00:00,3,11,2026-07-04 06:00:00,0 days 18:00:00,18,12.75,151.0,971.1,83.3
2026-07-03 12:00:00,3,11,2026-07-04 12:00:00,1 days 00:00:00,24,12.75,150.25,968.2,86.8
2026-07-03 12:00:00,3,11,2026-07-04 18:00:00,1 days 06:00:00,30,12.88,149.38,967.5,87.6
2026-07-03 12:00:00,3,11,2026-07-05 00:00:00,1 days 12:00:00,36,13.0,148.5,966.7,88.5
2026-07-03 12:00:00,3,11,2026-07-05 06:00:00,1 days 18:00:00,42,13.25,147.75,965.3,90.1
2026-07-03 12:00:00,3,11,2026-07-05 12:00:00,2 days 00:00:00,48,13.5,147.0,963.9,91.7
2026-07-03 12:00:00,3,11,2026-07-05 18:00:00,2 days 06:00:00,54,13.75,146.13,963.8,91.9
2026-07-03 12:00:00,3,11,2026-07-06 00:00:00,2 days 12:00:00,60,14.0,145.25,963.6,92.1
2026-07-03 12:00:00,3,11,2026-07-06 06:00:00,2 days 18:00:00,66,14.38,144.13,962.0,94.0
2026-07-03 12:00:00,3,11,2026-07-06 12:00:00,3 days 00:00:00,72,14.75,143.0,960.3,95.9
2026-07-03 12:00:00,3,11,2026-07-06 18:00:00,3 days 06:00:00,78,15.0,141.88,956.3,100.3
2026-07-03 12:00:00,3,11,2026-07-07 00:00:00,3 days 12:00:00,84,15.25,140.75,952.3,104.7
2026-07-03 12:00:00,3,11,2026-07-07 06:00:00,3 days 18:00:00,90,15.63,139.25,953.2,103.7
2026-07-03 12:00:00,3,11,2026-07-07 12:00:00,4 days 00:00:00,96,16.0,137.75,954.1,102.7
2026-07-03 12:00:00,3,11,2026-07-07 18:00:00,4 days 06:00:00,102,16.38,136.38,952.5,104.5
2026-07-03 12:00:00,3,11,2026-07-08 00:00:00,4 days 12:00:00,108,16.75,135.0,950.9,106.2
2026-07-03 12:00:00,3,11,2026-07-08 06:00:00,4 days 18:00:00,114,16.88,133.88,949.9,107.3
2026-07-03 12:00:00,3,11,2026-07-08 12:00:00,5 days 00:00:00,120,17.0,132.75,948.9,108.4
2026-07-03 12:00:00,3,11,2026-07-08 18:00:00,5 days 06:00:00,126,17.5,131.75,948.6,108.7
2026-07-03 12:00:00,3,11,2026-07-09 00:00:00,5 days 12:00:00,132,18.0,130.75,948.4,108.9
2026-07-03 12:00:00,3,11,2026-07-09 06:00:00,5 days 18:00:00,138,18.5,129.75,946.9,110.5
2026-07-03 12:00:00,3,11,2026-07-09 12:00:00,6 days 00:00:00,144,19.0,128.75,945.3,112.2
2026-07-03 12:00:00,3,11,2026-07-09 18:00:00,6 days 06:00:00,150,19.5,127.75,945.6,111.9
2026-07-03 12:00:00,3,11,2026-07-10 00:00:00,6 days 12:00:00,156,20.0,126.75,945.9,111.6
2026-07-03 12:00:00,3,11,2026-07-10 06:00:00,6 days 18:00:00,162,20.88,125.88,946.9,110.5
2026-07-03 12:00:00,3,11,2026-07-10 12:00:00,7 days 00:00:00,168,21.75,125.0,948.0,109.4
2026-07-03 12:00:00,3,11,2026-07-10 18:00:00,7 days 06:00:00,174,22.63,123.76,947.5,109.9
2026-07-03 12:00:00,3,11,2026-07-11 00:00:00,7 days 12:00:00,180,23.5,122.5,947.1,110.3
2026-07-03 12:00:00,3,11,2026-07-11 06:00:00,7 days 18:00:00,186,24.26,121.26,957.3,98.9
2026-07-03 12:00:00,3,11,2026-07-11 12:00:00,8 days 00:00:00,192,25.0,120.0,967.5,87.6
2026-07-03 12:00:00,3,11,2026-07-11 18:00:00,8 days 06:00:00,198,26.26,118.39,977.2,75.3
2026-07-03 12:00:00,3,11,2026-07-12 00:00:00,8 days 12:00:00,204,27.5,116.75,986.9,63.1
2026-07-03 12:00:00,3,11,2026-07-12 06:00:00,8 days 18:00:00,210,27.75,116.13,988.4,60.9
2026-07-03 12:00:00,3,11,2026-07-12 12:00:00,9 days 00:00:00,216,28.0,115.5,990.0,58.7
2026-07-03 12:00:00,3,11,2026-07-12 18:00:00,9 days 06:00:00,222,29.13,114.88,992.3,55.4
2026-07-03 12:00:00,3,11,2026-07-13 00:00:00,9 days 12:00:00,228,30.25,114.25,994.6,52.0
2026-07-03 12:00:00,3,11,2026-07-13 06:00:00,9 days 18:00:00,234,30.75,114.0,996.5,49.1
2026-07-03 12:00:00,3,11,2026-07-13 12:00:00,10 days 00:00:00,240,31.25,113.75,998.4,46.2
2026-07-03 12:00:00,4,11,2026-07-03 12:00:00,0 days 00:00:00,0,19.5,-128.5,1001.2,41.7
2026-07-03 12:00:00,5,11,2026-07-03 12:00:00,0 days 00:00:00,0,18.5,110.0,997.5,47.5
2026-07-03 12:00:00,5,11,2026-07-03 18:00:00,0 days 06:00:00,6,19.38,109.01,996.8,48.8
2026-07-03 12:00:00,5,11,2026-07-04 00:00:00,0 days 12:00:00,12,20.25,108.0,996.0,50.0
2026-07-03 12:00:00,5,11,2026-07-04 06:00:00,0 days 18:00:00,18,20.75,107.88,995.5,50.7
2026-07-03 12:00:00,5,11,2026-07-04 12:00:00,1 days 00:00:00,24,21.25,107.75,995.0,51.4
2026-07-03 12:00:00,5,11,2026-07-04 18:00:00,1 days 06:00:00,30,21.75,107.63,996.7,48.8
2026-07-03 12:00:00,5,11,2026-07-05 00:00:00,1 days 12:00:00,36,22.25,107.5,998.5,46.1
2026-07-03 12:00:00,5,11,2026-07-05 06:00:00,1 days 18:00:00,42,22.63,107.75,998.9,45.3
2026-07-03 12:00:00,5,11,2026-07-05 12:00:00,2 days 00:00:00,48,23.0,108.0,999.4,44.5
2026-07-03 12:00:00,5,11,2026-07-05 18:00:00,2 days 06:00:00,54,23.75,108.37,999.8,43.9
2026-07-03 12:00:00,5,11,2026-07-06 00:00:00,2 days 12:00:00,60,24.5,108.75,1000.2,43.2
2026-07-03 12:00:00,6,11,2026-07-04 00:00:00,0 days 12:00:00,12,20.25,87.5,993.0,54.4
2026-07-03 12:00:00,6,11,2026-07-04 06:00:00,0 days 18:00:00,18,20.38,87.38,991.5,56.6
2026-07-03 12:00:00,6,11,2026-07-04 12:00:00,1 days 00:00:00,24,20.5,87.25,989.9,58.8
2026-07-03 12:00:00,6,11,2026-07-04 18:00:00,1 days 06:00:00,30,21.0,87.13,988.9,60.2
2026-07-03 12:00:00,6,11,2026-07-05 00:00:00,1 days 12:00:00,36,21.5,87.0,988.0,61.6
2026-07-03 12:00:00,6,11,2026-07-05 06:00:00,1 days 18:00:00,42,21.63,87.12,988.9,60.2
2026-07-03 12:00:00,6,11,2026-07-05 12:00:00,2 days 00:00:00,48,21.75,87.25,989.9,58.8
2026-07-03 12:00:00,6,11,2026-07-05 18:00:00,2 days 06:00:00,54,22.13,87.13,989.6,59.3
2026-07-03 12:00:00,6,11,2026-07-06 00:00:00,2 days 12:00:00,60,22.5,87.0,989.3,59.7
2026-07-03 12:00:00,6,11,2026-07-06 06:00:00,2 days 18:00:00,66,23.13,86.13,990.9,57.4
2026-07-03 12:00:00,6,11,2026-07-06 12:00:00,3 days 00:00:00,72,23.75,85.25,992.5,55.2
2026-07-03 12:00:00,6,11,2026-07-06 18:00:00,3 days 06:00:00,78,23.88,84.63,992.4,55.4
2026-07-03 12:00:00,6,11,2026-07-07 00:00:00,3 days 12:00:00,84,24.0,84.0,992.2,55.6
2026-07-03 12:00:00,6,11,2026-07-07 06:00:00,3 days 18:00:00,90,24.38,84.12,992.3,55.4
2026-07-03 12:00:00,6,11,2026-07-07 12:00:00,4 days 00:00:00,96,24.75,84.25,992.4,55.3
2026-07-03 12:00:00,6,11,2026-07-07 18:00:00,4 days 06:00:00,102,25.13,83.5,992.4,55.2
2026-07-03 12:00:00,6,11,2026-07-08 00:00:00,4 days 12:00:00,108,25.5,82.75,992.5,55.2
2026-07-03 12:00:00,6,11,2026-07-08 06:00:00,4 days 18:00:00,114,25.88,82.87,992.5,55.2
2026-07-03 12:00:00,6,11,2026-07-08 12:00:00,5 days 00:00:00,120,26.25,83.0,992.5,55.2
2026-07-03 12:00:00,6,11,2026-07-08 18:00:00,5 days 06:00:00,126,26.88,82.63,993.8,53.2
2026-07-03 12:00:00,6,11,2026-07-09 00:00:00,5 days 12:00:00,132,27.5,82.25,995.2,51.2
2026-07-03 12:00:00,6,11,2026-07-09 06:00:00,5 days 18:00:00,138,29.8,85.79,992.8,54.6
2026-07-03 12:00:00,6,11,2026-07-09 12:00:00,6 days 00:00:00,144,32.0,89.5,990.5,58.0
2026-07-03 12:00:00,7,11,2026-07-06 00:00:00,2 days 12:00:00,60,19.75,70.0,993.5,53.8
2026-07-03 12:00:00,7,11,2026-07-06 06:00:00,2 days 18:00:00,66,20.13,71.0,992.1,55.7
2026-07-03 12:00:00,7,11,2026-07-06 12:00:00,3 days 00:00:00,72,20.5,72.0,990.7,57.7
2026-07-03 12:00:00,7,11,2026-07-06 18:00:00,3 days 06:00:00,78,20.88,72.12,990.9,57.5
2026-07-03 12:00:00,7,11,2026-07-07 00:00:00,3 days 12:00:00,84,21.25,72.25,991.1,57.2
2026-07-03 12:00:00,7,11,2026-07-07 06:00:00,3 days 18:00:00,90,21.38,72.37,990.9,57.5
2026-07-03 12:00:00,7,11,2026-07-07 12:00:00,4 days 00:00:00,96,21.5,72.5,990.7,57.7
2026-07-03 12:00:00,7,11,2026-07-07 18:00:00,4 days 06:00:00,102,21.88,72.87,990.7,57.7
2026-07-03 12:00:00,7,11,2026-07-08 00:00:00,4 days 12:00:00,108,22.25,73.25,990.7,57.7
2026-07-03 12:00:00,7,11,2026-07-08 06:00:00,4 days 18:00:00,114,22.63,74.0,991.8,56.2
2026-07-03 12:00:00,7,11,2026-07-08 12:00:00,5 days 00:00:00,120,23.0,74.75,992.9,54.6
2026-07-03 12:00:00,7,11,2026-07-08 18:00:00,5 days 06:00:00,126,23.0,75.38,993.6,53.5
2026-07-03 12:00:00,7,11,2026-07-09 00:00:00,5 days 12:00:00,132,23.0,76.0,994.3,52.4
2026-07-03 12:00:00,8,11,2026-07-08 12:00:00,5 days 00:00:00,120,11.0,169.5,1004.5,36.0
2026-07-03 12:00:00,8,11,2026-07-08 18:00:00,5 days 06:00:00,126,11.5,168.25,1002.8,39.0
2026-07-03 12:00:00,8,11,2026-07-09 00:00:00,5 days 12:00:00,132,12.0,167.0,1001.0,41.9
2026-07-03 12:00:00,8,11,2026-07-09 06:00:00,5 days 18:00:00,138,12.38,165.88,1000.4,43.0
2026-07-03 12:00:00,8,11,2026-07-09 12:00:00,6 days 00:00:00,144,12.75,164.75,999.7,44.0
2026-07-03 12:00:00,8,11,2026-07-09 18:00:00,6 days 06:00:00,150,13.13,163.25,997.9,46.9
2026-07-03 12:00:00,8,11,2026-07-10 00:00:00,6 days 12:00:00,156,13.5,161.75,996.1,49.8
2026-07-03 12:00:00,8,11,2026-07-10 06:00:00,6 days 18:00:00,162,14.13,160.88,995.7,50.4
2026-07-03 12:00:00,8,11,2026-07-10 12:00:00,7 days 00:00:00,168,14.75,160.0,995.2,51.1
2026-07-03 12:00:00,8,11,2026-07-10 18:00:00,7 days 06:00:00,174,15.75,158.88,993.7,53.3
2026-07-03 12:00:00,8,11,2026-07-11 00:00:00,7 days 12:00:00,180,16.75,157.75,992.2,55.6
2026-07-03 12:00:00,8,11,2026-07-11 06:00:00,7 days 18:00:00,186,17.63,157.0,990.5,58.0
2026-07-03 12:00:00,8,11,2026-07-11 12:00:00,8 days 00:00:00,192,18.5,156.25,988.9,60.3
2026-07-03 12:00:00,8,11,2026-07-11 18:00:00,8 days 06:00:00,198,19.13,155.63,983.2,67.8
2026-07-03 12:00:00,8,11,2026-07-12 00:00:00,8 days 12:00:00,204,19.75,155.0,977.6,75.3
2026-07-03 12:00:00,8,11,2026-07-12 06:00:00,8 days 18:00:00,210,21.0,154.5,975.9,77.4
2026-07-03 12:00:00,8,11,2026-07-12 12:00:00,9 days 00:00:00,216,22.25,154.0,974.2,79.5
2026-07-03 12:00:00,8,11,2026-07-12 18:00:00,9 days 06:00:00,222,23.13,153.88,969.8,84.8
2026-07-03 12:00:00,8,11,2026-07-13 00:00:00,9 days 12:00:00,228,24.0,153.75,965.4,90.1
2026-07-03 12:00:00,8,11,2026-07-13 06:00:00,9 days 18:00:00,234,24.88,153.75,966.0,89.4
2026-07-03 12:00:00,8,11,2026-07-13 12:00:00,10 days 00:00:00,240,25.75,153.75,966.6,88.7
2026-07-03 12:00:00,8,11,2026-07-13 18:00:00,10 days 06:00:00,246,26.75,154.37,963.6,92.1
2026-07-03 12:00:00,8,11,2026-07-14 00:00:00,10 days 12:00:00,252,27.75,155.0,960.6,95.6
2026-07-03 12:00:00,8,11,2026-07-14 06:00:00,10 days 18:00:00,258,29.25,155.49,962.9,93.0
2026-07-03 12:00:00,8,11,2026-07-14 12:00:00,11 days 00:00:00,264,30.75,156.0,965.1,90.4
2026-07-03 12:00:00,8,11,2026-07-14 18:00:00,11 days 06:00:00,270,32.38,156.0,967.9,87.0
2026-07-03 12:00:00,8,11,2026-07-15 00:00:00,11 days 12:00:00,276,34.0,156.0,970.7,83.7
2026-07-03 12:00:00,8,11,2026-07-15 06:00:00,11 days 18:00:00,282,35.63,155.76,975.8,77.4
2026-07-03 12:00:00,8,11,2026-07-15 12:00:00,12 days 00:00:00,288,37.25,155.5,980.9,71.0
2026-07-03 12:00:00,8,11,2026-07-15 18:00:00,12 days 06:00:00,294,38.88,154.77,984.6,66.1
2026-07-03 12:00:00,8,11,2026-07-16 00:00:00,12 days 12:00:00,300,40.5,154.0,988.3,61.2
2026-07-03 12:00:00,8,11,2026-07-16 06:00:00,12 days 18:00:00,306,42.5,154.36,989.8,59.0
2026-07-03 12:00:00,8,11,2026-07-16 12:00:00,13 days 00:00:00,312,44.5,154.75,991.3,56.9
2026-07-03 12:00:00,8,11,2026-07-16 18:00:00,13 days 06:00:00,318,46.63,155.23,992.9,54.6
2026-07-03 12:00:00,8,11,2026-07-17 00:00:00,13 days 12:00:00,324,48.75,155.75,994.5,52.3
2026-07-03 12:00:00,8,11,2026-07-17 06:00:00,13 days 18:00:00,330,52.13,155.63,996.7,48.8
2026-07-03 12:00:00,8,11,2026-07-17 12:00:00,14 days 00:00:00,336,55.5,155.5,998.9,45.3
2026-07-03 12:00:00,8,11,2026-07-17 18:00:00,14 days 06:00:00,342,60.27,153.36,1000.3,43.1
2026-07-03 12:00:00,8,11,2026-07-18 00:00:00,14 days 12:00:00,348,65.0,150.5,1001.7,40.8
2026-07-03 12:00:00,9,11,2026-07-12 00:00:00,8 days 12:00:00,204,-42.75,-151.25,963.3,92.5
2026-07-03 12:00:00,9,11,2026-07-12 06:00:00,8 days 18:00:00,210,-42.75,-150.25,963.9,91.8
2026-07-03 12:00:00,9,11,2026-07-12 12:00:00,9 days 00:00:00,216,-42.75,-149.25,964.4,91.2
2026-07-03 12:00:00,9,11,2026-07-12 18:00:00,9 days 06:00:00,222,-43.5,-148.51,964.7,90.8
2026-07-03 12:00:00,9,11,2026-07-13 00:00:00,9 days 12:00:00,228,-44.25,-147.75,965.0,90.5
2026-07-03 12:00:00,9,11,2026-07-13 06:00:00,9 days 18:00:00,234,-44.88,-147.87,964.9,90.6
2026-07-03 12:00:00,9,11,2026-07-13 12:00:00,10 days 00:00:00,240,-45.5,-148.0,964.9,90.6
2026-07-03 12:00:00,9,11,2026-07-13 18:00:00,10 days 06:00:00,246,-44.75,-149.01,965.1,90.4
2026-07-03 12:00:00,9,11,2026-07-14 00:00:00,10 days 12:00:00,252,-44.0,-150.0,965.2,90.2
2026-07-03 12:00:00,9,11,2026-07-14 06:00:00,10 days 18:00:00,258,-43.38,-151.01,968.0,87.0
2026-07-03 12:00:00,9,11,2026-07-14 12:00:00,11 days 00:00:00,264,-42.75,-152.0,970.8,83.7
2026-07-03 12:00:00,9,11,2026-07-14 18:00:00,11 days 06:00:00,270,-41.88,-152.25,972.7,81.4
2026-07-03 12:00:00,9,11,2026-07-15 00:00:00,11 days 12:00:00,276,-41.0,-152.5,974.6,79.0
2026-07-03 12:00:00,9,11,2026-07-15 06:00:00,11 days 18:00:00,282,-40.38,-152.5,975.8,77.5
2026-07-03 12:00:00,9,11,2026-07-15 12:00:00,12 days 00:00:00,288,-39.75,-152.5,977.0,76.0
2026-07-03 12:00:00,9,11,2026-07-15 18:00:00,12 days 06:00:00,294,-39.5,-151.62,978.4,74.2
2026-07-03 12:00:00,9,11,2026-07-16 00:00:00,12 days 12:00:00,300,-39.25,-150.75,979.9,72.4
2026-07-03 12:00:00,9,11,2026-07-16 06:00:00,12 days 18:00:00,306,-38.63,-150.75,982.3,69.2
2026-07-03 12:00:00,9,11,2026-07-16 12:00:00,13 days 00:00:00,312,-38.0,-150.75,984.6,66.1
2026-07-03 12:00:00,9,11,2026-07-16 18:00:00,13 days 06:00:00,318,-37.13,-149.86,986.3,63.9
2026-07-03 12:00:00,9,11,2026-07-17 00:00:00,13 days 12:00:00,324,-36.25,-149.0,987.9,61.7
2026-07-03 12:00:00,9,11,2026-07-17 06:00:00,13 days 18:00:00,330,-37.89,-146.55,987.0,62.9
2026-07-03 12:00:00,9,11,2026-07-17 12:00:00,14 days 00:00:00,336,-39.49,-143.99,986.2,64.1
2026-07-03 12:00:00,9,11,2026-07-17 18:00:00,14 days 06:00:00,342,-41.03,-141.3,985.3,65.2
2026-07-03 12:00:00,9,11,2026-07-18 00:00:00,14 days 12:00:00,348,-42.5,-138.5,984.4,66.4
2026-07-03 12:00:00,10,12,2026-07-15 12:00:00,12 days 00:00:00,288,9.25,166.5,1004.8,35.5
2026-07-03 12:00:00,10,12,2026-07-15 18:00:00,12 days 06:00:00,294,9.13,165.25,1003.5,37.8
2026-07-03 12:00:00,10,12,2026-07-16 00:00:00,12 days 12:00:00,300,9.0,164.0,1002.1,40.1
2026-07-03 12:00:00,10,12,2026-07-16 06:00:00,12 days 18:00:00,306,9.5,163.88,999.4,44.4
2026-07-03 12:00:00,10,12,2026-07-16 12:00:00,13 days 00:00:00,312,10.0,163.75,996.7,48.8
2026-07-03 12:00:00,10,12,2026-07-16 18:00:00,13 days 06:00:00,318,10.5,163.0,995.0,51.4
2026-07-03 12:00:00,10,12,2026-07-17 00:00:00,13 days 12:00:00,324,11.0,162.25,993.2,54.1
2026-07-03 12:00:00,10,12,2026-07-17 06:00:00,13 days 18:00:00,330,11.75,161.38,991.2,57.0
2026-07-03 12:00:00,10,12,2026-07-17 12:00:00,14 days 00:00:00,336,12.5,160.5,989.1,60.0
2026-07-03 12:00:00,10,12,2026-07-17 18:00:00,14 days 06:00:00,342,12.88,159.75,988.6,60.7
2026-07-03 12:00:00,10,12,2026-07-18 00:00:00,14 days 12:00:00,348,13.25,159.0,988.1,61.4
2026-07-03 12:00:00,10,12,2026-07-18 06:00:00,14 days 18:00:00,354,14.0,158.0,986.4,63.8
2026-07-03 12:00:00,10,12,2026-07-18 12:00:00,15 days 00:00:00,360,14.75,157.0,984.7,66.1
2026-07-03 12:00:00,3,12,2026-07-03 12:00:00,0 days 00:00:00,0,12.75,153.0,976.5,76.7
2026-07-03 12:00:00,3,12,2026-07-03 18:00:00,0 days 06:00:00,6,12.75,152.38,972.8,81.1
2026-07-03 12:00:00,3,12,2026-07-04 00:00:00,0 days 12:00:00,12,12.75,151.75,969.2,85.6
2026-07-03 12:00:00,3,12,2026-07-04 06:00:00,0 days 18:00:00,18,12.88,151.0,971.5,82.8
2026-07-03 12:00:00,3,12,2026-07-04 12:00:00,1 days 00:00:00,24,13.0,150.25,973.8,80.0
2026-07-03 12:00:00,3,12,2026-07-04 18:00:00,1 days 06:00:00,30,13.0,149.62,970.6,83.9
2026-07-03 12:00:00,3,12,2026-07-05 00:00:00,1 days 12:00:00,36,13.0,149.0,967.3,87.8
2026-07-03 12:00:00,3,12,2026-07-05 06:00:00,1 days 18:00:00,42,13.13,148.25,965.6,89.8
2026-07-03 12:00:00,3,12,2026-07-05 12:00:00,2 days 00:00:00,48,13.25,147.5,964.0,91.7
2026-07-03 12:00:00,3,12,2026-07-05 18:00:00,2 days 06:00:00,54,13.75,146.38,963.6,92.2
2026-07-03 12:00:00,3,12,2026-07-06 00:00:00,2 days 12:00:00,60,14.25,145.25,963.2,92.6
2026-07-03 12:00:00,3,12,2026-07-06 06:00:00,2 days 18:00:00,66,14.63,144.0,960.0,96.2
2026-07-03 12:00:00,3,12,2026-07-06 12:00:00,3 days 00:00:00,72,15.0,142.75,956.8,99.8
2026-07-03 12:00:00,3,12,2026-07-06 18:00:00,3 days 06:00:00,78,15.25,141.25,954.4,102.4
2026-07-03 12:00:00,3,12,2026-07-07 00:00:00,3 days 12:00:00,84,15.5,139.75,952.0,105.1
2026-07-03 12:00:00,3,12,2026-07-07 06:00:00,3 days 18:00:00,90,15.63,138.25,951.3,105.8
2026-07-03 12:00:00,3,12,2026-07-07 12:00:00,4 days 00:00:00,96,15.75,136.75,950.6,106.5
2026-07-03 12:00:00,3,12,2026-07-07 18:00:00,4 days 06:00:00,102,15.88,135.13,951.0,106.2
2026-07-03 12:00:00,3,12,2026-07-08 00:00:00,4 days 12:00:00,108,16.0,133.5,951.3,105.8
2026-07-03 12:00:00,3,12,2026-07-08 06:00:00,4 days 18:00:00,114,16.38,132.0,949.8,107.4
2026-07-03 12:00:00,3,12,2026-07-08 12:00:00,5 days 00:00:00,120,16.75,130.5,948.3,109.1
2026-07-03 12:00:00,3,12,2026-07-08 18:00:00,5 days 06:00:00,126,17.13,129.13,948.8,108.5
2026-07-03 12:00:00,3,12,2026-07-09 00:00:00,5 days 12:00:00,132,17.5,127.75,949.4,107.9
2026-07-03 12:00:00,3,12,2026-07-09 06:00:00,5 days 18:00:00,138,18.13,126.88,951.3,105.9
2026-07-03 12:00:00,3,12,2026-07-09 12:00:00,6 days 00:00:00,144,18.75,126.0,953.1,103.8
2026-07-03 12:00:00,3,12,2026-07-09 18:00:00,6 days 06:00:00,150,19.63,125.13,952.9,104.0
2026-07-03 12:00:00,3,12,2026-07-10 00:00:00,6 days 12:00:00,156,20.5,124.25,952.7,104.3
2026-07-03 12:00:00,3,12,2026-07-10 06:00:00,6 days 18:00:00,162,21.5,123.88,957.4,99.1
2026-07-03 12:00:00,3,12,2026-07-10 12:00:00,7 days 00:00:00,168,22.5,123.5,962.0,93.9
2026-07-03 12:00:00,3,12,2026-07-10 18:00:00,7 days 06:00:00,174,23.75,122.39,966.3,89.0
2026-07-03 12:00:00,3,12,2026-07-11 00:00:00,7 days 12:00:00,180,25.0,121.25,970.5,84.0
2026-07-03 12:00:00,3,12,2026-07-11 06:00:00,7 days 18:00:00,186,25.75,121.0,971.6,82.6
2026-07-03 12:00:00,3,12,2026-07-11 12:00:00,8 days 00:00:00,192,26.5,120.75,972.8,81.2
2026-07-03 12:00:00,3,12,2026-07-11 18:00:00,8 days 06:00:00,198,27.38,120.13,979.8,72.2
2026-07-03 12:00:00,3,12,2026-07-12 00:00:00,8 days 12:00:00,204,28.25,119.5,986.8,63.1
2026-07-03 12:00:00,3,12,2026-07-12 06:00:00,8 days 18:00:00,210,28.5,118.5,987.9,61.7
2026-07-03 12:00:00,3,12,2026-07-12 12:00:00,9 days 00:00:00,216,28.75,117.5,989.0,60.2
2026-07-03 12:00:00,3,12,2026-07-12 18:00:00,9 days 06:00:00,222,30.13,117.99,990.8,57.6
2026-07-03 12:00:00,3,12,2026-07-13 00:00:00,9 days 12:00:00,228,31.5,118.5,992.6,55.0
2026-07-03 12:00:00,3,12,2026-07-13 06:00:00,9 days 18:00:00,234,31.63,117.63,993.6,53.6
2026-07-03 12:00:00,3,12,2026-07-13 12:00:00,10 days 00:00:00,240,31.75,116.75,994.5,52.2
2026-07-03 12:00:00,4,12,2026-07-03 12:00:00,0 days 00:00:00,0,19.5,-128.5,1001.2,41.7
2026-07-03 12:00:00,4,12,2026-07-03 18:00:00,0 days 06:00:00,6,20.38,-128.5,1001.2,41.7
2026-07-03 12:00:00,4,12,2026-07-04 00:00:00,0 days 12:00:00,12,21.25,-128.5,1001.2,41.7
2026-07-03 12:00:00,5,12,2026-07-03 12:00:00,0 days 00:00:00,0,18.5,110.0,997.5,47.5
2026-07-03 12:00:00,5,12,2026-07-03 18:00:00,0 days 06:00:00,6,19.38,109.13,996.5,49.1
2026-07-03 12:00:00,5,12,2026-07-04 00:00:00,0 days 12:00:00,12,20.25,108.25,995.5,50.7
2026-07-03 12:00:00,5,12,2026-07-04 06:00:00,0 days 18:00:00,18,20.63,107.88,995.5,50.7
2026-07-03 12:00:00,5,12,2026-07-04 12:00:00,1 days 00:00:00,24,21.0,107.5,995.5,50.8
2026-07-03 12:00:00,5,12,2026-07-04 18:00:00,1 days 06:00:00,30,21.0,107.25,996.8,48.6
2026-07-03 12:00:00,5,12,2026-07-05 00:00:00,1 days 12:00:00,36,21.0,107.0,998.2,46.5
2026-07-03 12:00:00,5,12,2026-07-05 06:00:00,1 days 18:00:00,42,21.88,107.25,998.1,46.7
2026-07-03 12:00:00,5,12,2026-07-05 12:00:00,2 days 00:00:00,48,22.75,107.5,997.9,47.0
2026-07-03 12:00:00,5,12,2026-07-05 18:00:00,2 days 06:00:00,54,23.25,107.75,997.7,47.2
2026-07-03 12:00:00,5,12,2026-07-06 00:00:00,2 days 12:00:00,60,23.75,108.0,997.6,47.5
2026-07-03 12:00:00,6,12,2026-07-04 00:00:00,0 days 12:00:00,12,20.75,88.75,994.9,51.6
2026-07-03 12:00:00,6,12,2026-07-04 06:00:00,0 days 18:00:00,18,20.01,86.61,993.5,53.6
2026-07-03 12:00:00,6,12,2026-07-04 12:00:00,1 days 00:00:00,24,19.25,84.5,992.1,55.7
2026-07-03 12:00:00,6,12,2026-07-04 18:00:00,1 days 06:00:00,30,20.13,85.99,992.4,55.2
2026-07-03 12:00:00,6,12,2026-07-05 00:00:00,1 days 12:00:00,36,21.0,87.5,992.7,54.8
2026-07-03 12:00:00,6,12,2026-07-05 06:00:00,1 days 18:00:00,42,20.88,86.5,992.6,55.0
2026-07-03 12:00:00,6,12,2026-07-05 12:00:00,2 days 00:00:00,48,20.75,85.5,992.4,55.3
2026-07-03 12:00:00,6,12,2026-07-05 18:00:00,2 days 06:00:00,54,21.13,86.5,993.0,54.5
2026-07-03 12:00:00,6,12,2026-07-06 00:00:00,2 days 12:00:00,60,21.5,87.5,993.5,53.6
2026-07-03 12:00:00,6,12,2026-07-06 06:00:00,2 days 18:00:00,66,22.0,87.38,993.6,53.5
2026-07-03 12:00:00,6,12,2026-07-06 12:00:00,3 days 00:00:00,72,22.5,87.25,993.8,53.3
2026-07-03 12:00:00,6,12,2026-07-06 18:00:00,3 days 06:00:00,78,22.63,87.37,994.3,52.4
2026-07-03 12:00:00,6,12,2026-07-07 00:00:00,3 days 12:00:00,84,22.75,87.5,994.9,51.6
2026-07-03 12:00:00,6,12,2026-07-07 06:00:00,3 days 18:00:00,90,27.38,87.74,992.4,55.2
2026-07-03 12:00:00,6,12,2026-07-07 12:00:00,4 days 00:00:00,96,32.0,88.0,989.9,58.9
2026-07-03 12:00:00,6,12,2026-07-07 18:00:00,4 days 06:00:00,102,28.38,86.58,991.4,56.7
2026-07-03 12:00:00,6,12,2026-07-08 00:00:00,4 days 12:00:00,108,24.75,85.25,993.0,54.4
2026-07-03 12:00:00,6,12,2026-07-08 06:00:00,4 days 18:00:00,114,24.63,84.5,991.7,56.3
2026-07-03 12:00:00,6,12,2026-07-08 12:00:00,5 days 00:00:00,120,24.5,83.75,990.4,58.1
2026-07-03 12:00:00,6,12,2026-07-08 18:00:00,5 days 06:00:00,126,24.88,83.63,991.0,57.3
2026-07-03 12:00:00,6,12,2026-07-09 00:00:00,5 days 12:00:00,132,25.25,83.5,991.6,56.4
2026-07-03 12:00:00,6,12,2026-07-09 06:00:00,5 days 18:00:00,138,25.88,82.26,992.1,55.7
2026-07-03 12:00:00,6,12,2026-07-09 12:00:00,6 days 00:00:00,144,26.5,81.0,992.6,55.0
2026-07-03 12:00:00,6,12,2026-07-09 18:00:00,6 days 06:00:00,150,26.5,80.12,994.0,52.9
2026-07-03 12:00:00,6,12,2026-07-10 00:00:00,6 days 12:00:00,156,26.5,79.25,995.4,50.8
2026-07-03 12:00:00,6,12,2026-07-10 06:00:00,6 days 18:00:00,162,26.5,79.12,994.1,52.7
2026-07-03 12:00:00,6,12,2026-07-10 12:00:00,7 days 00:00:00,168,26.5,79.0,992.9,54.6
2026-07-03 12:00:00,6,12,2026-07-10 18:00:00,7 days 06:00:00,174,26.25,79.75,994.8,51.8
2026-07-03 12:00:00,6,12,2026-07-11 00:00:00,7 days 12:00:00,180,26.0,80.5,996.6,49.0
2026-07-03 12:00:00,6,12,2026-07-11 06:00:00,7 days 18:00:00,186,25.88,81.13,996.4,49.4
2026-07-03 12:00:00,6,12,2026-07-11 12:00:00,8 days 00:00:00,192,25.76,81.75,996.1,49.8
2026-07-03 12:00:00,6,12,2026-07-11 18:00:00,8 days 06:00:00,198,25.63,82.38,995.9,50.2
2026-07-03 12:00:00,6,12,2026-07-12 00:00:00,8 days 12:00:00,204,25.5,83.0,995.6,50.6
2026-07-03 12:00:00,7,12,2026-07-12 12:00:00,9 days 00:00:00,216,-40.0,-143.0,968.7,86.1
2026-07-03 12:00:00,7,12,2026-07-12 18:00:00,9 days 06:00:00,222,-41.4,-145.2,969.3,85.4
2026-07-03 12:00:00,7,12,2026-07-13 00:00:00,9 days 12:00:00,228,-42.75,-147.5,970.0,84.6
2026-07-03 12:00:00,7,12,2026-07-13 06:00:00,9 days 18:00:00,234,-42.77,-149.75,969.9,84.7
2026-07-03 12:00:00,7,12,2026-07-13 12:00:00,10 days 00:00:00,240,-42.75,-152.0,969.9,84.7
2026-07-03 12:00:00,7,12,2026-07-13 18:00:00,10 days 06:00:00,246,-41.77,-153.9,972.2,81.9
2026-07-03 12:00:00,7,12,2026-07-14 00:00:00,10 days 12:00:00,252,-40.75,-155.75,974.5,79.1
2026-07-03 12:00:00,7,12,2026-07-14 06:00:00,10 days 18:00:00,258,-39.25,-155.11,977.5,75.3
2026-07-03 12:00:00,7,12,2026-07-14 12:00:00,11 days 00:00:00,264,-37.75,-154.5,980.5,71.6
2026-07-03 12:00:00,7,12,2026-07-14 18:00:00,11 days 06:00:00,270,-39.45,-153.69,980.4,71.7
2026-07-03 12:00:00,7,12,2026-07-15 00:00:00,11 days 12:00:00,276,-41.14,-152.84,980.3,71.8
2026-07-03 12:00:00,7,12,2026-07-15 06:00:00,11 days 18:00:00,282,-42.82,-151.94,980.2,72.0
2026-07-03 12:00:00,7,12,2026-07-15 12:00:00,12 days 00:00:00,288,-44.5,-151.0,980.1,72.1
2026-07-03 12:00:00,7,12,2026-07-15 18:00:00,12 days 06:00:00,294,-43.88,-150.75,980.6,71.4
2026-07-03 12:00:00,7,12,2026-07-16 00:00:00,12 days 12:00:00,300,-43.25,-150.5,981.2,70.7
2026-07-03 12:00:00,7,12,2026-07-16 06:00:00,12 days 18:00:00,306,-42.88,-150.12,982.2,69.4
2026-07-03 12:00:00,7,12,2026-07-16 12:00:00,13 days 00:00:00,312,-42.5,-149.75,983.2,68.1
2026-07-03 12:00:00,7,12,2026-07-16 18:00:00,13 days 06:00:00,318,-41.88,-148.61,983.3,67.9
2026-07-03 12:00:00,7,12,2026-07-17 00:00:00,13 days 12:00:00,324,-41.25,-147.5,983.4,67.8
2026-07-03 12:00:00,7,12,2026-07-17 06:00:00,13 days 18:00:00,330,-40.38,-146.23,984.7,66.0
2026-07-03 12:00:00,7,12,2026-07-17 12:00:00,14 days 00:00:00,336,-39.5,-145.0,986.1,64.2
2026-07-03 12:00:00,8,12,2026-07-14 12:00:00,11 days 00:00:00,264,12.25,-107.5,1005.7,33.8
2026-07-03 12:00:00,8,12,2026-07-14 18:00:00,11 days 06:00:00,270,12.38,-108.75,1005.2,34.8
2026-07-03 12:00:00,8,12,2026-07-15 00:00:00,11 days 12:00:00,276,12.5,-110.0,1004.6,35.9
2026-07-03 12:00:00,8,12,2026-07-15 06:00:00,11 days 18:00:00,282,12.63,-111.12,1004.0,36.9
2026-07-03 12:00:00,8,12,2026-07-15 12:00:00,12 days 00:00:00,288,12.75,-112.25,1003.4,38.0
2026-07-03 12:00:00,8,12,2026-07-15 18:00:00,12 days 06:00:00,294,12.75,-113.75,1002.3,39.8
2026-07-03 12:00:00,8,12,2026-07-16 00:00:00,12 days 12:00:00,300,12.75,-115.25,1001.2,41.7
2026-07-03 12:00:00,8,12,2026-07-16 06:00:00,12 days 18:00:00,306,13.25,-115.62,1000.3,43.1
2026-07-03 12:00:00,8,12,2026-07-16 12:00:00,13 days 00:00:00,312,13.75,-116.0,999.5,44.5
2026-07-03 12:00:00,8,12,2026-07-16 18:00:00,13 days 06:00:00,318,13.76,-117.75,998.5,46.1
2026-07-03 12:00:00,8,12,2026-07-17 00:00:00,13 days 12:00:00,324,13.75,-119.5,997.5,47.6
2026-07-03 12:00:00,8,12,2026-07-17 06:00:00,13 days 18:00:00,330,14.13,-120.75,995.6,50.6
2026-07-03 12:00:00,8,12,2026-07-17 12:00:00,14 days 00:00:00,336,14.5,-122.0,993.6,53.5
2026-07-03 12:00:00,8,12,2026-07-17 18:00:00,14 days 06:00:00,342,14.38,-123.25,991.8,56.1
2026-07-03 12:00:00,8,12,2026-07-18 00:00:00,14 days 12:00:00,348,14.25,-124.5,990.0,58.7
2026-07-03 12:00:00,8,12,2026-07-18 06:00:00,14 days 18:00:00,354,14.5,-125.75,989.3,59.7
2026-07-03 12:00:00,8,12,2026-07-18 12:00:00,15 days 00:00:00,360,14.75,-127.0,988.7,60.6
2026-07-03 12:00:00,9,12,2026-07-15 00:00:00,11 days 12:00:00,276,12.25,-31.25,1012.6,19.7
2026-07-03 12:00:00,9,12,2026-07-15 06:00:00,11 days 18:00:00,282,12.63,-32.87,1012.9,19.1
2026-07-03 12:00:00,9,12,2026-07-15 12:00:00,12 days 00:00:00,288,13.0,-34.5,1013.2,18.4
2026-07-03 12:00:00,9,12,2026-07-15 18:00:00,12 days 06:00:00,294,13.5,-35.87,1013.2,18.3
2026-07-03 12:00:00,9,12,2026-07-16 00:00:00,12 days 12:00:00,300,14.0,-37.25,1013.3,18.1
2026-07-03 12:00:00,9,12,2026-07-16 06:00:00,12 days 18:00:00,306,14.38,-38.75,1012.4,20.2
2026-07-03 12:00:00,9,12,2026-07-16 12:00:00,13 days 00:00:00,312,14.75,-40.25,1011.5,22.3
2026-07-03 12:00:00,9,12,2026-07-16 18:00:00,13 days 06:00:00,318,15.13,-41.62,1012.2,20.6
2026-07-03 12:00:00,9,12,2026-07-17 00:00:00,13 days 12:00:00,324,15.5,-43.0,1013.0,18.9
2026-07-03 12:00:00,9,12,2026-07-17 06:00:00,13 days 18:00:00,330,16.25,-44.25,1012.3,20.4
2026-07-03 12:00:00,9,12,2026-07-17 12:00:00,14 days 00:00:00,336,17.0,-45.5,1011.7,21.8
2026-07-03 12:00:00,9,12,2026-07-17 18:00:00,14 days 06:00:00,342,17.63,-46.12,1011.7,21.9
2026-07-03 12:00:00,9,12,2026-07-18 00:00:00,14 days 12:00:00,348,18.25,-46.75,1011.7,21.9
2026-07-03 12:00:00,9,12,2026-07-18 06:00:00,14 days 18:00:00,354,18.63,-47.62,1012.1,20.8
2026-07-03 12:00:00,9,12,2026-07-18 12:00:00,15 days 00:00:00,360,19.0,-48.5,1012.6,19.7
2026-07-03 12:00:00,3,13,2026-07-03 12:00:00,0 days 00:00:00,0,12.75,153.0,976.5,76.7
2026-07-03 12:00:00,3,13,2026-07-03 18:00:00,0 days 06:00:00,6,12.75,152.38,970.7,83.7
2026-07-03 12:00:00,3,13,2026-07-04 00:00:00,0 days 12:00:00,12,12.75,151.75,964.9,90.7
2026-07-03 12:00:00,3,13,2026-07-04 06:00:00,0 days 18:00:00,18,12.88,151.25,966.4,88.8
2026-07-03 12:00:00,3,13,2026-07-04 12:00:00,1 days 00:00:00,24,13.0,150.75,968.0,87.0
2026-07-03 12:00:00,3,13,2026-07-04 18:00:00,1 days 06:00:00,30,13.13,149.75,969.3,85.5
2026-07-03 12:00:00,3,13,2026-07-05 00:00:00,1 days 12:00:00,36,13.25,148.75,970.6,83.9
2026-07-03 12:00:00,3,13,2026-07-05 06:00:00,1 days 18:00:00,42,13.5,147.88,967.2,87.9
2026-07-03 12:00:00,3,13,2026-07-05 12:00:00,2 days 00:00:00,48,13.75,147.0,963.7,92.0
2026-07-03 12:00:00,3,13,2026-07-05 18:00:00,2 days 06:00:00,54,14.13,146.0,962.0,93.9
2026-07-03 12:00:00,3,13,2026-07-06 00:00:00,2 days 12:00:00,60,14.5,145.0,960.4,95.8
2026-07-03 12:00:00,3,13,2026-07-06 06:00:00,2 days 18:00:00,66,14.88,144.13,954.8,101.9
2026-07-03 12:00:00,3,13,2026-07-06 12:00:00,3 days 00:00:00,72,15.25,143.25,949.3,108.0
2026-07-03 12:00:00,3,13,2026-07-06 18:00:00,3 days 06:00:00,78,15.75,141.88,950.0,107.2
2026-07-03 12:00:00,3,13,2026-07-07 00:00:00,3 days 12:00:00,84,16.25,140.5,950.7,106.5
2026-07-03 12:00:00,3,13,2026-07-07 06:00:00,3 days 18:00:00,90,16.5,139.25,948.9,108.4
2026-07-03 12:00:00,3,13,2026-07-07 12:00:00,4 days 00:00:00,96,16.75,138.0,947.1,110.3
2026-07-03 12:00:00,3,13,2026-07-07 18:00:00,4 days 06:00:00,102,17.13,136.88,946.9,110.5
2026-07-03 12:00:00,3,13,2026-07-08 00:00:00,4 days 12:00:00,108,17.5,135.75,946.7,110.7
2026-07-03 12:00:00,3,13,2026-07-08 06:00:00,4 days 18:00:00,114,18.01,134.25,946.4,111.0
2026-07-03 12:00:00,3,13,2026-07-08 12:00:00,5 days 00:00:00,120,18.5,132.75,946.1,111.3
2026-07-03 12:00:00,3,13,2026-07-08 18:00:00,5 days 06:00:00,126,18.88,131.88,943.3,114.3
2026-07-03 12:00:00,3,13,2026-07-09 00:00:00,5 days 12:00:00,132,19.25,131.0,940.4,117.3
2026-07-03 12:00:00,3,13,2026-07-09 06:00:00,5 days 18:00:00,138,20.0,130.0,942.8,114.8
2026-07-03 12:00:00,3,13,2026-07-09 12:00:00,6 days 00:00:00,144,20.75,129.0,945.2,112.3
2026-07-03 12:00:00,3,13,2026-07-09 18:00:00,6 days 06:00:00,150,21.13,128.38,946.0,111.5
2026-07-03 12:00:00,3,13,2026-07-10 00:00:00,6 days 12:00:00,156,21.5,127.75,946.7,110.7
2026-07-03 12:00:00,3,13,2026-07-10 06:00:00,6 days 18:00:00,162,22.38,126.76,947.7,109.7
2026-07-03 12:00:00,3,13,2026-07-10 12:00:00,7 days 00:00:00,168,23.25,125.75,948.6,108.7
2026-07-03 12:00:00,3,13,2026-07-10 18:00:00,7 days 06:00:00,174,24.13,124.88,950.8,106.3
2026-07-03 12:00:00,3,13,2026-07-11 00:00:00,7 days 12:00:00,180,25.0,124.0,953.1,103.8
2026-07-03 12:00:00,3,13,2026-07-11 06:00:00,7 days 18:00:00,186,25.63,123.13,958.9,97.3
2026-07-03 12:00:00,3,13,2026-07-11 12:00:00,8 days 00:00:00,192,26.25,122.25,964.7,90.8
2026-07-03 12:00:00,3,13,2026-07-11 18:00:00,8 days 06:00:00,198,27.38,121.01,974.0,79.3
2026-07-03 12:00:00,3,13,2026-07-12 00:00:00,8 days 12:00:00,204,28.5,119.75,983.4,67.8
2026-07-03 12:00:00,3,13,2026-07-12 06:00:00,8 days 18:00:00,210,28.63,119.13,986.0,64.3
2026-07-03 12:00:00,3,13,2026-07-12 12:00:00,9 days 00:00:00,216,28.75,118.5,988.6,60.8
2026-07-03 12:00:00,3,13,2026-07-12 18:00:00,9 days 06:00:00,222,28.88,117.75,990.8,57.6
2026-07-03 12:00:00,3,13,2026-07-13 00:00:00,9 days 12:00:00,228,29.0,117.0,993.0,54.5
2026-07-03 12:00:00,4,13,2026-07-03 12:00:00,0 days 00:00:00,0,19.5,-128.5,1001.2,41.7
2026-07-03 12:00:00,5,13,2026-07-03 12:00:00,0 days 00:00:00,0,18.5,110.0,997.5,47.5
2026-07-03 12:00:00,5,13,2026-07-03 18:00:00,0 days 06:00:00,6,19.25,109.13,996.3,49.5
2026-07-03 12:00:00,5,13,2026-07-04 00:00:00,0 days 12:00:00,12,20.0,108.25,995.0,51.4
2026-07-03 12:00:00,5,13,2026-07-04 06:00:00,0 days 18:00:00,18,20.5,108.25,993.1,54.2
2026-07-03 12:00:00,5,13,2026-07-04 12:00:00,1 days 00:00:00,24,21.0,108.25,991.2,57.0
2026-07-03 12:00:00,5,13,2026-07-04 18:00:00,1 days 06:00:00,30,21.62,108.25,993.8,53.2
2026-07-03 12:00:00,5,13,2026-07-05 00:00:00,1 days 12:00:00,36,22.25,108.25,996.3,49.4
2026-07-03 12:00:00,6,13,2026-07-04 00:00:00,0 days 12:00:00,12,21.0,87.25,993.1,54.3
2026-07-03 12:00:00,6,13,2026-07-04 06:00:00,0 days 18:00:00,18,21.0,87.25,991.2,57.0
2026-07-03 12:00:00,6,13,2026-07-04 12:00:00,1 days 00:00:00,24,21.0,87.25,989.4,59.6
2026-07-03 12:00:00,6,13,2026-07-04 18:00:00,1 days 06:00:00,30,21.0,86.62,988.5,60.8
2026-07-03 12:00:00,6,13,2026-07-05 00:00:00,1 days 12:00:00,36,21.0,86.0,987.6,62.1
2026-07-03 12:00:00,6,13,2026-07-05 06:00:00,1 days 18:00:00,42,21.0,86.0,987.5,62.2
2026-07-03 12:00:00,6,13,2026-07-05 12:00:00,2 days 00:00:00,48,21.0,86.0,987.4,62.3
2026-07-03 12:00:00,6,13,2026-07-05 18:00:00,2 days 06:00:00,54,21.25,85.5,988.7,60.6
2026-07-03 12:00:00,6,13,2026-07-06 00:00:00,2 days 12:00:00,60,21.5,85.0,989.9,58.9
2026-07-03 12:00:00,6,13,2026-07-06 06:00:00,2 days 18:00:00,66,22.0,84.75,990.5,58.0
2026-07-03 12:00:00,6,13,2026-07-06 12:00:00,3 days 00:00:00,72,22.5,84.5,991.2,57.1
2026-07-03 12:00:00,6,13,2026-07-06 18:00:00,3 days 06:00:00,78,23.38,84.13,991.8,56.2
2026-07-03 12:00:00,6,13,2026-07-07 00:00:00,3 days 12:00:00,84,24.25,83.75,992.3,55.4
2026-07-03 12:00:00,6,13,2026-07-07 06:00:00,3 days 18:00:00,90,24.75,83.0,992.0,55.9
2026-07-03 12:00:00,6,13,2026-07-07 12:00:00,4 days 00:00:00,96,25.25,82.25,991.6,56.4
2026-07-03 12:00:00,6,13,2026-07-07 18:00:00,4 days 06:00:00,102,25.38,81.5,992.2,55.5
2026-07-03 12:00:00,6,13,2026-07-08 00:00:00,4 days 12:00:00,108,25.5,80.75,992.9,54.6
2026-07-03 12:00:00,6,13,2026-07-08 06:00:00,4 days 18:00:00,114,26.13,80.5,992.7,54.9
2026-07-03 12:00:00,6,13,2026-07-08 12:00:00,5 days 00:00:00,120,26.75,80.25,992.5,55.1
2026-07-03 12:00:00,6,13,2026-07-08 18:00:00,5 days 06:00:00,126,26.88,80.13,994.0,53.0
2026-07-03 12:00:00,6,13,2026-07-09 00:00:00,5 days 12:00:00,132,27.0,80.0,995.4,50.8
2026-07-03 12:00:00,6,13,2026-07-09 06:00:00,5 days 18:00:00,138,27.25,80.25,995.7,50.4
2026-07-03 12:00:00,6,13,2026-07-09 12:00:00,6 days 00:00:00,144,27.5,80.5,995.9,50.0
2026-07-03 12:00:00,6,13,2026-07-09 18:00:00,6 days 06:00:00,150,27.75,80.75,996.4,49.3
2026-07-03 12:00:00,6,13,2026-07-10 00:00:00,6 days 12:00:00,156,28.0,81.0,996.9,48.6
2026-07-03 12:00:00,7,13,2026-07-11 00:00:00,7 days 12:00:00,180,-45.0,-118.75,1013.8,16.9
2026-07-03 12:00:00,7,13,2026-07-11 06:00:00,7 days 18:00:00,186,-43.33,-115.3,1003.1,33.6
2026-07-03 12:00:00,7,13,2026-07-11 12:00:00,8 days 00:00:00,192,-41.55,-112.02,992.3,50.2
2026-07-03 12:00:00,7,13,2026-07-11 18:00:00,8 days 06:00:00,198,-39.68,-108.92,981.6,66.9
2026-07-03 12:00:00,7,13,2026-07-12 00:00:00,8 days 12:00:00,204,-37.75,-106.0,970.9,83.6
2026-07-03 12:00:00,7,13,2026-07-12 06:00:00,8 days 18:00:00,210,-39.38,-105.88,972.1,82.1
2026-07-03 12:00:00,7,13,2026-07-12 12:00:00,9 days 00:00:00,216,-41.0,-105.75,973.3,80.6
2026-07-03 12:00:00,7,13,2026-07-12 18:00:00,9 days 06:00:00,222,-42.38,-107.09,975.2,78.3
2026-07-03 12:00:00,7,13,2026-07-13 00:00:00,9 days 12:00:00,228,-43.75,-108.5,977.1,76.0
2026-07-03 12:00:00,7,13,2026-07-13 06:00:00,9 days 18:00:00,234,-44.63,-109.12,978.8,73.7
2026-07-03 12:00:00,7,13,2026-07-13 12:00:00,10 days 00:00:00,240,-45.5,-109.75,980.6,71.5
2026-07-03 12:00:00,7,13,2026-07-13 18:00:00,10 days 06:00:00,246,-46.25,-110.49,981.2,70.6
2026-07-03 12:00:00,7,13,2026-07-14 00:00:00,10 days 12:00:00,252,-47.0,-111.25,981.8,69.8
2026-07-03 12:00:00,8,13,2026-07-12 12:00:00,9 days 00:00:00,216,-6.0,165.25,1007.8,30.0
2026-07-03 12:00:00,8,13,2026-07-12 18:00:00,9 days 06:00:00,222,-6.06,165.25,1007.5,30.5
2026-07-03 12:00:00,8,13,2026-07-13 00:00:00,9 days 12:00:00,228,-6.13,165.25,1007.3,30.9
2026-07-03 12:00:00,8,13,2026-07-13 06:00:00,9 days 18:00:00,234,-6.19,165.25,1007.0,31.4
2026-07-03 12:00:00,8,13,2026-07-13 12:00:00,10 days 00:00:00,240,-6.25,165.25,1006.8,31.9
2026-07-03 12:00:00,8,13,2026-07-13 18:00:00,10 days 06:00:00,246,-7.13,165.25,1005.5,34.2
2026-07-03 12:00:00,8,13,2026-07-14 00:00:00,10 days 12:00:00,252,-8.0,165.25,1004.2,36.5
2026-07-03 12:00:00,8,13,2026-07-14 06:00:00,10 days 18:00:00,258,-8.5,165.25,1005.3,34.5
2026-07-03 12:00:00,8,13,2026-07-14 12:00:00,11 days 00:00:00,264,-9.0,165.25,1006.5,32.4
2026-07-03 12:00:00,8,13,2026-07-14 18:00:00,11 days 06:00:00,270,-9.13,165.25,1005.9,33.4
2026-07-03 12:00:00,8,13,2026-07-15 00:00:00,11 days 12:00:00,276,-9.25,165.25,1005.4,34.4
2026-07-03 12:00:00,8,13,2026-07-15 06:00:00,11 days 18:00:00,282,-9.5,165.75,1005.4,34.3
2026-07-03 12:00:00,8,13,2026-07-15 12:00:00,12 days 00:00:00,288,-9.75,166.25,1005.5,34.2
2026-07-03 12:00:00,8,13,2026-07-15 18:00:00,12 days 06:00:00,294,-10.63,166.13,1005.2,34.7
2026-07-03 12:00:00,8,13,2026-07-16 00:00:00,12 days 12:00:00,300,-11.5,166.0,1004.9,35.2
2026-07-03 12:00:00,8,13,2026-07-16 06:00:00,12 days 18:00:00,306,-11.63,165.63,1004.9,35.3
2026-07-03 12:00:00,8,13,2026-07-16 12:00:00,13 days 00:00:00,312,-11.75,165.25,1004.9,35.4
2026-07-03 12:00:00,8,13,2026-07-16 18:00:00,13 days 06:00:00,318,-12.5,165.25,1004.3,36.4
2026-07-03 12:00:00,8,13,2026-07-17 00:00:00,13 days 12:00:00,324,-13.25,165.25,1003.7,37.5
2026-07-03 12:00:00,9,13,2026-07-14 12:00:00,11 days 00:00:00,264,9.0,-130.25,1005.4,34.4
2026-07-03 12:00:00,9,13,2026-07-14 18:00:00,11 days 06:00:00,270,9.5,-131.06,1005.2,34.8
2026-07-03 12:00:00,9,13,2026-07-15 00:00:00,11 days 12:00:00,276,10.0,-131.87,1005.0,35.1
2026-07-03 12:00:00,9,13,2026-07-15 06:00:00,11 days 18:00:00,282,10.5,-132.68,1004.8,35.4
2026-07-03 12:00:00,9,13,2026-07-15 12:00:00,12 days 00:00:00,288,11.0,-133.5,1004.7,35.7
2026-07-03 12:00:00,9,13,2026-07-15 18:00:00,12 days 06:00:00,294,11.63,-135.12,1003.9,37.0
2026-07-03 12:00:00,9,13,2026-07-16 00:00:00,12 days 12:00:00,300,12.25,-136.75,1003.2,38.3
2026-07-03 12:00:00,9,13,2026-07-16 06:00:00,12 days 18:00:00,306,12.13,-138.13,1002.6,39.2
2026-07-03 12:00:00,9,13,2026-07-16 12:00:00,13 days 00:00:00,312,12.0,-139.5,1002.1,40.2
2026-07-03 12:00:00,9,13,2026-07-16 18:00:00,13 days 06:00:00,318,12.38,-141.0,1001.4,41.3
2026-07-03 12:00:00,9,13,2026-07-17 00:00:00,13 days 12:00:00,324,12.75,-142.5,1000.8,42.4
2026-07-03 12:00:00,9,13,2026-07-17 06:00:00,13 days 18:00:00,330,13.25,-143.62,998.7,45.7
2026-07-03 12:00:00,9,13,2026-07-17 12:00:00,14 days 00:00:00,336,13.75,-144.75,996.6,49.0
2026-07-03 12:00:00,9,13,2026-07-17 18:00:00,14 days 06:00:00,342,13.88,-145.75,995.7,50.4
2026-07-03 12:00:00,9,13,2026-07-18 00:00:00,14 days 12:00:00,348,14.0,-146.75,994.8,51.8
2026-07-03 12:00:00,9,13,2026-07-18 06:00:00,14 days 18:00:00,354,14.13,-147.87,996.0,50.0
2026-07-03 12:00:00,9,13,2026-07-18 12:00:00,15 days 00:00:00,360,14.25,-149.0,997.2,48.1
2026-07-03 12:00:00,10,14,2026-07-15 12:00:00,12 days 00:00:00,288,7.25,161.75,1004.6,35.8
2026-07-03 12:00:00,10,14,2026-07-15 18:00:00,12 days 06:00:00,294,8.38,160.75,1002.5,39.4
2026-07-03 12:00:00,10,14,2026-07-16 00:00:00,12 days 12:00:00,300,9.5,159.75,1000.3,43.1
2026-07-03 12:00:00,10,14,2026-07-16 06:00:00,12 days 18:00:00,306,10.0,158.63,999.4,44.6
2026-07-03 12:00:00,10,14,2026-07-16 12:00:00,13 days 00:00:00,312,10.5,157.5,998.4,46.2
2026-07-03 12:00:00,10,14,2026-07-16 18:00:00,13 days 06:00:00,318,10.88,156.88,995.5,50.6
2026-07-03 12:00:00,10,14,2026-07-17 00:00:00,13 days 12:00:00,324,11.25,156.25,992.6,54.9
2026-07-03 12:00:00,10,14,2026-07-17 06:00:00,13 days 18:00:00,330,11.88,155.75,992.2,55.6
2026-07-03 12:00:00,10,14,2026-07-17 12:00:00,14 days 00:00:00,336,12.5,155.25,991.7,56.3
2026-07-03 12:00:00,10,14,2026-07-17 18:00:00,14 days 06:00:00,342,13.25,154.5,989.5,59.4
2026-07-03 12:00:00,10,14,2026-07-18 00:00:00,14 days 12:00:00,348,14.0,153.75,987.3,62.5
2026-07-03 12:00:00,10,14,2026-07-18 06:00:00,14 days 18:00:00,354,14.63,153.25,987.7,61.9
2026-07-03 12:00:00,10,14,2026-07-18 12:00:00,15 days 00:00:00,360,15.25,152.75,988.1,61.4
2026-07-03 12:00:00,11,14,2026-07-16 00:00:00,12 days 12:00:00,300,16.75,144.75,1007.2,31.0
2026-07-03 12:00:00,11,14,2026-07-16 06:00:00,12 days 18:00:00,306,16.5,144.25,1006.4,32.5
2026-07-03 12:00:00,11,14,2026-07-16 12:00:00,13 days 00:00:00,312,16.25,143.75,1005.6,34.0
2026-07-03 12:00:00,11,14,2026-07-16 18:00:00,13 days 06:00:00,318,16.38,143.25,1003.2,38.2
2026-07-03 12:00:00,11,14,2026-07-17 00:00:00,13 days 12:00:00,324,16.5,142.75,1000.8,42.4
2026-07-03 12:00:00,11,14,2026-07-17 06:00:00,13 days 18:00:00,330,16.25,141.87,1000.4,43.0
2026-07-03 12:00:00,11,14,2026-07-17 12:00:00,14 days 00:00:00,336,16.0,141.0,1000.0,43.7
2026-07-03 12:00:00,11,14,2026-07-17 18:00:00,14 days 06:00:00,342,15.63,140.75,1000.4,43.0
2026-07-03 12:00:00,11,14,2026-07-18 00:00:00,14 days 12:00:00,348,15.25,140.5,1000.8,42.3
2026-07-03 12:00:00,11,14,2026-07-18 06:00:00,14 days 18:00:00,354,15.0,140.25,998.9,45.3
2026-07-03 12:00:00,11,14,2026-07-18 12:00:00,15 days 00:00:00,360,14.75,140.0,997.0,48.3
2026-07-03 12:00:00,3,14,2026-07-03 12:00:00,0 days 00:00:00,0,12.75,153.0,976.5,76.7
2026-07-03 12:00:00,3,14,2026-07-03 18:00:00,0 days 06:00:00,6,12.75,152.25,974.7,78.9
2026-07-03 12:00:00,3,14,2026-07-04 00:00:00,0 days 12:00:00,12,12.75,151.5,972.9,81.1
2026-07-03 12:00:00,3,14,2026-07-04 06:00:00,0 days 18:00:00,18,12.88,151.0,974.8,78.8
2026-07-03 12:00:00,3,14,2026-07-04 12:00:00,1 days 00:00:00,24,13.0,150.5,976.6,76.5
2026-07-03 12:00:00,3,14,2026-07-04 18:00:00,1 days 06:00:00,30,13.13,149.63,974.5,79.1
2026-07-03 12:00:00,3,14,2026-07-05 00:00:00,1 days 12:00:00,36,13.25,148.75,972.3,81.8
2026-07-03 12:00:00,3,14,2026-07-05 06:00:00,1 days 18:00:00,42,13.13,148.0,971.8,82.4
2026-07-03 12:00:00,3,14,2026-07-05 12:00:00,2 days 00:00:00,48,13.0,147.25,971.4,83.0
2026-07-03 12:00:00,3,14,2026-07-05 18:00:00,2 days 06:00:00,54,13.5,146.38,968.6,86.2
2026-07-03 12:00:00,3,14,2026-07-06 00:00:00,2 days 12:00:00,60,14.0,145.5,965.9,89.4
2026-07-03 12:00:00,3,14,2026-07-06 06:00:00,2 days 18:00:00,66,14.25,144.5,962.8,93.1
2026-07-03 12:00:00,3,14,2026-07-06 12:00:00,3 days 00:00:00,72,14.5,143.5,959.6,96.7
2026-07-03 12:00:00,3,14,2026-07-06 18:00:00,3 days 06:00:00,78,15.0,142.0,957.2,99.3
2026-07-03 12:00:00,3,14,2026-07-07 00:00:00,3 days 12:00:00,84,15.5,140.5,954.9,101.9
2026-07-03 12:00:00,3,14,2026-07-07 06:00:00,3 days 18:00:00,90,15.75,139.25,954.3,102.5
2026-07-03 12:00:00,3,14,2026-07-07 12:00:00,4 days 00:00:00,96,16.0,138.0,953.7,103.2
2026-07-03 12:00:00,3,14,2026-07-07 18:00:00,4 days 06:00:00,102,16.25,136.63,951.8,105.3
2026-07-03 12:00:00,3,14,2026-07-08 00:00:00,4 days 12:00:00,108,16.5,135.25,949.8,107.5
2026-07-03 12:00:00,3,14,2026-07-08 06:00:00,4 days 18:00:00,114,16.63,134.0,948.9,108.4
2026-07-03 12:00:00,3,14,2026-07-08 12:00:00,5 days 00:00:00,120,16.75,132.75,948.1,109.3
2026-07-03 12:00:00,3,14,2026-07-08 18:00:00,5 days 06:00:00,126,17.25,131.38,946.0,111.4
2026-07-03 12:00:00,3,14,2026-07-09 00:00:00,5 days 12:00:00,132,17.75,130.0,943.9,113.6
2026-07-03 12:00:00,3,14,2026-07-09 06:00:00,5 days 18:00:00,138,18.25,129.38,943.3,114.3
2026-07-03 12:00:00,3,14,2026-07-09 12:00:00,6 days 00:00:00,144,18.75,128.75,942.7,114.9
2026-07-03 12:00:00,3,14,2026-07-09 18:00:00,6 days 06:00:00,150,19.5,128.0,948.8,108.3
2026-07-03 12:00:00,3,14,2026-07-10 00:00:00,6 days 12:00:00,156,20.25,127.25,955.0,101.8
2026-07-03 12:00:00,3,14,2026-07-10 06:00:00,6 days 18:00:00,162,21.38,126.51,954.3,102.5
2026-07-03 12:00:00,3,14,2026-07-10 12:00:00,7 days 00:00:00,168,22.5,125.75,953.6,103.3
2026-07-03 12:00:00,3,14,2026-07-10 18:00:00,7 days 06:00:00,174,23.88,125.38,957.9,98.5
2026-07-03 12:00:00,3,14,2026-07-11 00:00:00,7 days 12:00:00,180,25.25,125.0,962.2,93.7
2026-07-03 12:00:00,3,14,2026-07-11 06:00:00,7 days 18:00:00,186,26.13,124.13,965.6,89.8
2026-07-03 12:00:00,3,14,2026-07-11 12:00:00,8 days 00:00:00,192,27.0,123.25,968.9,85.9
2026-07-03 12:00:00,3,14,2026-07-11 18:00:00,8 days 06:00:00,198,28.88,122.64,973.0,81.0
2026-07-03 12:00:00,3,14,2026-07-12 00:00:00,8 days 12:00:00,204,30.75,122.0,977.0,76.0
2026-07-03 12:00:00,3,14,2026-07-12 06:00:00,8 days 18:00:00,210,31.63,121.88,978.5,74.1
2026-07-03 12:00:00,3,14,2026-07-12 12:00:00,9 days 00:00:00,216,32.5,121.75,980.1,72.1
2026-07-03 12:00:00,3,14,2026-07-12 18:00:00,9 days 06:00:00,222,33.63,122.37,983.2,68.0
2026-07-03 12:00:00,3,14,2026-07-13 00:00:00,9 days 12:00:00,228,34.75,123.0,986.3,63.9
2026-07-03 12:00:00,3,14,2026-07-13 06:00:00,9 days 18:00:00,234,35.89,124.97,987.6,62.0
2026-07-03 12:00:00,3,14,2026-07-13 12:00:00,10 days 00:00:00,240,37.0,127.0,989.0,60.1
2026-07-03 12:00:00,4,14,2026-07-03 12:00:00,0 days 00:00:00,0,19.5,-128.5,1001.2,41.7
2026-07-03 12:00:00,4,14,2026-07-03 18:00:00,0 days 06:00:00,6,20.38,-128.38,1002.0,40.4
2026-07-03 12:00:00,4,14,2026-07-04 00:00:00,0 days 12:00:00,12,21.25,-128.25,1002.8,39.0
2026-07-03 12:00:00,5,14,2026-07-03 12:00:00,0 days 00:00:00,0,18.5,110.0,997.5,47.5
2026-07-03 12:00:00,5,14,2026-07-03 18:00:00,0 days 06:00:00,6,19.5,109.01,995.5,50.6
2026-07-03 12:00:00,5,14,2026-07-04 00:00:00,0 days 12:00:00,12,20.5,108.0,993.5,53.7
2026-07-03 12:00:00,5,14,2026-07-04 06:00:00,0 days 18:00:00,18,20.88,107.75,994.8,51.7
2026-07-03 12:00:00,5,14,2026-07-04 12:00:00,1 days 00:00:00,24,21.25,107.5,996.1,49.7
2026-07-03 12:00:00,5,14,2026-07-04 18:00:00,1 days 06:00:00,30,21.75,107.5,997.6,47.5
2026-07-03 12:00:00,5,14,2026-07-05 00:00:00,1 days 12:00:00,36,22.25,107.5,999.0,45.3
2026-07-03 12:00:00,5,14,2026-07-05 06:00:00,1 days 18:00:00,42,22.63,107.75,998.4,46.1
2026-07-03 12:00:00,5,14,2026-07-05 12:00:00,2 days 00:00:00,48,23.0,108.0,997.9,47.0
2026-07-03 12:00:00,6,14,2026-07-04 00:00:00,0 days 12:00:00,12,20.5,87.25,994.1,52.8
2026-07-03 12:00:00,6,14,2026-07-04 06:00:00,0 days 18:00:00,18,20.5,87.38,992.9,54.5
2026-07-03 12:00:00,6,14,2026-07-04 12:00:00,1 days 00:00:00,24,20.5,87.5,991.8,56.2
2026-07-03 12:00:00,6,14,2026-07-04 18:00:00,1 days 06:00:00,30,20.5,87.38,991.4,56.8
2026-07-03 12:00:00,6,14,2026-07-05 00:00:00,1 days 12:00:00,36,20.5,87.25,991.0,57.4
2026-07-03 12:00:00,6,14,2026-07-05 06:00:00,1 days 18:00:00,42,21.12,87.25,990.9,57.5
2026-07-03 12:00:00,6,14,2026-07-05 12:00:00,2 days 00:00:00,48,21.75,87.25,990.8,57.6
2026-07-03 12:00:00,6,14,2026-07-05 18:00:00,2 days 06:00:00,54,21.63,86.62,992.3,55.5
2026-07-03 12:00:00,6,14,2026-07-06 00:00:00,2 days 12:00:00,60,21.5,86.0,993.7,53.3
2026-07-03 12:00:00,6,14,2026-07-06 06:00:00,2 days 18:00:00,66,26.75,86.24,990.7,57.6
2026-07-03 12:00:00,6,14,2026-07-06 12:00:00,3 days 00:00:00,72,32.0,86.5,987.7,62.0
2026-07-03 12:00:00,6,14,2026-07-06 18:00:00,3 days 06:00:00,78,28.01,84.56,990.4,58.1
2026-07-03 12:00:00,6,14,2026-07-07 00:00:00,3 days 12:00:00,84,24.0,82.75,993.1,54.2
2026-07-03 12:00:00,6,14,2026-07-07 06:00:00,3 days 18:00:00,90,24.63,82.63,992.7,54.9
2026-07-03 12:00:00,6,14,2026-07-07 12:00:00,4 days 00:00:00,96,25.25,82.5,992.2,55.6
2026-07-03 12:00:00,6,14,2026-07-07 18:00:00,4 days 06:00:00,102,25.5,81.5,991.6,56.4
2026-07-03 12:00:00,6,14,2026-07-08 00:00:00,4 days 12:00:00,108,25.75,80.5,991.1,57.2
2026-07-03 12:00:00,6,14,2026-07-08 06:00:00,4 days 18:00:00,114,26.13,80.25,990.9,57.4
2026-07-03 12:00:00,6,14,2026-07-08 12:00:00,5 days 00:00:00,120,26.5,80.0,990.7,57.7
2026-07-03 12:00:00,6,14,2026-07-08 18:00:00,5 days 06:00:00,126,27.38,79.63,991.7,56.4
2026-07-03 12:00:00,6,14,2026-07-09 00:00:00,5 days 12:00:00,132,28.25,79.25,992.6,55.0
2026-07-03 12:00:00,6,14,2026-07-09 06:00:00,5 days 18:00:00,138,30.3,82.68,992.4,55.3
2026-07-03 12:00:00,6,14,2026-07-09 12:00:00,6 days 00:00:00,144,32.25,86.25,992.2,55.6
2026-07-03 12:00:00,6,14,2026-07-09 18:00:00,6 days 06:00:00,150,31.51,86.95,993.2,54.1
2026-07-03 12:00:00,6,14,2026-07-10 00:00:00,6 days 12:00:00,156,30.76,87.65,994.2,52.6
2026-07-03 12:00:00,6,14,2026-07-10 06:00:00,6 days 18:00:00,162,30.01,88.33,995.3,51.0
2026-07-03 12:00:00,6,14,2026-07-10 12:00:00,7 days 00:00:00,168,29.25,89.0,996.3,49.5
2026-07-03 12:00:00,7,14,2026-07-10 12:00:00,7 days 00:00:00,168,-33.75,-107.5,976.9,76.1
2026-07-03 12:00:00,7,14,2026-07-10 18:00:00,7 days 06:00:00,174,-36.01,-105.92,973.9,79.9
2026-07-03 12:00:00,7,14,2026-07-11 00:00:00,7 days 12:00:00,180,-38.25,-104.25,970.8,83.6
2026-07-03 12:00:00,7,14,2026-07-11 06:00:00,7 days 18:00:00,186,-39.89,-102.3,971.7,82.6
2026-07-03 12:00:00,7,14,2026-07-11 12:00:00,8 days 00:00:00,192,-41.5,-100.25,972.6,81.5
2026-07-03 12:00:00,7,14,2026-07-11 18:00:00,8 days 06:00:00,198,-42.51,-98.77,975.8,77.5
2026-07-03 12:00:00,7,14,2026-07-12 00:00:00,8 days 12:00:00,204,-43.5,-97.25,979.0,73.5
2026-07-03 12:00:00,7,14,2026-07-12 06:00:00,8 days 18:00:00,210,-43.76,-95.76,981.6,70.1
2026-07-03 12:00:00,7,14,2026-07-12 12:00:00,9 days 00:00:00,216,-44.0,-94.25,984.2,66.7
2026-07-03 12:00:00,7,14,2026-07-12 18:00:00,9 days 06:00:00,222,-44.0,-93.25,986.4,63.7
2026-07-03 12:00:00,7,14,2026-07-13 00:00:00,9 days 12:00:00,228,-44.0,-92.25,988.6,60.7
2026-07-03 12:00:00,7,14,2026-07-13 06:00:00,9 days 18:00:00,234,-43.38,-92.0,988.5,60.9
2026-07-03 12:00:00,7,14,2026-07-13 12:00:00,10 days 00:00:00,240,-42.75,-91.75,988.4,61.0
2026-07-03 12:00:00,7,14,2026-07-13 18:00:00,10 days 06:00:00,246,-42.13,-91.25,988.0,61.5
2026-07-03 12:00:00,7,14,2026-07-14 00:00:00,10 days 12:00:00,252,-41.5,-90.75,987.7,62.0
2026-07-03 12:00:00,8,14,2026-07-12 12:00:00,9 days 00:00:00,216,10.25,137.5,1003.3,38.1
2026-07-03 12:00:00,8,14,2026-07-12 18:00:00,9 days 06:00:00,222,10.25,136.5,1002.7,39.2
2026-07-03 12:00:00,8,14,2026-07-13 00:00:00,9 days 12:00:00,228,10.25,135.5,1002.0,40.3
2026-07-03 12:00:00,8,14,2026-07-13 06:00:00,9 days 18:00:00,234,10.63,135.0,1001.3,41.4
2026-07-03 12:00:00,8,14,2026-07-13 12:00:00,10 days 00:00:00,240,11.0,134.5,1000.7,42.5
2026-07-03 12:00:00,8,14,2026-07-13 18:00:00,10 days 06:00:00,246,11.88,133.38,999.1,45.1
2026-07-03 12:00:00,8,14,2026-07-14 00:00:00,10 days 12:00:00,252,12.75,132.25,997.4,47.7
2026-07-03 12:00:00,8,14,2026-07-14 06:00:00,10 days 18:00:00,258,13.5,131.63,995.5,50.7
2026-07-03 12:00:00,8,14,2026-07-14 12:00:00,11 days 00:00:00,264,14.25,131.0,993.6,53.6
2026-07-03 12:00:00,8,14,2026-07-14 18:00:00,11 days 06:00:00,270,14.75,130.5,992.9,54.5
2026-07-03 12:00:00,8,14,2026-07-15 00:00:00,11 days 12:00:00,276,15.25,130.0,992.3,55.4
2026-07-03 12:00:00,8,14,2026-07-15 06:00:00,11 days 18:00:00,282,15.75,129.75,993.1,54.2
2026-07-03 12:00:00,8,14,2026-07-15 12:00:00,12 days 00:00:00,288,16.25,129.5,993.9,53.1
2026-07-03 12:00:00,8,14,2026-07-15 18:00:00,12 days 06:00:00,294,16.5,129.13,992.5,55.1
2026-07-03 12:00:00,8,14,2026-07-16 00:00:00,12 days 12:00:00,300,16.75,128.75,991.1,57.2
2026-07-03 12:00:00,8,14,2026-07-16 06:00:00,12 days 18:00:00,306,17.13,128.38,990.7,57.8
2026-07-03 12:00:00,8,14,2026-07-16 12:00:00,13 days 00:00:00,312,17.5,128.0,990.2,58.4
2026-07-03 12:00:00,8,14,2026-07-16 18:00:00,13 days 06:00:00,318,17.63,127.25,989.4,59.6
2026-07-03 12:00:00,8,14,2026-07-17 00:00:00,13 days 12:00:00,324,17.75,126.5,988.6,60.8
2026-07-03 12:00:00,8,14,2026-07-17 06:00:00,13 days 18:00:00,330,17.75,126.12,985.1,65.4
2026-07-03 12:00:00,8,14,2026-07-17 12:00:00,14 days 00:00:00,336,17.75,125.75,981.6,70.1
2026-07-03 12:00:00,8,14,2026-07-17 18:00:00,14 days 06:00:00,342,18.13,125.25,978.7,73.8
2026-07-03 12:00:00,8,14,2026-07-18 00:00:00,14 days 12:00:00,348,18.5,124.75,975.8,77.5
2026-07-03 12:00:00,8,14,2026-07-18 06:00:00,14 days 18:00:00,354,18.88,124.0,977.6,75.3
2026-07-03 12:00:00,8,14,2026-07-18 12:00:00,15 days 00:00:00,360,19.25,123.25,979.4,73.0
2026-07-03 12:00:00,9,14,2026-07-14 12:00:00,11 days 00:00:00,264,10.0,-141.25,1005.3,34.6
2026-07-03 12:00:00,9,14,2026-07-14 18:00:00,11 days 06:00:00,270,9.87,-141.25,1004.3,36.4
2026-07-03 12:00:00,9,14,2026-07-15 00:00:00,11 days 12:00:00,276,9.75,-141.25,1003.3,38.1
2026-07-03 12:00:00,9,14,2026-07-15 06:00:00,11 days 18:00:00,282,10.25,-141.5,1003.0,38.6
2026-07-03 12:00:00,9,14,2026-07-15 12:00:00,12 days 00:00:00,288,10.75,-141.75,1002.7,39.1
2026-07-03 12:00:00,9,14,2026-07-15 18:00:00,12 days 06:00:00,294,11.0,-142.37,1003.3,38.1
2026-07-03 12:00:00,9,14,2026-07-16 00:00:00,12 days 12:00:00,300,11.25,-143.0,1003.9,37.1
2026-07-03 12:00:00,9,14,2026-07-16 06:00:00,12 days 18:00:00,306,11.5,-142.94,1003.9,37.0
2026-07-03 12:00:00,9,14,2026-07-16 12:00:00,13 days 00:00:00,312,11.75,-142.88,1004.0,36.8
2026-07-03 12:00:00,9,14,2026-07-16 18:00:00,13 days 06:00:00,318,12.0,-142.81,1004.1,36.7
2026-07-03 12:00:00,9,14,2026-07-17 00:00:00,13 days 12:00:00,324,12.25,-142.75,1004.2,36.5
2026-07-03 12:00:00,9,14,2026-07-17 06:00:00,13 days 18:00:00,330,12.63,-143.75,1004.8,35.4
2026-07-03 12:00:00,9,14,2026-07-17 12:00:00,14 days 00:00:00,336,13.0,-144.75,1005.5,34.2
2026-07-03 12:00:00,9,14,2026-07-17 18:00:00,14 days 06:00:00,342,12.06,-138.85,1003.6,37.4
2026-07-03 12:00:00,9,14,2026-07-18 00:00:00,14 days 12:00:00,348,11.0,-133.0,1001.8,40.6
2026-07-03 12:00:00,9,14,2026-07-18 06:00:00,14 days 18:00:00,354,11.13,-134.5,1001.3,41.4
2026-07-03 12:00:00,9,14,2026-07-18 12:00:00,15 days 00:00:00,360,11.25,-136.0,1000.9,42.2
2026-07-03 12:00:00,3,15,2026-07-03 12:00:00,0 days 00:00:00,0,12.75,153.0,976.5,76.7
2026-07-03 12:00:00,3,15,2026-07-03 18:00:00,0 days 06:00:00,6,12.88,152.38,974.0,79.7
2026-07-03 12:00:00,3,15,2026-07-04 00:00:00,0 days 12:00:00,12,13.0,151.75,971.5,82.8
2026-07-03 12:00:00,3,15,2026-07-04 06:00:00,0 days 18:00:00,18,12.88,151.0,972.5,81.5
2026-07-03 12:00:00,3,15,2026-07-04 12:00:00,1 days 00:00:00,24,12.75,150.25,973.6,80.3
2026-07-03 12:00:00,3,15,2026-07-04 18:00:00,1 days 06:00:00,30,12.88,149.75,971.2,83.2
2026-07-03 12:00:00,3,15,2026-07-05 00:00:00,1 days 12:00:00,36,13.0,149.25,968.8,86.1
2026-07-03 12:00:00,3,15,2026-07-05 06:00:00,1 days 18:00:00,42,13.38,148.5,967.6,87.4
2026-07-03 12:00:00,3,15,2026-07-05 12:00:00,2 days 00:00:00,48,13.75,147.75,966.5,88.8
2026-07-03 12:00:00,3,15,2026-07-05 18:00:00,2 days 06:00:00,54,13.88,146.75,965.1,90.4
2026-07-03 12:00:00,3,15,2026-07-06 00:00:00,2 days 12:00:00,60,14.0,145.75,963.6,92.1
2026-07-03 12:00:00,3,15,2026-07-06 06:00:00,2 days 18:00:00,66,14.25,144.63,964.2,91.5
2026-07-03 12:00:00,3,15,2026-07-06 12:00:00,3 days 00:00:00,72,14.5,143.5,964.7,90.9
2026-07-03 12:00:00,3,15,2026-07-06 18:00:00,3 days 06:00:00,78,14.88,141.88,959.6,96.6
2026-07-03 12:00:00,3,15,2026-07-07 00:00:00,3 days 12:00:00,84,15.25,140.25,954.5,102.3
2026-07-03 12:00:00,3,15,2026-07-07 06:00:00,3 days 18:00:00,90,15.38,139.13,952.2,104.8
2026-07-03 12:00:00,3,15,2026-07-07 12:00:00,4 days 00:00:00,96,15.5,138.0,949.8,107.4
2026-07-03 12:00:00,3,15,2026-07-07 18:00:00,4 days 06:00:00,102,16.0,137.0,946.2,111.2
2026-07-03 12:00:00,3,15,2026-07-08 00:00:00,4 days 12:00:00,108,16.5,136.0,942.6,115.0
2026-07-03 12:00:00,3,15,2026-07-08 06:00:00,4 days 18:00:00,114,16.75,135.0,943.0,114.6
2026-07-03 12:00:00,3,15,2026-07-08 12:00:00,5 days 00:00:00,120,17.0,134.0,943.3,114.3
2026-07-03 12:00:00,3,15,2026-07-08 18:00:00,5 days 06:00:00,126,17.38,132.88,944.4,113.1
2026-07-03 12:00:00,3,15,2026-07-09 00:00:00,5 days 12:00:00,132,17.75,131.75,945.5,112.0
2026-07-03 12:00:00,3,15,2026-07-09 06:00:00,5 days 18:00:00,138,18.38,130.88,943.3,114.2
2026-07-03 12:00:00,3,15,2026-07-09 12:00:00,6 days 00:00:00,144,19.0,130.0,941.2,116.5
2026-07-03 12:00:00,3,15,2026-07-09 18:00:00,6 days 06:00:00,150,19.88,129.01,945.3,112.2
2026-07-03 12:00:00,3,15,2026-07-10 00:00:00,6 days 12:00:00,156,20.75,128.0,949.4,107.9
2026-07-03 12:00:00,3,15,2026-07-10 06:00:00,6 days 18:00:00,162,21.5,127.01,951.3,105.8
2026-07-03 12:00:00,3,15,2026-07-10 12:00:00,7 days 00:00:00,168,22.25,126.0,953.2,103.7
2026-07-03 12:00:00,3,15,2026-07-10 18:00:00,7 days 06:00:00,174,23.0,125.13,954.9,101.9
2026-07-03 12:00:00,3,15,2026-07-11 00:00:00,7 days 12:00:00,180,23.75,124.25,956.5,100.1
2026-07-03 12:00:00,3,15,2026-07-11 06:00:00,7 days 18:00:00,186,25.13,122.89,960.1,96.1
2026-07-03 12:00:00,3,15,2026-07-11 12:00:00,8 days 00:00:00,192,26.5,121.5,963.7,92.1
2026-07-03 12:00:00,3,15,2026-07-11 18:00:00,8 days 06:00:00,198,27.75,120.51,972.7,81.0
2026-07-03 12:00:00,3,15,2026-07-12 00:00:00,8 days 12:00:00,204,29.0,119.5,981.8,69.9
2026-07-03 12:00:00,3,15,2026-07-12 06:00:00,8 days 18:00:00,210,30.0,118.76,984.3,66.5
2026-07-03 12:00:00,3,15,2026-07-12 12:00:00,9 days 00:00:00,216,31.0,118.0,986.8,63.2
2026-07-03 12:00:00,3,15,2026-07-12 18:00:00,9 days 06:00:00,222,32.0,117.88,989.2,59.8
2026-07-03 12:00:00,3,15,2026-07-13 00:00:00,9 days 12:00:00,228,33.0,117.75,991.7,56.4
2026-07-03 12:00:00,3,15,2026-07-13 06:00:00,9 days 18:00:00,234,33.63,118.49,992.2,55.6
2026-07-03 12:00:00,3,15,2026-07-13 12:00:00,10 days 00:00:00,240,34.25,119.25,992.8,54.8
2026-07-03 12:00:00,3,15,2026-07-13 18:00:00,10 days 06:00:00,246,35.5,120.23,992.6,55.0
2026-07-03 12:00:00,3,15,2026-07-14 00:00:00,10 days 12:00:00,252,36.75,121.25,992.5,55.2
2026-07-03 12:00:00,3,15,2026-07-14 06:00:00,10 days 18:00:00,258,37.14,123.24,993.3,54.0
2026-07-03 12:00:00,3,15,2026-07-14 12:00:00,11 days 00:00:00,264,37.5,125.25,994.1,52.9
2026-07-03 12:00:00,4,15,2026-07-03 12:00:00,0 days 00:00:00,0,19.5,-128.5,1001.2,41.7
2026-07-03 12:00:00,5,15,2026-07-03 12:00:00,0 days 00:00:00,0,18.5,110.0,997.5,47.5
2026-07-03 12:00:00,5,15,2026-07-03 18:00:00,0 days 06:00:00,6,19.38,109.13,996.2,49.6
2026-07-03 12:00:00,5,15,2026-07-04 00:00:00,0 days 12:00:00,12,20.25,108.25,994.9,51.6
2026-07-03 12:00:00,5,15,2026-07-04 06:00:00,0 days 18:00:00,18,20.75,108.13,994.6,52.0
2026-07-03 12:00:00,5,15,2026-07-04 12:00:00,1 days 00:00:00,24,21.25,108.0,994.4,52.3
2026-07-03 12:00:00,5,15,2026-07-04 18:00:00,1 days 06:00:00,30,21.75,107.75,995.6,50.6
2026-07-03 12:00:00,5,15,2026-07-05 00:00:00,1 days 12:00:00,36,22.25,107.5,996.7,48.8
2026-07-03 12:00:00,5,15,2026-07-05 06:00:00,1 days 18:00:00,42,23.0,108.12,996.8,48.7
2026-07-03 12:00:00,5,15,2026-07-05 12:00:00,2 days 00:00:00,48,23.75,108.75,996.9,48.6
2026-07-03 12:00:00,6,15,2026-07-12 00:00:00,8 days 12:00:00,204,-44.25,-147.5,961.9,94.0
2026-07-03 12:00:00,6,15,2026-07-12 06:00:00,8 days 18:00:00,210,-44.0,-148.25,962.7,93.1
2026-07-03 12:00:00,6,15,2026-07-12 12:00:00,9 days 00:00:00,216,-43.75,-149.0,963.5,92.2
2026-07-03 12:00:00,6,15,2026-07-12 18:00:00,9 days 06:00:00,222,-43.25,-148.12,965.0,90.5
2026-07-03 12:00:00,6,15,2026-07-13 00:00:00,9 days 12:00:00,228,-42.75,-147.25,966.5,88.8
2026-07-03 12:00:00,6,15,2026-07-13 06:00:00,9 days 18:00:00,234,-42.75,-146.5,968.0,87.0
2026-07-03 12:00:00,6,15,2026-07-13 12:00:00,10 days 00:00:00,240,-42.75,-145.75,969.5,85.2
2026-07-03 12:00:00,6,15,2026-07-13 18:00:00,10 days 06:00:00,246,-42.63,-146.38,971.2,83.2
2026-07-03 12:00:00,6,15,2026-07-14 00:00:00,10 days 12:00:00,252,-42.5,-147.0,972.8,81.2
2026-07-03 12:00:00,6,15,2026-07-14 06:00:00,10 days 18:00:00,258,-42.0,-148.01,975.3,78.1
2026-07-03 12:00:00,6,15,2026-07-14 12:00:00,11 days 00:00:00,264,-41.5,-149.0,977.7,75.1
2026-07-03 12:00:00,7,15,2026-07-14 12:00:00,11 days 00:00:00,264,13.25,-107.25,1004.8,35.5
2026-07-03 12:00:00,7,15,2026-07-14 18:00:00,11 days 06:00:00,270,13.5,-108.12,1004.5,36.0
2026-07-03 12:00:00,7,15,2026-07-15 00:00:00,11 days 12:00:00,276,13.75,-109.0,1004.2,36.6
2026-07-03 12:00:00,7,15,2026-07-15 06:00:00,11 days 18:00:00,282,14.25,-110.37,1002.1,40.0
2026-07-03 12:00:00,7,15,2026-07-15 12:00:00,12 days 00:00:00,288,14.75,-111.75,1000.1,43.5
2026-07-03 12:00:00,7,15,2026-07-15 18:00:00,12 days 06:00:00,294,14.63,-113.13,998.7,45.7
2026-07-03 12:00:00,7,15,2026-07-16 00:00:00,12 days 12:00:00,300,14.5,-114.5,997.3,48.0
2026-07-03 12:00:00,7,15,2026-07-16 06:00:00,12 days 18:00:00,306,15.13,-115.5,998.0,46.9
2026-07-03 12:00:00,7,15,2026-07-16 12:00:00,13 days 00:00:00,312,15.75,-116.5,998.7,45.7
2026-07-03 12:00:00,7,15,2026-07-16 18:00:00,13 days 06:00:00,318,16.13,-117.37,996.8,48.7
2026-07-03 12:00:00,7,15,2026-07-17 00:00:00,13 days 12:00:00,324,16.5,-118.25,994.8,51.7
2026-07-03 12:00:00,7,15,2026-07-17 06:00:00,13 days 18:00:00,330,16.64,-120.37,995.0,51.5
2026-07-03 12:00:00,7,15,2026-07-17 12:00:00,14 days 00:00:00,336,16.75,-122.5,995.1,51.3
2026-07-03 12:00:00,7,15,2026-07-17 18:00:00,14 days 06:00:00,342,17.13,-124.25,994.0,53.0
2026-07-03 12:00:00,7,15,2026-07-18 00:00:00,14 days 12:00:00,348,17.5,-126.0,992.9,54.6
2026-07-03 12:00:00,7,15,2026-07-18 06:00:00,14 days 18:00:00,354,17.51,-127.88,992.7,54.9
2026-07-03 12:00:00,7,15,2026-07-18 12:00:00,15 days 00:00:00,360,17.5,-129.75,992.5,55.1
2026-07-03 12:00:00,3,16,2026-07-03 12:00:00,0 days 00:00:00,0,12.75,153.0,976.5,76.7
2026-07-03 12:00:00,3,16,2026-07-03 18:00:00,0 days 06:00:00,6,12.88,152.38,975.3,78.1
2026-07-03 12:00:00,3,16,2026-07-04 00:00:00,0 days 12:00:00,12,13.0,151.75,974.2,79.6
2026-07-03 12:00:00,3,16,2026-07-04 06:00:00,0 days 18:00:00,18,12.88,151.0,971.6,82.6
2026-07-03 12:00:00,3,16,2026-07-04 12:00:00,1 days 00:00:00,24,12.75,150.25,969.1,85.6
2026-07-03 12:00:00,3,16,2026-07-04 18:00:00,1 days 06:00:00,30,12.88,149.5,966.5,88.8
2026-07-03 12:00:00,3,16,2026-07-05 00:00:00,1 days 12:00:00,36,13.0,148.75,963.8,91.9
2026-07-03 12:00:00,3,16,2026-07-05 06:00:00,1 days 18:00:00,42,13.25,147.88,962.4,93.5
2026-07-03 12:00:00,3,16,2026-07-05 12:00:00,2 days 00:00:00,48,13.5,147.0,960.9,95.2
2026-07-03 12:00:00,3,16,2026-07-05 18:00:00,2 days 06:00:00,54,13.88,146.0,964.1,91.5
2026-07-03 12:00:00,3,16,2026-07-06 00:00:00,2 days 12:00:00,60,14.25,145.0,967.3,87.8
2026-07-03 12:00:00,3,16,2026-07-06 06:00:00,2 days 18:00:00,66,14.5,144.0,961.0,94.9
2026-07-03 12:00:00,3,16,2026-07-06 12:00:00,3 days 00:00:00,72,14.75,143.0,954.7,102.1
2026-07-03 12:00:00,3,16,2026-07-06 18:00:00,3 days 06:00:00,78,15.13,141.88,952.9,104.0
2026-07-03 12:00:00,3,16,2026-07-07 00:00:00,3 days 12:00:00,84,15.5,140.75,951.1,106.0
2026-07-03 12:00:00,3,16,2026-07-07 06:00:00,3 days 18:00:00,90,15.75,139.38,951.0,106.1
2026-07-03 12:00:00,3,16,2026-07-07 12:00:00,4 days 00:00:00,96,16.0,138.0,950.8,106.3
2026-07-03 12:00:00,3,16,2026-07-07 18:00:00,4 days 06:00:00,102,16.5,136.63,948.8,108.5
2026-07-03 12:00:00,3,16,2026-07-08 00:00:00,4 days 12:00:00,108,17.0,135.25,946.7,110.7
2026-07-03 12:00:00,3,16,2026-07-08 06:00:00,4 days 18:00:00,114,17.38,133.88,946.6,110.8
2026-07-03 12:00:00,3,16,2026-07-08 12:00:00,5 days 00:00:00,120,17.75,132.5,946.5,110.9
2026-07-03 12:00:00,3,16,2026-07-08 18:00:00,5 days 06:00:00,126,18.13,131.5,945.0,112.5
2026-07-03 12:00:00,3,16,2026-07-09 00:00:00,5 days 12:00:00,132,18.5,130.5,943.6,114.0
2026-07-03 12:00:00,3,16,2026-07-09 06:00:00,5 days 18:00:00,138,18.75,129.38,943.5,114.0
2026-07-03 12:00:00,3,16,2026-07-09 12:00:00,6 days 00:00:00,144,19.0,128.25,943.5,114.1
2026-07-03 12:00:00,3,16,2026-07-09 18:00:00,6 days 06:00:00,150,19.75,127.63,947.5,109.8
2026-07-03 12:00:00,3,16,2026-07-10 00:00:00,6 days 12:00:00,156,20.5,127.0,951.5,105.6
2026-07-03 12:00:00,3,16,2026-07-10 06:00:00,6 days 18:00:00,162,21.38,126.25,951.8,105.3
2026-07-03 12:00:00,3,16,2026-07-10 12:00:00,7 days 00:00:00,168,22.25,125.5,952.0,105.0
2026-07-03 12:00:00,3,16,2026-07-10 18:00:00,7 days 06:00:00,174,23.25,124.76,951.6,105.5
2026-07-03 12:00:00,3,16,2026-07-11 00:00:00,7 days 12:00:00,180,24.25,124.0,951.1,106.0
2026-07-03 12:00:00,3,16,2026-07-11 06:00:00,7 days 18:00:00,186,25.38,123.26,955.5,101.2
2026-07-03 12:00:00,3,16,2026-07-11 12:00:00,8 days 00:00:00,192,26.5,122.5,959.8,96.4
2026-07-03 12:00:00,3,16,2026-07-11 18:00:00,8 days 06:00:00,198,28.5,122.25,965.7,89.5
2026-07-03 12:00:00,3,16,2026-07-12 00:00:00,8 days 12:00:00,204,30.5,122.0,971.6,82.6
2026-07-03 12:00:00,3,16,2026-07-12 06:00:00,8 days 18:00:00,210,31.63,121.75,975.4,77.9
2026-07-03 12:00:00,3,16,2026-07-12 12:00:00,9 days 00:00:00,216,32.75,121.5,979.2,73.2
2026-07-03 12:00:00,3,16,2026-07-12 18:00:00,9 days 06:00:00,222,34.5,122.36,980.9,71.1
2026-07-03 12:00:00,3,16,2026-07-13 00:00:00,9 days 12:00:00,228,36.25,123.25,982.5,68.9
2026-07-03 12:00:00,3,16,2026-07-13 06:00:00,9 days 18:00:00,234,37.38,124.23,985.2,65.3
2026-07-03 12:00:00,3,16,2026-07-13 12:00:00,10 days 00:00:00,240,38.5,125.25,987.9,61.7
2026-07-03 12:00:00,3,16,2026-07-13 18:00:00,10 days 06:00:00,246,39.53,127.84,989.8,59.0
2026-07-03 12:00:00,3,16,2026-07-14 00:00:00,10 days 12:00:00,252,40.5,130.5,991.7,56.3
2026-07-03 12:00:00,4,16,2026-07-03 12:00:00,0 days 00:00:00,0,19.5,-128.5,1001.2,41.7
2026-07-03 12:00:00,5,16,2026-07-03 12:00:00,0 days 00:00:00,0,18.5,110.0,997.5,47.5
2026-07-03 12:00:00,5,16,2026-07-03 18:00:00,0 days 06:00:00,6,19.38,109.13,996.6,49.0
2026-07-03 12:00:00,5,16,2026-07-04 00:00:00,0 days 12:00:00,12,20.25,108.25,995.7,50.4
2026-07-03 12:00:00,5,16,2026-07-04 06:00:00,0 days 18:00:00,18,20.88,108.0,994.5,52.1
2026-07-03 12:00:00,5,16,2026-07-04 12:00:00,1 days 00:00:00,24,21.5,107.75,993.4,53.9
2026-07-03 12:00:00,5,16,2026-07-04 18:00:00,1 days 06:00:00,30,21.88,107.63,995.5,50.7
2026-07-03 12:00:00,5,16,2026-07-05 00:00:00,1 days 12:00:00,36,22.25,107.5,997.6,47.5
2026-07-03 12:00:00,6,16,2026-07-10 12:00:00,7 days 00:00:00,168,15.0,153.25,1004.5,36.0
2026-07-03 12:00:00,6,16,2026-07-10 18:00:00,7 days 06:00:00,174,15.88,152.13,1003.0,38.7
2026-07-03 12:00:00,6,16,2026-07-11 00:00:00,7 days 12:00:00,180,16.75,151.0,1001.4,41.3
2026-07-03 12:00:00,6,16,2026-07-11 06:00:00,7 days 18:00:00,186,17.5,150.13,998.2,46.3
2026-07-03 12:00:00,6,16,2026-07-11 12:00:00,8 days 00:00:00,192,18.25,149.25,995.1,51.3
2026-07-03 12:00:00,6,16,2026-07-11 18:00:00,8 days 06:00:00,198,19.13,148.88,995.3,51.0
2026-07-03 12:00:00,6,16,2026-07-12 00:00:00,8 days 12:00:00,204,20.0,148.5,995.5,50.7
2026-07-03 12:00:00,6,16,2026-07-12 06:00:00,8 days 18:00:00,210,21.0,148.13,992.2,55.4
2026-07-03 12:00:00,6,16,2026-07-12 12:00:00,9 days 00:00:00,216,22.0,147.75,989.0,60.2
2026-07-03 12:00:00,6,16,2026-07-12 18:00:00,9 days 06:00:00,222,23.0,147.5,988.3,61.1
2026-07-03 12:00:00,6,16,2026-07-13 00:00:00,9 days 12:00:00,228,24.0,147.25,987.7,62.0
2026-07-03 12:00:00,6,16,2026-07-13 06:00:00,9 days 18:00:00,234,24.88,147.25,990.9,57.4
2026-07-03 12:00:00,6,16,2026-07-13 12:00:00,10 days 00:00:00,240,25.75,147.25,994.1,52.9
2026-07-03 12:00:00,6,16,2026-07-13 18:00:00,10 days 06:00:00,246,26.5,147.37,997.0,48.3
2026-07-03 12:00:00,6,16,2026-07-14 00:00:00,10 days 12:00:00,252,27.25,147.5,1000.0,43.7
2026-07-03 12:00:00,6,16,2026-07-14 06:00:00,10 days 18:00:00,258,28.0,147.62,1001.0,41.9
2026-07-03 12:00:00,6,16,2026-07-14 12:00:00,11 days 00:00:00,264,28.75,147.75,1002.1,40.1
2026-07-03 12:00:00,6,16,2026-07-14 18:00:00,11 days 06:00:00,270,29.38,148.25,1001.7,40.9
2026-07-03 12:00:00,6,16,2026-07-15 00:00:00,11 days 12:00:00,276,30.0,148.75,1001.2,41.7
2026-07-03 12:00:00,6,16,2026-07-15 06:00:00,11 days 18:00:00,282,30.51,150.24,1000.2,43.2
2026-07-03 12:00:00,6,16,2026-07-15 12:00:00,12 days 00:00:00,288,31.0,151.75,999.3,44.8
2026-07-03 12:00:00,6,16,2026-07-15 18:00:00,12 days 06:00:00,294,31.64,153.36,998.3,46.4
2026-07-03 12:00:00,6,16,2026-07-16 00:00:00,12 days 12:00:00,300,32.25,155.0,997.3,47.9
2026-07-03 12:00:00,6,16,2026-07-16 06:00:00,12 days 18:00:00,306,33.15,157.23,997.9,46.9
2026-07-03 12:00:00,6,16,2026-07-16 12:00:00,13 days 00:00:00,312,34.0,159.5,998.6,45.9
2026-07-03 12:00:00,6,16,2026-07-16 18:00:00,13 days 06:00:00,318,35.02,161.48,1000.0,43.6
2026-07-03 12:00:00,6,16,2026-07-17 00:00:00,13 days 12:00:00,324,36.0,163.5,1001.4,41.2
2026-07-03 12:00:00,6,16,2026-07-17 06:00:00,13 days 18:00:00,330,36.76,165.23,1003.1,38.3
2026-07-03 12:00:00,6,16,2026-07-17 12:00:00,14 days 00:00:00,336,37.5,167.0,1004.8,35.4
2026-07-03 12:00:00,6,16,2026-07-17 18:00:00,14 days 06:00:00,342,38.15,169.23,1006.8,31.6
2026-07-03 12:00:00,6,16,2026-07-18 00:00:00,14 days 12:00:00,348,38.75,171.5,1008.8,27.9
2026-07-03 12:00:00,7,16,2026-07-13 00:00:00,9 days 12:00:00,228,-38.25,-125.25,979.3,73.1
2026-07-03 12:00:00,7,16,2026-07-13 06:00:00,9 days 18:00:00,234,-40.12,-125.25,977.9,74.9
2026-07-03 12:00:00,7,16,2026-07-13 12:00:00,10 days 00:00:00,240,-42.0,-125.25,976.5,76.7
2026-07-03 12:00:00,7,16,2026-07-13 18:00:00,10 days 06:00:00,246,-43.42,-127.11,976.7,76.4
2026-07-03 12:00:00,7,16,2026-07-14 00:00:00,10 days 12:00:00,252,-44.82,-129.06,977.0,76.1
2026-07-03 12:00:00,7,16,2026-07-14 06:00:00,10 days 18:00:00,258,-46.18,-131.11,977.2,75.8
2026-07-03 12:00:00,7,16,2026-07-14 12:00:00,11 days 00:00:00,264,-47.5,-133.25,977.5,75.4
2026-07-03 12:00:00,7,16,2026-07-14 18:00:00,11 days 06:00:00,270,-47.76,-134.49,978.5,74.1
2026-07-03 12:00:00,7,16,2026-07-15 00:00:00,11 days 12:00:00,276,-48.0,-135.75,979.6,72.7
2026-07-03 12:00:00,7,16,2026-07-15 06:00:00,11 days 18:00:00,282,-47.25,-136.51,980.6,71.4
2026-07-03 12:00:00,7,16,2026-07-15 12:00:00,12 days 00:00:00,288,-46.5,-137.25,981.6,70.1
2026-07-03 12:00:00,7,16,2026-07-15 18:00:00,12 days 06:00:00,294,-45.07,-138.12,982.4,69.0
2026-07-03 12:00:00,7,16,2026-07-16 00:00:00,12 days 12:00:00,300,-43.64,-138.95,983.3,67.9
2026-07-03 12:00:00,7,16,2026-07-16 06:00:00,12 days 18:00:00,306,-42.19,-139.74,984.1,66.8
2026-07-03 12:00:00,7,16,2026-07-16 12:00:00,13 days 00:00:00,312,-40.75,-140.5,984.9,65.7
2026-07-03 12:00:00,7,16,2026-07-16 18:00:00,13 days 06:00:00,318,-39.0,-141.4,986.2,64.0
2026-07-03 12:00:00,7,16,2026-07-17 00:00:00,13 days 12:00:00,324,-37.25,-142.25,987.5,62.2
2026-07-03 12:00:00,7,16,2026-07-17 06:00:00,13 days 18:00:00,330,-36.13,-141.74,991.1,57.1
2026-07-03 12:00:00,7,16,2026-07-17 12:00:00,14 days 00:00:00,336,-35.0,-141.25,994.7,51.9
2026-07-03 12:00:00,8,16,2026-07-13 12:00:00,10 days 00:00:00,240,7.75,-178.25,1006.4,32.5
2026-07-03 12:00:00,8,16,2026-07-13 18:00:00,10 days 06:00:00,246,7.5,-178.63,1005.9,33.5
2026-07-03 12:00:00,8,16,2026-07-14 00:00:00,10 days 12:00:00,252,7.25,-179.0,1005.3,34.6
2026-07-03 12:00:00,8,16,2026-07-14 06:00:00,10 days 18:00:00,258,7.5,-179.5,1004.8,35.5
2026-07-03 12:00:00,8,16,2026-07-14 12:00:00,11 days 00:00:00,264,7.75,180.0,1004.2,36.5
2026-07-03 12:00:00,8,16,2026-07-14 18:00:00,11 days 06:00:00,270,8.13,179.63,1003.8,37.2
2026-07-03 12:00:00,8,16,2026-07-15 00:00:00,11 days 12:00:00,276,8.5,179.25,1003.4,37.9
2026-07-03 12:00:00,8,16,2026-07-15 06:00:00,11 days 18:00:00,282,8.88,178.88,1001.6,40.9
2026-07-03 12:00:00,8,16,2026-07-15 12:00:00,12 days 00:00:00,288,9.25,178.5,999.8,43.9
2026-07-03 12:00:00,8,16,2026-07-15 18:00:00,12 days 06:00:00,294,10.13,178.13,998.2,46.5
2026-07-03 12:00:00,8,16,2026-07-16 00:00:00,12 days 12:00:00,300,11.0,177.75,996.6,49.0
2026-07-03 12:00:00,8,16,2026-07-16 06:00:00,12 days 18:00:00,306,11.38,177.13,995.3,50.9
2026-07-03 12:00:00,8,16,2026-07-16 12:00:00,13 days 00:00:00,312,11.75,176.5,994.0,52.9
2026-07-03 12:00:00,8,16,2026-07-16 18:00:00,13 days 06:00:00,318,12.13,176.0,994.5,52.2
2026-07-03 12:00:00,8,16,2026-07-17 00:00:00,13 days 12:00:00,324,12.5,175.5,995.0,51.5
2026-07-03 12:00:00,8,16,2026-07-17 06:00:00,13 days 18:00:00,330,12.63,175.13,992.8,54.7
2026-07-03 12:00:00,8,16,2026-07-17 12:00:00,14 days 00:00:00,336,12.75,174.75,990.5,58.0
2026-07-03 12:00:00,8,16,2026-07-17 18:00:00,14 days 06:00:00,342,13.0,174.25,992.3,55.4
2026-07-03 12:00:00,8,16,2026-07-18 00:00:00,14 days 12:00:00,348,13.25,173.75,994.1,52.8
2026-07-03 12:00:00,8,16,2026-07-18 06:00:00,14 days 18:00:00,354,13.75,173.0,995.6,50.6
2026-07-03 12:00:00,8,16,2026-07-18 12:00:00,15 days 00:00:00,360,14.25,172.25,997.1,48.3
2026-07-03 12:00:00,3,17,2026-07-03 12:00:00,0 days 00:00:00,0,12.75,153.0,976.5,76.7
2026-07-03 12:00:00,3,17,2026-07-03 18:00:00,0 days 06:00:00,6,12.88,152.38,974.9,78.7
2026-07-03 12:00:00,3,17,2026-07-04 00:00:00,0 days 12:00:00,12,13.0,151.75,973.2,80.7
2026-07-03 12:00:00,3,17,2026-07-04 06:00:00,0 days 18:00:00,18,13.0,151.12,973.3,80.7
2026-07-03 12:00:00,3,17,2026-07-04 12:00:00,1 days 00:00:00,24,13.0,150.5,973.3,80.6
2026-07-03 12:00:00,3,17,2026-07-04 18:00:00,1 days 06:00:00,30,13.0,149.75,970.6,83.9
2026-07-03 12:00:00,3,17,2026-07-05 00:00:00,1 days 12:00:00,36,13.0,149.0,967.9,87.1
2026-07-03 12:00:00,3,17,2026-07-05 06:00:00,1 days 18:00:00,42,13.25,148.0,965.6,89.8
2026-07-03 12:00:00,3,17,2026-07-05 12:00:00,2 days 00:00:00,48,13.5,147.0,963.4,92.4
2026-07-03 12:00:00,3,17,2026-07-05 18:00:00,2 days 06:00:00,54,13.88,145.88,963.3,92.5
2026-07-03 12:00:00,3,17,2026-07-06 00:00:00,2 days 12:00:00,60,14.25,144.75,963.2,92.6
2026-07-03 12:00:00,3,17,2026-07-06 06:00:00,2 days 18:00:00,66,14.38,143.38,958.0,98.4
2026-07-03 12:00:00,3,17,2026-07-06 12:00:00,3 days 00:00:00,72,14.5,142.0,952.8,104.2
2026-07-03 12:00:00,3,17,2026-07-06 18:00:00,3 days 06:00:00,78,14.75,140.63,951.2,105.9
2026-07-03 12:00:00,3,17,2026-07-07 00:00:00,3 days 12:00:00,84,15.0,139.25,949.7,107.5
2026-07-03 12:00:00,3,17,2026-07-07 06:00:00,3 days 18:00:00,90,15.38,137.88,946.5,110.9
2026-07-03 12:00:00,3,17,2026-07-07 12:00:00,4 days 00:00:00,96,15.75,136.5,943.4,114.2
2026-07-03 12:00:00,3,17,2026-07-07 18:00:00,4 days 06:00:00,102,16.13,135.0,946.0,111.5
2026-07-03 12:00:00,3,17,2026-07-08 00:00:00,4 days 12:00:00,108,16.5,133.5,948.6,108.7
2026-07-03 12:00:00,3,17,2026-07-08 06:00:00,4 days 18:00:00,114,16.88,132.25,949.0,108.3
2026-07-03 12:00:00,3,17,2026-07-08 12:00:00,5 days 00:00:00,120,17.25,131.0,949.4,107.9
2026-07-03 12:00:00,3,17,2026-07-08 18:00:00,5 days 06:00:00,126,17.75,130.0,947.9,109.4
2026-07-03 12:00:00,3,17,2026-07-09 00:00:00,5 days 12:00:00,132,18.25,129.0,946.5,111.0
2026-07-03 12:00:00,3,17,2026-07-09 06:00:00,5 days 18:00:00,138,18.75,127.88,944.5,113.0
2026-07-03 12:00:00,3,17,2026-07-09 12:00:00,6 days 00:00:00,144,19.25,126.75,942.6,115.1
2026-07-03 12:00:00,3,17,2026-07-09 18:00:00,6 days 06:00:00,150,20.13,126.0,942.9,114.7
2026-07-03 12:00:00,3,17,2026-07-10 00:00:00,6 days 12:00:00,156,21.0,125.25,943.3,114.3
2026-07-03 12:00:00,3,17,2026-07-10 06:00:00,6 days 18:00:00,162,22.13,124.51,945.6,111.8
2026-07-03 12:00:00,3,17,2026-07-10 12:00:00,7 days 00:00:00,168,23.25,123.75,948.0,109.4
2026-07-03 12:00:00,3,17,2026-07-10 18:00:00,7 days 06:00:00,174,24.63,122.64,952.3,104.6
2026-07-03 12:00:00,3,17,2026-07-11 00:00:00,7 days 12:00:00,180,26.0,121.5,956.7,99.9
2026-07-03 12:00:00,3,17,2026-07-11 06:00:00,7 days 18:00:00,186,27.0,121.13,966.4,88.6
2026-07-03 12:00:00,3,17,2026-07-11 12:00:00,8 days 00:00:00,192,28.0,120.75,976.0,77.3
2026-07-03 12:00:00,3,17,2026-07-11 18:00:00,8 days 06:00:00,198,29.38,119.64,982.7,68.5
2026-07-03 12:00:00,3,17,2026-07-12 00:00:00,8 days 12:00:00,204,30.75,118.5,989.3,59.7
2026-07-03 12:00:00,3,17,2026-07-12 06:00:00,8 days 18:00:00,210,31.0,118.75,990.3,58.4
2026-07-03 12:00:00,3,17,2026-07-12 12:00:00,9 days 00:00:00,216,31.25,119.0,991.2,57.0
2026-07-03 12:00:00,3,17,2026-07-12 18:00:00,9 days 06:00:00,222,32.75,118.75,992.0,55.9
2026-07-03 12:00:00,3,17,2026-07-13 00:00:00,9 days 12:00:00,228,34.25,118.5,992.7,54.8
2026-07-03 12:00:00,3,17,2026-07-13 06:00:00,9 days 18:00:00,234,34.63,119.0,992.9,54.6
2026-07-03 12:00:00,3,17,2026-07-13 12:00:00,10 days 00:00:00,240,35.0,119.5,993.0,54.4
2026-07-03 12:00:00,4,17,2026-07-03 12:00:00,0 days 00:00:00,0,19.5,-128.5,1001.2,41.7
2026-07-03 12:00:00,5,17,2026-07-03 12:00:00,0 days 00:00:00,0,18.5,110.0,997.5,47.5
2026-07-03 12:00:00,5,17,2026-07-03 18:00:00,0 days 06:00:00,6,19.38,109.13,996.0,49.9
2026-07-03 12:00:00,5,17,2026-07-04 00:00:00,0 days 12:00:00,12,20.25,108.25,994.5,52.2
2026-07-03 12:00:00,5,17,2026-07-04 06:00:00,0 days 18:00:00,18,20.75,108.0,994.1,52.7
2026-07-03 12:00:00,5,17,2026-07-04 12:00:00,1 days 00:00:00,24,21.25,107.75,993.8,53.3
2026-07-03 12:00:00,5,17,2026-07-04 18:00:00,1 days 06:00:00,30,21.88,107.63,995.2,51.1
2026-07-03 12:00:00,5,17,2026-07-05 00:00:00,1 days 12:00:00,36,22.5,107.5,996.6,49.0
2026-07-03 12:00:00,5,17,2026-07-05 06:00:00,1 days 18:00:00,42,23.0,108.12,997.4,47.7
2026-07-03 12:00:00,5,17,2026-07-05 12:00:00,2 days 00:00:00,48,23.5,108.75,998.3,46.4
2026-07-03 12:00:00,6,17,2026-07-04 00:00:00,0 days 12:00:00,12,20.5,87.25,994.7,51.9
2026-07-03 12:00:00,6,17,2026-07-04 06:00:00,0 days 18:00:00,18,20.0,86.62,993.1,54.2
2026-07-03 12:00:00,6,17,2026-07-04 12:00:00,1 days 00:00:00,24,19.5,86.0,991.6,56.5
2026-07-03 12:00:00,6,17,2026-07-04 18:00:00,1 days 06:00:00,30,20.38,86.99,991.8,56.2
2026-07-03 12:00:00,6,17,2026-07-05 00:00:00,1 days 12:00:00,36,21.25,88.0,992.0,55.9
2026-07-03 12:00:00,6,17,2026-07-05 06:00:00,1 days 18:00:00,42,21.38,87.88,991.7,56.4
2026-07-03 12:00:00,6,17,2026-07-05 12:00:00,2 days 00:00:00,48,21.5,87.75,991.3,56.8
2026-07-03 12:00:00,6,17,2026-07-05 18:00:00,2 days 06:00:00,54,22.0,87.63,991.9,56.0
2026-07-03 12:00:00,6,17,2026-07-06 00:00:00,2 days 12:00:00,60,22.5,87.5,992.5,55.2
2026-07-03 12:00:00,6,17,2026-07-06 06:00:00,2 days 18:00:00,66,27.38,87.02,991.0,57.2
2026-07-03 12:00:00,6,17,2026-07-06 12:00:00,3 days 00:00:00,72,32.25,86.5,989.6,59.3
2026-07-03 12:00:00,6,17,2026-07-06 18:00:00,3 days 06:00:00,78,28.0,85.46,991.1,57.2
2026-07-03 12:00:00,6,17,2026-07-07 00:00:00,3 days 12:00:00,84,23.75,84.5,992.5,55.1
2026-07-03 12:00:00,6,17,2026-07-07 06:00:00,3 days 18:00:00,90,24.5,84.13,992.3,55.4
2026-07-03 12:00:00,6,17,2026-07-07 12:00:00,4 days 00:00:00,96,25.25,83.75,992.2,55.6
2026-07-03 12:00:00,6,17,2026-07-07 18:00:00,4 days 06:00:00,102,25.13,82.62,992.6,55.0
2026-07-03 12:00:00,6,17,2026-07-08 00:00:00,4 days 12:00:00,108,25.0,81.5,993.0,54.5
2026-07-03 12:00:00,6,17,2026-07-08 06:00:00,4 days 18:00:00,114,25.38,81.25,991.9,56.1
2026-07-03 12:00:00,6,17,2026-07-08 12:00:00,5 days 00:00:00,120,25.75,81.0,990.8,57.6
2026-07-03 12:00:00,6,17,2026-07-08 18:00:00,5 days 06:00:00,126,25.88,81.0,991.2,57.1
2026-07-03 12:00:00,6,17,2026-07-09 00:00:00,5 days 12:00:00,132,26.0,81.0,991.6,56.5
2026-07-03 12:00:00,6,17,2026-07-09 06:00:00,5 days 18:00:00,138,26.25,80.5,992.2,55.6
2026-07-03 12:00:00,6,17,2026-07-09 12:00:00,6 days 00:00:00,144,26.5,80.0,992.8,54.7
2026-07-03 12:00:00,6,17,2026-07-09 18:00:00,6 days 06:00:00,150,26.25,79.87,992.6,55.0
2026-07-03 12:00:00,6,17,2026-07-10 00:00:00,6 days 12:00:00,156,26.0,79.75,992.4,55.2
2026-07-03 12:00:00,6,17,2026-07-10 06:00:00,6 days 18:00:00,162,26.25,80.0,993.0,54.4
2026-07-03 12:00:00,6,17,2026-07-10 12:00:00,7 days 00:00:00,168,26.5,80.25,993.6,53.6
2026-07-03 12:00:00,6,17,2026-07-10 18:00:00,7 days 06:00:00,174,26.25,80.38,993.7,53.3
2026-07-03 12:00:00,6,17,2026-07-11 00:00:00,7 days 12:00:00,180,26.0,80.5,993.9,53.1
2026-07-03 12:00:00,6,17,2026-07-11 06:00:00,7 days 18:00:00,186,26.13,81.37,993.7,53.3
2026-07-03 12:00:00,6,17,2026-07-11 12:00:00,8 days 00:00:00,192,26.25,82.25,993.6,53.6
2026-07-03 12:00:00,6,17,2026-07-11 18:00:00,8 days 06:00:00,198,27.5,82.73,993.2,54.1
2026-07-03 12:00:00,6,17,2026-07-12 00:00:00,8 days 12:00:00,204,28.75,83.23,992.9,54.5
2026-07-03 12:00:00,6,17,2026-07-12 06:00:00,8 days 18:00:00,210,30.0,83.73,992.6,55.0
2026-07-03 12:00:00,6,17,2026-07-12 12:00:00,9 days 00:00:00,216,31.25,84.25,992.3,55.5
2026-07-03 12:00:00,6,17,2026-07-12 18:00:00,9 days 06:00:00,222,28.38,83.99,993.5,53.7
2026-07-03 12:00:00,6,17,2026-07-13 00:00:00,9 days 12:00:00,228,25.5,83.75,994.8,51.8
2026-07-03 12:00:00,6,17,2026-07-13 06:00:00,9 days 18:00:00,234,25.5,83.38,994.8,51.8
2026-07-03 12:00:00,6,17,2026-07-13 12:00:00,10 days 00:00:00,240,25.5,83.0,994.8,51.8
2026-07-03 12:00:00,6,17,2026-07-13 18:00:00,10 days 06:00:00,246,27.37,82.94,994.9,51.6
2026-07-03 12:00:00,6,17,2026-07-14 00:00:00,10 days 12:00:00,252,29.25,82.88,995.1,51.3
2026-07-03 12:00:00,6,17,2026-07-14 06:00:00,10 days 18:00:00,258,31.13,82.82,995.3,51.0
2026-07-03 12:00:00,6,17,2026-07-14 12:00:00,11 days 00:00:00,264,33.0,82.75,995.4,50.8
2026-07-03 12:00:00,6,17,2026-07-14 18:00:00,11 days 06:00:00,270,32.94,82.75,995.8,50.2
2026-07-03 12:00:00,6,17,2026-07-15 00:00:00,11 days 12:00:00,276,32.88,82.75,996.1,49.7
2026-07-03 12:00:00,6,17,2026-07-15 06:00:00,11 days 18:00:00,282,32.81,82.75,996.5,49.2
2026-07-03 12:00:00,6,17,2026-07-15 12:00:00,12 days 00:00:00,288,32.75,82.75,996.9,48.6
2026-07-03 12:00:00,7,17,2026-07-12 12:00:00,9 days 00:00:00,216,-46.25,-141.0,967.6,87.4
2026-07-03 12:00:00,7,17,2026-07-12 18:00:00,9 days 06:00:00,222,-48.13,-139.92,970.5,84.0
2026-07-03 12:00:00,7,17,2026-07-13 00:00:00,9 days 12:00:00,228,-50.0,-138.75,973.4,80.5
2026-07-03 12:00:00,7,17,2026-07-13 06:00:00,9 days 18:00:00,234,-49.28,-143.02,980.8,70.0
2026-07-03 12:00:00,7,17,2026-07-13 12:00:00,10 days 00:00:00,240,-48.41,-147.17,988.2,59.6
2026-07-03 12:00:00,7,17,2026-07-13 18:00:00,10 days 06:00:00,246,-47.39,-151.18,995.6,49.1
2026-07-03 12:00:00,7,17,2026-07-14 00:00:00,10 days 12:00:00,252,-46.25,-155.0,1003.0,38.6
2026-07-03 12:00:00,7,17,2026-07-14 06:00:00,10 days 18:00:00,258,-43.63,-153.83,1001.9,40.5
2026-07-03 12:00:00,7,17,2026-07-14 12:00:00,11 days 00:00:00,264,-41.0,-152.75,1000.8,42.3
2026-07-03 12:00:00,7,17,2026-07-14 18:00:00,11 days 06:00:00,270,-41.91,-151.19,994.3,51.5
2026-07-03 12:00:00,7,17,2026-07-15 00:00:00,11 days 12:00:00,276,-42.8,-149.59,987.7,60.6
2026-07-03 12:00:00,7,17,2026-07-15 06:00:00,11 days 18:00:00,282,-43.66,-147.94,981.2,69.8
2026-07-03 12:00:00,7,17,2026-07-15 12:00:00,12 days 00:00:00,288,-44.5,-146.25,974.6,79.0
2026-07-03 12:00:00,7,17,2026-07-15 18:00:00,12 days 06:00:00,294,-42.5,-146.64,974.9,78.7
2026-07-03 12:00:00,7,17,2026-07-16 00:00:00,12 days 12:00:00,300,-40.5,-147.0,975.1,78.4
2026-07-03 12:00:00,7,17,2026-07-16 06:00:00,12 days 18:00:00,306,-40.27,-145.12,974.5,79.2
2026-07-03 12:00:00,7,17,2026-07-16 12:00:00,13 days 00:00:00,312,-40.0,-143.25,973.9,79.9
2026-07-03 12:00:00,7,17,2026-07-16 18:00:00,13 days 06:00:00,318,-40.02,-141.13,975.5,77.9
2026-07-03 12:00:00,7,17,2026-07-17 00:00:00,13 days 12:00:00,324,-40.0,-139.0,977.2,75.8
2026-07-03 12:00:00,7,17,2026-07-17 06:00:00,13 days 18:00:00,330,-40.75,-138.01,978.4,74.3
2026-07-03 12:00:00,7,17,2026-07-17 12:00:00,14 days 00:00:00,336,-41.5,-137.0,979.6,72.8
2026-07-03 12:00:00,7,17,2026-07-17 18:00:00,14 days 06:00:00,342,-42.38,-137.12,980.3,71.9
2026-07-03 12:00:00,7,17,2026-07-18 00:00:00,14 days 12:00:00,348,-43.25,-137.25,981.0,70.9
2026-07-03 12:00:00,8,17,2026-07-15 12:00:00,12 days 00:00:00,288,13.75,-111.75,1003.4,38.0
2026-07-03 12:00:00,8,17,2026-07-15 18:00:00,12 days 06:00:00,294,13.01,-113.51,1001.2,41.5
2026-07-03 12:00:00,8,17,2026-07-16 00:00:00,12 days 12:00:00,300,12.25,-115.25,999.1,45.0
2026-07-03 12:00:00,8,17,2026-07-16 06:00:00,12 days 18:00:00,306,12.88,-116.12,997.8,47.1
2026-07-03 12:00:00,8,17,2026-07-16 12:00:00,13 days 00:00:00,312,13.5,-117.0,996.5,49.1
2026-07-03 12:00:00,8,17,2026-07-16 18:00:00,13 days 06:00:00,318,14.0,-118.37,993.2,54.0
2026-07-03 12:00:00,8,17,2026-07-17 00:00:00,13 days 12:00:00,324,14.5,-119.75,989.9,58.9
2026-07-03 12:00:00,8,17,2026-07-17 06:00:00,13 days 18:00:00,330,14.88,-121.12,988.2,61.3
2026-07-03 12:00:00,8,17,2026-07-17 12:00:00,14 days 00:00:00,336,15.25,-122.5,986.5,63.6
2026-07-03 12:00:00,8,17,2026-07-17 18:00:00,14 days 06:00:00,342,15.38,-124.12,986.4,63.7
2026-07-03 12:00:00,8,17,2026-07-18 00:00:00,14 days 12:00:00,348,15.5,-125.75,986.3,63.8
2026-07-03 12:00:00,8,17,2026-07-18 06:00:00,14 days 18:00:00,354,15.88,-127.25,984.9,65.7
2026-07-03 12:00:00,8,17,2026-07-18 12:00:00,15 days 00:00:00,360,16.25,-128.75,983.5,67.6
2026-07-03 12:00:00,9,17,2026-07-16 00:00:00,12 days 12:00:00,300,24.5,149.0,1004.8,35.5
2026-07-03 12:00:00,9,17,2026-07-16 06:00:00,12 days 18:00:00,306,24.75,149.75,1005.4,34.3
2026-07-03 12:00:00,9,17,2026-07-16 12:00:00,13 days 00:00:00,312,25.0,150.5,1006.1,33.1
2026-07-03 12:00:00,9,17,2026-07-16 18:00:00,13 days 06:00:00,318,25.13,150.87,1005.7,33.9
2026-07-03 12:00:00,9,17,2026-07-17 00:00:00,13 days 12:00:00,324,25.25,151.25,1005.2,34.7
2026-07-03 12:00:00,9,17,2026-07-17 06:00:00,13 days 18:00:00,330,25.75,151.87,1004.9,35.3
2026-07-03 12:00:00,9,17,2026-07-17 12:00:00,14 days 00:00:00,336,26.25,152.5,1004.6,35.9
2026-07-03 12:00:00,9,17,2026-07-17 18:00:00,14 days 06:00:00,342,26.88,153.12,1003.7,37.5
2026-07-03 12:00:00,9,17,2026-07-18 00:00:00,14 days 12:00:00,348,27.5,153.75,1002.8,39.0
2026-07-03 12:00:00,9,17,2026-07-18 06:00:00,14 days 18:00:00,354,28.25,154.62,1004.3,36.3
2026-07-03 12:00:00,9,17,2026-07-18 12:00:00,15 days 00:00:00,360,29.0,155.5,1005.9,33.5
2026-07-03 12:00:00,10,18,2026-07-15 12:00:00,12 days 00:00:00,288,38.5,-68.0,1013.1,18.6
2026-07-03 12:00:00,10,18,2026-07-15 18:00:00,12 days 06:00:00,294,38.52,-66.0,1012.8,19.4
2026-07-03 12:00:00,10,18,2026-07-16 00:00:00,12 days 12:00:00,300,38.5,-64.0,1012.4,20.1
2026-07-03 12:00:00,10,18,2026-07-16 06:00:00,12 days 18:00:00,306,38.39,-62.12,1012.9,18.9
2026-07-03 12:00:00,10,18,2026-07-16 12:00:00,13 days 00:00:00,312,38.25,-60.25,1013.5,17.7
2026-07-03 12:00:00,10,18,2026-07-16 18:00:00,13 days 06:00:00,318,37.76,-58.36,1012.8,19.2
2026-07-03 12:00:00,10,18,2026-07-17 00:00:00,13 days 12:00:00,324,37.25,-56.5,1012.2,20.7
2026-07-03 12:00:00,10,18,2026-07-17 06:00:00,13 days 18:00:00,330,36.26,-54.73,1011.2,22.8
2026-07-03 12:00:00,10,18,2026-07-17 12:00:00,14 days 00:00:00,336,35.25,-53.0,1010.3,24.9
2026-07-03 12:00:00,10,18,2026-07-17 18:00:00,14 days 06:00:00,342,35.26,-51.75,1010.1,25.4
2026-07-03 12:00:00,10,18,2026-07-18 00:00:00,14 days 12:00:00,348,35.25,-50.5,1009.8,25.9
2026-07-03 12:00:00,10,18,2026-07-18 06:00:00,14 days 18:00:00,354,35.63,-49.75,1008.5,28.5
2026-07-03 12:00:00,10,18,2026-07-18 12:00:00,15 days 00:00:00,360,36.0,-49.0,1007.1,31.2
2026-07-03 12:00:00,3,18,2026-07-03 12:00:00,0 days 00:00:00,0,12.75,153.0,976.5,76.7
2026-07-03 12:00:00,3,18,2026-07-03 18:00:00,0 days 06:00:00,6,12.88,152.25,972.5,81.6
2026-07-03 12:00:00,3,18,2026-07-04 00:00:00,0 days 12:00:00,12,13.0,151.5,968.5,86.4
2026-07-03 12:00:00,3,18,2026-07-04 06:00:00,0 days 18:00:00,18,12.88,150.87,968.5,86.4
2026-07-03 12:00:00,3,18,2026-07-04 12:00:00,1 days 00:00:00,24,12.75,150.25,968.5,86.4
2026-07-03 12:00:00,3,18,2026-07-04 18:00:00,1 days 06:00:00,30,13.25,149.25,966.6,88.6
2026-07-03 12:00:00,3,18,2026-07-05 00:00:00,1 days 12:00:00,36,13.75,148.25,964.7,90.9
2026-07-03 12:00:00,3,18,2026-07-05 06:00:00,1 days 18:00:00,42,13.75,147.5,966.4,88.9
2026-07-03 12:00:00,3,18,2026-07-05 12:00:00,2 days 00:00:00,48,13.75,146.75,968.1,86.9
2026-07-03 12:00:00,3,18,2026-07-05 18:00:00,2 days 06:00:00,54,13.88,145.88,961.9,93.9
2026-07-03 12:00:00,3,18,2026-07-06 00:00:00,2 days 12:00:00,60,14.0,145.0,955.8,100.9
2026-07-03 12:00:00,3,18,2026-07-06 06:00:00,2 days 18:00:00,66,14.38,144.0,955.4,101.4
2026-07-03 12:00:00,3,18,2026-07-06 12:00:00,3 days 00:00:00,72,14.75,143.0,955.0,101.8
2026-07-03 12:00:00,3,18,2026-07-06 18:00:00,3 days 06:00:00,78,15.25,141.5,954.2,102.7
2026-07-03 12:00:00,3,18,2026-07-07 00:00:00,3 days 12:00:00,84,15.75,140.0,953.4,103.6
2026-07-03 12:00:00,3,18,2026-07-07 06:00:00,3 days 18:00:00,90,16.25,138.75,951.9,105.2
2026-07-03 12:00:00,3,18,2026-07-07 12:00:00,4 days 00:00:00,96,16.75,137.5,950.4,106.8
2026-07-03 12:00:00,3,18,2026-07-07 18:00:00,4 days 06:00:00,102,17.25,136.38,949.4,107.8
2026-07-03 12:00:00,3,18,2026-07-08 00:00:00,4 days 12:00:00,108,17.75,135.25,948.5,108.9
2026-07-03 12:00:00,3,18,2026-07-08 06:00:00,4 days 18:00:00,114,18.0,134.0,945.6,111.9
2026-07-03 12:00:00,3,18,2026-07-08 12:00:00,5 days 00:00:00,120,18.25,132.75,942.7,114.9
2026-07-03 12:00:00,3,18,2026-07-08 18:00:00,5 days 06:00:00,126,18.63,131.5,943.8,113.8
2026-07-03 12:00:00,3,18,2026-07-09 00:00:00,5 days 12:00:00,132,19.0,130.25,944.8,112.7
2026-07-03 12:00:00,3,18,2026-07-09 06:00:00,5 days 18:00:00,138,19.63,129.13,944.4,113.1
2026-07-03 12:00:00,3,18,2026-07-09 12:00:00,6 days 00:00:00,144,20.25,128.0,944.1,113.5
2026-07-03 12:00:00,3,18,2026-07-09 18:00:00,6 days 06:00:00,150,21.13,127.13,944.0,113.6
2026-07-03 12:00:00,3,18,2026-07-10 00:00:00,6 days 12:00:00,156,22.0,126.25,944.0,113.6
2026-07-03 12:00:00,3,18,2026-07-10 06:00:00,6 days 18:00:00,162,23.25,125.51,948.5,108.7
2026-07-03 12:00:00,3,18,2026-07-10 12:00:00,7 days 00:00:00,168,24.5,124.75,953.1,103.8
2026-07-03 12:00:00,3,18,2026-07-10 18:00:00,7 days 06:00:00,174,25.25,124.0,955.9,100.8
2026-07-03 12:00:00,3,18,2026-07-11 00:00:00,7 days 12:00:00,180,26.0,123.25,958.6,97.8
2026-07-03 12:00:00,3,18,2026-07-11 06:00:00,7 days 18:00:00,186,27.25,122.38,960.6,95.6
2026-07-03 12:00:00,3,18,2026-07-11 12:00:00,8 days 00:00:00,192,28.5,121.5,962.5,93.4
2026-07-03 12:00:00,3,18,2026-07-11 18:00:00,8 days 06:00:00,198,29.63,120.63,972.8,80.8
2026-07-03 12:00:00,3,18,2026-07-12 00:00:00,8 days 12:00:00,204,30.75,119.75,983.0,68.3
2026-07-03 12:00:00,3,18,2026-07-12 06:00:00,8 days 18:00:00,210,30.88,118.88,985.0,65.6
2026-07-03 12:00:00,3,18,2026-07-12 12:00:00,9 days 00:00:00,216,31.0,118.0,987.1,62.8
2026-07-03 12:00:00,3,18,2026-07-12 18:00:00,9 days 06:00:00,222,30.75,117.37,988.9,60.2
2026-07-03 12:00:00,3,18,2026-07-13 00:00:00,9 days 12:00:00,228,30.5,116.75,990.8,57.6
2026-07-03 12:00:00,3,18,2026-07-13 06:00:00,9 days 18:00:00,234,31.38,116.63,991.3,56.9
2026-07-03 12:00:00,3,18,2026-07-13 12:00:00,10 days 00:00:00,240,32.25,116.5,991.9,56.1
2026-07-03 12:00:00,3,18,2026-07-13 18:00:00,10 days 06:00:00,246,32.88,116.93,992.5,55.2
2026-07-03 12:00:00,3,18,2026-07-14 00:00:00,10 days 12:00:00,252,33.5,117.36,993.1,54.2
2026-07-03 12:00:00,3,18,2026-07-14 06:00:00,10 days 18:00:00,258,34.13,117.8,993.7,53.3
2026-07-03 12:00:00,3,18,2026-07-14 12:00:00,11 days 00:00:00,264,34.75,118.25,994.4,52.4
2026-07-03 12:00:00,4,18,2026-07-03 12:00:00,0 days 00:00:00,0,19.5,-128.5,1001.2,41.7
2026-07-03 12:00:00,4,18,2026-07-03 18:00:00,0 days 06:00:00,6,20.5,-128.62,1002.4,39.7
2026-07-03 12:00:00,4,18,2026-07-04 00:00:00,0 days 12:00:00,12,21.5,-128.75,1003.5,37.7
2026-07-03 12:00:00,5,18,2026-07-03 12:00:00,0 days 00:00:00,0,18.5,110.0,997.5,47.5
2026-07-03 12:00:00,5,18,2026-07-03 18:00:00,0 days 06:00:00,6,19.5,109.01,996.5,49.1
2026-07-03 12:00:00,5,18,2026-07-04 00:00:00,0 days 12:00:00,12,20.5,108.0,995.5,50.6
2026-07-03 12:00:00,5,18,2026-07-04 06:00:00,0 days 18:00:00,18,20.88,107.88,995.8,50.2
2026-07-03 12:00:00,5,18,2026-07-04 12:00:00,1 days 00:00:00,24,21.25,107.75,996.2,49.7
2026-07-03 12:00:00,5,18,2026-07-04 18:00:00,1 days 06:00:00,30,21.75,107.87,996.7,48.9
2026-07-03 12:00:00,5,18,2026-07-05 00:00:00,1 days 12:00:00,36,22.25,108.0,997.2,48.1
2026-07-03 12:00:00,6,18,2026-07-04 00:00:00,0 days 12:00:00,12,19.75,87.25,993.5,53.7
2026-07-03 12:00:00,6,18,2026-07-04 06:00:00,0 days 18:00:00,18,20.13,87.37,992.1,55.6
2026-07-03 12:00:00,6,18,2026-07-04 12:00:00,1 days 00:00:00,24,20.5,87.5,990.8,57.6
2026-07-03 12:00:00,6,18,2026-07-04 18:00:00,1 days 06:00:00,30,20.75,87.5,990.5,58.1
2026-07-03 12:00:00,6,18,2026-07-05 00:00:00,1 days 12:00:00,36,21.0,87.5,990.2,58.5
2026-07-03 12:00:00,6,18,2026-07-05 06:00:00,1 days 18:00:00,42,21.5,87.5,990.1,58.6
2026-07-03 12:00:00,6,18,2026-07-05 12:00:00,2 days 00:00:00,48,22.0,87.5,990.1,58.7
2026-07-03 12:00:00,6,18,2026-07-05 18:00:00,2 days 06:00:00,54,21.75,87.5,990.6,57.8
2026-07-03 12:00:00,6,18,2026-07-06 00:00:00,2 days 12:00:00,60,21.5,87.5,991.2,57.0
2026-07-03 12:00:00,6,18,2026-07-06 06:00:00,2 days 18:00:00,66,22.25,87.38,991.1,57.2
2026-07-03 12:00:00,6,18,2026-07-06 12:00:00,3 days 00:00:00,72,23.0,87.25,991.0,57.4
2026-07-03 12:00:00,6,18,2026-07-06 18:00:00,3 days 06:00:00,78,23.38,86.75,991.8,56.2
2026-07-03 12:00:00,6,18,2026-07-07 00:00:00,3 days 12:00:00,84,23.75,86.25,992.6,55.0
2026-07-03 12:00:00,6,18,2026-07-07 06:00:00,3 days 18:00:00,90,24.25,85.88,992.3,55.4
2026-07-03 12:00:00,6,18,2026-07-07 12:00:00,4 days 00:00:00,96,24.75,85.5,992.0,55.8
2026-07-03 12:00:00,6,18,2026-07-07 18:00:00,4 days 06:00:00,102,24.88,84.75,991.9,56.0
2026-07-03 12:00:00,6,18,2026-07-08 00:00:00,4 days 12:00:00,108,25.0,84.0,991.9,56.1
2026-07-03 12:00:00,6,18,2026-07-08 06:00:00,4 days 18:00:00,114,28.52,86.3,991.1,57.1
2026-07-03 12:00:00,6,18,2026-07-08 12:00:00,5 days 00:00:00,120,32.0,88.75,990.4,58.1
2026-07-03 12:00:00,6,18,2026-07-08 18:00:00,5 days 06:00:00,126,29.02,86.18,993.2,54.0
2026-07-03 12:00:00,6,18,2026-07-09 00:00:00,5 days 12:00:00,132,26.0,83.75,996.1,49.8
2026-07-03 12:00:00,7,18,2026-07-12 00:00:00,8 days 12:00:00,204,10.75,142.25,1005.5,34.3
2026-07-03 12:00:00,7,18,2026-07-12 06:00:00,8 days 18:00:00,210,10.75,141.88,1003.9,37.0
2026-07-03 12:00:00,7,18,2026-07-12 12:00:00,9 days 00:00:00,216,10.75,141.5,1002.3,39.7
2026-07-03 12:00:00,7,18,2026-07-12 18:00:00,9 days 06:00:00,222,11.5,140.88,1001.2,41.7
2026-07-03 12:00:00,7,18,2026-07-13 00:00:00,9 days 12:00:00,228,12.25,140.25,1000.0,43.6
2026-07-03 12:00:00,7,18,2026-07-13 06:00:00,9 days 18:00:00,234,13.38,140.13,999.7,44.1
2026-07-03 12:00:00,7,18,2026-07-13 12:00:00,10 days 00:00:00,240,14.5,140.0,999.4,44.7
2026-07-03 12:00:00,7,18,2026-07-13 18:00:00,10 days 06:00:00,246,15.38,140.0,998.7,45.7
2026-07-03 12:00:00,7,18,2026-07-14 00:00:00,10 days 12:00:00,252,16.25,140.0,998.0,46.8
2026-07-03 12:00:00,7,18,2026-07-14 06:00:00,10 days 18:00:00,258,17.25,139.5,997.5,47.7
2026-07-03 12:00:00,7,18,2026-07-14 12:00:00,11 days 00:00:00,264,18.25,139.0,996.9,48.6
2026-07-03 12:00:00,7,18,2026-07-14 18:00:00,11 days 06:00:00,270,18.75,139.0,996.1,49.8
2026-07-03 12:00:00,7,18,2026-07-15 00:00:00,11 days 12:00:00,276,19.25,139.0,995.3,51.0
2026-07-03 12:00:00,7,18,2026-07-15 06:00:00,11 days 18:00:00,282,19.88,138.75,996.0,49.9
2026-07-03 12:00:00,7,18,2026-07-15 12:00:00,12 days 00:00:00,288,20.5,138.5,996.7,48.8
2026-07-03 12:00:00,8,18,2026-07-13 00:00:00,9 days 12:00:00,228,-42.0,-131.5,978.5,74.2
2026-07-03 12:00:00,8,18,2026-07-13 06:00:00,9 days 18:00:00,234,-43.76,-132.59,976.3,76.9
2026-07-03 12:00:00,8,18,2026-07-13 12:00:00,10 days 00:00:00,240,-45.5,-133.75,974.2,79.6
2026-07-03 12:00:00,8,18,2026-07-13 18:00:00,10 days 06:00:00,246,-46.25,-134.74,974.6,79.0
2026-07-03 12:00:00,8,18,2026-07-14 00:00:00,10 days 12:00:00,252,-47.0,-135.75,975.0,78.5
2026-07-03 12:00:00,8,18,2026-07-14 06:00:00,10 days 18:00:00,258,-46.76,-137.26,975.6,77.8
2026-07-03 12:00:00,8,18,2026-07-14 12:00:00,11 days 00:00:00,264,-46.5,-138.75,976.1,77.1
2026-07-03 12:00:00,8,18,2026-07-14 18:00:00,11 days 06:00:00,270,-45.88,-139.51,978.9,73.5
2026-07-03 12:00:00,8,18,2026-07-15 00:00:00,11 days 12:00:00,276,-45.25,-140.25,981.7,70.0
2026-07-03 12:00:00,8,18,2026-07-15 06:00:00,11 days 18:00:00,282,-44.75,-140.63,985.9,64.3
2026-07-03 12:00:00,8,18,2026-07-15 12:00:00,12 days 00:00:00,288,-44.25,-141.0,990.0,58.7
2026-07-03 12:00:00,8,18,2026-07-15 18:00:00,12 days 06:00:00,294,-44.0,-141.38,992.8,54.7
2026-07-03 12:00:00,8,18,2026-07-16 00:00:00,12 days 12:00:00,300,-43.75,-141.75,995.5,50.7
2026-07-03 12:00:00,9,18,2026-07-15 00:00:00,11 days 12:00:00,276,9.5,-119.0,1004.6,35.8
2026-07-03 12:00:00,9,18,2026-07-15 06:00:00,11 days 18:00:00,282,12.9,-115.42,1002.1,40.1
2026-07-03 12:00:00,9,18,2026-07-15 12:00:00,12 days 00:00:00,288,16.25,-111.75,999.6,44.3
2026-07-03 12:00:00,9,18,2026-07-15 18:00:00,12 days 06:00:00,294,17.13,-112.99,999.3,44.7
2026-07-03 12:00:00,9,18,2026-07-16 00:00:00,12 days 12:00:00,300,18.0,-114.25,999.1,45.1
2026-07-03 12:00:00,9,18,2026-07-16 06:00:00,12 days 18:00:00,306,18.5,-115.25,998.6,45.8
2026-07-03 12:00:00,9,18,2026-07-16 12:00:00,13 days 00:00:00,312,19.0,-116.25,998.2,46.5
2026-07-03 12:00:00,9,18,2026-07-16 18:00:00,13 days 06:00:00,318,19.26,-117.87,997.6,47.5
2026-07-03 12:00:00,9,18,2026-07-17 00:00:00,13 days 12:00:00,324,19.5,-119.5,997.0,48.5
2026-07-03 12:00:00,9,18,2026-07-17 06:00:00,13 days 18:00:00,330,19.88,-120.62,999.2,44.9
2026-07-03 12:00:00,9,18,2026-07-17 12:00:00,14 days 00:00:00,336,20.25,-121.75,1001.4,41.3
2026-07-03 12:00:00,9,18,2026-07-17 18:00:00,14 days 06:00:00,342,20.01,-123.13,1002.1,40.1
2026-07-03 12:00:00,9,18,2026-07-18 00:00:00,14 days 12:00:00,348,19.75,-124.5,1002.8,39.0
2026-07-03 12:00:00,9,18,2026-07-18 06:00:00,14 days 18:00:00,354,20.01,-125.87,1003.6,37.6
2026-07-03 12:00:00,9,18,2026-07-18 12:00:00,15 days 00:00:00,360,20.25,-127.25,1004.4,36.2
2026-07-03 12:00:00,3,19,2026-07-03 12:00:00,0 days 00:00:00,0,12.75,153.0,976.5,76.7
2026-07-03 12:00:00,3,19,2026-07-03 18:00:00,0 days 06:00:00,6,12.75,152.38,972.5,81.5
2026-07-03 12:00:00,3,19,2026-07-04 00:00:00,0 days 12:00:00,12,12.75,151.75,968.6,86.3
2026-07-03 12:00:00,3,19,2026-07-04 06:00:00,0 days 18:00:00,18,12.75,151.12,968.5,86.4
2026-07-03 12:00:00,3,19,2026-07-04 12:00:00,1 days 00:00:00,24,12.75,150.5,968.4,86.5
2026-07-03 12:00:00,3,19,2026-07-04 18:00:00,1 days 06:00:00,30,13.0,149.88,965.7,89.7
2026-07-03 12:00:00,3,19,2026-07-05 00:00:00,1 days 12:00:00,36,13.25,149.25,963.0,92.8
2026-07-03 12:00:00,3,19,2026-07-05 06:00:00,1 days 18:00:00,42,13.5,148.25,964.3,91.3
2026-07-03 12:00:00,3,19,2026-07-05 12:00:00,2 days 00:00:00,48,13.75,147.25,965.7,89.7
2026-07-03 12:00:00,3,19,2026-07-05 18:00:00,2 days 06:00:00,54,14.0,146.25,965.1,90.4
2026-07-03 12:00:00,3,19,2026-07-06 00:00:00,2 days 12:00:00,60,14.25,145.25,964.5,91.1
2026-07-03 12:00:00,3,19,2026-07-06 06:00:00,2 days 18:00:00,66,14.38,144.0,959.6,96.6
2026-07-03 12:00:00,3,19,2026-07-06 12:00:00,3 days 00:00:00,72,14.5,142.75,954.8,102.0
2026-07-03 12:00:00,3,19,2026-07-06 18:00:00,3 days 06:00:00,78,14.88,141.25,955.7,101.0
2026-07-03 12:00:00,3,19,2026-07-07 00:00:00,3 days 12:00:00,84,15.25,139.75,956.7,99.9
2026-07-03 12:00:00,3,19,2026-07-07 06:00:00,3 days 18:00:00,90,15.5,138.38,951.2,105.9
2026-07-03 12:00:00,3,19,2026-07-07 12:00:00,4 days 00:00:00,96,15.75,137.0,945.7,111.8
2026-07-03 12:00:00,3,19,2026-07-07 18:00:00,4 days 06:00:00,102,16.25,135.63,947.7,109.7
2026-07-03 12:00:00,3,19,2026-07-08 00:00:00,4 days 12:00:00,108,16.75,134.25,949.7,107.6
2026-07-03 12:00:00,3,19,2026-07-08 06:00:00,4 days 18:00:00,114,16.88,132.88,948.4,108.9
2026-07-03 12:00:00,3,19,2026-07-08 12:00:00,5 days 00:00:00,120,17.0,131.5,947.1,110.3
2026-07-03 12:00:00,3,19,2026-07-08 18:00:00,5 days 06:00:00,126,17.38,130.38,947.7,109.6
2026-07-03 12:00:00,3,19,2026-07-09 00:00:00,5 days 12:00:00,132,17.75,129.25,948.3,109.0
2026-07-03 12:00:00,3,19,2026-07-09 06:00:00,5 days 18:00:00,138,18.38,128.5,948.4,108.9
2026-07-03 12:00:00,3,19,2026-07-09 12:00:00,6 days 00:00:00,144,19.0,127.75,948.4,108.9
2026-07-03 12:00:00,3,19,2026-07-09 18:00:00,6 days 06:00:00,150,19.88,127.13,949.2,108.0
2026-07-03 12:00:00,3,19,2026-07-10 00:00:00,6 days 12:00:00,156,20.75,126.5,950.0,107.2
2026-07-03 12:00:00,3,19,2026-07-10 06:00:00,6 days 18:00:00,162,21.63,125.38,947.2,110.2
2026-07-03 12:00:00,3,19,2026-07-10 12:00:00,7 days 00:00:00,168,22.5,124.25,944.3,113.2
2026-07-03 12:00:00,3,19,2026-07-10 18:00:00,7 days 06:00:00,174,23.88,123.51,949.6,107.6
2026-07-03 12:00:00,3,19,2026-07-11 00:00:00,7 days 12:00:00,180,25.25,122.75,954.9,101.9
2026-07-03 12:00:00,3,19,2026-07-11 06:00:00,7 days 18:00:00,186,26.13,122.25,958.2,98.2
2026-07-03 12:00:00,3,19,2026-07-11 12:00:00,8 days 00:00:00,192,27.0,121.75,961.6,94.5
2026-07-03 12:00:00,3,19,2026-07-11 18:00:00,8 days 06:00:00,198,28.13,120.64,972.8,80.7
2026-07-03 12:00:00,3,19,2026-07-12 00:00:00,8 days 12:00:00,204,29.25,119.5,984.0,67.0
2026-07-03 12:00:00,3,19,2026-07-12 06:00:00,8 days 18:00:00,210,30.0,118.76,986.1,64.1
2026-07-03 12:00:00,3,19,2026-07-12 12:00:00,9 days 00:00:00,216,30.75,118.0,988.3,61.2
2026-07-03 12:00:00,3,19,2026-07-12 18:00:00,9 days 06:00:00,222,31.5,118.0,990.5,58.0
2026-07-03 12:00:00,3,19,2026-07-13 00:00:00,9 days 12:00:00,228,32.25,118.0,992.8,54.7
2026-07-03 12:00:00,3,19,2026-07-13 06:00:00,9 days 18:00:00,234,32.56,117.81,993.4,53.8
2026-07-03 12:00:00,3,19,2026-07-13 12:00:00,10 days 00:00:00,240,32.88,117.63,994.0,52.9
2026-07-03 12:00:00,3,19,2026-07-13 18:00:00,10 days 06:00:00,246,33.19,117.44,994.6,52.0
2026-07-03 12:00:00,3,19,2026-07-14 00:00:00,10 days 12:00:00,252,33.5,117.25,995.3,51.1
2026-07-03 12:00:00,4,19,2026-07-03 12:00:00,0 days 00:00:00,0,19.5,-128.5,1001.2,41.7
2026-07-03 12:00:00,5,19,2026-07-03 12:00:00,0 days 00:00:00,0,18.5,110.0,997.5,47.5
2026-07-03 12:00:00,5,19,2026-07-03 18:00:00,0 days 06:00:00,6,19.38,109.13,996.5,49.2
2026-07-03 12:00:00,5,19,2026-07-04 00:00:00,0 days 12:00:00,12,20.25,108.25,995.4,50.8
2026-07-03 12:00:00,5,19,2026-07-04 06:00:00,0 days 18:00:00,18,20.75,108.25,995.1,51.3
2026-07-03 12:00:00,5,19,2026-07-04 12:00:00,1 days 00:00:00,24,21.25,108.25,994.8,51.7
2026-07-03 12:00:00,5,19,2026-07-04 18:00:00,1 days 06:00:00,30,22.0,108.13,996.3,49.4
2026-07-03 12:00:00,5,19,2026-07-05 00:00:00,1 days 12:00:00,36,22.75,108.0,997.8,47.1
2026-07-03 12:00:00,5,19,2026-07-05 06:00:00,1 days 18:00:00,42,23.13,108.43,997.9,47.0
2026-07-03 12:00:00,5,19,2026-07-05 12:00:00,2 days 00:00:00,48,23.5,108.87,997.9,46.9
2026-07-03 12:00:00,5,19,2026-07-05 18:00:00,2 days 06:00:00,54,23.88,109.31,998.0,46.9
2026-07-03 12:00:00,5,19,2026-07-06 00:00:00,2 days 12:00:00,60,24.25,109.75,998.0,46.8
2026-07-03 12:00:00,5,19,2026-07-06 06:00:00,2 days 18:00:00,66,23.38,109.11,998.5,46.0
2026-07-03 12:00:00,5,19,2026-07-06 12:00:00,3 days 00:00:00,72,22.5,108.48,999.0,45.3
2026-07-03 12:00:00,5,19,2026-07-06 18:00:00,3 days 06:00:00,78,21.63,107.86,999.4,44.5
2026-07-03 12:00:00,5,19,2026-07-07 00:00:00,3 days 12:00:00,84,20.75,107.25,999.9,43.8
2026-07-03 12:00:00,6,19,2026-07-04 00:00:00,0 days 12:00:00,12,20.75,87.25,994.6,52.0
2026-07-03 12:00:00,6,19,2026-07-04 06:00:00,0 days 18:00:00,18,20.75,87.63,992.6,55.0
2026-07-03 12:00:00,6,19,2026-07-04 12:00:00,1 days 00:00:00,24,20.75,88.0,990.6,57.9
2026-07-03 12:00:00,6,19,2026-07-04 18:00:00,1 days 06:00:00,30,21.13,87.88,990.2,58.4
2026-07-03 12:00:00,6,19,2026-07-05 00:00:00,1 days 12:00:00,36,21.5,87.75,989.9,58.9
2026-07-03 12:00:00,6,19,2026-07-05 06:00:00,1 days 18:00:00,42,21.5,87.5,990.0,58.7
2026-07-03 12:00:00,6,19,2026-07-05 12:00:00,2 days 00:00:00,48,21.5,87.25,990.2,58.5
2026-07-03 12:00:00,6,19,2026-07-05 18:00:00,2 days 06:00:00,54,21.75,87.0,990.5,58.1
2026-07-03 12:00:00,6,19,2026-07-06 00:00:00,2 days 12:00:00,60,22.0,86.75,990.8,57.6
2026-07-03 12:00:00,6,19,2026-07-06 06:00:00,2 days 18:00:00,66,22.25,85.88,991.7,56.3
2026-07-03 12:00:00,6,19,2026-07-06 12:00:00,3 days 00:00:00,72,22.5,85.0,992.6,55.0
2026-07-03 12:00:00,6,19,2026-07-06 18:00:00,3 days 06:00:00,78,23.38,84.38,992.8,54.7
2026-07-03 12:00:00,6,19,2026-07-07 00:00:00,3 days 12:00:00,84,24.25,83.75,993.0,54.5
2026-07-03 12:00:00,6,19,2026-07-07 06:00:00,3 days 18:00:00,90,24.75,83.0,992.6,55.0
2026-07-03 12:00:00,6,19,2026-07-07 12:00:00,4 days 00:00:00,96,25.25,82.25,992.2,55.6
2026-07-03 12:00:00,6,19,2026-07-07 18:00:00,4 days 06:00:00,102,25.63,81.75,992.3,55.5
2026-07-03 12:00:00,6,19,2026-07-08 00:00:00,4 days 12:00:00,108,26.0,81.25,992.4,55.3
2026-07-03 12:00:00,6,19,2026-07-08 06:00:00,4 days 18:00:00,114,26.5,80.75,992.8,54.6
2026-07-03 12:00:00,6,19,2026-07-08 12:00:00,5 days 00:00:00,120,27.0,80.25,993.3,53.9
2026-07-03 12:00:00,6,19,2026-07-08 18:00:00,5 days 06:00:00,126,26.88,79.75,994.0,52.9
2026-07-03 12:00:00,6,19,2026-07-09 00:00:00,5 days 12:00:00,132,26.75,79.25,994.8,51.8
2026-07-03 12:00:00,7,19,2026-07-11 12:00:00,8 days 00:00:00,192,9.0,147.25,1005.7,33.8
2026-07-03 12:00:00,7,19,2026-07-11 18:00:00,8 days 06:00:00,198,9.63,146.38,1005.0,35.1
2026-07-03 12:00:00,7,19,2026-07-12 00:00:00,8 days 12:00:00,204,10.25,145.5,1004.3,36.4
2026-07-03 12:00:00,7,19,2026-07-12 06:00:00,8 days 18:00:00,210,10.88,144.76,1003.7,37.3
2026-07-03 12:00:00,7,19,2026-07-12 12:00:00,9 days 00:00:00,216,11.5,144.01,1003.2,38.3
2026-07-03 12:00:00,7,19,2026-07-12 18:00:00,9 days 06:00:00,222,12.13,143.25,1002.6,39.3
2026-07-03 12:00:00,7,19,2026-07-13 00:00:00,9 days 12:00:00,228,12.75,142.5,1002.0,40.2
2026-07-03 12:00:00,7,19,2026-07-13 06:00:00,9 days 18:00:00,234,13.75,141.13,1002.1,40.2
2026-07-03 12:00:00,7,19,2026-07-13 12:00:00,10 days 00:00:00,240,14.75,139.75,1002.1,40.2
2026-07-03 12:00:00,7,19,2026-07-13 18:00:00,10 days 06:00:00,246,14.75,139.25,1001.8,40.7
2026-07-03 12:00:00,7,19,2026-07-14 00:00:00,10 days 12:00:00,252,14.75,138.75,1001.5,41.2
2026-07-03 12:00:00,7,19,2026-07-14 06:00:00,10 days 18:00:00,258,16.13,137.88,1001.9,40.5
2026-07-03 12:00:00,7,19,2026-07-14 12:00:00,11 days 00:00:00,264,17.5,137.0,1002.3,39.9
2026-07-03 12:00:00,7,19,2026-07-14 18:00:00,11 days 06:00:00,270,18.38,135.38,1002.1,40.2
2026-07-03 12:00:00,7,19,2026-07-15 00:00:00,11 days 12:00:00,276,19.25,133.75,1001.9,40.5
2026-07-03 12:00:00,7,19,2026-07-15 06:00:00,11 days 18:00:00,282,18.5,132.87,1001.7,40.8
2026-07-03 12:00:00,7,19,2026-07-15 12:00:00,12 days 00:00:00,288,17.75,132.0,1001.6,41.1
2026-07-03 12:00:00,7,19,2026-07-15 18:00:00,12 days 06:00:00,294,19.13,131.88,1002.6,39.3
2026-07-03 12:00:00,7,19,2026-07-16 00:00:00,12 days 12:00:00,300,20.5,131.75,1003.6,37.5
2026-07-03 12:00:00,8,19,2026-07-13 00:00:00,9 days 12:00:00,228,22.0,91.0,997.6,47.5
2026-07-03 12:00:00,8,19,2026-07-13 06:00:00,9 days 18:00:00,234,22.0,91.0,996.4,49.3
2026-07-03 12:00:00,8,19,2026-07-13 12:00:00,10 days 00:00:00,240,22.0,91.0,995.3,51.0
2026-07-03 12:00:00,8,19,2026-07-13 18:00:00,10 days 06:00:00,246,21.88,91.0,994.6,52.1
2026-07-03 12:00:00,8,19,2026-07-14 00:00:00,10 days 12:00:00,252,21.75,91.0,993.9,53.1
2026-07-03 12:00:00,8,19,2026-07-14 06:00:00,10 days 18:00:00,258,21.75,90.5,993.8,53.2
2026-07-03 12:00:00,8,19,2026-07-14 12:00:00,11 days 00:00:00,264,21.75,90.0,993.8,53.2
2026-07-03 12:00:00,8,19,2026-07-14 18:00:00,11 days 06:00:00,270,21.69,89.31,993.7,53.4
2026-07-03 12:00:00,8,19,2026-07-15 00:00:00,11 days 12:00:00,276,21.63,88.62,993.5,53.6
2026-07-03 12:00:00,8,19,2026-07-15 06:00:00,11 days 18:00:00,282,21.57,87.94,993.4,53.9
2026-07-03 12:00:00,8,19,2026-07-15 12:00:00,12 days 00:00:00,288,21.5,87.25,993.2,54.1
2026-07-03 12:00:00,8,19,2026-07-15 18:00:00,12 days 06:00:00,294,21.38,87.12,994.3,52.6
2026-07-03 12:00:00,8,19,2026-07-16 00:00:00,12 days 12:00:00,300,21.25,87.0,995.3,51.0
2026-07-03 12:00:00,8,19,2026-07-16 06:00:00,12 days 18:00:00,306,21.38,86.44,995.8,50.2
2026-07-03 12:00:00,8,19,2026-07-16 12:00:00,13 days 00:00:00,312,21.5,85.88,996.4,49.3
2026-07-03 12:00:00,8,19,2026-07-16 18:00:00,13 days 06:00:00,318,21.63,85.31,997.0,48.4
2026-07-03 12:00:00,8,19,2026-07-17 00:00:00,13 days 12:00:00,324,21.75,84.75,997.6,47.5
2026-07-03 12:00:00,8,19,2026-07-17 06:00:00,13 days 18:00:00,330,27.26,83.56,996.4,49.4
2026-07-03 12:00:00,8,19,2026-07-17 12:00:00,14 days 00:00:00,336,32.75,82.25,995.2,51.2
2026-07-03 12:00:00,8,19,2026-07-17 18:00:00,14 days 06:00:00,342,27.0,81.86,996.0,49.9
2026-07-03 12:00:00,8,19,2026-07-18 00:00:00,14 days 12:00:00,348,21.25,81.5,996.9,48.6
2026-07-03 12:00:00,9,19,2026-07-15 12:00:00,12 days 00:00:00,288,13.5,-112.25,1005.8,33.7
2026-07-03 12:00:00,9,19,2026-07-15 18:00:00,12 days 06:00:00,294,13.75,-113.37,1004.3,36.3
2026-07-03 12:00:00,9,19,2026-07-16 00:00:00,12 days 12:00:00,300,14.0,-114.5,1002.8,38.9
2026-07-03 12:00:00,9,19,2026-07-16 06:00:00,12 days 18:00:00,306,14.25,-114.87,1000.7,42.4
2026-07-03 12:00:00,9,19,2026-07-16 12:00:00,13 days 00:00:00,312,14.5,-115.25,998.6,45.9
2026-07-03 12:00:00,9,19,2026-07-16 18:00:00,13 days 06:00:00,318,14.75,-115.62,995.9,50.0
2026-07-03 12:00:00,9,19,2026-07-17 00:00:00,13 days 12:00:00,324,15.0,-116.0,993.2,54.2
2026-07-03 12:00:00,9,19,2026-07-17 06:00:00,13 days 18:00:00,330,15.5,-116.37,992.3,55.5
2026-07-03 12:00:00,9,19,2026-07-17 12:00:00,14 days 00:00:00,336,16.0,-116.75,991.4,56.8
2026-07-03 12:00:00,9,19,2026-07-17 18:00:00,14 days 06:00:00,342,16.38,-117.5,990.3,58.3
2026-07-03 12:00:00,9,19,2026-07-18 00:00:00,14 days 12:00:00,348,16.75,-118.25,989.2,59.9
2026-07-03 12:00:00,9,19,2026-07-18 06:00:00,14 days 18:00:00,354,17.13,-118.87,990.2,58.5
2026-07-03 12:00:00,9,19,2026-07-18 12:00:00,15 days 00:00:00,360,17.5,-119.5,991.2,57.0
2026-07-03 12:00:00,3,2,2026-07-03 12:00:00,0 days 00:00:00,0,12.75,153.0,976.5,76.7
2026-07-03 12:00:00,3,2,2026-07-03 18:00:00,0 days 06:00:00,6,12.75,152.25,974.3,79.4
2026-07-03 12:00:00,3,2,2026-07-04 00:00:00,0 days 12:00:00,12,12.75,151.5,972.1,82.1
2026-07-03 12:00:00,3,2,2026-07-04 06:00:00,0 days 18:00:00,18,12.75,151.0,973.1,80.8
2026-07-03 12:00:00,3,2,2026-07-04 12:00:00,1 days 00:00:00,24,12.75,150.5,974.2,79.5
2026-07-03 12:00:00,3,2,2026-07-04 18:00:00,1 days 06:00:00,30,12.88,149.75,970.6,83.8
2026-07-03 12:00:00,3,2,2026-07-05 00:00:00,1 days 12:00:00,36,13.0,149.0,967.0,88.1
2026-07-03 12:00:00,3,2,2026-07-05 06:00:00,1 days 18:00:00,42,13.25,148.13,965.9,89.5
2026-07-03 12:00:00,3,2,2026-07-05 12:00:00,2 days 00:00:00,48,13.5,147.25,964.8,90.8
2026-07-03 12:00:00,3,2,2026-07-05 18:00:00,2 days 06:00:00,54,13.88,146.25,964.5,91.1
2026-07-03 12:00:00,3,2,2026-07-06 00:00:00,2 days 12:00:00,60,14.25,145.25,964.3,91.3
2026-07-03 12:00:00,3,2,2026-07-06 06:00:00,2 days 18:00:00,66,14.5,144.0,961.5,94.5
2026-07-03 12:00:00,3,2,2026-07-06 12:00:00,3 days 00:00:00,72,14.75,142.75,958.7,97.7
2026-07-03 12:00:00,3,2,2026-07-06 18:00:00,3 days 06:00:00,78,15.0,141.38,955.9,100.8
2026-07-03 12:00:00,3,2,2026-07-07 00:00:00,3 days 12:00:00,84,15.25,140.0,953.1,103.9
2026-07-03 12:00:00,3,2,2026-07-07 06:00:00,3 days 18:00:00,90,15.38,138.63,952.4,104.6
2026-07-03 12:00:00,3,2,2026-07-07 12:00:00,4 days 00:00:00,96,15.5,137.25,951.7,105.4
2026-07-03 12:00:00,3,2,2026-07-07 18:00:00,4 days 06:00:00,102,16.0,136.0,949.4,107.9
2026-07-03 12:00:00,3,2,2026-07-08 00:00:00,4 days 12:00:00,108,16.5,134.75,947.1,110.3
2026-07-03 12:00:00,3,2,2026-07-08 06:00:00,4 days 18:00:00,114,16.75,133.5,946.0,111.5
2026-07-03 12:00:00,3,2,2026-07-08 12:00:00,5 days 00:00:00,120,17.0,132.25,944.9,112.6
2026-07-03 12:00:00,3,2,2026-07-08 18:00:00,5 days 06:00:00,126,17.5,131.13,944.4,113.2
2026-07-03 12:00:00,3,2,2026-07-09 00:00:00,5 days 12:00:00,132,18.0,130.0,943.9,113.7
2026-07-03 12:00:00,3,2,2026-07-09 06:00:00,5 days 18:00:00,138,18.63,129.0,946.4,111.0
2026-07-03 12:00:00,3,2,2026-07-09 12:00:00,6 days 00:00:00,144,19.25,128.0,948.9,108.4
2026-07-03 12:00:00,3,2,2026-07-09 18:00:00,6 days 06:00:00,150,20.13,127.25,947.8,109.6
2026-07-03 12:00:00,3,2,2026-07-10 00:00:00,6 days 12:00:00,156,21.0,126.5,946.7,110.8
2026-07-03 12:00:00,3,2,2026-07-10 06:00:00,6 days 18:00:00,162,22.13,125.76,949.0,108.2
2026-07-03 12:00:00,3,2,2026-07-10 12:00:00,7 days 00:00:00,168,23.25,125.0,951.4,105.7
2026-07-03 12:00:00,3,2,2026-07-10 18:00:00,7 days 06:00:00,174,24.25,124.01,952.9,104.0
2026-07-03 12:00:00,3,2,2026-07-11 00:00:00,7 days 12:00:00,180,25.25,123.0,954.5,102.3
2026-07-03 12:00:00,3,2,2026-07-11 06:00:00,7 days 18:00:00,186,26.25,122.5,958.0,98.4
2026-07-03 12:00:00,3,2,2026-07-11 12:00:00,8 days 00:00:00,192,27.25,122.0,961.5,94.5
2026-07-03 12:00:00,3,2,2026-07-11 18:00:00,8 days 06:00:00,198,29.0,121.88,968.7,85.9
2026-07-03 12:00:00,3,2,2026-07-12 00:00:00,8 days 12:00:00,204,30.75,121.75,975.9,77.4
2026-07-03 12:00:00,3,2,2026-07-12 06:00:00,8 days 18:00:00,210,32.63,121.02,977.6,75.2
2026-07-03 12:00:00,3,2,2026-07-12 12:00:00,9 days 00:00:00,216,34.5,120.25,979.4,73.0
2026-07-03 12:00:00,3,2,2026-07-12 18:00:00,9 days 06:00:00,222,35.0,119.88,984.1,66.6
2026-07-03 12:00:00,3,2,2026-07-13 00:00:00,9 days 12:00:00,228,35.5,119.5,988.9,60.2
2026-07-03 12:00:00,3,2,2026-07-13 06:00:00,9 days 18:00:00,234,36.5,119.87,990.3,58.3
2026-07-03 12:00:00,3,2,2026-07-13 12:00:00,10 days 00:00:00,240,37.5,120.25,991.6,56.4
2026-07-03 12:00:00,3,2,2026-07-13 18:00:00,10 days 06:00:00,246,38.26,121.61,992.2,55.5
2026-07-03 12:00:00,3,2,2026-07-14 00:00:00,10 days 12:00:00,252,39.0,123.0,992.9,54.6
2026-07-03 12:00:00,4,2,2026-07-03 12:00:00,0 days 00:00:00,0,19.5,-128.5,1001.2,41.7
2026-07-03 12:00:00,5,2,2026-07-03 12:00:00,0 days 00:00:00,0,18.5,110.0,997.5,47.5
2026-07-03 12:00:00,5,2,2026-07-03 18:00:00,0 days 06:00:00,6,19.38,109.13,996.5,49.2
2026-07-03 12:00:00,5,2,2026-07-04 00:00:00,0 days 12:00:00,12,20.25,108.25,995.4,50.9
2026-07-03 12:00:00,5,2,2026-07-04 06:00:00,0 days 18:00:00,18,20.5,107.75,996.6,49.0
2026-07-03 12:00:00,5,2,2026-07-04 12:00:00,1 days 00:00:00,24,20.75,107.25,997.8,47.1
2026-07-03 12:00:00,5,2,2026-07-04 18:00:00,1 days 06:00:00,30,21.25,107.75,998.7,45.8
2026-07-03 12:00:00,5,2,2026-07-05 00:00:00,1 days 12:00:00,36,21.75,108.25,999.5,44.4
2026-07-03 12:00:00,5,2,2026-07-05 06:00:00,1 days 18:00:00,42,21.76,107.44,1000.0,43.6
2026-07-03 12:00:00,5,2,2026-07-05 12:00:00,2 days 00:00:00,48,21.76,106.63,1000.5,42.7
2026-07-03 12:00:00,5,2,2026-07-05 18:00:00,2 days 06:00:00,54,21.76,105.81,1001.1,41.9
2026-07-03 12:00:00,5,2,2026-07-06 00:00:00,2 days 12:00:00,60,21.75,105.0,1001.6,41.0
2026-07-03 12:00:00,6,2,2026-07-04 00:00:00,0 days 12:00:00,12,20.5,87.5,994.0,52.9
2026-07-03 12:00:00,6,2,2026-07-04 06:00:00,0 days 18:00:00,18,20.5,87.5,992.4,55.3
2026-07-03 12:00:00,6,2,2026-07-04 12:00:00,1 days 00:00:00,24,20.5,87.5,990.8,57.6
2026-07-03 12:00:00,6,2,2026-07-04 18:00:00,1 days 06:00:00,30,20.75,88.12,990.8,57.6
2026-07-03 12:00:00,6,2,2026-07-05 00:00:00,1 days 12:00:00,36,21.0,88.75,990.8,57.7
2026-07-03 12:00:00,6,2,2026-07-05 06:00:00,1 days 18:00:00,42,21.25,88.0,991.2,57.1
2026-07-03 12:00:00,6,2,2026-07-05 12:00:00,2 days 00:00:00,48,21.5,87.25,991.6,56.5
2026-07-03 12:00:00,6,2,2026-07-05 18:00:00,2 days 06:00:00,54,22.0,87.13,993.1,54.3
2026-07-03 12:00:00,6,2,2026-07-06 00:00:00,2 days 12:00:00,60,22.5,87.0,994.6,52.0
2026-07-03 12:00:00,6,2,2026-07-06 06:00:00,2 days 18:00:00,66,27.25,87.12,992.1,55.7
2026-07-03 12:00:00,6,2,2026-07-06 12:00:00,3 days 00:00:00,72,32.0,87.25,989.6,59.3
2026-07-03 12:00:00,6,2,2026-07-06 18:00:00,3 days 06:00:00,78,28.53,84.41,991.7,56.3
2026-07-03 12:00:00,6,2,2026-07-07 00:00:00,3 days 12:00:00,84,25.0,81.75,993.7,53.3
2026-07-03 12:00:00,6,2,2026-07-07 06:00:00,3 days 18:00:00,90,25.25,81.75,993.0,54.4
2026-07-03 12:00:00,6,2,2026-07-07 12:00:00,4 days 00:00:00,96,25.5,81.75,992.3,55.5
2026-07-03 12:00:00,6,2,2026-07-07 18:00:00,4 days 06:00:00,102,25.63,81.38,993.0,54.5
2026-07-03 12:00:00,6,2,2026-07-08 00:00:00,4 days 12:00:00,108,25.75,81.0,993.6,53.5
2026-07-03 12:00:00,6,2,2026-07-08 06:00:00,4 days 18:00:00,114,25.75,81.0,993.2,54.1
2026-07-03 12:00:00,6,2,2026-07-08 12:00:00,5 days 00:00:00,120,25.75,81.0,992.7,54.8
2026-07-03 12:00:00,6,2,2026-07-08 18:00:00,5 days 06:00:00,126,26.25,81.37,993.3,54.0
2026-07-03 12:00:00,6,2,2026-07-09 00:00:00,5 days 12:00:00,132,26.75,81.75,993.8,53.2
2026-07-03 12:00:00,6,2,2026-07-09 06:00:00,5 days 18:00:00,138,28.89,83.59,993.4,53.8
2026-07-03 12:00:00,6,2,2026-07-09 12:00:00,6 days 00:00:00,144,31.0,85.5,993.1,54.3
2026-07-03 12:00:00,6,2,2026-07-09 18:00:00,6 days 06:00:00,150,29.03,82.82,994.4,52.3
2026-07-03 12:00:00,6,2,2026-07-10 00:00:00,6 days 12:00:00,156,27.0,80.25,995.8,50.2
2026-07-03 12:00:00,7,2,2026-07-13 00:00:00,9 days 12:00:00,228,-41.75,-141.5,972.1,82.1
2026-07-03 12:00:00,7,2,2026-07-13 06:00:00,9 days 18:00:00,234,-42.75,-140.64,968.9,85.9
2026-07-03 12:00:00,7,2,2026-07-13 12:00:00,10 days 00:00:00,240,-43.75,-139.75,965.7,89.6
2026-07-03 12:00:00,7,2,2026-07-13 18:00:00,10 days 06:00:00,246,-44.25,-139.5,967.0,88.1
2026-07-03 12:00:00,7,2,2026-07-14 00:00:00,10 days 12:00:00,252,-44.75,-139.25,968.3,86.6
2026-07-03 12:00:00,7,2,2026-07-14 06:00:00,10 days 18:00:00,258,-44.5,-140.13,970.2,84.4
2026-07-03 12:00:00,7,2,2026-07-14 12:00:00,11 days 00:00:00,264,-44.25,-141.0,972.1,82.1
2026-07-03 12:00:00,7,2,2026-07-14 18:00:00,11 days 06:00:00,270,-43.38,-142.01,974.7,78.8
2026-07-03 12:00:00,7,2,2026-07-15 00:00:00,11 days 12:00:00,276,-42.5,-143.0,977.4,75.5
2026-07-03 12:00:00,7,2,2026-07-15 06:00:00,11 days 18:00:00,282,-41.38,-143.51,980.6,71.4
2026-07-03 12:00:00,7,2,2026-07-15 12:00:00,12 days 00:00:00,288,-40.25,-144.0,983.8,67.3
2026-07-03 12:00:00,7,2,2026-07-15 18:00:00,12 days 06:00:00,294,-38.88,-144.13,986.0,64.2
2026-07-03 12:00:00,7,2,2026-07-16 00:00:00,12 days 12:00:00,300,-37.5,-144.25,988.3,61.1
2026-07-03 12:00:00,8,2,2026-07-16 00:00:00,12 days 12:00:00,300,-37.0,-86.25,973.5,80.3
2026-07-03 12:00:00,8,2,2026-07-16 06:00:00,12 days 18:00:00,306,-39.01,-85.28,973.9,79.9
2026-07-03 12:00:00,8,2,2026-07-16 12:00:00,13 days 00:00:00,312,-41.02,-84.25,974.2,79.5
2026-07-03 12:00:00,8,2,2026-07-16 18:00:00,13 days 06:00:00,318,-43.02,-83.16,974.6,79.1
2026-07-03 12:00:00,8,2,2026-07-17 00:00:00,13 days 12:00:00,324,-45.0,-82.0,974.9,78.6
2026-07-03 12:00:00,8,2,2026-07-17 06:00:00,13 days 18:00:00,330,-45.12,-82.0,975.3,78.1
2026-07-03 12:00:00,8,2,2026-07-17 12:00:00,14 days 00:00:00,336,-45.25,-82.0,975.7,77.6
2026-07-03 12:00:00,8,2,2026-07-17 18:00:00,14 days 06:00:00,342,-45.13,-81.5,977.3,75.7
2026-07-03 12:00:00,8,2,2026-07-18 00:00:00,14 days 12:00:00,348,-45.0,-81.0,978.8,73.7
2026-07-03 12:00:00,8,2,2026-07-18 06:00:00,14 days 18:00:00,354,-45.63,-80.38,981.4,70.3
2026-07-03 12:00:00,8,2,2026-07-18 12:00:00,15 days 00:00:00,360,-46.25,-79.75,984.0,67.0
2026-07-03 12:00:00,9,2,2026-07-16 00:00:00,12 days 12:00:00,300,11.0,-116.25,1005.1,35.0
2026-07-03 12:00:00,9,2,2026-07-16 06:00:00,12 days 18:00:00,306,12.13,-117.74,1004.5,35.9
2026-07-03 12:00:00,9,2,2026-07-16 12:00:00,13 days 00:00:00,312,13.25,-119.25,1004.0,36.9
2026-07-03 12:00:00,9,2,2026-07-16 18:00:00,13 days 06:00:00,318,13.26,-120.88,1002.4,39.6
2026-07-03 12:00:00,9,2,2026-07-17 00:00:00,13 days 12:00:00,324,13.25,-122.5,1000.8,42.3
2026-07-03 12:00:00,9,2,2026-07-17 06:00:00,13 days 18:00:00,330,13.63,-122.87,999.0,45.2
2026-07-03 12:00:00,9,2,2026-07-17 12:00:00,14 days 00:00:00,336,14.0,-123.25,997.2,48.1
2026-07-03 12:00:00,9,2,2026-07-17 18:00:00,14 days 06:00:00,342,14.25,-124.0,996.1,49.8
2026-07-03 12:00:00,9,2,2026-07-18 00:00:00,14 days 12:00:00,348,14.5,-124.75,995.0,51.4
2026-07-03 12:00:00,9,2,2026-07-18 06:00:00,14 days 18:00:00,354,14.63,-125.62,995.2,51.2
2026-07-03 12:00:00,9,2,2026-07-18 12:00:00,15 days 00:00:00,360,14.75,-126.5,995.3,50.9
2026-07-03 12:00:00,3,20,2026-07-03 12:00:00,0 days 00:00:00,0,12.75,153.0,976.5,76.7
2026-07-03 12:00:00,3,20,2026-07-03 18:00:00,0 days 06:00:00,6,12.75,152.25,974.6,79.0
2026-07-03 12:00:00,3,20,2026-07-04 00:00:00,0 days 12:00:00,12,12.75,151.5,972.7,81.3
2026-07-03 12:00:00,3,20,2026-07-04 06:00:00,0 days 18:00:00,18,12.75,151.12,973.6,80.3
2026-07-03 12:00:00,3,20,2026-07-04 12:00:00,1 days 00:00:00,24,12.75,150.75,974.4,79.3
2026-07-03 12:00:00,3,20,2026-07-04 18:00:00,1 days 06:00:00,30,12.75,149.88,969.0,85.7
2026-07-03 12:00:00,3,20,2026-07-05 00:00:00,1 days 12:00:00,36,12.75,149.0,963.5,92.2
2026-07-03 12:00:00,3,20,2026-07-05 06:00:00,1 days 18:00:00,42,13.0,148.13,963.8,91.9
2026-07-03 12:00:00,3,20,2026-07-05 12:00:00,2 days 00:00:00,48,13.25,147.25,964.0,91.7
2026-07-03 12:00:00,3,20,2026-07-05 18:00:00,2 days 06:00:00,54,13.5,146.13,958.8,97.5
2026-07-03 12:00:00,3,20,2026-07-06 00:00:00,2 days 12:00:00,60,13.75,145.0,953.6,103.3
2026-07-03 12:00:00,3,20,2026-07-06 06:00:00,2 days 18:00:00,66,14.13,143.88,953.8,103.1
2026-07-03 12:00:00,3,20,2026-07-06 12:00:00,3 days 00:00:00,72,14.5,142.75,953.9,102.9
2026-07-03 12:00:00,3,20,2026-07-06 18:00:00,3 days 06:00:00,78,14.75,141.38,952.2,104.8
2026-07-03 12:00:00,3,20,2026-07-07 00:00:00,3 days 12:00:00,84,15.0,140.0,950.6,106.6
2026-07-03 12:00:00,3,20,2026-07-07 06:00:00,3 days 18:00:00,90,15.38,138.88,949.3,107.9
2026-07-03 12:00:00,3,20,2026-07-07 12:00:00,4 days 00:00:00,96,15.75,137.75,948.1,109.3
2026-07-03 12:00:00,3,20,2026-07-07 18:00:00,4 days 06:00:00,102,16.0,136.38,945.9,111.6
2026-07-03 12:00:00,3,20,2026-07-08 00:00:00,4 days 12:00:00,108,16.25,135.0,943.7,113.9
2026-07-03 12:00:00,3,20,2026-07-08 06:00:00,4 days 18:00:00,114,16.5,133.75,941.9,115.7
2026-07-03 12:00:00,3,20,2026-07-08 12:00:00,5 days 00:00:00,120,16.75,132.5,940.1,117.6
2026-07-03 12:00:00,3,20,2026-07-08 18:00:00,5 days 06:00:00,126,17.13,131.63,940.8,116.9
2026-07-03 12:00:00,3,20,2026-07-09 00:00:00,5 days 12:00:00,132,17.5,130.75,941.5,116.1
2026-07-03 12:00:00,3,20,2026-07-09 06:00:00,5 days 18:00:00,138,18.25,130.0,942.6,115.0
2026-07-03 12:00:00,3,20,2026-07-09 12:00:00,6 days 00:00:00,144,19.0,129.25,943.7,113.8
2026-07-03 12:00:00,3,20,2026-07-09 18:00:00,6 days 06:00:00,150,20.13,128.26,948.5,108.8
2026-07-03 12:00:00,3,20,2026-07-10 00:00:00,6 days 12:00:00,156,21.25,127.25,953.2,103.8
2026-07-03 12:00:00,3,20,2026-07-10 06:00:00,6 days 18:00:00,162,22.13,126.63,949.8,107.4
2026-07-03 12:00:00,3,20,2026-07-10 12:00:00,7 days 00:00:00,168,23.0,126.0,946.4,111.0
2026-07-03 12:00:00,3,20,2026-07-10 18:00:00,7 days 06:00:00,174,24.25,125.26,949.6,107.6
2026-07-03 12:00:00,3,20,2026-07-11 00:00:00,7 days 12:00:00,180,25.5,124.5,952.9,104.1
2026-07-03 12:00:00,3,20,2026-07-11 06:00:00,7 days 18:00:00,186,26.75,123.51,954.5,102.4
2026-07-03 12:00:00,3,20,2026-07-11 12:00:00,8 days 00:00:00,192,28.0,122.5,956.0,100.6
2026-07-03 12:00:00,3,20,2026-07-11 18:00:00,8 days 06:00:00,198,29.38,121.88,964.0,91.5
2026-07-03 12:00:00,3,20,2026-07-12 00:00:00,8 days 12:00:00,204,30.75,121.25,971.9,82.3
2026-07-03 12:00:00,3,20,2026-07-12 06:00:00,8 days 18:00:00,210,31.88,120.76,976.9,76.0
2026-07-03 12:00:00,3,20,2026-07-12 12:00:00,9 days 00:00:00,216,33.0,120.25,981.9,69.7
2026-07-03 12:00:00,3,20,2026-07-12 18:00:00,9 days 06:00:00,222,34.25,120.74,983.9,67.1
2026-07-03 12:00:00,3,20,2026-07-13 00:00:00,9 days 12:00:00,228,35.5,121.25,985.9,64.4
2026-07-03 12:00:00,3,20,2026-07-13 06:00:00,9 days 18:00:00,234,36.64,122.85,987.4,62.4
2026-07-03 12:00:00,3,20,2026-07-13 12:00:00,10 days 00:00:00,240,37.75,124.5,988.8,60.4
2026-07-03 12:00:00,4,20,2026-07-03 12:00:00,0 days 00:00:00,0,19.5,-128.5,1001.2,41.7
2026-07-03 12:00:00,5,20,2026-07-03 12:00:00,0 days 00:00:00,0,18.5,110.0,997.5,47.5
2026-07-03 12:00:00,5,20,2026-07-03 18:00:00,0 days 06:00:00,6,19.13,109.0,997.1,48.3
2026-07-03 12:00:00,5,20,2026-07-04 00:00:00,0 days 12:00:00,12,19.75,108.0,996.6,49.0
2026-07-03 12:00:00,5,20,2026-07-04 06:00:00,0 days 18:00:00,18,20.38,107.88,995.5,50.7
2026-07-03 12:00:00,5,20,2026-07-04 12:00:00,1 days 00:00:00,24,21.0,107.75,994.4,52.4
2026-07-03 12:00:00,5,20,2026-07-04 18:00:00,1 days 06:00:00,30,21.38,108.0,995.6,50.6
2026-07-03 12:00:00,5,20,2026-07-05 00:00:00,1 days 12:00:00,36,21.75,108.25,996.8,48.7
2026-07-03 12:00:00,5,20,2026-07-05 06:00:00,1 days 18:00:00,42,22.62,108.25,997.6,47.4
2026-07-03 12:00:00,5,20,2026-07-05 12:00:00,2 days 00:00:00,48,23.5,108.25,998.4,46.2
2026-07-03 12:00:00,5,20,2026-07-05 18:00:00,2 days 06:00:00,54,24.0,108.37,998.4,46.1
2026-07-03 12:00:00,5,20,2026-07-06 00:00:00,2 days 12:00:00,60,24.5,108.5,998.4,46.1
2026-07-03 12:00:00,6,20,2026-07-04 00:00:00,0 days 12:00:00,12,20.25,87.5,992.8,54.7
2026-07-03 12:00:00,6,20,2026-07-04 06:00:00,0 days 18:00:00,18,20.25,87.0,991.6,56.4
2026-07-03 12:00:00,6,20,2026-07-04 12:00:00,1 days 00:00:00,24,20.25,86.5,990.4,58.2
2026-07-03 12:00:00,6,20,2026-07-04 18:00:00,1 days 06:00:00,30,20.25,86.25,990.5,58.0
2026-07-03 12:00:00,6,20,2026-07-05 00:00:00,1 days 12:00:00,36,20.25,86.0,990.6,57.8
2026-07-03 12:00:00,6,20,2026-07-05 06:00:00,1 days 18:00:00,42,20.88,86.62,990.6,57.8
2026-07-03 12:00:00,6,20,2026-07-05 12:00:00,2 days 00:00:00,48,21.5,87.25,990.6,57.8
2026-07-03 12:00:00,6,20,2026-07-05 18:00:00,2 days 06:00:00,54,21.5,86.62,990.7,57.7
2026-07-03 12:00:00,6,20,2026-07-06 00:00:00,2 days 12:00:00,60,21.5,86.0,990.8,57.7
2026-07-03 12:00:00,6,20,2026-07-06 06:00:00,2 days 18:00:00,66,22.25,85.88,991.4,56.8
2026-07-03 12:00:00,6,20,2026-07-06 12:00:00,3 days 00:00:00,72,23.0,85.75,992.0,55.9
2026-07-03 12:00:00,6,20,2026-07-06 18:00:00,3 days 06:00:00,78,23.38,85.25,992.0,55.9
2026-07-03 12:00:00,6,20,2026-07-07 00:00:00,3 days 12:00:00,84,23.75,84.75,992.0,55.9
2026-07-03 12:00:00,6,20,2026-07-07 06:00:00,3 days 18:00:00,90,24.13,83.88,990.9,57.5
2026-07-03 12:00:00,6,20,2026-07-07 12:00:00,4 days 00:00:00,96,24.5,83.0,989.8,59.0
2026-07-03 12:00:00,6,20,2026-07-07 18:00:00,4 days 06:00:00,102,24.5,82.62,990.5,58.0
2026-07-03 12:00:00,6,20,2026-07-08 00:00:00,4 days 12:00:00,108,24.5,82.25,991.2,57.0
2026-07-03 12:00:00,6,20,2026-07-08 06:00:00,4 days 18:00:00,114,25.38,82.13,991.6,56.5
2026-07-03 12:00:00,6,20,2026-07-08 12:00:00,5 days 00:00:00,120,26.25,82.0,992.0,55.9
2026-07-03 12:00:00,6,20,2026-07-08 18:00:00,5 days 06:00:00,126,26.5,80.88,990.7,57.7
2026-07-03 12:00:00,6,20,2026-07-09 00:00:00,5 days 12:00:00,132,26.75,79.75,989.4,59.6
2026-07-03 12:00:00,6,20,2026-07-09 06:00:00,5 days 18:00:00,138,27.13,79.5,990.7,57.8
2026-07-03 12:00:00,6,20,2026-07-09 12:00:00,6 days 00:00:00,144,27.5,79.25,991.9,56.0
2026-07-03 12:00:00,6,20,2026-07-09 18:00:00,6 days 06:00:00,150,27.25,79.5,992.4,55.3
2026-07-03 12:00:00,6,20,2026-07-10 00:00:00,6 days 12:00:00,156,27.0,79.75,992.8,54.7
2026-07-03 12:00:00,6,20,2026-07-10 06:00:00,6 days 18:00:00,162,27.0,80.12,993.0,54.5
2026-07-03 12:00:00,6,20,2026-07-10 12:00:00,7 days 00:00:00,168,27.0,80.5,993.1,54.3
2026-07-03 12:00:00,7,20,2026-07-10 12:00:00,7 days 00:00:00,168,7.75,150.0,1005.2,34.8
2026-07-03 12:00:00,7,20,2026-07-10 18:00:00,7 days 06:00:00,174,7.75,149.5,1004.5,36.0
2026-07-03 12:00:00,7,20,2026-07-11 00:00:00,7 days 12:00:00,180,7.75,149.0,1003.8,37.3
2026-07-03 12:00:00,7,20,2026-07-11 06:00:00,7 days 18:00:00,186,8.5,147.75,1003.0,38.6
2026-07-03 12:00:00,7,20,2026-07-11 12:00:00,8 days 00:00:00,192,9.25,146.5,1002.3,39.9
2026-07-03 12:00:00,7,20,2026-07-11 18:00:00,8 days 06:00:00,198,10.13,144.75,1001.4,41.3
2026-07-03 12:00:00,7,20,2026-07-12 00:00:00,8 days 12:00:00,204,11.0,143.0,1000.5,42.8
2026-07-03 12:00:00,7,20,2026-07-12 06:00:00,8 days 18:00:00,210,11.0,142.25,999.5,44.4
2026-07-03 12:00:00,7,20,2026-07-12 12:00:00,9 days 00:00:00,216,11.0,141.5,998.6,45.9
2026-07-03 12:00:00,7,20,2026-07-12 18:00:00,9 days 06:00:00,222,11.38,140.5,998.2,46.6
2026-07-03 12:00:00,7,20,2026-07-13 00:00:00,9 days 12:00:00,228,11.75,139.5,997.8,47.2
2026-07-03 12:00:00,7,20,2026-07-13 06:00:00,9 days 18:00:00,234,12.62,139.5,994.9,51.5
2026-07-03 12:00:00,7,20,2026-07-13 12:00:00,10 days 00:00:00,240,13.5,139.5,992.0,55.9
2026-07-03 12:00:00,7,20,2026-07-13 18:00:00,10 days 06:00:00,246,14.75,139.38,987.0,62.8
2026-07-03 12:00:00,7,20,2026-07-14 00:00:00,10 days 12:00:00,252,16.0,139.25,981.9,69.7
2026-07-03 12:00:00,7,20,2026-07-14 06:00:00,10 days 18:00:00,258,17.38,138.88,982.3,69.2
2026-07-03 12:00:00,7,20,2026-07-14 12:00:00,11 days 00:00:00,264,18.75,138.5,982.7,68.7
2026-07-03 12:00:00,7,20,2026-07-14 18:00:00,11 days 06:00:00,270,19.75,137.88,978.8,73.7
2026-07-03 12:00:00,7,20,2026-07-15 00:00:00,11 days 12:00:00,276,20.75,137.25,974.8,78.8
2026-07-03 12:00:00,7,20,2026-07-15 06:00:00,11 days 18:00:00,282,21.25,137.0,973.0,80.9
2026-07-03 12:00:00,7,20,2026-07-15 12:00:00,12 days 00:00:00,288,21.75,136.75,971.3,83.1
2026-07-03 12:00:00,7,20,2026-07-15 18:00:00,12 days 06:00:00,294,22.13,136.38,968.5,86.4
2026-07-03 12:00:00,7,20,2026-07-16 00:00:00,12 days 12:00:00,300,22.5,136.0,965.7,89.7
2026-07-03 12:00:00,7,20,2026-07-16 06:00:00,12 days 18:00:00,306,23.0,135.25,964.0,91.6
2026-07-03 12:00:00,7,20,2026-07-16 12:00:00,13 days 00:00:00,312,23.5,134.5,962.4,93.5
2026-07-03 12:00:00,7,20,2026-07-16 18:00:00,13 days 06:00:00,318,23.75,133.88,961.6,94.4
2026-07-03 12:00:00,7,20,2026-07-17 00:00:00,13 days 12:00:00,324,24.0,133.25,960.9,95.2
2026-07-03 12:00:00,7,20,2026-07-17 06:00:00,13 days 18:00:00,330,24.25,132.63,960.5,95.6
2026-07-03 12:00:00,7,20,2026-07-17 12:00:00,14 days 00:00:00,336,24.5,132.0,960.1,96.1
2026-07-03 12:00:00,7,20,2026-07-17 18:00:00,14 days 06:00:00,342,24.63,131.38,962.4,93.4
2026-07-03 12:00:00,7,20,2026-07-18 00:00:00,14 days 12:00:00,348,24.75,130.75,964.7,90.8
2026-07-03 12:00:00,7,20,2026-07-18 06:00:00,14 days 18:00:00,354,25.0,130.0,964.2,91.5
2026-07-03 12:00:00,7,20,2026-07-18 12:00:00,15 days 00:00:00,360,25.25,129.25,963.6,92.2
2026-07-03 12:00:00,8,20,2026-07-13 00:00:00,9 days 12:00:00,228,-43.25,-139.0,969.0,85.8
2026-07-03 12:00:00,8,20,2026-07-13 06:00:00,9 days 18:00:00,234,-43.45,-136.64,969.9,84.7
2026-07-03 12:00:00,8,20,2026-07-13 12:00:00,10 days 00:00:00,240,-43.6,-134.27,970.8,83.7
2026-07-03 12:00:00,8,20,2026-07-13 18:00:00,10 days 06:00:00,246,-43.7,-131.89,971.6,82.6
2026-07-03 12:00:00,8,20,2026-07-14 00:00:00,10 days 12:00:00,252,-43.75,-129.5,972.5,81.6
2026-07-03 12:00:00,8,20,2026-07-14 06:00:00,10 days 18:00:00,258,-43.98,-127.71,973.7,80.1
2026-07-03 12:00:00,8,20,2026-07-14 12:00:00,11 days 00:00:00,264,-44.18,-125.9,974.8,78.7
2026-07-03 12:00:00,8,20,2026-07-14 18:00:00,11 days 06:00:00,270,-44.36,-124.08,976.0,77.3
2026-07-03 12:00:00,8,20,2026-07-15 00:00:00,11 days 12:00:00,276,-44.5,-122.25,977.2,75.8
2026-07-03 12:00:00,8,20,2026-07-15 06:00:00,11 days 18:00:00,282,-45.39,-120.16,976.9,76.2
2026-07-03 12:00:00,8,20,2026-07-15 12:00:00,12 days 00:00:00,288,-46.25,-118.0,976.6,76.5
2026-07-03 12:00:00,8,20,2026-07-15 18:00:00,12 days 06:00:00,294,-46.69,-117.51,977.3,75.7
2026-07-03 12:00:00,8,20,2026-07-16 00:00:00,12 days 12:00:00,300,-47.13,-117.02,977.9,74.9
2026-07-03 12:00:00,8,20,2026-07-16 06:00:00,12 days 18:00:00,306,-47.57,-116.51,978.6,74.0
2026-07-03 12:00:00,8,20,2026-07-16 12:00:00,13 days 00:00:00,312,-48.0,-116.0,979.2,73.2
2026-07-03 12:00:00,9,20,2026-07-16 00:00:00,12 days 12:00:00,300,6.75,-138.75,1004.6,35.9
2026-07-03 12:00:00,9,20,2026-07-16 06:00:00,12 days 18:00:00,306,8.0,-139.25,1004.9,35.3
2026-07-03 12:00:00,9,20,2026-07-16 12:00:00,13 days 00:00:00,312,9.25,-139.75,1005.2,34.7
2026-07-03 12:00:00,9,20,2026-07-16 18:00:00,13 days 06:00:00,318,9.44,-140.75,1005.2,34.7
2026-07-03 12:00:00,9,20,2026-07-17 00:00:00,13 days 12:00:00,324,9.63,-141.75,1005.2,34.8
2026-07-03 12:00:00,9,20,2026-07-17 06:00:00,13 days 18:00:00,330,9.82,-142.75,1005.2,34.8
2026-07-03 12:00:00,9,20,2026-07-17 12:00:00,14 days 00:00:00,336,10.0,-143.75,1005.1,34.9
2026-07-03 12:00:00,9,20,2026-07-17 18:00:00,14 days 06:00:00,342,10.0,-144.25,1005.3,34.5
2026-07-03 12:00:00,9,20,2026-07-18 00:00:00,14 days 12:00:00,348,10.0,-144.75,1005.5,34.2
2026-07-03 12:00:00,9,20,2026-07-18 06:00:00,14 days 18:00:00,354,10.25,-146.37,1005.1,34.9
2026-07-03 12:00:00,9,20,2026-07-18 12:00:00,15 days 00:00:00,360,10.5,-148.0,1004.7,35.6
2026-07-03 12:00:00,10,21,2026-07-16 00:00:00,12 days 12:00:00,300,7.75,-100.25,1006.4,32.6
2026-07-03 12:00:00,10,21,2026-07-16 06:00:00,12 days 18:00:00,306,8.5,-101.37,1006.3,32.8
2026-07-03 12:00:00,10,21,2026-07-16 12:00:00,13 days 00:00:00,312,9.25,-102.5,1006.2,32.9
2026-07-03 12:00:00,10,21,2026-07-16 18:00:00,13 days 06:00:00,318,9.13,-103.75,1005.5,34.2
2026-07-03 12:00:00,10,21,2026-07-17 00:00:00,13 days 12:00:00,324,9.0,-105.0,1004.7,35.6
2026-07-03 12:00:00,10,21,2026-07-17 06:00:00,13 days 18:00:00,330,9.63,-105.5,1004.1,36.7
2026-07-03 12:00:00,10,21,2026-07-17 12:00:00,14 days 00:00:00,336,10.25,-106.0,1003.5,37.7
2026-07-03 12:00:00,10,21,2026-07-17 18:00:00,14 days 06:00:00,342,10.75,-107.62,1003.1,38.5
2026-07-03 12:00:00,10,21,2026-07-18 00:00:00,14 days 12:00:00,348,11.25,-109.25,1002.6,39.3
2026-07-03 12:00:00,10,21,2026-07-18 06:00:00,14 days 18:00:00,354,12.0,-110.12,1002.2,40.1
2026-07-03 12:00:00,10,21,2026-07-18 12:00:00,15 days 00:00:00,360,12.75,-111.0,1001.7,40.8
2026-07-03 12:00:00,3,21,2026-07-03 12:00:00,0 days 00:00:00,0,12.75,153.0,976.5,76.7
2026-07-03 12:00:00,3,21,2026-07-03 18:00:00,0 days 06:00:00,6,12.88,152.25,971.7,82.4
2026-07-03 12:00:00,3,21,2026-07-04 00:00:00,0 days 12:00:00,12,13.0,151.5,967.0,88.2
2026-07-03 12:00:00,3,21,2026-07-04 06:00:00,0 days 18:00:00,18,12.88,150.75,969.5,85.1
2026-07-03 12:00:00,3,21,2026-07-04 12:00:00,1 days 00:00:00,24,12.75,150.0,972.1,82.1
2026-07-03 12:00:00,3,21,2026-07-04 18:00:00,1 days 06:00:00,30,13.0,149.13,968.7,86.1
2026-07-03 12:00:00,3,21,2026-07-05 00:00:00,1 days 12:00:00,36,13.25,148.25,965.3,90.2
2026-07-03 12:00:00,3,21,2026-07-05 06:00:00,1 days 18:00:00,42,13.25,147.38,962.2,93.7
2026-07-03 12:00:00,3,21,2026-07-05 12:00:00,2 days 00:00:00,48,13.25,146.5,959.1,97.3
2026-07-03 12:00:00,3,21,2026-07-05 18:00:00,2 days 06:00:00,54,13.88,145.63,960.4,95.8
2026-07-03 12:00:00,3,21,2026-07-06 00:00:00,2 days 12:00:00,60,14.5,144.75,961.7,94.3
2026-07-03 12:00:00,3,21,2026-07-06 06:00:00,2 days 18:00:00,66,14.75,143.38,959.8,96.4
2026-07-03 12:00:00,3,21,2026-07-06 12:00:00,3 days 00:00:00,72,15.0,142.0,957.9,98.6
2026-07-03 12:00:00,3,21,2026-07-06 18:00:00,3 days 06:00:00,78,15.5,140.75,952.8,104.1
2026-07-03 12:00:00,3,21,2026-07-07 00:00:00,3 days 12:00:00,84,16.0,139.5,947.7,109.7
2026-07-03 12:00:00,3,21,2026-07-07 06:00:00,3 days 18:00:00,90,16.38,138.0,951.7,105.3
2026-07-03 12:00:00,3,21,2026-07-07 12:00:00,4 days 00:00:00,96,16.75,136.5,955.8,100.9
2026-07-03 12:00:00,3,21,2026-07-07 18:00:00,4 days 06:00:00,102,17.13,135.13,953.2,103.7
2026-07-03 12:00:00,3,21,2026-07-08 00:00:00,4 days 12:00:00,108,17.5,133.75,950.7,106.5
2026-07-03 12:00:00,3,21,2026-07-08 06:00:00,4 days 18:00:00,114,17.63,132.63,947.6,109.7
2026-07-03 12:00:00,3,21,2026-07-08 12:00:00,5 days 00:00:00,120,17.75,131.5,944.5,113.0
2026-07-03 12:00:00,3,21,2026-07-08 18:00:00,5 days 06:00:00,126,18.38,130.5,942.7,114.9
2026-07-03 12:00:00,3,21,2026-07-09 00:00:00,5 days 12:00:00,132,19.0,129.5,940.8,116.9
2026-07-03 12:00:00,3,21,2026-07-09 06:00:00,5 days 18:00:00,138,19.63,128.75,943.3,114.3
2026-07-03 12:00:00,3,21,2026-07-09 12:00:00,6 days 00:00:00,144,20.25,128.0,945.7,111.8
2026-07-03 12:00:00,3,21,2026-07-09 18:00:00,6 days 06:00:00,150,21.25,126.88,944.1,113.4
2026-07-03 12:00:00,3,21,2026-07-10 00:00:00,6 days 12:00:00,156,22.25,125.75,942.6,115.0
2026-07-03 12:00:00,3,21,2026-07-10 06:00:00,6 days 18:00:00,162,23.13,124.88,946.0,111.4
2026-07-03 12:00:00,3,21,2026-07-10 12:00:00,7 days 00:00:00,168,24.0,124.0,949.5,107.7
2026-07-03 12:00:00,3,21,2026-07-10 18:00:00,7 days 06:00:00,174,25.0,123.01,952.6,104.4
2026-07-03 12:00:00,3,21,2026-07-11 00:00:00,7 days 12:00:00,180,26.0,122.0,955.7,101.0
2026-07-03 12:00:00,3,21,2026-07-11 06:00:00,7 days 18:00:00,186,27.0,121.01,966.2,88.7
2026-07-03 12:00:00,3,21,2026-07-11 12:00:00,8 days 00:00:00,192,28.0,120.0,976.8,76.3
2026-07-03 12:00:00,3,21,2026-07-11 18:00:00,8 days 06:00:00,198,28.63,118.38,981.8,69.7
2026-07-03 12:00:00,3,21,2026-07-12 00:00:00,8 days 12:00:00,204,29.25,116.75,986.9,63.0
2026-07-03 12:00:00,3,21,2026-07-12 06:00:00,8 days 18:00:00,210,29.75,115.63,989.6,59.3
2026-07-03 12:00:00,3,21,2026-07-12 12:00:00,9 days 00:00:00,216,30.25,114.5,992.2,55.6
2026-07-03 12:00:00,3,21,2026-07-12 18:00:00,9 days 06:00:00,222,30.38,114.5,994.3,52.4
2026-07-03 12:00:00,3,21,2026-07-13 00:00:00,9 days 12:00:00,228,30.5,114.5,996.4,49.3
2026-07-03 12:00:00,4,21,2026-07-03 12:00:00,0 days 00:00:00,0,19.5,-128.5,1001.2,41.7
2026-07-03 12:00:00,5,21,2026-07-03 12:00:00,0 days 00:00:00,0,18.5,110.0,997.5,47.5
2026-07-03 12:00:00,5,21,2026-07-03 18:00:00,0 days 06:00:00,6,19.5,108.88,996.7,48.9
2026-07-03 12:00:00,5,21,2026-07-04 00:00:00,0 days 12:00:00,12,20.5,107.75,995.8,50.3
2026-07-03 12:00:00,5,21,2026-07-04 06:00:00,0 days 18:00:00,18,20.63,107.87,994.5,52.2
2026-07-03 12:00:00,5,21,2026-07-04 12:00:00,1 days 00:00:00,24,20.75,108.0,993.2,54.1
2026-07-03 12:00:00,5,21,2026-07-04 18:00:00,1 days 06:00:00,30,21.12,108.0,995.8,50.2
2026-07-03 12:00:00,5,21,2026-07-05 00:00:00,1 days 12:00:00,36,21.5,108.0,998.4,46.2
2026-07-03 12:00:00,6,21,2026-07-04 00:00:00,0 days 12:00:00,12,20.5,87.5,994.2,52.6
2026-07-03 12:00:00,6,21,2026-07-04 06:00:00,0 days 18:00:00,18,20.75,87.75,993.3,53.9
2026-07-03 12:00:00,6,21,2026-07-04 12:00:00,1 days 00:00:00,24,21.0,88.0,992.5,55.2
2026-07-03 12:00:00,6,21,2026-07-04 18:00:00,1 days 06:00:00,30,21.25,87.88,992.6,55.0
2026-07-03 12:00:00,6,21,2026-07-05 00:00:00,1 days 12:00:00,36,21.5,87.75,992.7,54.8
2026-07-03 12:00:00,6,21,2026-07-05 06:00:00,1 days 18:00:00,42,21.38,86.37,992.3,55.5
2026-07-03 12:00:00,6,21,2026-07-05 12:00:00,2 days 00:00:00,48,21.25,85.0,991.8,56.1
2026-07-03 12:00:00,6,21,2026-07-05 18:00:00,2 days 06:00:00,54,21.5,86.0,992.6,55.1
2026-07-03 12:00:00,6,21,2026-07-06 00:00:00,2 days 12:00:00,60,21.75,87.0,993.3,54.0
2026-07-03 12:00:00,6,21,2026-07-06 06:00:00,2 days 18:00:00,66,26.88,87.12,992.3,55.4
2026-07-03 12:00:00,6,21,2026-07-06 12:00:00,3 days 00:00:00,72,32.0,87.25,991.4,56.8
2026-07-03 12:00:00,6,21,2026-07-06 18:00:00,3 days 06:00:00,78,28.01,85.56,992.3,55.4
2026-07-03 12:00:00,6,21,2026-07-07 00:00:00,3 days 12:00:00,84,24.0,84.0,993.3,53.9
2026-07-03 12:00:00,6,21,2026-07-07 06:00:00,3 days 18:00:00,90,24.63,83.01,992.4,55.2
2026-07-03 12:00:00,6,21,2026-07-07 12:00:00,4 days 00:00:00,96,25.25,82.0,991.6,56.5
2026-07-03 12:00:00,6,21,2026-07-07 18:00:00,4 days 06:00:00,102,25.25,81.12,992.0,55.8
2026-07-03 12:00:00,6,21,2026-07-08 00:00:00,4 days 12:00:00,108,25.25,80.25,992.5,55.1
2026-07-03 12:00:00,6,21,2026-07-08 06:00:00,4 days 18:00:00,114,25.63,80.37,991.9,56.1
2026-07-03 12:00:00,6,21,2026-07-08 12:00:00,5 days 00:00:00,120,26.0,80.5,991.2,57.0
2026-07-03 12:00:00,6,21,2026-07-08 18:00:00,5 days 06:00:00,126,26.63,80.38,992.6,55.0
2026-07-03 12:00:00,6,21,2026-07-09 00:00:00,5 days 12:00:00,132,27.25,80.25,994.0,53.0
2026-07-03 12:00:00,6,21,2026-07-09 06:00:00,5 days 18:00:00,138,27.31,80.13,994.9,51.6
2026-07-03 12:00:00,6,21,2026-07-09 12:00:00,6 days 00:00:00,144,27.38,80.0,995.7,50.3
2026-07-03 12:00:00,6,21,2026-07-09 18:00:00,6 days 06:00:00,150,27.44,79.88,996.6,48.9
2026-07-03 12:00:00,6,21,2026-07-10 00:00:00,6 days 12:00:00,156,27.5,79.75,997.5,47.6
2026-07-03 12:00:00,7,21,2026-07-06 00:00:00,2 days 12:00:00,60,19.75,71.75,992.0,55.9
2026-07-03 12:00:00,7,21,2026-07-06 06:00:00,2 days 18:00:00,66,19.88,72.25,993.2,54.2
2026-07-03 12:00:00,7,21,2026-07-06 12:00:00,3 days 00:00:00,72,20.0,72.75,994.3,52.5
2026-07-03 12:00:00,7,21,2026-07-06 18:00:00,3 days 06:00:00,78,20.13,72.38,992.3,55.4
2026-07-03 12:00:00,7,21,2026-07-07 00:00:00,3 days 12:00:00,84,20.25,72.0,990.3,58.4
2026-07-03 12:00:00,7,21,2026-07-07 06:00:00,3 days 18:00:00,90,20.63,72.12,988.1,61.4
2026-07-03 12:00:00,7,21,2026-07-07 12:00:00,4 days 00:00:00,96,21.0,72.25,985.9,64.5
2026-07-03 12:00:00,7,21,2026-07-07 18:00:00,4 days 06:00:00,102,21.0,72.25,986.2,64.0
2026-07-03 12:00:00,7,21,2026-07-08 00:00:00,4 days 12:00:00,108,21.0,72.25,986.6,63.4
2026-07-03 12:00:00,7,21,2026-07-08 06:00:00,4 days 18:00:00,114,21.0,72.5,988.3,61.1
2026-07-03 12:00:00,7,21,2026-07-08 12:00:00,5 days 00:00:00,120,21.0,72.75,990.0,58.7
2026-07-03 12:00:00,7,21,2026-07-08 18:00:00,5 days 06:00:00,126,24.17,76.41,992.0,55.9
2026-07-03 12:00:00,7,21,2026-07-09 00:00:00,5 days 12:00:00,132,27.25,80.25,994.0,53.0
2026-07-03 12:00:00,8,21,2026-07-10 12:00:00,7 days 00:00:00,168,-34.25,-111.75,976.6,76.5
2026-07-03 12:00:00,8,21,2026-07-10 18:00:00,7 days 06:00:00,174,-36.39,-109.93,974.8,78.8
2026-07-03 12:00:00,8,21,2026-07-11 00:00:00,7 days 12:00:00,180,-38.5,-108.0,972.9,81.1
2026-07-03 12:00:00,8,21,2026-07-11 06:00:00,7 days 18:00:00,186,-40.27,-105.69,974.2,79.5
2026-07-03 12:00:00,8,21,2026-07-11 12:00:00,8 days 00:00:00,192,-42.0,-103.25,975.6,77.8
2026-07-03 12:00:00,8,21,2026-07-11 18:00:00,8 days 06:00:00,198,-44.15,-101.08,977.1,75.9
2026-07-03 12:00:00,8,21,2026-07-12 00:00:00,8 days 12:00:00,204,-46.25,-98.75,978.6,74.0
2026-07-03 12:00:00,8,21,2026-07-12 06:00:00,8 days 18:00:00,210,-46.64,-97.14,982.6,68.7
2026-07-03 12:00:00,8,21,2026-07-12 12:00:00,9 days 00:00:00,216,-47.0,-95.5,986.6,63.5
2026-07-03 12:00:00,8,21,2026-07-12 18:00:00,9 days 06:00:00,222,-47.02,-93.62,991.5,56.3
2026-07-03 12:00:00,8,21,2026-07-13 00:00:00,9 days 12:00:00,228,-47.0,-91.75,996.5,49.2
2026-07-03 12:00:00,8,21,2026-07-13 06:00:00,9 days 18:00:00,234,-44.88,-92.23,992.2,55.1
2026-07-03 12:00:00,8,21,2026-07-13 12:00:00,10 days 00:00:00,240,-42.75,-92.69,988.0,61.0
2026-07-03 12:00:00,8,21,2026-07-13 18:00:00,10 days 06:00:00,246,-40.62,-93.11,983.8,66.9
2026-07-03 12:00:00,8,21,2026-07-14 00:00:00,10 days 12:00:00,252,-38.5,-93.5,979.5,72.8
2026-07-03 12:00:00,9,21,2026-07-14 00:00:00,10 days 12:00:00,252,-52.0,-146.75,977.8,75.1
2026-07-03 12:00:00,9,21,2026-07-14 06:00:00,10 days 18:00:00,258,-49.56,-142.94,974.9,78.6
2026-07-03 12:00:00,9,21,2026-07-14 12:00:00,11 days 00:00:00,264,-47.0,-139.5,972.1,82.1
2026-07-03 12:00:00,9,21,2026-07-14 18:00:00,11 days 06:00:00,270,-47.75,-138.88,972.3,81.8
2026-07-03 12:00:00,9,21,2026-07-15 00:00:00,11 days 12:00:00,276,-48.5,-138.25,972.5,81.6
2026-07-03 12:00:00,9,21,2026-07-15 06:00:00,11 days 18:00:00,282,-47.88,-139.14,975.2,78.3
2026-07-03 12:00:00,9,21,2026-07-15 12:00:00,12 days 00:00:00,288,-47.25,-140.0,977.8,75.0
2026-07-03 12:00:00,9,21,2026-07-15 18:00:00,12 days 06:00:00,294,-46.13,-139.62,978.0,74.7
2026-07-03 12:00:00,9,21,2026-07-16 00:00:00,12 days 12:00:00,300,-45.0,-139.25,978.2,74.5
2026-07-03 12:00:00,9,21,2026-07-16 06:00:00,12 days 18:00:00,306,-43.63,-138.61,979.2,73.2
2026-07-03 12:00:00,9,21,2026-07-16 12:00:00,13 days 00:00:00,312,-42.25,-138.0,980.3,71.9
2026-07-03 12:00:00,9,21,2026-07-16 18:00:00,13 days 06:00:00,318,-46.13,-137.88,985.5,64.8
2026-07-03 12:00:00,9,21,2026-07-17 00:00:00,13 days 12:00:00,324,-50.0,-137.75,990.7,57.7
2026-07-03 12:00:00,10,22,2026-07-15 00:00:00,11 days 12:00:00,276,9.75,-128.25,1005.5,34.2
2026-07-03 12:00:00,10,22,2026-07-15 06:00:00,11 days 18:00:00,282,9.38,-128.75,1003.9,37.0
2026-07-03 12:00:00,10,22,2026-07-15 12:00:00,12 days 00:00:00,288,9.0,-129.25,1002.3,39.8
2026-07-03 12:00:00,10,22,2026-07-15 18:00:00,12 days 06:00:00,294,9.69,-129.75,1002.6,39.3
2026-07-03 12:00:00,10,22,2026-07-16 00:00:00,12 days 12:00:00,300,10.38,-130.25,1002.9,38.9
2026-07-03 12:00:00,10,22,2026-07-16 06:00:00,12 days 18:00:00,306,11.06,-130.75,1003.1,38.4
2026-07-03 12:00:00,10,22,2026-07-16 12:00:00,13 days 00:00:00,312,11.75,-131.25,1003.4,37.9
2026-07-03 12:00:00,10,22,2026-07-16 18:00:00,13 days 06:00:00,318,11.75,-131.88,1003.0,38.6
2026-07-03 12:00:00,10,22,2026-07-17 00:00:00,13 days 12:00:00,324,11.75,-132.5,1002.6,39.3
2026-07-03 12:00:00,10,22,2026-07-17 06:00:00,13 days 18:00:00,330,11.75,-132.63,1002.8,39.1
2026-07-03 12:00:00,10,22,2026-07-17 12:00:00,14 days 00:00:00,336,11.75,-132.75,1002.9,38.8
2026-07-03 12:00:00,10,22,2026-07-17 18:00:00,14 days 06:00:00,342,12.25,-133.62,1003.4,38.0
2026-07-03 12:00:00,10,22,2026-07-18 00:00:00,14 days 12:00:00,348,12.75,-134.5,1003.8,37.2
2026-07-03 12:00:00,10,22,2026-07-18 06:00:00,14 days 18:00:00,354,13.5,-135.25,1004.7,35.6
2026-07-03 12:00:00,10,22,2026-07-18 12:00:00,15 days 00:00:00,360,14.25,-136.0,1005.6,34.0
2026-07-03 12:00:00,11,22,2026-07-16 00:00:00,12 days 12:00:00,300,8.0,159.25,1005.0,35.1
2026-07-03 12:00:00,11,22,2026-07-16 06:00:00,12 days 18:00:00,306,8.5,159.0,1004.3,36.3
2026-07-03 12:00:00,11,22,2026-07-16 12:00:00,13 days 00:00:00,312,9.0,158.75,1003.6,37.6
2026-07-03 12:00:00,11,22,2026-07-16 18:00:00,13 days 06:00:00,318,9.38,157.13,1001.3,41.5
2026-07-03 12:00:00,11,22,2026-07-17 00:00:00,13 days 12:00:00,324,9.75,155.5,998.9,45.4
2026-07-03 12:00:00,11,22,2026-07-17 06:00:00,13 days 18:00:00,330,10.0,154.38,996.9,48.5
2026-07-03 12:00:00,11,22,2026-07-17 12:00:00,14 days 00:00:00,336,10.25,153.25,994.9,51.6
2026-07-03 12:00:00,11,22,2026-07-17 18:00:00,14 days 06:00:00,342,10.5,152.0,992.2,55.5
2026-07-03 12:00:00,11,22,2026-07-18 00:00:00,14 days 12:00:00,348,10.75,150.75,989.5,59.5
2026-07-03 12:00:00,11,22,2026-07-18 06:00:00,14 days 18:00:00,354,10.88,149.5,988.5,60.9
2026-07-03 12:00:00,11,22,2026-07-18 12:00:00,15 days 00:00:00,360,11.0,148.25,987.5,62.3
2026-07-03 12:00:00,3,22,2026-07-03 12:00:00,0 days 00:00:00,0,12.75,153.0,976.5,76.7
2026-07-03 12:00:00,3,22,2026-07-03 18:00:00,0 days 06:00:00,6,12.75,152.38,972.5,81.5
2026-07-03 12:00:00,3,22,2026-07-04 00:00:00,0 days 12:00:00,12,12.75,151.75,968.5,86.4
2026-07-03 12:00:00,3,22,2026-07-04 06:00:00,0 days 18:00:00,18,12.88,151.13,971.1,83.3
2026-07-03 12:00:00,3,22,2026-07-04 12:00:00,1 days 00:00:00,24,13.0,150.5,973.7,80.2
2026-07-03 12:00:00,3,22,2026-07-04 18:00:00,1 days 06:00:00,30,13.13,149.63,968.8,86.0
2026-07-03 12:00:00,3,22,2026-07-05 00:00:00,1 days 12:00:00,36,13.25,148.75,963.9,91.7
2026-07-03 12:00:00,3,22,2026-07-05 06:00:00,1 days 18:00:00,42,13.5,148.0,961.7,94.2
2026-07-03 12:00:00,3,22,2026-07-05 12:00:00,2 days 00:00:00,48,13.75,147.25,959.5,96.7
2026-07-03 12:00:00,3,22,2026-07-05 18:00:00,2 days 06:00:00,54,14.0,146.25,959.4,96.8
2026-07-03 12:00:00,3,22,2026-07-06 00:00:00,2 days 12:00:00,60,14.25,145.25,959.3,97.0
2026-07-03 12:00:00,3,22,2026-07-06 06:00:00,2 days 18:00:00,66,14.75,144.0,957.2,99.4
2026-07-03 12:00:00,3,22,2026-07-06 12:00:00,3 days 00:00:00,72,15.25,142.75,955.0,101.7
2026-07-03 12:00:00,3,22,2026-07-06 18:00:00,3 days 06:00:00,78,15.51,141.25,952.4,104.6
2026-07-03 12:00:00,3,22,2026-07-07 00:00:00,3 days 12:00:00,84,15.75,139.75,949.8,107.4
2026-07-03 12:00:00,3,22,2026-07-07 06:00:00,3 days 18:00:00,90,16.01,138.25,949.5,107.8
2026-07-03 12:00:00,3,22,2026-07-07 12:00:00,4 days 00:00:00,96,16.25,136.75,949.1,108.1
2026-07-03 12:00:00,3,22,2026-07-07 18:00:00,4 days 06:00:00,102,16.51,135.25,951.2,105.9
2026-07-03 12:00:00,3,22,2026-07-08 00:00:00,4 days 12:00:00,108,16.75,133.75,953.2,103.8
2026-07-03 12:00:00,3,22,2026-07-08 06:00:00,4 days 18:00:00,114,17.01,132.13,949.4,107.8
2026-07-03 12:00:00,3,22,2026-07-08 12:00:00,5 days 00:00:00,120,17.25,130.5,945.6,111.8
2026-07-03 12:00:00,3,22,2026-07-08 18:00:00,5 days 06:00:00,126,17.63,129.25,946.6,110.8
2026-07-03 12:00:00,3,22,2026-07-09 00:00:00,5 days 12:00:00,132,18.0,128.0,947.6,109.8
2026-07-03 12:00:00,3,22,2026-07-09 06:00:00,5 days 18:00:00,138,18.25,127.25,945.4,112.1
2026-07-03 12:00:00,3,22,2026-07-09 12:00:00,6 days 00:00:00,144,18.5,126.5,943.1,114.5
2026-07-03 12:00:00,3,22,2026-07-09 18:00:00,6 days 06:00:00,150,18.88,125.5,945.9,111.6
2026-07-03 12:00:00,3,22,2026-07-10 00:00:00,6 days 12:00:00,156,19.25,124.5,948.6,108.7
2026-07-03 12:00:00,3,22,2026-07-10 06:00:00,6 days 18:00:00,162,19.88,123.75,949.0,108.3
2026-07-03 12:00:00,3,22,2026-07-10 12:00:00,7 days 00:00:00,168,20.5,123.0,949.3,107.9
2026-07-03 12:00:00,3,22,2026-07-10 18:00:00,7 days 06:00:00,174,21.0,122.13,949.9,107.3
2026-07-03 12:00:00,3,22,2026-07-11 00:00:00,7 days 12:00:00,180,21.5,121.25,950.4,106.7
2026-07-03 12:00:00,3,22,2026-07-11 06:00:00,7 days 18:00:00,186,22.38,120.38,957.0,99.4
2026-07-03 12:00:00,3,22,2026-07-11 12:00:00,8 days 00:00:00,192,23.25,119.5,963.6,92.1
2026-07-03 12:00:00,3,22,2026-07-11 18:00:00,8 days 06:00:00,198,23.63,118.25,970.0,84.4
2026-07-03 12:00:00,3,22,2026-07-12 00:00:00,8 days 12:00:00,204,24.0,117.0,976.4,76.7
2026-07-03 12:00:00,3,22,2026-07-12 06:00:00,8 days 18:00:00,210,24.01,115.75,982.2,69.1
2026-07-03 12:00:00,3,22,2026-07-12 12:00:00,9 days 00:00:00,216,24.0,114.5,988.0,61.5
2026-07-03 12:00:00,3,22,2026-07-12 18:00:00,9 days 06:00:00,222,24.13,113.0,989.8,59.0
2026-07-03 12:00:00,3,22,2026-07-13 00:00:00,9 days 12:00:00,228,24.25,111.5,991.5,56.5
2026-07-03 12:00:00,3,22,2026-07-13 06:00:00,9 days 18:00:00,234,23.94,110.62,992.5,55.1
2026-07-03 12:00:00,3,22,2026-07-13 12:00:00,10 days 00:00:00,240,23.63,109.74,993.4,53.7
2026-07-03 12:00:00,3,22,2026-07-13 18:00:00,10 days 06:00:00,246,23.32,108.87,994.4,52.3
2026-07-03 12:00:00,3,22,2026-07-14 00:00:00,10 days 12:00:00,252,23.0,108.0,995.3,50.9
2026-07-03 12:00:00,4,22,2026-07-03 12:00:00,0 days 00:00:00,0,19.5,-128.5,1001.2,41.7
2026-07-03 12:00:00,5,22,2026-07-03 12:00:00,0 days 00:00:00,0,18.5,110.0,997.5,47.5
2026-07-03 12:00:00,5,22,2026-07-03 18:00:00,0 days 06:00:00,6,19.5,109.13,996.2,49.5
2026-07-03 12:00:00,5,22,2026-07-04 00:00:00,0 days 12:00:00,12,20.5,108.25,995.0,51.5
2026-07-03 12:00:00,5,22,2026-07-04 06:00:00,0 days 18:00:00,18,20.88,108.13,995.3,51.0
2026-07-03 12:00:00,5,22,2026-07-04 12:00:00,1 days 00:00:00,24,21.25,108.0,995.6,50.5
2026-07-03 12:00:00,5,22,2026-07-04 18:00:00,1 days 06:00:00,30,21.75,107.75,997.8,47.0
2026-07-03 12:00:00,5,22,2026-07-05 00:00:00,1 days 12:00:00,36,22.25,107.5,1000.1,43.5
2026-07-03 12:00:00,6,22,2026-07-04 00:00:00,0 days 12:00:00,12,19.75,87.5,994.0,53.0
2026-07-03 12:00:00,6,22,2026-07-04 06:00:00,0 days 18:00:00,18,20.25,87.5,992.7,54.9
2026-07-03 12:00:00,6,22,2026-07-04 12:00:00,1 days 00:00:00,24,20.75,87.5,991.4,56.8
2026-07-03 12:00:00,6,22,2026-07-04 18:00:00,1 days 06:00:00,30,20.88,87.38,990.9,57.5
2026-07-03 12:00:00,6,22,2026-07-05 00:00:00,1 days 12:00:00,36,21.0,87.25,990.3,58.3
2026-07-03 12:00:00,6,22,2026-07-05 06:00:00,1 days 18:00:00,42,21.5,87.25,989.5,59.4
2026-07-03 12:00:00,6,22,2026-07-05 12:00:00,2 days 00:00:00,48,22.0,87.25,988.7,60.5
2026-07-03 12:00:00,6,22,2026-07-05 18:00:00,2 days 06:00:00,54,22.38,86.75,989.2,59.9
2026-07-03 12:00:00,6,22,2026-07-06 00:00:00,2 days 12:00:00,60,22.75,86.25,989.6,59.3
2026-07-03 12:00:00,6,22,2026-07-06 06:00:00,2 days 18:00:00,66,23.38,85.25,990.6,57.9
2026-07-03 12:00:00,6,22,2026-07-06 12:00:00,3 days 00:00:00,72,24.0,84.25,991.6,56.4
2026-07-03 12:00:00,6,22,2026-07-06 18:00:00,3 days 06:00:00,78,24.13,83.63,992.2,55.6
2026-07-03 12:00:00,6,22,2026-07-07 00:00:00,3 days 12:00:00,84,24.25,83.0,992.8,54.7
2026-07-03 12:00:00,6,22,2026-07-07 06:00:00,3 days 18:00:00,90,24.63,82.25,991.6,56.4
2026-07-03 12:00:00,6,22,2026-07-07 12:00:00,4 days 00:00:00,96,25.0,81.5,990.4,58.1
2026-07-03 12:00:00,6,22,2026-07-07 18:00:00,4 days 06:00:00,102,25.25,81.5,991.1,57.1
2026-07-03 12:00:00,6,22,2026-07-08 00:00:00,4 days 12:00:00,108,25.5,81.5,991.8,56.1
2026-07-03 12:00:00,6,22,2026-07-08 06:00:00,4 days 18:00:00,114,26.13,80.75,992.2,55.6
2026-07-03 12:00:00,6,22,2026-07-08 12:00:00,5 days 00:00:00,120,26.75,80.0,992.5,55.1
2026-07-03 12:00:00,6,22,2026-07-08 18:00:00,5 days 06:00:00,126,28.09,81.56,992.7,54.8
2026-07-03 12:00:00,6,22,2026-07-09 00:00:00,5 days 12:00:00,132,29.41,83.17,992.9,54.5
2026-07-03 12:00:00,6,22,2026-07-09 06:00:00,5 days 18:00:00,138,30.72,84.81,993.1,54.2
2026-07-03 12:00:00,6,22,2026-07-09 12:00:00,6 days 00:00:00,144,32.0,86.5,993.3,54.0
2026-07-03 12:00:00,7,22,2026-07-11 12:00:00,8 days 00:00:00,192,-41.25,-155.25,976.9,76.2
2026-07-03 12:00:00,7,22,2026-07-11 18:00:00,8 days 06:00:00,198,-42.41,-152.65,974.6,79.0
2026-07-03 12:00:00,7,22,2026-07-12 00:00:00,8 days 12:00:00,204,-43.51,-149.94,972.3,81.8
2026-07-03 12:00:00,7,22,2026-07-12 06:00:00,8 days 18:00:00,210,-44.54,-147.14,970.0,84.6
2026-07-03 12:00:00,7,22,2026-07-12 12:00:00,9 days 00:00:00,216,-45.5,-144.25,967.7,87.4
2026-07-03 12:00:00,7,22,2026-07-12 18:00:00,9 days 06:00:00,222,-45.13,-144.5,970.1,84.5
2026-07-03 12:00:00,7,22,2026-07-13 00:00:00,9 days 12:00:00,228,-44.75,-144.75,972.5,81.5
2026-07-03 12:00:00,7,22,2026-07-13 06:00:00,9 days 18:00:00,234,-43.75,-144.37,974.4,79.2
2026-07-03 12:00:00,7,22,2026-07-13 12:00:00,10 days 00:00:00,240,-42.75,-144.0,976.3,76.9
2026-07-03 12:00:00,7,22,2026-07-13 18:00:00,10 days 06:00:00,246,-42.38,-143.62,977.6,75.3
2026-07-03 12:00:00,7,22,2026-07-14 00:00:00,10 days 12:00:00,252,-42.0,-143.25,978.8,73.8
2026-07-03 12:00:00,7,22,2026-07-14 06:00:00,10 days 18:00:00,258,-40.88,-141.85,980.6,71.4
2026-07-03 12:00:00,7,22,2026-07-14 12:00:00,11 days 00:00:00,264,-39.75,-140.5,982.4,69.1
2026-07-03 12:00:00,8,22,2026-07-13 00:00:00,9 days 12:00:00,228,11.75,138.5,1003.5,37.7
2026-07-03 12:00:00,8,22,2026-07-13 06:00:00,9 days 18:00:00,234,11.5,137.37,1002.2,39.9
2026-07-03 12:00:00,8,22,2026-07-13 12:00:00,10 days 00:00:00,240,11.25,136.25,1001.0,42.1
2026-07-03 12:00:00,8,22,2026-07-13 18:00:00,10 days 06:00:00,246,12.13,136.13,999.8,43.9
2026-07-03 12:00:00,8,22,2026-07-14 00:00:00,10 days 12:00:00,252,13.0,136.0,998.7,45.7
2026-07-03 12:00:00,8,22,2026-07-14 06:00:00,10 days 18:00:00,258,13.88,134.75,998.0,46.8
2026-07-03 12:00:00,8,22,2026-07-14 12:00:00,11 days 00:00:00,264,14.75,133.5,997.4,47.8
2026-07-03 12:00:00,8,22,2026-07-14 18:00:00,11 days 06:00:00,270,15.0,132.75,993.2,53.9
2026-07-03 12:00:00,8,22,2026-07-15 00:00:00,11 days 12:00:00,276,15.25,132.0,989.1,60.1
2026-07-03 12:00:00,8,22,2026-07-15 06:00:00,11 days 18:00:00,282,15.75,132.0,988.9,60.3
2026-07-03 12:00:00,8,22,2026-07-15 12:00:00,12 days 00:00:00,288,16.25,132.0,988.7,60.5
2026-07-03 12:00:00,8,22,2026-07-15 18:00:00,12 days 06:00:00,294,16.88,132.0,987.3,62.4
2026-07-03 12:00:00,8,22,2026-07-16 00:00:00,12 days 12:00:00,300,17.5,132.0,986.0,64.3
2026-07-03 12:00:00,8,22,2026-07-16 06:00:00,12 days 18:00:00,306,18.0,131.88,981.1,70.6
2026-07-03 12:00:00,8,22,2026-07-16 12:00:00,13 days 00:00:00,312,18.5,131.75,976.3,76.9
2026-07-03 12:00:00,8,22,2026-07-16 18:00:00,13 days 06:00:00,318,19.13,131.63,969.9,84.6
2026-07-03 12:00:00,8,22,2026-07-17 00:00:00,13 days 12:00:00,324,19.75,131.5,963.4,92.3
2026-07-03 12:00:00,8,22,2026-07-17 06:00:00,13 days 18:00:00,330,20.13,131.25,961.8,94.2
2026-07-03 12:00:00,8,22,2026-07-17 12:00:00,14 days 00:00:00,336,20.5,131.0,960.1,96.1
2026-07-03 12:00:00,8,22,2026-07-17 18:00:00,14 days 06:00:00,342,21.25,130.63,957.8,98.6
2026-07-03 12:00:00,8,22,2026-07-18 00:00:00,14 days 12:00:00,348,22.0,130.25,955.6,101.1
2026-07-03 12:00:00,8,22,2026-07-18 06:00:00,14 days 18:00:00,354,22.63,129.38,953.7,103.2
2026-07-03 12:00:00,8,22,2026-07-18 12:00:00,15 days 00:00:00,360,23.25,128.5,951.8,105.3
2026-07-03 12:00:00,9,22,2026-07-14 12:00:00,11 days 00:00:00,264,12.0,-105.0,1004.7,35.7
2026-07-03 12:00:00,9,22,2026-07-14 18:00:00,11 days 06:00:00,270,12.5,-106.12,1003.7,37.3
2026-07-03 12:00:00,9,22,2026-07-15 00:00:00,11 days 12:00:00,276,13.0,-107.25,1002.8,39.0
2026-07-03 12:00:00,9,22,2026-07-15 06:00:00,11 days 18:00:00,282,12.88,-108.63,1001.0,42.0
2026-07-03 12:00:00,9,22,2026-07-15 12:00:00,12 days 00:00:00,288,12.75,-110.0,999.2,44.9
2026-07-03 12:00:00,9,22,2026-07-15 18:00:00,12 days 06:00:00,294,12.88,-111.37,997.7,47.2
2026-07-03 12:00:00,9,22,2026-07-16 00:00:00,12 days 12:00:00,300,13.0,-112.75,996.3,49.5
2026-07-03 12:00:00,9,22,2026-07-16 06:00:00,12 days 18:00:00,306,13.0,-113.63,993.0,54.4
2026-07-03 12:00:00,9,22,2026-07-16 12:00:00,13 days 00:00:00,312,13.0,-114.5,989.7,59.2
2026-07-03 12:00:00,9,22,2026-07-16 18:00:00,13 days 06:00:00,318,12.88,-115.38,983.9,66.9
2026-07-03 12:00:00,9,22,2026-07-17 00:00:00,13 days 12:00:00,324,12.75,-116.25,978.2,74.5
2026-07-03 12:00:00,9,22,2026-07-17 06:00:00,13 days 18:00:00,330,12.88,-116.87,977.1,75.9
2026-07-03 12:00:00,9,22,2026-07-17 12:00:00,14 days 00:00:00,336,13.0,-117.5,976.1,77.2
2026-07-03 12:00:00,9,22,2026-07-17 18:00:00,14 days 06:00:00,342,13.25,-118.37,975.4,78.1
2026-07-03 12:00:00,9,22,2026-07-18 00:00:00,14 days 12:00:00,348,13.5,-119.25,974.6,79.0
2026-07-03 12:00:00,9,22,2026-07-18 06:00:00,14 days 18:00:00,354,13.88,-120.0,971.6,82.6
2026-07-03 12:00:00,9,22,2026-07-18 12:00:00,15 days 00:00:00,360,14.25,-120.75,968.6,86.3
2026-07-03 12:00:00,3,23,2026-07-03 12:00:00,0 days 00:00:00,0,12.75,153.0,976.5,76.7
2026-07-03 12:00:00,3,23,2026-07-03 18:00:00,0 days 06:00:00,6,12.88,152.25,973.0,81.0
2026-07-03 12:00:00,3,23,2026-07-04 00:00:00,0 days 12:00:00,12,13.0,151.5,969.5,85.2
2026-07-03 12:00:00,3,23,2026-07-04 06:00:00,0 days 18:00:00,18,12.88,151.12,970.1,84.4
2026-07-03 12:00:00,3,23,2026-07-04 12:00:00,1 days 00:00:00,24,12.75,150.75,970.8,83.6
2026-07-03 12:00:00,3,23,2026-07-04 18:00:00,1 days 06:00:00,30,13.0,150.0,968.0,86.9
2026-07-03 12:00:00,3,23,2026-07-05 00:00:00,1 days 12:00:00,36,13.25,149.25,965.3,90.2
2026-07-03 12:00:00,3,23,2026-07-05 06:00:00,1 days 18:00:00,42,13.5,148.38,966.1,89.2
2026-07-03 12:00:00,3,23,2026-07-05 12:00:00,2 days 00:00:00,48,13.75,147.5,967.0,88.2
2026-07-03 12:00:00,3,23,2026-07-05 18:00:00,2 days 06:00:00,54,13.88,146.63,963.0,92.7
2026-07-03 12:00:00,3,23,2026-07-06 00:00:00,2 days 12:00:00,60,14.0,145.75,959.1,97.3
2026-07-03 12:00:00,3,23,2026-07-06 06:00:00,2 days 18:00:00,66,14.5,144.63,956.4,100.2
2026-07-03 12:00:00,3,23,2026-07-06 12:00:00,3 days 00:00:00,72,15.0,143.5,953.7,103.2
2026-07-03 12:00:00,3,23,2026-07-06 18:00:00,3 days 06:00:00,78,15.63,142.13,954.3,102.5
2026-07-03 12:00:00,3,23,2026-07-07 00:00:00,3 days 12:00:00,84,16.25,140.75,955.0,101.8
2026-07-03 12:00:00,3,23,2026-07-07 06:00:00,3 days 18:00:00,90,16.51,139.25,950.6,106.5
2026-07-03 12:00:00,3,23,2026-07-07 12:00:00,4 days 00:00:00,96,16.75,137.75,946.1,111.3
2026-07-03 12:00:00,3,23,2026-07-07 18:00:00,4 days 06:00:00,102,16.76,136.25,948.3,109.0
2026-07-03 12:00:00,3,23,2026-07-08 00:00:00,4 days 12:00:00,108,16.75,134.75,950.5,106.7
2026-07-03 12:00:00,3,23,2026-07-08 06:00:00,4 days 18:00:00,114,17.13,133.38,948.9,108.4
2026-07-03 12:00:00,3,23,2026-07-08 12:00:00,5 days 00:00:00,120,17.5,132.0,947.4,110.0
2026-07-03 12:00:00,3,23,2026-07-08 18:00:00,5 days 06:00:00,126,17.75,130.75,947.4,110.0
2026-07-03 12:00:00,3,23,2026-07-09 00:00:00,5 days 12:00:00,132,18.0,129.5,947.5,109.9
2026-07-03 12:00:00,3,23,2026-07-09 06:00:00,5 days 18:00:00,138,18.5,128.63,945.6,111.9
2026-07-03 12:00:00,3,23,2026-07-09 12:00:00,6 days 00:00:00,144,19.0,127.75,943.7,113.8
2026-07-03 12:00:00,3,23,2026-07-09 18:00:00,6 days 06:00:00,150,19.38,127.0,943.0,114.6
2026-07-03 12:00:00,3,23,2026-07-10 00:00:00,6 days 12:00:00,156,19.75,126.25,942.2,115.4
2026-07-03 12:00:00,3,23,2026-07-10 06:00:00,6 days 18:00:00,162,20.75,125.26,944.2,113.4
2026-07-03 12:00:00,3,23,2026-07-10 12:00:00,7 days 00:00:00,168,21.75,124.25,946.1,111.3
2026-07-03 12:00:00,3,23,2026-07-10 18:00:00,7 days 06:00:00,174,22.75,123.38,947.4,109.9
2026-07-03 12:00:00,3,23,2026-07-11 00:00:00,7 days 12:00:00,180,23.75,122.5,948.7,108.6
2026-07-03 12:00:00,3,23,2026-07-11 06:00:00,7 days 18:00:00,186,24.88,121.63,956.1,100.4
2026-07-03 12:00:00,3,23,2026-07-11 12:00:00,8 days 00:00:00,192,26.0,120.75,963.5,92.3
2026-07-03 12:00:00,3,23,2026-07-11 18:00:00,8 days 06:00:00,198,27.5,120.13,973.1,80.4
2026-07-03 12:00:00,3,23,2026-07-12 00:00:00,8 days 12:00:00,204,29.0,119.5,982.8,68.5
2026-07-03 12:00:00,3,23,2026-07-12 06:00:00,8 days 18:00:00,210,30.13,118.76,985.2,65.3
2026-07-03 12:00:00,3,23,2026-07-12 12:00:00,9 days 00:00:00,216,31.25,118.0,987.7,62.0
2026-07-03 12:00:00,3,23,2026-07-12 18:00:00,9 days 06:00:00,222,32.13,118.37,988.5,60.9
2026-07-03 12:00:00,3,23,2026-07-13 00:00:00,9 days 12:00:00,228,33.0,118.75,989.3,59.7
2026-07-03 12:00:00,3,23,2026-07-13 06:00:00,9 days 18:00:00,234,34.0,118.75,987.9,61.6
2026-07-03 12:00:00,3,23,2026-07-13 12:00:00,10 days 00:00:00,240,35.0,118.75,986.6,63.5
2026-07-03 12:00:00,3,23,2026-07-13 18:00:00,10 days 06:00:00,246,36.25,119.49,985.6,64.8
2026-07-03 12:00:00,3,23,2026-07-14 00:00:00,10 days 12:00:00,252,37.5,120.25,984.7,66.0
2026-07-03 12:00:00,3,23,2026-07-14 06:00:00,10 days 18:00:00,258,38.13,121.12,982.7,68.7
2026-07-03 12:00:00,3,23,2026-07-14 12:00:00,11 days 00:00:00,264,38.75,122.0,980.6,71.4
2026-07-03 12:00:00,3,23,2026-07-14 18:00:00,11 days 06:00:00,270,39.38,123.24,983.0,68.2
2026-07-03 12:00:00,3,23,2026-07-15 00:00:00,11 days 12:00:00,276,40.0,124.5,985.5,65.0
2026-07-03 12:00:00,4,23,2026-07-03 12:00:00,0 days 00:00:00,0,19.5,-128.5,1001.2,41.7
2026-07-03 12:00:00,5,23,2026-07-03 12:00:00,0 days 00:00:00,0,18.5,110.0,997.5,47.5
2026-07-03 12:00:00,5,23,2026-07-03 18:00:00,0 days 06:00:00,6,19.38,109.25,997.3,47.9
2026-07-03 12:00:00,5,23,2026-07-04 00:00:00,0 days 12:00:00,12,20.25,108.5,997.1,48.2
2026-07-03 12:00:00,5,23,2026-07-04 06:00:00,0 days 18:00:00,18,20.88,108.13,997.3,48.0
2026-07-03 12:00:00,5,23,2026-07-04 12:00:00,1 days 00:00:00,24,21.5,107.75,997.4,47.8
2026-07-03 12:00:00,5,23,2026-07-04 18:00:00,1 days 06:00:00,30,22.13,107.87,998.3,46.3
2026-07-03 12:00:00,5,23,2026-07-05 00:00:00,1 days 12:00:00,36,22.75,108.0,999.2,44.9
2026-07-03 12:00:00,5,23,2026-07-05 06:00:00,1 days 18:00:00,42,22.88,108.44,999.4,44.6
2026-07-03 12:00:00,5,23,2026-07-05 12:00:00,2 days 00:00:00,48,23.0,108.87,999.7,44.2
2026-07-03 12:00:00,5,23,2026-07-05 18:00:00,2 days 06:00:00,54,23.13,109.31,999.9,43.8
2026-07-03 12:00:00,5,23,2026-07-06 00:00:00,2 days 12:00:00,60,23.25,109.75,1000.1,43.5
2026-07-03 12:00:00,6,23,2026-07-04 00:00:00,0 days 12:00:00,12,20.25,87.5,994.5,52.2
2026-07-03 12:00:00,6,23,2026-07-04 06:00:00,0 days 18:00:00,18,20.38,87.38,992.9,54.5
2026-07-03 12:00:00,6,23,2026-07-04 12:00:00,1 days 00:00:00,24,20.5,87.25,991.4,56.7
2026-07-03 12:00:00,6,23,2026-07-04 18:00:00,1 days 06:00:00,30,20.5,87.75,990.1,58.5
2026-07-03 12:00:00,6,23,2026-07-05 00:00:00,1 days 12:00:00,36,20.5,88.25,988.9,60.4
2026-07-03 12:00:00,6,23,2026-07-05 06:00:00,1 days 18:00:00,42,21.38,87.63,989.5,59.5
2026-07-03 12:00:00,6,23,2026-07-05 12:00:00,2 days 00:00:00,48,22.25,87.0,990.1,58.6
2026-07-03 12:00:00,6,23,2026-07-05 18:00:00,2 days 06:00:00,54,22.25,87.0,991.4,56.7
2026-07-03 12:00:00,6,23,2026-07-06 00:00:00,2 days 12:00:00,60,22.25,87.0,992.8,54.7
2026-07-03 12:00:00,6,23,2026-07-06 06:00:00,2 days 18:00:00,66,27.13,87.24,991.3,56.9
2026-07-03 12:00:00,6,23,2026-07-06 12:00:00,3 days 00:00:00,72,32.0,87.5,989.8,59.0
2026-07-03 12:00:00,6,23,2026-07-06 18:00:00,3 days 06:00:00,78,28.16,84.39,990.1,58.7
2026-07-03 12:00:00,6,23,2026-07-07 00:00:00,3 days 12:00:00,84,24.25,81.5,990.3,58.3
2026-07-03 12:00:00,6,23,2026-07-07 06:00:00,3 days 18:00:00,90,24.25,81.38,990.3,58.3
2026-07-03 12:00:00,6,23,2026-07-07 12:00:00,4 days 00:00:00,96,24.25,81.25,990.3,58.3
2026-07-03 12:00:00,6,23,2026-07-07 18:00:00,4 days 06:00:00,102,24.88,81.0,990.9,57.4
2026-07-03 12:00:00,6,23,2026-07-08 00:00:00,4 days 12:00:00,108,25.5,80.75,991.6,56.5
2026-07-03 12:00:00,6,23,2026-07-08 06:00:00,4 days 18:00:00,114,26.25,80.5,992.2,55.6
2026-07-03 12:00:00,6,23,2026-07-08 12:00:00,5 days 00:00:00,120,27.0,80.25,992.8,54.8
2026-07-03 12:00:00,6,23,2026-07-08 18:00:00,5 days 06:00:00,126,27.38,80.13,993.9,53.1
2026-07-03 12:00:00,6,23,2026-07-09 00:00:00,5 days 12:00:00,132,27.75,80.0,995.0,51.5
2026-07-03 12:00:00,6,23,2026-07-09 06:00:00,5 days 18:00:00,138,29.93,83.79,992.5,55.1
2026-07-03 12:00:00,6,23,2026-07-09 12:00:00,6 days 00:00:00,144,32.0,87.75,990.0,58.7
2026-07-03 12:00:00,7,23,2026-07-06 00:00:00,2 days 12:00:00,60,19.75,72.75,994.5,52.1
2026-07-03 12:00:00,7,23,2026-07-06 06:00:00,2 days 18:00:00,66,20.0,71.5,993.7,53.3
2026-07-03 12:00:00,7,23,2026-07-06 12:00:00,3 days 00:00:00,72,20.25,70.25,992.9,54.5
2026-07-03 12:00:00,7,23,2026-07-06 18:00:00,3 days 06:00:00,78,20.13,70.88,992.5,55.2
2026-07-03 12:00:00,7,23,2026-07-07 00:00:00,3 days 12:00:00,84,20.0,71.5,992.0,55.8
2026-07-03 12:00:00,7,23,2026-07-07 06:00:00,3 days 18:00:00,90,20.5,72.0,989.8,59.0
2026-07-03 12:00:00,7,23,2026-07-07 12:00:00,4 days 00:00:00,96,21.0,72.5,987.5,62.2
2026-07-03 12:00:00,7,23,2026-07-07 18:00:00,4 days 06:00:00,102,21.12,72.5,987.3,62.5
2026-07-03 12:00:00,7,23,2026-07-08 00:00:00,4 days 12:00:00,108,21.25,72.5,987.2,62.7
2026-07-03 12:00:00,7,23,2026-07-08 06:00:00,4 days 18:00:00,114,24.17,76.29,990.0,58.7
2026-07-03 12:00:00,7,23,2026-07-08 12:00:00,5 days 00:00:00,120,27.0,80.25,992.8,54.8
2026-07-03 12:00:00,8,23,2026-07-13 00:00:00,9 days 12:00:00,228,18.5,-100.75,1007.3,30.9
2026-07-03 12:00:00,8,23,2026-07-13 06:00:00,9 days 18:00:00,234,16.89,-101.96,1006.6,32.1
2026-07-03 12:00:00,8,23,2026-07-13 12:00:00,10 days 00:00:00,240,15.26,-103.16,1006.0,33.3
2026-07-03 12:00:00,8,23,2026-07-13 18:00:00,10 days 06:00:00,246,13.63,-104.34,1005.3,34.5
2026-07-03 12:00:00,8,23,2026-07-14 00:00:00,10 days 12:00:00,252,12.0,-105.5,1004.7,35.7
2026-07-03 12:00:00,8,23,2026-07-14 06:00:00,10 days 18:00:00,258,12.63,-107.0,1004.9,35.4
2026-07-03 12:00:00,8,23,2026-07-14 12:00:00,11 days 00:00:00,264,13.25,-108.5,1005.0,35.1
2026-07-03 12:00:00,8,23,2026-07-14 18:00:00,11 days 06:00:00,270,13.63,-110.25,1003.1,38.3
2026-07-03 12:00:00,8,23,2026-07-15 00:00:00,11 days 12:00:00,276,14.0,-112.0,1001.2,41.6
2026-07-03 12:00:00,8,23,2026-07-15 06:00:00,11 days 18:00:00,282,14.5,-113.25,999.9,43.8
2026-07-03 12:00:00,8,23,2026-07-15 12:00:00,12 days 00:00:00,288,15.0,-114.5,998.5,46.1
2026-07-03 12:00:00,8,23,2026-07-15 18:00:00,12 days 06:00:00,294,15.0,-115.75,996.8,48.6
2026-07-03 12:00:00,8,23,2026-07-16 00:00:00,12 days 12:00:00,300,15.0,-117.0,995.1,51.2
2026-07-03 12:00:00,8,23,2026-07-16 06:00:00,12 days 18:00:00,306,15.38,-118.0,991.2,56.9
2026-07-03 12:00:00,8,23,2026-07-16 12:00:00,13 days 00:00:00,312,15.75,-119.0,987.2,62.7
2026-07-03 12:00:00,8,23,2026-07-16 18:00:00,13 days 06:00:00,318,15.88,-119.87,985.6,64.8
2026-07-03 12:00:00,8,23,2026-07-17 00:00:00,13 days 12:00:00,324,16.0,-120.75,984.0,67.0
2026-07-03 12:00:00,8,23,2026-07-17 06:00:00,13 days 18:00:00,330,16.0,-121.5,983.8,67.2
2026-07-03 12:00:00,8,23,2026-07-17 12:00:00,14 days 00:00:00,336,16.0,-122.25,983.6,67.5
2026-07-03 12:00:00,8,23,2026-07-17 18:00:00,14 days 06:00:00,342,16.5,-123.12,984.9,65.8
2026-07-03 12:00:00,8,23,2026-07-18 00:00:00,14 days 12:00:00,348,17.0,-124.0,986.1,64.1
2026-07-03 12:00:00,8,23,2026-07-18 06:00:00,14 days 18:00:00,354,17.38,-124.75,986.4,63.8
2026-07-03 12:00:00,8,23,2026-07-18 12:00:00,15 days 00:00:00,360,17.75,-125.5,986.6,63.5
2026-07-03 12:00:00,9,23,2026-07-14 00:00:00,10 days 12:00:00,252,18.5,91.25,995.7,50.3
2026-07-03 12:00:00,9,23,2026-07-14 06:00:00,10 days 18:00:00,258,19.13,91.75,995.6,50.5
2026-07-03 12:00:00,9,23,2026-07-14 12:00:00,11 days 00:00:00,264,19.75,92.25,995.5,50.7
2026-07-03 12:00:00,9,23,2026-07-14 18:00:00,11 days 06:00:00,270,19.88,91.38,995.3,51.0
2026-07-03 12:00:00,9,23,2026-07-15 00:00:00,11 days 12:00:00,276,20.0,90.5,995.1,51.3
2026-07-03 12:00:00,9,23,2026-07-15 06:00:00,11 days 18:00:00,282,19.75,90.75,993.8,53.2
2026-07-03 12:00:00,9,23,2026-07-15 12:00:00,12 days 00:00:00,288,19.5,91.0,992.5,55.1
2026-07-03 12:00:00,9,23,2026-07-15 18:00:00,12 days 06:00:00,294,19.88,90.63,992.1,55.8
2026-07-03 12:00:00,9,23,2026-07-16 00:00:00,12 days 12:00:00,300,20.25,90.25,991.6,56.4
2026-07-03 12:00:00,9,23,2026-07-16 06:00:00,12 days 18:00:00,306,20.75,89.75,990.3,58.3
2026-07-03 12:00:00,9,23,2026-07-16 12:00:00,13 days 00:00:00,312,21.25,89.25,989.0,60.2
2026-07-03 12:00:00,9,23,2026-07-16 18:00:00,13 days 06:00:00,318,21.38,88.63,988.0,61.6
2026-07-03 12:00:00,9,23,2026-07-17 00:00:00,13 days 12:00:00,324,21.5,88.0,987.0,62.9
2026-07-03 12:00:00,9,23,2026-07-17 06:00:00,13 days 18:00:00,330,21.88,87.5,989.1,59.9
2026-07-03 12:00:00,9,23,2026-07-17 12:00:00,14 days 00:00:00,336,22.25,87.0,991.3,56.9
2026-07-03 12:00:00,10,24,2026-07-16 00:00:00,12 days 12:00:00,300,-36.5,-142.0,982.0,69.6
2026-07-03 12:00:00,10,24,2026-07-16 06:00:00,12 days 18:00:00,306,-36.02,-139.86,982.8,68.6
2026-07-03 12:00:00,10,24,2026-07-16 12:00:00,13 days 00:00:00,312,-35.5,-137.75,983.6,67.6
2026-07-03 12:00:00,10,24,2026-07-16 18:00:00,13 days 06:00:00,318,-36.15,-135.27,983.3,67.9
2026-07-03 12:00:00,10,24,2026-07-17 00:00:00,13 days 12:00:00,324,-36.75,-132.75,983.0,68.3
2026-07-03 12:00:00,10,24,2026-07-17 06:00:00,13 days 18:00:00,330,-38.02,-130.78,984.4,66.5
2026-07-03 12:00:00,10,24,2026-07-17 12:00:00,14 days 00:00:00,336,-39.25,-128.75,985.7,64.7
2026-07-03 12:00:00,10,24,2026-07-17 18:00:00,14 days 06:00:00,342,-40.63,-127.89,986.2,64.1
2026-07-03 12:00:00,10,24,2026-07-18 00:00:00,14 days 12:00:00,348,-42.0,-127.0,986.6,63.5
2026-07-03 12:00:00,10,24,2026-07-18 06:00:00,14 days 18:00:00,354,-43.0,-127.49,988.3,61.0
2026-07-03 12:00:00,10,24,2026-07-18 12:00:00,15 days 00:00:00,360,-44.0,-128.0,990.1,58.6
2026-07-03 12:00:00,11,24,2026-07-16 00:00:00,12 days 12:00:00,300,18.0,87.25,993.0,54.4
2026-07-03 12:00:00,11,24,2026-07-16 06:00:00,12 days 18:00:00,306,18.75,88.25,991.7,56.2
2026-07-03 12:00:00,11,24,2026-07-16 12:00:00,13 days 00:00:00,312,19.5,89.25,990.5,58.0
2026-07-03 12:00:00,11,24,2026-07-16 18:00:00,13 days 06:00:00,318,20.13,89.37,989.1,59.9
2026-07-03 12:00:00,11,24,2026-07-17 00:00:00,13 days 12:00:00,324,20.75,89.5,987.8,61.8
2026-07-03 12:00:00,11,24,2026-07-17 06:00:00,13 days 18:00:00,330,20.88,89.5,987.7,62.0
2026-07-03 12:00:00,11,24,2026-07-17 12:00:00,14 days 00:00:00,336,21.0,89.5,987.6,62.1
2026-07-03 12:00:00,11,24,2026-07-17 18:00:00,14 days 06:00:00,342,21.13,89.0,987.4,62.4
2026-07-03 12:00:00,11,24,2026-07-18 00:00:00,14 days 12:00:00,348,21.25,88.5,987.2,62.7
2026-07-03 12:00:00,11,24,2026-07-18 06:00:00,14 days 18:00:00,354,21.75,88.38,987.9,61.6
2026-07-03 12:00:00,11,24,2026-07-18 12:00:00,15 days 00:00:00,360,22.25,88.25,988.7,60.6
2026-07-03 12:00:00,3,24,2026-07-03 12:00:00,0 days 00:00:00,0,12.75,153.0,976.5,76.7
2026-07-03 12:00:00,3,24,2026-07-03 18:00:00,0 days 06:00:00,6,12.75,152.38,972.9,81.1
2026-07-03 12:00:00,3,24,2026-07-04 00:00:00,0 days 12:00:00,12,12.75,151.75,969.2,85.5
2026-07-03 12:00:00,3,24,2026-07-04 06:00:00,0 days 18:00:00,18,12.75,151.0,970.8,83.7
2026-07-03 12:00:00,3,24,2026-07-04 12:00:00,1 days 00:00:00,24,12.75,150.25,972.3,81.8
2026-07-03 12:00:00,3,24,2026-07-04 18:00:00,1 days 06:00:00,30,12.88,149.5,969.9,84.7
2026-07-03 12:00:00,3,24,2026-07-05 00:00:00,1 days 12:00:00,36,13.0,148.75,967.4,87.7
2026-07-03 12:00:00,3,24,2026-07-05 06:00:00,1 days 18:00:00,42,13.38,147.88,968.7,86.2
2026-07-03 12:00:00,3,24,2026-07-05 12:00:00,2 days 00:00:00,48,13.75,147.0,969.9,84.7
2026-07-03 12:00:00,3,24,2026-07-05 18:00:00,2 days 06:00:00,54,14.13,145.88,966.0,89.3
2026-07-03 12:00:00,3,24,2026-07-06 00:00:00,2 days 12:00:00,60,14.5,144.75,962.0,93.9
2026-07-03 12:00:00,3,24,2026-07-06 06:00:00,2 days 18:00:00,66,14.75,143.5,959.7,96.5
2026-07-03 12:00:00,3,24,2026-07-06 12:00:00,3 days 00:00:00,72,15.0,142.25,957.4,99.1
2026-07-03 12:00:00,3,24,2026-07-06 18:00:00,3 days 06:00:00,78,15.25,140.88,956.8,99.8
2026-07-03 12:00:00,3,24,2026-07-07 00:00:00,3 days 12:00:00,84,15.5,139.5,956.2,100.5
2026-07-03 12:00:00,3,24,2026-07-07 06:00:00,3 days 18:00:00,90,15.75,138.25,953.1,103.8
2026-07-03 12:00:00,3,24,2026-07-07 12:00:00,4 days 00:00:00,96,16.0,137.0,950.0,107.2
2026-07-03 12:00:00,3,24,2026-07-07 18:00:00,4 days 06:00:00,102,16.26,135.38,950.5,106.6
2026-07-03 12:00:00,3,24,2026-07-08 00:00:00,4 days 12:00:00,108,16.5,133.75,951.0,106.1
2026-07-03 12:00:00,3,24,2026-07-08 06:00:00,4 days 18:00:00,114,16.75,132.63,949.4,107.9
2026-07-03 12:00:00,3,24,2026-07-08 12:00:00,5 days 00:00:00,120,17.0,131.5,947.7,109.6
2026-07-03 12:00:00,3,24,2026-07-08 18:00:00,5 days 06:00:00,126,17.0,130.5,944.3,113.2
2026-07-03 12:00:00,3,24,2026-07-09 00:00:00,5 days 12:00:00,132,17.0,129.5,941.0,116.7
2026-07-03 12:00:00,3,24,2026-07-09 06:00:00,5 days 18:00:00,138,17.63,128.38,943.2,114.3
2026-07-03 12:00:00,3,24,2026-07-09 12:00:00,6 days 00:00:00,144,18.25,127.25,945.5,112.0
2026-07-03 12:00:00,3,24,2026-07-09 18:00:00,6 days 06:00:00,150,18.75,126.5,945.6,111.9
2026-07-03 12:00:00,3,24,2026-07-10 00:00:00,6 days 12:00:00,156,19.25,125.75,945.7,111.8
2026-07-03 12:00:00,3,24,2026-07-10 06:00:00,6 days 18:00:00,162,20.0,124.51,947.4,110.0
2026-07-03 12:00:00,3,24,2026-07-10 12:00:00,7 days 00:00:00,168,20.75,123.25,949.1,108.2
2026-07-03 12:00:00,3,24,2026-07-10 18:00:00,7 days 06:00:00,174,21.75,122.51,953.0,104.0
2026-07-03 12:00:00,3,24,2026-07-11 00:00:00,7 days 12:00:00,180,22.75,121.75,956.8,99.8
2026-07-03 12:00:00,3,24,2026-07-11 06:00:00,7 days 18:00:00,186,23.63,120.14,967.0,87.8
2026-07-03 12:00:00,3,24,2026-07-11 12:00:00,8 days 00:00:00,192,24.5,118.5,977.2,75.8
2026-07-03 12:00:00,3,24,2026-07-11 18:00:00,8 days 06:00:00,198,24.63,116.88,984.3,66.3
2026-07-03 12:00:00,3,24,2026-07-12 00:00:00,8 days 12:00:00,204,24.75,115.25,991.4,56.8
2026-07-03 12:00:00,3,24,2026-07-12 06:00:00,8 days 18:00:00,210,25.76,114.01,992.1,55.7
2026-07-03 12:00:00,3,24,2026-07-12 12:00:00,9 days 00:00:00,216,26.75,112.75,992.9,54.6
2026-07-03 12:00:00,4,24,2026-07-03 12:00:00,0 days 00:00:00,0,19.5,-128.5,1001.2,41.7
2026-07-03 12:00:00,5,24,2026-07-03 12:00:00,0 days 00:00:00,0,18.5,110.0,997.5,47.5
2026-07-03 12:00:00,5,24,2026-07-03 18:00:00,0 days 06:00:00,6,19.38,109.13,997.4,47.8
2026-07-03 12:00:00,5,24,2026-07-04 00:00:00,0 days 12:00:00,12,20.25,108.25,997.2,48.1
2026-07-03 12:00:00,5,24,2026-07-04 06:00:00,0 days 18:00:00,18,20.38,108.5,995.6,50.5
2026-07-03 12:00:00,5,24,2026-07-04 12:00:00,1 days 00:00:00,24,20.5,108.75,994.0,52.9
2026-07-03 12:00:00,5,24,2026-07-04 18:00:00,1 days 06:00:00,30,21.25,108.75,995.2,51.2
2026-07-03 12:00:00,5,24,2026-07-05 00:00:00,1 days 12:00:00,36,22.0,108.75,996.3,49.4
2026-07-03 12:00:00,5,24,2026-07-05 06:00:00,1 days 18:00:00,42,22.75,108.87,997.8,47.0
2026-07-03 12:00:00,5,24,2026-07-05 12:00:00,2 days 00:00:00,48,23.5,109.0,999.4,44.7
2026-07-03 12:00:00,6,24,2026-07-04 00:00:00,0 days 12:00:00,12,20.5,87.75,994.7,51.9
2026-07-03 12:00:00,6,24,2026-07-04 06:00:00,0 days 18:00:00,18,20.75,87.87,992.1,55.7
2026-07-03 12:00:00,6,24,2026-07-04 12:00:00,1 days 00:00:00,24,21.0,88.0,989.4,59.6
2026-07-03 12:00:00,6,24,2026-07-04 18:00:00,1 days 06:00:00,30,21.0,88.0,989.5,59.5
2026-07-03 12:00:00,6,24,2026-07-05 00:00:00,1 days 12:00:00,36,21.0,88.0,989.6,59.3
2026-07-03 12:00:00,6,24,2026-07-05 06:00:00,1 days 18:00:00,42,21.5,87.38,990.3,58.3
2026-07-03 12:00:00,6,24,2026-07-05 12:00:00,2 days 00:00:00,48,22.0,86.75,991.0,57.3
2026-07-03 12:00:00,6,24,2026-07-05 18:00:00,2 days 06:00:00,54,22.13,85.88,991.9,56.1
2026-07-03 12:00:00,6,24,2026-07-06 00:00:00,2 days 12:00:00,60,22.25,85.0,992.7,54.8
2026-07-03 12:00:00,6,24,2026-07-06 06:00:00,2 days 18:00:00,66,22.63,85.5,992.9,54.6
2026-07-03 12:00:00,6,24,2026-07-06 12:00:00,3 days 00:00:00,72,23.0,86.0,993.0,54.4
2026-07-03 12:00:00,6,24,2026-07-06 18:00:00,3 days 06:00:00,78,23.75,85.63,993.7,53.3
2026-07-03 12:00:00,6,24,2026-07-07 00:00:00,3 days 12:00:00,84,24.5,85.25,994.5,52.3
2026-07-03 12:00:00,6,24,2026-07-07 06:00:00,3 days 18:00:00,90,25.0,84.75,993.3,53.9
2026-07-03 12:00:00,6,24,2026-07-07 12:00:00,4 days 00:00:00,96,25.5,84.25,992.2,55.6
2026-07-03 12:00:00,6,24,2026-07-07 18:00:00,4 days 06:00:00,102,25.5,83.38,993.2,54.1
2026-07-03 12:00:00,6,24,2026-07-08 00:00:00,4 days 12:00:00,108,25.5,82.5,994.2,52.6
2026-07-03 12:00:00,6,24,2026-07-08 06:00:00,4 days 18:00:00,114,25.63,82.62,993.2,54.2
2026-07-03 12:00:00,6,24,2026-07-08 12:00:00,5 days 00:00:00,120,25.75,82.75,992.1,55.7
2026-07-03 12:00:00,6,24,2026-07-08 18:00:00,5 days 06:00:00,126,25.88,82.75,992.0,55.9
2026-07-03 12:00:00,6,24,2026-07-09 00:00:00,5 days 12:00:00,132,26.0,82.75,991.8,56.2
2026-07-03 12:00:00,6,24,2026-07-09 06:00:00,5 days 18:00:00,138,26.5,82.5,992.9,54.5
2026-07-03 12:00:00,6,24,2026-07-09 12:00:00,6 days 00:00:00,144,27.0,82.25,994.1,52.8
2026-07-03 12:00:00,6,24,2026-07-09 18:00:00,6 days 06:00:00,150,26.87,82.25,994.7,51.8
2026-07-03 12:00:00,6,24,2026-07-10 00:00:00,6 days 12:00:00,156,26.75,82.25,995.4,50.8
2026-07-03 12:00:00,7,24,2026-07-06 00:00:00,2 days 12:00:00,60,-36.0,171.5,990.8,57.6
2026-07-03 12:00:00,7,24,2026-07-06 06:00:00,2 days 18:00:00,66,-36.25,171.5,991.0,57.3
2026-07-03 12:00:00,7,24,2026-07-06 12:00:00,3 days 00:00:00,72,-36.5,171.5,991.2,57.0
2026-07-03 12:00:00,7,24,2026-07-06 18:00:00,3 days 06:00:00,78,-34.88,172.01,991.5,56.6
2026-07-03 12:00:00,7,24,2026-07-07 00:00:00,3 days 12:00:00,84,-33.25,172.5,991.8,56.2
2026-07-03 12:00:00,7,24,2026-07-07 06:00:00,3 days 18:00:00,90,-35.72,174.13,991.3,56.8
2026-07-03 12:00:00,7,24,2026-07-07 12:00:00,4 days 00:00:00,96,-38.18,175.88,990.9,57.5
2026-07-03 12:00:00,7,24,2026-07-07 18:00:00,4 days 06:00:00,102,-40.61,177.75,990.4,58.2
2026-07-03 12:00:00,7,24,2026-07-08 00:00:00,4 days 12:00:00,108,-43.0,179.75,990.0,58.8
2026-07-03 12:00:00,7,24,2026-07-08 06:00:00,4 days 18:00:00,114,-42.75,179.12,990.4,58.1
2026-07-03 12:00:00,7,24,2026-07-08 12:00:00,5 days 00:00:00,120,-42.5,178.5,990.9,57.4
2026-07-03 12:00:00,7,24,2026-07-08 18:00:00,5 days 06:00:00,126,-42.37,-178.41,990.4,58.1
2026-07-03 12:00:00,7,24,2026-07-09 00:00:00,5 days 12:00:00,132,-42.16,-175.33,990.0,58.8
2026-07-03 12:00:00,7,24,2026-07-09 06:00:00,5 days 18:00:00,138,-41.87,-172.27,989.5,59.5
2026-07-03 12:00:00,7,24,2026-07-09 12:00:00,6 days 00:00:00,144,-41.5,-169.25,989.0,60.2
2026-07-03 12:00:00,7,24,2026-07-09 18:00:00,6 days 06:00:00,150,-42.25,-169.37,988.4,60.9
2026-07-03 12:00:00,7,24,2026-07-10 00:00:00,6 days 12:00:00,156,-43.0,-169.5,987.9,61.7
2026-07-03 12:00:00,8,24,2026-07-10 12:00:00,7 days 00:00:00,168,12.5,152.5,1005.6,34.0
2026-07-03 12:00:00,8,24,2026-07-10 18:00:00,7 days 06:00:00,174,13.38,150.63,1002.0,40.2
2026-07-03 12:00:00,8,24,2026-07-11 00:00:00,7 days 12:00:00,180,14.25,148.75,998.3,46.4
2026-07-03 12:00:00,8,24,2026-07-11 06:00:00,7 days 18:00:00,186,14.26,147.12,995.6,50.5
2026-07-03 12:00:00,8,24,2026-07-11 12:00:00,8 days 00:00:00,192,14.25,145.5,992.8,54.7
2026-07-03 12:00:00,8,24,2026-07-11 18:00:00,8 days 06:00:00,198,14.5,144.0,989.8,58.9
2026-07-03 12:00:00,8,24,2026-07-12 00:00:00,8 days 12:00:00,204,14.75,142.5,986.8,63.1
2026-07-03 12:00:00,8,24,2026-07-12 06:00:00,8 days 18:00:00,210,15.0,141.63,986.2,64.0
2026-07-03 12:00:00,8,24,2026-07-12 12:00:00,9 days 00:00:00,216,15.25,140.75,985.6,64.8
2026-07-03 12:00:00,8,24,2026-07-12 18:00:00,9 days 06:00:00,222,15.88,140.13,984.8,65.9
2026-07-03 12:00:00,8,24,2026-07-13 00:00:00,9 days 12:00:00,228,16.5,139.5,983.9,67.1
2026-07-03 12:00:00,8,24,2026-07-13 06:00:00,9 days 18:00:00,234,17.25,139.0,986.0,64.2
2026-07-03 12:00:00,8,24,2026-07-13 12:00:00,10 days 00:00:00,240,18.0,138.5,988.1,61.4
2026-07-03 12:00:00,8,24,2026-07-13 18:00:00,10 days 06:00:00,246,18.75,137.63,989.0,60.2
2026-07-03 12:00:00,8,24,2026-07-14 00:00:00,10 days 12:00:00,252,19.5,136.75,989.8,59.0
2026-07-03 12:00:00,8,24,2026-07-14 06:00:00,10 days 18:00:00,258,19.75,136.13,992.1,55.7
2026-07-03 12:00:00,8,24,2026-07-14 12:00:00,11 days 00:00:00,264,20.0,135.5,994.4,52.3
2026-07-03 12:00:00,8,24,2026-07-14 18:00:00,11 days 06:00:00,270,20.25,135.13,993.3,53.9
2026-07-03 12:00:00,8,24,2026-07-15 00:00:00,11 days 12:00:00,276,20.5,134.75,992.2,55.5
2026-07-03 12:00:00,8,24,2026-07-15 06:00:00,11 days 18:00:00,282,21.0,134.38,992.1,55.7
2026-07-03 12:00:00,8,24,2026-07-15 12:00:00,12 days 00:00:00,288,21.5,134.0,992.0,55.8
2026-07-03 12:00:00,8,24,2026-07-15 18:00:00,12 days 06:00:00,294,21.75,133.63,989.9,58.8
2026-07-03 12:00:00,8,24,2026-07-16 00:00:00,12 days 12:00:00,300,22.0,133.25,987.9,61.7
2026-07-03 12:00:00,8,24,2026-07-16 06:00:00,12 days 18:00:00,306,22.38,132.75,986.3,63.8
2026-07-03 12:00:00,8,24,2026-07-16 12:00:00,13 days 00:00:00,312,22.75,132.25,984.8,65.9
2026-07-03 12:00:00,8,24,2026-07-16 18:00:00,13 days 06:00:00,318,23.25,131.75,983.5,67.6
2026-07-03 12:00:00,8,24,2026-07-17 00:00:00,13 days 12:00:00,324,23.75,131.25,982.3,69.2
2026-07-03 12:00:00,8,24,2026-07-17 06:00:00,13 days 18:00:00,330,24.25,130.5,978.9,73.5
2026-07-03 12:00:00,8,24,2026-07-17 12:00:00,14 days 00:00:00,336,24.75,129.75,975.6,77.8
2026-07-03 12:00:00,8,24,2026-07-17 18:00:00,14 days 06:00:00,342,25.25,129.0,973.3,80.6
2026-07-03 12:00:00,8,24,2026-07-18 00:00:00,14 days 12:00:00,348,25.75,128.25,971.0,83.4
2026-07-03 12:00:00,8,24,2026-07-18 06:00:00,14 days 18:00:00,354,26.5,127.5,969.8,84.8
2026-07-03 12:00:00,8,24,2026-07-18 12:00:00,15 days 00:00:00,360,27.25,126.75,968.7,86.2
2026-07-03 12:00:00,9,24,2026-07-11 12:00:00,8 days 00:00:00,192,-43.75,-144.0,983.3,67.9
2026-07-03 12:00:00,9,24,2026-07-11 18:00:00,8 days 06:00:00,198,-47.25,-143.07,980.2,71.9
2026-07-03 12:00:00,9,24,2026-07-12 00:00:00,8 days 12:00:00,204,-50.75,-142.0,977.1,75.9
2026-07-03 12:00:00,9,24,2026-07-12 06:00:00,8 days 18:00:00,210,-50.15,-140.57,977.9,74.9
2026-07-03 12:00:00,9,24,2026-07-12 12:00:00,9 days 00:00:00,216,-49.53,-139.18,978.7,73.9
2026-07-03 12:00:00,9,24,2026-07-12 18:00:00,9 days 06:00:00,222,-48.9,-137.82,979.4,72.9
2026-07-03 12:00:00,9,24,2026-07-13 00:00:00,9 days 12:00:00,228,-48.25,-136.5,980.2,71.9
2026-07-03 12:00:00,9,24,2026-07-13 06:00:00,9 days 18:00:00,234,-48.88,-135.27,983.6,67.5
2026-07-03 12:00:00,9,24,2026-07-13 12:00:00,10 days 00:00:00,240,-49.5,-134.0,987.0,63.0
2026-07-03 12:00:00,9,24,2026-07-13 18:00:00,10 days 06:00:00,246,-49.54,-140.14,991.5,56.4
2026-07-03 12:00:00,9,24,2026-07-14 00:00:00,10 days 12:00:00,252,-49.25,-146.25,996.1,49.8
2026-07-03 12:00:00,9,24,2026-07-14 06:00:00,10 days 18:00:00,258,-48.88,-147.26,999.9,43.5
2026-07-03 12:00:00,9,24,2026-07-14 12:00:00,11 days 00:00:00,264,-48.5,-148.25,1003.8,37.2
2026-07-03 12:00:00,10,25,2026-07-16 00:00:00,12 days 12:00:00,300,-43.25,-145.75,985.1,65.5
2026-07-03 12:00:00,10,25,2026-07-16 06:00:00,12 days 18:00:00,306,-41.63,-145.24,982.5,68.9
2026-07-03 12:00:00,10,25,2026-07-16 12:00:00,13 days 00:00:00,312,-40.0,-144.75,979.9,72.4
2026-07-03 12:00:00,10,25,2026-07-16 18:00:00,13 days 06:00:00,318,-40.02,-142.88,978.5,74.1
2026-07-03 12:00:00,10,25,2026-07-17 00:00:00,13 days 12:00:00,324,-40.0,-141.0,977.2,75.8
2026-07-03 12:00:00,10,25,2026-07-17 06:00:00,13 days 18:00:00,330,-39.88,-140.87,978.0,74.7
2026-07-03 12:00:00,10,25,2026-07-17 12:00:00,14 days 00:00:00,336,-39.75,-140.75,978.9,73.6
2026-07-03 12:00:00,10,25,2026-07-17 18:00:00,14 days 06:00:00,342,-40.5,-140.38,980.0,72.2
2026-07-03 12:00:00,10,25,2026-07-18 00:00:00,14 days 12:00:00,348,-41.25,-140.0,981.2,70.7
2026-07-03 12:00:00,10,25,2026-07-18 06:00:00,14 days 18:00:00,354,-41.01,-141.38,982.4,69.0
2026-07-03 12:00:00,10,25,2026-07-18 12:00:00,15 days 00:00:00,360,-40.75,-142.75,983.7,67.4
2026-07-03 12:00:00,3,25,2026-07-03 12:00:00,0 days 00:00:00,0,12.75,153.0,976.5,76.7
2026-07-03 12:00:00,3,25,2026-07-03 18:00:00,0 days 06:00:00,6,12.75,152.38,973.3,80.5
2026-07-03 12:00:00,3,25,2026-07-04 00:00:00,0 days 12:00:00,12,12.75,151.75,970.2,84.4
2026-07-03 12:00:00,3,25,2026-07-04 06:00:00,0 days 18:00:00,18,12.88,151.13,972.1,82.0
2026-07-03 12:00:00,3,25,2026-07-04 12:00:00,1 days 00:00:00,24,13.0,150.5,974.1,79.6
2026-07-03 12:00:00,3,25,2026-07-04 18:00:00,1 days 06:00:00,30,13.13,149.5,971.3,83.0
2026-07-03 12:00:00,3,25,2026-07-05 00:00:00,1 days 12:00:00,36,13.25,148.5,968.5,86.4
2026-07-03 12:00:00,3,25,2026-07-05 06:00:00,1 days 18:00:00,42,13.38,147.63,966.3,89.0
2026-07-03 12:00:00,3,25,2026-07-05 12:00:00,2 days 00:00:00,48,13.5,146.75,964.1,91.5
2026-07-03 12:00:00,3,25,2026-07-05 18:00:00,2 days 06:00:00,54,13.75,145.75,963.7,92.0
2026-07-03 12:00:00,3,25,2026-07-06 00:00:00,2 days 12:00:00,60,14.0,144.75,963.3,92.5
2026-07-03 12:00:00,3,25,2026-07-06 06:00:00,2 days 18:00:00,66,14.5,143.75,963.0,92.8
2026-07-03 12:00:00,3,25,2026-07-06 12:00:00,3 days 00:00:00,72,15.0,142.75,962.7,93.1
2026-07-03 12:00:00,3,25,2026-07-06 18:00:00,3 days 06:00:00,78,15.25,141.38,957.4,99.0
2026-07-03 12:00:00,3,25,2026-07-07 00:00:00,3 days 12:00:00,84,15.5,140.0,952.2,104.9
2026-07-03 12:00:00,3,25,2026-07-07 06:00:00,3 days 18:00:00,90,15.75,138.75,952.2,104.9
2026-07-03 12:00:00,3,25,2026-07-07 12:00:00,4 days 00:00:00,96,16.0,137.5,952.1,104.9
2026-07-03 12:00:00,3,25,2026-07-07 18:00:00,4 days 06:00:00,102,16.38,136.38,952.3,104.7
2026-07-03 12:00:00,3,25,2026-07-08 00:00:00,4 days 12:00:00,108,16.75,135.25,952.6,104.4
2026-07-03 12:00:00,3,25,2026-07-08 06:00:00,4 days 18:00:00,114,17.0,133.88,949.5,107.7
2026-07-03 12:00:00,3,25,2026-07-08 12:00:00,5 days 00:00:00,120,17.25,132.5,946.5,110.9
2026-07-03 12:00:00,3,25,2026-07-08 18:00:00,5 days 06:00:00,126,17.63,131.5,947.1,110.3
2026-07-03 12:00:00,3,25,2026-07-09 00:00:00,5 days 12:00:00,132,18.0,130.5,947.8,109.6
2026-07-03 12:00:00,3,25,2026-07-09 06:00:00,5 days 18:00:00,138,18.5,129.38,947.2,110.2
2026-07-03 12:00:00,3,25,2026-07-09 12:00:00,6 days 00:00:00,144,19.0,128.25,946.7,110.8
2026-07-03 12:00:00,3,25,2026-07-09 18:00:00,6 days 06:00:00,150,19.5,127.25,946.7,110.7
2026-07-03 12:00:00,3,25,2026-07-10 00:00:00,6 days 12:00:00,156,20.0,126.25,946.8,110.6
2026-07-03 12:00:00,3,25,2026-07-10 06:00:00,6 days 18:00:00,162,20.63,125.25,950.3,106.8
2026-07-03 12:00:00,3,25,2026-07-10 12:00:00,7 days 00:00:00,168,21.25,124.25,953.8,103.0
2026-07-03 12:00:00,3,25,2026-07-10 18:00:00,7 days 06:00:00,174,22.0,123.01,956.0,100.7
2026-07-03 12:00:00,3,25,2026-07-11 00:00:00,7 days 12:00:00,180,22.75,121.75,958.1,98.4
2026-07-03 12:00:00,3,25,2026-07-11 06:00:00,7 days 18:00:00,186,23.63,120.76,962.5,93.3
2026-07-03 12:00:00,3,25,2026-07-11 12:00:00,8 days 00:00:00,192,24.5,119.75,967.0,88.2
2026-07-03 12:00:00,3,25,2026-07-11 18:00:00,8 days 06:00:00,198,25.5,118.88,977.3,75.2
2026-07-03 12:00:00,3,25,2026-07-12 00:00:00,8 days 12:00:00,204,26.5,118.0,987.6,62.1
2026-07-03 12:00:00,3,25,2026-07-12 06:00:00,8 days 18:00:00,210,27.38,117.01,989.2,59.9
2026-07-03 12:00:00,3,25,2026-07-12 12:00:00,9 days 00:00:00,216,28.25,116.0,990.7,57.7
2026-07-03 12:00:00,4,25,2026-07-03 12:00:00,0 days 00:00:00,0,19.5,-128.5,1001.2,41.7
2026-07-03 12:00:00,5,25,2026-07-03 12:00:00,0 days 00:00:00,0,18.5,110.0,997.5,47.5
2026-07-03 12:00:00,5,25,2026-07-03 18:00:00,0 days 06:00:00,6,19.38,109.13,996.3,49.4
2026-07-03 12:00:00,5,25,2026-07-04 00:00:00,0 days 12:00:00,12,20.25,108.25,995.1,51.3
2026-07-03 12:00:00,5,25,2026-07-04 06:00:00,0 days 18:00:00,18,20.88,108.25,994.8,51.7
2026-07-03 12:00:00,5,25,2026-07-04 12:00:00,1 days 00:00:00,24,21.5,108.25,994.5,52.1
2026-07-03 12:00:00,5,25,2026-07-04 18:00:00,1 days 06:00:00,30,21.88,108.25,995.4,50.9
2026-07-03 12:00:00,5,25,2026-07-05 00:00:00,1 days 12:00:00,36,22.25,108.25,996.2,49.6
2026-07-03 12:00:00,6,25,2026-07-10 12:00:00,7 days 00:00:00,168,-37.75,-110.25,961.4,94.6
2026-07-03 12:00:00,6,25,2026-07-10 18:00:00,7 days 06:00:00,174,-38.63,-108.89,964.3,91.3
2026-07-03 12:00:00,6,25,2026-07-11 00:00:00,7 days 12:00:00,180,-39.5,-107.5,967.2,88.0
2026-07-03 12:00:00,6,25,2026-07-11 06:00:00,7 days 18:00:00,186,-40.76,-105.78,969.4,85.3
2026-07-03 12:00:00,6,25,2026-07-11 12:00:00,8 days 00:00:00,192,-42.0,-104.0,971.7,82.6
2026-07-03 12:00:00,6,25,2026-07-11 18:00:00,8 days 06:00:00,198,-42.51,-102.39,975.6,77.7
2026-07-03 12:00:00,6,25,2026-07-12 00:00:00,8 days 12:00:00,204,-43.0,-100.75,979.6,72.8
2026-07-03 12:00:00,6,25,2026-07-12 06:00:00,8 days 18:00:00,210,-43.53,-98.15,981.9,69.7
2026-07-03 12:00:00,6,25,2026-07-12 12:00:00,9 days 00:00:00,216,-44.0,-95.5,984.2,66.7
2026-07-03 12:00:00,6,25,2026-07-12 18:00:00,9 days 06:00:00,222,-44.91,-92.79,986.7,63.2
2026-07-03 12:00:00,6,25,2026-07-13 00:00:00,9 days 12:00:00,228,-45.75,-90.0,989.3,59.8
2026-07-03 12:00:00,6,25,2026-07-13 06:00:00,9 days 18:00:00,234,-45.21,-88.78,993.1,53.8
2026-07-03 12:00:00,6,25,2026-07-13 12:00:00,10 days 00:00:00,240,-44.65,-87.58,996.9,47.8
2026-07-03 12:00:00,6,25,2026-07-13 18:00:00,10 days 06:00:00,246,-44.08,-86.4,1000.8,41.8
2026-07-03 12:00:00,6,25,2026-07-14 00:00:00,10 days 12:00:00,252,-43.5,-85.25,1004.6,35.8
2026-07-03 12:00:00,7,25,2026-07-10 12:00:00,7 days 00:00:00,168,10.25,154.0,1007.0,31.4
2026-07-03 12:00:00,7,25,2026-07-10 18:00:00,7 days 06:00:00,174,10.25,153.13,1006.5,32.4
2026-07-03 12:00:00,7,25,2026-07-11 00:00:00,7 days 12:00:00,180,10.25,152.25,1006.0,33.3
2026-07-03 12:00:00,7,25,2026-07-11 06:00:00,7 days 18:00:00,186,10.75,150.75,1005.6,34.0
2026-07-03 12:00:00,7,25,2026-07-11 12:00:00,8 days 00:00:00,192,11.25,149.25,1005.2,34.8
2026-07-03 12:00:00,7,25,2026-07-11 18:00:00,8 days 06:00:00,198,12.13,147.75,1004.8,35.5
2026-07-03 12:00:00,7,25,2026-07-12 00:00:00,8 days 12:00:00,204,13.0,146.25,1004.3,36.3
2026-07-03 12:00:00,7,25,2026-07-12 06:00:00,8 days 18:00:00,210,13.5,144.88,1004.1,36.7
2026-07-03 12:00:00,7,25,2026-07-12 12:00:00,9 days 00:00:00,216,14.0,143.5,1003.9,37.0
2026-07-03 12:00:00,7,25,2026-07-12 18:00:00,9 days 06:00:00,222,15.13,141.51,1001.6,40.9
2026-07-03 12:00:00,7,25,2026-07-13 00:00:00,9 days 12:00:00,228,16.25,139.5,999.3,44.7
2026-07-03 12:00:00,7,25,2026-07-13 06:00:00,9 days 18:00:00,234,16.63,138.63,1000.1,43.5
2026-07-03 12:00:00,7,25,2026-07-13 12:00:00,10 days 00:00:00,240,17.0,137.75,1000.8,42.2
2026-07-03 12:00:00,7,25,2026-07-13 18:00:00,10 days 06:00:00,246,18.01,135.89,1001.3,41.6
2026-07-03 12:00:00,7,25,2026-07-14 00:00:00,10 days 12:00:00,252,19.0,134.0,1001.7,40.9
2026-07-03 12:00:00,7,25,2026-07-14 06:00:00,10 days 18:00:00,258,19.38,132.63,1001.7,40.9
2026-07-03 12:00:00,7,25,2026-07-14 12:00:00,11 days 00:00:00,264,19.75,131.25,1001.7,40.9
2026-07-03 12:00:00,7,25,2026-07-14 18:00:00,11 days 06:00:00,270,20.5,130.5,1002.1,40.2
2026-07-03 12:00:00,7,25,2026-07-15 00:00:00,11 days 12:00:00,276,21.25,129.75,1002.5,39.5
2026-07-03 12:00:00,7,25,2026-07-15 06:00:00,11 days 18:00:00,282,22.0,128.63,1002.8,39.0
2026-07-03 12:00:00,7,25,2026-07-15 12:00:00,12 days 00:00:00,288,22.75,127.5,1003.0,38.6
2026-07-03 12:00:00,8,25,2026-07-12 12:00:00,9 days 00:00:00,216,29.5,65.25,989.7,59.1
2026-07-03 12:00:00,8,25,2026-07-12 18:00:00,9 days 06:00:00,222,30.26,64.46,990.3,58.3
2026-07-03 12:00:00,8,25,2026-07-13 00:00:00,9 days 12:00:00,228,31.01,63.65,990.8,57.5
2026-07-03 12:00:00,8,25,2026-07-13 06:00:00,9 days 18:00:00,234,31.76,62.83,991.4,56.8
2026-07-03 12:00:00,8,25,2026-07-13 12:00:00,10 days 00:00:00,240,32.5,62.0,991.9,56.0
2026-07-03 12:00:00,8,25,2026-07-13 18:00:00,10 days 06:00:00,246,32.13,62.63,993.2,54.2
2026-07-03 12:00:00,8,25,2026-07-14 00:00:00,10 days 12:00:00,252,31.75,63.25,994.4,52.3
2026-07-03 12:00:00,8,25,2026-07-14 06:00:00,10 days 18:00:00,258,32.13,62.63,993.8,53.2
2026-07-03 12:00:00,8,25,2026-07-14 12:00:00,11 days 00:00:00,264,32.5,62.0,993.2,54.1
2026-07-03 12:00:00,8,25,2026-07-14 18:00:00,11 days 06:00:00,270,32.25,61.87,993.0,54.4
2026-07-03 12:00:00,8,25,2026-07-15 00:00:00,11 days 12:00:00,276,32.0,61.75,992.8,54.7
2026-07-03 12:00:00,8,25,2026-07-15 06:00:00,11 days 18:00:00,282,31.75,61.62,992.6,55.0
2026-07-03 12:00:00,8,25,2026-07-15 12:00:00,12 days 00:00:00,288,31.5,61.5,992.4,55.3
2026-07-03 12:00:00,9,25,2026-07-15 12:00:00,12 days 00:00:00,288,11.0,-114.5,1004.5,36.0
2026-07-03 12:00:00,9,25,2026-07-15 18:00:00,12 days 06:00:00,294,11.0,-114.75,1002.9,38.7
2026-07-03 12:00:00,9,25,2026-07-16 00:00:00,12 days 12:00:00,300,11.0,-115.0,1001.4,41.4
2026-07-03 12:00:00,9,25,2026-07-16 06:00:00,12 days 18:00:00,306,11.38,-115.25,1000.9,42.2
2026-07-03 12:00:00,9,25,2026-07-16 12:00:00,13 days 00:00:00,312,11.75,-115.5,1000.4,42.9
2026-07-03 12:00:00,9,25,2026-07-16 18:00:00,13 days 06:00:00,318,12.38,-115.75,999.9,43.7
2026-07-03 12:00:00,9,25,2026-07-17 00:00:00,13 days 12:00:00,324,13.0,-116.0,999.5,44.5
2026-07-03 12:00:00,9,25,2026-07-17 06:00:00,13 days 18:00:00,330,13.63,-116.5,999.2,45.0
2026-07-03 12:00:00,9,25,2026-07-17 12:00:00,14 days 00:00:00,336,14.25,-117.0,998.9,45.4
2026-07-03 12:00:00,9,25,2026-07-17 18:00:00,14 days 06:00:00,342,13.88,-118.38,999.8,43.9
2026-07-03 12:00:00,9,25,2026-07-18 00:00:00,14 days 12:00:00,348,13.5,-119.75,1000.8,42.3
2026-07-03 12:00:00,9,25,2026-07-18 06:00:00,14 days 18:00:00,354,13.63,-120.75,1001.7,40.8
2026-07-03 12:00:00,9,25,2026-07-18 12:00:00,15 days 00:00:00,360,13.75,-121.75,1002.6,39.3
2026-07-03 12:00:00,3,26,2026-07-03 12:00:00,0 days 00:00:00,0,12.75,153.0,976.5,76.7
2026-07-03 12:00:00,3,26,2026-07-03 18:00:00,0 days 06:00:00,6,12.88,152.25,974.7,78.9
2026-07-03 12:00:00,3,26,2026-07-04 00:00:00,0 days 12:00:00,12,13.0,151.5,972.9,81.1
2026-07-03 12:00:00,3,26,2026-07-04 06:00:00,0 days 18:00:00,18,12.88,150.75,973.1,80.8
2026-07-03 12:00:00,3,26,2026-07-04 12:00:00,1 days 00:00:00,24,12.75,150.0,973.3,80.6
2026-07-03 12:00:00,3,26,2026-07-04 18:00:00,1 days 06:00:00,30,12.88,149.25,969.3,85.3
2026-07-03 12:00:00,3,26,2026-07-05 00:00:00,1 days 12:00:00,36,13.0,148.5,965.4,90.1
2026-07-03 12:00:00,3,26,2026-07-05 06:00:00,1 days 18:00:00,42,13.25,147.63,962.6,93.3
2026-07-03 12:00:00,3,26,2026-07-05 12:00:00,2 days 00:00:00,48,13.5,146.75,959.8,96.5
2026-07-03 12:00:00,3,26,2026-07-05 18:00:00,2 days 06:00:00,54,13.88,145.5,958.7,97.6
2026-07-03 12:00:00,3,26,2026-07-06 00:00:00,2 days 12:00:00,60,14.25,144.25,957.7,98.8
2026-07-03 12:00:00,3,26,2026-07-06 06:00:00,2 days 18:00:00,66,14.38,142.88,957.9,98.5
2026-07-03 12:00:00,3,26,2026-07-06 12:00:00,3 days 00:00:00,72,14.5,141.5,958.1,98.3
2026-07-03 12:00:00,3,26,2026-07-06 18:00:00,3 days 06:00:00,78,14.88,140.0,956.6,100.0
2026-07-03 12:00:00,3,26,2026-07-07 00:00:00,3 days 12:00:00,84,15.25,138.5,955.1,101.6
2026-07-03 12:00:00,3,26,2026-07-07 06:00:00,3 days 18:00:00,90,15.5,137.13,951.3,105.8
2026-07-03 12:00:00,3,26,2026-07-07 12:00:00,4 days 00:00:00,96,15.75,135.75,947.5,109.9
2026-07-03 12:00:00,3,26,2026-07-07 18:00:00,4 days 06:00:00,102,16.26,134.25,946.8,110.6
2026-07-03 12:00:00,3,26,2026-07-08 00:00:00,4 days 12:00:00,108,16.75,132.75,946.1,111.3
2026-07-03 12:00:00,3,26,2026-07-08 06:00:00,4 days 18:00:00,114,16.88,131.25,945.9,111.5
2026-07-03 12:00:00,3,26,2026-07-08 12:00:00,5 days 00:00:00,120,17.0,129.75,945.7,111.7
2026-07-03 12:00:00,3,26,2026-07-08 18:00:00,5 days 06:00:00,126,17.38,128.63,946.6,110.8
2026-07-03 12:00:00,3,26,2026-07-09 00:00:00,5 days 12:00:00,132,17.75,127.5,947.5,109.9
2026-07-03 12:00:00,3,26,2026-07-09 06:00:00,5 days 18:00:00,138,18.13,126.63,946.6,110.8
2026-07-03 12:00:00,3,26,2026-07-09 12:00:00,6 days 00:00:00,144,18.5,125.75,945.7,111.8
2026-07-03 12:00:00,3,26,2026-07-09 18:00:00,6 days 06:00:00,150,19.5,124.76,947.9,109.4
2026-07-03 12:00:00,3,26,2026-07-10 00:00:00,6 days 12:00:00,156,20.5,123.75,950.2,107.0
2026-07-03 12:00:00,3,26,2026-07-10 06:00:00,6 days 18:00:00,162,21.5,122.88,950.9,106.3
2026-07-03 12:00:00,3,26,2026-07-10 12:00:00,7 days 00:00:00,168,22.5,122.0,951.5,105.6
2026-07-03 12:00:00,3,26,2026-07-10 18:00:00,7 days 06:00:00,174,23.63,121.13,961.8,93.9
2026-07-03 12:00:00,3,26,2026-07-11 00:00:00,7 days 12:00:00,180,24.75,120.25,972.0,82.2
2026-07-03 12:00:00,3,26,2026-07-11 06:00:00,7 days 18:00:00,186,25.75,119.88,977.1,75.7
2026-07-03 12:00:00,3,26,2026-07-11 12:00:00,8 days 00:00:00,192,26.75,119.5,982.2,69.3
2026-07-03 12:00:00,3,26,2026-07-11 18:00:00,8 days 06:00:00,198,28.0,118.64,986.0,64.2
2026-07-03 12:00:00,3,26,2026-07-12 00:00:00,8 days 12:00:00,204,29.25,117.75,989.7,59.2
2026-07-03 12:00:00,3,26,2026-07-12 06:00:00,8 days 18:00:00,210,30.38,117.63,989.6,59.3
2026-07-03 12:00:00,3,26,2026-07-12 12:00:00,9 days 00:00:00,216,31.5,117.5,989.5,59.4
2026-07-03 12:00:00,3,26,2026-07-12 18:00:00,9 days 06:00:00,222,32.75,118.36,990.2,58.4
2026-07-03 12:00:00,3,26,2026-07-13 00:00:00,9 days 12:00:00,228,34.0,119.25,990.9,57.4
2026-07-03 12:00:00,3,26,2026-07-13 06:00:00,9 days 18:00:00,234,35.25,119.5,990.6,57.9
2026-07-03 12:00:00,3,26,2026-07-13 12:00:00,10 days 00:00:00,240,36.5,119.75,990.2,58.4
2026-07-03 12:00:00,4,26,2026-07-03 12:00:00,0 days 00:00:00,0,19.5,-128.5,1001.2,41.7
2026-07-03 12:00:00,4,26,2026-07-03 18:00:00,0 days 06:00:00,6,20.38,-128.5,1002.0,40.3
2026-07-03 12:00:00,4,26,2026-07-04 00:00:00,0 days 12:00:00,12,21.25,-128.5,1002.8,38.9
2026-07-03 12:00:00,5,26,2026-07-03 12:00:00,0 days 00:00:00,0,18.5,110.0,997.5,47.5
2026-07-03 12:00:00,5,26,2026-07-03 18:00:00,0 days 06:00:00,6,19.38,109.13,996.9,48.6
2026-07-03 12:00:00,5,26,2026-07-04 00:00:00,0 days 12:00:00,12,20.25,108.25,996.2,49.6
2026-07-03 12:00:00,5,26,2026-07-04 06:00:00,0 days 18:00:00,18,20.75,108.0,995.2,51.1
2026-07-03 12:00:00,5,26,2026-07-04 12:00:00,1 days 00:00:00,24,21.25,107.75,994.2,52.6
2026-07-03 12:00:00,5,26,2026-07-04 18:00:00,1 days 06:00:00,30,22.0,107.87,995.9,50.0
2026-07-03 12:00:00,5,26,2026-07-05 00:00:00,1 days 12:00:00,36,22.75,108.0,997.7,47.3
2026-07-03 12:00:00,5,26,2026-07-05 06:00:00,1 days 18:00:00,42,23.63,108.12,998.0,46.9
2026-07-03 12:00:00,5,26,2026-07-05 12:00:00,2 days 00:00:00,48,24.5,108.25,998.3,46.4
2026-07-03 12:00:00,5,26,2026-07-05 18:00:00,2 days 06:00:00,54,24.88,108.25,998.1,46.7
2026-07-03 12:00:00,5,26,2026-07-06 00:00:00,2 days 12:00:00,60,25.25,108.25,997.9,46.9
2026-07-03 12:00:00,6,26,2026-07-12 00:00:00,8 days 12:00:00,204,21.75,89.25,993.9,53.0
2026-07-03 12:00:00,6,26,2026-07-12 06:00:00,8 days 18:00:00,210,21.75,89.25,993.1,54.3
2026-07-03 12:00:00,6,26,2026-07-12 12:00:00,9 days 00:00:00,216,21.75,89.25,992.2,55.6
2026-07-03 12:00:00,6,26,2026-07-12 18:00:00,9 days 06:00:00,222,21.5,88.62,993.0,54.4
2026-07-03 12:00:00,6,26,2026-07-13 00:00:00,9 days 12:00:00,228,21.25,88.0,993.9,53.1
2026-07-03 12:00:00,6,26,2026-07-13 06:00:00,9 days 18:00:00,234,21.37,88.0,992.8,54.7
2026-07-03 12:00:00,6,26,2026-07-13 12:00:00,10 days 00:00:00,240,21.5,88.0,991.7,56.3
2026-07-03 12:00:00,6,26,2026-07-13 18:00:00,10 days 06:00:00,246,21.5,88.0,991.1,57.2
2026-07-03 12:00:00,6,26,2026-07-14 00:00:00,10 days 12:00:00,252,21.5,88.0,990.4,58.1
2026-07-03 12:00:00,6,26,2026-07-14 06:00:00,10 days 18:00:00,258,21.13,86.87,991.4,56.7
2026-07-03 12:00:00,6,26,2026-07-14 12:00:00,11 days 00:00:00,264,20.75,85.75,992.4,55.3
2026-07-03 12:00:00,6,26,2026-07-14 18:00:00,11 days 06:00:00,270,21.0,84.88,991.9,56.0
2026-07-03 12:00:00,6,26,2026-07-15 00:00:00,11 days 12:00:00,276,21.25,84.0,991.4,56.7
2026-07-03 12:00:00,6,26,2026-07-15 06:00:00,11 days 18:00:00,282,21.5,83.0,992.5,55.2
2026-07-03 12:00:00,6,26,2026-07-15 12:00:00,12 days 00:00:00,288,21.75,82.0,993.6,53.6
2026-07-03 12:00:00,7,26,2026-07-12 12:00:00,9 days 00:00:00,216,-35.0,-40.25,983.6,67.6
2026-07-03 12:00:00,7,26,2026-07-12 18:00:00,9 days 06:00:00,222,-36.21,-38.82,982.1,69.5
2026-07-03 12:00:00,7,26,2026-07-13 00:00:00,9 days 12:00:00,228,-37.41,-37.35,980.6,71.4
2026-07-03 12:00:00,7,26,2026-07-13 06:00:00,9 days 18:00:00,234,-38.59,-35.82,979.1,73.4
2026-07-03 12:00:00,7,26,2026-07-13 12:00:00,10 days 00:00:00,240,-39.75,-34.25,977.6,75.3
2026-07-03 12:00:00,7,26,2026-07-13 18:00:00,10 days 06:00:00,246,-40.75,-33.88,975.8,77.6
2026-07-03 12:00:00,7,26,2026-07-14 00:00:00,10 days 12:00:00,252,-41.75,-33.5,973.9,79.8
2026-07-03 12:00:00,7,26,2026-07-14 06:00:00,10 days 18:00:00,258,-41.63,-32.5,976.1,77.2
2026-07-03 12:00:00,7,26,2026-07-14 12:00:00,11 days 00:00:00,264,-41.5,-31.5,978.2,74.5
2026-07-03 12:00:00,7,26,2026-07-14 18:00:00,11 days 06:00:00,270,-41.26,-30.37,981.2,70.7
2026-07-03 12:00:00,7,26,2026-07-15 00:00:00,11 days 12:00:00,276,-41.0,-29.25,984.1,66.8
2026-07-03 12:00:00,7,26,2026-07-15 06:00:00,11 days 18:00:00,282,-41.91,-26.61,985.0,65.6
2026-07-03 12:00:00,7,26,2026-07-15 12:00:00,12 days 00:00:00,288,-42.76,-23.89,985.9,64.5
2026-07-03 12:00:00,7,26,2026-07-15 18:00:00,12 days 06:00:00,294,-43.54,-21.1,986.7,63.3
2026-07-03 12:00:00,7,26,2026-07-16 00:00:00,12 days 12:00:00,300,-44.25,-18.25,987.6,62.1
2026-07-03 12:00:00,8,26,2026-07-12 12:00:00,9 days 00:00:00,216,20.25,148.5,1008.7,28.1
2026-07-03 12:00:00,8,26,2026-07-12 18:00:00,9 days 06:00:00,222,20.88,149.0,1008.0,29.5
2026-07-03 12:00:00,8,26,2026-07-13 00:00:00,9 days 12:00:00,228,21.5,149.5,1007.3,30.9
2026-07-03 12:00:00,8,26,2026-07-13 06:00:00,9 days 18:00:00,234,22.13,150.5,1007.9,29.6
2026-07-03 12:00:00,8,26,2026-07-13 12:00:00,10 days 00:00:00,240,22.75,151.5,1008.6,28.3
2026-07-03 12:00:00,8,26,2026-07-13 18:00:00,10 days 06:00:00,246,23.88,152.62,1006.4,32.4
2026-07-03 12:00:00,8,26,2026-07-14 00:00:00,10 days 12:00:00,252,25.0,153.75,1004.2,36.5
2026-07-03 12:00:00,8,26,2026-07-14 06:00:00,10 days 18:00:00,258,26.38,154.99,1002.9,38.8
2026-07-03 12:00:00,8,26,2026-07-14 12:00:00,11 days 00:00:00,264,27.75,156.25,1001.5,41.2
2026-07-03 12:00:00,8,26,2026-07-14 18:00:00,11 days 06:00:00,270,29.76,158.09,1000.7,42.4
2026-07-03 12:00:00,8,26,2026-07-15 00:00:00,11 days 12:00:00,276,31.75,160.0,1000.0,43.7
2026-07-03 12:00:00,8,26,2026-07-15 06:00:00,11 days 18:00:00,282,34.25,159.39,999.4,44.6
2026-07-03 12:00:00,8,26,2026-07-15 12:00:00,12 days 00:00:00,288,36.75,158.75,998.9,45.4
2026-07-03 12:00:00,9,26,2026-07-15 12:00:00,12 days 00:00:00,288,12.25,-105.5,1003.7,37.5
2026-07-03 12:00:00,9,26,2026-07-15 18:00:00,12 days 06:00:00,294,12.88,-106.87,1001.1,41.7
2026-07-03 12:00:00,9,26,2026-07-16 00:00:00,12 days 12:00:00,300,13.5,-108.25,998.5,46.0
2026-07-03 12:00:00,9,26,2026-07-16 06:00:00,12 days 18:00:00,306,13.75,-109.62,994.9,51.5
2026-07-03 12:00:00,9,26,2026-07-16 12:00:00,13 days 00:00:00,312,14.0,-111.0,991.2,57.1
2026-07-03 12:00:00,9,26,2026-07-16 18:00:00,13 days 06:00:00,318,14.25,-112.0,987.8,61.8
2026-07-03 12:00:00,9,26,2026-07-17 00:00:00,13 days 12:00:00,324,14.5,-113.0,984.4,66.5
2026-07-03 12:00:00,9,26,2026-07-17 06:00:00,13 days 18:00:00,330,14.88,-113.62,979.5,72.8
2026-07-03 12:00:00,9,26,2026-07-17 12:00:00,14 days 00:00:00,336,15.25,-114.25,974.6,79.1
2026-07-03 12:00:00,9,26,2026-07-17 18:00:00,14 days 06:00:00,342,15.63,-115.12,974.8,78.7
2026-07-03 12:00:00,9,26,2026-07-18 00:00:00,14 days 12:00:00,348,16.0,-116.0,975.1,78.4
2026-07-03 12:00:00,9,26,2026-07-18 06:00:00,14 days 18:00:00,354,16.5,-117.0,974.3,79.4
2026-07-03 12:00:00,9,26,2026-07-18 12:00:00,15 days 00:00:00,360,17.0,-118.0,973.5,80.4
2026-07-03 12:00:00,10,27,2026-07-12 12:00:00,9 days 00:00:00,216,-42.75,-152.25,970.7,83.8
2026-07-03 12:00:00,10,27,2026-07-12 18:00:00,9 days 06:00:00,222,-43.5,-152.37,972.4,81.7
2026-07-03 12:00:00,10,27,2026-07-13 00:00:00,9 days 12:00:00,228,-44.25,-152.5,974.1,79.7
2026-07-03 12:00:00,10,27,2026-07-13 06:00:00,9 days 18:00:00,234,-43.13,-153.65,975.8,77.5
2026-07-03 12:00:00,10,27,2026-07-13 12:00:00,10 days 00:00:00,240,-42.0,-154.75,977.5,75.4
2026-07-03 12:00:00,10,27,2026-07-13 18:00:00,10 days 06:00:00,246,-40.63,-154.11,978.6,73.9
2026-07-03 12:00:00,10,27,2026-07-14 00:00:00,10 days 12:00:00,252,-39.25,-153.5,979.8,72.5
2026-07-03 12:00:00,10,27,2026-07-14 06:00:00,10 days 18:00:00,258,-38.64,-151.61,980.6,71.5
2026-07-03 12:00:00,10,27,2026-07-14 12:00:00,11 days 00:00:00,264,-38.0,-149.75,981.4,70.4
2026-07-03 12:00:00,10,27,2026-07-14 18:00:00,11 days 06:00:00,270,-42.27,-151.61,984.9,65.6
2026-07-03 12:00:00,10,27,2026-07-15 00:00:00,11 days 12:00:00,276,-46.5,-153.75,988.5,60.9
2026-07-03 12:00:00,10,27,2026-07-15 06:00:00,11 days 18:00:00,282,-44.38,-153.49,987.7,62.0
2026-07-03 12:00:00,10,27,2026-07-15 12:00:00,12 days 00:00:00,288,-42.25,-153.25,986.9,63.1
2026-07-03 12:00:00,10,27,2026-07-15 18:00:00,12 days 06:00:00,294,-41.38,-152.36,987.6,62.0
2026-07-03 12:00:00,10,27,2026-07-16 00:00:00,12 days 12:00:00,300,-40.5,-151.5,988.4,61.0
2026-07-03 12:00:00,11,27,2026-07-15 00:00:00,11 days 12:00:00,276,10.0,-122.0,1005.0,35.2
2026-07-03 12:00:00,11,27,2026-07-15 06:00:00,11 days 18:00:00,282,10.63,-122.87,1004.2,36.4
2026-07-03 12:00:00,11,27,2026-07-15 12:00:00,12 days 00:00:00,288,11.25,-123.75,1003.5,37.7
2026-07-03 12:00:00,11,27,2026-07-15 18:00:00,12 days 06:00:00,294,10.88,-124.38,1003.4,37.9
2026-07-03 12:00:00,11,27,2026-07-16 00:00:00,12 days 12:00:00,300,10.5,-125.0,1003.4,38.0
2026-07-03 12:00:00,11,27,2026-07-16 06:00:00,12 days 18:00:00,306,10.38,-125.63,1003.3,38.1
2026-07-03 12:00:00,11,27,2026-07-16 12:00:00,13 days 00:00:00,312,10.25,-126.25,1003.3,38.2
2026-07-03 12:00:00,11,27,2026-07-16 18:00:00,13 days 06:00:00,318,12.16,-121.66,1003.1,38.4
2026-07-03 12:00:00,11,27,2026-07-17 00:00:00,13 days 12:00:00,324,14.0,-117.0,1003.0,38.6
2026-07-03 12:00:00,11,27,2026-07-17 06:00:00,13 days 18:00:00,330,14.38,-117.0,1002.8,38.9
2026-07-03 12:00:00,11,27,2026-07-17 12:00:00,14 days 00:00:00,336,14.75,-117.0,1002.6,39.3
2026-07-03 12:00:00,11,27,2026-07-17 18:00:00,14 days 06:00:00,342,14.88,-117.75,1003.1,38.5
2026-07-03 12:00:00,11,27,2026-07-18 00:00:00,14 days 12:00:00,348,15.0,-118.5,1003.5,37.8
2026-07-03 12:00:00,11,27,2026-07-18 06:00:00,14 days 18:00:00,354,15.38,-119.0,1000.4,42.8
2026-07-03 12:00:00,11,27,2026-07-18 12:00:00,15 days 00:00:00,360,15.75,-119.5,997.4,47.8
2026-07-03 12:00:00,3,27,2026-07-03 12:00:00,0 days 00:00:00,0,12.75,153.0,976.5,76.7
2026-07-03 12:00:00,3,27,2026-07-03 18:00:00,0 days 06:00:00,6,12.88,152.38,973.0,81.0
2026-07-03 12:00:00,3,27,2026-07-04 00:00:00,0 days 12:00:00,12,13.0,151.75,969.4,85.3
2026-07-03 12:00:00,3,27,2026-07-04 06:00:00,0 days 18:00:00,18,13.0,151.0,968.8,86.1
2026-07-03 12:00:00,3,27,2026-07-04 12:00:00,1 days 00:00:00,24,13.0,150.25,968.1,86.9
2026-07-03 12:00:00,3,27,2026-07-04 18:00:00,1 days 06:00:00,30,13.0,149.38,965.2,90.2
2026-07-03 12:00:00,3,27,2026-07-05 00:00:00,1 days 12:00:00,36,13.0,148.5,962.4,93.5
2026-07-03 12:00:00,3,27,2026-07-05 06:00:00,1 days 18:00:00,42,13.25,147.63,964.0,91.6
2026-07-03 12:00:00,3,27,2026-07-05 12:00:00,2 days 00:00:00,48,13.5,146.75,965.7,89.7
2026-07-03 12:00:00,3,27,2026-07-05 18:00:00,2 days 06:00:00,54,13.88,145.63,960.8,95.3
2026-07-03 12:00:00,3,27,2026-07-06 00:00:00,2 days 12:00:00,60,14.25,144.5,955.9,100.8
2026-07-03 12:00:00,3,27,2026-07-06 06:00:00,2 days 18:00:00,66,14.75,143.5,958.9,97.4
2026-07-03 12:00:00,3,27,2026-07-06 12:00:00,3 days 00:00:00,72,15.25,142.5,961.9,94.1
2026-07-03 12:00:00,3,27,2026-07-06 18:00:00,3 days 06:00:00,78,15.63,141.13,957.4,99.0
2026-07-03 12:00:00,3,27,2026-07-07 00:00:00,3 days 12:00:00,84,16.0,139.75,953.0,104.0
2026-07-03 12:00:00,3,27,2026-07-07 06:00:00,3 days 18:00:00,90,16.13,138.5,949.2,108.0
2026-07-03 12:00:00,3,27,2026-07-07 12:00:00,4 days 00:00:00,96,16.25,137.25,945.5,112.0
2026-07-03 12:00:00,3,27,2026-07-07 18:00:00,4 days 06:00:00,102,16.38,135.88,946.8,110.6
2026-07-03 12:00:00,3,27,2026-07-08 00:00:00,4 days 12:00:00,108,16.5,134.5,948.1,109.2
2026-07-03 12:00:00,3,27,2026-07-08 06:00:00,4 days 18:00:00,114,16.88,133.38,946.0,111.5
2026-07-03 12:00:00,3,27,2026-07-08 12:00:00,5 days 00:00:00,120,17.25,132.25,943.8,113.7
2026-07-03 12:00:00,3,27,2026-07-08 18:00:00,5 days 06:00:00,126,17.88,131.5,945.1,112.5
2026-07-03 12:00:00,3,27,2026-07-09 00:00:00,5 days 12:00:00,132,18.5,130.75,946.3,111.2
2026-07-03 12:00:00,3,27,2026-07-09 06:00:00,5 days 18:00:00,138,19.13,129.75,944.4,113.2
2026-07-03 12:00:00,3,27,2026-07-09 12:00:00,6 days 00:00:00,144,19.75,128.75,942.5,115.2
2026-07-03 12:00:00,3,27,2026-07-09 18:00:00,6 days 06:00:00,150,20.38,127.75,941.6,116.1
2026-07-03 12:00:00,3,27,2026-07-10 00:00:00,6 days 12:00:00,156,21.0,126.75,940.7,117.0
2026-07-03 12:00:00,3,27,2026-07-10 06:00:00,6 days 18:00:00,162,22.13,126.25,945.7,111.7
2026-07-03 12:00:00,3,27,2026-07-10 12:00:00,7 days 00:00:00,168,23.25,125.75,950.7,106.4
2026-07-03 12:00:00,3,27,2026-07-10 18:00:00,7 days 06:00:00,174,24.5,125.25,955.5,101.2
2026-07-03 12:00:00,3,27,2026-07-11 00:00:00,7 days 12:00:00,180,25.75,124.75,960.2,96.0
2026-07-03 12:00:00,3,27,2026-07-11 06:00:00,7 days 18:00:00,186,26.88,124.13,963.6,92.0
2026-07-03 12:00:00,3,27,2026-07-11 12:00:00,8 days 00:00:00,192,28.0,123.5,967.1,88.1
2026-07-03 12:00:00,3,27,2026-07-11 18:00:00,8 days 06:00:00,198,29.63,122.64,973.0,80.8
2026-07-03 12:00:00,3,27,2026-07-12 00:00:00,8 days 12:00:00,204,31.25,121.75,978.9,73.6
2026-07-03 12:00:00,3,27,2026-07-12 06:00:00,8 days 18:00:00,210,32.13,121.63,982.1,69.5
2026-07-03 12:00:00,3,27,2026-07-12 12:00:00,9 days 00:00:00,216,33.0,121.5,985.2,65.3
2026-07-03 12:00:00,3,27,2026-07-12 18:00:00,9 days 06:00:00,222,34.0,121.87,987.7,62.0
2026-07-03 12:00:00,3,27,2026-07-13 00:00:00,9 days 12:00:00,228,35.0,122.25,990.1,58.7
2026-07-03 12:00:00,3,27,2026-07-13 06:00:00,9 days 18:00:00,234,36.38,122.99,990.7,57.7
2026-07-03 12:00:00,3,27,2026-07-13 12:00:00,10 days 00:00:00,240,37.75,123.75,991.4,56.8
2026-07-03 12:00:00,4,27,2026-07-03 12:00:00,0 days 00:00:00,0,19.5,-128.5,1001.2,41.7
2026-07-03 12:00:00,5,27,2026-07-03 12:00:00,0 days 00:00:00,0,18.5,110.0,997.5,47.5
2026-07-03 12:00:00,5,27,2026-07-03 18:00:00,0 days 06:00:00,6,19.5,108.88,997.8,47.2
2026-07-03 12:00:00,5,27,2026-07-04 00:00:00,0 days 12:00:00,12,20.5,107.75,998.0,46.8
2026-07-03 12:00:00,5,27,2026-07-04 06:00:00,0 days 18:00:00,18,20.75,107.87,997.6,47.5
2026-07-03 12:00:00,5,27,2026-07-04 12:00:00,1 days 00:00:00,24,21.0,108.0,997.2,48.1
2026-07-03 12:00:00,5,27,2026-07-04 18:00:00,1 days 06:00:00,30,21.63,108.12,998.1,46.7
2026-07-03 12:00:00,5,27,2026-07-05 00:00:00,1 days 12:00:00,36,22.25,108.25,999.0,45.2
2026-07-03 12:00:00,6,27,2026-07-04 00:00:00,0 days 12:00:00,12,20.5,87.25,994.6,52.0
2026-07-03 12:00:00,6,27,2026-07-04 06:00:00,0 days 18:00:00,18,20.38,87.12,992.9,54.5
2026-07-03 12:00:00,6,27,2026-07-04 12:00:00,1 days 00:00:00,24,20.25,87.0,991.2,57.0
2026-07-03 12:00:00,6,27,2026-07-04 18:00:00,1 days 06:00:00,30,20.5,87.0,991.0,57.2
2026-07-03 12:00:00,6,27,2026-07-05 00:00:00,1 days 12:00:00,36,20.75,87.0,990.9,57.5
2026-07-03 12:00:00,6,27,2026-07-05 06:00:00,1 days 18:00:00,42,20.75,87.0,991.8,56.2
2026-07-03 12:00:00,6,27,2026-07-05 12:00:00,2 days 00:00:00,48,20.75,87.0,992.7,54.9
2026-07-03 12:00:00,6,27,2026-07-05 18:00:00,2 days 06:00:00,54,21.13,86.0,992.9,54.6
2026-07-03 12:00:00,6,27,2026-07-06 00:00:00,2 days 12:00:00,60,21.5,85.0,993.2,54.2
2026-07-03 12:00:00,6,27,2026-07-06 06:00:00,2 days 18:00:00,66,22.0,85.12,992.8,54.6
2026-07-03 12:00:00,6,27,2026-07-06 12:00:00,3 days 00:00:00,72,22.5,85.25,992.5,55.1
2026-07-03 12:00:00,6,27,2026-07-06 18:00:00,3 days 06:00:00,78,23.25,84.75,993.3,54.0
2026-07-03 12:00:00,6,27,2026-07-07 00:00:00,3 days 12:00:00,84,24.0,84.25,994.1,52.8
2026-07-03 12:00:00,6,27,2026-07-07 06:00:00,3 days 18:00:00,90,24.5,84.0,992.8,54.7
2026-07-03 12:00:00,6,27,2026-07-07 12:00:00,4 days 00:00:00,96,25.0,83.75,991.5,56.6
2026-07-03 12:00:00,6,27,2026-07-07 18:00:00,4 days 06:00:00,102,25.13,83.5,992.5,55.2
2026-07-03 12:00:00,6,27,2026-07-08 00:00:00,4 days 12:00:00,108,25.25,83.25,993.4,53.9
2026-07-03 12:00:00,6,27,2026-07-08 06:00:00,4 days 18:00:00,114,28.65,85.67,991.8,56.2
2026-07-03 12:00:00,6,27,2026-07-08 12:00:00,5 days 00:00:00,120,32.0,88.25,990.2,58.5
2026-07-03 12:00:00,6,27,2026-07-08 18:00:00,5 days 06:00:00,126,31.44,89.01,991.0,57.3
2026-07-03 12:00:00,6,27,2026-07-09 00:00:00,5 days 12:00:00,132,30.88,89.77,991.8,56.1
2026-07-03 12:00:00,6,27,2026-07-09 06:00:00,5 days 18:00:00,138,30.32,90.51,992.7,54.9
2026-07-03 12:00:00,6,27,2026-07-09 12:00:00,6 days 00:00:00,144,29.75,91.25,993.5,53.7
2026-07-03 12:00:00,6,27,2026-07-09 18:00:00,6 days 06:00:00,150,27.97,85.91,995.2,51.1
2026-07-03 12:00:00,6,27,2026-07-10 00:00:00,6 days 12:00:00,156,26.0,80.75,997.0,48.4
2026-07-03 12:00:00,7,27,2026-07-05 12:00:00,2 days 00:00:00,48,20.25,71.5,994.2,52.7
2026-07-03 12:00:00,7,27,2026-07-05 18:00:00,2 days 06:00:00,54,20.25,71.5,994.8,51.7
2026-07-03 12:00:00,7,27,2026-07-06 00:00:00,2 days 12:00:00,60,20.25,71.5,995.5,50.8
2026-07-03 12:00:00,7,27,2026-07-06 06:00:00,2 days 18:00:00,66,20.44,71.25,994.6,52.0
2026-07-03 12:00:00,7,27,2026-07-06 12:00:00,3 days 00:00:00,72,20.63,71.0,993.8,53.2
2026-07-03 12:00:00,7,27,2026-07-06 18:00:00,3 days 06:00:00,78,20.81,70.75,993.0,54.4
2026-07-03 12:00:00,7,27,2026-07-07 00:00:00,3 days 12:00:00,84,21.0,70.5,992.2,55.6
2026-07-03 12:00:00,7,27,2026-07-07 06:00:00,3 days 18:00:00,90,21.19,71.18,992.4,55.2
2026-07-03 12:00:00,7,27,2026-07-07 12:00:00,4 days 00:00:00,96,21.38,71.87,992.7,54.9
2026-07-03 12:00:00,7,27,2026-07-07 18:00:00,4 days 06:00:00,102,21.57,72.56,993.0,54.5
2026-07-03 12:00:00,7,27,2026-07-08 00:00:00,4 days 12:00:00,108,21.75,73.25,993.2,54.1
2026-07-03 12:00:00,7,27,2026-07-08 06:00:00,4 days 18:00:00,114,22.14,74.3,993.5,53.6
2026-07-03 12:00:00,7,27,2026-07-08 12:00:00,5 days 00:00:00,120,22.51,75.36,993.9,53.1
2026-07-03 12:00:00,7,27,2026-07-08 18:00:00,5 days 06:00:00,126,22.89,76.43,994.2,52.6
2026-07-03 12:00:00,7,27,2026-07-09 00:00:00,5 days 12:00:00,132,23.25,77.5,994.5,52.1
2026-07-03 12:00:00,7,27,2026-07-09 06:00:00,5 days 18:00:00,138,24.26,78.86,995.3,51.0
2026-07-03 12:00:00,7,27,2026-07-09 12:00:00,6 days 00:00:00,144,25.25,80.25,996.1,49.8
2026-07-03 12:00:00,7,27,2026-07-09 18:00:00,6 days 06:00:00,150,25.63,80.5,996.5,49.1
2026-07-03 12:00:00,7,27,2026-07-10 00:00:00,6 days 12:00:00,156,26.0,80.75,997.0,48.4
2026-07-03 12:00:00,8,27,2026-07-10 12:00:00,7 days 00:00:00,168,-26.75,-115.75,996.8,48.7
2026-07-03 12:00:00,8,27,2026-07-10 18:00:00,7 days 06:00:00,174,-29.02,-114.3,992.0,55.4
2026-07-03 12:00:00,8,27,2026-07-11 00:00:00,7 days 12:00:00,180,-31.29,-112.77,987.2,62.1
2026-07-03 12:00:00,8,27,2026-07-11 06:00:00,7 days 18:00:00,186,-33.53,-111.18,982.3,68.7
2026-07-03 12:00:00,8,27,2026-07-11 12:00:00,8 days 00:00:00,192,-35.75,-109.5,977.5,75.4
2026-07-03 12:00:00,8,27,2026-07-11 18:00:00,8 days 06:00:00,198,-37.0,-109.62,978.3,74.4
2026-07-03 12:00:00,8,27,2026-07-12 00:00:00,8 days 12:00:00,204,-38.25,-109.75,979.1,73.4
2026-07-03 12:00:00,8,27,2026-07-12 06:00:00,8 days 18:00:00,210,-39.0,-110.74,979.6,72.7
2026-07-03 12:00:00,8,27,2026-07-12 12:00:00,9 days 00:00:00,216,-39.75,-111.75,980.2,72.0
2026-07-03 12:00:00,8,27,2026-07-12 18:00:00,9 days 06:00:00,222,-40.38,-112.25,981.5,70.2
2026-07-03 12:00:00,8,27,2026-07-13 00:00:00,9 days 12:00:00,228,-41.0,-112.75,982.9,68.5
2026-07-03 12:00:00,8,27,2026-07-13 06:00:00,9 days 18:00:00,234,-41.38,-112.25,982.7,68.7
2026-07-03 12:00:00,8,27,2026-07-13 12:00:00,10 days 00:00:00,240,-41.75,-111.75,982.5,69.0
2026-07-03 12:00:00,9,27,2026-07-10 12:00:00,7 days 00:00:00,168,7.25,150.5,1006.8,31.7
2026-07-03 12:00:00,9,27,2026-07-10 18:00:00,7 days 06:00:00,174,8.25,149.63,1006.6,32.1
2026-07-03 12:00:00,9,27,2026-07-11 00:00:00,7 days 12:00:00,180,9.25,148.75,1006.4,32.5
2026-07-03 12:00:00,9,27,2026-07-11 06:00:00,7 days 18:00:00,186,9.38,146.25,1005.4,34.4
2026-07-03 12:00:00,9,27,2026-07-11 12:00:00,8 days 00:00:00,192,9.5,143.75,1004.4,36.2
2026-07-03 12:00:00,9,27,2026-07-11 18:00:00,8 days 06:00:00,198,10.25,142.38,1004.5,36.0
2026-07-03 12:00:00,9,27,2026-07-12 00:00:00,8 days 12:00:00,204,11.0,141.0,1004.6,35.9
2026-07-03 12:00:00,9,27,2026-07-12 06:00:00,8 days 18:00:00,210,11.5,140.88,1003.8,37.2
2026-07-03 12:00:00,9,27,2026-07-12 12:00:00,9 days 00:00:00,216,12.0,140.75,1003.0,38.6
2026-07-03 12:00:00,9,27,2026-07-12 18:00:00,9 days 06:00:00,222,12.38,139.63,1001.6,41.0
2026-07-03 12:00:00,9,27,2026-07-13 00:00:00,9 days 12:00:00,228,12.75,138.5,1000.1,43.4
2026-07-03 12:00:00,9,27,2026-07-13 06:00:00,9 days 18:00:00,234,13.75,137.88,998.5,45.9
2026-07-03 12:00:00,9,27,2026-07-13 12:00:00,10 days 00:00:00,240,14.75,137.25,997.0,48.5
2026-07-03 12:00:00,9,27,2026-07-13 18:00:00,10 days 06:00:00,246,15.38,136.75,993.5,53.6
2026-07-03 12:00:00,9,27,2026-07-14 00:00:00,10 days 12:00:00,252,16.0,136.25,990.1,58.6
2026-07-03 12:00:00,9,27,2026-07-14 06:00:00,10 days 18:00:00,258,16.38,135.88,990.0,58.8
2026-07-03 12:00:00,9,27,2026-07-14 12:00:00,11 days 00:00:00,264,16.75,135.5,989.9,58.9
2026-07-03 12:00:00,9,27,2026-07-14 18:00:00,11 days 06:00:00,270,17.0,135.25,991.4,56.7
2026-07-03 12:00:00,9,27,2026-07-15 00:00:00,11 days 12:00:00,276,17.25,135.0,992.9,54.5
2026-07-03 12:00:00,9,27,2026-07-15 06:00:00,11 days 18:00:00,282,17.63,134.88,991.7,56.2
2026-07-03 12:00:00,9,27,2026-07-15 12:00:00,12 days 00:00:00,288,18.0,134.75,990.6,57.9
2026-07-03 12:00:00,9,27,2026-07-15 18:00:00,12 days 06:00:00,294,18.0,134.5,987.9,61.6
2026-07-03 12:00:00,9,27,2026-07-16 00:00:00,12 days 12:00:00,300,18.0,134.25,985.3,65.2
2026-07-03 12:00:00,9,27,2026-07-16 06:00:00,12 days 18:00:00,306,18.25,134.13,985.1,65.5
2026-07-03 12:00:00,9,27,2026-07-16 12:00:00,13 days 00:00:00,312,18.5,134.0,984.8,65.8
2026-07-03 12:00:00,9,27,2026-07-16 18:00:00,13 days 06:00:00,318,18.63,133.63,980.1,72.0
2026-07-03 12:00:00,9,27,2026-07-17 00:00:00,13 days 12:00:00,324,18.75,133.25,975.3,78.1
2026-07-03 12:00:00,9,27,2026-07-17 06:00:00,13 days 18:00:00,330,18.88,132.75,972.8,81.2
2026-07-03 12:00:00,9,27,2026-07-17 12:00:00,14 days 00:00:00,336,19.0,132.25,970.3,84.2
2026-07-03 12:00:00,9,27,2026-07-17 18:00:00,14 days 06:00:00,342,19.25,132.0,965.0,90.4
2026-07-03 12:00:00,9,27,2026-07-18 00:00:00,14 days 12:00:00,348,19.5,131.75,959.7,96.6
2026-07-03 12:00:00,9,27,2026-07-18 06:00:00,14 days 18:00:00,354,19.75,131.38,956.3,100.3
2026-07-03 12:00:00,9,27,2026-07-18 12:00:00,15 days 00:00:00,360,20.0,131.0,952.9,104.1
2026-07-03 12:00:00,3,28,2026-07-03 12:00:00,0 days 00:00:00,0,12.75,153.0,976.5,76.7
2026-07-03 12:00:00,3,28,2026-07-03 18:00:00,0 days 06:00:00,6,12.75,152.38,974.0,79.7
2026-07-03 12:00:00,3,28,2026-07-04 00:00:00,0 days 12:00:00,12,12.75,151.75,971.5,82.8
2026-07-03 12:00:00,3,28,2026-07-04 06:00:00,0 days 18:00:00,18,12.75,151.12,974.2,79.5
2026-07-03 12:00:00,3,28,2026-07-04 12:00:00,1 days 00:00:00,24,12.75,150.5,976.9,76.2
2026-07-03 12:00:00,3,28,2026-07-04 18:00:00,1 days 06:00:00,30,13.0,149.63,972.5,81.6
2026-07-03 12:00:00,3,28,2026-07-05 00:00:00,1 days 12:00:00,36,13.25,148.75,968.0,86.9
2026-07-03 12:00:00,3,28,2026-07-05 06:00:00,1 days 18:00:00,42,13.13,148.0,966.1,89.2
2026-07-03 12:00:00,3,28,2026-07-05 12:00:00,2 days 00:00:00,48,13.0,147.25,964.2,91.5
2026-07-03 12:00:00,3,28,2026-07-05 18:00:00,2 days 06:00:00,54,13.38,146.38,958.2,98.2
2026-07-03 12:00:00,3,28,2026-07-06 00:00:00,2 days 12:00:00,60,13.75,145.5,952.2,104.9
2026-07-03 12:00:00,3,28,2026-07-06 06:00:00,2 days 18:00:00,66,14.0,144.63,954.1,102.8
2026-07-03 12:00:00,3,28,2026-07-06 12:00:00,3 days 00:00:00,72,14.25,143.75,956.0,100.7
2026-07-03 12:00:00,3,28,2026-07-06 18:00:00,3 days 06:00:00,78,14.63,142.38,952.6,104.4
2026-07-03 12:00:00,3,28,2026-07-07 00:00:00,3 days 12:00:00,84,15.0,141.0,949.2,108.0
2026-07-03 12:00:00,3,28,2026-07-07 06:00:00,3 days 18:00:00,90,15.5,139.88,949.2,108.0
2026-07-03 12:00:00,3,28,2026-07-07 12:00:00,4 days 00:00:00,96,16.0,138.75,949.3,108.0
2026-07-03 12:00:00,3,28,2026-07-07 18:00:00,4 days 06:00:00,102,16.38,137.38,949.4,107.8
2026-07-03 12:00:00,3,28,2026-07-08 00:00:00,4 days 12:00:00,108,16.75,136.0,949.6,107.7
2026-07-03 12:00:00,3,28,2026-07-08 06:00:00,4 days 18:00:00,114,17.0,134.75,949.6,107.7
2026-07-03 12:00:00,3,28,2026-07-08 12:00:00,5 days 00:00:00,120,17.25,133.5,949.6,107.6
2026-07-03 12:00:00,3,28,2026-07-08 18:00:00,5 days 06:00:00,126,17.88,132.5,948.1,109.2
2026-07-03 12:00:00,3,28,2026-07-09 00:00:00,5 days 12:00:00,132,18.5,131.5,946.7,110.7
2026-07-03 12:00:00,3,28,2026-07-09 06:00:00,5 days 18:00:00,138,19.13,130.75,946.6,110.8
2026-07-03 12:00:00,3,28,2026-07-09 12:00:00,6 days 00:00:00,144,19.75,130.0,946.5,111.0
2026-07-03 12:00:00,3,28,2026-07-09 18:00:00,6 days 06:00:00,150,20.63,129.01,946.1,111.3
2026-07-03 12:00:00,3,28,2026-07-10 00:00:00,6 days 12:00:00,156,21.5,128.0,945.7,111.7
2026-07-03 12:00:00,3,28,2026-07-10 06:00:00,6 days 18:00:00,162,22.25,127.38,944.9,112.7
2026-07-03 12:00:00,3,28,2026-07-10 12:00:00,7 days 00:00:00,168,23.0,126.75,944.0,113.6
2026-07-03 12:00:00,3,28,2026-07-10 18:00:00,7 days 06:00:00,174,24.13,125.88,948.8,108.4
2026-07-03 12:00:00,3,28,2026-07-11 00:00:00,7 days 12:00:00,180,25.25,125.0,953.7,103.2
2026-07-03 12:00:00,3,28,2026-07-11 06:00:00,7 days 18:00:00,186,26.63,124.63,956.1,100.5
2026-07-03 12:00:00,3,28,2026-07-11 12:00:00,8 days 00:00:00,192,28.0,124.25,958.6,97.8
2026-07-03 12:00:00,3,28,2026-07-11 18:00:00,8 days 06:00:00,198,29.38,124.37,962.2,93.6
2026-07-03 12:00:00,3,28,2026-07-12 00:00:00,8 days 12:00:00,204,30.75,124.5,965.9,89.5
2026-07-03 12:00:00,3,28,2026-07-12 06:00:00,8 days 18:00:00,210,31.75,124.87,967.8,87.2
2026-07-03 12:00:00,3,28,2026-07-12 12:00:00,9 days 00:00:00,216,32.75,125.25,969.7,85.0
2026-07-03 12:00:00,3,28,2026-07-12 18:00:00,9 days 06:00:00,222,33.51,126.37,976.2,76.8
2026-07-03 12:00:00,3,28,2026-07-13 00:00:00,9 days 12:00:00,228,34.25,127.5,982.7,68.7
2026-07-03 12:00:00,3,28,2026-07-13 06:00:00,9 days 18:00:00,234,34.88,128.86,984.6,66.1
2026-07-03 12:00:00,3,28,2026-07-13 12:00:00,10 days 00:00:00,240,35.5,130.25,986.5,63.6
2026-07-03 12:00:00,3,28,2026-07-13 18:00:00,10 days 06:00:00,246,36.51,131.73,986.6,63.5
2026-07-03 12:00:00,3,28,2026-07-14 00:00:00,10 days 12:00:00,252,37.5,133.25,986.7,63.4
2026-07-03 12:00:00,4,28,2026-07-03 12:00:00,0 days 00:00:00,0,19.5,-128.5,1001.2,41.7
2026-07-03 12:00:00,5,28,2026-07-03 12:00:00,0 days 00:00:00,0,18.5,110.0,997.5,47.5
2026-07-03 12:00:00,5,28,2026-07-03 18:00:00,0 days 06:00:00,6,19.25,109.25,995.9,50.1
2026-07-03 12:00:00,5,28,2026-07-04 00:00:00,0 days 12:00:00,12,20.0,108.5,994.2,52.6
2026-07-03 12:00:00,5,28,2026-07-04 06:00:00,0 days 18:00:00,18,20.5,108.0,994.1,52.8
2026-07-03 12:00:00,5,28,2026-07-04 12:00:00,1 days 00:00:00,24,21.0,107.5,994.0,52.9
2026-07-03 12:00:00,5,28,2026-07-04 18:00:00,1 days 06:00:00,30,21.5,107.5,996.0,50.0
2026-07-03 12:00:00,5,28,2026-07-05 00:00:00,1 days 12:00:00,36,22.0,107.5,997.9,47.0
2026-07-03 12:00:00,6,28,2026-07-04 00:00:00,0 days 12:00:00,12,20.0,86.5,992.8,54.7
2026-07-03 12:00:00,6,28,2026-07-04 06:00:00,0 days 18:00:00,18,20.12,86.5,992.5,55.2
2026-07-03 12:00:00,6,28,2026-07-04 12:00:00,1 days 00:00:00,24,20.25,86.5,992.1,55.7
2026-07-03 12:00:00,6,28,2026-07-04 18:00:00,1 days 06:00:00,30,20.5,86.87,991.6,56.4
2026-07-03 12:00:00,6,28,2026-07-05 00:00:00,1 days 12:00:00,36,20.75,87.25,991.1,57.2
2026-07-03 12:00:00,6,28,2026-07-05 06:00:00,1 days 18:00:00,42,21.38,87.62,990.6,57.9
2026-07-03 12:00:00,6,28,2026-07-05 12:00:00,2 days 00:00:00,48,22.0,88.0,990.1,58.6
2026-07-03 12:00:00,6,28,2026-07-05 18:00:00,2 days 06:00:00,54,22.5,87.38,991.7,56.3
2026-07-03 12:00:00,6,28,2026-07-06 00:00:00,2 days 12:00:00,60,23.0,86.75,993.2,54.1
2026-07-03 12:00:00,6,28,2026-07-06 06:00:00,2 days 18:00:00,66,22.88,86.62,992.9,54.5
2026-07-03 12:00:00,6,28,2026-07-06 12:00:00,3 days 00:00:00,72,22.75,86.5,992.7,54.9
2026-07-03 12:00:00,6,28,2026-07-06 18:00:00,3 days 06:00:00,78,23.5,85.38,991.8,56.1
2026-07-03 12:00:00,6,28,2026-07-07 00:00:00,3 days 12:00:00,84,24.25,84.25,991.0,57.4
2026-07-03 12:00:00,6,28,2026-07-07 06:00:00,3 days 18:00:00,90,24.25,83.75,990.0,58.8
2026-07-03 12:00:00,6,28,2026-07-07 12:00:00,4 days 00:00:00,96,24.25,83.25,989.0,60.2
2026-07-03 12:00:00,6,28,2026-07-07 18:00:00,4 days 06:00:00,102,24.63,82.63,988.7,60.6
2026-07-03 12:00:00,6,28,2026-07-08 00:00:00,4 days 12:00:00,108,25.0,82.0,988.4,61.0
2026-07-03 12:00:00,6,28,2026-07-08 06:00:00,4 days 18:00:00,114,25.5,81.75,988.7,60.6
2026-07-03 12:00:00,6,28,2026-07-08 12:00:00,5 days 00:00:00,120,26.0,81.5,989.0,60.1
2026-07-03 12:00:00,6,28,2026-07-08 18:00:00,5 days 06:00:00,126,26.25,80.88,990.2,58.5
2026-07-03 12:00:00,6,28,2026-07-09 00:00:00,5 days 12:00:00,132,26.5,80.25,991.3,56.9
2026-07-03 12:00:00,6,28,2026-07-09 06:00:00,5 days 18:00:00,138,26.63,80.0,990.7,57.8
2026-07-03 12:00:00,6,28,2026-07-09 12:00:00,6 days 00:00:00,144,26.75,79.75,990.0,58.7
2026-07-03 12:00:00,6,28,2026-07-09 18:00:00,6 days 06:00:00,150,26.63,80.0,990.8,57.6
2026-07-03 12:00:00,6,28,2026-07-10 00:00:00,6 days 12:00:00,156,26.5,80.25,991.6,56.5
2026-07-03 12:00:00,6,28,2026-07-10 06:00:00,6 days 18:00:00,162,26.5,80.38,991.8,56.1
2026-07-03 12:00:00,6,28,2026-07-10 12:00:00,7 days 00:00:00,168,26.5,80.5,992.1,55.7
2026-07-03 12:00:00,6,28,2026-07-10 18:00:00,7 days 06:00:00,174,26.75,80.5,993.1,54.3
2026-07-03 12:00:00,6,28,2026-07-11 00:00:00,7 days 12:00:00,180,27.0,80.5,994.1,52.8
2026-07-03 12:00:00,6,28,2026-07-11 06:00:00,7 days 18:00:00,186,27.0,80.5,993.9,53.1
2026-07-03 12:00:00,6,28,2026-07-11 12:00:00,8 days 00:00:00,192,27.0,80.5,993.7,53.5
2026-07-03 12:00:00,6,28,2026-07-11 18:00:00,8 days 06:00:00,198,27.13,80.87,994.9,51.6
2026-07-03 12:00:00,6,28,2026-07-12 00:00:00,8 days 12:00:00,204,27.25,81.25,996.1,49.7
2026-07-03 12:00:00,7,28,2026-07-13 12:00:00,10 days 00:00:00,240,12.5,140.5,1005.0,35.0
2026-07-03 12:00:00,7,28,2026-07-13 18:00:00,10 days 06:00:00,246,13.75,140.75,1003.7,37.4
2026-07-03 12:00:00,7,28,2026-07-14 00:00:00,10 days 12:00:00,252,15.0,141.0,1002.3,39.7
2026-07-03 12:00:00,7,28,2026-07-14 06:00:00,10 days 18:00:00,258,15.63,140.38,1002.0,40.4
2026-07-03 12:00:00,7,28,2026-07-14 12:00:00,11 days 00:00:00,264,16.25,139.75,1001.6,41.0
2026-07-03 12:00:00,7,28,2026-07-14 18:00:00,11 days 06:00:00,270,16.38,139.75,999.6,44.2
2026-07-03 12:00:00,7,28,2026-07-15 00:00:00,11 days 12:00:00,276,16.5,139.75,997.7,47.4
2026-07-03 12:00:00,7,28,2026-07-15 06:00:00,11 days 18:00:00,282,16.75,140.25,997.6,47.5
2026-07-03 12:00:00,7,28,2026-07-15 12:00:00,12 days 00:00:00,288,17.0,140.75,997.4,47.7
2026-07-03 12:00:00,7,28,2026-07-15 18:00:00,12 days 06:00:00,294,17.75,140.87,997.0,48.4
2026-07-03 12:00:00,7,28,2026-07-16 00:00:00,12 days 12:00:00,300,18.5,141.0,996.6,49.1
2026-07-03 12:00:00,7,28,2026-07-16 06:00:00,12 days 18:00:00,306,19.13,141.25,995.5,50.7
2026-07-03 12:00:00,7,28,2026-07-16 12:00:00,13 days 00:00:00,312,19.75,141.5,994.4,52.4
2026-07-03 12:00:00,7,28,2026-07-16 18:00:00,13 days 06:00:00,318,20.0,141.38,995.3,50.9
2026-07-03 12:00:00,7,28,2026-07-17 00:00:00,13 days 12:00:00,324,20.25,141.25,996.3,49.5
2026-07-03 12:00:00,7,28,2026-07-17 06:00:00,13 days 18:00:00,330,20.62,141.25,996.7,48.8
2026-07-03 12:00:00,7,28,2026-07-17 12:00:00,14 days 00:00:00,336,21.0,141.25,997.1,48.2
2026-07-03 12:00:00,8,28,2026-07-16 00:00:00,12 days 12:00:00,300,12.25,-112.5,1002.8,39.0
2026-07-03 12:00:00,8,28,2026-07-16 06:00:00,12 days 18:00:00,306,12.0,-113.88,1002.2,39.9
2026-07-03 12:00:00,8,28,2026-07-16 12:00:00,13 days 00:00:00,312,11.75,-115.25,1001.7,40.9
2026-07-03 12:00:00,8,28,2026-07-16 18:00:00,13 days 06:00:00,318,11.63,-116.38,999.8,43.8
2026-07-03 12:00:00,8,28,2026-07-17 00:00:00,13 days 12:00:00,324,11.5,-117.5,998.0,46.8
2026-07-03 12:00:00,8,28,2026-07-17 06:00:00,13 days 18:00:00,330,11.63,-118.37,995.5,50.6
2026-07-03 12:00:00,8,28,2026-07-17 12:00:00,14 days 00:00:00,336,11.75,-119.25,992.9,54.5
2026-07-03 12:00:00,8,28,2026-07-17 18:00:00,14 days 06:00:00,342,11.75,-120.62,992.4,55.2
2026-07-03 12:00:00,8,28,2026-07-18 00:00:00,14 days 12:00:00,348,11.75,-122.0,991.9,56.0
2026-07-03 12:00:00,8,28,2026-07-18 06:00:00,14 days 18:00:00,354,12.0,-122.87,989.5,59.3
2026-07-03 12:00:00,8,28,2026-07-18 12:00:00,15 days 00:00:00,360,12.25,-123.75,987.1,62.7
2026-07-03 12:00:00,3,29,2026-07-03 12:00:00,0 days 00:00:00,0,12.75,153.0,976.5,76.7
2026-07-03 12:00:00,3,29,2026-07-03 18:00:00,0 days 06:00:00,6,12.88,152.38,973.7,80.1
2026-07-03 12:00:00,3,29,2026-07-04 00:00:00,0 days 12:00:00,12,13.0,151.75,971.0,83.5
2026-07-03 12:00:00,3,29,2026-07-04 06:00:00,0 days 18:00:00,18,12.88,150.87,971.8,82.4
2026-07-03 12:00:00,3,29,2026-07-04 12:00:00,1 days 00:00:00,24,12.75,150.0,972.7,81.4
2026-07-03 12:00:00,3,29,2026-07-04 18:00:00,1 days 06:00:00,30,13.0,149.38,970.0,84.6
2026-07-03 12:00:00,3,29,2026-07-05 00:00:00,1 days 12:00:00,36,13.25,148.75,967.3,87.8
2026-07-03 12:00:00,3,29,2026-07-05 06:00:00,1 days 18:00:00,42,13.5,147.75,963.9,91.8
2026-07-03 12:00:00,3,29,2026-07-05 12:00:00,2 days 00:00:00,48,13.75,146.75,960.4,95.8
2026-07-03 12:00:00,3,29,2026-07-05 18:00:00,2 days 06:00:00,54,14.0,145.75,959.1,97.2
2026-07-03 12:00:00,3,29,2026-07-06 00:00:00,2 days 12:00:00,60,14.25,144.75,957.8,98.6
2026-07-03 12:00:00,3,29,2026-07-06 06:00:00,2 days 18:00:00,66,14.63,143.63,956.8,99.8
2026-07-03 12:00:00,3,29,2026-07-06 12:00:00,3 days 00:00:00,72,15.0,142.5,955.8,100.9
2026-07-03 12:00:00,3,29,2026-07-06 18:00:00,3 days 06:00:00,78,15.38,141.25,954.7,102.2
2026-07-03 12:00:00,3,29,2026-07-07 00:00:00,3 days 12:00:00,84,15.75,140.0,953.5,103.4
2026-07-03 12:00:00,3,29,2026-07-07 06:00:00,3 days 18:00:00,90,16.26,138.38,953.7,103.2
2026-07-03 12:00:00,3,29,2026-07-07 12:00:00,4 days 00:00:00,96,16.75,136.75,953.9,102.9
2026-07-03 12:00:00,3,29,2026-07-07 18:00:00,4 days 06:00:00,102,16.88,135.13,951.9,105.2
2026-07-03 12:00:00,3,29,2026-07-08 00:00:00,4 days 12:00:00,108,17.0,133.5,949.8,107.4
2026-07-03 12:00:00,3,29,2026-07-08 06:00:00,4 days 18:00:00,114,17.38,132.25,952.1,104.9
2026-07-03 12:00:00,3,29,2026-07-08 12:00:00,5 days 00:00:00,120,17.75,131.0,954.4,102.4
2026-07-03 12:00:00,3,29,2026-07-08 18:00:00,5 days 06:00:00,126,18.0,129.88,952.7,104.3
2026-07-03 12:00:00,3,29,2026-07-09 00:00:00,5 days 12:00:00,132,18.25,128.75,951.0,106.1
2026-07-03 12:00:00,3,29,2026-07-09 06:00:00,5 days 18:00:00,138,18.75,127.75,949.5,107.7
2026-07-03 12:00:00,3,29,2026-07-09 12:00:00,6 days 00:00:00,144,19.25,126.75,948.1,109.2
2026-07-03 12:00:00,3,29,2026-07-09 18:00:00,6 days 06:00:00,150,19.88,125.75,948.2,109.1
2026-07-03 12:00:00,3,29,2026-07-10 00:00:00,6 days 12:00:00,156,20.5,124.75,948.3,109.1
2026-07-03 12:00:00,3,29,2026-07-10 06:00:00,6 days 18:00:00,162,21.13,123.75,947.5,109.9
2026-07-03 12:00:00,3,29,2026-07-10 12:00:00,7 days 00:00:00,168,21.75,122.75,946.7,110.8
2026-07-03 12:00:00,3,29,2026-07-10 18:00:00,7 days 06:00:00,174,23.01,121.14,956.9,99.4
2026-07-03 12:00:00,3,29,2026-07-11 00:00:00,7 days 12:00:00,180,24.25,119.5,967.0,88.1
2026-07-03 12:00:00,3,29,2026-07-11 06:00:00,7 days 18:00:00,186,24.63,119.0,974.0,79.5
2026-07-03 12:00:00,3,29,2026-07-11 12:00:00,8 days 00:00:00,192,25.0,118.5,981.0,70.9
2026-07-03 12:00:00,3,29,2026-07-11 18:00:00,8 days 06:00:00,198,26.13,117.51,986.0,64.1
2026-07-03 12:00:00,3,29,2026-07-12 00:00:00,8 days 12:00:00,204,27.25,116.5,991.0,57.3
2026-07-03 12:00:00,4,29,2026-07-03 12:00:00,0 days 00:00:00,0,19.5,-128.5,1001.2,41.7
2026-07-03 12:00:00,5,29,2026-07-03 12:00:00,0 days 00:00:00,0,18.5,110.0,997.5,47.5
2026-07-03 12:00:00,5,29,2026-07-03 18:00:00,0 days 06:00:00,6,19.38,109.13,995.9,50.0
2026-07-03 12:00:00,5,29,2026-07-04 00:00:00,0 days 12:00:00,12,20.25,108.25,994.3,52.4
2026-07-03 12:00:00,5,29,2026-07-04 06:00:00,0 days 18:00:00,18,20.88,108.13,992.8,54.6
2026-07-03 12:00:00,5,29,2026-07-04 12:00:00,1 days 00:00:00,24,21.5,108.0,991.3,56.9
2026-07-03 12:00:00,5,29,2026-07-04 18:00:00,1 days 06:00:00,30,22.12,108.0,994.5,52.0
2026-07-03 12:00:00,5,29,2026-07-05 00:00:00,1 days 12:00:00,36,22.75,108.0,997.7,47.2
2026-07-03 12:00:00,5,29,2026-07-05 06:00:00,1 days 18:00:00,42,24.0,108.61,998.1,46.6
2026-07-03 12:00:00,5,29,2026-07-05 12:00:00,2 days 00:00:00,48,25.26,109.22,998.5,46.1
2026-07-03 12:00:00,5,29,2026-07-05 18:00:00,2 days 06:00:00,54,26.5,109.86,998.8,45.5
2026-07-03 12:00:00,5,29,2026-07-06 00:00:00,2 days 12:00:00,60,27.75,110.5,999.2,44.9
2026-07-03 12:00:00,5,29,2026-07-06 06:00:00,2 days 18:00:00,66,26.01,109.46,999.6,44.3
2026-07-03 12:00:00,5,29,2026-07-06 12:00:00,3 days 00:00:00,72,24.26,108.44,1000.0,43.6
2026-07-03 12:00:00,5,29,2026-07-06 18:00:00,3 days 06:00:00,78,22.51,107.46,1000.4,43.0
2026-07-03 12:00:00,5,29,2026-07-07 00:00:00,3 days 12:00:00,84,20.75,106.5,1000.8,42.4
2026-07-03 12:00:00,6,29,2026-07-04 00:00:00,0 days 12:00:00,12,20.5,87.25,993.0,54.4
2026-07-03 12:00:00,6,29,2026-07-04 06:00:00,0 days 18:00:00,18,20.5,87.25,992.3,55.4
2026-07-03 12:00:00,6,29,2026-07-04 12:00:00,1 days 00:00:00,24,20.5,87.25,991.6,56.4
2026-07-03 12:00:00,6,29,2026-07-04 18:00:00,1 days 06:00:00,30,20.88,87.37,990.9,57.4
2026-07-03 12:00:00,6,29,2026-07-05 00:00:00,1 days 12:00:00,36,21.25,87.5,990.2,58.4
2026-07-03 12:00:00,6,29,2026-07-05 06:00:00,1 days 18:00:00,42,21.13,86.87,989.8,59.0
2026-07-03 12:00:00,6,29,2026-07-05 12:00:00,2 days 00:00:00,48,21.0,86.25,989.4,59.6
2026-07-03 12:00:00,6,29,2026-07-05 18:00:00,2 days 06:00:00,54,21.75,86.62,990.9,57.5
2026-07-03 12:00:00,6,29,2026-07-06 00:00:00,2 days 12:00:00,60,22.5,87.0,992.4,55.3
2026-07-03 12:00:00,6,29,2026-07-06 06:00:00,2 days 18:00:00,66,23.5,85.88,992.3,55.4
2026-07-03 12:00:00,6,29,2026-07-06 12:00:00,3 days 00:00:00,72,24.5,84.75,992.2,55.5
2026-07-03 12:00:00,6,29,2026-07-06 18:00:00,3 days 06:00:00,78,24.26,83.12,992.7,54.8
2026-07-03 12:00:00,6,29,2026-07-07 00:00:00,3 days 12:00:00,84,24.0,81.5,993.2,54.2
2026-07-03 12:00:00,6,29,2026-07-07 06:00:00,3 days 18:00:00,90,24.5,81.75,992.5,55.2
2026-07-03 12:00:00,6,29,2026-07-07 12:00:00,4 days 00:00:00,96,25.0,82.0,991.8,56.2
2026-07-03 12:00:00,6,29,2026-07-07 18:00:00,4 days 06:00:00,102,25.25,81.38,992.8,54.8
2026-07-03 12:00:00,6,29,2026-07-08 00:00:00,4 days 12:00:00,108,25.5,80.75,993.7,53.4
2026-07-03 12:00:00,6,29,2026-07-08 06:00:00,4 days 18:00:00,114,28.81,84.63,992.3,55.4
2026-07-03 12:00:00,6,29,2026-07-08 12:00:00,5 days 00:00:00,120,32.0,88.75,990.9,57.4
2026-07-03 12:00:00,6,29,2026-07-08 18:00:00,5 days 06:00:00,126,32.0,88.31,991.7,56.2
2026-07-03 12:00:00,6,29,2026-07-09 00:00:00,5 days 12:00:00,132,32.0,87.87,992.6,55.0
2026-07-03 12:00:00,6,29,2026-07-09 06:00:00,5 days 18:00:00,138,32.0,87.44,993.4,53.8
2026-07-03 12:00:00,6,29,2026-07-09 12:00:00,6 days 00:00:00,144,32.0,87.0,994.3,52.5
2026-07-03 12:00:00,7,29,2026-07-11 12:00:00,8 days 00:00:00,192,11.25,147.0,1005.6,34.0
2026-07-03 12:00:00,7,29,2026-07-11 18:00:00,8 days 06:00:00,198,11.75,145.5,1005.6,33.9
2026-07-03 12:00:00,7,29,2026-07-12 00:00:00,8 days 12:00:00,204,12.25,144.0,1005.7,33.9
2026-07-03 12:00:00,7,29,2026-07-12 06:00:00,8 days 18:00:00,210,13.0,143.63,1004.9,35.2
2026-07-03 12:00:00,7,29,2026-07-12 12:00:00,9 days 00:00:00,216,13.75,143.25,1004.2,36.5
2026-07-03 12:00:00,7,29,2026-07-12 18:00:00,9 days 06:00:00,222,14.5,142.75,1004.0,36.8
2026-07-03 12:00:00,7,29,2026-07-13 00:00:00,9 days 12:00:00,228,15.25,142.25,1003.9,37.1
2026-07-03 12:00:00,7,29,2026-07-13 06:00:00,9 days 18:00:00,234,16.5,141.75,1003.6,37.5
2026-07-03 12:00:00,7,29,2026-07-13 12:00:00,10 days 00:00:00,240,17.75,141.25,1003.4,37.9
2026-07-03 12:00:00,7,29,2026-07-13 18:00:00,10 days 06:00:00,246,17.5,140.37,1002.4,39.6
2026-07-03 12:00:00,7,29,2026-07-14 00:00:00,10 days 12:00:00,252,17.25,139.5,1001.4,41.4
2026-07-03 12:00:00,7,29,2026-07-14 06:00:00,10 days 18:00:00,258,18.12,139.5,1000.4,42.9
2026-07-03 12:00:00,7,29,2026-07-14 12:00:00,11 days 00:00:00,264,19.0,139.5,999.5,44.5
2026-07-03 12:00:00,7,29,2026-07-14 18:00:00,11 days 06:00:00,270,19.0,139.5,999.6,44.4
2026-07-03 12:00:00,7,29,2026-07-15 00:00:00,11 days 12:00:00,276,19.0,139.5,999.7,44.2
2026-07-03 12:00:00,7,29,2026-07-15 06:00:00,11 days 18:00:00,282,19.38,140.37,999.4,44.6
2026-07-03 12:00:00,7,29,2026-07-15 12:00:00,12 days 00:00:00,288,19.75,141.25,999.2,45.0
2026-07-03 12:00:00,7,29,2026-07-15 18:00:00,12 days 06:00:00,294,19.63,141.75,998.8,45.5
2026-07-03 12:00:00,7,29,2026-07-16 00:00:00,12 days 12:00:00,300,19.5,142.25,998.5,46.1
2026-07-03 12:00:00,7,29,2026-07-16 06:00:00,12 days 18:00:00,306,20.26,143.74,997.8,47.1
2026-07-03 12:00:00,7,29,2026-07-16 12:00:00,13 days 00:00:00,312,21.0,145.25,997.2,48.1
2026-07-03 12:00:00,7,29,2026-07-16 18:00:00,13 days 06:00:00,318,21.0,145.38,996.3,49.4
2026-07-03 12:00:00,7,29,2026-07-17 00:00:00,13 days 12:00:00,324,21.0,145.5,995.5,50.7
2026-07-03 12:00:00,7,29,2026-07-17 06:00:00,13 days 18:00:00,330,21.25,146.12,995.4,50.9
2026-07-03 12:00:00,7,29,2026-07-17 12:00:00,14 days 00:00:00,336,21.5,146.75,995.3,51.0
2026-07-03 12:00:00,7,29,2026-07-17 18:00:00,14 days 06:00:00,342,22.0,146.63,994.2,52.7
2026-07-03 12:00:00,7,29,2026-07-18 00:00:00,14 days 12:00:00,348,22.5,146.5,993.0,54.3
2026-07-03 12:00:00,7,29,2026-07-18 06:00:00,14 days 18:00:00,354,23.5,146.5,992.3,55.4
2026-07-03 12:00:00,7,29,2026-07-18 12:00:00,15 days 00:00:00,360,24.5,146.5,991.6,56.5
2026-07-03 12:00:00,8,29,2026-07-12 00:00:00,8 days 12:00:00,204,26.25,84.0,994.3,52.6
2026-07-03 12:00:00,8,29,2026-07-12 06:00:00,8 days 18:00:00,210,25.4,85.66,994.8,51.7
2026-07-03 12:00:00,8,29,2026-07-12 12:00:00,9 days 00:00:00,216,24.53,87.3,995.4,50.8
2026-07-03 12:00:00,8,29,2026-07-12 18:00:00,9 days 06:00:00,222,23.65,88.91,996.0,50.0
2026-07-03 12:00:00,8,29,2026-07-13 00:00:00,9 days 12:00:00,228,22.75,90.5,996.5,49.1
2026-07-03 12:00:00,8,29,2026-07-13 06:00:00,9 days 18:00:00,234,22.75,90.25,995.3,51.0
2026-07-03 12:00:00,8,29,2026-07-13 12:00:00,10 days 00:00:00,240,22.75,90.0,994.0,52.9
2026-07-03 12:00:00,8,29,2026-07-13 18:00:00,10 days 06:00:00,246,21.88,90.25,993.3,53.9
2026-07-03 12:00:00,8,29,2026-07-14 00:00:00,10 days 12:00:00,252,21.0,90.5,992.7,54.9
2026-07-03 12:00:00,8,29,2026-07-14 06:00:00,10 days 18:00:00,258,21.38,90.25,990.9,57.4
2026-07-03 12:00:00,8,29,2026-07-14 12:00:00,11 days 00:00:00,264,21.75,90.0,989.1,60.0
2026-07-03 12:00:00,8,29,2026-07-14 18:00:00,11 days 06:00:00,270,21.63,89.25,988.3,61.1
2026-07-03 12:00:00,8,29,2026-07-15 00:00:00,11 days 12:00:00,276,21.5,88.5,987.5,62.2
2026-07-03 12:00:00,8,29,2026-07-15 06:00:00,11 days 18:00:00,282,21.5,88.12,987.1,62.8
2026-07-03 12:00:00,8,29,2026-07-15 12:00:00,12 days 00:00:00,288,21.5,87.75,986.7,63.3
2026-07-03 12:00:00,8,29,2026-07-15 18:00:00,12 days 06:00:00,294,24.18,88.22,989.6,59.1
2026-07-03 12:00:00,8,29,2026-07-16 00:00:00,12 days 12:00:00,300,26.88,88.7,992.5,54.9
2026-07-03 12:00:00,8,29,2026-07-16 06:00:00,12 days 18:00:00,306,29.57,89.21,995.4,50.6
2026-07-03 12:00:00,8,29,2026-07-16 12:00:00,13 days 00:00:00,312,32.25,89.75,998.3,46.4
2026-07-03 12:00:00,3,3,2026-07-03 12:00:00,0 days 00:00:00,0,12.75,153.0,976.5,76.7
2026-07-03 12:00:00,3,3,2026-07-03 18:00:00,0 days 06:00:00,6,12.75,152.25,975.7,77.6
2026-07-03 12:00:00,3,3,2026-07-04 00:00:00,0 days 12:00:00,12,12.75,151.5,974.9,78.6
2026-07-03 12:00:00,3,3,2026-07-04 06:00:00,0 days 18:00:00,18,12.75,151.0,974.4,79.2
2026-07-03 12:00:00,3,3,2026-07-04 12:00:00,1 days 00:00:00,24,12.75,150.5,973.9,79.9
2026-07-03 12:00:00,3,3,2026-07-04 18:00:00,1 days 06:00:00,30,12.88,149.63,972.2,81.9
2026-07-03 12:00:00,3,3,2026-07-05 00:00:00,1 days 12:00:00,36,13.0,148.75,970.6,83.9
2026-07-03 12:00:00,3,3,2026-07-05 06:00:00,1 days 18:00:00,42,13.13,147.88,971.0,83.4
2026-07-03 12:00:00,3,3,2026-07-05 12:00:00,2 days 00:00:00,48,13.25,147.0,971.5,82.8
2026-07-03 12:00:00,3,3,2026-07-05 18:00:00,2 days 06:00:00,54,13.5,146.0,967.2,87.9
2026-07-03 12:00:00,3,3,2026-07-06 00:00:00,2 days 12:00:00,60,13.75,145.0,962.8,93.1
2026-07-03 12:00:00,3,3,2026-07-06 06:00:00,2 days 18:00:00,66,14.13,144.0,960.6,95.5
2026-07-03 12:00:00,3,3,2026-07-06 12:00:00,3 days 00:00:00,72,14.5,143.0,958.5,97.9
2026-07-03 12:00:00,3,3,2026-07-06 18:00:00,3 days 06:00:00,78,14.75,141.75,956.1,100.5
2026-07-03 12:00:00,3,3,2026-07-07 00:00:00,3 days 12:00:00,84,15.0,140.5,953.8,103.1
2026-07-03 12:00:00,3,3,2026-07-07 06:00:00,3 days 18:00:00,90,15.38,139.0,951.5,105.6
2026-07-03 12:00:00,3,3,2026-07-07 12:00:00,4 days 00:00:00,96,15.75,137.5,949.3,108.0
2026-07-03 12:00:00,3,3,2026-07-07 18:00:00,4 days 06:00:00,102,16.0,136.25,948.8,108.5
2026-07-03 12:00:00,3,3,2026-07-08 00:00:00,4 days 12:00:00,108,16.25,135.0,948.4,108.9
2026-07-03 12:00:00,3,3,2026-07-08 06:00:00,4 days 18:00:00,114,16.63,133.88,948.4,108.9
2026-07-03 12:00:00,3,3,2026-07-08 12:00:00,5 days 00:00:00,120,17.0,132.75,948.4,109.0
2026-07-03 12:00:00,3,3,2026-07-08 18:00:00,5 days 06:00:00,126,17.5,132.0,946.7,110.7
2026-07-03 12:00:00,3,3,2026-07-09 00:00:00,5 days 12:00:00,132,18.0,131.25,945.1,112.4
2026-07-03 12:00:00,3,3,2026-07-09 06:00:00,5 days 18:00:00,138,18.63,130.25,945.3,112.2
2026-07-03 12:00:00,3,3,2026-07-09 12:00:00,6 days 00:00:00,144,19.25,129.25,945.5,112.0
2026-07-03 12:00:00,3,3,2026-07-09 18:00:00,6 days 06:00:00,150,20.13,128.26,946.0,111.5
2026-07-03 12:00:00,3,3,2026-07-10 00:00:00,6 days 12:00:00,156,21.0,127.25,946.4,111.0
2026-07-03 12:00:00,3,3,2026-07-10 06:00:00,6 days 18:00:00,162,21.88,126.38,945.2,112.3
2026-07-03 12:00:00,3,3,2026-07-10 12:00:00,7 days 00:00:00,168,22.75,125.5,943.9,113.6
2026-07-03 12:00:00,3,3,2026-07-10 18:00:00,7 days 06:00:00,174,24.0,124.76,947.1,110.3
2026-07-03 12:00:00,3,3,2026-07-11 00:00:00,7 days 12:00:00,180,25.25,124.0,950.2,107.0
2026-07-03 12:00:00,3,3,2026-07-11 06:00:00,7 days 18:00:00,186,26.38,123.01,955.1,101.6
2026-07-03 12:00:00,3,3,2026-07-11 12:00:00,8 days 00:00:00,192,27.5,122.0,960.0,96.2
2026-07-03 12:00:00,3,3,2026-07-11 18:00:00,8 days 06:00:00,198,28.88,121.26,969.7,84.6
2026-07-03 12:00:00,3,3,2026-07-12 00:00:00,8 days 12:00:00,204,30.25,120.5,979.4,73.0
2026-07-03 12:00:00,3,3,2026-07-12 06:00:00,8 days 18:00:00,210,30.88,119.63,982.1,69.4
2026-07-03 12:00:00,3,3,2026-07-12 12:00:00,9 days 00:00:00,216,31.5,118.75,984.9,65.8
2026-07-03 12:00:00,3,3,2026-07-12 18:00:00,9 days 06:00:00,222,32.38,118.75,987.1,62.8
2026-07-03 12:00:00,3,3,2026-07-13 00:00:00,9 days 12:00:00,228,33.25,118.75,989.2,59.8
2026-07-03 12:00:00,3,3,2026-07-13 06:00:00,9 days 18:00:00,234,33.38,119.62,990.4,58.2
2026-07-03 12:00:00,3,3,2026-07-13 12:00:00,10 days 00:00:00,240,33.5,120.5,991.5,56.6
2026-07-03 12:00:00,3,3,2026-07-13 18:00:00,10 days 06:00:00,246,34.5,121.36,991.2,57.0
2026-07-03 12:00:00,3,3,2026-07-14 00:00:00,10 days 12:00:00,252,35.5,122.25,990.9,57.5
2026-07-03 12:00:00,3,3,2026-07-14 06:00:00,10 days 18:00:00,258,36.51,123.85,990.3,58.4
2026-07-03 12:00:00,3,3,2026-07-14 12:00:00,11 days 00:00:00,264,37.5,125.5,989.6,59.3
2026-07-03 12:00:00,4,3,2026-07-03 12:00:00,0 days 00:00:00,0,19.5,-128.5,1001.2,41.7
2026-07-03 12:00:00,4,3,2026-07-03 18:00:00,0 days 06:00:00,6,20.38,-128.38,1001.7,40.9
2026-07-03 12:00:00,4,3,2026-07-04 00:00:00,0 days 12:00:00,12,21.25,-128.25,1002.1,40.1
2026-07-03 12:00:00,4,3,2026-07-04 06:00:00,0 days 18:00:00,18,21.88,-128.5,1003.4,37.9
2026-07-03 12:00:00,4,3,2026-07-04 12:00:00,1 days 00:00:00,24,22.5,-128.75,1004.6,35.8
2026-07-03 12:00:00,5,3,2026-07-03 12:00:00,0 days 00:00:00,0,18.5,110.0,997.5,47.5
2026-07-03 12:00:00,5,3,2026-07-03 18:00:00,0 days 06:00:00,6,19.5,109.13,998.0,46.7
2026-07-03 12:00:00,5,3,2026-07-04 00:00:00,0 days 12:00:00,12,20.5,108.25,998.6,46.0
2026-07-03 12:00:00,5,3,2026-07-04 06:00:00,0 days 18:00:00,18,20.88,108.13,996.9,48.5
2026-07-03 12:00:00,5,3,2026-07-04 12:00:00,1 days 00:00:00,24,21.25,108.0,995.2,51.1
2026-07-03 12:00:00,5,3,2026-07-04 18:00:00,1 days 06:00:00,30,21.88,108.0,997.4,47.7
2026-07-03 12:00:00,5,3,2026-07-05 00:00:00,1 days 12:00:00,36,22.5,108.0,999.6,44.3
2026-07-03 12:00:00,6,3,2026-07-04 00:00:00,0 days 12:00:00,12,21.0,87.0,994.5,52.2
2026-07-03 12:00:00,6,3,2026-07-04 06:00:00,0 days 18:00:00,18,20.38,85.87,992.8,54.6
2026-07-03 12:00:00,6,3,2026-07-04 12:00:00,1 days 00:00:00,24,19.75,84.75,991.1,57.1
2026-07-03 12:00:00,6,3,2026-07-04 18:00:00,1 days 06:00:00,30,20.25,85.75,991.0,57.3
2026-07-03 12:00:00,6,3,2026-07-05 00:00:00,1 days 12:00:00,36,20.75,86.75,990.9,57.4
2026-07-03 12:00:00,6,3,2026-07-05 06:00:00,1 days 18:00:00,42,20.88,86.63,991.3,56.9
2026-07-03 12:00:00,6,3,2026-07-05 12:00:00,2 days 00:00:00,48,21.0,86.5,991.6,56.4
2026-07-03 12:00:00,6,3,2026-07-05 18:00:00,2 days 06:00:00,54,21.75,86.5,991.9,56.0
2026-07-03 12:00:00,6,3,2026-07-06 00:00:00,2 days 12:00:00,60,22.5,86.5,992.3,55.5
2026-07-03 12:00:00,6,3,2026-07-06 06:00:00,2 days 18:00:00,66,23.38,85.26,991.9,56.0
2026-07-03 12:00:00,6,3,2026-07-06 12:00:00,3 days 00:00:00,72,24.25,84.0,991.5,56.6
2026-07-03 12:00:00,6,3,2026-07-06 18:00:00,3 days 06:00:00,78,24.25,83.75,992.2,55.6
2026-07-03 12:00:00,6,3,2026-07-07 00:00:00,3 days 12:00:00,84,24.25,83.5,992.9,54.6
2026-07-03 12:00:00,6,3,2026-07-07 06:00:00,3 days 18:00:00,90,25.01,82.26,992.6,55.0
2026-07-03 12:00:00,6,3,2026-07-07 12:00:00,4 days 00:00:00,96,25.75,81.0,992.4,55.3
2026-07-03 12:00:00,6,3,2026-07-07 18:00:00,4 days 06:00:00,102,26.0,80.13,992.5,55.1
2026-07-03 12:00:00,6,3,2026-07-08 00:00:00,4 days 12:00:00,108,26.25,79.25,992.7,54.9
2026-07-03 12:00:00,6,3,2026-07-08 06:00:00,4 days 18:00:00,114,27.0,79.13,992.9,54.6
2026-07-03 12:00:00,6,3,2026-07-08 12:00:00,5 days 00:00:00,120,27.75,79.0,993.0,54.3
2026-07-03 12:00:00,6,3,2026-07-08 18:00:00,5 days 06:00:00,126,28.63,78.01,994.0,52.9
2026-07-03 12:00:00,6,3,2026-07-09 00:00:00,5 days 12:00:00,132,29.5,77.0,995.0,51.5
2026-07-03 12:00:00,6,3,2026-07-09 06:00:00,5 days 18:00:00,138,30.84,81.69,992.8,54.7
2026-07-03 12:00:00,6,3,2026-07-09 12:00:00,6 days 00:00:00,144,32.0,86.5,990.6,57.9
2026-07-03 12:00:00,6,3,2026-07-09 18:00:00,6 days 06:00:00,150,32.0,86.44,990.5,58.0
2026-07-03 12:00:00,6,3,2026-07-10 00:00:00,6 days 12:00:00,156,32.0,86.38,990.4,58.2
2026-07-03 12:00:00,6,3,2026-07-10 06:00:00,6 days 18:00:00,162,32.0,86.31,990.3,58.3
2026-07-03 12:00:00,6,3,2026-07-10 12:00:00,7 days 00:00:00,168,32.0,86.25,990.2,58.4
2026-07-03 12:00:00,7,3,2026-07-06 00:00:00,2 days 12:00:00,60,19.5,72.0,992.2,55.6
2026-07-03 12:00:00,7,3,2026-07-06 06:00:00,2 days 18:00:00,66,19.88,72.12,991.7,56.2
2026-07-03 12:00:00,7,3,2026-07-06 12:00:00,3 days 00:00:00,72,20.25,72.25,991.3,56.9
2026-07-03 12:00:00,7,3,2026-07-06 18:00:00,3 days 06:00:00,78,20.13,71.62,990.9,57.5
2026-07-03 12:00:00,7,3,2026-07-07 00:00:00,3 days 12:00:00,84,20.0,71.0,990.4,58.1
2026-07-03 12:00:00,7,3,2026-07-07 06:00:00,3 days 18:00:00,90,20.5,72.0,990.4,58.1
2026-07-03 12:00:00,7,3,2026-07-07 12:00:00,4 days 00:00:00,96,21.0,73.0,990.4,58.1
2026-07-03 12:00:00,7,3,2026-07-07 18:00:00,4 days 06:00:00,102,21.13,71.75,990.1,58.5
2026-07-03 12:00:00,7,3,2026-07-08 00:00:00,4 days 12:00:00,108,21.25,70.5,989.8,59.0
2026-07-03 12:00:00,7,3,2026-07-08 06:00:00,4 days 18:00:00,114,21.88,71.87,991.3,56.9
2026-07-03 12:00:00,7,3,2026-07-08 12:00:00,5 days 00:00:00,120,22.5,73.25,992.7,54.9
2026-07-03 12:00:00,7,3,2026-07-08 18:00:00,5 days 06:00:00,126,22.75,73.25,994.0,52.9
2026-07-03 12:00:00,7,3,2026-07-09 00:00:00,5 days 12:00:00,132,23.0,73.25,995.4,50.8
2026-07-03 12:00:00,8,3,2026-07-10 12:00:00,7 days 00:00:00,168,30.75,70.75,993.7,53.3
2026-07-03 12:00:00,8,3,2026-07-10 18:00:00,7 days 06:00:00,174,30.26,69.99,992.2,55.5
2026-07-03 12:00:00,8,3,2026-07-11 00:00:00,7 days 12:00:00,180,29.76,69.24,990.6,57.7
2026-07-03 12:00:00,8,3,2026-07-11 06:00:00,7 days 18:00:00,186,29.26,68.49,989.1,59.9
2026-07-03 12:00:00,8,3,2026-07-11 12:00:00,8 days 00:00:00,192,28.75,67.75,987.6,62.1
2026-07-03 12:00:00,8,3,2026-07-11 18:00:00,8 days 06:00:00,198,28.38,67.75,987.1,62.7
2026-07-03 12:00:00,8,3,2026-07-12 00:00:00,8 days 12:00:00,204,28.0,67.75,986.7,63.3
2026-07-03 12:00:00,8,3,2026-07-12 06:00:00,8 days 18:00:00,210,27.75,67.69,987.5,62.2
2026-07-03 12:00:00,8,3,2026-07-12 12:00:00,9 days 00:00:00,216,27.5,67.62,988.3,61.2
2026-07-03 12:00:00,8,3,2026-07-12 18:00:00,9 days 06:00:00,222,27.25,67.56,989.0,60.1
2026-07-03 12:00:00,8,3,2026-07-13 00:00:00,9 days 12:00:00,228,27.0,67.5,989.8,59.0
2026-07-03 12:00:00,8,3,2026-07-13 06:00:00,9 days 18:00:00,234,27.76,65.64,990.5,58.0
2026-07-03 12:00:00,8,3,2026-07-13 12:00:00,10 days 00:00:00,240,28.5,63.75,991.2,57.1
2026-07-03 12:00:00,8,3,2026-07-13 18:00:00,10 days 06:00:00,246,29.31,63.51,991.4,56.7
2026-07-03 12:00:00,8,3,2026-07-14 00:00:00,10 days 12:00:00,252,30.13,63.26,991.6,56.4
2026-07-03 12:00:00,8,3,2026-07-14 06:00:00,10 days 18:00:00,258,30.94,63.01,991.8,56.1
2026-07-03 12:00:00,8,3,2026-07-14 12:00:00,11 days 00:00:00,264,31.75,62.75,992.1,55.8
2026-07-03 12:00:00,8,3,2026-07-14 18:00:00,11 days 06:00:00,270,31.75,62.62,993.0,54.4
2026-07-03 12:00:00,8,3,2026-07-15 00:00:00,11 days 12:00:00,276,31.75,62.5,994.0,53.0
2026-07-03 12:00:00,8,3,2026-07-15 06:00:00,11 days 18:00:00,282,33.12,57.08,994.4,52.3
2026-07-03 12:00:00,8,3,2026-07-15 12:00:00,12 days 00:00:00,288,34.25,51.5,994.9,51.6
2026-07-03 12:00:00,9,3,2026-07-14 00:00:00,10 days 12:00:00,252,20.5,143.5,1005.8,33.7
2026-07-03 12:00:00,9,3,2026-07-14 06:00:00,10 days 18:00:00,258,21.13,144.5,1005.2,34.8
2026-07-03 12:00:00,9,3,2026-07-14 12:00:00,11 days 00:00:00,264,21.75,145.5,1004.5,35.9
2026-07-03 12:00:00,9,3,2026-07-14 18:00:00,11 days 06:00:00,270,22.13,145.87,1004.0,36.9
2026-07-03 12:00:00,9,3,2026-07-15 00:00:00,11 days 12:00:00,276,22.5,146.25,1003.5,37.8
2026-07-03 12:00:00,9,3,2026-07-15 06:00:00,11 days 18:00:00,282,22.75,146.75,1003.0,38.5
2026-07-03 12:00:00,9,3,2026-07-15 12:00:00,12 days 00:00:00,288,23.0,147.25,1002.6,39.3
2026-07-03 12:00:00,9,3,2026-07-15 18:00:00,12 days 06:00:00,294,23.13,147.62,1001.7,40.9
2026-07-03 12:00:00,9,3,2026-07-16 00:00:00,12 days 12:00:00,300,23.25,148.0,1000.7,42.5
2026-07-03 12:00:00,9,3,2026-07-16 06:00:00,12 days 18:00:00,306,23.63,148.62,1000.6,42.6
2026-07-03 12:00:00,9,3,2026-07-16 12:00:00,13 days 00:00:00,312,24.0,149.25,1000.5,42.8
2026-07-03 12:00:00,9,3,2026-07-16 18:00:00,13 days 06:00:00,318,24.38,149.62,997.4,47.6
2026-07-03 12:00:00,9,3,2026-07-17 00:00:00,13 days 12:00:00,324,24.75,150.0,994.4,52.4
2026-07-03 12:00:00,9,3,2026-07-17 06:00:00,13 days 18:00:00,330,25.13,150.12,993.0,54.5
2026-07-03 12:00:00,9,3,2026-07-17 12:00:00,14 days 00:00:00,336,25.5,150.25,991.5,56.5
2026-07-03 12:00:00,9,3,2026-07-17 18:00:00,14 days 06:00:00,342,26.0,150.37,988.7,60.5
2026-07-03 12:00:00,9,3,2026-07-18 00:00:00,14 days 12:00:00,348,26.5,150.5,985.8,64.6
2026-07-03 12:00:00,9,3,2026-07-18 06:00:00,14 days 18:00:00,354,27.5,150.87,983.4,67.8
2026-07-03 12:00:00,9,3,2026-07-18 12:00:00,15 days 00:00:00,360,28.5,151.25,980.9,71.0
2026-07-03 12:00:00,3,30,2026-07-03 12:00:00,0 days 00:00:00,0,12.75,153.0,976.5,76.7
2026-07-03 12:00:00,3,30,2026-07-03 18:00:00,0 days 06:00:00,6,12.75,152.38,974.0,79.8
2026-07-03 12:00:00,3,30,2026-07-04 00:00:00,0 days 12:00:00,12,12.75,151.75,971.5,82.8
2026-07-03 12:00:00,3,30,2026-07-04 06:00:00,0 days 18:00:00,18,12.75,151.12,970.2,84.3
2026-07-03 12:00:00,3,30,2026-07-04 12:00:00,1 days 00:00:00,24,12.75,150.5,969.0,85.8
2026-07-03 12:00:00,3,30,2026-07-04 18:00:00,1 days 06:00:00,30,12.88,149.63,967.5,87.6
2026-07-03 12:00:00,3,30,2026-07-05 00:00:00,1 days 12:00:00,36,13.0,148.75,966.0,89.3
2026-07-03 12:00:00,3,30,2026-07-05 06:00:00,1 days 18:00:00,42,13.38,147.88,965.6,89.8
2026-07-03 12:00:00,3,30,2026-07-05 12:00:00,2 days 00:00:00,48,13.75,147.0,965.3,90.2
2026-07-03 12:00:00,3,30,2026-07-05 18:00:00,2 days 06:00:00,54,13.88,146.25,962.7,93.1
2026-07-03 12:00:00,3,30,2026-07-06 00:00:00,2 days 12:00:00,60,14.0,145.5,960.2,96.0
2026-07-03 12:00:00,3,30,2026-07-06 06:00:00,2 days 18:00:00,66,14.63,144.5,959.8,96.4
2026-07-03 12:00:00,3,30,2026-07-06 12:00:00,3 days 00:00:00,72,15.25,143.5,959.5,96.8
2026-07-03 12:00:00,3,30,2026-07-06 18:00:00,3 days 06:00:00,78,15.75,142.13,956.0,100.6
2026-07-03 12:00:00,3,30,2026-07-07 00:00:00,3 days 12:00:00,84,16.25,140.75,952.6,104.5
2026-07-03 12:00:00,3,30,2026-07-07 06:00:00,3 days 18:00:00,90,16.63,139.5,951.9,105.2
2026-07-03 12:00:00,3,30,2026-07-07 12:00:00,4 days 00:00:00,96,17.0,138.25,951.2,105.9
2026-07-03 12:00:00,3,30,2026-07-07 18:00:00,4 days 06:00:00,102,17.26,136.5,950.0,107.2
2026-07-03 12:00:00,3,30,2026-07-08 00:00:00,4 days 12:00:00,108,17.5,134.75,948.8,108.5
2026-07-03 12:00:00,3,30,2026-07-08 06:00:00,4 days 18:00:00,114,18.0,133.75,948.5,108.8
2026-07-03 12:00:00,3,30,2026-07-08 12:00:00,5 days 00:00:00,120,18.5,132.75,948.2,109.1
2026-07-03 12:00:00,3,30,2026-07-08 18:00:00,5 days 06:00:00,126,18.75,131.5,946.2,111.2
2026-07-03 12:00:00,3,30,2026-07-09 00:00:00,5 days 12:00:00,132,19.0,130.25,944.2,113.3
2026-07-03 12:00:00,3,30,2026-07-09 06:00:00,5 days 18:00:00,138,19.63,129.38,947.1,110.3
2026-07-03 12:00:00,3,30,2026-07-09 12:00:00,6 days 00:00:00,144,20.25,128.5,949.9,107.3
2026-07-03 12:00:00,3,30,2026-07-09 18:00:00,6 days 06:00:00,150,21.0,127.63,951.9,105.2
2026-07-03 12:00:00,3,30,2026-07-10 00:00:00,6 days 12:00:00,156,21.75,126.75,953.8,103.1
2026-07-03 12:00:00,3,30,2026-07-10 06:00:00,6 days 18:00:00,162,22.75,126.13,955.3,101.5
2026-07-03 12:00:00,3,30,2026-07-10 12:00:00,7 days 00:00:00,168,23.75,125.5,956.7,99.9
2026-07-03 12:00:00,3,30,2026-07-10 18:00:00,7 days 06:00:00,174,24.88,124.88,959.0,97.3
2026-07-03 12:00:00,3,30,2026-07-11 00:00:00,7 days 12:00:00,180,26.0,124.25,961.3,94.7
2026-07-03 12:00:00,3,30,2026-07-11 06:00:00,7 days 18:00:00,186,27.13,123.63,964.1,91.5
2026-07-03 12:00:00,3,30,2026-07-11 12:00:00,8 days 00:00:00,192,28.25,123.0,966.8,88.4
2026-07-03 12:00:00,3,30,2026-07-11 18:00:00,8 days 06:00:00,198,29.5,122.38,970.3,84.2
2026-07-03 12:00:00,3,30,2026-07-12 00:00:00,8 days 12:00:00,204,30.75,121.75,973.8,80.1
2026-07-03 12:00:00,3,30,2026-07-12 06:00:00,8 days 18:00:00,210,31.63,121.87,977.8,74.9
2026-07-03 12:00:00,3,30,2026-07-12 12:00:00,9 days 00:00:00,216,32.5,122.0,981.9,69.8
2026-07-03 12:00:00,3,30,2026-07-12 18:00:00,9 days 06:00:00,222,33.25,122.87,983.4,67.7
2026-07-03 12:00:00,3,30,2026-07-13 00:00:00,9 days 12:00:00,228,34.0,123.75,984.9,65.7
2026-07-03 12:00:00,3,30,2026-07-13 06:00:00,9 days 18:00:00,234,34.38,124.75,986.1,64.1
2026-07-03 12:00:00,3,30,2026-07-13 12:00:00,10 days 00:00:00,240,34.75,125.75,987.3,62.6
2026-07-03 12:00:00,4,30,2026-07-03 12:00:00,0 days 00:00:00,0,19.5,-128.5,1001.2,41.7
2026-07-03 12:00:00,5,30,2026-07-03 12:00:00,0 days 00:00:00,0,18.5,110.0,997.5,47.5
2026-07-03 12:00:00,5,30,2026-07-03 18:00:00,0 days 06:00:00,6,19.38,109.01,996.2,49.6
2026-07-03 12:00:00,5,30,2026-07-04 00:00:00,0 days 12:00:00,12,20.25,108.0,994.8,51.7
2026-07-03 12:00:00,5,30,2026-07-04 06:00:00,0 days 18:00:00,18,20.63,107.75,996.0,50.0
2026-07-03 12:00:00,5,30,2026-07-04 12:00:00,1 days 00:00:00,24,21.0,107.5,997.1,48.2
2026-07-03 12:00:00,5,30,2026-07-04 18:00:00,1 days 06:00:00,30,21.75,107.62,998.1,46.6
2026-07-03 12:00:00,5,30,2026-07-05 00:00:00,1 days 12:00:00,36,22.5,107.75,999.1,45.1
2026-07-03 12:00:00,6,30,2026-07-04 00:00:00,0 days 12:00:00,12,20.5,87.25,994.6,52.1
2026-07-03 12:00:00,6,30,2026-07-04 06:00:00,0 days 18:00:00,18,20.5,87.75,992.8,54.6
2026-07-03 12:00:00,6,30,2026-07-04 12:00:00,1 days 00:00:00,24,20.5,88.25,991.1,57.1
2026-07-03 12:00:00,6,30,2026-07-04 18:00:00,1 days 06:00:00,30,20.75,87.88,990.8,57.6
2026-07-03 12:00:00,6,30,2026-07-05 00:00:00,1 days 12:00:00,36,21.0,87.5,990.5,58.1
2026-07-03 12:00:00,6,30,2026-07-05 06:00:00,1 days 18:00:00,42,21.13,87.0,990.3,58.3
2026-07-03 12:00:00,6,30,2026-07-05 12:00:00,2 days 00:00:00,48,21.25,86.5,990.1,58.6
2026-07-03 12:00:00,6,30,2026-07-05 18:00:00,2 days 06:00:00,54,20.88,86.25,991.2,57.0
2026-07-03 12:00:00,6,30,2026-07-06 00:00:00,2 days 12:00:00,60,20.5,86.0,992.4,55.3
2026-07-03 12:00:00,6,30,2026-07-06 06:00:00,2 days 18:00:00,66,21.5,85.13,993.3,53.9
2026-07-03 12:00:00,6,30,2026-07-06 12:00:00,3 days 00:00:00,72,22.5,84.25,994.3,52.5
2026-07-03 12:00:00,6,30,2026-07-06 18:00:00,3 days 06:00:00,78,23.25,84.13,994.0,52.9
2026-07-03 12:00:00,6,30,2026-07-07 00:00:00,3 days 12:00:00,84,24.0,84.0,993.7,53.4
2026-07-03 12:00:00,6,30,2026-07-07 06:00:00,3 days 18:00:00,90,24.63,83.5,993.3,53.9
2026-07-03 12:00:00,6,30,2026-07-07 12:00:00,4 days 00:00:00,96,25.25,83.0,993.0,54.4
2026-07-03 12:00:00,6,30,2026-07-07 18:00:00,4 days 06:00:00,102,25.75,82.0,993.9,53.1
2026-07-03 12:00:00,6,30,2026-07-08 00:00:00,4 days 12:00:00,108,26.25,81.0,994.7,51.8
2026-07-03 12:00:00,6,30,2026-07-08 06:00:00,4 days 18:00:00,114,26.38,80.5,993.9,53.0
2026-07-03 12:00:00,6,30,2026-07-08 12:00:00,5 days 00:00:00,120,26.5,80.0,993.2,54.2
2026-07-03 12:00:00,6,30,2026-07-08 18:00:00,5 days 06:00:00,126,27.13,79.5,994.1,52.7
2026-07-03 12:00:00,6,30,2026-07-09 00:00:00,5 days 12:00:00,132,27.75,79.0,995.1,51.2
2026-07-03 12:00:00,6,30,2026-07-09 06:00:00,5 days 18:00:00,138,28.6,84.09,992.8,54.7
2026-07-03 12:00:00,6,30,2026-07-09 12:00:00,6 days 00:00:00,144,29.25,89.25,990.4,58.2
2026-07-03 12:00:00,6,30,2026-07-09 18:00:00,6 days 06:00:00,150,29.08,84.61,993.0,54.4
2026-07-03 12:00:00,6,30,2026-07-10 00:00:00,6 days 12:00:00,156,28.75,80.0,995.5,50.6
2026-07-03 12:00:00,7,30,2026-07-15 00:00:00,11 days 12:00:00,276,16.25,-108.0,1000.9,42.2
2026-07-03 12:00:00,7,30,2026-07-15 06:00:00,11 days 18:00:00,282,17.0,-109.12,1000.3,43.1
2026-07-03 12:00:00,7,30,2026-07-15 12:00:00,12 days 00:00:00,288,17.75,-110.25,999.7,44.1
2026-07-03 12:00:00,7,30,2026-07-15 18:00:00,12 days 06:00:00,294,18.01,-111.75,998.0,46.8
2026-07-03 12:00:00,7,30,2026-07-16 00:00:00,12 days 12:00:00,300,18.25,-113.25,996.3,49.4
2026-07-03 12:00:00,7,30,2026-07-16 06:00:00,12 days 18:00:00,306,18.38,-114.75,996.2,49.6
2026-07-03 12:00:00,7,30,2026-07-16 12:00:00,13 days 00:00:00,312,18.5,-116.25,996.1,49.8
2026-07-03 12:00:00,7,30,2026-07-16 18:00:00,13 days 06:00:00,318,18.75,-117.5,994.2,52.7
2026-07-03 12:00:00,7,30,2026-07-17 00:00:00,13 days 12:00:00,324,19.0,-118.75,992.2,55.6
2026-07-03 12:00:00,7,30,2026-07-17 06:00:00,13 days 18:00:00,330,19.26,-120.37,993.5,53.6
2026-07-03 12:00:00,7,30,2026-07-17 12:00:00,14 days 00:00:00,336,19.5,-122.0,994.8,51.7
2026-07-03 12:00:00,7,30,2026-07-17 18:00:00,14 days 06:00:00,342,19.76,-123.37,993.2,54.1
2026-07-03 12:00:00,7,30,2026-07-18 00:00:00,14 days 12:00:00,348,20.0,-124.75,991.7,56.4
2026-07-03 12:00:00,7,30,2026-07-18 06:00:00,14 days 18:00:00,354,20.13,-126.25,994.2,52.6
2026-07-03 12:00:00,7,30,2026-07-18 12:00:00,15 days 00:00:00,360,20.25,-127.75,996.7,48.8
2026-07-03 12:00:00,10,31,2026-07-15 00:00:00,11 days 12:00:00,276,13.75,-108.5,1005.0,35.2
2026-07-03 12:00:00,10,31,2026-07-15 06:00:00,11 days 18:00:00,282,14.63,-109.87,1003.8,37.1
2026-07-03 12:00:00,10,31,2026-07-15 12:00:00,12 days 00:00:00,288,15.5,-111.25,1002.7,39.1
2026-07-03 12:00:00,10,31,2026-07-15 18:00:00,12 days 06:00:00,294,16.0,-112.25,1001.9,40.5
2026-07-03 12:00:00,10,31,2026-07-16 00:00:00,12 days 12:00:00,300,16.5,-113.25,1001.0,41.9
2026-07-03 12:00:00,10,31,2026-07-16 06:00:00,12 days 18:00:00,306,17.0,-114.25,999.0,45.3
2026-07-03 12:00:00,10,31,2026-07-16 12:00:00,13 days 00:00:00,312,17.5,-115.25,996.9,48.6
2026-07-03 12:00:00,10,31,2026-07-16 18:00:00,13 days 06:00:00,318,17.83,-116.93,996.9,48.6
2026-07-03 12:00:00,10,31,2026-07-17 00:00:00,13 days 12:00:00,324,18.15,-118.61,996.9,48.6
2026-07-03 12:00:00,10,31,2026-07-17 06:00:00,13 days 18:00:00,330,18.46,-120.3,996.9,48.6
2026-07-03 12:00:00,10,31,2026-07-17 12:00:00,14 days 00:00:00,336,18.75,-122.0,996.9,48.6
2026-07-03 12:00:00,10,31,2026-07-17 18:00:00,14 days 06:00:00,342,18.63,-123.75,997.9,46.9
2026-07-03 12:00:00,10,31,2026-07-18 00:00:00,14 days 12:00:00,348,18.5,-125.5,999.0,45.3
2026-07-03 12:00:00,10,31,2026-07-18 06:00:00,14 days 18:00:00,354,18.51,-127.25,1000.7,42.5
2026-07-03 12:00:00,10,31,2026-07-18 12:00:00,15 days 00:00:00,360,18.5,-129.0,1002.4,39.7
2026-07-03 12:00:00,3,31,2026-07-03 12:00:00,0 days 00:00:00,0,12.75,153.0,976.5,76.7
2026-07-03 12:00:00,3,31,2026-07-03 18:00:00,0 days 06:00:00,6,12.75,152.38,973.9,79.9
2026-07-03 12:00:00,3,31,2026-07-04 00:00:00,0 days 12:00:00,12,12.75,151.75,971.2,83.1
2026-07-03 12:00:00,3,31,2026-07-04 06:00:00,0 days 18:00:00,18,13.0,151.0,971.5,82.9
2026-07-03 12:00:00,3,31,2026-07-04 12:00:00,1 days 00:00:00,24,13.25,150.25,971.7,82.6
2026-07-03 12:00:00,3,31,2026-07-04 18:00:00,1 days 06:00:00,30,13.25,149.38,966.8,88.3
2026-07-03 12:00:00,3,31,2026-07-05 00:00:00,1 days 12:00:00,36,13.25,148.5,961.9,94.0
2026-07-03 12:00:00,3,31,2026-07-05 06:00:00,1 days 18:00:00,42,13.38,147.38,963.5,92.2
2026-07-03 12:00:00,3,31,2026-07-05 12:00:00,2 days 00:00:00,48,13.5,146.25,965.0,90.4
2026-07-03 12:00:00,3,31,2026-07-05 18:00:00,2 days 06:00:00,54,13.75,145.38,961.6,94.3
2026-07-03 12:00:00,3,31,2026-07-06 00:00:00,2 days 12:00:00,60,14.0,144.5,958.2,98.2
2026-07-03 12:00:00,3,31,2026-07-06 06:00:00,2 days 18:00:00,66,14.38,143.38,955.7,101.0
2026-07-03 12:00:00,3,31,2026-07-06 12:00:00,3 days 00:00:00,72,14.75,142.25,953.2,103.7
2026-07-03 12:00:00,3,31,2026-07-06 18:00:00,3 days 06:00:00,78,15.0,140.88,955.1,101.7
2026-07-03 12:00:00,3,31,2026-07-07 00:00:00,3 days 12:00:00,84,15.25,139.5,956.9,99.7
2026-07-03 12:00:00,3,31,2026-07-07 06:00:00,3 days 18:00:00,90,15.51,138.0,955.0,101.7
2026-07-03 12:00:00,3,31,2026-07-07 12:00:00,4 days 00:00:00,96,15.75,136.5,953.2,103.8
2026-07-03 12:00:00,3,31,2026-07-07 18:00:00,4 days 06:00:00,102,15.88,135.13,952.9,104.1
2026-07-03 12:00:00,3,31,2026-07-08 00:00:00,4 days 12:00:00,108,16.0,133.75,952.6,104.4
2026-07-03 12:00:00,3,31,2026-07-08 06:00:00,4 days 18:00:00,114,16.38,132.38,950.1,107.0
2026-07-03 12:00:00,3,31,2026-07-08 12:00:00,5 days 00:00:00,120,16.75,131.0,947.7,109.7
2026-07-03 12:00:00,3,31,2026-07-08 18:00:00,5 days 06:00:00,126,17.13,130.25,946.2,111.2
2026-07-03 12:00:00,3,31,2026-07-09 00:00:00,5 days 12:00:00,132,17.5,129.5,944.8,112.8
2026-07-03 12:00:00,3,31,2026-07-09 06:00:00,5 days 18:00:00,138,18.13,128.5,943.9,113.7
2026-07-03 12:00:00,3,31,2026-07-09 12:00:00,6 days 00:00:00,144,18.75,127.5,943.0,114.6
2026-07-03 12:00:00,3,31,2026-07-09 18:00:00,6 days 06:00:00,150,19.38,126.63,943.2,114.4
2026-07-03 12:00:00,3,31,2026-07-10 00:00:00,6 days 12:00:00,156,20.0,125.75,943.4,114.2
2026-07-03 12:00:00,3,31,2026-07-10 06:00:00,6 days 18:00:00,162,20.75,124.88,945.6,111.9
2026-07-03 12:00:00,3,31,2026-07-10 12:00:00,7 days 00:00:00,168,21.5,124.0,947.7,109.6
2026-07-03 12:00:00,3,31,2026-07-10 18:00:00,7 days 06:00:00,174,22.75,123.01,952.5,104.4
2026-07-03 12:00:00,3,31,2026-07-11 00:00:00,7 days 12:00:00,180,24.0,122.0,957.3,99.3
2026-07-03 12:00:00,3,31,2026-07-11 06:00:00,7 days 18:00:00,186,24.88,120.88,963.5,92.1
2026-07-03 12:00:00,3,31,2026-07-11 12:00:00,8 days 00:00:00,192,25.75,119.75,969.8,84.9
2026-07-03 12:00:00,3,31,2026-07-11 18:00:00,8 days 06:00:00,198,26.88,118.51,978.5,73.7
2026-07-03 12:00:00,3,31,2026-07-12 00:00:00,8 days 12:00:00,204,28.0,117.25,987.3,62.6
2026-07-03 12:00:00,3,31,2026-07-12 06:00:00,8 days 18:00:00,210,28.5,116.75,989.2,59.8
2026-07-03 12:00:00,3,31,2026-07-12 12:00:00,9 days 00:00:00,216,29.0,116.25,991.2,57.1
2026-07-03 12:00:00,4,31,2026-07-03 12:00:00,0 days 00:00:00,0,19.5,-128.5,1001.2,41.7
2026-07-03 12:00:00,5,31,2026-07-03 12:00:00,0 days 00:00:00,0,18.5,110.0,997.5,47.5
2026-07-03 12:00:00,5,31,2026-07-03 18:00:00,0 days 06:00:00,6,19.5,109.13,996.7,48.9
2026-07-03 12:00:00,5,31,2026-07-04 00:00:00,0 days 12:00:00,12,20.5,108.25,995.8,50.3
2026-07-03 12:00:00,5,31,2026-07-04 06:00:00,0 days 18:00:00,18,20.88,107.88,995.7,50.4
2026-07-03 12:00:00,5,31,2026-07-04 12:00:00,1 days 00:00:00,24,21.25,107.5,995.6,50.6
2026-07-03 12:00:00,5,31,2026-07-04 18:00:00,1 days 06:00:00,30,21.88,107.5,996.6,48.9
2026-07-03 12:00:00,5,31,2026-07-05 00:00:00,1 days 12:00:00,36,22.5,107.5,997.7,47.3
2026-07-03 12:00:00,6,31,2026-07-04 00:00:00,0 days 12:00:00,12,20.75,87.25,994.2,52.7
2026-07-03 12:00:00,6,31,2026-07-04 06:00:00,0 days 18:00:00,18,20.62,87.25,992.1,55.6
2026-07-03 12:00:00,6,31,2026-07-04 12:00:00,1 days 00:00:00,24,20.5,87.25,990.1,58.6
2026-07-03 12:00:00,6,31,2026-07-04 18:00:00,1 days 06:00:00,30,20.62,87.25,989.4,59.6
2026-07-03 12:00:00,6,31,2026-07-05 00:00:00,1 days 12:00:00,36,20.75,87.25,988.6,60.7
2026-07-03 12:00:00,6,31,2026-07-05 06:00:00,1 days 18:00:00,42,21.12,87.25,989.1,60.1
2026-07-03 12:00:00,6,31,2026-07-05 12:00:00,2 days 00:00:00,48,21.5,87.25,989.5,59.5
2026-07-03 12:00:00,6,31,2026-07-05 18:00:00,2 days 06:00:00,54,22.13,87.13,991.2,57.0
2026-07-03 12:00:00,6,31,2026-07-06 00:00:00,2 days 12:00:00,60,22.75,87.0,993.0,54.4
2026-07-03 12:00:00,6,31,2026-07-06 06:00:00,2 days 18:00:00,66,27.5,86.76,991.1,57.1
2026-07-03 12:00:00,6,31,2026-07-06 12:00:00,3 days 00:00:00,72,32.25,86.5,989.3,59.7
2026-07-03 12:00:00,6,31,2026-07-06 18:00:00,3 days 06:00:00,78,28.76,84.82,992.0,55.9
2026-07-03 12:00:00,6,31,2026-07-07 00:00:00,3 days 12:00:00,84,25.25,83.25,994.6,52.0
2026-07-03 12:00:00,6,31,2026-07-07 06:00:00,3 days 18:00:00,90,25.76,82.08,994.9,51.5
2026-07-03 12:00:00,6,31,2026-07-07 12:00:00,4 days 00:00:00,96,26.27,80.9,995.2,51.1
2026-07-03 12:00:00,6,31,2026-07-07 18:00:00,4 days 06:00:00,102,26.77,79.7,995.5,50.7
2026-07-03 12:00:00,6,31,2026-07-08 00:00:00,4 days 12:00:00,108,27.25,78.5,995.8,50.2
2026-07-03 12:00:00,6,31,2026-07-08 06:00:00,4 days 18:00:00,114,27.38,78.31,995.7,50.5
2026-07-03 12:00:00,6,31,2026-07-08 12:00:00,5 days 00:00:00,120,27.5,78.13,995.5,50.7
2026-07-03 12:00:00,6,31,2026-07-08 18:00:00,5 days 06:00:00,126,27.63,77.94,995.4,50.9
2026-07-03 12:00:00,6,31,2026-07-09 00:00:00,5 days 12:00:00,132,27.75,77.75,995.2,51.1
2026-07-03 12:00:00,6,31,2026-07-09 06:00:00,5 days 18:00:00,138,29.89,83.63,993.9,53.1
2026-07-03 12:00:00,6,31,2026-07-09 12:00:00,6 days 00:00:00,144,31.75,89.75,992.5,55.2
2026-07-03 12:00:00,6,31,2026-07-09 18:00:00,6 days 06:00:00,150,29.96,84.91,994.1,52.7
2026-07-03 12:00:00,6,31,2026-07-10 00:00:00,6 days 12:00:00,156,28.0,80.25,995.8,50.3
2026-07-03 12:00:00,6,31,2026-07-10 06:00:00,6 days 18:00:00,162,29.53,83.08,995.3,51.0
2026-07-03 12:00:00,6,31,2026-07-10 12:00:00,7 days 00:00:00,168,31.0,86.0,994.8,51.7
2026-07-03 12:00:00,7,31,2026-07-14 12:00:00,11 days 00:00:00,264,7.75,162.5,1006.0,33.3
2026-07-03 12:00:00,7,31,2026-07-14 18:00:00,11 days 06:00:00,270,8.25,161.88,1005.7,33.8
2026-07-03 12:00:00,7,31,2026-07-15 00:00:00,11 days 12:00:00,276,8.75,161.25,1005.5,34.2
2026-07-03 12:00:00,7,31,2026-07-15 06:00:00,11 days 18:00:00,282,9.0,160.5,1005.1,35.0
2026-07-03 12:00:00,7,31,2026-07-15 12:00:00,12 days 00:00:00,288,9.25,159.75,1004.6,35.8
2026-07-03 12:00:00,7,31,2026-07-15 18:00:00,12 days 06:00:00,294,9.5,159.0,1004.2,36.5
2026-07-03 12:00:00,7,31,2026-07-16 00:00:00,12 days 12:00:00,300,9.75,158.25,1003.8,37.3
2026-07-03 12:00:00,7,31,2026-07-16 06:00:00,12 days 18:00:00,306,10.63,158.75,1003.6,37.7
2026-07-03 12:00:00,7,31,2026-07-16 12:00:00,13 days 00:00:00,312,11.5,159.25,1003.3,38.0
2026-07-03 12:00:00,7,31,2026-07-16 18:00:00,13 days 06:00:00,318,11.5,158.12,1003.3,38.1
2026-07-03 12:00:00,7,31,2026-07-17 00:00:00,13 days 12:00:00,324,11.5,157.0,1003.2,38.2
2026-07-03 12:00:00,7,31,2026-07-17 06:00:00,13 days 18:00:00,330,12.0,157.25,1001.8,40.6
2026-07-03 12:00:00,7,31,2026-07-17 12:00:00,14 days 00:00:00,336,12.5,157.5,1000.4,43.0
2026-07-03 12:00:00,7,31,2026-07-17 18:00:00,14 days 06:00:00,342,12.87,157.5,998.7,45.6
2026-07-03 12:00:00,7,31,2026-07-18 00:00:00,14 days 12:00:00,348,13.25,157.5,997.1,48.3
2026-07-03 12:00:00,7,31,2026-07-18 06:00:00,14 days 18:00:00,354,13.87,157.5,994.6,52.0
2026-07-03 12:00:00,7,31,2026-07-18 12:00:00,15 days 00:00:00,360,14.5,157.5,992.1,55.8
2026-07-03 12:00:00,8,31,2026-07-14 12:00:00,11 days 00:00:00,264,23.25,149.25,1005.1,34.9
2026-07-03 12:00:00,8,31,2026-07-14 18:00:00,11 days 06:00:00,270,24.01,151.24,1004.0,36.9
2026-07-03 12:00:00,8,31,2026-07-15 00:00:00,11 days 12:00:00,276,24.75,153.25,1002.9,38.8
2026-07-03 12:00:00,8,31,2026-07-15 06:00:00,11 days 18:00:00,282,25.63,154.37,1001.5,41.1
2026-07-03 12:00:00,8,31,2026-07-15 12:00:00,12 days 00:00:00,288,26.5,155.5,1000.1,43.5
2026-07-03 12:00:00,8,31,2026-07-15 18:00:00,12 days 06:00:00,294,27.75,156.24,1000.2,43.3
2026-07-03 12:00:00,8,31,2026-07-16 00:00:00,12 days 12:00:00,300,29.0,157.0,1000.3,43.2
2026-07-03 12:00:00,8,31,2026-07-16 06:00:00,12 days 18:00:00,306,29.63,157.5,1000.9,42.2
2026-07-03 12:00:00,8,31,2026-07-16 12:00:00,13 days 00:00:00,312,30.25,158.0,1001.4,41.3
2026-07-03 12:00:00,8,31,2026-07-16 18:00:00,13 days 06:00:00,318,31.13,158.67,1002.8,38.8
2026-07-03 12:00:00,8,31,2026-07-17 00:00:00,13 days 12:00:00,324,32.01,159.35,1004.2,36.3
2026-07-03 12:00:00,8,31,2026-07-17 06:00:00,13 days 18:00:00,330,32.88,160.04,1005.6,33.9
2026-07-03 12:00:00,8,31,2026-07-17 12:00:00,14 days 00:00:00,336,33.75,160.75,1007.0,31.4
2026-07-03 12:00:00,9,31,2026-07-15 00:00:00,11 days 12:00:00,276,-1.0,175.75,1005.7,33.8
2026-07-03 12:00:00,9,31,2026-07-15 06:00:00,11 days 18:00:00,282,-1.63,175.38,1005.8,33.6
2026-07-03 12:00:00,9,31,2026-07-15 12:00:00,12 days 00:00:00,288,-2.25,175.0,1006.0,33.3
2026-07-03 12:00:00,9,31,2026-07-15 18:00:00,12 days 06:00:00,294,-2.56,174.0,1006.2,33.0
2026-07-03 12:00:00,9,31,2026-07-16 00:00:00,12 days 12:00:00,300,-2.88,173.0,1006.4,32.6
2026-07-03 12:00:00,9,31,2026-07-16 06:00:00,12 days 18:00:00,306,-3.19,172.0,1006.5,32.3
2026-07-03 12:00:00,9,31,2026-07-16 12:00:00,13 days 00:00:00,312,-3.5,171.0,1006.7,31.9
2026-07-03 12:00:00,9,31,2026-07-16 18:00:00,13 days 06:00:00,318,-3.88,170.0,1005.7,33.8
2026-07-03 12:00:00,9,31,2026-07-17 00:00:00,13 days 12:00:00,324,-4.25,169.0,1004.7,35.7
2026-07-03 12:00:00,9,31,2026-07-17 06:00:00,13 days 18:00:00,330,-4.75,168.5,1004.5,36.1
2026-07-03 12:00:00,9,31,2026-07-17 12:00:00,14 days 00:00:00,336,-5.25,168.0,1004.3,36.4
2026-07-03 12:00:00,9,31,2026-07-17 18:00:00,14 days 06:00:00,342,-6.63,167.25,1001.0,41.8
2026-07-03 12:00:00,9,31,2026-07-18 00:00:00,14 days 12:00:00,348,-8.0,166.5,997.7,47.3
2026-07-03 12:00:00,9,31,2026-07-18 06:00:00,14 days 18:00:00,354,-8.75,166.25,1000.8,42.1
2026-07-03 12:00:00,9,31,2026-07-18 12:00:00,15 days 00:00:00,360,-9.5,166.0,1003.9,37.0
2026-07-03 12:00:00,3,32,2026-07-03 12:00:00,0 days 00:00:00,0,12.75,153.0,976.5,76.7
2026-07-03 12:00:00,3,32,2026-07-03 18:00:00,0 days 06:00:00,6,12.75,152.38,971.7,82.5
2026-07-03 12:00:00,3,32,2026-07-04 00:00:00,0 days 12:00:00,12,12.75,151.75,966.9,88.2
2026-07-03 12:00:00,3,32,2026-07-04 06:00:00,0 days 18:00:00,18,12.75,151.0,969.7,85.0
2026-07-03 12:00:00,3,32,2026-07-04 12:00:00,1 days 00:00:00,24,12.75,150.25,972.4,81.7
2026-07-03 12:00:00,3,32,2026-07-04 18:00:00,1 days 06:00:00,30,13.0,149.5,970.7,83.8
2026-07-03 12:00:00,3,32,2026-07-05 00:00:00,1 days 12:00:00,36,13.25,148.75,969.0,85.8
2026-07-03 12:00:00,3,32,2026-07-05 06:00:00,1 days 18:00:00,42,13.38,147.75,968.4,86.6
2026-07-03 12:00:00,3,32,2026-07-05 12:00:00,2 days 00:00:00,48,13.5,146.75,967.8,87.3
2026-07-03 12:00:00,3,32,2026-07-05 18:00:00,2 days 06:00:00,54,13.88,145.75,964.4,91.1
2026-07-03 12:00:00,3,32,2026-07-06 00:00:00,2 days 12:00:00,60,14.25,144.75,961.1,95.0
2026-07-03 12:00:00,3,32,2026-07-06 06:00:00,2 days 18:00:00,66,14.5,143.63,961.0,95.1
2026-07-03 12:00:00,3,32,2026-07-06 12:00:00,3 days 00:00:00,72,14.75,142.5,961.0,95.1
2026-07-03 12:00:00,3,32,2026-07-06 18:00:00,3 days 06:00:00,78,15.13,141.0,958.3,98.1
2026-07-03 12:00:00,3,32,2026-07-07 00:00:00,3 days 12:00:00,84,15.5,139.5,955.6,101.1
2026-07-03 12:00:00,3,32,2026-07-07 06:00:00,3 days 18:00:00,90,15.88,138.13,952.7,104.3
2026-07-03 12:00:00,3,32,2026-07-07 12:00:00,4 days 00:00:00,96,16.25,136.75,949.7,107.5
2026-07-03 12:00:00,3,32,2026-07-07 18:00:00,4 days 06:00:00,102,16.51,135.25,948.5,108.8
2026-07-03 12:00:00,3,32,2026-07-08 00:00:00,4 days 12:00:00,108,16.75,133.75,947.3,110.1
2026-07-03 12:00:00,3,32,2026-07-08 06:00:00,4 days 18:00:00,114,17.0,132.5,947.3,110.1
2026-07-03 12:00:00,3,32,2026-07-08 12:00:00,5 days 00:00:00,120,17.25,131.25,947.4,110.0
2026-07-03 12:00:00,3,32,2026-07-08 18:00:00,5 days 06:00:00,126,17.63,130.38,944.7,112.8
2026-07-03 12:00:00,3,32,2026-07-09 00:00:00,5 days 12:00:00,132,18.0,129.5,942.0,115.6
2026-07-03 12:00:00,3,32,2026-07-09 06:00:00,5 days 18:00:00,138,18.63,128.63,944.5,113.0
2026-07-03 12:00:00,3,32,2026-07-09 12:00:00,6 days 00:00:00,144,19.25,127.75,946.9,110.5
2026-07-03 12:00:00,3,32,2026-07-09 18:00:00,6 days 06:00:00,150,20.25,127.0,947.4,110.0
2026-07-03 12:00:00,3,32,2026-07-10 00:00:00,6 days 12:00:00,156,21.25,126.25,947.9,109.5
2026-07-03 12:00:00,3,32,2026-07-10 06:00:00,6 days 18:00:00,162,22.13,125.63,949.8,107.5
2026-07-03 12:00:00,3,32,2026-07-10 12:00:00,7 days 00:00:00,168,23.0,125.0,951.6,105.5
2026-07-03 12:00:00,3,32,2026-07-10 18:00:00,7 days 06:00:00,174,24.0,124.26,954.0,102.9
2026-07-03 12:00:00,3,32,2026-07-11 00:00:00,7 days 12:00:00,180,25.0,123.5,956.4,100.3
2026-07-03 12:00:00,3,32,2026-07-11 06:00:00,7 days 18:00:00,186,26.38,122.64,958.8,97.5
2026-07-03 12:00:00,3,32,2026-07-11 12:00:00,8 days 00:00:00,192,27.75,121.75,961.3,94.8
2026-07-03 12:00:00,3,32,2026-07-11 18:00:00,8 days 06:00:00,198,29.25,121.13,971.4,82.4
2026-07-03 12:00:00,3,32,2026-07-12 00:00:00,8 days 12:00:00,204,30.75,120.5,981.6,70.1
2026-07-03 12:00:00,3,32,2026-07-12 06:00:00,8 days 18:00:00,210,31.38,120.25,984.3,66.5
2026-07-03 12:00:00,3,32,2026-07-12 12:00:00,9 days 00:00:00,216,32.0,120.0,987.1,62.8
2026-07-03 12:00:00,3,32,2026-07-12 18:00:00,9 days 06:00:00,222,33.38,120.37,987.6,62.0
2026-07-03 12:00:00,3,32,2026-07-13 00:00:00,9 days 12:00:00,228,34.75,120.75,988.2,61.2
2026-07-03 12:00:00,3,32,2026-07-13 06:00:00,9 days 18:00:00,234,35.63,121.74,989.1,60.0
2026-07-03 12:00:00,3,32,2026-07-13 12:00:00,10 days 00:00:00,240,36.5,122.75,990.0,58.8
2026-07-03 12:00:00,3,32,2026-07-13 18:00:00,10 days 06:00:00,246,38.43,126.16,989.5,59.5
2026-07-03 12:00:00,3,32,2026-07-14 00:00:00,10 days 12:00:00,252,40.25,129.75,989.0,60.2
2026-07-03 12:00:00,3,32,2026-07-14 06:00:00,10 days 18:00:00,258,41.79,132.8,986.7,63.3
2026-07-03 12:00:00,3,32,2026-07-14 12:00:00,11 days 00:00:00,264,43.25,136.0,984.5,66.4
2026-07-03 12:00:00,4,32,2026-07-03 12:00:00,0 days 00:00:00,0,19.5,-128.5,1001.2,41.7
2026-07-03 12:00:00,5,32,2026-07-03 12:00:00,0 days 00:00:00,0,18.5,110.0,997.5,47.5
2026-07-03 12:00:00,5,32,2026-07-03 18:00:00,0 days 06:00:00,6,19.38,109.13,996.8,48.6
2026-07-03 12:00:00,5,32,2026-07-04 00:00:00,0 days 12:00:00,12,20.25,108.25,996.1,49.8
2026-07-03 12:00:00,5,32,2026-07-04 06:00:00,0 days 18:00:00,18,20.63,108.0,996.1,49.8
2026-07-03 12:00:00,5,32,2026-07-04 12:00:00,1 days 00:00:00,24,21.0,107.75,996.0,49.9
2026-07-03 12:00:00,5,32,2026-07-04 18:00:00,1 days 06:00:00,30,21.63,107.63,998.1,46.6
2026-07-03 12:00:00,5,32,2026-07-05 00:00:00,1 days 12:00:00,36,22.25,107.5,1000.3,43.2
2026-07-03 12:00:00,6,32,2026-07-04 00:00:00,0 days 12:00:00,12,19.75,86.5,994.7,51.9
2026-07-03 12:00:00,6,32,2026-07-04 06:00:00,0 days 18:00:00,18,20.13,87.0,992.3,55.3
2026-07-03 12:00:00,6,32,2026-07-04 12:00:00,1 days 00:00:00,24,20.5,87.5,990.0,58.8
2026-07-03 12:00:00,6,32,2026-07-04 18:00:00,1 days 06:00:00,30,20.5,87.25,989.9,58.9
2026-07-03 12:00:00,6,32,2026-07-05 00:00:00,1 days 12:00:00,36,20.5,87.0,989.8,59.0
2026-07-03 12:00:00,6,32,2026-07-05 06:00:00,1 days 18:00:00,42,21.13,87.75,990.9,57.5
2026-07-03 12:00:00,6,32,2026-07-05 12:00:00,2 days 00:00:00,48,21.75,88.5,991.9,56.0
2026-07-03 12:00:00,6,32,2026-07-05 18:00:00,2 days 06:00:00,54,22.13,88.38,992.4,55.3
2026-07-03 12:00:00,6,32,2026-07-06 00:00:00,2 days 12:00:00,60,22.5,88.25,992.8,54.7
2026-07-03 12:00:00,6,32,2026-07-06 06:00:00,2 days 18:00:00,66,23.13,87.38,992.4,55.2
2026-07-03 12:00:00,6,32,2026-07-06 12:00:00,3 days 00:00:00,72,23.75,86.5,992.1,55.8
2026-07-03 12:00:00,6,32,2026-07-06 18:00:00,3 days 06:00:00,78,23.5,86.12,992.3,55.4
2026-07-03 12:00:00,6,32,2026-07-07 00:00:00,3 days 12:00:00,84,23.25,85.75,992.5,55.1
2026-07-03 12:00:00,6,32,2026-07-07 06:00:00,3 days 18:00:00,90,23.88,85.38,992.4,55.2
2026-07-03 12:00:00,6,32,2026-07-07 12:00:00,4 days 00:00:00,96,24.5,85.0,992.4,55.4
2026-07-03 12:00:00,6,32,2026-07-07 18:00:00,4 days 06:00:00,102,24.5,85.0,992.9,54.6
2026-07-03 12:00:00,6,32,2026-07-08 00:00:00,4 days 12:00:00,108,24.5,85.0,993.4,53.8
2026-07-03 12:00:00,6,32,2026-07-08 06:00:00,4 days 18:00:00,114,25.13,85.0,993.5,53.7
2026-07-03 12:00:00,6,32,2026-07-08 12:00:00,5 days 00:00:00,120,25.75,85.0,993.6,53.6
2026-07-03 12:00:00,6,32,2026-07-08 18:00:00,5 days 06:00:00,126,26.13,84.25,994.3,52.4
2026-07-03 12:00:00,6,32,2026-07-09 00:00:00,5 days 12:00:00,132,26.5,83.5,995.1,51.3
2026-07-03 12:00:00,6,32,2026-07-09 06:00:00,5 days 18:00:00,138,27.9,86.09,994.7,51.8
2026-07-03 12:00:00,6,32,2026-07-09 12:00:00,6 days 00:00:00,144,29.25,88.75,994.4,52.4
2026-07-03 12:00:00,6,32,2026-07-09 18:00:00,6 days 06:00:00,150,28.02,86.22,995.3,51.0
2026-07-03 12:00:00,6,32,2026-07-10 00:00:00,6 days 12:00:00,156,26.75,83.75,996.3,49.5
2026-07-03 12:00:00,7,32,2026-07-10 00:00:00,6 days 12:00:00,156,14.0,160.25,1007.2,31.0
2026-07-03 12:00:00,7,32,2026-07-10 06:00:00,6 days 18:00:00,162,14.5,159.38,1007.7,30.0
2026-07-03 12:00:00,7,32,2026-07-10 12:00:00,7 days 00:00:00,168,15.0,158.5,1008.2,29.1
2026-07-03 12:00:00,7,32,2026-07-10 18:00:00,7 days 06:00:00,174,16.25,158.25,1007.7,30.1
2026-07-03 12:00:00,7,32,2026-07-11 00:00:00,7 days 12:00:00,180,17.5,158.0,1007.1,31.2
2026-07-03 12:00:00,7,32,2026-07-11 06:00:00,7 days 18:00:00,186,18.75,157.5,1004.3,36.2
2026-07-03 12:00:00,7,32,2026-07-11 12:00:00,8 days 00:00:00,192,20.0,157.0,1001.5,41.2
2026-07-03 12:00:00,7,32,2026-07-11 18:00:00,8 days 06:00:00,198,21.38,157.12,998.0,46.7
2026-07-03 12:00:00,7,32,2026-07-12 00:00:00,8 days 12:00:00,204,22.75,157.25,994.5,52.2
2026-07-03 12:00:00,7,32,2026-07-12 06:00:00,8 days 18:00:00,210,24.25,157.5,992.9,54.5
2026-07-03 12:00:00,7,32,2026-07-12 12:00:00,9 days 00:00:00,216,25.75,157.75,991.4,56.8
2026-07-03 12:00:00,7,32,2026-07-12 18:00:00,9 days 06:00:00,222,26.75,158.25,986.7,63.2
2026-07-03 12:00:00,7,32,2026-07-13 00:00:00,9 days 12:00:00,228,27.75,158.75,982.1,69.5
2026-07-03 12:00:00,7,32,2026-07-13 06:00:00,9 days 18:00:00,234,28.5,159.62,982.5,69.0
2026-07-03 12:00:00,7,32,2026-07-13 12:00:00,10 days 00:00:00,240,29.25,160.5,982.8,68.5
2026-07-03 12:00:00,7,32,2026-07-13 18:00:00,10 days 06:00:00,246,30.14,162.11,978.5,74.0
2026-07-03 12:00:00,7,32,2026-07-14 00:00:00,10 days 12:00:00,252,31.0,163.75,974.2,79.5
2026-07-03 12:00:00,7,32,2026-07-14 06:00:00,10 days 18:00:00,258,32.39,165.6,973.2,80.7
2026-07-03 12:00:00,7,32,2026-07-14 12:00:00,11 days 00:00:00,264,33.75,167.5,972.3,81.9
2026-07-03 12:00:00,7,32,2026-07-14 18:00:00,11 days 06:00:00,270,36.38,168.83,970.2,84.4
2026-07-03 12:00:00,7,32,2026-07-15 00:00:00,11 days 12:00:00,276,39.0,170.25,968.1,86.9
2026-07-03 12:00:00,7,32,2026-07-15 06:00:00,11 days 18:00:00,282,41.75,170.01,972.2,81.8
2026-07-03 12:00:00,7,32,2026-07-15 12:00:00,12 days 00:00:00,288,44.5,169.75,976.4,76.8
2026-07-03 12:00:00,7,32,2026-07-15 18:00:00,12 days 06:00:00,294,45.91,166.95,980.8,71.1
2026-07-03 12:00:00,7,32,2026-07-16 00:00:00,12 days 12:00:00,300,47.25,164.0,985.2,65.4
2026-07-03 12:00:00,7,32,2026-07-16 06:00:00,12 days 18:00:00,306,46.77,162.11,987.4,62.3
2026-07-03 12:00:00,7,32,2026-07-16 12:00:00,13 days 00:00:00,312,46.25,160.25,989.6,59.3
2026-07-03 12:00:00,8,32,2026-07-14 00:00:00,10 days 12:00:00,252,-37.75,-99.25,986.3,63.9
2026-07-03 12:00:00,8,32,2026-07-14 06:00:00,10 days 18:00:00,258,-38.75,-99.25,984.9,65.8
2026-07-03 12:00:00,8,32,2026-07-14 12:00:00,11 days 00:00:00,264,-39.75,-99.25,983.5,67.6
2026-07-03 12:00:00,8,32,2026-07-14 18:00:00,11 days 06:00:00,270,-41.5,-98.52,982.7,68.7
2026-07-03 12:00:00,8,32,2026-07-15 00:00:00,11 days 12:00:00,276,-43.25,-97.75,981.9,69.8
2026-07-03 12:00:00,8,32,2026-07-15 06:00:00,11 days 18:00:00,282,-44.63,-97.87,979.1,73.4
2026-07-03 12:00:00,8,32,2026-07-15 12:00:00,12 days 00:00:00,288,-46.0,-98.0,976.2,77.0
2026-07-03 12:00:00,8,32,2026-07-15 18:00:00,12 days 06:00:00,294,-47.01,-96.9,973.5,80.4
2026-07-03 12:00:00,8,32,2026-07-16 00:00:00,12 days 12:00:00,300,-48.0,-95.75,970.7,83.7
2026-07-03 12:00:00,8,32,2026-07-16 06:00:00,12 days 18:00:00,306,-46.48,-93.92,967.9,87.0
2026-07-03 12:00:00,8,32,2026-07-16 12:00:00,13 days 00:00:00,312,-44.92,-92.19,965.1,90.3
2026-07-03 12:00:00,8,32,2026-07-16 18:00:00,13 days 06:00:00,318,-43.35,-90.55,962.2,93.6
2026-07-03 12:00:00,8,32,2026-07-17 00:00:00,13 days 12:00:00,324,-41.75,-89.0,959.4,96.9
2026-07-03 12:00:00,9,32,2026-07-15 00:00:00,11 days 12:00:00,276,-39.75,-147.25,979.6,72.8
2026-07-03 12:00:00,9,32,2026-07-15 06:00:00,11 days 18:00:00,282,-40.14,-145.26,979.6,72.7
2026-07-03 12:00:00,9,32,2026-07-15 12:00:00,12 days 00:00:00,288,-40.5,-143.25,979.7,72.6
2026-07-03 12:00:00,9,32,2026-07-15 18:00:00,12 days 06:00:00,294,-40.89,-141.39,980.0,72.3
2026-07-03 12:00:00,9,32,2026-07-16 00:00:00,12 days 12:00:00,300,-41.25,-139.5,980.2,71.9
2026-07-03 12:00:00,9,32,2026-07-16 06:00:00,12 days 18:00:00,306,-42.0,-139.01,981.3,70.5
2026-07-03 12:00:00,9,32,2026-07-16 12:00:00,13 days 00:00:00,312,-42.75,-138.5,982.4,69.1
2026-07-03 12:00:00,9,32,2026-07-16 18:00:00,13 days 06:00:00,318,-42.63,-137.75,984.2,66.7
2026-07-03 12:00:00,9,32,2026-07-17 00:00:00,13 days 12:00:00,324,-42.5,-137.0,986.0,64.4
2026-07-03 12:00:00,9,32,2026-07-17 06:00:00,13 days 18:00:00,330,-42.5,-136.75,988.4,60.9
2026-07-03 12:00:00,9,32,2026-07-17 12:00:00,14 days 00:00:00,336,-42.5,-136.5,990.9,57.4
2026-07-03 12:00:00,3,33,2026-07-03 12:00:00,0 days 00:00:00,0,12.75,153.0,976.5,76.7
2026-07-03 12:00:00,3,33,2026-07-03 18:00:00,0 days 06:00:00,6,12.75,152.25,972.1,82.0
2026-07-03 12:00:00,3,33,2026-07-04 00:00:00,0 days 12:00:00,12,12.75,151.5,967.6,87.4
2026-07-03 12:00:00,3,33,2026-07-04 06:00:00,0 days 18:00:00,18,12.75,150.87,971.1,83.3
2026-07-03 12:00:00,3,33,2026-07-04 12:00:00,1 days 00:00:00,24,12.75,150.25,974.5,79.2
2026-07-03 12:00:00,3,33,2026-07-04 18:00:00,1 days 06:00:00,30,13.0,149.5,970.2,84.3
2026-07-03 12:00:00,3,33,2026-07-05 00:00:00,1 days 12:00:00,36,13.25,148.75,966.0,89.4
2026-07-03 12:00:00,3,33,2026-07-05 06:00:00,1 days 18:00:00,42,13.5,147.88,965.9,89.5
2026-07-03 12:00:00,3,33,2026-07-05 12:00:00,2 days 00:00:00,48,13.75,147.0,965.8,89.6
2026-07-03 12:00:00,3,33,2026-07-05 18:00:00,2 days 06:00:00,54,14.25,145.75,961.7,94.3
2026-07-03 12:00:00,3,33,2026-07-06 00:00:00,2 days 12:00:00,60,14.75,144.5,957.6,99.0
2026-07-03 12:00:00,3,33,2026-07-06 06:00:00,2 days 18:00:00,66,15.0,143.13,957.0,99.6
2026-07-03 12:00:00,3,33,2026-07-06 12:00:00,3 days 00:00:00,72,15.25,141.75,956.5,100.2
2026-07-03 12:00:00,3,33,2026-07-06 18:00:00,3 days 06:00:00,78,15.63,140.25,956.7,99.9
2026-07-03 12:00:00,3,33,2026-07-07 00:00:00,3 days 12:00:00,84,16.0,138.75,956.9,99.7
2026-07-03 12:00:00,3,33,2026-07-07 06:00:00,3 days 18:00:00,90,16.38,137.38,952.4,104.6
2026-07-03 12:00:00,3,33,2026-07-07 12:00:00,4 days 00:00:00,96,16.75,136.0,947.9,109.5
2026-07-03 12:00:00,3,33,2026-07-07 18:00:00,4 days 06:00:00,102,17.01,134.5,949.6,107.6
2026-07-03 12:00:00,3,33,2026-07-08 00:00:00,4 days 12:00:00,108,17.25,133.0,951.4,105.8
2026-07-03 12:00:00,3,33,2026-07-08 06:00:00,4 days 18:00:00,114,17.51,131.5,950.2,107.0
2026-07-03 12:00:00,3,33,2026-07-08 12:00:00,5 days 00:00:00,120,17.75,130.0,949.0,108.3
2026-07-03 12:00:00,3,33,2026-07-08 18:00:00,5 days 06:00:00,126,18.13,128.63,946.9,110.5
2026-07-03 12:00:00,3,33,2026-07-09 00:00:00,5 days 12:00:00,132,18.5,127.25,944.8,112.8
2026-07-03 12:00:00,3,33,2026-07-09 06:00:00,5 days 18:00:00,138,19.13,126.25,944.8,112.8
2026-07-03 12:00:00,3,33,2026-07-09 12:00:00,6 days 00:00:00,144,19.75,125.25,944.8,112.7
2026-07-03 12:00:00,3,33,2026-07-09 18:00:00,6 days 06:00:00,150,20.5,124.25,946.6,110.9
2026-07-03 12:00:00,3,33,2026-07-10 00:00:00,6 days 12:00:00,156,21.25,123.25,948.3,109.0
2026-07-03 12:00:00,3,33,2026-07-10 06:00:00,6 days 18:00:00,162,22.13,122.38,953.5,103.4
2026-07-03 12:00:00,3,33,2026-07-10 12:00:00,7 days 00:00:00,168,23.0,121.5,958.6,97.8
2026-07-03 12:00:00,3,33,2026-07-10 18:00:00,7 days 06:00:00,174,24.5,120.51,969.0,85.3
2026-07-03 12:00:00,3,33,2026-07-11 00:00:00,7 days 12:00:00,180,26.0,119.5,979.5,72.8
2026-07-03 12:00:00,3,33,2026-07-11 06:00:00,7 days 18:00:00,186,26.63,118.51,985.0,65.5
2026-07-03 12:00:00,3,33,2026-07-11 12:00:00,8 days 00:00:00,192,27.25,117.5,990.4,58.2
2026-07-03 12:00:00,4,33,2026-07-03 12:00:00,0 days 00:00:00,0,19.5,-128.5,1001.2,41.7
2026-07-03 12:00:00,4,33,2026-07-03 18:00:00,0 days 06:00:00,6,20.38,-128.5,1001.4,41.4
2026-07-03 12:00:00,4,33,2026-07-04 00:00:00,0 days 12:00:00,12,21.25,-128.5,1001.6,41.0
2026-07-03 12:00:00,5,33,2026-07-03 12:00:00,0 days 00:00:00,0,18.5,110.0,997.5,47.5
2026-07-03 12:00:00,5,33,2026-07-03 18:00:00,0 days 06:00:00,6,19.38,109.13,995.5,50.6
2026-07-03 12:00:00,5,33,2026-07-04 00:00:00,0 days 12:00:00,12,20.25,108.25,993.5,53.6
2026-07-03 12:00:00,5,33,2026-07-04 06:00:00,0 days 18:00:00,18,20.63,108.0,993.5,53.6
2026-07-03 12:00:00,5,33,2026-07-04 12:00:00,1 days 00:00:00,24,21.0,107.75,993.5,53.6
2026-07-03 12:00:00,5,33,2026-07-04 18:00:00,1 days 06:00:00,30,21.88,107.87,994.0,52.9
2026-07-03 12:00:00,5,33,2026-07-05 00:00:00,1 days 12:00:00,36,22.75,108.0,994.4,52.3
2026-07-03 12:00:00,6,33,2026-07-04 00:00:00,0 days 12:00:00,12,20.25,88.0,994.3,52.6
2026-07-03 12:00:00,6,33,2026-07-04 06:00:00,0 days 18:00:00,18,20.5,87.63,991.4,56.6
2026-07-03 12:00:00,6,33,2026-07-04 12:00:00,1 days 00:00:00,24,20.75,87.25,988.6,60.7
2026-07-03 12:00:00,6,33,2026-07-04 18:00:00,1 days 06:00:00,30,20.88,87.5,989.7,59.2
2026-07-03 12:00:00,6,33,2026-07-05 00:00:00,1 days 12:00:00,36,21.0,87.75,990.7,57.8
2026-07-03 12:00:00,6,33,2026-07-05 06:00:00,1 days 18:00:00,42,21.38,87.38,990.9,57.4
2026-07-03 12:00:00,6,33,2026-07-05 12:00:00,2 days 00:00:00,48,21.75,87.0,991.2,57.1
2026-07-03 12:00:00,6,33,2026-07-05 18:00:00,2 days 06:00:00,54,21.76,85.5,991.3,56.8
2026-07-03 12:00:00,6,33,2026-07-06 00:00:00,2 days 12:00:00,60,21.75,84.0,991.5,56.6
2026-07-03 12:00:00,6,33,2026-07-06 06:00:00,2 days 18:00:00,66,21.22,78.35,992.0,55.9
2026-07-03 12:00:00,6,33,2026-07-06 12:00:00,3 days 00:00:00,72,20.5,72.75,992.4,55.2
2026-07-03 12:00:00,6,33,2026-07-06 18:00:00,3 days 06:00:00,78,20.5,73.0,992.5,55.1
2026-07-03 12:00:00,6,33,2026-07-07 00:00:00,3 days 12:00:00,84,20.5,73.25,992.6,54.9
2026-07-03 12:00:00,6,33,2026-07-07 06:00:00,3 days 18:00:00,90,20.38,72.75,991.9,56.1
2026-07-03 12:00:00,6,33,2026-07-07 12:00:00,4 days 00:00:00,96,20.25,72.25,991.1,57.2
2026-07-03 12:00:00,6,33,2026-07-07 18:00:00,4 days 06:00:00,102,21.38,72.75,992.1,55.8
2026-07-03 12:00:00,6,33,2026-07-08 00:00:00,4 days 12:00:00,108,22.5,73.25,993.0,54.4
2026-07-03 12:00:00,7,33,2026-07-14 00:00:00,10 days 12:00:00,252,20.0,138.25,1004.4,36.2
2026-07-03 12:00:00,7,33,2026-07-14 06:00:00,10 days 18:00:00,258,19.63,137.62,1002.4,39.6
2026-07-03 12:00:00,7,33,2026-07-14 12:00:00,11 days 00:00:00,264,19.25,137.0,1000.3,43.1
2026-07-03 12:00:00,7,33,2026-07-14 18:00:00,11 days 06:00:00,270,19.0,136.62,998.8,45.6
2026-07-03 12:00:00,7,33,2026-07-15 00:00:00,11 days 12:00:00,276,18.75,136.25,997.2,48.0
2026-07-03 12:00:00,7,33,2026-07-15 06:00:00,11 days 18:00:00,282,19.0,136.5,994.9,51.5
2026-07-03 12:00:00,7,33,2026-07-15 12:00:00,12 days 00:00:00,288,19.25,136.75,992.6,55.0
2026-07-03 12:00:00,7,33,2026-07-15 18:00:00,12 days 06:00:00,294,19.25,136.5,991.3,56.8
2026-07-03 12:00:00,7,33,2026-07-16 00:00:00,12 days 12:00:00,300,19.25,136.25,990.1,58.6
2026-07-03 12:00:00,7,33,2026-07-16 06:00:00,12 days 18:00:00,306,19.5,136.0,984.5,66.2
2026-07-03 12:00:00,7,33,2026-07-16 12:00:00,13 days 00:00:00,312,19.75,135.75,978.8,73.7
2026-07-03 12:00:00,7,33,2026-07-16 18:00:00,13 days 06:00:00,318,20.25,135.0,974.3,79.3
2026-07-03 12:00:00,7,33,2026-07-17 00:00:00,13 days 12:00:00,324,20.75,134.25,969.7,84.9
2026-07-03 12:00:00,7,33,2026-07-17 06:00:00,13 days 18:00:00,330,21.5,133.26,967.5,87.5
2026-07-03 12:00:00,7,33,2026-07-17 12:00:00,14 days 00:00:00,336,22.25,132.25,965.4,90.1
2026-07-03 12:00:00,7,33,2026-07-17 18:00:00,14 days 06:00:00,342,23.01,130.51,961.8,94.1
2026-07-03 12:00:00,7,33,2026-07-18 00:00:00,14 days 12:00:00,348,23.75,128.75,958.3,98.1
2026-07-03 12:00:00,7,33,2026-07-18 06:00:00,14 days 18:00:00,354,24.63,127.26,958.7,97.7
2026-07-03 12:00:00,7,33,2026-07-18 12:00:00,15 days 00:00:00,360,25.5,125.75,959.1,97.2
2026-07-03 12:00:00,8,33,2026-07-14 12:00:00,11 days 00:00:00,264,12.0,-108.25,1004.2,36.5
2026-07-03 12:00:00,8,33,2026-07-14 18:00:00,11 days 06:00:00,270,11.76,-110.25,1002.3,39.7
2026-07-03 12:00:00,8,33,2026-07-15 00:00:00,11 days 12:00:00,276,11.5,-112.25,1000.4,42.9
2026-07-03 12:00:00,8,33,2026-07-15 06:00:00,11 days 18:00:00,282,11.63,-114.0,998.0,46.8
2026-07-03 12:00:00,8,33,2026-07-15 12:00:00,12 days 00:00:00,288,11.75,-115.75,995.5,50.7
2026-07-03 12:00:00,8,33,2026-07-15 18:00:00,12 days 06:00:00,294,11.88,-117.62,992.2,55.5
2026-07-03 12:00:00,8,33,2026-07-16 00:00:00,12 days 12:00:00,300,12.0,-119.5,988.9,60.3
2026-07-03 12:00:00,8,33,2026-07-16 06:00:00,12 days 18:00:00,306,12.5,-120.87,987.0,62.8
2026-07-03 12:00:00,8,33,2026-07-16 12:00:00,13 days 00:00:00,312,13.0,-122.25,985.2,65.4
2026-07-03 12:00:00,8,33,2026-07-16 18:00:00,13 days 06:00:00,318,13.25,-123.75,982.5,68.9
2026-07-03 12:00:00,8,33,2026-07-17 00:00:00,13 days 12:00:00,324,13.5,-125.25,979.9,72.4
2026-07-03 12:00:00,8,33,2026-07-17 06:00:00,13 days 18:00:00,330,14.0,-126.37,976.1,77.1
2026-07-03 12:00:00,8,33,2026-07-17 12:00:00,14 days 00:00:00,336,14.5,-127.5,972.4,81.8
2026-07-03 12:00:00,8,33,2026-07-17 18:00:00,14 days 06:00:00,342,15.0,-128.62,973.8,80.1
2026-07-03 12:00:00,8,33,2026-07-18 00:00:00,14 days 12:00:00,348,15.5,-129.75,975.2,78.3
2026-07-03 12:00:00,8,33,2026-07-18 06:00:00,14 days 18:00:00,354,16.25,-130.75,978.8,73.7
2026-07-03 12:00:00,8,33,2026-07-18 12:00:00,15 days 00:00:00,360,17.0,-131.75,982.4,69.1
2026-07-03 12:00:00,9,33,2026-07-16 00:00:00,12 days 12:00:00,300,-33.25,-85.25,974.8,78.8
2026-07-03 12:00:00,9,33,2026-07-16 06:00:00,12 days 18:00:00,306,-34.0,-84.38,973.9,79.8
2026-07-03 12:00:00,9,33,2026-07-16 12:00:00,13 days 00:00:00,312,-34.75,-83.5,973.1,80.8
2026-07-03 12:00:00,9,33,2026-07-16 18:00:00,13 days 06:00:00,318,-36.0,-83.13,974.2,79.5
2026-07-03 12:00:00,9,33,2026-07-17 00:00:00,13 days 12:00:00,324,-37.25,-82.75,975.3,78.2
2026-07-03 12:00:00,9,33,2026-07-17 06:00:00,13 days 18:00:00,330,-38.88,-83.12,975.7,77.7
2026-07-03 12:00:00,9,33,2026-07-17 12:00:00,14 days 00:00:00,336,-40.5,-83.5,976.1,77.1
2026-07-03 12:00:00,9,33,2026-07-17 18:00:00,14 days 06:00:00,342,-40.15,-85.02,975.6,77.8
2026-07-03 12:00:00,9,33,2026-07-18 00:00:00,14 days 12:00:00,348,-39.79,-86.53,975.0,78.5
2026-07-03 12:00:00,9,33,2026-07-18 06:00:00,14 days 18:00:00,354,-39.4,-88.03,974.5,79.1
2026-07-03 12:00:00,9,33,2026-07-18 12:00:00,15 days 00:00:00,360,-39.0,-89.5,974.0,79.8
2026-07-03 12:00:00,3,34,2026-07-03 12:00:00,0 days 00:00:00,0,12.75,153.0,976.5,76.7
2026-07-03 12:00:00,3,34,2026-07-03 18:00:00,0 days 06:00:00,6,12.75,152.25,975.4,78.1
2026-07-03 12:00:00,3,34,2026-07-04 00:00:00,0 days 12:00:00,12,12.75,151.5,974.2,79.5
2026-07-03 12:00:00,3,34,2026-07-04 06:00:00,0 days 18:00:00,18,12.75,150.87,975.1,78.4
2026-07-03 12:00:00,3,34,2026-07-04 12:00:00,1 days 00:00:00,24,12.75,150.25,976.0,77.3
2026-07-03 12:00:00,3,34,2026-07-04 18:00:00,1 days 06:00:00,30,12.75,149.5,971.4,82.8
2026-07-03 12:00:00,3,34,2026-07-05 00:00:00,1 days 12:00:00,36,12.75,148.75,966.8,88.4
2026-07-03 12:00:00,3,34,2026-07-05 06:00:00,1 days 18:00:00,42,12.88,148.0,967.9,87.1
2026-07-03 12:00:00,3,34,2026-07-05 12:00:00,2 days 00:00:00,48,13.0,147.25,969.0,85.8
2026-07-03 12:00:00,3,34,2026-07-05 18:00:00,2 days 06:00:00,54,13.38,146.38,966.8,88.3
2026-07-03 12:00:00,3,34,2026-07-06 00:00:00,2 days 12:00:00,60,13.75,145.5,964.7,90.8
2026-07-03 12:00:00,3,34,2026-07-06 06:00:00,2 days 18:00:00,66,14.25,144.5,961.9,94.1
2026-07-03 12:00:00,3,34,2026-07-06 12:00:00,3 days 00:00:00,72,14.75,143.5,959.1,97.3
2026-07-03 12:00:00,3,34,2026-07-06 18:00:00,3 days 06:00:00,78,15.0,142.0,955.5,101.2
2026-07-03 12:00:00,3,34,2026-07-07 00:00:00,3 days 12:00:00,84,15.25,140.5,951.9,105.2
2026-07-03 12:00:00,3,34,2026-07-07 06:00:00,3 days 18:00:00,90,15.51,139.0,953.5,103.4
2026-07-03 12:00:00,3,34,2026-07-07 12:00:00,4 days 00:00:00,96,15.75,137.5,955.1,101.6
2026-07-03 12:00:00,3,34,2026-07-07 18:00:00,4 days 06:00:00,102,16.13,136.25,951.8,105.3
2026-07-03 12:00:00,3,34,2026-07-08 00:00:00,4 days 12:00:00,108,16.5,135.0,948.4,108.9
2026-07-03 12:00:00,3,34,2026-07-08 06:00:00,4 days 18:00:00,114,16.88,133.63,946.1,111.3
2026-07-03 12:00:00,3,34,2026-07-08 12:00:00,5 days 00:00:00,120,17.25,132.25,943.9,113.7
2026-07-03 12:00:00,3,34,2026-07-08 18:00:00,5 days 06:00:00,126,17.5,131.13,945.7,111.8
2026-07-03 12:00:00,3,34,2026-07-09 00:00:00,5 days 12:00:00,132,17.75,130.0,947.5,109.9
2026-07-03 12:00:00,3,34,2026-07-09 06:00:00,5 days 18:00:00,138,18.25,129.13,947.0,110.4
2026-07-03 12:00:00,3,34,2026-07-09 12:00:00,6 days 00:00:00,144,18.75,128.25,946.6,110.8
2026-07-03 12:00:00,3,34,2026-07-09 18:00:00,6 days 06:00:00,150,19.5,127.38,948.1,109.2
2026-07-03 12:00:00,3,34,2026-07-10 00:00:00,6 days 12:00:00,156,20.25,126.5,949.7,107.6
2026-07-03 12:00:00,3,34,2026-07-10 06:00:00,6 days 18:00:00,162,21.0,125.63,948.2,109.1
2026-07-03 12:00:00,3,34,2026-07-10 12:00:00,7 days 00:00:00,168,21.75,124.75,946.7,110.7
2026-07-03 12:00:00,3,34,2026-07-10 18:00:00,7 days 06:00:00,174,22.75,124.13,948.2,109.1
2026-07-03 12:00:00,3,34,2026-07-11 00:00:00,7 days 12:00:00,180,23.75,123.5,949.6,107.6
2026-07-03 12:00:00,3,34,2026-07-11 06:00:00,7 days 18:00:00,186,24.88,122.51,957.2,99.2
2026-07-03 12:00:00,3,34,2026-07-11 12:00:00,8 days 00:00:00,192,26.0,121.5,964.7,90.8
2026-07-03 12:00:00,3,34,2026-07-11 18:00:00,8 days 06:00:00,198,26.63,120.88,972.3,81.6
2026-07-03 12:00:00,3,34,2026-07-12 00:00:00,8 days 12:00:00,204,27.25,120.25,979.8,72.4
2026-07-03 12:00:00,3,34,2026-07-12 06:00:00,8 days 18:00:00,210,28.38,119.76,983.9,67.0
2026-07-03 12:00:00,3,34,2026-07-12 12:00:00,9 days 00:00:00,216,29.5,119.25,988.0,61.6
2026-07-03 12:00:00,3,34,2026-07-12 18:00:00,9 days 06:00:00,222,30.5,118.88,989.6,59.3
2026-07-03 12:00:00,3,34,2026-07-13 00:00:00,9 days 12:00:00,228,31.5,118.5,991.2,57.1
2026-07-03 12:00:00,3,34,2026-07-13 06:00:00,9 days 18:00:00,234,32.38,118.38,991.9,56.0
2026-07-03 12:00:00,3,34,2026-07-13 12:00:00,10 days 00:00:00,240,33.25,118.25,992.7,54.9
2026-07-03 12:00:00,3,34,2026-07-13 18:00:00,10 days 06:00:00,246,34.13,118.5,993.0,54.5
2026-07-03 12:00:00,3,34,2026-07-14 00:00:00,10 days 12:00:00,252,35.0,118.75,993.3,54.0
2026-07-03 12:00:00,4,34,2026-07-03 12:00:00,0 days 00:00:00,0,19.5,-128.5,1001.2,41.7
2026-07-03 12:00:00,4,34,2026-07-03 18:00:00,0 days 06:00:00,6,20.12,-128.5,1002.1,40.1
2026-07-03 12:00:00,4,34,2026-07-04 00:00:00,0 days 12:00:00,12,20.75,-128.5,1003.1,38.4
2026-07-03 12:00:00,5,34,2026-07-03 12:00:00,0 days 00:00:00,0,18.5,110.0,997.5,47.5
2026-07-03 12:00:00,5,34,2026-07-03 18:00:00,0 days 06:00:00,6,19.5,109.01,996.3,49.4
2026-07-03 12:00:00,5,34,2026-07-04 00:00:00,0 days 12:00:00,12,20.5,108.0,995.1,51.2
2026-07-03 12:00:00,5,34,2026-07-04 06:00:00,0 days 18:00:00,18,20.75,107.75,995.2,51.2
2026-07-03 12:00:00,5,34,2026-07-04 12:00:00,1 days 00:00:00,24,21.0,107.5,995.2,51.1
2026-07-03 12:00:00,5,34,2026-07-04 18:00:00,1 days 06:00:00,30,21.5,107.38,998.1,46.6
2026-07-03 12:00:00,5,34,2026-07-05 00:00:00,1 days 12:00:00,36,22.0,107.25,1001.0,42.1
2026-07-03 12:00:00,6,34,2026-07-04 00:00:00,0 days 12:00:00,12,20.0,85.75,995.2,51.1
2026-07-03 12:00:00,6,34,2026-07-04 06:00:00,0 days 18:00:00,18,20.38,86.12,993.4,53.8
2026-07-03 12:00:00,6,34,2026-07-04 12:00:00,1 days 00:00:00,24,20.75,86.5,991.6,56.5
2026-07-03 12:00:00,6,34,2026-07-04 18:00:00,1 days 06:00:00,30,21.13,87.0,991.6,56.4
2026-07-03 12:00:00,6,34,2026-07-05 00:00:00,1 days 12:00:00,36,21.5,87.5,991.6,56.4
2026-07-03 12:00:00,6,34,2026-07-05 06:00:00,1 days 18:00:00,42,21.38,87.25,992.2,55.5
2026-07-03 12:00:00,6,34,2026-07-05 12:00:00,2 days 00:00:00,48,21.25,87.0,992.8,54.7
2026-07-03 12:00:00,6,34,2026-07-05 18:00:00,2 days 06:00:00,54,22.39,85.14,993.0,54.4
2026-07-03 12:00:00,6,34,2026-07-06 00:00:00,2 days 12:00:00,60,23.5,83.25,993.2,54.1
2026-07-03 12:00:00,6,34,2026-07-06 06:00:00,2 days 18:00:00,66,23.75,82.38,992.6,55.1
2026-07-03 12:00:00,6,34,2026-07-06 12:00:00,3 days 00:00:00,72,24.0,81.5,991.9,56.0
2026-07-03 12:00:00,6,34,2026-07-06 18:00:00,3 days 06:00:00,78,24.13,80.75,992.4,55.3
2026-07-03 12:00:00,6,34,2026-07-07 00:00:00,3 days 12:00:00,84,24.25,80.0,992.8,54.7
2026-07-03 12:00:00,6,34,2026-07-07 06:00:00,3 days 18:00:00,90,24.5,79.63,991.7,56.4
2026-07-03 12:00:00,6,34,2026-07-07 12:00:00,4 days 00:00:00,96,24.75,79.25,990.5,58.1
2026-07-03 12:00:00,6,34,2026-07-07 18:00:00,4 days 06:00:00,102,25.0,79.13,990.1,58.5
2026-07-03 12:00:00,6,34,2026-07-08 00:00:00,4 days 12:00:00,108,25.25,79.0,989.8,59.0
2026-07-03 12:00:00,6,34,2026-07-08 06:00:00,4 days 18:00:00,114,25.63,79.12,989.0,60.1
2026-07-03 12:00:00,6,34,2026-07-08 12:00:00,5 days 00:00:00,120,26.0,79.25,988.2,61.2
2026-07-03 12:00:00,6,34,2026-07-08 18:00:00,5 days 06:00:00,126,26.25,79.0,989.9,58.9
2026-07-03 12:00:00,6,34,2026-07-09 00:00:00,5 days 12:00:00,132,26.5,78.75,991.6,56.5
2026-07-03 12:00:00,6,34,2026-07-09 06:00:00,5 days 18:00:00,138,27.25,78.5,991.5,56.6
2026-07-03 12:00:00,6,34,2026-07-09 12:00:00,6 days 00:00:00,144,28.0,78.25,991.4,56.8
2026-07-03 12:00:00,6,34,2026-07-09 18:00:00,6 days 06:00:00,150,27.75,78.5,992.8,54.7
2026-07-03 12:00:00,6,34,2026-07-10 00:00:00,6 days 12:00:00,156,27.5,78.75,994.3,52.5
2026-07-03 12:00:00,6,34,2026-07-10 06:00:00,6 days 18:00:00,162,29.16,81.83,994.4,52.3
2026-07-03 12:00:00,6,34,2026-07-10 12:00:00,7 days 00:00:00,168,30.75,85.0,994.6,52.0
2026-07-03 12:00:00,6,34,2026-07-10 18:00:00,7 days 06:00:00,174,30.38,85.82,994.8,51.8
2026-07-03 12:00:00,6,34,2026-07-11 00:00:00,7 days 12:00:00,180,30.01,86.64,994.9,51.5
2026-07-03 12:00:00,6,34,2026-07-11 06:00:00,7 days 18:00:00,186,29.63,87.45,995.1,51.3
2026-07-03 12:00:00,6,34,2026-07-11 12:00:00,8 days 00:00:00,192,29.25,88.25,995.3,51.1
2026-07-03 12:00:00,7,34,2026-07-12 00:00:00,8 days 12:00:00,204,14.25,152.5,1006.9,31.7
2026-07-03 12:00:00,7,34,2026-07-12 06:00:00,8 days 18:00:00,210,15.25,152.13,1006.5,32.4
2026-07-03 12:00:00,7,34,2026-07-12 12:00:00,9 days 00:00:00,216,16.25,151.75,1006.1,33.0
2026-07-03 12:00:00,7,34,2026-07-12 18:00:00,9 days 06:00:00,222,17.38,151.75,1004.5,35.9
2026-07-03 12:00:00,7,34,2026-07-13 00:00:00,9 days 12:00:00,228,18.5,151.75,1002.9,38.8
2026-07-03 12:00:00,7,34,2026-07-13 06:00:00,9 days 18:00:00,234,19.88,151.38,1001.9,40.5
2026-07-03 12:00:00,7,34,2026-07-13 12:00:00,10 days 00:00:00,240,21.25,151.0,1000.9,42.2
2026-07-03 12:00:00,7,34,2026-07-13 18:00:00,10 days 06:00:00,246,21.88,151.37,998.8,45.5
2026-07-03 12:00:00,7,34,2026-07-14 00:00:00,10 days 12:00:00,252,22.5,151.75,996.7,48.9
2026-07-03 12:00:00,7,34,2026-07-14 06:00:00,10 days 18:00:00,258,23.5,152.12,994.9,51.6
2026-07-03 12:00:00,7,34,2026-07-14 12:00:00,11 days 00:00:00,264,24.5,152.5,993.1,54.3
2026-07-03 12:00:00,7,34,2026-07-14 18:00:00,11 days 06:00:00,270,25.38,153.24,987.8,61.6
2026-07-03 12:00:00,7,34,2026-07-15 00:00:00,11 days 12:00:00,276,26.25,154.0,982.5,69.0
2026-07-03 12:00:00,7,34,2026-07-15 06:00:00,11 days 18:00:00,282,27.0,154.37,977.1,75.8
2026-07-03 12:00:00,7,34,2026-07-15 12:00:00,12 days 00:00:00,288,27.75,154.75,971.7,82.6
2026-07-03 12:00:00,7,34,2026-07-15 18:00:00,12 days 06:00:00,294,28.88,154.5,968.9,85.9
2026-07-03 12:00:00,7,34,2026-07-16 00:00:00,12 days 12:00:00,300,30.0,154.25,966.1,89.2
2026-07-03 12:00:00,7,34,2026-07-16 06:00:00,12 days 18:00:00,306,30.75,153.26,970.4,84.0
2026-07-03 12:00:00,7,34,2026-07-16 12:00:00,13 days 00:00:00,312,31.5,152.25,974.7,78.9
2026-07-03 12:00:00,7,34,2026-07-16 18:00:00,13 days 06:00:00,318,32.25,151.26,978.5,74.0
2026-07-03 12:00:00,7,34,2026-07-17 00:00:00,13 days 12:00:00,324,33.0,150.25,982.3,69.2
2026-07-03 12:00:00,7,34,2026-07-17 06:00:00,13 days 18:00:00,330,33.38,149.13,986.0,64.2
2026-07-03 12:00:00,7,34,2026-07-17 12:00:00,14 days 00:00:00,336,33.75,148.0,989.6,59.3
2026-07-03 12:00:00,7,34,2026-07-17 18:00:00,14 days 06:00:00,342,34.0,147.25,992.1,55.6
2026-07-03 12:00:00,7,34,2026-07-18 00:00:00,14 days 12:00:00,348,34.25,146.5,994.7,52.0
2026-07-03 12:00:00,7,34,2026-07-18 06:00:00,14 days 18:00:00,354,34.26,145.38,995.9,50.1
2026-07-03 12:00:00,7,34,2026-07-18 12:00:00,15 days 00:00:00,360,34.25,144.25,997.1,48.3
2026-07-03 12:00:00,8,34,2026-07-14 00:00:00,10 days 12:00:00,252,-45.75,-146.0,967.9,87.1
2026-07-03 12:00:00,8,34,2026-07-14 06:00:00,10 days 18:00:00,258,-44.63,-145.62,966.8,88.4
2026-07-03 12:00:00,8,34,2026-07-14 12:00:00,11 days 00:00:00,264,-43.5,-145.25,965.6,89.8
2026-07-03 12:00:00,8,34,2026-07-14 18:00:00,11 days 06:00:00,270,-43.63,-144.63,965.1,90.3
2026-07-03 12:00:00,8,34,2026-07-15 00:00:00,11 days 12:00:00,276,-43.75,-144.0,964.7,90.9
2026-07-03 12:00:00,8,34,2026-07-15 06:00:00,11 days 18:00:00,282,-44.63,-143.26,965.7,89.6
2026-07-03 12:00:00,8,34,2026-07-15 12:00:00,12 days 00:00:00,288,-45.5,-142.5,966.8,88.4
2026-07-03 12:00:00,8,34,2026-07-15 18:00:00,12 days 06:00:00,294,-45.13,-141.87,968.5,86.3
2026-07-03 12:00:00,8,34,2026-07-16 00:00:00,12 days 12:00:00,300,-44.75,-141.25,970.3,84.2
2026-07-03 12:00:00,8,34,2026-07-16 06:00:00,12 days 18:00:00,306,-44.28,-138.73,972.9,81.1
2026-07-03 12:00:00,8,34,2026-07-16 12:00:00,13 days 00:00:00,312,-43.75,-136.25,975.5,77.9
2026-07-03 12:00:00,3,35,2026-07-03 12:00:00,0 days 00:00:00,0,12.75,153.0,976.5,76.7
2026-07-03 12:00:00,3,35,2026-07-03 18:00:00,0 days 06:00:00,6,12.88,152.25,973.7,80.0
2026-07-03 12:00:00,3,35,2026-07-04 00:00:00,0 days 12:00:00,12,13.0,151.5,971.0,83.4
2026-07-03 12:00:00,3,35,2026-07-04 06:00:00,0 days 18:00:00,18,13.0,151.0,971.2,83.2
2026-07-03 12:00:00,3,35,2026-07-04 12:00:00,1 days 00:00:00,24,13.0,150.5,971.4,82.9
2026-07-03 12:00:00,3,35,2026-07-04 18:00:00,1 days 06:00:00,30,13.25,149.63,968.5,86.4
2026-07-03 12:00:00,3,35,2026-07-05 00:00:00,1 days 12:00:00,36,13.5,148.75,965.6,89.8
2026-07-03 12:00:00,3,35,2026-07-05 06:00:00,1 days 18:00:00,42,13.63,148.0,965.6,89.8
2026-07-03 12:00:00,3,35,2026-07-05 12:00:00,2 days 00:00:00,48,13.75,147.25,965.6,89.8
2026-07-03 12:00:00,3,35,2026-07-05 18:00:00,2 days 06:00:00,54,14.13,146.0,963.2,92.6
2026-07-03 12:00:00,3,35,2026-07-06 00:00:00,2 days 12:00:00,60,14.5,144.75,960.8,95.3
2026-07-03 12:00:00,3,35,2026-07-06 06:00:00,2 days 18:00:00,66,14.75,143.5,958.8,97.5
2026-07-03 12:00:00,3,35,2026-07-06 12:00:00,3 days 00:00:00,72,15.0,142.25,956.9,99.7
2026-07-03 12:00:00,3,35,2026-07-06 18:00:00,3 days 06:00:00,78,15.25,140.75,954.1,102.8
2026-07-03 12:00:00,3,35,2026-07-07 00:00:00,3 days 12:00:00,84,15.5,139.25,951.3,105.9
2026-07-03 12:00:00,3,35,2026-07-07 06:00:00,3 days 18:00:00,90,16.0,137.88,951.6,105.5
2026-07-03 12:00:00,3,35,2026-07-07 12:00:00,4 days 00:00:00,96,16.5,136.5,951.9,105.2
2026-07-03 12:00:00,3,35,2026-07-07 18:00:00,4 days 06:00:00,102,16.76,135.0,949.8,107.4
2026-07-03 12:00:00,3,35,2026-07-08 00:00:00,4 days 12:00:00,108,17.0,133.5,947.8,109.5
2026-07-03 12:00:00,3,35,2026-07-08 06:00:00,4 days 18:00:00,114,17.5,132.25,946.7,110.8
2026-07-03 12:00:00,3,35,2026-07-08 12:00:00,5 days 00:00:00,120,18.0,131.0,945.5,112.0
2026-07-03 12:00:00,3,35,2026-07-08 18:00:00,5 days 06:00:00,126,18.5,129.88,945.4,112.1
2026-07-03 12:00:00,3,35,2026-07-09 00:00:00,5 days 12:00:00,132,19.0,128.75,945.4,112.1
2026-07-03 12:00:00,3,35,2026-07-09 06:00:00,5 days 18:00:00,138,19.5,128.0,945.7,111.8
2026-07-03 12:00:00,3,35,2026-07-09 12:00:00,6 days 00:00:00,144,20.0,127.25,946.0,111.5
2026-07-03 12:00:00,3,35,2026-07-09 18:00:00,6 days 06:00:00,150,20.75,126.5,947.1,110.3
2026-07-03 12:00:00,3,35,2026-07-10 00:00:00,6 days 12:00:00,156,21.5,125.75,948.2,109.1
2026-07-03 12:00:00,3,35,2026-07-10 06:00:00,6 days 18:00:00,162,22.38,124.88,951.4,105.6
2026-07-03 12:00:00,3,35,2026-07-10 12:00:00,7 days 00:00:00,168,23.25,124.0,954.6,102.2
2026-07-03 12:00:00,3,35,2026-07-10 18:00:00,7 days 06:00:00,174,24.25,123.38,952.4,104.6
2026-07-03 12:00:00,3,35,2026-07-11 00:00:00,7 days 12:00:00,180,25.25,122.75,950.2,107.0
2026-07-03 12:00:00,3,35,2026-07-11 06:00:00,7 days 18:00:00,186,26.25,122.25,957.5,98.9
2026-07-03 12:00:00,3,35,2026-07-11 12:00:00,8 days 00:00:00,192,27.25,121.75,964.8,90.8
2026-07-03 12:00:00,3,35,2026-07-11 18:00:00,8 days 06:00:00,198,28.63,121.01,973.3,80.4
2026-07-03 12:00:00,3,35,2026-07-12 00:00:00,8 days 12:00:00,204,30.0,120.25,981.7,70.0
2026-07-03 12:00:00,3,35,2026-07-12 06:00:00,8 days 18:00:00,210,30.88,120.0,984.9,65.7
2026-07-03 12:00:00,3,35,2026-07-12 12:00:00,9 days 00:00:00,216,31.75,119.75,988.1,61.3
2026-07-03 12:00:00,3,35,2026-07-12 18:00:00,9 days 06:00:00,222,32.75,119.87,989.1,60.0
2026-07-03 12:00:00,3,35,2026-07-13 00:00:00,9 days 12:00:00,228,33.75,120.0,990.0,58.7
2026-07-03 12:00:00,3,35,2026-07-13 06:00:00,9 days 18:00:00,234,34.63,120.37,991.4,56.7
2026-07-03 12:00:00,3,35,2026-07-13 12:00:00,10 days 00:00:00,240,35.5,120.75,992.9,54.6
2026-07-03 12:00:00,4,35,2026-07-03 12:00:00,0 days 00:00:00,0,19.5,-128.5,1001.2,41.7
2026-07-03 12:00:00,4,35,2026-07-03 18:00:00,0 days 06:00:00,6,20.31,-128.62,1002.6,39.2
2026-07-03 12:00:00,4,35,2026-07-04 00:00:00,0 days 12:00:00,12,21.13,-128.75,1004.0,36.7
2026-07-03 12:00:00,4,35,2026-07-04 06:00:00,0 days 18:00:00,18,21.94,-128.87,1005.5,34.2
2026-07-03 12:00:00,4,35,2026-07-04 12:00:00,1 days 00:00:00,24,22.75,-129.0,1006.9,31.6
2026-07-03 12:00:00,5,35,2026-07-03 12:00:00,0 days 00:00:00,0,18.5,110.0,997.5,47.5
2026-07-03 12:00:00,5,35,2026-07-03 18:00:00,0 days 06:00:00,6,19.38,109.01,997.1,48.2
2026-07-03 12:00:00,5,35,2026-07-04 00:00:00,0 days 12:00:00,12,20.25,108.0,996.7,48.9
2026-07-03 12:00:00,5,35,2026-07-04 06:00:00,0 days 18:00:00,18,20.63,107.88,995.8,50.2
2026-07-03 12:00:00,5,35,2026-07-04 12:00:00,1 days 00:00:00,24,21.0,107.75,994.9,51.5
2026-07-03 12:00:00,5,35,2026-07-04 18:00:00,1 days 06:00:00,30,21.25,107.87,996.2,49.6
2026-07-03 12:00:00,5,35,2026-07-05 00:00:00,1 days 12:00:00,36,21.5,108.0,997.5,47.6
2026-07-03 12:00:00,5,35,2026-07-05 06:00:00,1 days 18:00:00,42,22.38,108.12,998.6,45.8
2026-07-03 12:00:00,5,35,2026-07-05 12:00:00,2 days 00:00:00,48,23.25,108.25,999.7,44.1
2026-07-03 12:00:00,5,35,2026-07-05 18:00:00,2 days 06:00:00,54,24.5,108.87,999.8,44.0
2026-07-03 12:00:00,5,35,2026-07-06 00:00:00,2 days 12:00:00,60,25.75,109.5,999.8,44.0
2026-07-03 12:00:00,6,35,2026-07-13 00:00:00,9 days 12:00:00,228,-45.5,-138.25,968.6,86.3
2026-07-03 12:00:00,6,35,2026-07-13 06:00:00,9 days 18:00:00,234,-48.51,-132.94,968.7,86.2
2026-07-03 12:00:00,6,35,2026-07-13 12:00:00,10 days 00:00:00,240,-51.25,-127.0,968.8,86.0
2026-07-03 12:00:00,6,35,2026-07-13 18:00:00,10 days 06:00:00,246,-47.89,-129.0,971.7,82.5
2026-07-03 12:00:00,6,35,2026-07-14 00:00:00,10 days 12:00:00,252,-44.5,-130.75,974.6,79.0
2026-07-03 12:00:00,6,35,2026-07-14 06:00:00,10 days 18:00:00,258,-44.25,-130.25,974.7,78.9
2026-07-03 12:00:00,6,35,2026-07-14 12:00:00,11 days 00:00:00,264,-44.0,-129.75,974.7,78.9
2026-07-03 12:00:00,6,35,2026-07-14 18:00:00,11 days 06:00:00,270,-45.62,-126.89,974.5,79.1
2026-07-03 12:00:00,6,35,2026-07-15 00:00:00,11 days 12:00:00,276,-47.17,-123.85,974.3,79.4
2026-07-03 12:00:00,6,35,2026-07-15 06:00:00,11 days 18:00:00,282,-48.63,-120.64,974.0,79.7
2026-07-03 12:00:00,6,35,2026-07-15 12:00:00,12 days 00:00:00,288,-50.0,-117.25,973.8,80.0
2026-07-03 12:00:00,6,35,2026-07-15 18:00:00,12 days 06:00:00,294,-49.38,-118.52,973.5,80.4
2026-07-03 12:00:00,6,35,2026-07-16 00:00:00,12 days 12:00:00,300,-48.75,-119.75,973.2,80.8
2026-07-03 12:00:00,6,35,2026-07-16 06:00:00,12 days 18:00:00,306,-48.5,-120.5,972.8,81.2
2026-07-03 12:00:00,6,35,2026-07-16 12:00:00,13 days 00:00:00,312,-48.25,-121.25,972.4,81.7
2026-07-03 12:00:00,6,35,2026-07-16 18:00:00,13 days 06:00:00,318,-47.39,-119.6,973.7,80.1
2026-07-03 12:00:00,6,35,2026-07-17 00:00:00,13 days 12:00:00,324,-46.5,-118.0,975.0,78.5
2026-07-03 12:00:00,6,35,2026-07-17 06:00:00,13 days 18:00:00,330,-46.88,-117.26,976.1,77.2
2026-07-03 12:00:00,6,35,2026-07-17 12:00:00,14 days 00:00:00,336,-47.25,-116.5,977.1,75.9
2026-07-03 12:00:00,6,35,2026-07-17 18:00:00,14 days 06:00:00,342,-47.5,-115.75,977.3,75.7
2026-07-03 12:00:00,6,35,2026-07-18 00:00:00,14 days 12:00:00,348,-47.75,-115.0,977.4,75.5
2026-07-03 12:00:00,6,35,2026-07-18 06:00:00,14 days 18:00:00,354,-47.63,-114.62,978.0,74.8
2026-07-03 12:00:00,6,35,2026-07-18 12:00:00,15 days 00:00:00,360,-47.5,-114.25,978.5,74.1
2026-07-03 12:00:00,7,35,2026-07-13 00:00:00,9 days 12:00:00,228,10.5,139.0,1003.1,38.4
2026-07-03 12:00:00,7,35,2026-07-13 06:00:00,9 days 18:00:00,234,11.88,138.88,1003.7,37.3
2026-07-03 12:00:00,7,35,2026-07-13 12:00:00,10 days 00:00:00,240,13.25,138.75,1004.4,36.2
2026-07-03 12:00:00,7,35,2026-07-13 18:00:00,10 days 06:00:00,246,14.38,138.25,1004.1,36.8
2026-07-03 12:00:00,7,35,2026-07-14 00:00:00,10 days 12:00:00,252,15.5,137.75,1003.8,37.3
2026-07-03 12:00:00,7,35,2026-07-14 06:00:00,10 days 18:00:00,258,16.75,137.38,1003.8,37.3
2026-07-03 12:00:00,7,35,2026-07-14 12:00:00,11 days 00:00:00,264,18.0,137.0,1003.8,37.3
2026-07-03 12:00:00,7,35,2026-07-14 18:00:00,11 days 06:00:00,270,18.0,135.75,1002.8,38.9
2026-07-03 12:00:00,7,35,2026-07-15 00:00:00,11 days 12:00:00,276,18.0,134.5,1001.8,40.6
2026-07-03 12:00:00,7,35,2026-07-15 06:00:00,11 days 18:00:00,282,18.63,133.25,1001.4,41.3
2026-07-03 12:00:00,7,35,2026-07-15 12:00:00,12 days 00:00:00,288,19.25,132.0,1001.0,42.0
2026-07-03 12:00:00,7,35,2026-07-15 18:00:00,12 days 06:00:00,294,19.25,132.12,999.8,43.9
2026-07-03 12:00:00,7,35,2026-07-16 00:00:00,12 days 12:00:00,300,19.25,132.25,998.6,45.8
2026-07-03 12:00:00,7,35,2026-07-16 06:00:00,12 days 18:00:00,306,19.88,132.62,998.6,45.9
2026-07-03 12:00:00,7,35,2026-07-16 12:00:00,13 days 00:00:00,312,20.5,133.0,998.5,46.1
2026-07-03 12:00:00,7,35,2026-07-16 18:00:00,13 days 06:00:00,318,20.38,132.5,998.9,45.4
2026-07-03 12:00:00,7,35,2026-07-17 00:00:00,13 days 12:00:00,324,20.25,132.0,999.4,44.6
2026-07-03 12:00:00,7,35,2026-07-17 06:00:00,13 days 18:00:00,330,20.5,130.75,999.4,44.6
2026-07-03 12:00:00,7,35,2026-07-17 12:00:00,14 days 00:00:00,336,20.75,129.5,999.5,44.5
2026-07-03 12:00:00,7,35,2026-07-17 18:00:00,14 days 06:00:00,342,20.38,129.0,999.9,43.8
2026-07-03 12:00:00,7,35,2026-07-18 00:00:00,14 days 12:00:00,348,20.0,128.5,1000.3,43.2
2026-07-03 12:00:00,7,35,2026-07-18 06:00:00,14 days 18:00:00,354,20.0,127.88,998.8,45.6
2026-07-03 12:00:00,7,35,2026-07-18 12:00:00,15 days 00:00:00,360,20.0,127.25,997.2,48.0
2026-07-03 12:00:00,3,36,2026-07-03 12:00:00,0 days 00:00:00,0,12.75,153.0,976.5,76.7
2026-07-03 12:00:00,3,36,2026-07-03 18:00:00,0 days 06:00:00,6,12.88,152.38,973.3,80.6
2026-07-03 12:00:00,3,36,2026-07-04 00:00:00,0 days 12:00:00,12,13.0,151.75,970.1,84.5
2026-07-03 12:00:00,3,36,2026-07-04 06:00:00,0 days 18:00:00,18,13.0,151.0,970.9,83.5
2026-07-03 12:00:00,3,36,2026-07-04 12:00:00,1 days 00:00:00,24,13.0,150.25,971.7,82.5
2026-07-03 12:00:00,3,36,2026-07-04 18:00:00,1 days 06:00:00,30,13.25,149.5,970.6,83.8
2026-07-03 12:00:00,3,36,2026-07-05 00:00:00,1 days 12:00:00,36,13.5,148.75,969.5,85.2
2026-07-03 12:00:00,3,36,2026-07-05 06:00:00,1 days 18:00:00,42,13.5,147.88,970.5,84.0
2026-07-03 12:00:00,3,36,2026-07-05 12:00:00,2 days 00:00:00,48,13.5,147.0,971.5,82.8
2026-07-03 12:00:00,3,36,2026-07-05 18:00:00,2 days 06:00:00,54,14.0,145.88,968.1,86.8
2026-07-03 12:00:00,3,36,2026-07-06 00:00:00,2 days 12:00:00,60,14.5,144.75,964.7,90.8
2026-07-03 12:00:00,3,36,2026-07-06 06:00:00,2 days 18:00:00,66,14.75,143.63,959.6,96.5
2026-07-03 12:00:00,3,36,2026-07-06 12:00:00,3 days 00:00:00,72,15.0,142.5,954.5,102.3
2026-07-03 12:00:00,3,36,2026-07-06 18:00:00,3 days 06:00:00,78,15.38,141.13,953.2,103.7
2026-07-03 12:00:00,3,36,2026-07-07 00:00:00,3 days 12:00:00,84,15.75,139.75,951.9,105.1
2026-07-03 12:00:00,3,36,2026-07-07 06:00:00,3 days 18:00:00,90,16.13,138.25,952.2,104.9
2026-07-03 12:00:00,3,36,2026-07-07 12:00:00,4 days 00:00:00,96,16.5,136.75,952.4,104.6
2026-07-03 12:00:00,3,36,2026-07-07 18:00:00,4 days 06:00:00,102,16.63,135.25,951.1,106.0
2026-07-03 12:00:00,3,36,2026-07-08 00:00:00,4 days 12:00:00,108,16.75,133.75,949.7,107.5
2026-07-03 12:00:00,3,36,2026-07-08 06:00:00,4 days 18:00:00,114,17.0,132.63,950.7,106.5
2026-07-03 12:00:00,3,36,2026-07-08 12:00:00,5 days 00:00:00,120,17.25,131.5,951.6,105.4
2026-07-03 12:00:00,3,36,2026-07-08 18:00:00,5 days 06:00:00,126,17.63,130.0,950.8,106.3
2026-07-03 12:00:00,3,36,2026-07-09 00:00:00,5 days 12:00:00,132,18.0,128.5,950.0,107.2
2026-07-03 12:00:00,3,36,2026-07-09 06:00:00,5 days 18:00:00,138,18.25,127.75,948.6,108.7
2026-07-03 12:00:00,3,36,2026-07-09 12:00:00,6 days 00:00:00,144,18.5,127.0,947.1,110.3
2026-07-03 12:00:00,3,36,2026-07-09 18:00:00,6 days 06:00:00,150,19.13,125.88,945.9,111.5
2026-07-03 12:00:00,3,36,2026-07-10 00:00:00,6 days 12:00:00,156,19.75,124.75,944.8,112.7
2026-07-03 12:00:00,3,36,2026-07-10 06:00:00,6 days 18:00:00,162,20.25,124.0,944.2,113.4
2026-07-03 12:00:00,3,36,2026-07-10 12:00:00,7 days 00:00:00,168,20.75,123.25,943.6,114.0
2026-07-03 12:00:00,3,36,2026-07-10 18:00:00,7 days 06:00:00,174,21.75,122.38,948.5,108.7
2026-07-03 12:00:00,3,36,2026-07-11 00:00:00,7 days 12:00:00,180,22.75,121.5,953.5,103.4
2026-07-03 12:00:00,3,36,2026-07-11 06:00:00,7 days 18:00:00,186,23.63,120.38,962.4,93.2
2026-07-03 12:00:00,3,36,2026-07-11 12:00:00,8 days 00:00:00,192,24.5,119.25,971.3,83.1
2026-07-03 12:00:00,3,36,2026-07-11 18:00:00,8 days 06:00:00,198,26.13,118.14,979.4,72.7
2026-07-03 12:00:00,3,36,2026-07-12 00:00:00,8 days 12:00:00,204,27.75,117.0,987.4,62.3
2026-07-03 12:00:00,3,36,2026-07-12 06:00:00,8 days 18:00:00,210,28.13,116.25,989.0,60.1
2026-07-03 12:00:00,3,36,2026-07-12 12:00:00,9 days 00:00:00,216,28.5,115.5,990.6,57.8
2026-07-03 12:00:00,3,36,2026-07-12 18:00:00,9 days 06:00:00,222,29.38,114.88,992.5,55.1
2026-07-03 12:00:00,3,36,2026-07-13 00:00:00,9 days 12:00:00,228,30.25,114.25,994.3,52.4
2026-07-03 12:00:00,3,36,2026-07-13 06:00:00,9 days 18:00:00,234,26.07,109.46,995.1,51.3
2026-07-03 12:00:00,3,36,2026-07-13 12:00:00,10 days 00:00:00,240,21.75,105.0,995.8,50.2
2026-07-03 12:00:00,4,36,2026-07-03 12:00:00,0 days 00:00:00,0,19.5,-128.5,1001.2,41.7
2026-07-03 12:00:00,4,36,2026-07-03 18:00:00,0 days 06:00:00,6,20.25,-128.5,1001.1,41.8
2026-07-03 12:00:00,4,36,2026-07-04 00:00:00,0 days 12:00:00,12,21.0,-128.5,1001.1,41.9
2026-07-03 12:00:00,5,36,2026-07-03 12:00:00,0 days 00:00:00,0,18.5,110.0,997.5,47.5
2026-07-03 12:00:00,5,36,2026-07-03 18:00:00,0 days 06:00:00,6,19.38,109.13,997.1,48.2
2026-07-03 12:00:00,5,36,2026-07-04 00:00:00,0 days 12:00:00,12,20.25,108.25,996.7,48.9
2026-07-03 12:00:00,5,36,2026-07-04 06:00:00,0 days 18:00:00,18,20.75,108.13,995.7,50.4
2026-07-03 12:00:00,5,36,2026-07-04 12:00:00,1 days 00:00:00,24,21.25,108.0,994.7,51.9
2026-07-03 12:00:00,5,36,2026-07-04 18:00:00,1 days 06:00:00,30,21.5,108.37,994.9,51.6
2026-07-03 12:00:00,5,36,2026-07-05 00:00:00,1 days 12:00:00,36,21.75,108.75,995.0,51.4
2026-07-03 12:00:00,5,36,2026-07-05 06:00:00,1 days 18:00:00,42,21.88,108.87,996.8,48.7
2026-07-03 12:00:00,5,36,2026-07-05 12:00:00,2 days 00:00:00,48,22.0,109.0,998.6,46.0
2026-07-03 12:00:00,6,36,2026-07-11 00:00:00,7 days 12:00:00,180,17.25,154.25,1005.9,33.4
2026-07-03 12:00:00,6,36,2026-07-11 06:00:00,7 days 18:00:00,186,18.75,154.0,1004.8,35.4
2026-07-03 12:00:00,6,36,2026-07-11 12:00:00,8 days 00:00:00,192,20.25,153.75,1003.7,37.3
2026-07-03 12:00:00,6,36,2026-07-11 18:00:00,8 days 06:00:00,198,21.0,153.75,1001.8,40.6
2026-07-03 12:00:00,6,36,2026-07-12 00:00:00,8 days 12:00:00,204,21.75,153.75,999.8,43.9
2026-07-03 12:00:00,6,36,2026-07-12 06:00:00,8 days 18:00:00,210,22.63,154.37,995.8,50.0
2026-07-03 12:00:00,6,36,2026-07-12 12:00:00,9 days 00:00:00,216,23.5,155.0,991.9,56.1
2026-07-03 12:00:00,6,36,2026-07-12 18:00:00,9 days 06:00:00,222,24.25,155.75,985.1,65.2
2026-07-03 12:00:00,6,36,2026-07-13 00:00:00,9 days 12:00:00,228,25.0,156.5,978.4,74.3
2026-07-03 12:00:00,6,36,2026-07-13 06:00:00,9 days 18:00:00,234,25.88,157.24,973.4,80.4
2026-07-03 12:00:00,6,36,2026-07-13 12:00:00,10 days 00:00:00,240,26.75,158.0,968.5,86.4
2026-07-03 12:00:00,6,36,2026-07-13 18:00:00,10 days 06:00:00,246,27.63,158.87,969.9,84.7
2026-07-03 12:00:00,6,36,2026-07-14 00:00:00,10 days 12:00:00,252,28.5,159.75,971.4,82.9
2026-07-03 12:00:00,6,36,2026-07-14 06:00:00,10 days 18:00:00,258,29.63,160.74,968.7,86.1
2026-07-03 12:00:00,6,36,2026-07-14 12:00:00,11 days 00:00:00,264,30.75,161.75,966.1,89.2
2026-07-03 12:00:00,6,36,2026-07-14 18:00:00,11 days 06:00:00,270,32.25,162.36,969.5,85.2
2026-07-03 12:00:00,6,36,2026-07-15 00:00:00,11 days 12:00:00,276,33.75,163.0,972.9,81.1
2026-07-03 12:00:00,6,36,2026-07-15 06:00:00,11 days 18:00:00,282,35.88,163.0,973.1,80.9
2026-07-03 12:00:00,6,36,2026-07-15 12:00:00,12 days 00:00:00,288,38.0,163.0,973.3,80.6
2026-07-03 12:00:00,6,36,2026-07-15 18:00:00,12 days 06:00:00,294,41.0,162.28,978.1,74.5
2026-07-03 12:00:00,6,36,2026-07-16 00:00:00,12 days 12:00:00,300,44.0,161.5,983.0,68.3
2026-07-03 12:00:00,6,36,2026-07-16 06:00:00,12 days 18:00:00,306,46.63,160.55,984.2,66.7
2026-07-03 12:00:00,6,36,2026-07-16 12:00:00,13 days 00:00:00,312,49.25,159.5,985.4,65.1
2026-07-03 12:00:00,6,36,2026-07-16 18:00:00,13 days 06:00:00,318,52.26,158.33,989.7,59.0
2026-07-03 12:00:00,6,36,2026-07-17 00:00:00,13 days 12:00:00,324,55.25,157.0,994.1,52.8
2026-07-03 12:00:00,7,36,2026-07-15 12:00:00,12 days 00:00:00,288,14.25,-109.75,1003.5,37.8
2026-07-03 12:00:00,7,36,2026-07-15 18:00:00,12 days 06:00:00,294,13.63,-109.88,1001.8,40.6
2026-07-03 12:00:00,7,36,2026-07-16 00:00:00,12 days 12:00:00,300,13.0,-110.0,1000.2,43.3
2026-07-03 12:00:00,7,36,2026-07-16 06:00:00,12 days 18:00:00,306,12.88,-110.88,1000.0,43.7
2026-07-03 12:00:00,7,36,2026-07-16 12:00:00,13 days 00:00:00,312,12.75,-111.75,999.8,44.0
2026-07-03 12:00:00,7,36,2026-07-16 18:00:00,13 days 06:00:00,318,13.25,-112.75,997.4,47.6
2026-07-03 12:00:00,7,36,2026-07-17 00:00:00,13 days 12:00:00,324,13.75,-113.75,995.1,51.2
2026-07-03 12:00:00,7,36,2026-07-17 06:00:00,13 days 18:00:00,330,14.38,-114.25,993.8,53.3
2026-07-03 12:00:00,7,36,2026-07-17 12:00:00,14 days 00:00:00,336,15.0,-114.75,992.4,55.3
2026-07-03 12:00:00,7,36,2026-07-17 18:00:00,14 days 06:00:00,342,15.25,-115.5,991.7,56.2
2026-07-03 12:00:00,7,36,2026-07-18 00:00:00,14 days 12:00:00,348,15.5,-116.25,991.1,57.2
2026-07-03 12:00:00,7,36,2026-07-18 06:00:00,14 days 18:00:00,354,16.0,-116.75,989.5,59.4
2026-07-03 12:00:00,7,36,2026-07-18 12:00:00,15 days 00:00:00,360,16.5,-117.25,987.9,61.7
2026-07-03 12:00:00,3,37,2026-07-03 12:00:00,0 days 00:00:00,0,12.75,153.0,976.5,76.7
2026-07-03 12:00:00,3,37,2026-07-03 18:00:00,0 days 06:00:00,6,12.75,152.38,973.1,80.8
2026-07-03 12:00:00,3,37,2026-07-04 00:00:00,0 days 12:00:00,12,12.75,151.75,969.7,84.9
2026-07-03 12:00:00,3,37,2026-07-04 06:00:00,0 days 18:00:00,18,12.88,151.0,969.9,84.7
2026-07-03 12:00:00,3,37,2026-07-04 12:00:00,1 days 00:00:00,24,13.0,150.25,970.1,84.5
2026-07-03 12:00:00,3,37,2026-07-04 18:00:00,1 days 06:00:00,30,13.13,149.25,968.8,86.0
2026-07-03 12:00:00,3,37,2026-07-05 00:00:00,1 days 12:00:00,36,13.25,148.25,967.6,87.5
2026-07-03 12:00:00,3,37,2026-07-05 06:00:00,1 days 18:00:00,42,13.38,147.5,964.7,90.8
2026-07-03 12:00:00,3,37,2026-07-05 12:00:00,2 days 00:00:00,48,13.5,146.75,961.8,94.1
2026-07-03 12:00:00,3,37,2026-07-05 18:00:00,2 days 06:00:00,54,13.75,145.75,958.5,97.9
2026-07-03 12:00:00,3,37,2026-07-06 00:00:00,2 days 12:00:00,60,14.0,144.75,955.1,101.7
2026-07-03 12:00:00,3,37,2026-07-06 06:00:00,2 days 18:00:00,66,14.38,143.75,955.5,101.2
2026-07-03 12:00:00,3,37,2026-07-06 12:00:00,3 days 00:00:00,72,14.75,142.75,955.9,100.8
2026-07-03 12:00:00,3,37,2026-07-06 18:00:00,3 days 06:00:00,78,15.0,141.38,956.1,100.6
2026-07-03 12:00:00,3,37,2026-07-07 00:00:00,3 days 12:00:00,84,15.25,140.0,956.3,100.3
2026-07-03 12:00:00,3,37,2026-07-07 06:00:00,3 days 18:00:00,90,15.5,138.75,953.2,103.7
2026-07-03 12:00:00,3,37,2026-07-07 12:00:00,4 days 00:00:00,96,15.75,137.5,950.1,107.1
2026-07-03 12:00:00,3,37,2026-07-07 18:00:00,4 days 06:00:00,102,15.88,136.0,948.7,108.6
2026-07-03 12:00:00,3,37,2026-07-08 00:00:00,4 days 12:00:00,108,16.0,134.5,947.3,110.1
2026-07-03 12:00:00,3,37,2026-07-08 06:00:00,4 days 18:00:00,114,16.38,133.5,947.8,109.5
2026-07-03 12:00:00,3,37,2026-07-08 12:00:00,5 days 00:00:00,120,16.75,132.5,948.3,109.0
2026-07-03 12:00:00,3,37,2026-07-08 18:00:00,5 days 06:00:00,126,17.0,131.38,947.0,110.4
2026-07-03 12:00:00,3,37,2026-07-09 00:00:00,5 days 12:00:00,132,17.25,130.25,945.7,111.8
2026-07-03 12:00:00,3,37,2026-07-09 06:00:00,5 days 18:00:00,138,17.75,129.5,943.9,113.6
2026-07-03 12:00:00,3,37,2026-07-09 12:00:00,6 days 00:00:00,144,18.25,128.75,942.2,115.5
2026-07-03 12:00:00,3,37,2026-07-09 18:00:00,6 days 06:00:00,150,19.13,127.88,941.8,115.8
2026-07-03 12:00:00,3,37,2026-07-10 00:00:00,6 days 12:00:00,156,20.0,127.0,941.5,116.2
2026-07-03 12:00:00,3,37,2026-07-10 06:00:00,6 days 18:00:00,162,20.63,126.63,943.1,114.5
2026-07-03 12:00:00,3,37,2026-07-10 12:00:00,7 days 00:00:00,168,21.25,126.25,944.7,112.8
2026-07-03 12:00:00,3,37,2026-07-10 18:00:00,7 days 06:00:00,174,22.5,125.38,945.6,111.8
2026-07-03 12:00:00,3,37,2026-07-11 00:00:00,7 days 12:00:00,180,23.75,124.5,946.6,110.8
2026-07-03 12:00:00,3,37,2026-07-11 06:00:00,7 days 18:00:00,186,25.0,123.63,950.0,107.2
2026-07-03 12:00:00,3,37,2026-07-11 12:00:00,8 days 00:00:00,192,26.25,122.75,953.4,103.5
2026-07-03 12:00:00,3,37,2026-07-11 18:00:00,8 days 06:00:00,198,27.88,122.26,959.1,97.1
2026-07-03 12:00:00,3,37,2026-07-12 00:00:00,8 days 12:00:00,204,29.5,121.75,964.8,90.7
2026-07-03 12:00:00,3,37,2026-07-12 06:00:00,8 days 18:00:00,210,30.75,121.63,970.0,84.5
2026-07-03 12:00:00,3,37,2026-07-12 12:00:00,9 days 00:00:00,216,32.0,121.5,975.2,78.2
2026-07-03 12:00:00,3,37,2026-07-12 18:00:00,9 days 06:00:00,222,33.38,122.12,978.2,74.4
2026-07-03 12:00:00,3,37,2026-07-13 00:00:00,9 days 12:00:00,228,34.75,122.75,981.3,70.6
2026-07-03 12:00:00,3,37,2026-07-13 06:00:00,9 days 18:00:00,234,36.51,124.46,982.5,68.9
2026-07-03 12:00:00,3,37,2026-07-13 12:00:00,10 days 00:00:00,240,38.25,126.25,983.8,67.3
2026-07-03 12:00:00,3,37,2026-07-13 18:00:00,10 days 06:00:00,246,40.04,129.29,986.4,63.7
2026-07-03 12:00:00,3,37,2026-07-14 00:00:00,10 days 12:00:00,252,41.75,132.5,989.0,60.1
2026-07-03 12:00:00,3,37,2026-07-14 06:00:00,10 days 18:00:00,258,43.03,135.07,987.7,62.0
2026-07-03 12:00:00,3,37,2026-07-14 12:00:00,11 days 00:00:00,264,44.25,137.75,986.3,63.9
2026-07-03 12:00:00,3,37,2026-07-14 18:00:00,11 days 06:00:00,270,44.29,140.62,986.1,64.2
2026-07-03 12:00:00,3,37,2026-07-15 00:00:00,11 days 12:00:00,276,44.25,143.5,985.8,64.5
2026-07-03 12:00:00,3,37,2026-07-15 06:00:00,11 days 18:00:00,282,44.96,144.7,986.3,63.8
2026-07-03 12:00:00,3,37,2026-07-15 12:00:00,12 days 00:00:00,288,45.65,145.94,986.8,63.2
2026-07-03 12:00:00,3,37,2026-07-15 18:00:00,12 days 06:00:00,294,46.33,147.2,987.3,62.5
2026-07-03 12:00:00,3,37,2026-07-16 00:00:00,12 days 12:00:00,300,47.0,148.5,987.8,61.8
2026-07-03 12:00:00,3,37,2026-07-16 06:00:00,12 days 18:00:00,306,47.26,149.74,989.3,59.7
2026-07-03 12:00:00,3,37,2026-07-16 12:00:00,13 days 00:00:00,312,47.5,151.0,990.8,57.6
2026-07-03 12:00:00,3,37,2026-07-16 18:00:00,13 days 06:00:00,318,47.51,152.5,991.8,56.1
2026-07-03 12:00:00,3,37,2026-07-17 00:00:00,13 days 12:00:00,324,47.5,154.0,992.8,54.7
2026-07-03 12:00:00,3,37,2026-07-17 06:00:00,13 days 18:00:00,330,48.14,155.61,994.5,52.2
2026-07-03 12:00:00,3,37,2026-07-17 12:00:00,14 days 00:00:00,336,48.75,157.25,996.2,49.7
2026-07-03 12:00:00,4,37,2026-07-03 12:00:00,0 days 00:00:00,0,19.5,-128.5,1001.2,41.7
2026-07-03 12:00:00,5,37,2026-07-03 12:00:00,0 days 00:00:00,0,18.5,110.0,997.5,47.5
2026-07-03 12:00:00,5,37,2026-07-03 18:00:00,0 days 06:00:00,6,19.63,108.88,997.1,48.2
2026-07-03 12:00:00,5,37,2026-07-04 00:00:00,0 days 12:00:00,12,20.75,107.75,996.7,48.8
2026-07-03 12:00:00,5,37,2026-07-04 06:00:00,0 days 18:00:00,18,21.0,107.63,996.4,49.3
2026-07-03 12:00:00,5,37,2026-07-04 12:00:00,1 days 00:00:00,24,21.25,107.5,996.1,49.8
2026-07-03 12:00:00,5,37,2026-07-04 18:00:00,1 days 06:00:00,30,21.25,107.63,996.1,49.8
2026-07-03 12:00:00,5,37,2026-07-05 00:00:00,1 days 12:00:00,36,21.25,107.75,996.1,49.8
2026-07-03 12:00:00,5,37,2026-07-05 06:00:00,1 days 18:00:00,42,22.0,107.87,996.1,49.8
2026-07-03 12:00:00,5,37,2026-07-05 12:00:00,2 days 00:00:00,48,22.75,108.0,996.1,49.7
2026-07-03 12:00:00,5,37,2026-07-05 18:00:00,2 days 06:00:00,54,23.25,108.5,997.4,47.7
2026-07-03 12:00:00,5,37,2026-07-06 00:00:00,2 days 12:00:00,60,23.75,109.0,998.8,45.6
2026-07-03 12:00:00,6,37,2026-07-04 00:00:00,0 days 12:00:00,12,20.5,87.25,993.3,54.0
2026-07-03 12:00:00,6,37,2026-07-04 06:00:00,0 days 18:00:00,18,20.13,86.87,991.7,56.3
2026-07-03 12:00:00,6,37,2026-07-04 12:00:00,1 days 00:00:00,24,19.75,86.5,990.0,58.7
2026-07-03 12:00:00,6,37,2026-07-04 18:00:00,1 days 06:00:00,30,20.13,87.0,988.8,60.4
2026-07-03 12:00:00,6,37,2026-07-05 00:00:00,1 days 12:00:00,36,20.5,87.5,987.7,62.0
2026-07-03 12:00:00,6,37,2026-07-05 06:00:00,1 days 18:00:00,42,21.25,88.0,989.1,60.0
2026-07-03 12:00:00,6,37,2026-07-05 12:00:00,2 days 00:00:00,48,22.0,88.5,990.6,57.9
2026-07-03 12:00:00,6,37,2026-07-05 18:00:00,2 days 06:00:00,54,22.38,87.13,991.2,57.0
2026-07-03 12:00:00,6,37,2026-07-06 00:00:00,2 days 12:00:00,60,22.75,85.75,991.9,56.1
2026-07-03 12:00:00,6,37,2026-07-06 06:00:00,2 days 18:00:00,66,27.88,86.23,990.8,57.6
2026-07-03 12:00:00,6,37,2026-07-06 12:00:00,3 days 00:00:00,72,33.0,86.75,989.7,59.1
2026-07-03 12:00:00,6,37,2026-07-06 18:00:00,3 days 06:00:00,78,28.64,84.93,991.3,56.8
2026-07-03 12:00:00,6,37,2026-07-07 00:00:00,3 days 12:00:00,84,24.25,83.25,993.0,54.4
2026-07-03 12:00:00,6,37,2026-07-07 06:00:00,3 days 18:00:00,90,24.63,82.63,992.6,55.0
2026-07-03 12:00:00,6,37,2026-07-07 12:00:00,4 days 00:00:00,96,25.0,82.0,992.2,55.6
2026-07-03 12:00:00,6,37,2026-07-07 18:00:00,4 days 06:00:00,102,24.75,81.5,992.8,54.8
2026-07-03 12:00:00,6,37,2026-07-08 00:00:00,4 days 12:00:00,108,24.5,81.0,993.3,53.9
2026-07-03 12:00:00,6,37,2026-07-08 06:00:00,4 days 18:00:00,114,25.0,80.38,992.6,55.0
2026-07-03 12:00:00,6,37,2026-07-08 12:00:00,5 days 00:00:00,120,25.5,79.75,991.8,56.2
2026-07-03 12:00:00,6,37,2026-07-08 18:00:00,5 days 06:00:00,126,25.38,80.0,991.7,56.4
2026-07-03 12:00:00,6,37,2026-07-09 00:00:00,5 days 12:00:00,132,25.25,80.25,991.5,56.5
2026-07-03 12:00:00,6,37,2026-07-09 06:00:00,5 days 18:00:00,138,25.88,80.0,992.4,55.3
2026-07-03 12:00:00,6,37,2026-07-09 12:00:00,6 days 00:00:00,144,26.5,79.75,993.2,54.1
2026-07-03 12:00:00,6,37,2026-07-09 18:00:00,6 days 06:00:00,150,27.0,79.87,994.0,52.9
2026-07-03 12:00:00,6,37,2026-07-10 00:00:00,6 days 12:00:00,156,27.5,80.0,994.9,51.6
2026-07-03 12:00:00,7,37,2026-07-12 12:00:00,9 days 00:00:00,216,7.75,142.25,1004.5,35.9
2026-07-03 12:00:00,7,37,2026-07-12 18:00:00,9 days 06:00:00,222,8.5,141.5,1004.6,35.7
2026-07-03 12:00:00,7,37,2026-07-13 00:00:00,9 days 12:00:00,228,9.25,140.75,1004.8,35.5
2026-07-03 12:00:00,7,37,2026-07-13 06:00:00,9 days 18:00:00,234,10.63,139.38,1004.6,35.8
2026-07-03 12:00:00,7,37,2026-07-13 12:00:00,10 days 00:00:00,240,12.0,138.0,1004.5,36.0
2026-07-03 12:00:00,7,37,2026-07-13 18:00:00,10 days 06:00:00,246,12.63,136.13,1002.9,38.8
2026-07-03 12:00:00,7,37,2026-07-14 00:00:00,10 days 12:00:00,252,13.25,134.25,1001.2,41.7
2026-07-03 12:00:00,7,37,2026-07-14 06:00:00,10 days 18:00:00,258,14.13,133.75,1000.0,43.7
2026-07-03 12:00:00,7,37,2026-07-14 12:00:00,11 days 00:00:00,264,15.0,133.25,998.7,45.7
2026-07-03 12:00:00,7,37,2026-07-14 18:00:00,11 days 06:00:00,270,15.75,132.13,996.3,49.5
2026-07-03 12:00:00,7,37,2026-07-15 00:00:00,11 days 12:00:00,276,16.5,131.0,993.8,53.3
2026-07-03 12:00:00,7,37,2026-07-15 06:00:00,11 days 18:00:00,282,17.13,130.63,990.9,57.4
2026-07-03 12:00:00,7,37,2026-07-15 12:00:00,12 days 00:00:00,288,17.75,130.25,988.0,61.6
2026-07-03 12:00:00,7,37,2026-07-15 18:00:00,12 days 06:00:00,294,18.13,129.75,988.1,61.4
2026-07-03 12:00:00,7,37,2026-07-16 00:00:00,12 days 12:00:00,300,18.5,129.25,988.3,61.2
2026-07-03 12:00:00,7,37,2026-07-16 06:00:00,12 days 18:00:00,306,18.88,129.25,988.1,61.4
2026-07-03 12:00:00,7,37,2026-07-16 12:00:00,13 days 00:00:00,312,19.25,129.25,988.0,61.6
2026-07-03 12:00:00,7,37,2026-07-16 18:00:00,13 days 06:00:00,318,19.5,129.0,986.0,64.3
2026-07-03 12:00:00,7,37,2026-07-17 00:00:00,13 days 12:00:00,324,19.75,128.75,983.9,67.0
2026-07-03 12:00:00,7,37,2026-07-17 06:00:00,13 days 18:00:00,330,20.0,128.5,982.0,69.6
2026-07-03 12:00:00,7,37,2026-07-17 12:00:00,14 days 00:00:00,336,20.25,128.25,980.1,72.1
2026-07-03 12:00:00,7,37,2026-07-17 18:00:00,14 days 06:00:00,342,20.38,127.75,977.8,75.0
2026-07-03 12:00:00,7,37,2026-07-18 00:00:00,14 days 12:00:00,348,20.5,127.25,975.5,77.9
2026-07-03 12:00:00,7,37,2026-07-18 06:00:00,14 days 18:00:00,354,20.63,126.75,976.4,76.8
2026-07-03 12:00:00,7,37,2026-07-18 12:00:00,15 days 00:00:00,360,20.75,126.25,977.2,75.7
2026-07-03 12:00:00,8,37,2026-07-15 00:00:00,11 days 12:00:00,276,11.5,-109.5,1006.0,33.2
2026-07-03 12:00:00,8,37,2026-07-15 06:00:00,11 days 18:00:00,282,12.0,-110.75,1004.3,36.2
2026-07-03 12:00:00,8,37,2026-07-15 12:00:00,12 days 00:00:00,288,12.5,-112.0,1002.6,39.3
2026-07-03 12:00:00,8,37,2026-07-15 18:00:00,12 days 06:00:00,294,12.63,-113.37,1000.8,42.3
2026-07-03 12:00:00,8,37,2026-07-16 00:00:00,12 days 12:00:00,300,12.75,-114.75,998.9,45.3
2026-07-03 12:00:00,8,37,2026-07-16 06:00:00,12 days 18:00:00,306,12.88,-116.12,996.9,48.5
2026-07-03 12:00:00,8,37,2026-07-16 12:00:00,13 days 00:00:00,312,13.0,-117.5,994.8,51.7
2026-07-03 12:00:00,8,37,2026-07-16 18:00:00,13 days 06:00:00,318,13.13,-118.25,990.4,58.0
2026-07-03 12:00:00,8,37,2026-07-17 00:00:00,13 days 12:00:00,324,13.25,-119.0,985.9,64.4
2026-07-03 12:00:00,8,37,2026-07-17 06:00:00,13 days 18:00:00,330,13.25,-119.88,979.9,72.2
2026-07-03 12:00:00,8,37,2026-07-17 12:00:00,14 days 00:00:00,336,13.25,-120.75,973.8,80.0
2026-07-03 12:00:00,8,37,2026-07-17 18:00:00,14 days 06:00:00,342,13.38,-121.5,972.9,81.1
2026-07-03 12:00:00,8,37,2026-07-18 00:00:00,14 days 12:00:00,348,13.5,-122.25,972.0,82.2
2026-07-03 12:00:00,8,37,2026-07-18 06:00:00,14 days 18:00:00,354,13.63,-122.87,971.9,82.3
2026-07-03 12:00:00,8,37,2026-07-18 12:00:00,15 days 00:00:00,360,13.75,-123.5,971.8,82.4
2026-07-03 12:00:00,9,37,2026-07-15 12:00:00,12 days 00:00:00,288,10.25,-128.0,1006.6,32.2
2026-07-03 12:00:00,9,37,2026-07-15 18:00:00,12 days 06:00:00,294,11.0,-128.87,1006.4,32.6
2026-07-03 12:00:00,9,37,2026-07-16 00:00:00,12 days 12:00:00,300,11.75,-129.75,1006.1,33.1
2026-07-03 12:00:00,9,37,2026-07-16 06:00:00,12 days 18:00:00,306,11.88,-131.0,1005.6,34.0
2026-07-03 12:00:00,9,37,2026-07-16 12:00:00,13 days 00:00:00,312,12.0,-132.25,1005.1,34.9
2026-07-03 12:00:00,9,37,2026-07-16 18:00:00,13 days 06:00:00,318,12.5,-133.37,1006.1,33.2
2026-07-03 12:00:00,9,37,2026-07-17 00:00:00,13 days 12:00:00,324,13.0,-134.5,1007.0,31.5
2026-07-03 12:00:00,9,37,2026-07-17 06:00:00,13 days 18:00:00,330,13.25,-135.25,1006.8,31.7
2026-07-03 12:00:00,9,37,2026-07-17 12:00:00,14 days 00:00:00,336,13.5,-136.0,1006.7,32.0
2026-07-03 12:00:00,9,37,2026-07-17 18:00:00,14 days 06:00:00,342,13.75,-136.87,1006.2,32.9
2026-07-03 12:00:00,9,37,2026-07-18 00:00:00,14 days 12:00:00,348,14.0,-137.75,1005.7,33.9
2026-07-03 12:00:00,9,37,2026-07-18 06:00:00,14 days 18:00:00,354,13.63,-138.25,1006.3,32.8
2026-07-03 12:00:00,9,37,2026-07-18 12:00:00,15 days 00:00:00,360,13.25,-138.75,1006.8,31.7
2026-07-03 12:00:00,3,38,2026-07-03 12:00:00,0 days 00:00:00,0,12.75,153.0,976.5,76.7
2026-07-03 12:00:00,3,38,2026-07-03 18:00:00,0 days 06:00:00,6,12.75,152.38,973.5,80.3
2026-07-03 12:00:00,3,38,2026-07-04 00:00:00,0 days 12:00:00,12,12.75,151.75,970.5,84.0
2026-07-03 12:00:00,3,38,2026-07-04 06:00:00,0 days 18:00:00,18,12.88,151.13,971.9,82.4
2026-07-03 12:00:00,3,38,2026-07-04 12:00:00,1 days 00:00:00,24,13.0,150.5,973.2,80.7
2026-07-03 12:00:00,3,38,2026-07-04 18:00:00,1 days 06:00:00,30,13.13,149.63,971.8,82.4
2026-07-03 12:00:00,3,38,2026-07-05 00:00:00,1 days 12:00:00,36,13.25,148.75,970.5,84.1
2026-07-03 12:00:00,3,38,2026-07-05 06:00:00,1 days 18:00:00,42,13.38,148.25,968.0,87.0
2026-07-03 12:00:00,3,38,2026-07-05 12:00:00,2 days 00:00:00,48,13.5,147.75,965.5,89.9
2026-07-03 12:00:00,3,38,2026-07-05 18:00:00,2 days 06:00:00,54,13.88,146.38,964.0,91.7
2026-07-03 12:00:00,3,38,2026-07-06 00:00:00,2 days 12:00:00,60,14.25,145.0,962.4,93.5
2026-07-03 12:00:00,3,38,2026-07-06 06:00:00,2 days 18:00:00,66,14.5,143.75,958.5,97.9
2026-07-03 12:00:00,3,38,2026-07-06 12:00:00,3 days 00:00:00,72,14.75,142.5,954.6,102.2
2026-07-03 12:00:00,3,38,2026-07-06 18:00:00,3 days 06:00:00,78,15.13,141.38,951.8,105.3
2026-07-03 12:00:00,3,38,2026-07-07 00:00:00,3 days 12:00:00,84,15.5,140.25,948.9,108.4
2026-07-03 12:00:00,3,38,2026-07-07 06:00:00,3 days 18:00:00,90,16.0,138.88,949.3,107.9
2026-07-03 12:00:00,3,38,2026-07-07 12:00:00,4 days 00:00:00,96,16.5,137.5,949.7,107.5
2026-07-03 12:00:00,3,38,2026-07-07 18:00:00,4 days 06:00:00,102,16.76,135.75,948.6,108.7
2026-07-03 12:00:00,3,38,2026-07-08 00:00:00,4 days 12:00:00,108,17.0,134.0,947.5,109.8
2026-07-03 12:00:00,3,38,2026-07-08 06:00:00,4 days 18:00:00,114,17.25,132.63,946.2,111.2
2026-07-03 12:00:00,3,38,2026-07-08 12:00:00,5 days 00:00:00,120,17.5,131.25,945.0,112.6
2026-07-03 12:00:00,3,38,2026-07-08 18:00:00,5 days 06:00:00,126,17.88,130.25,944.3,113.2
2026-07-03 12:00:00,3,38,2026-07-09 00:00:00,5 days 12:00:00,132,18.25,129.25,943.7,113.9
2026-07-03 12:00:00,3,38,2026-07-09 06:00:00,5 days 18:00:00,138,18.63,128.63,942.2,115.4
2026-07-03 12:00:00,3,38,2026-07-09 12:00:00,6 days 00:00:00,144,19.0,128.0,940.7,117.0
2026-07-03 12:00:00,3,38,2026-07-09 18:00:00,6 days 06:00:00,150,19.88,127.25,941.3,116.3
2026-07-03 12:00:00,3,38,2026-07-10 00:00:00,6 days 12:00:00,156,20.75,126.5,942.0,115.6
2026-07-03 12:00:00,3,38,2026-07-10 06:00:00,6 days 18:00:00,162,21.63,125.75,942.2,115.4
2026-07-03 12:00:00,3,38,2026-07-10 12:00:00,7 days 00:00:00,168,22.5,125.0,942.4,115.2
2026-07-03 12:00:00,3,38,2026-07-10 18:00:00,7 days 06:00:00,174,23.38,124.5,944.5,113.1
2026-07-03 12:00:00,3,38,2026-07-11 00:00:00,7 days 12:00:00,180,24.25,124.0,946.5,110.9
2026-07-03 12:00:00,3,38,2026-07-11 06:00:00,7 days 18:00:00,186,25.13,123.01,950.1,107.1
2026-07-03 12:00:00,3,38,2026-07-11 12:00:00,8 days 00:00:00,192,26.0,122.0,953.6,103.3
2026-07-03 12:00:00,3,38,2026-07-11 18:00:00,8 days 06:00:00,198,26.75,121.38,958.3,98.0
2026-07-03 12:00:00,3,38,2026-07-12 00:00:00,8 days 12:00:00,204,27.5,120.75,963.0,92.8
2026-07-03 12:00:00,3,38,2026-07-12 06:00:00,8 days 18:00:00,210,28.38,120.01,973.4,80.0
2026-07-03 12:00:00,3,38,2026-07-12 12:00:00,9 days 00:00:00,216,29.25,119.25,983.9,67.2
2026-07-03 12:00:00,3,38,2026-07-12 18:00:00,9 days 06:00:00,222,30.13,118.63,987.2,62.6
2026-07-03 12:00:00,3,38,2026-07-13 00:00:00,9 days 12:00:00,228,31.0,118.0,990.5,58.0
2026-07-03 12:00:00,3,38,2026-07-13 06:00:00,9 days 18:00:00,234,31.63,117.38,991.8,56.1
2026-07-03 12:00:00,3,38,2026-07-13 12:00:00,10 days 00:00:00,240,32.25,116.75,993.1,54.3
2026-07-03 12:00:00,3,38,2026-07-13 18:00:00,10 days 06:00:00,246,32.13,116.5,994.4,52.3
2026-07-03 12:00:00,3,38,2026-07-14 00:00:00,10 days 12:00:00,252,32.0,116.25,995.8,50.3
2026-07-03 12:00:00,4,38,2026-07-03 12:00:00,0 days 00:00:00,0,19.5,-128.5,1001.2,41.7
2026-07-03 12:00:00,4,38,2026-07-03 18:00:00,0 days 06:00:00,6,20.25,-128.38,1002.3,39.9
2026-07-03 12:00:00,4,38,2026-07-04 00:00:00,0 days 12:00:00,12,21.0,-128.25,1003.4,38.0
2026-07-03 12:00:00,5,38,2026-07-03 12:00:00,0 days 00:00:00,0,18.5,110.0,997.5,47.5
2026-07-03 12:00:00,5,38,2026-07-03 18:00:00,0 days 06:00:00,6,19.0,109.38,997.0,48.4
2026-07-03 12:00:00,5,38,2026-07-04 00:00:00,0 days 12:00:00,12,19.5,108.75,996.5,49.2
2026-07-03 12:00:00,5,38,2026-07-04 06:00:00,0 days 18:00:00,18,20.38,108.38,995.7,50.4
2026-07-03 12:00:00,5,38,2026-07-04 12:00:00,1 days 00:00:00,24,21.25,108.0,994.9,51.5
2026-07-03 12:00:00,5,38,2026-07-04 18:00:00,1 days 06:00:00,30,21.75,107.75,996.9,48.5
2026-07-03 12:00:00,5,38,2026-07-05 00:00:00,1 days 12:00:00,36,22.25,107.5,998.8,45.5
2026-07-03 12:00:00,6,38,2026-07-03 12:00:00,0 days 00:00:00,0,-34.25,-46.5,1000.3,43.2
2026-07-03 12:00:00,6,38,2026-07-03 18:00:00,0 days 06:00:00,6,-34.51,-45.38,997.9,46.9
2026-07-03 12:00:00,6,38,2026-07-04 00:00:00,0 days 12:00:00,12,-34.75,-44.25,995.5,50.7
2026-07-03 12:00:00,6,38,2026-07-04 06:00:00,0 days 18:00:00,18,-34.38,-43.25,996.3,49.4
2026-07-03 12:00:00,6,38,2026-07-04 12:00:00,1 days 00:00:00,24,-34.0,-42.25,997.2,48.1
2026-07-03 12:00:00,6,38,2026-07-04 18:00:00,1 days 06:00:00,30,-33.27,-40.11,998.4,46.1
2026-07-03 12:00:00,6,38,2026-07-05 00:00:00,1 days 12:00:00,36,-32.5,-38.0,999.7,44.1
2026-07-03 12:00:00,6,38,2026-07-05 06:00:00,1 days 18:00:00,42,-31.9,-35.2,1000.2,43.4
2026-07-03 12:00:00,6,38,2026-07-05 12:00:00,2 days 00:00:00,48,-31.24,-32.42,1000.6,42.6
2026-07-03 12:00:00,6,38,2026-07-05 18:00:00,2 days 06:00:00,54,-30.52,-29.68,1001.1,41.9
2026-07-03 12:00:00,6,38,2026-07-06 00:00:00,2 days 12:00:00,60,-29.75,-27.0,1001.5,41.1
2026-07-03 12:00:00,7,38,2026-07-04 00:00:00,0 days 12:00:00,12,19.75,86.5,993.2,54.1
2026-07-03 12:00:00,7,38,2026-07-04 06:00:00,0 days 18:00:00,18,20.0,86.5,990.8,57.5
2026-07-03 12:00:00,7,38,2026-07-04 12:00:00,1 days 00:00:00,24,20.25,86.5,988.5,60.9
2026-07-03 12:00:00,7,38,2026-07-04 18:00:00,1 days 06:00:00,30,20.38,86.87,987.9,61.7
2026-07-03 12:00:00,7,38,2026-07-05 00:00:00,1 days 12:00:00,36,20.5,87.25,987.3,62.6
2026-07-03 12:00:00,7,38,2026-07-05 06:00:00,1 days 18:00:00,42,21.25,87.37,985.8,64.5
2026-07-03 12:00:00,7,38,2026-07-05 12:00:00,2 days 00:00:00,48,22.0,87.5,984.4,66.4
2026-07-03 12:00:00,7,38,2026-07-05 18:00:00,2 days 06:00:00,54,22.63,86.63,987.5,62.1
2026-07-03 12:00:00,7,38,2026-07-06 00:00:00,2 days 12:00:00,60,23.25,85.75,990.6,57.8
2026-07-03 12:00:00,7,38,2026-07-06 06:00:00,2 days 18:00:00,66,23.75,84.63,990.7,57.8
2026-07-03 12:00:00,7,38,2026-07-06 12:00:00,3 days 00:00:00,72,24.25,83.5,990.7,57.8
2026-07-03 12:00:00,7,38,2026-07-06 18:00:00,3 days 06:00:00,78,24.5,82.38,990.7,57.7
2026-07-03 12:00:00,7,38,2026-07-07 00:00:00,3 days 12:00:00,84,24.75,81.25,990.7,57.7
2026-07-03 12:00:00,7,38,2026-07-07 06:00:00,3 days 18:00:00,90,25.13,80.88,991.2,57.0
2026-07-03 12:00:00,7,38,2026-07-07 12:00:00,4 days 00:00:00,96,25.5,80.5,991.7,56.3
2026-07-03 12:00:00,7,38,2026-07-07 18:00:00,4 days 06:00:00,102,26.0,80.13,991.4,56.8
2026-07-03 12:00:00,7,38,2026-07-08 00:00:00,4 days 12:00:00,108,26.5,79.75,991.0,57.3
2026-07-03 12:00:00,7,38,2026-07-08 06:00:00,4 days 18:00:00,114,29.08,84.26,989.5,59.4
2026-07-03 12:00:00,7,38,2026-07-08 12:00:00,5 days 00:00:00,120,31.5,89.0,988.0,61.5
2026-07-03 12:00:00,7,38,2026-07-08 18:00:00,5 days 06:00:00,126,29.85,83.79,991.5,56.4
2026-07-03 12:00:00,7,38,2026-07-09 00:00:00,5 days 12:00:00,132,28.0,78.75,995.1,51.4
2026-07-03 12:00:00,7,38,2026-07-09 06:00:00,5 days 18:00:00,138,30.06,82.79,992.4,55.3
2026-07-03 12:00:00,7,38,2026-07-09 12:00:00,6 days 00:00:00,144,32.0,87.0,989.7,59.1
2026-07-03 12:00:00,7,38,2026-07-09 18:00:00,6 days 06:00:00,150,32.0,86.88,989.7,59.1
2026-07-03 12:00:00,7,38,2026-07-10 00:00:00,6 days 12:00:00,156,32.0,86.75,989.7,59.1
2026-07-03 12:00:00,7,38,2026-07-10 06:00:00,6 days 18:00:00,162,32.0,86.62,989.8,59.1
2026-07-03 12:00:00,7,38,2026-07-10 12:00:00,7 days 00:00:00,168,32.0,86.5,989.8,59.1
2026-07-03 12:00:00,8,38,2026-07-12 12:00:00,9 days 00:00:00,216,9.5,141.25,1005.4,34.4
2026-07-03 12:00:00,8,38,2026-07-12 18:00:00,9 days 06:00:00,222,10.75,139.51,1005.2,34.8
2026-07-03 12:00:00,8,38,2026-07-13 00:00:00,9 days 12:00:00,228,12.0,137.75,1005.0,35.2
2026-07-03 12:00:00,8,38,2026-07-13 06:00:00,9 days 18:00:00,234,12.13,137.87,1004.3,36.3
2026-07-03 12:00:00,8,38,2026-07-13 12:00:00,10 days 00:00:00,240,12.25,138.0,1003.6,37.5
2026-07-03 12:00:00,8,38,2026-07-13 18:00:00,10 days 06:00:00,246,12.76,136.25,1002.0,40.2
2026-07-03 12:00:00,8,38,2026-07-14 00:00:00,10 days 12:00:00,252,13.25,134.5,1000.4,43.0
2026-07-03 12:00:00,8,38,2026-07-14 06:00:00,10 days 18:00:00,258,14.13,135.12,998.2,46.5
2026-07-03 12:00:00,8,38,2026-07-14 12:00:00,11 days 00:00:00,264,15.0,135.75,996.0,50.0
2026-07-03 12:00:00,8,38,2026-07-14 18:00:00,11 days 06:00:00,270,15.63,135.25,995.4,50.8
2026-07-03 12:00:00,8,38,2026-07-15 00:00:00,11 days 12:00:00,276,16.25,134.75,994.9,51.6
2026-07-03 12:00:00,8,38,2026-07-15 06:00:00,11 days 18:00:00,282,16.38,134.13,994.7,51.9
2026-07-03 12:00:00,8,38,2026-07-15 12:00:00,12 days 00:00:00,288,16.5,133.5,994.4,52.3
2026-07-03 12:00:00,8,38,2026-07-15 18:00:00,12 days 06:00:00,294,17.0,133.25,993.9,53.1
2026-07-03 12:00:00,8,38,2026-07-16 00:00:00,12 days 12:00:00,300,17.5,133.0,993.3,53.9
2026-07-03 12:00:00,8,38,2026-07-16 06:00:00,12 days 18:00:00,306,17.25,132.0,992.3,55.4
2026-07-03 12:00:00,8,38,2026-07-16 12:00:00,13 days 00:00:00,312,17.0,131.0,991.3,56.9
2026-07-03 12:00:00,8,38,2026-07-16 18:00:00,13 days 06:00:00,318,17.25,130.38,990.3,58.3
2026-07-03 12:00:00,8,38,2026-07-17 00:00:00,13 days 12:00:00,324,17.5,129.75,989.3,59.7
2026-07-03 12:00:00,8,38,2026-07-17 06:00:00,13 days 18:00:00,330,18.0,129.13,988.4,60.9
2026-07-03 12:00:00,8,38,2026-07-17 12:00:00,14 days 00:00:00,336,18.5,128.5,987.6,62.2
2026-07-03 12:00:00,8,38,2026-07-17 18:00:00,14 days 06:00:00,342,19.0,127.63,987.8,61.8
2026-07-03 12:00:00,8,38,2026-07-18 00:00:00,14 days 12:00:00,348,19.5,126.75,988.1,61.4
2026-07-03 12:00:00,8,38,2026-07-18 06:00:00,14 days 18:00:00,354,19.75,125.63,986.7,63.3
2026-07-03 12:00:00,8,38,2026-07-18 12:00:00,15 days 00:00:00,360,20.0,124.5,985.3,65.3
2026-07-03 12:00:00,9,38,2026-07-14 12:00:00,11 days 00:00:00,264,7.75,-126.25,1002.6,39.4
2026-07-03 12:00:00,9,38,2026-07-14 18:00:00,11 days 06:00:00,270,8.25,-127.31,1002.7,39.1
2026-07-03 12:00:00,9,38,2026-07-15 00:00:00,11 days 12:00:00,276,8.76,-128.37,1002.8,38.9
2026-07-03 12:00:00,9,38,2026-07-15 06:00:00,11 days 18:00:00,282,9.25,-129.43,1003.0,38.7
2026-07-03 12:00:00,9,38,2026-07-15 12:00:00,12 days 00:00:00,288,9.75,-130.5,1003.1,38.4
2026-07-03 12:00:00,9,38,2026-07-15 18:00:00,12 days 06:00:00,294,9.88,-131.62,1003.1,38.4
2026-07-03 12:00:00,9,38,2026-07-16 00:00:00,12 days 12:00:00,300,10.01,-132.75,1003.2,38.3
2026-07-03 12:00:00,9,38,2026-07-16 06:00:00,12 days 18:00:00,306,10.13,-133.87,1003.2,38.2
2026-07-03 12:00:00,9,38,2026-07-16 12:00:00,13 days 00:00:00,312,10.25,-135.0,1003.3,38.2
2026-07-03 12:00:00,9,38,2026-07-16 18:00:00,13 days 06:00:00,318,10.63,-136.0,1003.4,38.0
2026-07-03 12:00:00,9,38,2026-07-17 00:00:00,13 days 12:00:00,324,11.0,-137.0,1003.5,37.8
2026-07-03 12:00:00,9,38,2026-07-17 06:00:00,13 days 18:00:00,330,11.0,-138.12,1002.9,38.7
2026-07-03 12:00:00,9,38,2026-07-17 12:00:00,14 days 00:00:00,336,11.0,-139.25,1002.4,39.7
2026-07-03 12:00:00,9,38,2026-07-17 18:00:00,14 days 06:00:00,342,11.5,-139.37,1002.9,38.8
2026-07-03 12:00:00,9,38,2026-07-18 00:00:00,14 days 12:00:00,348,12.0,-139.5,1003.4,38.0
2026-07-03 12:00:00,9,38,2026-07-18 06:00:00,14 days 18:00:00,354,12.5,-141.0,1002.9,38.8
2026-07-03 12:00:00,9,38,2026-07-18 12:00:00,15 days 00:00:00,360,13.0,-142.5,1002.5,39.5
2026-07-03 12:00:00,3,39,2026-07-03 12:00:00,0 days 00:00:00,0,12.75,153.0,976.5,76.7
2026-07-03 12:00:00,3,39,2026-07-03 18:00:00,0 days 06:00:00,6,12.88,152.38,974.3,79.3
2026-07-03 12:00:00,3,39,2026-07-04 00:00:00,0 days 12:00:00,12,13.0,151.75,972.2,82.0
2026-07-03 12:00:00,3,39,2026-07-04 06:00:00,0 days 18:00:00,18,12.88,151.12,972.5,81.6
2026-07-03 12:00:00,3,39,2026-07-04 12:00:00,1 days 00:00:00,24,12.75,150.5,972.8,81.2
2026-07-03 12:00:00,3,39,2026-07-04 18:00:00,1 days 06:00:00,30,12.88,149.63,968.1,86.8
2026-07-03 12:00:00,3,39,2026-07-05 00:00:00,1 days 12:00:00,36,13.0,148.75,963.4,92.4
2026-07-03 12:00:00,3,39,2026-07-05 06:00:00,1 days 18:00:00,42,13.25,147.88,964.9,90.6
2026-07-03 12:00:00,3,39,2026-07-05 12:00:00,2 days 00:00:00,48,13.5,147.0,966.5,88.8
2026-07-03 12:00:00,3,39,2026-07-05 18:00:00,2 days 06:00:00,54,13.88,146.0,964.2,91.5
2026-07-03 12:00:00,3,39,2026-07-06 00:00:00,2 days 12:00:00,60,14.25,145.0,961.8,94.2
2026-07-03 12:00:00,3,39,2026-07-06 06:00:00,2 days 18:00:00,66,14.5,143.63,957.3,99.2
2026-07-03 12:00:00,3,39,2026-07-06 12:00:00,3 days 00:00:00,72,14.75,142.25,952.7,104.3
2026-07-03 12:00:00,3,39,2026-07-06 18:00:00,3 days 06:00:00,78,15.13,140.88,952.4,104.6
2026-07-03 12:00:00,3,39,2026-07-07 00:00:00,3 days 12:00:00,84,15.5,139.5,952.1,105.0
2026-07-03 12:00:00,3,39,2026-07-07 06:00:00,3 days 18:00:00,90,15.88,138.25,950.0,107.2
2026-07-03 12:00:00,3,39,2026-07-07 12:00:00,4 days 00:00:00,96,16.25,137.0,948.0,109.4
2026-07-03 12:00:00,3,39,2026-07-07 18:00:00,4 days 06:00:00,102,16.63,135.75,946.8,110.6
2026-07-03 12:00:00,3,39,2026-07-08 00:00:00,4 days 12:00:00,108,17.0,134.5,945.6,111.8
2026-07-03 12:00:00,3,39,2026-07-08 06:00:00,4 days 18:00:00,114,17.5,133.25,947.3,110.1
2026-07-03 12:00:00,3,39,2026-07-08 12:00:00,5 days 00:00:00,120,18.0,132.0,949.0,108.3
2026-07-03 12:00:00,3,39,2026-07-08 18:00:00,5 days 06:00:00,126,18.5,130.88,949.0,108.3
2026-07-03 12:00:00,3,39,2026-07-09 00:00:00,5 days 12:00:00,132,19.0,129.75,949.0,108.3
2026-07-03 12:00:00,3,39,2026-07-09 06:00:00,5 days 18:00:00,138,19.63,129.0,948.7,108.6
2026-07-03 12:00:00,3,39,2026-07-09 12:00:00,6 days 00:00:00,144,20.25,128.25,948.4,108.9
2026-07-03 12:00:00,3,39,2026-07-09 18:00:00,6 days 06:00:00,150,20.88,127.38,950.6,106.6
2026-07-03 12:00:00,3,39,2026-07-10 00:00:00,6 days 12:00:00,156,21.5,126.5,952.7,104.3
2026-07-03 12:00:00,3,39,2026-07-10 06:00:00,6 days 18:00:00,162,22.5,125.88,955.7,101.0
2026-07-03 12:00:00,3,39,2026-07-10 12:00:00,7 days 00:00:00,168,23.5,125.25,958.6,97.7
2026-07-03 12:00:00,3,39,2026-07-10 18:00:00,7 days 06:00:00,174,24.38,124.63,958.7,97.6
2026-07-03 12:00:00,3,39,2026-07-11 00:00:00,7 days 12:00:00,180,25.25,124.0,958.8,97.5
2026-07-03 12:00:00,3,39,2026-07-11 06:00:00,7 days 18:00:00,186,26.38,123.38,960.5,95.6
2026-07-03 12:00:00,3,39,2026-07-11 12:00:00,8 days 00:00:00,192,27.5,122.75,962.2,93.7
2026-07-03 12:00:00,3,39,2026-07-11 18:00:00,8 days 06:00:00,198,28.5,122.25,968.3,86.5
2026-07-03 12:00:00,3,39,2026-07-12 00:00:00,8 days 12:00:00,204,29.5,121.75,974.4,79.3
2026-07-03 12:00:00,3,39,2026-07-12 06:00:00,8 days 18:00:00,210,30.38,121.63,979.7,72.5
2026-07-03 12:00:00,3,39,2026-07-12 12:00:00,9 days 00:00:00,216,31.25,121.5,985.0,65.6
2026-07-03 12:00:00,3,39,2026-07-12 18:00:00,9 days 06:00:00,222,31.62,121.5,986.5,63.6
2026-07-03 12:00:00,3,39,2026-07-13 00:00:00,9 days 12:00:00,228,32.0,121.5,988.0,61.6
2026-07-03 12:00:00,3,39,2026-07-13 06:00:00,9 days 18:00:00,234,32.5,121.62,989.5,59.4
2026-07-03 12:00:00,3,39,2026-07-13 12:00:00,10 days 00:00:00,240,33.0,121.75,991.1,57.2
2026-07-03 12:00:00,3,39,2026-07-13 18:00:00,10 days 06:00:00,246,33.63,122.25,992.0,55.8
2026-07-03 12:00:00,3,39,2026-07-14 00:00:00,10 days 12:00:00,252,34.25,122.75,993.0,54.4
2026-07-03 12:00:00,4,39,2026-07-03 12:00:00,0 days 00:00:00,0,19.5,-128.5,1001.2,41.7
2026-07-03 12:00:00,5,39,2026-07-03 12:00:00,0 days 00:00:00,0,18.5,110.0,997.5,47.5
2026-07-03 12:00:00,5,39,2026-07-03 18:00:00,0 days 06:00:00,6,19.38,109.01,996.7,48.8
2026-07-03 12:00:00,5,39,2026-07-04 00:00:00,0 days 12:00:00,12,20.25,108.0,995.9,50.1
2026-07-03 12:00:00,5,39,2026-07-04 06:00:00,0 days 18:00:00,18,20.75,107.88,995.6,50.6
2026-07-03 12:00:00,5,39,2026-07-04 12:00:00,1 days 00:00:00,24,21.25,107.75,995.2,51.1
2026-07-03 12:00:00,5,39,2026-07-04 18:00:00,1 days 06:00:00,30,21.38,107.87,997.0,48.4
2026-07-03 12:00:00,5,39,2026-07-05 00:00:00,1 days 12:00:00,36,21.5,108.0,998.7,45.7
2026-07-03 12:00:00,5,39,2026-07-05 06:00:00,1 days 18:00:00,42,22.5,108.12,998.4,46.2
2026-07-03 12:00:00,5,39,2026-07-05 12:00:00,2 days 00:00:00,48,23.5,108.25,998.2,46.6
2026-07-03 12:00:00,5,39,2026-07-05 18:00:00,2 days 06:00:00,54,24.13,108.75,998.4,46.1
2026-07-03 12:00:00,5,39,2026-07-06 00:00:00,2 days 12:00:00,60,24.75,109.25,998.7,45.7
2026-07-03 12:00:00,6,39,2026-07-11 00:00:00,7 days 12:00:00,180,-36.25,-153.5,987.4,62.4
2026-07-03 12:00:00,6,39,2026-07-11 06:00:00,7 days 18:00:00,186,-38.51,-152.05,983.0,68.2
2026-07-03 12:00:00,6,39,2026-07-11 12:00:00,8 days 00:00:00,192,-40.75,-150.5,978.5,74.1
2026-07-03 12:00:00,6,39,2026-07-11 18:00:00,8 days 06:00:00,198,-41.47,-149.05,978.1,74.7
2026-07-03 12:00:00,6,39,2026-07-12 00:00:00,8 days 12:00:00,204,-42.16,-147.57,977.6,75.2
2026-07-03 12:00:00,6,39,2026-07-12 06:00:00,8 days 18:00:00,210,-42.84,-146.05,977.2,75.8
2026-07-03 12:00:00,6,39,2026-07-12 12:00:00,9 days 00:00:00,216,-43.5,-144.5,976.7,76.4
2026-07-03 12:00:00,6,39,2026-07-12 18:00:00,9 days 06:00:00,222,-43.0,-145.0,975.5,77.9
2026-07-03 12:00:00,6,39,2026-07-13 00:00:00,9 days 12:00:00,228,-42.5,-145.5,974.3,79.4
2026-07-03 12:00:00,6,39,2026-07-13 06:00:00,9 days 18:00:00,234,-41.63,-145.25,974.4,79.2
2026-07-03 12:00:00,6,39,2026-07-13 12:00:00,10 days 00:00:00,240,-40.75,-145.0,974.5,79.1
2026-07-03 12:00:00,6,39,2026-07-13 18:00:00,10 days 06:00:00,246,-41.17,-141.77,975.5,77.9
2026-07-03 12:00:00,6,39,2026-07-14 00:00:00,10 days 12:00:00,252,-41.5,-138.5,976.4,76.8
2026-07-03 12:00:00,6,39,2026-07-14 06:00:00,10 days 18:00:00,258,-41.38,-138.81,977.1,75.9
2026-07-03 12:00:00,6,39,2026-07-14 12:00:00,11 days 00:00:00,264,-41.25,-139.13,977.8,75.0
2026-07-03 12:00:00,6,39,2026-07-14 18:00:00,11 days 06:00:00,270,-41.13,-139.44,978.5,74.1
2026-07-03 12:00:00,6,39,2026-07-15 00:00:00,11 days 12:00:00,276,-41.0,-139.75,979.2,73.3
2026-07-03 12:00:00,6,39,2026-07-15 06:00:00,11 days 18:00:00,282,-40.88,-145.27,985.2,65.2
2026-07-03 12:00:00,6,39,2026-07-15 12:00:00,12 days 00:00:00,288,-40.5,-150.75,991.1,57.2
2026-07-03 12:00:00,6,39,2026-07-15 18:00:00,12 days 06:00:00,294,-39.88,-149.87,991.2,57.0
2026-07-03 12:00:00,6,39,2026-07-16 00:00:00,12 days 12:00:00,300,-39.25,-149.0,991.3,56.9
2026-07-03 12:00:00,6,39,2026-07-16 06:00:00,12 days 18:00:00,306,-38.63,-147.87,991.9,56.1
2026-07-03 12:00:00,6,39,2026-07-16 12:00:00,13 days 00:00:00,312,-38.0,-146.75,992.4,55.2
2026-07-03 12:00:00,6,39,2026-07-16 18:00:00,13 days 06:00:00,318,-37.01,-145.23,992.4,55.3
2026-07-03 12:00:00,6,39,2026-07-17 00:00:00,13 days 12:00:00,324,-36.0,-143.75,992.4,55.3
2026-07-03 12:00:00,6,39,2026-07-17 06:00:00,13 days 18:00:00,330,-36.26,-142.01,992.7,54.9
2026-07-03 12:00:00,6,39,2026-07-17 12:00:00,14 days 00:00:00,336,-36.5,-140.25,992.9,54.5
2026-07-03 12:00:00,6,39,2026-07-17 18:00:00,14 days 06:00:00,342,-37.25,-140.62,992.4,55.3
2026-07-03 12:00:00,6,39,2026-07-18 00:00:00,14 days 12:00:00,348,-38.0,-141.0,991.8,56.1
2026-07-03 12:00:00,6,39,2026-07-18 06:00:00,14 days 18:00:00,354,-38.38,-140.75,991.2,57.1
2026-07-03 12:00:00,6,39,2026-07-18 12:00:00,15 days 00:00:00,360,-38.75,-140.5,990.5,58.0
2026-07-03 12:00:00,7,39,2026-07-12 00:00:00,8 days 12:00:00,204,12.0,144.5,1005.4,34.3
2026-07-03 12:00:00,7,39,2026-07-12 06:00:00,8 days 18:00:00,210,12.25,143.63,1004.2,36.4
2026-07-03 12:00:00,7,39,2026-07-12 12:00:00,9 days 00:00:00,216,12.5,142.75,1003.0,38.6
2026-07-03 12:00:00,7,39,2026-07-12 18:00:00,9 days 06:00:00,222,13.0,141.88,1002.2,39.9
2026-07-03 12:00:00,7,39,2026-07-13 00:00:00,9 days 12:00:00,228,13.5,141.0,1001.4,41.3
2026-07-03 12:00:00,7,39,2026-07-13 06:00:00,9 days 18:00:00,234,14.0,139.5,1001.4,41.3
2026-07-03 12:00:00,7,39,2026-07-13 12:00:00,10 days 00:00:00,240,14.5,138.0,1001.4,41.3
2026-07-03 12:00:00,7,39,2026-07-13 18:00:00,10 days 06:00:00,246,15.0,137.25,999.7,44.0
2026-07-03 12:00:00,7,39,2026-07-14 00:00:00,10 days 12:00:00,252,15.5,136.5,998.1,46.7
2026-07-03 12:00:00,7,39,2026-07-14 06:00:00,10 days 18:00:00,258,16.0,135.88,996.3,49.4
2026-07-03 12:00:00,7,39,2026-07-14 12:00:00,11 days 00:00:00,264,16.5,135.25,994.5,52.2
2026-07-03 12:00:00,7,39,2026-07-14 18:00:00,11 days 06:00:00,270,17.0,134.5,991.8,56.2
2026-07-03 12:00:00,7,39,2026-07-15 00:00:00,11 days 12:00:00,276,17.5,133.75,989.0,60.1
2026-07-03 12:00:00,7,39,2026-07-15 06:00:00,11 days 18:00:00,282,17.63,133.38,987.5,62.2
2026-07-03 12:00:00,7,39,2026-07-15 12:00:00,12 days 00:00:00,288,17.75,133.0,985.9,64.4
2026-07-03 12:00:00,7,39,2026-07-15 18:00:00,12 days 06:00:00,294,17.88,132.88,987.2,62.6
2026-07-03 12:00:00,7,39,2026-07-16 00:00:00,12 days 12:00:00,300,18.0,132.75,988.5,60.8
2026-07-03 12:00:00,7,39,2026-07-16 06:00:00,12 days 18:00:00,306,18.0,133.0,987.9,61.7
2026-07-03 12:00:00,7,39,2026-07-16 12:00:00,13 days 00:00:00,312,18.0,133.25,987.2,62.6
2026-07-03 12:00:00,7,39,2026-07-16 18:00:00,13 days 06:00:00,318,18.0,133.25,986.7,63.3
2026-07-03 12:00:00,7,39,2026-07-17 00:00:00,13 days 12:00:00,324,18.0,133.25,986.2,64.1
2026-07-03 12:00:00,7,39,2026-07-17 06:00:00,13 days 18:00:00,330,18.0,132.88,984.1,66.8
2026-07-03 12:00:00,7,39,2026-07-17 12:00:00,14 days 00:00:00,336,18.0,132.5,982.0,69.6
2026-07-03 12:00:00,7,39,2026-07-17 18:00:00,14 days 06:00:00,342,18.0,131.88,981.6,70.1
2026-07-03 12:00:00,7,39,2026-07-18 00:00:00,14 days 12:00:00,348,18.0,131.25,981.2,70.6
2026-07-03 12:00:00,7,39,2026-07-18 06:00:00,14 days 18:00:00,354,18.0,131.0,980.0,72.2
2026-07-03 12:00:00,7,39,2026-07-18 12:00:00,15 days 00:00:00,360,18.0,130.75,978.8,73.8
2026-07-03 12:00:00,10,4,2026-07-14 12:00:00,11 days 00:00:00,264,29.5,-78.0,1011.3,22.7
2026-07-03 12:00:00,10,4,2026-07-14 18:00:00,11 days 06:00:00,270,30.63,-76.64,1010.1,25.1
2026-07-03 12:00:00,10,4,2026-07-15 00:00:00,11 days 12:00:00,276,31.75,-75.25,1009.0,27.6
2026-07-03 12:00:00,10,4,2026-07-15 06:00:00,11 days 18:00:00,282,33.26,-73.53,1006.7,31.8
2026-07-03 12:00:00,10,4,2026-07-15 12:00:00,12 days 00:00:00,288,34.75,-71.75,1004.5,36.1
2026-07-03 12:00:00,10,4,2026-07-15 18:00:00,12 days 06:00:00,294,36.31,-68.07,1004.6,35.8
2026-07-03 12:00:00,10,4,2026-07-16 00:00:00,12 days 12:00:00,300,37.75,-64.25,1004.8,35.5
2026-07-03 12:00:00,10,4,2026-07-16 06:00:00,12 days 18:00:00,306,39.96,-60.01,1004.7,35.6
2026-07-03 12:00:00,10,4,2026-07-16 12:00:00,13 days 00:00:00,312,42.0,-55.5,1004.6,35.8
2026-07-03 12:00:00,10,4,2026-07-16 18:00:00,13 days 06:00:00,318,41.07,-57.85,1006.2,32.6
2026-07-03 12:00:00,10,4,2026-07-17 00:00:00,13 days 12:00:00,324,40.09,-60.13,1007.9,29.5
2026-07-03 12:00:00,10,4,2026-07-17 06:00:00,13 days 18:00:00,330,39.06,-62.35,1009.5,26.4
2026-07-03 12:00:00,10,4,2026-07-17 12:00:00,14 days 00:00:00,336,38.0,-64.5,1011.1,23.2
2026-07-03 12:00:00,10,4,2026-07-17 18:00:00,14 days 06:00:00,342,39.42,-61.44,1009.6,26.3
2026-07-03 12:00:00,10,4,2026-07-18 00:00:00,14 days 12:00:00,348,40.75,-58.25,1008.1,29.3
2026-07-03 12:00:00,11,4,2026-07-15 12:00:00,12 days 00:00:00,288,13.5,-111.5,1005.0,35.2
2026-07-03 12:00:00,11,4,2026-07-15 18:00:00,12 days 06:00:00,294,14.0,-112.5,1003.7,37.4
2026-07-03 12:00:00,11,4,2026-07-16 00:00:00,12 days 12:00:00,300,14.5,-113.5,1002.5,39.5
2026-07-03 12:00:00,11,4,2026-07-16 06:00:00,12 days 18:00:00,306,15.0,-114.5,1000.3,43.0
2026-07-03 12:00:00,11,4,2026-07-16 12:00:00,13 days 00:00:00,312,15.5,-115.5,998.2,46.6
2026-07-03 12:00:00,11,4,2026-07-16 18:00:00,13 days 06:00:00,318,15.88,-116.62,995.4,50.8
2026-07-03 12:00:00,11,4,2026-07-17 00:00:00,13 days 12:00:00,324,16.25,-117.75,992.5,55.1
2026-07-03 12:00:00,11,4,2026-07-17 06:00:00,13 days 18:00:00,330,16.88,-119.0,990.3,58.3
2026-07-03 12:00:00,11,4,2026-07-17 12:00:00,14 days 00:00:00,336,17.5,-120.25,988.0,61.5
2026-07-03 12:00:00,11,4,2026-07-17 18:00:00,14 days 06:00:00,342,18.0,-121.37,986.4,63.7
2026-07-03 12:00:00,11,4,2026-07-18 00:00:00,14 days 12:00:00,348,18.5,-122.5,984.8,65.9
2026-07-03 12:00:00,11,4,2026-07-18 06:00:00,14 days 18:00:00,354,19.0,-123.62,986.3,63.8
2026-07-03 12:00:00,11,4,2026-07-18 12:00:00,15 days 00:00:00,360,19.5,-124.75,987.8,61.8
2026-07-03 12:00:00,3,4,2026-07-03 12:00:00,0 days 00:00:00,0,12.75,153.0,976.5,76.7
2026-07-03 12:00:00,3,4,2026-07-03 18:00:00,0 days 06:00:00,6,12.88,152.25,973.2,80.7
2026-07-03 12:00:00,3,4,2026-07-04 00:00:00,0 days 12:00:00,12,13.0,151.5,970.0,84.6
2026-07-03 12:00:00,3,4,2026-07-04 06:00:00,0 days 18:00:00,18,13.0,150.88,971.9,82.3
2026-07-03 12:00:00,3,4,2026-07-04 12:00:00,1 days 00:00:00,24,13.0,150.25,973.9,79.9
2026-07-03 12:00:00,3,4,2026-07-04 18:00:00,1 days 06:00:00,30,13.13,149.38,973.1,80.9
2026-07-03 12:00:00,3,4,2026-07-05 00:00:00,1 days 12:00:00,36,13.25,148.5,972.3,81.9
2026-07-03 12:00:00,3,4,2026-07-05 06:00:00,1 days 18:00:00,42,13.5,147.63,970.2,84.4
2026-07-03 12:00:00,3,4,2026-07-05 12:00:00,2 days 00:00:00,48,13.75,146.75,968.1,86.9
2026-07-03 12:00:00,3,4,2026-07-05 18:00:00,2 days 06:00:00,54,14.0,145.63,963.1,92.6
2026-07-03 12:00:00,3,4,2026-07-06 00:00:00,2 days 12:00:00,60,14.25,144.5,958.2,98.3
2026-07-03 12:00:00,3,4,2026-07-06 06:00:00,2 days 18:00:00,66,14.63,143.5,955.0,101.7
2026-07-03 12:00:00,3,4,2026-07-06 12:00:00,3 days 00:00:00,72,15.0,142.5,951.9,105.2
2026-07-03 12:00:00,3,4,2026-07-06 18:00:00,3 days 06:00:00,78,15.25,141.25,952.7,104.3
2026-07-03 12:00:00,3,4,2026-07-07 00:00:00,3 days 12:00:00,84,15.5,140.0,953.5,103.4
2026-07-03 12:00:00,3,4,2026-07-07 06:00:00,3 days 18:00:00,90,15.88,138.75,954.0,102.9
2026-07-03 12:00:00,3,4,2026-07-07 12:00:00,4 days 00:00:00,96,16.25,137.5,954.4,102.4
2026-07-03 12:00:00,3,4,2026-07-07 18:00:00,4 days 06:00:00,102,16.5,136.13,949.6,107.6
2026-07-03 12:00:00,3,4,2026-07-08 00:00:00,4 days 12:00:00,108,16.75,134.75,944.8,112.7
2026-07-03 12:00:00,3,4,2026-07-08 06:00:00,4 days 18:00:00,114,17.0,133.63,945.1,112.4
2026-07-03 12:00:00,3,4,2026-07-08 12:00:00,5 days 00:00:00,120,17.25,132.5,945.4,112.0
2026-07-03 12:00:00,3,4,2026-07-08 18:00:00,5 days 06:00:00,126,17.75,131.25,945.0,112.5
2026-07-03 12:00:00,3,4,2026-07-09 00:00:00,5 days 12:00:00,132,18.25,130.0,944.6,112.9
2026-07-03 12:00:00,3,4,2026-07-09 06:00:00,5 days 18:00:00,138,18.75,129.13,944.3,113.3
2026-07-03 12:00:00,3,4,2026-07-09 12:00:00,6 days 00:00:00,144,19.25,128.25,944.0,113.6
2026-07-03 12:00:00,3,4,2026-07-09 18:00:00,6 days 06:00:00,150,19.88,127.25,944.2,113.3
2026-07-03 12:00:00,3,4,2026-07-10 00:00:00,6 days 12:00:00,156,20.5,126.25,944.5,113.0
2026-07-03 12:00:00,3,4,2026-07-10 06:00:00,6 days 18:00:00,162,21.25,125.38,943.3,114.3
2026-07-03 12:00:00,3,4,2026-07-10 12:00:00,7 days 00:00:00,168,22.0,124.5,942.1,115.5
2026-07-03 12:00:00,3,4,2026-07-10 18:00:00,7 days 06:00:00,174,23.13,123.51,946.8,110.5
2026-07-03 12:00:00,3,4,2026-07-11 00:00:00,7 days 12:00:00,180,24.25,122.5,951.6,105.5
2026-07-03 12:00:00,3,4,2026-07-11 06:00:00,7 days 18:00:00,186,25.13,121.63,961.7,93.9
2026-07-03 12:00:00,3,4,2026-07-11 12:00:00,8 days 00:00:00,192,26.0,120.75,971.9,82.4
2026-07-03 12:00:00,3,4,2026-07-11 18:00:00,8 days 06:00:00,198,27.5,120.01,979.2,72.9
2026-07-03 12:00:00,3,4,2026-07-12 00:00:00,8 days 12:00:00,204,29.0,119.25,986.6,63.5
2026-07-03 12:00:00,3,4,2026-07-12 06:00:00,8 days 18:00:00,210,30.0,119.0,987.8,61.9
2026-07-03 12:00:00,3,4,2026-07-12 12:00:00,9 days 00:00:00,216,31.0,118.75,988.9,60.3
2026-07-03 12:00:00,3,4,2026-07-12 18:00:00,9 days 06:00:00,222,31.63,118.63,990.4,58.2
2026-07-03 12:00:00,3,4,2026-07-13 00:00:00,9 days 12:00:00,228,32.25,118.5,991.9,56.0
2026-07-03 12:00:00,3,4,2026-07-13 06:00:00,9 days 18:00:00,234,33.88,119.36,990.2,58.5
2026-07-03 12:00:00,3,4,2026-07-13 12:00:00,10 days 00:00:00,240,35.5,120.25,988.5,60.9
2026-07-03 12:00:00,3,4,2026-07-13 18:00:00,10 days 06:00:00,246,37.63,121.71,987.2,62.6
2026-07-03 12:00:00,3,4,2026-07-14 00:00:00,10 days 12:00:00,252,39.75,123.25,986.0,64.3
2026-07-03 12:00:00,4,4,2026-07-03 12:00:00,0 days 00:00:00,0,19.5,-128.5,1001.2,41.7
2026-07-03 12:00:00,4,4,2026-07-03 18:00:00,0 days 06:00:00,6,20.38,-128.62,1001.6,41.0
2026-07-03 12:00:00,4,4,2026-07-04 00:00:00,0 days 12:00:00,12,21.25,-128.75,1002.0,40.3
2026-07-03 12:00:00,5,4,2026-07-03 12:00:00,0 days 00:00:00,0,18.5,110.0,997.5,47.5
2026-07-03 12:00:00,5,4,2026-07-03 18:00:00,0 days 06:00:00,6,19.5,109.01,995.3,50.9
2026-07-03 12:00:00,5,4,2026-07-04 00:00:00,0 days 12:00:00,12,20.5,108.0,993.1,54.3
2026-07-03 12:00:00,5,4,2026-07-04 06:00:00,0 days 18:00:00,18,21.0,108.0,994.0,52.9
2026-07-03 12:00:00,5,4,2026-07-04 12:00:00,1 days 00:00:00,24,21.5,108.0,994.9,51.5
2026-07-03 12:00:00,5,4,2026-07-04 18:00:00,1 days 06:00:00,30,22.0,107.88,996.6,49.0
2026-07-03 12:00:00,5,4,2026-07-05 00:00:00,1 days 12:00:00,36,22.5,107.75,998.3,46.4
2026-07-03 12:00:00,6,4,2026-07-04 00:00:00,0 days 12:00:00,12,21.0,87.25,993.9,53.1
2026-07-03 12:00:00,6,4,2026-07-04 06:00:00,0 days 18:00:00,18,20.63,87.38,992.1,55.7
2026-07-03 12:00:00,6,4,2026-07-04 12:00:00,1 days 00:00:00,24,20.25,87.5,990.2,58.4
2026-07-03 12:00:00,6,4,2026-07-04 18:00:00,1 days 06:00:00,30,20.63,88.0,989.9,58.9
2026-07-03 12:00:00,6,4,2026-07-05 00:00:00,1 days 12:00:00,36,21.0,88.5,989.6,59.3
2026-07-03 12:00:00,6,4,2026-07-05 06:00:00,1 days 18:00:00,42,21.25,88.5,989.1,60.1
2026-07-03 12:00:00,6,4,2026-07-05 12:00:00,2 days 00:00:00,48,21.5,88.5,988.5,60.8
2026-07-03 12:00:00,6,4,2026-07-05 18:00:00,2 days 06:00:00,54,22.25,87.26,989.6,59.3
2026-07-03 12:00:00,6,4,2026-07-06 00:00:00,2 days 12:00:00,60,23.0,86.0,990.7,57.7
2026-07-03 12:00:00,6,4,2026-07-06 06:00:00,2 days 18:00:00,66,23.13,85.75,991.0,57.3
2026-07-03 12:00:00,6,4,2026-07-06 12:00:00,3 days 00:00:00,72,23.25,85.5,991.3,56.9
2026-07-03 12:00:00,6,4,2026-07-06 18:00:00,3 days 06:00:00,78,23.63,84.63,991.4,56.7
2026-07-03 12:00:00,6,4,2026-07-07 00:00:00,3 days 12:00:00,84,24.0,83.75,991.6,56.5
2026-07-03 12:00:00,6,4,2026-07-07 06:00:00,3 days 18:00:00,90,24.13,83.38,991.1,57.2
2026-07-03 12:00:00,6,4,2026-07-07 12:00:00,4 days 00:00:00,96,24.25,83.0,990.6,57.8
2026-07-03 12:00:00,6,4,2026-07-07 18:00:00,4 days 06:00:00,102,24.38,83.0,991.2,57.1
2026-07-03 12:00:00,6,4,2026-07-08 00:00:00,4 days 12:00:00,108,24.5,83.0,991.7,56.3
2026-07-03 12:00:00,6,4,2026-07-08 06:00:00,4 days 18:00:00,114,25.25,82.38,991.7,56.4
2026-07-03 12:00:00,6,4,2026-07-08 12:00:00,5 days 00:00:00,120,26.0,81.75,991.6,56.4
2026-07-03 12:00:00,6,4,2026-07-08 18:00:00,5 days 06:00:00,126,26.25,80.75,992.0,55.8
2026-07-03 12:00:00,6,4,2026-07-09 00:00:00,5 days 12:00:00,132,26.5,79.75,992.5,55.2
2026-07-03 12:00:00,6,4,2026-07-09 06:00:00,5 days 18:00:00,138,29.42,83.03,993.6,53.6
2026-07-03 12:00:00,6,4,2026-07-09 12:00:00,6 days 00:00:00,144,32.25,86.5,994.6,52.0
2026-07-03 12:00:00,6,4,2026-07-09 18:00:00,6 days 06:00:00,150,30.06,82.28,995.7,50.4
2026-07-03 12:00:00,6,4,2026-07-10 00:00:00,6 days 12:00:00,156,27.75,78.25,996.8,48.8
2026-07-03 12:00:00,6,4,2026-07-10 06:00:00,6 days 18:00:00,162,29.29,81.45,996.0,49.9
2026-07-03 12:00:00,6,4,2026-07-10 12:00:00,7 days 00:00:00,168,30.75,84.75,995.3,51.0
2026-07-03 12:00:00,7,4,2026-07-05 00:00:00,1 days 12:00:00,36,21.75,72.75,995.6,50.5
2026-07-03 12:00:00,7,4,2026-07-05 06:00:00,1 days 18:00:00,42,21.31,72.43,994.6,52.0
2026-07-03 12:00:00,7,4,2026-07-05 12:00:00,2 days 00:00:00,48,20.88,72.12,993.6,53.4
2026-07-03 12:00:00,7,4,2026-07-05 18:00:00,2 days 06:00:00,54,20.44,71.81,992.6,54.9
2026-07-03 12:00:00,7,4,2026-07-06 00:00:00,2 days 12:00:00,60,20.0,71.5,991.6,56.4
2026-07-03 12:00:00,7,4,2026-07-06 06:00:00,2 days 18:00:00,66,20.38,72.0,992.0,55.9
2026-07-03 12:00:00,7,4,2026-07-06 12:00:00,3 days 00:00:00,72,20.75,72.5,992.4,55.3
2026-07-03 12:00:00,7,4,2026-07-06 18:00:00,3 days 06:00:00,78,20.88,72.5,991.8,56.1
2026-07-03 12:00:00,7,4,2026-07-07 00:00:00,3 days 12:00:00,84,21.0,72.5,991.3,56.9
2026-07-03 12:00:00,7,4,2026-07-07 06:00:00,3 days 18:00:00,90,21.0,72.38,990.7,57.7
2026-07-03 12:00:00,7,4,2026-07-07 12:00:00,4 days 00:00:00,96,21.0,72.25,990.1,58.5
2026-07-03 12:00:00,7,4,2026-07-07 18:00:00,4 days 06:00:00,102,21.0,72.75,991.5,56.5
2026-07-03 12:00:00,7,4,2026-07-08 00:00:00,4 days 12:00:00,108,21.0,73.25,992.9,54.5
2026-07-03 12:00:00,7,4,2026-07-08 06:00:00,4 days 18:00:00,114,23.56,77.42,992.3,55.5
2026-07-03 12:00:00,7,4,2026-07-08 12:00:00,5 days 00:00:00,120,26.0,81.75,991.6,56.4
2026-07-03 12:00:00,8,4,2026-07-11 00:00:00,7 days 12:00:00,180,-41.25,-104.0,964.9,90.6
2026-07-03 12:00:00,8,4,2026-07-11 06:00:00,7 days 18:00:00,186,-42.89,-101.93,967.3,87.8
2026-07-03 12:00:00,8,4,2026-07-11 12:00:00,8 days 00:00:00,192,-44.5,-99.75,969.7,85.0
2026-07-03 12:00:00,8,4,2026-07-11 18:00:00,8 days 06:00:00,198,-45.76,-98.16,972.0,82.2
2026-07-03 12:00:00,8,4,2026-07-12 00:00:00,8 days 12:00:00,204,-47.0,-96.5,974.3,79.4
2026-07-03 12:00:00,8,4,2026-07-12 06:00:00,8 days 18:00:00,210,-47.38,-95.13,978.0,74.6
2026-07-03 12:00:00,8,4,2026-07-12 12:00:00,9 days 00:00:00,216,-47.75,-93.75,981.8,69.9
2026-07-03 12:00:00,8,4,2026-07-12 18:00:00,9 days 06:00:00,222,-45.65,-92.22,981.5,70.3
2026-07-03 12:00:00,8,4,2026-07-13 00:00:00,9 days 12:00:00,228,-43.53,-90.81,981.2,70.6
2026-07-03 12:00:00,8,4,2026-07-13 06:00:00,9 days 18:00:00,234,-41.39,-89.48,980.9,71.0
2026-07-03 12:00:00,8,4,2026-07-13 12:00:00,10 days 00:00:00,240,-39.25,-88.25,980.7,71.4
2026-07-03 12:00:00,8,4,2026-07-13 18:00:00,10 days 06:00:00,246,-40.51,-86.53,979.1,73.4
2026-07-03 12:00:00,8,4,2026-07-14 00:00:00,10 days 12:00:00,252,-41.75,-84.75,977.5,75.4
2026-07-03 12:00:00,8,4,2026-07-14 06:00:00,10 days 18:00:00,258,-43.01,-83.4,978.8,73.8
2026-07-03 12:00:00,8,4,2026-07-14 12:00:00,11 days 00:00:00,264,-44.25,-82.0,980.0,72.2
2026-07-03 12:00:00,8,4,2026-07-14 18:00:00,11 days 06:00:00,270,-44.63,-81.75,982.0,69.7
2026-07-03 12:00:00,8,4,2026-07-15 00:00:00,11 days 12:00:00,276,-45.0,-81.5,983.9,67.1
2026-07-03 12:00:00,9,4,2026-07-11 12:00:00,8 days 00:00:00,192,20.25,153.25,1006.1,33.2
2026-07-03 12:00:00,9,4,2026-07-11 18:00:00,8 days 06:00:00,198,21.25,153.25,1005.0,35.1
2026-07-03 12:00:00,9,4,2026-07-12 00:00:00,8 days 12:00:00,204,22.25,153.25,1003.9,37.0
2026-07-03 12:00:00,9,4,2026-07-12 06:00:00,8 days 18:00:00,210,22.75,153.62,1003.0,38.6
2026-07-03 12:00:00,9,4,2026-07-12 12:00:00,9 days 00:00:00,216,23.25,154.0,1002.1,40.1
2026-07-03 12:00:00,9,4,2026-07-12 18:00:00,9 days 06:00:00,222,24.13,154.25,1001.0,42.0
2026-07-03 12:00:00,9,4,2026-07-13 00:00:00,9 days 12:00:00,228,25.0,154.5,999.9,43.8
2026-07-03 12:00:00,9,4,2026-07-13 06:00:00,9 days 18:00:00,234,25.63,154.75,998.7,45.7
2026-07-03 12:00:00,9,4,2026-07-13 12:00:00,10 days 00:00:00,240,26.25,155.0,997.5,47.7
2026-07-03 12:00:00,9,4,2026-07-13 18:00:00,10 days 06:00:00,246,27.38,155.62,994.1,52.7
2026-07-03 12:00:00,9,4,2026-07-14 00:00:00,10 days 12:00:00,252,28.5,156.25,990.7,57.8
2026-07-03 12:00:00,9,4,2026-07-14 06:00:00,10 days 18:00:00,258,29.5,156.87,986.1,64.0
2026-07-03 12:00:00,9,4,2026-07-14 12:00:00,11 days 00:00:00,264,30.5,157.5,981.5,70.2
2026-07-03 12:00:00,9,4,2026-07-14 18:00:00,11 days 06:00:00,270,31.88,157.99,983.1,68.1
2026-07-03 12:00:00,9,4,2026-07-15 00:00:00,11 days 12:00:00,276,33.25,158.5,984.7,66.0
2026-07-03 12:00:00,9,4,2026-07-15 06:00:00,11 days 18:00:00,282,35.13,159.11,986.9,63.1
2026-07-03 12:00:00,9,4,2026-07-15 12:00:00,12 days 00:00:00,288,37.0,159.75,989.0,60.1
2026-07-03 12:00:00,9,4,2026-07-15 18:00:00,12 days 06:00:00,294,39.25,160.48,988.6,60.7
2026-07-03 12:00:00,9,4,2026-07-16 00:00:00,12 days 12:00:00,300,41.5,161.25,988.2,61.3
2026-07-03 12:00:00,9,4,2026-07-16 06:00:00,12 days 18:00:00,306,43.88,162.21,992.9,54.3
2026-07-03 12:00:00,9,4,2026-07-16 12:00:00,13 days 00:00:00,312,46.25,163.25,997.7,47.3
2026-07-03 12:00:00,9,4,2026-07-16 18:00:00,13 days 06:00:00,318,47.75,163.86,1000.7,42.4
2026-07-03 12:00:00,9,4,2026-07-17 00:00:00,13 days 12:00:00,324,49.25,164.5,1003.7,37.4
2026-07-03 12:00:00,10,40,2026-07-16 00:00:00,12 days 12:00:00,300,14.5,-111.25,1004.4,36.3
2026-07-03 12:00:00,10,40,2026-07-16 06:00:00,12 days 18:00:00,306,14.5,-112.75,1003.2,38.3
2026-07-03 12:00:00,10,40,2026-07-16 12:00:00,13 days 00:00:00,312,14.5,-114.25,1002.0,40.3
2026-07-03 12:00:00,10,40,2026-07-16 18:00:00,13 days 06:00:00,318,14.88,-115.37,1001.1,41.8
2026-07-03 12:00:00,10,40,2026-07-17 00:00:00,13 days 12:00:00,324,15.25,-116.5,1000.2,43.3
2026-07-03 12:00:00,10,40,2026-07-17 06:00:00,13 days 18:00:00,330,14.88,-117.75,999.6,44.2
2026-07-03 12:00:00,10,40,2026-07-17 12:00:00,14 days 00:00:00,336,14.5,-119.0,999.0,45.2
2026-07-03 12:00:00,10,40,2026-07-17 18:00:00,14 days 06:00:00,342,15.25,-119.87,997.8,47.1
2026-07-03 12:00:00,10,40,2026-07-18 00:00:00,14 days 12:00:00,348,16.0,-120.75,996.6,49.1
2026-07-03 12:00:00,10,40,2026-07-18 06:00:00,14 days 18:00:00,354,16.38,-121.37,995.5,50.7
2026-07-03 12:00:00,10,40,2026-07-18 12:00:00,15 days 00:00:00,360,16.75,-122.0,994.4,52.4
2026-07-03 12:00:00,3,40,2026-07-03 12:00:00,0 days 00:00:00,0,12.75,153.0,976.5,76.7
2026-07-03 12:00:00,3,40,2026-07-03 18:00:00,0 days 06:00:00,6,12.88,152.38,971.7,82.5
2026-07-03 12:00:00,3,40,2026-07-04 00:00:00,0 days 12:00:00,12,13.0,151.75,966.8,88.4
2026-07-03 12:00:00,3,40,2026-07-04 06:00:00,0 days 18:00:00,18,12.88,151.0,967.7,87.3
2026-07-03 12:00:00,3,40,2026-07-04 12:00:00,1 days 00:00:00,24,12.75,150.25,968.6,86.3
2026-07-03 12:00:00,3,40,2026-07-04 18:00:00,1 days 06:00:00,30,12.88,149.5,967.3,87.8
2026-07-03 12:00:00,3,40,2026-07-05 00:00:00,1 days 12:00:00,36,13.0,148.75,965.9,89.4
2026-07-03 12:00:00,3,40,2026-07-05 06:00:00,1 days 18:00:00,42,13.13,147.88,967.7,87.3
2026-07-03 12:00:00,3,40,2026-07-05 12:00:00,2 days 00:00:00,48,13.25,147.0,969.5,85.2
2026-07-03 12:00:00,3,40,2026-07-05 18:00:00,2 days 06:00:00,54,13.75,145.88,967.9,87.1
2026-07-03 12:00:00,3,40,2026-07-06 00:00:00,2 days 12:00:00,60,14.25,144.75,966.3,89.0
2026-07-03 12:00:00,3,40,2026-07-06 06:00:00,2 days 18:00:00,66,14.5,143.5,962.0,93.9
2026-07-03 12:00:00,3,40,2026-07-06 12:00:00,3 days 00:00:00,72,14.75,142.25,957.7,98.8
2026-07-03 12:00:00,3,40,2026-07-06 18:00:00,3 days 06:00:00,78,15.25,140.88,951.5,105.4
2026-07-03 12:00:00,3,40,2026-07-07 00:00:00,3 days 12:00:00,84,15.75,139.5,945.4,112.1
2026-07-03 12:00:00,3,40,2026-07-07 06:00:00,3 days 18:00:00,90,15.75,138.12,949.4,107.8
2026-07-03 12:00:00,3,40,2026-07-07 12:00:00,4 days 00:00:00,96,15.75,136.75,953.5,103.4
2026-07-03 12:00:00,3,40,2026-07-07 18:00:00,4 days 06:00:00,102,16.13,135.5,950.6,106.5
2026-07-03 12:00:00,3,40,2026-07-08 00:00:00,4 days 12:00:00,108,16.5,134.25,947.7,109.7
2026-07-03 12:00:00,3,40,2026-07-08 06:00:00,4 days 18:00:00,114,16.88,133.25,946.9,110.6
2026-07-03 12:00:00,3,40,2026-07-08 12:00:00,5 days 00:00:00,120,17.25,132.25,946.0,111.4
2026-07-03 12:00:00,3,40,2026-07-08 18:00:00,5 days 06:00:00,126,17.38,131.13,945.4,112.1
2026-07-03 12:00:00,3,40,2026-07-09 00:00:00,5 days 12:00:00,132,17.5,130.0,944.7,112.8
2026-07-03 12:00:00,3,40,2026-07-09 06:00:00,5 days 18:00:00,138,18.25,129.25,943.9,113.6
2026-07-03 12:00:00,3,40,2026-07-09 12:00:00,6 days 00:00:00,144,19.0,128.5,943.1,114.5
2026-07-03 12:00:00,3,40,2026-07-09 18:00:00,6 days 06:00:00,150,19.63,127.63,944.2,113.3
2026-07-03 12:00:00,3,40,2026-07-10 00:00:00,6 days 12:00:00,156,20.25,126.75,945.3,112.1
2026-07-03 12:00:00,3,40,2026-07-10 06:00:00,6 days 18:00:00,162,21.13,126.13,945.4,112.1
2026-07-03 12:00:00,3,40,2026-07-10 12:00:00,7 days 00:00:00,168,22.0,125.5,945.5,112.0
2026-07-03 12:00:00,3,40,2026-07-10 18:00:00,7 days 06:00:00,174,23.25,124.63,948.7,108.6
2026-07-03 12:00:00,3,40,2026-07-11 00:00:00,7 days 12:00:00,180,24.5,123.75,951.8,105.3
2026-07-03 12:00:00,3,40,2026-07-11 06:00:00,7 days 18:00:00,186,25.25,123.0,950.9,106.3
2026-07-03 12:00:00,3,40,2026-07-11 12:00:00,8 days 00:00:00,192,26.0,122.25,949.9,107.3
2026-07-03 12:00:00,3,40,2026-07-11 18:00:00,8 days 06:00:00,198,27.38,121.76,959.6,96.4
2026-07-03 12:00:00,3,40,2026-07-12 00:00:00,8 days 12:00:00,204,28.75,121.25,969.3,85.5
2026-07-03 12:00:00,3,40,2026-07-12 06:00:00,8 days 18:00:00,210,30.0,121.0,975.2,78.2
2026-07-03 12:00:00,3,40,2026-07-12 12:00:00,9 days 00:00:00,216,31.25,120.75,981.1,70.8
2026-07-03 12:00:00,3,40,2026-07-12 18:00:00,9 days 06:00:00,222,32.63,120.63,983.7,67.4
2026-07-03 12:00:00,3,40,2026-07-13 00:00:00,9 days 12:00:00,228,34.0,120.5,986.3,63.9
2026-07-03 12:00:00,3,40,2026-07-13 06:00:00,9 days 18:00:00,234,34.88,120.75,988.2,61.2
2026-07-03 12:00:00,3,40,2026-07-13 12:00:00,10 days 00:00:00,240,35.75,121.0,990.2,58.5
2026-07-03 12:00:00,3,40,2026-07-13 18:00:00,10 days 06:00:00,246,37.51,122.34,990.1,58.6
2026-07-03 12:00:00,3,40,2026-07-14 00:00:00,10 days 12:00:00,252,39.25,123.75,990.0,58.7
2026-07-03 12:00:00,3,40,2026-07-14 06:00:00,10 days 18:00:00,258,40.93,127.16,988.2,61.3
2026-07-03 12:00:00,3,40,2026-07-14 12:00:00,11 days 00:00:00,264,42.5,130.75,986.3,63.9
2026-07-03 12:00:00,4,40,2026-07-03 12:00:00,0 days 00:00:00,0,19.5,-128.5,1001.2,41.7
2026-07-03 12:00:00,4,40,2026-07-03 18:00:00,0 days 06:00:00,6,20.13,-128.62,1002.3,39.9
2026-07-03 12:00:00,4,40,2026-07-04 00:00:00,0 days 12:00:00,12,20.75,-128.75,1003.3,38.0
2026-07-03 12:00:00,5,40,2026-07-03 12:00:00,0 days 00:00:00,0,18.5,110.0,997.5,47.5
2026-07-03 12:00:00,5,40,2026-07-03 18:00:00,0 days 06:00:00,6,19.5,109.01,996.6,49.1
2026-07-03 12:00:00,5,40,2026-07-04 00:00:00,0 days 12:00:00,12,20.5,108.0,995.6,50.6
2026-07-03 12:00:00,5,40,2026-07-04 06:00:00,0 days 18:00:00,18,20.75,107.88,994.1,52.8
2026-07-03 12:00:00,5,40,2026-07-04 12:00:00,1 days 00:00:00,24,21.0,107.75,992.6,55.0
2026-07-03 12:00:00,5,40,2026-07-04 18:00:00,1 days 06:00:00,30,21.88,107.75,994.1,52.7
2026-07-03 12:00:00,5,40,2026-07-05 00:00:00,1 days 12:00:00,36,22.75,107.75,995.6,50.5
2026-07-03 12:00:00,5,40,2026-07-05 06:00:00,1 days 18:00:00,42,22.44,107.12,996.6,48.9
2026-07-03 12:00:00,5,40,2026-07-05 12:00:00,2 days 00:00:00,48,22.13,106.49,997.6,47.4
2026-07-03 12:00:00,5,40,2026-07-05 18:00:00,2 days 06:00:00,54,21.82,105.87,998.6,45.9
2026-07-03 12:00:00,5,40,2026-07-06 00:00:00,2 days 12:00:00,60,21.5,105.25,999.6,44.3
2026-07-03 12:00:00,6,40,2026-07-04 00:00:00,0 days 12:00:00,12,20.5,87.75,993.7,53.4
2026-07-03 12:00:00,6,40,2026-07-04 06:00:00,0 days 18:00:00,18,20.5,87.25,991.6,56.4
2026-07-03 12:00:00,6,40,2026-07-04 12:00:00,1 days 00:00:00,24,20.5,86.75,989.5,59.4
2026-07-03 12:00:00,6,40,2026-07-04 18:00:00,1 days 06:00:00,30,20.63,86.5,990.3,58.3
2026-07-03 12:00:00,6,40,2026-07-05 00:00:00,1 days 12:00:00,36,20.75,86.25,991.1,57.2
2026-07-03 12:00:00,6,40,2026-07-05 06:00:00,1 days 18:00:00,42,21.13,86.75,989.8,59.0
2026-07-03 12:00:00,6,40,2026-07-05 12:00:00,2 days 00:00:00,48,21.5,87.25,988.6,60.7
2026-07-03 12:00:00,6,40,2026-07-05 18:00:00,2 days 06:00:00,54,21.5,87.12,990.1,58.6
2026-07-03 12:00:00,6,40,2026-07-06 00:00:00,2 days 12:00:00,60,21.5,87.0,991.6,56.4
2026-07-03 12:00:00,6,40,2026-07-06 06:00:00,2 days 18:00:00,66,22.25,86.38,991.6,56.4
2026-07-03 12:00:00,6,40,2026-07-06 12:00:00,3 days 00:00:00,72,23.0,85.75,991.6,56.5
2026-07-03 12:00:00,6,40,2026-07-06 18:00:00,3 days 06:00:00,78,23.88,85.5,992.2,55.6
2026-07-03 12:00:00,6,40,2026-07-07 00:00:00,3 days 12:00:00,84,24.75,85.25,992.8,54.7
2026-07-03 12:00:00,6,40,2026-07-07 06:00:00,3 days 18:00:00,90,25.0,84.38,992.3,55.4
2026-07-03 12:00:00,6,40,2026-07-07 12:00:00,4 days 00:00:00,96,25.25,83.5,991.8,56.1
2026-07-03 12:00:00,6,40,2026-07-07 18:00:00,4 days 06:00:00,102,25.38,82.63,991.9,56.0
2026-07-03 12:00:00,6,40,2026-07-08 00:00:00,4 days 12:00:00,108,25.5,81.75,991.9,56.0
2026-07-03 12:00:00,6,40,2026-07-08 06:00:00,4 days 18:00:00,114,25.38,82.0,992.4,55.3
2026-07-03 12:00:00,6,40,2026-07-08 12:00:00,5 days 00:00:00,120,25.25,82.25,992.8,54.7
2026-07-03 12:00:00,6,40,2026-07-08 18:00:00,5 days 06:00:00,126,25.75,81.75,993.6,53.5
2026-07-03 12:00:00,6,40,2026-07-09 00:00:00,5 days 12:00:00,132,26.25,81.25,994.5,52.3
2026-07-03 12:00:00,6,40,2026-07-09 06:00:00,5 days 18:00:00,138,29.17,84.53,994.6,52.1
2026-07-03 12:00:00,6,40,2026-07-09 12:00:00,6 days 00:00:00,144,32.0,88.0,994.7,51.9
2026-07-03 12:00:00,6,40,2026-07-09 18:00:00,6 days 06:00:00,150,31.31,87.94,994.3,52.5
2026-07-03 12:00:00,6,40,2026-07-10 00:00:00,6 days 12:00:00,156,30.63,87.87,993.9,53.2
2026-07-03 12:00:00,6,40,2026-07-10 06:00:00,6 days 18:00:00,162,29.94,87.81,993.4,53.8
2026-07-03 12:00:00,6,40,2026-07-10 12:00:00,7 days 00:00:00,168,29.25,87.75,993.0,54.4
2026-07-03 12:00:00,7,40,2026-07-10 12:00:00,7 days 00:00:00,168,-34.75,-111.25,968.1,86.9
2026-07-03 12:00:00,7,40,2026-07-10 18:00:00,7 days 06:00:00,174,-36.26,-109.41,968.6,86.3
2026-07-03 12:00:00,7,40,2026-07-11 00:00:00,7 days 12:00:00,180,-37.75,-107.5,969.1,85.7
2026-07-03 12:00:00,7,40,2026-07-11 06:00:00,7 days 18:00:00,186,-39.52,-105.55,973.0,80.9
2026-07-03 12:00:00,7,40,2026-07-11 12:00:00,8 days 00:00:00,192,-41.25,-103.5,976.9,76.1
2026-07-03 12:00:00,7,40,2026-07-11 18:00:00,8 days 06:00:00,198,-42.65,-101.3,978.9,73.5
2026-07-03 12:00:00,7,40,2026-07-12 00:00:00,8 days 12:00:00,204,-44.0,-99.0,981.0,71.0
2026-07-03 12:00:00,7,40,2026-07-12 06:00:00,8 days 18:00:00,210,-45.65,-96.69,983.2,68.1
2026-07-03 12:00:00,7,40,2026-07-12 12:00:00,9 days 00:00:00,216,-47.25,-94.25,985.4,65.1
2026-07-03 12:00:00,7,40,2026-07-12 18:00:00,9 days 06:00:00,222,-47.89,-92.52,990.8,57.3
2026-07-03 12:00:00,7,40,2026-07-13 00:00:00,9 days 12:00:00,228,-48.5,-90.75,996.3,49.5
2026-07-03 12:00:00,8,40,2026-07-10 12:00:00,7 days 00:00:00,168,11.5,151.0,1006.7,32.0
2026-07-03 12:00:00,8,40,2026-07-10 18:00:00,7 days 06:00:00,174,11.88,148.75,1004.9,35.3
2026-07-03 12:00:00,8,40,2026-07-11 00:00:00,7 days 12:00:00,180,12.25,146.5,1003.0,38.6
2026-07-03 12:00:00,8,40,2026-07-11 06:00:00,7 days 18:00:00,186,12.25,145.25,999.8,43.8
2026-07-03 12:00:00,8,40,2026-07-11 12:00:00,8 days 00:00:00,192,12.25,144.0,996.6,49.0
2026-07-03 12:00:00,8,40,2026-07-11 18:00:00,8 days 06:00:00,198,12.63,142.75,996.4,49.4
2026-07-03 12:00:00,8,40,2026-07-12 00:00:00,8 days 12:00:00,204,13.0,141.5,996.1,49.7
2026-07-03 12:00:00,8,40,2026-07-12 06:00:00,8 days 18:00:00,210,13.0,140.5,995.2,51.1
2026-07-03 12:00:00,8,40,2026-07-12 12:00:00,9 days 00:00:00,216,13.0,139.5,994.3,52.5
2026-07-03 12:00:00,8,40,2026-07-12 18:00:00,9 days 06:00:00,222,13.5,138.38,995.5,50.7
2026-07-03 12:00:00,8,40,2026-07-13 00:00:00,9 days 12:00:00,228,14.0,137.25,996.7,48.9
2026-07-03 12:00:00,8,40,2026-07-13 06:00:00,9 days 18:00:00,234,14.75,136.88,996.8,48.7
2026-07-03 12:00:00,8,40,2026-07-13 12:00:00,10 days 00:00:00,240,15.5,136.5,996.9,48.5
2026-07-03 12:00:00,8,40,2026-07-13 18:00:00,10 days 06:00:00,246,15.38,135.12,997.0,48.4
2026-07-03 12:00:00,8,40,2026-07-14 00:00:00,10 days 12:00:00,252,15.25,133.75,997.1,48.2
2026-07-03 12:00:00,8,40,2026-07-14 06:00:00,10 days 18:00:00,258,15.5,133.5,996.1,49.8
2026-07-03 12:00:00,8,40,2026-07-14 12:00:00,11 days 00:00:00,264,15.75,133.25,995.1,51.3
2026-07-03 12:00:00,8,40,2026-07-14 18:00:00,11 days 06:00:00,270,16.38,132.63,992.2,55.5
2026-07-03 12:00:00,8,40,2026-07-15 00:00:00,11 days 12:00:00,276,17.0,132.0,989.4,59.6
2026-07-03 12:00:00,8,40,2026-07-15 06:00:00,11 days 18:00:00,282,17.38,131.75,984.1,66.7
2026-07-03 12:00:00,8,40,2026-07-15 12:00:00,12 days 00:00:00,288,17.75,131.5,978.8,73.7
2026-07-03 12:00:00,8,40,2026-07-15 18:00:00,12 days 06:00:00,294,18.13,131.13,974.4,79.2
2026-07-03 12:00:00,8,40,2026-07-16 00:00:00,12 days 12:00:00,300,18.5,130.75,969.9,84.7
2026-07-03 12:00:00,8,40,2026-07-16 06:00:00,12 days 18:00:00,306,19.0,130.75,966.2,89.1
2026-07-03 12:00:00,8,40,2026-07-16 12:00:00,13 days 00:00:00,312,19.5,130.75,962.5,93.4
2026-07-03 12:00:00,8,40,2026-07-16 18:00:00,13 days 06:00:00,318,20.25,130.63,962.7,93.1
2026-07-03 12:00:00,8,40,2026-07-17 00:00:00,13 days 12:00:00,324,21.0,130.5,963.0,92.8
2026-07-03 12:00:00,8,40,2026-07-17 06:00:00,13 days 18:00:00,330,21.75,130.5,960.9,95.2
2026-07-03 12:00:00,8,40,2026-07-17 12:00:00,14 days 00:00:00,336,22.5,130.5,958.9,97.5
2026-07-03 12:00:00,8,40,2026-07-17 18:00:00,14 days 06:00:00,342,23.25,130.87,959.1,97.3
2026-07-03 12:00:00,8,40,2026-07-18 00:00:00,14 days 12:00:00,348,24.0,131.25,959.3,97.1
2026-07-03 12:00:00,8,40,2026-07-18 06:00:00,14 days 18:00:00,354,24.88,131.5,959.6,96.7
2026-07-03 12:00:00,8,40,2026-07-18 12:00:00,15 days 00:00:00,360,25.75,131.75,959.9,96.3
2026-07-03 12:00:00,9,40,2026-07-15 12:00:00,12 days 00:00:00,288,8.0,-138.0,1005.4,34.3
2026-07-03 12:00:00,9,40,2026-07-15 18:00:00,12 days 06:00:00,294,8.5,-138.0,1005.3,34.6
2026-07-03 12:00:00,9,40,2026-07-16 00:00:00,12 days 12:00:00,300,9.0,-138.0,1005.1,34.9
2026-07-03 12:00:00,9,40,2026-07-16 06:00:00,12 days 18:00:00,306,8.88,-138.13,1004.9,35.3
2026-07-03 12:00:00,9,40,2026-07-16 12:00:00,13 days 00:00:00,312,8.75,-138.25,1004.6,35.8
2026-07-03 12:00:00,9,40,2026-07-16 18:00:00,13 days 06:00:00,318,9.38,-138.62,1002.8,38.8
2026-07-03 12:00:00,9,40,2026-07-17 00:00:00,13 days 12:00:00,324,10.0,-139.0,1001.0,41.9
2026-07-03 12:00:00,9,40,2026-07-17 06:00:00,13 days 18:00:00,330,10.38,-139.62,1001.5,41.2
2026-07-03 12:00:00,9,40,2026-07-17 12:00:00,14 days 00:00:00,336,10.75,-140.25,1001.9,40.5
2026-07-03 12:00:00,9,40,2026-07-17 18:00:00,14 days 06:00:00,342,11.0,-141.12,1002.7,39.2
2026-07-03 12:00:00,9,40,2026-07-18 00:00:00,14 days 12:00:00,348,11.25,-142.0,1003.5,37.8
2026-07-03 12:00:00,9,40,2026-07-18 06:00:00,14 days 18:00:00,354,11.63,-142.87,1004.0,37.0
2026-07-03 12:00:00,9,40,2026-07-18 12:00:00,15 days 00:00:00,360,12.0,-143.75,1004.4,36.1
2026-07-03 12:00:00,3,41,2026-07-03 12:00:00,0 days 00:00:00,0,12.75,153.0,976.5,76.7
2026-07-03 12:00:00,3,41,2026-07-03 18:00:00,0 days 06:00:00,6,12.88,152.38,974.7,78.9
2026-07-03 12:00:00,3,41,2026-07-04 00:00:00,0 days 12:00:00,12,13.0,151.75,972.9,81.1
2026-07-03 12:00:00,3,41,2026-07-04 06:00:00,0 days 18:00:00,18,12.88,151.12,972.2,82.0
2026-07-03 12:00:00,3,41,2026-07-04 12:00:00,1 days 00:00:00,24,12.75,150.5,971.5,82.9
2026-07-03 12:00:00,3,41,2026-07-04 18:00:00,1 days 06:00:00,30,13.0,149.63,969.5,85.2
2026-07-03 12:00:00,3,41,2026-07-05 00:00:00,1 days 12:00:00,36,13.25,148.75,967.5,87.6
2026-07-03 12:00:00,3,41,2026-07-05 06:00:00,1 days 18:00:00,42,13.5,148.0,967.2,87.9
2026-07-03 12:00:00,3,41,2026-07-05 12:00:00,2 days 00:00:00,48,13.75,147.25,967.0,88.2
2026-07-03 12:00:00,3,41,2026-07-05 18:00:00,2 days 06:00:00,54,14.13,146.13,963.4,92.3
2026-07-03 12:00:00,3,41,2026-07-06 00:00:00,2 days 12:00:00,60,14.5,145.0,959.9,96.3
2026-07-03 12:00:00,3,41,2026-07-06 06:00:00,2 days 18:00:00,66,14.88,143.88,957.0,99.6
2026-07-03 12:00:00,3,41,2026-07-06 12:00:00,3 days 00:00:00,72,15.25,142.75,954.0,102.9
2026-07-03 12:00:00,3,41,2026-07-06 18:00:00,3 days 06:00:00,78,15.63,141.38,954.3,102.6
2026-07-03 12:00:00,3,41,2026-07-07 00:00:00,3 days 12:00:00,84,16.0,140.0,954.6,102.3
2026-07-03 12:00:00,3,41,2026-07-07 06:00:00,3 days 18:00:00,90,16.26,138.38,951.0,106.0
2026-07-03 12:00:00,3,41,2026-07-07 12:00:00,4 days 00:00:00,96,16.5,136.75,947.5,109.8
2026-07-03 12:00:00,3,41,2026-07-07 18:00:00,4 days 06:00:00,102,16.76,135.0,948.1,109.3
2026-07-03 12:00:00,3,41,2026-07-08 00:00:00,4 days 12:00:00,108,17.0,133.25,948.6,108.7
2026-07-03 12:00:00,3,41,2026-07-08 06:00:00,4 days 18:00:00,114,17.38,132.0,946.0,111.4
2026-07-03 12:00:00,3,41,2026-07-08 12:00:00,5 days 00:00:00,120,17.75,130.75,943.4,114.1
2026-07-03 12:00:00,3,41,2026-07-08 18:00:00,5 days 06:00:00,126,18.25,129.63,944.7,112.9
2026-07-03 12:00:00,3,41,2026-07-09 00:00:00,5 days 12:00:00,132,18.75,128.5,945.9,111.6
2026-07-03 12:00:00,3,41,2026-07-09 06:00:00,5 days 18:00:00,138,19.25,127.63,945.1,112.4
2026-07-03 12:00:00,3,41,2026-07-09 12:00:00,6 days 00:00:00,144,19.75,126.75,944.3,113.3
2026-07-03 12:00:00,3,41,2026-07-09 18:00:00,6 days 06:00:00,150,20.38,125.75,946.3,111.1
2026-07-03 12:00:00,3,41,2026-07-10 00:00:00,6 days 12:00:00,156,21.0,124.75,948.4,109.0
2026-07-03 12:00:00,3,41,2026-07-10 06:00:00,6 days 18:00:00,162,21.75,123.76,949.9,107.3
2026-07-03 12:00:00,3,41,2026-07-10 12:00:00,7 days 00:00:00,168,22.5,122.75,951.4,105.7
2026-07-03 12:00:00,3,41,2026-07-10 18:00:00,7 days 06:00:00,174,23.26,121.38,960.9,95.0
2026-07-03 12:00:00,3,41,2026-07-11 00:00:00,7 days 12:00:00,180,24.0,120.0,970.3,84.2
2026-07-03 12:00:00,3,41,2026-07-11 06:00:00,7 days 18:00:00,186,25.13,119.5,976.9,76.0
2026-07-03 12:00:00,3,41,2026-07-11 12:00:00,8 days 00:00:00,192,26.25,119.0,983.5,67.7
2026-07-03 12:00:00,3,41,2026-07-11 18:00:00,8 days 06:00:00,198,27.38,118.01,986.4,63.7
2026-07-03 12:00:00,3,41,2026-07-12 00:00:00,8 days 12:00:00,204,28.5,117.0,989.3,59.7
2026-07-03 12:00:00,3,41,2026-07-12 06:00:00,8 days 18:00:00,210,29.38,116.75,990.8,57.6
2026-07-03 12:00:00,3,41,2026-07-12 12:00:00,9 days 00:00:00,216,30.25,116.5,992.2,55.6
2026-07-03 12:00:00,3,41,2026-07-12 18:00:00,9 days 06:00:00,222,31.5,116.5,993.6,53.5
2026-07-03 12:00:00,3,41,2026-07-13 00:00:00,9 days 12:00:00,228,32.75,116.5,995.0,51.4
2026-07-03 12:00:00,4,41,2026-07-03 12:00:00,0 days 00:00:00,0,19.5,-128.5,1001.2,41.7
2026-07-03 12:00:00,5,41,2026-07-03 12:00:00,0 days 00:00:00,0,18.5,110.0,997.5,47.5
2026-07-03 12:00:00,5,41,2026-07-03 18:00:00,0 days 06:00:00,6,19.38,109.13,995.1,51.2
2026-07-03 12:00:00,5,41,2026-07-04 00:00:00,0 days 12:00:00,12,20.25,108.25,992.6,54.9
2026-07-03 12:00:00,5,41,2026-07-04 06:00:00,0 days 18:00:00,18,20.75,108.0,993.6,53.5
2026-07-03 12:00:00,5,41,2026-07-04 12:00:00,1 days 00:00:00,24,21.25,107.75,994.7,52.0
2026-07-03 12:00:00,5,41,2026-07-04 18:00:00,1 days 06:00:00,30,21.75,107.63,994.6,52.1
2026-07-03 12:00:00,5,41,2026-07-05 00:00:00,1 days 12:00:00,36,22.25,107.5,994.5,52.2
2026-07-03 12:00:00,6,41,2026-07-12 12:00:00,9 days 00:00:00,216,-42.25,-143.75,981.0,70.9
2026-07-03 12:00:00,6,41,2026-07-12 18:00:00,9 days 06:00:00,222,-42.13,-143.0,981.6,70.2
2026-07-03 12:00:00,6,41,2026-07-13 00:00:00,9 days 12:00:00,228,-42.0,-142.25,982.2,69.4
2026-07-03 12:00:00,6,41,2026-07-13 06:00:00,9 days 18:00:00,234,-41.75,-143.0,983.8,67.2
2026-07-03 12:00:00,6,41,2026-07-13 12:00:00,10 days 00:00:00,240,-41.5,-143.75,985.5,65.0
2026-07-03 12:00:00,6,41,2026-07-13 18:00:00,10 days 06:00:00,246,-40.38,-144.0,985.9,64.4
2026-07-03 12:00:00,6,41,2026-07-14 00:00:00,10 days 12:00:00,252,-39.25,-144.25,986.3,63.8
2026-07-03 12:00:00,6,41,2026-07-14 06:00:00,10 days 18:00:00,258,-38.75,-143.74,987.0,62.9
2026-07-03 12:00:00,6,41,2026-07-14 12:00:00,11 days 00:00:00,264,-38.25,-143.24,987.6,62.0
2026-07-03 12:00:00,6,41,2026-07-14 18:00:00,11 days 06:00:00,270,-37.75,-142.74,988.3,61.1
2026-07-03 12:00:00,6,41,2026-07-15 00:00:00,11 days 12:00:00,276,-37.25,-142.25,988.9,60.3
2026-07-03 12:00:00,6,41,2026-07-15 06:00:00,11 days 18:00:00,282,-37.38,-141.38,989.6,59.3
2026-07-03 12:00:00,6,41,2026-07-15 12:00:00,12 days 00:00:00,288,-37.5,-140.5,990.3,58.3
2026-07-03 12:00:00,6,41,2026-07-15 18:00:00,12 days 06:00:00,294,-37.75,-139.88,992.4,55.3
2026-07-03 12:00:00,6,41,2026-07-16 00:00:00,12 days 12:00:00,300,-38.0,-139.25,994.5,52.2
2026-07-03 12:00:00,6,41,2026-07-16 06:00:00,12 days 18:00:00,306,-38.36,-144.36,995.8,50.1
2026-07-03 12:00:00,6,41,2026-07-16 12:00:00,13 days 00:00:00,312,-38.5,-149.5,997.2,48.0
2026-07-03 12:00:00,7,41,2026-07-13 00:00:00,9 days 12:00:00,228,22.0,91.75,992.7,54.9
2026-07-03 12:00:00,7,41,2026-07-13 06:00:00,9 days 18:00:00,234,21.88,90.87,992.0,55.9
2026-07-03 12:00:00,7,41,2026-07-13 12:00:00,10 days 00:00:00,240,21.75,90.0,991.4,56.8
2026-07-03 12:00:00,7,41,2026-07-13 18:00:00,10 days 06:00:00,246,21.0,90.13,988.3,61.1
2026-07-03 12:00:00,7,41,2026-07-14 00:00:00,10 days 12:00:00,252,20.25,90.25,985.2,65.4
2026-07-03 12:00:00,7,41,2026-07-14 06:00:00,10 days 18:00:00,258,20.25,89.12,983.2,68.1
2026-07-03 12:00:00,7,41,2026-07-14 12:00:00,11 days 00:00:00,264,20.25,88.0,981.1,70.7
2026-07-03 12:00:00,7,41,2026-07-14 18:00:00,11 days 06:00:00,270,20.75,87.75,982.9,68.4
2026-07-03 12:00:00,7,41,2026-07-15 00:00:00,11 days 12:00:00,276,21.25,87.5,984.7,66.1
2026-07-03 12:00:00,7,41,2026-07-15 06:00:00,11 days 18:00:00,282,21.39,85.5,987.0,62.9
2026-07-03 12:00:00,7,41,2026-07-15 12:00:00,12 days 00:00:00,288,21.5,83.5,989.3,59.7
2026-07-03 12:00:00,7,41,2026-07-15 18:00:00,12 days 06:00:00,294,21.75,82.75,991.4,56.7
2026-07-03 12:00:00,7,41,2026-07-16 00:00:00,12 days 12:00:00,300,22.0,82.0,993.5,53.7
2026-07-03 12:00:00,7,41,2026-07-16 06:00:00,12 days 18:00:00,306,27.38,82.36,995.5,50.6
2026-07-03 12:00:00,7,41,2026-07-16 12:00:00,13 days 00:00:00,312,32.75,82.75,997.6,47.5
2026-07-03 12:00:00,7,41,2026-07-16 18:00:00,13 days 06:00:00,318,28.38,81.06,998.4,46.2
2026-07-03 12:00:00,7,41,2026-07-17 00:00:00,13 days 12:00:00,324,24.0,79.5,999.2,44.9
2026-07-03 12:00:00,3,42,2026-07-03 12:00:00,0 days 00:00:00,0,12.75,153.0,976.5,76.7
2026-07-03 12:00:00,3,42,2026-07-03 18:00:00,0 days 06:00:00,6,12.88,152.25,973.3,80.6
2026-07-03 12:00:00,3,42,2026-07-04 00:00:00,0 days 12:00:00,12,13.0,151.5,970.2,84.4
2026-07-03 12:00:00,3,42,2026-07-04 06:00:00,0 days 18:00:00,18,13.0,150.88,968.3,86.7
2026-07-03 12:00:00,3,42,2026-07-04 12:00:00,1 days 00:00:00,24,13.0,150.25,966.4,88.9
2026-07-03 12:00:00,3,42,2026-07-04 18:00:00,1 days 06:00:00,30,13.13,149.38,963.4,92.3
2026-07-03 12:00:00,3,42,2026-07-05 00:00:00,1 days 12:00:00,36,13.25,148.5,960.5,95.6
2026-07-03 12:00:00,3,42,2026-07-05 06:00:00,1 days 18:00:00,42,13.5,147.63,960.7,95.4
2026-07-03 12:00:00,3,42,2026-07-05 12:00:00,2 days 00:00:00,48,13.75,146.75,960.9,95.2
2026-07-03 12:00:00,3,42,2026-07-05 18:00:00,2 days 06:00:00,54,14.25,145.75,958.7,97.7
2026-07-03 12:00:00,3,42,2026-07-06 00:00:00,2 days 12:00:00,60,14.75,144.75,956.5,100.1
2026-07-03 12:00:00,3,42,2026-07-06 06:00:00,2 days 18:00:00,66,14.88,143.63,955.3,101.4
2026-07-03 12:00:00,3,42,2026-07-06 12:00:00,3 days 00:00:00,72,15.0,142.5,954.2,102.7
2026-07-03 12:00:00,3,42,2026-07-06 18:00:00,3 days 06:00:00,78,15.38,141.13,951.8,105.3
2026-07-03 12:00:00,3,42,2026-07-07 00:00:00,3 days 12:00:00,84,15.75,139.75,949.4,107.8
2026-07-03 12:00:00,3,42,2026-07-07 06:00:00,3 days 18:00:00,90,16.13,138.13,950.9,106.2
2026-07-03 12:00:00,3,42,2026-07-07 12:00:00,4 days 00:00:00,96,16.5,136.5,952.4,104.7
2026-07-03 12:00:00,3,42,2026-07-07 18:00:00,4 days 06:00:00,102,16.75,135.13,950.4,106.8
2026-07-03 12:00:00,3,42,2026-07-08 00:00:00,4 days 12:00:00,108,17.0,133.75,948.5,108.9
2026-07-03 12:00:00,3,42,2026-07-08 06:00:00,4 days 18:00:00,114,17.25,132.5,946.5,110.9
2026-07-03 12:00:00,3,42,2026-07-08 12:00:00,5 days 00:00:00,120,17.5,131.25,944.6,113.0
2026-07-03 12:00:00,3,42,2026-07-08 18:00:00,5 days 06:00:00,126,17.88,130.25,946.6,110.8
2026-07-03 12:00:00,3,42,2026-07-09 00:00:00,5 days 12:00:00,132,18.25,129.25,948.6,108.7
2026-07-03 12:00:00,3,42,2026-07-09 06:00:00,5 days 18:00:00,138,18.63,128.63,949.2,108.0
2026-07-03 12:00:00,3,42,2026-07-09 12:00:00,6 days 00:00:00,144,19.0,128.0,949.8,107.4
2026-07-03 12:00:00,3,42,2026-07-09 18:00:00,6 days 06:00:00,150,19.75,127.0,950.1,107.1
2026-07-03 12:00:00,3,42,2026-07-10 00:00:00,6 days 12:00:00,156,20.5,126.0,950.3,106.9
2026-07-03 12:00:00,3,42,2026-07-10 06:00:00,6 days 18:00:00,162,21.5,125.01,951.1,106.0
2026-07-03 12:00:00,3,42,2026-07-10 12:00:00,7 days 00:00:00,168,22.5,124.0,952.0,105.1
2026-07-03 12:00:00,3,42,2026-07-10 18:00:00,7 days 06:00:00,174,23.38,123.01,952.5,104.5
2026-07-03 12:00:00,3,42,2026-07-11 00:00:00,7 days 12:00:00,180,24.25,122.0,953.0,104.0
2026-07-03 12:00:00,3,42,2026-07-11 06:00:00,7 days 18:00:00,186,25.13,121.13,958.2,98.2
2026-07-03 12:00:00,3,42,2026-07-11 12:00:00,8 days 00:00:00,192,26.0,120.25,963.4,92.4
2026-07-03 12:00:00,3,42,2026-07-11 18:00:00,8 days 06:00:00,198,27.13,119.01,975.3,77.5
2026-07-03 12:00:00,3,42,2026-07-12 00:00:00,8 days 12:00:00,204,28.25,117.75,987.3,62.5
2026-07-03 12:00:00,3,42,2026-07-12 06:00:00,8 days 18:00:00,210,28.63,117.0,988.7,60.6
2026-07-03 12:00:00,3,42,2026-07-12 12:00:00,9 days 00:00:00,216,29.0,116.25,990.1,58.6
2026-07-03 12:00:00,3,42,2026-07-12 18:00:00,9 days 06:00:00,222,29.5,115.88,992.4,55.3
2026-07-03 12:00:00,3,42,2026-07-13 00:00:00,9 days 12:00:00,228,30.0,115.5,994.7,51.9
2026-07-03 12:00:00,3,42,2026-07-13 06:00:00,9 days 18:00:00,234,31.25,115.5,994.8,51.8
2026-07-03 12:00:00,3,42,2026-07-13 12:00:00,10 days 00:00:00,240,32.5,115.5,994.8,51.7
2026-07-03 12:00:00,3,42,2026-07-13 18:00:00,10 days 06:00:00,246,33.0,115.13,995.9,50.1
2026-07-03 12:00:00,3,42,2026-07-14 00:00:00,10 days 12:00:00,252,33.5,114.75,996.9,48.5
2026-07-03 12:00:00,4,42,2026-07-03 12:00:00,0 days 00:00:00,0,19.5,-128.5,1001.2,41.7
2026-07-03 12:00:00,5,42,2026-07-03 12:00:00,0 days 00:00:00,0,18.5,110.0,997.5,47.5
2026-07-03 12:00:00,5,42,2026-07-03 18:00:00,0 days 06:00:00,6,19.63,108.88,997.2,48.1
2026-07-03 12:00:00,5,42,2026-07-04 00:00:00,0 days 12:00:00,12,20.75,107.75,996.9,48.6
2026-07-03 12:00:00,5,42,2026-07-04 06:00:00,0 days 18:00:00,18,21.0,107.63,996.5,49.2
2026-07-03 12:00:00,5,42,2026-07-04 12:00:00,1 days 00:00:00,24,21.25,107.5,996.1,49.8
2026-07-03 12:00:00,5,42,2026-07-04 18:00:00,1 days 06:00:00,30,21.38,107.62,995.4,50.8
2026-07-03 12:00:00,5,42,2026-07-05 00:00:00,1 days 12:00:00,36,21.5,107.75,994.8,51.7
2026-07-03 12:00:00,5,42,2026-07-05 06:00:00,1 days 18:00:00,42,21.75,108.0,995.1,51.2
2026-07-03 12:00:00,5,42,2026-07-05 12:00:00,2 days 00:00:00,48,22.0,108.25,995.5,50.8
2026-07-03 12:00:00,5,42,2026-07-05 18:00:00,2 days 06:00:00,54,22.62,108.25,994.5,52.2
2026-07-03 12:00:00,5,42,2026-07-06 00:00:00,2 days 12:00:00,60,23.25,108.25,993.6,53.6
2026-07-03 12:00:00,5,42,2026-07-06 06:00:00,2 days 18:00:00,66,23.75,108.25,994.1,52.8
2026-07-03 12:00:00,5,42,2026-07-06 12:00:00,3 days 00:00:00,72,24.25,108.25,994.7,52.0
2026-07-03 12:00:00,5,42,2026-07-06 18:00:00,3 days 06:00:00,78,24.25,108.75,996.4,49.3
2026-07-03 12:00:00,5,42,2026-07-07 00:00:00,3 days 12:00:00,84,24.25,109.25,998.1,46.6
2026-07-03 12:00:00,6,42,2026-07-04 00:00:00,0 days 12:00:00,12,20.75,87.25,993.9,53.1
2026-07-03 12:00:00,6,42,2026-07-04 06:00:00,0 days 18:00:00,18,20.75,87.0,992.9,54.6
2026-07-03 12:00:00,6,42,2026-07-04 12:00:00,1 days 00:00:00,24,20.75,86.75,991.9,56.0
2026-07-03 12:00:00,6,42,2026-07-04 18:00:00,1 days 06:00:00,30,20.75,87.25,990.6,57.8
2026-07-03 12:00:00,6,42,2026-07-05 00:00:00,1 days 12:00:00,36,20.75,87.75,989.4,59.6
2026-07-03 12:00:00,6,42,2026-07-05 06:00:00,1 days 18:00:00,42,21.75,88.25,989.7,59.2
2026-07-03 12:00:00,6,42,2026-07-05 12:00:00,2 days 00:00:00,48,22.75,88.75,990.0,58.7
2026-07-03 12:00:00,6,42,2026-07-05 18:00:00,2 days 06:00:00,54,22.88,87.63,990.5,58.0
2026-07-03 12:00:00,6,42,2026-07-06 00:00:00,2 days 12:00:00,60,23.0,86.5,991.0,57.3
2026-07-03 12:00:00,6,42,2026-07-06 06:00:00,2 days 18:00:00,66,23.5,86.5,991.4,56.8
2026-07-03 12:00:00,6,42,2026-07-06 12:00:00,3 days 00:00:00,72,24.0,86.5,991.7,56.3
2026-07-03 12:00:00,6,42,2026-07-06 18:00:00,3 days 06:00:00,78,24.0,85.38,991.3,56.8
2026-07-03 12:00:00,6,42,2026-07-07 00:00:00,3 days 12:00:00,84,24.0,84.25,991.0,57.4
2026-07-03 12:00:00,6,42,2026-07-07 06:00:00,3 days 18:00:00,90,24.5,83.63,991.0,57.3
2026-07-03 12:00:00,6,42,2026-07-07 12:00:00,4 days 00:00:00,96,25.0,83.0,991.0,57.3
2026-07-03 12:00:00,6,42,2026-07-07 18:00:00,4 days 06:00:00,102,25.13,83.25,991.9,56.1
2026-07-03 12:00:00,6,42,2026-07-08 00:00:00,4 days 12:00:00,108,25.25,83.5,992.7,54.8
2026-07-03 12:00:00,6,42,2026-07-08 06:00:00,4 days 18:00:00,114,25.63,83.0,992.9,54.5
2026-07-03 12:00:00,6,42,2026-07-08 12:00:00,5 days 00:00:00,120,26.0,82.5,993.2,54.2
2026-07-03 12:00:00,6,42,2026-07-08 18:00:00,5 days 06:00:00,126,27.52,83.87,993.8,53.2
2026-07-03 12:00:00,6,42,2026-07-09 00:00:00,5 days 12:00:00,132,29.03,85.29,994.5,52.2
2026-07-03 12:00:00,6,42,2026-07-09 06:00:00,5 days 18:00:00,138,30.53,86.75,995.2,51.2
2026-07-03 12:00:00,6,42,2026-07-09 12:00:00,6 days 00:00:00,144,32.0,88.25,995.8,50.2
2026-07-03 12:00:00,6,42,2026-07-09 18:00:00,6 days 06:00:00,150,31.32,89.02,996.3,49.5
2026-07-03 12:00:00,6,42,2026-07-10 00:00:00,6 days 12:00:00,156,30.63,89.77,996.7,48.8
2026-07-03 12:00:00,6,42,2026-07-10 06:00:00,6 days 18:00:00,162,29.94,90.52,997.2,48.1
2026-07-03 12:00:00,6,42,2026-07-10 12:00:00,7 days 00:00:00,168,29.25,91.25,997.6,47.4
2026-07-03 12:00:00,7,42,2026-07-11 00:00:00,7 days 12:00:00,180,-36.25,-152.25,976.2,77.1
2026-07-03 12:00:00,7,42,2026-07-11 06:00:00,7 days 18:00:00,186,-37.62,-152.25,970.9,83.4
2026-07-03 12:00:00,7,42,2026-07-11 12:00:00,8 days 00:00:00,192,-39.0,-152.25,965.6,89.8
2026-07-03 12:00:00,7,42,2026-07-11 18:00:00,8 days 06:00:00,198,-38.5,-152.12,965.4,90.1
2026-07-03 12:00:00,7,42,2026-07-12 00:00:00,8 days 12:00:00,204,-38.0,-152.0,965.1,90.4
2026-07-03 12:00:00,7,42,2026-07-12 06:00:00,8 days 18:00:00,210,-41.72,-147.52,972.6,81.2
2026-07-03 12:00:00,7,42,2026-07-12 12:00:00,9 days 00:00:00,216,-45.25,-142.5,980.1,72.1
2026-07-03 12:00:00,7,42,2026-07-12 18:00:00,9 days 06:00:00,222,-40.75,-143.3,974.2,79.3
2026-07-03 12:00:00,7,42,2026-07-13 00:00:00,9 days 12:00:00,228,-36.25,-144.0,968.4,86.6
2026-07-03 12:00:00,7,42,2026-07-13 06:00:00,9 days 18:00:00,234,-37.41,-141.17,968.3,86.6
2026-07-03 12:00:00,7,42,2026-07-13 12:00:00,10 days 00:00:00,240,-38.5,-138.25,968.2,86.7
2026-07-03 12:00:00,7,42,2026-07-13 18:00:00,10 days 06:00:00,246,-39.77,-136.04,967.0,88.1
2026-07-03 12:00:00,7,42,2026-07-14 00:00:00,10 days 12:00:00,252,-41.0,-133.75,965.8,89.6
2026-07-03 12:00:00,7,42,2026-07-14 06:00:00,10 days 18:00:00,258,-41.52,-131.77,966.0,89.3
2026-07-03 12:00:00,7,42,2026-07-14 12:00:00,11 days 00:00:00,264,-42.0,-129.75,966.2,89.0
2026-07-03 12:00:00,7,42,2026-07-14 18:00:00,11 days 06:00:00,270,-43.16,-127.05,966.1,89.2
2026-07-03 12:00:00,7,42,2026-07-15 00:00:00,11 days 12:00:00,276,-44.25,-124.25,966.0,89.3
2026-07-03 12:00:00,7,42,2026-07-15 06:00:00,11 days 18:00:00,282,-45.63,-122.79,966.4,88.8
2026-07-03 12:00:00,7,42,2026-07-15 12:00:00,12 days 00:00:00,288,-47.0,-121.25,966.9,88.3
2026-07-03 12:00:00,7,42,2026-07-15 18:00:00,12 days 06:00:00,294,-46.75,-121.31,966.7,88.6
2026-07-03 12:00:00,7,42,2026-07-16 00:00:00,12 days 12:00:00,300,-46.5,-121.38,966.5,88.8
2026-07-03 12:00:00,7,42,2026-07-16 06:00:00,12 days 18:00:00,306,-46.25,-121.44,966.3,89.0
2026-07-03 12:00:00,7,42,2026-07-16 12:00:00,13 days 00:00:00,312,-46.0,-121.5,966.1,89.2
2026-07-03 12:00:00,7,42,2026-07-16 18:00:00,13 days 06:00:00,318,-45.38,-120.74,966.5,88.7
2026-07-03 12:00:00,7,42,2026-07-17 00:00:00,13 days 12:00:00,324,-44.75,-120.0,967.0,88.2
2026-07-03 12:00:00,7,42,2026-07-17 06:00:00,13 days 18:00:00,330,-44.66,-117.37,968.9,85.9
2026-07-03 12:00:00,7,42,2026-07-17 12:00:00,14 days 00:00:00,336,-44.5,-114.75,970.7,83.7
2026-07-03 12:00:00,7,42,2026-07-17 18:00:00,14 days 06:00:00,342,-44.92,-111.4,971.6,82.7
2026-07-03 12:00:00,7,42,2026-07-18 00:00:00,14 days 12:00:00,348,-45.25,-108.0,972.5,81.6
2026-07-03 12:00:00,8,42,2026-07-13 12:00:00,10 days 00:00:00,240,22.0,90.5,993.4,53.9
2026-07-03 12:00:00,8,42,2026-07-13 18:00:00,10 days 06:00:00,246,21.88,90.0,992.4,55.2
2026-07-03 12:00:00,8,42,2026-07-14 00:00:00,10 days 12:00:00,252,21.75,89.5,991.5,56.6
2026-07-03 12:00:00,8,42,2026-07-14 06:00:00,10 days 18:00:00,258,21.63,89.0,990.9,57.4
2026-07-03 12:00:00,8,42,2026-07-14 12:00:00,11 days 00:00:00,264,21.5,88.5,990.4,58.2
2026-07-03 12:00:00,8,42,2026-07-14 18:00:00,11 days 06:00:00,270,21.5,87.75,990.1,58.6
2026-07-03 12:00:00,8,42,2026-07-15 00:00:00,11 days 12:00:00,276,21.5,87.0,989.8,59.0
2026-07-03 12:00:00,8,42,2026-07-15 06:00:00,11 days 18:00:00,282,21.38,85.87,989.8,59.0
2026-07-03 12:00:00,8,42,2026-07-15 12:00:00,12 days 00:00:00,288,21.25,84.75,989.8,59.0
2026-07-03 12:00:00,8,42,2026-07-15 18:00:00,12 days 06:00:00,294,21.13,84.25,990.8,57.5
2026-07-03 12:00:00,8,42,2026-07-16 00:00:00,12 days 12:00:00,300,21.0,83.75,991.9,56.1
2026-07-03 12:00:00,9,42,2026-07-16 00:00:00,12 days 12:00:00,300,10.0,159.25,1007.6,30.2
2026-07-03 12:00:00,9,42,2026-07-16 06:00:00,12 days 18:00:00,306,10.6,156.58,1007.1,31.2
2026-07-03 12:00:00,9,42,2026-07-16 12:00:00,13 days 00:00:00,312,11.17,153.9,1006.6,32.1
2026-07-03 12:00:00,9,42,2026-07-16 18:00:00,13 days 06:00:00,318,11.73,151.2,1006.1,33.0
2026-07-03 12:00:00,9,42,2026-07-17 00:00:00,13 days 12:00:00,324,12.25,148.5,1005.6,34.0
2026-07-03 12:00:00,9,42,2026-07-17 06:00:00,13 days 18:00:00,330,12.38,147.25,1004.8,35.5
2026-07-03 12:00:00,9,42,2026-07-17 12:00:00,14 days 00:00:00,336,12.5,146.0,1003.9,37.1
2026-07-03 12:00:00,9,42,2026-07-17 18:00:00,14 days 06:00:00,342,12.88,145.25,1002.6,39.3
2026-07-03 12:00:00,9,42,2026-07-18 00:00:00,14 days 12:00:00,348,13.25,144.5,1001.3,41.5
2026-07-03 12:00:00,9,42,2026-07-18 06:00:00,14 days 18:00:00,354,13.13,143.37,1000.3,43.2
2026-07-03 12:00:00,9,42,2026-07-18 12:00:00,15 days 00:00:00,360,13.0,142.25,999.2,44.9
2026-07-03 12:00:00,10,43,2026-07-14 12:00:00,11 days 00:00:00,264,9.5,-124.0,1004.8,35.5
2026-07-03 12:00:00,10,43,2026-07-14 18:00:00,11 days 06:00:00,270,10.13,-125.0,1004.5,36.0
2026-07-03 12:00:00,10,43,2026-07-15 00:00:00,11 days 12:00:00,276,10.75,-126.0,1004.2,36.5
2026-07-03 12:00:00,10,43,2026-07-15 06:00:00,11 days 18:00:00,282,11.25,-126.0,1003.5,37.8
2026-07-03 12:00:00,10,43,2026-07-15 12:00:00,12 days 00:00:00,288,11.75,-126.0,1002.8,39.0
2026-07-03 12:00:00,10,43,2026-07-15 18:00:00,12 days 06:00:00,294,12.25,-127.37,1001.6,41.0
2026-07-03 12:00:00,10,43,2026-07-16 00:00:00,12 days 12:00:00,300,12.75,-128.75,1000.4,43.0
2026-07-03 12:00:00,10,43,2026-07-16 06:00:00,12 days 18:00:00,306,13.5,-129.0,999.6,44.2
2026-07-03 12:00:00,10,43,2026-07-16 12:00:00,13 days 00:00:00,312,14.25,-129.25,998.9,45.4
2026-07-03 12:00:00,10,43,2026-07-16 18:00:00,13 days 06:00:00,318,14.5,-129.87,995.9,49.9
2026-07-03 12:00:00,10,43,2026-07-17 00:00:00,13 days 12:00:00,324,14.75,-130.5,993.0,54.5
2026-07-03 12:00:00,10,43,2026-07-17 06:00:00,13 days 18:00:00,330,15.38,-130.87,993.3,54.0
2026-07-03 12:00:00,10,43,2026-07-17 12:00:00,14 days 00:00:00,336,16.0,-131.25,993.7,53.5
2026-07-03 12:00:00,10,43,2026-07-17 18:00:00,14 days 06:00:00,342,16.63,-131.75,993.8,53.3
2026-07-03 12:00:00,10,43,2026-07-18 00:00:00,14 days 12:00:00,348,17.25,-132.25,993.9,53.1
2026-07-03 12:00:00,10,43,2026-07-18 06:00:00,14 days 18:00:00,354,17.88,-132.87,994.3,52.5
2026-07-03 12:00:00,10,43,2026-07-18 12:00:00,15 days 00:00:00,360,18.5,-133.5,994.7,51.9
2026-07-03 12:00:00,3,43,2026-07-03 12:00:00,0 days 00:00:00,0,12.75,153.0,976.5,76.7
2026-07-03 12:00:00,3,43,2026-07-03 18:00:00,0 days 06:00:00,6,12.75,152.25,973.5,80.4
2026-07-03 12:00:00,3,43,2026-07-04 00:00:00,0 days 12:00:00,12,12.75,151.5,970.5,84.0
2026-07-03 12:00:00,3,43,2026-07-04 06:00:00,0 days 18:00:00,18,12.75,151.0,971.7,82.6
2026-07-03 12:00:00,3,43,2026-07-04 12:00:00,1 days 00:00:00,24,12.75,150.5,972.9,81.1
2026-07-03 12:00:00,3,43,2026-07-04 18:00:00,1 days 06:00:00,30,13.0,149.63,971.3,83.1
2026-07-03 12:00:00,3,43,2026-07-05 00:00:00,1 days 12:00:00,36,13.25,148.75,969.6,85.1
2026-07-03 12:00:00,3,43,2026-07-05 06:00:00,1 days 18:00:00,42,13.38,148.0,968.7,86.2
2026-07-03 12:00:00,3,43,2026-07-05 12:00:00,2 days 00:00:00,48,13.5,147.25,967.7,87.3
2026-07-03 12:00:00,3,43,2026-07-05 18:00:00,2 days 06:00:00,54,13.75,146.25,961.7,94.2
2026-07-03 12:00:00,3,43,2026-07-06 00:00:00,2 days 12:00:00,60,14.0,145.25,955.7,101.0
2026-07-03 12:00:00,3,43,2026-07-06 06:00:00,2 days 18:00:00,66,14.38,143.88,955.7,101.0
2026-07-03 12:00:00,3,43,2026-07-06 12:00:00,3 days 00:00:00,72,14.75,142.5,955.7,101.0
2026-07-03 12:00:00,3,43,2026-07-06 18:00:00,3 days 06:00:00,78,15.13,141.13,953.9,103.0
2026-07-03 12:00:00,3,43,2026-07-07 00:00:00,3 days 12:00:00,84,15.5,139.75,952.0,105.0
2026-07-03 12:00:00,3,43,2026-07-07 06:00:00,3 days 18:00:00,90,16.01,138.25,950.0,107.2
2026-07-03 12:00:00,3,43,2026-07-07 12:00:00,4 days 00:00:00,96,16.5,136.75,948.0,109.4
2026-07-03 12:00:00,3,43,2026-07-07 18:00:00,4 days 06:00:00,102,16.88,135.25,950.7,106.4
2026-07-03 12:00:00,3,43,2026-07-08 00:00:00,4 days 12:00:00,108,17.25,133.75,953.5,103.4
2026-07-03 12:00:00,3,43,2026-07-08 06:00:00,4 days 18:00:00,114,17.38,132.5,952.3,104.7
2026-07-03 12:00:00,3,43,2026-07-08 12:00:00,5 days 00:00:00,120,17.5,131.25,951.2,105.9
2026-07-03 12:00:00,3,43,2026-07-08 18:00:00,5 days 06:00:00,126,18.0,130.0,949.6,107.6
2026-07-03 12:00:00,3,43,2026-07-09 00:00:00,5 days 12:00:00,132,18.5,128.75,948.0,109.3
2026-07-03 12:00:00,3,43,2026-07-09 06:00:00,5 days 18:00:00,138,19.25,128.0,948.9,108.3
2026-07-03 12:00:00,3,43,2026-07-09 12:00:00,6 days 00:00:00,144,20.0,127.25,949.8,107.4
2026-07-03 12:00:00,3,43,2026-07-09 18:00:00,6 days 06:00:00,150,20.75,126.5,950.7,106.4
2026-07-03 12:00:00,3,43,2026-07-10 00:00:00,6 days 12:00:00,156,21.5,125.75,951.6,105.5
2026-07-03 12:00:00,3,43,2026-07-10 06:00:00,6 days 18:00:00,162,22.5,125.01,951.7,105.4
2026-07-03 12:00:00,3,43,2026-07-10 12:00:00,7 days 00:00:00,168,23.5,124.25,951.9,105.2
2026-07-03 12:00:00,3,43,2026-07-10 18:00:00,7 days 06:00:00,174,24.75,123.88,955.5,101.1
2026-07-03 12:00:00,3,43,2026-07-11 00:00:00,7 days 12:00:00,180,26.0,123.5,959.2,97.1
2026-07-03 12:00:00,3,43,2026-07-11 06:00:00,7 days 18:00:00,186,27.5,123.13,960.5,95.7
2026-07-03 12:00:00,3,43,2026-07-11 12:00:00,8 days 00:00:00,192,29.0,122.75,961.8,94.2
2026-07-03 12:00:00,3,43,2026-07-11 18:00:00,8 days 06:00:00,198,30.5,121.89,970.7,83.4
2026-07-03 12:00:00,3,43,2026-07-12 00:00:00,8 days 12:00:00,204,32.0,121.0,979.7,72.6
2026-07-03 12:00:00,3,43,2026-07-12 06:00:00,8 days 18:00:00,210,32.75,120.88,982.0,69.6
2026-07-03 12:00:00,3,43,2026-07-12 12:00:00,9 days 00:00:00,216,33.5,120.75,984.3,66.6
2026-07-03 12:00:00,3,43,2026-07-12 18:00:00,9 days 06:00:00,222,34.38,121.49,985.8,64.5
2026-07-03 12:00:00,3,43,2026-07-13 00:00:00,9 days 12:00:00,228,35.25,122.25,987.4,62.4
2026-07-03 12:00:00,3,43,2026-07-13 06:00:00,9 days 18:00:00,234,35.63,123.62,988.2,61.2
2026-07-03 12:00:00,3,43,2026-07-13 12:00:00,10 days 00:00:00,240,36.0,125.0,989.1,60.0
2026-07-03 12:00:00,3,43,2026-07-13 18:00:00,10 days 06:00:00,246,36.65,127.48,991.0,57.3
2026-07-03 12:00:00,3,43,2026-07-14 00:00:00,10 days 12:00:00,252,37.25,130.0,993.0,54.5
2026-07-03 12:00:00,3,43,2026-07-14 06:00:00,10 days 18:00:00,258,37.01,131.25,993.1,54.2
2026-07-03 12:00:00,3,43,2026-07-14 12:00:00,11 days 00:00:00,264,36.75,132.5,993.3,53.9
2026-07-03 12:00:00,4,43,2026-07-03 12:00:00,0 days 00:00:00,0,19.5,-128.5,1001.2,41.7
2026-07-03 12:00:00,5,43,2026-07-03 12:00:00,0 days 00:00:00,0,18.5,110.0,997.5,47.5
2026-07-03 12:00:00,5,43,2026-07-03 18:00:00,0 days 06:00:00,6,19.5,109.01,996.9,48.6
2026-07-03 12:00:00,5,43,2026-07-04 00:00:00,0 days 12:00:00,12,20.5,108.0,996.2,49.6
2026-07-03 12:00:00,5,43,2026-07-04 06:00:00,0 days 18:00:00,18,20.75,107.88,995.4,50.9
2026-07-03 12:00:00,5,43,2026-07-04 12:00:00,1 days 00:00:00,24,21.0,107.75,994.6,52.1
2026-07-03 12:00:00,5,43,2026-07-04 18:00:00,1 days 06:00:00,30,21.62,107.75,996.1,49.7
2026-07-03 12:00:00,5,43,2026-07-05 00:00:00,1 days 12:00:00,36,22.25,107.75,997.7,47.3
2026-07-03 12:00:00,6,43,2026-07-04 00:00:00,0 days 12:00:00,12,20.0,87.75,992.5,55.1
2026-07-03 12:00:00,6,43,2026-07-04 06:00:00,0 days 18:00:00,18,20.25,87.13,991.9,56.1
2026-07-03 12:00:00,6,43,2026-07-04 12:00:00,1 days 00:00:00,24,20.5,86.5,991.2,57.0
2026-07-03 12:00:00,6,43,2026-07-04 18:00:00,1 days 06:00:00,30,20.75,86.87,991.2,57.0
2026-07-03 12:00:00,6,43,2026-07-05 00:00:00,1 days 12:00:00,36,21.0,87.25,991.2,57.0
2026-07-03 12:00:00,6,43,2026-07-05 06:00:00,1 days 18:00:00,42,21.25,87.25,990.5,58.1
2026-07-03 12:00:00,6,43,2026-07-05 12:00:00,2 days 00:00:00,48,21.5,87.25,989.7,59.1
2026-07-03 12:00:00,6,43,2026-07-05 18:00:00,2 days 06:00:00,54,21.5,87.0,991.2,57.1
2026-07-03 12:00:00,6,43,2026-07-06 00:00:00,2 days 12:00:00,60,21.5,86.75,992.6,55.0
2026-07-03 12:00:00,6,43,2026-07-06 06:00:00,2 days 18:00:00,66,21.88,85.75,992.0,55.8
2026-07-03 12:00:00,6,43,2026-07-06 12:00:00,3 days 00:00:00,72,22.25,84.75,991.5,56.6
2026-07-03 12:00:00,6,43,2026-07-06 18:00:00,3 days 06:00:00,78,23.0,84.38,992.9,54.6
2026-07-03 12:00:00,6,43,2026-07-07 00:00:00,3 days 12:00:00,84,23.75,84.0,994.3,52.6
2026-07-03 12:00:00,6,43,2026-07-07 06:00:00,3 days 18:00:00,90,24.38,83.0,993.2,54.1
2026-07-03 12:00:00,6,43,2026-07-07 12:00:00,4 days 00:00:00,96,25.0,82.0,992.1,55.7
2026-07-03 12:00:00,6,43,2026-07-07 18:00:00,4 days 06:00:00,102,25.25,81.5,993.1,54.3
2026-07-03 12:00:00,6,43,2026-07-08 00:00:00,4 days 12:00:00,108,25.5,81.0,994.0,52.9
2026-07-03 12:00:00,6,43,2026-07-08 06:00:00,4 days 18:00:00,114,25.88,80.5,993.0,54.5
2026-07-03 12:00:00,6,43,2026-07-08 12:00:00,5 days 00:00:00,120,26.25,80.0,991.9,56.1
2026-07-03 12:00:00,6,43,2026-07-08 18:00:00,5 days 06:00:00,126,26.63,78.88,992.0,55.9
2026-07-03 12:00:00,6,43,2026-07-09 00:00:00,5 days 12:00:00,132,27.0,77.75,992.1,55.7
2026-07-03 12:00:00,6,43,2026-07-09 06:00:00,5 days 18:00:00,138,29.06,81.67,992.5,55.1
2026-07-03 12:00:00,6,43,2026-07-09 12:00:00,6 days 00:00:00,144,31.0,85.75,993.0,54.5
2026-07-03 12:00:00,6,43,2026-07-09 18:00:00,6 days 06:00:00,150,29.2,81.04,994.4,52.4
2026-07-03 12:00:00,6,43,2026-07-10 00:00:00,6 days 12:00:00,156,27.25,76.5,995.7,50.3
2026-07-03 12:00:00,6,43,2026-07-10 06:00:00,6 days 18:00:00,162,27.25,76.62,995.1,51.2
2026-07-03 12:00:00,6,43,2026-07-10 12:00:00,7 days 00:00:00,168,27.25,76.75,994.5,52.1
2026-07-03 12:00:00,6,43,2026-07-10 18:00:00,7 days 06:00:00,174,27.0,77.0,994.5,52.2
2026-07-03 12:00:00,6,43,2026-07-11 00:00:00,7 days 12:00:00,180,26.75,77.25,994.4,52.3
2026-07-03 12:00:00,6,43,2026-07-11 06:00:00,7 days 18:00:00,186,29.04,80.55,993.3,54.0
2026-07-03 12:00:00,6,43,2026-07-11 12:00:00,8 days 00:00:00,192,31.25,84.0,992.2,55.6
2026-07-03 12:00:00,6,43,2026-07-11 18:00:00,8 days 06:00:00,198,31.25,84.0,991.5,56.6
2026-07-03 12:00:00,6,43,2026-07-12 00:00:00,8 days 12:00:00,204,31.25,84.0,990.7,57.7
2026-07-03 12:00:00,6,43,2026-07-12 06:00:00,8 days 18:00:00,210,31.25,84.0,990.0,58.7
2026-07-03 12:00:00,6,43,2026-07-12 12:00:00,9 days 00:00:00,216,31.25,84.0,989.3,59.7
2026-07-03 12:00:00,6,43,2026-07-12 18:00:00,9 days 06:00:00,222,31.25,84.0,990.3,58.3
2026-07-03 12:00:00,6,43,2026-07-13 00:00:00,9 days 12:00:00,228,31.25,84.0,991.3,56.9
2026-07-03 12:00:00,6,43,2026-07-13 06:00:00,9 days 18:00:00,234,31.25,84.0,992.2,55.5
2026-07-03 12:00:00,6,43,2026-07-13 12:00:00,10 days 00:00:00,240,31.25,84.0,993.2,54.1
2026-07-03 12:00:00,6,43,2026-07-13 18:00:00,10 days 06:00:00,246,26.8,87.9,994.8,51.7
2026-07-03 12:00:00,6,43,2026-07-14 00:00:00,10 days 12:00:00,252,22.25,91.5,996.5,49.2
2026-07-03 12:00:00,7,43,2026-07-11 12:00:00,8 days 00:00:00,192,-47.25,-147.75,977.4,75.5
2026-07-03 12:00:00,7,43,2026-07-11 18:00:00,8 days 06:00:00,198,-46.46,-144.35,977.1,75.9
2026-07-03 12:00:00,7,43,2026-07-12 00:00:00,8 days 12:00:00,204,-45.56,-141.03,976.8,76.3
2026-07-03 12:00:00,7,43,2026-07-12 06:00:00,8 days 18:00:00,210,-44.57,-137.83,976.5,76.6
2026-07-03 12:00:00,7,43,2026-07-12 12:00:00,9 days 00:00:00,216,-43.5,-134.75,976.2,77.0
2026-07-03 12:00:00,7,43,2026-07-12 18:00:00,9 days 06:00:00,222,-45.13,-133.54,975.2,78.3
2026-07-03 12:00:00,7,43,2026-07-13 00:00:00,9 days 12:00:00,228,-46.75,-132.25,974.1,79.6
2026-07-03 12:00:00,7,43,2026-07-13 06:00:00,9 days 18:00:00,234,-48.76,-131.17,972.1,82.1
2026-07-03 12:00:00,7,43,2026-07-13 12:00:00,10 days 00:00:00,240,-50.75,-130.0,970.1,84.5
2026-07-03 12:00:00,7,43,2026-07-13 18:00:00,10 days 06:00:00,246,-53.13,-131.18,969.0,85.8
2026-07-03 12:00:00,7,43,2026-07-14 00:00:00,10 days 12:00:00,252,-55.5,-132.5,968.0,87.0
2026-07-03 12:00:00,7,43,2026-07-14 06:00:00,10 days 18:00:00,258,-54.28,-135.46,972.7,81.2
2026-07-03 12:00:00,7,43,2026-07-14 12:00:00,11 days 00:00:00,264,-53.0,-138.25,977.5,75.4
2026-07-03 12:00:00,7,43,2026-07-14 18:00:00,11 days 06:00:00,270,-49.88,-136.65,977.5,75.4
2026-07-03 12:00:00,7,43,2026-07-15 00:00:00,11 days 12:00:00,276,-46.75,-135.25,977.6,75.3
2026-07-03 12:00:00,7,43,2026-07-15 06:00:00,11 days 18:00:00,282,-46.25,-134.75,977.7,75.1
2026-07-03 12:00:00,7,43,2026-07-15 12:00:00,12 days 00:00:00,288,-45.75,-134.25,977.9,74.9
2026-07-03 12:00:00,7,43,2026-07-15 18:00:00,12 days 06:00:00,294,-45.5,-134.63,978.1,74.6
2026-07-03 12:00:00,7,43,2026-07-16 00:00:00,12 days 12:00:00,300,-45.25,-135.0,978.4,74.2
2026-07-03 12:00:00,7,43,2026-07-16 06:00:00,12 days 18:00:00,306,-45.13,-136.38,979.2,73.2
2026-07-03 12:00:00,7,43,2026-07-16 12:00:00,13 days 00:00:00,312,-45.0,-137.75,980.0,72.2
2026-07-03 12:00:00,7,43,2026-07-16 18:00:00,13 days 06:00:00,318,-44.25,-138.38,982.5,68.9
2026-07-03 12:00:00,7,43,2026-07-17 00:00:00,13 days 12:00:00,324,-43.5,-139.0,985.1,65.5
2026-07-03 12:00:00,7,43,2026-07-17 06:00:00,13 days 18:00:00,330,-44.45,-136.74,984.8,65.8
2026-07-03 12:00:00,7,43,2026-07-17 12:00:00,14 days 00:00:00,336,-45.35,-134.4,984.6,66.1
2026-07-03 12:00:00,7,43,2026-07-17 18:00:00,14 days 06:00:00,342,-46.2,-131.98,984.4,66.4
2026-07-03 12:00:00,7,43,2026-07-18 00:00:00,14 days 12:00:00,348,-47.0,-129.5,984.2,66.7
2026-07-03 12:00:00,8,43,2026-07-12 12:00:00,9 days 00:00:00,216,-41.5,-98.75,980.6,71.4
2026-07-03 12:00:00,8,43,2026-07-12 18:00:00,9 days 06:00:00,222,-42.26,-97.51,982.2,69.3
2026-07-03 12:00:00,8,43,2026-07-13 00:00:00,9 days 12:00:00,228,-43.0,-96.25,983.8,67.2
2026-07-03 12:00:00,8,43,2026-07-13 06:00:00,9 days 18:00:00,234,-43.75,-95.76,983.0,68.3
2026-07-03 12:00:00,8,43,2026-07-13 12:00:00,10 days 00:00:00,240,-44.5,-95.25,982.3,69.3
2026-07-03 12:00:00,8,43,2026-07-13 18:00:00,10 days 06:00:00,246,-45.13,-95.5,982.1,69.5
2026-07-03 12:00:00,8,43,2026-07-14 00:00:00,10 days 12:00:00,252,-45.75,-95.75,981.9,69.8
2026-07-03 12:00:00,8,43,2026-07-14 06:00:00,10 days 18:00:00,258,-45.88,-95.63,983.2,68.0
2026-07-03 12:00:00,8,43,2026-07-14 12:00:00,11 days 00:00:00,264,-46.0,-95.5,984.6,66.2
2026-07-03 12:00:00,8,43,2026-07-14 18:00:00,11 days 06:00:00,270,-45.88,-94.5,986.6,63.5
2026-07-03 12:00:00,8,43,2026-07-15 00:00:00,11 days 12:00:00,276,-45.75,-93.5,988.5,60.8
2026-07-03 12:00:00,8,43,2026-07-15 06:00:00,11 days 18:00:00,282,-48.64,-88.18,986.9,63.0
2026-07-03 12:00:00,8,43,2026-07-15 12:00:00,12 days 00:00:00,288,-51.25,-82.25,985.2,65.3
2026-07-03 12:00:00,8,43,2026-07-15 18:00:00,12 days 06:00:00,294,-50.75,-82.76,988.1,61.3
2026-07-03 12:00:00,8,43,2026-07-16 00:00:00,12 days 12:00:00,300,-50.25,-83.25,991.0,57.4
2026-07-03 12:00:00,8,43,2026-07-16 06:00:00,12 days 18:00:00,306,-48.88,-84.28,992.9,54.6
2026-07-03 12:00:00,8,43,2026-07-16 12:00:00,13 days 00:00:00,312,-47.5,-85.25,994.7,51.8
2026-07-03 12:00:00,8,43,2026-07-16 18:00:00,13 days 06:00:00,318,-46.72,-82.44,991.2,56.7
2026-07-03 12:00:00,8,43,2026-07-17 00:00:00,13 days 12:00:00,324,-45.88,-79.71,987.8,61.5
2026-07-03 12:00:00,8,43,2026-07-17 06:00:00,13 days 18:00:00,330,-44.97,-77.06,984.3,66.4
2026-07-03 12:00:00,8,43,2026-07-17 12:00:00,14 days 00:00:00,336,-44.0,-74.5,980.8,71.2
2026-07-03 12:00:00,9,43,2026-07-14 12:00:00,11 days 00:00:00,264,-39.0,-36.75,980.5,71.5
2026-07-03 12:00:00,9,43,2026-07-14 18:00:00,11 days 06:00:00,270,-39.88,-35.39,980.3,71.8
2026-07-03 12:00:00,9,43,2026-07-15 00:00:00,11 days 12:00:00,276,-40.75,-34.0,980.2,72.0
2026-07-03 12:00:00,9,43,2026-07-15 06:00:00,11 days 18:00:00,282,-40.63,-34.25,980.8,71.2
2026-07-03 12:00:00,9,43,2026-07-15 12:00:00,12 days 00:00:00,288,-40.5,-34.5,981.4,70.4
2026-07-03 12:00:00,9,43,2026-07-15 18:00:00,12 days 06:00:00,294,-39.88,-33.74,985.7,64.6
2026-07-03 12:00:00,9,43,2026-07-16 00:00:00,12 days 12:00:00,300,-39.25,-33.0,990.0,58.8
2026-07-03 12:00:00,9,43,2026-07-16 06:00:00,12 days 18:00:00,306,-38.64,-31.11,992.2,55.6
2026-07-03 12:00:00,9,43,2026-07-16 12:00:00,13 days 00:00:00,312,-38.0,-29.25,994.3,52.4
2026-07-03 12:00:00,9,43,2026-07-16 18:00:00,13 days 06:00:00,318,-37.9,-27.0,996.1,49.8
2026-07-03 12:00:00,9,43,2026-07-17 00:00:00,13 days 12:00:00,324,-37.75,-24.75,997.8,47.1
2026-07-03 12:00:00,3,44,2026-07-03 12:00:00,0 days 00:00:00,0,12.75,153.0,976.5,76.7
2026-07-03 12:00:00,3,44,2026-07-03 18:00:00,0 days 06:00:00,6,12.75,152.25,972.9,81.0
2026-07-03 12:00:00,3,44,2026-07-04 00:00:00,0 days 12:00:00,12,12.75,151.5,969.4,85.3
2026-07-03 12:00:00,3,44,2026-07-04 06:00:00,0 days 18:00:00,18,12.88,150.88,969.4,85.3
2026-07-03 12:00:00,3,44,2026-07-04 12:00:00,1 days 00:00:00,24,13.0,150.25,969.5,85.3
2026-07-03 12:00:00,3,44,2026-07-04 18:00:00,1 days 06:00:00,30,13.0,149.5,970.6,83.9
2026-07-03 12:00:00,3,44,2026-07-05 00:00:00,1 days 12:00:00,36,13.0,148.75,971.8,82.5
2026-07-03 12:00:00,3,44,2026-07-05 06:00:00,1 days 18:00:00,42,13.25,147.88,970.3,84.3
2026-07-03 12:00:00,3,44,2026-07-05 12:00:00,2 days 00:00:00,48,13.5,147.0,968.8,86.0
2026-07-03 12:00:00,3,44,2026-07-05 18:00:00,2 days 06:00:00,54,13.63,146.13,966.8,88.4
2026-07-03 12:00:00,3,44,2026-07-06 00:00:00,2 days 12:00:00,60,13.75,145.25,964.8,90.7
2026-07-03 12:00:00,3,44,2026-07-06 06:00:00,2 days 18:00:00,66,14.13,144.0,961.7,94.3
2026-07-03 12:00:00,3,44,2026-07-06 12:00:00,3 days 00:00:00,72,14.5,142.75,958.5,97.8
2026-07-03 12:00:00,3,44,2026-07-06 18:00:00,3 days 06:00:00,78,14.75,141.38,955.5,101.2
2026-07-03 12:00:00,3,44,2026-07-07 00:00:00,3 days 12:00:00,84,15.0,140.0,952.5,104.5
2026-07-03 12:00:00,3,44,2026-07-07 06:00:00,3 days 18:00:00,90,15.13,138.5,951.2,105.9
2026-07-03 12:00:00,3,44,2026-07-07 12:00:00,4 days 00:00:00,96,15.25,137.0,950.0,107.2
2026-07-03 12:00:00,3,44,2026-07-07 18:00:00,4 days 06:00:00,102,15.63,135.75,948.7,108.5
2026-07-03 12:00:00,3,44,2026-07-08 00:00:00,4 days 12:00:00,108,16.0,134.5,947.5,109.9
2026-07-03 12:00:00,3,44,2026-07-08 06:00:00,4 days 18:00:00,114,16.13,133.38,947.9,109.4
2026-07-03 12:00:00,3,44,2026-07-08 12:00:00,5 days 00:00:00,120,16.25,132.25,948.4,108.9
2026-07-03 12:00:00,3,44,2026-07-08 18:00:00,5 days 06:00:00,126,16.75,131.25,946.4,111.1
2026-07-03 12:00:00,3,44,2026-07-09 00:00:00,5 days 12:00:00,132,17.25,130.25,944.3,113.2
2026-07-03 12:00:00,3,44,2026-07-09 06:00:00,5 days 18:00:00,138,17.75,129.5,944.2,113.4
2026-07-03 12:00:00,3,44,2026-07-09 12:00:00,6 days 00:00:00,144,18.25,128.75,944.1,113.5
2026-07-03 12:00:00,3,44,2026-07-09 18:00:00,6 days 06:00:00,150,18.88,128.0,945.3,112.2
2026-07-03 12:00:00,3,44,2026-07-10 00:00:00,6 days 12:00:00,156,19.5,127.25,946.5,110.9
2026-07-03 12:00:00,3,44,2026-07-10 06:00:00,6 days 18:00:00,162,20.5,126.5,946.3,111.1
2026-07-03 12:00:00,3,44,2026-07-10 12:00:00,7 days 00:00:00,168,21.5,125.75,946.1,111.4
2026-07-03 12:00:00,3,44,2026-07-10 18:00:00,7 days 06:00:00,174,22.75,125.13,947.3,110.1
2026-07-03 12:00:00,3,44,2026-07-11 00:00:00,7 days 12:00:00,180,24.0,124.5,948.4,108.9
2026-07-03 12:00:00,3,44,2026-07-11 06:00:00,7 days 18:00:00,186,24.75,123.38,951.9,105.2
2026-07-03 12:00:00,3,44,2026-07-11 12:00:00,8 days 00:00:00,192,25.5,122.25,955.3,101.4
2026-07-03 12:00:00,3,44,2026-07-11 18:00:00,8 days 06:00:00,198,26.5,121.51,965.2,90.0
2026-07-03 12:00:00,3,44,2026-07-12 00:00:00,8 days 12:00:00,204,27.5,120.75,975.0,78.5
2026-07-03 12:00:00,3,44,2026-07-12 06:00:00,8 days 18:00:00,210,28.25,119.88,980.7,71.1
2026-07-03 12:00:00,3,44,2026-07-12 12:00:00,9 days 00:00:00,216,29.0,119.0,986.5,63.7
2026-07-03 12:00:00,3,44,2026-07-12 18:00:00,9 days 06:00:00,222,30.13,119.0,989.1,59.9
2026-07-03 12:00:00,3,44,2026-07-13 00:00:00,9 days 12:00:00,228,31.25,119.0,991.8,56.1
2026-07-03 12:00:00,3,44,2026-07-13 06:00:00,9 days 18:00:00,234,32.25,118.75,992.2,55.6
2026-07-03 12:00:00,3,44,2026-07-13 12:00:00,10 days 00:00:00,240,33.25,118.5,992.6,55.1
2026-07-03 12:00:00,3,44,2026-07-13 18:00:00,10 days 06:00:00,246,32.88,118.63,993.3,53.9
2026-07-03 12:00:00,3,44,2026-07-14 00:00:00,10 days 12:00:00,252,32.5,118.75,994.1,52.8
2026-07-03 12:00:00,3,44,2026-07-14 06:00:00,10 days 18:00:00,258,33.26,119.87,995.1,51.2
2026-07-03 12:00:00,3,44,2026-07-14 12:00:00,11 days 00:00:00,264,34.0,121.0,996.2,49.6
2026-07-03 12:00:00,4,44,2026-07-03 12:00:00,0 days 00:00:00,0,19.5,-128.5,1001.2,41.7
2026-07-03 12:00:00,4,44,2026-07-03 18:00:00,0 days 06:00:00,6,20.38,-128.38,1002.3,39.8
2026-07-03 12:00:00,4,44,2026-07-04 00:00:00,0 days 12:00:00,12,21.25,-128.25,1003.4,37.9
2026-07-03 12:00:00,5,44,2026-07-03 12:00:00,0 days 00:00:00,0,18.5,110.0,997.5,47.5
2026-07-03 12:00:00,5,44,2026-07-03 18:00:00,0 days 06:00:00,6,19.5,109.13,996.8,48.7
2026-07-03 12:00:00,5,44,2026-07-04 00:00:00,0 days 12:00:00,12,20.5,108.25,996.1,49.8
2026-07-03 12:00:00,5,44,2026-07-04 06:00:00,0 days 18:00:00,18,21.0,108.25,995.3,51.1
2026-07-03 12:00:00,5,44,2026-07-04 12:00:00,1 days 00:00:00,24,21.5,108.25,994.4,52.3
2026-07-03 12:00:00,5,44,2026-07-04 18:00:00,1 days 06:00:00,30,22.12,108.25,995.7,50.3
2026-07-03 12:00:00,5,44,2026-07-05 00:00:00,1 days 12:00:00,36,22.75,108.25,997.0,48.3
2026-07-03 12:00:00,6,44,2026-07-04 00:00:00,0 days 12:00:00,12,20.25,86.25,992.4,55.2
2026-07-03 12:00:00,6,44,2026-07-04 06:00:00,0 days 18:00:00,18,20.25,86.25,991.5,56.6
2026-07-03 12:00:00,6,44,2026-07-04 12:00:00,1 days 00:00:00,24,20.25,86.25,990.5,58.0
2026-07-03 12:00:00,6,44,2026-07-04 18:00:00,1 days 06:00:00,30,20.63,87.0,989.7,59.1
2026-07-03 12:00:00,6,44,2026-07-05 00:00:00,1 days 12:00:00,36,21.0,87.75,989.0,60.2
2026-07-03 12:00:00,6,44,2026-07-05 06:00:00,1 days 18:00:00,42,20.88,87.5,989.9,58.9
2026-07-03 12:00:00,6,44,2026-07-05 12:00:00,2 days 00:00:00,48,20.75,87.25,990.8,57.7
2026-07-03 12:00:00,6,44,2026-07-05 18:00:00,2 days 06:00:00,54,21.38,87.0,991.8,56.2
2026-07-03 12:00:00,6,44,2026-07-06 00:00:00,2 days 12:00:00,60,22.0,86.75,992.8,54.7
2026-07-03 12:00:00,6,44,2026-07-06 06:00:00,2 days 18:00:00,66,22.13,87.0,993.2,54.1
2026-07-03 12:00:00,6,44,2026-07-06 12:00:00,3 days 00:00:00,72,22.25,87.25,993.6,53.6
2026-07-03 12:00:00,6,44,2026-07-06 18:00:00,3 days 06:00:00,78,23.0,86.75,993.7,53.4
2026-07-03 12:00:00,6,44,2026-07-07 00:00:00,3 days 12:00:00,84,23.75,86.25,993.8,53.2
2026-07-03 12:00:00,6,44,2026-07-07 06:00:00,3 days 18:00:00,90,24.38,84.63,993.1,54.2
2026-07-03 12:00:00,6,44,2026-07-07 12:00:00,4 days 00:00:00,96,25.0,83.0,992.4,55.3
2026-07-03 12:00:00,6,44,2026-07-07 18:00:00,4 days 06:00:00,102,25.13,82.88,993.4,53.9
2026-07-03 12:00:00,6,44,2026-07-08 00:00:00,4 days 12:00:00,108,25.25,82.75,994.3,52.5
2026-07-03 12:00:00,6,44,2026-07-08 06:00:00,4 days 18:00:00,114,25.63,82.25,993.7,53.4
2026-07-03 12:00:00,6,44,2026-07-08 12:00:00,5 days 00:00:00,120,26.0,81.75,993.2,54.2
2026-07-03 12:00:00,6,44,2026-07-08 18:00:00,5 days 06:00:00,126,26.25,81.75,994.2,52.7
2026-07-03 12:00:00,6,44,2026-07-09 00:00:00,5 days 12:00:00,132,26.5,81.75,995.2,51.1
2026-07-03 12:00:00,7,44,2026-07-06 00:00:00,2 days 12:00:00,60,-5.0,87.5,1007.6,30.3
2026-07-03 12:00:00,7,44,2026-07-06 06:00:00,2 days 18:00:00,66,-5.5,86.63,1007.6,30.3
2026-07-03 12:00:00,7,44,2026-07-06 12:00:00,3 days 00:00:00,72,-6.0,85.75,1007.6,30.2
2026-07-03 12:00:00,7,44,2026-07-06 18:00:00,3 days 06:00:00,78,-7.13,84.25,1007.0,31.4
2026-07-03 12:00:00,7,44,2026-07-07 00:00:00,3 days 12:00:00,84,-8.25,82.75,1006.4,32.5
2026-07-03 12:00:00,7,44,2026-07-07 06:00:00,3 days 18:00:00,90,-9.0,81.63,1005.8,33.7
2026-07-03 12:00:00,7,44,2026-07-07 12:00:00,4 days 00:00:00,96,-9.75,80.5,1005.1,34.9
2026-07-03 12:00:00,7,44,2026-07-07 18:00:00,4 days 06:00:00,102,-10.63,80.13,1005.4,34.3
2026-07-03 12:00:00,7,44,2026-07-08 00:00:00,4 days 12:00:00,108,-11.5,79.75,1005.7,33.8
2026-07-03 12:00:00,7,44,2026-07-08 06:00:00,4 days 18:00:00,114,-12.25,79.63,1006.3,32.7
2026-07-03 12:00:00,7,44,2026-07-08 12:00:00,5 days 00:00:00,120,-13.0,79.5,1006.9,31.6
2026-07-03 12:00:00,8,44,2026-07-12 12:00:00,9 days 00:00:00,216,9.25,143.25,1005.4,34.4
2026-07-03 12:00:00,8,44,2026-07-12 18:00:00,9 days 06:00:00,222,9.5,143.0,1004.1,36.7
2026-07-03 12:00:00,8,44,2026-07-13 00:00:00,9 days 12:00:00,228,9.75,142.75,1002.8,39.0
2026-07-03 12:00:00,8,44,2026-07-13 06:00:00,9 days 18:00:00,234,11.06,142.75,1002.5,39.5
2026-07-03 12:00:00,8,44,2026-07-13 12:00:00,10 days 00:00:00,240,12.38,142.75,1002.2,39.9
2026-07-03 12:00:00,8,44,2026-07-13 18:00:00,10 days 06:00:00,246,13.69,142.75,1002.0,40.4
2026-07-03 12:00:00,8,44,2026-07-14 00:00:00,10 days 12:00:00,252,15.0,142.75,1001.7,40.8
2026-07-03 12:00:00,8,44,2026-07-14 06:00:00,10 days 18:00:00,258,15.88,141.38,1001.8,40.6
2026-07-03 12:00:00,8,44,2026-07-14 12:00:00,11 days 00:00:00,264,16.75,140.0,1002.0,40.3
2026-07-03 12:00:00,8,44,2026-07-14 18:00:00,11 days 06:00:00,270,17.0,139.25,1001.3,41.5
2026-07-03 12:00:00,8,44,2026-07-15 00:00:00,11 days 12:00:00,276,17.25,138.5,1000.6,42.6
2026-07-03 12:00:00,8,44,2026-07-15 06:00:00,11 days 18:00:00,282,18.38,138.62,998.9,45.4
2026-07-03 12:00:00,8,44,2026-07-15 12:00:00,12 days 00:00:00,288,19.5,138.75,997.2,48.1
2026-07-03 12:00:00,8,44,2026-07-15 18:00:00,12 days 06:00:00,294,19.63,138.25,995.6,50.5
2026-07-03 12:00:00,8,44,2026-07-16 00:00:00,12 days 12:00:00,300,19.75,137.75,994.0,53.0
2026-07-03 12:00:00,8,44,2026-07-16 06:00:00,12 days 18:00:00,306,19.63,138.88,992.7,54.8
2026-07-03 12:00:00,8,44,2026-07-16 12:00:00,13 days 00:00:00,312,19.5,140.0,991.4,56.7
2026-07-03 12:00:00,8,44,2026-07-16 18:00:00,13 days 06:00:00,318,20.5,139.25,990.4,58.2
2026-07-03 12:00:00,8,44,2026-07-17 00:00:00,13 days 12:00:00,324,21.5,138.5,989.3,59.7
2026-07-03 12:00:00,8,44,2026-07-17 06:00:00,13 days 18:00:00,330,22.38,137.75,987.3,62.4
2026-07-03 12:00:00,8,44,2026-07-17 12:00:00,14 days 00:00:00,336,23.25,137.0,985.4,65.1
2026-07-03 12:00:00,8,44,2026-07-17 18:00:00,14 days 06:00:00,342,23.88,136.25,985.1,65.6
2026-07-03 12:00:00,8,44,2026-07-18 00:00:00,14 days 12:00:00,348,24.5,135.5,984.7,66.0
2026-07-03 12:00:00,8,44,2026-07-18 06:00:00,14 days 18:00:00,354,25.0,134.5,982.4,69.0
2026-07-03 12:00:00,8,44,2026-07-18 12:00:00,15 days 00:00:00,360,25.5,133.5,980.1,72.1
2026-07-03 12:00:00,10,45,2026-07-16 00:00:00,12 days 12:00:00,300,31.25,62.75,992.6,55.0
2026-07-03 12:00:00,10,45,2026-07-16 06:00:00,12 days 18:00:00,306,29.88,62.88,991.5,56.6
2026-07-03 12:00:00,10,45,2026-07-16 12:00:00,13 days 00:00:00,312,28.5,63.0,990.3,58.3
2026-07-03 12:00:00,10,45,2026-07-16 18:00:00,13 days 06:00:00,318,30.13,62.88,991.6,56.5
2026-07-03 12:00:00,10,45,2026-07-17 00:00:00,13 days 12:00:00,324,31.75,62.75,992.8,54.7
2026-07-03 12:00:00,10,45,2026-07-17 06:00:00,13 days 18:00:00,330,31.75,62.12,991.8,56.1
2026-07-03 12:00:00,10,45,2026-07-17 12:00:00,14 days 00:00:00,336,31.75,61.5,990.8,57.6
2026-07-03 12:00:00,10,45,2026-07-17 18:00:00,14 days 06:00:00,342,31.75,61.5,990.5,58.0
2026-07-03 12:00:00,10,45,2026-07-18 00:00:00,14 days 12:00:00,348,31.75,61.5,990.2,58.4
2026-07-03 12:00:00,10,45,2026-07-18 06:00:00,14 days 18:00:00,354,31.75,61.5,989.9,58.8
2026-07-03 12:00:00,10,45,2026-07-18 12:00:00,15 days 00:00:00,360,31.75,61.5,989.6,59.3
2026-07-03 12:00:00,3,45,2026-07-03 12:00:00,0 days 00:00:00,0,12.75,153.0,976.5,76.7
2026-07-03 12:00:00,3,45,2026-07-03 18:00:00,0 days 06:00:00,6,12.75,152.25,976.1,77.2
2026-07-03 12:00:00,3,45,2026-07-04 00:00:00,0 days 12:00:00,12,12.75,151.5,975.7,77.6
2026-07-03 12:00:00,3,45,2026-07-04 06:00:00,0 days 18:00:00,18,12.63,150.75,972.8,81.2
2026-07-03 12:00:00,3,45,2026-07-04 12:00:00,1 days 00:00:00,24,12.5,150.0,969.8,84.8
2026-07-03 12:00:00,3,45,2026-07-04 18:00:00,1 days 06:00:00,30,12.75,149.38,966.1,89.2
2026-07-03 12:00:00,3,45,2026-07-05 00:00:00,1 days 12:00:00,36,13.0,148.75,962.4,93.5
2026-07-03 12:00:00,3,45,2026-07-05 06:00:00,1 days 18:00:00,42,13.38,147.88,963.2,92.5
2026-07-03 12:00:00,3,45,2026-07-05 12:00:00,2 days 00:00:00,48,13.75,147.0,964.1,91.5
2026-07-03 12:00:00,3,45,2026-07-05 18:00:00,2 days 06:00:00,54,14.0,145.88,963.6,92.2
2026-07-03 12:00:00,3,45,2026-07-06 00:00:00,2 days 12:00:00,60,14.25,144.75,963.0,92.8
2026-07-03 12:00:00,3,45,2026-07-06 06:00:00,2 days 18:00:00,66,14.63,143.5,961.6,94.4
2026-07-03 12:00:00,3,45,2026-07-06 12:00:00,3 days 00:00:00,72,15.0,142.25,960.1,96.1
2026-07-03 12:00:00,3,45,2026-07-06 18:00:00,3 days 06:00:00,78,15.25,140.75,958.4,98.0
2026-07-03 12:00:00,3,45,2026-07-07 00:00:00,3 days 12:00:00,84,15.5,139.25,956.6,100.0
2026-07-03 12:00:00,3,45,2026-07-07 06:00:00,3 days 18:00:00,90,15.76,137.75,954.9,101.9
2026-07-03 12:00:00,3,45,2026-07-07 12:00:00,4 days 00:00:00,96,16.0,136.25,953.2,103.8
2026-07-03 12:00:00,3,45,2026-07-07 18:00:00,4 days 06:00:00,102,16.38,135.0,952.9,104.1
2026-07-03 12:00:00,3,45,2026-07-08 00:00:00,4 days 12:00:00,108,16.75,133.75,952.6,104.4
2026-07-03 12:00:00,3,45,2026-07-08 06:00:00,4 days 18:00:00,114,17.01,132.25,951.6,105.4
2026-07-03 12:00:00,3,45,2026-07-08 12:00:00,5 days 00:00:00,120,17.25,130.75,950.6,106.5
2026-07-03 12:00:00,3,45,2026-07-08 18:00:00,5 days 06:00:00,126,17.38,129.5,949.7,107.5
2026-07-03 12:00:00,3,45,2026-07-09 00:00:00,5 days 12:00:00,132,17.5,128.25,948.9,108.4
2026-07-03 12:00:00,3,45,2026-07-09 06:00:00,5 days 18:00:00,138,18.13,127.25,949.6,107.6
2026-07-03 12:00:00,3,45,2026-07-09 12:00:00,6 days 00:00:00,144,18.75,126.25,950.4,106.8
2026-07-03 12:00:00,3,45,2026-07-09 18:00:00,6 days 06:00:00,150,19.25,125.38,949.0,108.3
2026-07-03 12:00:00,3,45,2026-07-10 00:00:00,6 days 12:00:00,156,19.75,124.5,947.6,109.8
2026-07-03 12:00:00,3,45,2026-07-10 06:00:00,6 days 18:00:00,162,20.5,123.5,948.5,108.8
2026-07-03 12:00:00,3,45,2026-07-10 12:00:00,7 days 00:00:00,168,21.25,122.5,949.5,107.8
2026-07-03 12:00:00,3,45,2026-07-10 18:00:00,7 days 06:00:00,174,22.63,121.14,958.4,97.8
2026-07-03 12:00:00,3,45,2026-07-11 00:00:00,7 days 12:00:00,180,24.0,119.75,967.3,87.9
2026-07-03 12:00:00,3,45,2026-07-11 06:00:00,7 days 18:00:00,186,24.5,119.13,973.9,79.7
2026-07-03 12:00:00,3,45,2026-07-11 12:00:00,8 days 00:00:00,192,25.0,118.5,980.6,71.5
2026-07-03 12:00:00,3,45,2026-07-11 18:00:00,8 days 06:00:00,198,26.25,117.63,986.0,64.0
2026-07-03 12:00:00,3,45,2026-07-12 00:00:00,8 days 12:00:00,204,27.5,116.75,991.5,56.6
2026-07-03 12:00:00,3,45,2026-07-12 06:00:00,8 days 18:00:00,210,28.01,115.7,992.6,55.0
2026-07-03 12:00:00,3,45,2026-07-12 12:00:00,9 days 00:00:00,216,28.52,114.65,993.7,53.4
2026-07-03 12:00:00,3,45,2026-07-12 18:00:00,9 days 06:00:00,222,29.01,113.58,994.7,51.8
2026-07-03 12:00:00,3,45,2026-07-13 00:00:00,9 days 12:00:00,228,29.5,112.5,995.8,50.2
2026-07-03 12:00:00,4,45,2026-07-03 12:00:00,0 days 00:00:00,0,19.5,-128.5,1001.2,41.7
2026-07-03 12:00:00,5,45,2026-07-03 12:00:00,0 days 00:00:00,0,18.5,110.0,997.5,47.5
2026-07-03 12:00:00,5,45,2026-07-03 18:00:00,0 days 06:00:00,6,19.5,109.01,995.8,50.3
2026-07-03 12:00:00,5,45,2026-07-04 00:00:00,0 days 12:00:00,12,20.5,108.0,994.0,53.0
2026-07-03 12:00:00,5,45,2026-07-04 06:00:00,0 days 18:00:00,18,20.88,107.88,994.2,52.6
2026-07-03 12:00:00,5,45,2026-07-04 12:00:00,1 days 00:00:00,24,21.25,107.75,994.5,52.1
2026-07-03 12:00:00,5,45,2026-07-04 18:00:00,1 days 06:00:00,30,22.0,107.38,997.5,47.6
2026-07-03 12:00:00,5,45,2026-07-05 00:00:00,1 days 12:00:00,36,22.75,107.0,1000.4,43.0
2026-07-03 12:00:00,5,45,2026-07-05 06:00:00,1 days 18:00:00,42,22.38,106.62,1000.5,42.8
2026-07-03 12:00:00,5,45,2026-07-05 12:00:00,2 days 00:00:00,48,22.0,106.25,1000.6,42.6
2026-07-03 12:00:00,5,45,2026-07-05 18:00:00,2 days 06:00:00,54,21.63,105.87,1000.8,42.4
2026-07-03 12:00:00,5,45,2026-07-06 00:00:00,2 days 12:00:00,60,21.25,105.5,1000.9,42.2
2026-07-03 12:00:00,6,45,2026-07-12 00:00:00,8 days 12:00:00,204,-29.75,-109.25,991.8,56.2
2026-07-03 12:00:00,6,45,2026-07-12 06:00:00,8 days 18:00:00,210,-31.26,-108.02,988.4,60.9
2026-07-03 12:00:00,6,45,2026-07-12 12:00:00,9 days 00:00:00,216,-32.75,-106.75,985.0,65.6
2026-07-03 12:00:00,6,45,2026-07-12 18:00:00,9 days 06:00:00,222,-34.38,-105.28,984.3,66.5
2026-07-03 12:00:00,6,45,2026-07-13 00:00:00,9 days 12:00:00,228,-36.0,-103.75,983.7,67.4
2026-07-03 12:00:00,6,45,2026-07-13 06:00:00,9 days 18:00:00,234,-38.13,-103.75,984.2,66.8
2026-07-03 12:00:00,6,45,2026-07-13 12:00:00,10 days 00:00:00,240,-40.25,-103.75,984.7,66.1
2026-07-03 12:00:00,6,45,2026-07-13 18:00:00,10 days 06:00:00,246,-42.13,-104.36,984.6,66.2
2026-07-03 12:00:00,6,45,2026-07-14 00:00:00,10 days 12:00:00,252,-44.0,-105.0,984.5,66.3
2026-07-03 12:00:00,6,45,2026-07-14 06:00:00,10 days 18:00:00,258,-45.0,-104.63,983.1,68.2
2026-07-03 12:00:00,6,45,2026-07-14 12:00:00,11 days 00:00:00,264,-46.0,-104.25,981.6,70.1
2026-07-03 12:00:00,6,45,2026-07-14 18:00:00,11 days 06:00:00,270,-48.02,-102.09,980.1,72.1
2026-07-03 12:00:00,6,45,2026-07-15 00:00:00,11 days 12:00:00,276,-50.0,-99.75,978.5,74.2
2026-07-03 12:00:00,7,45,2026-07-12 00:00:00,8 days 12:00:00,204,8.5,142.0,1004.9,35.2
2026-07-03 12:00:00,7,45,2026-07-12 06:00:00,8 days 18:00:00,210,9.5,140.38,1004.5,35.9
2026-07-03 12:00:00,7,45,2026-07-12 12:00:00,9 days 00:00:00,216,10.5,138.75,1004.1,36.7
2026-07-03 12:00:00,7,45,2026-07-12 18:00:00,9 days 06:00:00,222,11.25,137.63,1001.6,40.9
2026-07-03 12:00:00,7,45,2026-07-13 00:00:00,9 days 12:00:00,228,12.0,136.5,999.0,45.2
2026-07-03 12:00:00,7,45,2026-07-13 06:00:00,9 days 18:00:00,234,12.13,135.5,998.9,45.4
2026-07-03 12:00:00,7,45,2026-07-13 12:00:00,10 days 00:00:00,240,12.25,134.5,998.8,45.5
2026-07-03 12:00:00,7,45,2026-07-13 18:00:00,10 days 06:00:00,246,13.38,133.5,997.6,47.4
2026-07-03 12:00:00,7,45,2026-07-14 00:00:00,10 days 12:00:00,252,14.5,132.5,996.5,49.2
2026-07-03 12:00:00,7,45,2026-07-14 06:00:00,10 days 18:00:00,258,15.0,132.0,995.6,50.6
2026-07-03 12:00:00,7,45,2026-07-14 12:00:00,11 days 00:00:00,264,15.5,131.5,994.6,52.0
2026-07-03 12:00:00,7,45,2026-07-14 18:00:00,11 days 06:00:00,270,16.13,130.63,996.2,49.6
2026-07-03 12:00:00,7,45,2026-07-15 00:00:00,11 days 12:00:00,276,16.75,129.75,997.8,47.1
2026-07-03 12:00:00,7,45,2026-07-15 06:00:00,11 days 18:00:00,282,17.88,129.5,997.4,47.8
2026-07-03 12:00:00,7,45,2026-07-15 12:00:00,12 days 00:00:00,288,19.0,129.25,997.0,48.4
2026-07-03 12:00:00,7,45,2026-07-15 18:00:00,12 days 06:00:00,294,19.75,128.01,997.9,47.0
2026-07-03 12:00:00,7,45,2026-07-16 00:00:00,12 days 12:00:00,300,20.5,126.75,998.8,45.6
2026-07-03 12:00:00,7,45,2026-07-16 06:00:00,12 days 18:00:00,306,20.5,126.25,998.2,46.4
2026-07-03 12:00:00,7,45,2026-07-16 12:00:00,13 days 00:00:00,312,20.5,125.75,997.7,47.2
2026-07-03 12:00:00,7,45,2026-07-16 18:00:00,13 days 06:00:00,318,22.0,125.13,998.3,46.3
2026-07-03 12:00:00,7,45,2026-07-17 00:00:00,13 days 12:00:00,324,23.5,124.5,998.9,45.5
2026-07-03 12:00:00,7,45,2026-07-17 06:00:00,13 days 18:00:00,330,21.05,120.31,997.8,47.2
2026-07-03 12:00:00,7,45,2026-07-17 12:00:00,14 days 00:00:00,336,18.5,116.25,996.7,48.9
2026-07-03 12:00:00,7,45,2026-07-17 18:00:00,14 days 06:00:00,342,19.13,115.75,996.9,48.6
2026-07-03 12:00:00,7,45,2026-07-18 00:00:00,14 days 12:00:00,348,19.75,115.25,997.1,48.2
2026-07-03 12:00:00,7,45,2026-07-18 06:00:00,14 days 18:00:00,354,20.88,115.13,998.0,46.8
2026-07-03 12:00:00,7,45,2026-07-18 12:00:00,15 days 00:00:00,360,22.0,115.0,999.0,45.3
2026-07-03 12:00:00,8,45,2026-07-13 00:00:00,9 days 12:00:00,228,-47.25,-143.5,963.8,91.8
2026-07-03 12:00:00,8,45,2026-07-13 06:00:00,9 days 18:00:00,234,-49.0,-143.86,966.2,89.1
2026-07-03 12:00:00,8,45,2026-07-13 12:00:00,10 days 00:00:00,240,-50.75,-144.25,968.5,86.4
2026-07-03 12:00:00,8,45,2026-07-13 18:00:00,10 days 06:00:00,246,-51.65,-145.48,973.1,80.6
2026-07-03 12:00:00,8,45,2026-07-14 00:00:00,10 days 12:00:00,252,-52.53,-146.77,977.7,74.8
2026-07-03 12:00:00,8,45,2026-07-14 06:00:00,10 days 18:00:00,258,-53.4,-148.11,982.2,69.0
2026-07-03 12:00:00,8,45,2026-07-14 12:00:00,11 days 00:00:00,264,-54.25,-149.5,986.8,63.2
2026-07-03 12:00:00,8,45,2026-07-14 18:00:00,11 days 06:00:00,270,-49.66,-146.35,979.3,72.9
2026-07-03 12:00:00,8,45,2026-07-15 00:00:00,11 days 12:00:00,276,-45.0,-143.75,971.7,82.5
2026-07-03 12:00:00,8,45,2026-07-15 06:00:00,11 days 18:00:00,282,-42.64,-142.06,972.8,81.2
2026-07-03 12:00:00,8,45,2026-07-15 12:00:00,12 days 00:00:00,288,-40.25,-140.5,973.9,79.9
2026-07-03 12:00:00,8,45,2026-07-15 18:00:00,12 days 06:00:00,294,-41.25,-139.9,972.7,81.3
2026-07-03 12:00:00,8,45,2026-07-16 00:00:00,12 days 12:00:00,300,-42.26,-139.29,971.6,82.7
2026-07-03 12:00:00,8,45,2026-07-16 06:00:00,12 days 18:00:00,306,-43.26,-138.66,970.4,84.1
2026-07-03 12:00:00,8,45,2026-07-16 12:00:00,13 days 00:00:00,312,-44.25,-138.0,969.2,85.5
2026-07-03 12:00:00,8,45,2026-07-16 18:00:00,13 days 06:00:00,318,-44.25,-137.62,969.9,84.7
2026-07-03 12:00:00,8,45,2026-07-17 00:00:00,13 days 12:00:00,324,-44.25,-137.25,970.5,84.0
2026-07-03 12:00:00,8,45,2026-07-17 06:00:00,13 days 18:00:00,330,-43.63,-137.0,972.2,82.0
2026-07-03 12:00:00,8,45,2026-07-17 12:00:00,14 days 00:00:00,336,-43.0,-136.75,973.8,80.0
2026-07-03 12:00:00,8,45,2026-07-17 18:00:00,14 days 06:00:00,342,-42.51,-134.99,973.9,79.9
2026-07-03 12:00:00,8,45,2026-07-18 00:00:00,14 days 12:00:00,348,-42.0,-133.25,973.9,79.9
2026-07-03 12:00:00,9,45,2026-07-14 00:00:00,10 days 12:00:00,252,20.5,89.5,992.6,55.0
2026-07-03 12:00:00,9,45,2026-07-14 06:00:00,10 days 18:00:00,258,20.13,89.12,990.6,57.9
2026-07-03 12:00:00,9,45,2026-07-14 12:00:00,11 days 00:00:00,264,19.75,88.75,988.6,60.8
2026-07-03 12:00:00,9,45,2026-07-14 18:00:00,11 days 06:00:00,270,19.75,89.0,988.7,60.5
2026-07-03 12:00:00,9,45,2026-07-15 00:00:00,11 days 12:00:00,276,19.75,89.25,988.9,60.3
2026-07-03 12:00:00,9,45,2026-07-15 06:00:00,11 days 18:00:00,282,19.75,88.5,988.0,61.5
2026-07-03 12:00:00,9,45,2026-07-15 12:00:00,12 days 00:00:00,288,19.75,87.75,987.2,62.7
2026-07-03 12:00:00,9,45,2026-07-15 18:00:00,12 days 06:00:00,294,19.5,87.5,987.4,62.4
2026-07-03 12:00:00,9,45,2026-07-16 00:00:00,12 days 12:00:00,300,19.25,87.25,987.5,62.2
2026-07-03 12:00:00,9,45,2026-07-16 06:00:00,12 days 18:00:00,306,20.13,86.63,988.1,61.3
2026-07-03 12:00:00,9,45,2026-07-16 12:00:00,13 days 00:00:00,312,21.0,86.0,988.7,60.5
2026-07-03 12:00:00,9,45,2026-07-16 18:00:00,13 days 06:00:00,318,20.13,85.62,990.0,58.7
2026-07-03 12:00:00,9,45,2026-07-17 00:00:00,13 days 12:00:00,324,19.25,85.25,991.3,56.9
2026-07-03 12:00:00,10,46,2026-07-15 12:00:00,12 days 00:00:00,288,10.0,-126.0,1001.1,41.8
2026-07-03 12:00:00,10,46,2026-07-15 18:00:00,12 days 06:00:00,294,10.01,-127.87,1000.2,43.3
2026-07-03 12:00:00,10,46,2026-07-16 00:00:00,12 days 12:00:00,300,10.0,-129.75,999.3,44.8
2026-07-03 12:00:00,10,46,2026-07-16 06:00:00,12 days 18:00:00,306,10.63,-130.25,999.4,44.6
2026-07-03 12:00:00,10,46,2026-07-16 12:00:00,13 days 00:00:00,312,11.25,-130.75,999.5,44.5
2026-07-03 12:00:00,10,46,2026-07-16 18:00:00,13 days 06:00:00,318,11.88,-130.87,999.0,45.3
2026-07-03 12:00:00,10,46,2026-07-17 00:00:00,13 days 12:00:00,324,12.5,-131.0,998.4,46.2
2026-07-03 12:00:00,10,46,2026-07-17 06:00:00,13 days 18:00:00,330,12.63,-131.87,998.7,45.8
2026-07-03 12:00:00,10,46,2026-07-17 12:00:00,14 days 00:00:00,336,12.75,-132.75,998.9,45.3
2026-07-03 12:00:00,10,46,2026-07-17 18:00:00,14 days 06:00:00,342,13.5,-133.37,999.1,45.1
2026-07-03 12:00:00,10,46,2026-07-18 00:00:00,14 days 12:00:00,348,14.25,-134.0,999.2,44.9
2026-07-03 12:00:00,10,46,2026-07-18 06:00:00,14 days 18:00:00,354,14.38,-134.37,1000.0,43.6
2026-07-03 12:00:00,10,46,2026-07-18 12:00:00,15 days 00:00:00,360,14.5,-134.75,1000.8,42.3
2026-07-03 12:00:00,3,46,2026-07-03 12:00:00,0 days 00:00:00,0,12.75,153.0,976.5,76.7
2026-07-03 12:00:00,3,46,2026-07-03 18:00:00,0 days 06:00:00,6,12.75,152.38,975.6,77.8
2026-07-03 12:00:00,3,46,2026-07-04 00:00:00,0 days 12:00:00,12,12.75,151.75,974.7,79.0
2026-07-03 12:00:00,3,46,2026-07-04 06:00:00,0 days 18:00:00,18,12.75,151.12,974.6,79.0
2026-07-03 12:00:00,3,46,2026-07-04 12:00:00,1 days 00:00:00,24,12.75,150.5,974.5,79.1
2026-07-03 12:00:00,3,46,2026-07-04 18:00:00,1 days 06:00:00,30,13.0,149.63,969.8,84.8
2026-07-03 12:00:00,3,46,2026-07-05 00:00:00,1 days 12:00:00,36,13.25,148.75,965.0,90.5
2026-07-03 12:00:00,3,46,2026-07-05 06:00:00,1 days 18:00:00,42,13.38,147.88,965.1,90.3
2026-07-03 12:00:00,3,46,2026-07-05 12:00:00,2 days 00:00:00,48,13.5,147.0,965.2,90.2
2026-07-03 12:00:00,3,46,2026-07-05 18:00:00,2 days 06:00:00,54,13.75,146.25,961.5,94.5
2026-07-03 12:00:00,3,46,2026-07-06 00:00:00,2 days 12:00:00,60,14.0,145.5,957.7,98.8
2026-07-03 12:00:00,3,46,2026-07-06 06:00:00,2 days 18:00:00,66,14.63,144.38,957.3,99.3
2026-07-03 12:00:00,3,46,2026-07-06 12:00:00,3 days 00:00:00,72,15.25,143.25,956.8,99.8
2026-07-03 12:00:00,3,46,2026-07-06 18:00:00,3 days 06:00:00,78,15.5,141.88,954.1,102.7
2026-07-03 12:00:00,3,46,2026-07-07 00:00:00,3 days 12:00:00,84,15.75,140.5,951.4,105.7
2026-07-03 12:00:00,3,46,2026-07-07 06:00:00,3 days 18:00:00,90,16.13,139.13,949.0,108.3
2026-07-03 12:00:00,3,46,2026-07-07 12:00:00,4 days 00:00:00,96,16.5,137.75,946.6,110.9
2026-07-03 12:00:00,3,46,2026-07-07 18:00:00,4 days 06:00:00,102,16.75,136.38,944.8,112.7
2026-07-03 12:00:00,3,46,2026-07-08 00:00:00,4 days 12:00:00,108,17.0,135.0,943.0,114.6
2026-07-03 12:00:00,3,46,2026-07-08 06:00:00,4 days 18:00:00,114,17.38,133.88,945.2,112.3
2026-07-03 12:00:00,3,46,2026-07-08 12:00:00,5 days 00:00:00,120,17.75,132.75,947.4,110.0
2026-07-03 12:00:00,3,46,2026-07-08 18:00:00,5 days 06:00:00,126,18.13,131.5,946.7,110.8
2026-07-03 12:00:00,3,46,2026-07-09 00:00:00,5 days 12:00:00,132,18.5,130.25,945.9,111.6
2026-07-03 12:00:00,3,46,2026-07-09 06:00:00,5 days 18:00:00,138,18.75,129.25,944.3,113.2
2026-07-03 12:00:00,3,46,2026-07-09 12:00:00,6 days 00:00:00,144,19.0,128.25,942.7,114.9
2026-07-03 12:00:00,3,46,2026-07-09 18:00:00,6 days 06:00:00,150,19.63,127.25,945.6,111.9
2026-07-03 12:00:00,3,46,2026-07-10 00:00:00,6 days 12:00:00,156,20.25,126.25,948.5,108.9
2026-07-03 12:00:00,3,46,2026-07-10 06:00:00,6 days 18:00:00,162,20.88,125.63,948.3,109.0
2026-07-03 12:00:00,3,46,2026-07-10 12:00:00,7 days 00:00:00,168,21.5,125.0,948.1,109.2
2026-07-03 12:00:00,3,46,2026-07-10 18:00:00,7 days 06:00:00,174,22.38,124.25,951.7,105.4
2026-07-03 12:00:00,3,46,2026-07-11 00:00:00,7 days 12:00:00,180,23.25,123.5,955.3,101.5
2026-07-03 12:00:00,3,46,2026-07-11 06:00:00,7 days 18:00:00,186,24.26,122.01,961.2,94.8
2026-07-03 12:00:00,3,46,2026-07-11 12:00:00,8 days 00:00:00,192,25.25,120.5,967.1,88.1
2026-07-03 12:00:00,3,46,2026-07-11 18:00:00,8 days 06:00:00,198,26.38,119.14,976.9,75.7
2026-07-03 12:00:00,3,46,2026-07-12 00:00:00,8 days 12:00:00,204,27.5,117.75,986.7,63.3
2026-07-03 12:00:00,3,46,2026-07-12 06:00:00,8 days 18:00:00,210,28.13,117.13,988.2,61.2
2026-07-03 12:00:00,3,46,2026-07-12 12:00:00,9 days 00:00:00,216,28.75,116.5,989.7,59.2
2026-07-03 12:00:00,3,46,2026-07-12 18:00:00,9 days 06:00:00,222,29.63,115.63,992.3,55.3
2026-07-03 12:00:00,3,46,2026-07-13 00:00:00,9 days 12:00:00,228,30.5,114.75,995.0,51.4
2026-07-03 12:00:00,4,46,2026-07-03 12:00:00,0 days 00:00:00,0,19.5,-128.5,1001.2,41.7
2026-07-03 12:00:00,4,46,2026-07-03 18:00:00,0 days 06:00:00,6,20.25,-128.62,1001.3,41.4
2026-07-03 12:00:00,4,46,2026-07-04 00:00:00,0 days 12:00:00,12,21.0,-128.75,1001.5,41.2
2026-07-03 12:00:00,5,46,2026-07-03 12:00:00,0 days 00:00:00,0,18.5,110.0,997.5,47.5
2026-07-03 12:00:00,5,46,2026-07-03 18:00:00,0 days 06:00:00,6,19.38,109.13,995.9,50.0
2026-07-03 12:00:00,5,46,2026-07-04 00:00:00,0 days 12:00:00,12,20.25,108.25,994.3,52.5
2026-07-03 12:00:00,5,46,2026-07-04 06:00:00,0 days 18:00:00,18,20.5,107.88,995.1,51.4
2026-07-03 12:00:00,5,46,2026-07-04 12:00:00,1 days 00:00:00,24,20.75,107.5,995.8,50.2
2026-07-03 12:00:00,5,46,2026-07-04 18:00:00,1 days 06:00:00,30,21.75,107.87,997.6,47.5
2026-07-03 12:00:00,5,46,2026-07-05 00:00:00,1 days 12:00:00,36,22.75,108.25,999.3,44.8
2026-07-03 12:00:00,6,46,2026-07-04 00:00:00,0 days 12:00:00,12,20.5,87.5,994.2,52.6
2026-07-03 12:00:00,6,46,2026-07-04 06:00:00,0 days 18:00:00,18,20.88,87.62,993.1,54.3
2026-07-03 12:00:00,6,46,2026-07-04 12:00:00,1 days 00:00:00,24,21.25,87.75,991.9,56.1
2026-07-03 12:00:00,6,46,2026-07-04 18:00:00,1 days 06:00:00,30,21.25,87.75,990.5,58.0
2026-07-03 12:00:00,6,46,2026-07-05 00:00:00,1 days 12:00:00,36,21.25,87.75,989.1,59.9
2026-07-03 12:00:00,6,46,2026-07-05 06:00:00,1 days 18:00:00,42,21.25,87.0,989.1,60.0
2026-07-03 12:00:00,6,46,2026-07-05 12:00:00,2 days 00:00:00,48,21.25,86.25,989.1,60.0
2026-07-03 12:00:00,6,46,2026-07-05 18:00:00,2 days 06:00:00,54,21.0,85.62,989.5,59.5
2026-07-03 12:00:00,6,46,2026-07-06 00:00:00,2 days 12:00:00,60,20.75,85.0,989.8,59.0
2026-07-03 12:00:00,6,46,2026-07-06 06:00:00,2 days 18:00:00,66,21.88,84.13,991.2,57.1
2026-07-03 12:00:00,6,46,2026-07-06 12:00:00,3 days 00:00:00,72,23.0,83.25,992.5,55.2
2026-07-03 12:00:00,6,46,2026-07-06 18:00:00,3 days 06:00:00,78,22.75,83.0,992.2,55.6
2026-07-03 12:00:00,6,46,2026-07-07 00:00:00,3 days 12:00:00,84,22.5,82.75,991.9,56.1
2026-07-03 12:00:00,6,46,2026-07-07 06:00:00,3 days 18:00:00,90,23.75,82.75,991.5,56.5
2026-07-03 12:00:00,6,46,2026-07-07 12:00:00,4 days 00:00:00,96,25.0,82.75,991.2,57.0
2026-07-03 12:00:00,6,46,2026-07-07 18:00:00,4 days 06:00:00,102,25.5,81.88,992.2,55.6
2026-07-03 12:00:00,6,46,2026-07-08 00:00:00,4 days 12:00:00,108,26.0,81.0,993.1,54.2
2026-07-03 12:00:00,6,46,2026-07-08 06:00:00,4 days 18:00:00,114,23.65,77.95,993.0,54.5
2026-07-03 12:00:00,6,46,2026-07-08 12:00:00,5 days 00:00:00,120,21.25,75.0,992.8,54.7
2026-07-03 12:00:00,7,46,2026-07-06 00:00:00,2 days 12:00:00,60,-37.0,173.25,991.3,56.9
2026-07-03 12:00:00,7,46,2026-07-06 06:00:00,2 days 18:00:00,66,-37.13,172.75,991.2,57.0
2026-07-03 12:00:00,7,46,2026-07-06 12:00:00,3 days 00:00:00,72,-37.25,172.25,991.1,57.1
2026-07-03 12:00:00,7,46,2026-07-06 18:00:00,3 days 06:00:00,78,-36.5,172.75,992.5,55.1
2026-07-03 12:00:00,7,46,2026-07-07 00:00:00,3 days 12:00:00,84,-35.75,173.25,993.9,53.1
2026-07-03 12:00:00,7,46,2026-07-07 06:00:00,3 days 18:00:00,90,-36.38,173.99,993.2,54.1
2026-07-03 12:00:00,7,46,2026-07-07 12:00:00,4 days 00:00:00,96,-37.0,174.75,992.5,55.2
2026-07-03 12:00:00,7,46,2026-07-07 18:00:00,4 days 06:00:00,102,-37.88,175.59,992.9,54.5
2026-07-03 12:00:00,7,46,2026-07-08 00:00:00,4 days 12:00:00,108,-38.76,176.46,993.4,53.8
2026-07-03 12:00:00,7,46,2026-07-08 06:00:00,4 days 18:00:00,114,-39.64,177.34,993.9,53.1
2026-07-03 12:00:00,7,46,2026-07-08 12:00:00,5 days 00:00:00,120,-40.5,178.25,994.3,52.4
2026-07-03 12:00:00,8,46,2026-07-11 12:00:00,8 days 00:00:00,192,15.5,146.5,1006.8,31.7
2026-07-03 12:00:00,8,46,2026-07-11 18:00:00,8 days 06:00:00,198,15.75,145.38,1005.1,34.8
2026-07-03 12:00:00,8,46,2026-07-12 00:00:00,8 days 12:00:00,204,16.0,144.25,1003.4,37.9
2026-07-03 12:00:00,8,46,2026-07-12 06:00:00,8 days 18:00:00,210,16.13,143.25,1003.4,37.9
2026-07-03 12:00:00,8,46,2026-07-12 12:00:00,9 days 00:00:00,216,16.25,142.25,1003.4,38.0
2026-07-03 12:00:00,8,46,2026-07-12 18:00:00,9 days 06:00:00,222,16.5,141.5,1003.6,37.6
2026-07-03 12:00:00,8,46,2026-07-13 00:00:00,9 days 12:00:00,228,16.75,140.75,1003.8,37.2
2026-07-03 12:00:00,8,46,2026-07-13 06:00:00,9 days 18:00:00,234,17.0,139.75,1003.7,37.5
2026-07-03 12:00:00,8,46,2026-07-13 12:00:00,10 days 00:00:00,240,17.25,138.75,1003.5,37.7
2026-07-03 12:00:00,8,46,2026-07-13 18:00:00,10 days 06:00:00,246,17.19,138.56,1003.6,37.7
2026-07-03 12:00:00,8,46,2026-07-14 00:00:00,10 days 12:00:00,252,17.13,138.37,1003.6,37.6
2026-07-03 12:00:00,8,46,2026-07-14 06:00:00,10 days 18:00:00,258,17.06,138.19,1003.6,37.5
2026-07-03 12:00:00,8,46,2026-07-14 12:00:00,11 days 00:00:00,264,17.0,138.0,1003.7,37.4
2026-07-03 12:00:00,8,46,2026-07-14 18:00:00,11 days 06:00:00,270,17.25,138.0,1004.1,36.8
2026-07-03 12:00:00,8,46,2026-07-15 00:00:00,11 days 12:00:00,276,17.5,138.0,1004.4,36.1
2026-07-03 12:00:00,9,46,2026-07-12 00:00:00,8 days 12:00:00,204,-36.25,-143.75,977.8,75.0
2026-07-03 12:00:00,9,46,2026-07-12 06:00:00,8 days 18:00:00,210,-37.25,-144.12,977.1,75.9
2026-07-03 12:00:00,9,46,2026-07-12 12:00:00,9 days 00:00:00,216,-38.25,-144.5,976.3,76.9
2026-07-03 12:00:00,9,46,2026-07-12 18:00:00,9 days 06:00:00,222,-38.5,-144.5,976.6,76.6
2026-07-03 12:00:00,9,46,2026-07-13 00:00:00,9 days 12:00:00,228,-38.75,-144.5,976.9,76.2
2026-07-03 12:00:00,9,46,2026-07-13 06:00:00,9 days 18:00:00,234,-38.88,-144.87,979.2,73.2
2026-07-03 12:00:00,9,46,2026-07-13 12:00:00,10 days 00:00:00,240,-39.0,-145.25,981.6,70.2
2026-07-03 12:00:00,9,46,2026-07-13 18:00:00,10 days 06:00:00,246,-38.51,-146.63,981.5,70.2
2026-07-03 12:00:00,9,46,2026-07-14 00:00:00,10 days 12:00:00,252,-38.0,-148.0,981.5,70.3
2026-07-03 12:00:00,9,46,2026-07-14 06:00:00,10 days 18:00:00,258,-37.38,-147.5,981.3,70.5
2026-07-03 12:00:00,9,46,2026-07-14 12:00:00,11 days 00:00:00,264,-36.75,-147.0,981.2,70.7
2026-07-03 12:00:00,9,46,2026-07-14 18:00:00,11 days 06:00:00,270,-36.88,-146.75,981.7,70.0
2026-07-03 12:00:00,9,46,2026-07-15 00:00:00,11 days 12:00:00,276,-37.0,-146.5,982.2,69.4
2026-07-03 12:00:00,9,46,2026-07-15 06:00:00,11 days 18:00:00,282,-36.5,-146.75,983.3,67.9
2026-07-03 12:00:00,9,46,2026-07-15 12:00:00,12 days 00:00:00,288,-36.0,-147.0,984.5,66.4
2026-07-03 12:00:00,3,47,2026-07-03 12:00:00,0 days 00:00:00,0,12.75,153.0,976.5,76.7
2026-07-03 12:00:00,3,47,2026-07-03 18:00:00,0 days 06:00:00,6,12.75,152.25,974.2,79.5
2026-07-03 12:00:00,3,47,2026-07-04 00:00:00,0 days 12:00:00,12,12.75,151.5,972.0,82.3
2026-07-03 12:00:00,3,47,2026-07-04 06:00:00,0 days 18:00:00,18,12.75,150.87,973.4,80.5
2026-07-03 12:00:00,3,47,2026-07-04 12:00:00,1 days 00:00:00,24,12.75,150.25,974.8,78.8
2026-07-03 12:00:00,3,47,2026-07-04 18:00:00,1 days 06:00:00,30,12.88,149.5,972.2,81.9
2026-07-03 12:00:00,3,47,2026-07-05 00:00:00,1 days 12:00:00,36,13.0,148.75,969.6,85.0
2026-07-03 12:00:00,3,47,2026-07-05 06:00:00,1 days 18:00:00,42,13.25,147.88,967.6,87.4
2026-07-03 12:00:00,3,47,2026-07-05 12:00:00,2 days 00:00:00,48,13.5,147.0,965.6,89.8
2026-07-03 12:00:00,3,47,2026-07-05 18:00:00,2 days 06:00:00,54,13.63,146.13,963.5,92.2
2026-07-03 12:00:00,3,47,2026-07-06 00:00:00,2 days 12:00:00,60,13.75,145.25,961.3,94.7
2026-07-03 12:00:00,3,47,2026-07-06 06:00:00,2 days 18:00:00,66,14.0,144.38,962.2,93.7
2026-07-03 12:00:00,3,47,2026-07-06 12:00:00,3 days 00:00:00,72,14.25,143.5,963.1,92.7
2026-07-03 12:00:00,3,47,2026-07-06 18:00:00,3 days 06:00:00,78,14.75,142.13,957.9,98.5
2026-07-03 12:00:00,3,47,2026-07-07 00:00:00,3 days 12:00:00,84,15.25,140.75,952.8,104.2
2026-07-03 12:00:00,3,47,2026-07-07 06:00:00,3 days 18:00:00,90,15.51,139.25,952.1,104.9
2026-07-03 12:00:00,3,47,2026-07-07 12:00:00,4 days 00:00:00,96,15.75,137.75,951.5,105.6
2026-07-03 12:00:00,3,47,2026-07-07 18:00:00,4 days 06:00:00,102,16.13,136.5,950.0,107.3
2026-07-03 12:00:00,3,47,2026-07-08 00:00:00,4 days 12:00:00,108,16.5,135.25,948.4,108.9
2026-07-03 12:00:00,3,47,2026-07-08 06:00:00,4 days 18:00:00,114,16.88,134.13,947.6,109.8
2026-07-03 12:00:00,3,47,2026-07-08 12:00:00,5 days 00:00:00,120,17.25,133.0,946.7,110.7
2026-07-03 12:00:00,3,47,2026-07-08 18:00:00,5 days 06:00:00,126,17.75,131.88,945.7,111.8
2026-07-03 12:00:00,3,47,2026-07-09 00:00:00,5 days 12:00:00,132,18.25,130.75,944.6,112.9
2026-07-03 12:00:00,3,47,2026-07-09 06:00:00,5 days 18:00:00,138,18.75,129.75,945.8,111.6
2026-07-03 12:00:00,3,47,2026-07-09 12:00:00,6 days 00:00:00,144,19.25,128.75,947.1,110.3
2026-07-03 12:00:00,3,47,2026-07-09 18:00:00,6 days 06:00:00,150,20.13,128.0,947.9,109.5
2026-07-03 12:00:00,3,47,2026-07-10 00:00:00,6 days 12:00:00,156,21.0,127.25,948.7,108.6
2026-07-03 12:00:00,3,47,2026-07-10 06:00:00,6 days 18:00:00,162,22.0,126.63,949.6,107.7
2026-07-03 12:00:00,3,47,2026-07-10 12:00:00,7 days 00:00:00,168,23.0,126.0,950.5,106.7
2026-07-03 12:00:00,3,47,2026-07-10 18:00:00,7 days 06:00:00,174,24.5,125.38,952.5,104.5
2026-07-03 12:00:00,3,47,2026-07-11 00:00:00,7 days 12:00:00,180,26.0,124.75,954.6,102.2
2026-07-03 12:00:00,3,47,2026-07-11 06:00:00,7 days 18:00:00,186,27.63,124.38,958.6,97.8
2026-07-03 12:00:00,3,47,2026-07-11 12:00:00,8 days 00:00:00,192,29.25,124.0,962.5,93.3
2026-07-03 12:00:00,3,47,2026-07-11 18:00:00,8 days 06:00:00,198,30.63,123.51,965.2,90.2
2026-07-03 12:00:00,3,47,2026-07-12 00:00:00,8 days 12:00:00,204,32.0,123.0,967.9,87.1
2026-07-03 12:00:00,3,47,2026-07-12 06:00:00,8 days 18:00:00,210,33.0,123.49,973.5,80.2
2026-07-03 12:00:00,3,47,2026-07-12 12:00:00,9 days 00:00:00,216,34.0,124.0,979.1,73.3
2026-07-03 12:00:00,3,47,2026-07-12 18:00:00,9 days 06:00:00,222,35.01,125.23,982.9,68.3
2026-07-03 12:00:00,3,47,2026-07-13 00:00:00,9 days 12:00:00,228,36.0,126.5,986.7,63.4
2026-07-03 12:00:00,3,47,2026-07-13 06:00:00,9 days 18:00:00,234,37.89,128.45,988.7,60.5
2026-07-03 12:00:00,3,47,2026-07-13 12:00:00,10 days 00:00:00,240,39.75,130.5,990.8,57.6
2026-07-03 12:00:00,3,47,2026-07-13 18:00:00,10 days 06:00:00,246,41.03,133.08,987.3,62.4
2026-07-03 12:00:00,3,47,2026-07-14 00:00:00,10 days 12:00:00,252,42.25,135.75,983.9,67.1
2026-07-03 12:00:00,3,47,2026-07-14 06:00:00,10 days 18:00:00,258,43.4,137.96,986.4,63.7
2026-07-03 12:00:00,3,47,2026-07-14 12:00:00,11 days 00:00:00,264,44.5,140.25,988.9,60.2
2026-07-03 12:00:00,3,47,2026-07-14 18:00:00,11 days 06:00:00,270,45.92,143.42,989.3,59.7
2026-07-03 12:00:00,3,47,2026-07-15 00:00:00,11 days 12:00:00,276,47.25,146.75,989.7,59.1
2026-07-03 12:00:00,3,47,2026-07-15 06:00:00,11 days 18:00:00,282,48.26,148.47,991.0,57.3
2026-07-03 12:00:00,3,47,2026-07-15 12:00:00,12 days 00:00:00,288,49.25,150.25,992.3,55.4
2026-07-03 12:00:00,3,47,2026-07-15 18:00:00,12 days 06:00:00,294,49.52,152.12,994.1,52.7
2026-07-03 12:00:00,3,47,2026-07-16 00:00:00,12 days 12:00:00,300,49.75,154.0,996.0,50.0
2026-07-03 12:00:00,4,47,2026-07-03 12:00:00,0 days 00:00:00,0,19.5,-128.5,1001.2,41.7
2026-07-03 12:00:00,5,47,2026-07-03 12:00:00,0 days 00:00:00,0,18.5,110.0,997.5,47.5
2026-07-03 12:00:00,5,47,2026-07-03 18:00:00,0 days 06:00:00,6,19.38,109.01,996.5,49.2
2026-07-03 12:00:00,5,47,2026-07-04 00:00:00,0 days 12:00:00,12,20.25,108.0,995.4,50.8
2026-07-03 12:00:00,5,47,2026-07-04 06:00:00,0 days 18:00:00,18,20.75,108.0,994.8,51.8
2026-07-03 12:00:00,5,47,2026-07-04 12:00:00,1 days 00:00:00,24,21.25,108.0,994.1,52.8
2026-07-03 12:00:00,5,47,2026-07-04 18:00:00,1 days 06:00:00,30,21.75,107.88,995.7,50.3
2026-07-03 12:00:00,5,47,2026-07-05 00:00:00,1 days 12:00:00,36,22.25,107.75,997.3,47.9
2026-07-03 12:00:00,5,47,2026-07-05 06:00:00,1 days 18:00:00,42,22.69,107.69,997.9,46.9
2026-07-03 12:00:00,5,47,2026-07-05 12:00:00,2 days 00:00:00,48,23.13,107.63,998.5,46.0
2026-07-03 12:00:00,5,47,2026-07-05 18:00:00,2 days 06:00:00,54,23.56,107.56,999.1,45.0
2026-07-03 12:00:00,5,47,2026-07-06 00:00:00,2 days 12:00:00,60,24.0,107.5,999.7,44.1
2026-07-03 12:00:00,6,47,2026-07-13 12:00:00,10 days 00:00:00,240,27.0,157.0,1009.1,27.3
2026-07-03 12:00:00,6,47,2026-07-13 18:00:00,10 days 06:00:00,246,27.25,157.87,1007.1,31.1
2026-07-03 12:00:00,6,47,2026-07-14 00:00:00,10 days 12:00:00,252,27.5,158.75,1005.1,35.0
2026-07-03 12:00:00,6,47,2026-07-14 06:00:00,10 days 18:00:00,258,27.5,159.25,1004.1,36.6
2026-07-03 12:00:00,6,47,2026-07-14 12:00:00,11 days 00:00:00,264,27.5,159.75,1003.2,38.3
2026-07-03 12:00:00,6,47,2026-07-14 18:00:00,11 days 06:00:00,270,27.38,160.38,1002.4,39.7
2026-07-03 12:00:00,6,47,2026-07-15 00:00:00,11 days 12:00:00,276,27.25,161.0,1001.5,41.1
2026-07-03 12:00:00,6,47,2026-07-15 06:00:00,11 days 18:00:00,282,27.5,161.37,1000.6,42.6
2026-07-03 12:00:00,6,47,2026-07-15 12:00:00,12 days 00:00:00,288,27.75,161.75,999.7,44.1
2026-07-03 12:00:00,6,47,2026-07-15 18:00:00,12 days 06:00:00,294,27.75,162.0,999.6,44.3
2026-07-03 12:00:00,6,47,2026-07-16 00:00:00,12 days 12:00:00,300,27.75,162.25,999.5,44.5
2026-07-03 12:00:00,6,47,2026-07-16 06:00:00,12 days 18:00:00,306,28.13,163.0,998.4,46.1
2026-07-03 12:00:00,6,47,2026-07-16 12:00:00,13 days 00:00:00,312,28.5,163.75,997.4,47.7
2026-07-03 12:00:00,6,47,2026-07-16 18:00:00,13 days 06:00:00,318,28.88,164.75,997.0,48.4
2026-07-03 12:00:00,6,47,2026-07-17 00:00:00,13 days 12:00:00,324,29.25,165.75,996.6,49.0
2026-07-03 12:00:00,6,47,2026-07-17 06:00:00,13 days 18:00:00,330,30.13,166.99,998.1,46.6
2026-07-03 12:00:00,6,47,2026-07-17 12:00:00,14 days 00:00:00,336,31.0,168.25,999.6,44.2
2026-07-03 12:00:00,6,47,2026-07-17 18:00:00,14 days 06:00:00,342,32.13,169.36,1000.1,43.5
2026-07-03 12:00:00,6,47,2026-07-18 00:00:00,14 days 12:00:00,348,33.25,170.5,1000.5,42.7
2026-07-03 12:00:00,6,47,2026-07-18 06:00:00,14 days 18:00:00,354,34.25,171.36,1000.7,42.5
2026-07-03 12:00:00,6,47,2026-07-18 12:00:00,15 days 00:00:00,360,35.25,172.25,1000.9,42.2
2026-07-03 12:00:00,7,47,2026-07-14 12:00:00,11 days 00:00:00,264,14.75,-117.75,1004.4,36.2
2026-07-03 12:00:00,7,47,2026-07-14 18:00:00,11 days 06:00:00,270,14.76,-118.81,1004.0,36.9
2026-07-03 12:00:00,7,47,2026-07-15 00:00:00,11 days 12:00:00,276,14.76,-119.88,1003.6,37.6
2026-07-03 12:00:00,7,47,2026-07-15 06:00:00,11 days 18:00:00,282,14.76,-120.94,1003.2,38.3
2026-07-03 12:00:00,7,47,2026-07-15 12:00:00,12 days 00:00:00,288,14.75,-122.0,1002.8,39.0
2026-07-03 12:00:00,7,47,2026-07-15 18:00:00,12 days 06:00:00,294,16.0,-122.25,1002.9,38.8
2026-07-03 12:00:00,7,47,2026-07-16 00:00:00,12 days 12:00:00,300,17.25,-122.5,1003.0,38.7
2026-07-03 12:00:00,7,47,2026-07-16 06:00:00,12 days 18:00:00,306,17.63,-123.12,1004.0,36.9
2026-07-03 12:00:00,7,47,2026-07-16 12:00:00,13 days 00:00:00,312,18.0,-123.75,1005.0,35.1
2026-07-03 12:00:00,7,47,2026-07-16 18:00:00,13 days 06:00:00,318,17.14,-125.27,1004.5,36.0
2026-07-03 12:00:00,7,47,2026-07-17 00:00:00,13 days 12:00:00,324,16.27,-126.78,1004.0,36.9
2026-07-03 12:00:00,7,47,2026-07-17 06:00:00,13 days 18:00:00,330,15.39,-128.27,1003.5,37.8
2026-07-03 12:00:00,7,47,2026-07-17 12:00:00,14 days 00:00:00,336,14.5,-129.75,1003.0,38.7
2026-07-03 12:00:00,7,47,2026-07-17 18:00:00,14 days 06:00:00,342,15.25,-129.75,1002.6,39.2
2026-07-03 12:00:00,7,47,2026-07-18 00:00:00,14 days 12:00:00,348,16.0,-129.75,1002.3,39.8
2026-07-03 12:00:00,7,47,2026-07-18 06:00:00,14 days 18:00:00,354,17.0,-130.87,1003.0,38.6
2026-07-03 12:00:00,7,47,2026-07-18 12:00:00,15 days 00:00:00,360,18.0,-132.0,1003.7,37.4
2026-07-03 12:00:00,8,47,2026-07-15 12:00:00,12 days 00:00:00,288,5.75,167.75,1006.8,31.8
2026-07-03 12:00:00,8,47,2026-07-15 18:00:00,12 days 06:00:00,294,6.31,168.06,1006.4,32.6
2026-07-03 12:00:00,8,47,2026-07-16 00:00:00,12 days 12:00:00,300,6.88,168.37,1005.9,33.4
2026-07-03 12:00:00,8,47,2026-07-16 06:00:00,12 days 18:00:00,306,7.44,168.69,1005.5,34.2
2026-07-03 12:00:00,8,47,2026-07-16 12:00:00,13 days 00:00:00,312,8.0,169.0,1005.0,35.0
2026-07-03 12:00:00,8,47,2026-07-16 18:00:00,13 days 06:00:00,318,9.0,168.88,1004.9,35.3
2026-07-03 12:00:00,8,47,2026-07-17 00:00:00,13 days 12:00:00,324,10.0,168.75,1004.7,35.6
2026-07-03 12:00:00,8,47,2026-07-17 06:00:00,13 days 18:00:00,330,11.13,168.5,1005.0,35.1
2026-07-03 12:00:00,8,47,2026-07-17 12:00:00,14 days 00:00:00,336,12.25,168.25,1005.3,34.5
2026-07-03 12:00:00,8,47,2026-07-17 18:00:00,14 days 06:00:00,342,12.38,167.88,1003.6,37.5
2026-07-03 12:00:00,8,47,2026-07-18 00:00:00,14 days 12:00:00,348,12.5,167.5,1002.0,40.4
2026-07-03 12:00:00,8,47,2026-07-18 06:00:00,14 days 18:00:00,354,12.75,166.88,1000.7,42.4
2026-07-03 12:00:00,8,47,2026-07-18 12:00:00,15 days 00:00:00,360,13.0,166.25,999.5,44.4
2026-07-03 12:00:00,3,48,2026-07-03 12:00:00,0 days 00:00:00,0,12.75,153.0,976.5,76.7
2026-07-03 12:00:00,3,48,2026-07-03 18:00:00,0 days 06:00:00,6,12.75,152.25,973.2,80.7
2026-07-03 12:00:00,3,48,2026-07-04 00:00:00,0 days 12:00:00,12,12.75,151.5,969.8,84.8
2026-07-03 12:00:00,3,48,2026-07-04 06:00:00,0 days 18:00:00,18,12.75,150.87,970.4,84.1
2026-07-03 12:00:00,3,48,2026-07-04 12:00:00,1 days 00:00:00,24,12.75,150.25,971.0,83.4
2026-07-03 12:00:00,3,48,2026-07-04 18:00:00,1 days 06:00:00,30,12.88,149.5,968.7,86.2
2026-07-03 12:00:00,3,48,2026-07-05 00:00:00,1 days 12:00:00,36,13.0,148.75,966.4,88.9
2026-07-03 12:00:00,3,48,2026-07-05 06:00:00,1 days 18:00:00,42,13.25,147.88,963.4,92.3
2026-07-03 12:00:00,3,48,2026-07-05 12:00:00,2 days 00:00:00,48,13.5,147.0,960.5,95.7
2026-07-03 12:00:00,3,48,2026-07-05 18:00:00,2 days 06:00:00,54,13.88,146.0,961.0,95.1
2026-07-03 12:00:00,3,48,2026-07-06 00:00:00,2 days 12:00:00,60,14.25,145.0,961.5,94.5
2026-07-03 12:00:00,3,48,2026-07-06 06:00:00,2 days 18:00:00,66,14.5,143.88,958.9,97.4
2026-07-03 12:00:00,3,48,2026-07-06 12:00:00,3 days 00:00:00,72,14.75,142.75,956.3,100.4
2026-07-03 12:00:00,3,48,2026-07-06 18:00:00,3 days 06:00:00,78,15.13,141.25,952.6,104.4
2026-07-03 12:00:00,3,48,2026-07-07 00:00:00,3 days 12:00:00,84,15.5,139.75,948.9,108.4
2026-07-03 12:00:00,3,48,2026-07-07 06:00:00,3 days 18:00:00,90,15.51,138.25,949.8,107.4
2026-07-03 12:00:00,3,48,2026-07-07 12:00:00,4 days 00:00:00,96,15.5,136.75,950.8,106.4
2026-07-03 12:00:00,3,48,2026-07-07 18:00:00,4 days 06:00:00,102,15.88,135.5,950.5,106.7
2026-07-03 12:00:00,3,48,2026-07-08 00:00:00,4 days 12:00:00,108,16.25,134.25,950.2,107.0
2026-07-03 12:00:00,3,48,2026-07-08 06:00:00,4 days 18:00:00,114,16.51,132.75,946.8,110.6
2026-07-03 12:00:00,3,48,2026-07-08 12:00:00,5 days 00:00:00,120,16.75,131.25,943.3,114.3
2026-07-03 12:00:00,3,48,2026-07-08 18:00:00,5 days 06:00:00,126,17.13,130.25,944.2,113.4
2026-07-03 12:00:00,3,48,2026-07-09 00:00:00,5 days 12:00:00,132,17.5,129.25,945.0,112.5
2026-07-03 12:00:00,3,48,2026-07-09 06:00:00,5 days 18:00:00,138,18.0,128.13,942.6,115.0
2026-07-03 12:00:00,3,48,2026-07-09 12:00:00,6 days 00:00:00,144,18.5,127.0,940.2,117.5
2026-07-03 12:00:00,3,48,2026-07-09 18:00:00,6 days 06:00:00,150,19.25,125.88,943.2,114.4
2026-07-03 12:00:00,3,48,2026-07-10 00:00:00,6 days 12:00:00,156,20.0,124.75,946.2,111.2
2026-07-03 12:00:00,3,48,2026-07-10 06:00:00,6 days 18:00:00,162,21.0,124.13,945.7,111.8
2026-07-03 12:00:00,3,48,2026-07-10 12:00:00,7 days 00:00:00,168,22.0,123.5,945.2,112.3
2026-07-03 12:00:00,3,48,2026-07-10 18:00:00,7 days 06:00:00,174,23.26,122.01,955.1,101.3
2026-07-03 12:00:00,3,48,2026-07-11 00:00:00,7 days 12:00:00,180,24.5,120.5,965.1,90.4
2026-07-03 12:00:00,3,48,2026-07-11 06:00:00,7 days 18:00:00,186,25.25,120.0,970.3,84.1
2026-07-03 12:00:00,3,48,2026-07-11 12:00:00,8 days 00:00:00,192,26.0,119.5,975.6,77.8
2026-07-03 12:00:00,3,48,2026-07-11 18:00:00,8 days 06:00:00,198,27.13,118.26,983.1,67.9
2026-07-03 12:00:00,3,48,2026-07-12 00:00:00,8 days 12:00:00,204,28.25,117.0,990.6,57.9
2026-07-03 12:00:00,3,48,2026-07-12 06:00:00,8 days 18:00:00,210,28.63,116.63,992.0,55.9
2026-07-03 12:00:00,3,48,2026-07-12 12:00:00,9 days 00:00:00,216,29.0,116.25,993.4,53.8
2026-07-03 12:00:00,3,48,2026-07-12 18:00:00,9 days 06:00:00,222,29.75,115.13,994.8,51.7
2026-07-03 12:00:00,3,48,2026-07-13 00:00:00,9 days 12:00:00,228,30.5,114.0,996.2,49.7
2026-07-03 12:00:00,4,48,2026-07-03 12:00:00,0 days 00:00:00,0,19.5,-128.5,1001.2,41.7
2026-07-03 12:00:00,5,48,2026-07-03 12:00:00,0 days 00:00:00,0,18.5,110.0,997.5,47.5
2026-07-03 12:00:00,5,48,2026-07-03 18:00:00,0 days 06:00:00,6,19.38,109.13,996.5,49.2
2026-07-03 12:00:00,5,48,2026-07-04 00:00:00,0 days 12:00:00,12,20.25,108.25,995.4,50.9
2026-07-03 12:00:00,5,48,2026-07-04 06:00:00,0 days 18:00:00,18,20.88,108.13,995.1,51.3
2026-07-03 12:00:00,5,48,2026-07-04 12:00:00,1 days 00:00:00,24,21.5,108.0,994.8,51.7
2026-07-03 12:00:00,5,48,2026-07-04 18:00:00,1 days 06:00:00,30,21.5,108.0,996.9,48.5
2026-07-03 12:00:00,5,48,2026-07-05 00:00:00,1 days 12:00:00,36,21.5,108.0,999.0,45.3
2026-07-03 12:00:00,6,48,2026-07-04 00:00:00,0 days 12:00:00,12,20.75,87.25,993.7,53.4
2026-07-03 12:00:00,6,48,2026-07-04 06:00:00,0 days 18:00:00,18,20.25,86.62,992.4,55.2
2026-07-03 12:00:00,6,48,2026-07-04 12:00:00,1 days 00:00:00,24,19.75,86.0,991.2,57.1
2026-07-03 12:00:00,6,48,2026-07-04 18:00:00,1 days 06:00:00,30,20.5,86.75,990.5,58.1
2026-07-03 12:00:00,6,48,2026-07-05 00:00:00,1 days 12:00:00,36,21.25,87.5,989.8,59.1
2026-07-03 12:00:00,6,48,2026-07-05 06:00:00,1 days 18:00:00,42,21.63,87.25,989.2,59.8
2026-07-03 12:00:00,6,48,2026-07-05 12:00:00,2 days 00:00:00,48,22.0,87.0,988.7,60.5
2026-07-03 12:00:00,6,48,2026-07-05 18:00:00,2 days 06:00:00,54,22.38,86.63,990.8,57.5
2026-07-03 12:00:00,6,48,2026-07-06 00:00:00,2 days 12:00:00,60,22.75,86.25,992.9,54.5
2026-07-03 12:00:00,6,48,2026-07-06 06:00:00,2 days 18:00:00,66,23.25,85.75,993.3,54.0
2026-07-03 12:00:00,6,48,2026-07-06 12:00:00,3 days 00:00:00,72,23.75,85.25,993.7,53.4
2026-07-03 12:00:00,6,48,2026-07-06 18:00:00,3 days 06:00:00,78,23.88,84.75,994.0,52.9
2026-07-03 12:00:00,6,48,2026-07-07 00:00:00,3 days 12:00:00,84,24.0,84.25,994.3,52.5
2026-07-03 12:00:00,6,48,2026-07-07 06:00:00,3 days 18:00:00,90,22.36,78.3,993.0,54.4
2026-07-03 12:00:00,6,48,2026-07-07 12:00:00,4 days 00:00:00,96,20.5,72.5,991.7,56.3
2026-07-03 12:00:00,6,48,2026-07-07 18:00:00,4 days 06:00:00,102,21.0,72.5,992.1,55.7
2026-07-03 12:00:00,6,48,2026-07-08 00:00:00,4 days 12:00:00,108,21.5,72.5,992.5,55.1
2026-07-03 12:00:00,6,48,2026-07-08 06:00:00,4 days 18:00:00,114,21.5,72.62,992.9,54.6
2026-07-03 12:00:00,6,48,2026-07-08 12:00:00,5 days 00:00:00,120,21.5,72.75,993.2,54.1
2026-07-03 12:00:00,6,48,2026-07-08 18:00:00,5 days 06:00:00,126,24.06,77.04,992.7,54.9
2026-07-03 12:00:00,6,48,2026-07-09 00:00:00,5 days 12:00:00,132,26.5,81.5,992.2,55.6
2026-07-03 12:00:00,6,48,2026-07-09 06:00:00,5 days 18:00:00,138,26.75,81.13,993.0,54.4
2026-07-03 12:00:00,6,48,2026-07-09 12:00:00,6 days 00:00:00,144,27.0,80.75,993.9,53.1
2026-07-03 12:00:00,6,48,2026-07-09 18:00:00,6 days 06:00:00,150,27.0,80.75,993.5,53.6
2026-07-03 12:00:00,6,48,2026-07-10 00:00:00,6 days 12:00:00,156,27.0,80.75,993.2,54.1
2026-07-03 12:00:00,6,48,2026-07-10 06:00:00,6 days 18:00:00,162,28.18,84.71,992.5,55.1
2026-07-03 12:00:00,6,48,2026-07-10 12:00:00,7 days 00:00:00,168,29.25,88.75,991.8,56.1
2026-07-03 12:00:00,6,48,2026-07-10 18:00:00,7 days 06:00:00,174,27.41,85.7,993.4,53.8
2026-07-03 12:00:00,6,48,2026-07-11 00:00:00,7 days 12:00:00,180,25.5,82.75,995.0,51.5
2026-07-03 12:00:00,7,48,2026-07-08 00:00:00,4 days 12:00:00,108,10.75,170.75,1006.3,32.7
2026-07-03 12:00:00,7,48,2026-07-08 06:00:00,4 days 18:00:00,114,11.63,168.88,1006.2,33.0
2026-07-03 12:00:00,7,48,2026-07-08 12:00:00,5 days 00:00:00,120,12.5,167.0,1006.0,33.3
2026-07-03 12:00:00,7,48,2026-07-08 18:00:00,5 days 06:00:00,126,13.0,165.75,1005.5,34.3
2026-07-03 12:00:00,7,48,2026-07-09 00:00:00,5 days 12:00:00,132,13.5,164.5,1004.9,35.3
2026-07-03 12:00:00,7,48,2026-07-09 06:00:00,5 days 18:00:00,138,13.88,163.25,1004.5,36.0
2026-07-03 12:00:00,7,48,2026-07-09 12:00:00,6 days 00:00:00,144,14.25,162.0,1004.0,36.8
2026-07-03 12:00:00,7,48,2026-07-09 18:00:00,6 days 06:00:00,150,15.0,160.63,1001.7,40.7
2026-07-03 12:00:00,7,48,2026-07-10 00:00:00,6 days 12:00:00,156,15.75,159.25,999.4,44.6
2026-07-03 12:00:00,7,48,2026-07-10 06:00:00,6 days 18:00:00,162,16.38,158.0,997.4,47.7
2026-07-03 12:00:00,7,48,2026-07-10 12:00:00,7 days 00:00:00,168,17.0,156.75,995.4,50.8
2026-07-03 12:00:00,7,48,2026-07-10 18:00:00,7 days 06:00:00,174,17.63,155.38,993.5,53.7
2026-07-03 12:00:00,7,48,2026-07-11 00:00:00,7 days 12:00:00,180,18.25,154.0,991.5,56.6
2026-07-03 12:00:00,7,48,2026-07-11 06:00:00,7 days 18:00:00,186,19.25,153.13,990.3,58.4
2026-07-03 12:00:00,7,48,2026-07-11 12:00:00,8 days 00:00:00,192,20.25,152.25,989.0,60.1
2026-07-03 12:00:00,7,48,2026-07-11 18:00:00,8 days 06:00:00,198,21.25,151.75,982.9,68.2
2026-07-03 12:00:00,7,48,2026-07-12 00:00:00,8 days 12:00:00,204,22.25,151.25,976.8,76.3
2026-07-03 12:00:00,7,48,2026-07-12 06:00:00,8 days 18:00:00,210,23.38,151.37,974.9,78.6
2026-07-03 12:00:00,7,48,2026-07-12 12:00:00,9 days 00:00:00,216,24.5,151.5,973.0,80.9
2026-07-03 12:00:00,7,48,2026-07-12 18:00:00,9 days 06:00:00,222,26.13,151.87,969.5,85.2
2026-07-03 12:00:00,7,48,2026-07-13 00:00:00,9 days 12:00:00,228,27.75,152.25,966.0,89.4
2026-07-03 12:00:00,7,48,2026-07-13 06:00:00,9 days 18:00:00,234,28.75,152.87,967.0,88.2
2026-07-03 12:00:00,7,48,2026-07-13 12:00:00,10 days 00:00:00,240,29.75,153.5,968.0,87.0
2026-07-03 12:00:00,7,48,2026-07-13 18:00:00,10 days 06:00:00,246,30.38,154.62,970.6,83.8
2026-07-03 12:00:00,7,48,2026-07-14 00:00:00,10 days 12:00:00,252,31.0,155.75,973.3,80.7
2026-07-03 12:00:00,7,48,2026-07-14 06:00:00,10 days 18:00:00,258,31.25,156.62,974.3,79.4
2026-07-03 12:00:00,7,48,2026-07-14 12:00:00,11 days 00:00:00,264,31.5,157.5,975.3,78.2
2026-07-03 12:00:00,7,48,2026-07-14 18:00:00,11 days 06:00:00,270,31.63,158.12,976.9,76.1
2026-07-03 12:00:00,7,48,2026-07-15 00:00:00,11 days 12:00:00,276,31.75,158.75,978.6,74.0
2026-07-03 12:00:00,7,48,2026-07-15 06:00:00,11 days 18:00:00,282,32.0,159.87,977.7,75.1
2026-07-03 12:00:00,7,48,2026-07-15 12:00:00,12 days 00:00:00,288,32.25,161.0,976.8,76.2
2026-07-03 12:00:00,7,48,2026-07-15 18:00:00,12 days 06:00:00,294,33.38,162.11,978.0,74.7
2026-07-03 12:00:00,7,48,2026-07-16 00:00:00,12 days 12:00:00,300,34.5,163.25,979.2,73.2
2026-07-03 12:00:00,7,48,2026-07-16 06:00:00,12 days 18:00:00,306,35.38,164.24,981.1,70.8
2026-07-03 12:00:00,7,48,2026-07-16 12:00:00,13 days 00:00:00,312,36.25,165.25,982.9,68.4
2026-07-03 12:00:00,7,48,2026-07-16 18:00:00,13 days 06:00:00,318,37.88,166.72,986.6,63.4
2026-07-03 12:00:00,7,48,2026-07-17 00:00:00,13 days 12:00:00,324,39.5,168.25,990.2,58.5
2026-07-03 12:00:00,7,48,2026-07-17 06:00:00,13 days 18:00:00,330,42.26,169.8,990.4,58.1
2026-07-03 12:00:00,7,48,2026-07-17 12:00:00,14 days 00:00:00,336,45.0,171.5,990.7,57.8
2026-07-03 12:00:00,7,48,2026-07-17 18:00:00,14 days 06:00:00,342,46.01,170.15,989.8,59.1
2026-07-03 12:00:00,7,48,2026-07-18 00:00:00,14 days 12:00:00,348,47.0,168.75,988.9,60.4
2026-07-03 12:00:00,7,48,2026-07-18 06:00:00,14 days 18:00:00,354,47.63,168.26,990.4,58.2
2026-07-03 12:00:00,7,48,2026-07-18 12:00:00,15 days 00:00:00,360,48.25,167.75,991.9,56.0
2026-07-03 12:00:00,8,48,2026-07-11 00:00:00,7 days 12:00:00,180,-43.25,-94.25,976.2,77.0
2026-07-03 12:00:00,8,48,2026-07-11 06:00:00,7 days 18:00:00,186,-46.0,-93.77,973.2,80.7
2026-07-03 12:00:00,8,48,2026-07-11 12:00:00,8 days 00:00:00,192,-48.75,-93.25,970.2,84.3
2026-07-03 12:00:00,8,48,2026-07-11 18:00:00,8 days 06:00:00,198,-50.39,-94.82,973.4,80.5
2026-07-03 12:00:00,8,48,2026-07-12 00:00:00,8 days 12:00:00,204,-52.0,-96.5,976.6,76.6
2026-07-03 12:00:00,8,48,2026-07-12 06:00:00,8 days 18:00:00,210,-51.75,-97.51,979.2,73.2
2026-07-03 12:00:00,8,48,2026-07-12 12:00:00,9 days 00:00:00,216,-51.5,-98.5,981.9,69.8
2026-07-03 12:00:00,8,48,2026-07-12 18:00:00,9 days 06:00:00,222,-50.13,-97.6,985.4,65.0
2026-07-03 12:00:00,8,48,2026-07-13 00:00:00,9 days 12:00:00,228,-48.75,-96.75,988.9,60.3
2026-07-03 12:00:00,8,48,2026-07-13 06:00:00,9 days 18:00:00,234,-47.63,-96.62,989.5,59.4
2026-07-03 12:00:00,8,48,2026-07-13 12:00:00,10 days 00:00:00,240,-46.5,-96.5,990.1,58.6
2026-07-03 12:00:00,8,48,2026-07-13 18:00:00,10 days 06:00:00,246,-45.38,-95.35,990.1,58.6
2026-07-03 12:00:00,8,48,2026-07-14 00:00:00,10 days 12:00:00,252,-44.25,-94.25,990.0,58.7
2026-07-03 12:00:00,3,49,2026-07-03 12:00:00,0 days 00:00:00,0,12.75,153.0,976.5,76.7
2026-07-03 12:00:00,3,49,2026-07-03 18:00:00,0 days 06:00:00,6,12.88,152.38,971.8,82.4
2026-07-03 12:00:00,3,49,2026-07-04 00:00:00,0 days 12:00:00,12,13.0,151.75,967.0,88.1
2026-07-03 12:00:00,3,49,2026-07-04 06:00:00,0 days 18:00:00,18,12.88,151.0,968.7,86.1
2026-07-03 12:00:00,3,49,2026-07-04 12:00:00,1 days 00:00:00,24,12.75,150.25,970.5,84.1
2026-07-03 12:00:00,3,49,2026-07-04 18:00:00,1 days 06:00:00,30,13.0,149.38,967.6,87.5
2026-07-03 12:00:00,3,49,2026-07-05 00:00:00,1 days 12:00:00,36,13.25,148.5,964.7,90.8
2026-07-03 12:00:00,3,49,2026-07-05 06:00:00,1 days 18:00:00,42,13.5,147.38,963.3,92.5
2026-07-03 12:00:00,3,49,2026-07-05 12:00:00,2 days 00:00:00,48,13.75,146.25,961.9,94.1
2026-07-03 12:00:00,3,49,2026-07-05 18:00:00,2 days 06:00:00,54,14.0,144.75,959.3,97.0
2026-07-03 12:00:00,3,49,2026-07-06 00:00:00,2 days 12:00:00,60,14.25,143.25,956.7,99.9
2026-07-03 12:00:00,3,49,2026-07-06 06:00:00,2 days 18:00:00,66,14.5,142.0,956.9,99.7
2026-07-03 12:00:00,3,49,2026-07-06 12:00:00,3 days 00:00:00,72,14.75,140.75,957.0,99.6
2026-07-03 12:00:00,3,49,2026-07-06 18:00:00,3 days 06:00:00,78,15.13,139.13,955.7,101.0
2026-07-03 12:00:00,3,49,2026-07-07 00:00:00,3 days 12:00:00,84,15.5,137.5,954.4,102.5
2026-07-03 12:00:00,3,49,2026-07-07 06:00:00,3 days 18:00:00,90,16.01,136.0,953.1,103.9
2026-07-03 12:00:00,3,49,2026-07-07 12:00:00,4 days 00:00:00,96,16.5,134.5,951.8,105.3
2026-07-03 12:00:00,3,49,2026-07-07 18:00:00,4 days 06:00:00,102,16.63,133.0,951.7,105.4
2026-07-03 12:00:00,3,49,2026-07-08 00:00:00,4 days 12:00:00,108,16.75,131.5,951.6,105.5
2026-07-03 12:00:00,3,49,2026-07-08 06:00:00,4 days 18:00:00,114,17.26,130.0,952.7,104.3
2026-07-03 12:00:00,3,49,2026-07-08 12:00:00,5 days 00:00:00,120,17.75,128.5,953.7,103.2
2026-07-03 12:00:00,3,49,2026-07-08 18:00:00,5 days 06:00:00,126,18.13,127.63,950.5,106.7
2026-07-03 12:00:00,3,49,2026-07-09 00:00:00,5 days 12:00:00,132,18.5,126.75,947.3,110.1
2026-07-03 12:00:00,3,49,2026-07-09 06:00:00,5 days 18:00:00,138,19.13,125.88,946.4,111.1
2026-07-03 12:00:00,3,49,2026-07-09 12:00:00,6 days 00:00:00,144,19.75,125.0,945.5,112.0
2026-07-03 12:00:00,3,49,2026-07-09 18:00:00,6 days 06:00:00,150,20.38,124.5,945.1,112.5
2026-07-03 12:00:00,3,49,2026-07-10 00:00:00,6 days 12:00:00,156,21.0,124.0,944.7,112.9
2026-07-03 12:00:00,3,49,2026-07-10 06:00:00,6 days 18:00:00,162,22.13,123.38,946.9,110.5
2026-07-03 12:00:00,3,49,2026-07-10 12:00:00,7 days 00:00:00,168,23.25,122.75,949.2,108.1
2026-07-03 12:00:00,3,49,2026-07-10 18:00:00,7 days 06:00:00,174,24.88,121.64,956.0,100.5
2026-07-03 12:00:00,3,49,2026-07-11 00:00:00,7 days 12:00:00,180,26.5,120.5,962.8,93.0
2026-07-03 12:00:00,3,49,2026-07-11 06:00:00,7 days 18:00:00,186,27.88,120.25,972.7,81.0
2026-07-03 12:00:00,3,49,2026-07-11 12:00:00,8 days 00:00:00,192,29.25,120.0,982.5,69.0
2026-07-03 12:00:00,3,49,2026-07-11 18:00:00,8 days 06:00:00,198,30.88,119.88,985.3,65.1
2026-07-03 12:00:00,3,49,2026-07-12 00:00:00,8 days 12:00:00,204,32.5,119.75,988.2,61.3
2026-07-03 12:00:00,3,49,2026-07-12 06:00:00,8 days 18:00:00,210,33.25,120.37,988.4,61.0
2026-07-03 12:00:00,3,49,2026-07-12 12:00:00,9 days 00:00:00,216,34.0,121.0,988.6,60.7
2026-07-03 12:00:00,3,49,2026-07-12 18:00:00,9 days 06:00:00,222,35.13,122.36,988.9,60.3
2026-07-03 12:00:00,3,49,2026-07-13 00:00:00,9 days 12:00:00,228,36.25,123.75,989.1,60.0
2026-07-03 12:00:00,3,49,2026-07-13 06:00:00,9 days 18:00:00,234,36.5,124.12,989.4,59.6
2026-07-03 12:00:00,3,49,2026-07-13 12:00:00,10 days 00:00:00,240,36.75,124.5,989.7,59.2
2026-07-03 12:00:00,3,49,2026-07-13 18:00:00,10 days 06:00:00,246,37.15,127.11,991.3,56.8
2026-07-03 12:00:00,3,49,2026-07-14 00:00:00,10 days 12:00:00,252,37.5,129.75,993.0,54.4
2026-07-03 12:00:00,3,49,2026-07-14 06:00:00,10 days 18:00:00,258,37.88,130.12,993.7,53.4
2026-07-03 12:00:00,3,49,2026-07-14 12:00:00,11 days 00:00:00,264,38.25,130.5,994.4,52.4
2026-07-03 12:00:00,3,49,2026-07-14 18:00:00,11 days 06:00:00,270,38.26,131.75,994.3,52.5
2026-07-03 12:00:00,3,49,2026-07-15 00:00:00,11 days 12:00:00,276,38.25,133.0,994.3,52.5
2026-07-03 12:00:00,3,49,2026-07-15 06:00:00,11 days 18:00:00,282,37.75,132.37,995.2,51.2
2026-07-03 12:00:00,3,49,2026-07-15 12:00:00,12 days 00:00:00,288,37.25,131.75,996.1,49.8
2026-07-03 12:00:00,4,49,2026-07-03 12:00:00,0 days 00:00:00,0,19.5,-128.5,1001.2,41.7
2026-07-03 12:00:00,4,49,2026-07-03 18:00:00,0 days 06:00:00,6,20.13,-128.38,1002.4,39.6
2026-07-03 12:00:00,4,49,2026-07-04 00:00:00,0 days 12:00:00,12,20.75,-128.25,1003.6,37.5
2026-07-03 12:00:00,5,49,2026-07-03 12:00:00,0 days 00:00:00,0,18.5,110.0,997.5,47.5
2026-07-03 12:00:00,5,49,2026-07-03 18:00:00,0 days 06:00:00,6,19.38,109.01,997.0,48.4
2026-07-03 12:00:00,5,49,2026-07-04 00:00:00,0 days 12:00:00,12,20.25,108.0,996.5,49.2
2026-07-03 12:00:00,5,49,2026-07-04 06:00:00,0 days 18:00:00,18,20.75,107.88,996.5,49.1
2026-07-03 12:00:00,5,49,2026-07-04 12:00:00,1 days 00:00:00,24,21.25,107.75,996.6,49.0
2026-07-03 12:00:00,5,49,2026-07-04 18:00:00,1 days 06:00:00,30,21.25,107.75,998.5,46.0
2026-07-03 12:00:00,5,49,2026-07-05 00:00:00,1 days 12:00:00,36,21.25,107.75,1000.4,42.9
2026-07-03 12:00:00,5,49,2026-07-05 06:00:00,1 days 18:00:00,42,22.13,107.87,1000.2,43.2
2026-07-03 12:00:00,5,49,2026-07-05 12:00:00,2 days 00:00:00,48,23.0,108.0,1000.0,43.6
2026-07-03 12:00:00,5,49,2026-07-05 18:00:00,2 days 06:00:00,54,23.25,108.37,999.8,44.0
2026-07-03 12:00:00,5,49,2026-07-06 00:00:00,2 days 12:00:00,60,23.5,108.75,999.5,44.5
2026-07-03 12:00:00,6,49,2026-07-11 12:00:00,8 days 00:00:00,192,13.25,145.5,1006.5,32.3
2026-07-03 12:00:00,6,49,2026-07-11 18:00:00,8 days 06:00:00,198,13.38,144.0,1005.7,33.9
2026-07-03 12:00:00,6,49,2026-07-12 00:00:00,8 days 12:00:00,204,13.5,142.5,1004.8,35.4
2026-07-03 12:00:00,6,49,2026-07-12 06:00:00,8 days 18:00:00,210,14.13,141.63,1003.7,37.5
2026-07-03 12:00:00,6,49,2026-07-12 12:00:00,9 days 00:00:00,216,14.75,140.75,1002.5,39.5
2026-07-03 12:00:00,6,49,2026-07-12 18:00:00,9 days 06:00:00,222,15.5,139.88,1001.4,41.3
2026-07-03 12:00:00,6,49,2026-07-13 00:00:00,9 days 12:00:00,228,16.25,139.0,1000.3,43.1
2026-07-03 12:00:00,6,49,2026-07-13 06:00:00,9 days 18:00:00,234,16.63,138.88,997.2,48.0
2026-07-03 12:00:00,6,49,2026-07-13 12:00:00,10 days 00:00:00,240,17.0,138.75,994.1,52.8
2026-07-03 12:00:00,6,49,2026-07-13 18:00:00,10 days 06:00:00,246,17.5,137.75,994.3,52.5
2026-07-03 12:00:00,6,49,2026-07-14 00:00:00,10 days 12:00:00,252,18.0,136.75,994.5,52.2
2026-07-03 12:00:00,6,49,2026-07-14 06:00:00,10 days 18:00:00,258,18.63,136.25,994.5,52.2
2026-07-03 12:00:00,6,49,2026-07-14 12:00:00,11 days 00:00:00,264,19.25,135.75,994.4,52.3
2026-07-03 12:00:00,6,49,2026-07-14 18:00:00,11 days 06:00:00,270,19.75,135.38,993.6,53.5
2026-07-03 12:00:00,6,49,2026-07-15 00:00:00,11 days 12:00:00,276,20.25,135.0,992.9,54.6
2026-07-03 12:00:00,6,49,2026-07-15 06:00:00,11 days 18:00:00,282,20.5,134.88,993.9,53.0
2026-07-03 12:00:00,6,49,2026-07-15 12:00:00,12 days 00:00:00,288,20.75,134.75,995.0,51.5
2026-07-03 12:00:00,6,49,2026-07-15 18:00:00,12 days 06:00:00,294,21.44,135.18,995.5,50.7
2026-07-03 12:00:00,6,49,2026-07-16 00:00:00,12 days 12:00:00,300,22.13,135.62,996.0,50.0
2026-07-03 12:00:00,6,49,2026-07-16 06:00:00,12 days 18:00:00,306,22.81,136.06,996.4,49.2
2026-07-03 12:00:00,6,49,2026-07-16 12:00:00,13 days 00:00:00,312,23.5,136.5,996.9,48.5
2026-07-03 12:00:00,7,49,2026-07-15 12:00:00,12 days 00:00:00,288,9.75,162.25,1005.3,34.6
2026-07-03 12:00:00,7,49,2026-07-15 18:00:00,12 days 06:00:00,294,9.38,162.12,1004.6,35.9
2026-07-03 12:00:00,7,49,2026-07-16 00:00:00,12 days 12:00:00,300,9.0,162.0,1003.9,37.1
2026-07-03 12:00:00,7,49,2026-07-16 06:00:00,12 days 18:00:00,306,10.25,161.75,1003.8,37.2
2026-07-03 12:00:00,7,49,2026-07-16 12:00:00,13 days 00:00:00,312,11.5,161.5,1003.8,37.3
2026-07-03 12:00:00,7,49,2026-07-16 18:00:00,13 days 06:00:00,318,11.5,161.0,1002.9,38.8
2026-07-03 12:00:00,7,49,2026-07-17 00:00:00,13 days 12:00:00,324,11.5,160.5,1002.0,40.4
2026-07-03 12:00:00,7,49,2026-07-17 06:00:00,13 days 18:00:00,330,12.38,159.63,1000.5,42.8
2026-07-03 12:00:00,7,49,2026-07-17 12:00:00,14 days 00:00:00,336,13.25,158.75,999.0,45.3
2026-07-03 12:00:00,7,49,2026-07-17 18:00:00,14 days 06:00:00,342,13.88,157.75,996.9,48.5
2026-07-03 12:00:00,7,49,2026-07-18 00:00:00,14 days 12:00:00,348,14.5,156.75,994.8,51.8
2026-07-03 12:00:00,7,49,2026-07-18 06:00:00,14 days 18:00:00,354,15.13,156.0,992.8,54.6
2026-07-03 12:00:00,7,49,2026-07-18 12:00:00,15 days 00:00:00,360,15.75,155.25,990.9,57.4
2026-07-03 12:00:00,10,5,2026-07-15 00:00:00,11 days 12:00:00,276,6.0,162.25,1005.5,34.3
2026-07-03 12:00:00,10,5,2026-07-15 06:00:00,11 days 18:00:00,282,6.38,161.75,1004.2,36.4
2026-07-03 12:00:00,10,5,2026-07-15 12:00:00,12 days 00:00:00,288,6.75,161.25,1003.0,38.6
2026-07-03 12:00:00,10,5,2026-07-15 18:00:00,12 days 06:00:00,294,7.0,160.5,1002.7,39.1
2026-07-03 12:00:00,10,5,2026-07-16 00:00:00,12 days 12:00:00,300,7.25,159.75,1002.4,39.7
2026-07-03 12:00:00,10,5,2026-07-16 06:00:00,12 days 18:00:00,306,8.13,159.5,999.6,44.1
2026-07-03 12:00:00,10,5,2026-07-16 12:00:00,13 days 00:00:00,312,9.0,159.25,996.8,48.6
2026-07-03 12:00:00,10,5,2026-07-16 18:00:00,13 days 06:00:00,318,9.38,158.75,995.0,51.4
2026-07-03 12:00:00,10,5,2026-07-17 00:00:00,13 days 12:00:00,324,9.75,158.25,993.2,54.1
2026-07-03 12:00:00,10,5,2026-07-17 06:00:00,13 days 18:00:00,330,10.25,158.0,989.7,59.1
2026-07-03 12:00:00,10,5,2026-07-17 12:00:00,14 days 00:00:00,336,10.75,157.75,986.1,64.2
2026-07-03 12:00:00,10,5,2026-07-17 18:00:00,14 days 06:00:00,342,11.63,157.38,985.6,64.8
2026-07-03 12:00:00,10,5,2026-07-18 00:00:00,14 days 12:00:00,348,12.5,157.0,985.1,65.5
2026-07-03 12:00:00,10,5,2026-07-18 06:00:00,14 days 18:00:00,354,13.0,156.63,982.2,69.3
2026-07-03 12:00:00,10,5,2026-07-18 12:00:00,15 days 00:00:00,360,13.5,156.25,979.4,73.0
2026-07-03 12:00:00,11,5,2026-07-16 00:00:00,12 days 12:00:00,300,12.75,-115.25,1005.8,33.7
2026-07-03 12:00:00,11,5,2026-07-16 06:00:00,12 days 18:00:00,306,12.5,-116.13,1004.9,35.3
2026-07-03 12:00:00,11,5,2026-07-16 12:00:00,13 days 00:00:00,312,12.25,-117.0,1003.9,37.0
2026-07-03 12:00:00,11,5,2026-07-16 18:00:00,13 days 06:00:00,318,12.75,-118.12,1002.9,38.7
2026-07-03 12:00:00,11,5,2026-07-17 00:00:00,13 days 12:00:00,324,13.25,-119.25,1001.9,40.4
2026-07-03 12:00:00,11,5,2026-07-17 06:00:00,13 days 18:00:00,330,13.25,-120.38,1001.9,40.5
2026-07-03 12:00:00,11,5,2026-07-17 12:00:00,14 days 00:00:00,336,13.25,-121.5,1001.9,40.6
2026-07-03 12:00:00,11,5,2026-07-17 18:00:00,14 days 06:00:00,342,13.38,-122.12,1000.7,42.5
2026-07-03 12:00:00,11,5,2026-07-18 00:00:00,14 days 12:00:00,348,13.5,-122.75,999.5,44.4
2026-07-03 12:00:00,11,5,2026-07-18 06:00:00,14 days 18:00:00,354,14.13,-124.0,999.2,44.9
2026-07-03 12:00:00,11,5,2026-07-18 12:00:00,15 days 00:00:00,360,14.75,-125.25,998.9,45.4
2026-07-03 12:00:00,3,5,2026-07-03 12:00:00,0 days 00:00:00,0,12.75,153.0,976.5,76.7
2026-07-03 12:00:00,3,5,2026-07-03 18:00:00,0 days 06:00:00,6,12.75,152.25,974.0,79.8
2026-07-03 12:00:00,3,5,2026-07-04 00:00:00,0 days 12:00:00,12,12.75,151.5,971.5,82.9
2026-07-03 12:00:00,3,5,2026-07-04 06:00:00,0 days 18:00:00,18,12.75,151.0,972.4,81.7
2026-07-03 12:00:00,3,5,2026-07-04 12:00:00,1 days 00:00:00,24,12.75,150.5,973.4,80.6
2026-07-03 12:00:00,3,5,2026-07-04 18:00:00,1 days 06:00:00,30,13.0,149.5,971.7,82.6
2026-07-03 12:00:00,3,5,2026-07-05 00:00:00,1 days 12:00:00,36,13.25,148.5,970.0,84.7
2026-07-03 12:00:00,3,5,2026-07-05 06:00:00,1 days 18:00:00,42,13.5,147.5,967.1,88.0
2026-07-03 12:00:00,3,5,2026-07-05 12:00:00,2 days 00:00:00,48,13.75,146.5,964.3,91.3
2026-07-03 12:00:00,3,5,2026-07-05 18:00:00,2 days 06:00:00,54,14.0,145.63,960.7,95.4
2026-07-03 12:00:00,3,5,2026-07-06 00:00:00,2 days 12:00:00,60,14.25,144.75,957.1,99.5
2026-07-03 12:00:00,3,5,2026-07-06 06:00:00,2 days 18:00:00,66,14.63,143.25,956.1,100.6
2026-07-03 12:00:00,3,5,2026-07-06 12:00:00,3 days 00:00:00,72,15.0,141.75,955.1,101.7
2026-07-03 12:00:00,3,5,2026-07-06 18:00:00,3 days 06:00:00,78,15.38,140.38,952.4,104.6
2026-07-03 12:00:00,3,5,2026-07-07 00:00:00,3 days 12:00:00,84,15.75,139.0,949.7,107.5
2026-07-03 12:00:00,3,5,2026-07-07 06:00:00,3 days 18:00:00,90,16.0,137.63,950.2,107.0
2026-07-03 12:00:00,3,5,2026-07-07 12:00:00,4 days 00:00:00,96,16.25,136.25,950.7,106.5
2026-07-03 12:00:00,3,5,2026-07-07 18:00:00,4 days 06:00:00,102,16.5,134.88,950.1,107.1
2026-07-03 12:00:00,3,5,2026-07-08 00:00:00,4 days 12:00:00,108,16.75,133.5,949.4,107.8
2026-07-03 12:00:00,3,5,2026-07-08 06:00:00,4 days 18:00:00,114,17.13,132.38,949.4,107.8
2026-07-03 12:00:00,3,5,2026-07-08 12:00:00,5 days 00:00:00,120,17.5,131.25,949.4,107.8
2026-07-03 12:00:00,3,5,2026-07-08 18:00:00,5 days 06:00:00,126,17.75,130.38,947.4,110.0
2026-07-03 12:00:00,3,5,2026-07-09 00:00:00,5 days 12:00:00,132,18.0,129.5,945.3,112.2
2026-07-03 12:00:00,3,5,2026-07-09 06:00:00,5 days 18:00:00,138,18.63,128.38,945.9,111.6
2026-07-03 12:00:00,3,5,2026-07-09 12:00:00,6 days 00:00:00,144,19.25,127.25,946.5,111.0
2026-07-03 12:00:00,3,5,2026-07-09 18:00:00,6 days 06:00:00,150,20.13,126.63,948.8,108.5
2026-07-03 12:00:00,3,5,2026-07-10 00:00:00,6 days 12:00:00,156,21.0,126.0,951.1,106.0
2026-07-03 12:00:00,3,5,2026-07-10 06:00:00,6 days 18:00:00,162,21.38,125.13,948.8,108.4
2026-07-03 12:00:00,3,5,2026-07-10 12:00:00,7 days 00:00:00,168,21.75,124.25,946.6,110.8
2026-07-03 12:00:00,3,5,2026-07-10 18:00:00,7 days 06:00:00,174,22.75,123.51,951.1,105.9
2026-07-03 12:00:00,3,5,2026-07-11 00:00:00,7 days 12:00:00,180,23.75,122.75,955.7,101.0
2026-07-03 12:00:00,3,5,2026-07-11 06:00:00,7 days 18:00:00,186,24.75,121.76,963.9,91.5
2026-07-03 12:00:00,3,5,2026-07-11 12:00:00,8 days 00:00:00,192,25.75,120.75,972.1,82.0
2026-07-03 12:00:00,3,5,2026-07-11 18:00:00,8 days 06:00:00,198,26.76,119.39,979.4,72.7
2026-07-03 12:00:00,3,5,2026-07-12 00:00:00,8 days 12:00:00,204,27.75,118.0,986.7,63.4
2026-07-03 12:00:00,3,5,2026-07-12 06:00:00,8 days 18:00:00,210,28.0,117.5,988.1,61.3
2026-07-03 12:00:00,3,5,2026-07-12 12:00:00,9 days 00:00:00,216,28.25,117.0,989.6,59.3
2026-07-03 12:00:00,4,5,2026-07-03 12:00:00,0 days 00:00:00,0,19.5,-128.5,1001.2,41.7
2026-07-03 12:00:00,4,5,2026-07-03 18:00:00,0 days 06:00:00,6,20.38,-128.5,1001.7,40.7
2026-07-03 12:00:00,4,5,2026-07-04 00:00:00,0 days 12:00:00,12,21.25,-128.5,1002.3,39.8
2026-07-03 12:00:00,5,5,2026-07-03 12:00:00,0 days 00:00:00,0,18.5,110.0,997.5,47.5
2026-07-03 12:00:00,5,5,2026-07-03 18:00:00,0 days 06:00:00,6,19.38,109.01,996.7,48.8
2026-07-03 12:00:00,5,5,2026-07-04 00:00:00,0 days 12:00:00,12,20.25,108.0,995.9,50.0
2026-07-03 12:00:00,5,5,2026-07-04 06:00:00,0 days 18:00:00,18,20.63,107.88,994.7,51.9
2026-07-03 12:00:00,5,5,2026-07-04 12:00:00,1 days 00:00:00,24,21.0,107.75,993.5,53.8
2026-07-03 12:00:00,5,5,2026-07-04 18:00:00,1 days 06:00:00,30,21.63,107.63,995.1,51.2
2026-07-03 12:00:00,5,5,2026-07-05 00:00:00,1 days 12:00:00,36,22.25,107.5,996.8,48.7
2026-07-03 12:00:00,5,5,2026-07-05 06:00:00,1 days 18:00:00,42,22.94,107.93,997.1,48.2
2026-07-03 12:00:00,5,5,2026-07-05 12:00:00,2 days 00:00:00,48,23.63,108.37,997.4,47.8
2026-07-03 12:00:00,5,5,2026-07-05 18:00:00,2 days 06:00:00,54,24.31,108.81,997.7,47.3
2026-07-03 12:00:00,5,5,2026-07-06 00:00:00,2 days 12:00:00,60,25.0,109.25,998.0,46.8
2026-07-03 12:00:00,6,5,2026-07-04 00:00:00,0 days 12:00:00,12,21.0,87.25,995.0,51.5
2026-07-03 12:00:00,6,5,2026-07-04 06:00:00,0 days 18:00:00,18,21.0,87.25,993.8,53.3
2026-07-03 12:00:00,6,5,2026-07-04 12:00:00,1 days 00:00:00,24,21.0,87.25,992.6,55.0
2026-07-03 12:00:00,6,5,2026-07-04 18:00:00,1 days 06:00:00,30,21.12,87.25,992.1,55.7
2026-07-03 12:00:00,6,5,2026-07-05 00:00:00,1 days 12:00:00,36,21.25,87.25,991.6,56.5
2026-07-03 12:00:00,6,5,2026-07-05 06:00:00,1 days 18:00:00,42,21.38,87.62,991.6,56.5
2026-07-03 12:00:00,6,5,2026-07-05 12:00:00,2 days 00:00:00,48,21.5,88.0,991.5,56.5
2026-07-03 12:00:00,6,5,2026-07-05 18:00:00,2 days 06:00:00,54,21.5,87.62,991.9,56.0
2026-07-03 12:00:00,6,5,2026-07-06 00:00:00,2 days 12:00:00,60,21.5,87.25,992.2,55.5
2026-07-03 12:00:00,6,5,2026-07-06 06:00:00,2 days 18:00:00,66,26.88,87.01,990.8,57.6
2026-07-03 12:00:00,6,5,2026-07-06 12:00:00,3 days 00:00:00,72,32.25,86.75,989.4,59.6
2026-07-03 12:00:00,6,5,2026-07-06 18:00:00,3 days 06:00:00,78,32.25,86.75,995.2,50.8
2026-07-03 12:00:00,6,5,2026-07-07 00:00:00,3 days 12:00:00,84,32.25,86.75,1001.0,42.0
2026-07-03 12:00:00,6,5,2026-07-07 06:00:00,3 days 18:00:00,90,32.13,87.13,995.4,50.5
2026-07-03 12:00:00,6,5,2026-07-07 12:00:00,4 days 00:00:00,96,32.0,87.5,989.8,59.0
2026-07-03 12:00:00,6,5,2026-07-07 18:00:00,4 days 06:00:00,102,28.9,84.8,991.0,57.3
2026-07-03 12:00:00,6,5,2026-07-08 00:00:00,4 days 12:00:00,108,25.75,82.25,992.3,55.5
2026-07-03 12:00:00,7,5,2026-07-12 00:00:00,8 days 12:00:00,204,11.25,142.75,1005.0,35.1
2026-07-03 12:00:00,7,5,2026-07-12 06:00:00,8 days 18:00:00,210,11.51,141.69,1004.6,35.8
2026-07-03 12:00:00,7,5,2026-07-12 12:00:00,9 days 00:00:00,216,11.76,140.63,1004.2,36.5
2026-07-03 12:00:00,7,5,2026-07-12 18:00:00,9 days 06:00:00,222,12.01,139.57,1003.8,37.2
2026-07-03 12:00:00,7,5,2026-07-13 00:00:00,9 days 12:00:00,228,12.25,138.5,1003.4,38.0
2026-07-03 12:00:00,7,5,2026-07-13 06:00:00,9 days 18:00:00,234,12.38,138.5,1002.6,39.2
2026-07-03 12:00:00,7,5,2026-07-13 12:00:00,10 days 00:00:00,240,12.5,138.5,1001.9,40.5
2026-07-03 12:00:00,7,5,2026-07-13 18:00:00,10 days 06:00:00,246,13.38,137.38,1001.4,41.3
2026-07-03 12:00:00,7,5,2026-07-14 00:00:00,10 days 12:00:00,252,14.25,136.25,1000.9,42.1
2026-07-03 12:00:00,7,5,2026-07-14 06:00:00,10 days 18:00:00,258,15.5,136.13,1000.5,42.8
2026-07-03 12:00:00,7,5,2026-07-14 12:00:00,11 days 00:00:00,264,16.75,136.0,1000.1,43.4
2026-07-03 12:00:00,7,5,2026-07-14 18:00:00,11 days 06:00:00,270,17.38,135.88,999.6,44.2
2026-07-03 12:00:00,7,5,2026-07-15 00:00:00,11 days 12:00:00,276,18.0,135.75,999.1,45.0
2026-07-03 12:00:00,7,5,2026-07-15 06:00:00,11 days 18:00:00,282,18.25,135.38,997.7,47.3
2026-07-03 12:00:00,7,5,2026-07-15 12:00:00,12 days 00:00:00,288,18.5,135.0,996.2,49.6
2026-07-03 12:00:00,7,5,2026-07-15 18:00:00,12 days 06:00:00,294,19.0,135.12,995.6,50.5
2026-07-03 12:00:00,7,5,2026-07-16 00:00:00,12 days 12:00:00,300,19.5,135.25,995.0,51.5
2026-07-03 12:00:00,7,5,2026-07-16 06:00:00,12 days 18:00:00,306,19.63,134.63,995.6,50.6
2026-07-03 12:00:00,7,5,2026-07-16 12:00:00,13 days 00:00:00,312,19.75,134.0,996.1,49.7
2026-07-03 12:00:00,7,5,2026-07-16 18:00:00,13 days 06:00:00,318,19.88,133.63,996.8,48.7
2026-07-03 12:00:00,7,5,2026-07-17 00:00:00,13 days 12:00:00,324,20.0,133.25,997.4,47.7
2026-07-03 12:00:00,7,5,2026-07-17 06:00:00,13 days 18:00:00,330,20.13,133.0,997.4,47.7
2026-07-03 12:00:00,7,5,2026-07-17 12:00:00,14 days 00:00:00,336,20.25,132.75,997.5,47.7
2026-07-03 12:00:00,7,5,2026-07-17 18:00:00,14 days 06:00:00,342,19.88,131.75,996.7,48.8
2026-07-03 12:00:00,7,5,2026-07-18 00:00:00,14 days 12:00:00,348,19.5,130.75,996.0,50.0
2026-07-03 12:00:00,7,5,2026-07-18 06:00:00,14 days 18:00:00,354,19.63,130.63,995.7,50.4
2026-07-03 12:00:00,7,5,2026-07-18 12:00:00,15 days 00:00:00,360,19.75,130.5,995.4,50.8
2026-07-03 12:00:00,8,5,2026-07-12 12:00:00,9 days 00:00:00,216,-38.75,-48.75,983.9,67.2
2026-07-03 12:00:00,8,5,2026-07-12 18:00:00,9 days 06:00:00,222,-38.88,-47.5,981.4,70.4
2026-07-03 12:00:00,8,5,2026-07-13 00:00:00,9 days 12:00:00,228,-39.0,-46.25,978.9,73.6
2026-07-03 12:00:00,8,5,2026-07-13 06:00:00,9 days 18:00:00,234,-39.0,-45.38,978.9,73.6
2026-07-03 12:00:00,8,5,2026-07-13 12:00:00,10 days 00:00:00,240,-39.0,-44.5,978.9,73.6
2026-07-03 12:00:00,8,5,2026-07-13 18:00:00,10 days 06:00:00,246,-39.14,-42.5,978.7,73.8
2026-07-03 12:00:00,8,5,2026-07-14 00:00:00,10 days 12:00:00,252,-39.25,-40.5,978.6,74.1
2026-07-03 12:00:00,8,5,2026-07-14 06:00:00,10 days 18:00:00,258,-39.27,-38.25,980.0,72.3
2026-07-03 12:00:00,8,5,2026-07-14 12:00:00,11 days 00:00:00,264,-39.25,-36.0,981.4,70.4
2026-07-03 12:00:00,8,5,2026-07-14 18:00:00,11 days 06:00:00,270,-40.3,-32.67,981.6,70.1
2026-07-03 12:00:00,8,5,2026-07-15 00:00:00,11 days 12:00:00,276,-41.25,-29.25,981.9,69.8
2026-07-03 12:00:00,8,5,2026-07-15 06:00:00,11 days 18:00:00,282,-42.9,-26.94,983.0,68.3
2026-07-03 12:00:00,8,5,2026-07-15 12:00:00,12 days 00:00:00,288,-44.5,-24.5,984.1,66.9
2026-07-03 12:00:00,8,5,2026-07-15 18:00:00,12 days 06:00:00,294,-45.0,-24.38,986.4,63.7
2026-07-03 12:00:00,8,5,2026-07-16 00:00:00,12 days 12:00:00,300,-45.5,-24.25,988.7,60.5
2026-07-03 12:00:00,8,5,2026-07-16 06:00:00,12 days 18:00:00,306,-46.0,-24.13,991.0,57.2
2026-07-03 12:00:00,8,5,2026-07-16 12:00:00,13 days 00:00:00,312,-46.5,-24.0,993.3,54.0
2026-07-03 12:00:00,9,5,2026-07-12 12:00:00,9 days 00:00:00,216,28.25,63.75,989.1,60.0
2026-07-03 12:00:00,9,5,2026-07-12 18:00:00,9 days 06:00:00,222,28.31,63.56,989.9,58.9
2026-07-03 12:00:00,9,5,2026-07-13 00:00:00,9 days 12:00:00,228,28.38,63.38,990.6,57.9
2026-07-03 12:00:00,9,5,2026-07-13 06:00:00,9 days 18:00:00,234,28.44,63.19,991.3,56.8
2026-07-03 12:00:00,9,5,2026-07-13 12:00:00,10 days 00:00:00,240,28.5,63.0,992.1,55.8
2026-07-03 12:00:00,9,5,2026-07-13 18:00:00,10 days 06:00:00,246,29.75,62.75,993.9,53.0
2026-07-03 12:00:00,9,5,2026-07-14 00:00:00,10 days 12:00:00,252,31.0,62.5,995.7,50.3
2026-07-03 12:00:00,9,5,2026-07-14 06:00:00,10 days 18:00:00,258,31.5,62.25,994.9,51.6
2026-07-03 12:00:00,9,5,2026-07-14 12:00:00,11 days 00:00:00,264,32.0,62.0,994.1,52.8
2026-07-03 12:00:00,9,5,2026-07-14 18:00:00,11 days 06:00:00,270,31.63,62.13,994.7,52.0
2026-07-03 12:00:00,9,5,2026-07-15 00:00:00,11 days 12:00:00,276,31.25,62.25,995.3,51.1
2026-07-03 12:00:00,9,5,2026-07-15 06:00:00,11 days 18:00:00,282,31.5,62.5,994.2,52.6
2026-07-03 12:00:00,9,5,2026-07-15 12:00:00,12 days 00:00:00,288,31.75,62.75,993.2,54.2
2026-07-03 12:00:00,9,5,2026-07-15 18:00:00,12 days 06:00:00,294,31.63,62.75,993.1,54.2
2026-07-03 12:00:00,9,5,2026-07-16 00:00:00,12 days 12:00:00,300,31.5,62.75,993.1,54.2
2026-07-03 12:00:00,9,5,2026-07-16 06:00:00,12 days 18:00:00,306,31.75,62.38,992.0,55.9
2026-07-03 12:00:00,9,5,2026-07-16 12:00:00,13 days 00:00:00,312,32.0,62.0,990.8,57.6
2026-07-03 12:00:00,9,5,2026-07-16 18:00:00,13 days 06:00:00,318,31.88,62.5,991.3,56.9
2026-07-03 12:00:00,9,5,2026-07-17 00:00:00,13 days 12:00:00,324,31.75,63.0,991.7,56.2
2026-07-03 12:00:00,9,5,2026-07-17 06:00:00,13 days 18:00:00,330,31.63,62.37,991.3,56.9
2026-07-03 12:00:00,9,5,2026-07-17 12:00:00,14 days 00:00:00,336,31.5,61.75,990.8,57.6
2026-07-03 12:00:00,10,6,2026-07-15 12:00:00,12 days 00:00:00,288,11.5,-115.5,1001.9,40.5
2026-07-03 12:00:00,10,6,2026-07-15 18:00:00,12 days 06:00:00,294,11.38,-117.38,1002.4,39.7
2026-07-03 12:00:00,10,6,2026-07-16 00:00:00,12 days 12:00:00,300,11.25,-119.25,1002.9,38.9
2026-07-03 12:00:00,10,6,2026-07-16 06:00:00,12 days 18:00:00,306,11.88,-119.75,1002.1,40.1
2026-07-03 12:00:00,10,6,2026-07-16 12:00:00,13 days 00:00:00,312,12.5,-120.25,1001.4,41.4
2026-07-03 12:00:00,10,6,2026-07-16 18:00:00,13 days 06:00:00,318,12.13,-121.25,1002.1,40.2
2026-07-03 12:00:00,10,6,2026-07-17 00:00:00,13 days 12:00:00,324,11.75,-122.25,1002.7,39.1
2026-07-03 12:00:00,10,6,2026-07-17 06:00:00,13 days 18:00:00,330,11.88,-123.12,1002.9,38.9
2026-07-03 12:00:00,10,6,2026-07-17 12:00:00,14 days 00:00:00,336,12.0,-124.0,1003.0,38.7
2026-07-03 12:00:00,10,6,2026-07-17 18:00:00,14 days 06:00:00,342,11.63,-125.88,1003.1,38.4
2026-07-03 12:00:00,10,6,2026-07-18 00:00:00,14 days 12:00:00,348,11.25,-127.75,1003.3,38.2
2026-07-03 12:00:00,3,6,2026-07-03 12:00:00,0 days 00:00:00,0,12.75,153.0,976.5,76.7
2026-07-03 12:00:00,3,6,2026-07-03 18:00:00,0 days 06:00:00,6,12.75,152.38,973.7,80.1
2026-07-03 12:00:00,3,6,2026-07-04 00:00:00,0 days 12:00:00,12,12.75,151.75,970.8,83.6
2026-07-03 12:00:00,3,6,2026-07-04 06:00:00,0 days 18:00:00,18,12.75,151.0,971.7,82.6
2026-07-03 12:00:00,3,6,2026-07-04 12:00:00,1 days 00:00:00,24,12.75,150.25,972.5,81.5
2026-07-03 12:00:00,3,6,2026-07-04 18:00:00,1 days 06:00:00,30,12.88,149.5,970.7,83.7
2026-07-03 12:00:00,3,6,2026-07-05 00:00:00,1 days 12:00:00,36,13.0,148.75,968.9,85.9
2026-07-03 12:00:00,3,6,2026-07-05 06:00:00,1 days 18:00:00,42,13.38,147.75,964.5,91.0
2026-07-03 12:00:00,3,6,2026-07-05 12:00:00,2 days 00:00:00,48,13.75,146.75,960.0,96.2
2026-07-03 12:00:00,3,6,2026-07-05 18:00:00,2 days 06:00:00,54,14.13,145.75,959.8,96.5
2026-07-03 12:00:00,3,6,2026-07-06 00:00:00,2 days 12:00:00,60,14.5,144.75,959.5,96.8
2026-07-03 12:00:00,3,6,2026-07-06 06:00:00,2 days 18:00:00,66,14.75,143.5,955.0,101.7
2026-07-03 12:00:00,3,6,2026-07-06 12:00:00,3 days 00:00:00,72,15.0,142.25,950.6,106.6
2026-07-03 12:00:00,3,6,2026-07-06 18:00:00,3 days 06:00:00,78,15.38,140.75,949.1,108.1
2026-07-03 12:00:00,3,6,2026-07-07 00:00:00,3 days 12:00:00,84,15.75,139.25,947.7,109.7
2026-07-03 12:00:00,3,6,2026-07-07 06:00:00,3 days 18:00:00,90,16.13,137.88,948.4,108.9
2026-07-03 12:00:00,3,6,2026-07-07 12:00:00,4 days 00:00:00,96,16.5,136.5,949.1,108.2
2026-07-03 12:00:00,3,6,2026-07-07 18:00:00,4 days 06:00:00,102,16.76,135.0,947.2,110.1
2026-07-03 12:00:00,3,6,2026-07-08 00:00:00,4 days 12:00:00,108,17.0,133.5,945.4,112.1
2026-07-03 12:00:00,3,6,2026-07-08 06:00:00,4 days 18:00:00,114,17.38,132.5,942.3,115.3
2026-07-03 12:00:00,3,6,2026-07-08 12:00:00,5 days 00:00:00,120,17.75,131.5,939.2,118.5
2026-07-03 12:00:00,3,6,2026-07-08 18:00:00,5 days 06:00:00,126,18.38,130.38,941.8,115.8
2026-07-03 12:00:00,3,6,2026-07-09 00:00:00,5 days 12:00:00,132,19.0,129.25,944.4,113.1
2026-07-03 12:00:00,3,6,2026-07-09 06:00:00,5 days 18:00:00,138,19.63,128.5,944.9,112.6
2026-07-03 12:00:00,3,6,2026-07-09 12:00:00,6 days 00:00:00,144,20.25,127.75,945.4,112.1
2026-07-03 12:00:00,3,6,2026-07-09 18:00:00,6 days 06:00:00,150,21.13,127.0,948.5,108.8
2026-07-03 12:00:00,3,6,2026-07-10 00:00:00,6 days 12:00:00,156,22.0,126.25,951.5,105.6
2026-07-03 12:00:00,3,6,2026-07-10 06:00:00,6 days 18:00:00,162,22.88,125.38,951.1,106.0
2026-07-03 12:00:00,3,6,2026-07-10 12:00:00,7 days 00:00:00,168,23.75,124.5,950.6,106.5
2026-07-03 12:00:00,3,6,2026-07-10 18:00:00,7 days 06:00:00,174,25.0,124.01,951.5,105.6
2026-07-03 12:00:00,3,6,2026-07-11 00:00:00,7 days 12:00:00,180,26.25,123.5,952.3,104.7
2026-07-03 12:00:00,3,6,2026-07-11 06:00:00,7 days 18:00:00,186,27.5,123.13,954.3,102.6
2026-07-03 12:00:00,3,6,2026-07-11 12:00:00,8 days 00:00:00,192,28.75,122.75,956.2,100.5
2026-07-03 12:00:00,3,6,2026-07-11 18:00:00,8 days 06:00:00,198,30.0,122.5,964.3,91.1
2026-07-03 12:00:00,3,6,2026-07-12 00:00:00,8 days 12:00:00,204,31.25,122.25,972.4,81.7
2026-07-03 12:00:00,3,6,2026-07-12 06:00:00,8 days 18:00:00,210,32.25,122.13,976.3,76.9
2026-07-03 12:00:00,3,6,2026-07-12 12:00:00,9 days 00:00:00,216,33.25,122.0,980.1,72.1
2026-07-03 12:00:00,3,6,2026-07-12 18:00:00,9 days 06:00:00,222,33.88,122.12,982.7,68.7
2026-07-03 12:00:00,3,6,2026-07-13 00:00:00,9 days 12:00:00,228,34.5,122.25,985.3,65.3
2026-07-03 12:00:00,3,6,2026-07-13 06:00:00,9 days 18:00:00,234,35.38,123.12,986.8,63.2
2026-07-03 12:00:00,3,6,2026-07-13 12:00:00,10 days 00:00:00,240,36.25,124.0,988.3,61.2
2026-07-03 12:00:00,3,6,2026-07-13 18:00:00,10 days 06:00:00,246,36.76,125.24,989.5,59.4
2026-07-03 12:00:00,3,6,2026-07-14 00:00:00,10 days 12:00:00,252,37.25,126.5,990.8,57.6
2026-07-03 12:00:00,4,6,2026-07-03 12:00:00,0 days 00:00:00,0,19.5,-128.5,1001.2,41.7
2026-07-03 12:00:00,5,6,2026-07-03 12:00:00,0 days 00:00:00,0,18.5,110.0,997.5,47.5
2026-07-03 12:00:00,5,6,2026-07-03 18:00:00,0 days 06:00:00,6,19.5,109.01,996.1,49.7
2026-07-03 12:00:00,5,6,2026-07-04 00:00:00,0 days 12:00:00,12,20.5,108.0,994.7,51.9
2026-07-03 12:00:00,5,6,2026-07-04 06:00:00,0 days 18:00:00,18,20.75,107.63,993.4,53.8
2026-07-03 12:00:00,5,6,2026-07-04 12:00:00,1 days 00:00:00,24,21.0,107.25,992.1,55.7
2026-07-03 12:00:00,5,6,2026-07-04 18:00:00,1 days 06:00:00,30,21.62,107.25,994.7,51.9
2026-07-03 12:00:00,5,6,2026-07-05 00:00:00,1 days 12:00:00,36,22.25,107.25,997.2,48.0
2026-07-03 12:00:00,5,6,2026-07-05 06:00:00,1 days 18:00:00,42,22.63,107.5,997.3,48.0
2026-07-03 12:00:00,5,6,2026-07-05 12:00:00,2 days 00:00:00,48,23.0,107.75,997.3,48.0
2026-07-03 12:00:00,5,6,2026-07-05 18:00:00,2 days 06:00:00,54,23.5,107.87,998.3,46.4
2026-07-03 12:00:00,5,6,2026-07-06 00:00:00,2 days 12:00:00,60,24.0,108.0,999.3,44.8
2026-07-03 12:00:00,6,6,2026-07-04 00:00:00,0 days 12:00:00,12,20.75,87.75,994.3,52.4
2026-07-03 12:00:00,6,6,2026-07-04 06:00:00,0 days 18:00:00,18,20.75,87.63,992.1,55.6
2026-07-03 12:00:00,6,6,2026-07-04 12:00:00,1 days 00:00:00,24,20.75,87.5,990.0,58.8
2026-07-03 12:00:00,6,6,2026-07-04 18:00:00,1 days 06:00:00,30,20.88,87.25,989.1,60.0
2026-07-03 12:00:00,6,6,2026-07-05 00:00:00,1 days 12:00:00,36,21.0,87.0,988.3,61.1
2026-07-03 12:00:00,6,6,2026-07-05 06:00:00,1 days 18:00:00,42,21.0,86.38,988.1,61.4
2026-07-03 12:00:00,6,6,2026-07-05 12:00:00,2 days 00:00:00,48,21.0,85.75,987.9,61.6
2026-07-03 12:00:00,6,6,2026-07-05 18:00:00,2 days 06:00:00,54,21.63,85.38,989.2,59.8
2026-07-03 12:00:00,6,6,2026-07-06 00:00:00,2 days 12:00:00,60,22.25,85.0,990.5,58.1
2026-07-03 12:00:00,6,6,2026-07-06 06:00:00,2 days 18:00:00,66,23.38,84.63,991.0,57.3
2026-07-03 12:00:00,6,6,2026-07-06 12:00:00,3 days 00:00:00,72,24.5,84.25,991.5,56.6
2026-07-03 12:00:00,6,6,2026-07-06 18:00:00,3 days 06:00:00,78,24.88,83.13,992.2,55.5
2026-07-03 12:00:00,6,6,2026-07-07 00:00:00,3 days 12:00:00,84,25.25,82.0,993.0,54.5
2026-07-03 12:00:00,6,6,2026-07-07 06:00:00,3 days 18:00:00,90,25.38,81.0,992.7,54.8
2026-07-03 12:00:00,6,6,2026-07-07 12:00:00,4 days 00:00:00,96,25.5,80.0,992.5,55.2
2026-07-03 12:00:00,6,6,2026-07-07 18:00:00,4 days 06:00:00,102,26.63,79.26,992.6,55.0
2026-07-03 12:00:00,6,6,2026-07-08 00:00:00,4 days 12:00:00,108,27.75,78.5,992.7,54.9
2026-07-03 12:00:00,6,6,2026-07-08 06:00:00,4 days 18:00:00,114,30.06,82.53,992.9,54.5
2026-07-03 12:00:00,6,6,2026-07-08 12:00:00,5 days 00:00:00,120,32.25,86.75,993.2,54.1
2026-07-03 12:00:00,6,6,2026-07-08 18:00:00,5 days 06:00:00,126,30.33,82.03,994.1,52.7
2026-07-03 12:00:00,6,6,2026-07-09 00:00:00,5 days 12:00:00,132,28.25,77.5,995.0,51.4
2026-07-03 12:00:00,6,6,2026-07-09 06:00:00,5 days 18:00:00,138,29.81,81.44,993.5,53.7
2026-07-03 12:00:00,6,6,2026-07-09 12:00:00,6 days 00:00:00,144,31.25,85.5,991.9,56.0
2026-07-03 12:00:00,6,6,2026-07-09 18:00:00,6 days 06:00:00,150,31.5,85.31,992.7,54.8
2026-07-03 12:00:00,6,6,2026-07-10 00:00:00,6 days 12:00:00,156,31.75,85.13,993.5,53.6
2026-07-03 12:00:00,6,6,2026-07-10 06:00:00,6 days 18:00:00,162,32.0,84.94,994.3,52.5
2026-07-03 12:00:00,6,6,2026-07-10 12:00:00,7 days 00:00:00,168,32.25,84.75,995.1,51.3
2026-07-03 12:00:00,6,6,2026-07-10 18:00:00,7 days 06:00:00,174,31.53,86.35,993.6,53.5
2026-07-03 12:00:00,6,6,2026-07-11 00:00:00,7 days 12:00:00,180,30.79,87.92,992.1,55.7
2026-07-03 12:00:00,6,6,2026-07-11 06:00:00,7 days 18:00:00,186,30.03,89.47,990.6,57.8
2026-07-03 12:00:00,6,6,2026-07-11 12:00:00,8 days 00:00:00,192,29.25,91.0,989.1,60.0
2026-07-03 12:00:00,7,6,2026-07-15 00:00:00,11 days 12:00:00,276,22.5,152.5,1004.8,35.5
2026-07-03 12:00:00,7,6,2026-07-15 06:00:00,11 days 18:00:00,282,22.75,152.62,1004.4,36.2
2026-07-03 12:00:00,7,6,2026-07-15 12:00:00,12 days 00:00:00,288,23.0,152.75,1003.9,37.0
2026-07-03 12:00:00,7,6,2026-07-15 18:00:00,12 days 06:00:00,294,23.0,153.13,1002.5,39.4
2026-07-03 12:00:00,7,6,2026-07-16 00:00:00,12 days 12:00:00,300,23.0,153.5,1001.2,41.7
2026-07-03 12:00:00,7,6,2026-07-16 06:00:00,12 days 18:00:00,306,23.0,154.0,998.2,46.4
2026-07-03 12:00:00,7,6,2026-07-16 12:00:00,13 days 00:00:00,312,23.0,154.5,995.2,51.1
2026-07-03 12:00:00,7,6,2026-07-16 18:00:00,13 days 06:00:00,318,23.5,154.38,993.5,53.6
2026-07-03 12:00:00,7,6,2026-07-17 00:00:00,13 days 12:00:00,324,24.0,154.25,991.9,56.0
2026-07-03 12:00:00,7,6,2026-07-17 06:00:00,13 days 18:00:00,330,24.63,154.62,988.6,60.6
2026-07-03 12:00:00,7,6,2026-07-17 12:00:00,14 days 00:00:00,336,25.25,155.0,985.3,65.2
2026-07-03 12:00:00,7,6,2026-07-17 18:00:00,14 days 06:00:00,342,26.13,155.25,985.0,65.6
2026-07-03 12:00:00,7,6,2026-07-18 00:00:00,14 days 12:00:00,348,27.0,155.5,984.7,66.0
2026-07-03 12:00:00,7,6,2026-07-18 06:00:00,14 days 18:00:00,354,28.25,155.87,986.4,63.7
2026-07-03 12:00:00,7,6,2026-07-18 12:00:00,15 days 00:00:00,360,29.5,156.25,988.1,61.3
2026-07-03 12:00:00,8,6,2026-07-15 12:00:00,12 days 00:00:00,288,-43.75,-133.25,974.1,79.6
2026-07-03 12:00:00,8,6,2026-07-15 18:00:00,12 days 06:00:00,294,-44.13,-133.25,973.3,80.6
2026-07-03 12:00:00,8,6,2026-07-16 00:00:00,12 days 12:00:00,300,-44.5,-133.25,972.5,81.6
2026-07-03 12:00:00,8,6,2026-07-16 06:00:00,12 days 18:00:00,306,-44.25,-132.75,972.5,81.6
2026-07-03 12:00:00,8,6,2026-07-16 12:00:00,13 days 00:00:00,312,-44.0,-132.25,972.5,81.6
2026-07-03 12:00:00,8,6,2026-07-16 18:00:00,13 days 06:00:00,318,-44.63,-131.51,973.1,80.9
2026-07-03 12:00:00,8,6,2026-07-17 00:00:00,13 days 12:00:00,324,-45.25,-130.75,973.7,80.1
2026-07-03 12:00:00,8,6,2026-07-17 06:00:00,13 days 18:00:00,330,-45.63,-130.01,974.1,79.7
2026-07-03 12:00:00,8,6,2026-07-17 12:00:00,14 days 00:00:00,336,-46.0,-129.25,974.4,79.2
2026-07-03 12:00:00,8,6,2026-07-17 18:00:00,14 days 06:00:00,342,-46.38,-130.24,975.0,78.5
2026-07-03 12:00:00,8,6,2026-07-18 00:00:00,14 days 12:00:00,348,-46.75,-131.25,975.6,77.8
2026-07-03 12:00:00,9,6,2026-07-15 12:00:00,12 days 00:00:00,288,6.0,164.0,1005.2,34.7
2026-07-03 12:00:00,9,6,2026-07-15 18:00:00,12 days 06:00:00,294,5.88,164.5,1004.3,36.3
2026-07-03 12:00:00,9,6,2026-07-16 00:00:00,12 days 12:00:00,300,5.75,165.0,1003.4,38.0
2026-07-03 12:00:00,9,6,2026-07-16 06:00:00,12 days 18:00:00,306,6.75,165.87,1003.3,38.1
2026-07-03 12:00:00,9,6,2026-07-16 12:00:00,13 days 00:00:00,312,7.75,166.75,1003.3,38.2
2026-07-03 12:00:00,9,6,2026-07-16 18:00:00,13 days 06:00:00,318,8.13,166.38,1002.9,38.7
2026-07-03 12:00:00,9,6,2026-07-17 00:00:00,13 days 12:00:00,324,8.5,166.0,1002.6,39.3
2026-07-03 12:00:00,9,6,2026-07-17 06:00:00,13 days 18:00:00,330,9.13,166.37,1002.2,40.0
2026-07-03 12:00:00,9,6,2026-07-17 12:00:00,14 days 00:00:00,336,9.75,166.75,1001.8,40.6
2026-07-03 12:00:00,9,6,2026-07-17 18:00:00,14 days 06:00:00,342,9.88,167.5,1001.2,41.6
2026-07-03 12:00:00,9,6,2026-07-18 00:00:00,14 days 12:00:00,348,10.0,168.25,1000.6,42.6
2026-07-03 12:00:00,9,6,2026-07-18 06:00:00,14 days 18:00:00,354,10.0,168.5,1000.2,43.4
2026-07-03 12:00:00,9,6,2026-07-18 12:00:00,15 days 00:00:00,360,10.0,168.75,999.7,44.1
2026-07-03 12:00:00,10,7,2026-07-13 12:00:00,10 days 00:00:00,240,-42.5,-103.0,980.6,71.4
2026-07-03 12:00:00,10,7,2026-07-13 18:00:00,10 days 06:00:00,246,-44.26,-104.09,979.6,72.8
2026-07-03 12:00:00,10,7,2026-07-14 00:00:00,10 days 12:00:00,252,-46.0,-105.25,978.5,74.1
2026-07-03 12:00:00,10,7,2026-07-14 06:00:00,10 days 18:00:00,258,-47.5,-105.13,976.3,76.9
2026-07-03 12:00:00,10,7,2026-07-14 12:00:00,11 days 00:00:00,264,-49.0,-105.0,974.0,79.7
2026-07-03 12:00:00,10,7,2026-07-14 18:00:00,11 days 06:00:00,270,-49.88,-105.12,974.4,79.3
2026-07-03 12:00:00,10,7,2026-07-15 00:00:00,11 days 12:00:00,276,-50.75,-105.25,974.7,78.9
2026-07-03 12:00:00,10,7,2026-07-15 06:00:00,11 days 18:00:00,282,-50.63,-105.25,975.5,77.9
2026-07-03 12:00:00,10,7,2026-07-15 12:00:00,12 days 00:00:00,288,-50.5,-105.25,976.3,76.9
2026-07-03 12:00:00,10,7,2026-07-15 18:00:00,12 days 06:00:00,294,-49.88,-105.88,978.2,74.5
2026-07-03 12:00:00,10,7,2026-07-16 00:00:00,12 days 12:00:00,300,-49.25,-106.5,980.1,72.1
2026-07-03 12:00:00,10,7,2026-07-16 06:00:00,12 days 18:00:00,306,-48.25,-106.37,981.7,70.0
2026-07-03 12:00:00,10,7,2026-07-16 12:00:00,13 days 00:00:00,312,-47.25,-106.25,983.3,67.9
2026-07-03 12:00:00,11,7,2026-07-15 12:00:00,12 days 00:00:00,288,-37.75,-89.0,977.1,75.9
2026-07-03 12:00:00,11,7,2026-07-15 18:00:00,12 days 06:00:00,294,-39.26,-87.29,973.7,80.1
2026-07-03 12:00:00,11,7,2026-07-16 00:00:00,12 days 12:00:00,300,-40.75,-85.5,970.3,84.3
2026-07-03 12:00:00,11,7,2026-07-16 06:00:00,12 days 18:00:00,306,-42.38,-85.62,967.8,87.2
2026-07-03 12:00:00,11,7,2026-07-16 12:00:00,13 days 00:00:00,312,-44.0,-85.75,965.3,90.2
2026-07-03 12:00:00,11,7,2026-07-16 18:00:00,13 days 06:00:00,318,-44.25,-85.0,966.0,89.3
2026-07-03 12:00:00,11,7,2026-07-17 00:00:00,13 days 12:00:00,324,-44.5,-84.25,966.8,88.4
2026-07-03 12:00:00,11,7,2026-07-17 06:00:00,13 days 18:00:00,330,-44.63,-84.0,967.8,87.2
2026-07-03 12:00:00,11,7,2026-07-17 12:00:00,14 days 00:00:00,336,-44.75,-83.75,968.8,86.0
2026-07-03 12:00:00,11,7,2026-07-17 18:00:00,14 days 06:00:00,342,-41.21,-79.13,972.8,81.2
2026-07-03 12:00:00,11,7,2026-07-18 00:00:00,14 days 12:00:00,348,-37.5,-75.0,976.7,76.4
2026-07-03 12:00:00,11,7,2026-07-18 06:00:00,14 days 18:00:00,354,-40.25,-75.36,975.4,78.0
2026-07-03 12:00:00,11,7,2026-07-18 12:00:00,15 days 00:00:00,360,-43.0,-75.75,974.1,79.6
2026-07-03 12:00:00,12,7,2026-07-16 00:00:00,12 days 12:00:00,300,11.5,-124.5,1005.7,33.9
2026-07-03 12:00:00,12,7,2026-07-16 06:00:00,12 days 18:00:00,306,14.55,-119.57,1005.3,34.6
2026-07-03 12:00:00,12,7,2026-07-16 12:00:00,13 days 00:00:00,312,17.5,-114.5,1004.9,35.4
2026-07-03 12:00:00,12,7,2026-07-16 18:00:00,13 days 06:00:00,318,17.88,-114.38,1004.9,35.4
2026-07-03 12:00:00,12,7,2026-07-17 00:00:00,13 days 12:00:00,324,18.25,-114.25,1004.9,35.4
2026-07-03 12:00:00,12,7,2026-07-17 06:00:00,13 days 18:00:00,330,18.0,-114.38,1005.2,34.7
2026-07-03 12:00:00,12,7,2026-07-17 12:00:00,14 days 00:00:00,336,17.75,-114.5,1005.6,33.9
2026-07-03 12:00:00,12,7,2026-07-17 18:00:00,14 days 06:00:00,342,17.87,-114.5,1005.4,34.4
2026-07-03 12:00:00,12,7,2026-07-18 00:00:00,14 days 12:00:00,348,18.0,-114.5,1005.1,34.9
2026-07-03 12:00:00,12,7,2026-07-18 06:00:00,14 days 18:00:00,354,18.75,-115.0,1005.5,34.1
2026-07-03 12:00:00,12,7,2026-07-18 12:00:00,15 days 00:00:00,360,19.5,-115.5,1006.0,33.3
2026-07-03 12:00:00,3,7,2026-07-03 12:00:00,0 days 00:00:00,0,12.75,153.0,976.5,76.7
2026-07-03 12:00:00,3,7,2026-07-03 18:00:00,0 days 06:00:00,6,12.75,152.38,972.4,81.7
2026-07-03 12:00:00,3,7,2026-07-04 00:00:00,0 days 12:00:00,12,12.75,151.75,968.3,86.6
2026-07-03 12:00:00,3,7,2026-07-04 06:00:00,0 days 18:00:00,18,12.75,151.0,969.3,85.4
2026-07-03 12:00:00,3,7,2026-07-04 12:00:00,1 days 00:00:00,24,12.75,150.25,970.3,84.2
2026-07-03 12:00:00,3,7,2026-07-04 18:00:00,1 days 06:00:00,30,13.25,149.38,966.5,88.8
2026-07-03 12:00:00,3,7,2026-07-05 00:00:00,1 days 12:00:00,36,13.75,148.5,962.6,93.3
2026-07-03 12:00:00,3,7,2026-07-05 06:00:00,1 days 18:00:00,42,13.88,147.38,961.3,94.7
2026-07-03 12:00:00,3,7,2026-07-05 12:00:00,2 days 00:00:00,48,14.0,146.25,960.1,96.1
2026-07-03 12:00:00,3,7,2026-07-05 18:00:00,2 days 06:00:00,54,14.5,145.25,959.0,97.3
2026-07-03 12:00:00,3,7,2026-07-06 00:00:00,2 days 12:00:00,60,15.0,144.25,958.0,98.4
2026-07-03 12:00:00,3,7,2026-07-06 06:00:00,2 days 18:00:00,66,15.25,143.0,956.4,100.2
2026-07-03 12:00:00,3,7,2026-07-06 12:00:00,3 days 00:00:00,72,15.5,141.75,954.8,102.0
2026-07-03 12:00:00,3,7,2026-07-06 18:00:00,3 days 06:00:00,78,15.88,140.25,951.5,105.5
2026-07-03 12:00:00,3,7,2026-07-07 00:00:00,3 days 12:00:00,84,16.25,138.75,948.2,109.1
2026-07-03 12:00:00,3,7,2026-07-07 06:00:00,3 days 18:00:00,90,16.75,137.5,948.3,109.1
2026-07-03 12:00:00,3,7,2026-07-07 12:00:00,4 days 00:00:00,96,17.25,136.25,948.3,109.0
2026-07-03 12:00:00,3,7,2026-07-07 18:00:00,4 days 06:00:00,102,17.51,134.75,946.6,110.8
2026-07-03 12:00:00,3,7,2026-07-08 00:00:00,4 days 12:00:00,108,17.75,133.25,945.0,112.5
2026-07-03 12:00:00,3,7,2026-07-08 06:00:00,4 days 18:00:00,114,18.13,132.0,944.2,113.3
2026-07-03 12:00:00,3,7,2026-07-08 12:00:00,5 days 00:00:00,120,18.5,130.75,943.5,114.1
2026-07-03 12:00:00,3,7,2026-07-08 18:00:00,5 days 06:00:00,126,18.88,129.5,943.8,113.7
2026-07-03 12:00:00,3,7,2026-07-09 00:00:00,5 days 12:00:00,132,19.25,128.25,944.2,113.4
2026-07-03 12:00:00,3,7,2026-07-09 06:00:00,5 days 18:00:00,138,19.88,127.5,946.2,111.2
2026-07-03 12:00:00,3,7,2026-07-09 12:00:00,6 days 00:00:00,144,20.5,126.75,948.3,109.0
2026-07-03 12:00:00,3,7,2026-07-09 18:00:00,6 days 06:00:00,150,21.25,125.88,947.7,109.6
2026-07-03 12:00:00,3,7,2026-07-10 00:00:00,6 days 12:00:00,156,22.0,125.0,947.1,110.3
2026-07-03 12:00:00,3,7,2026-07-10 06:00:00,6 days 18:00:00,162,23.13,124.5,947.6,109.8
2026-07-03 12:00:00,3,7,2026-07-10 12:00:00,7 days 00:00:00,168,24.25,124.0,948.0,109.3
2026-07-03 12:00:00,3,7,2026-07-10 18:00:00,7 days 06:00:00,174,25.25,123.38,948.4,108.9
2026-07-03 12:00:00,3,7,2026-07-11 00:00:00,7 days 12:00:00,180,26.25,122.75,948.8,108.5
2026-07-03 12:00:00,3,7,2026-07-11 06:00:00,7 days 18:00:00,186,27.0,122.25,955.6,101.0
2026-07-03 12:00:00,3,7,2026-07-11 12:00:00,8 days 00:00:00,192,27.75,121.75,962.4,93.5
2026-07-03 12:00:00,3,7,2026-07-11 18:00:00,8 days 06:00:00,198,28.75,121.13,972.9,80.7
2026-07-03 12:00:00,3,7,2026-07-12 00:00:00,8 days 12:00:00,204,29.75,120.5,983.3,67.9
2026-07-03 12:00:00,3,7,2026-07-12 06:00:00,8 days 18:00:00,210,30.13,120.38,986.4,63.7
2026-07-03 12:00:00,3,7,2026-07-12 12:00:00,9 days 00:00:00,216,30.5,120.25,989.5,59.5
2026-07-03 12:00:00,3,7,2026-07-12 18:00:00,9 days 06:00:00,222,31.75,120.37,991.9,56.0
2026-07-03 12:00:00,3,7,2026-07-13 00:00:00,9 days 12:00:00,228,33.0,120.5,994.2,52.6
2026-07-03 12:00:00,4,7,2026-07-03 12:00:00,0 days 00:00:00,0,19.5,-128.5,1001.2,41.7
2026-07-03 12:00:00,5,7,2026-07-03 12:00:00,0 days 00:00:00,0,18.5,110.0,997.5,47.5
2026-07-03 12:00:00,5,7,2026-07-03 18:00:00,0 days 06:00:00,6,19.38,109.01,996.9,48.5
2026-07-03 12:00:00,5,7,2026-07-04 00:00:00,0 days 12:00:00,12,20.25,108.0,996.3,49.5
2026-07-03 12:00:00,5,7,2026-07-04 06:00:00,0 days 18:00:00,18,20.63,107.75,996.2,49.6
2026-07-03 12:00:00,5,7,2026-07-04 12:00:00,1 days 00:00:00,24,21.0,107.5,996.1,49.8
2026-07-03 12:00:00,5,7,2026-07-04 18:00:00,1 days 06:00:00,30,21.25,107.62,996.8,48.6
2026-07-03 12:00:00,5,7,2026-07-05 00:00:00,1 days 12:00:00,36,21.5,107.75,997.6,47.5
2026-07-03 12:00:00,5,7,2026-07-05 06:00:00,1 days 18:00:00,42,22.19,107.87,998.2,46.6
2026-07-03 12:00:00,5,7,2026-07-05 12:00:00,2 days 00:00:00,48,22.88,108.0,998.8,45.6
2026-07-03 12:00:00,5,7,2026-07-05 18:00:00,2 days 06:00:00,54,23.56,108.12,999.4,44.7
2026-07-03 12:00:00,5,7,2026-07-06 00:00:00,2 days 12:00:00,60,24.25,108.25,1000.0,43.7
2026-07-03 12:00:00,6,7,2026-07-04 00:00:00,0 days 12:00:00,12,20.5,87.25,993.6,53.5
2026-07-03 12:00:00,6,7,2026-07-04 06:00:00,0 days 18:00:00,18,20.5,86.88,992.9,54.5
2026-07-03 12:00:00,6,7,2026-07-04 12:00:00,1 days 00:00:00,24,20.5,86.5,992.3,55.5
2026-07-03 12:00:00,6,7,2026-07-04 18:00:00,1 days 06:00:00,30,20.88,86.75,992.5,55.1
2026-07-03 12:00:00,6,7,2026-07-05 00:00:00,1 days 12:00:00,36,21.25,87.0,992.8,54.7
2026-07-03 12:00:00,6,7,2026-07-05 06:00:00,1 days 18:00:00,42,21.63,87.25,992.7,54.9
2026-07-03 12:00:00,6,7,2026-07-05 12:00:00,2 days 00:00:00,48,22.0,87.5,992.6,55.1
2026-07-03 12:00:00,6,7,2026-07-05 18:00:00,2 days 06:00:00,54,21.88,87.75,993.5,53.6
2026-07-03 12:00:00,6,7,2026-07-06 00:00:00,2 days 12:00:00,60,21.75,88.0,994.5,52.2
2026-07-03 12:00:00,6,7,2026-07-06 06:00:00,2 days 18:00:00,66,26.51,86.8,993.2,54.1
2026-07-03 12:00:00,6,7,2026-07-06 12:00:00,3 days 00:00:00,72,31.25,85.5,991.9,56.1
2026-07-03 12:00:00,6,7,2026-07-06 18:00:00,3 days 06:00:00,78,27.88,85.24,993.0,54.4
2026-07-03 12:00:00,6,7,2026-07-07 00:00:00,3 days 12:00:00,84,24.5,85.0,994.2,52.6
2026-07-03 12:00:00,6,7,2026-07-07 06:00:00,3 days 18:00:00,90,24.38,84.37,993.7,53.4
2026-07-03 12:00:00,6,7,2026-07-07 12:00:00,4 days 00:00:00,96,24.25,83.75,993.2,54.2
2026-07-03 12:00:00,6,7,2026-07-07 18:00:00,4 days 06:00:00,102,24.75,83.25,993.7,53.4
2026-07-03 12:00:00,6,7,2026-07-08 00:00:00,4 days 12:00:00,108,25.25,82.75,994.3,52.5
2026-07-03 12:00:00,6,7,2026-07-08 06:00:00,4 days 18:00:00,114,29.04,85.76,990.8,57.5
2026-07-03 12:00:00,6,7,2026-07-08 12:00:00,5 days 00:00:00,120,32.75,89.0,987.3,62.5
2026-07-03 12:00:00,6,7,2026-07-08 18:00:00,5 days 06:00:00,126,29.42,85.51,991.2,56.9
2026-07-03 12:00:00,6,7,2026-07-09 00:00:00,5 days 12:00:00,132,26.0,82.25,995.1,51.3
2026-07-03 12:00:00,6,7,2026-07-09 06:00:00,5 days 18:00:00,138,29.03,85.16,993.8,53.3
2026-07-03 12:00:00,6,7,2026-07-09 12:00:00,6 days 00:00:00,144,32.0,88.25,992.4,55.3
2026-07-03 12:00:00,6,7,2026-07-09 18:00:00,6 days 06:00:00,150,31.31,88.44,992.8,54.8
2026-07-03 12:00:00,6,7,2026-07-10 00:00:00,6 days 12:00:00,156,30.63,88.63,993.1,54.2
2026-07-03 12:00:00,6,7,2026-07-10 06:00:00,6 days 18:00:00,162,29.94,88.82,993.5,53.7
2026-07-03 12:00:00,6,7,2026-07-10 12:00:00,7 days 00:00:00,168,29.25,89.0,993.9,53.1
2026-07-03 12:00:00,6,7,2026-07-10 18:00:00,7 days 06:00:00,174,29.25,89.06,994.1,52.7
2026-07-03 12:00:00,6,7,2026-07-11 00:00:00,7 days 12:00:00,180,29.25,89.12,994.4,52.4
2026-07-03 12:00:00,6,7,2026-07-11 06:00:00,7 days 18:00:00,186,29.25,89.19,994.6,52.0
2026-07-03 12:00:00,6,7,2026-07-11 12:00:00,8 days 00:00:00,192,29.25,89.25,994.9,51.7
2026-07-03 12:00:00,6,7,2026-07-11 18:00:00,8 days 06:00:00,198,24.63,89.51,994.4,52.3
2026-07-03 12:00:00,6,7,2026-07-12 00:00:00,8 days 12:00:00,204,20.0,89.75,993.9,53.0
2026-07-03 12:00:00,6,7,2026-07-12 06:00:00,8 days 18:00:00,210,20.0,89.5,991.8,56.1
2026-07-03 12:00:00,6,7,2026-07-12 12:00:00,9 days 00:00:00,216,20.0,89.25,989.7,59.2
2026-07-03 12:00:00,6,7,2026-07-12 18:00:00,9 days 06:00:00,222,20.63,89.75,989.5,59.4
2026-07-03 12:00:00,6,7,2026-07-13 00:00:00,9 days 12:00:00,228,21.25,90.25,989.4,59.6
2026-07-03 12:00:00,6,7,2026-07-13 06:00:00,9 days 18:00:00,234,21.38,89.25,988.5,60.9
2026-07-03 12:00:00,6,7,2026-07-13 12:00:00,10 days 00:00:00,240,21.5,88.25,987.6,62.1
2026-07-03 12:00:00,6,7,2026-07-13 18:00:00,10 days 06:00:00,246,21.25,88.0,989.2,59.9
2026-07-03 12:00:00,6,7,2026-07-14 00:00:00,10 days 12:00:00,252,21.0,87.75,990.7,57.7
2026-07-03 12:00:00,6,7,2026-07-14 06:00:00,10 days 18:00:00,258,21.63,86.13,991.4,56.7
2026-07-03 12:00:00,6,7,2026-07-14 12:00:00,11 days 00:00:00,264,22.25,84.5,992.1,55.8
2026-07-03 12:00:00,6,7,2026-07-14 18:00:00,11 days 06:00:00,270,22.25,83.25,993.3,53.9
2026-07-03 12:00:00,6,7,2026-07-15 00:00:00,11 days 12:00:00,276,22.25,82.0,994.6,52.0
2026-07-03 12:00:00,6,7,2026-07-15 06:00:00,11 days 18:00:00,282,23.0,81.5,994.8,51.8
2026-07-03 12:00:00,6,7,2026-07-15 12:00:00,12 days 00:00:00,288,23.75,81.0,994.9,51.6
2026-07-03 12:00:00,7,7,2026-07-06 00:00:00,2 days 12:00:00,60,21.5,72.5,995.2,51.2
2026-07-03 12:00:00,7,7,2026-07-06 06:00:00,2 days 18:00:00,66,21.25,72.25,994.2,52.7
2026-07-03 12:00:00,7,7,2026-07-06 12:00:00,3 days 00:00:00,72,21.0,72.0,993.1,54.2
2026-07-03 12:00:00,7,7,2026-07-06 18:00:00,3 days 06:00:00,78,21.25,72.0,993.3,54.0
2026-07-03 12:00:00,7,7,2026-07-07 00:00:00,3 days 12:00:00,84,21.5,72.0,993.4,53.8
2026-07-03 12:00:00,7,7,2026-07-07 06:00:00,3 days 18:00:00,90,21.62,72.0,992.7,54.8
2026-07-03 12:00:00,7,7,2026-07-07 12:00:00,4 days 00:00:00,96,21.75,72.0,992.0,55.9
2026-07-03 12:00:00,7,7,2026-07-07 18:00:00,4 days 06:00:00,102,21.88,72.25,992.8,54.7
2026-07-03 12:00:00,7,7,2026-07-08 00:00:00,4 days 12:00:00,108,22.0,72.5,993.6,53.6
2026-07-03 12:00:00,7,7,2026-07-08 06:00:00,4 days 18:00:00,114,23.05,74.88,994.0,53.0
2026-07-03 12:00:00,7,7,2026-07-08 12:00:00,5 days 00:00:00,120,24.08,77.3,994.3,52.4
2026-07-03 12:00:00,7,7,2026-07-08 18:00:00,5 days 06:00:00,126,25.06,79.76,994.7,51.8
2026-07-03 12:00:00,7,7,2026-07-09 00:00:00,5 days 12:00:00,132,26.0,82.25,995.1,51.3
2026-07-03 12:00:00,8,7,2026-07-10 12:00:00,7 days 00:00:00,168,8.5,151.75,1007.6,30.3
2026-07-03 12:00:00,8,7,2026-07-10 18:00:00,7 days 06:00:00,174,9.2,150.14,1007.2,31.1
2026-07-03 12:00:00,8,7,2026-07-11 00:00:00,7 days 12:00:00,180,9.89,148.51,1006.8,31.9
2026-07-03 12:00:00,8,7,2026-07-11 06:00:00,7 days 18:00:00,186,10.58,146.88,1006.3,32.7
2026-07-03 12:00:00,8,7,2026-07-11 12:00:00,8 days 00:00:00,192,11.25,145.25,1005.9,33.4
2026-07-03 12:00:00,8,7,2026-07-11 18:00:00,8 days 06:00:00,198,11.63,143.0,1005.2,34.7
2026-07-03 12:00:00,8,7,2026-07-12 00:00:00,8 days 12:00:00,204,12.0,140.75,1004.5,36.0
2026-07-03 12:00:00,8,7,2026-07-12 06:00:00,8 days 18:00:00,210,12.38,138.88,1002.8,38.9
2026-07-03 12:00:00,8,7,2026-07-12 12:00:00,9 days 00:00:00,216,12.75,137.0,1001.1,41.8
2026-07-03 12:00:00,8,7,2026-07-12 18:00:00,9 days 06:00:00,222,13.01,135.38,998.9,45.4
2026-07-03 12:00:00,8,7,2026-07-13 00:00:00,9 days 12:00:00,228,13.25,133.75,996.6,48.9
2026-07-03 12:00:00,8,7,2026-07-13 06:00:00,9 days 18:00:00,234,14.0,132.5,995.4,50.8
2026-07-03 12:00:00,8,7,2026-07-13 12:00:00,10 days 00:00:00,240,14.75,131.25,994.2,52.6
2026-07-03 12:00:00,8,7,2026-07-13 18:00:00,10 days 06:00:00,246,15.38,129.88,992.8,54.8
2026-07-03 12:00:00,8,7,2026-07-14 00:00:00,10 days 12:00:00,252,16.0,128.5,991.3,56.9
2026-07-03 12:00:00,8,7,2026-07-14 06:00:00,10 days 18:00:00,258,16.88,127.38,988.1,61.4
2026-07-03 12:00:00,8,7,2026-07-14 12:00:00,11 days 00:00:00,264,17.75,126.25,984.8,65.9
2026-07-03 12:00:00,8,7,2026-07-14 18:00:00,11 days 06:00:00,270,18.63,125.01,984.5,66.2
2026-07-03 12:00:00,8,7,2026-07-15 00:00:00,11 days 12:00:00,276,19.5,123.75,984.3,66.6
2026-07-03 12:00:00,8,7,2026-07-15 06:00:00,11 days 18:00:00,282,20.63,122.63,983.3,67.9
2026-07-03 12:00:00,8,7,2026-07-15 12:00:00,12 days 00:00:00,288,21.75,121.5,982.4,69.1
2026-07-03 12:00:00,8,7,2026-07-15 18:00:00,12 days 06:00:00,294,23.0,120.63,988.3,60.9
2026-07-03 12:00:00,8,7,2026-07-16 00:00:00,12 days 12:00:00,300,24.25,119.75,994.1,52.7
2026-07-03 12:00:00,9,7,2026-07-12 12:00:00,9 days 00:00:00,216,7.0,171.0,1007.5,30.5
2026-07-03 12:00:00,9,7,2026-07-12 18:00:00,9 days 06:00:00,222,7.63,170.25,1006.8,31.8
2026-07-03 12:00:00,9,7,2026-07-13 00:00:00,9 days 12:00:00,228,8.25,169.5,1006.1,33.1
2026-07-03 12:00:00,9,7,2026-07-13 06:00:00,9 days 18:00:00,234,8.5,168.0,1006.0,33.2
2026-07-03 12:00:00,9,7,2026-07-13 12:00:00,10 days 00:00:00,240,8.75,166.5,1006.0,33.3
2026-07-03 12:00:00,9,7,2026-07-13 18:00:00,10 days 06:00:00,246,9.57,165.26,1006.2,32.9
2026-07-03 12:00:00,9,7,2026-07-14 00:00:00,10 days 12:00:00,252,10.38,164.01,1006.4,32.6
2026-07-03 12:00:00,9,7,2026-07-14 06:00:00,10 days 18:00:00,258,11.2,162.76,1006.6,32.3
2026-07-03 12:00:00,9,7,2026-07-14 12:00:00,11 days 00:00:00,264,12.0,161.5,1006.7,31.9
2026-07-03 12:00:00,9,7,2026-07-14 18:00:00,11 days 06:00:00,270,12.75,159.88,1006.9,31.7
2026-07-03 12:00:00,9,7,2026-07-15 00:00:00,11 days 12:00:00,276,13.5,158.25,1007.0,31.5
2026-07-03 12:00:00,9,7,2026-07-15 06:00:00,11 days 18:00:00,282,13.51,156.62,1006.5,32.3
2026-07-03 12:00:00,9,7,2026-07-15 12:00:00,12 days 00:00:00,288,13.5,155.0,1006.1,33.1
2026-07-03 12:00:00,9,7,2026-07-15 18:00:00,12 days 06:00:00,294,13.76,152.88,1004.3,36.4
2026-07-03 12:00:00,9,7,2026-07-16 00:00:00,12 days 12:00:00,300,14.0,150.75,1002.4,39.6
2026-07-03 12:00:00,9,7,2026-07-16 06:00:00,12 days 18:00:00,306,13.88,148.87,1001.3,41.5
2026-07-03 12:00:00,9,7,2026-07-16 12:00:00,13 days 00:00:00,312,13.75,147.0,1000.2,43.3
2026-07-03 12:00:00,9,7,2026-07-16 18:00:00,13 days 06:00:00,318,13.88,145.25,998.6,45.9
2026-07-03 12:00:00,9,7,2026-07-17 00:00:00,13 days 12:00:00,324,14.0,143.5,997.0,48.4
2026-07-03 12:00:00,9,7,2026-07-17 06:00:00,13 days 18:00:00,330,14.01,141.75,994.3,52.4
2026-07-03 12:00:00,9,7,2026-07-17 12:00:00,14 days 00:00:00,336,14.0,140.0,991.6,56.4
2026-07-03 12:00:00,9,7,2026-07-17 18:00:00,14 days 06:00:00,342,14.13,138.5,991.5,56.6
2026-07-03 12:00:00,9,7,2026-07-18 00:00:00,14 days 12:00:00,348,14.25,137.0,991.3,56.9
2026-07-03 12:00:00,9,7,2026-07-18 06:00:00,14 days 18:00:00,354,14.38,136.0,989.5,59.4
2026-07-03 12:00:00,9,7,2026-07-18 12:00:00,15 days 00:00:00,360,14.5,135.0,987.6,62.0
2026-07-03 12:00:00,3,8,2026-07-03 12:00:00,0 days 00:00:00,0,12.75,153.0,976.5,76.7
2026-07-03 12:00:00,3,8,2026-07-03 18:00:00,0 days 06:00:00,6,12.75,152.38,975.6,77.7
2026-07-03 12:00:00,3,8,2026-07-04 00:00:00,0 days 12:00:00,12,12.75,151.75,974.8,78.8
2026-07-03 12:00:00,3,8,2026-07-04 06:00:00,0 days 18:00:00,18,12.75,151.25,974.0,79.8
2026-07-03 12:00:00,3,8,2026-07-04 12:00:00,1 days 00:00:00,24,12.75,150.75,973.1,80.8
2026-07-03 12:00:00,3,8,2026-07-04 18:00:00,1 days 06:00:00,30,12.88,150.0,970.1,84.4
2026-07-03 12:00:00,3,8,2026-07-05 00:00:00,1 days 12:00:00,36,13.0,149.25,967.1,88.0
2026-07-03 12:00:00,3,8,2026-07-05 06:00:00,1 days 18:00:00,42,13.25,148.38,966.4,88.9
2026-07-03 12:00:00,3,8,2026-07-05 12:00:00,2 days 00:00:00,48,13.5,147.5,965.7,89.7
2026-07-03 12:00:00,3,8,2026-07-05 18:00:00,2 days 06:00:00,54,13.88,146.63,965.3,90.2
2026-07-03 12:00:00,3,8,2026-07-06 00:00:00,2 days 12:00:00,60,14.25,145.75,964.9,90.6
2026-07-03 12:00:00,3,8,2026-07-06 06:00:00,2 days 18:00:00,66,14.5,144.5,965.1,90.4
2026-07-03 12:00:00,3,8,2026-07-06 12:00:00,3 days 00:00:00,72,14.75,143.25,965.3,90.1
2026-07-03 12:00:00,3,8,2026-07-06 18:00:00,3 days 06:00:00,78,15.13,141.88,958.8,97.4
2026-07-03 12:00:00,3,8,2026-07-07 00:00:00,3 days 12:00:00,84,15.5,140.5,952.3,104.8
2026-07-03 12:00:00,3,8,2026-07-07 06:00:00,3 days 18:00:00,90,15.75,139.25,949.7,107.5
2026-07-03 12:00:00,3,8,2026-07-07 12:00:00,4 days 00:00:00,96,16.0,138.0,947.1,110.3
2026-07-03 12:00:00,3,8,2026-07-07 18:00:00,4 days 06:00:00,102,16.38,136.75,949.3,107.9
2026-07-03 12:00:00,3,8,2026-07-08 00:00:00,4 days 12:00:00,108,16.75,135.5,951.5,105.6
2026-07-03 12:00:00,3,8,2026-07-08 06:00:00,4 days 18:00:00,114,16.88,134.25,950.2,107.0
2026-07-03 12:00:00,3,8,2026-07-08 12:00:00,5 days 00:00:00,120,17.0,133.0,948.9,108.3
2026-07-03 12:00:00,3,8,2026-07-08 18:00:00,5 days 06:00:00,126,17.63,131.88,948.3,109.1
2026-07-03 12:00:00,3,8,2026-07-09 00:00:00,5 days 12:00:00,132,18.25,130.75,947.6,109.8
2026-07-03 12:00:00,3,8,2026-07-09 06:00:00,5 days 18:00:00,138,18.88,129.75,945.3,112.2
2026-07-03 12:00:00,3,8,2026-07-09 12:00:00,6 days 00:00:00,144,19.5,128.75,943.0,114.6
2026-07-03 12:00:00,3,8,2026-07-09 18:00:00,6 days 06:00:00,150,20.0,127.88,943.9,113.7
2026-07-03 12:00:00,3,8,2026-07-10 00:00:00,6 days 12:00:00,156,20.5,127.0,944.8,112.7
2026-07-03 12:00:00,3,8,2026-07-10 06:00:00,6 days 18:00:00,162,21.13,125.88,944.6,112.9
2026-07-03 12:00:00,3,8,2026-07-10 12:00:00,7 days 00:00:00,168,21.75,124.75,944.4,113.2
2026-07-03 12:00:00,3,8,2026-07-10 18:00:00,7 days 06:00:00,174,22.75,123.88,947.9,109.4
2026-07-03 12:00:00,3,8,2026-07-11 00:00:00,7 days 12:00:00,180,23.75,123.0,951.5,105.6
2026-07-03 12:00:00,3,8,2026-07-11 06:00:00,7 days 18:00:00,186,24.75,121.88,957.7,98.7
2026-07-03 12:00:00,3,8,2026-07-11 12:00:00,8 days 00:00:00,192,25.75,120.75,964.0,91.7
2026-07-03 12:00:00,3,8,2026-07-11 18:00:00,8 days 06:00:00,198,27.0,119.64,974.5,78.7
2026-07-03 12:00:00,3,8,2026-07-12 00:00:00,8 days 12:00:00,204,28.25,118.5,985.0,65.6
2026-07-03 12:00:00,3,8,2026-07-12 06:00:00,8 days 18:00:00,210,28.63,117.5,987.7,61.9
2026-07-03 12:00:00,3,8,2026-07-12 12:00:00,9 days 00:00:00,216,29.0,116.5,990.5,58.1
2026-07-03 12:00:00,3,8,2026-07-12 18:00:00,9 days 06:00:00,222,29.5,115.38,992.6,54.9
2026-07-03 12:00:00,3,8,2026-07-13 00:00:00,9 days 12:00:00,228,30.0,114.25,994.8,51.7
2026-07-03 12:00:00,4,8,2026-07-03 12:00:00,0 days 00:00:00,0,19.5,-128.5,1001.2,41.7
2026-07-03 12:00:00,5,8,2026-07-03 12:00:00,0 days 00:00:00,0,18.5,110.0,997.5,47.5
2026-07-03 12:00:00,5,8,2026-07-03 18:00:00,0 days 06:00:00,6,19.25,109.13,996.8,48.7
2026-07-03 12:00:00,5,8,2026-07-04 00:00:00,0 days 12:00:00,12,20.0,108.25,996.1,49.8
2026-07-03 12:00:00,5,8,2026-07-04 06:00:00,0 days 18:00:00,18,20.63,107.88,996.1,49.8
2026-07-03 12:00:00,5,8,2026-07-04 12:00:00,1 days 00:00:00,24,21.25,107.5,996.1,49.8
2026-07-03 12:00:00,5,8,2026-07-04 18:00:00,1 days 06:00:00,30,21.88,107.75,996.7,48.8
2026-07-03 12:00:00,5,8,2026-07-05 00:00:00,1 days 12:00:00,36,22.5,108.0,997.3,47.9
2026-07-03 12:00:00,6,8,2026-07-05 00:00:00,1 days 12:00:00,36,-42.75,169.0,1002.8,39.0
2026-07-03 12:00:00,6,8,2026-07-05 06:00:00,1 days 18:00:00,42,-41.69,169.46,999.9,43.5
2026-07-03 12:00:00,6,8,2026-07-05 12:00:00,2 days 00:00:00,48,-40.63,169.9,997.0,48.0
2026-07-03 12:00:00,6,8,2026-07-05 18:00:00,2 days 06:00:00,54,-39.56,170.33,994.1,52.5
2026-07-03 12:00:00,6,8,2026-07-06 00:00:00,2 days 12:00:00,60,-38.5,170.75,991.2,57.0
2026-07-03 12:00:00,6,8,2026-07-06 06:00:00,2 days 18:00:00,66,-37.0,170.5,991.2,57.0
2026-07-03 12:00:00,6,8,2026-07-06 12:00:00,3 days 00:00:00,72,-35.5,170.25,991.2,57.0
2026-07-03 12:00:00,6,8,2026-07-06 18:00:00,3 days 06:00:00,78,-35.13,171.25,991.0,57.4
2026-07-03 12:00:00,6,8,2026-07-07 00:00:00,3 days 12:00:00,84,-34.75,172.25,990.7,57.8
2026-07-03 12:00:00,6,8,2026-07-07 06:00:00,3 days 18:00:00,90,-34.5,173.25,989.8,59.0
2026-07-03 12:00:00,6,8,2026-07-07 12:00:00,4 days 00:00:00,96,-34.25,174.25,988.9,60.3
2026-07-03 12:00:00,6,8,2026-07-07 18:00:00,4 days 06:00:00,102,-38.9,176.7,990.5,58.0
2026-07-03 12:00:00,6,8,2026-07-08 00:00:00,4 days 12:00:00,108,-43.5,179.5,992.1,55.8
2026-07-03 12:00:00,7,8,2026-07-07 12:00:00,4 days 00:00:00,96,8.5,172.5,1005.6,34.0
2026-07-03 12:00:00,7,8,2026-07-07 18:00:00,4 days 06:00:00,102,9.0,170.75,1005.1,34.8
2026-07-03 12:00:00,7,8,2026-07-08 00:00:00,4 days 12:00:00,108,9.5,169.0,1004.7,35.7
2026-07-03 12:00:00,7,8,2026-07-08 06:00:00,4 days 18:00:00,114,9.75,167.5,1005.3,34.6
2026-07-03 12:00:00,7,8,2026-07-08 12:00:00,5 days 00:00:00,120,10.0,166.0,1005.9,33.5
2026-07-03 12:00:00,7,8,2026-07-08 18:00:00,5 days 06:00:00,126,10.75,165.0,1004.5,36.0
2026-07-03 12:00:00,7,8,2026-07-09 00:00:00,5 days 12:00:00,132,11.5,164.0,1003.1,38.5
2026-07-03 12:00:00,7,8,2026-07-09 06:00:00,5 days 18:00:00,138,12.13,162.88,1002.0,40.4
2026-07-03 12:00:00,7,8,2026-07-09 12:00:00,6 days 00:00:00,144,12.75,161.75,1000.9,42.2
2026-07-03 12:00:00,7,8,2026-07-09 18:00:00,6 days 06:00:00,150,13.5,160.25,997.0,48.2
2026-07-03 12:00:00,7,8,2026-07-10 00:00:00,6 days 12:00:00,156,14.25,158.75,993.2,54.1
2026-07-03 12:00:00,7,8,2026-07-10 06:00:00,6 days 18:00:00,162,15.0,157.5,993.5,53.7
2026-07-03 12:00:00,7,8,2026-07-10 12:00:00,7 days 00:00:00,168,15.75,156.25,993.8,53.2
2026-07-03 12:00:00,7,8,2026-07-10 18:00:00,7 days 06:00:00,174,16.63,155.38,990.9,57.4
2026-07-03 12:00:00,7,8,2026-07-11 00:00:00,7 days 12:00:00,180,17.5,154.5,987.9,61.6
2026-07-03 12:00:00,7,8,2026-07-11 06:00:00,7 days 18:00:00,186,18.5,153.88,985.9,64.4
2026-07-03 12:00:00,7,8,2026-07-11 12:00:00,8 days 00:00:00,192,19.5,153.25,983.8,67.2
2026-07-03 12:00:00,7,8,2026-07-11 18:00:00,8 days 06:00:00,198,20.5,152.75,984.8,65.9
2026-07-03 12:00:00,7,8,2026-07-12 00:00:00,8 days 12:00:00,204,21.5,152.25,985.7,64.7
2026-07-03 12:00:00,7,8,2026-07-12 06:00:00,8 days 18:00:00,210,22.75,152.62,981.7,69.9
2026-07-03 12:00:00,7,8,2026-07-12 12:00:00,9 days 00:00:00,216,24.0,153.0,977.8,75.1
2026-07-03 12:00:00,7,8,2026-07-12 18:00:00,9 days 06:00:00,222,25.13,153.62,977.9,74.9
2026-07-03 12:00:00,7,8,2026-07-13 00:00:00,9 days 12:00:00,228,26.25,154.25,978.0,74.8
2026-07-03 12:00:00,7,8,2026-07-13 06:00:00,9 days 18:00:00,234,27.63,155.73,978.6,74.1
2026-07-03 12:00:00,7,8,2026-07-13 12:00:00,10 days 00:00:00,240,29.0,157.25,979.1,73.4
2026-07-03 12:00:00,7,8,2026-07-13 18:00:00,10 days 06:00:00,246,30.89,159.21,978.8,73.7
2026-07-03 12:00:00,7,8,2026-07-14 00:00:00,10 days 12:00:00,252,32.75,161.25,978.5,74.1
2026-07-03 12:00:00,7,8,2026-07-14 06:00:00,10 days 18:00:00,258,34.88,162.1,981.9,69.6
2026-07-03 12:00:00,7,8,2026-07-14 12:00:00,11 days 00:00:00,264,37.0,163.0,985.3,65.2
2026-07-03 12:00:00,7,8,2026-07-14 18:00:00,11 days 06:00:00,270,38.25,163.0,985.7,64.6
2026-07-03 12:00:00,7,8,2026-07-15 00:00:00,11 days 12:00:00,276,39.5,163.0,986.1,64.1
2026-07-03 12:00:00,7,8,2026-07-15 06:00:00,11 days 18:00:00,282,40.62,163.0,987.8,61.7
2026-07-03 12:00:00,7,8,2026-07-15 12:00:00,12 days 00:00:00,288,41.75,163.0,989.5,59.4
2026-07-03 12:00:00,7,8,2026-07-15 18:00:00,12 days 06:00:00,294,43.0,163.37,991.5,56.5
2026-07-03 12:00:00,7,8,2026-07-16 00:00:00,12 days 12:00:00,300,44.25,163.75,993.5,53.6
2026-07-03 12:00:00,7,8,2026-07-16 06:00:00,12 days 18:00:00,306,45.63,164.24,996.0,49.8
2026-07-03 12:00:00,7,8,2026-07-16 12:00:00,13 days 00:00:00,312,47.0,164.75,998.5,46.0
2026-07-03 12:00:00,7,8,2026-07-16 18:00:00,13 days 06:00:00,318,48.0,164.87,999.6,44.3
2026-07-03 12:00:00,7,8,2026-07-17 00:00:00,13 days 12:00:00,324,49.0,165.0,1000.7,42.5
2026-07-03 12:00:00,7,8,2026-07-17 06:00:00,13 days 18:00:00,330,49.88,165.12,1002.3,39.8
2026-07-03 12:00:00,7,8,2026-07-17 12:00:00,14 days 00:00:00,336,50.75,165.25,1003.9,37.1
2026-07-03 12:00:00,7,8,2026-07-17 18:00:00,14 days 06:00:00,342,51.88,164.28,1004.5,35.9
2026-07-03 12:00:00,7,8,2026-07-18 00:00:00,14 days 12:00:00,348,53.0,163.25,1005.2,34.7
2026-07-03 12:00:00,8,8,2026-07-15 12:00:00,12 days 00:00:00,288,5.75,165.25,1006.6,32.2
2026-07-03 12:00:00,8,8,2026-07-15 18:00:00,12 days 06:00:00,294,6.88,165.37,1006.4,32.5
2026-07-03 12:00:00,8,8,2026-07-16 00:00:00,12 days 12:00:00,300,8.0,165.5,1006.2,32.9
2026-07-03 12:00:00,8,8,2026-07-16 06:00:00,12 days 18:00:00,306,9.0,164.25,1006.8,31.9
2026-07-03 12:00:00,8,8,2026-07-16 12:00:00,13 days 00:00:00,312,10.0,163.0,1007.3,30.8
2026-07-03 12:00:00,8,8,2026-07-16 18:00:00,13 days 06:00:00,318,11.13,161.38,1004.5,35.8
2026-07-03 12:00:00,8,8,2026-07-17 00:00:00,13 days 12:00:00,324,12.25,159.75,1001.8,40.7
2026-07-03 12:00:00,8,8,2026-07-17 06:00:00,13 days 18:00:00,330,12.75,158.63,1001.2,41.7
2026-07-03 12:00:00,8,8,2026-07-17 12:00:00,14 days 00:00:00,336,13.25,157.5,1000.5,42.8
2026-07-03 12:00:00,8,8,2026-07-17 18:00:00,14 days 06:00:00,342,13.88,156.0,996.8,48.5
2026-07-03 12:00:00,8,8,2026-07-18 00:00:00,14 days 12:00:00,348,14.5,154.5,993.1,54.3
2026-07-03 12:00:00,8,8,2026-07-18 06:00:00,14 days 18:00:00,354,14.88,153.5,988.7,60.5
2026-07-03 12:00:00,8,8,2026-07-18 12:00:00,15 days 00:00:00,360,15.25,152.5,984.2,66.7
2026-07-03 12:00:00,9,8,2026-07-16 00:00:00,12 days 12:00:00,300,10.75,-131.25,1004.2,36.6
2026-07-03 12:00:00,9,8,2026-07-16 06:00:00,12 days 18:00:00,306,11.63,-131.87,1003.2,38.2
2026-07-03 12:00:00,9,8,2026-07-16 12:00:00,13 days 00:00:00,312,12.5,-132.5,1002.2,39.9
2026-07-03 12:00:00,9,8,2026-07-16 18:00:00,13 days 06:00:00,318,12.13,-132.75,1001.7,40.8
2026-07-03 12:00:00,9,8,2026-07-17 00:00:00,13 days 12:00:00,324,11.75,-133.0,1001.2,41.7
2026-07-03 12:00:00,9,8,2026-07-17 06:00:00,13 days 18:00:00,330,12.38,-132.13,1001.1,41.8
2026-07-03 12:00:00,9,8,2026-07-17 12:00:00,14 days 00:00:00,336,13.0,-131.25,1001.1,41.8
2026-07-03 12:00:00,9,8,2026-07-17 18:00:00,14 days 06:00:00,342,14.25,-130.26,1000.9,42.1
2026-07-03 12:00:00,9,8,2026-07-18 00:00:00,14 days 12:00:00,348,15.5,-129.25,1000.8,42.4
2026-07-03 12:00:00,9,8,2026-07-18 06:00:00,14 days 18:00:00,354,17.25,-129.0,1000.9,42.1
2026-07-03 12:00:00,9,8,2026-07-18 12:00:00,15 days 00:00:00,360,19.0,-128.75,1001.1,41.9
2026-07-03 12:00:00,10,9,2026-07-15 12:00:00,12 days 00:00:00,288,10.25,162.75,1004.5,36.0
2026-07-03 12:00:00,10,9,2026-07-15 18:00:00,12 days 06:00:00,294,10.5,162.5,1002.7,39.0
2026-07-03 12:00:00,10,9,2026-07-16 00:00:00,12 days 12:00:00,300,10.75,162.25,1001.0,42.0
2026-07-03 12:00:00,10,9,2026-07-16 06:00:00,12 days 18:00:00,306,12.38,161.63,1001.6,41.0
2026-07-03 12:00:00,10,9,2026-07-16 12:00:00,13 days 00:00:00,312,14.0,161.0,1002.3,39.9
2026-07-03 12:00:00,10,9,2026-07-16 18:00:00,13 days 06:00:00,318,14.63,159.5,999.7,44.0
2026-07-03 12:00:00,10,9,2026-07-17 00:00:00,13 days 12:00:00,324,15.25,158.0,997.1,48.2
2026-07-03 12:00:00,10,9,2026-07-17 06:00:00,13 days 18:00:00,330,15.5,157.13,995.5,50.7
2026-07-03 12:00:00,10,9,2026-07-17 12:00:00,14 days 00:00:00,336,15.75,156.25,993.8,53.2
2026-07-03 12:00:00,10,9,2026-07-17 18:00:00,14 days 06:00:00,342,16.13,155.38,992.1,55.8
2026-07-03 12:00:00,10,9,2026-07-18 00:00:00,14 days 12:00:00,348,16.5,154.5,990.3,58.3
2026-07-03 12:00:00,10,9,2026-07-18 06:00:00,14 days 18:00:00,354,17.25,153.38,987.9,61.7
2026-07-03 12:00:00,10,9,2026-07-18 12:00:00,15 days 00:00:00,360,18.0,152.25,985.4,65.1
2026-07-03 12:00:00,11,9,2026-07-15 12:00:00,12 days 00:00:00,288,11.25,-111.0,1006.0,33.2
2026-07-03 12:00:00,11,9,2026-07-15 18:00:00,12 days 06:00:00,294,12.0,-111.25,1005.0,35.1
2026-07-03 12:00:00,11,9,2026-07-16 00:00:00,12 days 12:00:00,300,12.75,-111.5,1003.9,37.1
2026-07-03 12:00:00,11,9,2026-07-16 06:00:00,12 days 18:00:00,306,12.38,-113.13,1003.2,38.3
2026-07-03 12:00:00,11,9,2026-07-16 12:00:00,13 days 00:00:00,312,12.0,-114.75,1002.4,39.6
2026-07-03 12:00:00,11,9,2026-07-16 18:00:00,13 days 06:00:00,318,12.5,-115.75,1001.3,41.5
2026-07-03 12:00:00,11,9,2026-07-17 00:00:00,13 days 12:00:00,324,13.0,-116.75,1000.1,43.5
2026-07-03 12:00:00,11,9,2026-07-17 06:00:00,13 days 18:00:00,330,13.5,-117.75,1000.4,43.0
2026-07-03 12:00:00,11,9,2026-07-17 12:00:00,14 days 00:00:00,336,14.0,-118.75,1000.7,42.5
2026-07-03 12:00:00,11,9,2026-07-17 18:00:00,14 days 06:00:00,342,14.13,-120.12,1000.1,43.4
2026-07-03 12:00:00,11,9,2026-07-18 00:00:00,14 days 12:00:00,348,14.25,-121.5,999.5,44.4
2026-07-03 12:00:00,11,9,2026-07-18 06:00:00,14 days 18:00:00,354,15.0,-122.75,997.3,47.9
2026-07-03 12:00:00,11,9,2026-07-18 12:00:00,15 days 00:00:00,360,15.75,-124.0,995.0,51.4
2026-07-03 12:00:00,3,9,2026-07-03 12:00:00,0 days 00:00:00,0,12.75,153.0,976.5,76.7
2026-07-03 12:00:00,3,9,2026-07-03 18:00:00,0 days 06:00:00,6,12.75,152.25,973.5,80.3
2026-07-03 12:00:00,3,9,2026-07-04 00:00:00,0 days 12:00:00,12,12.75,151.5,970.5,84.0
2026-07-03 12:00:00,3,9,2026-07-04 06:00:00,0 days 18:00:00,18,12.75,151.0,970.7,83.7
2026-07-03 12:00:00,3,9,2026-07-04 12:00:00,1 days 00:00:00,24,12.75,150.5,971.0,83.4
2026-07-03 12:00:00,3,9,2026-07-04 18:00:00,1 days 06:00:00,30,13.0,149.75,969.8,84.9
2026-07-03 12:00:00,3,9,2026-07-05 00:00:00,1 days 12:00:00,36,13.25,149.0,968.5,86.4
2026-07-03 12:00:00,3,9,2026-07-05 06:00:00,1 days 18:00:00,42,13.25,148.0,967.6,87.4
2026-07-03 12:00:00,3,9,2026-07-05 12:00:00,2 days 00:00:00,48,13.25,147.0,966.8,88.5
2026-07-03 12:00:00,3,9,2026-07-05 18:00:00,2 days 06:00:00,54,13.63,146.0,964.4,91.2
2026-07-03 12:00:00,3,9,2026-07-06 00:00:00,2 days 12:00:00,60,14.0,145.0,962.0,94.0
2026-07-03 12:00:00,3,9,2026-07-06 06:00:00,2 days 18:00:00,66,14.25,143.75,961.0,95.1
2026-07-03 12:00:00,3,9,2026-07-06 12:00:00,3 days 00:00:00,72,14.5,142.5,960.0,96.2
2026-07-03 12:00:00,3,9,2026-07-06 18:00:00,3 days 06:00:00,78,14.75,141.0,958.4,98.0
2026-07-03 12:00:00,3,9,2026-07-07 00:00:00,3 days 12:00:00,84,15.0,139.5,956.8,99.8
2026-07-03 12:00:00,3,9,2026-07-07 06:00:00,3 days 18:00:00,90,15.38,138.13,954.2,102.6
2026-07-03 12:00:00,3,9,2026-07-07 12:00:00,4 days 00:00:00,96,15.75,136.75,951.6,105.4
2026-07-03 12:00:00,3,9,2026-07-07 18:00:00,4 days 06:00:00,102,16.13,135.5,949.1,108.1
2026-07-03 12:00:00,3,9,2026-07-08 00:00:00,4 days 12:00:00,108,16.5,134.25,946.6,110.8
2026-07-03 12:00:00,3,9,2026-07-08 06:00:00,4 days 18:00:00,114,16.88,133.0,949.3,108.0
2026-07-03 12:00:00,3,9,2026-07-08 12:00:00,5 days 00:00:00,120,17.25,131.75,952.0,105.1
2026-07-03 12:00:00,3,9,2026-07-08 18:00:00,5 days 06:00:00,126,17.38,130.5,950.2,107.0
2026-07-03 12:00:00,3,9,2026-07-09 00:00:00,5 days 12:00:00,132,17.5,129.25,948.3,109.0
2026-07-03 12:00:00,3,9,2026-07-09 06:00:00,5 days 18:00:00,138,18.0,128.38,949.5,107.7
2026-07-03 12:00:00,3,9,2026-07-09 12:00:00,6 days 00:00:00,144,18.5,127.5,950.7,106.4
2026-07-03 12:00:00,3,9,2026-07-09 18:00:00,6 days 06:00:00,150,19.13,126.63,951.7,105.4
2026-07-03 12:00:00,3,9,2026-07-10 00:00:00,6 days 12:00:00,156,19.75,125.75,952.7,104.3
2026-07-03 12:00:00,3,9,2026-07-10 06:00:00,6 days 18:00:00,162,20.13,125.38,957.2,99.3
2026-07-03 12:00:00,3,9,2026-07-10 12:00:00,7 days 00:00:00,168,20.5,125.0,961.8,94.2
2026-07-03 12:00:00,3,9,2026-07-10 18:00:00,7 days 06:00:00,174,21.5,123.76,964.3,91.3
2026-07-03 12:00:00,3,9,2026-07-11 00:00:00,7 days 12:00:00,180,22.5,122.5,966.8,88.4
2026-07-03 12:00:00,3,9,2026-07-11 06:00:00,7 days 18:00:00,186,23.38,121.01,971.7,82.5
2026-07-03 12:00:00,3,9,2026-07-11 12:00:00,8 days 00:00:00,192,24.25,119.5,976.5,76.6
2026-07-03 12:00:00,3,9,2026-07-11 18:00:00,8 days 06:00:00,198,24.88,118.51,982.1,69.3
2026-07-03 12:00:00,3,9,2026-07-12 00:00:00,8 days 12:00:00,204,25.5,117.5,987.7,62.0
2026-07-03 12:00:00,3,9,2026-07-12 06:00:00,8 days 18:00:00,210,26.51,116.26,990.5,57.9
2026-07-03 12:00:00,3,9,2026-07-12 12:00:00,9 days 00:00:00,216,27.5,115.0,993.3,53.9
2026-07-03 12:00:00,3,9,2026-07-12 18:00:00,9 days 06:00:00,222,27.63,113.63,995.2,51.2
2026-07-03 12:00:00,3,9,2026-07-13 00:00:00,9 days 12:00:00,228,27.75,112.25,997.0,48.4
2026-07-03 12:00:00,4,9,2026-07-03 12:00:00,0 days 00:00:00,0,19.5,-128.5,1001.2,41.7
2026-07-03 12:00:00,5,9,2026-07-03 12:00:00,0 days 00:00:00,0,18.5,110.0,997.5,47.5
2026-07-03 12:00:00,5,9,2026-07-03 18:00:00,0 days 06:00:00,6,19.25,109.13,996.5,49.2
2026-07-03 12:00:00,5,9,2026-07-04 00:00:00,0 days 12:00:00,12,20.0,108.25,995.4,50.8
2026-07-03 12:00:00,5,9,2026-07-04 06:00:00,0 days 18:00:00,18,20.63,108.13,995.1,51.2
2026-07-03 12:00:00,5,9,2026-07-04 12:00:00,1 days 00:00:00,24,21.25,108.0,994.8,51.7
2026-07-03 12:00:00,5,9,2026-07-04 18:00:00,1 days 06:00:00,30,21.5,108.12,996.0,49.8
2026-07-03 12:00:00,5,9,2026-07-05 00:00:00,1 days 12:00:00,36,21.75,108.25,997.3,48.0
2026-07-03 12:00:00,5,9,2026-07-05 06:00:00,1 days 18:00:00,42,24.16,105.06,996.8,48.7
2026-07-03 12:00:00,5,9,2026-07-05 12:00:00,2 days 00:00:00,48,26.5,101.75,996.4,49.3
2026-07-03 12:00:00,6,9,2026-07-04 00:00:00,0 days 12:00:00,12,20.5,87.25,993.9,53.1
2026-07-03 12:00:00,6,9,2026-07-04 06:00:00,0 days 18:00:00,18,20.63,86.88,991.4,56.6
2026-07-03 12:00:00,6,9,2026-07-04 12:00:00,1 days 00:00:00,24,20.75,86.5,988.9,60.2
2026-07-03 12:00:00,6,9,2026-07-04 18:00:00,1 days 06:00:00,30,20.75,86.5,988.6,60.7
2026-07-03 12:00:00,6,9,2026-07-05 00:00:00,1 days 12:00:00,36,20.75,86.5,988.3,61.1
2026-07-03 12:00:00,6,9,2026-07-05 06:00:00,1 days 18:00:00,42,21.0,85.63,988.4,61.0
2026-07-03 12:00:00,6,9,2026-07-05 12:00:00,2 days 00:00:00,48,21.25,84.75,988.4,61.0
2026-07-03 12:00:00,6,9,2026-07-05 18:00:00,2 days 06:00:00,54,21.25,84.88,989.7,59.2
2026-07-03 12:00:00,6,9,2026-07-06 00:00:00,2 days 12:00:00,60,21.25,85.0,991.0,57.3
2026-07-03 12:00:00,6,9,2026-07-06 06:00:00,2 days 18:00:00,66,22.63,84.63,991.5,56.6
2026-07-03 12:00:00,6,9,2026-07-06 12:00:00,3 days 00:00:00,72,24.0,84.25,992.0,55.9
2026-07-03 12:00:00,6,9,2026-07-06 18:00:00,3 days 06:00:00,78,24.0,83.5,991.6,56.4
2026-07-03 12:00:00,6,9,2026-07-07 00:00:00,3 days 12:00:00,84,24.0,82.75,991.3,56.9
2026-07-03 12:00:00,6,9,2026-07-07 06:00:00,3 days 18:00:00,90,24.5,82.38,990.8,57.6
2026-07-03 12:00:00,6,9,2026-07-07 12:00:00,4 days 00:00:00,96,25.0,82.0,990.3,58.3
2026-07-03 12:00:00,6,9,2026-07-07 18:00:00,4 days 06:00:00,102,25.0,82.0,991.0,57.3
2026-07-03 12:00:00,6,9,2026-07-08 00:00:00,4 days 12:00:00,108,25.0,82.0,991.8,56.2
2026-07-03 12:00:00,6,9,2026-07-08 06:00:00,4 days 18:00:00,114,25.25,81.38,992.0,55.8
2026-07-03 12:00:00,6,9,2026-07-08 12:00:00,5 days 00:00:00,120,25.5,80.75,992.3,55.5
2026-07-03 12:00:00,6,9,2026-07-08 18:00:00,5 days 06:00:00,126,26.0,80.38,993.0,54.4
2026-07-03 12:00:00,6,9,2026-07-09 00:00:00,5 days 12:00:00,132,26.5,80.0,993.8,53.3
2026-07-03 12:00:00,6,9,2026-07-09 06:00:00,5 days 18:00:00,138,26.75,79.25,994.1,52.7
2026-07-03 12:00:00,6,9,2026-07-09 12:00:00,6 days 00:00:00,144,27.0,78.5,994.5,52.2
2026-07-03 12:00:00,6,9,2026-07-09 18:00:00,6 days 06:00:00,150,26.5,79.13,996.3,49.4
2026-07-03 12:00:00,6,9,2026-07-10 00:00:00,6 days 12:00:00,156,26.0,79.75,998.1,46.7
2026-07-03 12:00:00,6,9,2026-07-10 06:00:00,6 days 18:00:00,162,27.68,83.69,995.3,50.8
2026-07-03 12:00:00,6,9,2026-07-10 12:00:00,7 days 00:00:00,168,29.25,87.75,992.6,55.0
2026-07-03 12:00:00,6,9,2026-07-10 18:00:00,7 days 06:00:00,174,29.76,86.89,992.4,55.2
2026-07-03 12:00:00,6,9,2026-07-11 00:00:00,7 days 12:00:00,180,30.26,86.02,992.3,55.5
2026-07-03 12:00:00,6,9,2026-07-11 06:00:00,7 days 18:00:00,186,30.76,85.14,992.1,55.7
2026-07-03 12:00:00,6,9,2026-07-11 12:00:00,8 days 00:00:00,192,31.25,84.25,991.9,56.0
2026-07-03 12:00:00,6,9,2026-07-11 18:00:00,8 days 06:00:00,198,28.38,84.38,993.0,54.4
2026-07-03 12:00:00,6,9,2026-07-12 00:00:00,8 days 12:00:00,204,25.5,84.5,994.1,52.8
2026-07-03 12:00:00,6,9,2026-07-12 06:00:00,8 days 18:00:00,210,24.7,85.71,994.0,52.9
2026-07-03 12:00:00,6,9,2026-07-12 12:00:00,9 days 00:00:00,216,23.89,86.9,994.0,53.0
2026-07-03 12:00:00,6,9,2026-07-12 18:00:00,9 days 06:00:00,222,23.08,88.09,993.9,53.1
2026-07-03 12:00:00,6,9,2026-07-13 00:00:00,9 days 12:00:00,228,22.25,89.25,993.9,53.2
2026-07-03 12:00:00,6,9,2026-07-13 06:00:00,9 days 18:00:00,234,21.88,88.75,993.3,53.9
2026-07-03 12:00:00,6,9,2026-07-13 12:00:00,10 days 00:00:00,240,21.5,88.25,992.8,54.6
2026-07-03 12:00:00,6,9,2026-07-13 18:00:00,10 days 06:00:00,246,21.63,88.87,992.9,54.6
2026-07-03 12:00:00,6,9,2026-07-14 00:00:00,10 days 12:00:00,252,21.75,89.5,992.9,54.6
2026-07-03 12:00:00,6,9,2026-07-14 06:00:00,10 days 18:00:00,258,22.0,88.88,992.9,54.6
2026-07-03 12:00:00,6,9,2026-07-14 12:00:00,11 days 00:00:00,264,22.25,88.25,992.8,54.7
2026-07-03 12:00:00,6,9,2026-07-14 18:00:00,11 days 06:00:00,270,22.38,88.13,992.4,55.2
2026-07-03 12:00:00,6,9,2026-07-15 00:00:00,11 days 12:00:00,276,22.5,88.0,992.1,55.8
2026-07-03 12:00:00,6,9,2026-07-15 06:00:00,11 days 18:00:00,282,23.0,87.38,992.3,55.4
2026-07-03 12:00:00,6,9,2026-07-15 12:00:00,12 days 00:00:00,288,23.5,86.75,992.5,55.1
2026-07-03 12:00:00,6,9,2026-07-15 18:00:00,12 days 06:00:00,294,23.63,85.88,993.5,53.6
2026-07-03 12:00:00,6,9,2026-07-16 00:00:00,12 days 12:00:00,300,23.75,85.0,994.5,52.2
2026-07-03 12:00:00,6,9,2026-07-16 06:00:00,12 days 18:00:00,306,24.13,84.5,994.4,52.4
2026-07-03 12:00:00,6,9,2026-07-16 12:00:00,13 days 00:00:00,312,24.5,84.0,994.2,52.6
2026-07-03 12:00:00,6,9,2026-07-16 18:00:00,13 days 06:00:00,318,24.5,82.88,994.7,51.9
2026-07-03 12:00:00,6,9,2026-07-17 00:00:00,13 days 12:00:00,324,24.5,81.75,995.2,51.2
2026-07-03 12:00:00,6,9,2026-07-17 06:00:00,13 days 18:00:00,330,25.0,81.13,995.4,50.8
2026-07-03 12:00:00,6,9,2026-07-17 12:00:00,14 days 00:00:00,336,25.5,80.5,995.7,50.4
2026-07-03 12:00:00,7,9,2026-07-10 12:00:00,7 days 00:00:00,168,-35.25,-109.25,969.3,85.5
2026-07-03 12:00:00,7,9,2026-07-10 18:00:00,7 days 06:00:00,174,-36.26,-107.77,970.6,83.9
2026-07-03 12:00:00,7,9,2026-07-11 00:00:00,7 days 12:00:00,180,-37.25,-106.25,972.0,82.3
2026-07-03 12:00:00,7,9,2026-07-11 06:00:00,7 days 18:00:00,186,-38.63,-105.15,972.3,81.9
2026-07-03 12:00:00,7,9,2026-07-11 12:00:00,8 days 00:00:00,192,-40.0,-104.0,972.5,81.5
2026-07-03 12:00:00,7,9,2026-07-11 18:00:00,8 days 06:00:00,198,-40.64,-102.39,975.6,77.8
2026-07-03 12:00:00,7,9,2026-07-12 00:00:00,8 days 12:00:00,204,-41.25,-100.75,978.6,74.0
2026-07-03 12:00:00,7,9,2026-07-12 06:00:00,8 days 18:00:00,210,-41.64,-99.01,980.7,71.3
2026-07-03 12:00:00,7,9,2026-07-12 12:00:00,9 days 00:00:00,216,-42.0,-97.25,982.8,68.6
2026-07-03 12:00:00,7,9,2026-07-12 18:00:00,9 days 06:00:00,222,-43.1,-94.58,981.4,70.3
2026-07-03 12:00:00,7,9,2026-07-13 00:00:00,9 days 12:00:00,228,-44.14,-91.82,980.1,72.1
2026-07-03 12:00:00,7,9,2026-07-13 06:00:00,9 days 18:00:00,234,-45.11,-88.95,978.7,73.9
2026-07-03 12:00:00,7,9,2026-07-13 12:00:00,10 days 00:00:00,240,-46.0,-86.0,977.3,75.6
2026-07-03 12:00:00,8,9,2026-07-12 00:00:00,8 days 12:00:00,204,-41.5,-143.0,969.1,85.7
2026-07-03 12:00:00,8,9,2026-07-12 06:00:00,8 days 18:00:00,210,-43.13,-142.15,967.2,87.9
2026-07-03 12:00:00,8,9,2026-07-12 12:00:00,9 days 00:00:00,216,-44.75,-141.25,965.3,90.1
2026-07-03 12:00:00,8,9,2026-07-12 18:00:00,9 days 06:00:00,222,-46.0,-140.64,965.0,90.4
2026-07-03 12:00:00,8,9,2026-07-13 00:00:00,9 days 12:00:00,228,-47.25,-140.0,964.8,90.8
2026-07-03 12:00:00,8,9,2026-07-13 06:00:00,9 days 18:00:00,234,-48.13,-139.02,966.1,89.2
2026-07-03 12:00:00,8,9,2026-07-13 12:00:00,10 days 00:00:00,240,-49.0,-138.0,967.5,87.6
2026-07-03 12:00:00,8,9,2026-07-13 18:00:00,10 days 06:00:00,246,-49.01,-136.62,968.0,86.9
2026-07-03 12:00:00,8,9,2026-07-14 00:00:00,10 days 12:00:00,252,-49.0,-135.25,968.6,86.2
2026-07-03 12:00:00,8,9,2026-07-14 06:00:00,10 days 18:00:00,258,-48.13,-134.11,971.5,82.7
2026-07-03 12:00:00,8,9,2026-07-14 12:00:00,11 days 00:00:00,264,-47.25,-133.0,974.5,79.2
2026-07-03 12:00:00,9,9,2026-07-14 12:00:00,11 days 00:00:00,264,11.25,-125.25,1004.3,36.4
2026-07-03 12:00:00,9,9,2026-07-14 18:00:00,11 days 06:00:00,270,12.13,-125.75,1004.0,36.9
2026-07-03 12:00:00,9,9,2026-07-15 00:00:00,11 days 12:00:00,276,13.0,-126.25,1003.7,37.3
2026-07-03 12:00:00,9,9,2026-07-15 06:00:00,11 days 18:00:00,282,13.13,-126.75,1003.2,38.3
2026-07-03 12:00:00,9,9,2026-07-15 12:00:00,12 days 00:00:00,288,13.25,-127.25,1002.6,39.3
2026-07-03 12:00:00,9,9,2026-07-15 18:00:00,12 days 06:00:00,294,13.63,-128.12,1002.2,40.0
2026-07-03 12:00:00,9,9,2026-07-16 00:00:00,12 days 12:00:00,300,14.0,-129.0,1001.8,40.6
2026-07-03 12:00:00,9,9,2026-07-16 06:00:00,12 days 18:00:00,306,13.88,-129.88,1001.5,41.2
2026-07-03 12:00:00,9,9,2026-07-16 12:00:00,13 days 00:00:00,312,13.75,-130.75,1001.2,41.7
2026-07-03 12:00:00,9,9,2026-07-16 18:00:00,13 days 06:00:00,318,14.13,-131.37,1000.7,42.4
2026-07-03 12:00:00,9,9,2026-07-17 00:00:00,13 days 12:00:00,324,14.5,-132.0,1000.3,43.2
2026-07-03 12:00:00,9,9,2026-07-17 06:00:00,13 days 18:00:00,330,14.5,-132.25,1000.5,42.9
2026-07-03 12:00:00,9,9,2026-07-17 12:00:00,14 days 00:00:00,336,14.5,-132.5,1000.6,42.6
2026-07-03 12:00:00,9,9,2026-07-17 18:00:00,14 days 06:00:00,342,15.0,-132.87,999.3,44.7
2026-07-03 12:00:00,9,9,2026-07-18 00:00:00,14 days 12:00:00,348,15.5,-133.25,998.0,46.9
2026-07-03 12:00:00,9,9,2026-07-18 06:00:00,14 days 18:00:00,354,16.0,-133.87,998.0,46.9
2026-07-03 12:00:00,9,9,2026-07-18 12:00:00,15 days 00:00:00,360,16.5,-134.5,998.0,46.9
