typicalDate,typicalTime,track,sample,year,month,day,hour,lat,lon,pressureReducedToMeanSeaLevel,base_dt,valid_dt,pressure
20260716,000000,70W,1,2026,7,16,0,15.6,137.5,100300.0,2026-07-16,2026-07-16,1003.0
20260716,000000,70W,1,2026,7,16,0,15.3,138.3,100700.0,2026-07-16,2026-07-16,1007.0
20260716,000000,70W,1,2026,7,16,0,15.0,139.20000000000002,100500.0,2026-07-16,2026-07-16,1005.0
20260716,000000,70W,1,2026,7,16,0,15.3,140.0,100600.0,2026-07-16,2026-07-16,1006.0
20260716,000000,70W,1,2026,7,16,0,15.3,140.9,100400.0,2026-07-16,2026-07-16,1004.0
20260716,000000,70W,1,2026,7,16,0,15.6,141.4,100600.0,2026-07-16,2026-07-16,1006.0
20260716,000000,70W,1,2026,7,16,0,15.9,141.70000000000002,100400.0,2026-07-16,2026-07-16,1004.0
20260716,000000,70W,2,2026,7,16,0,2.9,152.1,100700.0,2026-07-16,2026-07-16,1007.0
20260716,000000,70W,2,2026,7,16,0,3.5,152.1,101000.0,2026-07-16,2026-07-16,1010.0
20260716,000000,70W,3,2026,7,16,0,16.1,133.8,100800.0,2026-07-16,2026-07-16,1008.0
20260716,000000,70W,3,2026,7,16,0,17.0,132.7,100800.0,2026-07-16,2026-07-16,1008.0
20260716,000000,70W,3,2026,7,16,0,17.3,129.9,100600.0,2026-07-16,2026-07-16,1006.0
20260716,000000,70W,3,2026,7,16,0,17.6,127.4,100700.0,2026-07-16,2026-07-16,1007.0
20260716,000000,70W,3,2026,7,16,0,18.400000000000002,127.10000000000001,100400.0,2026-07-16,2026-07-16,1004.0
20260716,000000,70W,3,2026,7,16,0,18.1,124.5,100500.0,2026-07-16,2026-07-16,1005.0
20260716,000000,70W,3,2026,7,16,0,18.1,122.9,100300.0,2026-07-16,2026-07-16,1003.0
20260716,000000,70W,3,2026,7,16,0,19.2,121.7,100400.0,2026-07-16,2026-07-16,1004.0
20260716,000000,70W,3,2026,7,16,0,18.7,120.9,100300.0,2026-07-16,2026-07-16,1003.0
20260716,000000,70W,3,2026,7,16,0,19.5,119.2,100400.0,2026-07-16,2026-07-16,1004.0
20260716,000000,70W,3,2026,7,16,0,20.400000000000002,117.5,100300.0,2026-07-16,2026-07-16,1003.0
20260716,000000,70W,3,2026,7,16,0,20.400000000000002,116.7,100400.0,2026-07-16,2026-07-16,1004.0
20260716,000000,70W,3,2026,7,16,0,20.7,114.4,100400.0,2026-07-16,2026-07-16,1004.0
20260716,000000,70W,3,2026,7,16,0,20.400000000000002,112.7,99900.0,2026-07-16,2026-07-16,999.0
20260716,000000,70W,3,2026,7,16,0,20.7,111.9,99900.0,2026-07-16,2026-07-16,999.0
20260716,000000,70W,3,2026,7,16,0,21.2,110.8,99900.0,2026-07-16,2026-07-16,999.0
20260716,000000,70W,3,2026,7,16,0,22.1,109.9,99800.0,2026-07-16,2026-07-16,998.0
20260716,000000,70W,3,2026,7,16,0,22.6,108.8,100000.0,2026-07-16,2026-07-16,1000.0
20260716,000000,70W,3,2026,7,16,0,23.8,108.0,100400.0,2026-07-16,2026-07-16,1004.0
20260716,000000,70W,3,2026,7,16,0,24.0,106.3,100600.0,2026-07-16,2026-07-16,1006.0
20260716,000000,70W,3,2026,7,16,0,21.8,104.9,100500.0,2026-07-16,2026-07-16,1005.0
20260716,000000,70W,4,2026,7,16,0,4.3,152.70000000000002,100700.0,2026-07-16,2026-07-16,1007.0
20260716,000000,70W,4,2026,7,16,0,4.6000000000000005,153.8,101000.0,2026-07-16,2026-07-16,1010.0
20260716,000000,70W,5,2026,7,16,0,31.400000000000002,120.9,100300.0,2026-07-16,2026-07-16,1003.0
20260716,000000,70W,5,2026,7,16,0,33.6,126.2,100400.0,2026-07-16,2026-07-16,1004.0
20260716,000000,70W,5,2026,7,16,0,33.6,126.5,100400.0,2026-07-16,2026-07-16,1004.0
20260716,000000,70W,6,2026,7,16,0,13.3,130.5,100700.0,2026-07-16,2026-07-16,1007.0
20260716,000000,70W,6,2026,7,16,0,12.8,128.2,100400.0,2026-07-16,2026-07-16,1004.0
20260716,000000,70W,6,2026,7,16,0,13.0,127.60000000000001,100500.0,2026-07-16,2026-07-16,1005.0
20260716,000000,70W,6,2026,7,16,0,13.9,127.60000000000001,100200.0,2026-07-16,2026-07-16,1002.0
20260716,000000,70W,6,2026,7,16,0,13.9,126.5,100300.0,2026-07-16,2026-07-16,1003.0
20260716,000000,70W,6,2026,7,16,0,15.0,124.5,100100.0,2026-07-16,2026-07-16,1001.0
20260716,000000,70W,6,2026,7,16,0,15.3,122.9,100200.0,2026-07-16,2026-07-16,1002.0
20260716,000000,70W,6,2026,7,16,0,16.1,122.3,99400.0,2026-07-16,2026-07-16,994.0
20260716,000000,70W,6,2026,7,16,0,17.8,120.3,100100.0,2026-07-16,2026-07-16,1001.0
20260716,000000,70W,6,2026,7,16,0,17.6,119.5,99900.0,2026-07-16,2026-07-16,999.0
20260716,000000,70W,6,2026,7,16,0,18.1,118.4,100000.0,2026-07-16,2026-07-16,1000.0
20260716,000000,70W,6,2026,7,16,0,19.2,117.2,99700.0,2026-07-16,2026-07-16,997.0
20260716,000000,70W,6,2026,7,16,0,19.5,116.10000000000001,99600.0,2026-07-16,2026-07-16,996.0
20260716,000000,70W,6,2026,7,16,0,20.400000000000002,115.0,99500.0,2026-07-16,2026-07-16,995.0
20260716,000000,70W,6,2026,7,16,0,21.2,114.10000000000001,99300.0,2026-07-16,2026-07-16,993.0
20260716,000000,70W,6,2026,7,16,0,22.3,113.9,99100.0,2026-07-16,2026-07-16,991.0
20260716,000000,70W,6,2026,7,16,0,23.2,113.3,99500.0,2026-07-16,2026-07-16,995.0
20260716,000000,70W,6,2026,7,16,0,24.900000000000002,112.5,100000.0,2026-07-16,2026-07-16,1000.0
20260716,000000,70W,6,2026,7,16,0,26.900000000000002,112.5,100400.0,2026-07-16,2026-07-16,1004.0
20260716,000000,70W,6,2026,7,16,0,27.7,111.3,100400.0,2026-07-16,2026-07-16,1004.0
20260716,000000,70W,6,2026,7,16,0,28.5,110.5,100400.0,2026-07-16,2026-07-16,1004.0
20260716,000000,70W,6,2026,7,16,0,30.0,111.60000000000001,100600.0,2026-07-16,2026-07-16,1006.0
20260716,000000,70W,7,2026,7,16,0,31.900000000000002,155.5,99700.0,2026-07-16,2026-07-16,997.0
20260716,000000,70W,7,2026,7,16,0,32.2,156.0,99800.0,2026-07-16,2026-07-16,998.0
20260716,000000,70W,7,2026,7,16,0,32.5,156.9,99800.0,2026-07-16,2026-07-16,998.0
20260716,000000,70W,7,2026,7,16,0,33.1,157.5,99700.0,2026-07-16,2026-07-16,997.0
20260716,000000,70W,7,2026,7,16,0,33.6,157.5,99500.0,2026-07-16,2026-07-16,995.0
20260716,000000,70W,7,2026,7,16,0,33.3,157.70000000000002,99700.0,2026-07-16,2026-07-16,997.0
20260716,000000,70W,8,2026,7,16,0,31.6,166.20000000000002,100700.0,2026-07-16,2026-07-16,1007.0
20260716,000000,70W,8,2026,7,16,0,32.8,165.3,100600.0,2026-07-16,2026-07-16,1006.0
20260716,000000,70W,9,2026,7,16,0,4.3,151.5,100800.0,2026-07-16,2026-07-16,1008.0
20260716,000000,70W,9,2026,7,16,0,5.2,151.8,101100.0,2026-07-16,2026-07-16,1011.0
20260716,000000,70W,9,2026,7,16,0,4.6000000000000005,150.70000000000002,100800.0,2026-07-16,2026-07-16,1008.0
20260716,000000,70W,9,2026,7,16,0,5.2,152.70000000000002,100700.0,2026-07-16,2026-07-16,1007.0
20260716,000000,70W,9,2026,7,16,0,5.4,153.5,101000.0,2026-07-16,2026-07-16,1010.0
20260716,000000,70W,9,2026,7,16,0,7.4,153.5,100700.0,2026-07-16,2026-07-16,1007.0
20260716,000000,70W,9,2026,7,16,0,9.4,153.8,100900.0,2026-07-16,2026-07-16,1009.0
20260716,000000,70W,9,2026,7,16,0,9.700000000000001,153.8,100800.0,2026-07-16,2026-07-16,1008.0
20260716,000000,70W,9,2026,7,16,0,8.8,152.4,100700.0,2026-07-16,2026-07-16,1007.0
20260716,000000,70W,10,2026,7,16,0,4.6000000000000005,151.8,100700.0,2026-07-16,2026-07-16,1007.0
20260716,000000,70W,10,2026,7,16,0,4.9,152.4,100900.0,2026-07-16,2026-07-16,1009.0
20260716,000000,70W,10,2026,7,16,0,5.4,153.0,100700.0,2026-07-16,2026-07-16,1007.0
20260716,000000,70W,10,2026,7,16,0,7.7,153.8,100900.0,2026-07-16,2026-07-16,1009.0
20260716,000000,70W,10,2026,7,16,0,7.7,154.4,100800.0,2026-07-16,2026-07-16,1008.0
20260716,000000,70W,10,2026,7,16,0,8.3,154.6,101000.0,2026-07-16,2026-07-16,1010.0
20260716,000000,70W,10,2026,7,16,0,8.8,155.20000000000002,100800.0,2026-07-16,2026-07-16,1008.0
20260716,000000,70W,10,2026,7,16,0,9.700000000000001,155.20000000000002,101000.0,2026-07-16,2026-07-16,1010.0
20260716,000000,70W,10,2026,7,16,0,9.1,155.5,100900.0,2026-07-16,2026-07-16,1009.0
20260716,000000,70W,10,2026,7,16,0,9.4,153.8,100800.0,2026-07-16,2026-07-16,1008.0
20260716,000000,70W,10,2026,7,16,0,11.9,154.1,101000.0,2026-07-16,2026-07-16,1010.0
20260716,000000,70W,11,2026,7,16,0,15.3,158.0,100900.0,2026-07-16,2026-07-16,1009.0
20260716,000000,70W,11,2026,7,16,0,15.4,154.6,101000.0,2026-07-16,2026-07-16,1010.0
20260716,000000,70W,11,2026,7,16,0,16.4,153.20000000000002,100800.0,2026-07-16,2026-07-16,1008.0
20260716,000000,70W,11,2026,7,16,0,14.5,153.20000000000002,100900.0,2026-07-16,2026-07-16,1009.0
20260716,000000,70W,11,2026,7,16,0,13.3,150.70000000000002,100700.0,2026-07-16,2026-07-16,1007.0
20260716,000000,70W,11,2026,7,16,0,11.9,147.0,100700.0,2026-07-16,2026-07-16,1007.0
20260716,000000,70W,11,2026,7,16,0,12.5,145.9,100900.0,2026-07-16,2026-07-16,1009.0
20260716,000000,70W,12,2026,7,16,0,4.3,152.1,100800.0,2026-07-16,2026-07-16,1008.0
20260716,000000,70W,12,2026,7,16,0,4.3,152.4,101100.0,2026-07-16,2026-07-16,1011.0
20260716,000000,70W,12,2026,7,16,0,4.3,150.1,100900.0,2026-07-16,2026-07-16,1009.0
20260716,000000,70W,13,2026,7,16,0,3.5,152.1,100800.0,2026-07-16,2026-07-16,1008.0
20260716,000000,70W,14,2026,7,16,0,35.9,139.70000000000002,99900.0,2026-07-16,2026-07-16,999.0
20260716,000000,70W,15,2026,7,16,0,5.4,154.4,100700.0,2026-07-16,2026-07-16,1007.0
20260716,000000,70W,15,2026,7,16,0,7.7,153.5,100800.0,2026-07-16,2026-07-16,1008.0
20260716,000000,70W,15,2026,7,16,0,6.6000000000000005,153.0,100900.0,2026-07-16,2026-07-16,1009.0
20260716,000000,70W,15,2026,7,16,0,7.7,152.70000000000002,100600.0,2026-07-16,2026-07-16,1006.0
20260716,000000,70W,15,2026,7,16,0,8.3,153.5,100900.0,2026-07-16,2026-07-16,1009.0
20260716,000000,70W,15,2026,7,16,0,9.1,154.1,100700.0,2026-07-16,2026-07-16,1007.0
20260716,000000,70W,15,2026,7,16,0,10.0,154.1,100900.0,2026-07-16,2026-07-16,1009.0
20260716,000000,70W,15,2026,7,16,0,10.0,154.6,100700.0,2026-07-16,2026-07-16,1007.0
20260716,000000,70W,15,2026,7,16,0,10.0,154.1,101000.0,2026-07-16,2026-07-16,1010.0
20260716,000000,70W,15,2026,7,16,0,11.1,153.20000000000002,100800.0,2026-07-16,2026-07-16,1008.0
20260716,000000,70W,16,2026,7,16,0,4.0,152.70000000000002,100700.0,2026-07-16,2026-07-16,1007.0
20260716,000000,70W,16,2026,7,16,0,4.6000000000000005,153.20000000000002,100700.0,2026-07-16,2026-07-16,1007.0
20260716,000000,70W,16,2026,7,16,0,7.4,153.8,100800.0,2026-07-16,2026-07-16,1008.0
20260716,000000,70W,17,2026,7,16,0,6.3,154.6,100700.0,2026-07-16,2026-07-16,1007.0
20260716,000000,70W,17,2026,7,16,0,5.7,151.8,100700.0,2026-07-16,2026-07-16,1007.0
20260716,000000,70W,17,2026,7,16,0,7.1000000000000005,153.20000000000002,100800.0,2026-07-16,2026-07-16,1008.0
20260716,000000,70W,17,2026,7,16,0,6.6000000000000005,153.5,100600.0,2026-07-16,2026-07-16,1006.0
20260716,000000,70W,17,2026,7,16,0,9.1,154.4,100800.0,2026-07-16,2026-07-16,1008.0
20260716,000000,70W,17,2026,7,16,0,10.0,155.8,100800.0,2026-07-16,2026-07-16,1008.0
20260716,000000,70W,17,2026,7,16,0,12.200000000000001,156.6,100900.0,2026-07-16,2026-07-16,1009.0
20260716,000000,70W,17,2026,7,16,0,13.0,153.8,100700.0,2026-07-16,2026-07-16,1007.0
20260716,000000,70W,17,2026,7,16,0,14.200000000000001,151.8,100900.0,2026-07-16,2026-07-16,1009.0
20260716,000000,70W,17,2026,7,16,0,15.9,149.0,100600.0,2026-07-16,2026-07-16,1006.0
20260716,000000,70W,17,2026,7,16,0,15.9,147.0,100600.0,2026-07-16,2026-07-16,1006.0
20260716,000000,70W,17,2026,7,16,0,16.4,146.5,100700.0,2026-07-16,2026-07-16,1007.0
20260716,000000,70W,17,2026,7,16,0,16.7,145.4,100500.0,2026-07-16,2026-07-16,1005.0
20260716,000000,70W,18,2026,7,16,0,32.8,154.9,100000.0,2026-07-16,2026-07-16,1000.0
20260716,000000,70W,19,2026,7,16,0,18.1,120.60000000000001,100700.0,2026-07-16,2026-07-16,1007.0
20260716,000000,70W,19,2026,7,16,0,17.8,120.3,100700.0,2026-07-16,2026-07-16,1007.0
20260716,000000,70W,19,2026,7,16,0,17.3,118.9,100800.0,2026-07-16,2026-07-16,1008.0
20260716,000000,70W,19,2026,7,16,0,17.3,120.0,100700.0,2026-07-16,2026-07-16,1007.0
20260716,000000,70W,19,2026,7,16,0,17.6,118.9,100600.0,2026-07-16,2026-07-16,1006.0
20260716,000000,70W,19,2026,7,16,0,16.4,117.8,100600.0,2026-07-16,2026-07-16,1006.0
20260716,000000,70W,19,2026,7,16,0,16.1,113.60000000000001,100400.0,2026-07-16,2026-07-16,1004.0
20260716,000000,70W,19,2026,7,16,0,16.1,113.3,100400.0,2026-07-16,2026-07-16,1004.0
20260716,000000,70W,19,2026,7,16,0,16.7,112.7,100400.0,2026-07-16,2026-07-16,1004.0
20260716,000000,70W,19,2026,7,16,0,16.7,110.8,100300.0,2026-07-16,2026-07-16,1003.0
20260716,000000,70W,19,2026,7,16,0,17.0,110.2,100200.0,2026-07-16,2026-07-16,1002.0
20260716,000000,70W,19,2026,7,16,0,16.7,109.10000000000001,100100.0,2026-07-16,2026-07-16,1001.0
20260716,000000,70W,19,2026,7,16,0,17.0,108.0,100100.0,2026-07-16,2026-07-16,1001.0
20260716,000000,70W,19,2026,7,16,0,17.0,107.4,100200.0,2026-07-16,2026-07-16,1002.0
20260716,000000,70W,19,2026,7,16,0,17.0,107.4,100200.0,2026-07-16,2026-07-16,1002.0
20260716,000000,70W,19,2026,7,16,0,16.7,105.4,100200.0,2026-07-16,2026-07-16,1002.0
20260716,000000,70W,19,2026,7,16,0,16.7,104.60000000000001,100300.0,2026-07-16,2026-07-16,1003.0
20260716,000000,70W,19,2026,7,16,0,16.4,104.0,100300.0,2026-07-16,2026-07-16,1003.0
20260716,000000,70W,19,2026,7,16,0,14.700000000000001,103.2,100200.0,2026-07-16,2026-07-16,1002.0
20260716,000000,70W,19,2026,7,16,0,16.1,103.7,100200.0,2026-07-16,2026-07-16,1002.0
20260716,000000,70W,19,2026,7,16,0,15.9,102.5,100400.0,2026-07-16,2026-07-16,1004.0
20260716,000000,70W,19,2026,7,16,0,16.4,100.4,100300.0,2026-07-16,2026-07-16,1003.0
20260716,000000,70W,19,2026,7,16,0,17.6,100.10000000000001,100300.0,2026-07-16,2026-07-16,1003.0
20260716,000000,70W,19,2026,7,16,0,17.0,100.10000000000001,100200.0,2026-07-16,2026-07-16,1002.0
20260716,000000,70W,19,2026,7,16,0,16.6,97.3,100500.0,2026-07-16,2026-07-16,1005.0
20260716,000000,70W,20,2026,7,16,0,4.9,151.8,100800.0,2026-07-16,2026-07-16,1008.0
20260716,000000,70W,20,2026,7,16,0,4.9,151.8,100600.0,2026-07-16,2026-07-16,1006.0
20260716,000000,70W,20,2026,7,16,0,6.6000000000000005,152.70000000000002,100800.0,2026-07-16,2026-07-16,1008.0
20260716,000000,70W,21,2026,7,16,0,5.4,150.70000000000002,100700.0,2026-07-16,2026-07-16,1007.0
20260716,000000,70W,21,2026,7,16,0,5.2,150.1,101000.0,2026-07-16,2026-07-16,1010.0
20260716,000000,70W,21,2026,7,16,0,4.9,150.70000000000002,100800.0,2026-07-16,2026-07-16,1008.0
20260716,000000,70W,22,2026,7,16,0,30.8,156.0,99500.0,2026-07-16,2026-07-16,995.0
20260716,000000,70W,22,2026,7,16,0,31.900000000000002,156.0,99800.0,2026-07-16,2026-07-16,998.0
20260716,000000,70W,22,2026,7,16,0,32.8,156.3,99600.0,2026-07-16,2026-07-16,996.0
20260716,000000,70W,22,2026,7,16,0,32.8,156.6,99700.0,2026-07-16,2026-07-16,997.0
20260716,000000,70W,22,2026,7,16,0,33.0,156.9,99700.0,2026-07-16,2026-07-16,997.0
20260716,000000,70W,22,2026,7,16,0,33.6,156.9,99900.0,2026-07-16,2026-07-16,999.0
20260716,000000,70W,22,2026,7,16,0,33.6,156.0,99900.0,2026-07-16,2026-07-16,999.0
20260716,000000,70W,23,2026,7,16,0,35.9,122.3,99900.0,2026-07-16,2026-07-16,999.0
20260716,000000,70W,23,2026,7,16,0,34.9,122.9,100000.0,2026-07-16,2026-07-16,1000.0
20260716,000000,70W,23,2026,7,16,0,35.0,122.9,100000.0,2026-07-16,2026-07-16,1000.0
20260716,000000,70W,23,2026,7,16,0,35.1,124.2,100000.0,2026-07-16,2026-07-16,1000.0
20260716,000000,70W,24,2026,7,16,0,24.900000000000002,147.0,100100.0,2026-07-16,2026-07-16,1001.0
20260716,000000,70W,24,2026,7,16,0,26.6,147.6,100200.0,2026-07-16,2026-07-16,1002.0
20260716,000000,70W,24,2026,7,16,0,27.400000000000002,147.6,100200.0,2026-07-16,2026-07-16,1002.0
20260716,000000,70W,24,2026,7,16,0,28.0,146.5,100200.0,2026-07-16,2026-07-16,1002.0
20260716,000000,70W,24,2026,7,16,0,27.7,144.5,100300.0,2026-07-16,2026-07-16,1003.0
20260716,000000,70W,24,2026,7,16,0,27.1,143.1,100400.0,2026-07-16,2026-07-16,1004.0
20260716,000000,70W,25,2026,7,16,0,6.3,151.5,100600.0,2026-07-16,2026-07-16,1006.0
20260716,000000,70W,25,2026,7,16,0,6.0,151.3,100700.0,2026-07-16,2026-07-16,1007.0
20260716,000000,70W,25,2026,7,16,0,6.6000000000000005,151.8,100400.0,2026-07-16,2026-07-16,1004.0
20260716,000000,70W,25,2026,7,16,0,7.1000000000000005,152.70000000000002,100700.0,2026-07-16,2026-07-16,1007.0
20260716,000000,70W,25,2026,7,16,0,7.4,152.70000000000002,100600.0,2026-07-16,2026-07-16,1006.0
20260716,000000,70W,25,2026,7,16,0,8.5,153.0,100800.0,2026-07-16,2026-07-16,1008.0
20260716,000000,70W,25,2026,7,16,0,9.1,153.0,100600.0,2026-07-16,2026-07-16,1006.0
20260716,000000,70W,25,2026,7,16,0,10.200000000000001,151.5,100800.0,2026-07-16,2026-07-16,1008.0
20260716,000000,70W,26,2026,7,16,0,31.900000000000002,155.5,99800.0,2026-07-16,2026-07-16,998.0
20260716,000000,70W,26,2026,7,16,0,32.8,155.8,99900.0,2026-07-16,2026-07-16,999.0
20260716,000000,70W,26,2026,7,16,0,33.0,156.3,99900.0,2026-07-16,2026-07-16,999.0
20260716,000000,70W,26,2026,7,16,0,33.0,155.8,100000.0,2026-07-16,2026-07-16,1000.0
20260716,000000,70W,26,2026,7,16,0,32.2,157.20000000000002,100100.0,2026-07-16,2026-07-16,1001.0
20260716,000000,70W,27,2026,7,16,0,33.9,118.10000000000001,99900.0,2026-07-16,2026-07-16,999.0
20260716,000000,70W,27,2026,7,16,0,33.0,120.60000000000001,100000.0,2026-07-16,2026-07-16,1000.0
20260716,000000,70W,27,2026,7,16,0,34.5,122.0,99800.0,2026-07-16,2026-07-16,998.0
20260716,000000,70W,27,2026,7,16,0,36.1,125.9,99800.0,2026-07-16,2026-07-16,998.0
20260716,000000,70W,28,2026,7,16,0,4.0,151.5,100700.0,2026-07-16,2026-07-16,1007.0
20260716,000000,70W,28,2026,7,16,0,6.9,150.70000000000002,101000.0,2026-07-16,2026-07-16,1010.0
20260716,000000,70W,28,2026,7,16,0,6.9,152.1,100700.0,2026-07-16,2026-07-16,1007.0
20260716,000000,70W,29,2026,7,16,0,4.3,152.70000000000002,100600.0,2026-07-16,2026-07-16,1006.0
20260716,000000,70W,29,2026,7,16,0,5.4,153.8,100800.0,2026-07-16,2026-07-16,1008.0
20260716,000000,70W,30,2026,7,16,0,31.6,158.3,100300.0,2026-07-16,2026-07-16,1003.0
20260716,000000,70W,30,2026,7,16,0,31.900000000000002,158.0,100500.0,2026-07-16,2026-07-16,1005.0
20260716,000000,70W,31,2026,7,16,0,32.2,157.20000000000002,100500.0,2026-07-16,2026-07-16,1005.0
20260716,000000,70W,31,2026,7,16,0,31.6,161.70000000000002,100400.0,2026-07-16,2026-07-16,1004.0
20260716,000000,70W,32,2026,7,16,0,4.3,153.0,100500.0,2026-07-16,2026-07-16,1005.0
20260716,000000,70W,32,2026,7,16,0,5.2,151.8,100700.0,2026-07-16,2026-07-16,1007.0
20260716,000000,70W,32,2026,7,16,0,6.3,153.20000000000002,100600.0,2026-07-16,2026-07-16,1006.0
20260716,000000,70W,32,2026,7,16,0,7.7,150.70000000000002,100700.0,2026-07-16,2026-07-16,1007.0
20260716,000000,70W,33,2026,7,16,0,4.9,155.5,100400.0,2026-07-16,2026-07-16,1004.0
20260716,000000,70W,33,2026,7,16,0,5.2,152.4,100800.0,2026-07-16,2026-07-16,1008.0
20260716,000000,70W,33,2026,7,16,0,6.0,153.8,100700.0,2026-07-16,2026-07-16,1007.0
20260716,000000,70W,33,2026,7,16,0,7.1000000000000005,153.0,100800.0,2026-07-16,2026-07-16,1008.0
20260716,000000,70W,33,2026,7,16,0,6.9,154.4,100700.0,2026-07-16,2026-07-16,1007.0
20260716,000000,70W,33,2026,7,16,0,8.8,155.20000000000002,100900.0,2026-07-16,2026-07-16,1009.0
20260716,000000,70W,34,2026,7,16,0,32.5,154.9,99800.0,2026-07-16,2026-07-16,998.0
20260716,000000,70W,34,2026,7,16,0,32.8,155.20000000000002,99800.0,2026-07-16,2026-07-16,998.0
20260716,000000,70W,34,2026,7,16,0,32.8,154.9,99900.0,2026-07-16,2026-07-16,999.0
20260716,000000,70W,34,2026,7,16,0,33.0,154.4,99900.0,2026-07-16,2026-07-16,999.0
20260716,000000,70W,34,2026,7,16,0,32.8,153.0,100100.0,2026-07-16,2026-07-16,1001.0
20260716,000000,70W,35,2026,7,16,0,6.6000000000000005,153.5,100800.0,2026-07-16,2026-07-16,1008.0
20260716,000000,70W,35,2026,7,16,0,6.0,152.70000000000002,100800.0,2026-07-16,2026-07-16,1008.0
20260716,000000,70W,35,2026,7,16,0,6.0,152.4,100900.0,2026-07-16,2026-07-16,1009.0
20260716,000000,70W,35,2026,7,16,0,7.1000000000000005,148.5,100800.0,2026-07-16,2026-07-16,1008.0
20260716,000000,70W,36,2026,7,16,0,26.6,113.3,100200.0,2026-07-16,2026-07-16,1002.0
20260716,000000,70W,36,2026,7,16,0,30.8,117.5,100400.0,2026-07-16,2026-07-16,1004.0
20260716,000000,70W,36,2026,7,16,0,33.0,122.3,100500.0,2026-07-16,2026-07-16,1005.0
20260716,000000,70W,36,2026,7,16,0,35.300000000000004,122.9,100600.0,2026-07-16,2026-07-16,1006.0
20260716,000000,70W,36,2026,7,16,0,36.7,124.3,100700.0,2026-07-16,2026-07-16,1007.0
20260716,000000,70W,36,2026,7,16,0,37.6,123.7,100500.0,2026-07-16,2026-07-16,1005.0
20260716,000000,70W,36,2026,7,16,0,39.0,124.3,100300.0,2026-07-16,2026-07-16,1003.0
20260716,000000,70W,36,2026,7,16,0,40.7,122.60000000000001,100300.0,2026-07-16,2026-07-16,1003.0
20260716,000000,70W,37,2026,7,16,0,4.3,152.1,100600.0,2026-07-16,2026-07-16,1006.0
20260716,000000,70W,37,2026,7,16,0,4.6000000000000005,151.3,100900.0,2026-07-16,2026-07-16,1009.0
20260716,000000,70W,37,2026,7,16,0,4.6000000000000005,151.0,100700.0,2026-07-16,2026-07-16,1007.0
20260716,000000,70W,37,2026,7,16,0,4.6000000000000005,151.3,100700.0,2026-07-16,2026-07-16,1007.0
20260716,000000,70W,37,2026,7,16,0,5.2,151.0,100600.0,2026-07-16,2026-07-16,1006.0
20260716,000000,70W,37,2026,7,16,0,4.9,152.1,100900.0,2026-07-16,2026-07-16,1009.0
20260716,000000,70W,37,2026,7,16,0,6.6000000000000005,151.5,100700.0,2026-07-16,2026-07-16,1007.0
20260716,000000,70W,37,2026,7,16,0,6.9,153.20000000000002,100900.0,2026-07-16,2026-07-16,1009.0
20260716,000000,70W,37,2026,7,16,0,7.7,153.0,100700.0,2026-07-16,2026-07-16,1007.0
20260716,000000,70W,37,2026,7,16,0,8.3,151.5,100900.0,2026-07-16,2026-07-16,1009.0
20260716,000000,70W,37,2026,7,16,0,9.700000000000001,153.8,100800.0,2026-07-16,2026-07-16,1008.0
20260716,000000,70W,37,2026,7,16,0,9.700000000000001,154.1,100600.0,2026-07-16,2026-07-16,1006.0
20260716,000000,70W,37,2026,7,16,0,11.6,152.70000000000002,100900.0,2026-07-16,2026-07-16,1009.0
20260716,000000,70W,38,2026,7,16,0,4.0,152.1,100800.0,2026-07-16,2026-07-16,1008.0
20260716,000000,70W,38,2026,7,16,0,4.9,152.1,100900.0,2026-07-16,2026-07-16,1009.0
20260716,000000,70W,39,2026,7,16,0,3.8000000000000003,152.70000000000002,100700.0,2026-07-16,2026-07-16,1007.0
20260716,000000,70W,40,2026,7,16,0,7.7,163.9,100800.0,2026-07-16,2026-07-16,1008.0
20260716,000000,70W,40,2026,7,16,0,7.4,165.9,100700.0,2026-07-16,2026-07-16,1007.0
20260716,000000,70W,40,2026,7,16,0,7.0,166.3,100900.0,2026-07-16,2026-07-16,1009.0
20260716,000000,70W,41,2026,7,16,0,6.6000000000000005,153.5,100600.0,2026-07-16,2026-07-16,1006.0
20260716,000000,70W,41,2026,7,16,0,5.7,153.8,100900.0,2026-07-16,2026-07-16,1009.0
20260716,000000,70W,41,2026,7,16,0,7.1000000000000005,153.8,100700.0,2026-07-16,2026-07-16,1007.0
20260716,000000,70W,41,2026,7,16,0,7.1000000000000005,153.5,100500.0,2026-07-16,2026-07-16,1005.0
20260716,000000,70W,41,2026,7,16,0,7.1000000000000005,152.1,100900.0,2026-07-16,2026-07-16,1009.0
20260716,000000,70W,42,2026,7,16,0,34.2,121.7,99800.0,2026-07-16,2026-07-16,998.0
20260716,000000,70W,42,2026,7,16,0,36.7,124.8,99800.0,2026-07-16,2026-07-16,998.0
20260716,000000,70W,43,2026,7,16,0,32.2,154.4,99400.0,2026-07-16,2026-07-16,994.0
20260716,000000,70W,43,2026,7,16,0,33.0,154.6,99500.0,2026-07-16,2026-07-16,995.0
20260716,000000,70W,43,2026,7,16,0,33.0,154.9,99700.0,2026-07-16,2026-07-16,997.0
20260716,000000,70W,44,2026,7,16,0,14.700000000000001,138.9,100700.0,2026-07-16,2026-07-16,1007.0
20260716,000000,70W,44,2026,7,16,0,14.5,140.9,100500.0,2026-07-16,2026-07-16,1005.0
20260716,000000,70W,44,2026,7,16,0,14.5,140.3,100600.0,2026-07-16,2026-07-16,1006.0
20260716,000000,70W,44,2026,7,16,0,14.5,138.9,100000.0,2026-07-16,2026-07-16,1000.0
20260716,000000,70W,44,2026,7,16,0,15.0,137.5,100300.0,2026-07-16,2026-07-16,1003.0
20260716,000000,70W,44,2026,7,16,0,15.3,135.8,99900.0,2026-07-16,2026-07-16,999.0
20260716,000000,70W,44,2026,7,16,0,15.3,135.0,100000.0,2026-07-16,2026-07-16,1000.0
20260716,000000,70W,44,2026,7,16,0,15.9,133.8,99800.0,2026-07-16,2026-07-16,998.0
20260716,000000,70W,44,2026,7,16,0,16.4,133.3,100000.0,2026-07-16,2026-07-16,1000.0
20260716,000000,70W,44,2026,7,16,0,16.7,131.6,99700.0,2026-07-16,2026-07-16,997.0
20260716,000000,70W,44,2026,7,16,0,15.9,129.9,99500.0,2026-07-16,2026-07-16,995.0
20260716,000000,70W,44,2026,7,16,0,16.1,130.2,98900.0,2026-07-16,2026-07-16,989.0
20260716,000000,70W,44,2026,7,16,0,16.7,128.8,98800.0,2026-07-16,2026-07-16,988.0
20260716,000000,70W,44,2026,7,16,0,17.3,127.60000000000001,98300.0,2026-07-16,2026-07-16,983.0
20260716,000000,70W,44,2026,7,16,0,17.3,126.8,97900.0,2026-07-16,2026-07-16,979.0
20260716,000000,70W,44,2026,7,16,0,17.6,125.7,97300.0,2026-07-16,2026-07-16,973.0
20260716,000000,70W,44,2026,7,16,0,17.8,124.8,96500.0,2026-07-16,2026-07-16,965.0
20260716,000000,70W,44,2026,7,16,0,18.1,124.0,96300.0,2026-07-16,2026-07-16,963.0
20260716,000000,70W,44,2026,7,16,0,18.400000000000002,122.9,95600.0,2026-07-16,2026-07-16,956.0
20260716,000000,70W,44,2026,7,16,0,18.7,121.7,96200.0,2026-07-16,2026-07-16,962.0
20260716,000000,70W,44,2026,7,16,0,19.0,120.3,96700.0,2026-07-16,2026-07-16,967.0
20260716,000000,70W,44,2026,7,16,0,19.2,118.9,96600.0,2026-07-16,2026-07-16,966.0
20260716,000000,70W,44,2026,7,16,0,19.2,117.0,96800.0,2026-07-16,2026-07-16,968.0
20260716,000000,70W,44,2026,7,16,0,19.2,115.8,96800.0,2026-07-16,2026-07-16,968.0
20260716,000000,70W,44,2026,7,16,0,19.6,113.60000000000001,97000.0,2026-07-16,2026-07-16,970.0
20260716,000000,70W,44,2026,7,16,0,19.8,111.9,97100.0,2026-07-16,2026-07-16,971.0
20260716,000000,70W,44,2026,7,16,0,20.1,110.5,96900.0,2026-07-16,2026-07-16,969.0
20260716,000000,70W,44,2026,7,16,0,20.1,108.5,97500.0,2026-07-16,2026-07-16,975.0
20260716,000000,70W,44,2026,7,16,0,20.400000000000002,107.10000000000001,97800.0,2026-07-16,2026-07-16,978.0
20260716,000000,70W,44,2026,7,16,0,20.7,105.7,99100.0,2026-07-16,2026-07-16,991.0
20260716,000000,70W,45,2026,7,16,0,3.8000000000000003,152.4,100700.0,2026-07-16,2026-07-16,1007.0
20260716,000000,70W,45,2026,7,16,0,5.4,150.70000000000002,100700.0,2026-07-16,2026-07-16,1007.0
20260716,000000,70W,46,2026,7,16,0,31.900000000000002,155.5,99500.0,2026-07-16,2026-07-16,995.0
20260716,000000,70W,46,2026,7,16,0,33.0,155.5,99600.0,2026-07-16,2026-07-16,996.0
20260716,000000,70W,46,2026,7,16,0,32.8,155.20000000000002,99500.0,2026-07-16,2026-07-16,995.0
20260716,000000,70W,46,2026,7,16,0,33.0,155.5,99700.0,2026-07-16,2026-07-16,997.0
20260716,000000,70W,46,2026,7,16,0,33.3,155.20000000000002,99600.0,2026-07-16,2026-07-16,996.0
20260716,000000,70W,46,2026,7,16,0,33.0,154.6,99800.0,2026-07-16,2026-07-16,998.0
20260716,000000,70W,47,2026,7,16,0,4.6000000000000005,152.4,100700.0,2026-07-16,2026-07-16,1007.0
20260716,000000,70W,47,2026,7,16,0,4.0,152.1,100800.0,2026-07-16,2026-07-16,1008.0
20260716,000000,70W,48,2026,7,16,0,4.3,152.1,100700.0,2026-07-16,2026-07-16,1007.0
20260716,000000,70W,48,2026,7,16,0,5.4,151.8,101000.0,2026-07-16,2026-07-16,1010.0
20260716,000000,70W,48,2026,7,16,0,5.4,151.0,100700.0,2026-07-16,2026-07-16,1007.0
20260716,000000,70W,48,2026,7,16,0,5.7,151.5,100800.0,2026-07-16,2026-07-16,1008.0
20260716,000000,70W,48,2026,7,16,0,6.6000000000000005,151.5,100600.0,2026-07-16,2026-07-16,1006.0
20260716,000000,70W,48,2026,7,16,0,6.9,151.5,100900.0,2026-07-16,2026-07-16,1009.0
20260716,000000,70W,48,2026,7,16,0,7.1000000000000005,152.4,100800.0,2026-07-16,2026-07-16,1008.0
20260716,000000,70W,48,2026,7,16,0,7.7,154.4,100700.0,2026-07-16,2026-07-16,1007.0
20260716,000000,70W,48,2026,7,16,0,10.5,153.20000000000002,100800.0,2026-07-16,2026-07-16,1008.0
20260716,000000,70W,48,2026,7,16,0,10.5,153.20000000000002,101000.0,2026-07-16,2026-07-16,1010.0
20260716,000000,70W,48,2026,7,16,0,11.6,152.4,100900.0,2026-07-16,2026-07-16,1009.0
20260716,000000,70W,48,2026,7,16,0,13.9,154.1,100800.0,2026-07-16,2026-07-16,1008.0
20260716,000000,70W,49,2026,7,16,0,4.0,152.4,100700.0,2026-07-16,2026-07-16,1007.0
20260716,000000,70W,49,2026,7,16,0,4.1,152.1,101000.0,2026-07-16,2026-07-16,1010.0
20260716,000000,70W,49,2026,7,16,0,4.0,152.70000000000002,100800.0,2026-07-16,2026-07-16,1008.0
20260716,000000,70W,49,2026,7,16,0,4.3,153.5,100900.0,2026-07-16,2026-07-16,1009.0
20260716,000000,70W,49,2026,7,16,0,5.0,153.3,101000.0,2026-07-16,2026-07-16,1010.0
20260716,000000,70W,49,2026,7,16,0,5.4,154.4,100700.0,2026-07-16,2026-07-16,1007.0
20260716,000000,70W,49,2026,7,16,0,8.0,154.9,101000.0,2026-07-16,2026-07-16,1010.0
20260716,000000,70W,49,2026,7,16,0,7.1000000000000005,153.5,100700.0,2026-07-16,2026-07-16,1007.0
20260716,000000,70W,50,2026,7,16,0,31.900000000000002,154.9,99800.0,2026-07-16,2026-07-16,998.0
20260716,000000,70W,51,2026,7,16,0,3.8000000000000003,153.0,100800.0,2026-07-16,2026-07-16,1008.0
20260716,000000,70W,51,2026,7,16,0,6.3,149.9,100900.0,2026-07-16,2026-07-16,1009.0
20260716,000000,70W,52,2026,7,16,0,3.8000000000000003,152.70000000000002,100800.0,2026-07-16,2026-07-16,1008.0
20260716,000000,70W,52,2026,7,16,0,6.0,153.0,101000.0,2026-07-16,2026-07-16,1010.0
20260716,000000,71W,1,2026,7,16,0,4.6000000000000005,151.3,100600.0,2026-07-16,2026-07-16,1006.0
20260716,000000,71W,1,2026,7,16,0,5.2,151.5,100900.0,2026-07-16,2026-07-16,1009.0
20260716,000000,71W,1,2026,7,16,0,6.3,151.3,100800.0,2026-07-16,2026-07-16,1008.0
20260716,000000,71W,1,2026,7,16,0,4.6000000000000005,152.4,100900.0,2026-07-16,2026-07-16,1009.0
20260716,000000,71W,1,2026,7,16,0,5.2,152.70000000000002,100600.0,2026-07-16,2026-07-16,1006.0
20260716,000000,71W,1,2026,7,16,0,5.4,153.8,100900.0,2026-07-16,2026-07-16,1009.0
20260716,000000,71W,1,2026,7,16,0,6.5,153.70000000000002,100800.0,2026-07-16,2026-07-16,1008.0
20260716,000000,71W,2,2026,7,16,0,13.6,139.70000000000002,100800.0,2026-07-16,2026-07-16,1008.0
20260716,000000,71W,2,2026,7,16,0,14.5,134.1,100900.0,2026-07-16,2026-07-16,1009.0
20260716,000000,71W,2,2026,7,16,0,14.700000000000001,133.0,100700.0,2026-07-16,2026-07-16,1007.0
20260716,000000,71W,2,2026,7,16,0,14.200000000000001,133.3,100700.0,2026-07-16,2026-07-16,1007.0
20260716,000000,71W,2,2026,7,16,0,15.3,131.7,100700.0,2026-07-16,2026-07-16,1007.0
20260716,000000,71W,2,2026,7,16,0,15.9,129.6,100500.0,2026-07-16,2026-07-16,1005.0
20260716,000000,71W,2,2026,7,16,0,15.6,128.8,100600.0,2026-07-16,2026-07-16,1006.0
20260716,000000,71W,2,2026,7,16,0,16.4,127.4,100400.0,2026-07-16,2026-07-16,1004.0
20260716,000000,71W,2,2026,7,16,0,16.4,126.0,100000.0,2026-07-16,2026-07-16,1000.0
20260716,000000,71W,2,2026,7,16,0,16.4,124.5,100100.0,2026-07-16,2026-07-16,1001.0
20260716,000000,71W,2,2026,7,16,0,17.0,123.7,99900.0,2026-07-16,2026-07-16,999.0
20260716,000000,71W,2,2026,7,16,0,17.8,122.60000000000001,100000.0,2026-07-16,2026-07-16,1000.0
20260716,000000,71W,2,2026,7,16,0,18.1,120.60000000000001,100100.0,2026-07-16,2026-07-16,1001.0
20260716,000000,71W,2,2026,7,16,0,17.6,119.8,99800.0,2026-07-16,2026-07-16,998.0
20260716,000000,71W,2,2026,7,16,0,17.8,118.9,99300.0,2026-07-16,2026-07-16,993.0
20260716,000000,71W,2,2026,7,16,0,18.1,117.8,99100.0,2026-07-16,2026-07-16,991.0
20260716,000000,71W,2,2026,7,16,0,18.1,117.0,99000.0,2026-07-16,2026-07-16,990.0
20260716,000000,71W,2,2026,7,16,0,18.1,116.4,98000.0,2026-07-16,2026-07-16,980.0
20260716,000000,71W,2,2026,7,16,0,18.7,115.3,97200.0,2026-07-16,2026-07-16,972.0
20260716,000000,71W,2,2026,7,16,0,19.2,114.10000000000001,97300.0,2026-07-16,2026-07-16,973.0
20260716,000000,71W,2,2026,7,16,0,19.2,113.0,97300.0,2026-07-16,2026-07-16,973.0
20260716,000000,71W,2,2026,7,16,0,19.2,112.2,96900.0,2026-07-16,2026-07-16,969.0
20260716,000000,71W,2,2026,7,16,0,19.5,111.60000000000001,96500.0,2026-07-16,2026-07-16,965.0
20260716,000000,71W,2,2026,7,16,0,19.5,109.9,97500.0,2026-07-16,2026-07-16,975.0
20260716,000000,71W,2,2026,7,16,0,19.5,108.8,98500.0,2026-07-16,2026-07-16,985.0
20260716,000000,71W,2,2026,7,16,0,19.8,107.7,98300.0,2026-07-16,2026-07-16,983.0
20260716,000000,71W,2,2026,7,16,0,20.1,106.5,98400.0,2026-07-16,2026-07-16,984.0
20260716,000000,71W,2,2026,7,16,0,20.400000000000002,104.9,99200.0,2026-07-16,2026-07-16,992.0
20260716,000000,71W,3,2026,7,16,0,9.4,178.3,100800.0,2026-07-16,2026-07-16,1008.0
20260716,000000,71W,3,2026,7,16,0,9.4,177.70000000000002,100700.0,2026-07-16,2026-07-16,1007.0
20260716,000000,71W,3,2026,7,16,0,9.700000000000001,177.4,100700.0,2026-07-16,2026-07-16,1007.0
20260716,000000,71W,3,2026,7,16,0,9.700000000000001,176.3,100500.0,2026-07-16,2026-07-16,1005.0
20260716,000000,71W,3,2026,7,16,0,10.8,175.70000000000002,100700.0,2026-07-16,2026-07-16,1007.0
20260716,000000,71W,3,2026,7,16,0,11.4,173.20000000000002,100600.0,2026-07-16,2026-07-16,1006.0
20260716,000000,71W,3,2026,7,16,0,11.1,172.9,100600.0,2026-07-16,2026-07-16,1006.0
20260716,000000,71W,3,2026,7,16,0,10.8,171.8,100500.0,2026-07-16,2026-07-16,1005.0
20260716,000000,71W,3,2026,7,16,0,11.6,170.4,100600.0,2026-07-16,2026-07-16,1006.0
20260716,000000,71W,3,2026,7,16,0,12.5,168.4,100500.0,2026-07-16,2026-07-16,1005.0
20260716,000000,71W,3,2026,7,16,0,12.5,167.6,100600.0,2026-07-16,2026-07-16,1006.0
20260716,000000,71W,3,2026,7,16,0,12.200000000000001,166.20000000000002,100300.0,2026-07-16,2026-07-16,1003.0
20260716,000000,71W,3,2026,7,16,0,12.0,164.4,100500.0,2026-07-16,2026-07-16,1005.0
20260716,000000,71W,3,2026,7,16,0,11.9,163.6,100200.0,2026-07-16,2026-07-16,1002.0
20260716,000000,71W,3,2026,7,16,0,12.8,163.1,100300.0,2026-07-16,2026-07-16,1003.0
20260716,000000,71W,3,2026,7,16,0,13.3,162.0,100100.0,2026-07-16,2026-07-16,1001.0
20260716,000000,71W,3,2026,7,16,0,13.3,160.3,100200.0,2026-07-16,2026-07-16,1002.0
20260716,000000,71W,3,2026,7,16,0,12.8,159.1,99900.0,2026-07-16,2026-07-16,999.0
20260716,000000,71W,3,2026,7,16,0,13.3,158.3,99900.0,2026-07-16,2026-07-16,999.0
20260716,000000,71W,3,2026,7,16,0,14.5,157.70000000000002,99700.0,2026-07-16,2026-07-16,997.0
20260716,000000,71W,3,2026,7,16,0,15.0,155.9,99700.0,2026-07-16,2026-07-16,997.0
20260716,000000,71W,3,2026,7,16,0,15.0,153.5,99000.0,2026-07-16,2026-07-16,990.0
20260716,000000,71W,3,2026,7,16,0,15.3,151.8,98900.0,2026-07-16,2026-07-16,989.0
20260716,000000,71W,3,2026,7,16,0,15.6,150.70000000000002,98000.0,2026-07-16,2026-07-16,980.0
20260716,000000,71W,3,2026,7,16,0,15.9,149.3,98000.0,2026-07-16,2026-07-16,980.0
20260716,000000,71W,3,2026,7,16,0,16.4,148.20000000000002,97100.0,2026-07-16,2026-07-16,971.0
20260716,000000,71W,3,2026,7,16,0,17.0,147.3,97400.0,2026-07-16,2026-07-16,974.0
20260716,000000,71W,3,2026,7,16,0,18.400000000000002,146.5,96900.0,2026-07-16,2026-07-16,969.0
20260716,000000,71W,3,2026,7,16,0,19.2,145.4,96700.0,2026-07-16,2026-07-16,967.0
20260716,000000,71W,3,2026,7,16,0,20.400000000000002,144.0,96600.0,2026-07-16,2026-07-16,966.0
20260716,000000,71W,3,2026,7,16,0,20.7,143.4,95700.0,2026-07-16,2026-07-16,957.0
20260716,000000,71W,4,2026,7,16,0,28.0,169.0,100900.0,2026-07-16,2026-07-16,1009.0
20260716,000000,71W,4,2026,7,16,0,28.5,170.8,100900.0,2026-07-16,2026-07-16,1009.0
20260716,000000,71W,4,2026,7,16,0,29.400000000000002,171.20000000000002,100500.0,2026-07-16,2026-07-16,1005.0
20260716,000000,71W,4,2026,7,16,0,29.7,171.20000000000002,100700.0,2026-07-16,2026-07-16,1007.0
20260716,000000,71W,4,2026,7,16,0,29.7,171.20000000000002,100700.0,2026-07-16,2026-07-16,1007.0
20260716,000000,71W,4,2026,7,16,0,29.7,171.20000000000002,100800.0,2026-07-16,2026-07-16,1008.0
20260716,000000,71W,4,2026,7,16,0,29.7,172.1,100800.0,2026-07-16,2026-07-16,1008.0
20260716,000000,71W,4,2026,7,16,0,29.400000000000002,172.6,100900.0,2026-07-16,2026-07-16,1009.0
20260716,000000,71W,4,2026,7,16,0,28.8,173.8,100800.0,2026-07-16,2026-07-16,1008.0
20260716,000000,71W,4,2026,7,16,0,28.8,173.8,100800.0,2026-07-16,2026-07-16,1008.0
20260716,000000,71W,4,2026,7,16,0,28.8,173.8,100900.0,2026-07-16,2026-07-16,1009.0
20260716,000000,71W,4,2026,7,16,0,29.1,174.0,101000.0,2026-07-16,2026-07-16,1010.0
20260716,000000,71W,4,2026,7,16,0,28.8,173.5,101000.0,2026-07-16,2026-07-16,1010.0
20260716,000000,71W,4,2026,7,16,0,28.5,172.4,101000.0,2026-07-16,2026-07-16,1010.0
20260716,000000,71W,4,2026,7,16,0,27.8,172.20000000000002,100900.0,2026-07-16,2026-07-16,1009.0
20260716,000000,71W,4,2026,7,16,0,27.400000000000002,172.4,100900.0,2026-07-16,2026-07-16,1009.0
20260716,000000,71W,4,2026,7,16,0,26.6,172.4,100900.0,2026-07-16,2026-07-16,1009.0
20260716,000000,71W,4,2026,7,16,0,26.0,172.4,100900.0,2026-07-16,2026-07-16,1009.0
20260716,000000,71W,4,2026,7,16,0,25.7,172.4,100700.0,2026-07-16,2026-07-16,1007.0
20260716,000000,71W,4,2026,7,16,0,24.900000000000002,170.70000000000002,100900.0,2026-07-16,2026-07-16,1009.0
20260716,000000,71W,4,2026,7,16,0,24.7,169.9,100900.0,2026-07-16,2026-07-16,1009.0
20260716,000000,71W,4,2026,7,16,0,24.6,168.1,101100.0,2026-07-16,2026-07-16,1011.0
20260716,000000,71W,4,2026,7,16,0,23.5,165.6,101000.0,2026-07-16,2026-07-16,1010.0
20260716,000000,71W,4,2026,7,16,0,22.1,162.20000000000002,101000.0,2026-07-16,2026-07-16,1010.0
20260716,000000,71W,4,2026,7,16,0,21.7,162.1,100800.0,2026-07-16,2026-07-16,1008.0
20260716,000000,71W,4,2026,7,16,0,21.2,161.1,100900.0,2026-07-16,2026-07-16,1009.0
20260716,000000,71W,4,2026,7,16,0,20.400000000000002,160.0,100600.0,2026-07-16,2026-07-16,1006.0
20260716,000000,71W,4,2026,7,16,0,20.400000000000002,158.0,100800.0,2026-07-16,2026-07-16,1008.0
20260716,000000,71W,4,2026,7,16,0,20.1,155.20000000000002,100800.0,2026-07-16,2026-07-16,1008.0
20260716,000000,71W,4,2026,7,16,0,19.8,153.5,100700.0,2026-07-16,2026-07-16,1007.0
20260716,000000,71W,4,2026,7,16,0,17.3,151.0,100900.0,2026-07-16,2026-07-16,1009.0
20260716,000000,71W,5,2026,7,16,0,0.4,177.70000000000002,100800.0,2026-07-16,2026-07-16,1008.0
20260716,000000,71W,5,2026,7,16,0,0.9,177.70000000000002,100800.0,2026-07-16,2026-07-16,1008.0
20260716,000000,71W,5,2026,7,16,0,2.3000000000000003,176.3,100700.0,2026-07-16,2026-07-16,1007.0
20260716,000000,71W,5,2026,7,16,0,1.8,177.4,100700.0,2026-07-16,2026-07-16,1007.0
20260716,000000,71W,6,2026,7,16,0,29.900000000000002,177.9,100700.0,2026-07-16,2026-07-16,1007.0
20260716,000000,71W,6,2026,7,16,0,30.0,177.4,100700.0,2026-07-16,2026-07-16,1007.0
20260716,000000,71W,6,2026,7,16,0,30.0,176.9,100700.0,2026-07-16,2026-07-16,1007.0
20260716,000000,71W,6,2026,7,16,0,30.5,176.6,100800.0,2026-07-16,2026-07-16,1008.0
20260716,000000,71W,6,2026,7,16,0,30.8,176.3,101000.0,2026-07-16,2026-07-16,1010.0
20260716,000000,71W,6,2026,7,16,0,31.2,176.3,101200.0,2026-07-16,2026-07-16,1012.0
20260716,000000,71W,6,2026,7,16,0,33.6,176.0,101400.0,2026-07-16,2026-07-16,1014.0
20260716,000000,71W,6,2026,7,16,0,35.9,176.3,101400.0,2026-07-16,2026-07-16,1014.0
20260716,000000,71W,7,2026,7,16,0,4.9,154.6,100300.0,2026-07-16,2026-07-16,1003.0
20260716,000000,71W,7,2026,7,16,0,5.2,151.8,100900.0,2026-07-16,2026-07-16,1009.0
20260716,000000,71W,7,2026,7,16,0,5.7,152.4,100400.0,2026-07-16,2026-07-16,1004.0
20260716,000000,71W,7,2026,7,16,0,6.3,152.70000000000002,100400.0,2026-07-16,2026-07-16,1004.0
20260716,000000,71W,7,2026,7,16,0,6.3,153.5,100700.0,2026-07-16,2026-07-16,1007.0
20260716,000000,71W,7,2026,7,16,0,7.1000000000000005,154.1,100600.0,2026-07-16,2026-07-16,1006.0
20260716,000000,71W,7,2026,7,16,0,7.4,154.1,100800.0,2026-07-16,2026-07-16,1008.0
20260716,000000,71W,7,2026,7,16,0,8.5,154.1,100500.0,2026-07-16,2026-07-16,1005.0
20260716,000000,71W,7,2026,7,16,0,9.4,153.5,100800.0,2026-07-16,2026-07-16,1008.0
20260716,000000,71W,7,2026,7,16,0,10.0,153.5,100600.0,2026-07-16,2026-07-16,1006.0
20260716,000000,71W,7,2026,7,16,0,10.8,153.20000000000002,100700.0,2026-07-16,2026-07-16,1007.0
20260716,000000,71W,7,2026,7,16,0,11.1,153.0,100500.0,2026-07-16,2026-07-16,1005.0
20260716,000000,71W,7,2026,7,16,0,11.4,153.0,100700.0,2026-07-16,2026-07-16,1007.0
20260716,000000,71W,7,2026,7,16,0,11.9,151.5,100400.0,2026-07-16,2026-07-16,1004.0
20260716,000000,71W,7,2026,7,16,0,13.9,150.4,100500.0,2026-07-16,2026-07-16,1005.0
20260716,000000,71W,7,2026,7,16,0,15.0,148.70000000000002,100700.0,2026-07-16,2026-07-16,1007.0
20260716,000000,71W,7,2026,7,16,0,13.6,145.1,100500.0,2026-07-16,2026-07-16,1005.0
20260716,000000,71W,7,2026,7,16,0,15.3,143.4,100300.0,2026-07-16,2026-07-16,1003.0
20260716,000000,71W,7,2026,7,16,0,15.6,141.8,100500.0,2026-07-16,2026-07-16,1005.0
20260716,000000,71W,7,2026,7,16,0,16.4,140.9,100400.0,2026-07-16,2026-07-16,1004.0
20260716,000000,71W,7,2026,7,16,0,15.6,137.5,100200.0,2026-07-16,2026-07-16,1002.0
20260716,000000,71W,7,2026,7,16,0,15.9,136.4,100400.0,2026-07-16,2026-07-16,1004.0
20260716,000000,71W,7,2026,7,16,0,15.0,133.3,99600.0,2026-07-16,2026-07-16,996.0
20260716,000000,71W,7,2026,7,16,0,15.0,133.3,100000.0,2026-07-16,2026-07-16,1000.0
20260716,000000,71W,7,2026,7,16,0,14.5,131.6,99700.0,2026-07-16,2026-07-16,997.0
20260716,000000,71W,7,2026,7,16,0,15.3,131.0,99900.0,2026-07-16,2026-07-16,999.0
20260716,000000,71W,7,2026,7,16,0,15.9,129.3,99700.0,2026-07-16,2026-07-16,997.0
20260716,000000,71W,7,2026,7,16,0,15.6,127.4,99700.0,2026-07-16,2026-07-16,997.0
20260716,000000,71W,7,2026,7,16,0,16.4,127.4,99500.0,2026-07-16,2026-07-16,995.0
20260716,000000,71W,7,2026,7,16,0,17.1,126.2,99300.0,2026-07-16,2026-07-16,993.0
20260716,000000,71W,7,2026,7,16,0,16.7,123.7,99200.0,2026-07-16,2026-07-16,992.0
20260716,000000,71W,7,2026,7,16,0,18.1,123.4,98900.0,2026-07-16,2026-07-16,989.0
20260716,000000,71W,7,2026,7,16,0,19.0,120.9,98700.0,2026-07-16,2026-07-16,987.0
20260716,000000,71W,7,2026,7,16,0,18.0,119.2,98700.0,2026-07-16,2026-07-16,987.0
20260716,000000,71W,7,2026,7,16,0,18.1,118.8,98000.0,2026-07-16,2026-07-16,980.0
20260716,000000,71W,7,2026,7,16,0,19.5,118.4,97500.0,2026-07-16,2026-07-16,975.0
20260716,000000,71W,7,2026,7,16,0,20.1,115.8,97100.0,2026-07-16,2026-07-16,971.0
20260716,000000,71W,7,2026,7,16,0,20.1,115.5,97000.0,2026-07-16,2026-07-16,970.0
20260716,000000,71W,7,2026,7,16,0,20.7,114.4,96800.0,2026-07-16,2026-07-16,968.0
20260716,000000,71W,7,2026,7,16,0,20.900000000000002,113.0,97000.0,2026-07-16,2026-07-16,970.0
20260716,000000,71W,7,2026,7,16,0,22.1,111.3,97400.0,2026-07-16,2026-07-16,974.0
20260716,000000,71W,7,2026,7,16,0,22.1,109.60000000000001,98200.0,2026-07-16,2026-07-16,982.0
20260716,000000,71W,7,2026,7,16,0,22.7,108.10000000000001,98800.0,2026-07-16,2026-07-16,988.0
20260716,000000,71W,7,2026,7,16,0,22.6,106.8,99300.0,2026-07-16,2026-07-16,993.0
20260716,000000,71W,7,2026,7,16,0,22.3,104.60000000000001,99700.0,2026-07-16,2026-07-16,997.0
20260716,000000,71W,8,2026,7,16,0,36.7,166.20000000000002,100700.0,2026-07-16,2026-07-16,1007.0
20260716,000000,71W,8,2026,7,16,0,37.800000000000004,166.70000000000002,100500.0,2026-07-16,2026-07-16,1005.0
20260716,000000,71W,8,2026,7,16,0,39.0,169.8,100400.0,2026-07-16,2026-07-16,1004.0
20260716,000000,71W,8,2026,7,16,0,41.0,170.9,100300.0,2026-07-16,2026-07-16,1003.0
20260716,000000,71W,8,2026,7,16,0,43.800000000000004,172.1,100200.0,2026-07-16,2026-07-16,1002.0
20260716,000000,71W,8,2026,7,16,0,46.0,172.6,100200.0,2026-07-16,2026-07-16,1002.0
20260716,000000,71W,8,2026,7,16,0,50.5,173.5,100300.0,2026-07-16,2026-07-16,1003.0
20260716,000000,71W,9,2026,7,16,0,33.6,122.60000000000001,100100.0,2026-07-16,2026-07-16,1001.0
20260716,000000,71W,9,2026,7,16,0,35.1,124.60000000000001,100100.0,2026-07-16,2026-07-16,1001.0
20260716,000000,71W,9,2026,7,16,0,37.300000000000004,127.10000000000001,100000.0,2026-07-16,2026-07-16,1000.0
20260716,000000,71W,9,2026,7,16,0,37.800000000000004,129.0,100000.0,2026-07-16,2026-07-16,1000.0
20260716,000000,71W,9,2026,7,16,0,40.7,130.7,99800.0,2026-07-16,2026-07-16,998.0
20260716,000000,71W,9,2026,7,16,0,41.5,132.7,99900.0,2026-07-16,2026-07-16,999.0
20260716,000000,71W,9,2026,7,16,0,42.300000000000004,135.5,99900.0,2026-07-16,2026-07-16,999.0
20260716,000000,71W,9,2026,7,16,0,43.800000000000004,138.6,100000.0,2026-07-16,2026-07-16,1000.0
20260716,000000,71W,10,2026,7,16,0,30.5,120.3,100300.0,2026-07-16,2026-07-16,1003.0
20260716,000000,71W,10,2026,7,16,0,35.0,120.60000000000001,100300.0,2026-07-16,2026-07-16,1003.0
20260716,000000,71W,10,2026,7,16,0,34.2,121.7,100400.0,2026-07-16,2026-07-16,1004.0
20260716,000000,71W,11,2026,7,16,0,11.1,132.7,100700.0,2026-07-16,2026-07-16,1007.0
20260716,000000,71W,11,2026,7,16,0,11.4,132.7,100800.0,2026-07-16,2026-07-16,1008.0
20260716,000000,71W,11,2026,7,16,0,11.9,132.1,100600.0,2026-07-16,2026-07-16,1006.0
20260716,000000,71W,12,2026,7,16,0,5.7,176.9,100700.0,2026-07-16,2026-07-16,1007.0
20260716,000000,71W,12,2026,7,16,0,4.9,173.8,100700.0,2026-07-16,2026-07-16,1007.0
20260716,000000,71W,12,2026,7,16,0,5.7,175.20000000000002,100700.0,2026-07-16,2026-07-16,1007.0
20260716,000000,71W,12,2026,7,16,0,6.6000000000000005,172.1,100600.0,2026-07-16,2026-07-16,1006.0
20260716,000000,71W,12,2026,7,16,0,6.6000000000000005,172.1,100700.0,2026-07-16,2026-07-16,1007.0
20260716,000000,71W,12,2026,7,16,0,7.4,171.0,100700.0,2026-07-16,2026-07-16,1007.0
20260716,000000,71W,12,2026,7,16,0,9.200000000000001,168.8,100600.0,2026-07-16,2026-07-16,1006.0
20260716,000000,71W,12,2026,7,16,0,9.1,168.1,100600.0,2026-07-16,2026-07-16,1006.0
20260716,000000,71W,12,2026,7,16,0,9.4,167.9,100800.0,2026-07-16,2026-07-16,1008.0
20260716,000000,71W,12,2026,7,16,0,10.5,164.5,100600.0,2026-07-16,2026-07-16,1006.0
20260716,000000,71W,12,2026,7,16,0,10.200000000000001,163.4,100700.0,2026-07-16,2026-07-16,1007.0
20260716,000000,71W,12,2026,7,16,0,10.5,161.70000000000002,100500.0,2026-07-16,2026-07-16,1005.0
20260716,000000,71W,12,2026,7,16,0,12.200000000000001,160.0,100700.0,2026-07-16,2026-07-16,1007.0
20260716,000000,71W,12,2026,7,16,0,11.1,158.6,100500.0,2026-07-16,2026-07-16,1005.0
20260716,000000,71W,12,2026,7,16,0,11.4,158.0,100600.0,2026-07-16,2026-07-16,1006.0
20260716,000000,71W,12,2026,7,16,0,11.9,158.0,100500.0,2026-07-16,2026-07-16,1005.0
20260716,000000,71W,12,2026,7,16,0,12.5,156.3,100600.0,2026-07-16,2026-07-16,1006.0
20260716,000000,71W,12,2026,7,16,0,13.6,154.4,100700.0,2026-07-16,2026-07-16,1007.0
20260716,000000,71W,12,2026,7,16,0,13.0,154.1,100500.0,2026-07-16,2026-07-16,1005.0
20260716,000000,71W,12,2026,7,16,0,13.0,154.4,100700.0,2026-07-16,2026-07-16,1007.0
20260716,000000,71W,12,2026,7,16,0,12.200000000000001,153.8,100300.0,2026-07-16,2026-07-16,1003.0
20260716,000000,71W,12,2026,7,16,0,12.8,153.20000000000002,100300.0,2026-07-16,2026-07-16,1003.0
20260716,000000,71W,12,2026,7,16,0,12.5,153.0,99900.0,2026-07-16,2026-07-16,999.0
20260716,000000,71W,12,2026,7,16,0,12.8,153.20000000000002,100000.0,2026-07-16,2026-07-16,1000.0
20260716,000000,71W,12,2026,7,16,0,13.3,153.0,99700.0,2026-07-16,2026-07-16,997.0
20260716,000000,71W,12,2026,7,16,0,13.3,152.4,99700.0,2026-07-16,2026-07-16,997.0
20260716,000000,71W,12,2026,7,16,0,13.3,152.1,99600.0,2026-07-16,2026-07-16,996.0
20260716,000000,71W,12,2026,7,16,0,13.3,151.3,99700.0,2026-07-16,2026-07-16,997.0
20260716,000000,71W,12,2026,7,16,0,13.9,151.8,99400.0,2026-07-16,2026-07-16,994.0
20260716,000000,71W,12,2026,7,16,0,14.200000000000001,151.0,99400.0,2026-07-16,2026-07-16,994.0
20260716,000000,71W,13,2026,7,16,0,31.900000000000002,157.70000000000002,100200.0,2026-07-16,2026-07-16,1002.0
20260716,000000,71W,14,2026,7,16,0,4.6000000000000005,161.4,100900.0,2026-07-16,2026-07-16,1009.0
20260716,000000,71W,14,2026,7,16,0,7.1000000000000005,161.70000000000002,100700.0,2026-07-16,2026-07-16,1007.0
20260716,000000,71W,14,2026,7,16,0,7.4,161.70000000000002,100600.0,2026-07-16,2026-07-16,1006.0
20260716,000000,71W,14,2026,7,16,0,7.1000000000000005,161.4,100900.0,2026-07-16,2026-07-16,1009.0
20260716,000000,71W,14,2026,7,16,0,9.1,163.9,100900.0,2026-07-16,2026-07-16,1009.0
20260716,000000,71W,15,2026,7,16,0,11.1,145.1,100700.0,2026-07-16,2026-07-16,1007.0
20260716,000000,71W,15,2026,7,16,0,11.6,144.20000000000002,100800.0,2026-07-16,2026-07-16,1008.0
20260716,000000,71W,15,2026,7,16,0,11.1,142.3,100900.0,2026-07-16,2026-07-16,1009.0
20260716,000000,71W,15,2026,7,16,0,12.200000000000001,142.0,100700.0,2026-07-16,2026-07-16,1007.0
20260716,000000,71W,15,2026,7,16,0,12.200000000000001,137.8,100700.0,2026-07-16,2026-07-16,1007.0
20260716,000000,71W,15,2026,7,16,0,13.0,137.6,100800.0,2026-07-16,2026-07-16,1008.0
20260716,000000,71W,15,2026,7,16,0,12.8,136.9,100600.0,2026-07-16,2026-07-16,1006.0
20260716,000000,71W,15,2026,7,16,0,12.5,135.0,100800.0,2026-07-16,2026-07-16,1008.0
20260716,000000,71W,15,2026,7,16,0,11.6,134.7,100500.0,2026-07-16,2026-07-16,1005.0
20260716,000000,71W,15,2026,7,16,0,13.3,131.9,100600.0,2026-07-16,2026-07-16,1006.0
20260716,000000,71W,15,2026,7,16,0,13.3,132.1,100400.0,2026-07-16,2026-07-16,1004.0
20260716,000000,71W,15,2026,7,16,0,14.200000000000001,128.5,100400.0,2026-07-16,2026-07-16,1004.0
20260716,000000,71W,15,2026,7,16,0,13.9,127.4,100500.0,2026-07-16,2026-07-16,1005.0
20260716,000000,71W,15,2026,7,16,0,13.6,126.5,100300.0,2026-07-16,2026-07-16,1003.0
20260716,000000,71W,15,2026,7,16,0,14.700000000000001,125.7,100500.0,2026-07-16,2026-07-16,1005.0
20260716,000000,71W,15,2026,7,16,0,14.5,121.7,100200.0,2026-07-16,2026-07-16,1002.0
20260716,000000,71W,15,2026,7,16,0,15.3,119.5,100400.0,2026-07-16,2026-07-16,1004.0
20260716,000000,71W,15,2026,7,16,0,15.6,118.60000000000001,100000.0,2026-07-16,2026-07-16,1000.0
20260716,000000,71W,15,2026,7,16,0,16.1,117.0,100000.0,2026-07-16,2026-07-16,1000.0
20260716,000000,71W,15,2026,7,16,0,15.9,115.5,99700.0,2026-07-16,2026-07-16,997.0
20260716,000000,71W,15,2026,7,16,0,15.9,114.7,99800.0,2026-07-16,2026-07-16,998.0
20260716,000000,71W,15,2026,7,16,0,16.7,113.60000000000001,99600.0,2026-07-16,2026-07-16,996.0
20260716,000000,71W,15,2026,7,16,0,17.0,112.5,99500.0,2026-07-16,2026-07-16,995.0
20260716,000000,71W,15,2026,7,16,0,17.3,111.3,99000.0,2026-07-16,2026-07-16,990.0
20260716,000000,71W,15,2026,7,16,0,17.3,110.8,98800.0,2026-07-16,2026-07-16,988.0
20260716,000000,71W,15,2026,7,16,0,17.8,109.9,98500.0,2026-07-16,2026-07-16,985.0
20260716,000000,71W,15,2026,7,16,0,18.1,109.60000000000001,98300.0,2026-07-16,2026-07-16,983.0
20260716,000000,71W,15,2026,7,16,0,18.7,108.5,98700.0,2026-07-16,2026-07-16,987.0
20260716,000000,71W,15,2026,7,16,0,18.7,108.0,98900.0,2026-07-16,2026-07-16,989.0
20260716,000000,71W,15,2026,7,16,0,19.0,108.0,98900.0,2026-07-16,2026-07-16,989.0
20260716,000000,71W,15,2026,7,16,0,19.2,106.8,98800.0,2026-07-16,2026-07-16,988.0
20260716,000000,71W,15,2026,7,16,0,19.5,106.0,99300.0,2026-07-16,2026-07-16,993.0
20260716,000000,71W,15,2026,7,16,0,19.2,104.60000000000001,99800.0,2026-07-16,2026-07-16,998.0
20260716,000000,71W,15,2026,7,16,0,18.2,102.7,100000.0,2026-07-16,2026-07-16,1000.0
20260716,000000,71W,15,2026,7,16,0,18.1,102.5,99900.0,2026-07-16,2026-07-16,999.0
20260716,000000,71W,15,2026,7,16,0,16.7,100.10000000000001,100100.0,2026-07-16,2026-07-16,1001.0
20260716,000000,71W,16,2026,7,16,0,12.200000000000001,139.5,100700.0,2026-07-16,2026-07-16,1007.0
20260716,000000,71W,16,2026,7,16,0,13.0,135.8,100700.0,2026-07-16,2026-07-16,1007.0
20260716,000000,71W,16,2026,7,16,0,12.8,136.1,100500.0,2026-07-16,2026-07-16,1005.0
20260716,000000,71W,16,2026,7,16,0,13.1,135.5,100500.0,2026-07-16,2026-07-16,1005.0
20260716,000000,71W,16,2026,7,16,0,13.6,134.1,100200.0,2026-07-16,2026-07-16,1002.0
20260716,000000,71W,16,2026,7,16,0,14.700000000000001,133.3,100300.0,2026-07-16,2026-07-16,1003.0
20260716,000000,71W,16,2026,7,16,0,14.200000000000001,131.3,99800.0,2026-07-16,2026-07-16,998.0
20260716,000000,71W,16,2026,7,16,0,14.700000000000001,130.5,99800.0,2026-07-16,2026-07-16,998.0
20260716,000000,71W,16,2026,7,16,0,15.9,129.3,99500.0,2026-07-16,2026-07-16,995.0
20260716,000000,71W,16,2026,7,16,0,16.1,127.9,99400.0,2026-07-16,2026-07-16,994.0
20260716,000000,71W,16,2026,7,16,0,16.4,126.8,99000.0,2026-07-16,2026-07-16,990.0
20260716,000000,71W,16,2026,7,16,0,17.0,125.7,99200.0,2026-07-16,2026-07-16,992.0
20260716,000000,71W,16,2026,7,16,0,17.6,124.3,98600.0,2026-07-16,2026-07-16,986.0
20260716,000000,71W,16,2026,7,16,0,18.1,123.10000000000001,98000.0,2026-07-16,2026-07-16,980.0
20260716,000000,71W,16,2026,7,16,0,19.0,122.0,98000.0,2026-07-16,2026-07-16,980.0
20260716,000000,71W,16,2026,7,16,0,19.2,120.9,97500.0,2026-07-16,2026-07-16,975.0
20260716,000000,71W,16,2026,7,16,0,19.5,119.8,97000.0,2026-07-16,2026-07-16,970.0
20260716,000000,71W,16,2026,7,16,0,20.1,118.60000000000001,96800.0,2026-07-16,2026-07-16,968.0
20260716,000000,71W,16,2026,7,16,0,20.400000000000002,117.5,97300.0,2026-07-16,2026-07-16,973.0
20260716,000000,71W,16,2026,7,16,0,20.900000000000002,116.7,96900.0,2026-07-16,2026-07-16,969.0
20260716,000000,71W,16,2026,7,16,0,21.5,115.3,97200.0,2026-07-16,2026-07-16,972.0
20260716,000000,71W,16,2026,7,16,0,22.3,113.9,97600.0,2026-07-16,2026-07-16,976.0
20260716,000000,71W,16,2026,7,16,0,22.900000000000002,112.7,98700.0,2026-07-16,2026-07-16,987.0
20260716,000000,71W,16,2026,7,16,0,24.0,112.2,99000.0,2026-07-16,2026-07-16,990.0
20260716,000000,71W,16,2026,7,16,0,25.2,110.2,99900.0,2026-07-16,2026-07-16,999.0
20260716,000000,71W,16,2026,7,16,0,24.900000000000002,109.10000000000001,100200.0,2026-07-16,2026-07-16,1002.0
20260716,000000,71W,16,2026,7,16,0,24.6,108.2,100400.0,2026-07-16,2026-07-16,1004.0
20260716,000000,71W,16,2026,7,16,0,23.8,106.8,100600.0,2026-07-16,2026-07-16,1006.0
20260716,000000,71W,17,2026,7,16,0,6.3,164.20000000000002,100600.0,2026-07-16,2026-07-16,1006.0
20260716,000000,71W,17,2026,7,16,0,9.1,162.0,100800.0,2026-07-16,2026-07-16,1008.0
20260716,000000,71W,18,2026,7,16,0,7.4,160.8,100800.0,2026-07-16,2026-07-16,1008.0
20260716,000000,71W,18,2026,7,16,0,7.4,158.3,100600.0,2026-07-16,2026-07-16,1006.0
20260716,000000,71W,18,2026,7,16,0,7.7,156.3,100700.0,2026-07-16,2026-07-16,1007.0
20260716,000000,71W,18,2026,7,16,0,10.200000000000001,157.20000000000002,100600.0,2026-07-16,2026-07-16,1006.0
20260716,000000,71W,18,2026,7,16,0,9.700000000000001,156.9,100800.0,2026-07-16,2026-07-16,1008.0
20260716,000000,71W,18,2026,7,16,0,10.5,156.3,100800.0,2026-07-16,2026-07-16,1008.0
20260716,000000,71W,18,2026,7,16,0,11.1,155.8,100900.0,2026-07-16,2026-07-16,1009.0
20260716,000000,71W,18,2026,7,16,0,11.9,153.0,100800.0,2026-07-16,2026-07-16,1008.0
20260716,000000,71W,18,2026,7,16,0,12.8,153.20000000000002,100700.0,2026-07-16,2026-07-16,1007.0
20260716,000000,71W,18,2026,7,16,0,10.8,152.4,101000.0,2026-07-16,2026-07-16,1010.0
20260716,000000,71W,18,2026,7,16,0,13.3,151.5,101000.0,2026-07-16,2026-07-16,1010.0
20260716,000000,71W,18,2026,7,16,0,13.9,152.4,100700.0,2026-07-16,2026-07-16,1007.0
20260716,000000,71W,18,2026,7,16,0,14.5,150.70000000000002,100800.0,2026-07-16,2026-07-16,1008.0
20260716,000000,71W,18,2026,7,16,0,14.6,150.70000000000002,100700.0,2026-07-16,2026-07-16,1007.0
20260716,000000,71W,18,2026,7,16,0,14.700000000000001,151.0,100900.0,2026-07-16,2026-07-16,1009.0
20260716,000000,71W,18,2026,7,16,0,15.0,150.70000000000002,100600.0,2026-07-16,2026-07-16,1006.0
20260716,000000,71W,18,2026,7,16,0,14.200000000000001,150.6,100700.0,2026-07-16,2026-07-16,1007.0
20260716,000000,71W,18,2026,7,16,0,14.700000000000001,150.4,100400.0,2026-07-16,2026-07-16,1004.0
20260716,000000,71W,18,2026,7,16,0,15.3,149.9,100700.0,2026-07-16,2026-07-16,1007.0
20260716,000000,71W,18,2026,7,16,0,15.0,148.20000000000002,100500.0,2026-07-16,2026-07-16,1005.0
20260716,000000,71W,18,2026,7,16,0,15.6,147.9,100600.0,2026-07-16,2026-07-16,1006.0
20260716,000000,71W,18,2026,7,16,0,15.6,148.20000000000002,100300.0,2026-07-16,2026-07-16,1003.0
20260716,000000,71W,18,2026,7,16,0,14.700000000000001,145.9,100400.0,2026-07-16,2026-07-16,1004.0
20260716,000000,71W,18,2026,7,16,0,15.0,146.5,100200.0,2026-07-16,2026-07-16,1002.0
20260716,000000,71W,18,2026,7,16,0,15.9,145.4,100300.0,2026-07-16,2026-07-16,1003.0
20260716,000000,71W,18,2026,7,16,0,16.4,144.8,100100.0,2026-07-16,2026-07-16,1001.0
20260716,000000,71W,18,2026,7,16,0,16.4,143.4,100200.0,2026-07-16,2026-07-16,1002.0
20260716,000000,71W,18,2026,7,16,0,15.9,142.3,99800.0,2026-07-16,2026-07-16,998.0
20260716,000000,71W,18,2026,7,16,0,15.9,141.4,99600.0,2026-07-16,2026-07-16,996.0
20260716,000000,71W,18,2026,7,16,0,15.9,140.6,99100.0,2026-07-16,2026-07-16,991.0
20260716,000000,71W,18,2026,7,16,0,15.3,140.0,98800.0,2026-07-16,2026-07-16,988.0
20260716,000000,71W,18,2026,7,16,0,15.3,139.5,98200.0,2026-07-16,2026-07-16,982.0
20260716,000000,71W,18,2026,7,16,0,15.3,138.6,97700.0,2026-07-16,2026-07-16,977.0
20260716,000000,71W,18,2026,7,16,0,15.6,137.8,97200.0,2026-07-16,2026-07-16,972.0
20260716,000000,71W,18,2026,7,16,0,15.6,136.9,97100.0,2026-07-16,2026-07-16,971.0
20260716,000000,71W,18,2026,7,16,0,15.3,136.1,96800.0,2026-07-16,2026-07-16,968.0
20260716,000000,71W,18,2026,7,16,0,15.9,135.2,96200.0,2026-07-16,2026-07-16,962.0
20260716,000000,71W,18,2026,7,16,0,16.4,134.1,96300.0,2026-07-16,2026-07-16,963.0
20260716,000000,71W,18,2026,7,16,0,16.7,133.3,96300.0,2026-07-16,2026-07-16,963.0
20260716,000000,71W,18,2026,7,16,0,17.6,132.1,96400.0,2026-07-16,2026-07-16,964.0
20260716,000000,71W,18,2026,7,16,0,17.6,131.0,95800.0,2026-07-16,2026-07-16,958.0
20260716,000000,71W,18,2026,7,16,0,18.1,130.2,95500.0,2026-07-16,2026-07-16,955.0
20260716,000000,71W,18,2026,7,16,0,18.400000000000002,129.6,95400.0,2026-07-16,2026-07-16,954.0
20260716,000000,71W,18,2026,7,16,0,19.0,128.8,95600.0,2026-07-16,2026-07-16,956.0
20260716,000000,71W,18,2026,7,16,0,19.2,128.2,95500.0,2026-07-16,2026-07-16,955.0
20260716,000000,71W,18,2026,7,16,0,20.1,127.10000000000001,95700.0,2026-07-16,2026-07-16,957.0
20260716,000000,71W,18,2026,7,16,0,20.7,126.8,95300.0,2026-07-16,2026-07-16,953.0
20260716,000000,71W,18,2026,7,16,0,21.5,126.5,95300.0,2026-07-16,2026-07-16,953.0
20260716,000000,71W,18,2026,7,16,0,22.6,125.7,95300.0,2026-07-16,2026-07-16,953.0
20260716,000000,71W,18,2026,7,16,0,23.1,124.8,95700.0,2026-07-16,2026-07-16,957.0
20260716,000000,71W,18,2026,7,16,0,24.0,124.0,95400.0,2026-07-16,2026-07-16,954.0
20260716,000000,71W,18,2026,7,16,0,24.900000000000002,122.9,96300.0,2026-07-16,2026-07-16,963.0
20260716,000000,71W,18,2026,7,16,0,24.900000000000002,121.2,97000.0,2026-07-16,2026-07-16,970.0
20260716,000000,71W,19,2026,7,16,0,21.8,163.4,100600.0,2026-07-16,2026-07-16,1006.0
20260716,000000,71W,19,2026,7,16,0,21.5,162.20000000000002,100300.0,2026-07-16,2026-07-16,1003.0
20260716,000000,71W,19,2026,7,16,0,22.1,161.70000000000002,100300.0,2026-07-16,2026-07-16,1003.0
20260716,000000,71W,19,2026,7,16,0,22.3,161.1,100100.0,2026-07-16,2026-07-16,1001.0
20260716,000000,71W,19,2026,7,16,0,23.2,161.4,99900.0,2026-07-16,2026-07-16,999.0
20260716,000000,71W,19,2026,7,16,0,23.5,160.0,99700.0,2026-07-16,2026-07-16,997.0
20260716,000000,71W,19,2026,7,16,0,23.2,159.4,99900.0,2026-07-16,2026-07-16,999.0
20260716,000000,71W,19,2026,7,16,0,24.0,158.6,99700.0,2026-07-16,2026-07-16,997.0
20260716,000000,71W,19,2026,7,16,0,24.6,158.0,99700.0,2026-07-16,2026-07-16,997.0
20260716,000000,71W,19,2026,7,16,0,25.400000000000002,157.20000000000002,99200.0,2026-07-16,2026-07-16,992.0
20260716,000000,71W,19,2026,7,16,0,26.0,156.0,99100.0,2026-07-16,2026-07-16,991.0
20260716,000000,71W,19,2026,7,16,0,26.900000000000002,155.5,99000.0,2026-07-16,2026-07-16,990.0
20260716,000000,71W,19,2026,7,16,0,27.400000000000002,154.6,99000.0,2026-07-16,2026-07-16,990.0
20260716,000000,71W,19,2026,7,16,0,28.0,154.4,98900.0,2026-07-16,2026-07-16,989.0
20260716,000000,71W,19,2026,7,16,0,28.3,153.5,98600.0,2026-07-16,2026-07-16,986.0
20260716,000000,71W,19,2026,7,16,0,28.8,153.5,98300.0,2026-07-16,2026-07-16,983.0
20260716,000000,71W,19,2026,7,16,0,29.400000000000002,153.5,98500.0,2026-07-16,2026-07-16,985.0
20260716,000000,71W,19,2026,7,16,0,30.0,153.0,98400.0,2026-07-16,2026-07-16,984.0
20260716,000000,71W,19,2026,7,16,0,30.2,153.0,98700.0,2026-07-16,2026-07-16,987.0
20260716,000000,71W,19,2026,7,16,0,30.2,152.70000000000002,98800.0,2026-07-16,2026-07-16,988.0
20260716,000000,71W,19,2026,7,16,0,30.2,152.4,98900.0,2026-07-16,2026-07-16,989.0
20260716,000000,71W,19,2026,7,16,0,30.0,152.4,98900.0,2026-07-16,2026-07-16,989.0
20260716,000000,71W,19,2026,7,16,0,30.0,152.4,99100.0,2026-07-16,2026-07-16,991.0
20260716,000000,71W,19,2026,7,16,0,30.0,152.1,98600.0,2026-07-16,2026-07-16,986.0
20260716,000000,71W,19,2026,7,16,0,29.7,152.4,98500.0,2026-07-16,2026-07-16,985.0
20260716,000000,71W,20,2026,7,16,0,27.400000000000002,174.9,101100.0,2026-07-16,2026-07-16,1011.0
20260716,000000,71W,20,2026,7,16,0,28.0,172.9,101100.0,2026-07-16,2026-07-16,1011.0
20260716,000000,71W,20,2026,7,16,0,27.0,173.5,101100.0,2026-07-16,2026-07-16,1011.0
20260716,000000,71W,20,2026,7,16,0,27.1,172.6,101200.0,2026-07-16,2026-07-16,1012.0
20260716,000000,71W,21,2026,7,16,0,14.5,132.7,100800.0,2026-07-16,2026-07-16,1008.0
20260716,000000,71W,21,2026,7,16,0,13.9,131.9,100700.0,2026-07-16,2026-07-16,1007.0
20260716,000000,71W,21,2026,7,16,0,14.200000000000001,130.1,100800.0,2026-07-16,2026-07-16,1008.0
20260716,000000,71W,21,2026,7,16,0,14.8,129.5,100600.0,2026-07-16,2026-07-16,1006.0
20260716,000000,71W,21,2026,7,16,0,14.700000000000001,128.8,100600.0,2026-07-16,2026-07-16,1006.0
20260716,000000,71W,21,2026,7,16,0,15.0,125.4,100400.0,2026-07-16,2026-07-16,1004.0
20260716,000000,71W,21,2026,7,16,0,15.0,126.2,100200.0,2026-07-16,2026-07-16,1002.0
20260716,000000,71W,21,2026,7,16,0,17.0,125.10000000000001,100100.0,2026-07-16,2026-07-16,1001.0
20260716,000000,71W,21,2026,7,16,0,17.0,124.0,99700.0,2026-07-16,2026-07-16,997.0
20260716,000000,71W,21,2026,7,16,0,17.6,122.9,99200.0,2026-07-16,2026-07-16,992.0
20260716,000000,71W,21,2026,7,16,0,18.400000000000002,122.0,98700.0,2026-07-16,2026-07-16,987.0
20260716,000000,71W,21,2026,7,16,0,19.0,120.60000000000001,98800.0,2026-07-16,2026-07-16,988.0
20260716,000000,71W,21,2026,7,16,0,19.5,119.8,98700.0,2026-07-16,2026-07-16,987.0
20260716,000000,71W,21,2026,7,16,0,19.8,119.5,98000.0,2026-07-16,2026-07-16,980.0
20260716,000000,71W,21,2026,7,16,0,20.1,118.4,98000.0,2026-07-16,2026-07-16,980.0
20260716,000000,71W,21,2026,7,16,0,20.7,118.10000000000001,97100.0,2026-07-16,2026-07-16,971.0
20260716,000000,71W,21,2026,7,16,0,21.5,117.5,97700.0,2026-07-16,2026-07-16,977.0
20260716,000000,71W,21,2026,7,16,0,22.1,117.2,97600.0,2026-07-16,2026-07-16,976.0
20260716,000000,71W,21,2026,7,16,0,23.5,116.4,98500.0,2026-07-16,2026-07-16,985.0
20260716,000000,71W,21,2026,7,16,0,24.0,115.5,98900.0,2026-07-16,2026-07-16,989.0
20260716,000000,71W,21,2026,7,16,0,25.400000000000002,115.3,99300.0,2026-07-16,2026-07-16,993.0
20260716,000000,71W,21,2026,7,16,0,26.3,114.7,99800.0,2026-07-16,2026-07-16,998.0
20260716,000000,71W,21,2026,7,16,0,27.400000000000002,113.0,99900.0,2026-07-16,2026-07-16,999.0
20260716,000000,71W,21,2026,7,16,0,29.1,113.0,100200.0,2026-07-16,2026-07-16,1002.0
20260716,000000,71W,21,2026,7,16,0,29.7,111.9,100100.0,2026-07-16,2026-07-16,1001.0
20260716,000000,71W,23,2026,7,16,0,4.3,153.20000000000002,100700.0,2026-07-16,2026-07-16,1007.0
20260716,000000,71W,23,2026,7,16,0,5.4,152.1,100700.0,2026-07-16,2026-07-16,1007.0
20260716,000000,71W,23,2026,7,16,0,7.7,153.0,100900.0,2026-07-16,2026-07-16,1009.0
20260716,000000,71W,23,2026,7,16,0,7.4,152.1,100600.0,2026-07-16,2026-07-16,1006.0
20260716,000000,71W,23,2026,7,16,0,8.3,152.70000000000002,100800.0,2026-07-16,2026-07-16,1008.0
20260716,000000,71W,23,2026,7,16,0,11.4,152.4,100700.0,2026-07-16,2026-07-16,1007.0
20260716,000000,71W,24,2026,7,16,0,14.700000000000001,126.8,100500.0,2026-07-16,2026-07-16,1005.0
20260716,000000,71W,24,2026,7,16,0,14.5,126.2,100300.0,2026-07-16,2026-07-16,1003.0
20260716,000000,71W,24,2026,7,16,0,15.0,124.3,100200.0,2026-07-16,2026-07-16,1002.0
20260716,000000,71W,24,2026,7,16,0,16.2,123.0,100200.0,2026-07-16,2026-07-16,1002.0
20260716,000000,71W,24,2026,7,16,0,16.1,122.0,100200.0,2026-07-16,2026-07-16,1002.0
20260716,000000,71W,24,2026,7,16,0,18.1,120.60000000000001,100100.0,2026-07-16,2026-07-16,1001.0
20260716,000000,71W,24,2026,7,16,0,16.7,118.9,99500.0,2026-07-16,2026-07-16,995.0
20260716,000000,71W,24,2026,7,16,0,17.1,117.7,99600.0,2026-07-16,2026-07-16,996.0
20260716,000000,71W,24,2026,7,16,0,17.0,116.10000000000001,99300.0,2026-07-16,2026-07-16,993.0
20260716,000000,71W,24,2026,7,16,0,17.3,115.8,99200.0,2026-07-16,2026-07-16,992.0
20260716,000000,71W,24,2026,7,16,0,17.6,115.3,98900.0,2026-07-16,2026-07-16,989.0
20260716,000000,71W,24,2026,7,16,0,17.6,114.7,98900.0,2026-07-16,2026-07-16,989.0
20260716,000000,71W,24,2026,7,16,0,18.1,114.10000000000001,98800.0,2026-07-16,2026-07-16,988.0
20260716,000000,71W,24,2026,7,16,0,18.7,113.3,98700.0,2026-07-16,2026-07-16,987.0
20260716,000000,71W,24,2026,7,16,0,19.0,113.0,98400.0,2026-07-16,2026-07-16,984.0
20260716,000000,71W,24,2026,7,16,0,19.2,112.2,98000.0,2026-07-16,2026-07-16,980.0
20260716,000000,71W,24,2026,7,16,0,19.8,111.60000000000001,97600.0,2026-07-16,2026-07-16,976.0
20260716,000000,71W,24,2026,7,16,0,20.400000000000002,111.0,97800.0,2026-07-16,2026-07-16,978.0
20260716,000000,71W,24,2026,7,16,0,20.7,110.2,97600.0,2026-07-16,2026-07-16,976.0
20260716,000000,71W,24,2026,7,16,0,20.900000000000002,109.60000000000001,98200.0,2026-07-16,2026-07-16,982.0
20260716,000000,71W,24,2026,7,16,0,21.5,108.8,98800.0,2026-07-16,2026-07-16,988.0
20260716,000000,71W,24,2026,7,16,0,22.1,108.0,99300.0,2026-07-16,2026-07-16,993.0
20260716,000000,71W,24,2026,7,16,0,22.3,106.8,99700.0,2026-07-16,2026-07-16,997.0
20260716,000000,71W,24,2026,7,16,0,22.1,105.7,100100.0,2026-07-16,2026-07-16,1001.0
20260716,000000,71W,24,2026,7,16,0,21.2,105.10000000000001,100400.0,2026-07-16,2026-07-16,1004.0
20260716,000000,71W,25,2026,7,16,0,6.3,152.1,100700.0,2026-07-16,2026-07-16,1007.0
20260716,000000,71W,25,2026,7,16,0,6.3,151.3,100800.0,2026-07-16,2026-07-16,1008.0
20260716,000000,71W,26,2026,7,16,0,6.0,157.70000000000002,101000.0,2026-07-16,2026-07-16,1010.0
20260716,000000,71W,26,2026,7,16,0,4.9,155.8,100900.0,2026-07-16,2026-07-16,1009.0
20260716,000000,71W,27,2026,7,16,0,31.400000000000002,162.0,100400.0,2026-07-16,2026-07-16,1004.0
20260716,000000,71W,27,2026,7,16,0,32.2,162.20000000000002,100400.0,2026-07-16,2026-07-16,1004.0
20260716,000000,71W,28,2026,7,16,0,7.1000000000000005,165.3,100900.0,2026-07-16,2026-07-16,1009.0
20260716,000000,71W,28,2026,7,16,0,6.0,168.4,100800.0,2026-07-16,2026-07-16,1008.0
20260716,000000,71W,28,2026,7,16,0,3.8000000000000003,169.8,100800.0,2026-07-16,2026-07-16,1008.0
20260716,000000,71W,29,2026,7,16,0,9.1,159.4,100800.0,2026-07-16,2026-07-16,1008.0
20260716,000000,71W,29,2026,7,16,0,7.4,160.0,101000.0,2026-07-16,2026-07-16,1010.0
20260716,000000,71W,29,2026,7,16,0,8.0,162.8,100900.0,2026-07-16,2026-07-16,1009.0
20260716,000000,71W,29,2026,7,16,0,5.7,165.0,100700.0,2026-07-16,2026-07-16,1007.0
20260716,000000,71W,29,2026,7,16,0,7.4,163.6,100600.0,2026-07-16,2026-07-16,1006.0
20260716,000000,71W,29,2026,7,16,0,7.1000000000000005,164.20000000000002,100700.0,2026-07-16,2026-07-16,1007.0
20260716,000000,71W,29,2026,7,16,0,8.3,165.0,100600.0,2026-07-16,2026-07-16,1006.0
20260716,000000,71W,29,2026,7,16,0,10.8,166.70000000000002,100800.0,2026-07-16,2026-07-16,1008.0
20260716,000000,71W,29,2026,7,16,0,9.4,166.20000000000002,100400.0,2026-07-16,2026-07-16,1004.0
20260716,000000,71W,30,2026,7,16,0,27.400000000000002,169.5,100800.0,2026-07-16,2026-07-16,1008.0
20260716,000000,71W,30,2026,7,16,0,26.6,170.9,100900.0,2026-07-16,2026-07-16,1009.0
20260716,000000,71W,30,2026,7,16,0,27.1,170.4,101000.0,2026-07-16,2026-07-16,1010.0
20260716,000000,71W,30,2026,7,16,0,25.7,170.70000000000002,101200.0,2026-07-16,2026-07-16,1012.0
20260716,000000,71W,30,2026,7,16,0,25.2,170.70000000000002,101000.0,2026-07-16,2026-07-16,1010.0
20260716,000000,71W,30,2026,7,16,0,25.1,170.70000000000002,101100.0,2026-07-16,2026-07-16,1011.0
20260716,000000,71W,30,2026,7,16,0,24.900000000000002,170.1,100900.0,2026-07-16,2026-07-16,1009.0
20260716,000000,71W,30,2026,7,16,0,24.6,169.5,101100.0,2026-07-16,2026-07-16,1011.0
20260716,000000,71W,30,2026,7,16,0,24.0,169.1,100900.0,2026-07-16,2026-07-16,1009.0
20260716,000000,71W,30,2026,7,16,0,23.5,169.0,100900.0,2026-07-16,2026-07-16,1009.0
20260716,000000,71W,30,2026,7,16,0,22.900000000000002,168.1,100800.0,2026-07-16,2026-07-16,1008.0
20260716,000000,71W,31,2026,7,16,0,8.3,155.8,100700.0,2026-07-16,2026-07-16,1007.0
20260716,000000,71W,31,2026,7,16,0,9.700000000000001,152.70000000000002,100700.0,2026-07-16,2026-07-16,1007.0
20260716,000000,71W,31,2026,7,16,0,10.200000000000001,149.3,101000.0,2026-07-16,2026-07-16,1010.0
20260716,000000,71W,31,2026,7,16,0,11.9,149.9,100600.0,2026-07-16,2026-07-16,1006.0
20260716,000000,71W,31,2026,7,16,0,13.3,148.5,100800.0,2026-07-16,2026-07-16,1008.0
20260716,000000,71W,31,2026,7,16,0,11.6,147.6,100600.0,2026-07-16,2026-07-16,1006.0
20260716,000000,71W,31,2026,7,16,0,12.5,147.3,100700.0,2026-07-16,2026-07-16,1007.0
20260716,000000,71W,31,2026,7,16,0,13.0,145.4,100500.0,2026-07-16,2026-07-16,1005.0
20260716,000000,71W,31,2026,7,16,0,13.9,143.70000000000002,100700.0,2026-07-16,2026-07-16,1007.0
20260716,000000,71W,31,2026,7,16,0,14.200000000000001,142.8,100500.0,2026-07-16,2026-07-16,1005.0
20260716,000000,71W,31,2026,7,16,0,15.9,140.0,100500.0,2026-07-16,2026-07-16,1005.0
20260716,000000,71W,31,2026,7,16,0,16.1,137.20000000000002,100700.0,2026-07-16,2026-07-16,1007.0
20260716,000000,71W,31,2026,7,16,0,15.0,134.4,100400.0,2026-07-16,2026-07-16,1004.0
20260716,000000,71W,31,2026,7,16,0,15.3,133.0,100400.0,2026-07-16,2026-07-16,1004.0
20260716,000000,71W,31,2026,7,16,0,15.3,130.7,100200.0,2026-07-16,2026-07-16,1002.0
20260716,000000,71W,31,2026,7,16,0,14.700000000000001,129.0,100200.0,2026-07-16,2026-07-16,1002.0
20260716,000000,71W,31,2026,7,16,0,15.0,127.9,99800.0,2026-07-16,2026-07-16,998.0
20260716,000000,71W,31,2026,7,16,0,15.6,127.60000000000001,100200.0,2026-07-16,2026-07-16,1002.0
20260716,000000,71W,31,2026,7,16,0,16.4,126.2,99900.0,2026-07-16,2026-07-16,999.0
20260716,000000,71W,31,2026,7,16,0,16.5,125.60000000000001,99900.0,2026-07-16,2026-07-16,999.0
20260716,000000,71W,31,2026,7,16,0,16.9,124.60000000000001,99700.0,2026-07-16,2026-07-16,997.0
20260716,000000,71W,31,2026,7,16,0,17.3,123.4,99600.0,2026-07-16,2026-07-16,996.0
20260716,000000,71W,31,2026,7,16,0,17.3,123.10000000000001,99300.0,2026-07-16,2026-07-16,993.0
20260716,000000,71W,31,2026,7,16,0,18.400000000000002,122.9,99500.0,2026-07-16,2026-07-16,995.0
20260716,000000,71W,31,2026,7,16,0,19.0,120.9,99300.0,2026-07-16,2026-07-16,993.0
20260716,000000,71W,31,2026,7,16,0,19.0,119.8,99300.0,2026-07-16,2026-07-16,993.0
20260716,000000,71W,31,2026,7,16,0,19.0,119.2,98800.0,2026-07-16,2026-07-16,988.0
20260716,000000,71W,31,2026,7,16,0,18.7,118.60000000000001,98700.0,2026-07-16,2026-07-16,987.0
20260716,000000,71W,31,2026,7,16,0,19.0,117.8,98100.0,2026-07-16,2026-07-16,981.0
20260716,000000,71W,31,2026,7,16,0,19.5,117.5,97900.0,2026-07-16,2026-07-16,979.0
20260716,000000,71W,31,2026,7,16,0,20.1,116.4,97300.0,2026-07-16,2026-07-16,973.0
20260716,000000,71W,31,2026,7,16,0,20.400000000000002,115.3,97000.0,2026-07-16,2026-07-16,970.0
20260716,000000,71W,31,2026,7,16,0,20.900000000000002,114.10000000000001,96900.0,2026-07-16,2026-07-16,969.0
20260716,000000,71W,31,2026,7,16,0,21.5,113.0,97400.0,2026-07-16,2026-07-16,974.0
20260716,000000,71W,31,2026,7,16,0,22.1,111.3,97800.0,2026-07-16,2026-07-16,978.0
20260716,000000,71W,31,2026,7,16,0,22.1,109.60000000000001,98500.0,2026-07-16,2026-07-16,985.0
20260716,000000,71W,31,2026,7,16,0,22.3,108.2,99400.0,2026-07-16,2026-07-16,994.0
20260716,000000,71W,31,2026,7,16,0,22.6,106.8,99600.0,2026-07-16,2026-07-16,996.0
20260716,000000,71W,31,2026,7,16,0,21.8,104.9,99900.0,2026-07-16,2026-07-16,999.0
20260716,000000,71W,32,2026,7,16,0,6.3,158.6,101000.0,2026-07-16,2026-07-16,1010.0
20260716,000000,71W,32,2026,7,16,0,7.4,160.3,100900.0,2026-07-16,2026-07-16,1009.0
20260716,000000,71W,32,2026,7,16,0,7.7,162.0,100900.0,2026-07-16,2026-07-16,1009.0
20260716,000000,71W,33,2026,7,16,0,15.9,129.6,100600.0,2026-07-16,2026-07-16,1006.0
20260716,000000,71W,33,2026,7,16,0,15.9,129.0,100500.0,2026-07-16,2026-07-16,1005.0
20260716,000000,71W,33,2026,7,16,0,16.1,126.0,100400.0,2026-07-16,2026-07-16,1004.0
20260716,000000,71W,33,2026,7,16,0,15.700000000000001,124.9,100500.0,2026-07-16,2026-07-16,1005.0
20260716,000000,71W,33,2026,7,16,0,15.1,124.60000000000001,100400.0,2026-07-16,2026-07-16,1004.0
20260716,000000,71W,33,2026,7,16,0,15.3,124.0,100400.0,2026-07-16,2026-07-16,1004.0
20260716,000000,71W,33,2026,7,16,0,14.5,121.7,100400.0,2026-07-16,2026-07-16,1004.0
20260716,000000,71W,33,2026,7,16,0,15.6,122.60000000000001,100400.0,2026-07-16,2026-07-16,1004.0
20260716,000000,71W,34,2026,7,16,0,28.0,109.9,100200.0,2026-07-16,2026-07-16,1002.0
20260716,000000,71W,34,2026,7,16,0,29.1,114.4,100200.0,2026-07-16,2026-07-16,1002.0
20260716,000000,71W,34,2026,7,16,0,30.0,115.5,100300.0,2026-07-16,2026-07-16,1003.0
20260716,000000,71W,34,2026,7,16,0,31.400000000000002,118.4,100300.0,2026-07-16,2026-07-16,1003.0
20260716,000000,71W,34,2026,7,16,0,33.9,122.9,100300.0,2026-07-16,2026-07-16,1003.0
20260716,000000,71W,34,2026,7,16,0,35.300000000000004,123.4,100300.0,2026-07-16,2026-07-16,1003.0
20260716,000000,71W,34,2026,7,16,0,35.9,124.0,100300.0,2026-07-16,2026-07-16,1003.0
20260716,000000,71W,34,2026,7,16,0,36.4,124.3,100200.0,2026-07-16,2026-07-16,1002.0
20260716,000000,71W,34,2026,7,16,0,38.300000000000004,125.8,100300.0,2026-07-16,2026-07-16,1003.0
20260716,000000,71W,35,2026,7,16,0,31.900000000000002,157.5,100400.0,2026-07-16,2026-07-16,1004.0
20260716,000000,71W,35,2026,7,16,0,32.8,156.9,100400.0,2026-07-16,2026-07-16,1004.0
20260716,000000,71W,36,2026,7,16,0,15.0,149.0,100500.0,2026-07-16,2026-07-16,1005.0
20260716,000000,71W,36,2026,7,16,0,13.6,149.9,100400.0,2026-07-16,2026-07-16,1004.0
20260716,000000,71W,36,2026,7,16,0,12.8,147.9,100400.0,2026-07-16,2026-07-16,1004.0
20260716,000000,71W,36,2026,7,16,0,13.6,147.9,100500.0,2026-07-16,2026-07-16,1005.0
20260716,000000,71W,36,2026,7,16,0,13.3,148.5,100200.0,2026-07-16,2026-07-16,1002.0
20260716,000000,71W,36,2026,7,16,0,13.9,147.6,100000.0,2026-07-16,2026-07-16,1000.0
20260716,000000,71W,36,2026,7,16,0,14.700000000000001,146.5,100200.0,2026-07-16,2026-07-16,1002.0
20260716,000000,71W,36,2026,7,16,0,14.8,144.20000000000002,100000.0,2026-07-16,2026-07-16,1000.0
20260716,000000,71W,36,2026,7,16,0,13.9,144.5,99700.0,2026-07-16,2026-07-16,997.0
20260716,000000,71W,36,2026,7,16,0,15.3,142.8,99800.0,2026-07-16,2026-07-16,998.0
20260716,000000,71W,36,2026,7,16,0,15.9,141.70000000000002,99400.0,2026-07-16,2026-07-16,994.0
20260716,000000,71W,36,2026,7,16,0,15.9,140.0,99500.0,2026-07-16,2026-07-16,995.0
20260716,000000,71W,36,2026,7,16,0,14.9,138.6,99200.0,2026-07-16,2026-07-16,992.0
20260716,000000,71W,36,2026,7,16,0,15.3,138.9,99200.0,2026-07-16,2026-07-16,992.0
20260716,000000,71W,36,2026,7,16,0,16.4,137.20000000000002,98900.0,2026-07-16,2026-07-16,989.0
20260716,000000,71W,36,2026,7,16,0,15.6,136.6,98300.0,2026-07-16,2026-07-16,983.0
20260716,000000,71W,36,2026,7,16,0,16.6,136.1,98500.0,2026-07-16,2026-07-16,985.0
20260716,000000,71W,37,2026,7,16,0,13.3,140.9,100500.0,2026-07-16,2026-07-16,1005.0
20260716,000000,71W,37,2026,7,16,0,13.6,142.3,100700.0,2026-07-16,2026-07-16,1007.0
20260716,000000,71W,37,2026,7,16,0,13.6,140.3,100500.0,2026-07-16,2026-07-16,1005.0
20260716,000000,71W,37,2026,7,16,0,15.6,136.4,100500.0,2026-07-16,2026-07-16,1005.0
20260716,000000,71W,37,2026,7,16,0,13.9,133.0,100200.0,2026-07-16,2026-07-16,1002.0
20260716,000000,71W,37,2026,7,16,0,14.200000000000001,133.3,100200.0,2026-07-16,2026-07-16,1002.0
20260716,000000,71W,37,2026,7,16,0,14.700000000000001,133.5,100200.0,2026-07-16,2026-07-16,1002.0
20260716,000000,71W,37,2026,7,16,0,15.3,130.5,100100.0,2026-07-16,2026-07-16,1001.0
20260716,000000,71W,37,2026,7,16,0,15.3,130.2,99900.0,2026-07-16,2026-07-16,999.0
20260716,000000,71W,37,2026,7,16,0,15.6,128.5,100000.0,2026-07-16,2026-07-16,1000.0
20260716,000000,71W,37,2026,7,16,0,15.6,127.10000000000001,99900.0,2026-07-16,2026-07-16,999.0
20260716,000000,71W,37,2026,7,16,0,15.6,124.8,99900.0,2026-07-16,2026-07-16,999.0
20260716,000000,71W,37,2026,7,16,0,15.6,124.3,99500.0,2026-07-16,2026-07-16,995.0
20260716,000000,71W,37,2026,7,16,0,15.9,123.10000000000001,99700.0,2026-07-16,2026-07-16,997.0
20260716,000000,71W,37,2026,7,16,0,17.6,121.7,99300.0,2026-07-16,2026-07-16,993.0
20260716,000000,71W,37,2026,7,16,0,16.6,119.60000000000001,99200.0,2026-07-16,2026-07-16,992.0
20260716,000000,71W,37,2026,7,16,0,16.4,118.9,98600.0,2026-07-16,2026-07-16,986.0
20260716,000000,71W,37,2026,7,16,0,16.7,117.8,98200.0,2026-07-16,2026-07-16,982.0
20260716,000000,71W,37,2026,7,16,0,16.7,117.2,97900.0,2026-07-16,2026-07-16,979.0
20260716,000000,71W,37,2026,7,16,0,17.3,116.8,97700.0,2026-07-16,2026-07-16,977.0
20260716,000000,71W,37,2026,7,16,0,17.8,115.3,97500.0,2026-07-16,2026-07-16,975.0
20260716,000000,71W,37,2026,7,16,0,18.400000000000002,114.7,97500.0,2026-07-16,2026-07-16,975.0
20260716,000000,71W,37,2026,7,16,0,19.2,113.60000000000001,96500.0,2026-07-16,2026-07-16,965.0
20260716,000000,71W,37,2026,7,16,0,19.8,112.5,96200.0,2026-07-16,2026-07-16,962.0
20260716,000000,71W,37,2026,7,16,0,20.400000000000002,111.0,96400.0,2026-07-16,2026-07-16,964.0
20260716,000000,71W,37,2026,7,16,0,20.900000000000002,109.4,97100.0,2026-07-16,2026-07-16,971.0
20260716,000000,71W,37,2026,7,16,0,21.5,108.2,98100.0,2026-07-16,2026-07-16,981.0
20260716,000000,71W,37,2026,7,16,0,21.7,106.4,99000.0,2026-07-16,2026-07-16,990.0
20260716,000000,71W,37,2026,7,16,0,21.5,105.10000000000001,99400.0,2026-07-16,2026-07-16,994.0
20260716,000000,71W,38,2026,7,16,0,32.2,154.9,99900.0,2026-07-16,2026-07-16,999.0
20260716,000000,71W,38,2026,7,16,0,32.5,154.9,99900.0,2026-07-16,2026-07-16,999.0
20260716,000000,71W,38,2026,7,16,0,33.0,155.5,100000.0,2026-07-16,2026-07-16,1000.0
20260716,000000,71W,38,2026,7,16,0,33.0,155.20000000000002,99900.0,2026-07-16,2026-07-16,999.0
20260716,000000,71W,39,2026,7,16,0,31.6,154.4,99500.0,2026-07-16,2026-07-16,995.0
20260716,000000,71W,39,2026,7,16,0,32.5,155.20000000000002,99600.0,2026-07-16,2026-07-16,996.0
20260716,000000,71W,39,2026,7,16,0,32.8,155.5,99500.0,2026-07-16,2026-07-16,995.0
20260716,000000,71W,39,2026,7,16,0,33.0,156.3,99800.0,2026-07-16,2026-07-16,998.0
20260716,000000,71W,39,2026,7,16,0,33.0,156.6,99900.0,2026-07-16,2026-07-16,999.0
20260716,000000,71W,39,2026,7,16,0,33.1,156.8,99900.0,2026-07-16,2026-07-16,999.0
20260716,000000,71W,40,2026,7,16,0,13.0,142.0,100700.0,2026-07-16,2026-07-16,1007.0
20260716,000000,71W,40,2026,7,16,0,12.8,141.70000000000002,100700.0,2026-07-16,2026-07-16,1007.0
20260716,000000,71W,40,2026,7,16,0,13.0,140.6,100900.0,2026-07-16,2026-07-16,1009.0
20260716,000000,71W,40,2026,7,16,0,12.5,140.0,100700.0,2026-07-16,2026-07-16,1007.0
20260716,000000,71W,40,2026,7,16,0,13.3,139.20000000000002,100500.0,2026-07-16,2026-07-16,1005.0
20260716,000000,71W,40,2026,7,16,0,12.8,139.5,100700.0,2026-07-16,2026-07-16,1007.0
20260716,000000,71W,40,2026,7,16,0,13.6,139.5,100600.0,2026-07-16,2026-07-16,1006.0
20260716,000000,71W,40,2026,7,16,0,13.0,138.6,100600.0,2026-07-16,2026-07-16,1006.0
20260716,000000,71W,40,2026,7,16,0,13.6,137.5,100400.0,2026-07-16,2026-07-16,1004.0
20260716,000000,71W,40,2026,7,16,0,13.0,137.5,100500.0,2026-07-16,2026-07-16,1005.0
20260716,000000,71W,40,2026,7,16,0,13.0,137.5,100400.0,2026-07-16,2026-07-16,1004.0
20260716,000000,71W,40,2026,7,16,0,11.6,136.6,100500.0,2026-07-16,2026-07-16,1005.0
20260716,000000,71W,40,2026,7,16,0,11.4,138.3,100300.0,2026-07-16,2026-07-16,1003.0
20260716,000000,71W,40,2026,7,16,0,12.5,138.6,100400.0,2026-07-16,2026-07-16,1004.0
20260716,000000,71W,40,2026,7,16,0,11.9,136.6,100100.0,2026-07-16,2026-07-16,1001.0
20260716,000000,71W,40,2026,7,16,0,13.3,135.8,100300.0,2026-07-16,2026-07-16,1003.0
20260716,000000,71W,40,2026,7,16,0,13.3,135.5,100000.0,2026-07-16,2026-07-16,1000.0
20260716,000000,71W,40,2026,7,16,0,13.9,134.7,100100.0,2026-07-16,2026-07-16,1001.0
20260716,000000,71W,40,2026,7,16,0,13.9,133.8,99800.0,2026-07-16,2026-07-16,998.0
20260716,000000,71W,40,2026,7,16,0,14.5,131.6,99700.0,2026-07-16,2026-07-16,997.0
20260716,000000,71W,40,2026,7,16,0,15.0,131.9,99500.0,2026-07-16,2026-07-16,995.0
20260716,000000,71W,40,2026,7,16,0,15.9,130.5,99500.0,2026-07-16,2026-07-16,995.0
20260716,000000,71W,40,2026,7,16,0,16.1,130.5,99200.0,2026-07-16,2026-07-16,992.0
20260716,000000,71W,40,2026,7,16,0,16.7,129.3,99200.0,2026-07-16,2026-07-16,992.0
20260716,000000,71W,40,2026,7,16,0,16.6,128.8,98900.0,2026-07-16,2026-07-16,989.0
20260716,000000,71W,40,2026,7,16,0,17.0,128.5,98800.0,2026-07-16,2026-07-16,988.0
20260716,000000,71W,40,2026,7,16,0,17.8,127.60000000000001,98300.0,2026-07-16,2026-07-16,983.0
20260716,000000,71W,40,2026,7,16,0,18.400000000000002,127.4,97900.0,2026-07-16,2026-07-16,979.0
20260716,000000,71W,40,2026,7,16,0,19.5,126.5,97600.0,2026-07-16,2026-07-16,976.0
20260716,000000,71W,40,2026,7,16,0,20.400000000000002,126.0,97500.0,2026-07-16,2026-07-16,975.0
20260716,000000,71W,40,2026,7,16,0,21.2,124.8,97100.0,2026-07-16,2026-07-16,971.0
20260716,000000,71W,40,2026,7,16,0,22.1,124.0,96700.0,2026-07-16,2026-07-16,967.0
20260716,000000,71W,40,2026,7,16,0,22.6,123.7,96300.0,2026-07-16,2026-07-16,963.0
20260716,000000,71W,40,2026,7,16,0,24.0,122.9,96800.0,2026-07-16,2026-07-16,968.0
20260716,000000,71W,40,2026,7,16,0,24.900000000000002,120.60000000000001,96800.0,2026-07-16,2026-07-16,968.0
20260716,000000,71W,40,2026,7,16,0,24.900000000000002,120.0,97500.0,2026-07-16,2026-07-16,975.0
20260716,000000,71W,40,2026,7,16,0,26.0,119.2,98200.0,2026-07-16,2026-07-16,982.0
20260716,000000,71W,40,2026,7,16,0,26.900000000000002,117.8,98900.0,2026-07-16,2026-07-16,989.0
20260716,000000,71W,40,2026,7,16,0,27.7,116.4,99100.0,2026-07-16,2026-07-16,991.0
20260716,000000,71W,40,2026,7,16,0,28.3,115.5,99300.0,2026-07-16,2026-07-16,993.0
20260716,000000,71W,40,2026,7,16,0,27.7,113.3,99500.0,2026-07-16,2026-07-16,995.0
20260716,000000,71W,40,2026,7,16,0,28.0,113.9,99800.0,2026-07-16,2026-07-16,998.0
20260716,000000,71W,41,2026,7,16,0,13.6,143.70000000000002,100800.0,2026-07-16,2026-07-16,1008.0
20260716,000000,71W,41,2026,7,16,0,13.9,139.20000000000002,100700.0,2026-07-16,2026-07-16,1007.0
20260716,000000,71W,41,2026,7,16,0,13.0,139.20000000000002,100900.0,2026-07-16,2026-07-16,1009.0
20260716,000000,71W,41,2026,7,16,0,12.8,137.5,100600.0,2026-07-16,2026-07-16,1006.0
20260716,000000,71W,41,2026,7,16,0,13.0,138.0,100800.0,2026-07-16,2026-07-16,1008.0
20260716,000000,71W,41,2026,7,16,0,13.3,136.4,100600.0,2026-07-16,2026-07-16,1006.0
20260716,000000,71W,41,2026,7,16,0,14.5,131.3,100500.0,2026-07-16,2026-07-16,1005.0
20260716,000000,71W,41,2026,7,16,0,14.5,130.2,100300.0,2026-07-16,2026-07-16,1003.0
20260716,000000,71W,41,2026,7,16,0,14.5,128.2,100400.0,2026-07-16,2026-07-16,1004.0
20260716,000000,71W,41,2026,7,16,0,15.0,127.9,100200.0,2026-07-16,2026-07-16,1002.0
20260716,000000,71W,41,2026,7,16,0,14.700000000000001,126.2,100200.0,2026-07-16,2026-07-16,1002.0
20260716,000000,71W,41,2026,7,16,0,16.4,125.4,100000.0,2026-07-16,2026-07-16,1000.0
20260716,000000,71W,41,2026,7,16,0,15.8,123.4,99900.0,2026-07-16,2026-07-16,999.0
20260716,000000,71W,41,2026,7,16,0,16.4,122.9,99600.0,2026-07-16,2026-07-16,996.0
20260716,000000,71W,41,2026,7,16,0,17.3,120.0,100000.0,2026-07-16,2026-07-16,1000.0
20260716,000000,71W,41,2026,7,16,0,18.0,119.3,99800.0,2026-07-16,2026-07-16,998.0
20260716,000000,71W,41,2026,7,16,0,17.3,117.2,99700.0,2026-07-16,2026-07-16,997.0
20260716,000000,71W,41,2026,7,16,0,17.6,116.4,99600.0,2026-07-16,2026-07-16,996.0
20260716,000000,71W,41,2026,7,16,0,18.7,115.5,99500.0,2026-07-16,2026-07-16,995.0
20260716,000000,71W,41,2026,7,16,0,18.400000000000002,114.10000000000001,99000.0,2026-07-16,2026-07-16,990.0
20260716,000000,71W,41,2026,7,16,0,19.0,112.7,98900.0,2026-07-16,2026-07-16,989.0
20260716,000000,71W,41,2026,7,16,0,19.2,111.60000000000001,98700.0,2026-07-16,2026-07-16,987.0
20260716,000000,71W,41,2026,7,16,0,19.2,110.5,98400.0,2026-07-16,2026-07-16,984.0
20260716,000000,71W,41,2026,7,16,0,19.5,109.10000000000001,98400.0,2026-07-16,2026-07-16,984.0
20260716,000000,71W,41,2026,7,16,0,19.5,108.2,98400.0,2026-07-16,2026-07-16,984.0
20260716,000000,71W,41,2026,7,16,0,19.8,107.10000000000001,97800.0,2026-07-16,2026-07-16,978.0
20260716,000000,71W,41,2026,7,16,0,20.1,106.3,97800.0,2026-07-16,2026-07-16,978.0
20260716,000000,71W,41,2026,7,16,0,19.2,104.60000000000001,99100.0,2026-07-16,2026-07-16,991.0
20260716,000000,71W,41,2026,7,16,0,19.8,102.9,99700.0,2026-07-16,2026-07-16,997.0
20260716,000000,71W,41,2026,7,16,0,19.8,106.0,100200.0,2026-07-16,2026-07-16,1002.0
20260716,000000,71W,41,2026,7,16,0,18.7,106.0,100400.0,2026-07-16,2026-07-16,1004.0
20260716,000000,71W,41,2026,7,16,0,19.8,106.0,100500.0,2026-07-16,2026-07-16,1005.0
20260716,000000,71W,41,2026,7,16,0,18.1,106.5,100600.0,2026-07-16,2026-07-16,1006.0
20260716,000000,71W,41,2026,7,16,0,17.7,106.9,100600.0,2026-07-16,2026-07-16,1006.0
20260716,000000,71W,42,2026,7,16,0,13.6,131.3,100700.0,2026-07-16,2026-07-16,1007.0
20260716,000000,71W,42,2026,7,16,0,12.8,130.5,100500.0,2026-07-16,2026-07-16,1005.0
20260716,000000,71W,42,2026,7,16,0,13.9,130.2,100600.0,2026-07-16,2026-07-16,1006.0
20260716,000000,71W,42,2026,7,16,0,13.9,129.9,100500.0,2026-07-16,2026-07-16,1005.0
20260716,000000,71W,42,2026,7,16,0,15.0,128.2,100500.0,2026-07-16,2026-07-16,1005.0
20260716,000000,71W,42,2026,7,16,0,15.3,124.5,100500.0,2026-07-16,2026-07-16,1005.0
20260716,000000,71W,42,2026,7,16,0,17.6,119.8,100600.0,2026-07-16,2026-07-16,1006.0
20260716,000000,71W,42,2026,7,16,0,17.3,117.2,100500.0,2026-07-16,2026-07-16,1005.0
20260716,000000,71W,42,2026,7,16,0,16.7,116.10000000000001,100400.0,2026-07-16,2026-07-16,1004.0
20260716,000000,71W,42,2026,7,16,0,16.1,115.3,100300.0,2026-07-16,2026-07-16,1003.0
20260716,000000,71W,42,2026,7,16,0,16.4,115.0,100300.0,2026-07-16,2026-07-16,1003.0
20260716,000000,71W,42,2026,7,16,0,17.0,114.4,100400.0,2026-07-16,2026-07-16,1004.0
20260716,000000,71W,42,2026,7,16,0,17.8,113.0,100200.0,2026-07-16,2026-07-16,1002.0
20260716,000000,71W,42,2026,7,16,0,17.3,111.0,100100.0,2026-07-16,2026-07-16,1001.0
20260716,000000,71W,42,2026,7,16,0,17.0,110.2,100000.0,2026-07-16,2026-07-16,1000.0
20260716,000000,71W,42,2026,7,16,0,17.0,109.9,99800.0,2026-07-16,2026-07-16,998.0
20260716,000000,71W,42,2026,7,16,0,17.0,109.60000000000001,99900.0,2026-07-16,2026-07-16,999.0
20260716,000000,71W,42,2026,7,16,0,17.0,108.2,99700.0,2026-07-16,2026-07-16,997.0
20260716,000000,71W,42,2026,7,16,0,17.3,107.4,99800.0,2026-07-16,2026-07-16,998.0
20260716,000000,71W,42,2026,7,16,0,17.8,106.5,100000.0,2026-07-16,2026-07-16,1000.0
20260716,000000,71W,42,2026,7,16,0,18.7,103.7,100200.0,2026-07-16,2026-07-16,1002.0
20260716,000000,71W,42,2026,7,16,0,17.3,102.9,100100.0,2026-07-16,2026-07-16,1001.0
20260716,000000,71W,43,2026,7,16,0,12.200000000000001,134.7,100900.0,2026-07-16,2026-07-16,1009.0
20260716,000000,71W,43,2026,7,16,0,10.8,133.5,100800.0,2026-07-16,2026-07-16,1008.0
20260716,000000,71W,43,2026,7,16,0,11.1,133.8,100700.0,2026-07-16,2026-07-16,1007.0
20260716,000000,71W,43,2026,7,16,0,12.200000000000001,133.8,100900.0,2026-07-16,2026-07-16,1009.0
20260716,000000,71W,43,2026,7,16,0,13.3,134.1,100700.0,2026-07-16,2026-07-16,1007.0
20260716,000000,71W,43,2026,7,16,0,12.8,130.7,100700.0,2026-07-16,2026-07-16,1007.0
20260716,000000,71W,43,2026,7,16,0,12.8,130.5,100800.0,2026-07-16,2026-07-16,1008.0
20260716,000000,71W,43,2026,7,16,0,12.8,130.5,100600.0,2026-07-16,2026-07-16,1006.0
20260716,000000,71W,43,2026,7,16,0,13.0,130.5,100700.0,2026-07-16,2026-07-16,1007.0
20260716,000000,71W,43,2026,7,16,0,13.0,129.6,100500.0,2026-07-16,2026-07-16,1005.0
20260716,000000,71W,43,2026,7,16,0,14.200000000000001,129.0,100700.0,2026-07-16,2026-07-16,1007.0
20260716,000000,71W,43,2026,7,16,0,15.0,128.5,100600.0,2026-07-16,2026-07-16,1006.0
20260716,000000,71W,43,2026,7,16,0,15.9,127.9,100800.0,2026-07-16,2026-07-16,1008.0
20260716,000000,71W,43,2026,7,16,0,15.0,126.0,100700.0,2026-07-16,2026-07-16,1007.0
20260716,000000,71W,43,2026,7,16,0,15.6,124.0,100800.0,2026-07-16,2026-07-16,1008.0
20260716,000000,71W,43,2026,7,16,0,15.8,123.3,100900.0,2026-07-16,2026-07-16,1009.0
20260716,000000,71W,43,2026,7,16,0,15.9,123.7,100700.0,2026-07-16,2026-07-16,1007.0
20260716,000000,71W,44,2026,7,16,0,15.0,145.1,100400.0,2026-07-16,2026-07-16,1004.0
20260716,000000,71W,44,2026,7,16,0,14.9,141.9,100100.0,2026-07-16,2026-07-16,1001.0
20260716,000000,71W,44,2026,7,16,0,13.3,138.6,100200.0,2026-07-16,2026-07-16,1002.0
20260716,000000,71W,44,2026,7,16,0,12.200000000000001,139.5,99900.0,2026-07-16,2026-07-16,999.0
20260716,000000,71W,44,2026,7,16,0,11.9,140.0,99900.0,2026-07-16,2026-07-16,999.0
20260716,000000,71W,44,2026,7,16,0,10.8,141.4,99700.0,2026-07-16,2026-07-16,997.0
20260716,000000,71W,44,2026,7,16,0,12.200000000000001,144.20000000000002,99600.0,2026-07-16,2026-07-16,996.0
20260716,000000,71W,44,2026,7,16,0,14.700000000000001,146.8,99600.0,2026-07-16,2026-07-16,996.0
20260716,000000,71W,45,2026,7,16,0,31.6,121.5,100400.0,2026-07-16,2026-07-16,1004.0
20260716,000000,71W,45,2026,7,16,0,31.400000000000002,121.5,100500.0,2026-07-16,2026-07-16,1005.0
20260716,000000,71W,45,2026,7,16,0,33.3,123.10000000000001,100500.0,2026-07-16,2026-07-16,1005.0
20260716,000000,71W,45,2026,7,16,0,33.3,120.9,100500.0,2026-07-16,2026-07-16,1005.0
20260716,000000,71W,45,2026,7,16,0,33.9,121.5,100400.0,2026-07-16,2026-07-16,1004.0
20260716,000000,71W,46,2026,7,16,0,6.9,152.70000000000002,100900.0,2026-07-16,2026-07-16,1009.0
20260716,000000,71W,46,2026,7,16,0,7.7,151.3,101000.0,2026-07-16,2026-07-16,1010.0
20260716,000000,71W,46,2026,7,16,0,8.0,152.4,100800.0,2026-07-16,2026-07-16,1008.0
20260716,000000,71W,47,2026,7,16,0,5.4,171.0,100800.0,2026-07-16,2026-07-16,1008.0
20260716,000000,71W,47,2026,7,16,0,4.6000000000000005,171.5,100800.0,2026-07-16,2026-07-16,1008.0
20260716,000000,71W,48,2026,7,16,0,13.3,136.9,100800.0,2026-07-16,2026-07-16,1008.0
20260716,000000,71W,48,2026,7,16,0,13.9,136.9,100900.0,2026-07-16,2026-07-16,1009.0
20260716,000000,71W,48,2026,7,16,0,14.5,136.1,100700.0,2026-07-16,2026-07-16,1007.0
20260716,000000,71W,48,2026,7,16,0,13.9,132.4,100800.0,2026-07-16,2026-07-16,1008.0
20260716,000000,71W,48,2026,7,16,0,13.9,132.1,100500.0,2026-07-16,2026-07-16,1005.0
20260716,000000,71W,48,2026,7,16,0,14.200000000000001,131.6,100600.0,2026-07-16,2026-07-16,1006.0
20260716,000000,71W,48,2026,7,16,0,13.9,131.6,100500.0,2026-07-16,2026-07-16,1005.0
20260716,000000,71W,48,2026,7,16,0,14.5,129.9,100600.0,2026-07-16,2026-07-16,1006.0
20260716,000000,71W,48,2026,7,16,0,14.5,127.9,100400.0,2026-07-16,2026-07-16,1004.0
20260716,000000,71W,48,2026,7,16,0,14.5,127.10000000000001,100200.0,2026-07-16,2026-07-16,1002.0
20260716,000000,71W,48,2026,7,16,0,16.1,125.4,100000.0,2026-07-16,2026-07-16,1000.0
20260716,000000,71W,48,2026,7,16,0,16.1,125.10000000000001,100000.0,2026-07-16,2026-07-16,1000.0
20260716,000000,71W,48,2026,7,16,0,17.0,124.5,99600.0,2026-07-16,2026-07-16,996.0
20260716,000000,71W,48,2026,7,16,0,17.6,122.9,99800.0,2026-07-16,2026-07-16,998.0
20260716,000000,71W,48,2026,7,16,0,18.1,120.60000000000001,99600.0,2026-07-16,2026-07-16,996.0
20260716,000000,71W,48,2026,7,16,0,17.6,119.8,99400.0,2026-07-16,2026-07-16,994.0
20260716,000000,71W,48,2026,7,16,0,18.400000000000002,118.9,99100.0,2026-07-16,2026-07-16,991.0
20260716,000000,71W,48,2026,7,16,0,19.2,118.10000000000001,99100.0,2026-07-16,2026-07-16,991.0
20260716,000000,71W,48,2026,7,16,0,19.2,117.0,98400.0,2026-07-16,2026-07-16,984.0
20260716,000000,71W,48,2026,7,16,0,19.5,116.10000000000001,98100.0,2026-07-16,2026-07-16,981.0
20260716,000000,71W,48,2026,7,16,0,19.8,115.5,98000.0,2026-07-16,2026-07-16,980.0
20260716,000000,71W,48,2026,7,16,0,20.1,115.0,97500.0,2026-07-16,2026-07-16,975.0
20260716,000000,71W,48,2026,7,16,0,20.400000000000002,114.4,97600.0,2026-07-16,2026-07-16,976.0
20260716,000000,71W,48,2026,7,16,0,21.2,113.60000000000001,97500.0,2026-07-16,2026-07-16,975.0
20260716,000000,71W,48,2026,7,16,0,21.8,113.0,97600.0,2026-07-16,2026-07-16,976.0
20260716,000000,71W,48,2026,7,16,0,22.6,112.2,98800.0,2026-07-16,2026-07-16,988.0
20260716,000000,71W,48,2026,7,16,0,23.2,111.3,99200.0,2026-07-16,2026-07-16,992.0
20260716,000000,71W,48,2026,7,16,0,24.6,109.60000000000001,99700.0,2026-07-16,2026-07-16,997.0
20260716,000000,71W,48,2026,7,16,0,24.900000000000002,109.10000000000001,100100.0,2026-07-16,2026-07-16,1001.0
20260716,000000,71W,49,2026,7,16,0,32.5,156.0,99600.0,2026-07-16,2026-07-16,996.0
20260716,000000,71W,50,2026,7,16,0,8.3,178.3,100600.0,2026-07-16,2026-07-16,1006.0
20260716,000000,71W,50,2026,7,16,0,9.700000000000001,178.5,100700.0,2026-07-16,2026-07-16,1007.0
20260716,000000,71W,50,2026,7,16,0,9.4,178.0,100600.0,2026-07-16,2026-07-16,1006.0
20260716,000000,71W,50,2026,7,16,0,8.0,177.1,100800.0,2026-07-16,2026-07-16,1008.0
20260716,000000,71W,50,2026,7,16,0,8.8,176.0,100800.0,2026-07-16,2026-07-16,1008.0
20260716,000000,71W,50,2026,7,16,0,11.4,173.5,100900.0,2026-07-16,2026-07-16,1009.0
20260716,000000,71W,51,2026,7,16,0,6.9,165.0,100900.0,2026-07-16,2026-07-16,1009.0
20260716,000000,71W,51,2026,7,16,0,5.2,168.1,100800.0,2026-07-16,2026-07-16,1008.0
20260716,000000,71W,52,2026,7,16,0,17.0,118.10000000000001,100300.0,2026-07-16,2026-07-16,1003.0
20260716,000000,71W,52,2026,7,16,0,16.5,116.9,100100.0,2026-07-16,2026-07-16,1001.0
20260716,000000,71W,52,2026,7,16,0,16.6,115.5,100100.0,2026-07-16,2026-07-16,1001.0
20260716,000000,71W,52,2026,7,16,0,16.6,114.60000000000001,100000.0,2026-07-16,2026-07-16,1000.0
20260716,000000,71W,52,2026,7,16,0,16.7,113.5,99900.0,2026-07-16,2026-07-16,999.0
20260716,000000,71W,52,2026,7,16,0,17.0,112.7,99800.0,2026-07-16,2026-07-16,998.0
20260716,000000,71W,52,2026,7,16,0,17.3,111.60000000000001,99700.0,2026-07-16,2026-07-16,997.0
20260716,000000,71W,52,2026,7,16,0,17.3,111.0,99500.0,2026-07-16,2026-07-16,995.0
20260716,000000,71W,52,2026,7,16,0,17.3,110.2,99400.0,2026-07-16,2026-07-16,994.0
20260716,000000,71W,52,2026,7,16,0,17.6,109.60000000000001,99400.0,2026-07-16,2026-07-16,994.0
20260716,000000,71W,52,2026,7,16,0,17.8,109.10000000000001,99400.0,2026-07-16,2026-07-16,994.0
20260716,000000,71W,52,2026,7,16,0,18.1,108.8,99300.0,2026-07-16,2026-07-16,993.0
20260716,000000,71W,52,2026,7,16,0,18.1,108.2,99300.0,2026-07-16,2026-07-16,993.0
20260716,000000,71W,52,2026,7,16,0,18.1,107.7,99300.0,2026-07-16,2026-07-16,993.0
20260716,000000,71W,52,2026,7,16,0,18.400000000000002,107.10000000000001,99300.0,2026-07-16,2026-07-16,993.0
20260716,000000,71W,52,2026,7,16,0,18.400000000000002,107.10000000000001,99200.0,2026-07-16,2026-07-16,992.0
20260716,000000,71W,52,2026,7,16,0,18.400000000000002,107.10000000000001,99300.0,2026-07-16,2026-07-16,993.0
20260716,000000,71W,52,2026,7,16,0,18.7,107.10000000000001,99300.0,2026-07-16,2026-07-16,993.0
20260716,000000,71W,52,2026,7,16,0,19.0,107.10000000000001,99400.0,2026-07-16,2026-07-16,994.0
20260716,000000,71W,52,2026,7,16,0,19.2,107.10000000000001,99300.0,2026-07-16,2026-07-16,993.0
20260716,000000,71W,52,2026,7,16,0,19.5,107.10000000000001,99300.0,2026-07-16,2026-07-16,993.0
20260716,000000,71W,52,2026,7,16,0,20.1,107.10000000000001,99400.0,2026-07-16,2026-07-16,994.0
20260716,000000,71W,52,2026,7,16,0,20.400000000000002,107.10000000000001,99300.0,2026-07-16,2026-07-16,993.0
20260716,000000,72W,1,2026,7,16,0,14.700000000000001,138.0,100600.0,2026-07-16,2026-07-16,1006.0
20260716,000000,72W,1,2026,7,16,0,15.9,138.3,100800.0,2026-07-16,2026-07-16,1008.0
20260716,000000,72W,1,2026,7,16,0,15.0,138.0,100500.0,2026-07-16,2026-07-16,1005.0
20260716,000000,72W,1,2026,7,16,0,15.3,137.20000000000002,100700.0,2026-07-16,2026-07-16,1007.0
20260716,000000,72W,1,2026,7,16,0,15.0,135.8,100500.0,2026-07-16,2026-07-16,1005.0
20260716,000000,72W,1,2026,7,16,0,17.0,135.0,100600.0,2026-07-16,2026-07-16,1006.0
20260716,000000,72W,1,2026,7,16,0,17.0,135.0,100300.0,2026-07-16,2026-07-16,1003.0
20260716,000000,72W,1,2026,7,16,0,17.8,133.5,100400.0,2026-07-16,2026-07-16,1004.0
20260716,000000,72W,1,2026,7,16,0,18.400000000000002,133.0,100300.0,2026-07-16,2026-07-16,1003.0
20260716,000000,72W,1,2026,7,16,0,19.0,131.9,100300.0,2026-07-16,2026-07-16,1003.0
20260716,000000,72W,1,2026,7,16,0,19.2,131.0,100100.0,2026-07-16,2026-07-16,1001.0
20260716,000000,72W,1,2026,7,16,0,20.1,130.2,100200.0,2026-07-16,2026-07-16,1002.0
20260716,000000,72W,1,2026,7,16,0,19.8,128.3,100000.0,2026-07-16,2026-07-16,1000.0
20260716,000000,72W,1,2026,7,16,0,19.8,127.9,99900.0,2026-07-16,2026-07-16,999.0
20260716,000000,72W,1,2026,7,16,0,20.0,125.9,99700.0,2026-07-16,2026-07-16,997.0
20260716,000000,72W,1,2026,7,16,0,20.400000000000002,124.5,99700.0,2026-07-16,2026-07-16,997.0
20260716,000000,72W,1,2026,7,16,0,19.8,124.0,99300.0,2026-07-16,2026-07-16,993.0
20260716,000000,72W,1,2026,7,16,0,20.1,123.4,98900.0,2026-07-16,2026-07-16,989.0
20260716,000000,72W,1,2026,7,16,0,20.400000000000002,121.7,98400.0,2026-07-16,2026-07-16,984.0
20260716,000000,72W,1,2026,7,16,0,20.900000000000002,120.60000000000001,98100.0,2026-07-16,2026-07-16,981.0
20260716,000000,72W,1,2026,7,16,0,20.900000000000002,119.2,97600.0,2026-07-16,2026-07-16,976.0
20260716,000000,72W,1,2026,7,16,0,21.2,117.8,97500.0,2026-07-16,2026-07-16,975.0
20260716,000000,72W,1,2026,7,16,0,21.5,116.4,97500.0,2026-07-16,2026-07-16,975.0
20260716,000000,72W,1,2026,7,16,0,21.2,115.0,97700.0,2026-07-16,2026-07-16,977.0
20260716,000000,72W,1,2026,7,16,0,21.2,114.10000000000001,97700.0,2026-07-16,2026-07-16,977.0
20260716,000000,72W,1,2026,7,16,0,21.5,113.0,97700.0,2026-07-16,2026-07-16,977.0
20260716,000000,72W,1,2026,7,16,0,21.5,111.60000000000001,98000.0,2026-07-16,2026-07-16,980.0
20260716,000000,72W,1,2026,7,16,0,21.5,110.8,98300.0,2026-07-16,2026-07-16,983.0
20260716,000000,72W,1,2026,7,16,0,21.5,109.4,99100.0,2026-07-16,2026-07-16,991.0
20260716,000000,72W,1,2026,7,16,0,21.8,108.5,99500.0,2026-07-16,2026-07-16,995.0
20260716,000000,72W,1,2026,7,16,0,22.1,107.10000000000001,99700.0,2026-07-16,2026-07-16,997.0
20260716,000000,72W,1,2026,7,16,0,22.1,105.7,100000.0,2026-07-16,2026-07-16,1000.0
20260716,000000,72W,2,2026,7,16,0,1.5,175.20000000000002,100800.0,2026-07-16,2026-07-16,1008.0
20260716,000000,72W,2,2026,7,16,0,3.5,176.6,100900.0,2026-07-16,2026-07-16,1009.0
20260716,000000,72W,2,2026,7,16,0,5.4,175.20000000000002,100600.0,2026-07-16,2026-07-16,1006.0
20260716,000000,72W,3,2026,7,16,0,13.9,130.7,100500.0,2026-07-16,2026-07-16,1005.0
20260716,000000,72W,3,2026,7,16,0,13.9,130.5,100600.0,2026-07-16,2026-07-16,1006.0
20260716,000000,72W,3,2026,7,16,0,15.0,129.6,100400.0,2026-07-16,2026-07-16,1004.0
20260716,000000,72W,3,2026,7,16,0,15.0,127.4,100300.0,2026-07-16,2026-07-16,1003.0
20260716,000000,72W,3,2026,7,16,0,14.5,126.8,100000.0,2026-07-16,2026-07-16,1000.0
20260716,000000,72W,3,2026,7,16,0,14.700000000000001,126.8,100300.0,2026-07-16,2026-07-16,1003.0
20260716,000000,72W,3,2026,7,16,0,15.4,125.60000000000001,100100.0,2026-07-16,2026-07-16,1001.0
20260716,000000,72W,3,2026,7,16,0,15.3,124.3,100100.0,2026-07-16,2026-07-16,1001.0
20260716,000000,72W,3,2026,7,16,0,16.1,124.0,99900.0,2026-07-16,2026-07-16,999.0
20260716,000000,72W,3,2026,7,16,0,17.3,122.9,99900.0,2026-07-16,2026-07-16,999.0
20260716,000000,72W,3,2026,7,16,0,18.1,121.5,99600.0,2026-07-16,2026-07-16,996.0
20260716,000000,72W,3,2026,7,16,0,18.1,119.8,99600.0,2026-07-16,2026-07-16,996.0
20260716,000000,72W,3,2026,7,16,0,19.0,119.2,99600.0,2026-07-16,2026-07-16,996.0
20260716,000000,72W,3,2026,7,16,0,19.5,117.8,99600.0,2026-07-16,2026-07-16,996.0
20260716,000000,72W,3,2026,7,16,0,19.8,117.0,99500.0,2026-07-16,2026-07-16,995.0
20260716,000000,72W,3,2026,7,16,0,20.400000000000002,115.3,99700.0,2026-07-16,2026-07-16,997.0
20260716,000000,72W,3,2026,7,16,0,20.8,114.3,99700.0,2026-07-16,2026-07-16,997.0
20260716,000000,72W,3,2026,7,16,0,20.900000000000002,113.60000000000001,99800.0,2026-07-16,2026-07-16,998.0
20260716,000000,72W,3,2026,7,16,0,21.5,112.7,99700.0,2026-07-16,2026-07-16,997.0
20260716,000000,72W,3,2026,7,16,0,22.3,110.8,100000.0,2026-07-16,2026-07-16,1000.0
20260716,000000,72W,4,2026,7,16,0,12.5,131.9,100500.0,2026-07-16,2026-07-16,1005.0
20260716,000000,72W,4,2026,7,16,0,14.5,130.2,100600.0,2026-07-16,2026-07-16,1006.0
20260716,000000,72W,4,2026,7,16,0,14.200000000000001,128.9,100400.0,2026-07-16,2026-07-16,1004.0
20260716,000000,72W,5,2026,7,16,0,8.8,159.1,100800.0,2026-07-16,2026-07-16,1008.0
20260716,000000,72W,5,2026,7,16,0,8.8,156.3,100600.0,2026-07-16,2026-07-16,1006.0
20260716,000000,72W,5,2026,7,16,0,7.7,155.20000000000002,100800.0,2026-07-16,2026-07-16,1008.0
20260716,000000,72W,5,2026,7,16,0,6.6000000000000005,154.9,100600.0,2026-07-16,2026-07-16,1006.0
20260716,000000,72W,5,2026,7,16,0,7.1000000000000005,155.5,100700.0,2026-07-16,2026-07-16,1007.0
20260716,000000,72W,5,2026,7,16,0,7.7,155.20000000000002,100500.0,2026-07-16,2026-07-16,1005.0
20260716,000000,72W,5,2026,7,16,0,7.4,155.5,100700.0,2026-07-16,2026-07-16,1007.0
20260716,000000,72W,5,2026,7,16,0,7.7,155.5,100500.0,2026-07-16,2026-07-16,1005.0
20260716,000000,72W,5,2026,7,16,0,7.7,155.5,100700.0,2026-07-16,2026-07-16,1007.0
20260716,000000,72W,5,2026,7,16,0,10.8,152.70000000000002,100600.0,2026-07-16,2026-07-16,1006.0
20260716,000000,72W,6,2026,7,16,0,11.4,135.0,100700.0,2026-07-16,2026-07-16,1007.0
20260716,000000,72W,6,2026,7,16,0,11.4,134.4,100800.0,2026-07-16,2026-07-16,1008.0
20260716,000000,72W,6,2026,7,16,0,11.1,133.3,100600.0,2026-07-16,2026-07-16,1006.0
20260716,000000,72W,6,2026,7,16,0,11.1,131.9,100700.0,2026-07-16,2026-07-16,1007.0
20260716,000000,72W,6,2026,7,16,0,11.1,131.3,100400.0,2026-07-16,2026-07-16,1004.0
20260716,000000,72W,6,2026,7,16,0,10.8,130.7,100400.0,2026-07-16,2026-07-16,1004.0
20260716,000000,72W,6,2026,7,16,0,11.4,130.5,100100.0,2026-07-16,2026-07-16,1001.0
20260716,000000,72W,6,2026,7,16,0,12.5,126.8,100000.0,2026-07-16,2026-07-16,1000.0
20260716,000000,72W,6,2026,7,16,0,12.200000000000001,125.7,100000.0,2026-07-16,2026-07-16,1000.0
20260716,000000,72W,6,2026,7,16,0,11.9,124.5,99500.0,2026-07-16,2026-07-16,995.0
20260716,000000,72W,6,2026,7,16,0,11.6,123.10000000000001,100100.0,2026-07-16,2026-07-16,1001.0
20260716,000000,72W,6,2026,7,16,0,11.9,122.60000000000001,100000.0,2026-07-16,2026-07-16,1000.0
20260716,000000,72W,6,2026,7,16,0,12.200000000000001,122.60000000000001,100300.0,2026-07-16,2026-07-16,1003.0
20260716,000000,72W,6,2026,7,16,0,13.6,120.60000000000001,100300.0,2026-07-16,2026-07-16,1003.0
20260716,000000,72W,6,2026,7,16,0,13.6,119.2,100300.0,2026-07-16,2026-07-16,1003.0
20260716,000000,72W,6,2026,7,16,0,14.200000000000001,118.4,99900.0,2026-07-16,2026-07-16,999.0
20260716,000000,72W,6,2026,7,16,0,14.700000000000001,116.4,99900.0,2026-07-16,2026-07-16,999.0
20260716,000000,72W,6,2026,7,16,0,14.5,114.4,99500.0,2026-07-16,2026-07-16,995.0
20260716,000000,72W,6,2026,7,16,0,14.700000000000001,113.60000000000001,99200.0,2026-07-16,2026-07-16,992.0
20260716,000000,72W,6,2026,7,16,0,15.0,112.5,98700.0,2026-07-16,2026-07-16,987.0
20260716,000000,72W,6,2026,7,16,0,14.700000000000001,111.3,98300.0,2026-07-16,2026-07-16,983.0
20260716,000000,72W,6,2026,7,16,0,15.3,110.8,97800.0,2026-07-16,2026-07-16,978.0
20260716,000000,72W,6,2026,7,16,0,15.6,109.9,97400.0,2026-07-16,2026-07-16,974.0
20260716,000000,72W,6,2026,7,16,0,15.9,108.8,97300.0,2026-07-16,2026-07-16,973.0
20260716,000000,72W,6,2026,7,16,0,15.9,108.2,97500.0,2026-07-16,2026-07-16,975.0
20260716,000000,72W,7,2026,7,16,0,10.5,177.70000000000002,100700.0,2026-07-16,2026-07-16,1007.0
20260716,000000,72W,7,2026,7,16,0,9.1,176.3,100600.0,2026-07-16,2026-07-16,1006.0
20260716,000000,72W,7,2026,7,16,0,8.5,174.9,100700.0,2026-07-16,2026-07-16,1007.0
20260716,000000,72W,7,2026,7,16,0,7.4,173.8,100600.0,2026-07-16,2026-07-16,1006.0
20260716,000000,72W,7,2026,7,16,0,7.7,171.5,100600.0,2026-07-16,2026-07-16,1006.0
20260716,000000,72W,7,2026,7,16,0,7.1000000000000005,170.1,100600.0,2026-07-16,2026-07-16,1006.0
20260716,000000,72W,7,2026,7,16,0,8.3,168.1,100400.0,2026-07-16,2026-07-16,1004.0
20260716,000000,72W,7,2026,7,16,0,7.1000000000000005,167.9,100500.0,2026-07-16,2026-07-16,1005.0
20260716,000000,72W,7,2026,7,16,0,8.0,166.70000000000002,100300.0,2026-07-16,2026-07-16,1003.0
20260716,000000,72W,7,2026,7,16,0,9.4,164.8,100300.0,2026-07-16,2026-07-16,1003.0
20260716,000000,72W,7,2026,7,16,0,10.200000000000001,163.1,100300.0,2026-07-16,2026-07-16,1003.0
20260716,000000,72W,7,2026,7,16,0,10.8,161.70000000000002,100400.0,2026-07-16,2026-07-16,1004.0
20260716,000000,72W,8,2026,7,16,0,8.8,147.6,101000.0,2026-07-16,2026-07-16,1010.0
20260716,000000,72W,8,2026,7,16,0,9.1,145.1,100800.0,2026-07-16,2026-07-16,1008.0
20260716,000000,72W,8,2026,7,16,0,9.1,140.0,100600.0,2026-07-16,2026-07-16,1006.0
20260716,000000,72W,8,2026,7,16,0,10.200000000000001,140.3,100500.0,2026-07-16,2026-07-16,1005.0
20260716,000000,72W,8,2026,7,16,0,11.1,138.9,100700.0,2026-07-16,2026-07-16,1007.0
20260716,000000,72W,8,2026,7,16,0,12.200000000000001,134.1,100700.0,2026-07-16,2026-07-16,1007.0
20260716,000000,72W,8,2026,7,16,0,11.6,132.4,100400.0,2026-07-16,2026-07-16,1004.0
20260716,000000,72W,8,2026,7,16,0,12.4,131.8,100600.0,2026-07-16,2026-07-16,1006.0
20260716,000000,72W,8,2026,7,16,0,10.8,131.9,100300.0,2026-07-16,2026-07-16,1003.0
20260716,000000,72W,8,2026,7,16,0,11.6,131.3,100500.0,2026-07-16,2026-07-16,1005.0
20260716,000000,72W,8,2026,7,16,0,10.200000000000001,129.9,100300.0,2026-07-16,2026-07-16,1003.0
20260716,000000,72W,8,2026,7,16,0,11.9,129.0,100400.0,2026-07-16,2026-07-16,1004.0
20260716,000000,72W,8,2026,7,16,0,11.1,127.60000000000001,100100.0,2026-07-16,2026-07-16,1001.0
20260716,000000,72W,8,2026,7,16,0,11.6,127.9,100400.0,2026-07-16,2026-07-16,1004.0
20260716,000000,72W,8,2026,7,16,0,12.8,127.9,100300.0,2026-07-16,2026-07-16,1003.0
20260716,000000,72W,8,2026,7,16,0,12.200000000000001,126.8,100400.0,2026-07-16,2026-07-16,1004.0
20260716,000000,72W,8,2026,7,16,0,13.0,126.8,100300.0,2026-07-16,2026-07-16,1003.0
20260716,000000,72W,9,2026,7,16,0,7.1000000000000005,151.0,100700.0,2026-07-16,2026-07-16,1007.0
20260716,000000,72W,9,2026,7,16,0,8.9,150.1,100500.0,2026-07-16,2026-07-16,1005.0
20260716,000000,72W,9,2026,7,16,0,7.7,148.5,100800.0,2026-07-16,2026-07-16,1008.0
20260716,000000,72W,9,2026,7,16,0,6.6000000000000005,145.1,100600.0,2026-07-16,2026-07-16,1006.0
20260716,000000,72W,9,2026,7,16,0,7.4,146.5,100700.0,2026-07-16,2026-07-16,1007.0
20260716,000000,72W,9,2026,7,16,0,8.0,148.9,100400.0,2026-07-16,2026-07-16,1004.0
20260716,000000,72W,9,2026,7,16,0,9.700000000000001,149.6,100500.0,2026-07-16,2026-07-16,1005.0
20260716,000000,72W,9,2026,7,16,0,10.8,148.5,100200.0,2026-07-16,2026-07-16,1002.0
20260716,000000,72W,9,2026,7,16,0,10.0,145.6,100300.0,2026-07-16,2026-07-16,1003.0
20260716,000000,72W,9,2026,7,16,0,9.700000000000001,143.4,100500.0,2026-07-16,2026-07-16,1005.0
20260716,000000,72W,9,2026,7,16,0,10.200000000000001,142.8,100100.0,2026-07-16,2026-07-16,1001.0
20260716,000000,72W,9,2026,7,16,0,10.5,143.4,100300.0,2026-07-16,2026-07-16,1003.0
20260716,000000,72W,9,2026,7,16,0,11.1,142.5,100000.0,2026-07-16,2026-07-16,1000.0
20260716,000000,72W,9,2026,7,16,0,11.9,141.70000000000002,100200.0,2026-07-16,2026-07-16,1002.0
20260716,000000,72W,9,2026,7,16,0,11.9,140.9,99900.0,2026-07-16,2026-07-16,999.0
20260716,000000,72W,9,2026,7,16,0,11.9,140.5,100000.0,2026-07-16,2026-07-16,1000.0
20260716,000000,72W,9,2026,7,16,0,12.0,139.5,99600.0,2026-07-16,2026-07-16,996.0
20260716,000000,72W,9,2026,7,16,0,12.5,138.6,99600.0,2026-07-16,2026-07-16,996.0
20260716,000000,72W,9,2026,7,16,0,13.0,137.8,98900.0,2026-07-16,2026-07-16,989.0
20260716,000000,72W,9,2026,7,16,0,13.3,136.6,98900.0,2026-07-16,2026-07-16,989.0
20260716,000000,72W,9,2026,7,16,0,13.6,135.8,97900.0,2026-07-16,2026-07-16,979.0
20260716,000000,72W,9,2026,7,16,0,14.200000000000001,135.0,97600.0,2026-07-16,2026-07-16,976.0
20260716,000000,72W,10,2026,7,16,0,0.1,176.9,100800.0,2026-07-16,2026-07-16,1008.0
20260716,000000,72W,10,2026,7,16,0,0.9,178.8,100700.0,2026-07-16,2026-07-16,1007.0
20260716,000000,72W,10,2026,7,16,0,0.9,179.70000000000002,100900.0,2026-07-16,2026-07-16,1009.0
20260716,000000,72W,11,2026,7,16,0,17.0,123.7,100500.0,2026-07-16,2026-07-16,1005.0
20260716,000000,72W,11,2026,7,16,0,17.3,122.9,100400.0,2026-07-16,2026-07-16,1004.0
20260716,000000,72W,11,2026,7,16,0,19.0,120.9,100300.0,2026-07-16,2026-07-16,1003.0
20260716,000000,72W,11,2026,7,16,0,18.7,119.8,100100.0,2026-07-16,2026-07-16,1001.0
20260716,000000,72W,11,2026,7,16,0,19.2,119.5,99900.0,2026-07-16,2026-07-16,999.0
20260716,000000,72W,11,2026,7,16,0,20.1,118.60000000000001,99400.0,2026-07-16,2026-07-16,994.0
20260716,000000,72W,11,2026,7,16,0,20.1,118.60000000000001,99100.0,2026-07-16,2026-07-16,991.0
20260716,000000,72W,11,2026,7,16,0,20.400000000000002,117.8,98900.0,2026-07-16,2026-07-16,989.0
20260716,000000,72W,11,2026,7,16,0,20.900000000000002,118.10000000000001,98200.0,2026-07-16,2026-07-16,982.0
20260716,000000,72W,11,2026,7,16,0,21.2,117.5,98400.0,2026-07-16,2026-07-16,984.0
20260716,000000,72W,11,2026,7,16,0,21.8,117.2,98000.0,2026-07-16,2026-07-16,980.0
20260716,000000,72W,11,2026,7,16,0,22.3,117.0,97900.0,2026-07-16,2026-07-16,979.0
20260716,000000,72W,11,2026,7,16,0,22.900000000000002,116.4,97700.0,2026-07-16,2026-07-16,977.0
20260716,000000,72W,11,2026,7,16,0,24.0,116.10000000000001,99200.0,2026-07-16,2026-07-16,992.0
20260716,000000,72W,11,2026,7,16,0,25.400000000000002,115.5,99700.0,2026-07-16,2026-07-16,997.0
20260716,000000,72W,11,2026,7,16,0,26.900000000000002,114.7,100200.0,2026-07-16,2026-07-16,1002.0
20260716,000000,72W,11,2026,7,16,0,28.5,112.7,100300.0,2026-07-16,2026-07-16,1003.0
20260716,000000,72W,12,2026,7,16,0,12.5,133.8,100900.0,2026-07-16,2026-07-16,1009.0
20260716,000000,72W,12,2026,7,16,0,13.6,132.1,100600.0,2026-07-16,2026-07-16,1006.0
20260716,000000,72W,12,2026,7,16,0,14.200000000000001,132.1,100800.0,2026-07-16,2026-07-16,1008.0
20260716,000000,72W,12,2026,7,16,0,13.0,132.7,100600.0,2026-07-16,2026-07-16,1006.0
20260716,000000,72W,13,2026,7,16,0,28.8,112.2,99900.0,2026-07-16,2026-07-16,999.0
20260716,000000,72W,13,2026,7,16,0,30.5,115.0,100200.0,2026-07-16,2026-07-16,1002.0
20260716,000000,72W,13,2026,7,16,0,30.0,115.5,100200.0,2026-07-16,2026-07-16,1002.0
20260716,000000,72W,13,2026,7,16,0,28.3,115.3,100200.0,2026-07-16,2026-07-16,1002.0
20260716,000000,72W,13,2026,7,16,0,30.0,116.7,100400.0,2026-07-16,2026-07-16,1004.0
20260716,000000,72W,13,2026,7,16,0,32.5,122.0,100600.0,2026-07-16,2026-07-16,1006.0
20260716,000000,72W,13,2026,7,16,0,33.9,120.0,100600.0,2026-07-16,2026-07-16,1006.0
20260716,000000,72W,13,2026,7,16,0,35.0,122.60000000000001,100700.0,2026-07-16,2026-07-16,1007.0
20260716,000000,72W,13,2026,7,16,0,35.9,123.10000000000001,100700.0,2026-07-16,2026-07-16,1007.0
20260716,000000,72W,13,2026,7,16,0,37.6,125.10000000000001,100600.0,2026-07-16,2026-07-16,1006.0
20260716,000000,72W,13,2026,7,16,0,37.800000000000004,125.7,100600.0,2026-07-16,2026-07-16,1006.0
20260716,000000,72W,13,2026,7,16,0,41.6,131.1,100500.0,2026-07-16,2026-07-16,1005.0
20260716,000000,72W,13,2026,7,16,0,40.7,129.6,100400.0,2026-07-16,2026-07-16,1004.0
20260716,000000,72W,13,2026,7,16,0,40.7,129.6,100500.0,2026-07-16,2026-07-16,1005.0
20260716,000000,72W,13,2026,7,16,0,41.2,129.9,100600.0,2026-07-16,2026-07-16,1006.0
20260716,000000,72W,13,2026,7,16,0,42.6,131.0,100800.0,2026-07-16,2026-07-16,1008.0
20260716,000000,72W,13,2026,7,16,0,40.9,129.9,100700.0,2026-07-16,2026-07-16,1007.0
20260716,000000,72W,13,2026,7,16,0,41.5,130.6,100700.0,2026-07-16,2026-07-16,1007.0
20260716,000000,72W,14,2026,7,16,0,13.3,139.20000000000002,100700.0,2026-07-16,2026-07-16,1007.0
20260716,000000,72W,14,2026,7,16,0,11.6,137.20000000000002,100500.0,2026-07-16,2026-07-16,1005.0
20260716,000000,72W,14,2026,7,16,0,11.9,137.20000000000002,100700.0,2026-07-16,2026-07-16,1007.0
20260716,000000,72W,14,2026,7,16,0,11.9,136.1,100500.0,2026-07-16,2026-07-16,1005.0
20260716,000000,72W,14,2026,7,16,0,13.0,133.8,100400.0,2026-07-16,2026-07-16,1004.0
20260716,000000,72W,14,2026,7,16,0,13.9,133.5,100600.0,2026-07-16,2026-07-16,1006.0
20260716,000000,72W,14,2026,7,16,0,13.3,131.6,100300.0,2026-07-16,2026-07-16,1003.0
20260716,000000,72W,14,2026,7,16,0,13.6,131.0,100400.0,2026-07-16,2026-07-16,1004.0
20260716,000000,72W,14,2026,7,16,0,13.6,129.3,100200.0,2026-07-16,2026-07-16,1002.0
20260716,000000,72W,14,2026,7,16,0,14.5,128.5,100100.0,2026-07-16,2026-07-16,1001.0
20260716,000000,72W,14,2026,7,16,0,15.0,127.60000000000001,99800.0,2026-07-16,2026-07-16,998.0
20260716,000000,72W,14,2026,7,16,0,15.6,126.2,99700.0,2026-07-16,2026-07-16,997.0
20260716,000000,72W,14,2026,7,16,0,15.9,125.4,99500.0,2026-07-16,2026-07-16,995.0
20260716,000000,72W,14,2026,7,16,0,16.4,124.3,99100.0,2026-07-16,2026-07-16,991.0
20260716,000000,72W,14,2026,7,16,0,17.3,123.10000000000001,98900.0,2026-07-16,2026-07-16,989.0
20260716,000000,72W,14,2026,7,16,0,17.8,121.7,99000.0,2026-07-16,2026-07-16,990.0
20260716,000000,72W,14,2026,7,16,0,18.400000000000002,120.60000000000001,99200.0,2026-07-16,2026-07-16,992.0
20260716,000000,72W,14,2026,7,16,0,18.7,118.9,99200.0,2026-07-16,2026-07-16,992.0
20260716,000000,72W,14,2026,7,16,0,18.8,117.8,99100.0,2026-07-16,2026-07-16,991.0
20260716,000000,72W,14,2026,7,16,0,19.400000000000002,116.7,98700.0,2026-07-16,2026-07-16,987.0
20260716,000000,72W,14,2026,7,16,0,20.1,115.8,98300.0,2026-07-16,2026-07-16,983.0
20260716,000000,72W,14,2026,7,16,0,20.400000000000002,114.7,98000.0,2026-07-16,2026-07-16,980.0
20260716,000000,72W,14,2026,7,16,0,20.900000000000002,113.60000000000001,97600.0,2026-07-16,2026-07-16,976.0
20260716,000000,72W,14,2026,7,16,0,21.8,112.7,97900.0,2026-07-16,2026-07-16,979.0
20260716,000000,72W,14,2026,7,16,0,23.2,111.60000000000001,98800.0,2026-07-16,2026-07-16,988.0
20260716,000000,72W,14,2026,7,16,0,23.2,110.2,99300.0,2026-07-16,2026-07-16,993.0
20260716,000000,72W,14,2026,7,16,0,24.3,109.60000000000001,99700.0,2026-07-16,2026-07-16,997.0
20260716,000000,72W,14,2026,7,16,0,24.6,108.2,100100.0,2026-07-16,2026-07-16,1001.0
20260716,000000,72W,15,2026,7,16,0,10.0,176.9,100700.0,2026-07-16,2026-07-16,1007.0
20260716,000000,72W,15,2026,7,16,0,8.5,176.6,100700.0,2026-07-16,2026-07-16,1007.0
20260716,000000,72W,15,2026,7,16,0,11.4,176.3,100800.0,2026-07-16,2026-07-16,1008.0
20260716,000000,72W,15,2026,7,16,0,11.6,176.0,100700.0,2026-07-16,2026-07-16,1007.0
20260716,000000,72W,15,2026,7,16,0,12.5,175.20000000000002,100700.0,2026-07-16,2026-07-16,1007.0
20260716,000000,72W,15,2026,7,16,0,11.1,173.20000000000002,100500.0,2026-07-16,2026-07-16,1005.0
20260716,000000,72W,15,2026,7,16,0,10.8,173.5,100500.0,2026-07-16,2026-07-16,1005.0
20260716,000000,72W,15,2026,7,16,0,10.5,172.9,100400.0,2026-07-16,2026-07-16,1004.0
20260716,000000,72W,15,2026,7,16,0,10.0,172.9,100400.0,2026-07-16,2026-07-16,1004.0
20260716,000000,72W,15,2026,7,16,0,8.3,172.6,100300.0,2026-07-16,2026-07-16,1003.0
20260716,000000,72W,15,2026,7,16,0,8.3,174.3,100400.0,2026-07-16,2026-07-16,1004.0
20260716,000000,72W,15,2026,7,16,0,7.7,174.3,100100.0,2026-07-16,2026-07-16,1001.0
20260716,000000,72W,15,2026,7,16,0,7.4,174.9,100300.0,2026-07-16,2026-07-16,1003.0
20260716,000000,72W,15,2026,7,16,0,6.9,174.9,100100.0,2026-07-16,2026-07-16,1001.0
20260716,000000,72W,15,2026,7,16,0,7.1000000000000005,176.6,100400.0,2026-07-16,2026-07-16,1004.0
20260716,000000,72W,16,2026,7,16,0,18.7,141.70000000000002,100700.0,2026-07-16,2026-07-16,1007.0
20260716,000000,72W,16,2026,7,16,0,18.400000000000002,137.5,100700.0,2026-07-16,2026-07-16,1007.0
20260716,000000,72W,16,2026,7,16,0,17.6,133.3,100800.0,2026-07-16,2026-07-16,1008.0
20260716,000000,72W,16,2026,7,16,0,17.8,129.6,100800.0,2026-07-16,2026-07-16,1008.0
20260716,000000,72W,16,2026,7,16,0,16.4,127.9,100600.0,2026-07-16,2026-07-16,1006.0
20260716,000000,72W,16,2026,7,16,0,16.7,124.8,100400.0,2026-07-16,2026-07-16,1004.0
20260716,000000,72W,16,2026,7,16,0,16.4,122.3,100300.0,2026-07-16,2026-07-16,1003.0
20260716,000000,72W,16,2026,7,16,0,16.1,122.0,100200.0,2026-07-16,2026-07-16,1002.0
20260716,000000,72W,16,2026,7,16,0,17.6,119.8,100100.0,2026-07-16,2026-07-16,1001.0
20260716,000000,72W,16,2026,7,16,0,17.0,118.4,99800.0,2026-07-16,2026-07-16,998.0
20260716,000000,72W,16,2026,7,16,0,17.3,117.0,99800.0,2026-07-16,2026-07-16,998.0
20260716,000000,72W,16,2026,7,16,0,17.400000000000002,115.8,99600.0,2026-07-16,2026-07-16,996.0
20260716,000000,72W,16,2026,7,16,0,17.6,114.7,99600.0,2026-07-16,2026-07-16,996.0
20260716,000000,72W,16,2026,7,16,0,17.8,113.3,99400.0,2026-07-16,2026-07-16,994.0
20260716,000000,72W,16,2026,7,16,0,17.8,112.7,99200.0,2026-07-16,2026-07-16,992.0
20260716,000000,72W,16,2026,7,16,0,18.400000000000002,111.9,98700.0,2026-07-16,2026-07-16,987.0
20260716,000000,72W,16,2026,7,16,0,18.7,111.3,98300.0,2026-07-16,2026-07-16,983.0
20260716,000000,72W,16,2026,7,16,0,18.7,111.0,97600.0,2026-07-16,2026-07-16,976.0
20260716,000000,72W,16,2026,7,16,0,19.0,110.5,98000.0,2026-07-16,2026-07-16,980.0
20260716,000000,72W,16,2026,7,16,0,19.5,110.2,97900.0,2026-07-16,2026-07-16,979.0
20260716,000000,72W,16,2026,7,16,0,19.8,109.60000000000001,98200.0,2026-07-16,2026-07-16,982.0
20260716,000000,72W,16,2026,7,16,0,20.400000000000002,109.4,98400.0,2026-07-16,2026-07-16,984.0
20260716,000000,72W,16,2026,7,16,0,20.7,109.4,98900.0,2026-07-16,2026-07-16,989.0
20260716,000000,72W,17,2026,7,16,0,2.1,175.5,100800.0,2026-07-16,2026-07-16,1008.0
20260716,000000,72W,17,2026,7,16,0,3.2,174.6,100700.0,2026-07-16,2026-07-16,1007.0
20260716,000000,72W,17,2026,7,16,0,5.4,176.0,100600.0,2026-07-16,2026-07-16,1006.0
20260716,000000,72W,17,2026,7,16,0,8.0,174.6,100800.0,2026-07-16,2026-07-16,1008.0
20260716,000000,72W,17,2026,7,16,0,8.5,171.8,100600.0,2026-07-16,2026-07-16,1006.0
20260716,000000,72W,18,2026,7,16,0,8.0,154.6,100800.0,2026-07-16,2026-07-16,1008.0
20260716,000000,72W,18,2026,7,16,0,7.1000000000000005,154.6,100600.0,2026-07-16,2026-07-16,1006.0
20260716,000000,72W,20,2026,7,16,0,8.5,153.20000000000002,100800.0,2026-07-16,2026-07-16,1008.0
20260716,000000,72W,20,2026,7,16,0,10.8,151.0,100800.0,2026-07-16,2026-07-16,1008.0
20260716,000000,72W,20,2026,7,16,0,11.6,146.5,100800.0,2026-07-16,2026-07-16,1008.0
20260716,000000,72W,20,2026,7,16,0,11.9,145.9,100300.0,2026-07-16,2026-07-16,1003.0
20260716,000000,72W,20,2026,7,16,0,12.200000000000001,144.20000000000002,100500.0,2026-07-16,2026-07-16,1005.0
20260716,000000,72W,20,2026,7,16,0,12.200000000000001,141.4,100300.0,2026-07-16,2026-07-16,1003.0
20260716,000000,72W,20,2026,7,16,0,13.0,140.0,100400.0,2026-07-16,2026-07-16,1004.0
20260716,000000,72W,20,2026,7,16,0,12.8,137.8,100000.0,2026-07-16,2026-07-16,1000.0
20260716,000000,72W,20,2026,7,16,0,13.0,136.6,100200.0,2026-07-16,2026-07-16,1002.0
20260716,000000,72W,20,2026,7,16,0,13.0,136.1,99700.0,2026-07-16,2026-07-16,997.0
20260716,000000,72W,20,2026,7,16,0,13.6,135.2,100100.0,2026-07-16,2026-07-16,1001.0
20260716,000000,72W,20,2026,7,16,0,14.200000000000001,133.5,99700.0,2026-07-16,2026-07-16,997.0
20260716,000000,72W,20,2026,7,16,0,14.0,132.1,99800.0,2026-07-16,2026-07-16,998.0
20260716,000000,72W,20,2026,7,16,0,13.6,130.7,99200.0,2026-07-16,2026-07-16,992.0
20260716,000000,72W,20,2026,7,16,0,14.200000000000001,130.2,99000.0,2026-07-16,2026-07-16,990.0
20260716,000000,72W,20,2026,7,16,0,14.5,129.3,98400.0,2026-07-16,2026-07-16,984.0
20260716,000000,72W,20,2026,7,16,0,15.0,128.8,98100.0,2026-07-16,2026-07-16,981.0
20260716,000000,72W,20,2026,7,16,0,15.6,128.5,98100.0,2026-07-16,2026-07-16,981.0
20260716,000000,72W,20,2026,7,16,0,16.1,127.60000000000001,98600.0,2026-07-16,2026-07-16,986.0
20260716,000000,72W,20,2026,7,16,0,16.7,126.8,98400.0,2026-07-16,2026-07-16,984.0
20260716,000000,72W,20,2026,7,16,0,17.3,126.0,98300.0,2026-07-16,2026-07-16,983.0
20260716,000000,72W,20,2026,7,16,0,18.7,124.5,97900.0,2026-07-16,2026-07-16,979.0
20260716,000000,72W,20,2026,7,16,0,18.7,123.10000000000001,97500.0,2026-07-16,2026-07-16,975.0
20260716,000000,72W,20,2026,7,16,0,19.5,122.0,97200.0,2026-07-16,2026-07-16,972.0
20260716,000000,72W,20,2026,7,16,0,19.8,120.60000000000001,97100.0,2026-07-16,2026-07-16,971.0
20260716,000000,72W,20,2026,7,16,0,20.1,119.5,96800.0,2026-07-16,2026-07-16,968.0
20260716,000000,72W,20,2026,7,16,0,20.400000000000002,118.60000000000001,96700.0,2026-07-16,2026-07-16,967.0
20260716,000000,72W,20,2026,7,16,0,20.7,117.2,96500.0,2026-07-16,2026-07-16,965.0
20260716,000000,72W,20,2026,7,16,0,21.5,116.10000000000001,96300.0,2026-07-16,2026-07-16,963.0
20260716,000000,72W,20,2026,7,16,0,22.1,114.4,96700.0,2026-07-16,2026-07-16,967.0
20260716,000000,72W,20,2026,7,16,0,22.6,113.0,97300.0,2026-07-16,2026-07-16,973.0
20260716,000000,72W,20,2026,7,16,0,22.6,111.9,98000.0,2026-07-16,2026-07-16,980.0
20260716,000000,72W,20,2026,7,16,0,23.5,111.0,98900.0,2026-07-16,2026-07-16,989.0
20260716,000000,72W,20,2026,7,16,0,23.8,109.4,99100.0,2026-07-16,2026-07-16,991.0
20260716,000000,72W,20,2026,7,16,0,24.0,108.5,99400.0,2026-07-16,2026-07-16,994.0
20260716,000000,72W,20,2026,7,16,0,22.1,108.5,99800.0,2026-07-16,2026-07-16,998.0
20260716,000000,72W,20,2026,7,16,0,21.5,108.0,99900.0,2026-07-16,2026-07-16,999.0
20260716,000000,72W,21,2026,7,16,0,6.6000000000000005,174.3,100800.0,2026-07-16,2026-07-16,1008.0
20260716,000000,72W,21,2026,7,16,0,6.3,175.5,100700.0,2026-07-16,2026-07-16,1007.0
20260716,000000,72W,21,2026,7,16,0,5.2,174.3,100700.0,2026-07-16,2026-07-16,1007.0
20260716,000000,72W,21,2026,7,16,0,5.4,174.3,100600.0,2026-07-16,2026-07-16,1006.0
20260716,000000,72W,21,2026,7,16,0,4.3,174.0,100500.0,2026-07-16,2026-07-16,1005.0
20260716,000000,72W,23,2026,7,16,0,12.200000000000001,151.8,100800.0,2026-07-16,2026-07-16,1008.0
20260716,000000,72W,23,2026,7,16,0,11.8,151.4,100700.0,2026-07-16,2026-07-16,1007.0
20260716,000000,72W,23,2026,7,16,0,13.6,150.70000000000002,101000.0,2026-07-16,2026-07-16,1010.0
20260716,000000,72W,23,2026,7,16,0,12.5,149.9,100800.0,2026-07-16,2026-07-16,1008.0
20260716,000000,72W,23,2026,7,16,0,13.3,147.9,100900.0,2026-07-16,2026-07-16,1009.0
20260716,000000,72W,23,2026,7,16,0,12.8,147.0,101000.0,2026-07-16,2026-07-16,1010.0
20260716,000000,72W,23,2026,7,16,0,13.0,145.1,100700.0,2026-07-16,2026-07-16,1007.0
20260716,000000,72W,23,2026,7,16,0,11.4,145.9,100700.0,2026-07-16,2026-07-16,1007.0
20260716,000000,72W,23,2026,7,16,0,11.9,145.4,100500.0,2026-07-16,2026-07-16,1005.0
20260716,000000,72W,23,2026,7,16,0,12.200000000000001,145.1,100700.0,2026-07-16,2026-07-16,1007.0
20260716,000000,72W,23,2026,7,16,0,10.200000000000001,144.20000000000002,100500.0,2026-07-16,2026-07-16,1005.0
20260716,000000,72W,23,2026,7,16,0,10.5,144.20000000000002,100600.0,2026-07-16,2026-07-16,1006.0
20260716,000000,72W,23,2026,7,16,0,11.5,144.8,100400.0,2026-07-16,2026-07-16,1004.0
20260716,000000,72W,24,2026,7,16,0,22.1,165.9,101000.0,2026-07-16,2026-07-16,1010.0
20260716,000000,72W,24,2026,7,16,0,23.8,165.0,100900.0,2026-07-16,2026-07-16,1009.0
20260716,000000,72W,24,2026,7,16,0,22.7,164.8,100900.0,2026-07-16,2026-07-16,1009.0
20260716,000000,72W,24,2026,7,16,0,22.900000000000002,163.6,100800.0,2026-07-16,2026-07-16,1008.0
20260716,000000,72W,24,2026,7,16,0,21.8,163.4,100800.0,2026-07-16,2026-07-16,1008.0
20260716,000000,72W,24,2026,7,16,0,22.0,162.20000000000002,100600.0,2026-07-16,2026-07-16,1006.0
20260716,000000,72W,24,2026,7,16,0,21.900000000000002,161.8,100400.0,2026-07-16,2026-07-16,1004.0
20260716,000000,72W,24,2026,7,16,0,21.5,161.1,100500.0,2026-07-16,2026-07-16,1005.0
20260716,000000,72W,24,2026,7,16,0,21.6,161.70000000000002,100200.0,2026-07-16,2026-07-16,1002.0
20260716,000000,72W,24,2026,7,16,0,21.8,160.5,100100.0,2026-07-16,2026-07-16,1001.0
20260716,000000,72W,24,2026,7,16,0,21.7,159.70000000000002,100100.0,2026-07-16,2026-07-16,1001.0
20260716,000000,72W,24,2026,7,16,0,21.5,159.1,100200.0,2026-07-16,2026-07-16,1002.0
20260716,000000,72W,24,2026,7,16,0,22.3,158.9,99700.0,2026-07-16,2026-07-16,997.0
20260716,000000,72W,24,2026,7,16,0,22.3,158.3,99500.0,2026-07-16,2026-07-16,995.0
20260716,000000,72W,24,2026,7,16,0,23.5,157.70000000000002,99200.0,2026-07-16,2026-07-16,992.0
20260716,000000,72W,24,2026,7,16,0,24.0,156.9,98900.0,2026-07-16,2026-07-16,989.0
20260716,000000,72W,24,2026,7,16,0,24.3,156.3,98600.0,2026-07-16,2026-07-16,986.0
20260716,000000,72W,24,2026,7,16,0,25.2,155.5,98400.0,2026-07-16,2026-07-16,984.0
20260716,000000,72W,24,2026,7,16,0,25.7,154.6,98500.0,2026-07-16,2026-07-16,985.0
20260716,000000,72W,24,2026,7,16,0,26.3,154.1,98600.0,2026-07-16,2026-07-16,986.0
20260716,000000,72W,24,2026,7,16,0,27.1,153.20000000000002,98000.0,2026-07-16,2026-07-16,980.0
20260716,000000,72W,24,2026,7,16,0,27.7,152.70000000000002,97600.0,2026-07-16,2026-07-16,976.0
20260716,000000,72W,24,2026,7,16,0,28.3,151.8,97700.0,2026-07-16,2026-07-16,977.0
20260716,000000,72W,24,2026,7,16,0,28.5,151.0,97800.0,2026-07-16,2026-07-16,978.0
20260716,000000,72W,24,2026,7,16,0,29.400000000000002,150.1,97500.0,2026-07-16,2026-07-16,975.0
20260716,000000,72W,24,2026,7,16,0,30.2,149.6,97500.0,2026-07-16,2026-07-16,975.0
20260716,000000,72W,25,2026,7,16,0,12.8,143.1,100700.0,2026-07-16,2026-07-16,1007.0
20260716,000000,72W,25,2026,7,16,0,13.6,142.3,100800.0,2026-07-16,2026-07-16,1008.0
20260716,000000,72W,25,2026,7,16,0,13.3,143.4,100600.0,2026-07-16,2026-07-16,1006.0
20260716,000000,72W,25,2026,7,16,0,13.0,142.8,100800.0,2026-07-16,2026-07-16,1008.0
20260716,000000,72W,25,2026,7,16,0,12.8,142.3,100800.0,2026-07-16,2026-07-16,1008.0
20260716,000000,72W,25,2026,7,16,0,13.6,141.4,100700.0,2026-07-16,2026-07-16,1007.0
20260716,000000,72W,25,2026,7,16,0,15.0,140.0,100400.0,2026-07-16,2026-07-16,1004.0
20260716,000000,72W,25,2026,7,16,0,15.6,140.3,100600.0,2026-07-16,2026-07-16,1006.0
20260716,000000,72W,25,2026,7,16,0,16.4,138.6,100400.0,2026-07-16,2026-07-16,1004.0
20260716,000000,72W,25,2026,7,16,0,17.0,138.0,100500.0,2026-07-16,2026-07-16,1005.0
20260716,000000,72W,25,2026,7,16,0,17.8,137.8,100400.0,2026-07-16,2026-07-16,1004.0
20260716,000000,72W,25,2026,7,16,0,18.7,136.9,100600.0,2026-07-16,2026-07-16,1006.0
20260716,000000,72W,25,2026,7,16,0,18.400000000000002,133.3,100300.0,2026-07-16,2026-07-16,1003.0
20260716,000000,72W,25,2026,7,16,0,18.400000000000002,132.4,100300.0,2026-07-16,2026-07-16,1003.0
20260716,000000,72W,25,2026,7,16,0,18.400000000000002,131.6,100200.0,2026-07-16,2026-07-16,1002.0
20260716,000000,72W,25,2026,7,16,0,18.7,131.0,100200.0,2026-07-16,2026-07-16,1002.0
20260716,000000,72W,25,2026,7,16,0,19.8,129.6,100000.0,2026-07-16,2026-07-16,1000.0
20260716,000000,72W,25,2026,7,16,0,19.8,127.60000000000001,100000.0,2026-07-16,2026-07-16,1000.0
20260716,000000,72W,25,2026,7,16,0,19.2,126.8,99500.0,2026-07-16,2026-07-16,995.0
20260716,000000,72W,25,2026,7,16,0,19.8,125.7,99200.0,2026-07-16,2026-07-16,992.0
20260716,000000,72W,25,2026,7,16,0,19.2,123.7,99000.0,2026-07-16,2026-07-16,990.0
20260716,000000,72W,25,2026,7,16,0,19.5,123.10000000000001,98600.0,2026-07-16,2026-07-16,986.0
20260716,000000,72W,25,2026,7,16,0,19.5,122.0,98000.0,2026-07-16,2026-07-16,980.0
20260716,000000,72W,25,2026,7,16,0,19.2,120.60000000000001,97600.0,2026-07-16,2026-07-16,976.0
20260716,000000,72W,25,2026,7,16,0,19.0,119.5,97400.0,2026-07-16,2026-07-16,974.0
20260716,000000,72W,25,2026,7,16,0,19.0,118.4,97100.0,2026-07-16,2026-07-16,971.0
20260716,000000,72W,25,2026,7,16,0,19.2,117.5,96800.0,2026-07-16,2026-07-16,968.0
20260716,000000,72W,25,2026,7,16,0,19.0,116.7,96300.0,2026-07-16,2026-07-16,963.0
20260716,000000,72W,25,2026,7,16,0,19.2,115.8,96500.0,2026-07-16,2026-07-16,965.0
20260716,000000,72W,25,2026,7,16,0,19.8,115.5,96300.0,2026-07-16,2026-07-16,963.0
20260716,000000,72W,25,2026,7,16,0,20.400000000000002,115.3,95700.0,2026-07-16,2026-07-16,957.0
20260716,000000,72W,25,2026,7,16,0,20.7,114.7,96200.0,2026-07-16,2026-07-16,962.0
20260716,000000,72W,25,2026,7,16,0,21.5,113.9,96300.0,2026-07-16,2026-07-16,963.0
20260716,000000,72W,25,2026,7,16,0,22.3,112.7,97400.0,2026-07-16,2026-07-16,974.0
20260716,000000,72W,25,2026,7,16,0,23.2,112.2,98300.0,2026-07-16,2026-07-16,983.0
20260716,000000,72W,25,2026,7,16,0,24.3,111.3,99200.0,2026-07-16,2026-07-16,992.0
20260716,000000,72W,25,2026,7,16,0,25.400000000000002,110.2,99600.0,2026-07-16,2026-07-16,996.0
20260716,000000,72W,25,2026,7,16,0,26.3,111.60000000000001,100000.0,2026-07-16,2026-07-16,1000.0
20260716,000000,72W,25,2026,7,16,0,26.900000000000002,109.60000000000001,100100.0,2026-07-16,2026-07-16,1001.0
20260716,000000,72W,25,2026,7,16,0,26.900000000000002,109.60000000000001,100200.0,2026-07-16,2026-07-16,1002.0
20260716,000000,72W,25,2026,7,16,0,28.0,110.5,100300.0,2026-07-16,2026-07-16,1003.0
20260716,000000,72W,25,2026,7,16,0,28.3,109.60000000000001,100400.0,2026-07-16,2026-07-16,1004.0
20260716,000000,72W,25,2026,7,16,0,27.1,109.60000000000001,100300.0,2026-07-16,2026-07-16,1003.0
20260716,000000,72W,26,2026,7,16,0,31.900000000000002,164.8,100700.0,2026-07-16,2026-07-16,1007.0
20260716,000000,72W,26,2026,7,16,0,33.0,168.70000000000002,100800.0,2026-07-16,2026-07-16,1008.0
20260716,000000,72W,27,2026,7,16,0,14.200000000000001,137.5,100500.0,2026-07-16,2026-07-16,1005.0
20260716,000000,72W,27,2026,7,16,0,15.0,134.7,100700.0,2026-07-16,2026-07-16,1007.0
20260716,000000,72W,27,2026,7,16,0,12.8,132.1,100600.0,2026-07-16,2026-07-16,1006.0
20260716,000000,72W,27,2026,7,16,0,13.0,128.8,100400.0,2026-07-16,2026-07-16,1004.0
20260716,000000,72W,27,2026,7,16,0,13.6,128.2,100400.0,2026-07-16,2026-07-16,1004.0
20260716,000000,72W,27,2026,7,16,0,11.9,127.4,99900.0,2026-07-16,2026-07-16,999.0
20260716,000000,72W,27,2026,7,16,0,12.8,127.60000000000001,100000.0,2026-07-16,2026-07-16,1000.0
20260716,000000,72W,27,2026,7,16,0,13.9,127.10000000000001,99900.0,2026-07-16,2026-07-16,999.0
20260716,000000,72W,27,2026,7,16,0,14.700000000000001,126.2,99900.0,2026-07-16,2026-07-16,999.0
20260716,000000,72W,27,2026,7,16,0,15.0,125.4,99600.0,2026-07-16,2026-07-16,996.0
20260716,000000,72W,27,2026,7,16,0,15.6,124.3,99700.0,2026-07-16,2026-07-16,997.0
20260716,000000,72W,27,2026,7,16,0,15.9,123.60000000000001,99300.0,2026-07-16,2026-07-16,993.0
20260716,000000,72W,27,2026,7,16,0,16.7,123.7,99300.0,2026-07-16,2026-07-16,993.0
20260716,000000,72W,27,2026,7,16,0,17.3,123.4,98900.0,2026-07-16,2026-07-16,989.0
20260716,000000,72W,27,2026,7,16,0,18.400000000000002,122.0,98600.0,2026-07-16,2026-07-16,986.0
20260716,000000,72W,27,2026,7,16,0,18.7,120.9,98600.0,2026-07-16,2026-07-16,986.0
20260716,000000,72W,27,2026,7,16,0,19.5,119.5,98400.0,2026-07-16,2026-07-16,984.0
20260716,000000,72W,27,2026,7,16,0,19.5,118.10000000000001,97700.0,2026-07-16,2026-07-16,977.0
20260716,000000,72W,27,2026,7,16,0,20.1,117.5,97300.0,2026-07-16,2026-07-16,973.0
20260716,000000,72W,27,2026,7,16,0,20.400000000000002,116.10000000000001,97300.0,2026-07-16,2026-07-16,973.0
20260716,000000,72W,27,2026,7,16,0,20.7,115.5,97400.0,2026-07-16,2026-07-16,974.0
20260716,000000,72W,27,2026,7,16,0,21.2,114.4,97400.0,2026-07-16,2026-07-16,974.0
20260716,000000,72W,27,2026,7,16,0,21.8,113.60000000000001,97700.0,2026-07-16,2026-07-16,977.0
20260716,000000,72W,27,2026,7,16,0,22.3,112.2,98300.0,2026-07-16,2026-07-16,983.0
20260716,000000,72W,27,2026,7,16,0,22.900000000000002,111.0,98900.0,2026-07-16,2026-07-16,989.0
20260716,000000,72W,27,2026,7,16,0,23.2,109.60000000000001,99200.0,2026-07-16,2026-07-16,992.0
20260716,000000,72W,27,2026,7,16,0,23.5,108.10000000000001,99600.0,2026-07-16,2026-07-16,996.0
20260716,000000,72W,28,2026,7,16,0,24.900000000000002,171.20000000000002,101000.0,2026-07-16,2026-07-16,1010.0
20260716,000000,72W,28,2026,7,16,0,24.3,169.3,100900.0,2026-07-16,2026-07-16,1009.0
20260716,000000,72W,28,2026,7,16,0,23.8,169.3,101000.0,2026-07-16,2026-07-16,1010.0
20260716,000000,72W,28,2026,7,16,0,23.8,170.4,100800.0,2026-07-16,2026-07-16,1008.0
20260716,000000,72W,28,2026,7,16,0,23.6,168.8,100900.0,2026-07-16,2026-07-16,1009.0
20260716,000000,72W,28,2026,7,16,0,23.3,167.9,100700.0,2026-07-16,2026-07-16,1007.0
20260716,000000,72W,28,2026,7,16,0,22.900000000000002,168.0,100800.0,2026-07-16,2026-07-16,1008.0
20260716,000000,72W,28,2026,7,16,0,22.2,166.70000000000002,100700.0,2026-07-16,2026-07-16,1007.0
20260716,000000,72W,28,2026,7,16,0,21.5,165.9,100500.0,2026-07-16,2026-07-16,1005.0
20260716,000000,72W,28,2026,7,16,0,21.2,165.0,100600.0,2026-07-16,2026-07-16,1006.0
20260716,000000,72W,28,2026,7,16,0,20.7,165.0,100400.0,2026-07-16,2026-07-16,1004.0
20260716,000000,72W,28,2026,7,16,0,21.2,165.0,100500.0,2026-07-16,2026-07-16,1005.0
20260716,000000,72W,28,2026,7,16,0,21.6,164.0,100400.0,2026-07-16,2026-07-16,1004.0
20260716,000000,72W,28,2026,7,16,0,21.2,163.6,100500.0,2026-07-16,2026-07-16,1005.0
20260716,000000,72W,28,2026,7,16,0,21.5,163.4,100300.0,2026-07-16,2026-07-16,1003.0
20260716,000000,72W,28,2026,7,16,0,21.8,163.1,100200.0,2026-07-16,2026-07-16,1002.0
20260716,000000,72W,28,2026,7,16,0,22.3,163.1,99800.0,2026-07-16,2026-07-16,998.0
20260716,000000,72W,28,2026,7,16,0,22.900000000000002,162.8,99800.0,2026-07-16,2026-07-16,998.0
20260716,000000,72W,28,2026,7,16,0,23.5,162.20000000000002,99400.0,2026-07-16,2026-07-16,994.0
20260716,000000,72W,28,2026,7,16,0,23.8,162.20000000000002,99100.0,2026-07-16,2026-07-16,991.0
20260716,000000,72W,28,2026,7,16,0,24.6,162.20000000000002,98800.0,2026-07-16,2026-07-16,988.0
20260716,000000,72W,28,2026,7,16,0,25.400000000000002,162.5,98600.0,2026-07-16,2026-07-16,986.0
20260716,000000,72W,28,2026,7,16,0,26.6,162.20000000000002,98500.0,2026-07-16,2026-07-16,985.0
20260716,000000,72W,28,2026,7,16,0,27.400000000000002,162.20000000000002,98400.0,2026-07-16,2026-07-16,984.0
20260716,000000,72W,28,2026,7,16,0,28.0,162.0,98100.0,2026-07-16,2026-07-16,981.0
20260716,000000,72W,28,2026,7,16,0,28.5,162.20000000000002,98400.0,2026-07-16,2026-07-16,984.0
20260716,000000,72W,28,2026,7,16,0,29.400000000000002,162.0,98500.0,2026-07-16,2026-07-16,985.0
20260716,000000,72W,28,2026,7,16,0,29.7,162.5,98300.0,2026-07-16,2026-07-16,983.0
20260716,000000,72W,28,2026,7,16,0,30.5,162.5,98300.0,2026-07-16,2026-07-16,983.0
20260716,000000,72W,28,2026,7,16,0,30.8,162.8,98600.0,2026-07-16,2026-07-16,986.0
20260716,000000,72W,28,2026,7,16,0,31.6,162.5,99000.0,2026-07-16,2026-07-16,990.0
20260716,000000,72W,28,2026,7,16,0,32.5,162.0,99100.0,2026-07-16,2026-07-16,991.0
20260716,000000,72W,28,2026,7,16,0,33.0,161.4,99200.0,2026-07-16,2026-07-16,992.0
20260716,000000,72W,28,2026,7,16,0,33.6,160.8,99400.0,2026-07-16,2026-07-16,994.0
20260716,000000,72W,28,2026,7,16,0,33.9,160.5,99400.0,2026-07-16,2026-07-16,994.0
20260716,000000,72W,28,2026,7,16,0,35.0,160.3,99700.0,2026-07-16,2026-07-16,997.0
20260716,000000,72W,28,2026,7,16,0,36.1,159.1,99600.0,2026-07-16,2026-07-16,996.0
20260716,000000,72W,28,2026,7,16,0,36.4,158.3,99700.0,2026-07-16,2026-07-16,997.0
20260716,000000,72W,28,2026,7,16,0,37.300000000000004,157.20000000000002,99800.0,2026-07-16,2026-07-16,998.0
20260716,000000,72W,28,2026,7,16,0,37.800000000000004,156.6,99900.0,2026-07-16,2026-07-16,999.0
20260716,000000,72W,28,2026,7,16,0,38.7,156.0,99800.0,2026-07-16,2026-07-16,998.0
20260716,000000,72W,28,2026,7,16,0,39.5,155.8,99900.0,2026-07-16,2026-07-16,999.0
20260716,000000,72W,28,2026,7,16,0,41.2,155.20000000000002,99900.0,2026-07-16,2026-07-16,999.0
20260716,000000,72W,28,2026,7,16,0,42.300000000000004,153.8,100000.0,2026-07-16,2026-07-16,1000.0
20260716,000000,72W,29,2026,7,16,0,11.6,135.0,100700.0,2026-07-16,2026-07-16,1007.0
20260716,000000,72W,29,2026,7,16,0,11.4,135.0,100700.0,2026-07-16,2026-07-16,1007.0
20260716,000000,72W,29,2026,7,16,0,11.4,134.4,100500.0,2026-07-16,2026-07-16,1005.0
20260716,000000,72W,29,2026,7,16,0,11.4,133.5,100600.0,2026-07-16,2026-07-16,1006.0
20260716,000000,72W,29,2026,7,16,0,11.4,132.4,100200.0,2026-07-16,2026-07-16,1002.0
20260716,000000,72W,29,2026,7,16,0,10.8,132.1,100400.0,2026-07-16,2026-07-16,1004.0
20260716,000000,72W,29,2026,7,16,0,11.1,131.6,100300.0,2026-07-16,2026-07-16,1003.0
20260716,000000,72W,29,2026,7,16,0,11.1,131.3,100500.0,2026-07-16,2026-07-16,1005.0
20260716,000000,72W,29,2026,7,16,0,11.1,131.0,100400.0,2026-07-16,2026-07-16,1004.0
20260716,000000,72W,29,2026,7,16,0,11.1,130.5,100600.0,2026-07-16,2026-07-16,1006.0
20260716,000000,72W,29,2026,7,16,0,11.1,129.9,100400.0,2026-07-16,2026-07-16,1004.0
20260716,000000,72W,29,2026,7,16,0,11.1,130.5,100500.0,2026-07-16,2026-07-16,1005.0
20260716,000000,72W,29,2026,7,16,0,11.1,130.5,100400.0,2026-07-16,2026-07-16,1004.0
20260716,000000,72W,29,2026,7,16,0,11.1,130.7,100400.0,2026-07-16,2026-07-16,1004.0
20260716,000000,72W,29,2026,7,16,0,11.1,131.0,100200.0,2026-07-16,2026-07-16,1002.0
20260716,000000,72W,29,2026,7,16,0,11.9,131.9,100400.0,2026-07-16,2026-07-16,1004.0
20260716,000000,72W,29,2026,7,16,0,11.6,132.4,100100.0,2026-07-16,2026-07-16,1001.0
20260716,000000,72W,29,2026,7,16,0,12.700000000000001,132.6,100200.0,2026-07-16,2026-07-16,1002.0
20260716,000000,72W,29,2026,7,16,0,14.5,131.6,100100.0,2026-07-16,2026-07-16,1001.0
20260716,000000,72W,29,2026,7,16,0,14.200000000000001,130.5,100200.0,2026-07-16,2026-07-16,1002.0
20260716,000000,72W,29,2026,7,16,0,14.700000000000001,129.6,100200.0,2026-07-16,2026-07-16,1002.0
20260716,000000,72W,29,2026,7,16,0,15.6,128.5,100300.0,2026-07-16,2026-07-16,1003.0
20260716,000000,72W,29,2026,7,16,0,15.6,125.4,100200.0,2026-07-16,2026-07-16,1002.0
20260716,000000,72W,29,2026,7,16,0,15.9,124.0,100300.0,2026-07-16,2026-07-16,1003.0
20260716,000000,72W,29,2026,7,16,0,15.9,121.7,100200.0,2026-07-16,2026-07-16,1002.0
20260716,000000,72W,29,2026,7,16,0,15.9,121.7,100300.0,2026-07-16,2026-07-16,1003.0
20260716,000000,72W,29,2026,7,16,0,15.6,122.9,100200.0,2026-07-16,2026-07-16,1002.0
20260716,000000,72W,29,2026,7,16,0,17.8,121.7,100300.0,2026-07-16,2026-07-16,1003.0
20260716,000000,72W,29,2026,7,16,0,17.8,122.60000000000001,100400.0,2026-07-16,2026-07-16,1004.0
20260716,000000,72W,29,2026,7,16,0,17.0,121.7,100100.0,2026-07-16,2026-07-16,1001.0
20260716,000000,72W,29,2026,7,16,0,17.0,121.7,100300.0,2026-07-16,2026-07-16,1003.0
20260716,000000,72W,30,2026,7,16,0,13.9,141.70000000000002,100900.0,2026-07-16,2026-07-16,1009.0
20260716,000000,72W,30,2026,7,16,0,13.3,141.70000000000002,100700.0,2026-07-16,2026-07-16,1007.0
20260716,000000,72W,30,2026,7,16,0,13.3,139.20000000000002,100600.0,2026-07-16,2026-07-16,1006.0
20260716,000000,72W,30,2026,7,16,0,14.700000000000001,137.5,100800.0,2026-07-16,2026-07-16,1008.0
20260716,000000,72W,30,2026,7,16,0,14.200000000000001,134.7,100700.0,2026-07-16,2026-07-16,1007.0
20260716,000000,72W,30,2026,7,16,0,13.200000000000001,134.1,100600.0,2026-07-16,2026-07-16,1006.0
20260716,000000,72W,31,2026,7,16,0,32.2,122.0,100400.0,2026-07-16,2026-07-16,1004.0
20260716,000000,72W,31,2026,7,16,0,32.2,122.0,100500.0,2026-07-16,2026-07-16,1005.0
20260716,000000,72W,31,2026,7,16,0,33.0,122.0,100500.0,2026-07-16,2026-07-16,1005.0
20260716,000000,72W,31,2026,7,16,0,33.9,123.10000000000001,100400.0,2026-07-16,2026-07-16,1004.0
20260716,000000,72W,31,2026,7,16,0,35.300000000000004,124.0,100400.0,2026-07-16,2026-07-16,1004.0
20260716,000000,72W,31,2026,7,16,0,37.0,125.10000000000001,100400.0,2026-07-16,2026-07-16,1004.0
20260716,000000,72W,31,2026,7,16,0,37.800000000000004,126.0,100400.0,2026-07-16,2026-07-16,1004.0
20260716,000000,72W,31,2026,7,16,0,38.1,126.2,100500.0,2026-07-16,2026-07-16,1005.0
20260716,000000,72W,31,2026,7,16,0,41.5,129.9,100600.0,2026-07-16,2026-07-16,1006.0
20260716,000000,72W,32,2026,7,16,0,11.6,141.4,100600.0,2026-07-16,2026-07-16,1006.0
20260716,000000,72W,32,2026,7,16,0,12.200000000000001,139.5,100800.0,2026-07-16,2026-07-16,1008.0
20260716,000000,72W,32,2026,7,16,0,11.1,136.9,100700.0,2026-07-16,2026-07-16,1007.0
20260716,000000,72W,32,2026,7,16,0,12.8,135.0,100600.0,2026-07-16,2026-07-16,1006.0
20260716,000000,72W,32,2026,7,16,0,13.6,135.0,100700.0,2026-07-16,2026-07-16,1007.0
20260716,000000,72W,32,2026,7,16,0,12.5,134.4,100500.0,2026-07-16,2026-07-16,1005.0
20260716,000000,72W,32,2026,7,16,0,13.9,133.3,100600.0,2026-07-16,2026-07-16,1006.0
20260716,000000,72W,32,2026,7,16,0,13.9,129.9,100300.0,2026-07-16,2026-07-16,1003.0
20260716,000000,72W,32,2026,7,16,0,13.6,129.9,100500.0,2026-07-16,2026-07-16,1005.0
20260716,000000,72W,32,2026,7,16,0,13.6,129.0,100600.0,2026-07-16,2026-07-16,1006.0
20260716,000000,72W,32,2026,7,16,0,14.200000000000001,128.5,100400.0,2026-07-16,2026-07-16,1004.0
20260716,000000,72W,32,2026,7,16,0,15.0,126.8,100600.0,2026-07-16,2026-07-16,1006.0
20260716,000000,72W,32,2026,7,16,0,14.5,125.7,100500.0,2026-07-16,2026-07-16,1005.0
20260716,000000,72W,32,2026,7,16,0,15.0,123.10000000000001,100600.0,2026-07-16,2026-07-16,1006.0
20260716,000000,72W,32,2026,7,16,0,15.0,122.60000000000001,100500.0,2026-07-16,2026-07-16,1005.0
20260716,000000,72W,32,2026,7,16,0,15.9,120.60000000000001,100600.0,2026-07-16,2026-07-16,1006.0
20260716,000000,72W,32,2026,7,16,0,14.700000000000001,121.7,100600.0,2026-07-16,2026-07-16,1006.0
20260716,000000,72W,33,2026,7,16,0,6.3,178.3,100700.0,2026-07-16,2026-07-16,1007.0
20260716,000000,72W,33,2026,7,16,0,7.4,176.6,100600.0,2026-07-16,2026-07-16,1006.0
20260716,000000,72W,34,2026,7,16,0,14.200000000000001,134.4,100900.0,2026-07-16,2026-07-16,1009.0
20260716,000000,72W,34,2026,7,16,0,13.9,133.0,100600.0,2026-07-16,2026-07-16,1006.0
20260716,000000,72W,34,2026,7,16,0,14.9,132.7,100700.0,2026-07-16,2026-07-16,1007.0
20260716,000000,72W,34,2026,7,16,0,15.0,129.9,100700.0,2026-07-16,2026-07-16,1007.0
20260716,000000,72W,34,2026,7,16,0,14.5,129.3,100500.0,2026-07-16,2026-07-16,1005.0
20260716,000000,72W,34,2026,7,16,0,15.1,127.9,100500.0,2026-07-16,2026-07-16,1005.0
20260716,000000,72W,34,2026,7,16,0,14.700000000000001,127.10000000000001,100400.0,2026-07-16,2026-07-16,1004.0
20260716,000000,72W,34,2026,7,16,0,15.9,125.7,100600.0,2026-07-16,2026-07-16,1006.0
20260716,000000,72W,34,2026,7,16,0,15.9,126.3,100500.0,2026-07-16,2026-07-16,1005.0
20260716,000000,72W,34,2026,7,16,0,16.4,123.4,100400.0,2026-07-16,2026-07-16,1004.0
20260716,000000,72W,35,2026,7,16,0,26.0,172.4,100700.0,2026-07-16,2026-07-16,1007.0
20260716,000000,72W,35,2026,7,16,0,26.1,172.8,100700.0,2026-07-16,2026-07-16,1007.0
20260716,000000,72W,35,2026,7,16,0,26.0,172.9,100700.0,2026-07-16,2026-07-16,1007.0
20260716,000000,72W,35,2026,7,16,0,24.900000000000002,172.9,100700.0,2026-07-16,2026-07-16,1007.0
20260716,000000,72W,35,2026,7,16,0,24.900000000000002,172.9,100600.0,2026-07-16,2026-07-16,1006.0
20260716,000000,72W,35,2026,7,16,0,24.900000000000002,172.9,100700.0,2026-07-16,2026-07-16,1007.0
20260716,000000,72W,35,2026,7,16,0,24.900000000000002,172.1,100700.0,2026-07-16,2026-07-16,1007.0
20260716,000000,72W,35,2026,7,16,0,25.2,171.5,100600.0,2026-07-16,2026-07-16,1006.0
20260716,000000,72W,35,2026,7,16,0,25.2,171.20000000000002,100800.0,2026-07-16,2026-07-16,1008.0
20260716,000000,72W,35,2026,7,16,0,25.2,170.1,100700.0,2026-07-16,2026-07-16,1007.0
20260716,000000,72W,35,2026,7,16,0,26.0,170.4,100800.0,2026-07-16,2026-07-16,1008.0
20260716,000000,72W,35,2026,7,16,0,25.900000000000002,169.70000000000002,100700.0,2026-07-16,2026-07-16,1007.0
20260716,000000,72W,35,2026,7,16,0,26.6,169.8,100800.0,2026-07-16,2026-07-16,1008.0
20260716,000000,72W,35,2026,7,16,0,27.7,167.9,101100.0,2026-07-16,2026-07-16,1011.0
20260716,000000,72W,36,2026,7,16,0,11.1,166.20000000000002,100500.0,2026-07-16,2026-07-16,1005.0
20260716,000000,72W,36,2026,7,16,0,11.6,166.70000000000002,100600.0,2026-07-16,2026-07-16,1006.0
20260716,000000,72W,36,2026,7,16,0,12.5,166.20000000000002,100700.0,2026-07-16,2026-07-16,1007.0
20260716,000000,72W,36,2026,7,16,0,12.5,164.8,100400.0,2026-07-16,2026-07-16,1004.0
20260716,000000,72W,36,2026,7,16,0,12.200000000000001,164.20000000000002,100500.0,2026-07-16,2026-07-16,1005.0
20260716,000000,72W,36,2026,7,16,0,13.3,163.4,100100.0,2026-07-16,2026-07-16,1001.0
20260716,000000,72W,36,2026,7,16,0,13.0,162.5,100400.0,2026-07-16,2026-07-16,1004.0
20260716,000000,72W,36,2026,7,16,0,13.3,161.4,99800.0,2026-07-16,2026-07-16,998.0
20260716,000000,72W,36,2026,7,16,0,13.9,160.5,100000.0,2026-07-16,2026-07-16,1000.0
20260716,000000,72W,36,2026,7,16,0,13.9,159.4,99700.0,2026-07-16,2026-07-16,997.0
20260716,000000,72W,36,2026,7,16,0,14.1,158.6,99800.0,2026-07-16,2026-07-16,998.0
20260716,000000,72W,36,2026,7,16,0,14.5,158.6,99200.0,2026-07-16,2026-07-16,992.0
20260716,000000,72W,36,2026,7,16,0,14.5,157.5,99100.0,2026-07-16,2026-07-16,991.0
20260716,000000,72W,36,2026,7,16,0,15.0,157.5,98600.0,2026-07-16,2026-07-16,986.0
20260716,000000,72W,36,2026,7,16,0,14.700000000000001,157.5,98600.0,2026-07-16,2026-07-16,986.0
20260716,000000,72W,36,2026,7,16,0,15.0,157.5,97900.0,2026-07-16,2026-07-16,979.0
20260716,000000,72W,36,2026,7,16,0,15.3,157.70000000000002,97600.0,2026-07-16,2026-07-16,976.0
20260716,000000,72W,36,2026,7,16,0,15.0,157.70000000000002,97000.0,2026-07-16,2026-07-16,970.0
20260716,000000,72W,36,2026,7,16,0,15.0,157.70000000000002,98300.0,2026-07-16,2026-07-16,983.0
20260716,000000,72W,36,2026,7,16,0,14.700000000000001,158.6,97900.0,2026-07-16,2026-07-16,979.0
20260716,000000,72W,36,2026,7,16,0,14.5,158.9,97700.0,2026-07-16,2026-07-16,977.0
20260716,000000,72W,37,2026,7,16,0,12.8,141.4,100500.0,2026-07-16,2026-07-16,1005.0
20260716,000000,72W,37,2026,7,16,0,12.5,144.0,100700.0,2026-07-16,2026-07-16,1007.0
20260716,000000,72W,37,2026,7,16,0,13.0,143.4,100600.0,2026-07-16,2026-07-16,1006.0
20260716,000000,72W,37,2026,7,16,0,12.8,142.0,100700.0,2026-07-16,2026-07-16,1007.0
20260716,000000,72W,37,2026,7,16,0,12.8,142.0,100500.0,2026-07-16,2026-07-16,1005.0
20260716,000000,72W,37,2026,7,16,0,11.0,141.20000000000002,100600.0,2026-07-16,2026-07-16,1006.0
20260716,000000,72W,37,2026,7,16,0,11.1,141.4,100400.0,2026-07-16,2026-07-16,1004.0
20260716,000000,72W,37,2026,7,16,0,10.5,140.3,100000.0,2026-07-16,2026-07-16,1000.0
20260716,000000,72W,37,2026,7,16,0,10.8,140.0,100000.0,2026-07-16,2026-07-16,1000.0
20260716,000000,72W,37,2026,7,16,0,10.5,138.6,99700.0,2026-07-16,2026-07-16,997.0
20260716,000000,72W,37,2026,7,16,0,11.1,138.3,99800.0,2026-07-16,2026-07-16,998.0
20260716,000000,72W,37,2026,7,16,0,10.5,137.8,99500.0,2026-07-16,2026-07-16,995.0
20260716,000000,72W,37,2026,7,16,0,10.200000000000001,137.20000000000002,99600.0,2026-07-16,2026-07-16,996.0
20260716,000000,72W,37,2026,7,16,0,10.5,137.20000000000002,99100.0,2026-07-16,2026-07-16,991.0
20260716,000000,72W,37,2026,7,16,0,10.200000000000001,136.4,99300.0,2026-07-16,2026-07-16,993.0
20260716,000000,72W,37,2026,7,16,0,10.5,135.8,98900.0,2026-07-16,2026-07-16,989.0
20260716,000000,72W,37,2026,7,16,0,10.8,135.0,98700.0,2026-07-16,2026-07-16,987.0
20260716,000000,72W,37,2026,7,16,0,11.1,134.4,98600.0,2026-07-16,2026-07-16,986.0
20260716,000000,72W,37,2026,7,16,0,10.8,133.8,98700.0,2026-07-16,2026-07-16,987.0
20260716,000000,72W,37,2026,7,16,0,11.4,133.3,98000.0,2026-07-16,2026-07-16,980.0
20260716,000000,72W,37,2026,7,16,0,11.9,133.0,99100.0,2026-07-16,2026-07-16,991.0
20260716,000000,72W,37,2026,7,16,0,12.200000000000001,132.4,98700.0,2026-07-16,2026-07-16,987.0
20260716,000000,72W,37,2026,7,16,0,12.5,132.1,98700.0,2026-07-16,2026-07-16,987.0
20260716,000000,72W,37,2026,7,16,0,13.6,131.9,98500.0,2026-07-16,2026-07-16,985.0
20260716,000000,72W,37,2026,7,16,0,14.200000000000001,131.0,98200.0,2026-07-16,2026-07-16,982.0
20260716,000000,72W,37,2026,7,16,0,14.700000000000001,130.2,98000.0,2026-07-16,2026-07-16,980.0
20260716,000000,72W,37,2026,7,16,0,15.0,129.6,97500.0,2026-07-16,2026-07-16,975.0
20260716,000000,72W,37,2026,7,16,0,15.0,129.0,96800.0,2026-07-16,2026-07-16,968.0
20260716,000000,72W,37,2026,7,16,0,15.6,128.2,96600.0,2026-07-16,2026-07-16,966.0
20260716,000000,72W,38,2026,7,16,0,7.1000000000000005,154.6,100700.0,2026-07-16,2026-07-16,1007.0
20260716,000000,72W,38,2026,7,16,0,8.3,153.0,100800.0,2026-07-16,2026-07-16,1008.0
20260716,000000,72W,39,2026,7,16,0,29.400000000000002,170.1,101000.0,2026-07-16,2026-07-16,1010.0
20260716,000000,72W,39,2026,7,16,0,29.400000000000002,170.70000000000002,100800.0,2026-07-16,2026-07-16,1008.0
20260716,000000,72W,39,2026,7,16,0,29.1,170.70000000000002,100900.0,2026-07-16,2026-07-16,1009.0
20260716,000000,72W,39,2026,7,16,0,29.1,170.70000000000002,100900.0,2026-07-16,2026-07-16,1009.0
20260716,000000,72W,39,2026,7,16,0,28.8,171.20000000000002,101000.0,2026-07-16,2026-07-16,1010.0
20260716,000000,72W,39,2026,7,16,0,28.3,172.1,100900.0,2026-07-16,2026-07-16,1009.0
20260716,000000,72W,39,2026,7,16,0,28.0,172.4,101000.0,2026-07-16,2026-07-16,1010.0
20260716,000000,72W,39,2026,7,16,0,28.0,172.1,100900.0,2026-07-16,2026-07-16,1009.0
20260716,000000,72W,39,2026,7,16,0,27.400000000000002,172.4,101100.0,2026-07-16,2026-07-16,1011.0
20260716,000000,72W,40,2026,7,16,0,15.6,128.5,100600.0,2026-07-16,2026-07-16,1006.0
20260716,000000,72W,40,2026,7,16,0,15.0,126.5,100600.0,2026-07-16,2026-07-16,1006.0
20260716,000000,72W,40,2026,7,16,0,13.3,126.2,100500.0,2026-07-16,2026-07-16,1005.0
20260716,000000,72W,40,2026,7,16,0,14.5,124.8,100500.0,2026-07-16,2026-07-16,1005.0
20260716,000000,72W,40,2026,7,16,0,13.9,124.8,100400.0,2026-07-16,2026-07-16,1004.0
20260716,000000,72W,40,2026,7,16,0,14.200000000000001,124.0,100400.0,2026-07-16,2026-07-16,1004.0
20260716,000000,72W,40,2026,7,16,0,13.3,120.0,100400.0,2026-07-16,2026-07-16,1004.0
20260716,000000,72W,40,2026,7,16,0,13.0,116.4,100400.0,2026-07-16,2026-07-16,1004.0
20260716,000000,72W,41,2026,7,16,0,36.7,122.3,100400.0,2026-07-16,2026-07-16,1004.0
20260716,000000,72W,41,2026,7,16,0,38.4,124.8,100200.0,2026-07-16,2026-07-16,1002.0
20260716,000000,72W,41,2026,7,16,0,40.4,129.6,100300.0,2026-07-16,2026-07-16,1003.0
20260716,000000,72W,41,2026,7,16,0,41.800000000000004,131.3,100200.0,2026-07-16,2026-07-16,1002.0
20260716,000000,72W,41,2026,7,16,0,44.300000000000004,137.20000000000002,99600.0,2026-07-16,2026-07-16,996.0
20260716,000000,72W,42,2026,7,16,0,13.3,142.8,100600.0,2026-07-16,2026-07-16,1006.0
20260716,000000,72W,42,2026,7,16,0,14.200000000000001,142.3,100400.0,2026-07-16,2026-07-16,1004.0
20260716,000000,72W,42,2026,7,16,0,12.200000000000001,141.20000000000002,100500.0,2026-07-16,2026-07-16,1005.0
20260716,000000,72W,42,2026,7,16,0,12.200000000000001,141.0,100300.0,2026-07-16,2026-07-16,1003.0
20260716,000000,72W,42,2026,7,16,0,13.0,141.1,100300.0,2026-07-16,2026-07-16,1003.0
20260716,000000,72W,42,2026,7,16,0,13.9,138.3,100100.0,2026-07-16,2026-07-16,1001.0
20260716,000000,72W,42,2026,7,16,0,15.0,136.1,99900.0,2026-07-16,2026-07-16,999.0
20260716,000000,72W,42,2026,7,16,0,14.700000000000001,135.2,99900.0,2026-07-16,2026-07-16,999.0
20260716,000000,72W,42,2026,7,16,0,15.3,135.5,99600.0,2026-07-16,2026-07-16,996.0
20260716,000000,72W,42,2026,7,16,0,16.1,132.7,99900.0,2026-07-16,2026-07-16,999.0
20260716,000000,72W,42,2026,7,16,0,15.3,131.3,99200.0,2026-07-16,2026-07-16,992.0
20260716,000000,72W,42,2026,7,16,0,16.1,130.7,99300.0,2026-07-16,2026-07-16,993.0
20260716,000000,72W,42,2026,7,16,0,16.4,129.6,98900.0,2026-07-16,2026-07-16,989.0
20260716,000000,72W,42,2026,7,16,0,16.1,127.9,98900.0,2026-07-16,2026-07-16,989.0
20260716,000000,72W,42,2026,7,16,0,16.4,127.60000000000001,98300.0,2026-07-16,2026-07-16,983.0
20260716,000000,72W,42,2026,7,16,0,16.4,127.10000000000001,98100.0,2026-07-16,2026-07-16,981.0
20260716,000000,72W,42,2026,7,16,0,17.3,126.2,97600.0,2026-07-16,2026-07-16,976.0
20260716,000000,72W,42,2026,7,16,0,17.6,125.7,97600.0,2026-07-16,2026-07-16,976.0
20260716,000000,72W,42,2026,7,16,0,18.400000000000002,124.5,97200.0,2026-07-16,2026-07-16,972.0
20260716,000000,72W,42,2026,7,16,0,19.0,123.4,96800.0,2026-07-16,2026-07-16,968.0
20260716,000000,72W,42,2026,7,16,0,19.5,122.3,96400.0,2026-07-16,2026-07-16,964.0
20260716,000000,72W,42,2026,7,16,0,19.8,121.5,96800.0,2026-07-16,2026-07-16,968.0
20260716,000000,72W,42,2026,7,16,0,19.8,120.60000000000001,96500.0,2026-07-16,2026-07-16,965.0
20260716,000000,72W,42,2026,7,16,0,20.1,119.5,96600.0,2026-07-16,2026-07-16,966.0
20260716,000000,72W,42,2026,7,16,0,20.900000000000002,118.60000000000001,96700.0,2026-07-16,2026-07-16,967.0
20260716,000000,72W,42,2026,7,16,0,20.900000000000002,117.8,96200.0,2026-07-16,2026-07-16,962.0
20260716,000000,72W,42,2026,7,16,0,21.2,116.4,96600.0,2026-07-16,2026-07-16,966.0
20260716,000000,72W,42,2026,7,16,0,21.2,115.3,96600.0,2026-07-16,2026-07-16,966.0
20260716,000000,72W,43,2026,7,16,0,8.5,167.6,100700.0,2026-07-16,2026-07-16,1007.0
20260716,000000,72W,43,2026,7,16,0,9.4,167.0,100600.0,2026-07-16,2026-07-16,1006.0
20260716,000000,72W,43,2026,7,16,0,9.4,167.6,100800.0,2026-07-16,2026-07-16,1008.0
20260716,000000,72W,43,2026,7,16,0,9.700000000000001,168.1,100600.0,2026-07-16,2026-07-16,1006.0
20260716,000000,72W,43,2026,7,16,0,9.700000000000001,165.3,100600.0,2026-07-16,2026-07-16,1006.0
20260716,000000,72W,43,2026,7,16,0,10.200000000000001,165.3,100600.0,2026-07-16,2026-07-16,1006.0
20260716,000000,72W,43,2026,7,16,0,11.9,166.20000000000002,100700.0,2026-07-16,2026-07-16,1007.0
20260716,000000,72W,43,2026,7,16,0,10.8,166.5,100500.0,2026-07-16,2026-07-16,1005.0
20260716,000000,72W,44,2026,7,16,0,14.5,158.0,100300.0,2026-07-16,2026-07-16,1003.0
20260716,000000,72W,44,2026,7,16,0,13.0,157.5,100500.0,2026-07-16,2026-07-16,1005.0
20260716,000000,72W,44,2026,7,16,0,13.9,155.8,100400.0,2026-07-16,2026-07-16,1004.0
20260716,000000,72W,44,2026,7,16,0,14.5,154.6,100200.0,2026-07-16,2026-07-16,1002.0
20260716,000000,72W,44,2026,7,16,0,16.1,155.20000000000002,99800.0,2026-07-16,2026-07-16,998.0
20260716,000000,72W,44,2026,7,16,0,17.0,153.20000000000002,99800.0,2026-07-16,2026-07-16,998.0
20260716,000000,72W,44,2026,7,16,0,17.8,153.0,99200.0,2026-07-16,2026-07-16,992.0
20260716,000000,72W,44,2026,7,16,0,19.2,153.5,99200.0,2026-07-16,2026-07-16,992.0
20260716,000000,72W,44,2026,7,16,0,20.7,152.70000000000002,98800.0,2026-07-16,2026-07-16,988.0
20260716,000000,72W,44,2026,7,16,0,22.1,152.70000000000002,98800.0,2026-07-16,2026-07-16,988.0
20260716,000000,72W,44,2026,7,16,0,22.900000000000002,152.1,98300.0,2026-07-16,2026-07-16,983.0
20260716,000000,72W,44,2026,7,16,0,24.0,152.4,98300.0,2026-07-16,2026-07-16,983.0
20260716,000000,72W,44,2026,7,16,0,25.900000000000002,153.0,97800.0,2026-07-16,2026-07-16,978.0
20260716,000000,72W,44,2026,7,16,0,26.900000000000002,152.70000000000002,97300.0,2026-07-16,2026-07-16,973.0
20260716,000000,72W,44,2026,7,16,0,28.3,153.0,97000.0,2026-07-16,2026-07-16,970.0
20260716,000000,72W,44,2026,7,16,0,29.1,152.4,96700.0,2026-07-16,2026-07-16,967.0
20260716,000000,72W,45,2026,7,16,0,37.0,125.4,100400.0,2026-07-16,2026-07-16,1004.0
20260716,000000,72W,45,2026,7,16,0,37.6,125.10000000000001,100300.0,2026-07-16,2026-07-16,1003.0
20260716,000000,72W,45,2026,7,16,0,37.800000000000004,126.0,100300.0,2026-07-16,2026-07-16,1003.0
20260716,000000,72W,45,2026,7,16,0,38.1,129.6,100300.0,2026-07-16,2026-07-16,1003.0
20260716,000000,72W,45,2026,7,16,0,39.800000000000004,131.3,100200.0,2026-07-16,2026-07-16,1002.0
20260716,000000,72W,45,2026,7,16,0,40.9,132.7,100100.0,2026-07-16,2026-07-16,1001.0
20260716,000000,72W,45,2026,7,16,0,41.5,133.5,100100.0,2026-07-16,2026-07-16,1001.0
20260716,000000,72W,45,2026,7,16,0,42.6,136.4,100100.0,2026-07-16,2026-07-16,1001.0
20260716,000000,72W,45,2026,7,16,0,43.0,138.6,100100.0,2026-07-16,2026-07-16,1001.0
20260716,000000,72W,45,2026,7,16,0,42.300000000000004,140.3,100100.0,2026-07-16,2026-07-16,1001.0
20260716,000000,72W,45,2026,7,16,0,42.9,144.0,100300.0,2026-07-16,2026-07-16,1003.0
20260716,000000,72W,46,2026,7,16,0,13.9,136.6,100700.0,2026-07-16,2026-07-16,1007.0
20260716,000000,72W,46,2026,7,16,0,11.6,136.4,100700.0,2026-07-16,2026-07-16,1007.0
20260716,000000,72W,46,2026,7,16,0,13.3,136.9,100800.0,2026-07-16,2026-07-16,1008.0
20260716,000000,72W,46,2026,7,16,0,12.200000000000001,134.7,100700.0,2026-07-16,2026-07-16,1007.0
20260716,000000,72W,46,2026,7,16,0,14.5,134.4,100900.0,2026-07-16,2026-07-16,1009.0
20260716,000000,72W,46,2026,7,16,0,14.4,134.2,100800.0,2026-07-16,2026-07-16,1008.0
20260716,000000,72W,46,2026,7,16,0,16.4,132.7,100600.0,2026-07-16,2026-07-16,1006.0
20260716,000000,72W,46,2026,7,16,0,14.700000000000001,131.0,100600.0,2026-07-16,2026-07-16,1006.0
20260716,000000,72W,46,2026,7,16,0,14.5,129.3,100700.0,2026-07-16,2026-07-16,1007.0
20260716,000000,72W,46,2026,7,16,0,16.1,127.10000000000001,100500.0,2026-07-16,2026-07-16,1005.0
20260716,000000,72W,46,2026,7,16,0,15.9,126.5,100400.0,2026-07-16,2026-07-16,1004.0
20260716,000000,72W,46,2026,7,16,0,16.7,126.2,100400.0,2026-07-16,2026-07-16,1004.0
20260716,000000,72W,46,2026,7,16,0,17.6,125.4,100200.0,2026-07-16,2026-07-16,1002.0
20260716,000000,72W,46,2026,7,16,0,17.8,124.0,100300.0,2026-07-16,2026-07-16,1003.0
20260716,000000,72W,46,2026,7,16,0,18.1,123.10000000000001,100200.0,2026-07-16,2026-07-16,1002.0
20260716,000000,72W,46,2026,7,16,0,18.7,121.5,100200.0,2026-07-16,2026-07-16,1002.0
20260716,000000,72W,46,2026,7,16,0,18.400000000000002,120.0,100100.0,2026-07-16,2026-07-16,1001.0
20260716,000000,72W,46,2026,7,16,0,18.7,117.2,100100.0,2026-07-16,2026-07-16,1001.0
20260716,000000,72W,46,2026,7,16,0,18.400000000000002,116.7,100000.0,2026-07-16,2026-07-16,1000.0
20260716,000000,72W,46,2026,7,16,0,18.400000000000002,115.3,99700.0,2026-07-16,2026-07-16,997.0
20260716,000000,72W,46,2026,7,16,0,18.400000000000002,114.10000000000001,99800.0,2026-07-16,2026-07-16,998.0
20260716,000000,72W,46,2026,7,16,0,18.7,112.7,100000.0,2026-07-16,2026-07-16,1000.0
20260716,000000,72W,46,2026,7,16,0,18.1,111.60000000000001,99900.0,2026-07-16,2026-07-16,999.0
20260716,000000,72W,46,2026,7,16,0,17.8,111.0,99500.0,2026-07-16,2026-07-16,995.0
20260716,000000,72W,46,2026,7,16,0,18.1,110.2,99400.0,2026-07-16,2026-07-16,994.0
20260716,000000,72W,46,2026,7,16,0,18.1,109.60000000000001,99300.0,2026-07-16,2026-07-16,993.0
20260716,000000,72W,46,2026,7,16,0,18.7,108.5,99000.0,2026-07-16,2026-07-16,990.0
20260716,000000,72W,46,2026,7,16,0,19.0,107.7,99100.0,2026-07-16,2026-07-16,991.0
20260716,000000,72W,46,2026,7,16,0,19.2,107.10000000000001,98900.0,2026-07-16,2026-07-16,989.0
20260716,000000,72W,46,2026,7,16,0,19.5,106.3,98700.0,2026-07-16,2026-07-16,987.0
20260716,000000,72W,46,2026,7,16,0,19.5,105.4,99300.0,2026-07-16,2026-07-16,993.0
20260716,000000,72W,46,2026,7,16,0,19.5,105.10000000000001,99800.0,2026-07-16,2026-07-16,998.0
20260716,000000,72W,46,2026,7,16,0,19.8,105.4,100200.0,2026-07-16,2026-07-16,1002.0
20260716,000000,72W,46,2026,7,16,0,19.8,105.4,100400.0,2026-07-16,2026-07-16,1004.0
20260716,000000,72W,46,2026,7,16,0,19.8,105.7,100600.0,2026-07-16,2026-07-16,1006.0
20260716,000000,72W,46,2026,7,16,0,18.7,105.4,100600.0,2026-07-16,2026-07-16,1006.0
20260716,000000,72W,46,2026,7,16,0,18.400000000000002,106.0,100600.0,2026-07-16,2026-07-16,1006.0
20260716,000000,72W,47,2026,7,16,0,2.3000000000000003,169.8,100600.0,2026-07-16,2026-07-16,1006.0
20260716,000000,72W,47,2026,7,16,0,4.9,167.0,100600.0,2026-07-16,2026-07-16,1006.0
20260716,000000,72W,47,2026,7,16,0,4.6000000000000005,166.70000000000002,100700.0,2026-07-16,2026-07-16,1007.0
20260716,000000,72W,47,2026,7,16,0,4.0,164.8,100700.0,2026-07-16,2026-07-16,1007.0
20260716,000000,72W,48,2026,7,16,0,7.4,174.9,100600.0,2026-07-16,2026-07-16,1006.0
20260716,000000,72W,48,2026,7,16,0,6.0,174.9,100500.0,2026-07-16,2026-07-16,1005.0
20260716,000000,72W,48,2026,7,16,0,8.5,175.5,100400.0,2026-07-16,2026-07-16,1004.0
20260716,000000,72W,48,2026,7,16,0,10.200000000000001,175.70000000000002,100500.0,2026-07-16,2026-07-16,1005.0
20260716,000000,72W,48,2026,7,16,0,8.5,174.6,100500.0,2026-07-16,2026-07-16,1005.0
20260716,000000,72W,48,2026,7,16,0,9.4,173.5,100600.0,2026-07-16,2026-07-16,1006.0
20260716,000000,72W,48,2026,7,16,0,10.0,173.8,100500.0,2026-07-16,2026-07-16,1005.0
20260716,000000,72W,48,2026,7,16,0,10.8,171.5,100400.0,2026-07-16,2026-07-16,1004.0
20260716,000000,72W,48,2026,7,16,0,11.4,169.3,100400.0,2026-07-16,2026-07-16,1004.0
20260716,000000,72W,48,2026,7,16,0,12.5,167.3,100300.0,2026-07-16,2026-07-16,1003.0
20260716,000000,72W,48,2026,7,16,0,12.5,166.5,100400.0,2026-07-16,2026-07-16,1004.0
20260716,000000,72W,48,2026,7,16,0,14.200000000000001,163.9,100200.0,2026-07-16,2026-07-16,1002.0
20260716,000000,72W,48,2026,7,16,0,14.700000000000001,162.5,100000.0,2026-07-16,2026-07-16,1000.0
20260716,000000,72W,48,2026,7,16,0,15.3,161.1,99700.0,2026-07-16,2026-07-16,997.0
20260716,000000,72W,48,2026,7,16,0,16.4,160.0,99700.0,2026-07-16,2026-07-16,997.0
20260716,000000,72W,48,2026,7,16,0,18.1,158.6,99200.0,2026-07-16,2026-07-16,992.0
20260716,000000,72W,48,2026,7,16,0,18.400000000000002,157.5,99000.0,2026-07-16,2026-07-16,990.0
20260716,000000,72W,48,2026,7,16,0,19.2,157.70000000000002,98500.0,2026-07-16,2026-07-16,985.0
20260716,000000,72W,48,2026,7,16,0,20.1,157.5,98300.0,2026-07-16,2026-07-16,983.0
20260716,000000,72W,48,2026,7,16,0,21.2,156.6,98000.0,2026-07-16,2026-07-16,980.0
20260716,000000,72W,48,2026,7,16,0,22.1,156.6,97900.0,2026-07-16,2026-07-16,979.0
20260716,000000,72W,49,2026,7,16,0,1.5,164.5,100900.0,2026-07-16,2026-07-16,1009.0
20260716,000000,72W,49,2026,7,16,0,-0.1,166.20000000000002,101000.0,2026-07-16,2026-07-16,1010.0
20260716,000000,72W,50,2026,7,16,0,33.6,116.7,99800.0,2026-07-16,2026-07-16,998.0
20260716,000000,72W,50,2026,7,16,0,33.9,118.9,99800.0,2026-07-16,2026-07-16,998.0
20260716,000000,72W,50,2026,7,16,0,35.0,120.3,99700.0,2026-07-16,2026-07-16,997.0
20260716,000000,72W,50,2026,7,16,0,35.9,124.3,99900.0,2026-07-16,2026-07-16,999.0
20260716,000000,72W,50,2026,7,16,0,39.5,129.3,100200.0,2026-07-16,2026-07-16,1002.0
20260716,000000,72W,51,2026,7,16,0,37.0,126.0,99700.0,2026-07-16,2026-07-16,997.0
20260716,000000,72W,51,2026,7,16,0,37.0,126.0,99800.0,2026-07-16,2026-07-16,998.0
20260716,000000,72W,52,2026,7,16,0,11.6,136.9,100900.0,2026-07-16,2026-07-16,1009.0
20260716,000000,72W,52,2026,7,16,0,12.200000000000001,134.8,100800.0,2026-07-16,2026-07-16,1008.0
20260716,000000,72W,52,2026,7,16,0,12.200000000000001,133.8,100900.0,2026-07-16,2026-07-16,1009.0
20260716,000000,72W,52,2026,7,16,0,13.0,132.1,100800.0,2026-07-16,2026-07-16,1008.0
20260716,000000,72W,52,2026,7,16,0,13.3,131.6,100900.0,2026-07-16,2026-07-16,1009.0
20260716,000000,72W,52,2026,7,16,0,13.9,129.9,100800.0,2026-07-16,2026-07-16,1008.0
20260716,000000,72W,52,2026,7,16,0,14.200000000000001,128.8,100900.0,2026-07-16,2026-07-16,1009.0
20260716,000000,72W,52,2026,7,16,0,14.700000000000001,127.9,100700.0,2026-07-16,2026-07-16,1007.0
20260716,000000,72W,52,2026,7,16,0,15.0,127.4,100800.0,2026-07-16,2026-07-16,1008.0
20260716,000000,72W,52,2026,7,16,0,15.6,126.5,100700.0,2026-07-16,2026-07-16,1007.0
20260716,000000,72W,52,2026,7,16,0,16.1,126.0,100800.0,2026-07-16,2026-07-16,1008.0
20260716,000000,72W,52,2026,7,16,0,16.7,125.7,100700.0,2026-07-16,2026-07-16,1007.0
20260716,000000,72W,52,2026,7,16,0,17.6,125.10000000000001,100800.0,2026-07-16,2026-07-16,1008.0
20260716,000000,72W,52,2026,7,16,0,18.1,125.10000000000001,100600.0,2026-07-16,2026-07-16,1006.0
20260716,000000,72W,52,2026,7,16,0,19.0,125.10000000000001,100600.0,2026-07-16,2026-07-16,1006.0
20260716,000000,73W,1,2026,7,16,0,15.0,140.3,100600.0,2026-07-16,2026-07-16,1006.0
20260716,000000,73W,1,2026,7,16,0,14.5,136.6,100400.0,2026-07-16,2026-07-16,1004.0
20260716,000000,73W,1,2026,7,16,0,14.5,136.1,100600.0,2026-07-16,2026-07-16,1006.0
20260716,000000,73W,1,2026,7,16,0,14.5,136.1,100500.0,2026-07-16,2026-07-16,1005.0
20260716,000000,73W,1,2026,7,16,0,14.5,135.0,100600.0,2026-07-16,2026-07-16,1006.0
20260716,000000,73W,1,2026,7,16,0,14.5,135.2,100400.0,2026-07-16,2026-07-16,1004.0
20260716,000000,73W,1,2026,7,16,0,15.3,135.0,100600.0,2026-07-16,2026-07-16,1006.0
20260716,000000,73W,1,2026,7,16,0,16.1,134.4,100400.0,2026-07-16,2026-07-16,1004.0
20260716,000000,73W,1,2026,7,16,0,15.9,133.0,100500.0,2026-07-16,2026-07-16,1005.0
20260716,000000,73W,1,2026,7,16,0,15.9,133.0,100400.0,2026-07-16,2026-07-16,1004.0
20260716,000000,73W,1,2026,7,16,0,16.4,131.3,100500.0,2026-07-16,2026-07-16,1005.0
20260716,000000,73W,1,2026,7,16,0,18.7,129.3,100500.0,2026-07-16,2026-07-16,1005.0
20260716,000000,73W,1,2026,7,16,0,19.5,125.10000000000001,100600.0,2026-07-16,2026-07-16,1006.0
20260716,000000,73W,1,2026,7,16,0,17.6,122.9,100500.0,2026-07-16,2026-07-16,1005.0
20260716,000000,73W,1,2026,7,16,0,18.1,124.0,100500.0,2026-07-16,2026-07-16,1005.0
20260716,000000,73W,1,2026,7,16,0,17.0,124.0,100600.0,2026-07-16,2026-07-16,1006.0
20260716,000000,73W,2,2026,7,16,0,12.8,178.3,100600.0,2026-07-16,2026-07-16,1006.0
20260716,000000,73W,2,2026,7,16,0,10.200000000000001,178.8,100600.0,2026-07-16,2026-07-16,1006.0
20260716,000000,73W,2,2026,7,16,0,10.0,178.8,100500.0,2026-07-16,2026-07-16,1005.0
20260716,000000,73W,3,2026,7,16,0,34.7,139.9,101000.0,2026-07-16,2026-07-16,1010.0
20260716,000000,73W,3,2026,7,16,0,35.0,140.9,101000.0,2026-07-16,2026-07-16,1010.0
20260716,000000,73W,3,2026,7,16,0,35.0,142.3,101000.0,2026-07-16,2026-07-16,1010.0
20260716,000000,73W,3,2026,7,16,0,35.300000000000004,143.4,100900.0,2026-07-16,2026-07-16,1009.0
20260716,000000,73W,3,2026,7,16,0,35.300000000000004,144.0,100800.0,2026-07-16,2026-07-16,1008.0
20260716,000000,73W,3,2026,7,16,0,36.1,145.1,100900.0,2026-07-16,2026-07-16,1009.0
20260716,000000,73W,3,2026,7,16,0,36.7,145.6,100800.0,2026-07-16,2026-07-16,1008.0
20260716,000000,73W,4,2026,7,16,0,15.0,124.8,100200.0,2026-07-16,2026-07-16,1002.0
20260716,000000,73W,4,2026,7,16,0,15.0,124.5,100300.0,2026-07-16,2026-07-16,1003.0
20260716,000000,73W,4,2026,7,16,0,15.6,123.7,99900.0,2026-07-16,2026-07-16,999.0
20260716,000000,73W,4,2026,7,16,0,16.4,122.3,99900.0,2026-07-16,2026-07-16,999.0
20260716,000000,73W,4,2026,7,16,0,17.6,120.9,99600.0,2026-07-16,2026-07-16,996.0
20260716,000000,73W,4,2026,7,16,0,17.5,119.8,99600.0,2026-07-16,2026-07-16,996.0
20260716,000000,73W,4,2026,7,16,0,17.8,119.2,99100.0,2026-07-16,2026-07-16,991.0
20260716,000000,73W,4,2026,7,16,0,18.400000000000002,117.8,98800.0,2026-07-16,2026-07-16,988.0
20260716,000000,73W,4,2026,7,16,0,19.0,116.7,98500.0,2026-07-16,2026-07-16,985.0
20260716,000000,73W,4,2026,7,16,0,19.8,115.3,97900.0,2026-07-16,2026-07-16,979.0
20260716,000000,73W,4,2026,7,16,0,20.7,113.9,97600.0,2026-07-16,2026-07-16,976.0
20260716,000000,73W,4,2026,7,16,0,21.2,112.5,97700.0,2026-07-16,2026-07-16,977.0
20260716,000000,73W,4,2026,7,16,0,21.8,111.0,98500.0,2026-07-16,2026-07-16,985.0
20260716,000000,73W,4,2026,7,16,0,22.3,109.60000000000001,99300.0,2026-07-16,2026-07-16,993.0
20260716,000000,73W,4,2026,7,16,0,23.2,108.2,99600.0,2026-07-16,2026-07-16,996.0
20260716,000000,73W,4,2026,7,16,0,23.5,107.4,100000.0,2026-07-16,2026-07-16,1000.0
20260716,000000,73W,4,2026,7,16,0,24.0,106.5,100300.0,2026-07-16,2026-07-16,1003.0
20260716,000000,73W,4,2026,7,16,0,24.0,106.3,100500.0,2026-07-16,2026-07-16,1005.0
20260716,000000,73W,4,2026,7,16,0,23.8,106.8,100600.0,2026-07-16,2026-07-16,1006.0
20260716,000000,73W,5,2026,7,16,0,9.1,146.5,100700.0,2026-07-16,2026-07-16,1007.0
20260716,000000,73W,5,2026,7,16,0,9.1,147.0,100800.0,2026-07-16,2026-07-16,1008.0
20260716,000000,73W,6,2026,7,16,0,10.200000000000001,158.9,100600.0,2026-07-16,2026-07-16,1006.0
20260716,000000,73W,6,2026,7,16,0,11.6,159.70000000000002,100500.0,2026-07-16,2026-07-16,1005.0
20260716,000000,73W,6,2026,7,16,0,12.5,158.9,100800.0,2026-07-16,2026-07-16,1008.0
20260716,000000,73W,6,2026,7,16,0,12.8,157.70000000000002,100400.0,2026-07-16,2026-07-16,1004.0
20260716,000000,73W,6,2026,7,16,0,13.6,156.9,100500.0,2026-07-16,2026-07-16,1005.0
20260716,000000,73W,6,2026,7,16,0,13.9,155.5,100100.0,2026-07-16,2026-07-16,1001.0
20260716,000000,73W,6,2026,7,16,0,14.5,154.6,100200.0,2026-07-16,2026-07-16,1002.0
20260716,000000,73W,6,2026,7,16,0,15.0,152.70000000000002,99800.0,2026-07-16,2026-07-16,998.0
20260716,000000,73W,6,2026,7,16,0,15.0,150.4,99900.0,2026-07-16,2026-07-16,999.0
20260716,000000,73W,7,2026,7,16,0,16.7,149.0,100400.0,2026-07-16,2026-07-16,1004.0
20260716,000000,73W,7,2026,7,16,0,17.3,144.8,100100.0,2026-07-16,2026-07-16,1001.0
20260716,000000,73W,7,2026,7,16,0,18.1,143.70000000000002,100200.0,2026-07-16,2026-07-16,1002.0
20260716,000000,73W,7,2026,7,16,0,18.7,142.5,100000.0,2026-07-16,2026-07-16,1000.0
20260716,000000,73W,7,2026,7,16,0,18.400000000000002,142.5,100100.0,2026-07-16,2026-07-16,1001.0
20260716,000000,73W,7,2026,7,16,0,18.7,141.1,99900.0,2026-07-16,2026-07-16,999.0
20260716,000000,73W,7,2026,7,16,0,19.5,141.4,99900.0,2026-07-16,2026-07-16,999.0
20260716,000000,73W,7,2026,7,16,0,19.0,140.0,99700.0,2026-07-16,2026-07-16,997.0
20260716,000000,73W,7,2026,7,16,0,19.8,140.6,99800.0,2026-07-16,2026-07-16,998.0
20260716,000000,73W,8,2026,7,16,0,13.3,126.5,100700.0,2026-07-16,2026-07-16,1007.0
20260716,000000,73W,8,2026,7,16,0,13.6,125.7,100800.0,2026-07-16,2026-07-16,1008.0
20260716,000000,73W,8,2026,7,16,0,13.3,125.4,100600.0,2026-07-16,2026-07-16,1006.0
20260716,000000,73W,8,2026,7,16,0,14.200000000000001,124.8,100600.0,2026-07-16,2026-07-16,1006.0
20260716,000000,73W,9,2026,7,16,0,24.3,163.1,100500.0,2026-07-16,2026-07-16,1005.0
20260716,000000,73W,9,2026,7,16,0,24.900000000000002,161.70000000000002,100500.0,2026-07-16,2026-07-16,1005.0
20260716,000000,73W,9,2026,7,16,0,25.2,161.1,100300.0,2026-07-16,2026-07-16,1003.0
20260716,000000,73W,9,2026,7,16,0,26.0,160.5,100200.0,2026-07-16,2026-07-16,1002.0
20260716,000000,73W,9,2026,7,16,0,26.6,159.70000000000002,100000.0,2026-07-16,2026-07-16,1000.0
20260716,000000,73W,9,2026,7,16,0,27.2,158.6,100000.0,2026-07-16,2026-07-16,1000.0
20260716,000000,73W,9,2026,7,16,0,27.7,158.0,99800.0,2026-07-16,2026-07-16,998.0
20260716,000000,73W,9,2026,7,16,0,28.3,157.6,99700.0,2026-07-16,2026-07-16,997.0
20260716,000000,73W,9,2026,7,16,0,29.1,157.5,99500.0,2026-07-16,2026-07-16,995.0
20260716,000000,73W,9,2026,7,16,0,30.0,157.20000000000002,99300.0,2026-07-16,2026-07-16,993.0
20260716,000000,73W,9,2026,7,16,0,30.2,156.9,98700.0,2026-07-16,2026-07-16,987.0
20260716,000000,73W,9,2026,7,16,0,30.5,156.6,98700.0,2026-07-16,2026-07-16,987.0
20260716,000000,73W,9,2026,7,16,0,31.1,156.6,98500.0,2026-07-16,2026-07-16,985.0
20260716,000000,73W,9,2026,7,16,0,31.1,156.6,98700.0,2026-07-16,2026-07-16,987.0
20260716,000000,73W,9,2026,7,16,0,31.900000000000002,156.6,98600.0,2026-07-16,2026-07-16,986.0
20260716,000000,73W,9,2026,7,16,0,32.8,156.3,98900.0,2026-07-16,2026-07-16,989.0
20260716,000000,73W,9,2026,7,16,0,33.3,155.8,99000.0,2026-07-16,2026-07-16,990.0
20260716,000000,73W,9,2026,7,16,0,33.9,156.0,99000.0,2026-07-16,2026-07-16,990.0
20260716,000000,73W,9,2026,7,16,0,34.7,155.8,98800.0,2026-07-16,2026-07-16,988.0
20260716,000000,73W,9,2026,7,16,0,35.6,155.8,99100.0,2026-07-16,2026-07-16,991.0
20260716,000000,73W,9,2026,7,16,0,36.1,155.8,99000.0,2026-07-16,2026-07-16,990.0
20260716,000000,73W,9,2026,7,16,0,36.4,155.4,99100.0,2026-07-16,2026-07-16,991.0
20260716,000000,73W,10,2026,7,16,0,11.6,135.0,100700.0,2026-07-16,2026-07-16,1007.0
20260716,000000,73W,10,2026,7,16,0,12.8,134.7,100800.0,2026-07-16,2026-07-16,1008.0
20260716,000000,73W,10,2026,7,16,0,12.200000000000001,132.1,100600.0,2026-07-16,2026-07-16,1006.0
20260716,000000,73W,10,2026,7,16,0,12.200000000000001,132.4,100700.0,2026-07-16,2026-07-16,1007.0
20260716,000000,73W,10,2026,7,16,0,12.8,133.0,100600.0,2026-07-16,2026-07-16,1006.0
20260716,000000,73W,10,2026,7,16,0,13.9,130.5,100800.0,2026-07-16,2026-07-16,1008.0
20260716,000000,73W,10,2026,7,16,0,13.9,129.3,100600.0,2026-07-16,2026-07-16,1006.0
20260716,000000,73W,10,2026,7,16,0,14.200000000000001,129.5,100700.0,2026-07-16,2026-07-16,1007.0
20260716,000000,73W,10,2026,7,16,0,13.9,129.6,100600.0,2026-07-16,2026-07-16,1006.0
20260716,000000,73W,10,2026,7,16,0,14.700000000000001,129.3,100700.0,2026-07-16,2026-07-16,1007.0
20260716,000000,73W,10,2026,7,16,0,15.0,125.7,100400.0,2026-07-16,2026-07-16,1004.0
20260716,000000,73W,10,2026,7,16,0,15.3,126.5,100500.0,2026-07-16,2026-07-16,1005.0
20260716,000000,73W,10,2026,7,16,0,15.0,125.7,100200.0,2026-07-16,2026-07-16,1002.0
20260716,000000,73W,10,2026,7,16,0,15.6,125.0,100300.0,2026-07-16,2026-07-16,1003.0
20260716,000000,73W,10,2026,7,16,0,15.3,124.60000000000001,100100.0,2026-07-16,2026-07-16,1001.0
20260716,000000,73W,10,2026,7,16,0,15.8,122.9,100000.0,2026-07-16,2026-07-16,1000.0
20260716,000000,73W,10,2026,7,16,0,16.1,122.60000000000001,99800.0,2026-07-16,2026-07-16,998.0
20260716,000000,73W,10,2026,7,16,0,17.3,119.8,99800.0,2026-07-16,2026-07-16,998.0
20260716,000000,73W,10,2026,7,16,0,15.9,117.8,99700.0,2026-07-16,2026-07-16,997.0
20260716,000000,73W,10,2026,7,16,0,14.700000000000001,117.0,99500.0,2026-07-16,2026-07-16,995.0
20260716,000000,73W,10,2026,7,16,0,14.5,117.8,98900.0,2026-07-16,2026-07-16,989.0
20260716,000000,73W,10,2026,7,16,0,15.0,117.0,98800.0,2026-07-16,2026-07-16,988.0
20260716,000000,73W,10,2026,7,16,0,15.3,116.4,98300.0,2026-07-16,2026-07-16,983.0
20260716,000000,73W,10,2026,7,16,0,15.9,115.8,98400.0,2026-07-16,2026-07-16,984.0
20260716,000000,73W,10,2026,7,16,0,16.4,115.3,98100.0,2026-07-16,2026-07-16,981.0
20260716,000000,73W,10,2026,7,16,0,17.0,114.4,97700.0,2026-07-16,2026-07-16,977.0
20260716,000000,73W,10,2026,7,16,0,17.8,113.9,97500.0,2026-07-16,2026-07-16,975.0
20260716,000000,73W,10,2026,7,16,0,18.400000000000002,112.7,97800.0,2026-07-16,2026-07-16,978.0
20260716,000000,73W,10,2026,7,16,0,19.2,111.9,97400.0,2026-07-16,2026-07-16,974.0
20260716,000000,73W,10,2026,7,16,0,19.2,110.5,97300.0,2026-07-16,2026-07-16,973.0
20260716,000000,73W,10,2026,7,16,0,19.5,109.4,97400.0,2026-07-16,2026-07-16,974.0
20260716,000000,73W,10,2026,7,16,0,19.5,108.2,97300.0,2026-07-16,2026-07-16,973.0
20260716,000000,73W,10,2026,7,16,0,19.5,107.10000000000001,96800.0,2026-07-16,2026-07-16,968.0
20260716,000000,73W,10,2026,7,16,0,19.8,106.0,97300.0,2026-07-16,2026-07-16,973.0
20260716,000000,73W,10,2026,7,16,0,19.2,104.3,99200.0,2026-07-16,2026-07-16,992.0
20260716,000000,73W,10,2026,7,16,0,18.1,102.60000000000001,99500.0,2026-07-16,2026-07-16,995.0
20260716,000000,73W,11,2026,7,16,0,9.4,155.8,100800.0,2026-07-16,2026-07-16,1008.0
20260716,000000,73W,11,2026,7,16,0,9.1,155.5,100600.0,2026-07-16,2026-07-16,1006.0
20260716,000000,73W,11,2026,7,16,0,9.4,156.9,100500.0,2026-07-16,2026-07-16,1005.0
20260716,000000,73W,11,2026,7,16,0,10.5,155.20000000000002,100500.0,2026-07-16,2026-07-16,1005.0
20260716,000000,73W,11,2026,7,16,0,11.4,153.20000000000002,100500.0,2026-07-16,2026-07-16,1005.0
20260716,000000,73W,11,2026,7,16,0,12.200000000000001,151.3,100300.0,2026-07-16,2026-07-16,1003.0
20260716,000000,73W,11,2026,7,16,0,13.0,151.0,100100.0,2026-07-16,2026-07-16,1001.0
20260716,000000,73W,11,2026,7,16,0,14.700000000000001,150.4,100300.0,2026-07-16,2026-07-16,1003.0
20260716,000000,73W,11,2026,7,16,0,16.1,147.0,100200.0,2026-07-16,2026-07-16,1002.0
20260716,000000,73W,11,2026,7,16,0,17.0,145.6,99900.0,2026-07-16,2026-07-16,999.0
20260716,000000,73W,11,2026,7,16,0,17.0,143.4,100000.0,2026-07-16,2026-07-16,1000.0
20260716,000000,73W,11,2026,7,16,0,17.8,143.1,99800.0,2026-07-16,2026-07-16,998.0
20260716,000000,73W,11,2026,7,16,0,17.0,142.5,99800.0,2026-07-16,2026-07-16,998.0
20260716,000000,73W,11,2026,7,16,0,17.8,142.3,99600.0,2026-07-16,2026-07-16,996.0
20260716,000000,73W,11,2026,7,16,0,19.2,141.1,99700.0,2026-07-16,2026-07-16,997.0
20260716,000000,73W,11,2026,7,16,0,19.8,141.4,99500.0,2026-07-16,2026-07-16,995.0
20260716,000000,73W,11,2026,7,16,0,21.5,139.5,99500.0,2026-07-16,2026-07-16,995.0
20260716,000000,73W,11,2026,7,16,0,21.5,138.9,99500.0,2026-07-16,2026-07-16,995.0
20260716,000000,73W,12,2026,7,16,0,17.3,119.5,100700.0,2026-07-16,2026-07-16,1007.0
20260716,000000,73W,12,2026,7,16,0,17.3,117.5,100600.0,2026-07-16,2026-07-16,1006.0
20260716,000000,73W,12,2026,7,16,0,17.3,115.5,100400.0,2026-07-16,2026-07-16,1004.0
20260716,000000,73W,12,2026,7,16,0,17.3,115.3,100400.0,2026-07-16,2026-07-16,1004.0
20260716,000000,73W,12,2026,7,16,0,17.8,114.4,100400.0,2026-07-16,2026-07-16,1004.0
20260716,000000,73W,12,2026,7,16,0,17.6,113.0,100300.0,2026-07-16,2026-07-16,1003.0
20260716,000000,73W,12,2026,7,16,0,17.8,113.0,100400.0,2026-07-16,2026-07-16,1004.0
20260716,000000,73W,12,2026,7,16,0,18.400000000000002,111.60000000000001,100200.0,2026-07-16,2026-07-16,1002.0
20260716,000000,73W,12,2026,7,16,0,19.2,110.8,100200.0,2026-07-16,2026-07-16,1002.0
20260716,000000,73W,12,2026,7,16,0,20.1,109.60000000000001,100200.0,2026-07-16,2026-07-16,1002.0
20260716,000000,73W,12,2026,7,16,0,20.7,108.5,100000.0,2026-07-16,2026-07-16,1000.0
20260716,000000,73W,12,2026,7,16,0,21.5,106.5,100400.0,2026-07-16,2026-07-16,1004.0
20260716,000000,73W,12,2026,7,16,0,22.1,105.10000000000001,100600.0,2026-07-16,2026-07-16,1006.0
20260716,000000,73W,13,2026,7,16,0,12.200000000000001,131.6,100800.0,2026-07-16,2026-07-16,1008.0
20260716,000000,73W,13,2026,7,16,0,12.5,128.2,100800.0,2026-07-16,2026-07-16,1008.0
20260716,000000,73W,13,2026,7,16,0,13.0,127.9,100700.0,2026-07-16,2026-07-16,1007.0
20260716,000000,73W,13,2026,7,16,0,12.5,127.4,100600.0,2026-07-16,2026-07-16,1006.0
20260716,000000,73W,13,2026,7,16,0,13.0,127.4,100800.0,2026-07-16,2026-07-16,1008.0
20260716,000000,73W,13,2026,7,16,0,12.5,127.4,100600.0,2026-07-16,2026-07-16,1006.0
20260716,000000,73W,13,2026,7,16,0,12.5,128.8,100700.0,2026-07-16,2026-07-16,1007.0
20260716,000000,73W,13,2026,7,16,0,12.200000000000001,129.0,100500.0,2026-07-16,2026-07-16,1005.0
20260716,000000,73W,13,2026,7,16,0,11.9,130.2,100500.0,2026-07-16,2026-07-16,1005.0
20260716,000000,73W,13,2026,7,16,0,13.3,130.7,100300.0,2026-07-16,2026-07-16,1003.0
20260716,000000,73W,13,2026,7,16,0,13.3,130.7,100400.0,2026-07-16,2026-07-16,1004.0
20260716,000000,73W,13,2026,7,16,0,14.200000000000001,131.0,100300.0,2026-07-16,2026-07-16,1003.0
20260716,000000,73W,13,2026,7,16,0,14.700000000000001,130.5,100500.0,2026-07-16,2026-07-16,1005.0
20260716,000000,73W,13,2026,7,16,0,15.9,129.6,100300.0,2026-07-16,2026-07-16,1003.0
20260716,000000,73W,13,2026,7,16,0,16.1,128.5,100400.0,2026-07-16,2026-07-16,1004.0
20260716,000000,73W,13,2026,7,16,0,17.0,128.5,100200.0,2026-07-16,2026-07-16,1002.0
20260716,000000,73W,13,2026,7,16,0,17.6,127.9,100300.0,2026-07-16,2026-07-16,1003.0
20260716,000000,73W,13,2026,7,16,0,17.8,127.9,100100.0,2026-07-16,2026-07-16,1001.0
20260716,000000,73W,13,2026,7,16,0,19.0,127.60000000000001,100200.0,2026-07-16,2026-07-16,1002.0
20260716,000000,73W,13,2026,7,16,0,19.2,127.60000000000001,99600.0,2026-07-16,2026-07-16,996.0
20260716,000000,73W,13,2026,7,16,0,19.5,126.8,99400.0,2026-07-16,2026-07-16,994.0
20260716,000000,73W,13,2026,7,16,0,19.5,126.0,99000.0,2026-07-16,2026-07-16,990.0
20260716,000000,73W,13,2026,7,16,0,19.8,126.0,99000.0,2026-07-16,2026-07-16,990.0
20260716,000000,73W,13,2026,7,16,0,20.1,126.0,98500.0,2026-07-16,2026-07-16,985.0
20260716,000000,73W,13,2026,7,16,0,20.1,125.7,98400.0,2026-07-16,2026-07-16,984.0
20260716,000000,73W,13,2026,7,16,0,20.400000000000002,126.2,98000.0,2026-07-16,2026-07-16,980.0
20260716,000000,73W,13,2026,7,16,0,20.7,126.8,97900.0,2026-07-16,2026-07-16,979.0
20260716,000000,73W,14,2026,7,16,0,37.7,129.5,100400.0,2026-07-16,2026-07-16,1004.0
20260716,000000,73W,14,2026,7,16,0,39.5,130.7,100400.0,2026-07-16,2026-07-16,1004.0
20260716,000000,73W,14,2026,7,16,0,40.4,132.7,100300.0,2026-07-16,2026-07-16,1003.0
20260716,000000,73W,14,2026,7,16,0,40.7,133.3,100400.0,2026-07-16,2026-07-16,1004.0
20260716,000000,73W,14,2026,7,16,0,40.7,134.1,100300.0,2026-07-16,2026-07-16,1003.0
20260716,000000,73W,14,2026,7,16,0,40.6,135.1,100400.0,2026-07-16,2026-07-16,1004.0
20260716,000000,73W,14,2026,7,16,0,40.6,136.0,100400.0,2026-07-16,2026-07-16,1004.0
20260716,000000,73W,14,2026,7,16,0,40.7,136.4,100500.0,2026-07-16,2026-07-16,1005.0
20260716,000000,73W,14,2026,7,16,0,40.5,138.20000000000002,100500.0,2026-07-16,2026-07-16,1005.0
20260716,000000,73W,14,2026,7,16,0,40.4,138.3,100700.0,2026-07-16,2026-07-16,1007.0
20260716,000000,73W,16,2026,7,16,0,15.0,158.9,100500.0,2026-07-16,2026-07-16,1005.0
20260716,000000,73W,16,2026,7,16,0,16.7,156.3,100400.0,2026-07-16,2026-07-16,1004.0
20260716,000000,73W,16,2026,7,16,0,15.3,156.0,100200.0,2026-07-16,2026-07-16,1002.0
20260716,000000,73W,16,2026,7,16,0,15.6,154.1,100400.0,2026-07-16,2026-07-16,1004.0
20260716,000000,73W,16,2026,7,16,0,15.3,154.1,100100.0,2026-07-16,2026-07-16,1001.0
20260716,000000,73W,16,2026,7,16,0,17.0,155.8,100100.0,2026-07-16,2026-07-16,1001.0
20260716,000000,73W,16,2026,7,16,0,19.8,156.9,100100.0,2026-07-16,2026-07-16,1001.0
20260716,000000,73W,16,2026,7,16,0,20.900000000000002,156.6,100200.0,2026-07-16,2026-07-16,1002.0
20260716,000000,73W,16,2026,7,16,0,20.400000000000002,153.8,100000.0,2026-07-16,2026-07-16,1000.0
20260716,000000,73W,16,2026,7,16,0,20.7,153.5,100200.0,2026-07-16,2026-07-16,1002.0
20260716,000000,73W,17,2026,7,16,0,19.0,163.6,100900.0,2026-07-16,2026-07-16,1009.0
20260716,000000,73W,17,2026,7,16,0,19.5,161.70000000000002,100700.0,2026-07-16,2026-07-16,1007.0
20260716,000000,73W,17,2026,7,16,0,20.7,161.1,100800.0,2026-07-16,2026-07-16,1008.0
20260716,000000,73W,17,2026,7,16,0,20.400000000000002,160.5,100500.0,2026-07-16,2026-07-16,1005.0
20260716,000000,73W,17,2026,7,16,0,19.8,160.5,100500.0,2026-07-16,2026-07-16,1005.0
20260716,000000,73W,17,2026,7,16,0,19.5,160.0,100300.0,2026-07-16,2026-07-16,1003.0
20260716,000000,73W,17,2026,7,16,0,19.2,159.4,100400.0,2026-07-16,2026-07-16,1004.0
20260716,000000,73W,17,2026,7,16,0,19.2,158.6,100100.0,2026-07-16,2026-07-16,1001.0
20260716,000000,73W,17,2026,7,16,0,19.0,158.0,100200.0,2026-07-16,2026-07-16,1002.0
20260716,000000,73W,17,2026,7,16,0,19.0,156.6,100000.0,2026-07-16,2026-07-16,1000.0
20260716,000000,73W,17,2026,7,16,0,18.400000000000002,156.0,100000.0,2026-07-16,2026-07-16,1000.0
20260716,000000,73W,17,2026,7,16,0,18.1,155.20000000000002,99800.0,2026-07-16,2026-07-16,998.0
20260716,000000,73W,17,2026,7,16,0,17.8,154.6,99800.0,2026-07-16,2026-07-16,998.0
20260716,000000,73W,17,2026,7,16,0,17.6,153.0,99600.0,2026-07-16,2026-07-16,996.0
20260716,000000,73W,17,2026,7,16,0,17.0,152.70000000000002,99400.0,2026-07-16,2026-07-16,994.0
20260716,000000,73W,17,2026,7,16,0,17.0,151.8,99100.0,2026-07-16,2026-07-16,991.0
20260716,000000,73W,17,2026,7,16,0,17.3,151.3,99200.0,2026-07-16,2026-07-16,992.0
20260716,000000,73W,18,2026,7,16,0,11.6,141.4,100700.0,2026-07-16,2026-07-16,1007.0
20260716,000000,73W,18,2026,7,16,0,11.9,144.20000000000002,100500.0,2026-07-16,2026-07-16,1005.0
20260716,000000,73W,18,2026,7,16,0,13.6,144.20000000000002,100700.0,2026-07-16,2026-07-16,1007.0
20260716,000000,73W,18,2026,7,16,0,11.9,144.5,100500.0,2026-07-16,2026-07-16,1005.0
20260716,000000,73W,18,2026,7,16,0,13.0,144.5,100700.0,2026-07-16,2026-07-16,1007.0
20260716,000000,73W,18,2026,7,16,0,13.9,143.70000000000002,100500.0,2026-07-16,2026-07-16,1005.0
20260716,000000,73W,18,2026,7,16,0,15.0,142.5,100700.0,2026-07-16,2026-07-16,1007.0
20260716,000000,73W,18,2026,7,16,0,14.200000000000001,141.1,100400.0,2026-07-16,2026-07-16,1004.0
20260716,000000,73W,18,2026,7,16,0,15.9,140.0,100500.0,2026-07-16,2026-07-16,1005.0
20260716,000000,73W,18,2026,7,16,0,14.5,138.3,100300.0,2026-07-16,2026-07-16,1003.0
20260716,000000,73W,18,2026,7,16,0,15.3,136.6,100400.0,2026-07-16,2026-07-16,1004.0
20260716,000000,73W,18,2026,7,16,0,15.3,135.0,100000.0,2026-07-16,2026-07-16,1000.0
20260716,000000,73W,18,2026,7,16,0,15.6,135.5,100100.0,2026-07-16,2026-07-16,1001.0
20260716,000000,73W,18,2026,7,16,0,15.6,133.8,99400.0,2026-07-16,2026-07-16,994.0
20260716,000000,73W,18,2026,7,16,0,15.9,132.7,99200.0,2026-07-16,2026-07-16,992.0
20260716,000000,73W,18,2026,7,16,0,16.1,132.1,99000.0,2026-07-16,2026-07-16,990.0
20260716,000000,73W,18,2026,7,16,0,16.7,131.0,99100.0,2026-07-16,2026-07-16,991.0
20260716,000000,73W,18,2026,7,16,0,17.0,129.6,98900.0,2026-07-16,2026-07-16,989.0
20260716,000000,73W,18,2026,7,16,0,16.7,128.2,99000.0,2026-07-16,2026-07-16,990.0
20260716,000000,73W,18,2026,7,16,0,17.0,127.60000000000001,98300.0,2026-07-16,2026-07-16,983.0
20260716,000000,73W,18,2026,7,16,0,17.6,126.2,98300.0,2026-07-16,2026-07-16,983.0
20260716,000000,73W,18,2026,7,16,0,17.8,125.10000000000001,97500.0,2026-07-16,2026-07-16,975.0
20260716,000000,73W,18,2026,7,16,0,18.400000000000002,124.0,97400.0,2026-07-16,2026-07-16,974.0
20260716,000000,73W,18,2026,7,16,0,18.7,122.60000000000001,97200.0,2026-07-16,2026-07-16,972.0
20260716,000000,73W,18,2026,7,16,0,19.0,121.2,97400.0,2026-07-16,2026-07-16,974.0
20260716,000000,73W,18,2026,7,16,0,19.0,120.3,97500.0,2026-07-16,2026-07-16,975.0
20260716,000000,73W,18,2026,7,16,0,18.7,119.5,97500.0,2026-07-16,2026-07-16,975.0
20260716,000000,73W,18,2026,7,16,0,19.0,118.9,97600.0,2026-07-16,2026-07-16,976.0
20260716,000000,73W,18,2026,7,16,0,19.5,118.10000000000001,97800.0,2026-07-16,2026-07-16,978.0
20260716,000000,73W,18,2026,7,16,0,19.8,117.5,97600.0,2026-07-16,2026-07-16,976.0
20260716,000000,73W,18,2026,7,16,0,20.7,116.4,97300.0,2026-07-16,2026-07-16,973.0
20260716,000000,73W,18,2026,7,16,0,20.7,115.5,97300.0,2026-07-16,2026-07-16,973.0
20260716,000000,73W,18,2026,7,16,0,21.5,114.7,97400.0,2026-07-16,2026-07-16,974.0
20260716,000000,73W,18,2026,7,16,0,22.1,113.9,97500.0,2026-07-16,2026-07-16,975.0
20260716,000000,73W,18,2026,7,16,0,22.900000000000002,112.7,98000.0,2026-07-16,2026-07-16,980.0
20260716,000000,73W,18,2026,7,16,0,23.2,111.9,98900.0,2026-07-16,2026-07-16,989.0
20260716,000000,73W,18,2026,7,16,0,23.8,110.5,99500.0,2026-07-16,2026-07-16,995.0
20260716,000000,73W,18,2026,7,16,0,24.0,109.60000000000001,99700.0,2026-07-16,2026-07-16,997.0
20260716,000000,73W,18,2026,7,16,0,23.8,106.8,99900.0,2026-07-16,2026-07-16,999.0
20260716,000000,73W,18,2026,7,16,0,23.2,108.2,100100.0,2026-07-16,2026-07-16,1001.0
20260716,000000,73W,18,2026,7,16,0,23.8,106.8,100200.0,2026-07-16,2026-07-16,1002.0
20260716,000000,73W,20,2026,7,16,0,11.4,132.1,100700.0,2026-07-16,2026-07-16,1007.0
20260716,000000,73W,20,2026,7,16,0,11.9,133.3,100600.0,2026-07-16,2026-07-16,1006.0
20260716,000000,73W,21,2026,7,16,0,8.0,138.9,100800.0,2026-07-16,2026-07-16,1008.0
20260716,000000,73W,21,2026,7,16,0,9.1,140.3,100600.0,2026-07-16,2026-07-16,1006.0
20260716,000000,73W,21,2026,7,16,0,9.4,140.9,100600.0,2026-07-16,2026-07-16,1006.0
20260716,000000,73W,21,2026,7,16,0,10.0,142.3,100800.0,2026-07-16,2026-07-16,1008.0
20260716,000000,73W,21,2026,7,16,0,7.4,142.3,100600.0,2026-07-16,2026-07-16,1006.0
20260716,000000,73W,21,2026,7,16,0,7.7,143.1,100700.0,2026-07-16,2026-07-16,1007.0
20260716,000000,73W,21,2026,7,16,0,8.3,143.1,100400.0,2026-07-16,2026-07-16,1004.0
20260716,000000,73W,23,2026,7,16,0,0.7000000000000001,174.0,101000.0,2026-07-16,2026-07-16,1010.0
20260716,000000,73W,23,2026,7,16,0,3.2,175.5,100800.0,2026-07-16,2026-07-16,1008.0
20260716,000000,73W,23,2026,7,16,0,7.7,176.3,100900.0,2026-07-16,2026-07-16,1009.0
20260716,000000,73W,24,2026,7,16,0,9.1,153.20000000000002,100600.0,2026-07-16,2026-07-16,1006.0
20260716,000000,73W,24,2026,7,16,0,10.0,153.8,100400.0,2026-07-16,2026-07-16,1004.0
20260716,000000,73W,24,2026,7,16,0,10.5,153.20000000000002,100600.0,2026-07-16,2026-07-16,1006.0
20260716,000000,73W,24,2026,7,16,0,8.8,151.5,100300.0,2026-07-16,2026-07-16,1003.0
20260716,000000,73W,24,2026,7,16,0,10.200000000000001,151.0,100400.0,2026-07-16,2026-07-16,1004.0
20260716,000000,73W,24,2026,7,16,0,10.5,151.0,100200.0,2026-07-16,2026-07-16,1002.0
20260716,000000,73W,24,2026,7,16,0,11.4,150.4,100400.0,2026-07-16,2026-07-16,1004.0
20260716,000000,73W,24,2026,7,16,0,10.8,149.6,100200.0,2026-07-16,2026-07-16,1002.0
20260716,000000,73W,24,2026,7,16,0,11.1,149.6,100400.0,2026-07-16,2026-07-16,1004.0
20260716,000000,73W,24,2026,7,16,0,10.0,149.0,100100.0,2026-07-16,2026-07-16,1001.0
20260716,000000,73W,24,2026,7,16,0,10.8,149.0,100400.0,2026-07-16,2026-07-16,1004.0
20260716,000000,73W,24,2026,7,16,0,10.8,149.0,100100.0,2026-07-16,2026-07-16,1001.0
20260716,000000,73W,24,2026,7,16,0,12.200000000000001,149.6,100300.0,2026-07-16,2026-07-16,1003.0
20260716,000000,73W,24,2026,7,16,0,13.0,150.4,100100.0,2026-07-16,2026-07-16,1001.0
20260716,000000,73W,24,2026,7,16,0,14.5,150.4,100300.0,2026-07-16,2026-07-16,1003.0
20260716,000000,73W,24,2026,7,16,0,15.6,149.6,100200.0,2026-07-16,2026-07-16,1002.0
20260716,000000,73W,24,2026,7,16,0,15.0,149.0,100200.0,2026-07-16,2026-07-16,1002.0
20260716,000000,73W,24,2026,7,16,0,16.1,148.5,100000.0,2026-07-16,2026-07-16,1000.0
20260716,000000,73W,24,2026,7,16,0,16.4,148.70000000000002,100000.0,2026-07-16,2026-07-16,1000.0
20260716,000000,73W,24,2026,7,16,0,17.1,148.3,99700.0,2026-07-16,2026-07-16,997.0
20260716,000000,73W,24,2026,7,16,0,17.3,147.6,99800.0,2026-07-16,2026-07-16,998.0
20260716,000000,73W,25,2026,7,16,0,7.1000000000000005,174.9,100800.0,2026-07-16,2026-07-16,1008.0
20260716,000000,73W,25,2026,7,16,0,7.1000000000000005,176.0,100800.0,2026-07-16,2026-07-16,1008.0
20260716,000000,73W,25,2026,7,16,0,5.2,174.6,100800.0,2026-07-16,2026-07-16,1008.0
20260716,000000,73W,25,2026,7,16,0,2.9,173.70000000000002,100800.0,2026-07-16,2026-07-16,1008.0
20260716,000000,73W,25,2026,7,16,0,0.4,174.6,100900.0,2026-07-16,2026-07-16,1009.0
20260716,000000,73W,25,2026,7,16,0,1.8,175.5,100700.0,2026-07-16,2026-07-16,1007.0
20260716,000000,73W,26,2026,7,16,0,30.2,120.3,100500.0,2026-07-16,2026-07-16,1005.0
20260716,000000,73W,26,2026,7,16,0,32.5,121.5,100600.0,2026-07-16,2026-07-16,1006.0
20260716,000000,73W,26,2026,7,16,0,33.3,122.60000000000001,100500.0,2026-07-16,2026-07-16,1005.0
20260716,000000,73W,26,2026,7,16,0,34.7,124.3,100600.0,2026-07-16,2026-07-16,1006.0
20260716,000000,73W,26,2026,7,16,0,36.4,126.0,100600.0,2026-07-16,2026-07-16,1006.0
20260716,000000,73W,26,2026,7,16,0,37.6,126.5,100700.0,2026-07-16,2026-07-16,1007.0
20260716,000000,73W,26,2026,7,16,0,39.0,130.2,100700.0,2026-07-16,2026-07-16,1007.0
20260716,000000,73W,26,2026,7,16,0,39.2,131.0,100700.0,2026-07-16,2026-07-16,1007.0
20260716,000000,73W,26,2026,7,16,0,39.5,131.9,100700.0,2026-07-16,2026-07-16,1007.0
20260716,000000,73W,26,2026,7,16,0,39.5,132.4,100700.0,2026-07-16,2026-07-16,1007.0
20260716,000000,73W,27,2026,7,16,0,12.200000000000001,133.3,100500.0,2026-07-16,2026-07-16,1005.0
20260716,000000,73W,27,2026,7,16,0,14.5,132.7,100400.0,2026-07-16,2026-07-16,1004.0
20260716,000000,73W,28,2026,7,16,0,14.8,109.4,100700.0,2026-07-16,2026-07-16,1007.0
20260716,000000,73W,28,2026,7,16,0,13.6,109.4,100600.0,2026-07-16,2026-07-16,1006.0
20260716,000000,73W,28,2026,7,16,0,14.700000000000001,109.60000000000001,100600.0,2026-07-16,2026-07-16,1006.0
20260716,000000,73W,28,2026,7,16,0,14.8,109.60000000000001,100600.0,2026-07-16,2026-07-16,1006.0
20260716,000000,73W,28,2026,7,16,0,14.8,109.7,100500.0,2026-07-16,2026-07-16,1005.0
20260716,000000,73W,28,2026,7,16,0,15.6,109.60000000000001,100500.0,2026-07-16,2026-07-16,1005.0
20260716,000000,73W,28,2026,7,16,0,16.4,108.0,100500.0,2026-07-16,2026-07-16,1005.0
20260716,000000,73W,28,2026,7,16,0,16.6,105.2,100600.0,2026-07-16,2026-07-16,1006.0
20260716,000000,73W,28,2026,7,16,0,15.6,104.3,100400.0,2026-07-16,2026-07-16,1004.0
20260716,000000,73W,28,2026,7,16,0,16.4,105.2,100500.0,2026-07-16,2026-07-16,1005.0
20260716,000000,73W,28,2026,7,16,0,15.6,104.3,100600.0,2026-07-16,2026-07-16,1006.0
20260716,000000,73W,28,2026,7,16,0,15.3,105.10000000000001,100500.0,2026-07-16,2026-07-16,1005.0
20260716,000000,73W,28,2026,7,16,0,14.200000000000001,104.60000000000001,100500.0,2026-07-16,2026-07-16,1005.0
20260716,000000,73W,28,2026,7,16,0,15.6,104.60000000000001,100600.0,2026-07-16,2026-07-16,1006.0
20260716,000000,73W,29,2026,7,16,0,11.4,161.1,100500.0,2026-07-16,2026-07-16,1005.0
20260716,000000,73W,29,2026,7,16,0,10.8,160.5,100300.0,2026-07-16,2026-07-16,1003.0
20260716,000000,73W,29,2026,7,16,0,10.5,160.0,100300.0,2026-07-16,2026-07-16,1003.0
20260716,000000,73W,29,2026,7,16,0,11.1,159.4,100000.0,2026-07-16,2026-07-16,1000.0
20260716,000000,73W,29,2026,7,16,0,11.9,158.9,100200.0,2026-07-16,2026-07-16,1002.0
20260716,000000,73W,29,2026,7,16,0,12.8,158.0,100000.0,2026-07-16,2026-07-16,1000.0
20260716,000000,73W,29,2026,7,16,0,13.200000000000001,155.4,100100.0,2026-07-16,2026-07-16,1001.0
20260716,000000,73W,29,2026,7,16,0,14.5,154.9,99700.0,2026-07-16,2026-07-16,997.0
20260716,000000,73W,29,2026,7,16,0,15.200000000000001,154.5,99800.0,2026-07-16,2026-07-16,998.0
20260716,000000,73W,29,2026,7,16,0,15.6,152.70000000000002,99600.0,2026-07-16,2026-07-16,996.0
20260716,000000,73W,29,2026,7,16,0,16.4,152.70000000000002,99700.0,2026-07-16,2026-07-16,997.0
20260716,000000,73W,29,2026,7,16,0,17.8,151.8,99500.0,2026-07-16,2026-07-16,995.0
20260716,000000,73W,29,2026,7,16,0,18.7,151.3,99600.0,2026-07-16,2026-07-16,996.0
20260716,000000,73W,29,2026,7,16,0,20.3,150.6,99300.0,2026-07-16,2026-07-16,993.0
20260716,000000,73W,29,2026,7,16,0,21.5,149.6,99500.0,2026-07-16,2026-07-16,995.0
20260716,000000,73W,29,2026,7,16,0,22.1,148.70000000000002,99300.0,2026-07-16,2026-07-16,993.0
20260716,000000,73W,29,2026,7,16,0,22.3,148.5,99400.0,2026-07-16,2026-07-16,994.0
20260716,000000,73W,29,2026,7,16,0,22.900000000000002,148.20000000000002,99200.0,2026-07-16,2026-07-16,992.0
20260716,000000,73W,29,2026,7,16,0,23.8,147.6,99300.0,2026-07-16,2026-07-16,993.0
20260716,000000,73W,29,2026,7,16,0,24.400000000000002,147.0,99100.0,2026-07-16,2026-07-16,991.0
20260716,000000,73W,29,2026,7,16,0,24.6,146.20000000000002,99100.0,2026-07-16,2026-07-16,991.0
20260716,000000,73W,29,2026,7,16,0,26.6,145.1,99000.0,2026-07-16,2026-07-16,990.0
20260716,000000,73W,29,2026,7,16,0,27.7,144.0,99100.0,2026-07-16,2026-07-16,991.0
20260716,000000,73W,30,2026,7,16,0,15.3,126.8,100800.0,2026-07-16,2026-07-16,1008.0
20260716,000000,73W,30,2026,7,16,0,14.200000000000001,126.2,100600.0,2026-07-16,2026-07-16,1006.0
20260716,000000,73W,30,2026,7,16,0,15.3,124.3,100700.0,2026-07-16,2026-07-16,1007.0
20260716,000000,73W,30,2026,7,16,0,15.3,124.0,100600.0,2026-07-16,2026-07-16,1006.0
20260716,000000,73W,30,2026,7,16,0,15.6,123.7,100700.0,2026-07-16,2026-07-16,1007.0
20260716,000000,73W,30,2026,7,16,0,16.2,123.0,100600.0,2026-07-16,2026-07-16,1006.0
20260716,000000,73W,30,2026,7,16,0,18.1,120.60000000000001,100600.0,2026-07-16,2026-07-16,1006.0
20260716,000000,73W,30,2026,7,16,0,18.1,119.2,100500.0,2026-07-16,2026-07-16,1005.0
20260716,000000,73W,30,2026,7,16,0,18.400000000000002,117.8,100400.0,2026-07-16,2026-07-16,1004.0
20260716,000000,73W,30,2026,7,16,0,17.8,116.7,100200.0,2026-07-16,2026-07-16,1002.0
20260716,000000,73W,30,2026,7,16,0,17.8,116.4,100300.0,2026-07-16,2026-07-16,1003.0
20260716,000000,73W,30,2026,7,16,0,18.7,115.8,100100.0,2026-07-16,2026-07-16,1001.0
20260716,000000,73W,30,2026,7,16,0,19.0,114.4,100100.0,2026-07-16,2026-07-16,1001.0
20260716,000000,73W,30,2026,7,16,0,18.900000000000002,114.4,99800.0,2026-07-16,2026-07-16,998.0
20260716,000000,73W,30,2026,7,16,0,19.2,113.9,99900.0,2026-07-16,2026-07-16,999.0
20260716,000000,73W,30,2026,7,16,0,19.900000000000002,112.8,99700.0,2026-07-16,2026-07-16,997.0
20260716,000000,73W,30,2026,7,16,0,20.400000000000002,112.2,99600.0,2026-07-16,2026-07-16,996.0
20260716,000000,73W,30,2026,7,16,0,20.900000000000002,111.60000000000001,99200.0,2026-07-16,2026-07-16,992.0
20260716,000000,73W,30,2026,7,16,0,21.5,111.0,99500.0,2026-07-16,2026-07-16,995.0
20260716,000000,73W,30,2026,7,16,0,22.1,110.2,99800.0,2026-07-16,2026-07-16,998.0
20260716,000000,73W,30,2026,7,16,0,22.6,110.2,100000.0,2026-07-16,2026-07-16,1000.0
20260716,000000,73W,30,2026,7,16,0,23.2,109.9,100100.0,2026-07-16,2026-07-16,1001.0
20260716,000000,73W,30,2026,7,16,0,23.2,109.9,100300.0,2026-07-16,2026-07-16,1003.0
20260716,000000,73W,30,2026,7,16,0,24.3,109.60000000000001,100500.0,2026-07-16,2026-07-16,1005.0
20260716,000000,73W,30,2026,7,16,0,24.3,109.60000000000001,100500.0,2026-07-16,2026-07-16,1005.0
20260716,000000,73W,31,2026,7,16,0,4.9,160.5,100800.0,2026-07-16,2026-07-16,1008.0
20260716,000000,73W,31,2026,7,16,0,7.4,163.4,100600.0,2026-07-16,2026-07-16,1006.0
20260716,000000,73W,31,2026,7,16,0,6.6000000000000005,163.6,100800.0,2026-07-16,2026-07-16,1008.0
20260716,000000,73W,31,2026,7,16,0,3.8000000000000003,163.4,100700.0,2026-07-16,2026-07-16,1007.0
20260716,000000,73W,32,2026,7,16,0,16.4,150.9,100600.0,2026-07-16,2026-07-16,1006.0
20260716,000000,73W,32,2026,7,16,0,15.3,149.0,100300.0,2026-07-16,2026-07-16,1003.0
20260716,000000,73W,32,2026,7,16,0,15.6,149.6,100500.0,2026-07-16,2026-07-16,1005.0
20260716,000000,73W,32,2026,7,16,0,17.3,149.0,100200.0,2026-07-16,2026-07-16,1002.0
20260716,000000,73W,32,2026,7,16,0,16.4,147.6,100300.0,2026-07-16,2026-07-16,1003.0
20260716,000000,73W,32,2026,7,16,0,17.8,146.5,100000.0,2026-07-16,2026-07-16,1000.0
20260716,000000,73W,32,2026,7,16,0,17.8,145.4,100000.0,2026-07-16,2026-07-16,1000.0
20260716,000000,73W,32,2026,7,16,0,17.6,144.5,99700.0,2026-07-16,2026-07-16,997.0
20260716,000000,73W,32,2026,7,16,0,17.6,144.8,99700.0,2026-07-16,2026-07-16,997.0
20260716,000000,73W,32,2026,7,16,0,17.8,145.1,99300.0,2026-07-16,2026-07-16,993.0
20260716,000000,73W,32,2026,7,16,0,18.1,145.4,99400.0,2026-07-16,2026-07-16,994.0
20260716,000000,73W,32,2026,7,16,0,19.0,145.9,99100.0,2026-07-16,2026-07-16,991.0
20260716,000000,73W,32,2026,7,16,0,19.5,145.6,99200.0,2026-07-16,2026-07-16,992.0
20260716,000000,73W,32,2026,7,16,0,19.2,147.0,98900.0,2026-07-16,2026-07-16,989.0
20260716,000000,73W,32,2026,7,16,0,19.5,146.8,98900.0,2026-07-16,2026-07-16,989.0
20260716,000000,73W,32,2026,7,16,0,20.900000000000002,147.0,98600.0,2026-07-16,2026-07-16,986.0
20260716,000000,73W,32,2026,7,16,0,21.5,147.3,98500.0,2026-07-16,2026-07-16,985.0
20260716,000000,73W,33,2026,7,16,0,23.8,132.1,100700.0,2026-07-16,2026-07-16,1007.0
20260716,000000,73W,33,2026,7,16,0,23.2,130.2,100800.0,2026-07-16,2026-07-16,1008.0
20260716,000000,73W,33,2026,7,16,0,24.900000000000002,130.2,100700.0,2026-07-16,2026-07-16,1007.0
20260716,000000,73W,33,2026,7,16,0,25.2,126.5,100700.0,2026-07-16,2026-07-16,1007.0
20260716,000000,73W,33,2026,7,16,0,25.5,126.3,100800.0,2026-07-16,2026-07-16,1008.0
20260716,000000,73W,33,2026,7,16,0,26.6,126.0,100600.0,2026-07-16,2026-07-16,1006.0
20260716,000000,73W,33,2026,7,16,0,26.900000000000002,124.3,100600.0,2026-07-16,2026-07-16,1006.0
20260716,000000,73W,33,2026,7,16,0,27.7,123.10000000000001,100600.0,2026-07-16,2026-07-16,1006.0
20260716,000000,73W,33,2026,7,16,0,28.5,121.7,100800.0,2026-07-16,2026-07-16,1008.0
20260716,000000,73W,34,2026,7,16,0,8.8,146.5,100700.0,2026-07-16,2026-07-16,1007.0
20260716,000000,73W,34,2026,7,16,0,10.0,145.4,100900.0,2026-07-16,2026-07-16,1009.0
20260716,000000,73W,34,2026,7,16,0,9.700000000000001,144.0,100600.0,2026-07-16,2026-07-16,1006.0
20260716,000000,73W,34,2026,7,16,0,10.8,143.70000000000002,100800.0,2026-07-16,2026-07-16,1008.0
20260716,000000,73W,34,2026,7,16,0,9.4,143.70000000000002,100500.0,2026-07-16,2026-07-16,1005.0
20260716,000000,73W,34,2026,7,16,0,9.4,143.4,100700.0,2026-07-16,2026-07-16,1007.0
20260716,000000,73W,34,2026,7,16,0,10.200000000000001,142.5,100500.0,2026-07-16,2026-07-16,1005.0
20260716,000000,73W,34,2026,7,16,0,10.200000000000001,141.70000000000002,100500.0,2026-07-16,2026-07-16,1005.0
20260716,000000,73W,34,2026,7,16,0,10.200000000000001,139.5,100200.0,2026-07-16,2026-07-16,1002.0
20260716,000000,73W,34,2026,7,16,0,10.200000000000001,138.9,100300.0,2026-07-16,2026-07-16,1003.0
20260716,000000,73W,34,2026,7,16,0,10.4,137.8,100200.0,2026-07-16,2026-07-16,1002.0
20260716,000000,73W,34,2026,7,16,0,10.8,135.5,100200.0,2026-07-16,2026-07-16,1002.0
20260716,000000,73W,34,2026,7,16,0,10.8,134.1,100000.0,2026-07-16,2026-07-16,1000.0
20260716,000000,73W,34,2026,7,16,0,11.6,133.8,100100.0,2026-07-16,2026-07-16,1001.0
20260716,000000,73W,34,2026,7,16,0,10.8,131.9,99700.0,2026-07-16,2026-07-16,997.0
20260716,000000,73W,34,2026,7,16,0,11.4,131.3,99900.0,2026-07-16,2026-07-16,999.0
20260716,000000,73W,34,2026,7,16,0,11.9,130.2,99600.0,2026-07-16,2026-07-16,996.0
20260716,000000,73W,34,2026,7,16,0,11.9,129.0,99800.0,2026-07-16,2026-07-16,998.0
20260716,000000,73W,34,2026,7,16,0,12.5,128.2,99600.0,2026-07-16,2026-07-16,996.0
20260716,000000,73W,34,2026,7,16,0,12.8,127.10000000000001,99700.0,2026-07-16,2026-07-16,997.0
20260716,000000,73W,34,2026,7,16,0,13.9,126.5,99600.0,2026-07-16,2026-07-16,996.0
20260716,000000,73W,34,2026,7,16,0,13.9,125.10000000000001,99700.0,2026-07-16,2026-07-16,997.0
20260716,000000,73W,34,2026,7,16,0,14.700000000000001,124.3,99600.0,2026-07-16,2026-07-16,996.0
20260716,000000,73W,34,2026,7,16,0,15.0,123.4,99600.0,2026-07-16,2026-07-16,996.0
20260716,000000,73W,34,2026,7,16,0,15.3,123.10000000000001,99000.0,2026-07-16,2026-07-16,990.0
20260716,000000,73W,34,2026,7,16,0,15.9,122.9,99100.0,2026-07-16,2026-07-16,991.0
20260716,000000,73W,34,2026,7,16,0,16.4,122.60000000000001,99300.0,2026-07-16,2026-07-16,993.0
20260716,000000,73W,34,2026,7,16,0,17.3,122.5,99400.0,2026-07-16,2026-07-16,994.0
20260716,000000,73W,35,2026,7,16,0,14.200000000000001,144.8,100900.0,2026-07-16,2026-07-16,1009.0
20260716,000000,73W,35,2026,7,16,0,13.3,142.3,100700.0,2026-07-16,2026-07-16,1007.0
20260716,000000,73W,35,2026,7,16,0,13.0,141.70000000000002,100800.0,2026-07-16,2026-07-16,1008.0
20260716,000000,73W,35,2026,7,16,0,13.9,138.3,100800.0,2026-07-16,2026-07-16,1008.0
20260716,000000,73W,35,2026,7,16,0,13.3,137.8,100600.0,2026-07-16,2026-07-16,1006.0
20260716,000000,73W,35,2026,7,16,0,14.700000000000001,138.6,100700.0,2026-07-16,2026-07-16,1007.0
20260716,000000,73W,35,2026,7,16,0,13.9,136.9,100600.0,2026-07-16,2026-07-16,1006.0
20260716,000000,73W,35,2026,7,16,0,14.700000000000001,134.7,100800.0,2026-07-16,2026-07-16,1008.0
20260716,000000,73W,35,2026,7,16,0,14.8,134.1,100600.0,2026-07-16,2026-07-16,1006.0
20260716,000000,73W,35,2026,7,16,0,14.5,129.6,100600.0,2026-07-16,2026-07-16,1006.0
20260716,000000,73W,35,2026,7,16,0,15.3,128.8,100600.0,2026-07-16,2026-07-16,1006.0
20260716,000000,73W,35,2026,7,16,0,15.0,127.10000000000001,100500.0,2026-07-16,2026-07-16,1005.0
20260716,000000,73W,35,2026,7,16,0,15.0,126.0,100500.0,2026-07-16,2026-07-16,1005.0
20260716,000000,73W,35,2026,7,16,0,14.700000000000001,125.10000000000001,100300.0,2026-07-16,2026-07-16,1003.0
20260716,000000,73W,35,2026,7,16,0,15.4,124.9,100500.0,2026-07-16,2026-07-16,1005.0
20260716,000000,73W,35,2026,7,16,0,15.9,123.7,100400.0,2026-07-16,2026-07-16,1004.0
20260716,000000,73W,35,2026,7,16,0,15.6,122.3,100500.0,2026-07-16,2026-07-16,1005.0
20260716,000000,73W,35,2026,7,16,0,17.8,120.3,100300.0,2026-07-16,2026-07-16,1003.0
20260716,000000,73W,35,2026,7,16,0,15.6,116.7,100200.0,2026-07-16,2026-07-16,1002.0
20260716,000000,73W,35,2026,7,16,0,15.6,116.4,100000.0,2026-07-16,2026-07-16,1000.0
20260716,000000,73W,35,2026,7,16,0,15.9,115.3,99900.0,2026-07-16,2026-07-16,999.0
20260716,000000,73W,35,2026,7,16,0,15.3,114.4,99700.0,2026-07-16,2026-07-16,997.0
20260716,000000,73W,35,2026,7,16,0,15.3,113.3,99800.0,2026-07-16,2026-07-16,998.0
20260716,000000,73W,35,2026,7,16,0,15.3,112.2,99700.0,2026-07-16,2026-07-16,997.0
20260716,000000,73W,35,2026,7,16,0,15.0,111.3,99500.0,2026-07-16,2026-07-16,995.0
20260716,000000,73W,35,2026,7,16,0,15.0,111.3,99700.0,2026-07-16,2026-07-16,997.0
20260716,000000,73W,35,2026,7,16,0,15.0,110.8,99400.0,2026-07-16,2026-07-16,994.0
20260716,000000,73W,35,2026,7,16,0,15.0,109.9,98900.0,2026-07-16,2026-07-16,989.0
20260716,000000,73W,35,2026,7,16,0,15.6,109.10000000000001,99000.0,2026-07-16,2026-07-16,990.0
20260716,000000,73W,35,2026,7,16,0,15.6,108.0,99600.0,2026-07-16,2026-07-16,996.0
20260716,000000,73W,35,2026,7,16,0,14.700000000000001,106.8,99800.0,2026-07-16,2026-07-16,998.0
20260716,000000,73W,35,2026,7,16,0,15.6,106.0,99900.0,2026-07-16,2026-07-16,999.0
20260716,000000,73W,35,2026,7,16,0,14.5,105.7,99900.0,2026-07-16,2026-07-16,999.0
20260716,000000,73W,35,2026,7,16,0,14.200000000000001,104.60000000000001,99900.0,2026-07-16,2026-07-16,999.0
20260716,000000,73W,35,2026,7,16,0,14.200000000000001,104.0,99900.0,2026-07-16,2026-07-16,999.0
20260716,000000,73W,35,2026,7,16,0,13.700000000000001,103.7,100000.0,2026-07-16,2026-07-16,1000.0
20260716,000000,73W,35,2026,7,16,0,13.9,103.5,100000.0,2026-07-16,2026-07-16,1000.0
20260716,000000,73W,35,2026,7,16,0,14.200000000000001,103.2,100100.0,2026-07-16,2026-07-16,1001.0
20260716,000000,73W,35,2026,7,16,0,15.0,102.60000000000001,100200.0,2026-07-16,2026-07-16,1002.0
20260716,000000,73W,35,2026,7,16,0,15.0,101.8,100200.0,2026-07-16,2026-07-16,1002.0
20260716,000000,73W,37,2026,7,16,0,12.5,172.4,100800.0,2026-07-16,2026-07-16,1008.0
20260716,000000,73W,37,2026,7,16,0,11.1,168.70000000000002,100600.0,2026-07-16,2026-07-16,1006.0
20260716,000000,73W,37,2026,7,16,0,8.8,166.20000000000002,100500.0,2026-07-16,2026-07-16,1005.0
20260716,000000,73W,37,2026,7,16,0,5.2,162.5,100700.0,2026-07-16,2026-07-16,1007.0
20260716,000000,73W,38,2026,7,16,0,15.0,140.9,100500.0,2026-07-16,2026-07-16,1005.0
20260716,000000,73W,38,2026,7,16,0,14.700000000000001,139.5,100700.0,2026-07-16,2026-07-16,1007.0
20260716,000000,73W,38,2026,7,16,0,14.5,139.70000000000002,100400.0,2026-07-16,2026-07-16,1004.0
20260716,000000,73W,38,2026,7,16,0,14.700000000000001,139.70000000000002,100500.0,2026-07-16,2026-07-16,1005.0
20260716,000000,73W,38,2026,7,16,0,15.0,138.9,100300.0,2026-07-16,2026-07-16,1003.0
20260716,000000,73W,38,2026,7,16,0,15.6,138.0,100400.0,2026-07-16,2026-07-16,1004.0
20260716,000000,73W,38,2026,7,16,0,13.6,135.8,100200.0,2026-07-16,2026-07-16,1002.0
20260716,000000,73W,38,2026,7,16,0,14.200000000000001,135.2,100300.0,2026-07-16,2026-07-16,1003.0
20260716,000000,73W,38,2026,7,16,0,13.9,135.5,100000.0,2026-07-16,2026-07-16,1000.0
20260716,000000,73W,38,2026,7,16,0,15.0,134.1,100200.0,2026-07-16,2026-07-16,1002.0
20260716,000000,73W,38,2026,7,16,0,15.0,130.7,100000.0,2026-07-16,2026-07-16,1000.0
20260716,000000,73W,38,2026,7,16,0,16.1,128.8,99900.0,2026-07-16,2026-07-16,999.0
20260716,000000,73W,38,2026,7,16,0,18.1,128.5,99700.0,2026-07-16,2026-07-16,997.0
20260716,000000,73W,38,2026,7,16,0,17.6,125.4,99400.0,2026-07-16,2026-07-16,994.0
20260716,000000,73W,38,2026,7,16,0,18.400000000000002,123.4,99200.0,2026-07-16,2026-07-16,992.0
20260716,000000,73W,38,2026,7,16,0,17.3,120.3,99200.0,2026-07-16,2026-07-16,992.0
20260716,000000,73W,38,2026,7,16,0,18.1,120.60000000000001,98900.0,2026-07-16,2026-07-16,989.0
20260716,000000,73W,38,2026,7,16,0,17.8,119.2,98400.0,2026-07-16,2026-07-16,984.0
20260716,000000,73W,38,2026,7,16,0,18.1,120.3,98700.0,2026-07-16,2026-07-16,987.0
20260716,000000,73W,38,2026,7,16,0,20.1,120.3,98800.0,2026-07-16,2026-07-16,988.0
20260716,000000,73W,38,2026,7,16,0,20.7,118.4,99000.0,2026-07-16,2026-07-16,990.0
20260716,000000,73W,38,2026,7,16,0,22.6,117.10000000000001,99000.0,2026-07-16,2026-07-16,990.0
20260716,000000,73W,38,2026,7,16,0,22.6,117.0,99000.0,2026-07-16,2026-07-16,990.0
20260716,000000,73W,38,2026,7,16,0,24.3,116.10000000000001,99300.0,2026-07-16,2026-07-16,993.0
20260716,000000,73W,38,2026,7,16,0,25.7,114.7,99500.0,2026-07-16,2026-07-16,995.0
20260716,000000,73W,38,2026,7,16,0,27.1,113.3,99500.0,2026-07-16,2026-07-16,995.0
20260716,000000,73W,38,2026,7,16,0,26.900000000000002,112.5,99600.0,2026-07-16,2026-07-16,996.0
20260716,000000,73W,38,2026,7,16,0,27.7,111.9,99600.0,2026-07-16,2026-07-16,996.0
20260716,000000,73W,39,2026,7,16,0,14.200000000000001,126.2,100800.0,2026-07-16,2026-07-16,1008.0
20260716,000000,73W,39,2026,7,16,0,14.700000000000001,126.2,100700.0,2026-07-16,2026-07-16,1007.0
20260716,000000,73W,39,2026,7,16,0,15.6,125.8,100800.0,2026-07-16,2026-07-16,1008.0
20260716,000000,73W,39,2026,7,16,0,16.1,124.0,100800.0,2026-07-16,2026-07-16,1008.0
20260716,000000,73W,39,2026,7,16,0,16.2,123.10000000000001,100700.0,2026-07-16,2026-07-16,1007.0
20260716,000000,73W,39,2026,7,16,0,18.1,119.5,100600.0,2026-07-16,2026-07-16,1006.0
20260716,000000,73W,39,2026,7,16,0,18.1,118.60000000000001,100500.0,2026-07-16,2026-07-16,1005.0
20260716,000000,73W,39,2026,7,16,0,18.400000000000002,117.2,100500.0,2026-07-16,2026-07-16,1005.0
20260716,000000,73W,39,2026,7,16,0,18.7,116.4,100300.0,2026-07-16,2026-07-16,1003.0
20260716,000000,73W,39,2026,7,16,0,18.1,114.4,100200.0,2026-07-16,2026-07-16,1002.0
20260716,000000,73W,39,2026,7,16,0,18.400000000000002,113.9,99900.0,2026-07-16,2026-07-16,999.0
20260716,000000,73W,39,2026,7,16,0,18.7,112.7,99800.0,2026-07-16,2026-07-16,998.0
20260716,000000,73W,39,2026,7,16,0,18.7,111.3,99700.0,2026-07-16,2026-07-16,997.0
20260716,000000,73W,39,2026,7,16,0,18.1,111.0,99500.0,2026-07-16,2026-07-16,995.0
20260716,000000,73W,39,2026,7,16,0,18.400000000000002,110.5,99500.0,2026-07-16,2026-07-16,995.0
20260716,000000,73W,39,2026,7,16,0,18.400000000000002,109.9,99500.0,2026-07-16,2026-07-16,995.0
20260716,000000,73W,39,2026,7,16,0,18.7,108.5,99400.0,2026-07-16,2026-07-16,994.0
20260716,000000,73W,39,2026,7,16,0,18.7,108.0,99100.0,2026-07-16,2026-07-16,991.0
20260716,000000,73W,39,2026,7,16,0,18.7,106.8,98500.0,2026-07-16,2026-07-16,985.0
20260716,000000,73W,39,2026,7,16,0,18.400000000000002,105.7,98900.0,2026-07-16,2026-07-16,989.0
20260716,000000,73W,39,2026,7,16,0,18.400000000000002,105.4,99900.0,2026-07-16,2026-07-16,999.0
20260716,000000,73W,39,2026,7,16,0,17.6,104.0,99800.0,2026-07-16,2026-07-16,998.0
20260716,000000,73W,39,2026,7,16,0,16.7,103.5,100000.0,2026-07-16,2026-07-16,1000.0
20260716,000000,73W,39,2026,7,16,0,17.3,103.2,100000.0,2026-07-16,2026-07-16,1000.0
20260716,000000,73W,39,2026,7,16,0,17.3,102.9,100100.0,2026-07-16,2026-07-16,1001.0
20260716,000000,73W,39,2026,7,16,0,17.6,102.60000000000001,100100.0,2026-07-16,2026-07-16,1001.0
20260716,000000,73W,39,2026,7,16,0,18.0,102.60000000000001,100200.0,2026-07-16,2026-07-16,1002.0
20260716,000000,73W,40,2026,7,16,0,8.8,153.20000000000002,100700.0,2026-07-16,2026-07-16,1007.0
20260716,000000,73W,40,2026,7,16,0,8.0,153.20000000000002,100800.0,2026-07-16,2026-07-16,1008.0
20260716,000000,73W,40,2026,7,16,0,10.8,151.3,100800.0,2026-07-16,2026-07-16,1008.0
20260716,000000,73W,40,2026,7,16,0,10.0,152.70000000000002,100800.0,2026-07-16,2026-07-16,1008.0
20260716,000000,73W,40,2026,7,16,0,10.200000000000001,152.70000000000002,100600.0,2026-07-16,2026-07-16,1006.0
20260716,000000,73W,40,2026,7,16,0,9.700000000000001,153.8,100900.0,2026-07-16,2026-07-16,1009.0
20260716,000000,73W,40,2026,7,16,0,10.200000000000001,151.3,100700.0,2026-07-16,2026-07-16,1007.0
20260716,000000,73W,40,2026,7,16,0,9.700000000000001,152.1,100500.0,2026-07-16,2026-07-16,1005.0
20260716,000000,73W,40,2026,7,16,0,9.4,151.3,100500.0,2026-07-16,2026-07-16,1005.0
20260716,000000,73W,40,2026,7,16,0,10.0,151.8,100600.0,2026-07-16,2026-07-16,1006.0
20260716,000000,73W,40,2026,7,16,0,9.700000000000001,151.5,100400.0,2026-07-16,2026-07-16,1004.0
20260716,000000,73W,40,2026,7,16,0,11.6,151.3,100400.0,2026-07-16,2026-07-16,1004.0
20260716,000000,73W,40,2026,7,16,0,12.5,151.3,100300.0,2026-07-16,2026-07-16,1003.0
20260716,000000,73W,41,2026,7,16,0,15.6,148.5,100000.0,2026-07-16,2026-07-16,1000.0
20260716,000000,73W,41,2026,7,16,0,16.4,149.3,100200.0,2026-07-16,2026-07-16,1002.0
20260716,000000,73W,41,2026,7,16,0,17.3,147.4,99900.0,2026-07-16,2026-07-16,999.0
20260716,000000,73W,41,2026,7,16,0,17.400000000000002,145.0,99900.0,2026-07-16,2026-07-16,999.0
20260716,000000,73W,41,2026,7,16,0,17.6,143.70000000000002,99800.0,2026-07-16,2026-07-16,998.0
20260716,000000,73W,42,2026,7,16,0,19.0,159.4,100800.0,2026-07-16,2026-07-16,1008.0
20260716,000000,73W,42,2026,7,16,0,21.2,158.6,100700.0,2026-07-16,2026-07-16,1007.0
20260716,000000,73W,42,2026,7,16,0,19.8,155.5,100500.0,2026-07-16,2026-07-16,1005.0
20260716,000000,73W,42,2026,7,16,0,19.5,154.6,100300.0,2026-07-16,2026-07-16,1003.0
20260716,000000,73W,42,2026,7,16,0,19.5,154.0,100400.0,2026-07-16,2026-07-16,1004.0
20260716,000000,73W,42,2026,7,16,0,19.8,153.20000000000002,100200.0,2026-07-16,2026-07-16,1002.0
20260716,000000,73W,42,2026,7,16,0,19.8,153.0,100300.0,2026-07-16,2026-07-16,1003.0
20260716,000000,73W,42,2026,7,16,0,19.8,152.4,100100.0,2026-07-16,2026-07-16,1001.0
20260716,000000,73W,42,2026,7,16,0,19.5,151.5,100300.0,2026-07-16,2026-07-16,1003.0
20260716,000000,73W,42,2026,7,16,0,20.1,150.70000000000002,100100.0,2026-07-16,2026-07-16,1001.0
20260716,000000,73W,42,2026,7,16,0,20.1,150.1,100300.0,2026-07-16,2026-07-16,1003.0
20260716,000000,73W,42,2026,7,16,0,19.8,149.0,100200.0,2026-07-16,2026-07-16,1002.0
20260716,000000,73W,42,2026,7,16,0,19.8,148.20000000000002,100400.0,2026-07-16,2026-07-16,1004.0
20260716,000000,73W,42,2026,7,16,0,18.7,146.5,100200.0,2026-07-16,2026-07-16,1002.0
20260716,000000,73W,42,2026,7,16,0,18.7,146.5,100400.0,2026-07-16,2026-07-16,1004.0
20260716,000000,73W,42,2026,7,16,0,17.3,145.6,100200.0,2026-07-16,2026-07-16,1002.0
20260716,000000,73W,42,2026,7,16,0,17.3,144.5,100400.0,2026-07-16,2026-07-16,1004.0
20260716,000000,73W,42,2026,7,16,0,17.1,144.0,100200.0,2026-07-16,2026-07-16,1002.0
20260716,000000,73W,42,2026,7,16,0,15.9,143.1,100100.0,2026-07-16,2026-07-16,1001.0
20260716,000000,73W,42,2026,7,16,0,13.9,142.8,100100.0,2026-07-16,2026-07-16,1001.0
20260716,000000,73W,42,2026,7,16,0,14.5,142.5,100200.0,2026-07-16,2026-07-16,1002.0
20260716,000000,73W,43,2026,7,16,0,10.0,151.8,100600.0,2026-07-16,2026-07-16,1006.0
20260716,000000,73W,43,2026,7,16,0,9.1,152.4,100400.0,2026-07-16,2026-07-16,1004.0
20260716,000000,73W,43,2026,7,16,0,10.5,154.1,100200.0,2026-07-16,2026-07-16,1002.0
20260716,000000,73W,43,2026,7,16,0,12.5,154.6,100300.0,2026-07-16,2026-07-16,1003.0
20260716,000000,73W,43,2026,7,16,0,12.200000000000001,154.1,100000.0,2026-07-16,2026-07-16,1000.0
20260716,000000,73W,43,2026,7,16,0,12.5,156.0,100300.0,2026-07-16,2026-07-16,1003.0
20260716,000000,73W,43,2026,7,16,0,13.200000000000001,155.1,100100.0,2026-07-16,2026-07-16,1001.0
20260716,000000,73W,43,2026,7,16,0,13.700000000000001,156.5,100100.0,2026-07-16,2026-07-16,1001.0
20260716,000000,73W,43,2026,7,16,0,13.6,157.20000000000002,99700.0,2026-07-16,2026-07-16,997.0
20260716,000000,73W,43,2026,7,16,0,15.0,157.70000000000002,99800.0,2026-07-16,2026-07-16,998.0
20260716,000000,73W,43,2026,7,16,0,15.0,156.9,99400.0,2026-07-16,2026-07-16,994.0
20260716,000000,73W,43,2026,7,16,0,14.700000000000001,157.20000000000002,99400.0,2026-07-16,2026-07-16,994.0
20260716,000000,73W,43,2026,7,16,0,16.1,158.0,98900.0,2026-07-16,2026-07-16,989.0
20260716,000000,73W,43,2026,7,16,0,17.0,156.9,99000.0,2026-07-16,2026-07-16,990.0
20260716,000000,73W,43,2026,7,16,0,18.1,157.5,98300.0,2026-07-16,2026-07-16,983.0
20260716,000000,73W,43,2026,7,16,0,19.5,157.20000000000002,97800.0,2026-07-16,2026-07-16,978.0
20260716,000000,73W,43,2026,7,16,0,19.8,156.9,97000.0,2026-07-16,2026-07-16,970.0
20260716,000000,73W,43,2026,7,16,0,20.7,156.9,96600.0,2026-07-16,2026-07-16,966.0
20260716,000000,73W,43,2026,7,16,0,22.1,156.6,96600.0,2026-07-16,2026-07-16,966.0
20260716,000000,73W,43,2026,7,16,0,23.2,156.3,95600.0,2026-07-16,2026-07-16,956.0
20260716,000000,73W,44,2026,7,16,0,15.9,118.10000000000001,100300.0,2026-07-16,2026-07-16,1003.0
20260716,000000,73W,44,2026,7,16,0,15.9,117.0,100300.0,2026-07-16,2026-07-16,1003.0
20260716,000000,73W,44,2026,7,16,0,15.3,117.5,100200.0,2026-07-16,2026-07-16,1002.0
20260716,000000,73W,44,2026,7,16,0,15.0,115.0,100200.0,2026-07-16,2026-07-16,1002.0
20260716,000000,73W,44,2026,7,16,0,14.200000000000001,115.8,100200.0,2026-07-16,2026-07-16,1002.0
20260716,000000,73W,45,2026,7,16,0,8.8,145.1,100700.0,2026-07-16,2026-07-16,1007.0
20260716,000000,73W,45,2026,7,16,0,8.5,146.8,100900.0,2026-07-16,2026-07-16,1009.0
20260716,000000,73W,45,2026,7,16,0,9.700000000000001,146.5,100600.0,2026-07-16,2026-07-16,1006.0
20260716,000000,73W,45,2026,7,16,0,10.200000000000001,144.0,100500.0,2026-07-16,2026-07-16,1005.0
20260716,000000,73W,46,2026,7,16,0,13.3,168.1,100700.0,2026-07-16,2026-07-16,1007.0
20260716,000000,73W,46,2026,7,16,0,13.6,167.9,100800.0,2026-07-16,2026-07-16,1008.0
20260716,000000,73W,46,2026,7,16,0,12.5,166.20000000000002,100700.0,2026-07-16,2026-07-16,1007.0
20260716,000000,73W,47,2026,7,16,0,12.200000000000001,135.2,100600.0,2026-07-16,2026-07-16,1006.0
20260716,000000,73W,47,2026,7,16,0,12.8,131.0,100400.0,2026-07-16,2026-07-16,1004.0
20260716,000000,73W,47,2026,7,16,0,12.8,131.3,100500.0,2026-07-16,2026-07-16,1005.0
20260716,000000,73W,47,2026,7,16,0,12.5,130.5,100300.0,2026-07-16,2026-07-16,1003.0
20260716,000000,73W,47,2026,7,16,0,12.8,130.5,100400.0,2026-07-16,2026-07-16,1004.0
20260716,000000,73W,47,2026,7,16,0,13.6,129.6,100500.0,2026-07-16,2026-07-16,1005.0
20260716,000000,73W,47,2026,7,16,0,14.5,128.8,100400.0,2026-07-16,2026-07-16,1004.0
20260716,000000,73W,48,2026,7,16,0,16.1,141.70000000000002,100200.0,2026-07-16,2026-07-16,1002.0
20260716,000000,73W,48,2026,7,16,0,15.6,141.70000000000002,100000.0,2026-07-16,2026-07-16,1000.0
20260716,000000,73W,48,2026,7,16,0,15.3,139.5,100100.0,2026-07-16,2026-07-16,1001.0
20260716,000000,73W,48,2026,7,16,0,15.3,139.20000000000002,99700.0,2026-07-16,2026-07-16,997.0
20260716,000000,73W,48,2026,7,16,0,15.3,139.20000000000002,99900.0,2026-07-16,2026-07-16,999.0
20260716,000000,73W,48,2026,7,16,0,15.3,138.3,99500.0,2026-07-16,2026-07-16,995.0
20260716,000000,73W,48,2026,7,16,0,15.3,138.3,99600.0,2026-07-16,2026-07-16,996.0
20260716,000000,73W,49,2026,7,16,0,12.5,145.1,100700.0,2026-07-16,2026-07-16,1007.0
20260716,000000,73W,49,2026,7,16,0,15.9,142.3,100600.0,2026-07-16,2026-07-16,1006.0
20260716,000000,73W,49,2026,7,16,0,16.1,141.1,100700.0,2026-07-16,2026-07-16,1007.0
20260716,000000,73W,49,2026,7,16,0,17.0,139.5,100500.0,2026-07-16,2026-07-16,1005.0
20260716,000000,73W,49,2026,7,16,0,17.8,137.8,100500.0,2026-07-16,2026-07-16,1005.0
20260716,000000,73W,49,2026,7,16,0,17.6,136.9,100300.0,2026-07-16,2026-07-16,1003.0
20260716,000000,73W,49,2026,7,16,0,17.3,134.4,100600.0,2026-07-16,2026-07-16,1006.0
20260716,000000,73W,49,2026,7,16,0,16.7,133.3,100300.0,2026-07-16,2026-07-16,1003.0
20260716,000000,73W,49,2026,7,16,0,16.7,131.9,100300.0,2026-07-16,2026-07-16,1003.0
20260716,000000,73W,49,2026,7,16,0,17.3,131.0,100200.0,2026-07-16,2026-07-16,1002.0
20260716,000000,73W,49,2026,7,16,0,17.3,129.3,100200.0,2026-07-16,2026-07-16,1002.0
20260716,000000,73W,49,2026,7,16,0,17.0,127.10000000000001,100100.0,2026-07-16,2026-07-16,1001.0
20260716,000000,73W,49,2026,7,16,0,16.7,126.2,100100.0,2026-07-16,2026-07-16,1001.0
20260716,000000,73W,49,2026,7,16,0,16.7,124.0,99900.0,2026-07-16,2026-07-16,999.0
20260716,000000,73W,49,2026,7,16,0,16.4,123.7,99800.0,2026-07-16,2026-07-16,998.0
20260716,000000,73W,49,2026,7,16,0,17.0,123.10000000000001,99500.0,2026-07-16,2026-07-16,995.0
20260716,000000,73W,49,2026,7,16,0,17.6,121.7,99700.0,2026-07-16,2026-07-16,997.0
20260716,000000,73W,49,2026,7,16,0,18.1,120.60000000000001,99300.0,2026-07-16,2026-07-16,993.0
20260716,000000,73W,49,2026,7,16,0,17.6,118.9,99000.0,2026-07-16,2026-07-16,990.0
20260716,000000,73W,49,2026,7,16,0,17.0,117.5,98500.0,2026-07-16,2026-07-16,985.0
20260716,000000,73W,49,2026,7,16,0,17.3,117.5,98100.0,2026-07-16,2026-07-16,981.0
20260716,000000,73W,49,2026,7,16,0,17.8,116.7,97800.0,2026-07-16,2026-07-16,978.0
20260716,000000,73W,49,2026,7,16,0,18.1,115.5,97800.0,2026-07-16,2026-07-16,978.0
20260716,000000,73W,49,2026,7,16,0,19.0,115.0,97500.0,2026-07-16,2026-07-16,975.0
20260716,000000,73W,49,2026,7,16,0,19.2,114.10000000000001,97300.0,2026-07-16,2026-07-16,973.0
20260716,000000,73W,49,2026,7,16,0,20.1,113.3,96900.0,2026-07-16,2026-07-16,969.0
20260716,000000,73W,49,2026,7,16,0,20.7,112.2,96800.0,2026-07-16,2026-07-16,968.0
20260716,000000,73W,49,2026,7,16,0,21.5,111.0,97200.0,2026-07-16,2026-07-16,972.0
20260716,000000,73W,49,2026,7,16,0,21.900000000000002,110.0,97900.0,2026-07-16,2026-07-16,979.0
20260716,000000,73W,49,2026,7,16,0,22.6,109.10000000000001,98500.0,2026-07-16,2026-07-16,985.0
20260716,000000,73W,49,2026,7,16,0,23.2,108.2,99200.0,2026-07-16,2026-07-16,992.0
20260716,000000,73W,49,2026,7,16,0,22.900000000000002,107.10000000000001,99700.0,2026-07-16,2026-07-16,997.0
20260716,000000,73W,49,2026,7,16,0,23.2,105.7,100100.0,2026-07-16,2026-07-16,1001.0
20260716,000000,73W,49,2026,7,16,0,23.8,106.8,100400.0,2026-07-16,2026-07-16,1004.0
20260716,000000,73W,50,2026,7,16,0,6.9,169.3,100600.0,2026-07-16,2026-07-16,1006.0
20260716,000000,73W,50,2026,7,16,0,6.0,171.0,100800.0,2026-07-16,2026-07-16,1008.0
20260716,000000,73W,50,2026,7,16,0,6.0,171.20000000000002,100600.0,2026-07-16,2026-07-16,1006.0
20260716,000000,73W,50,2026,7,16,0,6.3,171.20000000000002,100600.0,2026-07-16,2026-07-16,1006.0
20260716,000000,73W,50,2026,7,16,0,7.1000000000000005,171.20000000000002,100700.0,2026-07-16,2026-07-16,1007.0
20260716,000000,73W,50,2026,7,16,0,8.5,171.8,100600.0,2026-07-16,2026-07-16,1006.0
20260716,000000,73W,50,2026,7,16,0,8.5,169.5,100500.0,2026-07-16,2026-07-16,1005.0
20260716,000000,73W,50,2026,7,16,0,10.200000000000001,165.3,100600.0,2026-07-16,2026-07-16,1006.0
20260716,000000,73W,50,2026,7,16,0,11.4,164.5,100500.0,2026-07-16,2026-07-16,1005.0
20260716,000000,73W,50,2026,7,16,0,12.200000000000001,164.20000000000002,100600.0,2026-07-16,2026-07-16,1006.0
20260716,000000,73W,50,2026,7,16,0,12.5,163.4,100500.0,2026-07-16,2026-07-16,1005.0
20260716,000000,73W,50,2026,7,16,0,12.8,162.20000000000002,100600.0,2026-07-16,2026-07-16,1006.0
20260716,000000,73W,50,2026,7,16,0,12.200000000000001,161.70000000000002,100300.0,2026-07-16,2026-07-16,1003.0
20260716,000000,73W,50,2026,7,16,0,12.8,161.1,100400.0,2026-07-16,2026-07-16,1004.0
20260716,000000,73W,50,2026,7,16,0,12.8,160.3,100200.0,2026-07-16,2026-07-16,1002.0
20260716,000000,73W,50,2026,7,16,0,13.3,159.70000000000002,100500.0,2026-07-16,2026-07-16,1005.0
20260716,000000,73W,50,2026,7,16,0,14.200000000000001,159.1,100200.0,2026-07-16,2026-07-16,1002.0
20260716,000000,73W,50,2026,7,16,0,14.700000000000001,157.20000000000002,100200.0,2026-07-16,2026-07-16,1002.0
20260716,000000,73W,50,2026,7,16,0,14.5,156.9,100400.0,2026-07-16,2026-07-16,1004.0
20260716,000000,73W,50,2026,7,16,0,15.0,156.6,100100.0,2026-07-16,2026-07-16,1001.0
20260716,000000,73W,50,2026,7,16,0,14.5,157.5,100200.0,2026-07-16,2026-07-16,1002.0
20260716,000000,73W,50,2026,7,16,0,15.3,158.0,99600.0,2026-07-16,2026-07-16,996.0
20260716,000000,73W,50,2026,7,16,0,16.4,158.3,99800.0,2026-07-16,2026-07-16,998.0
20260716,000000,73W,50,2026,7,16,0,16.7,158.0,99400.0,2026-07-16,2026-07-16,994.0
20260716,000000,73W,50,2026,7,16,0,16.7,159.1,99200.0,2026-07-16,2026-07-16,992.0
20260716,000000,73W,50,2026,7,16,0,17.8,159.70000000000002,98800.0,2026-07-16,2026-07-16,988.0
20260716,000000,73W,50,2026,7,16,0,19.0,160.8,98600.0,2026-07-16,2026-07-16,986.0
20260716,000000,73W,50,2026,7,16,0,19.8,162.0,98100.0,2026-07-16,2026-07-16,981.0
20260716,000000,73W,50,2026,7,16,0,20.900000000000002,162.5,97700.0,2026-07-16,2026-07-16,977.0
20260716,000000,73W,50,2026,7,16,0,21.8,163.6,97200.0,2026-07-16,2026-07-16,972.0
20260716,000000,73W,50,2026,7,16,0,23.5,165.3,97200.0,2026-07-16,2026-07-16,972.0
20260716,000000,73W,50,2026,7,16,0,25.2,165.9,96800.0,2026-07-16,2026-07-16,968.0
20260716,000000,73W,50,2026,7,16,0,27.1,167.0,96800.0,2026-07-16,2026-07-16,968.0
20260716,000000,73W,51,2026,7,16,0,9.4,134.4,100600.0,2026-07-16,2026-07-16,1006.0
20260716,000000,73W,51,2026,7,16,0,8.3,136.6,100500.0,2026-07-16,2026-07-16,1005.0
20260716,000000,73W,51,2026,7,16,0,9.700000000000001,139.70000000000002,100300.0,2026-07-16,2026-07-16,1003.0
20260716,000000,73W,51,2026,7,16,0,11.1,138.0,100300.0,2026-07-16,2026-07-16,1003.0
20260716,000000,73W,51,2026,7,16,0,10.5,138.0,100500.0,2026-07-16,2026-07-16,1005.0
20260716,000000,73W,51,2026,7,16,0,11.6,137.5,100200.0,2026-07-16,2026-07-16,1002.0
20260716,000000,73W,51,2026,7,16,0,11.1,133.8,100300.0,2026-07-16,2026-07-16,1003.0
20260716,000000,73W,51,2026,7,16,0,11.4,133.8,100500.0,2026-07-16,2026-07-16,1005.0
20260716,000000,73W,51,2026,7,16,0,11.6,134.1,100300.0,2026-07-16,2026-07-16,1003.0
20260716,000000,73W,51,2026,7,16,0,12.8,132.1,100400.0,2026-07-16,2026-07-16,1004.0
20260716,000000,73W,51,2026,7,16,0,12.200000000000001,129.6,100500.0,2026-07-16,2026-07-16,1005.0
20260716,000000,73W,51,2026,7,16,0,11.9,129.0,100100.0,2026-07-16,2026-07-16,1001.0
20260716,000000,73W,51,2026,7,16,0,13.0,129.8,100400.0,2026-07-16,2026-07-16,1004.0
20260716,000000,73W,51,2026,7,16,0,13.0,126.8,100300.0,2026-07-16,2026-07-16,1003.0
20260716,000000,73W,51,2026,7,16,0,13.3,127.9,100100.0,2026-07-16,2026-07-16,1001.0
20260716,000000,73W,51,2026,7,16,0,14.200000000000001,125.4,100000.0,2026-07-16,2026-07-16,1000.0
20260716,000000,73W,51,2026,7,16,0,14.700000000000001,125.10000000000001,100100.0,2026-07-16,2026-07-16,1001.0
20260716,000000,73W,51,2026,7,16,0,14.5,124.3,99900.0,2026-07-16,2026-07-16,999.0
20260716,000000,73W,51,2026,7,16,0,14.700000000000001,123.7,99800.0,2026-07-16,2026-07-16,998.0
20260716,000000,73W,51,2026,7,16,0,14.5,122.3,99600.0,2026-07-16,2026-07-16,996.0
20260716,000000,73W,51,2026,7,16,0,14.5,121.7,100000.0,2026-07-16,2026-07-16,1000.0
20260716,000000,74W,1,2026,7,16,0,5.7,160.3,100800.0,2026-07-16,2026-07-16,1008.0
20260716,000000,74W,1,2026,7,16,0,7.1000000000000005,160.0,100900.0,2026-07-16,2026-07-16,1009.0
20260716,000000,74W,2,2026,7,16,0,8.0,144.0,100500.0,2026-07-16,2026-07-16,1005.0
20260716,000000,74W,2,2026,7,16,0,6.9,145.9,100200.0,2026-07-16,2026-07-16,1002.0
20260716,000000,74W,2,2026,7,16,0,8.0,147.0,100300.0,2026-07-16,2026-07-16,1003.0
20260716,000000,74W,2,2026,7,16,0,9.1,147.3,100100.0,2026-07-16,2026-07-16,1001.0
20260716,000000,74W,4,2026,7,16,0,15.0,176.6,100700.0,2026-07-16,2026-07-16,1007.0
20260716,000000,74W,4,2026,7,16,0,15.0,174.6,100600.0,2026-07-16,2026-07-16,1006.0
20260716,000000,74W,4,2026,7,16,0,14.5,172.9,100500.0,2026-07-16,2026-07-16,1005.0
20260716,000000,74W,4,2026,7,16,0,14.5,172.1,100700.0,2026-07-16,2026-07-16,1007.0
20260716,000000,74W,4,2026,7,16,0,14.700000000000001,169.8,100500.0,2026-07-16,2026-07-16,1005.0
20260716,000000,74W,4,2026,7,16,0,14.200000000000001,166.70000000000002,100500.0,2026-07-16,2026-07-16,1005.0
20260716,000000,74W,4,2026,7,16,0,16.4,162.8,100700.0,2026-07-16,2026-07-16,1007.0
20260716,000000,74W,4,2026,7,16,0,16.4,160.5,100700.0,2026-07-16,2026-07-16,1007.0
20260716,000000,74W,4,2026,7,16,0,16.4,158.0,100500.0,2026-07-16,2026-07-16,1005.0
20260716,000000,74W,4,2026,7,16,0,16.7,158.0,100800.0,2026-07-16,2026-07-16,1008.0
20260716,000000,74W,4,2026,7,16,0,15.3,156.3,100500.0,2026-07-16,2026-07-16,1005.0
20260716,000000,74W,4,2026,7,16,0,15.6,153.8,100500.0,2026-07-16,2026-07-16,1005.0
20260716,000000,74W,4,2026,7,16,0,17.3,152.70000000000002,100600.0,2026-07-16,2026-07-16,1006.0
20260716,000000,74W,4,2026,7,16,0,17.3,149.9,100700.0,2026-07-16,2026-07-16,1007.0
20260716,000000,74W,4,2026,7,16,0,18.1,151.0,100400.0,2026-07-16,2026-07-16,1004.0
20260716,000000,74W,5,2026,7,16,0,10.8,154.6,100700.0,2026-07-16,2026-07-16,1007.0
20260716,000000,74W,5,2026,7,16,0,9.700000000000001,155.8,100600.0,2026-07-16,2026-07-16,1006.0
20260716,000000,74W,5,2026,7,16,0,10.0,158.9,100400.0,2026-07-16,2026-07-16,1004.0
20260716,000000,74W,5,2026,7,16,0,10.5,159.1,100600.0,2026-07-16,2026-07-16,1006.0
20260716,000000,74W,5,2026,7,16,0,10.8,159.1,100400.0,2026-07-16,2026-07-16,1004.0
20260716,000000,74W,5,2026,7,16,0,11.6,158.3,100500.0,2026-07-16,2026-07-16,1005.0
20260716,000000,74W,5,2026,7,16,0,11.6,158.6,100300.0,2026-07-16,2026-07-16,1003.0
20260716,000000,74W,5,2026,7,16,0,12.200000000000001,157.20000000000002,100600.0,2026-07-16,2026-07-16,1006.0
20260716,000000,74W,5,2026,7,16,0,12.5,157.20000000000002,100300.0,2026-07-16,2026-07-16,1003.0
20260716,000000,74W,5,2026,7,16,0,13.0,156.9,100500.0,2026-07-16,2026-07-16,1005.0
20260716,000000,74W,5,2026,7,16,0,13.0,156.3,100200.0,2026-07-16,2026-07-16,1002.0
20260716,000000,74W,5,2026,7,16,0,13.6,155.20000000000002,100400.0,2026-07-16,2026-07-16,1004.0
20260716,000000,74W,5,2026,7,16,0,14.200000000000001,154.4,100200.0,2026-07-16,2026-07-16,1002.0
20260716,000000,74W,5,2026,7,16,0,14.200000000000001,154.6,100200.0,2026-07-16,2026-07-16,1002.0
20260716,000000,74W,5,2026,7,16,0,14.700000000000001,153.8,100000.0,2026-07-16,2026-07-16,1000.0
20260716,000000,74W,5,2026,7,16,0,14.700000000000001,153.0,100200.0,2026-07-16,2026-07-16,1002.0
20260716,000000,74W,5,2026,7,16,0,14.5,153.0,99800.0,2026-07-16,2026-07-16,998.0
20260716,000000,74W,5,2026,7,16,0,14.5,153.0,99800.0,2026-07-16,2026-07-16,998.0
20260716,000000,74W,5,2026,7,16,0,14.700000000000001,153.8,99400.0,2026-07-16,2026-07-16,994.0
20260716,000000,74W,5,2026,7,16,0,15.200000000000001,153.4,99600.0,2026-07-16,2026-07-16,996.0
20260716,000000,74W,5,2026,7,16,0,15.9,153.0,99000.0,2026-07-16,2026-07-16,990.0
20260716,000000,74W,5,2026,7,16,0,16.1,153.20000000000002,98900.0,2026-07-16,2026-07-16,989.0
20260716,000000,74W,5,2026,7,16,0,17.0,153.20000000000002,98400.0,2026-07-16,2026-07-16,984.0
20260716,000000,74W,5,2026,7,16,0,17.3,153.0,98200.0,2026-07-16,2026-07-16,982.0
20260716,000000,74W,5,2026,7,16,0,18.1,152.70000000000002,97800.0,2026-07-16,2026-07-16,978.0
20260716,000000,74W,5,2026,7,16,0,18.400000000000002,151.8,97700.0,2026-07-16,2026-07-16,977.0
20260716,000000,74W,8,2026,7,16,0,19.0,116.7,100800.0,2026-07-16,2026-07-16,1008.0
20260716,000000,74W,8,2026,7,16,0,19.2,114.10000000000001,100700.0,2026-07-16,2026-07-16,1007.0
20260716,000000,74W,8,2026,7,16,0,19.5,113.3,100700.0,2026-07-16,2026-07-16,1007.0
20260716,000000,74W,8,2026,7,16,0,19.5,112.5,100700.0,2026-07-16,2026-07-16,1007.0
20260716,000000,74W,8,2026,7,16,0,19.5,111.0,100700.0,2026-07-16,2026-07-16,1007.0
20260716,000000,74W,8,2026,7,16,0,20.1,108.5,100700.0,2026-07-16,2026-07-16,1007.0
20260716,000000,74W,9,2026,7,16,0,13.6,116.7,100500.0,2026-07-16,2026-07-16,1005.0
20260716,000000,74W,9,2026,7,16,0,15.0,118.4,100400.0,2026-07-16,2026-07-16,1004.0
20260716,000000,74W,9,2026,7,16,0,15.0,118.4,100400.0,2026-07-16,2026-07-16,1004.0
20260716,000000,74W,9,2026,7,16,0,15.6,117.0,100300.0,2026-07-16,2026-07-16,1003.0
20260716,000000,74W,9,2026,7,16,0,15.0,116.4,100400.0,2026-07-16,2026-07-16,1004.0
20260716,000000,74W,9,2026,7,16,0,16.2,115.7,100200.0,2026-07-16,2026-07-16,1002.0
20260716,000000,74W,9,2026,7,16,0,17.0,114.7,100300.0,2026-07-16,2026-07-16,1003.0
20260716,000000,74W,9,2026,7,16,0,17.6,113.9,100200.0,2026-07-16,2026-07-16,1002.0
20260716,000000,74W,9,2026,7,16,0,18.400000000000002,112.2,100100.0,2026-07-16,2026-07-16,1001.0
20260716,000000,74W,10,2026,7,16,0,23.2,174.3,100700.0,2026-07-16,2026-07-16,1007.0
20260716,000000,74W,10,2026,7,16,0,23.5,173.20000000000002,100800.0,2026-07-16,2026-07-16,1008.0
20260716,000000,74W,10,2026,7,16,0,23.2,172.9,100700.0,2026-07-16,2026-07-16,1007.0
20260716,000000,74W,10,2026,7,16,0,23.2,172.4,100700.0,2026-07-16,2026-07-16,1007.0
20260716,000000,74W,10,2026,7,16,0,22.6,172.4,100600.0,2026-07-16,2026-07-16,1006.0
20260716,000000,74W,10,2026,7,16,0,22.3,169.8,100600.0,2026-07-16,2026-07-16,1006.0
20260716,000000,74W,10,2026,7,16,0,21.8,169.5,100200.0,2026-07-16,2026-07-16,1002.0
20260716,000000,74W,10,2026,7,16,0,21.5,167.6,100300.0,2026-07-16,2026-07-16,1003.0
20260716,000000,74W,10,2026,7,16,0,20.7,167.0,100000.0,2026-07-16,2026-07-16,1000.0
20260716,000000,74W,10,2026,7,16,0,20.900000000000002,165.6,99600.0,2026-07-16,2026-07-16,996.0
20260716,000000,74W,10,2026,7,16,0,20.900000000000002,164.5,99100.0,2026-07-16,2026-07-16,991.0
20260716,000000,74W,10,2026,7,16,0,21.2,163.6,99000.0,2026-07-16,2026-07-16,990.0
20260716,000000,74W,10,2026,7,16,0,21.8,162.5,98500.0,2026-07-16,2026-07-16,985.0
20260716,000000,74W,10,2026,7,16,0,22.1,161.70000000000002,98200.0,2026-07-16,2026-07-16,982.0
20260716,000000,74W,10,2026,7,16,0,22.6,160.5,98000.0,2026-07-16,2026-07-16,980.0
20260716,000000,74W,10,2026,7,16,0,23.2,159.4,97900.0,2026-07-16,2026-07-16,979.0
20260716,000000,74W,10,2026,7,16,0,23.8,158.3,97600.0,2026-07-16,2026-07-16,976.0
20260716,000000,74W,10,2026,7,16,0,24.3,157.5,97500.0,2026-07-16,2026-07-16,975.0
20260716,000000,74W,10,2026,7,16,0,25.2,156.3,97500.0,2026-07-16,2026-07-16,975.0
20260716,000000,74W,10,2026,7,16,0,25.7,155.5,97300.0,2026-07-16,2026-07-16,973.0
20260716,000000,74W,10,2026,7,16,0,26.6,154.9,97100.0,2026-07-16,2026-07-16,971.0
20260716,000000,74W,10,2026,7,16,0,27.1,153.8,97000.0,2026-07-16,2026-07-16,970.0
20260716,000000,74W,10,2026,7,16,0,28.0,153.5,96800.0,2026-07-16,2026-07-16,968.0
20260716,000000,74W,10,2026,7,16,0,28.5,152.70000000000002,96900.0,2026-07-16,2026-07-16,969.0
20260716,000000,74W,10,2026,7,16,0,29.1,152.4,96500.0,2026-07-16,2026-07-16,965.0
20260716,000000,74W,10,2026,7,16,0,29.400000000000002,151.8,96700.0,2026-07-16,2026-07-16,967.0
20260716,000000,74W,10,2026,7,16,0,30.5,151.8,97100.0,2026-07-16,2026-07-16,971.0
20260716,000000,74W,10,2026,7,16,0,31.1,151.0,97100.0,2026-07-16,2026-07-16,971.0
20260716,000000,74W,10,2026,7,16,0,31.900000000000002,150.1,97300.0,2026-07-16,2026-07-16,973.0
20260716,000000,74W,10,2026,7,16,0,32.5,149.6,97400.0,2026-07-16,2026-07-16,974.0
20260716,000000,74W,10,2026,7,16,0,33.3,149.3,97100.0,2026-07-16,2026-07-16,971.0
20260716,000000,74W,10,2026,7,16,0,33.9,148.70000000000002,97200.0,2026-07-16,2026-07-16,972.0
20260716,000000,74W,10,2026,7,16,0,34.7,148.5,97300.0,2026-07-16,2026-07-16,973.0
20260716,000000,74W,10,2026,7,16,0,35.6,148.20000000000002,97300.0,2026-07-16,2026-07-16,973.0
20260716,000000,74W,11,2026,7,16,0,12.5,135.0,100400.0,2026-07-16,2026-07-16,1004.0
20260716,000000,74W,11,2026,7,16,0,11.1,133.8,100500.0,2026-07-16,2026-07-16,1005.0
20260716,000000,74W,11,2026,7,16,0,11.1,133.8,100300.0,2026-07-16,2026-07-16,1003.0
20260716,000000,74W,11,2026,7,16,0,11.4,133.8,100400.0,2026-07-16,2026-07-16,1004.0
20260716,000000,74W,11,2026,7,16,0,11.4,132.1,100200.0,2026-07-16,2026-07-16,1002.0
20260716,000000,74W,11,2026,7,16,0,12.3,131.5,100300.0,2026-07-16,2026-07-16,1003.0
20260716,000000,74W,11,2026,7,16,0,11.4,130.2,100100.0,2026-07-16,2026-07-16,1001.0
20260716,000000,74W,11,2026,7,16,0,12.200000000000001,129.9,100200.0,2026-07-16,2026-07-16,1002.0
20260716,000000,74W,11,2026,7,16,0,12.200000000000001,129.9,100000.0,2026-07-16,2026-07-16,1000.0
20260716,000000,74W,11,2026,7,16,0,12.200000000000001,127.9,100100.0,2026-07-16,2026-07-16,1001.0
20260716,000000,74W,11,2026,7,16,0,12.200000000000001,126.8,99700.0,2026-07-16,2026-07-16,997.0
20260716,000000,74W,11,2026,7,16,0,12.5,126.5,99700.0,2026-07-16,2026-07-16,997.0
20260716,000000,74W,11,2026,7,16,0,12.8,126.0,99600.0,2026-07-16,2026-07-16,996.0
20260716,000000,74W,11,2026,7,16,0,12.8,125.10000000000001,99600.0,2026-07-16,2026-07-16,996.0
20260716,000000,74W,11,2026,7,16,0,12.200000000000001,124.0,99600.0,2026-07-16,2026-07-16,996.0
20260716,000000,74W,11,2026,7,16,0,12.5,124.0,99700.0,2026-07-16,2026-07-16,997.0
20260716,000000,74W,11,2026,7,16,0,12.8,124.0,99500.0,2026-07-16,2026-07-16,995.0
20260716,000000,74W,11,2026,7,16,0,13.0,123.4,99900.0,2026-07-16,2026-07-16,999.0
20260716,000000,74W,11,2026,7,16,0,13.3,123.10000000000001,99900.0,2026-07-16,2026-07-16,999.0
20260716,000000,74W,11,2026,7,16,0,14.200000000000001,122.9,100000.0,2026-07-16,2026-07-16,1000.0
20260716,000000,74W,12,2026,7,16,0,14.700000000000001,128.5,100800.0,2026-07-16,2026-07-16,1008.0
20260716,000000,74W,12,2026,7,16,0,15.0,129.0,100600.0,2026-07-16,2026-07-16,1006.0
20260716,000000,74W,12,2026,7,16,0,15.0,129.0,100800.0,2026-07-16,2026-07-16,1008.0
20260716,000000,74W,12,2026,7,16,0,14.8,126.9,100600.0,2026-07-16,2026-07-16,1006.0
20260716,000000,74W,12,2026,7,16,0,14.5,126.5,100500.0,2026-07-16,2026-07-16,1005.0
20260716,000000,74W,12,2026,7,16,0,14.5,125.4,100600.0,2026-07-16,2026-07-16,1006.0
20260716,000000,74W,12,2026,7,16,0,13.6,126.0,100400.0,2026-07-16,2026-07-16,1004.0
20260716,000000,74W,12,2026,7,16,0,14.5,124.5,100500.0,2026-07-16,2026-07-16,1005.0
20260716,000000,74W,12,2026,7,16,0,13.9,124.5,100400.0,2026-07-16,2026-07-16,1004.0
20260716,000000,74W,12,2026,7,16,0,15.0,123.10000000000001,100500.0,2026-07-16,2026-07-16,1005.0
20260716,000000,74W,12,2026,7,16,0,15.9,120.3,100500.0,2026-07-16,2026-07-16,1005.0
20260716,000000,74W,12,2026,7,16,0,16.1,118.60000000000001,100300.0,2026-07-16,2026-07-16,1003.0
20260716,000000,74W,12,2026,7,16,0,17.400000000000002,117.2,100400.0,2026-07-16,2026-07-16,1004.0
20260716,000000,74W,12,2026,7,16,0,18.7,113.60000000000001,100400.0,2026-07-16,2026-07-16,1004.0
20260716,000000,74W,12,2026,7,16,0,17.8,112.2,100300.0,2026-07-16,2026-07-16,1003.0
20260716,000000,74W,12,2026,7,16,0,18.8,111.5,100300.0,2026-07-16,2026-07-16,1003.0
20260716,000000,74W,12,2026,7,16,0,20.400000000000002,111.3,100300.0,2026-07-16,2026-07-16,1003.0
20260716,000000,74W,12,2026,7,16,0,21.2,110.5,100400.0,2026-07-16,2026-07-16,1004.0
20260716,000000,74W,12,2026,7,16,0,19.8,108.0,100500.0,2026-07-16,2026-07-16,1005.0
20260716,000000,74W,14,2026,7,16,0,21.2,146.20000000000002,100700.0,2026-07-16,2026-07-16,1007.0
20260716,000000,74W,14,2026,7,16,0,20.900000000000002,145.9,100600.0,2026-07-16,2026-07-16,1006.0
20260716,000000,74W,14,2026,7,16,0,21.5,145.6,100800.0,2026-07-16,2026-07-16,1008.0
20260716,000000,74W,14,2026,7,16,0,21.8,147.3,100600.0,2026-07-16,2026-07-16,1006.0
20260716,000000,74W,14,2026,7,16,0,22.900000000000002,147.0,100800.0,2026-07-16,2026-07-16,1008.0
20260716,000000,74W,14,2026,7,16,0,21.2,144.5,100900.0,2026-07-16,2026-07-16,1009.0
20260716,000000,74W,14,2026,7,16,0,23.8,143.70000000000002,100700.0,2026-07-16,2026-07-16,1007.0
20260716,000000,74W,14,2026,7,16,0,24.3,143.4,100600.0,2026-07-16,2026-07-16,1006.0
20260716,000000,74W,14,2026,7,16,0,25.2,143.1,100700.0,2026-07-16,2026-07-16,1007.0
20260716,000000,74W,14,2026,7,16,0,25.7,142.8,100500.0,2026-07-16,2026-07-16,1005.0
20260716,000000,74W,14,2026,7,16,0,26.3,142.8,100500.0,2026-07-16,2026-07-16,1005.0
20260716,000000,74W,14,2026,7,16,0,27.1,142.5,100400.0,2026-07-16,2026-07-16,1004.0
20260716,000000,74W,14,2026,7,16,0,28.3,142.8,100400.0,2026-07-16,2026-07-16,1004.0
20260716,000000,74W,14,2026,7,16,0,28.8,143.1,100400.0,2026-07-16,2026-07-16,1004.0
20260716,000000,74W,14,2026,7,16,0,29.7,142.8,100600.0,2026-07-16,2026-07-16,1006.0
20260716,000000,74W,14,2026,7,16,0,30.5,143.1,100500.0,2026-07-16,2026-07-16,1005.0
20260716,000000,74W,14,2026,7,16,0,31.400000000000002,143.4,100600.0,2026-07-16,2026-07-16,1006.0
20260716,000000,74W,14,2026,7,16,0,32.2,143.4,100500.0,2026-07-16,2026-07-16,1005.0
20260716,000000,74W,14,2026,7,16,0,32.8,144.0,100800.0,2026-07-16,2026-07-16,1008.0
20260716,000000,74W,14,2026,7,16,0,33.9,144.5,100600.0,2026-07-16,2026-07-16,1006.0
20260716,000000,74W,14,2026,7,16,0,34.5,145.4,100600.0,2026-07-16,2026-07-16,1006.0
20260716,000000,74W,14,2026,7,16,0,35.300000000000004,145.9,100500.0,2026-07-16,2026-07-16,1005.0
20260716,000000,74W,14,2026,7,16,0,36.1,146.5,100700.0,2026-07-16,2026-07-16,1007.0
20260716,000000,74W,14,2026,7,16,0,37.300000000000004,147.0,100600.0,2026-07-16,2026-07-16,1006.0
20260716,000000,74W,14,2026,7,16,0,38.4,148.5,100700.0,2026-07-16,2026-07-16,1007.0
20260716,000000,74W,14,2026,7,16,0,39.800000000000004,149.0,100600.0,2026-07-16,2026-07-16,1006.0
20260716,000000,74W,14,2026,7,16,0,41.5,150.70000000000002,100600.0,2026-07-16,2026-07-16,1006.0
20260716,000000,74W,14,2026,7,16,0,42.9,152.1,100400.0,2026-07-16,2026-07-16,1004.0
20260716,000000,74W,14,2026,7,16,0,44.6,153.5,100300.0,2026-07-16,2026-07-16,1003.0
20260716,000000,74W,16,2026,7,16,0,15.3,164.5,100500.0,2026-07-16,2026-07-16,1005.0
20260716,000000,74W,16,2026,7,16,0,16.1,163.1,100200.0,2026-07-16,2026-07-16,1002.0
20260716,000000,74W,16,2026,7,16,0,17.0,159.70000000000002,100200.0,2026-07-16,2026-07-16,1002.0
20260716,000000,74W,17,2026,7,16,0,18.1,120.0,100400.0,2026-07-16,2026-07-16,1004.0
20260716,000000,74W,17,2026,7,16,0,17.3,118.9,100500.0,2026-07-16,2026-07-16,1005.0
20260716,000000,74W,17,2026,7,16,0,15.9,120.3,100300.0,2026-07-16,2026-07-16,1003.0
20260716,000000,74W,18,2026,7,16,0,6.3,169.5,100800.0,2026-07-16,2026-07-16,1008.0
20260716,000000,74W,18,2026,7,16,0,7.7,166.70000000000002,100400.0,2026-07-16,2026-07-16,1004.0
20260716,000000,74W,18,2026,7,16,0,9.1,166.20000000000002,100600.0,2026-07-16,2026-07-16,1006.0
20260716,000000,74W,18,2026,7,16,0,10.5,163.1,100500.0,2026-07-16,2026-07-16,1005.0
20260716,000000,74W,18,2026,7,16,0,9.1,160.0,100400.0,2026-07-16,2026-07-16,1004.0
20260716,000000,74W,18,2026,7,16,0,9.700000000000001,157.70000000000002,100600.0,2026-07-16,2026-07-16,1006.0
20260716,000000,74W,18,2026,7,16,0,10.8,155.5,100500.0,2026-07-16,2026-07-16,1005.0
20260716,000000,74W,18,2026,7,16,0,10.200000000000001,154.9,100300.0,2026-07-16,2026-07-16,1003.0
20260716,000000,74W,18,2026,7,16,0,10.0,153.5,100300.0,2026-07-16,2026-07-16,1003.0
20260716,000000,74W,18,2026,7,16,0,10.200000000000001,150.4,100100.0,2026-07-16,2026-07-16,1001.0
20260716,000000,74W,18,2026,7,16,0,10.200000000000001,147.0,100400.0,2026-07-16,2026-07-16,1004.0
20260716,000000,74W,20,2026,7,16,0,12.8,120.3,100600.0,2026-07-16,2026-07-16,1006.0
20260716,000000,74W,20,2026,7,16,0,14.200000000000001,116.10000000000001,100400.0,2026-07-16,2026-07-16,1004.0
20260716,000000,74W,20,2026,7,16,0,13.9,115.5,100500.0,2026-07-16,2026-07-16,1005.0
20260716,000000,74W,20,2026,7,16,0,13.9,115.0,100500.0,2026-07-16,2026-07-16,1005.0
20260716,000000,74W,20,2026,7,16,0,14.200000000000001,114.4,100500.0,2026-07-16,2026-07-16,1005.0
20260716,000000,74W,20,2026,7,16,0,14.5,112.2,100400.0,2026-07-16,2026-07-16,1004.0
20260716,000000,74W,20,2026,7,16,0,14.200000000000001,111.3,100300.0,2026-07-16,2026-07-16,1003.0
20260716,000000,74W,20,2026,7,16,0,13.6,111.3,100400.0,2026-07-16,2026-07-16,1004.0
20260716,000000,74W,20,2026,7,16,0,13.9,110.8,100500.0,2026-07-16,2026-07-16,1005.0
20260716,000000,74W,20,2026,7,16,0,13.3,111.9,100400.0,2026-07-16,2026-07-16,1004.0
20260716,000000,74W,20,2026,7,16,0,13.6,110.8,100400.0,2026-07-16,2026-07-16,1004.0
20260716,000000,74W,21,2026,7,16,0,9.4,170.6,100300.0,2026-07-16,2026-07-16,1003.0
20260716,000000,74W,21,2026,7,16,0,8.8,169.8,100400.0,2026-07-16,2026-07-16,1004.0
20260716,000000,74W,21,2026,7,16,0,8.5,169.5,100200.0,2026-07-16,2026-07-16,1002.0
20260716,000000,74W,21,2026,7,16,0,8.5,169.8,100100.0,2026-07-16,2026-07-16,1001.0
20260716,000000,74W,21,2026,7,16,0,9.4,170.4,100000.0,2026-07-16,2026-07-16,1000.0
20260716,000000,74W,21,2026,7,16,0,11.1,168.70000000000002,100000.0,2026-07-16,2026-07-16,1000.0
20260716,000000,74W,21,2026,7,16,0,10.8,168.1,99600.0,2026-07-16,2026-07-16,996.0
20260716,000000,74W,21,2026,7,16,0,11.9,167.0,99700.0,2026-07-16,2026-07-16,997.0
20260716,000000,74W,21,2026,7,16,0,12.5,164.8,99400.0,2026-07-16,2026-07-16,994.0
20260716,000000,74W,21,2026,7,16,0,12.5,163.9,99600.0,2026-07-16,2026-07-16,996.0
20260716,000000,74W,21,2026,7,16,0,12.5,163.1,99000.0,2026-07-16,2026-07-16,990.0
20260716,000000,74W,21,2026,7,16,0,13.6,162.20000000000002,99100.0,2026-07-16,2026-07-16,991.0
20260716,000000,74W,21,2026,7,16,0,14.200000000000001,161.4,98600.0,2026-07-16,2026-07-16,986.0
20260716,000000,74W,21,2026,7,16,0,15.0,160.8,98900.0,2026-07-16,2026-07-16,989.0
20260716,000000,74W,21,2026,7,16,0,15.9,160.0,98600.0,2026-07-16,2026-07-16,986.0
20260716,000000,74W,21,2026,7,16,0,16.7,159.4,98600.0,2026-07-16,2026-07-16,986.0
20260716,000000,74W,21,2026,7,16,0,17.8,159.1,98100.0,2026-07-16,2026-07-16,981.0
20260716,000000,74W,21,2026,7,16,0,18.7,158.9,98200.0,2026-07-16,2026-07-16,982.0
20260716,000000,74W,21,2026,7,16,0,19.8,158.0,97900.0,2026-07-16,2026-07-16,979.0
20260716,000000,74W,21,2026,7,16,0,20.1,157.5,97800.0,2026-07-16,2026-07-16,978.0
20260716,000000,74W,21,2026,7,16,0,20.7,157.70000000000002,97500.0,2026-07-16,2026-07-16,975.0
20260716,000000,74W,21,2026,7,16,0,22.6,157.70000000000002,97600.0,2026-07-16,2026-07-16,976.0
20260716,000000,74W,21,2026,7,16,0,24.6,156.3,97400.0,2026-07-16,2026-07-16,974.0
20260716,000000,74W,21,2026,7,16,0,25.7,154.9,97000.0,2026-07-16,2026-07-16,970.0
20260716,000000,74W,23,2026,7,16,0,13.0,139.70000000000002,100400.0,2026-07-16,2026-07-16,1004.0
20260716,000000,74W,23,2026,7,16,0,13.3,138.9,100200.0,2026-07-16,2026-07-16,1002.0
20260716,000000,74W,23,2026,7,16,0,13.4,137.9,100400.0,2026-07-16,2026-07-16,1004.0
20260716,000000,74W,23,2026,7,16,0,13.6,135.0,100000.0,2026-07-16,2026-07-16,1000.0
20260716,000000,74W,23,2026,7,16,0,13.3,135.0,100100.0,2026-07-16,2026-07-16,1001.0
20260716,000000,74W,23,2026,7,16,0,13.9,134.4,99800.0,2026-07-16,2026-07-16,998.0
20260716,000000,74W,23,2026,7,16,0,14.5,132.4,99800.0,2026-07-16,2026-07-16,998.0
20260716,000000,74W,23,2026,7,16,0,14.5,131.6,99500.0,2026-07-16,2026-07-16,995.0
20260716,000000,74W,23,2026,7,16,0,15.200000000000001,131.0,99500.0,2026-07-16,2026-07-16,995.0
20260716,000000,74W,23,2026,7,16,0,15.9,129.9,99200.0,2026-07-16,2026-07-16,992.0
20260716,000000,74W,23,2026,7,16,0,16.2,128.9,99100.0,2026-07-16,2026-07-16,991.0
20260716,000000,74W,23,2026,7,16,0,17.1,128.0,98900.0,2026-07-16,2026-07-16,989.0
20260716,000000,74W,23,2026,7,16,0,17.0,126.8,98800.0,2026-07-16,2026-07-16,988.0
20260716,000000,74W,23,2026,7,16,0,18.1,126.5,98400.0,2026-07-16,2026-07-16,984.0
20260716,000000,74W,23,2026,7,16,0,17.8,125.4,98400.0,2026-07-16,2026-07-16,984.0
20260716,000000,74W,23,2026,7,16,0,19.0,124.3,98200.0,2026-07-16,2026-07-16,982.0
20260716,000000,74W,23,2026,7,16,0,19.2,124.0,98400.0,2026-07-16,2026-07-16,984.0
20260716,000000,74W,23,2026,7,16,0,19.900000000000002,123.4,98100.0,2026-07-16,2026-07-16,981.0
20260716,000000,74W,23,2026,7,16,0,20.900000000000002,122.3,98300.0,2026-07-16,2026-07-16,983.0
20260716,000000,74W,23,2026,7,16,0,20.900000000000002,121.7,98100.0,2026-07-16,2026-07-16,981.0
20260716,000000,74W,23,2026,7,16,0,22.1,121.7,98100.0,2026-07-16,2026-07-16,981.0
20260716,000000,74W,23,2026,7,16,0,24.6,120.60000000000001,98800.0,2026-07-16,2026-07-16,988.0
20260716,000000,74W,23,2026,7,16,0,24.3,118.9,98800.0,2026-07-16,2026-07-16,988.0
20260716,000000,74W,23,2026,7,16,0,24.3,118.60000000000001,99000.0,2026-07-16,2026-07-16,990.0
20260716,000000,74W,23,2026,7,16,0,24.6,118.4,99500.0,2026-07-16,2026-07-16,995.0
20260716,000000,74W,23,2026,7,16,0,26.3,116.4,99600.0,2026-07-16,2026-07-16,996.0
20260716,000000,74W,23,2026,7,16,0,27.400000000000002,116.7,99900.0,2026-07-16,2026-07-16,999.0
20260716,000000,74W,23,2026,7,16,0,27.7,115.3,99900.0,2026-07-16,2026-07-16,999.0
20260716,000000,74W,23,2026,7,16,0,27.7,113.9,100100.0,2026-07-16,2026-07-16,1001.0
20260716,000000,74W,25,2026,7,16,0,30.8,170.1,101000.0,2026-07-16,2026-07-16,1010.0
20260716,000000,74W,25,2026,7,16,0,30.5,170.1,100900.0,2026-07-16,2026-07-16,1009.0
20260716,000000,74W,25,2026,7,16,0,30.2,171.5,101000.0,2026-07-16,2026-07-16,1010.0
20260716,000000,74W,25,2026,7,16,0,27.400000000000002,173.8,100800.0,2026-07-16,2026-07-16,1008.0
20260716,000000,74W,25,2026,7,16,0,27.1,173.8,100700.0,2026-07-16,2026-07-16,1007.0
20260716,000000,74W,25,2026,7,16,0,27.1,174.0,100700.0,2026-07-16,2026-07-16,1007.0
20260716,000000,74W,25,2026,7,16,0,27.1,174.0,100600.0,2026-07-16,2026-07-16,1006.0
20260716,000000,74W,25,2026,7,16,0,27.3,173.70000000000002,100500.0,2026-07-16,2026-07-16,1005.0
20260716,000000,74W,25,2026,7,16,0,27.7,172.6,100400.0,2026-07-16,2026-07-16,1004.0
20260716,000000,74W,25,2026,7,16,0,27.7,172.4,100500.0,2026-07-16,2026-07-16,1005.0
20260716,000000,74W,25,2026,7,16,0,27.400000000000002,172.4,100500.0,2026-07-16,2026-07-16,1005.0
20260716,000000,74W,25,2026,7,16,0,28.0,172.9,100600.0,2026-07-16,2026-07-16,1006.0
20260716,000000,74W,25,2026,7,16,0,28.5,172.4,100500.0,2026-07-16,2026-07-16,1005.0
20260716,000000,74W,25,2026,7,16,0,28.2,172.5,100600.0,2026-07-16,2026-07-16,1006.0
20260716,000000,74W,25,2026,7,16,0,28.3,172.20000000000002,100600.0,2026-07-16,2026-07-16,1006.0
20260716,000000,74W,25,2026,7,16,0,29.1,171.8,100600.0,2026-07-16,2026-07-16,1006.0
20260716,000000,74W,25,2026,7,16,0,29.400000000000002,171.0,100600.0,2026-07-16,2026-07-16,1006.0
20260716,000000,74W,25,2026,7,16,0,29.7,170.70000000000002,100700.0,2026-07-16,2026-07-16,1007.0
20260716,000000,74W,26,2026,7,16,0,14.5,161.70000000000002,100500.0,2026-07-16,2026-07-16,1005.0
20260716,000000,74W,26,2026,7,16,0,13.9,161.4,100300.0,2026-07-16,2026-07-16,1003.0
20260716,000000,74W,26,2026,7,16,0,15.3,160.0,100500.0,2026-07-16,2026-07-16,1005.0
20260716,000000,74W,26,2026,7,16,0,16.4,159.4,100200.0,2026-07-16,2026-07-16,1002.0
20260716,000000,74W,26,2026,7,16,0,17.6,158.0,100400.0,2026-07-16,2026-07-16,1004.0
20260716,000000,74W,26,2026,7,16,0,17.8,156.0,100100.0,2026-07-16,2026-07-16,1001.0
20260716,000000,74W,26,2026,7,16,0,18.1,153.8,100300.0,2026-07-16,2026-07-16,1003.0
20260716,000000,74W,26,2026,7,16,0,18.400000000000002,152.70000000000002,100000.0,2026-07-16,2026-07-16,1000.0
20260716,000000,74W,26,2026,7,16,0,20.1,152.1,100000.0,2026-07-16,2026-07-16,1000.0
20260716,000000,74W,26,2026,7,16,0,19.8,152.70000000000002,100200.0,2026-07-16,2026-07-16,1002.0
20260716,000000,74W,26,2026,7,16,0,20.1,154.1,99900.0,2026-07-16,2026-07-16,999.0
20260716,000000,74W,26,2026,7,16,0,20.400000000000002,155.8,99900.0,2026-07-16,2026-07-16,999.0
20260716,000000,74W,27,2026,7,16,0,10.5,158.3,100600.0,2026-07-16,2026-07-16,1006.0
20260716,000000,74W,27,2026,7,16,0,12.200000000000001,160.8,100600.0,2026-07-16,2026-07-16,1006.0
20260716,000000,74W,27,2026,7,16,0,12.5,160.20000000000002,100400.0,2026-07-16,2026-07-16,1004.0
20260716,000000,74W,27,2026,7,16,0,12.3,158.3,100500.0,2026-07-16,2026-07-16,1005.0
20260716,000000,74W,27,2026,7,16,0,12.3,158.1,100200.0,2026-07-16,2026-07-16,1002.0
20260716,000000,74W,27,2026,7,16,0,12.8,157.1,100200.0,2026-07-16,2026-07-16,1002.0
20260716,000000,74W,27,2026,7,16,0,13.0,157.1,99900.0,2026-07-16,2026-07-16,999.0
20260716,000000,74W,27,2026,7,16,0,13.3,156.3,100100.0,2026-07-16,2026-07-16,1001.0
20260716,000000,74W,27,2026,7,16,0,13.6,155.5,99800.0,2026-07-16,2026-07-16,998.0
20260716,000000,74W,27,2026,7,16,0,13.9,154.4,99800.0,2026-07-16,2026-07-16,998.0
20260716,000000,74W,27,2026,7,16,0,14.700000000000001,154.1,99600.0,2026-07-16,2026-07-16,996.0
20260716,000000,74W,27,2026,7,16,0,15.0,153.8,99800.0,2026-07-16,2026-07-16,998.0
20260716,000000,74W,27,2026,7,16,0,15.6,153.9,99600.0,2026-07-16,2026-07-16,996.0
20260716,000000,74W,27,2026,7,16,0,17.0,153.20000000000002,99600.0,2026-07-16,2026-07-16,996.0
20260716,000000,74W,27,2026,7,16,0,18.1,152.70000000000002,99100.0,2026-07-16,2026-07-16,991.0
20260716,000000,74W,27,2026,7,16,0,19.0,151.3,99100.0,2026-07-16,2026-07-16,991.0
20260716,000000,74W,27,2026,7,16,0,19.2,150.1,98700.0,2026-07-16,2026-07-16,987.0
20260716,000000,74W,27,2026,7,16,0,20.7,149.3,98600.0,2026-07-16,2026-07-16,986.0
20260716,000000,74W,27,2026,7,16,0,21.2,148.20000000000002,97900.0,2026-07-16,2026-07-16,979.0
20260716,000000,74W,27,2026,7,16,0,21.8,147.3,97800.0,2026-07-16,2026-07-16,978.0
20260716,000000,74W,27,2026,7,16,0,22.900000000000002,146.5,97500.0,2026-07-16,2026-07-16,975.0
20260716,000000,74W,27,2026,7,16,0,23.8,146.20000000000002,97100.0,2026-07-16,2026-07-16,971.0
20260716,000000,74W,28,2026,7,16,0,10.4,146.1,100700.0,2026-07-16,2026-07-16,1007.0
20260716,000000,74W,28,2026,7,16,0,12.200000000000001,148.70000000000002,100700.0,2026-07-16,2026-07-16,1007.0
20260716,000000,74W,28,2026,7,16,0,10.5,147.9,100500.0,2026-07-16,2026-07-16,1005.0
20260716,000000,74W,28,2026,7,16,0,11.9,147.9,100600.0,2026-07-16,2026-07-16,1006.0
20260716,000000,74W,28,2026,7,16,0,12.8,148.20000000000002,100300.0,2026-07-16,2026-07-16,1003.0
20260716,000000,74W,28,2026,7,16,0,12.8,147.3,100400.0,2026-07-16,2026-07-16,1004.0
20260716,000000,74W,28,2026,7,16,0,13.6,146.8,100100.0,2026-07-16,2026-07-16,1001.0
20260716,000000,74W,28,2026,7,16,0,13.0,147.0,100300.0,2026-07-16,2026-07-16,1003.0
20260716,000000,74W,28,2026,7,16,0,14.5,147.0,99900.0,2026-07-16,2026-07-16,999.0
20260716,000000,74W,28,2026,7,16,0,15.3,145.6,99900.0,2026-07-16,2026-07-16,999.0
20260716,000000,74W,28,2026,7,16,0,15.200000000000001,144.5,99700.0,2026-07-16,2026-07-16,997.0
20260716,000000,74W,28,2026,7,16,0,16.1,143.70000000000002,99400.0,2026-07-16,2026-07-16,994.0
20260716,000000,74W,28,2026,7,16,0,15.6,143.70000000000002,98600.0,2026-07-16,2026-07-16,986.0
20260716,000000,74W,28,2026,7,16,0,16.7,142.8,98400.0,2026-07-16,2026-07-16,984.0
20260716,000000,74W,28,2026,7,16,0,17.3,142.3,97500.0,2026-07-16,2026-07-16,975.0
20260716,000000,74W,28,2026,7,16,0,17.8,142.0,97100.0,2026-07-16,2026-07-16,971.0
20260716,000000,74W,29,2026,7,16,0,9.1,178.8,100600.0,2026-07-16,2026-07-16,1006.0
20260716,000000,74W,29,2026,7,16,0,8.3,178.8,100500.0,2026-07-16,2026-07-16,1005.0
20260716,000000,74W,29,2026,7,16,0,9.4,180.5,100600.0,2026-07-16,2026-07-16,1006.0
20260716,000000,74W,29,2026,7,16,0,10.5,180.5,100800.0,2026-07-16,2026-07-16,1008.0
20260716,000000,74W,29,2026,7,16,0,10.8,181.9,100800.0,2026-07-16,2026-07-16,1008.0
20260716,000000,74W,29,2026,7,16,0,9.700000000000001,183.6,100700.0,2026-07-16,2026-07-16,1007.0
20260716,000000,74W,29,2026,7,16,0,10.200000000000001,185.0,100900.0,2026-07-16,2026-07-16,1009.0
20260716,000000,74W,31,2026,7,16,0,23.0,154.4,100800.0,2026-07-16,2026-07-16,1008.0
20260716,000000,74W,31,2026,7,16,0,23.5,152.1,100700.0,2026-07-16,2026-07-16,1007.0
20260716,000000,74W,31,2026,7,16,0,23.8,152.1,100800.0,2026-07-16,2026-07-16,1008.0
20260716,000000,74W,31,2026,7,16,0,24.1,150.9,100700.0,2026-07-16,2026-07-16,1007.0
20260716,000000,74W,31,2026,7,16,0,24.2,150.4,100800.0,2026-07-16,2026-07-16,1008.0
20260716,000000,74W,31,2026,7,16,0,24.0,149.9,100700.0,2026-07-16,2026-07-16,1007.0
20260716,000000,74W,31,2026,7,16,0,25.400000000000002,150.1,100700.0,2026-07-16,2026-07-16,1007.0
20260716,000000,74W,31,2026,7,16,0,25.400000000000002,149.3,100600.0,2026-07-16,2026-07-16,1006.0
20260716,000000,74W,31,2026,7,16,0,25.400000000000002,149.0,100700.0,2026-07-16,2026-07-16,1007.0
20260716,000000,74W,31,2026,7,16,0,26.0,149.0,100600.0,2026-07-16,2026-07-16,1006.0
20260716,000000,74W,31,2026,7,16,0,26.900000000000002,149.0,100700.0,2026-07-16,2026-07-16,1007.0
20260716,000000,74W,32,2026,7,16,0,17.6,117.8,100600.0,2026-07-16,2026-07-16,1006.0
20260716,000000,74W,32,2026,7,16,0,15.6,113.9,100400.0,2026-07-16,2026-07-16,1004.0
20260716,000000,74W,32,2026,7,16,0,16.1,111.9,100300.0,2026-07-16,2026-07-16,1003.0
20260716,000000,74W,32,2026,7,16,0,15.3,111.60000000000001,100300.0,2026-07-16,2026-07-16,1003.0
20260716,000000,74W,32,2026,7,16,0,15.3,111.9,100300.0,2026-07-16,2026-07-16,1003.0
20260716,000000,74W,32,2026,7,16,0,15.9,111.60000000000001,100200.0,2026-07-16,2026-07-16,1002.0
20260716,000000,74W,32,2026,7,16,0,15.9,111.0,100200.0,2026-07-16,2026-07-16,1002.0
20260716,000000,74W,33,2026,7,16,0,16.4,117.2,100300.0,2026-07-16,2026-07-16,1003.0
20260716,000000,74W,33,2026,7,16,0,15.0,115.0,100300.0,2026-07-16,2026-07-16,1003.0
20260716,000000,74W,33,2026,7,16,0,15.0,117.5,100200.0,2026-07-16,2026-07-16,1002.0
20260716,000000,74W,33,2026,7,16,0,14.5,116.7,100200.0,2026-07-16,2026-07-16,1002.0
20260716,000000,74W,33,2026,7,16,0,14.5,116.7,100200.0,2026-07-16,2026-07-16,1002.0
20260716,000000,74W,33,2026,7,16,0,14.700000000000001,116.7,100200.0,2026-07-16,2026-07-16,1002.0
20260716,000000,74W,33,2026,7,16,0,14.700000000000001,117.0,100000.0,2026-07-16,2026-07-16,1000.0
20260716,000000,74W,33,2026,7,16,0,16.4,115.5,100000.0,2026-07-16,2026-07-16,1000.0
20260716,000000,74W,33,2026,7,16,0,17.3,113.9,100000.0,2026-07-16,2026-07-16,1000.0
20260716,000000,74W,33,2026,7,16,0,17.3,109.60000000000001,99800.0,2026-07-16,2026-07-16,998.0
20260716,000000,74W,33,2026,7,16,0,16.7,108.2,99700.0,2026-07-16,2026-07-16,997.0
20260716,000000,74W,33,2026,7,16,0,17.3,108.2,99800.0,2026-07-16,2026-07-16,998.0
20260716,000000,74W,33,2026,7,16,0,17.6,106.5,99800.0,2026-07-16,2026-07-16,998.0
20260716,000000,74W,33,2026,7,16,0,18.0,106.7,99800.0,2026-07-16,2026-07-16,998.0
20260716,000000,74W,33,2026,7,16,0,18.7,105.7,99900.0,2026-07-16,2026-07-16,999.0
20260716,000000,74W,34,2026,7,16,0,16.1,123.2,100500.0,2026-07-16,2026-07-16,1005.0
20260716,000000,74W,34,2026,7,16,0,17.0,117.5,100300.0,2026-07-16,2026-07-16,1003.0
20260716,000000,74W,34,2026,7,16,0,17.0,115.3,100300.0,2026-07-16,2026-07-16,1003.0
20260716,000000,74W,34,2026,7,16,0,17.6,115.8,100200.0,2026-07-16,2026-07-16,1002.0
20260716,000000,74W,34,2026,7,16,0,18.1,115.3,100200.0,2026-07-16,2026-07-16,1002.0
20260716,000000,74W,34,2026,7,16,0,17.8,114.4,100100.0,2026-07-16,2026-07-16,1001.0
20260716,000000,74W,34,2026,7,16,0,18.1,114.10000000000001,100100.0,2026-07-16,2026-07-16,1001.0
20260716,000000,74W,34,2026,7,16,0,19.0,113.9,100100.0,2026-07-16,2026-07-16,1001.0
20260716,000000,74W,34,2026,7,16,0,20.1,114.10000000000001,100100.0,2026-07-16,2026-07-16,1001.0
20260716,000000,74W,34,2026,7,16,0,21.3,113.4,100200.0,2026-07-16,2026-07-16,1002.0
20260716,000000,74W,34,2026,7,16,0,22.6,113.3,100200.0,2026-07-16,2026-07-16,1002.0
20260716,000000,74W,34,2026,7,16,0,23.8,110.8,100200.0,2026-07-16,2026-07-16,1002.0
20260716,000000,74W,34,2026,7,16,0,22.1,108.5,100400.0,2026-07-16,2026-07-16,1004.0
20260716,000000,74W,35,2026,7,16,0,10.0,151.3,100700.0,2026-07-16,2026-07-16,1007.0
20260716,000000,74W,35,2026,7,16,0,10.5,149.0,100700.0,2026-07-16,2026-07-16,1007.0
20260716,000000,74W,35,2026,7,16,0,13.0,147.9,100800.0,2026-07-16,2026-07-16,1008.0
20260716,000000,74W,35,2026,7,16,0,11.9,146.20000000000002,100800.0,2026-07-16,2026-07-16,1008.0
20260716,000000,74W,35,2026,7,16,0,11.9,145.6,100600.0,2026-07-16,2026-07-16,1006.0
20260716,000000,74W,35,2026,7,16,0,10.8,144.5,100600.0,2026-07-16,2026-07-16,1006.0
20260716,000000,74W,35,2026,7,16,0,11.4,144.0,100400.0,2026-07-16,2026-07-16,1004.0
20260716,000000,74W,35,2026,7,16,0,11.4,143.70000000000002,100600.0,2026-07-16,2026-07-16,1006.0
20260716,000000,74W,35,2026,7,16,0,11.1,141.70000000000002,100300.0,2026-07-16,2026-07-16,1003.0
20260716,000000,74W,35,2026,7,16,0,10.8,141.70000000000002,100400.0,2026-07-16,2026-07-16,1004.0
20260716,000000,74W,35,2026,7,16,0,11.6,142.0,100200.0,2026-07-16,2026-07-16,1002.0
20260716,000000,74W,35,2026,7,16,0,11.1,139.5,100300.0,2026-07-16,2026-07-16,1003.0
20260716,000000,74W,35,2026,7,16,0,11.6,139.70000000000002,100100.0,2026-07-16,2026-07-16,1001.0
20260716,000000,74W,35,2026,7,16,0,11.9,140.0,100200.0,2026-07-16,2026-07-16,1002.0
20260716,000000,74W,35,2026,7,16,0,12.200000000000001,138.3,100000.0,2026-07-16,2026-07-16,1000.0
20260716,000000,74W,35,2026,7,16,0,12.700000000000001,138.0,100200.0,2026-07-16,2026-07-16,1002.0
20260716,000000,74W,35,2026,7,16,0,12.200000000000001,136.1,99900.0,2026-07-16,2026-07-16,999.0
20260716,000000,74W,35,2026,7,16,0,12.5,136.4,100000.0,2026-07-16,2026-07-16,1000.0
20260716,000000,74W,35,2026,7,16,0,12.8,135.5,99800.0,2026-07-16,2026-07-16,998.0
20260716,000000,74W,35,2026,7,16,0,13.0,134.4,100100.0,2026-07-16,2026-07-16,1001.0
20260716,000000,74W,35,2026,7,16,0,13.0,133.2,99700.0,2026-07-16,2026-07-16,997.0
20260716,000000,74W,35,2026,7,16,0,13.1,132.7,100000.0,2026-07-16,2026-07-16,1000.0
20260716,000000,74W,35,2026,7,16,0,13.3,132.1,99700.0,2026-07-16,2026-07-16,997.0
20260716,000000,74W,35,2026,7,16,0,13.9,131.6,99700.0,2026-07-16,2026-07-16,997.0
20260716,000000,74W,35,2026,7,16,0,14.200000000000001,130.5,99600.0,2026-07-16,2026-07-16,996.0
20260716,000000,74W,35,2026,7,16,0,14.200000000000001,129.3,99500.0,2026-07-16,2026-07-16,995.0
20260716,000000,74W,35,2026,7,16,0,14.200000000000001,128.5,98700.0,2026-07-16,2026-07-16,987.0
20260716,000000,74W,35,2026,7,16,0,15.0,127.9,98600.0,2026-07-16,2026-07-16,986.0
20260716,000000,74W,35,2026,7,16,0,15.3,127.10000000000001,98200.0,2026-07-16,2026-07-16,982.0
20260716,000000,74W,35,2026,7,16,0,15.9,126.8,98100.0,2026-07-16,2026-07-16,981.0
20260716,000000,74W,35,2026,7,16,0,16.7,126.2,97500.0,2026-07-16,2026-07-16,975.0
20260716,000000,74W,35,2026,7,16,0,17.8,125.7,97400.0,2026-07-16,2026-07-16,974.0
20260716,000000,74W,35,2026,7,16,0,18.7,125.10000000000001,97000.0,2026-07-16,2026-07-16,970.0
20260716,000000,74W,35,2026,7,16,0,19.5,124.8,96900.0,2026-07-16,2026-07-16,969.0
20260716,000000,74W,37,2026,7,16,0,6.9,163.1,100400.0,2026-07-16,2026-07-16,1004.0
20260716,000000,74W,37,2026,7,16,0,9.4,163.1,100300.0,2026-07-16,2026-07-16,1003.0
20260716,000000,74W,37,2026,7,16,0,10.0,160.3,100500.0,2026-07-16,2026-07-16,1005.0
20260716,000000,74W,37,2026,7,16,0,11.1,156.9,100300.0,2026-07-16,2026-07-16,1003.0
20260716,000000,74W,37,2026,7,16,0,12.8,154.6,100100.0,2026-07-16,2026-07-16,1001.0
20260716,000000,74W,37,2026,7,16,0,12.8,153.0,99800.0,2026-07-16,2026-07-16,998.0
20260716,000000,74W,37,2026,7,16,0,13.3,152.4,99900.0,2026-07-16,2026-07-16,999.0
20260716,000000,74W,37,2026,7,16,0,13.9,151.5,99700.0,2026-07-16,2026-07-16,997.0
20260716,000000,74W,37,2026,7,16,0,14.5,150.70000000000002,99600.0,2026-07-16,2026-07-16,996.0
20260716,000000,74W,37,2026,7,16,0,15.3,149.9,98900.0,2026-07-16,2026-07-16,989.0
20260716,000000,74W,37,2026,7,16,0,15.9,148.5,98700.0,2026-07-16,2026-07-16,987.0
20260716,000000,74W,37,2026,7,16,0,16.1,148.5,97900.0,2026-07-16,2026-07-16,979.0
20260716,000000,74W,37,2026,7,16,0,16.7,147.3,98000.0,2026-07-16,2026-07-16,980.0
20260716,000000,74W,37,2026,7,16,0,16.7,146.8,97700.0,2026-07-16,2026-07-16,977.0
20260716,000000,74W,37,2026,7,16,0,17.0,146.8,97200.0,2026-07-16,2026-07-16,972.0
20260716,000000,74W,37,2026,7,16,0,17.8,146.5,96900.0,2026-07-16,2026-07-16,969.0
20260716,000000,74W,37,2026,7,16,0,18.1,146.20000000000002,96700.0,2026-07-16,2026-07-16,967.0
20260716,000000,74W,37,2026,7,16,0,18.400000000000002,145.6,96000.0,2026-07-16,2026-07-16,960.0
20260716,000000,74W,37,2026,7,16,0,19.0,145.4,96400.0,2026-07-16,2026-07-16,964.0
20260716,000000,74W,38,2026,7,16,0,7.7,163.6,100900.0,2026-07-16,2026-07-16,1009.0
20260716,000000,74W,38,2026,7,16,0,6.3,162.5,100800.0,2026-07-16,2026-07-16,1008.0
20260716,000000,74W,38,2026,7,16,0,6.3,163.4,100800.0,2026-07-16,2026-07-16,1008.0
20260716,000000,74W,38,2026,7,16,0,8.5,160.3,100800.0,2026-07-16,2026-07-16,1008.0
20260716,000000,74W,38,2026,7,16,0,10.0,157.5,100700.0,2026-07-16,2026-07-16,1007.0
20260716,000000,74W,38,2026,7,16,0,8.8,153.8,100700.0,2026-07-16,2026-07-16,1007.0
20260716,000000,74W,38,2026,7,16,0,8.5,151.5,100500.0,2026-07-16,2026-07-16,1005.0
20260716,000000,74W,38,2026,7,16,0,10.200000000000001,149.0,100600.0,2026-07-16,2026-07-16,1006.0
20260716,000000,74W,38,2026,7,16,0,10.200000000000001,146.5,100300.0,2026-07-16,2026-07-16,1003.0
20260716,000000,74W,38,2026,7,16,0,10.8,145.4,100400.0,2026-07-16,2026-07-16,1004.0
20260716,000000,74W,38,2026,7,16,0,11.4,144.8,100100.0,2026-07-16,2026-07-16,1001.0
20260716,000000,74W,38,2026,7,16,0,11.9,143.70000000000002,100200.0,2026-07-16,2026-07-16,1002.0
20260716,000000,74W,38,2026,7,16,0,12.8,143.1,100000.0,2026-07-16,2026-07-16,1000.0
20260716,000000,74W,38,2026,7,16,0,13.3,142.0,100200.0,2026-07-16,2026-07-16,1002.0
20260716,000000,74W,38,2026,7,16,0,13.6,140.0,99800.0,2026-07-16,2026-07-16,998.0
20260716,000000,74W,38,2026,7,16,0,14.200000000000001,137.8,100000.0,2026-07-16,2026-07-16,1000.0
20260716,000000,74W,38,2026,7,16,0,13.9,136.6,99700.0,2026-07-16,2026-07-16,997.0
20260716,000000,74W,38,2026,7,16,0,14.700000000000001,136.9,99900.0,2026-07-16,2026-07-16,999.0
20260716,000000,74W,38,2026,7,16,0,14.700000000000001,136.1,99400.0,2026-07-16,2026-07-16,994.0
20260716,000000,74W,38,2026,7,16,0,15.5,135.2,99500.0,2026-07-16,2026-07-16,995.0
20260716,000000,74W,38,2026,7,16,0,16.7,135.2,99200.0,2026-07-16,2026-07-16,992.0
20260716,000000,74W,38,2026,7,16,0,17.3,134.1,99200.0,2026-07-16,2026-07-16,992.0
20260716,000000,74W,39,2026,7,16,0,9.700000000000001,169.0,100400.0,2026-07-16,2026-07-16,1004.0
20260716,000000,74W,39,2026,7,16,0,9.4,168.4,100500.0,2026-07-16,2026-07-16,1005.0
20260716,000000,74W,40,2026,7,16,0,8.5,151.0,100600.0,2026-07-16,2026-07-16,1006.0
20260716,000000,74W,40,2026,7,16,0,9.700000000000001,146.8,100700.0,2026-07-16,2026-07-16,1007.0
20260716,000000,74W,41,2026,7,16,0,15.0,166.5,100500.0,2026-07-16,2026-07-16,1005.0
20260716,000000,74W,41,2026,7,16,0,15.0,166.5,100500.0,2026-07-16,2026-07-16,1005.0
20260716,000000,74W,41,2026,7,16,0,16.4,166.20000000000002,100400.0,2026-07-16,2026-07-16,1004.0
20260716,000000,74W,41,2026,7,16,0,17.3,165.6,100500.0,2026-07-16,2026-07-16,1005.0
20260716,000000,74W,41,2026,7,16,0,18.1,164.8,100200.0,2026-07-16,2026-07-16,1002.0
20260716,000000,74W,41,2026,7,16,0,19.2,164.20000000000002,100200.0,2026-07-16,2026-07-16,1002.0
20260716,000000,74W,43,2026,7,16,0,12.8,150.4,100400.0,2026-07-16,2026-07-16,1004.0
20260716,000000,74W,43,2026,7,16,0,14.700000000000001,145.4,100200.0,2026-07-16,2026-07-16,1002.0
20260716,000000,74W,43,2026,7,16,0,15.6,141.1,99900.0,2026-07-16,2026-07-16,999.0
20260716,000000,74W,43,2026,7,16,0,15.6,138.9,100000.0,2026-07-16,2026-07-16,1000.0
20260716,000000,74W,43,2026,7,16,0,16.1,137.8,99700.0,2026-07-16,2026-07-16,997.0
20260716,000000,74W,43,2026,7,16,0,15.9,136.9,99600.0,2026-07-16,2026-07-16,996.0
20260716,000000,74W,43,2026,7,16,0,15.6,135.0,99400.0,2026-07-16,2026-07-16,994.0
20260716,000000,74W,43,2026,7,16,0,16.4,135.0,99500.0,2026-07-16,2026-07-16,995.0
20260716,000000,74W,43,2026,7,16,0,15.9,134.4,99100.0,2026-07-16,2026-07-16,991.0
20260716,000000,74W,43,2026,7,16,0,16.2,134.9,99100.0,2026-07-16,2026-07-16,991.0
20260716,000000,74W,43,2026,7,16,0,17.0,135.0,98800.0,2026-07-16,2026-07-16,988.0
20260716,000000,74W,43,2026,7,16,0,17.0,134.1,99000.0,2026-07-16,2026-07-16,990.0
20260716,000000,74W,43,2026,7,16,0,17.0,134.1,98600.0,2026-07-16,2026-07-16,986.0
20260716,000000,74W,43,2026,7,16,0,17.6,135.5,98800.0,2026-07-16,2026-07-16,988.0
20260716,000000,74W,45,2026,7,16,0,11.9,178.0,100700.0,2026-07-16,2026-07-16,1007.0
20260716,000000,74W,45,2026,7,16,0,11.6,178.3,100600.0,2026-07-16,2026-07-16,1006.0
20260716,000000,74W,45,2026,7,16,0,13.6,180.0,100700.0,2026-07-16,2026-07-16,1007.0
20260716,000000,74W,45,2026,7,16,0,12.200000000000001,179.8,100600.0,2026-07-16,2026-07-16,1006.0
20260716,000000,74W,45,2026,7,16,0,12.5,178.8,100700.0,2026-07-16,2026-07-16,1007.0
20260716,000000,74W,45,2026,7,16,0,12.200000000000001,177.1,100700.0,2026-07-16,2026-07-16,1007.0
20260716,000000,74W,46,2026,7,16,0,15.1,154.20000000000002,100700.0,2026-07-16,2026-07-16,1007.0
20260716,000000,74W,46,2026,7,16,0,14.200000000000001,154.9,100500.0,2026-07-16,2026-07-16,1005.0
20260716,000000,74W,46,2026,7,16,0,14.3,152.70000000000002,100600.0,2026-07-16,2026-07-16,1006.0
20260716,000000,74W,46,2026,7,16,0,14.5,151.3,100400.0,2026-07-16,2026-07-16,1004.0
20260716,000000,74W,46,2026,7,16,0,14.5,150.1,100600.0,2026-07-16,2026-07-16,1006.0
20260716,000000,74W,46,2026,7,16,0,15.0,147.9,100300.0,2026-07-16,2026-07-16,1003.0
20260716,000000,74W,46,2026,7,16,0,14.200000000000001,147.9,100300.0,2026-07-16,2026-07-16,1003.0
20260716,000000,74W,46,2026,7,16,0,15.0,147.6,100100.0,2026-07-16,2026-07-16,1001.0
20260716,000000,74W,46,2026,7,16,0,14.700000000000001,145.9,100100.0,2026-07-16,2026-07-16,1001.0
20260716,000000,74W,46,2026,7,16,0,15.0,144.8,99900.0,2026-07-16,2026-07-16,999.0
20260716,000000,74W,46,2026,7,16,0,14.700000000000001,144.0,99700.0,2026-07-16,2026-07-16,997.0
20260716,000000,74W,46,2026,7,16,0,14.700000000000001,143.1,99500.0,2026-07-16,2026-07-16,995.0
20260716,000000,74W,46,2026,7,16,0,14.700000000000001,141.4,99700.0,2026-07-16,2026-07-16,997.0
20260716,000000,74W,46,2026,7,16,0,15.0,139.20000000000002,99400.0,2026-07-16,2026-07-16,994.0
20260716,000000,74W,46,2026,7,16,0,14.700000000000001,137.5,99800.0,2026-07-16,2026-07-16,998.0
20260716,000000,74W,46,2026,7,16,0,14.700000000000001,135.2,99000.0,2026-07-16,2026-07-16,990.0
20260716,000000,74W,46,2026,7,16,0,15.0,134.1,99000.0,2026-07-16,2026-07-16,990.0
20260716,000000,74W,46,2026,7,16,0,15.0,132.4,98700.0,2026-07-16,2026-07-16,987.0
20260716,000000,74W,46,2026,7,16,0,14.700000000000001,131.6,98700.0,2026-07-16,2026-07-16,987.0
20260716,000000,74W,46,2026,7,16,0,15.0,130.5,98300.0,2026-07-16,2026-07-16,983.0
20260716,000000,74W,46,2026,7,16,0,15.3,129.6,98300.0,2026-07-16,2026-07-16,983.0
20260716,000000,74W,46,2026,7,16,0,15.9,129.0,97800.0,2026-07-16,2026-07-16,978.0
20260716,000000,74W,46,2026,7,16,0,16.1,128.2,98100.0,2026-07-16,2026-07-16,981.0
20260716,000000,74W,47,2026,7,16,0,4.0,171.5,100700.0,2026-07-16,2026-07-16,1007.0
20260716,000000,74W,47,2026,7,16,0,9.700000000000001,171.0,100700.0,2026-07-16,2026-07-16,1007.0
20260716,000000,74W,47,2026,7,16,0,8.8,166.70000000000002,100600.0,2026-07-16,2026-07-16,1006.0
20260716,000000,74W,47,2026,7,16,0,8.5,167.6,100600.0,2026-07-16,2026-07-16,1006.0
20260716,000000,74W,47,2026,7,16,0,9.700000000000001,168.1,100400.0,2026-07-16,2026-07-16,1004.0
20260716,000000,74W,47,2026,7,16,0,9.700000000000001,167.6,100500.0,2026-07-16,2026-07-16,1005.0
20260716,000000,74W,47,2026,7,16,0,10.5,166.70000000000002,100300.0,2026-07-16,2026-07-16,1003.0
20260716,000000,74W,47,2026,7,16,0,10.8,165.0,100400.0,2026-07-16,2026-07-16,1004.0
20260716,000000,74W,47,2026,7,16,0,10.5,164.5,100200.0,2026-07-16,2026-07-16,1002.0
20260716,000000,74W,47,2026,7,16,0,11.4,165.9,100300.0,2026-07-16,2026-07-16,1003.0
20260716,000000,74W,47,2026,7,16,0,12.8,165.3,100400.0,2026-07-16,2026-07-16,1004.0
20260716,000000,74W,47,2026,7,16,0,12.8,165.9,100300.0,2026-07-16,2026-07-16,1003.0
20260716,000000,74W,47,2026,7,16,0,13.9,163.9,100400.0,2026-07-16,2026-07-16,1004.0
20260716,000000,74W,47,2026,7,16,0,12.8,166.20000000000002,100400.0,2026-07-16,2026-07-16,1004.0
20260716,000000,74W,47,2026,7,16,0,12.8,166.20000000000002,100000.0,2026-07-16,2026-07-16,1000.0
20260716,000000,74W,47,2026,7,16,0,13.0,166.5,100000.0,2026-07-16,2026-07-16,1000.0
20260716,000000,74W,47,2026,7,16,0,12.8,166.70000000000002,99800.0,2026-07-16,2026-07-16,998.0
20260716,000000,74W,47,2026,7,16,0,12.5,167.0,99900.0,2026-07-16,2026-07-16,999.0
20260716,000000,74W,47,2026,7,16,0,12.5,167.9,99700.0,2026-07-16,2026-07-16,997.0
20260716,000000,74W,47,2026,7,16,0,13.0,168.4,99600.0,2026-07-16,2026-07-16,996.0
20260716,000000,74W,47,2026,7,16,0,13.6,168.1,99700.0,2026-07-16,2026-07-16,997.0
20260716,000000,74W,47,2026,7,16,0,14.200000000000001,167.3,99900.0,2026-07-16,2026-07-16,999.0
20260716,000000,74W,47,2026,7,16,0,14.5,167.3,99700.0,2026-07-16,2026-07-16,997.0
20260716,000000,74W,47,2026,7,16,0,15.3,166.70000000000002,99500.0,2026-07-16,2026-07-16,995.0
20260716,000000,74W,49,2026,7,16,0,8.3,164.5,100500.0,2026-07-16,2026-07-16,1005.0
20260716,000000,74W,49,2026,7,16,0,7.1000000000000005,159.70000000000002,100500.0,2026-07-16,2026-07-16,1005.0
20260716,000000,74W,49,2026,7,16,0,6.6000000000000005,162.20000000000002,100700.0,2026-07-16,2026-07-16,1007.0
20260716,000000,74W,49,2026,7,16,0,6.9,163.1,100400.0,2026-07-16,2026-07-16,1004.0
20260716,000000,74W,49,2026,7,16,0,8.8,162.0,100500.0,2026-07-16,2026-07-16,1005.0
20260716,000000,74W,50,2026,7,16,0,12.200000000000001,136.1,100700.0,2026-07-16,2026-07-16,1007.0
20260716,000000,74W,50,2026,7,16,0,13.0,135.8,100600.0,2026-07-16,2026-07-16,1006.0
20260716,000000,74W,50,2026,7,16,0,10.5,133.5,100500.0,2026-07-16,2026-07-16,1005.0
20260716,000000,74W,50,2026,7,16,0,12.5,134.1,100600.0,2026-07-16,2026-07-16,1006.0
20260716,000000,74W,50,2026,7,16,0,12.8,135.0,100800.0,2026-07-16,2026-07-16,1008.0
20260716,000000,74W,51,2026,7,16,0,10.8,142.3,100700.0,2026-07-16,2026-07-16,1007.0
20260716,000000,74W,51,2026,7,16,0,10.5,138.0,100500.0,2026-07-16,2026-07-16,1005.0
20260716,000000,75W,1,2026,7,16,0,8.0,170.4,100600.0,2026-07-16,2026-07-16,1006.0
20260716,000000,75W,1,2026,7,16,0,9.6,172.0,100800.0,2026-07-16,2026-07-16,1008.0
20260716,000000,75W,1,2026,7,16,0,10.0,170.4,100700.0,2026-07-16,2026-07-16,1007.0
20260716,000000,75W,1,2026,7,16,0,11.9,168.4,100700.0,2026-07-16,2026-07-16,1007.0
20260716,000000,75W,1,2026,7,16,0,13.3,165.3,100500.0,2026-07-16,2026-07-16,1005.0
20260716,000000,75W,1,2026,7,16,0,13.6,163.4,100600.0,2026-07-16,2026-07-16,1006.0
20260716,000000,75W,1,2026,7,16,0,13.3,162.0,100400.0,2026-07-16,2026-07-16,1004.0
20260716,000000,75W,1,2026,7,16,0,13.9,161.1,100400.0,2026-07-16,2026-07-16,1004.0
20260716,000000,75W,1,2026,7,16,0,13.6,160.3,100200.0,2026-07-16,2026-07-16,1002.0
20260716,000000,75W,2,2026,7,16,0,11.6,155.5,100500.0,2026-07-16,2026-07-16,1005.0
20260716,000000,75W,2,2026,7,16,0,13.0,153.0,100500.0,2026-07-16,2026-07-16,1005.0
20260716,000000,75W,2,2026,7,16,0,14.200000000000001,152.4,100300.0,2026-07-16,2026-07-16,1003.0
20260716,000000,75W,2,2026,7,16,0,15.6,150.4,100400.0,2026-07-16,2026-07-16,1004.0
20260716,000000,75W,2,2026,7,16,0,13.6,147.3,100100.0,2026-07-16,2026-07-16,1001.0
20260716,000000,75W,2,2026,7,16,0,16.7,144.20000000000002,100000.0,2026-07-16,2026-07-16,1000.0
20260716,000000,75W,2,2026,7,16,0,16.7,142.0,100200.0,2026-07-16,2026-07-16,1002.0
20260716,000000,75W,2,2026,7,16,0,17.8,140.9,100100.0,2026-07-16,2026-07-16,1001.0
20260716,000000,75W,4,2026,7,16,0,11.6,137.20000000000002,100600.0,2026-07-16,2026-07-16,1006.0
20260716,000000,75W,4,2026,7,16,0,11.6,136.9,100400.0,2026-07-16,2026-07-16,1004.0
20260716,000000,75W,4,2026,7,16,0,12.8,134.7,100500.0,2026-07-16,2026-07-16,1005.0
20260716,000000,75W,4,2026,7,16,0,13.6,134.4,100300.0,2026-07-16,2026-07-16,1003.0
20260716,000000,75W,5,2026,7,16,0,8.5,168.70000000000002,100800.0,2026-07-16,2026-07-16,1008.0
20260716,000000,75W,5,2026,7,16,0,8.8,169.3,100600.0,2026-07-16,2026-07-16,1006.0
20260716,000000,75W,8,2026,7,16,0,12.8,115.5,100600.0,2026-07-16,2026-07-16,1006.0
20260716,000000,75W,8,2026,7,16,0,10.8,115.5,100600.0,2026-07-16,2026-07-16,1006.0
20260716,000000,75W,8,2026,7,16,0,11.1,115.3,100400.0,2026-07-16,2026-07-16,1004.0
20260716,000000,75W,8,2026,7,16,0,10.5,115.0,100400.0,2026-07-16,2026-07-16,1004.0
20260716,000000,75W,8,2026,7,16,0,10.0,114.10000000000001,100200.0,2026-07-16,2026-07-16,1002.0
20260716,000000,75W,8,2026,7,16,0,10.200000000000001,114.7,100300.0,2026-07-16,2026-07-16,1003.0
20260716,000000,75W,8,2026,7,16,0,10.0,113.9,100300.0,2026-07-16,2026-07-16,1003.0
20260716,000000,75W,8,2026,7,16,0,10.0,113.3,100200.0,2026-07-16,2026-07-16,1002.0
20260716,000000,75W,8,2026,7,16,0,10.200000000000001,112.7,100100.0,2026-07-16,2026-07-16,1001.0
20260716,000000,75W,8,2026,7,16,0,10.5,112.5,100200.0,2026-07-16,2026-07-16,1002.0
20260716,000000,75W,8,2026,7,16,0,10.8,112.4,100100.0,2026-07-16,2026-07-16,1001.0
20260716,000000,75W,8,2026,7,16,0,11.4,112.7,100100.0,2026-07-16,2026-07-16,1001.0
20260716,000000,75W,8,2026,7,16,0,11.4,112.2,100100.0,2026-07-16,2026-07-16,1001.0
20260716,000000,75W,8,2026,7,16,0,11.8,111.7,100100.0,2026-07-16,2026-07-16,1001.0
20260716,000000,75W,8,2026,7,16,0,12.200000000000001,112.5,100000.0,2026-07-16,2026-07-16,1000.0
20260716,000000,75W,8,2026,7,16,0,12.8,113.0,100000.0,2026-07-16,2026-07-16,1000.0
20260716,000000,75W,8,2026,7,16,0,12.8,112.9,100100.0,2026-07-16,2026-07-16,1001.0
20260716,000000,75W,10,2026,7,16,0,4.3,176.6,100600.0,2026-07-16,2026-07-16,1006.0
20260716,000000,75W,10,2026,7,16,0,5.2,176.6,100500.0,2026-07-16,2026-07-16,1005.0
20260716,000000,75W,11,2026,7,16,0,13.3,114.10000000000001,100500.0,2026-07-16,2026-07-16,1005.0
20260716,000000,75W,11,2026,7,16,0,12.5,114.10000000000001,100300.0,2026-07-16,2026-07-16,1003.0
20260716,000000,75W,11,2026,7,16,0,13.0,111.3,100200.0,2026-07-16,2026-07-16,1002.0
20260716,000000,75W,11,2026,7,16,0,12.200000000000001,110.5,100300.0,2026-07-16,2026-07-16,1003.0
20260716,000000,75W,11,2026,7,16,0,11.4,111.60000000000001,100200.0,2026-07-16,2026-07-16,1002.0
20260716,000000,75W,11,2026,7,16,0,11.1,111.60000000000001,100300.0,2026-07-16,2026-07-16,1003.0
20260716,000000,75W,11,2026,7,16,0,10.8,111.9,100200.0,2026-07-16,2026-07-16,1002.0
20260716,000000,75W,11,2026,7,16,0,11.1,111.0,100300.0,2026-07-16,2026-07-16,1003.0
20260716,000000,75W,14,2026,7,16,0,11.6,145.4,100800.0,2026-07-16,2026-07-16,1008.0
20260716,000000,75W,14,2026,7,16,0,10.200000000000001,145.1,100700.0,2026-07-16,2026-07-16,1007.0
20260716,000000,75W,14,2026,7,16,0,11.1,145.6,100500.0,2026-07-16,2026-07-16,1005.0
20260716,000000,75W,14,2026,7,16,0,11.4,143.1,100700.0,2026-07-16,2026-07-16,1007.0
20260716,000000,75W,14,2026,7,16,0,11.1,143.1,100400.0,2026-07-16,2026-07-16,1004.0
20260716,000000,75W,14,2026,7,16,0,11.9,142.0,100600.0,2026-07-16,2026-07-16,1006.0
20260716,000000,75W,16,2026,7,16,0,14.700000000000001,176.0,100700.0,2026-07-16,2026-07-16,1007.0
20260716,000000,75W,16,2026,7,16,0,14.700000000000001,175.20000000000002,100500.0,2026-07-16,2026-07-16,1005.0
20260716,000000,75W,16,2026,7,16,0,14.5,174.0,100600.0,2026-07-16,2026-07-16,1006.0
20260716,000000,75W,16,2026,7,16,0,14.700000000000001,172.9,100400.0,2026-07-16,2026-07-16,1004.0
20260716,000000,75W,16,2026,7,16,0,14.200000000000001,172.9,100500.0,2026-07-16,2026-07-16,1005.0
20260716,000000,75W,16,2026,7,16,0,14.700000000000001,173.20000000000002,100300.0,2026-07-16,2026-07-16,1003.0
20260716,000000,75W,16,2026,7,16,0,13.9,173.8,100400.0,2026-07-16,2026-07-16,1004.0
20260716,000000,75W,16,2026,7,16,0,13.9,174.3,100200.0,2026-07-16,2026-07-16,1002.0
20260716,000000,75W,16,2026,7,16,0,13.200000000000001,172.1,100100.0,2026-07-16,2026-07-16,1001.0
20260716,000000,75W,17,2026,7,16,0,17.6,117.0,100300.0,2026-07-16,2026-07-16,1003.0
20260716,000000,75W,17,2026,7,16,0,20.1,115.8,100200.0,2026-07-16,2026-07-16,1002.0
20260716,000000,75W,17,2026,7,16,0,20.1,114.7,100200.0,2026-07-16,2026-07-16,1002.0
20260716,000000,75W,17,2026,7,16,0,20.900000000000002,115.3,100200.0,2026-07-16,2026-07-16,1002.0
20260716,000000,75W,17,2026,7,16,0,21.7,113.8,100300.0,2026-07-16,2026-07-16,1003.0
20260716,000000,75W,17,2026,7,16,0,21.2,113.9,100200.0,2026-07-16,2026-07-16,1002.0
20260716,000000,75W,17,2026,7,16,0,21.2,114.10000000000001,100100.0,2026-07-16,2026-07-16,1001.0
20260716,000000,75W,17,2026,7,16,0,21.8,114.10000000000001,100100.0,2026-07-16,2026-07-16,1001.0
20260716,000000,75W,17,2026,7,16,0,22.6,114.7,100000.0,2026-07-16,2026-07-16,1000.0
20260716,000000,75W,17,2026,7,16,0,23.5,114.7,100200.0,2026-07-16,2026-07-16,1002.0
20260716,000000,75W,17,2026,7,16,0,23.5,114.4,100200.0,2026-07-16,2026-07-16,1002.0
20260716,000000,75W,17,2026,7,16,0,24.3,113.3,100300.0,2026-07-16,2026-07-16,1003.0
20260716,000000,75W,17,2026,7,16,0,24.3,113.3,100300.0,2026-07-16,2026-07-16,1003.0
20260716,000000,75W,18,2026,7,16,0,10.5,150.1,100100.0,2026-07-16,2026-07-16,1001.0
20260716,000000,75W,18,2026,7,16,0,11.4,149.9,100100.0,2026-07-16,2026-07-16,1001.0
20260716,000000,75W,18,2026,7,16,0,12.200000000000001,148.5,100100.0,2026-07-16,2026-07-16,1001.0
20260716,000000,75W,18,2026,7,16,0,12.8,148.20000000000002,100100.0,2026-07-16,2026-07-16,1001.0
20260716,000000,75W,18,2026,7,16,0,13.0,148.5,99900.0,2026-07-16,2026-07-16,999.0
20260716,000000,75W,18,2026,7,16,0,13.3,147.6,100100.0,2026-07-16,2026-07-16,1001.0
20260716,000000,75W,18,2026,7,16,0,13.0,147.6,100000.0,2026-07-16,2026-07-16,1000.0
20260716,000000,75W,18,2026,7,16,0,14.700000000000001,147.9,100100.0,2026-07-16,2026-07-16,1001.0
20260716,000000,75W,20,2026,7,16,0,16.7,160.3,99900.0,2026-07-16,2026-07-16,999.0
20260716,000000,75W,20,2026,7,16,0,16.7,159.4,99900.0,2026-07-16,2026-07-16,999.0
20260716,000000,75W,21,2026,7,16,0,19.1,105.9,100200.0,2026-07-16,2026-07-16,1002.0
20260716,000000,75W,21,2026,7,16,0,18.8,106.4,100200.0,2026-07-16,2026-07-16,1002.0
20260716,000000,75W,21,2026,7,16,0,18.7,106.0,100300.0,2026-07-16,2026-07-16,1003.0
20260716,000000,75W,23,2026,7,16,0,12.8,154.6,100600.0,2026-07-16,2026-07-16,1006.0
20260716,000000,75W,23,2026,7,16,0,15.0,150.4,100300.0,2026-07-16,2026-07-16,1003.0
20260716,000000,75W,23,2026,7,16,0,13.9,150.1,100400.0,2026-07-16,2026-07-16,1004.0
20260716,000000,75W,23,2026,7,16,0,11.6,146.5,100300.0,2026-07-16,2026-07-16,1003.0
20260716,000000,75W,23,2026,7,16,0,10.8,146.5,100500.0,2026-07-16,2026-07-16,1005.0
20260716,000000,75W,25,2026,7,16,0,10.0,156.0,100500.0,2026-07-16,2026-07-16,1005.0
20260716,000000,75W,25,2026,7,16,0,11.1,156.3,100400.0,2026-07-16,2026-07-16,1004.0
20260716,000000,75W,25,2026,7,16,0,10.0,156.9,100100.0,2026-07-16,2026-07-16,1001.0
20260716,000000,75W,25,2026,7,16,0,10.200000000000001,156.3,100300.0,2026-07-16,2026-07-16,1003.0
20260716,000000,75W,25,2026,7,16,0,10.8,156.6,100000.0,2026-07-16,2026-07-16,1000.0
20260716,000000,75W,25,2026,7,16,0,11.4,157.20000000000002,100200.0,2026-07-16,2026-07-16,1002.0
20260716,000000,75W,25,2026,7,16,0,11.1,157.70000000000002,99900.0,2026-07-16,2026-07-16,999.0
20260716,000000,75W,25,2026,7,16,0,11.1,159.4,100100.0,2026-07-16,2026-07-16,1001.0
20260716,000000,75W,25,2026,7,16,0,11.6,160.3,99700.0,2026-07-16,2026-07-16,997.0
20260716,000000,75W,25,2026,7,16,0,13.0,162.20000000000002,99800.0,2026-07-16,2026-07-16,998.0
20260716,000000,75W,26,2026,7,16,0,20.1,155.8,100300.0,2026-07-16,2026-07-16,1003.0
20260716,000000,75W,26,2026,7,16,0,21.2,157.5,100200.0,2026-07-16,2026-07-16,1002.0
20260716,000000,75W,26,2026,7,16,0,21.400000000000002,160.1,99900.0,2026-07-16,2026-07-16,999.0
20260716,000000,75W,26,2026,7,16,0,22.6,160.3,99800.0,2026-07-16,2026-07-16,998.0
20260716,000000,75W,26,2026,7,16,0,23.5,160.3,99400.0,2026-07-16,2026-07-16,994.0
20260716,000000,75W,26,2026,7,16,0,22.900000000000002,160.0,99500.0,2026-07-16,2026-07-16,995.0
20260716,000000,75W,26,2026,7,16,0,22.6,160.3,99200.0,2026-07-16,2026-07-16,992.0
20260716,000000,75W,26,2026,7,16,0,23.6,161.8,99200.0,2026-07-16,2026-07-16,992.0
20260716,000000,75W,26,2026,7,16,0,23.8,162.0,98900.0,2026-07-16,2026-07-16,989.0
20260716,000000,75W,26,2026,7,16,0,24.6,162.8,98800.0,2026-07-16,2026-07-16,988.0
20260716,000000,75W,26,2026,7,16,0,26.1,163.20000000000002,98200.0,2026-07-16,2026-07-16,982.0
20260716,000000,75W,26,2026,7,16,0,27.400000000000002,162.5,97300.0,2026-07-16,2026-07-16,973.0
20260716,000000,75W,28,2026,7,16,0,10.5,172.9,100600.0,2026-07-16,2026-07-16,1006.0
20260716,000000,75W,28,2026,7,16,0,11.1,172.6,100500.0,2026-07-16,2026-07-16,1005.0
20260716,000000,75W,28,2026,7,16,0,11.1,173.20000000000002,100500.0,2026-07-16,2026-07-16,1005.0
20260716,000000,75W,28,2026,7,16,0,11.1,172.4,100300.0,2026-07-16,2026-07-16,1003.0
20260716,000000,75W,28,2026,7,16,0,11.1,172.6,100400.0,2026-07-16,2026-07-16,1004.0
20260716,000000,75W,28,2026,7,16,0,10.700000000000001,171.20000000000002,100100.0,2026-07-16,2026-07-16,1001.0
20260716,000000,75W,28,2026,7,16,0,10.8,171.20000000000002,100100.0,2026-07-16,2026-07-16,1001.0
20260716,000000,75W,28,2026,7,16,0,10.200000000000001,171.0,99700.0,2026-07-16,2026-07-16,997.0
20260716,000000,75W,28,2026,7,16,0,10.5,171.20000000000002,99700.0,2026-07-16,2026-07-16,997.0
20260716,000000,75W,28,2026,7,16,0,10.8,171.0,99500.0,2026-07-16,2026-07-16,995.0
20260716,000000,75W,28,2026,7,16,0,11.6,170.70000000000002,99700.0,2026-07-16,2026-07-16,997.0
20260716,000000,75W,28,2026,7,16,0,12.200000000000001,170.1,99600.0,2026-07-16,2026-07-16,996.0
20260716,000000,75W,28,2026,7,16,0,12.5,168.1,99700.0,2026-07-16,2026-07-16,997.0
20260716,000000,75W,28,2026,7,16,0,12.5,167.6,99300.0,2026-07-16,2026-07-16,993.0
20260716,000000,75W,28,2026,7,16,0,12.200000000000001,167.0,99300.0,2026-07-16,2026-07-16,993.0
20260716,000000,75W,28,2026,7,16,0,12.200000000000001,166.5,99100.0,2026-07-16,2026-07-16,991.0
20260716,000000,75W,28,2026,7,16,0,12.5,165.6,99300.0,2026-07-16,2026-07-16,993.0
20260716,000000,75W,28,2026,7,16,0,12.200000000000001,165.0,98700.0,2026-07-16,2026-07-16,987.0
20260716,000000,75W,28,2026,7,16,0,13.0,164.5,98400.0,2026-07-16,2026-07-16,984.0
20260716,000000,75W,29,2026,7,16,0,15.6,120.9,100200.0,2026-07-16,2026-07-16,1002.0
20260716,000000,75W,29,2026,7,16,0,16.4,118.4,100400.0,2026-07-16,2026-07-16,1004.0
20260716,000000,75W,29,2026,7,16,0,15.9,117.5,100200.0,2026-07-16,2026-07-16,1002.0
20260716,000000,75W,29,2026,7,16,0,16.1,117.2,100300.0,2026-07-16,2026-07-16,1003.0
20260716,000000,75W,29,2026,7,16,0,15.6,116.7,100200.0,2026-07-16,2026-07-16,1002.0
20260716,000000,75W,29,2026,7,16,0,16.7,115.3,100200.0,2026-07-16,2026-07-16,1002.0
20260716,000000,75W,29,2026,7,16,0,16.7,115.0,100000.0,2026-07-16,2026-07-16,1000.0
20260716,000000,75W,29,2026,7,16,0,16.5,116.60000000000001,100000.0,2026-07-16,2026-07-16,1000.0
20260716,000000,75W,29,2026,7,16,0,17.3,116.4,100000.0,2026-07-16,2026-07-16,1000.0
20260716,000000,75W,29,2026,7,16,0,18.1,116.10000000000001,99900.0,2026-07-16,2026-07-16,999.0
20260716,000000,75W,31,2026,7,16,0,14.200000000000001,138.0,100600.0,2026-07-16,2026-07-16,1006.0
20260716,000000,75W,31,2026,7,16,0,11.4,133.5,100500.0,2026-07-16,2026-07-16,1005.0
20260716,000000,75W,31,2026,7,16,0,11.6,133.0,100400.0,2026-07-16,2026-07-16,1004.0
20260716,000000,75W,31,2026,7,16,0,11.9,132.4,100500.0,2026-07-16,2026-07-16,1005.0
20260716,000000,75W,31,2026,7,16,0,12.5,132.1,100300.0,2026-07-16,2026-07-16,1003.0
20260716,000000,75W,31,2026,7,16,0,12.8,131.6,100500.0,2026-07-16,2026-07-16,1005.0
20260716,000000,75W,31,2026,7,16,0,13.3,130.7,100400.0,2026-07-16,2026-07-16,1004.0
20260716,000000,75W,31,2026,7,16,0,13.9,129.6,100200.0,2026-07-16,2026-07-16,1002.0
20260716,000000,75W,31,2026,7,16,0,15.0,128.8,100400.0,2026-07-16,2026-07-16,1004.0
20260716,000000,75W,31,2026,7,16,0,15.9,128.8,100300.0,2026-07-16,2026-07-16,1003.0
20260716,000000,75W,31,2026,7,16,0,15.9,127.4,100400.0,2026-07-16,2026-07-16,1004.0
20260716,000000,75W,33,2026,7,16,0,10.5,155.8,100300.0,2026-07-16,2026-07-16,1003.0
20260716,000000,75W,33,2026,7,16,0,9.4,154.1,100300.0,2026-07-16,2026-07-16,1003.0
20260716,000000,75W,33,2026,7,16,0,9.1,150.4,100400.0,2026-07-16,2026-07-16,1004.0
20260716,000000,75W,33,2026,7,16,0,12.8,147.0,100100.0,2026-07-16,2026-07-16,1001.0
20260716,000000,75W,33,2026,7,16,0,12.5,144.20000000000002,100300.0,2026-07-16,2026-07-16,1003.0
20260716,000000,75W,33,2026,7,16,0,12.8,144.5,99900.0,2026-07-16,2026-07-16,999.0
20260716,000000,75W,33,2026,7,16,0,13.9,144.0,100100.0,2026-07-16,2026-07-16,1001.0
20260716,000000,75W,33,2026,7,16,0,13.6,142.5,99800.0,2026-07-16,2026-07-16,998.0
20260716,000000,75W,33,2026,7,16,0,14.700000000000001,141.1,100000.0,2026-07-16,2026-07-16,1000.0
20260716,000000,75W,33,2026,7,16,0,15.0,140.0,99600.0,2026-07-16,2026-07-16,996.0
20260716,000000,75W,33,2026,7,16,0,15.3,139.5,99700.0,2026-07-16,2026-07-16,997.0
20260716,000000,75W,33,2026,7,16,0,16.7,138.0,99600.0,2026-07-16,2026-07-16,996.0
20260716,000000,75W,33,2026,7,16,0,16.4,135.5,99700.0,2026-07-16,2026-07-16,997.0
20260716,000000,75W,33,2026,7,16,0,15.9,133.8,99400.0,2026-07-16,2026-07-16,994.0
20260716,000000,75W,33,2026,7,16,0,17.0,132.7,99400.0,2026-07-16,2026-07-16,994.0
20260716,000000,75W,34,2026,7,16,0,17.6,118.9,100400.0,2026-07-16,2026-07-16,1004.0
20260716,000000,75W,34,2026,7,16,0,17.3,117.8,100400.0,2026-07-16,2026-07-16,1004.0
20260716,000000,75W,38,2026,7,16,0,15.9,133.3,99800.0,2026-07-16,2026-07-16,998.0
20260716,000000,75W,38,2026,7,16,0,16.7,132.7,99900.0,2026-07-16,2026-07-16,999.0
20260716,000000,75W,39,2026,7,16,0,34.2,138.6,100700.0,2026-07-16,2026-07-16,1007.0
20260716,000000,75W,39,2026,7,16,0,34.0,140.0,100500.0,2026-07-16,2026-07-16,1005.0
20260716,000000,75W,39,2026,7,16,0,33.9,140.0,100300.0,2026-07-16,2026-07-16,1003.0
20260716,000000,75W,39,2026,7,16,0,32.9,140.6,100100.0,2026-07-16,2026-07-16,1001.0
20260716,000000,75W,39,2026,7,16,0,32.8,141.1,100100.0,2026-07-16,2026-07-16,1001.0
20260716,000000,75W,39,2026,7,16,0,31.900000000000002,141.70000000000002,100000.0,2026-07-16,2026-07-16,1000.0
20260716,000000,75W,39,2026,7,16,0,31.8,142.6,100100.0,2026-07-16,2026-07-16,1001.0
20260716,000000,75W,39,2026,7,16,0,31.900000000000002,142.5,100100.0,2026-07-16,2026-07-16,1001.0
20260716,000000,75W,39,2026,7,16,0,31.900000000000002,143.1,100200.0,2026-07-16,2026-07-16,1002.0
20260716,000000,75W,39,2026,7,16,0,32.2,143.1,100400.0,2026-07-16,2026-07-16,1004.0
20260716,000000,75W,39,2026,7,16,0,32.8,143.4,100400.0,2026-07-16,2026-07-16,1004.0
20260716,000000,75W,39,2026,7,16,0,32.8,144.20000000000002,100600.0,2026-07-16,2026-07-16,1006.0
20260716,000000,75W,39,2026,7,16,0,33.0,143.70000000000002,100600.0,2026-07-16,2026-07-16,1006.0
20260716,000000,75W,40,2026,7,16,0,19.0,159.1,100500.0,2026-07-16,2026-07-16,1005.0
20260716,000000,75W,40,2026,7,16,0,19.5,156.3,100400.0,2026-07-16,2026-07-16,1004.0
20260716,000000,75W,40,2026,7,16,0,19.8,154.6,100500.0,2026-07-16,2026-07-16,1005.0
20260716,000000,75W,40,2026,7,16,0,19.5,153.8,100300.0,2026-07-16,2026-07-16,1003.0
20260716,000000,75W,40,2026,7,16,0,20.1,152.70000000000002,100500.0,2026-07-16,2026-07-16,1005.0
20260716,000000,75W,40,2026,7,16,0,19.5,151.8,100400.0,2026-07-16,2026-07-16,1004.0
20260716,000000,75W,40,2026,7,16,0,20.400000000000002,150.70000000000002,100300.0,2026-07-16,2026-07-16,1003.0
20260716,000000,75W,40,2026,7,16,0,20.400000000000002,149.6,100100.0,2026-07-16,2026-07-16,1001.0
20260716,000000,75W,40,2026,7,16,0,21.2,149.9,100200.0,2026-07-16,2026-07-16,1002.0
20260716,000000,75W,40,2026,7,16,0,20.7,149.3,100100.0,2026-07-16,2026-07-16,1001.0
20260716,000000,75W,40,2026,7,16,0,22.6,149.3,100200.0,2026-07-16,2026-07-16,1002.0
20260716,000000,75W,40,2026,7,16,0,21.5,146.8,100100.0,2026-07-16,2026-07-16,1001.0
20260716,000000,75W,40,2026,7,16,0,21.3,146.0,99800.0,2026-07-16,2026-07-16,998.0
20260716,000000,75W,40,2026,7,16,0,22.1,145.1,99700.0,2026-07-16,2026-07-16,997.0
20260716,000000,75W,41,2026,7,16,0,17.0,155.8,100200.0,2026-07-16,2026-07-16,1002.0
20260716,000000,75W,41,2026,7,16,0,19.2,154.4,100200.0,2026-07-16,2026-07-16,1002.0
20260716,000000,75W,41,2026,7,16,0,20.1,150.70000000000002,99600.0,2026-07-16,2026-07-16,996.0
20260716,000000,75W,45,2026,7,16,0,17.6,169.0,100600.0,2026-07-16,2026-07-16,1006.0
20260716,000000,75W,45,2026,7,16,0,17.8,168.4,100400.0,2026-07-16,2026-07-16,1004.0
20260716,000000,75W,45,2026,7,16,0,18.1,168.70000000000002,100500.0,2026-07-16,2026-07-16,1005.0
20260716,000000,75W,45,2026,7,16,0,17.6,168.70000000000002,100400.0,2026-07-16,2026-07-16,1004.0
20260716,000000,75W,45,2026,7,16,0,17.6,169.3,100400.0,2026-07-16,2026-07-16,1004.0
20260716,000000,75W,45,2026,7,16,0,17.8,169.3,100100.0,2026-07-16,2026-07-16,1001.0
20260716,000000,75W,45,2026,7,16,0,17.8,169.5,100100.0,2026-07-16,2026-07-16,1001.0
20260716,000000,75W,45,2026,7,16,0,17.6,169.3,99800.0,2026-07-16,2026-07-16,998.0
20260716,000000,75W,45,2026,7,16,0,17.3,169.3,99900.0,2026-07-16,2026-07-16,999.0
20260716,000000,75W,45,2026,7,16,0,17.3,169.3,99600.0,2026-07-16,2026-07-16,996.0
20260716,000000,75W,45,2026,7,16,0,16.4,168.70000000000002,99800.0,2026-07-16,2026-07-16,998.0
20260716,000000,75W,45,2026,7,16,0,16.7,169.0,99700.0,2026-07-16,2026-07-16,997.0
20260716,000000,75W,45,2026,7,16,0,17.3,169.3,99800.0,2026-07-16,2026-07-16,998.0
20260716,000000,75W,46,2026,7,16,0,17.8,165.0,99900.0,2026-07-16,2026-07-16,999.0
20260716,000000,75W,46,2026,7,16,0,17.6,162.5,99900.0,2026-07-16,2026-07-16,999.0
20260716,000000,75W,46,2026,7,16,0,17.0,162.0,99600.0,2026-07-16,2026-07-16,996.0
20260716,000000,75W,46,2026,7,16,0,18.7,160.5,99700.0,2026-07-16,2026-07-16,997.0
20260716,000000,75W,46,2026,7,16,0,18.7,160.0,99400.0,2026-07-16,2026-07-16,994.0
20260716,000000,75W,46,2026,7,16,0,18.1,159.4,99600.0,2026-07-16,2026-07-16,996.0
20260716,000000,75W,46,2026,7,16,0,17.8,160.0,99300.0,2026-07-16,2026-07-16,993.0
20260716,000000,75W,46,2026,7,16,0,18.400000000000002,160.0,99300.0,2026-07-16,2026-07-16,993.0
20260716,000000,75W,47,2026,7,16,0,14.5,122.0,100400.0,2026-07-16,2026-07-16,1004.0
20260716,000000,75W,47,2026,7,16,0,13.6,120.5,100300.0,2026-07-16,2026-07-16,1003.0
20260716,000000,75W,47,2026,7,16,0,15.0,119.8,100400.0,2026-07-16,2026-07-16,1004.0
20260716,000000,75W,47,2026,7,16,0,14.5,118.10000000000001,100200.0,2026-07-16,2026-07-16,1002.0
20260716,000000,75W,47,2026,7,16,0,15.0,118.10000000000001,100200.0,2026-07-16,2026-07-16,1002.0
20260716,000000,75W,47,2026,7,16,0,15.0,116.10000000000001,100000.0,2026-07-16,2026-07-16,1000.0
20260716,000000,75W,47,2026,7,16,0,16.1,113.9,100000.0,2026-07-16,2026-07-16,1000.0
20260716,000000,75W,47,2026,7,16,0,16.1,113.0,99800.0,2026-07-16,2026-07-16,998.0
20260716,000000,75W,47,2026,7,16,0,16.1,112.7,99700.0,2026-07-16,2026-07-16,997.0
20260716,000000,75W,47,2026,7,16,0,16.7,111.3,99500.0,2026-07-16,2026-07-16,995.0
20260716,000000,75W,47,2026,7,16,0,16.4,112.5,99500.0,2026-07-16,2026-07-16,995.0
20260716,000000,75W,47,2026,7,16,0,16.4,110.7,99400.0,2026-07-16,2026-07-16,994.0
20260716,000000,75W,47,2026,7,16,0,16.9,110.3,99300.0,2026-07-16,2026-07-16,993.0
20260716,000000,75W,47,2026,7,16,0,16.7,110.2,99300.0,2026-07-16,2026-07-16,993.0
20260716,000000,75W,47,2026,7,16,0,17.6,109.60000000000001,99100.0,2026-07-16,2026-07-16,991.0
20260716,000000,75W,47,2026,7,16,0,17.8,108.2,99300.0,2026-07-16,2026-07-16,993.0
20260716,000000,75W,47,2026,7,16,0,17.8,107.10000000000001,99100.0,2026-07-16,2026-07-16,991.0
20260716,000000,75W,47,2026,7,16,0,17.6,106.5,99500.0,2026-07-16,2026-07-16,995.0
20260716,000000,75W,47,2026,7,16,0,18.400000000000002,106.0,99800.0,2026-07-16,2026-07-16,998.0
20260716,000000,75W,47,2026,7,16,0,18.6,105.9,100000.0,2026-07-16,2026-07-16,1000.0
20260716,000000,75W,49,2026,7,16,0,10.200000000000001,149.6,100400.0,2026-07-16,2026-07-16,1004.0
20260716,000000,75W,49,2026,7,16,0,10.8,147.9,100400.0,2026-07-16,2026-07-16,1004.0
20260716,000000,75W,49,2026,7,16,0,11.1,147.0,100600.0,2026-07-16,2026-07-16,1006.0
20260716,000000,75W,49,2026,7,16,0,10.8,145.6,100300.0,2026-07-16,2026-07-16,1003.0
20260716,000000,75W,49,2026,7,16,0,10.200000000000001,141.4,100600.0,2026-07-16,2026-07-16,1006.0
20260716,000000,75W,49,2026,7,16,0,9.700000000000001,140.6,100300.0,2026-07-16,2026-07-16,1003.0
20260716,000000,75W,49,2026,7,16,0,9.4,139.5,100500.0,2026-07-16,2026-07-16,1005.0
20260716,000000,75W,49,2026,7,16,0,9.1,138.6,100300.0,2026-07-16,2026-07-16,1003.0
20260716,000000,75W,49,2026,7,16,0,9.1,137.20000000000002,100500.0,2026-07-16,2026-07-16,1005.0
20260716,000000,75W,49,2026,7,16,0,8.8,137.8,100300.0,2026-07-16,2026-07-16,1003.0
20260716,000000,75W,49,2026,7,16,0,10.0,139.5,100400.0,2026-07-16,2026-07-16,1004.0
20260716,000000,75W,49,2026,7,16,0,11.4,137.8,100700.0,2026-07-16,2026-07-16,1007.0
20260716,000000,75W,50,2026,7,16,0,13.9,128.7,100600.0,2026-07-16,2026-07-16,1006.0
20260716,000000,75W,50,2026,7,16,0,13.9,126.0,100600.0,2026-07-16,2026-07-16,1006.0
20260716,000000,75W,50,2026,7,16,0,13.3,124.5,100500.0,2026-07-16,2026-07-16,1005.0
20260716,000000,75W,50,2026,7,16,0,12.5,124.5,100400.0,2026-07-16,2026-07-16,1004.0
20260716,000000,75W,50,2026,7,16,0,12.8,123.4,100500.0,2026-07-16,2026-07-16,1005.0
20260716,000000,75W,50,2026,7,16,0,13.3,122.3,100400.0,2026-07-16,2026-07-16,1004.0
20260716,000000,75W,50,2026,7,16,0,11.9,122.60000000000001,100500.0,2026-07-16,2026-07-16,1005.0
20260716,000000,75W,50,2026,7,16,0,11.9,121.7,100500.0,2026-07-16,2026-07-16,1005.0
20260716,000000,75W,50,2026,7,16,0,12.200000000000001,122.3,100400.0,2026-07-16,2026-07-16,1004.0
20260716,000000,75W,50,2026,7,16,0,13.6,123.7,100500.0,2026-07-16,2026-07-16,1005.0
20260716,000000,75W,50,2026,7,16,0,12.5,122.9,100300.0,2026-07-16,2026-07-16,1003.0
20260716,000000,75W,50,2026,7,16,0,13.6,122.0,100300.0,2026-07-16,2026-07-16,1003.0
20260716,000000,75W,50,2026,7,16,0,13.3,122.3,100200.0,2026-07-16,2026-07-16,1002.0
20260716,000000,75W,50,2026,7,16,0,13.3,122.3,100400.0,2026-07-16,2026-07-16,1004.0
20260716,000000,75W,50,2026,7,16,0,13.3,122.3,100300.0,2026-07-16,2026-07-16,1003.0
20260716,000000,75W,50,2026,7,16,0,17.6,121.7,100300.0,2026-07-16,2026-07-16,1003.0
20260716,000000,75W,51,2026,7,16,0,7.4,169.3,100600.0,2026-07-16,2026-07-16,1006.0
20260716,000000,75W,51,2026,7,16,0,8.8,171.8,100600.0,2026-07-16,2026-07-16,1006.0
20260716,000000,75W,51,2026,7,16,0,7.4,170.4,100600.0,2026-07-16,2026-07-16,1006.0
20260716,000000,76W,1,2026,7,16,0,14.200000000000001,168.1,100800.0,2026-07-16,2026-07-16,1008.0
20260716,000000,76W,1,2026,7,16,0,14.200000000000001,165.6,100700.0,2026-07-16,2026-07-16,1007.0
20260716,000000,76W,1,2026,7,16,0,15.0,162.8,100500.0,2026-07-16,2026-07-16,1005.0
20260716,000000,76W,2,2026,7,16,0,10.8,172.4,100400.0,2026-07-16,2026-07-16,1004.0
20260716,000000,76W,2,2026,7,16,0,10.0,172.4,100200.0,2026-07-16,2026-07-16,1002.0
20260716,000000,76W,2,2026,7,16,0,11.1,171.6,100400.0,2026-07-16,2026-07-16,1004.0
20260716,000000,76W,2,2026,7,16,0,10.5,171.8,100200.0,2026-07-16,2026-07-16,1002.0
20260716,000000,76W,2,2026,7,16,0,9.4,174.0,100400.0,2026-07-16,2026-07-16,1004.0
20260716,000000,76W,4,2026,7,16,0,17.0,129.3,100200.0,2026-07-16,2026-07-16,1002.0
20260716,000000,76W,4,2026,7,16,0,17.6,127.9,100300.0,2026-07-16,2026-07-16,1003.0
20260716,000000,76W,4,2026,7,16,0,15.9,127.60000000000001,100300.0,2026-07-16,2026-07-16,1003.0
20260716,000000,76W,4,2026,7,16,0,17.0,126.0,100400.0,2026-07-16,2026-07-16,1004.0
20260716,000000,76W,4,2026,7,16,0,18.1,125.4,100300.0,2026-07-16,2026-07-16,1003.0
20260716,000000,76W,4,2026,7,16,0,18.400000000000002,124.5,100400.0,2026-07-16,2026-07-16,1004.0
20260716,000000,76W,4,2026,7,16,0,19.0,124.8,100400.0,2026-07-16,2026-07-16,1004.0
20260716,000000,76W,4,2026,7,16,0,19.8,123.7,100500.0,2026-07-16,2026-07-16,1005.0
20260716,000000,76W,4,2026,7,16,0,21.2,122.9,100600.0,2026-07-16,2026-07-16,1006.0
20260716,000000,76W,4,2026,7,16,0,20.400000000000002,122.60000000000001,100500.0,2026-07-16,2026-07-16,1005.0
20260716,000000,76W,4,2026,7,16,0,21.2,122.3,100400.0,2026-07-16,2026-07-16,1004.0
20260716,000000,76W,10,2026,7,16,0,13.9,154.9,100400.0,2026-07-16,2026-07-16,1004.0
20260716,000000,76W,10,2026,7,16,0,14.5,153.8,100600.0,2026-07-16,2026-07-16,1006.0
20260716,000000,76W,10,2026,7,16,0,15.9,154.1,100400.0,2026-07-16,2026-07-16,1004.0
20260716,000000,76W,10,2026,7,16,0,17.3,152.70000000000002,100400.0,2026-07-16,2026-07-16,1004.0
20260716,000000,76W,10,2026,7,16,0,17.3,152.1,100300.0,2026-07-16,2026-07-16,1003.0
20260716,000000,76W,10,2026,7,16,0,16.4,149.0,100400.0,2026-07-16,2026-07-16,1004.0
20260716,000000,76W,10,2026,7,16,0,15.9,148.5,100100.0,2026-07-16,2026-07-16,1001.0
20260716,000000,76W,10,2026,7,16,0,17.6,147.0,100200.0,2026-07-16,2026-07-16,1002.0
20260716,000000,76W,10,2026,7,16,0,17.6,146.8,99900.0,2026-07-16,2026-07-16,999.0
20260716,000000,76W,10,2026,7,16,0,17.6,146.8,100000.0,2026-07-16,2026-07-16,1000.0
20260716,000000,76W,10,2026,7,16,0,19.2,144.8,99900.0,2026-07-16,2026-07-16,999.0
20260716,000000,76W,14,2026,7,16,0,10.8,131.9,100400.0,2026-07-16,2026-07-16,1004.0
20260716,000000,76W,14,2026,7,16,0,10.8,132.4,100400.0,2026-07-16,2026-07-16,1004.0
20260716,000000,76W,16,2026,7,16,0,15.6,150.70000000000002,100200.0,2026-07-16,2026-07-16,1002.0
20260716,000000,76W,16,2026,7,16,0,15.3,148.70000000000002,100100.0,2026-07-16,2026-07-16,1001.0
20260716,000000,76W,16,2026,7,16,0,13.3,146.20000000000002,99800.0,2026-07-16,2026-07-16,998.0
20260716,000000,76W,16,2026,7,16,0,14.5,147.6,99400.0,2026-07-16,2026-07-16,994.0
20260716,000000,76W,16,2026,7,16,0,15.6,148.20000000000002,99700.0,2026-07-16,2026-07-16,997.0
20260716,000000,76W,16,2026,7,16,0,16.7,148.20000000000002,99500.0,2026-07-16,2026-07-16,995.0
20260716,000000,76W,16,2026,7,16,0,17.8,148.20000000000002,99700.0,2026-07-16,2026-07-16,997.0
20260716,000000,76W,21,2026,7,16,0,15.9,136.1,100400.0,2026-07-16,2026-07-16,1004.0
20260716,000000,76W,21,2026,7,16,0,15.9,135.5,100200.0,2026-07-16,2026-07-16,1002.0
20260716,000000,76W,21,2026,7,16,0,15.9,134.4,100400.0,2026-07-16,2026-07-16,1004.0
20260716,000000,76W,21,2026,7,16,0,14.700000000000001,134.1,100100.0,2026-07-16,2026-07-16,1001.0
20260716,000000,76W,21,2026,7,16,0,14.200000000000001,135.0,100200.0,2026-07-16,2026-07-16,1002.0
20260716,000000,76W,21,2026,7,16,0,14.200000000000001,135.8,99900.0,2026-07-16,2026-07-16,999.0
20260716,000000,76W,21,2026,7,16,0,14.5,136.6,100000.0,2026-07-16,2026-07-16,1000.0
20260716,000000,76W,23,2026,7,16,0,17.6,142.8,100100.0,2026-07-16,2026-07-16,1001.0
20260716,000000,76W,23,2026,7,16,0,18.400000000000002,141.4,99900.0,2026-07-16,2026-07-16,999.0
20260716,000000,76W,23,2026,7,16,0,20.1,142.0,99900.0,2026-07-16,2026-07-16,999.0
20260716,000000,76W,29,2026,7,16,0,8.8,174.9,100400.0,2026-07-16,2026-07-16,1004.0
20260716,000000,76W,29,2026,7,16,0,8.5,172.9,100600.0,2026-07-16,2026-07-16,1006.0
20260716,000000,76W,29,2026,7,16,0,9.700000000000001,171.0,100400.0,2026-07-16,2026-07-16,1004.0
20260716,000000,76W,29,2026,7,16,0,9.1,170.1,100500.0,2026-07-16,2026-07-16,1005.0
20260716,000000,76W,29,2026,7,16,0,8.5,169.5,100400.0,2026-07-16,2026-07-16,1004.0
20260716,000000,76W,29,2026,7,16,0,8.8,167.6,100500.0,2026-07-16,2026-07-16,1005.0
20260716,000000,76W,29,2026,7,16,0,9.1,167.3,100200.0,2026-07-16,2026-07-16,1002.0
20260716,000000,76W,29,2026,7,16,0,8.8,166.5,100200.0,2026-07-16,2026-07-16,1002.0
20260716,000000,76W,29,2026,7,16,0,8.8,166.5,99900.0,2026-07-16,2026-07-16,999.0
20260716,000000,76W,29,2026,7,16,0,10.0,164.5,99900.0,2026-07-16,2026-07-16,999.0
20260716,000000,76W,29,2026,7,16,0,11.4,164.5,100000.0,2026-07-16,2026-07-16,1000.0
20260716,000000,76W,31,2026,7,16,0,15.0,113.3,100500.0,2026-07-16,2026-07-16,1005.0
20260716,000000,76W,31,2026,7,16,0,15.3,113.9,100400.0,2026-07-16,2026-07-16,1004.0
20260716,000000,76W,31,2026,7,16,0,15.0,114.10000000000001,100300.0,2026-07-16,2026-07-16,1003.0
20260716,000000,76W,31,2026,7,16,0,15.1,112.10000000000001,100300.0,2026-07-16,2026-07-16,1003.0
20260716,000000,76W,33,2026,7,16,0,9.4,150.4,100300.0,2026-07-16,2026-07-16,1003.0
20260716,000000,76W,33,2026,7,16,0,10.8,151.8,100200.0,2026-07-16,2026-07-16,1002.0
20260716,000000,76W,34,2026,7,16,0,8.0,173.5,100200.0,2026-07-16,2026-07-16,1002.0
20260716,000000,76W,34,2026,7,16,0,7.4,171.0,100400.0,2026-07-16,2026-07-16,1004.0
20260716,000000,76W,34,2026,7,16,0,7.4,171.0,100200.0,2026-07-16,2026-07-16,1002.0
20260716,000000,76W,34,2026,7,16,0,8.5,172.6,100200.0,2026-07-16,2026-07-16,1002.0
20260716,000000,76W,39,2026,7,16,0,11.6,171.5,100600.0,2026-07-16,2026-07-16,1006.0
20260716,000000,76W,39,2026,7,16,0,10.8,171.5,100700.0,2026-07-16,2026-07-16,1007.0
20260716,000000,76W,39,2026,7,16,0,12.5,169.0,100700.0,2026-07-16,2026-07-16,1007.0
20260716,000000,76W,39,2026,7,16,0,15.3,165.9,100500.0,2026-07-16,2026-07-16,1005.0
20260716,000000,76W,40,2026,7,16,0,13.9,111.60000000000001,100300.0,2026-07-16,2026-07-16,1003.0
20260716,000000,76W,40,2026,7,16,0,13.9,111.60000000000001,100300.0,2026-07-16,2026-07-16,1003.0
20260716,000000,76W,40,2026,7,16,0,13.9,110.2,100300.0,2026-07-16,2026-07-16,1003.0
20260716,000000,76W,40,2026,7,16,0,13.3,110.5,100100.0,2026-07-16,2026-07-16,1001.0
20260716,000000,76W,40,2026,7,16,0,14.200000000000001,111.0,100100.0,2026-07-16,2026-07-16,1001.0
20260716,000000,76W,40,2026,7,16,0,14.5,110.8,100100.0,2026-07-16,2026-07-16,1001.0
20260716,000000,76W,47,2026,7,16,0,10.200000000000001,154.6,100400.0,2026-07-16,2026-07-16,1004.0
20260716,000000,76W,47,2026,7,16,0,8.0,151.3,100700.0,2026-07-16,2026-07-16,1007.0
20260716,000000,76W,47,2026,7,16,0,7.1000000000000005,150.1,100500.0,2026-07-16,2026-07-16,1005.0
20260716,000000,76W,50,2026,7,16,0,34.7,138.6,100400.0,2026-07-16,2026-07-16,1004.0
20260716,000000,76W,50,2026,7,16,0,35.9,141.4,100400.0,2026-07-16,2026-07-16,1004.0
20260716,000000,76W,50,2026,7,16,0,35.9,141.1,100500.0,2026-07-16,2026-07-16,1005.0
20260716,000000,76W,50,2026,7,16,0,36.4,141.70000000000002,100500.0,2026-07-16,2026-07-16,1005.0
20260716,000000,76W,50,2026,7,16,0,37.6,142.0,100700.0,2026-07-16,2026-07-16,1007.0
20260716,000000,76W,50,2026,7,16,0,38.1,141.70000000000002,100700.0,2026-07-16,2026-07-16,1007.0
20260716,000000,76W,50,2026,7,16,0,39.0,141.70000000000002,100800.0,2026-07-16,2026-07-16,1008.0
20260716,000000,76W,50,2026,7,16,0,40.7,141.70000000000002,100900.0,2026-07-16,2026-07-16,1009.0
20260716,000000,76W,51,2026,7,16,0,13.3,166.70000000000002,100500.0,2026-07-16,2026-07-16,1005.0
20260716,000000,76W,51,2026,7,16,0,12.8,166.20000000000002,100200.0,2026-07-16,2026-07-16,1002.0
20260716,000000,76W,51,2026,7,16,0,12.5,165.3,100400.0,2026-07-16,2026-07-16,1004.0
20260716,000000,76W,51,2026,7,16,0,13.0,164.5,100200.0,2026-07-16,2026-07-16,1002.0
20260716,000000,76W,51,2026,7,16,0,15.0,162.20000000000002,100300.0,2026-07-16,2026-07-16,1003.0
20260716,000000,76W,51,2026,7,16,0,15.3,160.5,100100.0,2026-07-16,2026-07-16,1001.0
20260716,000000,76W,51,2026,7,16,0,15.3,159.70000000000002,100200.0,2026-07-16,2026-07-16,1002.0
20260716,000000,76W,51,2026,7,16,0,16.7,158.0,100000.0,2026-07-16,2026-07-16,1000.0
20260716,000000,76W,51,2026,7,16,0,17.3,159.70000000000002,99800.0,2026-07-16,2026-07-16,998.0
20260716,000000,76W,51,2026,7,16,0,19.2,161.70000000000002,99800.0,2026-07-16,2026-07-16,998.0
20260716,000000,76W,51,2026,7,16,0,21.2,160.5,99500.0,2026-07-16,2026-07-16,995.0
20260716,000000,76W,51,2026,7,16,0,21.8,160.3,99600.0,2026-07-16,2026-07-16,996.0
20260716,000000,77W,2,2026,7,16,0,16.0,147.1,100300.0,2026-07-16,2026-07-16,1003.0
20260716,000000,77W,2,2026,7,16,0,18.400000000000002,144.20000000000002,100400.0,2026-07-16,2026-07-16,1004.0
20260716,000000,77W,2,2026,7,16,0,17.6,143.1,100200.0,2026-07-16,2026-07-16,1002.0
20260716,000000,77W,2,2026,7,16,0,17.6,141.1,100200.0,2026-07-16,2026-07-16,1002.0
20260716,000000,77W,2,2026,7,16,0,17.0,139.70000000000002,100000.0,2026-07-16,2026-07-16,1000.0
20260716,000000,77W,2,2026,7,16,0,15.6,138.6,100200.0,2026-07-16,2026-07-16,1002.0
20260716,000000,77W,2,2026,7,16,0,16.1,136.9,99900.0,2026-07-16,2026-07-16,999.0
20260716,000000,77W,2,2026,7,16,0,15.6,135.5,100000.0,2026-07-16,2026-07-16,1000.0
20260716,000000,77W,2,2026,7,16,0,14.5,134.1,99700.0,2026-07-16,2026-07-16,997.0
20260716,000000,77W,2,2026,7,16,0,15.0,134.4,99800.0,2026-07-16,2026-07-16,998.0
20260716,000000,77W,2,2026,7,16,0,16.1,134.7,99400.0,2026-07-16,2026-07-16,994.0
20260716,000000,77W,2,2026,7,16,0,17.0,134.4,99700.0,2026-07-16,2026-07-16,997.0
20260716,000000,77W,2,2026,7,16,0,17.6,133.8,99400.0,2026-07-16,2026-07-16,994.0
20260716,000000,77W,2,2026,7,16,0,19.2,134.1,99600.0,2026-07-16,2026-07-16,996.0
20260716,000000,77W,2,2026,7,16,0,20.1,132.7,99500.0,2026-07-16,2026-07-16,995.0
20260716,000000,77W,2,2026,7,16,0,20.400000000000002,131.6,99500.0,2026-07-16,2026-07-16,995.0
20260716,000000,77W,2,2026,7,16,0,20.7,129.6,99300.0,2026-07-16,2026-07-16,993.0
20260716,000000,77W,2,2026,7,16,0,20.400000000000002,128.8,99400.0,2026-07-16,2026-07-16,994.0
20260716,000000,77W,4,2026,7,16,0,19.2,149.0,100800.0,2026-07-16,2026-07-16,1008.0
20260716,000000,77W,4,2026,7,16,0,19.5,147.6,100700.0,2026-07-16,2026-07-16,1007.0
20260716,000000,77W,4,2026,7,16,0,19.2,146.20000000000002,100900.0,2026-07-16,2026-07-16,1009.0
20260716,000000,77W,4,2026,7,16,0,19.0,144.5,100700.0,2026-07-16,2026-07-16,1007.0
20260716,000000,77W,4,2026,7,16,0,19.2,143.1,100700.0,2026-07-16,2026-07-16,1007.0
20260716,000000,77W,4,2026,7,16,0,19.5,142.3,100600.0,2026-07-16,2026-07-16,1006.0
20260716,000000,77W,4,2026,7,16,0,19.2,140.6,100700.0,2026-07-16,2026-07-16,1007.0
20260716,000000,77W,4,2026,7,16,0,18.400000000000002,138.6,100400.0,2026-07-16,2026-07-16,1004.0
20260716,000000,77W,4,2026,7,16,0,18.400000000000002,138.0,100400.0,2026-07-16,2026-07-16,1004.0
20260716,000000,77W,4,2026,7,16,0,17.8,136.6,100100.0,2026-07-16,2026-07-16,1001.0
20260716,000000,77W,4,2026,7,16,0,17.6,136.1,99900.0,2026-07-16,2026-07-16,999.0
20260716,000000,77W,4,2026,7,16,0,17.3,135.2,99400.0,2026-07-16,2026-07-16,994.0
20260716,000000,77W,4,2026,7,16,0,16.7,134.7,99200.0,2026-07-16,2026-07-16,992.0
20260716,000000,77W,14,2026,7,16,0,11.9,129.3,100500.0,2026-07-16,2026-07-16,1005.0
20260716,000000,77W,14,2026,7,16,0,11.4,127.60000000000001,100300.0,2026-07-16,2026-07-16,1003.0
20260716,000000,77W,14,2026,7,16,0,11.4,127.4,100300.0,2026-07-16,2026-07-16,1003.0
20260716,000000,77W,14,2026,7,16,0,12.200000000000001,128.2,100400.0,2026-07-16,2026-07-16,1004.0
20260716,000000,77W,14,2026,7,16,0,14.5,127.10000000000001,100300.0,2026-07-16,2026-07-16,1003.0
20260716,000000,77W,14,2026,7,16,0,16.1,125.10000000000001,100300.0,2026-07-16,2026-07-16,1003.0
20260716,000000,77W,14,2026,7,16,0,15.9,124.3,100200.0,2026-07-16,2026-07-16,1002.0
20260716,000000,77W,14,2026,7,16,0,16.5,123.0,100300.0,2026-07-16,2026-07-16,1003.0
20260716,000000,77W,14,2026,7,16,0,18.400000000000002,120.3,100300.0,2026-07-16,2026-07-16,1003.0
20260716,000000,77W,14,2026,7,16,0,18.7,119.8,100300.0,2026-07-16,2026-07-16,1003.0
20260716,000000,77W,14,2026,7,16,0,19.0,118.9,100200.0,2026-07-16,2026-07-16,1002.0
20260716,000000,77W,14,2026,7,16,0,19.0,118.9,100300.0,2026-07-16,2026-07-16,1003.0
20260716,000000,77W,16,2026,7,16,0,15.6,150.70000000000002,100200.0,2026-07-16,2026-07-16,1002.0
20260716,000000,77W,16,2026,7,16,0,15.0,147.0,99800.0,2026-07-16,2026-07-16,998.0
20260716,000000,77W,16,2026,7,16,0,17.0,144.5,99700.0,2026-07-16,2026-07-16,997.0
20260716,000000,77W,16,2026,7,16,0,17.3,144.20000000000002,99600.0,2026-07-16,2026-07-16,996.0
20260716,000000,77W,16,2026,7,16,0,18.400000000000002,144.20000000000002,99100.0,2026-07-16,2026-07-16,991.0
20260716,000000,77W,16,2026,7,16,0,19.0,144.0,99300.0,2026-07-16,2026-07-16,993.0
20260716,000000,77W,33,2026,7,16,0,20.1,140.3,100400.0,2026-07-16,2026-07-16,1004.0
20260716,000000,77W,33,2026,7,16,0,20.900000000000002,139.20000000000002,100300.0,2026-07-16,2026-07-16,1003.0
20260716,000000,77W,33,2026,7,16,0,22.7,136.3,100000.0,2026-07-16,2026-07-16,1000.0
20260716,000000,77W,33,2026,7,16,0,23.5,135.0,100100.0,2026-07-16,2026-07-16,1001.0
20260716,000000,77W,33,2026,7,16,0,23.2,133.5,99800.0,2026-07-16,2026-07-16,998.0
20260716,000000,77W,33,2026,7,16,0,24.0,132.3,99700.0,2026-07-16,2026-07-16,997.0
20260716,000000,77W,33,2026,7,16,0,24.2,130.6,99500.0,2026-07-16,2026-07-16,995.0
20260716,000000,77W,33,2026,7,16,0,24.900000000000002,129.3,99400.0,2026-07-16,2026-07-16,994.0
20260716,000000,77W,33,2026,7,16,0,25.1,128.2,99500.0,2026-07-16,2026-07-16,995.0
20260716,000000,77W,33,2026,7,16,0,25.7,127.4,99500.0,2026-07-16,2026-07-16,995.0
20260716,000000,77W,33,2026,7,16,0,26.6,125.7,99300.0,2026-07-16,2026-07-16,993.0
20260716,000000,77W,33,2026,7,16,0,27.1,124.8,99500.0,2026-07-16,2026-07-16,995.0
20260716,000000,77W,40,2026,7,16,0,10.0,144.5,100300.0,2026-07-16,2026-07-16,1003.0
20260716,000000,77W,40,2026,7,16,0,11.1,144.8,100500.0,2026-07-16,2026-07-16,1005.0
20260716,000000,77W,40,2026,7,16,0,10.0,144.0,100200.0,2026-07-16,2026-07-16,1002.0
20260716,000000,77W,40,2026,7,16,0,9.700000000000001,143.70000000000002,100100.0,2026-07-16,2026-07-16,1001.0
20260716,000000,77W,47,2026,7,16,0,10.0,158.0,100400.0,2026-07-16,2026-07-16,1004.0
20260716,000000,77W,47,2026,7,16,0,9.4,159.5,100500.0,2026-07-16,2026-07-16,1005.0
20260716,000000,77W,47,2026,7,16,0,10.0,160.0,100200.0,2026-07-16,2026-07-16,1002.0
20260716,000000,77W,47,2026,7,16,0,10.8,159.70000000000002,100400.0,2026-07-16,2026-07-16,1004.0
20260716,000000,77W,47,2026,7,16,0,11.1,158.9,100200.0,2026-07-16,2026-07-16,1002.0
20260716,000000,77W,47,2026,7,16,0,11.9,158.3,100400.0,2026-07-16,2026-07-16,1004.0
20260716,000000,77W,47,2026,7,16,0,11.9,158.0,100100.0,2026-07-16,2026-07-16,1001.0
20260716,000000,77W,47,2026,7,16,0,12.5,158.3,100300.0,2026-07-16,2026-07-16,1003.0
20260716,000000,77W,47,2026,7,16,0,13.3,158.0,100100.0,2026-07-16,2026-07-16,1001.0
20260716,000000,77W,47,2026,7,16,0,13.3,158.9,100000.0,2026-07-16,2026-07-16,1000.0
20260716,000000,77W,47,2026,7,16,0,14.200000000000001,157.70000000000002,99900.0,2026-07-16,2026-07-16,999.0
20260716,000000,77W,47,2026,7,16,0,13.9,156.0,99600.0,2026-07-16,2026-07-16,996.0
20260716,000000,77W,47,2026,7,16,0,13.9,155.8,99300.0,2026-07-16,2026-07-16,993.0
20260716,000000,77W,47,2026,7,16,0,14.200000000000001,154.9,99200.0,2026-07-16,2026-07-16,992.0
20260716,000000,77W,47,2026,7,16,0,14.5,154.6,98800.0,2026-07-16,2026-07-16,988.0
20260716,000000,77W,47,2026,7,16,0,15.0,154.6,99100.0,2026-07-16,2026-07-16,991.0
20260716,000000,77W,47,2026,7,16,0,15.3,154.4,98700.0,2026-07-16,2026-07-16,987.0
20260716,000000,77W,47,2026,7,16,0,15.9,154.1,98600.0,2026-07-16,2026-07-16,986.0
20260716,000000,77W,47,2026,7,16,0,16.2,153.3,98400.0,2026-07-16,2026-07-16,984.0
20260716,000000,77W,47,2026,7,16,0,16.4,152.70000000000002,98300.0,2026-07-16,2026-07-16,983.0
20260716,000000,77W,47,2026,7,16,0,16.7,152.70000000000002,97900.0,2026-07-16,2026-07-16,979.0
20260716,000000,77W,47,2026,7,16,0,17.6,152.70000000000002,97300.0,2026-07-16,2026-07-16,973.0
20260716,000000,77W,50,2026,7,16,0,14.5,141.70000000000002,100400.0,2026-07-16,2026-07-16,1004.0
20260716,000000,77W,50,2026,7,16,0,13.6,139.5,100100.0,2026-07-16,2026-07-16,1001.0
20260716,000000,77W,50,2026,7,16,0,12.200000000000001,141.4,100000.0,2026-07-16,2026-07-16,1000.0
20260716,000000,77W,50,2026,7,16,0,14.5,141.6,100200.0,2026-07-16,2026-07-16,1002.0
20260716,000000,77W,50,2026,7,16,0,14.5,141.9,100000.0,2026-07-16,2026-07-16,1000.0
20260716,000000,77W,50,2026,7,16,0,14.200000000000001,140.6,100100.0,2026-07-16,2026-07-16,1001.0
20260716,000000,77W,51,2026,7,16,0,13.9,138.3,100500.0,2026-07-16,2026-07-16,1005.0
20260716,000000,77W,51,2026,7,16,0,13.6,133.5,100400.0,2026-07-16,2026-07-16,1004.0
20260716,000000,77W,51,2026,7,16,0,14.200000000000001,131.9,100500.0,2026-07-16,2026-07-16,1005.0
20260716,000000,77W,51,2026,7,16,0,15.6,134.1,100300.0,2026-07-16,2026-07-16,1003.0
20260716,000000,77W,51,2026,7,16,0,15.0,132.4,99700.0,2026-07-16,2026-07-16,997.0
20260716,000000,77W,51,2026,7,16,0,15.6,132.1,99900.0,2026-07-16,2026-07-16,999.0
20260716,000000,77W,51,2026,7,16,0,15.9,131.3,99500.0,2026-07-16,2026-07-16,995.0
20260716,000000,77W,51,2026,7,16,0,16.1,130.7,99500.0,2026-07-16,2026-07-16,995.0
20260716,000000,77W,51,2026,7,16,0,16.4,130.5,99100.0,2026-07-16,2026-07-16,991.0
20260716,000000,77W,51,2026,7,16,0,17.3,129.9,99400.0,2026-07-16,2026-07-16,994.0
20260716,000000,78W,2,2026,7,16,0,9.700000000000001,169.8,100400.0,2026-07-16,2026-07-16,1004.0
20260716,000000,78W,2,2026,7,16,0,9.700000000000001,169.8,100200.0,2026-07-16,2026-07-16,1002.0
20260716,000000,78W,2,2026,7,16,0,10.0,169.5,100400.0,2026-07-16,2026-07-16,1004.0
20260716,000000,78W,2,2026,7,16,0,10.0,169.3,100100.0,2026-07-16,2026-07-16,1001.0
20260716,000000,78W,2,2026,7,16,0,11.4,168.70000000000002,100200.0,2026-07-16,2026-07-16,1002.0
20260716,000000,78W,2,2026,7,16,0,13.0,167.6,100000.0,2026-07-16,2026-07-16,1000.0
20260716,000000,78W,2,2026,7,16,0,14.200000000000001,167.0,100100.0,2026-07-16,2026-07-16,1001.0
20260716,000000,78W,2,2026,7,16,0,15.6,166.20000000000002,99800.0,2026-07-16,2026-07-16,998.0
20260716,000000,78W,2,2026,7,16,0,17.0,163.9,99900.0,2026-07-16,2026-07-16,999.0
20260716,000000,78W,2,2026,7,16,0,18.0,163.5,99800.0,2026-07-16,2026-07-16,998.0
20260716,000000,78W,2,2026,7,16,0,18.1,162.5,99700.0,2026-07-16,2026-07-16,997.0
20260716,000000,78W,2,2026,7,16,0,19.2,162.0,99400.0,2026-07-16,2026-07-16,994.0
20260716,000000,78W,2,2026,7,16,0,19.5,161.70000000000002,99600.0,2026-07-16,2026-07-16,996.0
20260716,000000,78W,16,2026,7,16,0,16.4,174.9,100000.0,2026-07-16,2026-07-16,1000.0
20260716,000000,78W,16,2026,7,16,0,17.6,173.8,100100.0,2026-07-16,2026-07-16,1001.0
20260716,000000,78W,16,2026,7,16,0,18.400000000000002,173.20000000000002,99900.0,2026-07-16,2026-07-16,999.0
20260716,000000,78W,16,2026,7,16,0,19.2,172.1,99900.0,2026-07-16,2026-07-16,999.0
20260716,000000,78W,47,2026,7,16,0,10.200000000000001,177.4,100700.0,2026-07-16,2026-07-16,1007.0
20260716,000000,78W,47,2026,7,16,0,8.3,174.9,100500.0,2026-07-16,2026-07-16,1005.0
20260716,000000,78W,47,2026,7,16,0,8.3,174.9,100500.0,2026-07-16,2026-07-16,1005.0
20260716,000000,78W,47,2026,7,16,0,6.5,176.6,100500.0,2026-07-16,2026-07-16,1005.0
20260716,000000,78W,47,2026,7,16,0,6.3,176.3,100400.0,2026-07-16,2026-07-16,1004.0
20260716,000000,78W,47,2026,7,16,0,7.4,175.5,100500.0,2026-07-16,2026-07-16,1005.0
20260716,000000,78W,47,2026,7,16,0,8.5,177.1,100500.0,2026-07-16,2026-07-16,1005.0
20260716,000000,78W,50,2026,7,16,0,17.3,118.10000000000001,100200.0,2026-07-16,2026-07-16,1002.0
20260716,000000,78W,50,2026,7,16,0,17.6,116.7,100300.0,2026-07-16,2026-07-16,1003.0
20260716,000000,78W,50,2026,7,16,0,17.6,116.4,100200.0,2026-07-16,2026-07-16,1002.0
20260716,000000,78W,50,2026,7,16,0,17.0,116.10000000000001,100300.0,2026-07-16,2026-07-16,1003.0
20260716,000000,78W,50,2026,7,16,0,17.0,114.7,100300.0,2026-07-16,2026-07-16,1003.0
20260716,000000,78W,50,2026,7,16,0,17.6,115.8,100300.0,2026-07-16,2026-07-16,1003.0
20260716,000000,78W,51,2026,7,16,0,16.1,154.4,99700.0,2026-07-16,2026-07-16,997.0
20260716,000000,78W,51,2026,7,16,0,16.1,153.8,99800.0,2026-07-16,2026-07-16,998.0
20260716,000000,78W,51,2026,7,16,0,15.0,153.8,99400.0,2026-07-16,2026-07-16,994.0
20260716,000000,78W,51,2026,7,16,0,16.0,153.9,99400.0,2026-07-16,2026-07-16,994.0
20260716,000000,78W,51,2026,7,16,0,17.0,154.4,99100.0,2026-07-16,2026-07-16,991.0
20260716,000000,79W,16,2026,7,16,0,20.900000000000002,161.1,100300.0,2026-07-16,2026-07-16,1003.0
20260716,000000,79W,16,2026,7,16,0,22.1,158.9,99900.0,2026-07-16,2026-07-16,999.0
20260716,000000,79W,47,2026,7,16,0,12.5,180.0,100500.0,2026-07-16,2026-07-16,1005.0
20260716,000000,79W,47,2026,7,16,0,13.3,178.0,100400.0,2026-07-16,2026-07-16,1004.0
20260716,000000,79W,47,2026,7,16,0,13.3,176.0,100300.0,2026-07-16,2026-07-16,1003.0
20260716,000000,79W,47,2026,7,16,0,13.3,174.3,100300.0,2026-07-16,2026-07-16,1003.0
20260716,000000,79W,47,2026,7,16,0,13.6,172.9,100200.0,2026-07-16,2026-07-16,1002.0
20260716,000000,79W,47,2026,7,16,0,14.200000000000001,171.5,100100.0,2026-07-16,2026-07-16,1001.0
20260716,000000,80W,47,2026,7,16,0,10.200000000000001,178.0,100500.0,2026-07-16,2026-07-16,1005.0
20260716,000000,80W,47,2026,7,16,0,11.9,176.9,100400.0,2026-07-16,2026-07-16,1004.0
20260716,000000,80W,47,2026,7,16,0,12.8,175.5,100500.0,2026-07-16,2026-07-16,1005.0
20260716,000000,80W,47,2026,7,16,0,13.3,173.20000000000002,100400.0,2026-07-16,2026-07-16,1004.0
20260716,000000,80W,47,2026,7,16,0,13.9,172.6,100500.0,2026-07-16,2026-07-16,1005.0
